,id,length,garment
0,tshirt_shape14_104_11,135,tshirt
1,tshirt_shape08_128_02,42,tshirt
2,tshirt_shape14_128_03,42,tshirt
3,tshirt_shape03_91_61,91,tshirt
4,tshirt_shape10_46_01,155,tshirt
5,tshirt_shape04_111_37,82,tshirt
6,tshirt_shape03_108_12,35,tshirt
7,tshirt_shape11_128_03,42,tshirt
8,tshirt_shape15_104_53,75,tshirt
9,tshirt_shape05_128_04,35,tshirt
10,tshirt_shape11_144_28,133,tshirt
11,tshirt_shape08_91_33,203,tshirt
12,tshirt_shape13_105_05,181,tshirt
13,tshirt_shape13_128_03,42,tshirt
14,tshirt_shape14_135_07,173,tshirt
15,tshirt_shape11_108_20,70,tshirt
16,tshirt_shape13_111_14,121,tshirt
17,tshirt_shape15_91_62,151,tshirt
18,tshirt_shape00_76_11,129,tshirt
19,tshirt_shape14_91_33,203,tshirt
20,tshirt_shape15_108_18,62,tshirt
21,tshirt_shape13_111_37,82,tshirt
22,tshirt_shape14_128_04,35,tshirt
23,tshirt_shape12_91_36,151,tshirt
24,tshirt_shape02_144_28,133,tshirt
25,tshirt_shape03_128_04,35,tshirt
26,tshirt_shape14_26_11,138,tshirt
27,tshirt_shape03_40_12,151,tshirt
28,tshirt_shape03_111_05,121,tshirt
29,tshirt_shape00_108_22,116,tshirt
30,tshirt_shape02_128_05,53,tshirt
31,tshirt_shape11_46_01,155,tshirt
32,tshirt_shape15_111_05,121,tshirt
33,tshirt_shape04_91_62,151,tshirt
34,tshirt_shape08_111_20,106,tshirt
35,tshirt_shape06_111_37,82,tshirt
36,tshirt_shape14_02_04,121,tshirt
37,tshirt_shape11_111_02,106,tshirt
38,tshirt_shape04_91_19,181,tshirt
39,tshirt_shape06_02_05,121,tshirt
40,tshirt_shape01_91_62,151,tshirt
41,tshirt_shape08_91_19,181,tshirt
42,tshirt_shape04_132_54,181,tshirt
43,tshirt_shape02_91_33,203,tshirt
44,tshirt_shape02_40_12,151,tshirt
45,tshirt_shape12_144_26,151,tshirt
46,tshirt_shape13_135_07,173,tshirt
47,tshirt_shape02_108_17,58,tshirt
48,tshirt_shape02_91_12,196,tshirt
49,tshirt_shape09_135_07,173,tshirt
50,tshirt_shape06_128_02,42,tshirt
51,tshirt_shape14_108_11,62,tshirt
52,tshirt_shape05_104_04,50,tshirt
53,tshirt_shape05_111_20,106,tshirt
54,tshirt_shape12_108_17,58,tshirt
55,tshirt_shape07_135_07,173,tshirt
56,tshirt_shape15_144_26,151,tshirt
57,tshirt_shape10_26_11,138,tshirt
58,tshirt_shape16_104_11,135,tshirt
59,tshirt_shape07_91_33,203,tshirt
60,tshirt_shape10_05_20,274,tshirt
61,tshirt_shape10_108_18,62,tshirt
62,tshirt_shape05_91_38,115,tshirt
63,tshirt_shape01_111_37,82,tshirt
64,tshirt_shape08_135_09,166,tshirt
65,tshirt_shape11_76_11,129,tshirt
66,tshirt_shape05_02_05,121,tshirt
67,tshirt_shape06_128_07,87,tshirt
68,tshirt_shape12_135_07,173,tshirt
69,tshirt_shape03_91_62,151,tshirt
70,tshirt_shape09_128_05,53,tshirt
71,tshirt_shape12_104_04,50,tshirt
72,tshirt_shape06_108_16,89,tshirt
73,tshirt_shape05_104_17,117,tshirt
74,tshirt_shape15_91_12,196,tshirt
75,tshirt_shape16_49_04,63,tshirt
76,tshirt_shape16_111_20,106,tshirt
77,tshirt_shape06_49_04,63,tshirt
78,tshirt_shape15_73_09,151,tshirt
79,tshirt_shape01_108_27,105,tshirt
80,tshirt_shape05_108_17,58,tshirt
81,tshirt_shape10_108_16,89,tshirt
82,tshirt_shape07_108_22,116,tshirt
83,tshirt_shape03_132_54,181,tshirt
84,tshirt_shape02_108_20,70,tshirt
85,tshirt_shape12_108_16,89,tshirt
86,tshirt_shape01_49_04,63,tshirt
87,tshirt_shape00_128_05,53,tshirt
88,tshirt_shape05_54_24,211,tshirt
89,tshirt_shape06_55_12,151,tshirt
90,tshirt_shape05_111_02,106,tshirt
91,tshirt_shape14_144_26,151,tshirt
92,tshirt_shape09_111_14,121,tshirt
93,tshirt_shape00_91_61,91,tshirt
94,tshirt_shape02_104_11,135,tshirt
95,tshirt_shape13_108_12,35,tshirt
96,tshirt_shape01_63_25,154,tshirt
97,tshirt_shape12_108_12,35,tshirt
98,tshirt_shape05_91_61,91,tshirt
99,tshirt_shape10_91_61,91,tshirt
100,tshirt_shape14_40_12,151,tshirt
101,tshirt_shape05_40_12,151,tshirt
102,tshirt_shape13_55_12,151,tshirt
103,tshirt_shape02_13_13,110,tshirt
104,tshirt_shape01_144_26,151,tshirt
105,tshirt_shape11_63_25,154,tshirt
106,tshirt_shape00_131_03,276,tshirt
107,tshirt_shape11_91_38,115,tshirt
108,tshirt_shape16_108_22,116,tshirt
109,tshirt_shape11_91_12,196,tshirt
110,tshirt_shape11_108_11,62,tshirt
111,tshirt_shape09_49_04,63,tshirt
112,tshirt_shape13_111_20,106,tshirt
113,tshirt_shape13_02_04,121,tshirt
114,tshirt_shape10_54_24,211,tshirt
115,tshirt_shape01_105_05,181,tshirt
116,tshirt_shape15_108_22,116,tshirt
117,tshirt_shape08_91_12,196,tshirt
118,tshirt_shape03_104_11,135,tshirt
119,tshirt_shape11_128_02,42,tshirt
120,tshirt_shape07_73_09,151,tshirt
121,tshirt_shape04_111_05,121,tshirt
122,tshirt_shape10_111_37,82,tshirt
123,tshirt_shape04_111_14,121,tshirt
124,tshirt_shape07_131_03,276,tshirt
125,tshirt_shape10_73_09,151,tshirt
126,tshirt_shape10_91_38,115,tshirt
127,tshirt_shape12_40_12,151,tshirt
128,tshirt_shape06_40_12,151,tshirt
129,tshirt_shape02_108_18,62,tshirt
130,tshirt_shape01_135_07,173,tshirt
131,tshirt_shape03_76_11,129,tshirt
132,tshirt_shape00_26_11,138,tshirt
133,tshirt_shape01_111_20,106,tshirt
134,tshirt_shape04_05_20,274,tshirt
135,tshirt_shape08_108_18,62,tshirt
136,tshirt_shape09_111_37,82,tshirt
137,tshirt_shape15_108_11,62,tshirt
138,tshirt_shape13_132_54,181,tshirt
139,tshirt_shape05_108_16,89,tshirt
140,tshirt_shape15_144_30,211,tshirt
141,tshirt_shape08_128_03,42,tshirt
142,tshirt_shape15_108_12,35,tshirt
143,tshirt_shape10_108_22,116,tshirt
144,tshirt_shape06_128_06,50,tshirt
145,tshirt_shape01_91_38,115,tshirt
146,tshirt_shape16_128_07,87,tshirt
147,tshirt_shape14_108_16,89,tshirt
148,tshirt_shape00_111_02,106,tshirt
149,tshirt_shape06_108_11,62,tshirt
150,tshirt_shape06_128_05,53,tshirt
151,tshirt_shape14_91_38,115,tshirt
152,tshirt_shape08_02_05,121,tshirt
153,tshirt_shape05_128_03,42,tshirt
154,tshirt_shape01_108_22,116,tshirt
155,tshirt_shape14_131_03,276,tshirt
156,tshirt_shape08_108_27,105,tshirt
157,tshirt_shape16_111_14,121,tshirt
158,tshirt_shape06_144_28,133,tshirt
159,tshirt_shape02_108_11,62,tshirt
160,tshirt_shape02_91_62,151,tshirt
161,tshirt_shape03_91_36,151,tshirt
162,tshirt_shape14_108_20,70,tshirt
163,tshirt_shape00_111_37,82,tshirt
164,tshirt_shape12_144_30,211,tshirt
165,tshirt_shape00_55_12,151,tshirt
166,tshirt_shape00_49_04,63,tshirt
167,tshirt_shape11_111_20,106,tshirt
168,tshirt_shape03_111_37,82,tshirt
169,tshirt_shape15_02_04,121,tshirt
170,tshirt_shape01_91_61,91,tshirt
171,tshirt_shape09_108_27,105,tshirt
172,tshirt_shape01_46_01,155,tshirt
173,tshirt_shape08_91_62,151,tshirt
174,tshirt_shape07_111_02,106,tshirt
175,tshirt_shape16_54_24,211,tshirt
176,tshirt_shape10_108_20,70,tshirt
177,tshirt_shape06_76_11,129,tshirt
178,tshirt_shape16_91_12,196,tshirt
179,tshirt_shape13_91_61,91,tshirt
180,tshirt_shape09_76_05,211,tshirt
181,tshirt_shape15_104_04,50,tshirt
182,tshirt_shape00_63_25,154,tshirt
183,tshirt_shape00_13_13,110,tshirt
184,tshirt_shape06_46_01,155,tshirt
185,tshirt_shape05_144_30,211,tshirt
186,tshirt_shape12_108_11,62,tshirt
187,tshirt_shape13_104_17,117,tshirt
188,tshirt_shape10_91_19,181,tshirt
189,tshirt_shape11_02_05,121,tshirt
190,tshirt_shape07_05_20,274,tshirt
191,tshirt_shape12_108_20,70,tshirt
192,tshirt_shape02_128_06,50,tshirt
193,tshirt_shape08_26_11,138,tshirt
194,tshirt_shape12_111_37,82,tshirt
195,tshirt_shape07_55_12,151,tshirt
196,tshirt_shape00_05_20,274,tshirt
197,tshirt_shape08_55_12,151,tshirt
198,tshirt_shape07_108_11,62,tshirt
199,tshirt_shape11_128_07,87,tshirt
200,tshirt_shape11_128_05,53,tshirt
201,tshirt_shape06_63_25,154,tshirt
202,tshirt_shape02_128_02,42,tshirt
203,tshirt_shape12_02_04,121,tshirt
204,tshirt_shape12_104_17,117,tshirt
205,tshirt_shape09_135_09,166,tshirt
206,tshirt_shape01_13_13,110,tshirt
207,tshirt_shape12_111_02,106,tshirt
208,tshirt_shape06_111_14,121,tshirt
209,tshirt_shape13_128_05,53,tshirt
210,tshirt_shape09_104_53,75,tshirt
211,tshirt_shape05_55_12,151,tshirt
212,tshirt_shape06_91_33,203,tshirt
213,tshirt_shape00_02_05,121,tshirt
214,tshirt_shape04_111_02,106,tshirt
215,tshirt_shape06_91_19,181,tshirt
216,tshirt_shape00_91_19,181,tshirt
217,tshirt_shape04_02_05,121,tshirt
218,tshirt_shape14_128_07,87,tshirt
219,tshirt_shape00_128_02,42,tshirt
220,tshirt_shape10_40_12,151,tshirt
221,tshirt_shape03_13_13,110,tshirt
222,tshirt_shape12_54_24,211,tshirt
223,tshirt_shape10_105_05,181,tshirt
224,tshirt_shape05_05_20,274,tshirt
225,tshirt_shape10_49_04,63,tshirt
226,tshirt_shape15_13_13,110,tshirt
227,tshirt_shape15_105_05,181,tshirt
228,tshirt_shape12_02_05,121,tshirt
229,tshirt_shape02_111_14,121,tshirt
230,tshirt_shape10_91_33,203,tshirt
231,tshirt_shape03_02_05,121,tshirt
232,tshirt_shape16_02_05,121,tshirt
233,tshirt_shape16_135_09,166,tshirt
234,tshirt_shape15_144_28,133,tshirt
235,tshirt_shape10_128_03,42,tshirt
236,tshirt_shape09_91_12,196,tshirt
237,tshirt_shape16_91_19,181,tshirt
238,tshirt_shape04_108_17,58,tshirt
239,tshirt_shape09_144_30,211,tshirt
240,tshirt_shape15_135_07,173,tshirt
241,tshirt_shape04_76_05,211,tshirt
242,tshirt_shape16_132_54,181,tshirt
243,tshirt_shape15_128_02,42,tshirt
244,tshirt_shape04_02_04,121,tshirt
245,tshirt_shape03_111_20,106,tshirt
246,tshirt_shape00_108_16,89,tshirt
247,tshirt_shape11_104_11,135,tshirt
248,tshirt_shape11_131_03,276,tshirt
249,tshirt_shape01_111_05,121,tshirt
250,tshirt_shape01_108_18,62,tshirt
251,tshirt_shape03_108_22,116,tshirt
252,tshirt_shape05_26_11,138,tshirt
253,tshirt_shape04_104_17,117,tshirt
254,tshirt_shape02_91_61,91,tshirt
255,tshirt_shape07_40_12,151,tshirt
256,tshirt_shape04_108_12,35,tshirt
257,tshirt_shape15_104_17,117,tshirt
258,tshirt_shape13_135_09,166,tshirt
259,tshirt_shape08_91_38,115,tshirt
260,tshirt_shape06_131_03,276,tshirt
261,tshirt_shape00_144_30,211,tshirt
262,tshirt_shape01_02_05,121,tshirt
263,tshirt_shape09_55_12,151,tshirt
264,tshirt_shape06_108_12,35,tshirt
265,tshirt_shape09_111_20,106,tshirt
266,tshirt_shape04_108_22,116,tshirt
267,tshirt_shape13_40_12,151,tshirt
268,tshirt_shape06_91_12,196,tshirt
269,tshirt_shape07_128_05,53,tshirt
270,tshirt_shape10_144_30,211,tshirt
271,tshirt_shape15_02_05,121,tshirt
272,tshirt_shape04_54_24,211,tshirt
273,tshirt_shape10_63_25,154,tshirt
274,tshirt_shape05_144_26,151,tshirt
275,tshirt_shape02_91_36,151,tshirt
276,tshirt_shape03_63_25,154,tshirt
277,tshirt_shape11_02_04,121,tshirt
278,tshirt_shape12_132_54,181,tshirt
279,tshirt_shape08_73_09,151,tshirt
280,tshirt_shape08_46_01,155,tshirt
281,tshirt_shape06_104_11,135,tshirt
282,tshirt_shape01_111_02,106,tshirt
283,tshirt_shape16_63_25,154,tshirt
284,tshirt_shape11_05_20,274,tshirt
285,tshirt_shape15_111_02,106,tshirt
286,tshirt_shape07_128_07,87,tshirt
287,tshirt_shape02_91_38,115,tshirt
288,tshirt_shape07_135_09,166,tshirt
289,tshirt_shape05_76_11,129,tshirt
290,tshirt_shape15_111_37,82,tshirt
291,tshirt_shape06_108_17,58,tshirt
292,tshirt_shape14_91_36,151,tshirt
293,tshirt_shape09_131_03,276,tshirt
294,tshirt_shape01_91_36,151,tshirt
295,tshirt_shape02_55_12,151,tshirt
296,tshirt_shape07_128_04,35,tshirt
297,tshirt_shape08_91_36,151,tshirt
298,tshirt_shape15_91_61,91,tshirt
299,tshirt_shape05_144_28,133,tshirt
300,tshirt_shape11_144_30,211,tshirt
301,tshirt_shape08_108_20,70,tshirt
302,tshirt_shape04_26_11,138,tshirt
303,tshirt_shape07_132_54,181,tshirt
304,tshirt_shape10_104_04,50,tshirt
305,tshirt_shape11_91_33,203,tshirt
306,tshirt_shape06_108_20,70,tshirt
307,tshirt_shape06_26_11,138,tshirt
308,tshirt_shape07_128_03,42,tshirt
309,tshirt_shape05_131_03,276,tshirt
310,tshirt_shape03_49_04,63,tshirt
311,tshirt_shape14_108_18,62,tshirt
312,tshirt_shape00_128_03,42,tshirt
313,tshirt_shape14_128_06,50,tshirt
314,tshirt_shape04_73_09,151,tshirt
315,tshirt_shape11_91_19,181,tshirt
316,tshirt_shape12_55_12,151,tshirt
317,tshirt_shape00_108_27,105,tshirt
318,tshirt_shape07_104_17,117,tshirt
319,tshirt_shape08_104_17,117,tshirt
320,tshirt_shape12_63_25,154,tshirt
321,tshirt_shape13_49_04,63,tshirt
322,tshirt_shape00_91_62,151,tshirt
323,tshirt_shape11_26_11,138,tshirt
324,tshirt_shape00_108_12,35,tshirt
325,tshirt_shape08_40_12,151,tshirt
326,tshirt_shape11_13_13,110,tshirt
327,tshirt_shape10_108_27,105,tshirt
328,tshirt_shape07_144_26,151,tshirt
329,tshirt_shape13_104_04,50,tshirt
330,tshirt_shape14_76_05,211,tshirt
331,tshirt_shape01_108_20,70,tshirt
332,tshirt_shape14_105_05,181,tshirt
333,tshirt_shape08_108_22,116,tshirt
334,tshirt_shape13_128_04,35,tshirt
335,tshirt_shape13_108_11,62,tshirt
336,tshirt_shape09_91_38,115,tshirt
337,tshirt_shape07_108_17,58,tshirt
338,tshirt_shape07_144_28,133,tshirt
339,tshirt_shape08_128_07,87,tshirt
340,tshirt_shape11_91_61,91,tshirt
341,tshirt_shape11_108_17,58,tshirt
342,tshirt_shape00_73_09,151,tshirt
343,tshirt_shape07_49_04,63,tshirt
344,tshirt_shape12_104_53,75,tshirt
345,tshirt_shape02_05_20,274,tshirt
346,tshirt_shape15_108_27,105,tshirt
347,tshirt_shape06_108_22,116,tshirt
348,tshirt_shape13_26_11,138,tshirt
349,tshirt_shape09_105_05,181,tshirt
350,tshirt_shape09_108_16,89,tshirt
351,tshirt_shape16_26_11,138,tshirt
352,tshirt_shape03_108_20,70,tshirt
353,tshirt_shape07_91_38,115,tshirt
354,tshirt_shape12_128_05,53,tshirt
355,tshirt_shape04_128_03,42,tshirt
356,tshirt_shape08_108_11,62,tshirt
357,tshirt_shape14_05_20,274,tshirt
358,tshirt_shape03_111_02,106,tshirt
359,tshirt_shape03_144_26,151,tshirt
360,tshirt_shape07_26_11,138,tshirt
361,tshirt_shape02_76_05,211,tshirt
362,tshirt_shape00_91_38,115,tshirt
363,tshirt_shape06_54_24,211,tshirt
364,tshirt_shape00_91_12,196,tshirt
365,tshirt_shape06_108_18,62,tshirt
366,tshirt_shape12_105_05,181,tshirt
367,tshirt_shape12_111_20,106,tshirt
368,tshirt_shape14_46_01,155,tshirt
369,tshirt_shape15_46_01,155,tshirt
370,tshirt_shape00_46_01,155,tshirt
371,tshirt_shape08_05_20,274,tshirt
372,tshirt_shape09_26_11,138,tshirt
373,tshirt_shape13_128_06,50,tshirt
374,tshirt_shape16_144_30,211,tshirt
375,tshirt_shape00_104_11,135,tshirt
376,tshirt_shape11_108_18,62,tshirt
377,tshirt_shape14_108_22,116,tshirt
378,tshirt_shape00_144_26,151,tshirt
379,tshirt_shape06_91_36,151,tshirt
380,tshirt_shape05_46_01,155,tshirt
381,tshirt_shape02_128_04,35,tshirt
382,tshirt_shape00_40_12,151,tshirt
383,tshirt_shape13_73_09,151,tshirt
384,tshirt_shape05_13_13,110,tshirt
385,tshirt_shape03_128_02,42,tshirt
386,tshirt_shape04_135_07,173,tshirt
387,tshirt_shape14_02_05,121,tshirt
388,tshirt_shape05_49_04,63,tshirt
389,tshirt_shape06_91_62,151,tshirt
390,tshirt_shape11_76_05,211,tshirt
391,tshirt_shape16_104_17,117,tshirt
392,tshirt_shape04_105_05,181,tshirt
393,tshirt_shape02_105_05,181,tshirt
394,tshirt_shape16_128_03,42,tshirt
395,tshirt_shape15_91_36,151,tshirt
396,tshirt_shape12_108_27,105,tshirt
397,tshirt_shape16_105_05,181,tshirt
398,tshirt_shape06_104_17,117,tshirt
399,tshirt_shape12_104_11,135,tshirt
400,tshirt_shape05_132_54,181,tshirt
401,tshirt_shape15_108_16,89,tshirt
402,tshirt_shape07_128_06,50,tshirt
403,tshirt_shape08_144_30,211,tshirt
404,tshirt_shape00_111_14,121,tshirt
405,tshirt_shape09_02_05,121,tshirt
406,tshirt_shape13_104_11,135,tshirt
407,tshirt_shape16_144_28,133,tshirt
408,tshirt_shape14_91_61,91,tshirt
409,tshirt_shape14_104_53,75,tshirt
410,tshirt_shape05_111_05,121,tshirt
411,tshirt_shape11_104_04,50,tshirt
412,tshirt_shape12_128_02,42,tshirt
413,tshirt_shape04_104_11,135,tshirt
414,tshirt_shape00_76_05,211,tshirt
415,tshirt_shape13_13_13,110,tshirt
416,tshirt_shape15_49_04,63,tshirt
417,tshirt_shape02_135_07,173,tshirt
418,tshirt_shape10_76_11,129,tshirt
419,tshirt_shape07_108_18,62,tshirt
420,tshirt_shape00_144_28,133,tshirt
421,tshirt_shape12_128_04,35,tshirt
422,tshirt_shape05_91_36,151,tshirt
423,tshirt_shape09_108_20,70,tshirt
424,tshirt_shape06_128_04,35,tshirt
425,tshirt_shape01_108_16,89,tshirt
426,tshirt_shape06_104_53,75,tshirt
427,tshirt_shape15_128_06,50,tshirt
428,tshirt_shape10_128_04,35,tshirt
429,tshirt_shape14_54_24,211,tshirt
430,tshirt_shape13_91_33,203,tshirt
431,tshirt_shape12_111_14,121,tshirt
432,tshirt_shape11_105_05,181,tshirt
433,tshirt_shape06_128_03,42,tshirt
434,tshirt_shape04_91_38,115,tshirt
435,tshirt_shape07_91_19,181,tshirt
436,tshirt_shape08_128_05,53,tshirt
437,tshirt_shape03_131_03,276,tshirt
438,tshirt_shape12_135_09,166,tshirt
439,tshirt_shape04_49_04,63,tshirt
440,tshirt_shape02_135_09,166,tshirt
441,tshirt_shape15_91_38,115,tshirt
442,tshirt_shape01_108_17,58,tshirt
443,tshirt_shape07_128_02,42,tshirt
444,tshirt_shape10_108_11,62,tshirt
445,tshirt_shape00_104_04,50,tshirt
446,tshirt_shape02_132_54,181,tshirt
447,tshirt_shape02_131_03,276,tshirt
448,tshirt_shape09_91_19,181,tshirt
449,tshirt_shape03_144_30,211,tshirt
450,tshirt_shape03_54_24,211,tshirt
451,tshirt_shape03_128_03,42,tshirt
452,tshirt_shape07_111_14,121,tshirt
453,tshirt_shape16_144_26,151,tshirt
454,tshirt_shape04_108_18,62,tshirt
455,tshirt_shape02_104_04,50,tshirt
456,tshirt_shape13_46_01,155,tshirt
457,tshirt_shape01_111_14,121,tshirt
458,tshirt_shape10_128_06,50,tshirt
459,tshirt_shape06_132_54,181,tshirt
460,tshirt_shape07_108_27,105,tshirt
461,tshirt_shape16_135_07,173,tshirt
462,tshirt_shape12_49_04,63,tshirt
463,tshirt_shape08_02_04,121,tshirt
464,tshirt_shape11_128_06,50,tshirt
465,tshirt_shape15_26_11,138,tshirt
466,tshirt_shape08_128_06,50,tshirt
467,tshirt_shape00_128_04,35,tshirt
468,tshirt_shape04_128_04,35,tshirt
469,tshirt_shape08_108_16,89,tshirt
470,tshirt_shape04_128_06,50,tshirt
471,tshirt_shape16_73_09,151,tshirt
472,tshirt_shape15_131_03,276,tshirt
473,tshirt_shape03_108_11,62,tshirt
474,tshirt_shape01_54_24,211,tshirt
475,tshirt_shape08_135_07,173,tshirt
476,tshirt_shape03_55_12,151,tshirt
477,tshirt_shape06_111_05,121,tshirt
478,tshirt_shape01_76_11,129,tshirt
479,tshirt_shape12_144_28,133,tshirt
480,tshirt_shape09_76_11,129,tshirt
481,tshirt_shape16_128_02,42,tshirt
482,tshirt_shape01_02_04,121,tshirt
483,tshirt_shape07_108_20,70,tshirt
484,tshirt_shape06_13_13,110,tshirt
485,tshirt_shape16_91_62,151,tshirt
486,tshirt_shape01_144_30,211,tshirt
487,tshirt_shape05_73_09,151,tshirt
488,tshirt_shape13_108_16,89,tshirt
489,tshirt_shape13_02_05,121,tshirt
490,tshirt_shape09_111_05,121,tshirt
491,tshirt_shape06_104_04,50,tshirt
492,tshirt_shape10_135_09,166,tshirt
493,tshirt_shape04_128_07,87,tshirt
494,tshirt_shape10_02_05,121,tshirt
495,tshirt_shape02_104_17,117,tshirt
496,tshirt_shape10_108_12,35,tshirt
497,tshirt_shape15_108_17,58,tshirt
498,tshirt_shape16_05_20,274,tshirt
499,tshirt_shape15_05_20,274,tshirt
500,tshirt_shape13_128_02,42,tshirt
501,tshirt_shape03_128_05,53,tshirt
502,tshirt_shape16_46_01,155,tshirt
503,tshirt_shape12_05_20,274,tshirt
504,tshirt_shape02_91_19,181,tshirt
505,tshirt_shape15_128_05,53,tshirt
506,tshirt_shape10_111_14,121,tshirt
507,tshirt_shape03_105_05,181,tshirt
508,tshirt_shape11_108_16,89,tshirt
509,tshirt_shape16_111_02,106,tshirt
510,tshirt_shape04_108_27,105,tshirt
511,tshirt_shape14_104_17,117,tshirt
512,tshirt_shape08_104_04,50,tshirt
513,tshirt_shape06_108_27,105,tshirt
514,tshirt_shape09_91_61,91,tshirt
515,tshirt_shape02_76_11,129,tshirt
516,tshirt_shape04_40_12,151,tshirt
517,tshirt_shape11_40_12,151,tshirt
518,tshirt_shape06_135_07,173,tshirt
519,tshirt_shape04_108_20,70,tshirt
520,tshirt_shape14_128_05,53,tshirt
521,tshirt_shape16_76_05,211,tshirt
522,tshirt_shape08_111_37,82,tshirt
523,tshirt_shape04_46_01,155,tshirt
524,tshirt_shape09_108_12,35,tshirt
525,tshirt_shape12_131_03,276,tshirt
526,tshirt_shape09_104_17,117,tshirt
527,tshirt_shape12_91_62,151,tshirt
528,tshirt_shape10_104_11,135,tshirt
529,tshirt_shape05_135_07,173,tshirt
530,tshirt_shape11_91_36,151,tshirt
531,tshirt_shape07_54_24,211,tshirt
532,tshirt_shape01_91_19,181,tshirt
533,tshirt_shape09_144_26,151,tshirt
534,tshirt_shape04_91_33,203,tshirt
535,tshirt_shape06_105_05,181,tshirt
536,tshirt_shape02_02_05,121,tshirt
537,tshirt_shape13_91_12,196,tshirt
538,tshirt_shape00_132_54,181,tshirt
539,tshirt_shape01_91_12,196,tshirt
540,tshirt_shape04_128_02,42,tshirt
541,tshirt_shape01_104_11,135,tshirt
542,tshirt_shape12_108_18,62,tshirt
543,tshirt_shape02_111_05,121,tshirt
544,tshirt_shape14_91_19,181,tshirt
545,tshirt_shape12_128_03,42,tshirt
546,tshirt_shape13_76_05,211,tshirt
547,tshirt_shape05_128_07,87,tshirt
548,tshirt_shape10_128_07,87,tshirt
549,tshirt_shape09_111_02,106,tshirt
550,tshirt_shape09_128_07,87,tshirt
551,tshirt_shape16_55_12,151,tshirt
552,tshirt_shape10_91_12,196,tshirt
553,tshirt_shape02_49_04,63,tshirt
554,tshirt_shape10_128_05,53,tshirt
555,tshirt_shape09_104_04,50,tshirt
556,tshirt_shape10_111_20,106,tshirt
557,tshirt_shape01_132_54,181,tshirt
558,tshirt_shape00_105_05,181,tshirt
559,tshirt_shape05_111_37,82,tshirt
560,tshirt_shape03_46_01,155,tshirt
561,tshirt_shape12_111_05,121,tshirt
562,tshirt_shape04_128_05,53,tshirt
563,tshirt_shape08_111_02,106,tshirt
564,tshirt_shape16_91_33,203,tshirt
565,tshirt_shape03_128_07,87,tshirt
566,tshirt_shape08_13_13,110,tshirt
567,tshirt_shape08_63_25,154,tshirt
568,tshirt_shape05_105_05,181,tshirt
569,tshirt_shape12_91_19,181,tshirt
570,tshirt_shape09_104_11,135,tshirt
571,tshirt_shape13_111_05,121,tshirt
572,tshirt_shape12_73_09,151,tshirt
573,tshirt_shape12_46_01,155,tshirt
574,tshirt_shape01_108_11,62,tshirt
575,tshirt_shape10_104_53,75,tshirt
576,tshirt_shape15_108_20,70,tshirt
577,tshirt_shape16_111_05,121,tshirt
578,tshirt_shape02_63_25,154,tshirt
579,tshirt_shape15_76_11,129,tshirt
580,tshirt_shape07_02_05,121,tshirt
581,tshirt_shape08_76_05,211,tshirt
582,tshirt_shape08_111_14,121,tshirt
583,tshirt_shape09_128_03,42,tshirt
584,tshirt_shape11_135_07,173,tshirt
585,tshirt_shape10_55_12,151,tshirt
586,tshirt_shape05_108_18,62,tshirt
587,tshirt_shape10_131_03,276,tshirt
588,tshirt_shape04_63_25,154,tshirt
589,tshirt_shape11_104_53,75,tshirt
590,tshirt_shape09_132_54,181,tshirt
591,tshirt_shape15_128_03,42,tshirt
592,tshirt_shape15_91_19,181,tshirt
593,tshirt_shape11_55_12,151,tshirt
594,tshirt_shape14_108_12,35,tshirt
595,tshirt_shape05_108_12,35,tshirt
596,tshirt_shape09_40_12,151,tshirt
597,tshirt_shape09_144_28,133,tshirt
598,tshirt_shape06_111_02,106,tshirt
599,tshirt_shape09_128_04,35,tshirt
600,tshirt_shape00_135_09,166,tshirt
601,tshirt_shape12_91_12,196,tshirt
602,tshirt_shape09_108_17,58,tshirt
603,tshirt_shape15_40_12,151,tshirt
604,tshirt_shape02_108_27,105,tshirt
605,tshirt_shape12_91_33,203,tshirt
606,tshirt_shape03_111_14,121,tshirt
607,tshirt_shape06_144_26,151,tshirt
608,tshirt_shape01_73_09,151,tshirt
609,tshirt_shape11_135_09,166,tshirt
610,tshirt_shape11_111_05,121,tshirt
611,tshirt_shape02_144_30,211,tshirt
612,tshirt_shape14_111_37,82,tshirt
613,tshirt_shape12_91_38,115,tshirt
614,tshirt_shape16_108_16,89,tshirt
615,tshirt_shape00_104_53,75,tshirt
616,tshirt_shape16_108_11,62,tshirt
617,tshirt_shape03_144_28,133,tshirt
618,tshirt_shape12_13_13,110,tshirt
619,tshirt_shape07_104_53,75,tshirt
620,tshirt_shape00_54_24,211,tshirt
621,tshirt_shape10_128_02,42,tshirt
622,tshirt_shape16_104_53,75,tshirt
623,tshirt_shape03_76_05,211,tshirt
624,tshirt_shape09_13_13,110,tshirt
625,tshirt_shape04_104_04,50,tshirt
626,tshirt_shape12_26_11,138,tshirt
627,tshirt_shape10_104_17,117,tshirt
628,tshirt_shape14_128_02,42,tshirt
629,tshirt_shape02_46_01,155,tshirt
630,tshirt_shape09_73_09,151,tshirt
631,tshirt_shape13_144_28,133,tshirt
632,tshirt_shape04_13_13,110,tshirt
633,tshirt_shape01_40_12,151,tshirt
634,tshirt_shape02_26_11,138,tshirt
635,tshirt_shape08_49_04,63,tshirt
636,tshirt_shape11_104_17,117,tshirt
637,tshirt_shape10_108_17,58,tshirt
638,tshirt_shape00_02_04,121,tshirt
639,tshirt_shape07_111_05,121,tshirt
640,tshirt_shape06_05_20,274,tshirt
641,tshirt_shape13_144_26,151,tshirt
642,tshirt_shape00_108_11,62,tshirt
643,tshirt_shape03_135_09,166,tshirt
644,tshirt_shape07_105_05,181,tshirt
645,tshirt_shape03_73_09,151,tshirt
646,tshirt_shape11_132_54,181,tshirt
647,tshirt_shape12_128_06,50,tshirt
648,tshirt_shape07_104_04,50,tshirt
649,tshirt_shape13_54_24,211,tshirt
650,tshirt_shape05_128_02,42,tshirt
651,tshirt_shape16_104_04,50,tshirt
652,tshirt_shape16_91_61,91,tshirt
653,tshirt_shape02_111_37,82,tshirt
654,tshirt_shape10_76_05,211,tshirt
655,tshirt_shape11_73_09,151,tshirt
656,tshirt_shape12_128_07,87,tshirt
657,tshirt_shape06_111_20,106,tshirt
658,tshirt_shape05_91_62,151,tshirt
659,tshirt_shape00_111_05,121,tshirt
660,tshirt_shape00_128_06,50,tshirt
661,tshirt_shape08_131_03,276,tshirt
662,tshirt_shape01_128_03,42,tshirt
663,tshirt_shape14_49_04,63,tshirt
664,tshirt_shape14_144_28,133,tshirt
665,tshirt_shape02_108_22,116,tshirt
666,tshirt_shape00_91_36,151,tshirt
667,tshirt_shape03_91_33,203,tshirt
668,tshirt_shape15_128_07,87,tshirt
669,tshirt_shape07_108_16,89,tshirt
670,tshirt_shape10_135_07,173,tshirt
671,tshirt_shape05_108_27,105,tshirt
672,tshirt_shape03_104_53,75,tshirt
673,tshirt_shape05_108_22,116,tshirt
674,tshirt_shape03_02_04,121,tshirt
675,tshirt_shape07_91_61,91,tshirt
676,tshirt_shape09_46_01,155,tshirt
677,tshirt_shape03_108_18,62,tshirt
678,tshirt_shape09_128_02,42,tshirt
679,tshirt_shape06_76_05,211,tshirt
680,tshirt_shape13_108_18,62,tshirt
681,tshirt_shape04_144_26,151,tshirt
682,tshirt_shape01_104_17,117,tshirt
683,tshirt_shape12_91_61,91,tshirt
684,tshirt_shape07_91_12,196,tshirt
685,tshirt_shape10_111_02,106,tshirt
686,tshirt_shape11_54_24,211,tshirt
687,tshirt_shape13_63_25,154,tshirt
688,tshirt_shape01_108_12,35,tshirt
689,tshirt_shape00_108_18,62,tshirt
690,tshirt_shape09_91_33,203,tshirt
691,tshirt_shape08_144_26,151,tshirt
692,tshirt_shape08_104_53,75,tshirt
693,tshirt_shape11_111_37,82,tshirt
694,tshirt_shape16_128_04,35,tshirt
695,tshirt_shape04_76_11,129,tshirt
696,tshirt_shape05_91_19,181,tshirt
697,tshirt_shape05_108_11,62,tshirt
698,tshirt_shape04_135_09,166,tshirt
699,tshirt_shape05_02_04,121,tshirt
700,tshirt_shape14_132_54,181,tshirt
701,tshirt_shape04_144_28,133,tshirt
702,tshirt_shape07_91_36,151,tshirt
703,tshirt_shape13_05_20,274,tshirt
704,tshirt_shape04_55_12,151,tshirt
705,tshirt_shape13_108_17,58,tshirt
706,tshirt_shape05_91_33,203,tshirt
707,tshirt_shape03_26_11,138,tshirt
708,tshirt_shape16_111_37,82,tshirt
709,tshirt_shape05_135_09,166,tshirt
710,tshirt_shape16_108_18,62,tshirt
711,tshirt_shape01_104_04,50,tshirt
712,tshirt_shape14_111_02,106,tshirt
713,tshirt_shape09_108_18,62,tshirt
714,tshirt_shape05_104_11,135,tshirt
715,tshirt_shape14_13_13,110,tshirt
716,tshirt_shape05_76_05,211,tshirt
717,tshirt_shape04_108_11,62,tshirt
718,tshirt_shape03_104_04,50,tshirt
719,tshirt_shape14_135_09,166,tshirt
720,tshirt_shape10_91_62,151,tshirt
721,tshirt_shape10_144_26,151,tshirt
722,tshirt_shape03_108_16,89,tshirt
723,tshirt_shape07_108_12,35,tshirt
724,tshirt_shape16_108_12,35,tshirt
725,tshirt_shape07_144_30,211,tshirt
726,tshirt_shape15_132_54,181,tshirt
727,tshirt_shape04_91_61,91,tshirt
728,tshirt_shape09_91_62,151,tshirt
729,tshirt_shape07_111_37,82,tshirt
730,tshirt_shape02_108_16,89,tshirt
731,tshirt_shape06_73_09,151,tshirt
732,tshirt_shape16_02_04,121,tshirt
733,tshirt_shape00_91_33,203,tshirt
734,tshirt_shape03_108_17,58,tshirt
735,tshirt_shape09_02_04,121,tshirt
736,tshirt_shape15_63_25,154,tshirt
737,tshirt_shape01_104_53,75,tshirt
738,tshirt_shape03_104_17,117,tshirt
739,tshirt_shape12_108_22,116,tshirt
740,tshirt_shape09_108_11,62,tshirt
741,tshirt_shape13_108_22,116,tshirt
742,tshirt_shape03_91_12,196,tshirt
743,tshirt_shape14_108_27,105,tshirt
744,tshirt_shape01_128_04,35,tshirt
745,tshirt_shape11_91_62,151,tshirt
746,tshirt_shape14_63_25,154,tshirt
747,tshirt_shape09_63_25,154,tshirt
748,tshirt_shape13_91_19,181,tshirt
749,tshirt_shape01_128_02,42,tshirt
750,tshirt_shape11_49_04,63,tshirt
751,tshirt_shape10_144_28,133,tshirt
752,tshirt_shape03_91_19,181,tshirt
753,tshirt_shape08_104_11,135,tshirt
754,tshirt_shape07_76_11,129,tshirt
755,tshirt_shape07_63_25,154,tshirt
756,tshirt_shape10_02_04,121,tshirt
757,tshirt_shape05_128_06,50,tshirt
758,tshirt_shape13_104_53,75,tshirt
759,tshirt_shape16_76_11,129,tshirt
760,tshirt_shape13_91_36,151,tshirt
761,tshirt_shape02_108_12,35,tshirt
762,tshirt_shape14_55_12,151,tshirt
763,tshirt_shape01_128_07,87,tshirt
764,tshirt_shape01_55_12,151,tshirt
765,tshirt_shape02_128_07,87,tshirt
766,tshirt_shape16_108_27,105,tshirt
767,tshirt_shape07_13_13,110,tshirt
768,tshirt_shape14_91_12,196,tshirt
769,tshirt_shape04_104_53,75,tshirt
770,tshirt_shape05_104_53,75,tshirt
771,tshirt_shape06_91_61,91,tshirt
772,tshirt_shape02_54_24,211,tshirt
773,tshirt_shape16_91_38,115,tshirt
774,tshirt_shape14_144_30,211,tshirt
775,tshirt_shape07_111_20,106,tshirt
776,tshirt_shape00_135_07,173,tshirt
777,tshirt_shape00_104_17,117,tshirt
778,tshirt_shape00_108_17,58,tshirt
779,tshirt_shape01_144_28,133,tshirt
780,tshirt_shape16_91_36,151,tshirt
781,tshirt_shape13_108_27,105,tshirt
782,tshirt_shape04_144_30,211,tshirt
783,tshirt_shape10_111_05,121,tshirt
784,tshirt_shape16_131_03,276,tshirt
785,tshirt_shape08_108_17,58,tshirt
786,tshirt_shape00_128_07,87,tshirt
787,tshirt_shape08_132_54,181,tshirt
788,tshirt_shape16_40_12,151,tshirt
789,tshirt_shape05_63_25,154,tshirt
790,tshirt_shape10_91_36,151,tshirt
791,tshirt_shape13_131_03,276,tshirt
792,tshirt_shape11_144_26,151,tshirt
793,tshirt_shape09_128_06,50,tshirt
794,tshirt_shape02_111_02,106,tshirt
795,tshirt_shape08_128_04,35,tshirt
796,tshirt_shape04_108_16,89,tshirt
797,tshirt_shape14_73_09,151,tshirt
798,tshirt_shape02_02_04,121,tshirt
799,tshirt_shape15_104_11,135,tshirt
800,tshirt_shape07_104_11,135,tshirt
801,tshirt_shape14_111_14,121,tshirt
802,tshirt_shape08_108_12,35,tshirt
803,tshirt_shape06_135_09,166,tshirt
804,tshirt_shape13_111_02,106,tshirt
805,tshirt_shape06_91_38,115,tshirt
806,tshirt_shape03_108_27,105,tshirt
807,tshirt_shape04_111_20,106,tshirt
808,tshirt_shape01_91_33,203,tshirt
809,tshirt_shape07_46_01,155,tshirt
810,tshirt_shape11_108_12,35,tshirt
811,tshirt_shape10_13_13,110,tshirt
812,tshirt_shape04_91_12,196,tshirt
813,tshirt_shape05_128_05,53,tshirt
814,tshirt_shape08_54_24,211,tshirt
815,tshirt_shape09_108_22,116,tshirt
816,tshirt_shape02_104_53,75,tshirt
817,tshirt_shape05_91_12,196,tshirt
818,tshirt_shape15_135_09,166,tshirt
819,tshirt_shape00_108_20,70,tshirt
820,tshirt_shape11_108_27,105,tshirt
821,tshirt_shape16_128_06,50,tshirt
822,tshirt_shape15_128_04,35,tshirt
823,tshirt_shape01_05_20,274,tshirt
824,tshirt_shape01_76_05,211,tshirt
825,tshirt_shape12_76_11,129,tshirt
826,tshirt_shape08_91_61,91,tshirt
827,tshirt_shape13_76_11,129,tshirt
828,tshirt_shape05_108_20,70,tshirt
829,tshirt_shape12_76_05,211,tshirt
830,tshirt_shape16_128_05,53,tshirt
831,tshirt_shape15_111_14,121,tshirt
832,tshirt_shape16_108_17,58,tshirt
833,tshirt_shape04_131_03,276,tshirt
834,tshirt_shape15_54_24,211,tshirt
835,tshirt_shape06_02_04,121,tshirt
836,tshirt_shape09_54_24,211,tshirt
837,tshirt_shape09_05_20,274,tshirt
838,tshirt_shape01_135_09,166,tshirt
839,tshirt_shape08_76_11,129,tshirt
840,tshirt_shape09_91_36,151,tshirt
841,tshirt_shape16_108_20,70,tshirt
842,tshirt_shape07_91_62,151,tshirt
843,tshirt_shape00_111_20,106,tshirt
844,tshirt_shape10_132_54,181,tshirt
845,tshirt_shape11_128_04,35,tshirt
846,tshirt_shape02_111_20,106,tshirt
847,tshirt_shape03_05_20,274,tshirt
848,tshirt_shape01_26_11,138,tshirt
849,tshirt_shape01_128_05,53,tshirt
850,tshirt_shape08_144_28,133,tshirt
851,tshirt_shape02_73_09,151,tshirt
852,tshirt_shape13_91_62,151,tshirt
853,tshirt_shape15_76_05,211,tshirt
854,tshirt_shape13_144_30,211,tshirt
855,tshirt_shape16_13_13,110,tshirt
856,tshirt_shape02_144_26,151,tshirt
857,tshirt_shape07_76_05,211,tshirt
858,tshirt_shape13_108_20,70,tshirt
859,tshirt_shape11_108_22,116,tshirt
860,tshirt_shape03_135_07,173,tshirt
861,tshirt_shape14_111_20,106,tshirt
862,tshirt_shape01_131_03,276,tshirt
863,tshirt_shape08_105_05,181,tshirt
864,tshirt_shape08_111_05,121,tshirt
865,tshirt_shape03_128_06,50,tshirt
866,tshirt_shape14_76_11,129,tshirt
867,tshirt_shape13_128_07,87,tshirt
868,tshirt_shape14_111_05,121,tshirt
869,tshirt_shape03_91_38,115,tshirt
870,tshirt_shape04_91_36,151,tshirt
871,tshirt_shape14_108_17,58,tshirt
872,tshirt_shape14_91_62,151,tshirt
873,tshirt_shape13_91_38,115,tshirt
874,tshirt_shape01_128_06,50,tshirt
875,tshirt_shape14_104_04,50,tshirt
876,tshirt_shape05_111_14,121,tshirt
877,tshirt_shape15_111_20,106,tshirt
878,tshirt_shape15_91_33,203,tshirt
879,tshirt_shape15_55_12,151,tshirt
880,tshirt_shape11_111_14,121,tshirt
881,tshirt_shape02_128_03,42,tshirt
882,tshirt_shape06_144_30,211,tshirt
883,tshirt_shape07_02_04,121,tshirt
884,tshirt_shape14_104_11,135,longsleeve
885,tshirt_shape08_128_02,42,longsleeve
886,tshirt_shape14_128_03,42,longsleeve
887,tshirt_shape03_91_61,91,longsleeve
888,tshirt_shape10_46_01,155,longsleeve
889,tshirt_shape04_111_37,82,longsleeve
890,tshirt_shape03_108_12,35,longsleeve
891,tshirt_shape11_128_03,42,longsleeve
892,tshirt_shape15_104_53,75,longsleeve
893,tshirt_shape05_128_04,35,longsleeve
894,tshirt_shape11_144_28,133,longsleeve
895,tshirt_shape08_91_33,203,longsleeve
896,tshirt_shape13_105_05,181,longsleeve
897,tshirt_shape13_128_03,42,longsleeve
898,tshirt_shape14_135_07,173,longsleeve
899,tshirt_shape11_108_20,70,longsleeve
900,tshirt_shape13_111_14,121,longsleeve
901,tshirt_shape15_91_62,151,longsleeve
902,tshirt_shape00_76_11,129,longsleeve
903,tshirt_shape14_91_33,203,longsleeve
904,tshirt_shape15_108_18,62,longsleeve
905,tshirt_shape13_111_37,82,longsleeve
906,tshirt_shape14_128_04,35,longsleeve
907,tshirt_shape12_91_36,151,longsleeve
908,tshirt_shape02_144_28,133,longsleeve
909,tshirt_shape03_128_04,35,longsleeve
910,tshirt_shape14_26_11,138,longsleeve
911,tshirt_shape03_40_12,151,longsleeve
912,tshirt_shape03_111_05,121,longsleeve
913,tshirt_shape00_108_22,116,longsleeve
914,tshirt_shape02_128_05,53,longsleeve
915,tshirt_shape11_46_01,155,longsleeve
916,tshirt_shape15_111_05,121,longsleeve
917,tshirt_shape04_91_62,151,longsleeve
918,tshirt_shape08_111_20,106,longsleeve
919,tshirt_shape06_111_37,82,longsleeve
920,tshirt_shape14_02_04,121,longsleeve
921,tshirt_shape11_111_02,106,longsleeve
922,tshirt_shape04_91_19,181,longsleeve
923,tshirt_shape06_02_05,121,longsleeve
924,tshirt_shape01_91_62,151,longsleeve
925,tshirt_shape08_91_19,181,longsleeve
926,tshirt_shape04_132_54,181,longsleeve
927,tshirt_shape02_91_33,203,longsleeve
928,tshirt_shape02_40_12,151,longsleeve
929,tshirt_shape12_144_26,151,longsleeve
930,tshirt_shape13_135_07,173,longsleeve
931,tshirt_shape02_108_17,58,longsleeve
932,tshirt_shape02_91_12,196,longsleeve
933,tshirt_shape09_135_07,173,longsleeve
934,tshirt_shape06_128_02,42,longsleeve
935,tshirt_shape14_108_11,62,longsleeve
936,tshirt_shape05_104_04,50,longsleeve
937,tshirt_shape05_111_20,106,longsleeve
938,tshirt_shape12_108_17,58,longsleeve
939,tshirt_shape07_135_07,173,longsleeve
940,tshirt_shape15_144_26,151,longsleeve
941,tshirt_shape10_26_11,138,longsleeve
942,tshirt_shape16_104_11,135,longsleeve
943,tshirt_shape07_91_33,203,longsleeve
944,tshirt_shape10_05_20,274,longsleeve
945,tshirt_shape10_108_18,62,longsleeve
946,tshirt_shape05_91_38,115,longsleeve
947,tshirt_shape01_111_37,82,longsleeve
948,tshirt_shape08_135_09,166,longsleeve
949,tshirt_shape11_76_11,129,longsleeve
950,tshirt_shape05_02_05,121,longsleeve
951,tshirt_shape06_128_07,87,longsleeve
952,tshirt_shape12_135_07,173,longsleeve
953,tshirt_shape03_91_62,151,longsleeve
954,tshirt_shape09_128_05,53,longsleeve
955,tshirt_shape12_104_04,50,longsleeve
956,tshirt_shape06_108_16,89,longsleeve
957,tshirt_shape05_104_17,117,longsleeve
958,tshirt_shape15_91_12,196,longsleeve
959,tshirt_shape16_49_04,63,longsleeve
960,tshirt_shape16_111_20,106,longsleeve
961,tshirt_shape06_49_04,63,longsleeve
962,tshirt_shape15_73_09,151,longsleeve
963,tshirt_shape01_108_27,105,longsleeve
964,tshirt_shape05_108_17,58,longsleeve
965,tshirt_shape10_108_16,89,longsleeve
966,tshirt_shape07_108_22,116,longsleeve
967,tshirt_shape03_132_54,181,longsleeve
968,tshirt_shape02_108_20,70,longsleeve
969,tshirt_shape12_108_16,89,longsleeve
970,tshirt_shape01_49_04,63,longsleeve
971,tshirt_shape00_128_05,53,longsleeve
972,tshirt_shape05_54_24,211,longsleeve
973,tshirt_shape06_55_12,151,longsleeve
974,tshirt_shape05_111_02,106,longsleeve
975,tshirt_shape14_144_26,151,longsleeve
976,tshirt_shape09_111_14,121,longsleeve
977,tshirt_shape00_91_61,91,longsleeve
978,tshirt_shape02_104_11,135,longsleeve
979,tshirt_shape13_108_12,35,longsleeve
980,tshirt_shape01_63_25,154,longsleeve
981,tshirt_shape12_108_12,35,longsleeve
982,tshirt_shape05_91_61,91,longsleeve
983,tshirt_shape10_91_61,91,longsleeve
984,tshirt_shape14_40_12,151,longsleeve
985,tshirt_shape05_40_12,151,longsleeve
986,tshirt_shape13_55_12,151,longsleeve
987,tshirt_shape02_13_13,110,longsleeve
988,tshirt_shape01_144_26,151,longsleeve
989,tshirt_shape11_63_25,154,longsleeve
990,tshirt_shape00_131_03,276,longsleeve
991,tshirt_shape11_91_38,115,longsleeve
992,tshirt_shape16_108_22,116,longsleeve
993,tshirt_shape11_91_12,196,longsleeve
994,tshirt_shape11_108_11,62,longsleeve
995,tshirt_shape09_49_04,63,longsleeve
996,tshirt_shape13_111_20,106,longsleeve
997,tshirt_shape13_02_04,121,longsleeve
998,tshirt_shape10_54_24,211,longsleeve
999,tshirt_shape01_105_05,181,longsleeve
1000,tshirt_shape15_108_22,116,longsleeve
1001,tshirt_shape08_91_12,196,longsleeve
1002,tshirt_shape03_104_11,135,longsleeve
1003,tshirt_shape11_128_02,42,longsleeve
1004,tshirt_shape07_73_09,151,longsleeve
1005,tshirt_shape04_111_05,121,longsleeve
1006,tshirt_shape10_111_37,82,longsleeve
1007,tshirt_shape04_111_14,121,longsleeve
1008,tshirt_shape07_131_03,276,longsleeve
1009,tshirt_shape10_73_09,151,longsleeve
1010,tshirt_shape10_91_38,115,longsleeve
1011,tshirt_shape12_40_12,151,longsleeve
1012,tshirt_shape06_40_12,151,longsleeve
1013,tshirt_shape02_108_18,62,longsleeve
1014,tshirt_shape01_135_07,173,longsleeve
1015,tshirt_shape03_76_11,129,longsleeve
1016,tshirt_shape00_26_11,138,longsleeve
1017,tshirt_shape01_111_20,106,longsleeve
1018,tshirt_shape04_05_20,274,longsleeve
1019,tshirt_shape08_108_18,62,longsleeve
1020,tshirt_shape09_111_37,82,longsleeve
1021,tshirt_shape15_108_11,62,longsleeve
1022,tshirt_shape13_132_54,181,longsleeve
1023,tshirt_shape05_108_16,89,longsleeve
1024,tshirt_shape15_144_30,211,longsleeve
1025,tshirt_shape08_128_03,42,longsleeve
1026,tshirt_shape15_108_12,35,longsleeve
1027,tshirt_shape10_108_22,116,longsleeve
1028,tshirt_shape06_128_06,50,longsleeve
1029,tshirt_shape01_91_38,115,longsleeve
1030,tshirt_shape16_128_07,87,longsleeve
1031,tshirt_shape14_108_16,89,longsleeve
1032,tshirt_shape00_111_02,106,longsleeve
1033,tshirt_shape06_108_11,62,longsleeve
1034,tshirt_shape06_128_05,53,longsleeve
1035,tshirt_shape14_91_38,115,longsleeve
1036,tshirt_shape08_02_05,121,longsleeve
1037,tshirt_shape05_128_03,42,longsleeve
1038,tshirt_shape01_108_22,116,longsleeve
1039,tshirt_shape14_131_03,276,longsleeve
1040,tshirt_shape08_108_27,105,longsleeve
1041,tshirt_shape16_111_14,121,longsleeve
1042,tshirt_shape06_144_28,133,longsleeve
1043,tshirt_shape02_108_11,62,longsleeve
1044,tshirt_shape02_91_62,151,longsleeve
1045,tshirt_shape03_91_36,151,longsleeve
1046,tshirt_shape14_108_20,70,longsleeve
1047,tshirt_shape00_111_37,82,longsleeve
1048,tshirt_shape12_144_30,211,longsleeve
1049,tshirt_shape00_55_12,151,longsleeve
1050,tshirt_shape00_49_04,63,longsleeve
1051,tshirt_shape11_111_20,106,longsleeve
1052,tshirt_shape03_111_37,82,longsleeve
1053,tshirt_shape15_02_04,121,longsleeve
1054,tshirt_shape01_91_61,91,longsleeve
1055,tshirt_shape09_108_27,105,longsleeve
1056,tshirt_shape01_46_01,155,longsleeve
1057,tshirt_shape08_91_62,151,longsleeve
1058,tshirt_shape07_111_02,106,longsleeve
1059,tshirt_shape16_54_24,211,longsleeve
1060,tshirt_shape10_108_20,70,longsleeve
1061,tshirt_shape06_76_11,129,longsleeve
1062,tshirt_shape16_91_12,196,longsleeve
1063,tshirt_shape13_91_61,91,longsleeve
1064,tshirt_shape09_76_05,211,longsleeve
1065,tshirt_shape15_104_04,50,longsleeve
1066,tshirt_shape00_63_25,154,longsleeve
1067,tshirt_shape00_13_13,110,longsleeve
1068,tshirt_shape06_46_01,155,longsleeve
1069,tshirt_shape05_144_30,211,longsleeve
1070,tshirt_shape12_108_11,62,longsleeve
1071,tshirt_shape13_104_17,117,longsleeve
1072,tshirt_shape10_91_19,181,longsleeve
1073,tshirt_shape11_02_05,121,longsleeve
1074,tshirt_shape07_05_20,274,longsleeve
1075,tshirt_shape12_108_20,70,longsleeve
1076,tshirt_shape02_128_06,50,longsleeve
1077,tshirt_shape08_26_11,138,longsleeve
1078,tshirt_shape12_111_37,82,longsleeve
1079,tshirt_shape07_55_12,151,longsleeve
1080,tshirt_shape00_05_20,274,longsleeve
1081,tshirt_shape08_55_12,151,longsleeve
1082,tshirt_shape07_108_11,62,longsleeve
1083,tshirt_shape11_128_07,87,longsleeve
1084,tshirt_shape11_128_05,53,longsleeve
1085,tshirt_shape06_63_25,154,longsleeve
1086,tshirt_shape02_128_02,42,longsleeve
1087,tshirt_shape12_02_04,121,longsleeve
1088,tshirt_shape12_104_17,117,longsleeve
1089,tshirt_shape09_135_09,166,longsleeve
1090,tshirt_shape01_13_13,110,longsleeve
1091,tshirt_shape12_111_02,106,longsleeve
1092,tshirt_shape06_111_14,121,longsleeve
1093,tshirt_shape13_128_05,53,longsleeve
1094,tshirt_shape09_104_53,75,longsleeve
1095,tshirt_shape05_55_12,151,longsleeve
1096,tshirt_shape06_91_33,203,longsleeve
1097,tshirt_shape00_02_05,121,longsleeve
1098,tshirt_shape04_111_02,106,longsleeve
1099,tshirt_shape06_91_19,181,longsleeve
1100,tshirt_shape00_91_19,181,longsleeve
1101,tshirt_shape04_02_05,121,longsleeve
1102,tshirt_shape14_128_07,87,longsleeve
1103,tshirt_shape00_128_02,42,longsleeve
1104,tshirt_shape10_40_12,151,longsleeve
1105,tshirt_shape03_13_13,110,longsleeve
1106,tshirt_shape12_54_24,211,longsleeve
1107,tshirt_shape10_105_05,181,longsleeve
1108,tshirt_shape05_05_20,274,longsleeve
1109,tshirt_shape10_49_04,63,longsleeve
1110,tshirt_shape15_13_13,110,longsleeve
1111,tshirt_shape15_105_05,181,longsleeve
1112,tshirt_shape12_02_05,121,longsleeve
1113,tshirt_shape02_111_14,121,longsleeve
1114,tshirt_shape10_91_33,203,longsleeve
1115,tshirt_shape03_02_05,121,longsleeve
1116,tshirt_shape16_02_05,121,longsleeve
1117,tshirt_shape16_135_09,166,longsleeve
1118,tshirt_shape15_144_28,133,longsleeve
1119,tshirt_shape10_128_03,42,longsleeve
1120,tshirt_shape09_91_12,196,longsleeve
1121,tshirt_shape16_91_19,181,longsleeve
1122,tshirt_shape04_108_17,58,longsleeve
1123,tshirt_shape09_144_30,211,longsleeve
1124,tshirt_shape15_135_07,173,longsleeve
1125,tshirt_shape04_76_05,211,longsleeve
1126,tshirt_shape16_132_54,181,longsleeve
1127,tshirt_shape15_128_02,42,longsleeve
1128,tshirt_shape04_02_04,121,longsleeve
1129,tshirt_shape03_111_20,106,longsleeve
1130,tshirt_shape00_108_16,89,longsleeve
1131,tshirt_shape11_104_11,135,longsleeve
1132,tshirt_shape11_131_03,276,longsleeve
1133,tshirt_shape01_111_05,121,longsleeve
1134,tshirt_shape01_108_18,62,longsleeve
1135,tshirt_shape03_108_22,116,longsleeve
1136,tshirt_shape05_26_11,138,longsleeve
1137,tshirt_shape04_104_17,117,longsleeve
1138,tshirt_shape02_91_61,91,longsleeve
1139,tshirt_shape07_40_12,151,longsleeve
1140,tshirt_shape04_108_12,35,longsleeve
1141,tshirt_shape15_104_17,117,longsleeve
1142,tshirt_shape13_135_09,166,longsleeve
1143,tshirt_shape08_91_38,115,longsleeve
1144,tshirt_shape06_131_03,276,longsleeve
1145,tshirt_shape00_144_30,211,longsleeve
1146,tshirt_shape01_02_05,121,longsleeve
1147,tshirt_shape09_55_12,151,longsleeve
1148,tshirt_shape06_108_12,35,longsleeve
1149,tshirt_shape09_111_20,106,longsleeve
1150,tshirt_shape04_108_22,116,longsleeve
1151,tshirt_shape13_40_12,151,longsleeve
1152,tshirt_shape06_91_12,196,longsleeve
1153,tshirt_shape07_128_05,53,longsleeve
1154,tshirt_shape10_144_30,211,longsleeve
1155,tshirt_shape15_02_05,121,longsleeve
1156,tshirt_shape04_54_24,211,longsleeve
1157,tshirt_shape10_63_25,154,longsleeve
1158,tshirt_shape05_144_26,151,longsleeve
1159,tshirt_shape02_91_36,151,longsleeve
1160,tshirt_shape03_63_25,154,longsleeve
1161,tshirt_shape11_02_04,121,longsleeve
1162,tshirt_shape12_132_54,181,longsleeve
1163,tshirt_shape08_73_09,151,longsleeve
1164,tshirt_shape08_46_01,155,longsleeve
1165,tshirt_shape06_104_11,135,longsleeve
1166,tshirt_shape01_111_02,106,longsleeve
1167,tshirt_shape16_63_25,154,longsleeve
1168,tshirt_shape11_05_20,274,longsleeve
1169,tshirt_shape15_111_02,106,longsleeve
1170,tshirt_shape07_128_07,87,longsleeve
1171,tshirt_shape02_91_38,115,longsleeve
1172,tshirt_shape07_135_09,166,longsleeve
1173,tshirt_shape05_76_11,129,longsleeve
1174,tshirt_shape15_111_37,82,longsleeve
1175,tshirt_shape06_108_17,58,longsleeve
1176,tshirt_shape14_91_36,151,longsleeve
1177,tshirt_shape09_131_03,276,longsleeve
1178,tshirt_shape01_91_36,151,longsleeve
1179,tshirt_shape02_55_12,151,longsleeve
1180,tshirt_shape07_128_04,35,longsleeve
1181,tshirt_shape08_91_36,151,longsleeve
1182,tshirt_shape15_91_61,91,longsleeve
1183,tshirt_shape05_144_28,133,longsleeve
1184,tshirt_shape11_144_30,211,longsleeve
1185,tshirt_shape08_108_20,70,longsleeve
1186,tshirt_shape04_26_11,138,longsleeve
1187,tshirt_shape07_132_54,181,longsleeve
1188,tshirt_shape10_104_04,50,longsleeve
1189,tshirt_shape11_91_33,203,longsleeve
1190,tshirt_shape06_108_20,70,longsleeve
1191,tshirt_shape06_26_11,138,longsleeve
1192,tshirt_shape07_128_03,42,longsleeve
1193,tshirt_shape05_131_03,276,longsleeve
1194,tshirt_shape03_49_04,63,longsleeve
1195,tshirt_shape14_108_18,62,longsleeve
1196,tshirt_shape00_128_03,42,longsleeve
1197,tshirt_shape14_128_06,50,longsleeve
1198,tshirt_shape04_73_09,151,longsleeve
1199,tshirt_shape11_91_19,181,longsleeve
1200,tshirt_shape12_55_12,151,longsleeve
1201,tshirt_shape00_108_27,105,longsleeve
1202,tshirt_shape07_104_17,117,longsleeve
1203,tshirt_shape08_104_17,117,longsleeve
1204,tshirt_shape12_63_25,154,longsleeve
1205,tshirt_shape13_49_04,63,longsleeve
1206,tshirt_shape00_91_62,151,longsleeve
1207,tshirt_shape11_26_11,138,longsleeve
1208,tshirt_shape00_108_12,35,longsleeve
1209,tshirt_shape08_40_12,151,longsleeve
1210,tshirt_shape11_13_13,110,longsleeve
1211,tshirt_shape10_108_27,105,longsleeve
1212,tshirt_shape07_144_26,151,longsleeve
1213,tshirt_shape13_104_04,50,longsleeve
1214,tshirt_shape14_76_05,211,longsleeve
1215,tshirt_shape01_108_20,70,longsleeve
1216,tshirt_shape14_105_05,181,longsleeve
1217,tshirt_shape08_108_22,116,longsleeve
1218,tshirt_shape13_128_04,35,longsleeve
1219,tshirt_shape13_108_11,62,longsleeve
1220,tshirt_shape09_91_38,115,longsleeve
1221,tshirt_shape07_108_17,58,longsleeve
1222,tshirt_shape07_144_28,133,longsleeve
1223,tshirt_shape08_128_07,87,longsleeve
1224,tshirt_shape11_91_61,91,longsleeve
1225,tshirt_shape11_108_17,58,longsleeve
1226,tshirt_shape00_73_09,151,longsleeve
1227,tshirt_shape07_49_04,63,longsleeve
1228,tshirt_shape12_104_53,75,longsleeve
1229,tshirt_shape02_05_20,274,longsleeve
1230,tshirt_shape15_108_27,105,longsleeve
1231,tshirt_shape06_108_22,116,longsleeve
1232,tshirt_shape13_26_11,138,longsleeve
1233,tshirt_shape09_105_05,181,longsleeve
1234,tshirt_shape09_108_16,89,longsleeve
1235,tshirt_shape16_26_11,138,longsleeve
1236,tshirt_shape03_108_20,70,longsleeve
1237,tshirt_shape07_91_38,115,longsleeve
1238,tshirt_shape12_128_05,53,longsleeve
1239,tshirt_shape04_128_03,42,longsleeve
1240,tshirt_shape08_108_11,62,longsleeve
1241,tshirt_shape14_05_20,274,longsleeve
1242,tshirt_shape03_111_02,106,longsleeve
1243,tshirt_shape03_144_26,151,longsleeve
1244,tshirt_shape07_26_11,138,longsleeve
1245,tshirt_shape02_76_05,211,longsleeve
1246,tshirt_shape00_91_38,115,longsleeve
1247,tshirt_shape06_54_24,211,longsleeve
1248,tshirt_shape00_91_12,196,longsleeve
1249,tshirt_shape06_108_18,62,longsleeve
1250,tshirt_shape12_105_05,181,longsleeve
1251,tshirt_shape12_111_20,106,longsleeve
1252,tshirt_shape14_46_01,155,longsleeve
1253,tshirt_shape15_46_01,155,longsleeve
1254,tshirt_shape00_46_01,155,longsleeve
1255,tshirt_shape08_05_20,274,longsleeve
1256,tshirt_shape09_26_11,138,longsleeve
1257,tshirt_shape13_128_06,50,longsleeve
1258,tshirt_shape16_144_30,211,longsleeve
1259,tshirt_shape00_104_11,135,longsleeve
1260,tshirt_shape11_108_18,62,longsleeve
1261,tshirt_shape14_108_22,116,longsleeve
1262,tshirt_shape00_144_26,151,longsleeve
1263,tshirt_shape06_91_36,151,longsleeve
1264,tshirt_shape05_46_01,155,longsleeve
1265,tshirt_shape02_128_04,35,longsleeve
1266,tshirt_shape00_40_12,151,longsleeve
1267,tshirt_shape13_73_09,151,longsleeve
1268,tshirt_shape05_13_13,110,longsleeve
1269,tshirt_shape03_128_02,42,longsleeve
1270,tshirt_shape04_135_07,173,longsleeve
1271,tshirt_shape14_02_05,121,longsleeve
1272,tshirt_shape05_49_04,63,longsleeve
1273,tshirt_shape06_91_62,151,longsleeve
1274,tshirt_shape11_76_05,211,longsleeve
1275,tshirt_shape16_104_17,117,longsleeve
1276,tshirt_shape04_105_05,181,longsleeve
1277,tshirt_shape02_105_05,181,longsleeve
1278,tshirt_shape16_128_03,42,longsleeve
1279,tshirt_shape15_91_36,151,longsleeve
1280,tshirt_shape12_108_27,105,longsleeve
1281,tshirt_shape16_105_05,181,longsleeve
1282,tshirt_shape06_104_17,117,longsleeve
1283,tshirt_shape12_104_11,135,longsleeve
1284,tshirt_shape05_132_54,181,longsleeve
1285,tshirt_shape15_108_16,89,longsleeve
1286,tshirt_shape07_128_06,50,longsleeve
1287,tshirt_shape08_144_30,211,longsleeve
1288,tshirt_shape00_111_14,121,longsleeve
1289,tshirt_shape09_02_05,121,longsleeve
1290,tshirt_shape13_104_11,135,longsleeve
1291,tshirt_shape16_144_28,133,longsleeve
1292,tshirt_shape14_91_61,91,longsleeve
1293,tshirt_shape14_104_53,75,longsleeve
1294,tshirt_shape05_111_05,121,longsleeve
1295,tshirt_shape11_104_04,50,longsleeve
1296,tshirt_shape12_128_02,42,longsleeve
1297,tshirt_shape04_104_11,135,longsleeve
1298,tshirt_shape00_76_05,211,longsleeve
1299,tshirt_shape13_13_13,110,longsleeve
1300,tshirt_shape15_49_04,63,longsleeve
1301,tshirt_shape02_135_07,173,longsleeve
1302,tshirt_shape10_76_11,129,longsleeve
1303,tshirt_shape07_108_18,62,longsleeve
1304,tshirt_shape00_144_28,133,longsleeve
1305,tshirt_shape12_128_04,35,longsleeve
1306,tshirt_shape05_91_36,151,longsleeve
1307,tshirt_shape09_108_20,70,longsleeve
1308,tshirt_shape06_128_04,35,longsleeve
1309,tshirt_shape01_108_16,89,longsleeve
1310,tshirt_shape06_104_53,75,longsleeve
1311,tshirt_shape15_128_06,50,longsleeve
1312,tshirt_shape10_128_04,35,longsleeve
1313,tshirt_shape14_54_24,211,longsleeve
1314,tshirt_shape13_91_33,203,longsleeve
1315,tshirt_shape12_111_14,121,longsleeve
1316,tshirt_shape11_105_05,181,longsleeve
1317,tshirt_shape06_128_03,42,longsleeve
1318,tshirt_shape04_91_38,115,longsleeve
1319,tshirt_shape07_91_19,181,longsleeve
1320,tshirt_shape08_128_05,53,longsleeve
1321,tshirt_shape03_131_03,276,longsleeve
1322,tshirt_shape12_135_09,166,longsleeve
1323,tshirt_shape04_49_04,63,longsleeve
1324,tshirt_shape02_135_09,166,longsleeve
1325,tshirt_shape15_91_38,115,longsleeve
1326,tshirt_shape01_108_17,58,longsleeve
1327,tshirt_shape07_128_02,42,longsleeve
1328,tshirt_shape10_108_11,62,longsleeve
1329,tshirt_shape00_104_04,50,longsleeve
1330,tshirt_shape02_132_54,181,longsleeve
1331,tshirt_shape02_131_03,276,longsleeve
1332,tshirt_shape09_91_19,181,longsleeve
1333,tshirt_shape03_144_30,211,longsleeve
1334,tshirt_shape03_54_24,211,longsleeve
1335,tshirt_shape03_128_03,42,longsleeve
1336,tshirt_shape07_111_14,121,longsleeve
1337,tshirt_shape16_144_26,151,longsleeve
1338,tshirt_shape04_108_18,62,longsleeve
1339,tshirt_shape02_104_04,50,longsleeve
1340,tshirt_shape13_46_01,155,longsleeve
1341,tshirt_shape01_111_14,121,longsleeve
1342,tshirt_shape10_128_06,50,longsleeve
1343,tshirt_shape06_132_54,181,longsleeve
1344,tshirt_shape07_108_27,105,longsleeve
1345,tshirt_shape16_135_07,173,longsleeve
1346,tshirt_shape12_49_04,63,longsleeve
1347,tshirt_shape08_02_04,121,longsleeve
1348,tshirt_shape11_128_06,50,longsleeve
1349,tshirt_shape15_26_11,138,longsleeve
1350,tshirt_shape08_128_06,50,longsleeve
1351,tshirt_shape00_128_04,35,longsleeve
1352,tshirt_shape04_128_04,35,longsleeve
1353,tshirt_shape08_108_16,89,longsleeve
1354,tshirt_shape04_128_06,50,longsleeve
1355,tshirt_shape16_73_09,151,longsleeve
1356,tshirt_shape15_131_03,276,longsleeve
1357,tshirt_shape03_108_11,62,longsleeve
1358,tshirt_shape01_54_24,211,longsleeve
1359,tshirt_shape08_135_07,173,longsleeve
1360,tshirt_shape03_55_12,151,longsleeve
1361,tshirt_shape06_111_05,121,longsleeve
1362,tshirt_shape01_76_11,129,longsleeve
1363,tshirt_shape12_144_28,133,longsleeve
1364,tshirt_shape09_76_11,129,longsleeve
1365,tshirt_shape16_128_02,42,longsleeve
1366,tshirt_shape01_02_04,121,longsleeve
1367,tshirt_shape07_108_20,70,longsleeve
1368,tshirt_shape06_13_13,110,longsleeve
1369,tshirt_shape16_91_62,151,longsleeve
1370,tshirt_shape01_144_30,211,longsleeve
1371,tshirt_shape05_73_09,151,longsleeve
1372,tshirt_shape13_108_16,89,longsleeve
1373,tshirt_shape13_02_05,121,longsleeve
1374,tshirt_shape09_111_05,121,longsleeve
1375,tshirt_shape06_104_04,50,longsleeve
1376,tshirt_shape10_135_09,166,longsleeve
1377,tshirt_shape04_128_07,87,longsleeve
1378,tshirt_shape10_02_05,121,longsleeve
1379,tshirt_shape02_104_17,117,longsleeve
1380,tshirt_shape10_108_12,35,longsleeve
1381,tshirt_shape15_108_17,58,longsleeve
1382,tshirt_shape16_05_20,274,longsleeve
1383,tshirt_shape15_05_20,274,longsleeve
1384,tshirt_shape13_128_02,42,longsleeve
1385,tshirt_shape03_128_05,53,longsleeve
1386,tshirt_shape16_46_01,155,longsleeve
1387,tshirt_shape12_05_20,274,longsleeve
1388,tshirt_shape02_91_19,181,longsleeve
1389,tshirt_shape15_128_05,53,longsleeve
1390,tshirt_shape10_111_14,121,longsleeve
1391,tshirt_shape03_105_05,181,longsleeve
1392,tshirt_shape11_108_16,89,longsleeve
1393,tshirt_shape16_111_02,106,longsleeve
1394,tshirt_shape04_108_27,105,longsleeve
1395,tshirt_shape14_104_17,117,longsleeve
1396,tshirt_shape08_104_04,50,longsleeve
1397,tshirt_shape06_108_27,105,longsleeve
1398,tshirt_shape09_91_61,91,longsleeve
1399,tshirt_shape02_76_11,129,longsleeve
1400,tshirt_shape04_40_12,151,longsleeve
1401,tshirt_shape11_40_12,151,longsleeve
1402,tshirt_shape06_135_07,173,longsleeve
1403,tshirt_shape04_108_20,70,longsleeve
1404,tshirt_shape14_128_05,53,longsleeve
1405,tshirt_shape16_76_05,211,longsleeve
1406,tshirt_shape08_111_37,82,longsleeve
1407,tshirt_shape04_46_01,155,longsleeve
1408,tshirt_shape09_108_12,35,longsleeve
1409,tshirt_shape12_131_03,276,longsleeve
1410,tshirt_shape09_104_17,117,longsleeve
1411,tshirt_shape12_91_62,151,longsleeve
1412,tshirt_shape10_104_11,135,longsleeve
1413,tshirt_shape05_135_07,173,longsleeve
1414,tshirt_shape11_91_36,151,longsleeve
1415,tshirt_shape07_54_24,211,longsleeve
1416,tshirt_shape01_91_19,181,longsleeve
1417,tshirt_shape09_144_26,151,longsleeve
1418,tshirt_shape04_91_33,203,longsleeve
1419,tshirt_shape06_105_05,181,longsleeve
1420,tshirt_shape02_02_05,121,longsleeve
1421,tshirt_shape13_91_12,196,longsleeve
1422,tshirt_shape00_132_54,181,longsleeve
1423,tshirt_shape01_91_12,196,longsleeve
1424,tshirt_shape04_128_02,42,longsleeve
1425,tshirt_shape01_104_11,135,longsleeve
1426,tshirt_shape12_108_18,62,longsleeve
1427,tshirt_shape02_111_05,121,longsleeve
1428,tshirt_shape14_91_19,181,longsleeve
1429,tshirt_shape12_128_03,42,longsleeve
1430,tshirt_shape13_76_05,211,longsleeve
1431,tshirt_shape05_128_07,87,longsleeve
1432,tshirt_shape10_128_07,87,longsleeve
1433,tshirt_shape09_111_02,106,longsleeve
1434,tshirt_shape09_128_07,87,longsleeve
1435,tshirt_shape16_55_12,151,longsleeve
1436,tshirt_shape10_91_12,196,longsleeve
1437,tshirt_shape02_49_04,63,longsleeve
1438,tshirt_shape10_128_05,53,longsleeve
1439,tshirt_shape09_104_04,50,longsleeve
1440,tshirt_shape10_111_20,106,longsleeve
1441,tshirt_shape01_132_54,181,longsleeve
1442,tshirt_shape00_105_05,181,longsleeve
1443,tshirt_shape05_111_37,82,longsleeve
1444,tshirt_shape03_46_01,155,longsleeve
1445,tshirt_shape12_111_05,121,longsleeve
1446,tshirt_shape04_128_05,53,longsleeve
1447,tshirt_shape08_111_02,106,longsleeve
1448,tshirt_shape16_91_33,203,longsleeve
1449,tshirt_shape03_128_07,87,longsleeve
1450,tshirt_shape08_13_13,110,longsleeve
1451,tshirt_shape08_63_25,154,longsleeve
1452,tshirt_shape05_105_05,181,longsleeve
1453,tshirt_shape12_91_19,181,longsleeve
1454,tshirt_shape09_104_11,135,longsleeve
1455,tshirt_shape13_111_05,121,longsleeve
1456,tshirt_shape12_73_09,151,longsleeve
1457,tshirt_shape12_46_01,155,longsleeve
1458,tshirt_shape01_108_11,62,longsleeve
1459,tshirt_shape10_104_53,75,longsleeve
1460,tshirt_shape15_108_20,70,longsleeve
1461,tshirt_shape16_111_05,121,longsleeve
1462,tshirt_shape02_63_25,154,longsleeve
1463,tshirt_shape15_76_11,129,longsleeve
1464,tshirt_shape07_02_05,121,longsleeve
1465,tshirt_shape08_76_05,211,longsleeve
1466,tshirt_shape08_111_14,121,longsleeve
1467,tshirt_shape09_128_03,42,longsleeve
1468,tshirt_shape11_135_07,173,longsleeve
1469,tshirt_shape10_55_12,151,longsleeve
1470,tshirt_shape05_108_18,62,longsleeve
1471,tshirt_shape10_131_03,276,longsleeve
1472,tshirt_shape04_63_25,154,longsleeve
1473,tshirt_shape11_104_53,75,longsleeve
1474,tshirt_shape09_132_54,181,longsleeve
1475,tshirt_shape15_128_03,42,longsleeve
1476,tshirt_shape15_91_19,181,longsleeve
1477,tshirt_shape11_55_12,151,longsleeve
1478,tshirt_shape14_108_12,35,longsleeve
1479,tshirt_shape05_108_12,35,longsleeve
1480,tshirt_shape09_40_12,151,longsleeve
1481,tshirt_shape09_144_28,133,longsleeve
1482,tshirt_shape06_111_02,106,longsleeve
1483,tshirt_shape09_128_04,35,longsleeve
1484,tshirt_shape00_135_09,166,longsleeve
1485,tshirt_shape12_91_12,196,longsleeve
1486,tshirt_shape09_108_17,58,longsleeve
1487,tshirt_shape15_40_12,151,longsleeve
1488,tshirt_shape02_108_27,105,longsleeve
1489,tshirt_shape12_91_33,203,longsleeve
1490,tshirt_shape03_111_14,121,longsleeve
1491,tshirt_shape06_144_26,151,longsleeve
1492,tshirt_shape01_73_09,151,longsleeve
1493,tshirt_shape11_135_09,166,longsleeve
1494,tshirt_shape11_111_05,121,longsleeve
1495,tshirt_shape02_144_30,211,longsleeve
1496,tshirt_shape14_111_37,82,longsleeve
1497,tshirt_shape12_91_38,115,longsleeve
1498,tshirt_shape16_108_16,89,longsleeve
1499,tshirt_shape00_104_53,75,longsleeve
1500,tshirt_shape16_108_11,62,longsleeve
1501,tshirt_shape03_144_28,133,longsleeve
1502,tshirt_shape12_13_13,110,longsleeve
1503,tshirt_shape07_104_53,75,longsleeve
1504,tshirt_shape00_54_24,211,longsleeve
1505,tshirt_shape10_128_02,42,longsleeve
1506,tshirt_shape16_104_53,75,longsleeve
1507,tshirt_shape03_76_05,211,longsleeve
1508,tshirt_shape09_13_13,110,longsleeve
1509,tshirt_shape04_104_04,50,longsleeve
1510,tshirt_shape12_26_11,138,longsleeve
1511,tshirt_shape10_104_17,117,longsleeve
1512,tshirt_shape14_128_02,42,longsleeve
1513,tshirt_shape02_46_01,155,longsleeve
1514,tshirt_shape09_73_09,151,longsleeve
1515,tshirt_shape13_144_28,133,longsleeve
1516,tshirt_shape04_13_13,110,longsleeve
1517,tshirt_shape01_40_12,151,longsleeve
1518,tshirt_shape02_26_11,138,longsleeve
1519,tshirt_shape08_49_04,63,longsleeve
1520,tshirt_shape11_104_17,117,longsleeve
1521,tshirt_shape10_108_17,58,longsleeve
1522,tshirt_shape00_02_04,121,longsleeve
1523,tshirt_shape07_111_05,121,longsleeve
1524,tshirt_shape06_05_20,274,longsleeve
1525,tshirt_shape13_144_26,151,longsleeve
1526,tshirt_shape00_108_11,62,longsleeve
1527,tshirt_shape03_135_09,166,longsleeve
1528,tshirt_shape07_105_05,181,longsleeve
1529,tshirt_shape03_73_09,151,longsleeve
1530,tshirt_shape11_132_54,181,longsleeve
1531,tshirt_shape12_128_06,50,longsleeve
1532,tshirt_shape07_104_04,50,longsleeve
1533,tshirt_shape13_54_24,211,longsleeve
1534,tshirt_shape05_128_02,42,longsleeve
1535,tshirt_shape16_104_04,50,longsleeve
1536,tshirt_shape16_91_61,91,longsleeve
1537,tshirt_shape02_111_37,82,longsleeve
1538,tshirt_shape10_76_05,211,longsleeve
1539,tshirt_shape11_73_09,151,longsleeve
1540,tshirt_shape12_128_07,87,longsleeve
1541,tshirt_shape06_111_20,106,longsleeve
1542,tshirt_shape05_91_62,151,longsleeve
1543,tshirt_shape00_111_05,121,longsleeve
1544,tshirt_shape00_128_06,50,longsleeve
1545,tshirt_shape08_131_03,276,longsleeve
1546,tshirt_shape01_128_03,42,longsleeve
1547,tshirt_shape14_49_04,63,longsleeve
1548,tshirt_shape14_144_28,133,longsleeve
1549,tshirt_shape02_108_22,116,longsleeve
1550,tshirt_shape00_91_36,151,longsleeve
1551,tshirt_shape03_91_33,203,longsleeve
1552,tshirt_shape15_128_07,87,longsleeve
1553,tshirt_shape07_108_16,89,longsleeve
1554,tshirt_shape10_135_07,173,longsleeve
1555,tshirt_shape05_108_27,105,longsleeve
1556,tshirt_shape03_104_53,75,longsleeve
1557,tshirt_shape05_108_22,116,longsleeve
1558,tshirt_shape03_02_04,121,longsleeve
1559,tshirt_shape07_91_61,91,longsleeve
1560,tshirt_shape09_46_01,155,longsleeve
1561,tshirt_shape03_108_18,62,longsleeve
1562,tshirt_shape09_128_02,42,longsleeve
1563,tshirt_shape06_76_05,211,longsleeve
1564,tshirt_shape13_108_18,62,longsleeve
1565,tshirt_shape04_144_26,151,longsleeve
1566,tshirt_shape01_104_17,117,longsleeve
1567,tshirt_shape12_91_61,91,longsleeve
1568,tshirt_shape07_91_12,196,longsleeve
1569,tshirt_shape10_111_02,106,longsleeve
1570,tshirt_shape11_54_24,211,longsleeve
1571,tshirt_shape13_63_25,154,longsleeve
1572,tshirt_shape01_108_12,35,longsleeve
1573,tshirt_shape00_108_18,62,longsleeve
1574,tshirt_shape09_91_33,203,longsleeve
1575,tshirt_shape08_144_26,151,longsleeve
1576,tshirt_shape08_104_53,75,longsleeve
1577,tshirt_shape11_111_37,82,longsleeve
1578,tshirt_shape16_128_04,35,longsleeve
1579,tshirt_shape04_76_11,129,longsleeve
1580,tshirt_shape05_91_19,181,longsleeve
1581,tshirt_shape05_108_11,62,longsleeve
1582,tshirt_shape04_135_09,166,longsleeve
1583,tshirt_shape05_02_04,121,longsleeve
1584,tshirt_shape14_132_54,181,longsleeve
1585,tshirt_shape04_144_28,133,longsleeve
1586,tshirt_shape07_91_36,151,longsleeve
1587,tshirt_shape13_05_20,274,longsleeve
1588,tshirt_shape04_55_12,151,longsleeve
1589,tshirt_shape13_108_17,58,longsleeve
1590,tshirt_shape05_91_33,203,longsleeve
1591,tshirt_shape03_26_11,138,longsleeve
1592,tshirt_shape16_111_37,82,longsleeve
1593,tshirt_shape05_135_09,166,longsleeve
1594,tshirt_shape16_108_18,62,longsleeve
1595,tshirt_shape01_104_04,50,longsleeve
1596,tshirt_shape14_111_02,106,longsleeve
1597,tshirt_shape09_108_18,62,longsleeve
1598,tshirt_shape05_104_11,135,longsleeve
1599,tshirt_shape14_13_13,110,longsleeve
1600,tshirt_shape05_76_05,211,longsleeve
1601,tshirt_shape04_108_11,62,longsleeve
1602,tshirt_shape03_104_04,50,longsleeve
1603,tshirt_shape14_135_09,166,longsleeve
1604,tshirt_shape10_91_62,151,longsleeve
1605,tshirt_shape10_144_26,151,longsleeve
1606,tshirt_shape03_108_16,89,longsleeve
1607,tshirt_shape07_108_12,35,longsleeve
1608,tshirt_shape16_108_12,35,longsleeve
1609,tshirt_shape07_144_30,211,longsleeve
1610,tshirt_shape15_132_54,181,longsleeve
1611,tshirt_shape04_91_61,91,longsleeve
1612,tshirt_shape09_91_62,151,longsleeve
1613,tshirt_shape07_111_37,82,longsleeve
1614,tshirt_shape02_108_16,89,longsleeve
1615,tshirt_shape06_73_09,151,longsleeve
1616,tshirt_shape16_02_04,121,longsleeve
1617,tshirt_shape00_91_33,203,longsleeve
1618,tshirt_shape03_108_17,58,longsleeve
1619,tshirt_shape09_02_04,121,longsleeve
1620,tshirt_shape15_63_25,154,longsleeve
1621,tshirt_shape01_104_53,75,longsleeve
1622,tshirt_shape03_104_17,117,longsleeve
1623,tshirt_shape12_108_22,116,longsleeve
1624,tshirt_shape09_108_11,62,longsleeve
1625,tshirt_shape13_108_22,116,longsleeve
1626,tshirt_shape03_91_12,196,longsleeve
1627,tshirt_shape14_108_27,105,longsleeve
1628,tshirt_shape01_128_04,35,longsleeve
1629,tshirt_shape11_91_62,151,longsleeve
1630,tshirt_shape14_63_25,154,longsleeve
1631,tshirt_shape09_63_25,154,longsleeve
1632,tshirt_shape13_91_19,181,longsleeve
1633,tshirt_shape01_128_02,42,longsleeve
1634,tshirt_shape11_49_04,63,longsleeve
1635,tshirt_shape10_144_28,133,longsleeve
1636,tshirt_shape03_91_19,181,longsleeve
1637,tshirt_shape08_104_11,135,longsleeve
1638,tshirt_shape07_76_11,129,longsleeve
1639,tshirt_shape07_63_25,154,longsleeve
1640,tshirt_shape10_02_04,121,longsleeve
1641,tshirt_shape05_128_06,50,longsleeve
1642,tshirt_shape13_104_53,75,longsleeve
1643,tshirt_shape16_76_11,129,longsleeve
1644,tshirt_shape13_91_36,151,longsleeve
1645,tshirt_shape02_108_12,35,longsleeve
1646,tshirt_shape14_55_12,151,longsleeve
1647,tshirt_shape01_128_07,87,longsleeve
1648,tshirt_shape01_55_12,151,longsleeve
1649,tshirt_shape02_128_07,87,longsleeve
1650,tshirt_shape16_108_27,105,longsleeve
1651,tshirt_shape07_13_13,110,longsleeve
1652,tshirt_shape14_91_12,196,longsleeve
1653,tshirt_shape04_104_53,75,longsleeve
1654,tshirt_shape05_104_53,75,longsleeve
1655,tshirt_shape06_91_61,91,longsleeve
1656,tshirt_shape02_54_24,211,longsleeve
1657,tshirt_shape16_91_38,115,longsleeve
1658,tshirt_shape14_144_30,211,longsleeve
1659,tshirt_shape07_111_20,106,longsleeve
1660,tshirt_shape00_135_07,173,longsleeve
1661,tshirt_shape00_104_17,117,longsleeve
1662,tshirt_shape00_108_17,58,longsleeve
1663,tshirt_shape01_144_28,133,longsleeve
1664,tshirt_shape16_91_36,151,longsleeve
1665,tshirt_shape13_108_27,105,longsleeve
1666,tshirt_shape04_144_30,211,longsleeve
1667,tshirt_shape10_111_05,121,longsleeve
1668,tshirt_shape16_131_03,276,longsleeve
1669,tshirt_shape08_108_17,58,longsleeve
1670,tshirt_shape00_128_07,87,longsleeve
1671,tshirt_shape08_132_54,181,longsleeve
1672,tshirt_shape16_40_12,151,longsleeve
1673,tshirt_shape05_63_25,154,longsleeve
1674,tshirt_shape10_91_36,151,longsleeve
1675,tshirt_shape13_131_03,276,longsleeve
1676,tshirt_shape11_144_26,151,longsleeve
1677,tshirt_shape09_128_06,50,longsleeve
1678,tshirt_shape02_111_02,106,longsleeve
1679,tshirt_shape08_128_04,35,longsleeve
1680,tshirt_shape04_108_16,89,longsleeve
1681,tshirt_shape14_73_09,151,longsleeve
1682,tshirt_shape02_02_04,121,longsleeve
1683,tshirt_shape15_104_11,135,longsleeve
1684,tshirt_shape07_104_11,135,longsleeve
1685,tshirt_shape14_111_14,121,longsleeve
1686,tshirt_shape08_108_12,35,longsleeve
1687,tshirt_shape06_135_09,166,longsleeve
1688,tshirt_shape13_111_02,106,longsleeve
1689,tshirt_shape06_91_38,115,longsleeve
1690,tshirt_shape03_108_27,105,longsleeve
1691,tshirt_shape04_111_20,106,longsleeve
1692,tshirt_shape01_91_33,203,longsleeve
1693,tshirt_shape07_46_01,155,longsleeve
1694,tshirt_shape11_108_12,35,longsleeve
1695,tshirt_shape10_13_13,110,longsleeve
1696,tshirt_shape04_91_12,196,longsleeve
1697,tshirt_shape05_128_05,53,longsleeve
1698,tshirt_shape08_54_24,211,longsleeve
1699,tshirt_shape09_108_22,116,longsleeve
1700,tshirt_shape02_104_53,75,longsleeve
1701,tshirt_shape05_91_12,196,longsleeve
1702,tshirt_shape15_135_09,166,longsleeve
1703,tshirt_shape00_108_20,70,longsleeve
1704,tshirt_shape11_108_27,105,longsleeve
1705,tshirt_shape16_128_06,50,longsleeve
1706,tshirt_shape15_128_04,35,longsleeve
1707,tshirt_shape01_05_20,274,longsleeve
1708,tshirt_shape01_76_05,211,longsleeve
1709,tshirt_shape12_76_11,129,longsleeve
1710,tshirt_shape08_91_61,91,longsleeve
1711,tshirt_shape13_76_11,129,longsleeve
1712,tshirt_shape05_108_20,70,longsleeve
1713,tshirt_shape12_76_05,211,longsleeve
1714,tshirt_shape16_128_05,53,longsleeve
1715,tshirt_shape15_111_14,121,longsleeve
1716,tshirt_shape16_108_17,58,longsleeve
1717,tshirt_shape04_131_03,276,longsleeve
1718,tshirt_shape15_54_24,211,longsleeve
1719,tshirt_shape06_02_04,121,longsleeve
1720,tshirt_shape09_54_24,211,longsleeve
1721,tshirt_shape09_05_20,274,longsleeve
1722,tshirt_shape01_135_09,166,longsleeve
1723,tshirt_shape08_76_11,129,longsleeve
1724,tshirt_shape09_91_36,151,longsleeve
1725,tshirt_shape16_108_20,70,longsleeve
1726,tshirt_shape07_91_62,151,longsleeve
1727,tshirt_shape00_111_20,106,longsleeve
1728,tshirt_shape10_132_54,181,longsleeve
1729,tshirt_shape11_128_04,35,longsleeve
1730,tshirt_shape02_111_20,106,longsleeve
1731,tshirt_shape03_05_20,274,longsleeve
1732,tshirt_shape01_26_11,138,longsleeve
1733,tshirt_shape01_128_05,53,longsleeve
1734,tshirt_shape08_144_28,133,longsleeve
1735,tshirt_shape02_73_09,151,longsleeve
1736,tshirt_shape13_91_62,151,longsleeve
1737,tshirt_shape15_76_05,211,longsleeve
1738,tshirt_shape13_144_30,211,longsleeve
1739,tshirt_shape16_13_13,110,longsleeve
1740,tshirt_shape02_144_26,151,longsleeve
1741,tshirt_shape07_76_05,211,longsleeve
1742,tshirt_shape13_108_20,70,longsleeve
1743,tshirt_shape11_108_22,116,longsleeve
1744,tshirt_shape03_135_07,173,longsleeve
1745,tshirt_shape14_111_20,106,longsleeve
1746,tshirt_shape01_131_03,276,longsleeve
1747,tshirt_shape08_105_05,181,longsleeve
1748,tshirt_shape08_111_05,121,longsleeve
1749,tshirt_shape03_128_06,50,longsleeve
1750,tshirt_shape14_76_11,129,longsleeve
1751,tshirt_shape13_128_07,87,longsleeve
1752,tshirt_shape14_111_05,121,longsleeve
1753,tshirt_shape03_91_38,115,longsleeve
1754,tshirt_shape04_91_36,151,longsleeve
1755,tshirt_shape14_108_17,58,longsleeve
1756,tshirt_shape14_91_62,151,longsleeve
1757,tshirt_shape13_91_38,115,longsleeve
1758,tshirt_shape01_128_06,50,longsleeve
1759,tshirt_shape14_104_04,50,longsleeve
1760,tshirt_shape05_111_14,121,longsleeve
1761,tshirt_shape15_111_20,106,longsleeve
1762,tshirt_shape15_91_33,203,longsleeve
1763,tshirt_shape15_55_12,151,longsleeve
1764,tshirt_shape11_111_14,121,longsleeve
1765,tshirt_shape02_128_03,42,longsleeve
1766,tshirt_shape06_144_30,211,longsleeve
1767,tshirt_shape07_02_04,121,longsleeve
1768,tshirt_shape14_104_11,135,tank
1769,tshirt_shape08_128_02,42,tank
1770,tshirt_shape14_128_03,42,tank
1771,tshirt_shape03_91_61,91,tank
1772,tshirt_shape10_46_01,155,tank
1773,tshirt_shape04_111_37,82,tank
1774,tshirt_shape03_108_12,35,tank
1775,tshirt_shape11_128_03,42,tank
1776,tshirt_shape15_104_53,75,tank
1777,tshirt_shape05_128_04,35,tank
1778,tshirt_shape11_144_28,133,tank
1779,tshirt_shape08_91_33,203,tank
1780,tshirt_shape13_105_05,181,tank
1781,tshirt_shape13_128_03,42,tank
1782,tshirt_shape14_135_07,173,tank
1783,tshirt_shape11_108_20,70,tank
1784,tshirt_shape13_111_14,121,tank
1785,tshirt_shape15_91_62,151,tank
1786,tshirt_shape00_76_11,129,tank
1787,tshirt_shape14_91_33,203,tank
1788,tshirt_shape15_108_18,62,tank
1789,tshirt_shape13_111_37,82,tank
1790,tshirt_shape14_128_04,35,tank
1791,tshirt_shape12_91_36,151,tank
1792,tshirt_shape02_144_28,133,tank
1793,tshirt_shape03_128_04,35,tank
1794,tshirt_shape14_26_11,138,tank
1795,tshirt_shape03_40_12,151,tank
1796,tshirt_shape03_111_05,121,tank
1797,tshirt_shape00_108_22,116,tank
1798,tshirt_shape02_128_05,53,tank
1799,tshirt_shape11_46_01,155,tank
1800,tshirt_shape15_111_05,121,tank
1801,tshirt_shape04_91_62,151,tank
1802,tshirt_shape08_111_20,106,tank
1803,tshirt_shape06_111_37,82,tank
1804,tshirt_shape14_02_04,121,tank
1805,tshirt_shape11_111_02,106,tank
1806,tshirt_shape04_91_19,181,tank
1807,tshirt_shape06_02_05,121,tank
1808,tshirt_shape01_91_62,151,tank
1809,tshirt_shape08_91_19,181,tank
1810,tshirt_shape04_132_54,181,tank
1811,tshirt_shape02_91_33,203,tank
1812,tshirt_shape02_40_12,151,tank
1813,tshirt_shape12_144_26,151,tank
1814,tshirt_shape13_135_07,173,tank
1815,tshirt_shape02_108_17,58,tank
1816,tshirt_shape02_91_12,196,tank
1817,tshirt_shape09_135_07,173,tank
1818,tshirt_shape06_128_02,42,tank
1819,tshirt_shape14_108_11,62,tank
1820,tshirt_shape05_104_04,50,tank
1821,tshirt_shape05_111_20,106,tank
1822,tshirt_shape12_108_17,58,tank
1823,tshirt_shape07_135_07,173,tank
1824,tshirt_shape15_144_26,151,tank
1825,tshirt_shape10_26_11,138,tank
1826,tshirt_shape16_104_11,135,tank
1827,tshirt_shape07_91_33,203,tank
1828,tshirt_shape10_05_20,274,tank
1829,tshirt_shape10_108_18,62,tank
1830,tshirt_shape05_91_38,115,tank
1831,tshirt_shape01_111_37,82,tank
1832,tshirt_shape08_135_09,166,tank
1833,tshirt_shape11_76_11,129,tank
1834,tshirt_shape05_02_05,121,tank
1835,tshirt_shape06_128_07,87,tank
1836,tshirt_shape12_135_07,173,tank
1837,tshirt_shape03_91_62,151,tank
1838,tshirt_shape09_128_05,53,tank
1839,tshirt_shape12_104_04,50,tank
1840,tshirt_shape06_108_16,89,tank
1841,tshirt_shape05_104_17,117,tank
1842,tshirt_shape15_91_12,196,tank
1843,tshirt_shape16_49_04,63,tank
1844,tshirt_shape16_111_20,106,tank
1845,tshirt_shape06_49_04,63,tank
1846,tshirt_shape15_73_09,151,tank
1847,tshirt_shape01_108_27,105,tank
1848,tshirt_shape05_108_17,58,tank
1849,tshirt_shape10_108_16,89,tank
1850,tshirt_shape07_108_22,116,tank
1851,tshirt_shape03_132_54,181,tank
1852,tshirt_shape02_108_20,70,tank
1853,tshirt_shape12_108_16,89,tank
1854,tshirt_shape01_49_04,63,tank
1855,tshirt_shape00_128_05,53,tank
1856,tshirt_shape05_54_24,211,tank
1857,tshirt_shape06_55_12,151,tank
1858,tshirt_shape05_111_02,106,tank
1859,tshirt_shape14_144_26,151,tank
1860,tshirt_shape09_111_14,121,tank
1861,tshirt_shape00_91_61,91,tank
1862,tshirt_shape02_104_11,135,tank
1863,tshirt_shape13_108_12,35,tank
1864,tshirt_shape01_63_25,154,tank
1865,tshirt_shape12_108_12,35,tank
1866,tshirt_shape05_91_61,91,tank
1867,tshirt_shape10_91_61,91,tank
1868,tshirt_shape14_40_12,151,tank
1869,tshirt_shape05_40_12,151,tank
1870,tshirt_shape13_55_12,151,tank
1871,tshirt_shape02_13_13,110,tank
1872,tshirt_shape01_144_26,151,tank
1873,tshirt_shape11_63_25,154,tank
1874,tshirt_shape00_131_03,276,tank
1875,tshirt_shape11_91_38,115,tank
1876,tshirt_shape16_108_22,116,tank
1877,tshirt_shape11_91_12,196,tank
1878,tshirt_shape11_108_11,62,tank
1879,tshirt_shape09_49_04,63,tank
1880,tshirt_shape13_111_20,106,tank
1881,tshirt_shape13_02_04,121,tank
1882,tshirt_shape10_54_24,211,tank
1883,tshirt_shape01_105_05,181,tank
1884,tshirt_shape15_108_22,116,tank
1885,tshirt_shape08_91_12,196,tank
1886,tshirt_shape03_104_11,135,tank
1887,tshirt_shape11_128_02,42,tank
1888,tshirt_shape07_73_09,151,tank
1889,tshirt_shape04_111_05,121,tank
1890,tshirt_shape10_111_37,82,tank
1891,tshirt_shape04_111_14,121,tank
1892,tshirt_shape07_131_03,276,tank
1893,tshirt_shape10_73_09,151,tank
1894,tshirt_shape10_91_38,115,tank
1895,tshirt_shape12_40_12,151,tank
1896,tshirt_shape06_40_12,151,tank
1897,tshirt_shape02_108_18,62,tank
1898,tshirt_shape01_135_07,173,tank
1899,tshirt_shape03_76_11,129,tank
1900,tshirt_shape00_26_11,138,tank
1901,tshirt_shape01_111_20,106,tank
1902,tshirt_shape04_05_20,274,tank
1903,tshirt_shape08_108_18,62,tank
1904,tshirt_shape09_111_37,82,tank
1905,tshirt_shape15_108_11,62,tank
1906,tshirt_shape13_132_54,181,tank
1907,tshirt_shape05_108_16,89,tank
1908,tshirt_shape15_144_30,211,tank
1909,tshirt_shape08_128_03,42,tank
1910,tshirt_shape15_108_12,35,tank
1911,tshirt_shape10_108_22,116,tank
1912,tshirt_shape06_128_06,50,tank
1913,tshirt_shape01_91_38,115,tank
1914,tshirt_shape16_128_07,87,tank
1915,tshirt_shape14_108_16,89,tank
1916,tshirt_shape00_111_02,106,tank
1917,tshirt_shape06_108_11,62,tank
1918,tshirt_shape06_128_05,53,tank
1919,tshirt_shape14_91_38,115,tank
1920,tshirt_shape08_02_05,121,tank
1921,tshirt_shape05_128_03,42,tank
1922,tshirt_shape01_108_22,116,tank
1923,tshirt_shape14_131_03,276,tank
1924,tshirt_shape08_108_27,105,tank
1925,tshirt_shape16_111_14,121,tank
1926,tshirt_shape06_144_28,133,tank
1927,tshirt_shape02_108_11,62,tank
1928,tshirt_shape02_91_62,151,tank
1929,tshirt_shape03_91_36,151,tank
1930,tshirt_shape14_108_20,70,tank
1931,tshirt_shape00_111_37,82,tank
1932,tshirt_shape12_144_30,211,tank
1933,tshirt_shape00_55_12,151,tank
1934,tshirt_shape00_49_04,63,tank
1935,tshirt_shape11_111_20,106,tank
1936,tshirt_shape03_111_37,82,tank
1937,tshirt_shape15_02_04,121,tank
1938,tshirt_shape01_91_61,91,tank
1939,tshirt_shape09_108_27,105,tank
1940,tshirt_shape01_46_01,155,tank
1941,tshirt_shape08_91_62,151,tank
1942,tshirt_shape07_111_02,106,tank
1943,tshirt_shape16_54_24,211,tank
1944,tshirt_shape10_108_20,70,tank
1945,tshirt_shape06_76_11,129,tank
1946,tshirt_shape16_91_12,196,tank
1947,tshirt_shape13_91_61,91,tank
1948,tshirt_shape09_76_05,211,tank
1949,tshirt_shape15_104_04,50,tank
1950,tshirt_shape00_63_25,154,tank
1951,tshirt_shape00_13_13,110,tank
1952,tshirt_shape06_46_01,155,tank
1953,tshirt_shape05_144_30,211,tank
1954,tshirt_shape12_108_11,62,tank
1955,tshirt_shape13_104_17,117,tank
1956,tshirt_shape10_91_19,181,tank
1957,tshirt_shape11_02_05,121,tank
1958,tshirt_shape07_05_20,274,tank
1959,tshirt_shape12_108_20,70,tank
1960,tshirt_shape02_128_06,50,tank
1961,tshirt_shape08_26_11,138,tank
1962,tshirt_shape12_111_37,82,tank
1963,tshirt_shape07_55_12,151,tank
1964,tshirt_shape00_05_20,274,tank
1965,tshirt_shape08_55_12,151,tank
1966,tshirt_shape07_108_11,62,tank
1967,tshirt_shape11_128_07,87,tank
1968,tshirt_shape11_128_05,53,tank
1969,tshirt_shape06_63_25,154,tank
1970,tshirt_shape02_128_02,42,tank
1971,tshirt_shape12_02_04,121,tank
1972,tshirt_shape12_104_17,117,tank
1973,tshirt_shape09_135_09,166,tank
1974,tshirt_shape01_13_13,110,tank
1975,tshirt_shape12_111_02,106,tank
1976,tshirt_shape06_111_14,121,tank
1977,tshirt_shape13_128_05,53,tank
1978,tshirt_shape09_104_53,75,tank
1979,tshirt_shape05_55_12,151,tank
1980,tshirt_shape06_91_33,203,tank
1981,tshirt_shape00_02_05,121,tank
1982,tshirt_shape04_111_02,106,tank
1983,tshirt_shape06_91_19,181,tank
1984,tshirt_shape00_91_19,181,tank
1985,tshirt_shape04_02_05,121,tank
1986,tshirt_shape14_128_07,87,tank
1987,tshirt_shape00_128_02,42,tank
1988,tshirt_shape10_40_12,151,tank
1989,tshirt_shape03_13_13,110,tank
1990,tshirt_shape12_54_24,211,tank
1991,tshirt_shape10_105_05,181,tank
1992,tshirt_shape05_05_20,274,tank
1993,tshirt_shape10_49_04,63,tank
1994,tshirt_shape15_13_13,110,tank
1995,tshirt_shape15_105_05,181,tank
1996,tshirt_shape12_02_05,121,tank
1997,tshirt_shape02_111_14,121,tank
1998,tshirt_shape10_91_33,203,tank
1999,tshirt_shape03_02_05,121,tank
2000,tshirt_shape16_02_05,121,tank
2001,tshirt_shape16_135_09,166,tank
2002,tshirt_shape15_144_28,133,tank
2003,tshirt_shape10_128_03,42,tank
2004,tshirt_shape09_91_12,196,tank
2005,tshirt_shape16_91_19,181,tank
2006,tshirt_shape04_108_17,58,tank
2007,tshirt_shape09_144_30,211,tank
2008,tshirt_shape15_135_07,173,tank
2009,tshirt_shape04_76_05,211,tank
2010,tshirt_shape16_132_54,181,tank
2011,tshirt_shape15_128_02,42,tank
2012,tshirt_shape04_02_04,121,tank
2013,tshirt_shape03_111_20,106,tank
2014,tshirt_shape00_108_16,89,tank
2015,tshirt_shape11_104_11,135,tank
2016,tshirt_shape11_131_03,276,tank
2017,tshirt_shape01_111_05,121,tank
2018,tshirt_shape01_108_18,62,tank
2019,tshirt_shape03_108_22,116,tank
2020,tshirt_shape05_26_11,138,tank
2021,tshirt_shape04_104_17,117,tank
2022,tshirt_shape02_91_61,91,tank
2023,tshirt_shape07_40_12,151,tank
2024,tshirt_shape04_108_12,35,tank
2025,tshirt_shape15_104_17,117,tank
2026,tshirt_shape13_135_09,166,tank
2027,tshirt_shape08_91_38,115,tank
2028,tshirt_shape06_131_03,276,tank
2029,tshirt_shape00_144_30,211,tank
2030,tshirt_shape01_02_05,121,tank
2031,tshirt_shape09_55_12,151,tank
2032,tshirt_shape06_108_12,35,tank
2033,tshirt_shape09_111_20,106,tank
2034,tshirt_shape04_108_22,116,tank
2035,tshirt_shape13_40_12,151,tank
2036,tshirt_shape06_91_12,196,tank
2037,tshirt_shape07_128_05,53,tank
2038,tshirt_shape10_144_30,211,tank
2039,tshirt_shape15_02_05,121,tank
2040,tshirt_shape04_54_24,211,tank
2041,tshirt_shape10_63_25,154,tank
2042,tshirt_shape05_144_26,151,tank
2043,tshirt_shape02_91_36,151,tank
2044,tshirt_shape03_63_25,154,tank
2045,tshirt_shape11_02_04,121,tank
2046,tshirt_shape12_132_54,181,tank
2047,tshirt_shape08_73_09,151,tank
2048,tshirt_shape08_46_01,155,tank
2049,tshirt_shape06_104_11,135,tank
2050,tshirt_shape01_111_02,106,tank
2051,tshirt_shape16_63_25,154,tank
2052,tshirt_shape11_05_20,274,tank
2053,tshirt_shape15_111_02,106,tank
2054,tshirt_shape07_128_07,87,tank
2055,tshirt_shape02_91_38,115,tank
2056,tshirt_shape07_135_09,166,tank
2057,tshirt_shape05_76_11,129,tank
2058,tshirt_shape15_111_37,82,tank
2059,tshirt_shape06_108_17,58,tank
2060,tshirt_shape14_91_36,151,tank
2061,tshirt_shape09_131_03,276,tank
2062,tshirt_shape01_91_36,151,tank
2063,tshirt_shape02_55_12,151,tank
2064,tshirt_shape07_128_04,35,tank
2065,tshirt_shape08_91_36,151,tank
2066,tshirt_shape15_91_61,91,tank
2067,tshirt_shape05_144_28,133,tank
2068,tshirt_shape11_144_30,211,tank
2069,tshirt_shape08_108_20,70,tank
2070,tshirt_shape04_26_11,138,tank
2071,tshirt_shape07_132_54,181,tank
2072,tshirt_shape10_104_04,50,tank
2073,tshirt_shape11_91_33,203,tank
2074,tshirt_shape06_108_20,70,tank
2075,tshirt_shape06_26_11,138,tank
2076,tshirt_shape07_128_03,42,tank
2077,tshirt_shape05_131_03,276,tank
2078,tshirt_shape03_49_04,63,tank
2079,tshirt_shape14_108_18,62,tank
2080,tshirt_shape00_128_03,42,tank
2081,tshirt_shape14_128_06,50,tank
2082,tshirt_shape04_73_09,151,tank
2083,tshirt_shape11_91_19,181,tank
2084,tshirt_shape12_55_12,151,tank
2085,tshirt_shape00_108_27,105,tank
2086,tshirt_shape07_104_17,117,tank
2087,tshirt_shape08_104_17,117,tank
2088,tshirt_shape12_63_25,154,tank
2089,tshirt_shape13_49_04,63,tank
2090,tshirt_shape00_91_62,151,tank
2091,tshirt_shape11_26_11,138,tank
2092,tshirt_shape00_108_12,35,tank
2093,tshirt_shape08_40_12,151,tank
2094,tshirt_shape11_13_13,110,tank
2095,tshirt_shape10_108_27,105,tank
2096,tshirt_shape07_144_26,151,tank
2097,tshirt_shape13_104_04,50,tank
2098,tshirt_shape14_76_05,211,tank
2099,tshirt_shape01_108_20,70,tank
2100,tshirt_shape14_105_05,181,tank
2101,tshirt_shape08_108_22,116,tank
2102,tshirt_shape13_128_04,35,tank
2103,tshirt_shape13_108_11,62,tank
2104,tshirt_shape09_91_38,115,tank
2105,tshirt_shape07_108_17,58,tank
2106,tshirt_shape07_144_28,133,tank
2107,tshirt_shape08_128_07,87,tank
2108,tshirt_shape11_91_61,91,tank
2109,tshirt_shape11_108_17,58,tank
2110,tshirt_shape00_73_09,151,tank
2111,tshirt_shape07_49_04,63,tank
2112,tshirt_shape12_104_53,75,tank
2113,tshirt_shape02_05_20,274,tank
2114,tshirt_shape15_108_27,105,tank
2115,tshirt_shape06_108_22,116,tank
2116,tshirt_shape13_26_11,138,tank
2117,tshirt_shape09_105_05,181,tank
2118,tshirt_shape09_108_16,89,tank
2119,tshirt_shape16_26_11,138,tank
2120,tshirt_shape03_108_20,70,tank
2121,tshirt_shape07_91_38,115,tank
2122,tshirt_shape12_128_05,53,tank
2123,tshirt_shape04_128_03,42,tank
2124,tshirt_shape08_108_11,62,tank
2125,tshirt_shape14_05_20,274,tank
2126,tshirt_shape03_111_02,106,tank
2127,tshirt_shape03_144_26,151,tank
2128,tshirt_shape07_26_11,138,tank
2129,tshirt_shape02_76_05,211,tank
2130,tshirt_shape00_91_38,115,tank
2131,tshirt_shape06_54_24,211,tank
2132,tshirt_shape00_91_12,196,tank
2133,tshirt_shape06_108_18,62,tank
2134,tshirt_shape12_105_05,181,tank
2135,tshirt_shape12_111_20,106,tank
2136,tshirt_shape14_46_01,155,tank
2137,tshirt_shape15_46_01,155,tank
2138,tshirt_shape00_46_01,155,tank
2139,tshirt_shape08_05_20,274,tank
2140,tshirt_shape09_26_11,138,tank
2141,tshirt_shape13_128_06,50,tank
2142,tshirt_shape16_144_30,211,tank
2143,tshirt_shape00_104_11,135,tank
2144,tshirt_shape11_108_18,62,tank
2145,tshirt_shape14_108_22,116,tank
2146,tshirt_shape00_144_26,151,tank
2147,tshirt_shape06_91_36,151,tank
2148,tshirt_shape05_46_01,155,tank
2149,tshirt_shape02_128_04,35,tank
2150,tshirt_shape00_40_12,151,tank
2151,tshirt_shape13_73_09,151,tank
2152,tshirt_shape05_13_13,110,tank
2153,tshirt_shape03_128_02,42,tank
2154,tshirt_shape04_135_07,173,tank
2155,tshirt_shape14_02_05,121,tank
2156,tshirt_shape05_49_04,63,tank
2157,tshirt_shape06_91_62,151,tank
2158,tshirt_shape11_76_05,211,tank
2159,tshirt_shape16_104_17,117,tank
2160,tshirt_shape04_105_05,181,tank
2161,tshirt_shape02_105_05,181,tank
2162,tshirt_shape16_128_03,42,tank
2163,tshirt_shape15_91_36,151,tank
2164,tshirt_shape12_108_27,105,tank
2165,tshirt_shape16_105_05,181,tank
2166,tshirt_shape06_104_17,117,tank
2167,tshirt_shape12_104_11,135,tank
2168,tshirt_shape05_132_54,181,tank
2169,tshirt_shape15_108_16,89,tank
2170,tshirt_shape07_128_06,50,tank
2171,tshirt_shape08_144_30,211,tank
2172,tshirt_shape00_111_14,121,tank
2173,tshirt_shape09_02_05,121,tank
2174,tshirt_shape13_104_11,135,tank
2175,tshirt_shape16_144_28,133,tank
2176,tshirt_shape14_91_61,91,tank
2177,tshirt_shape14_104_53,75,tank
2178,tshirt_shape05_111_05,121,tank
2179,tshirt_shape11_104_04,50,tank
2180,tshirt_shape12_128_02,42,tank
2181,tshirt_shape04_104_11,135,tank
2182,tshirt_shape00_76_05,211,tank
2183,tshirt_shape13_13_13,110,tank
2184,tshirt_shape15_49_04,63,tank
2185,tshirt_shape02_135_07,173,tank
2186,tshirt_shape10_76_11,129,tank
2187,tshirt_shape07_108_18,62,tank
2188,tshirt_shape00_144_28,133,tank
2189,tshirt_shape12_128_04,35,tank
2190,tshirt_shape05_91_36,151,tank
2191,tshirt_shape09_108_20,70,tank
2192,tshirt_shape06_128_04,35,tank
2193,tshirt_shape01_108_16,89,tank
2194,tshirt_shape06_104_53,75,tank
2195,tshirt_shape15_128_06,50,tank
2196,tshirt_shape10_128_04,35,tank
2197,tshirt_shape14_54_24,211,tank
2198,tshirt_shape13_91_33,203,tank
2199,tshirt_shape12_111_14,121,tank
2200,tshirt_shape11_105_05,181,tank
2201,tshirt_shape06_128_03,42,tank
2202,tshirt_shape04_91_38,115,tank
2203,tshirt_shape07_91_19,181,tank
2204,tshirt_shape08_128_05,53,tank
2205,tshirt_shape03_131_03,276,tank
2206,tshirt_shape12_135_09,166,tank
2207,tshirt_shape04_49_04,63,tank
2208,tshirt_shape02_135_09,166,tank
2209,tshirt_shape15_91_38,115,tank
2210,tshirt_shape01_108_17,58,tank
2211,tshirt_shape07_128_02,42,tank
2212,tshirt_shape10_108_11,62,tank
2213,tshirt_shape00_104_04,50,tank
2214,tshirt_shape02_132_54,181,tank
2215,tshirt_shape02_131_03,276,tank
2216,tshirt_shape09_91_19,181,tank
2217,tshirt_shape03_144_30,211,tank
2218,tshirt_shape03_54_24,211,tank
2219,tshirt_shape03_128_03,42,tank
2220,tshirt_shape07_111_14,121,tank
2221,tshirt_shape16_144_26,151,tank
2222,tshirt_shape04_108_18,62,tank
2223,tshirt_shape02_104_04,50,tank
2224,tshirt_shape13_46_01,155,tank
2225,tshirt_shape01_111_14,121,tank
2226,tshirt_shape10_128_06,50,tank
2227,tshirt_shape06_132_54,181,tank
2228,tshirt_shape07_108_27,105,tank
2229,tshirt_shape16_135_07,173,tank
2230,tshirt_shape12_49_04,63,tank
2231,tshirt_shape08_02_04,121,tank
2232,tshirt_shape11_128_06,50,tank
2233,tshirt_shape15_26_11,138,tank
2234,tshirt_shape08_128_06,50,tank
2235,tshirt_shape00_128_04,35,tank
2236,tshirt_shape04_128_04,35,tank
2237,tshirt_shape08_108_16,89,tank
2238,tshirt_shape04_128_06,50,tank
2239,tshirt_shape16_73_09,151,tank
2240,tshirt_shape15_131_03,276,tank
2241,tshirt_shape03_108_11,62,tank
2242,tshirt_shape01_54_24,211,tank
2243,tshirt_shape08_135_07,173,tank
2244,tshirt_shape03_55_12,151,tank
2245,tshirt_shape06_111_05,121,tank
2246,tshirt_shape01_76_11,129,tank
2247,tshirt_shape12_144_28,133,tank
2248,tshirt_shape09_76_11,129,tank
2249,tshirt_shape16_128_02,42,tank
2250,tshirt_shape01_02_04,121,tank
2251,tshirt_shape07_108_20,70,tank
2252,tshirt_shape06_13_13,110,tank
2253,tshirt_shape16_91_62,151,tank
2254,tshirt_shape01_144_30,211,tank
2255,tshirt_shape05_73_09,151,tank
2256,tshirt_shape13_108_16,89,tank
2257,tshirt_shape13_02_05,121,tank
2258,tshirt_shape09_111_05,121,tank
2259,tshirt_shape06_104_04,50,tank
2260,tshirt_shape10_135_09,166,tank
2261,tshirt_shape04_128_07,87,tank
2262,tshirt_shape10_02_05,121,tank
2263,tshirt_shape02_104_17,117,tank
2264,tshirt_shape10_108_12,35,tank
2265,tshirt_shape15_108_17,58,tank
2266,tshirt_shape16_05_20,274,tank
2267,tshirt_shape15_05_20,274,tank
2268,tshirt_shape13_128_02,42,tank
2269,tshirt_shape03_128_05,53,tank
2270,tshirt_shape16_46_01,155,tank
2271,tshirt_shape12_05_20,274,tank
2272,tshirt_shape02_91_19,181,tank
2273,tshirt_shape15_128_05,53,tank
2274,tshirt_shape10_111_14,121,tank
2275,tshirt_shape03_105_05,181,tank
2276,tshirt_shape11_108_16,89,tank
2277,tshirt_shape16_111_02,106,tank
2278,tshirt_shape04_108_27,105,tank
2279,tshirt_shape14_104_17,117,tank
2280,tshirt_shape08_104_04,50,tank
2281,tshirt_shape06_108_27,105,tank
2282,tshirt_shape09_91_61,91,tank
2283,tshirt_shape02_76_11,129,tank
2284,tshirt_shape04_40_12,151,tank
2285,tshirt_shape11_40_12,151,tank
2286,tshirt_shape06_135_07,173,tank
2287,tshirt_shape04_108_20,70,tank
2288,tshirt_shape14_128_05,53,tank
2289,tshirt_shape16_76_05,211,tank
2290,tshirt_shape08_111_37,82,tank
2291,tshirt_shape04_46_01,155,tank
2292,tshirt_shape09_108_12,35,tank
2293,tshirt_shape12_131_03,276,tank
2294,tshirt_shape09_104_17,117,tank
2295,tshirt_shape12_91_62,151,tank
2296,tshirt_shape10_104_11,135,tank
2297,tshirt_shape05_135_07,173,tank
2298,tshirt_shape11_91_36,151,tank
2299,tshirt_shape07_54_24,211,tank
2300,tshirt_shape01_91_19,181,tank
2301,tshirt_shape09_144_26,151,tank
2302,tshirt_shape04_91_33,203,tank
2303,tshirt_shape06_105_05,181,tank
2304,tshirt_shape02_02_05,121,tank
2305,tshirt_shape13_91_12,196,tank
2306,tshirt_shape00_132_54,181,tank
2307,tshirt_shape01_91_12,196,tank
2308,tshirt_shape04_128_02,42,tank
2309,tshirt_shape01_104_11,135,tank
2310,tshirt_shape12_108_18,62,tank
2311,tshirt_shape02_111_05,121,tank
2312,tshirt_shape14_91_19,181,tank
2313,tshirt_shape12_128_03,42,tank
2314,tshirt_shape13_76_05,211,tank
2315,tshirt_shape05_128_07,87,tank
2316,tshirt_shape10_128_07,87,tank
2317,tshirt_shape09_111_02,106,tank
2318,tshirt_shape09_128_07,87,tank
2319,tshirt_shape16_55_12,151,tank
2320,tshirt_shape10_91_12,196,tank
2321,tshirt_shape02_49_04,63,tank
2322,tshirt_shape10_128_05,53,tank
2323,tshirt_shape09_104_04,50,tank
2324,tshirt_shape10_111_20,106,tank
2325,tshirt_shape01_132_54,181,tank
2326,tshirt_shape00_105_05,181,tank
2327,tshirt_shape05_111_37,82,tank
2328,tshirt_shape03_46_01,155,tank
2329,tshirt_shape12_111_05,121,tank
2330,tshirt_shape04_128_05,53,tank
2331,tshirt_shape08_111_02,106,tank
2332,tshirt_shape16_91_33,203,tank
2333,tshirt_shape03_128_07,87,tank
2334,tshirt_shape08_13_13,110,tank
2335,tshirt_shape08_63_25,154,tank
2336,tshirt_shape05_105_05,181,tank
2337,tshirt_shape12_91_19,181,tank
2338,tshirt_shape09_104_11,135,tank
2339,tshirt_shape13_111_05,121,tank
2340,tshirt_shape12_73_09,151,tank
2341,tshirt_shape12_46_01,155,tank
2342,tshirt_shape01_108_11,62,tank
2343,tshirt_shape10_104_53,75,tank
2344,tshirt_shape15_108_20,70,tank
2345,tshirt_shape16_111_05,121,tank
2346,tshirt_shape02_63_25,154,tank
2347,tshirt_shape15_76_11,129,tank
2348,tshirt_shape07_02_05,121,tank
2349,tshirt_shape08_76_05,211,tank
2350,tshirt_shape08_111_14,121,tank
2351,tshirt_shape09_128_03,42,tank
2352,tshirt_shape11_135_07,173,tank
2353,tshirt_shape10_55_12,151,tank
2354,tshirt_shape05_108_18,62,tank
2355,tshirt_shape10_131_03,276,tank
2356,tshirt_shape04_63_25,154,tank
2357,tshirt_shape11_104_53,75,tank
2358,tshirt_shape09_132_54,181,tank
2359,tshirt_shape15_128_03,42,tank
2360,tshirt_shape15_91_19,181,tank
2361,tshirt_shape11_55_12,151,tank
2362,tshirt_shape14_108_12,35,tank
2363,tshirt_shape05_108_12,35,tank
2364,tshirt_shape09_40_12,151,tank
2365,tshirt_shape09_144_28,133,tank
2366,tshirt_shape06_111_02,106,tank
2367,tshirt_shape09_128_04,35,tank
2368,tshirt_shape00_135_09,166,tank
2369,tshirt_shape12_91_12,196,tank
2370,tshirt_shape09_108_17,58,tank
2371,tshirt_shape15_40_12,151,tank
2372,tshirt_shape02_108_27,105,tank
2373,tshirt_shape12_91_33,203,tank
2374,tshirt_shape03_111_14,121,tank
2375,tshirt_shape06_144_26,151,tank
2376,tshirt_shape01_73_09,151,tank
2377,tshirt_shape11_135_09,166,tank
2378,tshirt_shape11_111_05,121,tank
2379,tshirt_shape02_144_30,211,tank
2380,tshirt_shape14_111_37,82,tank
2381,tshirt_shape12_91_38,115,tank
2382,tshirt_shape16_108_16,89,tank
2383,tshirt_shape00_104_53,75,tank
2384,tshirt_shape16_108_11,62,tank
2385,tshirt_shape03_144_28,133,tank
2386,tshirt_shape12_13_13,110,tank
2387,tshirt_shape07_104_53,75,tank
2388,tshirt_shape00_54_24,211,tank
2389,tshirt_shape10_128_02,42,tank
2390,tshirt_shape16_104_53,75,tank
2391,tshirt_shape03_76_05,211,tank
2392,tshirt_shape09_13_13,110,tank
2393,tshirt_shape04_104_04,50,tank
2394,tshirt_shape12_26_11,138,tank
2395,tshirt_shape10_104_17,117,tank
2396,tshirt_shape14_128_02,42,tank
2397,tshirt_shape02_46_01,155,tank
2398,tshirt_shape09_73_09,151,tank
2399,tshirt_shape13_144_28,133,tank
2400,tshirt_shape04_13_13,110,tank
2401,tshirt_shape01_40_12,151,tank
2402,tshirt_shape02_26_11,138,tank
2403,tshirt_shape08_49_04,63,tank
2404,tshirt_shape11_104_17,117,tank
2405,tshirt_shape10_108_17,58,tank
2406,tshirt_shape00_02_04,121,tank
2407,tshirt_shape07_111_05,121,tank
2408,tshirt_shape06_05_20,274,tank
2409,tshirt_shape13_144_26,151,tank
2410,tshirt_shape00_108_11,62,tank
2411,tshirt_shape03_135_09,166,tank
2412,tshirt_shape07_105_05,181,tank
2413,tshirt_shape03_73_09,151,tank
2414,tshirt_shape11_132_54,181,tank
2415,tshirt_shape12_128_06,50,tank
2416,tshirt_shape07_104_04,50,tank
2417,tshirt_shape13_54_24,211,tank
2418,tshirt_shape05_128_02,42,tank
2419,tshirt_shape16_104_04,50,tank
2420,tshirt_shape16_91_61,91,tank
2421,tshirt_shape02_111_37,82,tank
2422,tshirt_shape10_76_05,211,tank
2423,tshirt_shape11_73_09,151,tank
2424,tshirt_shape12_128_07,87,tank
2425,tshirt_shape06_111_20,106,tank
2426,tshirt_shape05_91_62,151,tank
2427,tshirt_shape00_111_05,121,tank
2428,tshirt_shape00_128_06,50,tank
2429,tshirt_shape08_131_03,276,tank
2430,tshirt_shape01_128_03,42,tank
2431,tshirt_shape14_49_04,63,tank
2432,tshirt_shape14_144_28,133,tank
2433,tshirt_shape02_108_22,116,tank
2434,tshirt_shape00_91_36,151,tank
2435,tshirt_shape03_91_33,203,tank
2436,tshirt_shape15_128_07,87,tank
2437,tshirt_shape07_108_16,89,tank
2438,tshirt_shape10_135_07,173,tank
2439,tshirt_shape05_108_27,105,tank
2440,tshirt_shape03_104_53,75,tank
2441,tshirt_shape05_108_22,116,tank
2442,tshirt_shape03_02_04,121,tank
2443,tshirt_shape07_91_61,91,tank
2444,tshirt_shape09_46_01,155,tank
2445,tshirt_shape03_108_18,62,tank
2446,tshirt_shape09_128_02,42,tank
2447,tshirt_shape06_76_05,211,tank
2448,tshirt_shape13_108_18,62,tank
2449,tshirt_shape04_144_26,151,tank
2450,tshirt_shape01_104_17,117,tank
2451,tshirt_shape12_91_61,91,tank
2452,tshirt_shape07_91_12,196,tank
2453,tshirt_shape10_111_02,106,tank
2454,tshirt_shape11_54_24,211,tank
2455,tshirt_shape13_63_25,154,tank
2456,tshirt_shape01_108_12,35,tank
2457,tshirt_shape00_108_18,62,tank
2458,tshirt_shape09_91_33,203,tank
2459,tshirt_shape08_144_26,151,tank
2460,tshirt_shape08_104_53,75,tank
2461,tshirt_shape11_111_37,82,tank
2462,tshirt_shape16_128_04,35,tank
2463,tshirt_shape04_76_11,129,tank
2464,tshirt_shape05_91_19,181,tank
2465,tshirt_shape05_108_11,62,tank
2466,tshirt_shape04_135_09,166,tank
2467,tshirt_shape05_02_04,121,tank
2468,tshirt_shape14_132_54,181,tank
2469,tshirt_shape04_144_28,133,tank
2470,tshirt_shape07_91_36,151,tank
2471,tshirt_shape13_05_20,274,tank
2472,tshirt_shape04_55_12,151,tank
2473,tshirt_shape13_108_17,58,tank
2474,tshirt_shape05_91_33,203,tank
2475,tshirt_shape03_26_11,138,tank
2476,tshirt_shape16_111_37,82,tank
2477,tshirt_shape05_135_09,166,tank
2478,tshirt_shape16_108_18,62,tank
2479,tshirt_shape01_104_04,50,tank
2480,tshirt_shape14_111_02,106,tank
2481,tshirt_shape09_108_18,62,tank
2482,tshirt_shape05_104_11,135,tank
2483,tshirt_shape14_13_13,110,tank
2484,tshirt_shape05_76_05,211,tank
2485,tshirt_shape04_108_11,62,tank
2486,tshirt_shape03_104_04,50,tank
2487,tshirt_shape14_135_09,166,tank
2488,tshirt_shape10_91_62,151,tank
2489,tshirt_shape10_144_26,151,tank
2490,tshirt_shape03_108_16,89,tank
2491,tshirt_shape07_108_12,35,tank
2492,tshirt_shape16_108_12,35,tank
2493,tshirt_shape07_144_30,211,tank
2494,tshirt_shape15_132_54,181,tank
2495,tshirt_shape04_91_61,91,tank
2496,tshirt_shape09_91_62,151,tank
2497,tshirt_shape07_111_37,82,tank
2498,tshirt_shape02_108_16,89,tank
2499,tshirt_shape06_73_09,151,tank
2500,tshirt_shape16_02_04,121,tank
2501,tshirt_shape00_91_33,203,tank
2502,tshirt_shape03_108_17,58,tank
2503,tshirt_shape09_02_04,121,tank
2504,tshirt_shape15_63_25,154,tank
2505,tshirt_shape01_104_53,75,tank
2506,tshirt_shape03_104_17,117,tank
2507,tshirt_shape12_108_22,116,tank
2508,tshirt_shape09_108_11,62,tank
2509,tshirt_shape13_108_22,116,tank
2510,tshirt_shape03_91_12,196,tank
2511,tshirt_shape14_108_27,105,tank
2512,tshirt_shape01_128_04,35,tank
2513,tshirt_shape11_91_62,151,tank
2514,tshirt_shape14_63_25,154,tank
2515,tshirt_shape09_63_25,154,tank
2516,tshirt_shape13_91_19,181,tank
2517,tshirt_shape01_128_02,42,tank
2518,tshirt_shape11_49_04,63,tank
2519,tshirt_shape10_144_28,133,tank
2520,tshirt_shape03_91_19,181,tank
2521,tshirt_shape08_104_11,135,tank
2522,tshirt_shape07_76_11,129,tank
2523,tshirt_shape07_63_25,154,tank
2524,tshirt_shape10_02_04,121,tank
2525,tshirt_shape05_128_06,50,tank
2526,tshirt_shape13_104_53,75,tank
2527,tshirt_shape16_76_11,129,tank
2528,tshirt_shape13_91_36,151,tank
2529,tshirt_shape02_108_12,35,tank
2530,tshirt_shape14_55_12,151,tank
2531,tshirt_shape01_128_07,87,tank
2532,tshirt_shape01_55_12,151,tank
2533,tshirt_shape02_128_07,87,tank
2534,tshirt_shape16_108_27,105,tank
2535,tshirt_shape07_13_13,110,tank
2536,tshirt_shape14_91_12,196,tank
2537,tshirt_shape04_104_53,75,tank
2538,tshirt_shape05_104_53,75,tank
2539,tshirt_shape06_91_61,91,tank
2540,tshirt_shape02_54_24,211,tank
2541,tshirt_shape16_91_38,115,tank
2542,tshirt_shape14_144_30,211,tank
2543,tshirt_shape07_111_20,106,tank
2544,tshirt_shape00_135_07,173,tank
2545,tshirt_shape00_104_17,117,tank
2546,tshirt_shape00_108_17,58,tank
2547,tshirt_shape01_144_28,133,tank
2548,tshirt_shape16_91_36,151,tank
2549,tshirt_shape13_108_27,105,tank
2550,tshirt_shape04_144_30,211,tank
2551,tshirt_shape10_111_05,121,tank
2552,tshirt_shape16_131_03,276,tank
2553,tshirt_shape08_108_17,58,tank
2554,tshirt_shape00_128_07,87,tank
2555,tshirt_shape08_132_54,181,tank
2556,tshirt_shape16_40_12,151,tank
2557,tshirt_shape05_63_25,154,tank
2558,tshirt_shape10_91_36,151,tank
2559,tshirt_shape13_131_03,276,tank
2560,tshirt_shape11_144_26,151,tank
2561,tshirt_shape09_128_06,50,tank
2562,tshirt_shape02_111_02,106,tank
2563,tshirt_shape08_128_04,35,tank
2564,tshirt_shape04_108_16,89,tank
2565,tshirt_shape14_73_09,151,tank
2566,tshirt_shape02_02_04,121,tank
2567,tshirt_shape15_104_11,135,tank
2568,tshirt_shape07_104_11,135,tank
2569,tshirt_shape14_111_14,121,tank
2570,tshirt_shape08_108_12,35,tank
2571,tshirt_shape06_135_09,166,tank
2572,tshirt_shape13_111_02,106,tank
2573,tshirt_shape06_91_38,115,tank
2574,tshirt_shape03_108_27,105,tank
2575,tshirt_shape04_111_20,106,tank
2576,tshirt_shape01_91_33,203,tank
2577,tshirt_shape07_46_01,155,tank
2578,tshirt_shape11_108_12,35,tank
2579,tshirt_shape10_13_13,110,tank
2580,tshirt_shape04_91_12,196,tank
2581,tshirt_shape05_128_05,53,tank
2582,tshirt_shape08_54_24,211,tank
2583,tshirt_shape09_108_22,116,tank
2584,tshirt_shape02_104_53,75,tank
2585,tshirt_shape05_91_12,196,tank
2586,tshirt_shape15_135_09,166,tank
2587,tshirt_shape00_108_20,70,tank
2588,tshirt_shape11_108_27,105,tank
2589,tshirt_shape16_128_06,50,tank
2590,tshirt_shape15_128_04,35,tank
2591,tshirt_shape01_05_20,274,tank
2592,tshirt_shape01_76_05,211,tank
2593,tshirt_shape12_76_11,129,tank
2594,tshirt_shape08_91_61,91,tank
2595,tshirt_shape13_76_11,129,tank
2596,tshirt_shape05_108_20,70,tank
2597,tshirt_shape12_76_05,211,tank
2598,tshirt_shape16_128_05,53,tank
2599,tshirt_shape15_111_14,121,tank
2600,tshirt_shape16_108_17,58,tank
2601,tshirt_shape04_131_03,276,tank
2602,tshirt_shape15_54_24,211,tank
2603,tshirt_shape06_02_04,121,tank
2604,tshirt_shape09_54_24,211,tank
2605,tshirt_shape09_05_20,274,tank
2606,tshirt_shape01_135_09,166,tank
2607,tshirt_shape08_76_11,129,tank
2608,tshirt_shape09_91_36,151,tank
2609,tshirt_shape16_108_20,70,tank
2610,tshirt_shape07_91_62,151,tank
2611,tshirt_shape00_111_20,106,tank
2612,tshirt_shape10_132_54,181,tank
2613,tshirt_shape11_128_04,35,tank
2614,tshirt_shape02_111_20,106,tank
2615,tshirt_shape03_05_20,274,tank
2616,tshirt_shape01_26_11,138,tank
2617,tshirt_shape01_128_05,53,tank
2618,tshirt_shape08_144_28,133,tank
2619,tshirt_shape02_73_09,151,tank
2620,tshirt_shape13_91_62,151,tank
2621,tshirt_shape15_76_05,211,tank
2622,tshirt_shape13_144_30,211,tank
2623,tshirt_shape16_13_13,110,tank
2624,tshirt_shape02_144_26,151,tank
2625,tshirt_shape07_76_05,211,tank
2626,tshirt_shape13_108_20,70,tank
2627,tshirt_shape11_108_22,116,tank
2628,tshirt_shape03_135_07,173,tank
2629,tshirt_shape14_111_20,106,tank
2630,tshirt_shape01_131_03,276,tank
2631,tshirt_shape08_105_05,181,tank
2632,tshirt_shape08_111_05,121,tank
2633,tshirt_shape03_128_06,50,tank
2634,tshirt_shape14_76_11,129,tank
2635,tshirt_shape13_128_07,87,tank
2636,tshirt_shape14_111_05,121,tank
2637,tshirt_shape03_91_38,115,tank
2638,tshirt_shape04_91_36,151,tank
2639,tshirt_shape14_108_17,58,tank
2640,tshirt_shape14_91_62,151,tank
2641,tshirt_shape13_91_38,115,tank
2642,tshirt_shape01_128_06,50,tank
2643,tshirt_shape14_104_04,50,tank
2644,tshirt_shape05_111_14,121,tank
2645,tshirt_shape15_111_20,106,tank
2646,tshirt_shape15_91_33,203,tank
2647,tshirt_shape15_55_12,151,tank
2648,tshirt_shape11_111_14,121,tank
2649,tshirt_shape02_128_03,42,tank
2650,tshirt_shape06_144_30,211,tank
2651,tshirt_shape07_02_04,121,tank
2652,tshirt_shape14_104_11,135,pants
2653,tshirt_shape08_128_02,42,pants
2654,tshirt_shape14_128_03,42,pants
2655,tshirt_shape03_91_61,91,pants
2656,tshirt_shape10_46_01,155,pants
2657,tshirt_shape04_111_37,82,pants
2658,tshirt_shape03_108_12,35,pants
2659,tshirt_shape11_128_03,42,pants
2660,tshirt_shape15_104_53,75,pants
2661,tshirt_shape05_128_04,35,pants
2662,tshirt_shape11_144_28,133,pants
2663,tshirt_shape08_91_33,203,pants
2664,tshirt_shape13_105_05,181,pants
2665,tshirt_shape13_128_03,42,pants
2666,tshirt_shape14_135_07,173,pants
2667,tshirt_shape11_108_20,70,pants
2668,tshirt_shape13_111_14,121,pants
2669,tshirt_shape15_91_62,151,pants
2670,tshirt_shape00_76_11,129,pants
2671,tshirt_shape14_91_33,203,pants
2672,tshirt_shape15_108_18,62,pants
2673,tshirt_shape13_111_37,82,pants
2674,tshirt_shape14_128_04,35,pants
2675,tshirt_shape12_91_36,151,pants
2676,tshirt_shape02_144_28,133,pants
2677,tshirt_shape03_128_04,35,pants
2678,tshirt_shape14_26_11,138,pants
2679,tshirt_shape03_40_12,151,pants
2680,tshirt_shape03_111_05,121,pants
2681,tshirt_shape00_108_22,116,pants
2682,tshirt_shape02_128_05,53,pants
2683,tshirt_shape11_46_01,155,pants
2684,tshirt_shape15_111_05,121,pants
2685,tshirt_shape04_91_62,151,pants
2686,tshirt_shape08_111_20,106,pants
2687,tshirt_shape06_111_37,82,pants
2688,tshirt_shape14_02_04,121,pants
2689,tshirt_shape11_111_02,106,pants
2690,tshirt_shape04_91_19,181,pants
2691,tshirt_shape06_02_05,121,pants
2692,tshirt_shape01_91_62,151,pants
2693,tshirt_shape08_91_19,181,pants
2694,tshirt_shape04_132_54,181,pants
2695,tshirt_shape02_91_33,203,pants
2696,tshirt_shape02_40_12,151,pants
2697,tshirt_shape12_144_26,151,pants
2698,tshirt_shape13_135_07,173,pants
2699,tshirt_shape02_108_17,58,pants
2700,tshirt_shape02_91_12,196,pants
2701,tshirt_shape09_135_07,173,pants
2702,tshirt_shape06_128_02,42,pants
2703,tshirt_shape14_108_11,62,pants
2704,tshirt_shape05_104_04,50,pants
2705,tshirt_shape05_111_20,106,pants
2706,tshirt_shape12_108_17,58,pants
2707,tshirt_shape07_135_07,173,pants
2708,tshirt_shape15_144_26,151,pants
2709,tshirt_shape10_26_11,138,pants
2710,tshirt_shape16_104_11,135,pants
2711,tshirt_shape07_91_33,203,pants
2712,tshirt_shape10_05_20,274,pants
2713,tshirt_shape10_108_18,62,pants
2714,tshirt_shape05_91_38,115,pants
2715,tshirt_shape01_111_37,82,pants
2716,tshirt_shape08_135_09,166,pants
2717,tshirt_shape11_76_11,129,pants
2718,tshirt_shape05_02_05,121,pants
2719,tshirt_shape06_128_07,87,pants
2720,tshirt_shape12_135_07,173,pants
2721,tshirt_shape03_91_62,151,pants
2722,tshirt_shape09_128_05,53,pants
2723,tshirt_shape12_104_04,50,pants
2724,tshirt_shape06_108_16,89,pants
2725,tshirt_shape05_104_17,117,pants
2726,tshirt_shape15_91_12,196,pants
2727,tshirt_shape16_49_04,63,pants
2728,tshirt_shape16_111_20,106,pants
2729,tshirt_shape06_49_04,63,pants
2730,tshirt_shape15_73_09,151,pants
2731,tshirt_shape01_108_27,105,pants
2732,tshirt_shape05_108_17,58,pants
2733,tshirt_shape10_108_16,89,pants
2734,tshirt_shape07_108_22,116,pants
2735,tshirt_shape03_132_54,181,pants
2736,tshirt_shape02_108_20,70,pants
2737,tshirt_shape12_108_16,89,pants
2738,tshirt_shape01_49_04,63,pants
2739,tshirt_shape00_128_05,53,pants
2740,tshirt_shape05_54_24,211,pants
2741,tshirt_shape06_55_12,151,pants
2742,tshirt_shape05_111_02,106,pants
2743,tshirt_shape14_144_26,151,pants
2744,tshirt_shape09_111_14,121,pants
2745,tshirt_shape00_91_61,91,pants
2746,tshirt_shape02_104_11,135,pants
2747,tshirt_shape13_108_12,35,pants
2748,tshirt_shape01_63_25,154,pants
2749,tshirt_shape12_108_12,35,pants
2750,tshirt_shape05_91_61,91,pants
2751,tshirt_shape10_91_61,91,pants
2752,tshirt_shape14_40_12,151,pants
2753,tshirt_shape05_40_12,151,pants
2754,tshirt_shape13_55_12,151,pants
2755,tshirt_shape02_13_13,110,pants
2756,tshirt_shape01_144_26,151,pants
2757,tshirt_shape11_63_25,154,pants
2758,tshirt_shape00_131_03,276,pants
2759,tshirt_shape11_91_38,115,pants
2760,tshirt_shape16_108_22,116,pants
2761,tshirt_shape11_91_12,196,pants
2762,tshirt_shape11_108_11,62,pants
2763,tshirt_shape09_49_04,63,pants
2764,tshirt_shape13_111_20,106,pants
2765,tshirt_shape13_02_04,121,pants
2766,tshirt_shape10_54_24,211,pants
2767,tshirt_shape01_105_05,181,pants
2768,tshirt_shape15_108_22,116,pants
2769,tshirt_shape08_91_12,196,pants
2770,tshirt_shape03_104_11,135,pants
2771,tshirt_shape11_128_02,42,pants
2772,tshirt_shape07_73_09,151,pants
2773,tshirt_shape04_111_05,121,pants
2774,tshirt_shape10_111_37,82,pants
2775,tshirt_shape04_111_14,121,pants
2776,tshirt_shape07_131_03,276,pants
2777,tshirt_shape10_73_09,151,pants
2778,tshirt_shape10_91_38,115,pants
2779,tshirt_shape12_40_12,151,pants
2780,tshirt_shape06_40_12,151,pants
2781,tshirt_shape02_108_18,62,pants
2782,tshirt_shape01_135_07,173,pants
2783,tshirt_shape03_76_11,129,pants
2784,tshirt_shape00_26_11,138,pants
2785,tshirt_shape01_111_20,106,pants
2786,tshirt_shape04_05_20,274,pants
2787,tshirt_shape08_108_18,62,pants
2788,tshirt_shape09_111_37,82,pants
2789,tshirt_shape15_108_11,62,pants
2790,tshirt_shape13_132_54,181,pants
2791,tshirt_shape05_108_16,89,pants
2792,tshirt_shape15_144_30,211,pants
2793,tshirt_shape08_128_03,42,pants
2794,tshirt_shape15_108_12,35,pants
2795,tshirt_shape10_108_22,116,pants
2796,tshirt_shape06_128_06,50,pants
2797,tshirt_shape01_91_38,115,pants
2798,tshirt_shape16_128_07,87,pants
2799,tshirt_shape14_108_16,89,pants
2800,tshirt_shape00_111_02,106,pants
2801,tshirt_shape06_108_11,62,pants
2802,tshirt_shape06_128_05,53,pants
2803,tshirt_shape14_91_38,115,pants
2804,tshirt_shape08_02_05,121,pants
2805,tshirt_shape05_128_03,42,pants
2806,tshirt_shape01_108_22,116,pants
2807,tshirt_shape14_131_03,276,pants
2808,tshirt_shape08_108_27,105,pants
2809,tshirt_shape16_111_14,121,pants
2810,tshirt_shape06_144_28,133,pants
2811,tshirt_shape02_108_11,62,pants
2812,tshirt_shape02_91_62,151,pants
2813,tshirt_shape03_91_36,151,pants
2814,tshirt_shape14_108_20,70,pants
2815,tshirt_shape00_111_37,82,pants
2816,tshirt_shape12_144_30,211,pants
2817,tshirt_shape00_55_12,151,pants
2818,tshirt_shape00_49_04,63,pants
2819,tshirt_shape11_111_20,106,pants
2820,tshirt_shape03_111_37,82,pants
2821,tshirt_shape15_02_04,121,pants
2822,tshirt_shape01_91_61,91,pants
2823,tshirt_shape09_108_27,105,pants
2824,tshirt_shape01_46_01,155,pants
2825,tshirt_shape08_91_62,151,pants
2826,tshirt_shape07_111_02,106,pants
2827,tshirt_shape16_54_24,211,pants
2828,tshirt_shape10_108_20,70,pants
2829,tshirt_shape06_76_11,129,pants
2830,tshirt_shape16_91_12,196,pants
2831,tshirt_shape13_91_61,91,pants
2832,tshirt_shape09_76_05,211,pants
2833,tshirt_shape15_104_04,50,pants
2834,tshirt_shape00_63_25,154,pants
2835,tshirt_shape00_13_13,110,pants
2836,tshirt_shape06_46_01,155,pants
2837,tshirt_shape05_144_30,211,pants
2838,tshirt_shape12_108_11,62,pants
2839,tshirt_shape13_104_17,117,pants
2840,tshirt_shape10_91_19,181,pants
2841,tshirt_shape11_02_05,121,pants
2842,tshirt_shape07_05_20,274,pants
2843,tshirt_shape12_108_20,70,pants
2844,tshirt_shape02_128_06,50,pants
2845,tshirt_shape08_26_11,138,pants
2846,tshirt_shape12_111_37,82,pants
2847,tshirt_shape07_55_12,151,pants
2848,tshirt_shape00_05_20,274,pants
2849,tshirt_shape08_55_12,151,pants
2850,tshirt_shape07_108_11,62,pants
2851,tshirt_shape11_128_07,87,pants
2852,tshirt_shape11_128_05,53,pants
2853,tshirt_shape06_63_25,154,pants
2854,tshirt_shape02_128_02,42,pants
2855,tshirt_shape12_02_04,121,pants
2856,tshirt_shape12_104_17,117,pants
2857,tshirt_shape09_135_09,166,pants
2858,tshirt_shape01_13_13,110,pants
2859,tshirt_shape12_111_02,106,pants
2860,tshirt_shape06_111_14,121,pants
2861,tshirt_shape13_128_05,53,pants
2862,tshirt_shape09_104_53,75,pants
2863,tshirt_shape05_55_12,151,pants
2864,tshirt_shape06_91_33,203,pants
2865,tshirt_shape00_02_05,121,pants
2866,tshirt_shape04_111_02,106,pants
2867,tshirt_shape06_91_19,181,pants
2868,tshirt_shape00_91_19,181,pants
2869,tshirt_shape04_02_05,121,pants
2870,tshirt_shape14_128_07,87,pants
2871,tshirt_shape00_128_02,42,pants
2872,tshirt_shape10_40_12,151,pants
2873,tshirt_shape03_13_13,110,pants
2874,tshirt_shape12_54_24,211,pants
2875,tshirt_shape10_105_05,181,pants
2876,tshirt_shape05_05_20,274,pants
2877,tshirt_shape10_49_04,63,pants
2878,tshirt_shape15_13_13,110,pants
2879,tshirt_shape15_105_05,181,pants
2880,tshirt_shape12_02_05,121,pants
2881,tshirt_shape02_111_14,121,pants
2882,tshirt_shape10_91_33,203,pants
2883,tshirt_shape03_02_05,121,pants
2884,tshirt_shape16_02_05,121,pants
2885,tshirt_shape16_135_09,166,pants
2886,tshirt_shape15_144_28,133,pants
2887,tshirt_shape10_128_03,42,pants
2888,tshirt_shape09_91_12,196,pants
2889,tshirt_shape16_91_19,181,pants
2890,tshirt_shape04_108_17,58,pants
2891,tshirt_shape09_144_30,211,pants
2892,tshirt_shape15_135_07,173,pants
2893,tshirt_shape04_76_05,211,pants
2894,tshirt_shape16_132_54,181,pants
2895,tshirt_shape15_128_02,42,pants
2896,tshirt_shape04_02_04,121,pants
2897,tshirt_shape03_111_20,106,pants
2898,tshirt_shape00_108_16,89,pants
2899,tshirt_shape11_104_11,135,pants
2900,tshirt_shape11_131_03,276,pants
2901,tshirt_shape01_111_05,121,pants
2902,tshirt_shape01_108_18,62,pants
2903,tshirt_shape03_108_22,116,pants
2904,tshirt_shape05_26_11,138,pants
2905,tshirt_shape04_104_17,117,pants
2906,tshirt_shape02_91_61,91,pants
2907,tshirt_shape07_40_12,151,pants
2908,tshirt_shape04_108_12,35,pants
2909,tshirt_shape15_104_17,117,pants
2910,tshirt_shape13_135_09,166,pants
2911,tshirt_shape08_91_38,115,pants
2912,tshirt_shape06_131_03,276,pants
2913,tshirt_shape00_144_30,211,pants
2914,tshirt_shape01_02_05,121,pants
2915,tshirt_shape09_55_12,151,pants
2916,tshirt_shape06_108_12,35,pants
2917,tshirt_shape09_111_20,106,pants
2918,tshirt_shape04_108_22,116,pants
2919,tshirt_shape13_40_12,151,pants
2920,tshirt_shape06_91_12,196,pants
2921,tshirt_shape07_128_05,53,pants
2922,tshirt_shape10_144_30,211,pants
2923,tshirt_shape15_02_05,121,pants
2924,tshirt_shape04_54_24,211,pants
2925,tshirt_shape10_63_25,154,pants
2926,tshirt_shape05_144_26,151,pants
2927,tshirt_shape02_91_36,151,pants
2928,tshirt_shape03_63_25,154,pants
2929,tshirt_shape11_02_04,121,pants
2930,tshirt_shape12_132_54,181,pants
2931,tshirt_shape08_73_09,151,pants
2932,tshirt_shape08_46_01,155,pants
2933,tshirt_shape06_104_11,135,pants
2934,tshirt_shape01_111_02,106,pants
2935,tshirt_shape16_63_25,154,pants
2936,tshirt_shape11_05_20,274,pants
2937,tshirt_shape15_111_02,106,pants
2938,tshirt_shape07_128_07,87,pants
2939,tshirt_shape02_91_38,115,pants
2940,tshirt_shape07_135_09,166,pants
2941,tshirt_shape05_76_11,129,pants
2942,tshirt_shape15_111_37,82,pants
2943,tshirt_shape06_108_17,58,pants
2944,tshirt_shape14_91_36,151,pants
2945,tshirt_shape09_131_03,276,pants
2946,tshirt_shape01_91_36,151,pants
2947,tshirt_shape02_55_12,151,pants
2948,tshirt_shape07_128_04,35,pants
2949,tshirt_shape08_91_36,151,pants
2950,tshirt_shape15_91_61,91,pants
2951,tshirt_shape05_144_28,133,pants
2952,tshirt_shape11_144_30,211,pants
2953,tshirt_shape08_108_20,70,pants
2954,tshirt_shape04_26_11,138,pants
2955,tshirt_shape07_132_54,181,pants
2956,tshirt_shape10_104_04,50,pants
2957,tshirt_shape11_91_33,203,pants
2958,tshirt_shape06_108_20,70,pants
2959,tshirt_shape06_26_11,138,pants
2960,tshirt_shape07_128_03,42,pants
2961,tshirt_shape05_131_03,276,pants
2962,tshirt_shape03_49_04,63,pants
2963,tshirt_shape14_108_18,62,pants
2964,tshirt_shape00_128_03,42,pants
2965,tshirt_shape14_128_06,50,pants
2966,tshirt_shape04_73_09,151,pants
2967,tshirt_shape11_91_19,181,pants
2968,tshirt_shape12_55_12,151,pants
2969,tshirt_shape00_108_27,105,pants
2970,tshirt_shape07_104_17,117,pants
2971,tshirt_shape08_104_17,117,pants
2972,tshirt_shape12_63_25,154,pants
2973,tshirt_shape13_49_04,63,pants
2974,tshirt_shape00_91_62,151,pants
2975,tshirt_shape11_26_11,138,pants
2976,tshirt_shape00_108_12,35,pants
2977,tshirt_shape08_40_12,151,pants
2978,tshirt_shape11_13_13,110,pants
2979,tshirt_shape10_108_27,105,pants
2980,tshirt_shape07_144_26,151,pants
2981,tshirt_shape13_104_04,50,pants
2982,tshirt_shape14_76_05,211,pants
2983,tshirt_shape01_108_20,70,pants
2984,tshirt_shape14_105_05,181,pants
2985,tshirt_shape08_108_22,116,pants
2986,tshirt_shape13_128_04,35,pants
2987,tshirt_shape13_108_11,62,pants
2988,tshirt_shape09_91_38,115,pants
2989,tshirt_shape07_108_17,58,pants
2990,tshirt_shape07_144_28,133,pants
2991,tshirt_shape08_128_07,87,pants
2992,tshirt_shape11_91_61,91,pants
2993,tshirt_shape11_108_17,58,pants
2994,tshirt_shape00_73_09,151,pants
2995,tshirt_shape07_49_04,63,pants
2996,tshirt_shape12_104_53,75,pants
2997,tshirt_shape02_05_20,274,pants
2998,tshirt_shape15_108_27,105,pants
2999,tshirt_shape06_108_22,116,pants
3000,tshirt_shape13_26_11,138,pants
3001,tshirt_shape09_105_05,181,pants
3002,tshirt_shape09_108_16,89,pants
3003,tshirt_shape16_26_11,138,pants
3004,tshirt_shape03_108_20,70,pants
3005,tshirt_shape07_91_38,115,pants
3006,tshirt_shape12_128_05,53,pants
3007,tshirt_shape04_128_03,42,pants
3008,tshirt_shape08_108_11,62,pants
3009,tshirt_shape14_05_20,274,pants
3010,tshirt_shape03_111_02,106,pants
3011,tshirt_shape03_144_26,151,pants
3012,tshirt_shape07_26_11,138,pants
3013,tshirt_shape02_76_05,211,pants
3014,tshirt_shape00_91_38,115,pants
3015,tshirt_shape06_54_24,211,pants
3016,tshirt_shape00_91_12,196,pants
3017,tshirt_shape06_108_18,62,pants
3018,tshirt_shape12_105_05,181,pants
3019,tshirt_shape12_111_20,106,pants
3020,tshirt_shape14_46_01,155,pants
3021,tshirt_shape15_46_01,155,pants
3022,tshirt_shape00_46_01,155,pants
3023,tshirt_shape08_05_20,274,pants
3024,tshirt_shape09_26_11,138,pants
3025,tshirt_shape13_128_06,50,pants
3026,tshirt_shape16_144_30,211,pants
3027,tshirt_shape00_104_11,135,pants
3028,tshirt_shape11_108_18,62,pants
3029,tshirt_shape14_108_22,116,pants
3030,tshirt_shape00_144_26,151,pants
3031,tshirt_shape06_91_36,151,pants
3032,tshirt_shape05_46_01,155,pants
3033,tshirt_shape02_128_04,35,pants
3034,tshirt_shape00_40_12,151,pants
3035,tshirt_shape13_73_09,151,pants
3036,tshirt_shape05_13_13,110,pants
3037,tshirt_shape03_128_02,42,pants
3038,tshirt_shape04_135_07,173,pants
3039,tshirt_shape14_02_05,121,pants
3040,tshirt_shape05_49_04,63,pants
3041,tshirt_shape06_91_62,151,pants
3042,tshirt_shape11_76_05,211,pants
3043,tshirt_shape16_104_17,117,pants
3044,tshirt_shape04_105_05,181,pants
3045,tshirt_shape02_105_05,181,pants
3046,tshirt_shape16_128_03,42,pants
3047,tshirt_shape15_91_36,151,pants
3048,tshirt_shape12_108_27,105,pants
3049,tshirt_shape16_105_05,181,pants
3050,tshirt_shape06_104_17,117,pants
3051,tshirt_shape12_104_11,135,pants
3052,tshirt_shape05_132_54,181,pants
3053,tshirt_shape15_108_16,89,pants
3054,tshirt_shape07_128_06,50,pants
3055,tshirt_shape08_144_30,211,pants
3056,tshirt_shape00_111_14,121,pants
3057,tshirt_shape09_02_05,121,pants
3058,tshirt_shape13_104_11,135,pants
3059,tshirt_shape16_144_28,133,pants
3060,tshirt_shape14_91_61,91,pants
3061,tshirt_shape14_104_53,75,pants
3062,tshirt_shape05_111_05,121,pants
3063,tshirt_shape11_104_04,50,pants
3064,tshirt_shape12_128_02,42,pants
3065,tshirt_shape04_104_11,135,pants
3066,tshirt_shape00_76_05,211,pants
3067,tshirt_shape13_13_13,110,pants
3068,tshirt_shape15_49_04,63,pants
3069,tshirt_shape02_135_07,173,pants
3070,tshirt_shape10_76_11,129,pants
3071,tshirt_shape07_108_18,62,pants
3072,tshirt_shape00_144_28,133,pants
3073,tshirt_shape12_128_04,35,pants
3074,tshirt_shape05_91_36,151,pants
3075,tshirt_shape09_108_20,70,pants
3076,tshirt_shape06_128_04,35,pants
3077,tshirt_shape01_108_16,89,pants
3078,tshirt_shape06_104_53,75,pants
3079,tshirt_shape15_128_06,50,pants
3080,tshirt_shape10_128_04,35,pants
3081,tshirt_shape14_54_24,211,pants
3082,tshirt_shape13_91_33,203,pants
3083,tshirt_shape12_111_14,121,pants
3084,tshirt_shape11_105_05,181,pants
3085,tshirt_shape06_128_03,42,pants
3086,tshirt_shape04_91_38,115,pants
3087,tshirt_shape07_91_19,181,pants
3088,tshirt_shape08_128_05,53,pants
3089,tshirt_shape03_131_03,276,pants
3090,tshirt_shape12_135_09,166,pants
3091,tshirt_shape04_49_04,63,pants
3092,tshirt_shape02_135_09,166,pants
3093,tshirt_shape15_91_38,115,pants
3094,tshirt_shape01_108_17,58,pants
3095,tshirt_shape07_128_02,42,pants
3096,tshirt_shape10_108_11,62,pants
3097,tshirt_shape00_104_04,50,pants
3098,tshirt_shape02_132_54,181,pants
3099,tshirt_shape02_131_03,276,pants
3100,tshirt_shape09_91_19,181,pants
3101,tshirt_shape03_144_30,211,pants
3102,tshirt_shape03_54_24,211,pants
3103,tshirt_shape03_128_03,42,pants
3104,tshirt_shape07_111_14,121,pants
3105,tshirt_shape16_144_26,151,pants
3106,tshirt_shape04_108_18,62,pants
3107,tshirt_shape02_104_04,50,pants
3108,tshirt_shape13_46_01,155,pants
3109,tshirt_shape01_111_14,121,pants
3110,tshirt_shape10_128_06,50,pants
3111,tshirt_shape06_132_54,181,pants
3112,tshirt_shape07_108_27,105,pants
3113,tshirt_shape16_135_07,173,pants
3114,tshirt_shape12_49_04,63,pants
3115,tshirt_shape08_02_04,121,pants
3116,tshirt_shape11_128_06,50,pants
3117,tshirt_shape15_26_11,138,pants
3118,tshirt_shape08_128_06,50,pants
3119,tshirt_shape00_128_04,35,pants
3120,tshirt_shape04_128_04,35,pants
3121,tshirt_shape08_108_16,89,pants
3122,tshirt_shape04_128_06,50,pants
3123,tshirt_shape16_73_09,151,pants
3124,tshirt_shape15_131_03,276,pants
3125,tshirt_shape03_108_11,62,pants
3126,tshirt_shape01_54_24,211,pants
3127,tshirt_shape08_135_07,173,pants
3128,tshirt_shape03_55_12,151,pants
3129,tshirt_shape06_111_05,121,pants
3130,tshirt_shape01_76_11,129,pants
3131,tshirt_shape12_144_28,133,pants
3132,tshirt_shape09_76_11,129,pants
3133,tshirt_shape16_128_02,42,pants
3134,tshirt_shape01_02_04,121,pants
3135,tshirt_shape07_108_20,70,pants
3136,tshirt_shape06_13_13,110,pants
3137,tshirt_shape16_91_62,151,pants
3138,tshirt_shape01_144_30,211,pants
3139,tshirt_shape05_73_09,151,pants
3140,tshirt_shape13_108_16,89,pants
3141,tshirt_shape13_02_05,121,pants
3142,tshirt_shape09_111_05,121,pants
3143,tshirt_shape06_104_04,50,pants
3144,tshirt_shape10_135_09,166,pants
3145,tshirt_shape04_128_07,87,pants
3146,tshirt_shape10_02_05,121,pants
3147,tshirt_shape02_104_17,117,pants
3148,tshirt_shape10_108_12,35,pants
3149,tshirt_shape15_108_17,58,pants
3150,tshirt_shape16_05_20,274,pants
3151,tshirt_shape15_05_20,274,pants
3152,tshirt_shape13_128_02,42,pants
3153,tshirt_shape03_128_05,53,pants
3154,tshirt_shape16_46_01,155,pants
3155,tshirt_shape12_05_20,274,pants
3156,tshirt_shape02_91_19,181,pants
3157,tshirt_shape15_128_05,53,pants
3158,tshirt_shape10_111_14,121,pants
3159,tshirt_shape03_105_05,181,pants
3160,tshirt_shape11_108_16,89,pants
3161,tshirt_shape16_111_02,106,pants
3162,tshirt_shape04_108_27,105,pants
3163,tshirt_shape14_104_17,117,pants
3164,tshirt_shape08_104_04,50,pants
3165,tshirt_shape06_108_27,105,pants
3166,tshirt_shape09_91_61,91,pants
3167,tshirt_shape02_76_11,129,pants
3168,tshirt_shape04_40_12,151,pants
3169,tshirt_shape11_40_12,151,pants
3170,tshirt_shape06_135_07,173,pants
3171,tshirt_shape04_108_20,70,pants
3172,tshirt_shape14_128_05,53,pants
3173,tshirt_shape16_76_05,211,pants
3174,tshirt_shape08_111_37,82,pants
3175,tshirt_shape04_46_01,155,pants
3176,tshirt_shape09_108_12,35,pants
3177,tshirt_shape12_131_03,276,pants
3178,tshirt_shape09_104_17,117,pants
3179,tshirt_shape12_91_62,151,pants
3180,tshirt_shape10_104_11,135,pants
3181,tshirt_shape05_135_07,173,pants
3182,tshirt_shape11_91_36,151,pants
3183,tshirt_shape07_54_24,211,pants
3184,tshirt_shape01_91_19,181,pants
3185,tshirt_shape09_144_26,151,pants
3186,tshirt_shape04_91_33,203,pants
3187,tshirt_shape06_105_05,181,pants
3188,tshirt_shape02_02_05,121,pants
3189,tshirt_shape13_91_12,196,pants
3190,tshirt_shape00_132_54,181,pants
3191,tshirt_shape01_91_12,196,pants
3192,tshirt_shape04_128_02,42,pants
3193,tshirt_shape01_104_11,135,pants
3194,tshirt_shape12_108_18,62,pants
3195,tshirt_shape02_111_05,121,pants
3196,tshirt_shape14_91_19,181,pants
3197,tshirt_shape12_128_03,42,pants
3198,tshirt_shape13_76_05,211,pants
3199,tshirt_shape05_128_07,87,pants
3200,tshirt_shape10_128_07,87,pants
3201,tshirt_shape09_111_02,106,pants
3202,tshirt_shape09_128_07,87,pants
3203,tshirt_shape16_55_12,151,pants
3204,tshirt_shape10_91_12,196,pants
3205,tshirt_shape02_49_04,63,pants
3206,tshirt_shape10_128_05,53,pants
3207,tshirt_shape09_104_04,50,pants
3208,tshirt_shape10_111_20,106,pants
3209,tshirt_shape01_132_54,181,pants
3210,tshirt_shape00_105_05,181,pants
3211,tshirt_shape05_111_37,82,pants
3212,tshirt_shape03_46_01,155,pants
3213,tshirt_shape12_111_05,121,pants
3214,tshirt_shape04_128_05,53,pants
3215,tshirt_shape08_111_02,106,pants
3216,tshirt_shape16_91_33,203,pants
3217,tshirt_shape03_128_07,87,pants
3218,tshirt_shape08_13_13,110,pants
3219,tshirt_shape08_63_25,154,pants
3220,tshirt_shape05_105_05,181,pants
3221,tshirt_shape12_91_19,181,pants
3222,tshirt_shape09_104_11,135,pants
3223,tshirt_shape13_111_05,121,pants
3224,tshirt_shape12_73_09,151,pants
3225,tshirt_shape12_46_01,155,pants
3226,tshirt_shape01_108_11,62,pants
3227,tshirt_shape10_104_53,75,pants
3228,tshirt_shape15_108_20,70,pants
3229,tshirt_shape16_111_05,121,pants
3230,tshirt_shape02_63_25,154,pants
3231,tshirt_shape15_76_11,129,pants
3232,tshirt_shape07_02_05,121,pants
3233,tshirt_shape08_76_05,211,pants
3234,tshirt_shape08_111_14,121,pants
3235,tshirt_shape09_128_03,42,pants
3236,tshirt_shape11_135_07,173,pants
3237,tshirt_shape10_55_12,151,pants
3238,tshirt_shape05_108_18,62,pants
3239,tshirt_shape10_131_03,276,pants
3240,tshirt_shape04_63_25,154,pants
3241,tshirt_shape11_104_53,75,pants
3242,tshirt_shape09_132_54,181,pants
3243,tshirt_shape15_128_03,42,pants
3244,tshirt_shape15_91_19,181,pants
3245,tshirt_shape11_55_12,151,pants
3246,tshirt_shape14_108_12,35,pants
3247,tshirt_shape05_108_12,35,pants
3248,tshirt_shape09_40_12,151,pants
3249,tshirt_shape09_144_28,133,pants
3250,tshirt_shape06_111_02,106,pants
3251,tshirt_shape09_128_04,35,pants
3252,tshirt_shape00_135_09,166,pants
3253,tshirt_shape12_91_12,196,pants
3254,tshirt_shape09_108_17,58,pants
3255,tshirt_shape15_40_12,151,pants
3256,tshirt_shape02_108_27,105,pants
3257,tshirt_shape12_91_33,203,pants
3258,tshirt_shape03_111_14,121,pants
3259,tshirt_shape06_144_26,151,pants
3260,tshirt_shape01_73_09,151,pants
3261,tshirt_shape11_135_09,166,pants
3262,tshirt_shape11_111_05,121,pants
3263,tshirt_shape02_144_30,211,pants
3264,tshirt_shape14_111_37,82,pants
3265,tshirt_shape12_91_38,115,pants
3266,tshirt_shape16_108_16,89,pants
3267,tshirt_shape00_104_53,75,pants
3268,tshirt_shape16_108_11,62,pants
3269,tshirt_shape03_144_28,133,pants
3270,tshirt_shape12_13_13,110,pants
3271,tshirt_shape07_104_53,75,pants
3272,tshirt_shape00_54_24,211,pants
3273,tshirt_shape10_128_02,42,pants
3274,tshirt_shape16_104_53,75,pants
3275,tshirt_shape03_76_05,211,pants
3276,tshirt_shape09_13_13,110,pants
3277,tshirt_shape04_104_04,50,pants
3278,tshirt_shape12_26_11,138,pants
3279,tshirt_shape10_104_17,117,pants
3280,tshirt_shape14_128_02,42,pants
3281,tshirt_shape02_46_01,155,pants
3282,tshirt_shape09_73_09,151,pants
3283,tshirt_shape13_144_28,133,pants
3284,tshirt_shape04_13_13,110,pants
3285,tshirt_shape01_40_12,151,pants
3286,tshirt_shape02_26_11,138,pants
3287,tshirt_shape08_49_04,63,pants
3288,tshirt_shape11_104_17,117,pants
3289,tshirt_shape10_108_17,58,pants
3290,tshirt_shape00_02_04,121,pants
3291,tshirt_shape07_111_05,121,pants
3292,tshirt_shape06_05_20,274,pants
3293,tshirt_shape13_144_26,151,pants
3294,tshirt_shape00_108_11,62,pants
3295,tshirt_shape03_135_09,166,pants
3296,tshirt_shape07_105_05,181,pants
3297,tshirt_shape03_73_09,151,pants
3298,tshirt_shape11_132_54,181,pants
3299,tshirt_shape12_128_06,50,pants
3300,tshirt_shape07_104_04,50,pants
3301,tshirt_shape13_54_24,211,pants
3302,tshirt_shape05_128_02,42,pants
3303,tshirt_shape16_104_04,50,pants
3304,tshirt_shape16_91_61,91,pants
3305,tshirt_shape02_111_37,82,pants
3306,tshirt_shape10_76_05,211,pants
3307,tshirt_shape11_73_09,151,pants
3308,tshirt_shape12_128_07,87,pants
3309,tshirt_shape06_111_20,106,pants
3310,tshirt_shape05_91_62,151,pants
3311,tshirt_shape00_111_05,121,pants
3312,tshirt_shape00_128_06,50,pants
3313,tshirt_shape08_131_03,276,pants
3314,tshirt_shape01_128_03,42,pants
3315,tshirt_shape14_49_04,63,pants
3316,tshirt_shape14_144_28,133,pants
3317,tshirt_shape02_108_22,116,pants
3318,tshirt_shape00_91_36,151,pants
3319,tshirt_shape03_91_33,203,pants
3320,tshirt_shape15_128_07,87,pants
3321,tshirt_shape07_108_16,89,pants
3322,tshirt_shape10_135_07,173,pants
3323,tshirt_shape05_108_27,105,pants
3324,tshirt_shape03_104_53,75,pants
3325,tshirt_shape05_108_22,116,pants
3326,tshirt_shape03_02_04,121,pants
3327,tshirt_shape07_91_61,91,pants
3328,tshirt_shape09_46_01,155,pants
3329,tshirt_shape03_108_18,62,pants
3330,tshirt_shape09_128_02,42,pants
3331,tshirt_shape06_76_05,211,pants
3332,tshirt_shape13_108_18,62,pants
3333,tshirt_shape04_144_26,151,pants
3334,tshirt_shape01_104_17,117,pants
3335,tshirt_shape12_91_61,91,pants
3336,tshirt_shape07_91_12,196,pants
3337,tshirt_shape10_111_02,106,pants
3338,tshirt_shape11_54_24,211,pants
3339,tshirt_shape13_63_25,154,pants
3340,tshirt_shape01_108_12,35,pants
3341,tshirt_shape00_108_18,62,pants
3342,tshirt_shape09_91_33,203,pants
3343,tshirt_shape08_144_26,151,pants
3344,tshirt_shape08_104_53,75,pants
3345,tshirt_shape11_111_37,82,pants
3346,tshirt_shape16_128_04,35,pants
3347,tshirt_shape04_76_11,129,pants
3348,tshirt_shape05_91_19,181,pants
3349,tshirt_shape05_108_11,62,pants
3350,tshirt_shape04_135_09,166,pants
3351,tshirt_shape05_02_04,121,pants
3352,tshirt_shape14_132_54,181,pants
3353,tshirt_shape04_144_28,133,pants
3354,tshirt_shape07_91_36,151,pants
3355,tshirt_shape13_05_20,274,pants
3356,tshirt_shape04_55_12,151,pants
3357,tshirt_shape13_108_17,58,pants
3358,tshirt_shape05_91_33,203,pants
3359,tshirt_shape03_26_11,138,pants
3360,tshirt_shape16_111_37,82,pants
3361,tshirt_shape05_135_09,166,pants
3362,tshirt_shape16_108_18,62,pants
3363,tshirt_shape01_104_04,50,pants
3364,tshirt_shape14_111_02,106,pants
3365,tshirt_shape09_108_18,62,pants
3366,tshirt_shape05_104_11,135,pants
3367,tshirt_shape14_13_13,110,pants
3368,tshirt_shape05_76_05,211,pants
3369,tshirt_shape04_108_11,62,pants
3370,tshirt_shape03_104_04,50,pants
3371,tshirt_shape14_135_09,166,pants
3372,tshirt_shape10_91_62,151,pants
3373,tshirt_shape10_144_26,151,pants
3374,tshirt_shape03_108_16,89,pants
3375,tshirt_shape07_108_12,35,pants
3376,tshirt_shape16_108_12,35,pants
3377,tshirt_shape07_144_30,211,pants
3378,tshirt_shape15_132_54,181,pants
3379,tshirt_shape04_91_61,91,pants
3380,tshirt_shape09_91_62,151,pants
3381,tshirt_shape07_111_37,82,pants
3382,tshirt_shape02_108_16,89,pants
3383,tshirt_shape06_73_09,151,pants
3384,tshirt_shape16_02_04,121,pants
3385,tshirt_shape00_91_33,203,pants
3386,tshirt_shape03_108_17,58,pants
3387,tshirt_shape09_02_04,121,pants
3388,tshirt_shape15_63_25,154,pants
3389,tshirt_shape01_104_53,75,pants
3390,tshirt_shape03_104_17,117,pants
3391,tshirt_shape12_108_22,116,pants
3392,tshirt_shape09_108_11,62,pants
3393,tshirt_shape13_108_22,116,pants
3394,tshirt_shape03_91_12,196,pants
3395,tshirt_shape14_108_27,105,pants
3396,tshirt_shape01_128_04,35,pants
3397,tshirt_shape11_91_62,151,pants
3398,tshirt_shape14_63_25,154,pants
3399,tshirt_shape09_63_25,154,pants
3400,tshirt_shape13_91_19,181,pants
3401,tshirt_shape01_128_02,42,pants
3402,tshirt_shape11_49_04,63,pants
3403,tshirt_shape10_144_28,133,pants
3404,tshirt_shape03_91_19,181,pants
3405,tshirt_shape08_104_11,135,pants
3406,tshirt_shape07_76_11,129,pants
3407,tshirt_shape07_63_25,154,pants
3408,tshirt_shape10_02_04,121,pants
3409,tshirt_shape05_128_06,50,pants
3410,tshirt_shape13_104_53,75,pants
3411,tshirt_shape16_76_11,129,pants
3412,tshirt_shape13_91_36,151,pants
3413,tshirt_shape02_108_12,35,pants
3414,tshirt_shape14_55_12,151,pants
3415,tshirt_shape01_128_07,87,pants
3416,tshirt_shape01_55_12,151,pants
3417,tshirt_shape02_128_07,87,pants
3418,tshirt_shape16_108_27,105,pants
3419,tshirt_shape07_13_13,110,pants
3420,tshirt_shape14_91_12,196,pants
3421,tshirt_shape04_104_53,75,pants
3422,tshirt_shape05_104_53,75,pants
3423,tshirt_shape06_91_61,91,pants
3424,tshirt_shape02_54_24,211,pants
3425,tshirt_shape16_91_38,115,pants
3426,tshirt_shape14_144_30,211,pants
3427,tshirt_shape07_111_20,106,pants
3428,tshirt_shape00_135_07,173,pants
3429,tshirt_shape00_104_17,117,pants
3430,tshirt_shape00_108_17,58,pants
3431,tshirt_shape01_144_28,133,pants
3432,tshirt_shape16_91_36,151,pants
3433,tshirt_shape13_108_27,105,pants
3434,tshirt_shape04_144_30,211,pants
3435,tshirt_shape10_111_05,121,pants
3436,tshirt_shape16_131_03,276,pants
3437,tshirt_shape08_108_17,58,pants
3438,tshirt_shape00_128_07,87,pants
3439,tshirt_shape08_132_54,181,pants
3440,tshirt_shape16_40_12,151,pants
3441,tshirt_shape05_63_25,154,pants
3442,tshirt_shape10_91_36,151,pants
3443,tshirt_shape13_131_03,276,pants
3444,tshirt_shape11_144_26,151,pants
3445,tshirt_shape09_128_06,50,pants
3446,tshirt_shape02_111_02,106,pants
3447,tshirt_shape08_128_04,35,pants
3448,tshirt_shape04_108_16,89,pants
3449,tshirt_shape14_73_09,151,pants
3450,tshirt_shape02_02_04,121,pants
3451,tshirt_shape15_104_11,135,pants
3452,tshirt_shape07_104_11,135,pants
3453,tshirt_shape14_111_14,121,pants
3454,tshirt_shape08_108_12,35,pants
3455,tshirt_shape06_135_09,166,pants
3456,tshirt_shape13_111_02,106,pants
3457,tshirt_shape06_91_38,115,pants
3458,tshirt_shape03_108_27,105,pants
3459,tshirt_shape04_111_20,106,pants
3460,tshirt_shape01_91_33,203,pants
3461,tshirt_shape07_46_01,155,pants
3462,tshirt_shape11_108_12,35,pants
3463,tshirt_shape10_13_13,110,pants
3464,tshirt_shape04_91_12,196,pants
3465,tshirt_shape05_128_05,53,pants
3466,tshirt_shape08_54_24,211,pants
3467,tshirt_shape09_108_22,116,pants
3468,tshirt_shape02_104_53,75,pants
3469,tshirt_shape05_91_12,196,pants
3470,tshirt_shape15_135_09,166,pants
3471,tshirt_shape00_108_20,70,pants
3472,tshirt_shape11_108_27,105,pants
3473,tshirt_shape16_128_06,50,pants
3474,tshirt_shape15_128_04,35,pants
3475,tshirt_shape01_05_20,274,pants
3476,tshirt_shape01_76_05,211,pants
3477,tshirt_shape12_76_11,129,pants
3478,tshirt_shape08_91_61,91,pants
3479,tshirt_shape13_76_11,129,pants
3480,tshirt_shape05_108_20,70,pants
3481,tshirt_shape12_76_05,211,pants
3482,tshirt_shape16_128_05,53,pants
3483,tshirt_shape15_111_14,121,pants
3484,tshirt_shape16_108_17,58,pants
3485,tshirt_shape04_131_03,276,pants
3486,tshirt_shape15_54_24,211,pants
3487,tshirt_shape06_02_04,121,pants
3488,tshirt_shape09_54_24,211,pants
3489,tshirt_shape09_05_20,274,pants
3490,tshirt_shape01_135_09,166,pants
3491,tshirt_shape08_76_11,129,pants
3492,tshirt_shape09_91_36,151,pants
3493,tshirt_shape16_108_20,70,pants
3494,tshirt_shape07_91_62,151,pants
3495,tshirt_shape00_111_20,106,pants
3496,tshirt_shape10_132_54,181,pants
3497,tshirt_shape11_128_04,35,pants
3498,tshirt_shape02_111_20,106,pants
3499,tshirt_shape03_05_20,274,pants
3500,tshirt_shape01_26_11,138,pants
3501,tshirt_shape01_128_05,53,pants
3502,tshirt_shape08_144_28,133,pants
3503,tshirt_shape02_73_09,151,pants
3504,tshirt_shape13_91_62,151,pants
3505,tshirt_shape15_76_05,211,pants
3506,tshirt_shape13_144_30,211,pants
3507,tshirt_shape16_13_13,110,pants
3508,tshirt_shape02_144_26,151,pants
3509,tshirt_shape07_76_05,211,pants
3510,tshirt_shape13_108_20,70,pants
3511,tshirt_shape11_108_22,116,pants
3512,tshirt_shape03_135_07,173,pants
3513,tshirt_shape14_111_20,106,pants
3514,tshirt_shape01_131_03,276,pants
3515,tshirt_shape08_105_05,181,pants
3516,tshirt_shape08_111_05,121,pants
3517,tshirt_shape03_128_06,50,pants
3518,tshirt_shape14_76_11,129,pants
3519,tshirt_shape13_128_07,87,pants
3520,tshirt_shape14_111_05,121,pants
3521,tshirt_shape03_91_38,115,pants
3522,tshirt_shape04_91_36,151,pants
3523,tshirt_shape14_108_17,58,pants
3524,tshirt_shape14_91_62,151,pants
3525,tshirt_shape13_91_38,115,pants
3526,tshirt_shape01_128_06,50,pants
3527,tshirt_shape14_104_04,50,pants
3528,tshirt_shape05_111_14,121,pants
3529,tshirt_shape15_111_20,106,pants
3530,tshirt_shape15_91_33,203,pants
3531,tshirt_shape15_55_12,151,pants
3532,tshirt_shape11_111_14,121,pants
3533,tshirt_shape02_128_03,42,pants
3534,tshirt_shape06_144_30,211,pants
3535,tshirt_shape07_02_04,121,pants
3536,tshirt_shape14_104_11,135,shorts
3537,tshirt_shape08_128_02,42,shorts
3538,tshirt_shape14_128_03,42,shorts
3539,tshirt_shape03_91_61,91,shorts
3540,tshirt_shape10_46_01,155,shorts
3541,tshirt_shape04_111_37,82,shorts
3542,tshirt_shape03_108_12,35,shorts
3543,tshirt_shape11_128_03,42,shorts
3544,tshirt_shape15_104_53,75,shorts
3545,tshirt_shape05_128_04,35,shorts
3546,tshirt_shape11_144_28,133,shorts
3547,tshirt_shape08_91_33,203,shorts
3548,tshirt_shape13_105_05,181,shorts
3549,tshirt_shape13_128_03,42,shorts
3550,tshirt_shape14_135_07,173,shorts
3551,tshirt_shape11_108_20,70,shorts
3552,tshirt_shape13_111_14,121,shorts
3553,tshirt_shape15_91_62,151,shorts
3554,tshirt_shape00_76_11,129,shorts
3555,tshirt_shape14_91_33,203,shorts
3556,tshirt_shape15_108_18,62,shorts
3557,tshirt_shape13_111_37,82,shorts
3558,tshirt_shape14_128_04,35,shorts
3559,tshirt_shape12_91_36,151,shorts
3560,tshirt_shape02_144_28,133,shorts
3561,tshirt_shape03_128_04,35,shorts
3562,tshirt_shape14_26_11,138,shorts
3563,tshirt_shape03_40_12,151,shorts
3564,tshirt_shape03_111_05,121,shorts
3565,tshirt_shape00_108_22,116,shorts
3566,tshirt_shape02_128_05,53,shorts
3567,tshirt_shape11_46_01,155,shorts
3568,tshirt_shape15_111_05,121,shorts
3569,tshirt_shape04_91_62,151,shorts
3570,tshirt_shape08_111_20,106,shorts
3571,tshirt_shape06_111_37,82,shorts
3572,tshirt_shape14_02_04,121,shorts
3573,tshirt_shape11_111_02,106,shorts
3574,tshirt_shape04_91_19,181,shorts
3575,tshirt_shape06_02_05,121,shorts
3576,tshirt_shape01_91_62,151,shorts
3577,tshirt_shape08_91_19,181,shorts
3578,tshirt_shape04_132_54,181,shorts
3579,tshirt_shape02_91_33,203,shorts
3580,tshirt_shape02_40_12,151,shorts
3581,tshirt_shape12_144_26,151,shorts
3582,tshirt_shape13_135_07,173,shorts
3583,tshirt_shape02_108_17,58,shorts
3584,tshirt_shape02_91_12,196,shorts
3585,tshirt_shape09_135_07,173,shorts
3586,tshirt_shape06_128_02,42,shorts
3587,tshirt_shape14_108_11,62,shorts
3588,tshirt_shape05_104_04,50,shorts
3589,tshirt_shape05_111_20,106,shorts
3590,tshirt_shape12_108_17,58,shorts
3591,tshirt_shape07_135_07,173,shorts
3592,tshirt_shape15_144_26,151,shorts
3593,tshirt_shape10_26_11,138,shorts
3594,tshirt_shape16_104_11,135,shorts
3595,tshirt_shape07_91_33,203,shorts
3596,tshirt_shape10_05_20,274,shorts
3597,tshirt_shape10_108_18,62,shorts
3598,tshirt_shape05_91_38,115,shorts
3599,tshirt_shape01_111_37,82,shorts
3600,tshirt_shape08_135_09,166,shorts
3601,tshirt_shape11_76_11,129,shorts
3602,tshirt_shape05_02_05,121,shorts
3603,tshirt_shape06_128_07,87,shorts
3604,tshirt_shape12_135_07,173,shorts
3605,tshirt_shape03_91_62,151,shorts
3606,tshirt_shape09_128_05,53,shorts
3607,tshirt_shape12_104_04,50,shorts
3608,tshirt_shape06_108_16,89,shorts
3609,tshirt_shape05_104_17,117,shorts
3610,tshirt_shape15_91_12,196,shorts
3611,tshirt_shape16_49_04,63,shorts
3612,tshirt_shape16_111_20,106,shorts
3613,tshirt_shape06_49_04,63,shorts
3614,tshirt_shape15_73_09,151,shorts
3615,tshirt_shape01_108_27,105,shorts
3616,tshirt_shape05_108_17,58,shorts
3617,tshirt_shape10_108_16,89,shorts
3618,tshirt_shape07_108_22,116,shorts
3619,tshirt_shape03_132_54,181,shorts
3620,tshirt_shape02_108_20,70,shorts
3621,tshirt_shape12_108_16,89,shorts
3622,tshirt_shape01_49_04,63,shorts
3623,tshirt_shape00_128_05,53,shorts
3624,tshirt_shape05_54_24,211,shorts
3625,tshirt_shape06_55_12,151,shorts
3626,tshirt_shape05_111_02,106,shorts
3627,tshirt_shape14_144_26,151,shorts
3628,tshirt_shape09_111_14,121,shorts
3629,tshirt_shape00_91_61,91,shorts
3630,tshirt_shape02_104_11,135,shorts
3631,tshirt_shape13_108_12,35,shorts
3632,tshirt_shape01_63_25,154,shorts
3633,tshirt_shape12_108_12,35,shorts
3634,tshirt_shape05_91_61,91,shorts
3635,tshirt_shape10_91_61,91,shorts
3636,tshirt_shape14_40_12,151,shorts
3637,tshirt_shape05_40_12,151,shorts
3638,tshirt_shape13_55_12,151,shorts
3639,tshirt_shape02_13_13,110,shorts
3640,tshirt_shape01_144_26,151,shorts
3641,tshirt_shape11_63_25,154,shorts
3642,tshirt_shape00_131_03,276,shorts
3643,tshirt_shape11_91_38,115,shorts
3644,tshirt_shape16_108_22,116,shorts
3645,tshirt_shape11_91_12,196,shorts
3646,tshirt_shape11_108_11,62,shorts
3647,tshirt_shape09_49_04,63,shorts
3648,tshirt_shape13_111_20,106,shorts
3649,tshirt_shape13_02_04,121,shorts
3650,tshirt_shape10_54_24,211,shorts
3651,tshirt_shape01_105_05,181,shorts
3652,tshirt_shape15_108_22,116,shorts
3653,tshirt_shape08_91_12,196,shorts
3654,tshirt_shape03_104_11,135,shorts
3655,tshirt_shape11_128_02,42,shorts
3656,tshirt_shape07_73_09,151,shorts
3657,tshirt_shape04_111_05,121,shorts
3658,tshirt_shape10_111_37,82,shorts
3659,tshirt_shape04_111_14,121,shorts
3660,tshirt_shape07_131_03,276,shorts
3661,tshirt_shape10_73_09,151,shorts
3662,tshirt_shape10_91_38,115,shorts
3663,tshirt_shape12_40_12,151,shorts
3664,tshirt_shape06_40_12,151,shorts
3665,tshirt_shape02_108_18,62,shorts
3666,tshirt_shape01_135_07,173,shorts
3667,tshirt_shape03_76_11,129,shorts
3668,tshirt_shape00_26_11,138,shorts
3669,tshirt_shape01_111_20,106,shorts
3670,tshirt_shape04_05_20,274,shorts
3671,tshirt_shape08_108_18,62,shorts
3672,tshirt_shape09_111_37,82,shorts
3673,tshirt_shape15_108_11,62,shorts
3674,tshirt_shape13_132_54,181,shorts
3675,tshirt_shape05_108_16,89,shorts
3676,tshirt_shape15_144_30,211,shorts
3677,tshirt_shape08_128_03,42,shorts
3678,tshirt_shape15_108_12,35,shorts
3679,tshirt_shape10_108_22,116,shorts
3680,tshirt_shape06_128_06,50,shorts
3681,tshirt_shape01_91_38,115,shorts
3682,tshirt_shape16_128_07,87,shorts
3683,tshirt_shape14_108_16,89,shorts
3684,tshirt_shape00_111_02,106,shorts
3685,tshirt_shape06_108_11,62,shorts
3686,tshirt_shape06_128_05,53,shorts
3687,tshirt_shape14_91_38,115,shorts
3688,tshirt_shape08_02_05,121,shorts
3689,tshirt_shape05_128_03,42,shorts
3690,tshirt_shape01_108_22,116,shorts
3691,tshirt_shape14_131_03,276,shorts
3692,tshirt_shape08_108_27,105,shorts
3693,tshirt_shape16_111_14,121,shorts
3694,tshirt_shape06_144_28,133,shorts
3695,tshirt_shape02_108_11,62,shorts
3696,tshirt_shape02_91_62,151,shorts
3697,tshirt_shape03_91_36,151,shorts
3698,tshirt_shape14_108_20,70,shorts
3699,tshirt_shape00_111_37,82,shorts
3700,tshirt_shape12_144_30,211,shorts
3701,tshirt_shape00_55_12,151,shorts
3702,tshirt_shape00_49_04,63,shorts
3703,tshirt_shape11_111_20,106,shorts
3704,tshirt_shape03_111_37,82,shorts
3705,tshirt_shape15_02_04,121,shorts
3706,tshirt_shape01_91_61,91,shorts
3707,tshirt_shape09_108_27,105,shorts
3708,tshirt_shape01_46_01,155,shorts
3709,tshirt_shape08_91_62,151,shorts
3710,tshirt_shape07_111_02,106,shorts
3711,tshirt_shape16_54_24,211,shorts
3712,tshirt_shape10_108_20,70,shorts
3713,tshirt_shape06_76_11,129,shorts
3714,tshirt_shape16_91_12,196,shorts
3715,tshirt_shape13_91_61,91,shorts
3716,tshirt_shape09_76_05,211,shorts
3717,tshirt_shape15_104_04,50,shorts
3718,tshirt_shape00_63_25,154,shorts
3719,tshirt_shape00_13_13,110,shorts
3720,tshirt_shape06_46_01,155,shorts
3721,tshirt_shape05_144_30,211,shorts
3722,tshirt_shape12_108_11,62,shorts
3723,tshirt_shape13_104_17,117,shorts
3724,tshirt_shape10_91_19,181,shorts
3725,tshirt_shape11_02_05,121,shorts
3726,tshirt_shape07_05_20,274,shorts
3727,tshirt_shape12_108_20,70,shorts
3728,tshirt_shape02_128_06,50,shorts
3729,tshirt_shape08_26_11,138,shorts
3730,tshirt_shape12_111_37,82,shorts
3731,tshirt_shape07_55_12,151,shorts
3732,tshirt_shape00_05_20,274,shorts
3733,tshirt_shape08_55_12,151,shorts
3734,tshirt_shape07_108_11,62,shorts
3735,tshirt_shape11_128_07,87,shorts
3736,tshirt_shape11_128_05,53,shorts
3737,tshirt_shape06_63_25,154,shorts
3738,tshirt_shape02_128_02,42,shorts
3739,tshirt_shape12_02_04,121,shorts
3740,tshirt_shape12_104_17,117,shorts
3741,tshirt_shape09_135_09,166,shorts
3742,tshirt_shape01_13_13,110,shorts
3743,tshirt_shape12_111_02,106,shorts
3744,tshirt_shape06_111_14,121,shorts
3745,tshirt_shape13_128_05,53,shorts
3746,tshirt_shape09_104_53,75,shorts
3747,tshirt_shape05_55_12,151,shorts
3748,tshirt_shape06_91_33,203,shorts
3749,tshirt_shape00_02_05,121,shorts
3750,tshirt_shape04_111_02,106,shorts
3751,tshirt_shape06_91_19,181,shorts
3752,tshirt_shape00_91_19,181,shorts
3753,tshirt_shape04_02_05,121,shorts
3754,tshirt_shape14_128_07,87,shorts
3755,tshirt_shape00_128_02,42,shorts
3756,tshirt_shape10_40_12,151,shorts
3757,tshirt_shape03_13_13,110,shorts
3758,tshirt_shape12_54_24,211,shorts
3759,tshirt_shape10_105_05,181,shorts
3760,tshirt_shape05_05_20,274,shorts
3761,tshirt_shape10_49_04,63,shorts
3762,tshirt_shape15_13_13,110,shorts
3763,tshirt_shape15_105_05,181,shorts
3764,tshirt_shape12_02_05,121,shorts
3765,tshirt_shape02_111_14,121,shorts
3766,tshirt_shape10_91_33,203,shorts
3767,tshirt_shape03_02_05,121,shorts
3768,tshirt_shape16_02_05,121,shorts
3769,tshirt_shape16_135_09,166,shorts
3770,tshirt_shape15_144_28,133,shorts
3771,tshirt_shape10_128_03,42,shorts
3772,tshirt_shape09_91_12,196,shorts
3773,tshirt_shape16_91_19,181,shorts
3774,tshirt_shape04_108_17,58,shorts
3775,tshirt_shape09_144_30,211,shorts
3776,tshirt_shape15_135_07,173,shorts
3777,tshirt_shape04_76_05,211,shorts
3778,tshirt_shape16_132_54,181,shorts
3779,tshirt_shape15_128_02,42,shorts
3780,tshirt_shape04_02_04,121,shorts
3781,tshirt_shape03_111_20,106,shorts
3782,tshirt_shape00_108_16,89,shorts
3783,tshirt_shape11_104_11,135,shorts
3784,tshirt_shape11_131_03,276,shorts
3785,tshirt_shape01_111_05,121,shorts
3786,tshirt_shape01_108_18,62,shorts
3787,tshirt_shape03_108_22,116,shorts
3788,tshirt_shape05_26_11,138,shorts
3789,tshirt_shape04_104_17,117,shorts
3790,tshirt_shape02_91_61,91,shorts
3791,tshirt_shape07_40_12,151,shorts
3792,tshirt_shape04_108_12,35,shorts
3793,tshirt_shape15_104_17,117,shorts
3794,tshirt_shape13_135_09,166,shorts
3795,tshirt_shape08_91_38,115,shorts
3796,tshirt_shape06_131_03,276,shorts
3797,tshirt_shape00_144_30,211,shorts
3798,tshirt_shape01_02_05,121,shorts
3799,tshirt_shape09_55_12,151,shorts
3800,tshirt_shape06_108_12,35,shorts
3801,tshirt_shape09_111_20,106,shorts
3802,tshirt_shape04_108_22,116,shorts
3803,tshirt_shape13_40_12,151,shorts
3804,tshirt_shape06_91_12,196,shorts
3805,tshirt_shape07_128_05,53,shorts
3806,tshirt_shape10_144_30,211,shorts
3807,tshirt_shape15_02_05,121,shorts
3808,tshirt_shape04_54_24,211,shorts
3809,tshirt_shape10_63_25,154,shorts
3810,tshirt_shape05_144_26,151,shorts
3811,tshirt_shape02_91_36,151,shorts
3812,tshirt_shape03_63_25,154,shorts
3813,tshirt_shape11_02_04,121,shorts
3814,tshirt_shape12_132_54,181,shorts
3815,tshirt_shape08_73_09,151,shorts
3816,tshirt_shape08_46_01,155,shorts
3817,tshirt_shape06_104_11,135,shorts
3818,tshirt_shape01_111_02,106,shorts
3819,tshirt_shape16_63_25,154,shorts
3820,tshirt_shape11_05_20,274,shorts
3821,tshirt_shape15_111_02,106,shorts
3822,tshirt_shape07_128_07,87,shorts
3823,tshirt_shape02_91_38,115,shorts
3824,tshirt_shape07_135_09,166,shorts
3825,tshirt_shape05_76_11,129,shorts
3826,tshirt_shape15_111_37,82,shorts
3827,tshirt_shape06_108_17,58,shorts
3828,tshirt_shape14_91_36,151,shorts
3829,tshirt_shape09_131_03,276,shorts
3830,tshirt_shape01_91_36,151,shorts
3831,tshirt_shape02_55_12,151,shorts
3832,tshirt_shape07_128_04,35,shorts
3833,tshirt_shape08_91_36,151,shorts
3834,tshirt_shape15_91_61,91,shorts
3835,tshirt_shape05_144_28,133,shorts
3836,tshirt_shape11_144_30,211,shorts
3837,tshirt_shape08_108_20,70,shorts
3838,tshirt_shape04_26_11,138,shorts
3839,tshirt_shape07_132_54,181,shorts
3840,tshirt_shape10_104_04,50,shorts
3841,tshirt_shape11_91_33,203,shorts
3842,tshirt_shape06_108_20,70,shorts
3843,tshirt_shape06_26_11,138,shorts
3844,tshirt_shape07_128_03,42,shorts
3845,tshirt_shape05_131_03,276,shorts
3846,tshirt_shape03_49_04,63,shorts
3847,tshirt_shape14_108_18,62,shorts
3848,tshirt_shape00_128_03,42,shorts
3849,tshirt_shape14_128_06,50,shorts
3850,tshirt_shape04_73_09,151,shorts
3851,tshirt_shape11_91_19,181,shorts
3852,tshirt_shape12_55_12,151,shorts
3853,tshirt_shape00_108_27,105,shorts
3854,tshirt_shape07_104_17,117,shorts
3855,tshirt_shape08_104_17,117,shorts
3856,tshirt_shape12_63_25,154,shorts
3857,tshirt_shape13_49_04,63,shorts
3858,tshirt_shape00_91_62,151,shorts
3859,tshirt_shape11_26_11,138,shorts
3860,tshirt_shape00_108_12,35,shorts
3861,tshirt_shape08_40_12,151,shorts
3862,tshirt_shape11_13_13,110,shorts
3863,tshirt_shape10_108_27,105,shorts
3864,tshirt_shape07_144_26,151,shorts
3865,tshirt_shape13_104_04,50,shorts
3866,tshirt_shape14_76_05,211,shorts
3867,tshirt_shape01_108_20,70,shorts
3868,tshirt_shape14_105_05,181,shorts
3869,tshirt_shape08_108_22,116,shorts
3870,tshirt_shape13_128_04,35,shorts
3871,tshirt_shape13_108_11,62,shorts
3872,tshirt_shape09_91_38,115,shorts
3873,tshirt_shape07_108_17,58,shorts
3874,tshirt_shape07_144_28,133,shorts
3875,tshirt_shape08_128_07,87,shorts
3876,tshirt_shape11_91_61,91,shorts
3877,tshirt_shape11_108_17,58,shorts
3878,tshirt_shape00_73_09,151,shorts
3879,tshirt_shape07_49_04,63,shorts
3880,tshirt_shape12_104_53,75,shorts
3881,tshirt_shape02_05_20,274,shorts
3882,tshirt_shape15_108_27,105,shorts
3883,tshirt_shape06_108_22,116,shorts
3884,tshirt_shape13_26_11,138,shorts
3885,tshirt_shape09_105_05,181,shorts
3886,tshirt_shape09_108_16,89,shorts
3887,tshirt_shape16_26_11,138,shorts
3888,tshirt_shape03_108_20,70,shorts
3889,tshirt_shape07_91_38,115,shorts
3890,tshirt_shape12_128_05,53,shorts
3891,tshirt_shape04_128_03,42,shorts
3892,tshirt_shape08_108_11,62,shorts
3893,tshirt_shape14_05_20,274,shorts
3894,tshirt_shape03_111_02,106,shorts
3895,tshirt_shape03_144_26,151,shorts
3896,tshirt_shape07_26_11,138,shorts
3897,tshirt_shape02_76_05,211,shorts
3898,tshirt_shape00_91_38,115,shorts
3899,tshirt_shape06_54_24,211,shorts
3900,tshirt_shape00_91_12,196,shorts
3901,tshirt_shape06_108_18,62,shorts
3902,tshirt_shape12_105_05,181,shorts
3903,tshirt_shape12_111_20,106,shorts
3904,tshirt_shape14_46_01,155,shorts
3905,tshirt_shape15_46_01,155,shorts
3906,tshirt_shape00_46_01,155,shorts
3907,tshirt_shape08_05_20,274,shorts
3908,tshirt_shape09_26_11,138,shorts
3909,tshirt_shape13_128_06,50,shorts
3910,tshirt_shape16_144_30,211,shorts
3911,tshirt_shape00_104_11,135,shorts
3912,tshirt_shape11_108_18,62,shorts
3913,tshirt_shape14_108_22,116,shorts
3914,tshirt_shape00_144_26,151,shorts
3915,tshirt_shape06_91_36,151,shorts
3916,tshirt_shape05_46_01,155,shorts
3917,tshirt_shape02_128_04,35,shorts
3918,tshirt_shape00_40_12,151,shorts
3919,tshirt_shape13_73_09,151,shorts
3920,tshirt_shape05_13_13,110,shorts
3921,tshirt_shape03_128_02,42,shorts
3922,tshirt_shape04_135_07,173,shorts
3923,tshirt_shape14_02_05,121,shorts
3924,tshirt_shape05_49_04,63,shorts
3925,tshirt_shape06_91_62,151,shorts
3926,tshirt_shape11_76_05,211,shorts
3927,tshirt_shape16_104_17,117,shorts
3928,tshirt_shape04_105_05,181,shorts
3929,tshirt_shape02_105_05,181,shorts
3930,tshirt_shape16_128_03,42,shorts
3931,tshirt_shape15_91_36,151,shorts
3932,tshirt_shape12_108_27,105,shorts
3933,tshirt_shape16_105_05,181,shorts
3934,tshirt_shape06_104_17,117,shorts
3935,tshirt_shape12_104_11,135,shorts
3936,tshirt_shape05_132_54,181,shorts
3937,tshirt_shape15_108_16,89,shorts
3938,tshirt_shape07_128_06,50,shorts
3939,tshirt_shape08_144_30,211,shorts
3940,tshirt_shape00_111_14,121,shorts
3941,tshirt_shape09_02_05,121,shorts
3942,tshirt_shape13_104_11,135,shorts
3943,tshirt_shape16_144_28,133,shorts
3944,tshirt_shape14_91_61,91,shorts
3945,tshirt_shape14_104_53,75,shorts
3946,tshirt_shape05_111_05,121,shorts
3947,tshirt_shape11_104_04,50,shorts
3948,tshirt_shape12_128_02,42,shorts
3949,tshirt_shape04_104_11,135,shorts
3950,tshirt_shape00_76_05,211,shorts
3951,tshirt_shape13_13_13,110,shorts
3952,tshirt_shape15_49_04,63,shorts
3953,tshirt_shape02_135_07,173,shorts
3954,tshirt_shape10_76_11,129,shorts
3955,tshirt_shape07_108_18,62,shorts
3956,tshirt_shape00_144_28,133,shorts
3957,tshirt_shape12_128_04,35,shorts
3958,tshirt_shape05_91_36,151,shorts
3959,tshirt_shape09_108_20,70,shorts
3960,tshirt_shape06_128_04,35,shorts
3961,tshirt_shape01_108_16,89,shorts
3962,tshirt_shape06_104_53,75,shorts
3963,tshirt_shape15_128_06,50,shorts
3964,tshirt_shape10_128_04,35,shorts
3965,tshirt_shape14_54_24,211,shorts
3966,tshirt_shape13_91_33,203,shorts
3967,tshirt_shape12_111_14,121,shorts
3968,tshirt_shape11_105_05,181,shorts
3969,tshirt_shape06_128_03,42,shorts
3970,tshirt_shape04_91_38,115,shorts
3971,tshirt_shape07_91_19,181,shorts
3972,tshirt_shape08_128_05,53,shorts
3973,tshirt_shape03_131_03,276,shorts
3974,tshirt_shape12_135_09,166,shorts
3975,tshirt_shape04_49_04,63,shorts
3976,tshirt_shape02_135_09,166,shorts
3977,tshirt_shape15_91_38,115,shorts
3978,tshirt_shape01_108_17,58,shorts
3979,tshirt_shape07_128_02,42,shorts
3980,tshirt_shape10_108_11,62,shorts
3981,tshirt_shape00_104_04,50,shorts
3982,tshirt_shape02_132_54,181,shorts
3983,tshirt_shape02_131_03,276,shorts
3984,tshirt_shape09_91_19,181,shorts
3985,tshirt_shape03_144_30,211,shorts
3986,tshirt_shape03_54_24,211,shorts
3987,tshirt_shape03_128_03,42,shorts
3988,tshirt_shape07_111_14,121,shorts
3989,tshirt_shape16_144_26,151,shorts
3990,tshirt_shape04_108_18,62,shorts
3991,tshirt_shape02_104_04,50,shorts
3992,tshirt_shape13_46_01,155,shorts
3993,tshirt_shape01_111_14,121,shorts
3994,tshirt_shape10_128_06,50,shorts
3995,tshirt_shape06_132_54,181,shorts
3996,tshirt_shape07_108_27,105,shorts
3997,tshirt_shape16_135_07,173,shorts
3998,tshirt_shape12_49_04,63,shorts
3999,tshirt_shape08_02_04,121,shorts
4000,tshirt_shape11_128_06,50,shorts
4001,tshirt_shape15_26_11,138,shorts
4002,tshirt_shape08_128_06,50,shorts
4003,tshirt_shape00_128_04,35,shorts
4004,tshirt_shape04_128_04,35,shorts
4005,tshirt_shape08_108_16,89,shorts
4006,tshirt_shape04_128_06,50,shorts
4007,tshirt_shape16_73_09,151,shorts
4008,tshirt_shape15_131_03,276,shorts
4009,tshirt_shape03_108_11,62,shorts
4010,tshirt_shape01_54_24,211,shorts
4011,tshirt_shape08_135_07,173,shorts
4012,tshirt_shape03_55_12,151,shorts
4013,tshirt_shape06_111_05,121,shorts
4014,tshirt_shape01_76_11,129,shorts
4015,tshirt_shape12_144_28,133,shorts
4016,tshirt_shape09_76_11,129,shorts
4017,tshirt_shape16_128_02,42,shorts
4018,tshirt_shape01_02_04,121,shorts
4019,tshirt_shape07_108_20,70,shorts
4020,tshirt_shape06_13_13,110,shorts
4021,tshirt_shape16_91_62,151,shorts
4022,tshirt_shape01_144_30,211,shorts
4023,tshirt_shape05_73_09,151,shorts
4024,tshirt_shape13_108_16,89,shorts
4025,tshirt_shape13_02_05,121,shorts
4026,tshirt_shape09_111_05,121,shorts
4027,tshirt_shape06_104_04,50,shorts
4028,tshirt_shape10_135_09,166,shorts
4029,tshirt_shape04_128_07,87,shorts
4030,tshirt_shape10_02_05,121,shorts
4031,tshirt_shape02_104_17,117,shorts
4032,tshirt_shape10_108_12,35,shorts
4033,tshirt_shape15_108_17,58,shorts
4034,tshirt_shape16_05_20,274,shorts
4035,tshirt_shape15_05_20,274,shorts
4036,tshirt_shape13_128_02,42,shorts
4037,tshirt_shape03_128_05,53,shorts
4038,tshirt_shape16_46_01,155,shorts
4039,tshirt_shape12_05_20,274,shorts
4040,tshirt_shape02_91_19,181,shorts
4041,tshirt_shape15_128_05,53,shorts
4042,tshirt_shape10_111_14,121,shorts
4043,tshirt_shape03_105_05,181,shorts
4044,tshirt_shape11_108_16,89,shorts
4045,tshirt_shape16_111_02,106,shorts
4046,tshirt_shape04_108_27,105,shorts
4047,tshirt_shape14_104_17,117,shorts
4048,tshirt_shape08_104_04,50,shorts
4049,tshirt_shape06_108_27,105,shorts
4050,tshirt_shape09_91_61,91,shorts
4051,tshirt_shape02_76_11,129,shorts
4052,tshirt_shape04_40_12,151,shorts
4053,tshirt_shape11_40_12,151,shorts
4054,tshirt_shape06_135_07,173,shorts
4055,tshirt_shape04_108_20,70,shorts
4056,tshirt_shape14_128_05,53,shorts
4057,tshirt_shape16_76_05,211,shorts
4058,tshirt_shape08_111_37,82,shorts
4059,tshirt_shape04_46_01,155,shorts
4060,tshirt_shape09_108_12,35,shorts
4061,tshirt_shape12_131_03,276,shorts
4062,tshirt_shape09_104_17,117,shorts
4063,tshirt_shape12_91_62,151,shorts
4064,tshirt_shape10_104_11,135,shorts
4065,tshirt_shape05_135_07,173,shorts
4066,tshirt_shape11_91_36,151,shorts
4067,tshirt_shape07_54_24,211,shorts
4068,tshirt_shape01_91_19,181,shorts
4069,tshirt_shape09_144_26,151,shorts
4070,tshirt_shape04_91_33,203,shorts
4071,tshirt_shape06_105_05,181,shorts
4072,tshirt_shape02_02_05,121,shorts
4073,tshirt_shape13_91_12,196,shorts
4074,tshirt_shape00_132_54,181,shorts
4075,tshirt_shape01_91_12,196,shorts
4076,tshirt_shape04_128_02,42,shorts
4077,tshirt_shape01_104_11,135,shorts
4078,tshirt_shape12_108_18,62,shorts
4079,tshirt_shape02_111_05,121,shorts
4080,tshirt_shape14_91_19,181,shorts
4081,tshirt_shape12_128_03,42,shorts
4082,tshirt_shape13_76_05,211,shorts
4083,tshirt_shape05_128_07,87,shorts
4084,tshirt_shape10_128_07,87,shorts
4085,tshirt_shape09_111_02,106,shorts
4086,tshirt_shape09_128_07,87,shorts
4087,tshirt_shape16_55_12,151,shorts
4088,tshirt_shape10_91_12,196,shorts
4089,tshirt_shape02_49_04,63,shorts
4090,tshirt_shape10_128_05,53,shorts
4091,tshirt_shape09_104_04,50,shorts
4092,tshirt_shape10_111_20,106,shorts
4093,tshirt_shape01_132_54,181,shorts
4094,tshirt_shape00_105_05,181,shorts
4095,tshirt_shape05_111_37,82,shorts
4096,tshirt_shape03_46_01,155,shorts
4097,tshirt_shape12_111_05,121,shorts
4098,tshirt_shape04_128_05,53,shorts
4099,tshirt_shape08_111_02,106,shorts
4100,tshirt_shape16_91_33,203,shorts
4101,tshirt_shape03_128_07,87,shorts
4102,tshirt_shape08_13_13,110,shorts
4103,tshirt_shape08_63_25,154,shorts
4104,tshirt_shape05_105_05,181,shorts
4105,tshirt_shape12_91_19,181,shorts
4106,tshirt_shape09_104_11,135,shorts
4107,tshirt_shape13_111_05,121,shorts
4108,tshirt_shape12_73_09,151,shorts
4109,tshirt_shape12_46_01,155,shorts
4110,tshirt_shape01_108_11,62,shorts
4111,tshirt_shape10_104_53,75,shorts
4112,tshirt_shape15_108_20,70,shorts
4113,tshirt_shape16_111_05,121,shorts
4114,tshirt_shape02_63_25,154,shorts
4115,tshirt_shape15_76_11,129,shorts
4116,tshirt_shape07_02_05,121,shorts
4117,tshirt_shape08_76_05,211,shorts
4118,tshirt_shape08_111_14,121,shorts
4119,tshirt_shape09_128_03,42,shorts
4120,tshirt_shape11_135_07,173,shorts
4121,tshirt_shape10_55_12,151,shorts
4122,tshirt_shape05_108_18,62,shorts
4123,tshirt_shape10_131_03,276,shorts
4124,tshirt_shape04_63_25,154,shorts
4125,tshirt_shape11_104_53,75,shorts
4126,tshirt_shape09_132_54,181,shorts
4127,tshirt_shape15_128_03,42,shorts
4128,tshirt_shape15_91_19,181,shorts
4129,tshirt_shape11_55_12,151,shorts
4130,tshirt_shape14_108_12,35,shorts
4131,tshirt_shape05_108_12,35,shorts
4132,tshirt_shape09_40_12,151,shorts
4133,tshirt_shape09_144_28,133,shorts
4134,tshirt_shape06_111_02,106,shorts
4135,tshirt_shape09_128_04,35,shorts
4136,tshirt_shape00_135_09,166,shorts
4137,tshirt_shape12_91_12,196,shorts
4138,tshirt_shape09_108_17,58,shorts
4139,tshirt_shape15_40_12,151,shorts
4140,tshirt_shape02_108_27,105,shorts
4141,tshirt_shape12_91_33,203,shorts
4142,tshirt_shape03_111_14,121,shorts
4143,tshirt_shape06_144_26,151,shorts
4144,tshirt_shape01_73_09,151,shorts
4145,tshirt_shape11_135_09,166,shorts
4146,tshirt_shape11_111_05,121,shorts
4147,tshirt_shape02_144_30,211,shorts
4148,tshirt_shape14_111_37,82,shorts
4149,tshirt_shape12_91_38,115,shorts
4150,tshirt_shape16_108_16,89,shorts
4151,tshirt_shape00_104_53,75,shorts
4152,tshirt_shape16_108_11,62,shorts
4153,tshirt_shape03_144_28,133,shorts
4154,tshirt_shape12_13_13,110,shorts
4155,tshirt_shape07_104_53,75,shorts
4156,tshirt_shape00_54_24,211,shorts
4157,tshirt_shape10_128_02,42,shorts
4158,tshirt_shape16_104_53,75,shorts
4159,tshirt_shape03_76_05,211,shorts
4160,tshirt_shape09_13_13,110,shorts
4161,tshirt_shape04_104_04,50,shorts
4162,tshirt_shape12_26_11,138,shorts
4163,tshirt_shape10_104_17,117,shorts
4164,tshirt_shape14_128_02,42,shorts
4165,tshirt_shape02_46_01,155,shorts
4166,tshirt_shape09_73_09,151,shorts
4167,tshirt_shape13_144_28,133,shorts
4168,tshirt_shape04_13_13,110,shorts
4169,tshirt_shape01_40_12,151,shorts
4170,tshirt_shape02_26_11,138,shorts
4171,tshirt_shape08_49_04,63,shorts
4172,tshirt_shape11_104_17,117,shorts
4173,tshirt_shape10_108_17,58,shorts
4174,tshirt_shape00_02_04,121,shorts
4175,tshirt_shape07_111_05,121,shorts
4176,tshirt_shape06_05_20,274,shorts
4177,tshirt_shape13_144_26,151,shorts
4178,tshirt_shape00_108_11,62,shorts
4179,tshirt_shape03_135_09,166,shorts
4180,tshirt_shape07_105_05,181,shorts
4181,tshirt_shape03_73_09,151,shorts
4182,tshirt_shape11_132_54,181,shorts
4183,tshirt_shape12_128_06,50,shorts
4184,tshirt_shape07_104_04,50,shorts
4185,tshirt_shape13_54_24,211,shorts
4186,tshirt_shape05_128_02,42,shorts
4187,tshirt_shape16_104_04,50,shorts
4188,tshirt_shape16_91_61,91,shorts
4189,tshirt_shape02_111_37,82,shorts
4190,tshirt_shape10_76_05,211,shorts
4191,tshirt_shape11_73_09,151,shorts
4192,tshirt_shape12_128_07,87,shorts
4193,tshirt_shape06_111_20,106,shorts
4194,tshirt_shape05_91_62,151,shorts
4195,tshirt_shape00_111_05,121,shorts
4196,tshirt_shape00_128_06,50,shorts
4197,tshirt_shape08_131_03,276,shorts
4198,tshirt_shape01_128_03,42,shorts
4199,tshirt_shape14_49_04,63,shorts
4200,tshirt_shape14_144_28,133,shorts
4201,tshirt_shape02_108_22,116,shorts
4202,tshirt_shape00_91_36,151,shorts
4203,tshirt_shape03_91_33,203,shorts
4204,tshirt_shape15_128_07,87,shorts
4205,tshirt_shape07_108_16,89,shorts
4206,tshirt_shape10_135_07,173,shorts
4207,tshirt_shape05_108_27,105,shorts
4208,tshirt_shape03_104_53,75,shorts
4209,tshirt_shape05_108_22,116,shorts
4210,tshirt_shape03_02_04,121,shorts
4211,tshirt_shape07_91_61,91,shorts
4212,tshirt_shape09_46_01,155,shorts
4213,tshirt_shape03_108_18,62,shorts
4214,tshirt_shape09_128_02,42,shorts
4215,tshirt_shape06_76_05,211,shorts
4216,tshirt_shape13_108_18,62,shorts
4217,tshirt_shape04_144_26,151,shorts
4218,tshirt_shape01_104_17,117,shorts
4219,tshirt_shape12_91_61,91,shorts
4220,tshirt_shape07_91_12,196,shorts
4221,tshirt_shape10_111_02,106,shorts
4222,tshirt_shape11_54_24,211,shorts
4223,tshirt_shape13_63_25,154,shorts
4224,tshirt_shape01_108_12,35,shorts
4225,tshirt_shape00_108_18,62,shorts
4226,tshirt_shape09_91_33,203,shorts
4227,tshirt_shape08_144_26,151,shorts
4228,tshirt_shape08_104_53,75,shorts
4229,tshirt_shape11_111_37,82,shorts
4230,tshirt_shape16_128_04,35,shorts
4231,tshirt_shape04_76_11,129,shorts
4232,tshirt_shape05_91_19,181,shorts
4233,tshirt_shape05_108_11,62,shorts
4234,tshirt_shape04_135_09,166,shorts
4235,tshirt_shape05_02_04,121,shorts
4236,tshirt_shape14_132_54,181,shorts
4237,tshirt_shape04_144_28,133,shorts
4238,tshirt_shape07_91_36,151,shorts
4239,tshirt_shape13_05_20,274,shorts
4240,tshirt_shape04_55_12,151,shorts
4241,tshirt_shape13_108_17,58,shorts
4242,tshirt_shape05_91_33,203,shorts
4243,tshirt_shape03_26_11,138,shorts
4244,tshirt_shape16_111_37,82,shorts
4245,tshirt_shape05_135_09,166,shorts
4246,tshirt_shape16_108_18,62,shorts
4247,tshirt_shape01_104_04,50,shorts
4248,tshirt_shape14_111_02,106,shorts
4249,tshirt_shape09_108_18,62,shorts
4250,tshirt_shape05_104_11,135,shorts
4251,tshirt_shape14_13_13,110,shorts
4252,tshirt_shape05_76_05,211,shorts
4253,tshirt_shape04_108_11,62,shorts
4254,tshirt_shape03_104_04,50,shorts
4255,tshirt_shape14_135_09,166,shorts
4256,tshirt_shape10_91_62,151,shorts
4257,tshirt_shape10_144_26,151,shorts
4258,tshirt_shape03_108_16,89,shorts
4259,tshirt_shape07_108_12,35,shorts
4260,tshirt_shape16_108_12,35,shorts
4261,tshirt_shape07_144_30,211,shorts
4262,tshirt_shape15_132_54,181,shorts
4263,tshirt_shape04_91_61,91,shorts
4264,tshirt_shape09_91_62,151,shorts
4265,tshirt_shape07_111_37,82,shorts
4266,tshirt_shape02_108_16,89,shorts
4267,tshirt_shape06_73_09,151,shorts
4268,tshirt_shape16_02_04,121,shorts
4269,tshirt_shape00_91_33,203,shorts
4270,tshirt_shape03_108_17,58,shorts
4271,tshirt_shape09_02_04,121,shorts
4272,tshirt_shape15_63_25,154,shorts
4273,tshirt_shape01_104_53,75,shorts
4274,tshirt_shape03_104_17,117,shorts
4275,tshirt_shape12_108_22,116,shorts
4276,tshirt_shape09_108_11,62,shorts
4277,tshirt_shape13_108_22,116,shorts
4278,tshirt_shape03_91_12,196,shorts
4279,tshirt_shape14_108_27,105,shorts
4280,tshirt_shape01_128_04,35,shorts
4281,tshirt_shape11_91_62,151,shorts
4282,tshirt_shape14_63_25,154,shorts
4283,tshirt_shape09_63_25,154,shorts
4284,tshirt_shape13_91_19,181,shorts
4285,tshirt_shape01_128_02,42,shorts
4286,tshirt_shape11_49_04,63,shorts
4287,tshirt_shape10_144_28,133,shorts
4288,tshirt_shape03_91_19,181,shorts
4289,tshirt_shape08_104_11,135,shorts
4290,tshirt_shape07_76_11,129,shorts
4291,tshirt_shape07_63_25,154,shorts
4292,tshirt_shape10_02_04,121,shorts
4293,tshirt_shape05_128_06,50,shorts
4294,tshirt_shape13_104_53,75,shorts
4295,tshirt_shape16_76_11,129,shorts
4296,tshirt_shape13_91_36,151,shorts
4297,tshirt_shape02_108_12,35,shorts
4298,tshirt_shape14_55_12,151,shorts
4299,tshirt_shape01_128_07,87,shorts
4300,tshirt_shape01_55_12,151,shorts
4301,tshirt_shape02_128_07,87,shorts
4302,tshirt_shape16_108_27,105,shorts
4303,tshirt_shape07_13_13,110,shorts
4304,tshirt_shape14_91_12,196,shorts
4305,tshirt_shape04_104_53,75,shorts
4306,tshirt_shape05_104_53,75,shorts
4307,tshirt_shape06_91_61,91,shorts
4308,tshirt_shape02_54_24,211,shorts
4309,tshirt_shape16_91_38,115,shorts
4310,tshirt_shape14_144_30,211,shorts
4311,tshirt_shape07_111_20,106,shorts
4312,tshirt_shape00_135_07,173,shorts
4313,tshirt_shape00_104_17,117,shorts
4314,tshirt_shape00_108_17,58,shorts
4315,tshirt_shape01_144_28,133,shorts
4316,tshirt_shape16_91_36,151,shorts
4317,tshirt_shape13_108_27,105,shorts
4318,tshirt_shape04_144_30,211,shorts
4319,tshirt_shape10_111_05,121,shorts
4320,tshirt_shape16_131_03,276,shorts
4321,tshirt_shape08_108_17,58,shorts
4322,tshirt_shape00_128_07,87,shorts
4323,tshirt_shape08_132_54,181,shorts
4324,tshirt_shape16_40_12,151,shorts
4325,tshirt_shape05_63_25,154,shorts
4326,tshirt_shape10_91_36,151,shorts
4327,tshirt_shape13_131_03,276,shorts
4328,tshirt_shape11_144_26,151,shorts
4329,tshirt_shape09_128_06,50,shorts
4330,tshirt_shape02_111_02,106,shorts
4331,tshirt_shape08_128_04,35,shorts
4332,tshirt_shape04_108_16,89,shorts
4333,tshirt_shape14_73_09,151,shorts
4334,tshirt_shape02_02_04,121,shorts
4335,tshirt_shape15_104_11,135,shorts
4336,tshirt_shape07_104_11,135,shorts
4337,tshirt_shape14_111_14,121,shorts
4338,tshirt_shape08_108_12,35,shorts
4339,tshirt_shape06_135_09,166,shorts
4340,tshirt_shape13_111_02,106,shorts
4341,tshirt_shape06_91_38,115,shorts
4342,tshirt_shape03_108_27,105,shorts
4343,tshirt_shape04_111_20,106,shorts
4344,tshirt_shape01_91_33,203,shorts
4345,tshirt_shape07_46_01,155,shorts
4346,tshirt_shape11_108_12,35,shorts
4347,tshirt_shape10_13_13,110,shorts
4348,tshirt_shape04_91_12,196,shorts
4349,tshirt_shape05_128_05,53,shorts
4350,tshirt_shape08_54_24,211,shorts
4351,tshirt_shape09_108_22,116,shorts
4352,tshirt_shape02_104_53,75,shorts
4353,tshirt_shape05_91_12,196,shorts
4354,tshirt_shape15_135_09,166,shorts
4355,tshirt_shape00_108_20,70,shorts
4356,tshirt_shape11_108_27,105,shorts
4357,tshirt_shape16_128_06,50,shorts
4358,tshirt_shape15_128_04,35,shorts
4359,tshirt_shape01_05_20,274,shorts
4360,tshirt_shape01_76_05,211,shorts
4361,tshirt_shape12_76_11,129,shorts
4362,tshirt_shape08_91_61,91,shorts
4363,tshirt_shape13_76_11,129,shorts
4364,tshirt_shape05_108_20,70,shorts
4365,tshirt_shape12_76_05,211,shorts
4366,tshirt_shape16_128_05,53,shorts
4367,tshirt_shape15_111_14,121,shorts
4368,tshirt_shape16_108_17,58,shorts
4369,tshirt_shape04_131_03,276,shorts
4370,tshirt_shape15_54_24,211,shorts
4371,tshirt_shape06_02_04,121,shorts
4372,tshirt_shape09_54_24,211,shorts
4373,tshirt_shape09_05_20,274,shorts
4374,tshirt_shape01_135_09,166,shorts
4375,tshirt_shape08_76_11,129,shorts
4376,tshirt_shape09_91_36,151,shorts
4377,tshirt_shape16_108_20,70,shorts
4378,tshirt_shape07_91_62,151,shorts
4379,tshirt_shape00_111_20,106,shorts
4380,tshirt_shape10_132_54,181,shorts
4381,tshirt_shape11_128_04,35,shorts
4382,tshirt_shape02_111_20,106,shorts
4383,tshirt_shape03_05_20,274,shorts
4384,tshirt_shape01_26_11,138,shorts
4385,tshirt_shape01_128_05,53,shorts
4386,tshirt_shape08_144_28,133,shorts
4387,tshirt_shape02_73_09,151,shorts
4388,tshirt_shape13_91_62,151,shorts
4389,tshirt_shape15_76_05,211,shorts
4390,tshirt_shape13_144_30,211,shorts
4391,tshirt_shape16_13_13,110,shorts
4392,tshirt_shape02_144_26,151,shorts
4393,tshirt_shape07_76_05,211,shorts
4394,tshirt_shape13_108_20,70,shorts
4395,tshirt_shape11_108_22,116,shorts
4396,tshirt_shape03_135_07,173,shorts
4397,tshirt_shape14_111_20,106,shorts
4398,tshirt_shape01_131_03,276,shorts
4399,tshirt_shape08_105_05,181,shorts
4400,tshirt_shape08_111_05,121,shorts
4401,tshirt_shape03_128_06,50,shorts
4402,tshirt_shape14_76_11,129,shorts
4403,tshirt_shape13_128_07,87,shorts
4404,tshirt_shape14_111_05,121,shorts
4405,tshirt_shape03_91_38,115,shorts
4406,tshirt_shape04_91_36,151,shorts
4407,tshirt_shape14_108_17,58,shorts
4408,tshirt_shape14_91_62,151,shorts
4409,tshirt_shape13_91_38,115,shorts
4410,tshirt_shape01_128_06,50,shorts
4411,tshirt_shape14_104_04,50,shorts
4412,tshirt_shape05_111_14,121,shorts
4413,tshirt_shape15_111_20,106,shorts
4414,tshirt_shape15_91_33,203,shorts
4415,tshirt_shape15_55_12,151,shorts
4416,tshirt_shape11_111_14,121,shorts
4417,tshirt_shape02_128_03,42,shorts
4418,tshirt_shape06_144_30,211,shorts
4419,tshirt_shape07_02_04,121,shorts
4420,tshirt_shape14_104_11,135,dress
4421,tshirt_shape08_128_02,42,dress
4422,tshirt_shape14_128_03,42,dress
4423,tshirt_shape03_91_61,91,dress
4424,tshirt_shape10_46_01,155,dress
4425,tshirt_shape04_111_37,82,dress
4426,tshirt_shape03_108_12,35,dress
4427,tshirt_shape11_128_03,42,dress
4428,tshirt_shape15_104_53,75,dress
4429,tshirt_shape05_128_04,35,dress
4430,tshirt_shape11_144_28,133,dress
4431,tshirt_shape08_91_33,203,dress
4432,tshirt_shape13_105_05,181,dress
4433,tshirt_shape13_128_03,42,dress
4434,tshirt_shape14_135_07,173,dress
4435,tshirt_shape11_108_20,70,dress
4436,tshirt_shape13_111_14,121,dress
4437,tshirt_shape15_91_62,151,dress
4438,tshirt_shape00_76_11,129,dress
4439,tshirt_shape14_91_33,203,dress
4440,tshirt_shape15_108_18,62,dress
4441,tshirt_shape13_111_37,82,dress
4442,tshirt_shape14_128_04,35,dress
4443,tshirt_shape12_91_36,151,dress
4444,tshirt_shape02_144_28,133,dress
4445,tshirt_shape03_128_04,35,dress
4446,tshirt_shape14_26_11,138,dress
4447,tshirt_shape03_40_12,151,dress
4448,tshirt_shape03_111_05,121,dress
4449,tshirt_shape00_108_22,116,dress
4450,tshirt_shape02_128_05,53,dress
4451,tshirt_shape11_46_01,155,dress
4452,tshirt_shape15_111_05,121,dress
4453,tshirt_shape04_91_62,151,dress
4454,tshirt_shape08_111_20,106,dress
4455,tshirt_shape06_111_37,82,dress
4456,tshirt_shape14_02_04,121,dress
4457,tshirt_shape11_111_02,106,dress
4458,tshirt_shape04_91_19,181,dress
4459,tshirt_shape06_02_05,121,dress
4460,tshirt_shape01_91_62,151,dress
4461,tshirt_shape08_91_19,181,dress
4462,tshirt_shape04_132_54,181,dress
4463,tshirt_shape02_91_33,203,dress
4464,tshirt_shape02_40_12,151,dress
4465,tshirt_shape12_144_26,151,dress
4466,tshirt_shape13_135_07,173,dress
4467,tshirt_shape02_108_17,58,dress
4468,tshirt_shape02_91_12,196,dress
4469,tshirt_shape09_135_07,173,dress
4470,tshirt_shape06_128_02,42,dress
4471,tshirt_shape14_108_11,62,dress
4472,tshirt_shape05_104_04,50,dress
4473,tshirt_shape05_111_20,106,dress
4474,tshirt_shape12_108_17,58,dress
4475,tshirt_shape07_135_07,173,dress
4476,tshirt_shape15_144_26,151,dress
4477,tshirt_shape10_26_11,138,dress
4478,tshirt_shape16_104_11,135,dress
4479,tshirt_shape07_91_33,203,dress
4480,tshirt_shape10_05_20,274,dress
4481,tshirt_shape10_108_18,62,dress
4482,tshirt_shape05_91_38,115,dress
4483,tshirt_shape01_111_37,82,dress
4484,tshirt_shape08_135_09,166,dress
4485,tshirt_shape11_76_11,129,dress
4486,tshirt_shape05_02_05,121,dress
4487,tshirt_shape06_128_07,87,dress
4488,tshirt_shape12_135_07,173,dress
4489,tshirt_shape03_91_62,151,dress
4490,tshirt_shape09_128_05,53,dress
4491,tshirt_shape12_104_04,50,dress
4492,tshirt_shape06_108_16,89,dress
4493,tshirt_shape05_104_17,117,dress
4494,tshirt_shape15_91_12,196,dress
4495,tshirt_shape16_49_04,63,dress
4496,tshirt_shape16_111_20,106,dress
4497,tshirt_shape06_49_04,63,dress
4498,tshirt_shape15_73_09,151,dress
4499,tshirt_shape01_108_27,105,dress
4500,tshirt_shape05_108_17,58,dress
4501,tshirt_shape10_108_16,89,dress
4502,tshirt_shape07_108_22,116,dress
4503,tshirt_shape03_132_54,181,dress
4504,tshirt_shape02_108_20,70,dress
4505,tshirt_shape12_108_16,89,dress
4506,tshirt_shape01_49_04,63,dress
4507,tshirt_shape00_128_05,53,dress
4508,tshirt_shape05_54_24,211,dress
4509,tshirt_shape06_55_12,151,dress
4510,tshirt_shape05_111_02,106,dress
4511,tshirt_shape14_144_26,151,dress
4512,tshirt_shape09_111_14,121,dress
4513,tshirt_shape00_91_61,91,dress
4514,tshirt_shape02_104_11,135,dress
4515,tshirt_shape13_108_12,35,dress
4516,tshirt_shape01_63_25,154,dress
4517,tshirt_shape12_108_12,35,dress
4518,tshirt_shape05_91_61,91,dress
4519,tshirt_shape10_91_61,91,dress
4520,tshirt_shape14_40_12,151,dress
4521,tshirt_shape05_40_12,151,dress
4522,tshirt_shape13_55_12,151,dress
4523,tshirt_shape02_13_13,110,dress
4524,tshirt_shape01_144_26,151,dress
4525,tshirt_shape11_63_25,154,dress
4526,tshirt_shape00_131_03,276,dress
4527,tshirt_shape11_91_38,115,dress
4528,tshirt_shape16_108_22,116,dress
4529,tshirt_shape11_91_12,196,dress
4530,tshirt_shape11_108_11,62,dress
4531,tshirt_shape09_49_04,63,dress
4532,tshirt_shape13_111_20,106,dress
4533,tshirt_shape13_02_04,121,dress
4534,tshirt_shape10_54_24,211,dress
4535,tshirt_shape01_105_05,181,dress
4536,tshirt_shape15_108_22,116,dress
4537,tshirt_shape08_91_12,196,dress
4538,tshirt_shape03_104_11,135,dress
4539,tshirt_shape11_128_02,42,dress
4540,tshirt_shape07_73_09,151,dress
4541,tshirt_shape04_111_05,121,dress
4542,tshirt_shape10_111_37,82,dress
4543,tshirt_shape04_111_14,121,dress
4544,tshirt_shape07_131_03,276,dress
4545,tshirt_shape10_73_09,151,dress
4546,tshirt_shape10_91_38,115,dress
4547,tshirt_shape12_40_12,151,dress
4548,tshirt_shape06_40_12,151,dress
4549,tshirt_shape02_108_18,62,dress
4550,tshirt_shape01_135_07,173,dress
4551,tshirt_shape03_76_11,129,dress
4552,tshirt_shape00_26_11,138,dress
4553,tshirt_shape01_111_20,106,dress
4554,tshirt_shape04_05_20,274,dress
4555,tshirt_shape08_108_18,62,dress
4556,tshirt_shape09_111_37,82,dress
4557,tshirt_shape15_108_11,62,dress
4558,tshirt_shape13_132_54,181,dress
4559,tshirt_shape05_108_16,89,dress
4560,tshirt_shape15_144_30,211,dress
4561,tshirt_shape08_128_03,42,dress
4562,tshirt_shape15_108_12,35,dress
4563,tshirt_shape10_108_22,116,dress
4564,tshirt_shape06_128_06,50,dress
4565,tshirt_shape01_91_38,115,dress
4566,tshirt_shape16_128_07,87,dress
4567,tshirt_shape14_108_16,89,dress
4568,tshirt_shape00_111_02,106,dress
4569,tshirt_shape06_108_11,62,dress
4570,tshirt_shape06_128_05,53,dress
4571,tshirt_shape14_91_38,115,dress
4572,tshirt_shape08_02_05,121,dress
4573,tshirt_shape05_128_03,42,dress
4574,tshirt_shape01_108_22,116,dress
4575,tshirt_shape14_131_03,276,dress
4576,tshirt_shape08_108_27,105,dress
4577,tshirt_shape16_111_14,121,dress
4578,tshirt_shape06_144_28,133,dress
4579,tshirt_shape02_108_11,62,dress
4580,tshirt_shape02_91_62,151,dress
4581,tshirt_shape03_91_36,151,dress
4582,tshirt_shape14_108_20,70,dress
4583,tshirt_shape00_111_37,82,dress
4584,tshirt_shape12_144_30,211,dress
4585,tshirt_shape00_55_12,151,dress
4586,tshirt_shape00_49_04,63,dress
4587,tshirt_shape11_111_20,106,dress
4588,tshirt_shape03_111_37,82,dress
4589,tshirt_shape15_02_04,121,dress
4590,tshirt_shape01_91_61,91,dress
4591,tshirt_shape09_108_27,105,dress
4592,tshirt_shape01_46_01,155,dress
4593,tshirt_shape08_91_62,151,dress
4594,tshirt_shape07_111_02,106,dress
4595,tshirt_shape16_54_24,211,dress
4596,tshirt_shape10_108_20,70,dress
4597,tshirt_shape06_76_11,129,dress
4598,tshirt_shape16_91_12,196,dress
4599,tshirt_shape13_91_61,91,dress
4600,tshirt_shape09_76_05,211,dress
4601,tshirt_shape15_104_04,50,dress
4602,tshirt_shape00_63_25,154,dress
4603,tshirt_shape00_13_13,110,dress
4604,tshirt_shape06_46_01,155,dress
4605,tshirt_shape05_144_30,211,dress
4606,tshirt_shape12_108_11,62,dress
4607,tshirt_shape13_104_17,117,dress
4608,tshirt_shape10_91_19,181,dress
4609,tshirt_shape11_02_05,121,dress
4610,tshirt_shape07_05_20,274,dress
4611,tshirt_shape12_108_20,70,dress
4612,tshirt_shape02_128_06,50,dress
4613,tshirt_shape08_26_11,138,dress
4614,tshirt_shape12_111_37,82,dress
4615,tshirt_shape07_55_12,151,dress
4616,tshirt_shape00_05_20,274,dress
4617,tshirt_shape08_55_12,151,dress
4618,tshirt_shape07_108_11,62,dress
4619,tshirt_shape11_128_07,87,dress
4620,tshirt_shape11_128_05,53,dress
4621,tshirt_shape06_63_25,154,dress
4622,tshirt_shape02_128_02,42,dress
4623,tshirt_shape12_02_04,121,dress
4624,tshirt_shape12_104_17,117,dress
4625,tshirt_shape09_135_09,166,dress
4626,tshirt_shape01_13_13,110,dress
4627,tshirt_shape12_111_02,106,dress
4628,tshirt_shape06_111_14,121,dress
4629,tshirt_shape13_128_05,53,dress
4630,tshirt_shape09_104_53,75,dress
4631,tshirt_shape05_55_12,151,dress
4632,tshirt_shape06_91_33,203,dress
4633,tshirt_shape00_02_05,121,dress
4634,tshirt_shape04_111_02,106,dress
4635,tshirt_shape06_91_19,181,dress
4636,tshirt_shape00_91_19,181,dress
4637,tshirt_shape04_02_05,121,dress
4638,tshirt_shape14_128_07,87,dress
4639,tshirt_shape00_128_02,42,dress
4640,tshirt_shape10_40_12,151,dress
4641,tshirt_shape03_13_13,110,dress
4642,tshirt_shape12_54_24,211,dress
4643,tshirt_shape10_105_05,181,dress
4644,tshirt_shape05_05_20,274,dress
4645,tshirt_shape10_49_04,63,dress
4646,tshirt_shape15_13_13,110,dress
4647,tshirt_shape15_105_05,181,dress
4648,tshirt_shape12_02_05,121,dress
4649,tshirt_shape02_111_14,121,dress
4650,tshirt_shape10_91_33,203,dress
4651,tshirt_shape03_02_05,121,dress
4652,tshirt_shape16_02_05,121,dress
4653,tshirt_shape16_135_09,166,dress
4654,tshirt_shape15_144_28,133,dress
4655,tshirt_shape10_128_03,42,dress
4656,tshirt_shape09_91_12,196,dress
4657,tshirt_shape16_91_19,181,dress
4658,tshirt_shape04_108_17,58,dress
4659,tshirt_shape09_144_30,211,dress
4660,tshirt_shape15_135_07,173,dress
4661,tshirt_shape04_76_05,211,dress
4662,tshirt_shape16_132_54,181,dress
4663,tshirt_shape15_128_02,42,dress
4664,tshirt_shape04_02_04,121,dress
4665,tshirt_shape03_111_20,106,dress
4666,tshirt_shape00_108_16,89,dress
4667,tshirt_shape11_104_11,135,dress
4668,tshirt_shape11_131_03,276,dress
4669,tshirt_shape01_111_05,121,dress
4670,tshirt_shape01_108_18,62,dress
4671,tshirt_shape03_108_22,116,dress
4672,tshirt_shape05_26_11,138,dress
4673,tshirt_shape04_104_17,117,dress
4674,tshirt_shape02_91_61,91,dress
4675,tshirt_shape07_40_12,151,dress
4676,tshirt_shape04_108_12,35,dress
4677,tshirt_shape15_104_17,117,dress
4678,tshirt_shape13_135_09,166,dress
4679,tshirt_shape08_91_38,115,dress
4680,tshirt_shape06_131_03,276,dress
4681,tshirt_shape00_144_30,211,dress
4682,tshirt_shape01_02_05,121,dress
4683,tshirt_shape09_55_12,151,dress
4684,tshirt_shape06_108_12,35,dress
4685,tshirt_shape09_111_20,106,dress
4686,tshirt_shape04_108_22,116,dress
4687,tshirt_shape13_40_12,151,dress
4688,tshirt_shape06_91_12,196,dress
4689,tshirt_shape07_128_05,53,dress
4690,tshirt_shape10_144_30,211,dress
4691,tshirt_shape15_02_05,121,dress
4692,tshirt_shape04_54_24,211,dress
4693,tshirt_shape10_63_25,154,dress
4694,tshirt_shape05_144_26,151,dress
4695,tshirt_shape02_91_36,151,dress
4696,tshirt_shape03_63_25,154,dress
4697,tshirt_shape11_02_04,121,dress
4698,tshirt_shape12_132_54,181,dress
4699,tshirt_shape08_73_09,151,dress
4700,tshirt_shape08_46_01,155,dress
4701,tshirt_shape06_104_11,135,dress
4702,tshirt_shape01_111_02,106,dress
4703,tshirt_shape16_63_25,154,dress
4704,tshirt_shape11_05_20,274,dress
4705,tshirt_shape15_111_02,106,dress
4706,tshirt_shape07_128_07,87,dress
4707,tshirt_shape02_91_38,115,dress
4708,tshirt_shape07_135_09,166,dress
4709,tshirt_shape05_76_11,129,dress
4710,tshirt_shape15_111_37,82,dress
4711,tshirt_shape06_108_17,58,dress
4712,tshirt_shape14_91_36,151,dress
4713,tshirt_shape09_131_03,276,dress
4714,tshirt_shape01_91_36,151,dress
4715,tshirt_shape02_55_12,151,dress
4716,tshirt_shape07_128_04,35,dress
4717,tshirt_shape08_91_36,151,dress
4718,tshirt_shape15_91_61,91,dress
4719,tshirt_shape05_144_28,133,dress
4720,tshirt_shape11_144_30,211,dress
4721,tshirt_shape08_108_20,70,dress
4722,tshirt_shape04_26_11,138,dress
4723,tshirt_shape07_132_54,181,dress
4724,tshirt_shape10_104_04,50,dress
4725,tshirt_shape11_91_33,203,dress
4726,tshirt_shape06_108_20,70,dress
4727,tshirt_shape06_26_11,138,dress
4728,tshirt_shape07_128_03,42,dress
4729,tshirt_shape05_131_03,276,dress
4730,tshirt_shape03_49_04,63,dress
4731,tshirt_shape14_108_18,62,dress
4732,tshirt_shape00_128_03,42,dress
4733,tshirt_shape14_128_06,50,dress
4734,tshirt_shape04_73_09,151,dress
4735,tshirt_shape11_91_19,181,dress
4736,tshirt_shape12_55_12,151,dress
4737,tshirt_shape00_108_27,105,dress
4738,tshirt_shape07_104_17,117,dress
4739,tshirt_shape08_104_17,117,dress
4740,tshirt_shape12_63_25,154,dress
4741,tshirt_shape13_49_04,63,dress
4742,tshirt_shape00_91_62,151,dress
4743,tshirt_shape11_26_11,138,dress
4744,tshirt_shape00_108_12,35,dress
4745,tshirt_shape08_40_12,151,dress
4746,tshirt_shape11_13_13,110,dress
4747,tshirt_shape10_108_27,105,dress
4748,tshirt_shape07_144_26,151,dress
4749,tshirt_shape13_104_04,50,dress
4750,tshirt_shape14_76_05,211,dress
4751,tshirt_shape01_108_20,70,dress
4752,tshirt_shape14_105_05,181,dress
4753,tshirt_shape08_108_22,116,dress
4754,tshirt_shape13_128_04,35,dress
4755,tshirt_shape13_108_11,62,dress
4756,tshirt_shape09_91_38,115,dress
4757,tshirt_shape07_108_17,58,dress
4758,tshirt_shape07_144_28,133,dress
4759,tshirt_shape08_128_07,87,dress
4760,tshirt_shape11_91_61,91,dress
4761,tshirt_shape11_108_17,58,dress
4762,tshirt_shape00_73_09,151,dress
4763,tshirt_shape07_49_04,63,dress
4764,tshirt_shape12_104_53,75,dress
4765,tshirt_shape02_05_20,274,dress
4766,tshirt_shape15_108_27,105,dress
4767,tshirt_shape06_108_22,116,dress
4768,tshirt_shape13_26_11,138,dress
4769,tshirt_shape09_105_05,181,dress
4770,tshirt_shape09_108_16,89,dress
4771,tshirt_shape16_26_11,138,dress
4772,tshirt_shape03_108_20,70,dress
4773,tshirt_shape07_91_38,115,dress
4774,tshirt_shape12_128_05,53,dress
4775,tshirt_shape04_128_03,42,dress
4776,tshirt_shape08_108_11,62,dress
4777,tshirt_shape14_05_20,274,dress
4778,tshirt_shape03_111_02,106,dress
4779,tshirt_shape03_144_26,151,dress
4780,tshirt_shape07_26_11,138,dress
4781,tshirt_shape02_76_05,211,dress
4782,tshirt_shape00_91_38,115,dress
4783,tshirt_shape06_54_24,211,dress
4784,tshirt_shape00_91_12,196,dress
4785,tshirt_shape06_108_18,62,dress
4786,tshirt_shape12_105_05,181,dress
4787,tshirt_shape12_111_20,106,dress
4788,tshirt_shape14_46_01,155,dress
4789,tshirt_shape15_46_01,155,dress
4790,tshirt_shape00_46_01,155,dress
4791,tshirt_shape08_05_20,274,dress
4792,tshirt_shape09_26_11,138,dress
4793,tshirt_shape13_128_06,50,dress
4794,tshirt_shape16_144_30,211,dress
4795,tshirt_shape00_104_11,135,dress
4796,tshirt_shape11_108_18,62,dress
4797,tshirt_shape14_108_22,116,dress
4798,tshirt_shape00_144_26,151,dress
4799,tshirt_shape06_91_36,151,dress
4800,tshirt_shape05_46_01,155,dress
4801,tshirt_shape02_128_04,35,dress
4802,tshirt_shape00_40_12,151,dress
4803,tshirt_shape13_73_09,151,dress
4804,tshirt_shape05_13_13,110,dress
4805,tshirt_shape03_128_02,42,dress
4806,tshirt_shape04_135_07,173,dress
4807,tshirt_shape14_02_05,121,dress
4808,tshirt_shape05_49_04,63,dress
4809,tshirt_shape06_91_62,151,dress
4810,tshirt_shape11_76_05,211,dress
4811,tshirt_shape16_104_17,117,dress
4812,tshirt_shape04_105_05,181,dress
4813,tshirt_shape02_105_05,181,dress
4814,tshirt_shape16_128_03,42,dress
4815,tshirt_shape15_91_36,151,dress
4816,tshirt_shape12_108_27,105,dress
4817,tshirt_shape16_105_05,181,dress
4818,tshirt_shape06_104_17,117,dress
4819,tshirt_shape12_104_11,135,dress
4820,tshirt_shape05_132_54,181,dress
4821,tshirt_shape15_108_16,89,dress
4822,tshirt_shape07_128_06,50,dress
4823,tshirt_shape08_144_30,211,dress
4824,tshirt_shape00_111_14,121,dress
4825,tshirt_shape09_02_05,121,dress
4826,tshirt_shape13_104_11,135,dress
4827,tshirt_shape16_144_28,133,dress
4828,tshirt_shape14_91_61,91,dress
4829,tshirt_shape14_104_53,75,dress
4830,tshirt_shape05_111_05,121,dress
4831,tshirt_shape11_104_04,50,dress
4832,tshirt_shape12_128_02,42,dress
4833,tshirt_shape04_104_11,135,dress
4834,tshirt_shape00_76_05,211,dress
4835,tshirt_shape13_13_13,110,dress
4836,tshirt_shape15_49_04,63,dress
4837,tshirt_shape02_135_07,173,dress
4838,tshirt_shape10_76_11,129,dress
4839,tshirt_shape07_108_18,62,dress
4840,tshirt_shape00_144_28,133,dress
4841,tshirt_shape12_128_04,35,dress
4842,tshirt_shape05_91_36,151,dress
4843,tshirt_shape09_108_20,70,dress
4844,tshirt_shape06_128_04,35,dress
4845,tshirt_shape01_108_16,89,dress
4846,tshirt_shape06_104_53,75,dress
4847,tshirt_shape15_128_06,50,dress
4848,tshirt_shape10_128_04,35,dress
4849,tshirt_shape14_54_24,211,dress
4850,tshirt_shape13_91_33,203,dress
4851,tshirt_shape12_111_14,121,dress
4852,tshirt_shape11_105_05,181,dress
4853,tshirt_shape06_128_03,42,dress
4854,tshirt_shape04_91_38,115,dress
4855,tshirt_shape07_91_19,181,dress
4856,tshirt_shape08_128_05,53,dress
4857,tshirt_shape03_131_03,276,dress
4858,tshirt_shape12_135_09,166,dress
4859,tshirt_shape04_49_04,63,dress
4860,tshirt_shape02_135_09,166,dress
4861,tshirt_shape15_91_38,115,dress
4862,tshirt_shape01_108_17,58,dress
4863,tshirt_shape07_128_02,42,dress
4864,tshirt_shape10_108_11,62,dress
4865,tshirt_shape00_104_04,50,dress
4866,tshirt_shape02_132_54,181,dress
4867,tshirt_shape02_131_03,276,dress
4868,tshirt_shape09_91_19,181,dress
4869,tshirt_shape03_144_30,211,dress
4870,tshirt_shape03_54_24,211,dress
4871,tshirt_shape03_128_03,42,dress
4872,tshirt_shape07_111_14,121,dress
4873,tshirt_shape16_144_26,151,dress
4874,tshirt_shape04_108_18,62,dress
4875,tshirt_shape02_104_04,50,dress
4876,tshirt_shape13_46_01,155,dress
4877,tshirt_shape01_111_14,121,dress
4878,tshirt_shape10_128_06,50,dress
4879,tshirt_shape06_132_54,181,dress
4880,tshirt_shape07_108_27,105,dress
4881,tshirt_shape16_135_07,173,dress
4882,tshirt_shape12_49_04,63,dress
4883,tshirt_shape08_02_04,121,dress
4884,tshirt_shape11_128_06,50,dress
4885,tshirt_shape15_26_11,138,dress
4886,tshirt_shape08_128_06,50,dress
4887,tshirt_shape00_128_04,35,dress
4888,tshirt_shape04_128_04,35,dress
4889,tshirt_shape08_108_16,89,dress
4890,tshirt_shape04_128_06,50,dress
4891,tshirt_shape16_73_09,151,dress
4892,tshirt_shape15_131_03,276,dress
4893,tshirt_shape03_108_11,62,dress
4894,tshirt_shape01_54_24,211,dress
4895,tshirt_shape08_135_07,173,dress
4896,tshirt_shape03_55_12,151,dress
4897,tshirt_shape06_111_05,121,dress
4898,tshirt_shape01_76_11,129,dress
4899,tshirt_shape12_144_28,133,dress
4900,tshirt_shape09_76_11,129,dress
4901,tshirt_shape16_128_02,42,dress
4902,tshirt_shape01_02_04,121,dress
4903,tshirt_shape07_108_20,70,dress
4904,tshirt_shape06_13_13,110,dress
4905,tshirt_shape16_91_62,151,dress
4906,tshirt_shape01_144_30,211,dress
4907,tshirt_shape05_73_09,151,dress
4908,tshirt_shape13_108_16,89,dress
4909,tshirt_shape13_02_05,121,dress
4910,tshirt_shape09_111_05,121,dress
4911,tshirt_shape06_104_04,50,dress
4912,tshirt_shape10_135_09,166,dress
4913,tshirt_shape04_128_07,87,dress
4914,tshirt_shape10_02_05,121,dress
4915,tshirt_shape02_104_17,117,dress
4916,tshirt_shape10_108_12,35,dress
4917,tshirt_shape15_108_17,58,dress
4918,tshirt_shape16_05_20,274,dress
4919,tshirt_shape15_05_20,274,dress
4920,tshirt_shape13_128_02,42,dress
4921,tshirt_shape03_128_05,53,dress
4922,tshirt_shape16_46_01,155,dress
4923,tshirt_shape12_05_20,274,dress
4924,tshirt_shape02_91_19,181,dress
4925,tshirt_shape15_128_05,53,dress
4926,tshirt_shape10_111_14,121,dress
4927,tshirt_shape03_105_05,181,dress
4928,tshirt_shape11_108_16,89,dress
4929,tshirt_shape16_111_02,106,dress
4930,tshirt_shape04_108_27,105,dress
4931,tshirt_shape14_104_17,117,dress
4932,tshirt_shape08_104_04,50,dress
4933,tshirt_shape06_108_27,105,dress
4934,tshirt_shape09_91_61,91,dress
4935,tshirt_shape02_76_11,129,dress
4936,tshirt_shape04_40_12,151,dress
4937,tshirt_shape11_40_12,151,dress
4938,tshirt_shape06_135_07,173,dress
4939,tshirt_shape04_108_20,70,dress
4940,tshirt_shape14_128_05,53,dress
4941,tshirt_shape16_76_05,211,dress
4942,tshirt_shape08_111_37,82,dress
4943,tshirt_shape04_46_01,155,dress
4944,tshirt_shape09_108_12,35,dress
4945,tshirt_shape12_131_03,276,dress
4946,tshirt_shape09_104_17,117,dress
4947,tshirt_shape12_91_62,151,dress
4948,tshirt_shape10_104_11,135,dress
4949,tshirt_shape05_135_07,173,dress
4950,tshirt_shape11_91_36,151,dress
4951,tshirt_shape07_54_24,211,dress
4952,tshirt_shape01_91_19,181,dress
4953,tshirt_shape09_144_26,151,dress
4954,tshirt_shape04_91_33,203,dress
4955,tshirt_shape06_105_05,181,dress
4956,tshirt_shape02_02_05,121,dress
4957,tshirt_shape13_91_12,196,dress
4958,tshirt_shape00_132_54,181,dress
4959,tshirt_shape01_91_12,196,dress
4960,tshirt_shape04_128_02,42,dress
4961,tshirt_shape01_104_11,135,dress
4962,tshirt_shape12_108_18,62,dress
4963,tshirt_shape02_111_05,121,dress
4964,tshirt_shape14_91_19,181,dress
4965,tshirt_shape12_128_03,42,dress
4966,tshirt_shape13_76_05,211,dress
4967,tshirt_shape05_128_07,87,dress
4968,tshirt_shape10_128_07,87,dress
4969,tshirt_shape09_111_02,106,dress
4970,tshirt_shape09_128_07,87,dress
4971,tshirt_shape16_55_12,151,dress
4972,tshirt_shape10_91_12,196,dress
4973,tshirt_shape02_49_04,63,dress
4974,tshirt_shape10_128_05,53,dress
4975,tshirt_shape09_104_04,50,dress
4976,tshirt_shape10_111_20,106,dress
4977,tshirt_shape01_132_54,181,dress
4978,tshirt_shape00_105_05,181,dress
4979,tshirt_shape05_111_37,82,dress
4980,tshirt_shape03_46_01,155,dress
4981,tshirt_shape12_111_05,121,dress
4982,tshirt_shape04_128_05,53,dress
4983,tshirt_shape08_111_02,106,dress
4984,tshirt_shape16_91_33,203,dress
4985,tshirt_shape03_128_07,87,dress
4986,tshirt_shape08_13_13,110,dress
4987,tshirt_shape08_63_25,154,dress
4988,tshirt_shape05_105_05,181,dress
4989,tshirt_shape12_91_19,181,dress
4990,tshirt_shape09_104_11,135,dress
4991,tshirt_shape13_111_05,121,dress
4992,tshirt_shape12_73_09,151,dress
4993,tshirt_shape12_46_01,155,dress
4994,tshirt_shape01_108_11,62,dress
4995,tshirt_shape10_104_53,75,dress
4996,tshirt_shape15_108_20,70,dress
4997,tshirt_shape16_111_05,121,dress
4998,tshirt_shape02_63_25,154,dress
4999,tshirt_shape15_76_11,129,dress
5000,tshirt_shape07_02_05,121,dress
5001,tshirt_shape08_76_05,211,dress
5002,tshirt_shape08_111_14,121,dress
5003,tshirt_shape09_128_03,42,dress
5004,tshirt_shape11_135_07,173,dress
5005,tshirt_shape10_55_12,151,dress
5006,tshirt_shape05_108_18,62,dress
5007,tshirt_shape10_131_03,276,dress
5008,tshirt_shape04_63_25,154,dress
5009,tshirt_shape11_104_53,75,dress
5010,tshirt_shape09_132_54,181,dress
5011,tshirt_shape15_128_03,42,dress
5012,tshirt_shape15_91_19,181,dress
5013,tshirt_shape11_55_12,151,dress
5014,tshirt_shape14_108_12,35,dress
5015,tshirt_shape05_108_12,35,dress
5016,tshirt_shape09_40_12,151,dress
5017,tshirt_shape09_144_28,133,dress
5018,tshirt_shape06_111_02,106,dress
5019,tshirt_shape09_128_04,35,dress
5020,tshirt_shape00_135_09,166,dress
5021,tshirt_shape12_91_12,196,dress
5022,tshirt_shape09_108_17,58,dress
5023,tshirt_shape15_40_12,151,dress
5024,tshirt_shape02_108_27,105,dress
5025,tshirt_shape12_91_33,203,dress
5026,tshirt_shape03_111_14,121,dress
5027,tshirt_shape06_144_26,151,dress
5028,tshirt_shape01_73_09,151,dress
5029,tshirt_shape11_135_09,166,dress
5030,tshirt_shape11_111_05,121,dress
5031,tshirt_shape02_144_30,211,dress
5032,tshirt_shape14_111_37,82,dress
5033,tshirt_shape12_91_38,115,dress
5034,tshirt_shape16_108_16,89,dress
5035,tshirt_shape00_104_53,75,dress
5036,tshirt_shape16_108_11,62,dress
5037,tshirt_shape03_144_28,133,dress
5038,tshirt_shape12_13_13,110,dress
5039,tshirt_shape07_104_53,75,dress
5040,tshirt_shape00_54_24,211,dress
5041,tshirt_shape10_128_02,42,dress
5042,tshirt_shape16_104_53,75,dress
5043,tshirt_shape03_76_05,211,dress
5044,tshirt_shape09_13_13,110,dress
5045,tshirt_shape04_104_04,50,dress
5046,tshirt_shape12_26_11,138,dress
5047,tshirt_shape10_104_17,117,dress
5048,tshirt_shape14_128_02,42,dress
5049,tshirt_shape02_46_01,155,dress
5050,tshirt_shape09_73_09,151,dress
5051,tshirt_shape13_144_28,133,dress
5052,tshirt_shape04_13_13,110,dress
5053,tshirt_shape01_40_12,151,dress
5054,tshirt_shape02_26_11,138,dress
5055,tshirt_shape08_49_04,63,dress
5056,tshirt_shape11_104_17,117,dress
5057,tshirt_shape10_108_17,58,dress
5058,tshirt_shape00_02_04,121,dress
5059,tshirt_shape07_111_05,121,dress
5060,tshirt_shape06_05_20,274,dress
5061,tshirt_shape13_144_26,151,dress
5062,tshirt_shape00_108_11,62,dress
5063,tshirt_shape03_135_09,166,dress
5064,tshirt_shape07_105_05,181,dress
5065,tshirt_shape03_73_09,151,dress
5066,tshirt_shape11_132_54,181,dress
5067,tshirt_shape12_128_06,50,dress
5068,tshirt_shape07_104_04,50,dress
5069,tshirt_shape13_54_24,211,dress
5070,tshirt_shape05_128_02,42,dress
5071,tshirt_shape16_104_04,50,dress
5072,tshirt_shape16_91_61,91,dress
5073,tshirt_shape02_111_37,82,dress
5074,tshirt_shape10_76_05,211,dress
5075,tshirt_shape11_73_09,151,dress
5076,tshirt_shape12_128_07,87,dress
5077,tshirt_shape06_111_20,106,dress
5078,tshirt_shape05_91_62,151,dress
5079,tshirt_shape00_111_05,121,dress
5080,tshirt_shape00_128_06,50,dress
5081,tshirt_shape08_131_03,276,dress
5082,tshirt_shape01_128_03,42,dress
5083,tshirt_shape14_49_04,63,dress
5084,tshirt_shape14_144_28,133,dress
5085,tshirt_shape02_108_22,116,dress
5086,tshirt_shape00_91_36,151,dress
5087,tshirt_shape03_91_33,203,dress
5088,tshirt_shape15_128_07,87,dress
5089,tshirt_shape07_108_16,89,dress
5090,tshirt_shape10_135_07,173,dress
5091,tshirt_shape05_108_27,105,dress
5092,tshirt_shape03_104_53,75,dress
5093,tshirt_shape05_108_22,116,dress
5094,tshirt_shape03_02_04,121,dress
5095,tshirt_shape07_91_61,91,dress
5096,tshirt_shape09_46_01,155,dress
5097,tshirt_shape03_108_18,62,dress
5098,tshirt_shape09_128_02,42,dress
5099,tshirt_shape06_76_05,211,dress
5100,tshirt_shape13_108_18,62,dress
5101,tshirt_shape04_144_26,151,dress
5102,tshirt_shape01_104_17,117,dress
5103,tshirt_shape12_91_61,91,dress
5104,tshirt_shape07_91_12,196,dress
5105,tshirt_shape10_111_02,106,dress
5106,tshirt_shape11_54_24,211,dress
5107,tshirt_shape13_63_25,154,dress
5108,tshirt_shape01_108_12,35,dress
5109,tshirt_shape00_108_18,62,dress
5110,tshirt_shape09_91_33,203,dress
5111,tshirt_shape08_144_26,151,dress
5112,tshirt_shape08_104_53,75,dress
5113,tshirt_shape11_111_37,82,dress
5114,tshirt_shape16_128_04,35,dress
5115,tshirt_shape04_76_11,129,dress
5116,tshirt_shape05_91_19,181,dress
5117,tshirt_shape05_108_11,62,dress
5118,tshirt_shape04_135_09,166,dress
5119,tshirt_shape05_02_04,121,dress
5120,tshirt_shape14_132_54,181,dress
5121,tshirt_shape04_144_28,133,dress
5122,tshirt_shape07_91_36,151,dress
5123,tshirt_shape13_05_20,274,dress
5124,tshirt_shape04_55_12,151,dress
5125,tshirt_shape13_108_17,58,dress
5126,tshirt_shape05_91_33,203,dress
5127,tshirt_shape03_26_11,138,dress
5128,tshirt_shape16_111_37,82,dress
5129,tshirt_shape05_135_09,166,dress
5130,tshirt_shape16_108_18,62,dress
5131,tshirt_shape01_104_04,50,dress
5132,tshirt_shape14_111_02,106,dress
5133,tshirt_shape09_108_18,62,dress
5134,tshirt_shape05_104_11,135,dress
5135,tshirt_shape14_13_13,110,dress
5136,tshirt_shape05_76_05,211,dress
5137,tshirt_shape04_108_11,62,dress
5138,tshirt_shape03_104_04,50,dress
5139,tshirt_shape14_135_09,166,dress
5140,tshirt_shape10_91_62,151,dress
5141,tshirt_shape10_144_26,151,dress
5142,tshirt_shape03_108_16,89,dress
5143,tshirt_shape07_108_12,35,dress
5144,tshirt_shape16_108_12,35,dress
5145,tshirt_shape07_144_30,211,dress
5146,tshirt_shape15_132_54,181,dress
5147,tshirt_shape04_91_61,91,dress
5148,tshirt_shape09_91_62,151,dress
5149,tshirt_shape07_111_37,82,dress
5150,tshirt_shape02_108_16,89,dress
5151,tshirt_shape06_73_09,151,dress
5152,tshirt_shape16_02_04,121,dress
5153,tshirt_shape00_91_33,203,dress
5154,tshirt_shape03_108_17,58,dress
5155,tshirt_shape09_02_04,121,dress
5156,tshirt_shape15_63_25,154,dress
5157,tshirt_shape01_104_53,75,dress
5158,tshirt_shape03_104_17,117,dress
5159,tshirt_shape12_108_22,116,dress
5160,tshirt_shape09_108_11,62,dress
5161,tshirt_shape13_108_22,116,dress
5162,tshirt_shape03_91_12,196,dress
5163,tshirt_shape14_108_27,105,dress
5164,tshirt_shape01_128_04,35,dress
5165,tshirt_shape11_91_62,151,dress
5166,tshirt_shape14_63_25,154,dress
5167,tshirt_shape09_63_25,154,dress
5168,tshirt_shape13_91_19,181,dress
5169,tshirt_shape01_128_02,42,dress
5170,tshirt_shape11_49_04,63,dress
5171,tshirt_shape10_144_28,133,dress
5172,tshirt_shape03_91_19,181,dress
5173,tshirt_shape08_104_11,135,dress
5174,tshirt_shape07_76_11,129,dress
5175,tshirt_shape07_63_25,154,dress
5176,tshirt_shape10_02_04,121,dress
5177,tshirt_shape05_128_06,50,dress
5178,tshirt_shape13_104_53,75,dress
5179,tshirt_shape16_76_11,129,dress
5180,tshirt_shape13_91_36,151,dress
5181,tshirt_shape02_108_12,35,dress
5182,tshirt_shape14_55_12,151,dress
5183,tshirt_shape01_128_07,87,dress
5184,tshirt_shape01_55_12,151,dress
5185,tshirt_shape02_128_07,87,dress
5186,tshirt_shape16_108_27,105,dress
5187,tshirt_shape07_13_13,110,dress
5188,tshirt_shape14_91_12,196,dress
5189,tshirt_shape04_104_53,75,dress
5190,tshirt_shape05_104_53,75,dress
5191,tshirt_shape06_91_61,91,dress
5192,tshirt_shape02_54_24,211,dress
5193,tshirt_shape16_91_38,115,dress
5194,tshirt_shape14_144_30,211,dress
5195,tshirt_shape07_111_20,106,dress
5196,tshirt_shape00_135_07,173,dress
5197,tshirt_shape00_104_17,117,dress
5198,tshirt_shape00_108_17,58,dress
5199,tshirt_shape01_144_28,133,dress
5200,tshirt_shape16_91_36,151,dress
5201,tshirt_shape13_108_27,105,dress
5202,tshirt_shape04_144_30,211,dress
5203,tshirt_shape10_111_05,121,dress
5204,tshirt_shape16_131_03,276,dress
5205,tshirt_shape08_108_17,58,dress
5206,tshirt_shape00_128_07,87,dress
5207,tshirt_shape08_132_54,181,dress
5208,tshirt_shape16_40_12,151,dress
5209,tshirt_shape05_63_25,154,dress
5210,tshirt_shape10_91_36,151,dress
5211,tshirt_shape13_131_03,276,dress
5212,tshirt_shape11_144_26,151,dress
5213,tshirt_shape09_128_06,50,dress
5214,tshirt_shape02_111_02,106,dress
5215,tshirt_shape08_128_04,35,dress
5216,tshirt_shape04_108_16,89,dress
5217,tshirt_shape14_73_09,151,dress
5218,tshirt_shape02_02_04,121,dress
5219,tshirt_shape15_104_11,135,dress
5220,tshirt_shape07_104_11,135,dress
5221,tshirt_shape14_111_14,121,dress
5222,tshirt_shape08_108_12,35,dress
5223,tshirt_shape06_135_09,166,dress
5224,tshirt_shape13_111_02,106,dress
5225,tshirt_shape06_91_38,115,dress
5226,tshirt_shape03_108_27,105,dress
5227,tshirt_shape04_111_20,106,dress
5228,tshirt_shape01_91_33,203,dress
5229,tshirt_shape07_46_01,155,dress
5230,tshirt_shape11_108_12,35,dress
5231,tshirt_shape10_13_13,110,dress
5232,tshirt_shape04_91_12,196,dress
5233,tshirt_shape05_128_05,53,dress
5234,tshirt_shape08_54_24,211,dress
5235,tshirt_shape09_108_22,116,dress
5236,tshirt_shape02_104_53,75,dress
5237,tshirt_shape05_91_12,196,dress
5238,tshirt_shape15_135_09,166,dress
5239,tshirt_shape00_108_20,70,dress
5240,tshirt_shape11_108_27,105,dress
5241,tshirt_shape16_128_06,50,dress
5242,tshirt_shape15_128_04,35,dress
5243,tshirt_shape01_05_20,274,dress
5244,tshirt_shape01_76_05,211,dress
5245,tshirt_shape12_76_11,129,dress
5246,tshirt_shape08_91_61,91,dress
5247,tshirt_shape13_76_11,129,dress
5248,tshirt_shape05_108_20,70,dress
5249,tshirt_shape12_76_05,211,dress
5250,tshirt_shape16_128_05,53,dress
5251,tshirt_shape15_111_14,121,dress
5252,tshirt_shape16_108_17,58,dress
5253,tshirt_shape04_131_03,276,dress
5254,tshirt_shape15_54_24,211,dress
5255,tshirt_shape06_02_04,121,dress
5256,tshirt_shape09_54_24,211,dress
5257,tshirt_shape09_05_20,274,dress
5258,tshirt_shape01_135_09,166,dress
5259,tshirt_shape08_76_11,129,dress
5260,tshirt_shape09_91_36,151,dress
5261,tshirt_shape16_108_20,70,dress
5262,tshirt_shape07_91_62,151,dress
5263,tshirt_shape00_111_20,106,dress
5264,tshirt_shape10_132_54,181,dress
5265,tshirt_shape11_128_04,35,dress
5266,tshirt_shape02_111_20,106,dress
5267,tshirt_shape03_05_20,274,dress
5268,tshirt_shape01_26_11,138,dress
5269,tshirt_shape01_128_05,53,dress
5270,tshirt_shape08_144_28,133,dress
5271,tshirt_shape02_73_09,151,dress
5272,tshirt_shape13_91_62,151,dress
5273,tshirt_shape15_76_05,211,dress
5274,tshirt_shape13_144_30,211,dress
5275,tshirt_shape16_13_13,110,dress
5276,tshirt_shape02_144_26,151,dress
5277,tshirt_shape07_76_05,211,dress
5278,tshirt_shape13_108_20,70,dress
5279,tshirt_shape11_108_22,116,dress
5280,tshirt_shape03_135_07,173,dress
5281,tshirt_shape14_111_20,106,dress
5282,tshirt_shape01_131_03,276,dress
5283,tshirt_shape08_105_05,181,dress
5284,tshirt_shape08_111_05,121,dress
5285,tshirt_shape03_128_06,50,dress
5286,tshirt_shape14_76_11,129,dress
5287,tshirt_shape13_128_07,87,dress
5288,tshirt_shape14_111_05,121,dress
5289,tshirt_shape03_91_38,115,dress
5290,tshirt_shape04_91_36,151,dress
5291,tshirt_shape14_108_17,58,dress
5292,tshirt_shape14_91_62,151,dress
5293,tshirt_shape13_91_38,115,dress
5294,tshirt_shape01_128_06,50,dress
5295,tshirt_shape14_104_04,50,dress
5296,tshirt_shape05_111_14,121,dress
5297,tshirt_shape15_111_20,106,dress
5298,tshirt_shape15_91_33,203,dress
5299,tshirt_shape15_55_12,151,dress
5300,tshirt_shape11_111_14,121,dress
5301,tshirt_shape02_128_03,42,dress
5302,tshirt_shape06_144_30,211,dress
5303,tshirt_shape07_02_04,121,dress
5304,tshirt_shape14_104_11,135,tshirt_unzipped
5305,tshirt_shape08_128_02,42,tshirt_unzipped
5306,tshirt_shape14_128_03,42,tshirt_unzipped
5307,tshirt_shape03_91_61,91,tshirt_unzipped
5308,tshirt_shape10_46_01,155,tshirt_unzipped
5309,tshirt_shape04_111_37,82,tshirt_unzipped
5310,tshirt_shape03_108_12,35,tshirt_unzipped
5311,tshirt_shape11_128_03,42,tshirt_unzipped
5312,tshirt_shape15_104_53,75,tshirt_unzipped
5313,tshirt_shape05_128_04,35,tshirt_unzipped
5314,tshirt_shape11_144_28,133,tshirt_unzipped
5315,tshirt_shape08_91_33,203,tshirt_unzipped
5316,tshirt_shape13_105_05,181,tshirt_unzipped
5317,tshirt_shape13_128_03,42,tshirt_unzipped
5318,tshirt_shape14_135_07,173,tshirt_unzipped
5319,tshirt_shape11_108_20,70,tshirt_unzipped
5320,tshirt_shape13_111_14,121,tshirt_unzipped
5321,tshirt_shape15_91_62,151,tshirt_unzipped
5322,tshirt_shape00_76_11,129,tshirt_unzipped
5323,tshirt_shape14_91_33,203,tshirt_unzipped
5324,tshirt_shape15_108_18,62,tshirt_unzipped
5325,tshirt_shape13_111_37,82,tshirt_unzipped
5326,tshirt_shape14_128_04,35,tshirt_unzipped
5327,tshirt_shape12_91_36,151,tshirt_unzipped
5328,tshirt_shape02_144_28,133,tshirt_unzipped
5329,tshirt_shape03_128_04,35,tshirt_unzipped
5330,tshirt_shape14_26_11,138,tshirt_unzipped
5331,tshirt_shape03_40_12,151,tshirt_unzipped
5332,tshirt_shape03_111_05,121,tshirt_unzipped
5333,tshirt_shape00_108_22,116,tshirt_unzipped
5334,tshirt_shape02_128_05,53,tshirt_unzipped
5335,tshirt_shape11_46_01,155,tshirt_unzipped
5336,tshirt_shape15_111_05,121,tshirt_unzipped
5337,tshirt_shape04_91_62,151,tshirt_unzipped
5338,tshirt_shape08_111_20,106,tshirt_unzipped
5339,tshirt_shape06_111_37,82,tshirt_unzipped
5340,tshirt_shape14_02_04,121,tshirt_unzipped
5341,tshirt_shape11_111_02,106,tshirt_unzipped
5342,tshirt_shape04_91_19,181,tshirt_unzipped
5343,tshirt_shape06_02_05,121,tshirt_unzipped
5344,tshirt_shape01_91_62,151,tshirt_unzipped
5345,tshirt_shape08_91_19,181,tshirt_unzipped
5346,tshirt_shape04_132_54,181,tshirt_unzipped
5347,tshirt_shape02_91_33,203,tshirt_unzipped
5348,tshirt_shape02_40_12,151,tshirt_unzipped
5349,tshirt_shape12_144_26,151,tshirt_unzipped
5350,tshirt_shape13_135_07,173,tshirt_unzipped
5351,tshirt_shape02_108_17,58,tshirt_unzipped
5352,tshirt_shape02_91_12,196,tshirt_unzipped
5353,tshirt_shape09_135_07,173,tshirt_unzipped
5354,tshirt_shape06_128_02,42,tshirt_unzipped
5355,tshirt_shape14_108_11,62,tshirt_unzipped
5356,tshirt_shape05_104_04,50,tshirt_unzipped
5357,tshirt_shape05_111_20,106,tshirt_unzipped
5358,tshirt_shape12_108_17,58,tshirt_unzipped
5359,tshirt_shape07_135_07,173,tshirt_unzipped
5360,tshirt_shape15_144_26,151,tshirt_unzipped
5361,tshirt_shape10_26_11,138,tshirt_unzipped
5362,tshirt_shape16_104_11,135,tshirt_unzipped
5363,tshirt_shape07_91_33,203,tshirt_unzipped
5364,tshirt_shape10_05_20,274,tshirt_unzipped
5365,tshirt_shape10_108_18,62,tshirt_unzipped
5366,tshirt_shape05_91_38,115,tshirt_unzipped
5367,tshirt_shape01_111_37,82,tshirt_unzipped
5368,tshirt_shape08_135_09,166,tshirt_unzipped
5369,tshirt_shape11_76_11,129,tshirt_unzipped
5370,tshirt_shape05_02_05,121,tshirt_unzipped
5371,tshirt_shape06_128_07,87,tshirt_unzipped
5372,tshirt_shape12_135_07,173,tshirt_unzipped
5373,tshirt_shape03_91_62,151,tshirt_unzipped
5374,tshirt_shape09_128_05,53,tshirt_unzipped
5375,tshirt_shape12_104_04,50,tshirt_unzipped
5376,tshirt_shape06_108_16,89,tshirt_unzipped
5377,tshirt_shape05_104_17,117,tshirt_unzipped
5378,tshirt_shape15_91_12,196,tshirt_unzipped
5379,tshirt_shape16_49_04,63,tshirt_unzipped
5380,tshirt_shape16_111_20,106,tshirt_unzipped
5381,tshirt_shape06_49_04,63,tshirt_unzipped
5382,tshirt_shape15_73_09,151,tshirt_unzipped
5383,tshirt_shape01_108_27,105,tshirt_unzipped
5384,tshirt_shape05_108_17,58,tshirt_unzipped
5385,tshirt_shape10_108_16,89,tshirt_unzipped
5386,tshirt_shape07_108_22,116,tshirt_unzipped
5387,tshirt_shape03_132_54,181,tshirt_unzipped
5388,tshirt_shape02_108_20,70,tshirt_unzipped
5389,tshirt_shape12_108_16,89,tshirt_unzipped
5390,tshirt_shape01_49_04,63,tshirt_unzipped
5391,tshirt_shape00_128_05,53,tshirt_unzipped
5392,tshirt_shape05_54_24,211,tshirt_unzipped
5393,tshirt_shape06_55_12,151,tshirt_unzipped
5394,tshirt_shape05_111_02,106,tshirt_unzipped
5395,tshirt_shape14_144_26,151,tshirt_unzipped
5396,tshirt_shape09_111_14,121,tshirt_unzipped
5397,tshirt_shape00_91_61,91,tshirt_unzipped
5398,tshirt_shape02_104_11,135,tshirt_unzipped
5399,tshirt_shape13_108_12,35,tshirt_unzipped
5400,tshirt_shape01_63_25,154,tshirt_unzipped
5401,tshirt_shape12_108_12,35,tshirt_unzipped
5402,tshirt_shape05_91_61,91,tshirt_unzipped
5403,tshirt_shape10_91_61,91,tshirt_unzipped
5404,tshirt_shape14_40_12,151,tshirt_unzipped
5405,tshirt_shape05_40_12,151,tshirt_unzipped
5406,tshirt_shape13_55_12,151,tshirt_unzipped
5407,tshirt_shape02_13_13,110,tshirt_unzipped
5408,tshirt_shape01_144_26,151,tshirt_unzipped
5409,tshirt_shape11_63_25,154,tshirt_unzipped
5410,tshirt_shape00_131_03,276,tshirt_unzipped
5411,tshirt_shape11_91_38,115,tshirt_unzipped
5412,tshirt_shape16_108_22,116,tshirt_unzipped
5413,tshirt_shape11_91_12,196,tshirt_unzipped
5414,tshirt_shape11_108_11,62,tshirt_unzipped
5415,tshirt_shape09_49_04,63,tshirt_unzipped
5416,tshirt_shape13_111_20,106,tshirt_unzipped
5417,tshirt_shape13_02_04,121,tshirt_unzipped
5418,tshirt_shape10_54_24,211,tshirt_unzipped
5419,tshirt_shape01_105_05,181,tshirt_unzipped
5420,tshirt_shape15_108_22,116,tshirt_unzipped
5421,tshirt_shape08_91_12,196,tshirt_unzipped
5422,tshirt_shape03_104_11,135,tshirt_unzipped
5423,tshirt_shape11_128_02,42,tshirt_unzipped
5424,tshirt_shape07_73_09,151,tshirt_unzipped
5425,tshirt_shape04_111_05,121,tshirt_unzipped
5426,tshirt_shape10_111_37,82,tshirt_unzipped
5427,tshirt_shape04_111_14,121,tshirt_unzipped
5428,tshirt_shape07_131_03,276,tshirt_unzipped
5429,tshirt_shape10_73_09,151,tshirt_unzipped
5430,tshirt_shape10_91_38,115,tshirt_unzipped
5431,tshirt_shape12_40_12,151,tshirt_unzipped
5432,tshirt_shape06_40_12,151,tshirt_unzipped
5433,tshirt_shape02_108_18,62,tshirt_unzipped
5434,tshirt_shape01_135_07,173,tshirt_unzipped
5435,tshirt_shape03_76_11,129,tshirt_unzipped
5436,tshirt_shape00_26_11,138,tshirt_unzipped
5437,tshirt_shape01_111_20,106,tshirt_unzipped
5438,tshirt_shape04_05_20,274,tshirt_unzipped
5439,tshirt_shape08_108_18,62,tshirt_unzipped
5440,tshirt_shape09_111_37,82,tshirt_unzipped
5441,tshirt_shape15_108_11,62,tshirt_unzipped
5442,tshirt_shape13_132_54,181,tshirt_unzipped
5443,tshirt_shape05_108_16,89,tshirt_unzipped
5444,tshirt_shape15_144_30,211,tshirt_unzipped
5445,tshirt_shape08_128_03,42,tshirt_unzipped
5446,tshirt_shape15_108_12,35,tshirt_unzipped
5447,tshirt_shape10_108_22,116,tshirt_unzipped
5448,tshirt_shape06_128_06,50,tshirt_unzipped
5449,tshirt_shape01_91_38,115,tshirt_unzipped
5450,tshirt_shape16_128_07,87,tshirt_unzipped
5451,tshirt_shape14_108_16,89,tshirt_unzipped
5452,tshirt_shape00_111_02,106,tshirt_unzipped
5453,tshirt_shape06_108_11,62,tshirt_unzipped
5454,tshirt_shape06_128_05,53,tshirt_unzipped
5455,tshirt_shape14_91_38,115,tshirt_unzipped
5456,tshirt_shape08_02_05,121,tshirt_unzipped
5457,tshirt_shape05_128_03,42,tshirt_unzipped
5458,tshirt_shape01_108_22,116,tshirt_unzipped
5459,tshirt_shape14_131_03,276,tshirt_unzipped
5460,tshirt_shape08_108_27,105,tshirt_unzipped
5461,tshirt_shape16_111_14,121,tshirt_unzipped
5462,tshirt_shape06_144_28,133,tshirt_unzipped
5463,tshirt_shape02_108_11,62,tshirt_unzipped
5464,tshirt_shape02_91_62,151,tshirt_unzipped
5465,tshirt_shape03_91_36,151,tshirt_unzipped
5466,tshirt_shape14_108_20,70,tshirt_unzipped
5467,tshirt_shape00_111_37,82,tshirt_unzipped
5468,tshirt_shape12_144_30,211,tshirt_unzipped
5469,tshirt_shape00_55_12,151,tshirt_unzipped
5470,tshirt_shape00_49_04,63,tshirt_unzipped
5471,tshirt_shape11_111_20,106,tshirt_unzipped
5472,tshirt_shape03_111_37,82,tshirt_unzipped
5473,tshirt_shape15_02_04,121,tshirt_unzipped
5474,tshirt_shape01_91_61,91,tshirt_unzipped
5475,tshirt_shape09_108_27,105,tshirt_unzipped
5476,tshirt_shape01_46_01,155,tshirt_unzipped
5477,tshirt_shape08_91_62,151,tshirt_unzipped
5478,tshirt_shape07_111_02,106,tshirt_unzipped
5479,tshirt_shape16_54_24,211,tshirt_unzipped
5480,tshirt_shape10_108_20,70,tshirt_unzipped
5481,tshirt_shape06_76_11,129,tshirt_unzipped
5482,tshirt_shape16_91_12,196,tshirt_unzipped
5483,tshirt_shape13_91_61,91,tshirt_unzipped
5484,tshirt_shape09_76_05,211,tshirt_unzipped
5485,tshirt_shape15_104_04,50,tshirt_unzipped
5486,tshirt_shape00_63_25,154,tshirt_unzipped
5487,tshirt_shape00_13_13,110,tshirt_unzipped
5488,tshirt_shape06_46_01,155,tshirt_unzipped
5489,tshirt_shape05_144_30,211,tshirt_unzipped
5490,tshirt_shape12_108_11,62,tshirt_unzipped
5491,tshirt_shape13_104_17,117,tshirt_unzipped
5492,tshirt_shape10_91_19,181,tshirt_unzipped
5493,tshirt_shape11_02_05,121,tshirt_unzipped
5494,tshirt_shape07_05_20,274,tshirt_unzipped
5495,tshirt_shape12_108_20,70,tshirt_unzipped
5496,tshirt_shape02_128_06,50,tshirt_unzipped
5497,tshirt_shape08_26_11,138,tshirt_unzipped
5498,tshirt_shape12_111_37,82,tshirt_unzipped
5499,tshirt_shape07_55_12,151,tshirt_unzipped
5500,tshirt_shape00_05_20,274,tshirt_unzipped
5501,tshirt_shape08_55_12,151,tshirt_unzipped
5502,tshirt_shape07_108_11,62,tshirt_unzipped
5503,tshirt_shape11_128_07,87,tshirt_unzipped
5504,tshirt_shape11_128_05,53,tshirt_unzipped
5505,tshirt_shape06_63_25,154,tshirt_unzipped
5506,tshirt_shape02_128_02,42,tshirt_unzipped
5507,tshirt_shape12_02_04,121,tshirt_unzipped
5508,tshirt_shape12_104_17,117,tshirt_unzipped
5509,tshirt_shape09_135_09,166,tshirt_unzipped
5510,tshirt_shape01_13_13,110,tshirt_unzipped
5511,tshirt_shape12_111_02,106,tshirt_unzipped
5512,tshirt_shape06_111_14,121,tshirt_unzipped
5513,tshirt_shape13_128_05,53,tshirt_unzipped
5514,tshirt_shape09_104_53,75,tshirt_unzipped
5515,tshirt_shape05_55_12,151,tshirt_unzipped
5516,tshirt_shape06_91_33,203,tshirt_unzipped
5517,tshirt_shape00_02_05,121,tshirt_unzipped
5518,tshirt_shape04_111_02,106,tshirt_unzipped
5519,tshirt_shape06_91_19,181,tshirt_unzipped
5520,tshirt_shape00_91_19,181,tshirt_unzipped
5521,tshirt_shape04_02_05,121,tshirt_unzipped
5522,tshirt_shape14_128_07,87,tshirt_unzipped
5523,tshirt_shape00_128_02,42,tshirt_unzipped
5524,tshirt_shape10_40_12,151,tshirt_unzipped
5525,tshirt_shape03_13_13,110,tshirt_unzipped
5526,tshirt_shape12_54_24,211,tshirt_unzipped
5527,tshirt_shape10_105_05,181,tshirt_unzipped
5528,tshirt_shape05_05_20,274,tshirt_unzipped
5529,tshirt_shape10_49_04,63,tshirt_unzipped
5530,tshirt_shape15_13_13,110,tshirt_unzipped
5531,tshirt_shape15_105_05,181,tshirt_unzipped
5532,tshirt_shape12_02_05,121,tshirt_unzipped
5533,tshirt_shape02_111_14,121,tshirt_unzipped
5534,tshirt_shape10_91_33,203,tshirt_unzipped
5535,tshirt_shape03_02_05,121,tshirt_unzipped
5536,tshirt_shape16_02_05,121,tshirt_unzipped
5537,tshirt_shape16_135_09,166,tshirt_unzipped
5538,tshirt_shape15_144_28,133,tshirt_unzipped
5539,tshirt_shape10_128_03,42,tshirt_unzipped
5540,tshirt_shape09_91_12,196,tshirt_unzipped
5541,tshirt_shape16_91_19,181,tshirt_unzipped
5542,tshirt_shape04_108_17,58,tshirt_unzipped
5543,tshirt_shape09_144_30,211,tshirt_unzipped
5544,tshirt_shape15_135_07,173,tshirt_unzipped
5545,tshirt_shape04_76_05,211,tshirt_unzipped
5546,tshirt_shape16_132_54,181,tshirt_unzipped
5547,tshirt_shape15_128_02,42,tshirt_unzipped
5548,tshirt_shape04_02_04,121,tshirt_unzipped
5549,tshirt_shape03_111_20,106,tshirt_unzipped
5550,tshirt_shape00_108_16,89,tshirt_unzipped
5551,tshirt_shape11_104_11,135,tshirt_unzipped
5552,tshirt_shape11_131_03,276,tshirt_unzipped
5553,tshirt_shape01_111_05,121,tshirt_unzipped
5554,tshirt_shape01_108_18,62,tshirt_unzipped
5555,tshirt_shape03_108_22,116,tshirt_unzipped
5556,tshirt_shape05_26_11,138,tshirt_unzipped
5557,tshirt_shape04_104_17,117,tshirt_unzipped
5558,tshirt_shape02_91_61,91,tshirt_unzipped
5559,tshirt_shape07_40_12,151,tshirt_unzipped
5560,tshirt_shape04_108_12,35,tshirt_unzipped
5561,tshirt_shape15_104_17,117,tshirt_unzipped
5562,tshirt_shape13_135_09,166,tshirt_unzipped
5563,tshirt_shape08_91_38,115,tshirt_unzipped
5564,tshirt_shape06_131_03,276,tshirt_unzipped
5565,tshirt_shape00_144_30,211,tshirt_unzipped
5566,tshirt_shape01_02_05,121,tshirt_unzipped
5567,tshirt_shape09_55_12,151,tshirt_unzipped
5568,tshirt_shape06_108_12,35,tshirt_unzipped
5569,tshirt_shape09_111_20,106,tshirt_unzipped
5570,tshirt_shape04_108_22,116,tshirt_unzipped
5571,tshirt_shape13_40_12,151,tshirt_unzipped
5572,tshirt_shape06_91_12,196,tshirt_unzipped
5573,tshirt_shape07_128_05,53,tshirt_unzipped
5574,tshirt_shape10_144_30,211,tshirt_unzipped
5575,tshirt_shape15_02_05,121,tshirt_unzipped
5576,tshirt_shape04_54_24,211,tshirt_unzipped
5577,tshirt_shape10_63_25,154,tshirt_unzipped
5578,tshirt_shape05_144_26,151,tshirt_unzipped
5579,tshirt_shape02_91_36,151,tshirt_unzipped
5580,tshirt_shape03_63_25,154,tshirt_unzipped
5581,tshirt_shape11_02_04,121,tshirt_unzipped
5582,tshirt_shape12_132_54,181,tshirt_unzipped
5583,tshirt_shape08_73_09,151,tshirt_unzipped
5584,tshirt_shape08_46_01,155,tshirt_unzipped
5585,tshirt_shape06_104_11,135,tshirt_unzipped
5586,tshirt_shape01_111_02,106,tshirt_unzipped
5587,tshirt_shape16_63_25,154,tshirt_unzipped
5588,tshirt_shape11_05_20,274,tshirt_unzipped
5589,tshirt_shape15_111_02,106,tshirt_unzipped
5590,tshirt_shape07_128_07,87,tshirt_unzipped
5591,tshirt_shape02_91_38,115,tshirt_unzipped
5592,tshirt_shape07_135_09,166,tshirt_unzipped
5593,tshirt_shape05_76_11,129,tshirt_unzipped
5594,tshirt_shape15_111_37,82,tshirt_unzipped
5595,tshirt_shape06_108_17,58,tshirt_unzipped
5596,tshirt_shape14_91_36,151,tshirt_unzipped
5597,tshirt_shape09_131_03,276,tshirt_unzipped
5598,tshirt_shape01_91_36,151,tshirt_unzipped
5599,tshirt_shape02_55_12,151,tshirt_unzipped
5600,tshirt_shape07_128_04,35,tshirt_unzipped
5601,tshirt_shape08_91_36,151,tshirt_unzipped
5602,tshirt_shape15_91_61,91,tshirt_unzipped
5603,tshirt_shape05_144_28,133,tshirt_unzipped
5604,tshirt_shape11_144_30,211,tshirt_unzipped
5605,tshirt_shape08_108_20,70,tshirt_unzipped
5606,tshirt_shape04_26_11,138,tshirt_unzipped
5607,tshirt_shape07_132_54,181,tshirt_unzipped
5608,tshirt_shape10_104_04,50,tshirt_unzipped
5609,tshirt_shape11_91_33,203,tshirt_unzipped
5610,tshirt_shape06_108_20,70,tshirt_unzipped
5611,tshirt_shape06_26_11,138,tshirt_unzipped
5612,tshirt_shape07_128_03,42,tshirt_unzipped
5613,tshirt_shape05_131_03,276,tshirt_unzipped
5614,tshirt_shape03_49_04,63,tshirt_unzipped
5615,tshirt_shape14_108_18,62,tshirt_unzipped
5616,tshirt_shape00_128_03,42,tshirt_unzipped
5617,tshirt_shape14_128_06,50,tshirt_unzipped
5618,tshirt_shape04_73_09,151,tshirt_unzipped
5619,tshirt_shape11_91_19,181,tshirt_unzipped
5620,tshirt_shape12_55_12,151,tshirt_unzipped
5621,tshirt_shape00_108_27,105,tshirt_unzipped
5622,tshirt_shape07_104_17,117,tshirt_unzipped
5623,tshirt_shape08_104_17,117,tshirt_unzipped
5624,tshirt_shape12_63_25,154,tshirt_unzipped
5625,tshirt_shape13_49_04,63,tshirt_unzipped
5626,tshirt_shape00_91_62,151,tshirt_unzipped
5627,tshirt_shape11_26_11,138,tshirt_unzipped
5628,tshirt_shape00_108_12,35,tshirt_unzipped
5629,tshirt_shape08_40_12,151,tshirt_unzipped
5630,tshirt_shape11_13_13,110,tshirt_unzipped
5631,tshirt_shape10_108_27,105,tshirt_unzipped
5632,tshirt_shape07_144_26,151,tshirt_unzipped
5633,tshirt_shape13_104_04,50,tshirt_unzipped
5634,tshirt_shape14_76_05,211,tshirt_unzipped
5635,tshirt_shape01_108_20,70,tshirt_unzipped
5636,tshirt_shape14_105_05,181,tshirt_unzipped
5637,tshirt_shape08_108_22,116,tshirt_unzipped
5638,tshirt_shape13_128_04,35,tshirt_unzipped
5639,tshirt_shape13_108_11,62,tshirt_unzipped
5640,tshirt_shape09_91_38,115,tshirt_unzipped
5641,tshirt_shape07_108_17,58,tshirt_unzipped
5642,tshirt_shape07_144_28,133,tshirt_unzipped
5643,tshirt_shape08_128_07,87,tshirt_unzipped
5644,tshirt_shape11_91_61,91,tshirt_unzipped
5645,tshirt_shape11_108_17,58,tshirt_unzipped
5646,tshirt_shape00_73_09,151,tshirt_unzipped
5647,tshirt_shape07_49_04,63,tshirt_unzipped
5648,tshirt_shape12_104_53,75,tshirt_unzipped
5649,tshirt_shape02_05_20,274,tshirt_unzipped
5650,tshirt_shape15_108_27,105,tshirt_unzipped
5651,tshirt_shape06_108_22,116,tshirt_unzipped
5652,tshirt_shape13_26_11,138,tshirt_unzipped
5653,tshirt_shape09_105_05,181,tshirt_unzipped
5654,tshirt_shape09_108_16,89,tshirt_unzipped
5655,tshirt_shape16_26_11,138,tshirt_unzipped
5656,tshirt_shape03_108_20,70,tshirt_unzipped
5657,tshirt_shape07_91_38,115,tshirt_unzipped
5658,tshirt_shape12_128_05,53,tshirt_unzipped
5659,tshirt_shape04_128_03,42,tshirt_unzipped
5660,tshirt_shape08_108_11,62,tshirt_unzipped
5661,tshirt_shape14_05_20,274,tshirt_unzipped
5662,tshirt_shape03_111_02,106,tshirt_unzipped
5663,tshirt_shape03_144_26,151,tshirt_unzipped
5664,tshirt_shape07_26_11,138,tshirt_unzipped
5665,tshirt_shape02_76_05,211,tshirt_unzipped
5666,tshirt_shape00_91_38,115,tshirt_unzipped
5667,tshirt_shape06_54_24,211,tshirt_unzipped
5668,tshirt_shape00_91_12,196,tshirt_unzipped
5669,tshirt_shape06_108_18,62,tshirt_unzipped
5670,tshirt_shape12_105_05,181,tshirt_unzipped
5671,tshirt_shape12_111_20,106,tshirt_unzipped
5672,tshirt_shape14_46_01,155,tshirt_unzipped
5673,tshirt_shape15_46_01,155,tshirt_unzipped
5674,tshirt_shape00_46_01,155,tshirt_unzipped
5675,tshirt_shape08_05_20,274,tshirt_unzipped
5676,tshirt_shape09_26_11,138,tshirt_unzipped
5677,tshirt_shape13_128_06,50,tshirt_unzipped
5678,tshirt_shape16_144_30,211,tshirt_unzipped
5679,tshirt_shape00_104_11,135,tshirt_unzipped
5680,tshirt_shape11_108_18,62,tshirt_unzipped
5681,tshirt_shape14_108_22,116,tshirt_unzipped
5682,tshirt_shape00_144_26,151,tshirt_unzipped
5683,tshirt_shape06_91_36,151,tshirt_unzipped
5684,tshirt_shape05_46_01,155,tshirt_unzipped
5685,tshirt_shape02_128_04,35,tshirt_unzipped
5686,tshirt_shape00_40_12,151,tshirt_unzipped
5687,tshirt_shape13_73_09,151,tshirt_unzipped
5688,tshirt_shape05_13_13,110,tshirt_unzipped
5689,tshirt_shape03_128_02,42,tshirt_unzipped
5690,tshirt_shape04_135_07,173,tshirt_unzipped
5691,tshirt_shape14_02_05,121,tshirt_unzipped
5692,tshirt_shape05_49_04,63,tshirt_unzipped
5693,tshirt_shape06_91_62,151,tshirt_unzipped
5694,tshirt_shape11_76_05,211,tshirt_unzipped
5695,tshirt_shape16_104_17,117,tshirt_unzipped
5696,tshirt_shape04_105_05,181,tshirt_unzipped
5697,tshirt_shape02_105_05,181,tshirt_unzipped
5698,tshirt_shape16_128_03,42,tshirt_unzipped
5699,tshirt_shape15_91_36,151,tshirt_unzipped
5700,tshirt_shape12_108_27,105,tshirt_unzipped
5701,tshirt_shape16_105_05,181,tshirt_unzipped
5702,tshirt_shape06_104_17,117,tshirt_unzipped
5703,tshirt_shape12_104_11,135,tshirt_unzipped
5704,tshirt_shape05_132_54,181,tshirt_unzipped
5705,tshirt_shape15_108_16,89,tshirt_unzipped
5706,tshirt_shape07_128_06,50,tshirt_unzipped
5707,tshirt_shape08_144_30,211,tshirt_unzipped
5708,tshirt_shape00_111_14,121,tshirt_unzipped
5709,tshirt_shape09_02_05,121,tshirt_unzipped
5710,tshirt_shape13_104_11,135,tshirt_unzipped
5711,tshirt_shape16_144_28,133,tshirt_unzipped
5712,tshirt_shape14_91_61,91,tshirt_unzipped
5713,tshirt_shape14_104_53,75,tshirt_unzipped
5714,tshirt_shape05_111_05,121,tshirt_unzipped
5715,tshirt_shape11_104_04,50,tshirt_unzipped
5716,tshirt_shape12_128_02,42,tshirt_unzipped
5717,tshirt_shape04_104_11,135,tshirt_unzipped
5718,tshirt_shape00_76_05,211,tshirt_unzipped
5719,tshirt_shape13_13_13,110,tshirt_unzipped
5720,tshirt_shape15_49_04,63,tshirt_unzipped
5721,tshirt_shape02_135_07,173,tshirt_unzipped
5722,tshirt_shape10_76_11,129,tshirt_unzipped
5723,tshirt_shape07_108_18,62,tshirt_unzipped
5724,tshirt_shape00_144_28,133,tshirt_unzipped
5725,tshirt_shape12_128_04,35,tshirt_unzipped
5726,tshirt_shape05_91_36,151,tshirt_unzipped
5727,tshirt_shape09_108_20,70,tshirt_unzipped
5728,tshirt_shape06_128_04,35,tshirt_unzipped
5729,tshirt_shape01_108_16,89,tshirt_unzipped
5730,tshirt_shape06_104_53,75,tshirt_unzipped
5731,tshirt_shape15_128_06,50,tshirt_unzipped
5732,tshirt_shape10_128_04,35,tshirt_unzipped
5733,tshirt_shape14_54_24,211,tshirt_unzipped
5734,tshirt_shape13_91_33,203,tshirt_unzipped
5735,tshirt_shape12_111_14,121,tshirt_unzipped
5736,tshirt_shape11_105_05,181,tshirt_unzipped
5737,tshirt_shape06_128_03,42,tshirt_unzipped
5738,tshirt_shape04_91_38,115,tshirt_unzipped
5739,tshirt_shape07_91_19,181,tshirt_unzipped
5740,tshirt_shape08_128_05,53,tshirt_unzipped
5741,tshirt_shape03_131_03,276,tshirt_unzipped
5742,tshirt_shape12_135_09,166,tshirt_unzipped
5743,tshirt_shape04_49_04,63,tshirt_unzipped
5744,tshirt_shape02_135_09,166,tshirt_unzipped
5745,tshirt_shape15_91_38,115,tshirt_unzipped
5746,tshirt_shape01_108_17,58,tshirt_unzipped
5747,tshirt_shape07_128_02,42,tshirt_unzipped
5748,tshirt_shape10_108_11,62,tshirt_unzipped
5749,tshirt_shape00_104_04,50,tshirt_unzipped
5750,tshirt_shape02_132_54,181,tshirt_unzipped
5751,tshirt_shape02_131_03,276,tshirt_unzipped
5752,tshirt_shape09_91_19,181,tshirt_unzipped
5753,tshirt_shape03_144_30,211,tshirt_unzipped
5754,tshirt_shape03_54_24,211,tshirt_unzipped
5755,tshirt_shape03_128_03,42,tshirt_unzipped
5756,tshirt_shape07_111_14,121,tshirt_unzipped
5757,tshirt_shape16_144_26,151,tshirt_unzipped
5758,tshirt_shape04_108_18,62,tshirt_unzipped
5759,tshirt_shape02_104_04,50,tshirt_unzipped
5760,tshirt_shape13_46_01,155,tshirt_unzipped
5761,tshirt_shape01_111_14,121,tshirt_unzipped
5762,tshirt_shape10_128_06,50,tshirt_unzipped
5763,tshirt_shape06_132_54,181,tshirt_unzipped
5764,tshirt_shape07_108_27,105,tshirt_unzipped
5765,tshirt_shape16_135_07,173,tshirt_unzipped
5766,tshirt_shape12_49_04,63,tshirt_unzipped
5767,tshirt_shape08_02_04,121,tshirt_unzipped
5768,tshirt_shape11_128_06,50,tshirt_unzipped
5769,tshirt_shape15_26_11,138,tshirt_unzipped
5770,tshirt_shape08_128_06,50,tshirt_unzipped
5771,tshirt_shape00_128_04,35,tshirt_unzipped
5772,tshirt_shape04_128_04,35,tshirt_unzipped
5773,tshirt_shape08_108_16,89,tshirt_unzipped
5774,tshirt_shape04_128_06,50,tshirt_unzipped
5775,tshirt_shape16_73_09,151,tshirt_unzipped
5776,tshirt_shape15_131_03,276,tshirt_unzipped
5777,tshirt_shape03_108_11,62,tshirt_unzipped
5778,tshirt_shape01_54_24,211,tshirt_unzipped
5779,tshirt_shape08_135_07,173,tshirt_unzipped
5780,tshirt_shape03_55_12,151,tshirt_unzipped
5781,tshirt_shape06_111_05,121,tshirt_unzipped
5782,tshirt_shape01_76_11,129,tshirt_unzipped
5783,tshirt_shape12_144_28,133,tshirt_unzipped
5784,tshirt_shape09_76_11,129,tshirt_unzipped
5785,tshirt_shape16_128_02,42,tshirt_unzipped
5786,tshirt_shape01_02_04,121,tshirt_unzipped
5787,tshirt_shape07_108_20,70,tshirt_unzipped
5788,tshirt_shape06_13_13,110,tshirt_unzipped
5789,tshirt_shape16_91_62,151,tshirt_unzipped
5790,tshirt_shape01_144_30,211,tshirt_unzipped
5791,tshirt_shape05_73_09,151,tshirt_unzipped
5792,tshirt_shape13_108_16,89,tshirt_unzipped
5793,tshirt_shape13_02_05,121,tshirt_unzipped
5794,tshirt_shape09_111_05,121,tshirt_unzipped
5795,tshirt_shape06_104_04,50,tshirt_unzipped
5796,tshirt_shape10_135_09,166,tshirt_unzipped
5797,tshirt_shape04_128_07,87,tshirt_unzipped
5798,tshirt_shape10_02_05,121,tshirt_unzipped
5799,tshirt_shape02_104_17,117,tshirt_unzipped
5800,tshirt_shape10_108_12,35,tshirt_unzipped
5801,tshirt_shape15_108_17,58,tshirt_unzipped
5802,tshirt_shape16_05_20,274,tshirt_unzipped
5803,tshirt_shape15_05_20,274,tshirt_unzipped
5804,tshirt_shape13_128_02,42,tshirt_unzipped
5805,tshirt_shape03_128_05,53,tshirt_unzipped
5806,tshirt_shape16_46_01,155,tshirt_unzipped
5807,tshirt_shape12_05_20,274,tshirt_unzipped
5808,tshirt_shape02_91_19,181,tshirt_unzipped
5809,tshirt_shape15_128_05,53,tshirt_unzipped
5810,tshirt_shape10_111_14,121,tshirt_unzipped
5811,tshirt_shape03_105_05,181,tshirt_unzipped
5812,tshirt_shape11_108_16,89,tshirt_unzipped
5813,tshirt_shape16_111_02,106,tshirt_unzipped
5814,tshirt_shape04_108_27,105,tshirt_unzipped
5815,tshirt_shape14_104_17,117,tshirt_unzipped
5816,tshirt_shape08_104_04,50,tshirt_unzipped
5817,tshirt_shape06_108_27,105,tshirt_unzipped
5818,tshirt_shape09_91_61,91,tshirt_unzipped
5819,tshirt_shape02_76_11,129,tshirt_unzipped
5820,tshirt_shape04_40_12,151,tshirt_unzipped
5821,tshirt_shape11_40_12,151,tshirt_unzipped
5822,tshirt_shape06_135_07,173,tshirt_unzipped
5823,tshirt_shape04_108_20,70,tshirt_unzipped
5824,tshirt_shape14_128_05,53,tshirt_unzipped
5825,tshirt_shape16_76_05,211,tshirt_unzipped
5826,tshirt_shape08_111_37,82,tshirt_unzipped
5827,tshirt_shape04_46_01,155,tshirt_unzipped
5828,tshirt_shape09_108_12,35,tshirt_unzipped
5829,tshirt_shape12_131_03,276,tshirt_unzipped
5830,tshirt_shape09_104_17,117,tshirt_unzipped
5831,tshirt_shape12_91_62,151,tshirt_unzipped
5832,tshirt_shape10_104_11,135,tshirt_unzipped
5833,tshirt_shape05_135_07,173,tshirt_unzipped
5834,tshirt_shape11_91_36,151,tshirt_unzipped
5835,tshirt_shape07_54_24,211,tshirt_unzipped
5836,tshirt_shape01_91_19,181,tshirt_unzipped
5837,tshirt_shape09_144_26,151,tshirt_unzipped
5838,tshirt_shape04_91_33,203,tshirt_unzipped
5839,tshirt_shape06_105_05,181,tshirt_unzipped
5840,tshirt_shape02_02_05,121,tshirt_unzipped
5841,tshirt_shape13_91_12,196,tshirt_unzipped
5842,tshirt_shape00_132_54,181,tshirt_unzipped
5843,tshirt_shape01_91_12,196,tshirt_unzipped
5844,tshirt_shape04_128_02,42,tshirt_unzipped
5845,tshirt_shape01_104_11,135,tshirt_unzipped
5846,tshirt_shape12_108_18,62,tshirt_unzipped
5847,tshirt_shape02_111_05,121,tshirt_unzipped
5848,tshirt_shape14_91_19,181,tshirt_unzipped
5849,tshirt_shape12_128_03,42,tshirt_unzipped
5850,tshirt_shape13_76_05,211,tshirt_unzipped
5851,tshirt_shape05_128_07,87,tshirt_unzipped
5852,tshirt_shape10_128_07,87,tshirt_unzipped
5853,tshirt_shape09_111_02,106,tshirt_unzipped
5854,tshirt_shape09_128_07,87,tshirt_unzipped
5855,tshirt_shape16_55_12,151,tshirt_unzipped
5856,tshirt_shape10_91_12,196,tshirt_unzipped
5857,tshirt_shape02_49_04,63,tshirt_unzipped
5858,tshirt_shape10_128_05,53,tshirt_unzipped
5859,tshirt_shape09_104_04,50,tshirt_unzipped
5860,tshirt_shape10_111_20,106,tshirt_unzipped
5861,tshirt_shape01_132_54,181,tshirt_unzipped
5862,tshirt_shape00_105_05,181,tshirt_unzipped
5863,tshirt_shape05_111_37,82,tshirt_unzipped
5864,tshirt_shape03_46_01,155,tshirt_unzipped
5865,tshirt_shape12_111_05,121,tshirt_unzipped
5866,tshirt_shape04_128_05,53,tshirt_unzipped
5867,tshirt_shape08_111_02,106,tshirt_unzipped
5868,tshirt_shape16_91_33,203,tshirt_unzipped
5869,tshirt_shape03_128_07,87,tshirt_unzipped
5870,tshirt_shape08_13_13,110,tshirt_unzipped
5871,tshirt_shape08_63_25,154,tshirt_unzipped
5872,tshirt_shape05_105_05,181,tshirt_unzipped
5873,tshirt_shape12_91_19,181,tshirt_unzipped
5874,tshirt_shape09_104_11,135,tshirt_unzipped
5875,tshirt_shape13_111_05,121,tshirt_unzipped
5876,tshirt_shape12_73_09,151,tshirt_unzipped
5877,tshirt_shape12_46_01,155,tshirt_unzipped
5878,tshirt_shape01_108_11,62,tshirt_unzipped
5879,tshirt_shape10_104_53,75,tshirt_unzipped
5880,tshirt_shape15_108_20,70,tshirt_unzipped
5881,tshirt_shape16_111_05,121,tshirt_unzipped
5882,tshirt_shape02_63_25,154,tshirt_unzipped
5883,tshirt_shape15_76_11,129,tshirt_unzipped
5884,tshirt_shape07_02_05,121,tshirt_unzipped
5885,tshirt_shape08_76_05,211,tshirt_unzipped
5886,tshirt_shape08_111_14,121,tshirt_unzipped
5887,tshirt_shape09_128_03,42,tshirt_unzipped
5888,tshirt_shape11_135_07,173,tshirt_unzipped
5889,tshirt_shape10_55_12,151,tshirt_unzipped
5890,tshirt_shape05_108_18,62,tshirt_unzipped
5891,tshirt_shape10_131_03,276,tshirt_unzipped
5892,tshirt_shape04_63_25,154,tshirt_unzipped
5893,tshirt_shape11_104_53,75,tshirt_unzipped
5894,tshirt_shape09_132_54,181,tshirt_unzipped
5895,tshirt_shape15_128_03,42,tshirt_unzipped
5896,tshirt_shape15_91_19,181,tshirt_unzipped
5897,tshirt_shape11_55_12,151,tshirt_unzipped
5898,tshirt_shape14_108_12,35,tshirt_unzipped
5899,tshirt_shape05_108_12,35,tshirt_unzipped
5900,tshirt_shape09_40_12,151,tshirt_unzipped
5901,tshirt_shape09_144_28,133,tshirt_unzipped
5902,tshirt_shape06_111_02,106,tshirt_unzipped
5903,tshirt_shape09_128_04,35,tshirt_unzipped
5904,tshirt_shape00_135_09,166,tshirt_unzipped
5905,tshirt_shape12_91_12,196,tshirt_unzipped
5906,tshirt_shape09_108_17,58,tshirt_unzipped
5907,tshirt_shape15_40_12,151,tshirt_unzipped
5908,tshirt_shape02_108_27,105,tshirt_unzipped
5909,tshirt_shape12_91_33,203,tshirt_unzipped
5910,tshirt_shape03_111_14,121,tshirt_unzipped
5911,tshirt_shape06_144_26,151,tshirt_unzipped
5912,tshirt_shape01_73_09,151,tshirt_unzipped
5913,tshirt_shape11_135_09,166,tshirt_unzipped
5914,tshirt_shape11_111_05,121,tshirt_unzipped
5915,tshirt_shape02_144_30,211,tshirt_unzipped
5916,tshirt_shape14_111_37,82,tshirt_unzipped
5917,tshirt_shape12_91_38,115,tshirt_unzipped
5918,tshirt_shape16_108_16,89,tshirt_unzipped
5919,tshirt_shape00_104_53,75,tshirt_unzipped
5920,tshirt_shape16_108_11,62,tshirt_unzipped
5921,tshirt_shape03_144_28,133,tshirt_unzipped
5922,tshirt_shape12_13_13,110,tshirt_unzipped
5923,tshirt_shape07_104_53,75,tshirt_unzipped
5924,tshirt_shape00_54_24,211,tshirt_unzipped
5925,tshirt_shape10_128_02,42,tshirt_unzipped
5926,tshirt_shape16_104_53,75,tshirt_unzipped
5927,tshirt_shape03_76_05,211,tshirt_unzipped
5928,tshirt_shape09_13_13,110,tshirt_unzipped
5929,tshirt_shape04_104_04,50,tshirt_unzipped
5930,tshirt_shape12_26_11,138,tshirt_unzipped
5931,tshirt_shape10_104_17,117,tshirt_unzipped
5932,tshirt_shape14_128_02,42,tshirt_unzipped
5933,tshirt_shape02_46_01,155,tshirt_unzipped
5934,tshirt_shape09_73_09,151,tshirt_unzipped
5935,tshirt_shape13_144_28,133,tshirt_unzipped
5936,tshirt_shape04_13_13,110,tshirt_unzipped
5937,tshirt_shape01_40_12,151,tshirt_unzipped
5938,tshirt_shape02_26_11,138,tshirt_unzipped
5939,tshirt_shape08_49_04,63,tshirt_unzipped
5940,tshirt_shape11_104_17,117,tshirt_unzipped
5941,tshirt_shape10_108_17,58,tshirt_unzipped
5942,tshirt_shape00_02_04,121,tshirt_unzipped
5943,tshirt_shape07_111_05,121,tshirt_unzipped
5944,tshirt_shape06_05_20,274,tshirt_unzipped
5945,tshirt_shape13_144_26,151,tshirt_unzipped
5946,tshirt_shape00_108_11,62,tshirt_unzipped
5947,tshirt_shape03_135_09,166,tshirt_unzipped
5948,tshirt_shape07_105_05,181,tshirt_unzipped
5949,tshirt_shape03_73_09,151,tshirt_unzipped
5950,tshirt_shape11_132_54,181,tshirt_unzipped
5951,tshirt_shape12_128_06,50,tshirt_unzipped
5952,tshirt_shape07_104_04,50,tshirt_unzipped
5953,tshirt_shape13_54_24,211,tshirt_unzipped
5954,tshirt_shape05_128_02,42,tshirt_unzipped
5955,tshirt_shape16_104_04,50,tshirt_unzipped
5956,tshirt_shape16_91_61,91,tshirt_unzipped
5957,tshirt_shape02_111_37,82,tshirt_unzipped
5958,tshirt_shape10_76_05,211,tshirt_unzipped
5959,tshirt_shape11_73_09,151,tshirt_unzipped
5960,tshirt_shape12_128_07,87,tshirt_unzipped
5961,tshirt_shape06_111_20,106,tshirt_unzipped
5962,tshirt_shape05_91_62,151,tshirt_unzipped
5963,tshirt_shape00_111_05,121,tshirt_unzipped
5964,tshirt_shape00_128_06,50,tshirt_unzipped
5965,tshirt_shape08_131_03,276,tshirt_unzipped
5966,tshirt_shape01_128_03,42,tshirt_unzipped
5967,tshirt_shape14_49_04,63,tshirt_unzipped
5968,tshirt_shape14_144_28,133,tshirt_unzipped
5969,tshirt_shape02_108_22,116,tshirt_unzipped
5970,tshirt_shape00_91_36,151,tshirt_unzipped
5971,tshirt_shape03_91_33,203,tshirt_unzipped
5972,tshirt_shape15_128_07,87,tshirt_unzipped
5973,tshirt_shape07_108_16,89,tshirt_unzipped
5974,tshirt_shape10_135_07,173,tshirt_unzipped
5975,tshirt_shape05_108_27,105,tshirt_unzipped
5976,tshirt_shape03_104_53,75,tshirt_unzipped
5977,tshirt_shape05_108_22,116,tshirt_unzipped
5978,tshirt_shape03_02_04,121,tshirt_unzipped
5979,tshirt_shape07_91_61,91,tshirt_unzipped
5980,tshirt_shape09_46_01,155,tshirt_unzipped
5981,tshirt_shape03_108_18,62,tshirt_unzipped
5982,tshirt_shape09_128_02,42,tshirt_unzipped
5983,tshirt_shape06_76_05,211,tshirt_unzipped
5984,tshirt_shape13_108_18,62,tshirt_unzipped
5985,tshirt_shape04_144_26,151,tshirt_unzipped
5986,tshirt_shape01_104_17,117,tshirt_unzipped
5987,tshirt_shape12_91_61,91,tshirt_unzipped
5988,tshirt_shape07_91_12,196,tshirt_unzipped
5989,tshirt_shape10_111_02,106,tshirt_unzipped
5990,tshirt_shape11_54_24,211,tshirt_unzipped
5991,tshirt_shape13_63_25,154,tshirt_unzipped
5992,tshirt_shape01_108_12,35,tshirt_unzipped
5993,tshirt_shape00_108_18,62,tshirt_unzipped
5994,tshirt_shape09_91_33,203,tshirt_unzipped
5995,tshirt_shape08_144_26,151,tshirt_unzipped
5996,tshirt_shape08_104_53,75,tshirt_unzipped
5997,tshirt_shape11_111_37,82,tshirt_unzipped
5998,tshirt_shape16_128_04,35,tshirt_unzipped
5999,tshirt_shape04_76_11,129,tshirt_unzipped
6000,tshirt_shape05_91_19,181,tshirt_unzipped
6001,tshirt_shape05_108_11,62,tshirt_unzipped
6002,tshirt_shape04_135_09,166,tshirt_unzipped
6003,tshirt_shape05_02_04,121,tshirt_unzipped
6004,tshirt_shape14_132_54,181,tshirt_unzipped
6005,tshirt_shape04_144_28,133,tshirt_unzipped
6006,tshirt_shape07_91_36,151,tshirt_unzipped
6007,tshirt_shape13_05_20,274,tshirt_unzipped
6008,tshirt_shape04_55_12,151,tshirt_unzipped
6009,tshirt_shape13_108_17,58,tshirt_unzipped
6010,tshirt_shape05_91_33,203,tshirt_unzipped
6011,tshirt_shape03_26_11,138,tshirt_unzipped
6012,tshirt_shape16_111_37,82,tshirt_unzipped
6013,tshirt_shape05_135_09,166,tshirt_unzipped
6014,tshirt_shape16_108_18,62,tshirt_unzipped
6015,tshirt_shape01_104_04,50,tshirt_unzipped
6016,tshirt_shape14_111_02,106,tshirt_unzipped
6017,tshirt_shape09_108_18,62,tshirt_unzipped
6018,tshirt_shape05_104_11,135,tshirt_unzipped
6019,tshirt_shape14_13_13,110,tshirt_unzipped
6020,tshirt_shape05_76_05,211,tshirt_unzipped
6021,tshirt_shape04_108_11,62,tshirt_unzipped
6022,tshirt_shape03_104_04,50,tshirt_unzipped
6023,tshirt_shape14_135_09,166,tshirt_unzipped
6024,tshirt_shape10_91_62,151,tshirt_unzipped
6025,tshirt_shape10_144_26,151,tshirt_unzipped
6026,tshirt_shape03_108_16,89,tshirt_unzipped
6027,tshirt_shape07_108_12,35,tshirt_unzipped
6028,tshirt_shape16_108_12,35,tshirt_unzipped
6029,tshirt_shape07_144_30,211,tshirt_unzipped
6030,tshirt_shape15_132_54,181,tshirt_unzipped
6031,tshirt_shape04_91_61,91,tshirt_unzipped
6032,tshirt_shape09_91_62,151,tshirt_unzipped
6033,tshirt_shape07_111_37,82,tshirt_unzipped
6034,tshirt_shape02_108_16,89,tshirt_unzipped
6035,tshirt_shape06_73_09,151,tshirt_unzipped
6036,tshirt_shape16_02_04,121,tshirt_unzipped
6037,tshirt_shape00_91_33,203,tshirt_unzipped
6038,tshirt_shape03_108_17,58,tshirt_unzipped
6039,tshirt_shape09_02_04,121,tshirt_unzipped
6040,tshirt_shape15_63_25,154,tshirt_unzipped
6041,tshirt_shape01_104_53,75,tshirt_unzipped
6042,tshirt_shape03_104_17,117,tshirt_unzipped
6043,tshirt_shape12_108_22,116,tshirt_unzipped
6044,tshirt_shape09_108_11,62,tshirt_unzipped
6045,tshirt_shape13_108_22,116,tshirt_unzipped
6046,tshirt_shape03_91_12,196,tshirt_unzipped
6047,tshirt_shape14_108_27,105,tshirt_unzipped
6048,tshirt_shape01_128_04,35,tshirt_unzipped
6049,tshirt_shape11_91_62,151,tshirt_unzipped
6050,tshirt_shape14_63_25,154,tshirt_unzipped
6051,tshirt_shape09_63_25,154,tshirt_unzipped
6052,tshirt_shape13_91_19,181,tshirt_unzipped
6053,tshirt_shape01_128_02,42,tshirt_unzipped
6054,tshirt_shape11_49_04,63,tshirt_unzipped
6055,tshirt_shape10_144_28,133,tshirt_unzipped
6056,tshirt_shape03_91_19,181,tshirt_unzipped
6057,tshirt_shape08_104_11,135,tshirt_unzipped
6058,tshirt_shape07_76_11,129,tshirt_unzipped
6059,tshirt_shape07_63_25,154,tshirt_unzipped
6060,tshirt_shape10_02_04,121,tshirt_unzipped
6061,tshirt_shape05_128_06,50,tshirt_unzipped
6062,tshirt_shape13_104_53,75,tshirt_unzipped
6063,tshirt_shape16_76_11,129,tshirt_unzipped
6064,tshirt_shape13_91_36,151,tshirt_unzipped
6065,tshirt_shape02_108_12,35,tshirt_unzipped
6066,tshirt_shape14_55_12,151,tshirt_unzipped
6067,tshirt_shape01_128_07,87,tshirt_unzipped
6068,tshirt_shape01_55_12,151,tshirt_unzipped
6069,tshirt_shape02_128_07,87,tshirt_unzipped
6070,tshirt_shape16_108_27,105,tshirt_unzipped
6071,tshirt_shape07_13_13,110,tshirt_unzipped
6072,tshirt_shape14_91_12,196,tshirt_unzipped
6073,tshirt_shape04_104_53,75,tshirt_unzipped
6074,tshirt_shape05_104_53,75,tshirt_unzipped
6075,tshirt_shape06_91_61,91,tshirt_unzipped
6076,tshirt_shape02_54_24,211,tshirt_unzipped
6077,tshirt_shape16_91_38,115,tshirt_unzipped
6078,tshirt_shape14_144_30,211,tshirt_unzipped
6079,tshirt_shape07_111_20,106,tshirt_unzipped
6080,tshirt_shape00_135_07,173,tshirt_unzipped
6081,tshirt_shape00_104_17,117,tshirt_unzipped
6082,tshirt_shape00_108_17,58,tshirt_unzipped
6083,tshirt_shape01_144_28,133,tshirt_unzipped
6084,tshirt_shape16_91_36,151,tshirt_unzipped
6085,tshirt_shape13_108_27,105,tshirt_unzipped
6086,tshirt_shape04_144_30,211,tshirt_unzipped
6087,tshirt_shape10_111_05,121,tshirt_unzipped
6088,tshirt_shape16_131_03,276,tshirt_unzipped
6089,tshirt_shape08_108_17,58,tshirt_unzipped
6090,tshirt_shape00_128_07,87,tshirt_unzipped
6091,tshirt_shape08_132_54,181,tshirt_unzipped
6092,tshirt_shape16_40_12,151,tshirt_unzipped
6093,tshirt_shape05_63_25,154,tshirt_unzipped
6094,tshirt_shape10_91_36,151,tshirt_unzipped
6095,tshirt_shape13_131_03,276,tshirt_unzipped
6096,tshirt_shape11_144_26,151,tshirt_unzipped
6097,tshirt_shape09_128_06,50,tshirt_unzipped
6098,tshirt_shape02_111_02,106,tshirt_unzipped
6099,tshirt_shape08_128_04,35,tshirt_unzipped
6100,tshirt_shape04_108_16,89,tshirt_unzipped
6101,tshirt_shape14_73_09,151,tshirt_unzipped
6102,tshirt_shape02_02_04,121,tshirt_unzipped
6103,tshirt_shape15_104_11,135,tshirt_unzipped
6104,tshirt_shape07_104_11,135,tshirt_unzipped
6105,tshirt_shape14_111_14,121,tshirt_unzipped
6106,tshirt_shape08_108_12,35,tshirt_unzipped
6107,tshirt_shape06_135_09,166,tshirt_unzipped
6108,tshirt_shape13_111_02,106,tshirt_unzipped
6109,tshirt_shape06_91_38,115,tshirt_unzipped
6110,tshirt_shape03_108_27,105,tshirt_unzipped
6111,tshirt_shape04_111_20,106,tshirt_unzipped
6112,tshirt_shape01_91_33,203,tshirt_unzipped
6113,tshirt_shape07_46_01,155,tshirt_unzipped
6114,tshirt_shape11_108_12,35,tshirt_unzipped
6115,tshirt_shape10_13_13,110,tshirt_unzipped
6116,tshirt_shape04_91_12,196,tshirt_unzipped
6117,tshirt_shape05_128_05,53,tshirt_unzipped
6118,tshirt_shape08_54_24,211,tshirt_unzipped
6119,tshirt_shape09_108_22,116,tshirt_unzipped
6120,tshirt_shape02_104_53,75,tshirt_unzipped
6121,tshirt_shape05_91_12,196,tshirt_unzipped
6122,tshirt_shape15_135_09,166,tshirt_unzipped
6123,tshirt_shape00_108_20,70,tshirt_unzipped
6124,tshirt_shape11_108_27,105,tshirt_unzipped
6125,tshirt_shape16_128_06,50,tshirt_unzipped
6126,tshirt_shape15_128_04,35,tshirt_unzipped
6127,tshirt_shape01_05_20,274,tshirt_unzipped
6128,tshirt_shape01_76_05,211,tshirt_unzipped
6129,tshirt_shape12_76_11,129,tshirt_unzipped
6130,tshirt_shape08_91_61,91,tshirt_unzipped
6131,tshirt_shape13_76_11,129,tshirt_unzipped
6132,tshirt_shape05_108_20,70,tshirt_unzipped
6133,tshirt_shape12_76_05,211,tshirt_unzipped
6134,tshirt_shape16_128_05,53,tshirt_unzipped
6135,tshirt_shape15_111_14,121,tshirt_unzipped
6136,tshirt_shape16_108_17,58,tshirt_unzipped
6137,tshirt_shape04_131_03,276,tshirt_unzipped
6138,tshirt_shape15_54_24,211,tshirt_unzipped
6139,tshirt_shape06_02_04,121,tshirt_unzipped
6140,tshirt_shape09_54_24,211,tshirt_unzipped
6141,tshirt_shape09_05_20,274,tshirt_unzipped
6142,tshirt_shape01_135_09,166,tshirt_unzipped
6143,tshirt_shape08_76_11,129,tshirt_unzipped
6144,tshirt_shape09_91_36,151,tshirt_unzipped
6145,tshirt_shape16_108_20,70,tshirt_unzipped
6146,tshirt_shape07_91_62,151,tshirt_unzipped
6147,tshirt_shape00_111_20,106,tshirt_unzipped
6148,tshirt_shape10_132_54,181,tshirt_unzipped
6149,tshirt_shape11_128_04,35,tshirt_unzipped
6150,tshirt_shape02_111_20,106,tshirt_unzipped
6151,tshirt_shape03_05_20,274,tshirt_unzipped
6152,tshirt_shape01_26_11,138,tshirt_unzipped
6153,tshirt_shape01_128_05,53,tshirt_unzipped
6154,tshirt_shape08_144_28,133,tshirt_unzipped
6155,tshirt_shape02_73_09,151,tshirt_unzipped
6156,tshirt_shape13_91_62,151,tshirt_unzipped
6157,tshirt_shape15_76_05,211,tshirt_unzipped
6158,tshirt_shape13_144_30,211,tshirt_unzipped
6159,tshirt_shape16_13_13,110,tshirt_unzipped
6160,tshirt_shape02_144_26,151,tshirt_unzipped
6161,tshirt_shape07_76_05,211,tshirt_unzipped
6162,tshirt_shape13_108_20,70,tshirt_unzipped
6163,tshirt_shape11_108_22,116,tshirt_unzipped
6164,tshirt_shape03_135_07,173,tshirt_unzipped
6165,tshirt_shape14_111_20,106,tshirt_unzipped
6166,tshirt_shape01_131_03,276,tshirt_unzipped
6167,tshirt_shape08_105_05,181,tshirt_unzipped
6168,tshirt_shape08_111_05,121,tshirt_unzipped
6169,tshirt_shape03_128_06,50,tshirt_unzipped
6170,tshirt_shape14_76_11,129,tshirt_unzipped
6171,tshirt_shape13_128_07,87,tshirt_unzipped
6172,tshirt_shape14_111_05,121,tshirt_unzipped
6173,tshirt_shape03_91_38,115,tshirt_unzipped
6174,tshirt_shape04_91_36,151,tshirt_unzipped
6175,tshirt_shape14_108_17,58,tshirt_unzipped
6176,tshirt_shape14_91_62,151,tshirt_unzipped
6177,tshirt_shape13_91_38,115,tshirt_unzipped
6178,tshirt_shape01_128_06,50,tshirt_unzipped
6179,tshirt_shape14_104_04,50,tshirt_unzipped
6180,tshirt_shape05_111_14,121,tshirt_unzipped
6181,tshirt_shape15_111_20,106,tshirt_unzipped
6182,tshirt_shape15_91_33,203,tshirt_unzipped
6183,tshirt_shape15_55_12,151,tshirt_unzipped
6184,tshirt_shape11_111_14,121,tshirt_unzipped
6185,tshirt_shape02_128_03,42,tshirt_unzipped
6186,tshirt_shape06_144_30,211,tshirt_unzipped
6187,tshirt_shape07_02_04,121,tshirt_unzipped
