# Display rest mesh; see meta.json for original coordinate conventions.
v 0.0298954006 0.397199988 -0.278930008
v -0.000557983003 0.39921701 -0.275810987
v 0.000958229008 0.430249989 -0.271508008
v 0.0530707985 0.424919993 -0.269237995
v 0.0457203016 0.471383005 -0.266420007
v 0.000895607984 0.474554986 -0.26403001
v 0.0275389999 0.497958004 -0.26374501
v 0.0402770005 0.496675014 -0.263327986
v -0.0226847008 0.39912799 -0.262434989
v 0.0780531988 0.390675992 -0.260298997
v 0.0646720976 0.464022011 -0.259389013
v 0.0293052997 0.541657984 -0.257277995
v 0.0579526983 0.510119021 -0.256695986
v 0.0171959009 0.544592977 -0.255356997
v -0.00942234974 0.501129985 -0.255232006
v 0.0684150979 0.491623998 -0.254047006
v 0.0510125011 0.545376003 -0.253446013
v -0.0221714992 0.449939013 -0.253226012
v -0.0143755004 0.489044994 -0.252629012
v -0.000623901025 0.537163019 -0.252425998
v 0.0269670002 0.580030978 -0.250519007
v -0.0284355003 0.42176199 -0.249672994
v 0.0130073 0.583958983 -0.247981995
v 0.0666904971 0.551598012 -0.246791005
v 0.0354142003 0.607824028 -0.245770007
v -0.00710545015 0.556739986 -0.245677993
v -0.0230170991 0.472240001 -0.245111004
v 0.0604235008 0.586413026 -0.245105997
v 0.0855237022 0.439072013 -0.244733006
v -0.0331760012 0.397552013 -0.243643001
v -0.0141744995 0.540171027 -0.242652997
v 0.0990466028 0.386231005 -0.242690995
v -0.0311280992 0.413343012 -0.242486998
v 0.0353013016 0.627259016 -0.242534995
v -0.0183984991 0.515645981 -0.242035002
v 0.0755394027 0.544589996 -0.241806999
v 0.0204010997 0.623493016 -0.241615996
v -0.00325159007 0.591112018 -0.241209999
v 0.0269088 0.638916016 -0.240132004
v 0.0112618003 0.623001993 -0.239796996
v 0.0821811035 0.490776986 -0.239562005
v 0.0646708012 0.614556015 -0.239264995
v 0.0470982008 0.641018987 -0.239196002
v 0.0566415004 0.633487999 -0.238563001
v 0.0834084004 0.481743991 -0.238187999
v 0.0731747001 0.601342022 -0.237206995
v 0.0347510017 0.658206999 -0.237112999
v -0.0104985004 0.584913015 -0.236629993
v -0.0246893 0.472734004 -0.235866994
v -0.0154360002 0.559332013 -0.235789999
v 0.0507531017 0.661162972 -0.235609993
v 0.0417818986 0.667751014 -0.235532999
v -0.0282182004 0.4463 -0.235341996
v 0.0171601996 0.659748971 -0.234244004
v 0.0695817992 0.635338008 -0.234291002
v 0.110829003 0.384196013 -0.233726993
v -0.00467704004 0.627544999 -0.233255997
v -0.0298507996 0.421588004 -0.232767999
v -0.0208317991 0.527415991 -0.232660994
v 0.0688387007 0.652077019 -0.232030004
v 0.0481215008 0.693436027 -0.230825007
v 0.0137029998 0.681676984 -0.230572
v 0.0347235985 0.699051976 -0.230152994
v -0.0107164998 0.614185989 -0.230039999
v 0.00719885994 0.675284982 -0.229741007
v -0.0147446999 0.588427007 -0.229619995
v -0.0241148993 0.495884001 -0.229339004
v 0.0875710025 0.569344997 -0.229077995
v 0.0621519983 0.690441012 -0.228833005
v 0.0793880969 0.639559984 -0.228758007
v 0.0890415013 0.53806901 -0.228681996
v 0.0856001973 0.607609987 -0.227629006
v -0.000394095987 0.669174016 -0.227365002
v 0.0151423002 0.709553003 -0.226109996
v 0.0780695006 0.666504979 -0.226135001
v -0.0185823999 0.560710013 -0.225788996
v 0.0290073995 0.724336028 -0.225557998
v 0.0702335015 0.701161981 -0.224837005
v -0.0272777993 0.394315004 -0.224552006
v 0.0382033996 0.733268976 -0.224402994
v -0.0251297001 0.471008003 -0.224250004
v -0.0264264997 0.434267014 -0.22383
v 0.0623213015 0.732432008 -0.223122999
v -0.0210746992 0.524286985 -0.222299993
v 0.0695784017 0.722234011 -0.222093001
v -0.00977388956 0.651162982 -0.221846998
v 0.00478716008 0.713262022 -0.221328005
v 0.0495489985 0.745096028 -0.221265003
v 0.132291004 0.381568998 -0.221306995
v 0.0303089004 0.750223994 -0.221018001
v 0.0784201995 0.706234992 -0.220252007
v 0.0130773997 0.742519021 -0.219483003
v -0.00560445013 0.68432498 -0.218979001
v -0.0220634006 0.495683998 -0.218289003
v -0.0140083004 0.62520498 -0.218041003
v 0.0412815996 0.759590983 -0.218036994
v 0.0293883998 0.766968012 -0.217990994
v 0.0955625027 0.595968008 -0.217351004
v 0.0858730003 0.699378014 -0.216664001
v -0.0228610002 0.459338009 -0.216319993
v -0.0162237994 0.589581013 -0.216036007
v 0.0973585024 0.553903997 -0.216054007
v 0.0774056986 0.747807026 -0.214567006
v 0.00447480008 0.743075013 -0.214199007
v -0.0210771002 0.418947995 -0.213870004
v 0.105642997 0.458837003 -0.213924006
v 0.0985309035 0.523002982 -0.213743001
v 0.116820998 0.433082014 -0.213423997
v -0.0186345 0.547581971 -0.213163003
v -0.000760807015 0.730949998 -0.212516993
v 0.0852857977 0.733555019 -0.212354004
v 0.0119319996 0.776075006 -0.211071
v 0.0967706963 0.663843989 -0.211143002
v -0.00746084983 0.700435996 -0.210940003
v -0.0182338003 0.523352027 -0.210921004
v 0.0989354029 0.637668014 -0.210903004
v -0.0127095003 0.634877026 -0.210124999
v -0.0158015005 0.57724601 -0.209380001
v 0.0148465997 0.791550994 -0.209328994
v -0.0108508999 0.671582997 -0.209258005
v 0.0385566987 0.780534029 -0.209151
v -0.0175142009 0.473342001 -0.207800001
v 0.162215993 0.379402012 -0.207963005
v -0.0137815997 0.608376026 -0.206864998
v 0.0308844 0.797257006 -0.206862003
v 0.129446 0.429277003 -0.206925005
v -0.0160843991 0.505551994 -0.206709996
v 0.00269481004 0.773254991 -0.205421001
v 0.102233998 0.605201006 -0.205089003
v -0.0146120004 0.53974098 -0.204758003
v 0.0190612003 0.815425992 -0.203768
v -0.0114155998 0.647135019 -0.202959001
v 0.0556463003 0.767971992 -0.202882007
v 0.0665436983 0.768918991 -0.202037007
v 0.0441832989 0.783944011 -0.201977998
v -0.00940722041 0.38994801 -0.201876
v -0.00876657013 0.700083971 -0.201874003
v 0.0866878033 0.779118001 -0.201148003
v 0.0923096016 0.764461994 -0.200861007
v -0.0118862996 0.592332006 -0.200423002
v 0.153069004 0.416900992 -0.200573996
v 0.178785995 0.378369987 -0.200173005
v 0.102641001 0.631928027 -0.200090006
v 0.145698994 0.427491993 -0.199987993
v -0.0119099002 0.570809007 -0.199823007
v 0.174122006 0.401313007 -0.199204996
v 0.0118538998 0.82662499 -0.198143005
v -0.00615237979 0.736032009 -0.197892994
v -0.00427433988 0.757637024 -0.197874993
v 0.108384997 0.508028984 -0.197887003
v -0.00188361004 0.777465999 -0.197756007
v 0.101880997 0.718182981 -0.197184995
v -0.00974918995 0.62797302 -0.197044998
v 0.037542101 0.805948019 -0.196024999
v -0.00666958001 0.445051998 -0.195880994
v 0.0331492983 0.815770984 -0.195822999
v 0.0754418001 0.790681005 -0.195801005
v 0.00418424979 0.815984011 -0.195548996
v 0.105072998 0.690135002 -0.195079997
v 0.117416002 0.488290012 -0.195032001
v -0.00784313958 0.686331987 -0.194674999
v 0.160319999 0.433349013 -0.194837004
v 0.170588002 0.425568998 -0.194692001
v 0.0194317997 0.842777014 -0.194532007
v -0.00816623028 0.615787983 -0.194215998
v 0.127997994 0.473955005 -0.193642005
v 0.106174 0.669022024 -0.193263993
v -0.00708163017 0.66682303 -0.192506
v -0.00552518014 0.491039008 -0.192480996
v 0.0997110009 0.765967011 -0.192431003
v 0.190700993 0.377324998 -0.192291006
v -0.00219465001 0.417290986 -0.191943005
v -0.00571544003 0.727629006 -0.191488996
v 0.185901001 0.417533994 -0.191319004
v 0.0889040008 0.807543993 -0.190691993
v -0.118787996 0.383879989 -0.189821005
v 0.143529996 0.468165994 -0.190041006
v 0.0301093999 0.831965029 -0.189669997
v 0.0951012 0.802363992 -0.189440995
v -0.00459987996 0.655749977 -0.189237997
v -0.00201446004 0.541894019 -0.188917994
v 0.0103042005 0.854182005 -0.188225001
v -0.00173066999 0.505014002 -0.187831998
v 0.00242580008 0.830165029 -0.187553003
v -0.102417 0.383908987 -0.187151
v 0.0777247027 0.811707973 -0.187138006
v -0.000695753028 0.806289971 -0.186938003
v -0.000264533999 0.464258999 -0.186895996
v 0.00257640006 0.386608988 -0.186873004
v 0.0357084014 0.823521972 -0.186719999
v -0.00259835995 0.768599987 -0.185614005
v -0.118949004 0.421553999 -0.185194999
v 0.0179575998 0.867482007 -0.185233995
v 0.0266683009 0.851782024 -0.185181007
v 0.045201201 0.806614995 -0.184990004
v -0.00284313993 0.711091995 -0.184907004
v 0.110414997 0.561873019 -0.184970006
v 0.0617162995 0.797381997 -0.184556007
v 0.169395998 0.466179013 -0.184517995
v -4.10899011e-05 0.58089 -0.184177995
v 0.106454 0.755814016 -0.183504
v 0.00397359021 0.407047987 -0.183302999
v 0.00364128011 0.431813002 -0.182945997
v 0.159234002 0.480854005 -0.182984993
v 0.179196998 0.467132002 -0.182971999
v -0.108351 0.432209015 -0.182288006
v -0.0959421024 0.402083009 -0.181866005
v 0.101980001 0.797991991 -0.181575999
v -0.00120743003 0.751028001 -0.181345999
v 0.108537003 0.736994982 -0.181054994
v 0.189531997 0.463575989 -0.180874005
v 0.0762661025 0.825411975 -0.180526003
v -0.138539001 0.427951008 -0.180141002
v -0.117383003 0.467633992 -0.180158004
v 0.00273319008 0.852405012 -0.179945007
v 0.00452225003 0.509383976 -0.179775
v 0.151874006 0.50059098 -0.179682001
v 0.0033229799 0.645280004 -0.179364994
v 0.0118485996 0.879935026 -0.179340005
v 0.00487904996 0.56072098 -0.179324999
v 0.119608998 0.541490972 -0.179126993
v 0.126222998 0.527769983 -0.178985998
v 0.100815997 0.822694004 -0.178702995
v -0.0854533017 0.382961005 -0.178409994
v 0.0854035988 0.838853002 -0.178574994
v 0.000965475978 0.836206973 -0.178316996
v 0.00446638977 0.625241995 -0.178256005
v 8.93446031e-06 0.819968998 -0.178169996
v 0.00577514013 0.471004993 -0.178048998
v 0.107496999 0.650735021 -0.178129002
v -0.100063004 0.445464998 -0.177652001
v 0.037766099 0.829358995 -0.177717
v 0.000502180017 0.798285007 -0.177486002
v 0.00166830001 0.771687984 -0.177213997
v 0.0328456014 0.842648029 -0.177054003
v 0.198383003 0.465844989 -0.177113995
v -0.133637995 0.477127999 -0.176697001
v 0.00518300012 0.873860002 -0.176725999
v 0.0274609998 0.873138011 -0.176430002
v 0.168086007 0.519105971 -0.176416993
v 0.0434684008 0.821352005 -0.176238
v 0.109379001 0.631208003 -0.176249996
v 0.175757006 0.521637022 -0.175494999
v -0.124554001 0.513966024 -0.175054997
v 0.00702035986 0.403302014 -0.175054997
v 0.00644217012 0.687144995 -0.174973994
v -0.114593998 0.516022027 -0.174619004
v -0.105939999 0.493972987 -0.174456
v 0.184146002 0.521830976 -0.174527004
v 0.00752880983 0.596844018 -0.174327999
v 0.0232423991 0.890872002 -0.173988998
v 0.158966005 0.528738976 -0.174087003
v 0.101484999 0.834146976 -0.173976004
v 0.107658997 0.779303014 -0.173800007
v 0.105815001 0.795821011 -0.173776001
v 0.110210001 0.726176977 -0.173189998
v 0.109112002 0.684484005 -0.172731996
v 0.113307998 0.607174993 -0.172732994
v -0.156542003 0.381440997 -0.172148004
v 0.0973977 0.850346029 -0.172217995
v 0.00957787037 0.517822981 -0.171895996
v 0.0618423 0.822167993 -0.171912
v 0.0514638014 0.819571018 -0.171847001
v 0.00945863035 0.660149992 -0.171776995
v 0.0183655992 0.903545976 -0.171413004
v 0.0101568 0.714909017 -0.171176001
v -0.0991882011 0.497602999 -0.170659006
v 0.00967018958 0.470604986 -0.170754999
v 0.00491762022 0.811526 -0.170369998
v 0.00330942008 0.848686993 -0.170274004
v 0.0108856997 0.565244973 -0.170145005
v 0.135784999 0.550936997 -0.169680998
v 0.0111344997 0.628328025 -0.169542998
v -0.133405 0.545276999 -0.169396996
v 0.0715228021 0.840619981 -0.169552997
v 0.193889007 0.52471298 -0.169650003
v -0.127021 0.565894008 -0.169277996
v -0.0867144018 0.440084994 -0.169235006
v 0.00927716028 0.430141985 -0.169220999
v 0.00932248961 0.768276989 -0.169214994
v 0.0108927004 0.736939013 -0.169021994
v 0.00442996994 0.835421026 -0.168849006
v -0.107364997 0.545723975 -0.168589994
v -0.115887001 0.566353977 -0.168198004
v -0.146476999 0.47479701 -0.167996004
v 0.00660410011 0.383578002 -0.168136999
v 0.151191995 0.559827983 -0.167636007
v 0.0042241998 0.869647026 -0.167472005
v 0.119388998 0.594081998 -0.167141005
v 0.0135666998 0.691911995 -0.166972995
v 0.212064996 0.424306989 -0.167026997
v 0.174923003 0.579034984 -0.166236997
v 0.0802005008 0.861986995 -0.166023999
v 0.163690999 0.578455985 -0.165885001
v -0.121381 0.599502027 -0.165413007
v 0.0754865035 0.858402014 -0.164928004
v 0.00449849991 0.88756001 -0.164854005
v 0.010156 0.914628983 -0.164823994
v 0.0319154002 0.87263602 -0.164823994
v 0.0346515998 0.860880017 -0.164241999
v 0.0141550004 0.613780022 -0.164136007
v -0.0901203975 0.493128985 -0.163965002
v 0.0136495 0.79806298 -0.163995996
v 0.0384659991 0.846207023 -0.163958997
v 0.00800899044 0.846620023 -0.163856
v 0.0449171998 0.836943984 -0.163855001
v 0.0156012997 0.66405499 -0.163297996
v -0.0996007994 0.55457902 -0.163138002
v -0.108358003 0.600651026 -0.162894994
v 0.186011001 0.589605987 -0.163176998
v 0.0167797003 0.719762027 -0.162683994
v -0.0944548026 0.533580005 -0.162533
v 0.0171486996 0.737879992 -0.162138999
v -0.139131993 0.551602006 -0.161975995
v 0.00545663014 0.873932004 -0.162093997
v 0.0143254995 0.547604978 -0.162054002
v 0.0927899033 0.880181015 -0.162131995
v 0.0171594005 0.77906698 -0.161927
v 0.104007997 0.845574975 -0.161813006
v 0.104817003 0.809454978 -0.161778003
v -0.102072001 0.585493028 -0.161397994
v 0.0134715 0.832566977 -0.161478996
v 0.102702998 0.863147974 -0.161543995
v 0.0178427007 0.761223972 -0.161359996
v 0.129829004 0.591165006 -0.161227003
v 0.137352005 0.586842 -0.161193997
v -0.126523003 0.628108978 -0.160685003
v 0.206162006 0.531177998 -0.161016002
v 0.0197573006 0.927981019 -0.160775006
v 0.198480994 0.576206028 -0.160779998
v -0.114522003 0.638413012 -0.160438001
v 0.0577575006 0.838384986 -0.160514995
v 0.0287072994 0.906808972 -0.160449997
v 0.0271358993 0.916468024 -0.160225004
v 0.0137352999 0.516718984 -0.159875005
v 0.110218003 0.683930993 -0.159815997
v 0.00765865017 0.907117009 -0.159681007
v 0.157750994 0.603605986 -0.159805998
v -0.133615002 0.612609029 -0.159488007
v 0.0181646999 0.694342017 -0.159430996
v 0.110059999 0.71411097 -0.159268007
v 0.0159662999 0.588783979 -0.159051001
v -0.122371003 0.655992985 -0.158655003
v 0.0169753004 0.842693985 -0.158739001
v -0.0741368979 0.430940002 -0.158607006
v 0.0175141003 0.644080997 -0.158543006
v 0.0198289007 0.811361015 -0.157941997
v 0.176553994 0.632327974 -0.157361999
v -0.101419002 0.621294022 -0.157077998
v 0.0212290995 0.78649497 -0.157171994
v 0.103015997 0.776391029 -0.157113001
v -0.106826998 0.649559021 -0.156721994
v 0.0106006004 0.468454003 -0.156499997
v 0.00690770987 0.894254029 -0.156348005
v 0.0202255007 0.72499299 -0.156248003
v 0.00992095005 0.883665025 -0.156091005
v 0.124153003 0.629049003 -0.156167001
v 0.041302301 0.854695976 -0.155843005
v 0.167132005 0.635161996 -0.155650005
v -0.126655996 0.673286021 -0.15535
v -0.112710997 0.678766012 -0.155074
v 0.0787165985 0.88084197 -0.155260995
v 0.119479999 0.648105979 -0.155201003
v 0.0226895008 0.76830101 -0.155048996
v 0.0319026001 0.885528028 -0.154991999
v 0.194718003 0.62687099 -0.155149996
v -0.0886223018 0.560962975 -0.154609993
v -0.149862006 0.513818979 -0.154451996
v -0.0600874983 0.380167991 -0.154441997
v 0.0220686998 0.850803018 -0.154246002
v 0.157635003 0.630394995 -0.154166996
v 0.185985997 0.650653005 -0.154055998
v -0.0789301991 0.488242 -0.153786004
v 0.0236641001 0.801229 -0.153720006
v 0.100899003 0.82615 -0.153751001
v 0.0181456003 0.874746978 -0.153481007
v 0.0226690006 0.74218601 -0.153428003
v 0.0239177998 0.817393005 -0.153341994
v 0.0267590992 0.938017011 -0.153228998
v -0.137390003 0.635590017 -0.152683005
v 0.0197861008 0.67900002 -0.152729005
v 0.0353780985 0.873179972 -0.152725995
v 0.219744995 0.464100987 -0.152669996
v 0.0689466 0.870747983 -0.152397007
v 0.0590861998 0.853672028 -0.152385995
v 0.0247760992 0.837195992 -0.152283996
v 0.0180539005 0.614650011 -0.152266994
v 0.00772550981 0.908532977 -0.152089
v 0.0854652002 0.898401022 -0.152048007
v 0.0148237003 0.890514016 -0.151948005
v 0.0162729006 0.561675012 -0.151887998
v -0.123662002 0.707489014 -0.151742995
v -0.0906566978 0.594469011 -0.151628003
v 0.0213408004 0.702000976 -0.151475996
v -0.0814789981 0.526632011 -0.151289999
v 0.0500936992 0.851693988 -0.151418999
v -0.108879 0.702633977 -0.151133999
v 0.163083002 0.660059988 -0.151264995
v -0.0980089009 0.648586988 -0.150928006
v 0.227072001 0.37242499 -0.151143998
v 0.206185997 0.601144016 -0.151081994
v -0.155209005 0.449892998 -0.150315002
v 0.139835 0.628560007 -0.150303006
v 0.173124 0.682940006 -0.150324002
v 0.0233043991 0.866393983 -0.150105
v 0.00783875026 0.935805976 -0.150078997
v 0.181942999 0.683677018 -0.150171995
v 0.131173998 0.635255992 -0.149923995
v -0.120989002 0.726746976 -0.149611995
v -0.102132998 0.684527993 -0.149570003
v -0.154320002 0.377570003 -0.149063006
v 0.0968756974 0.906521976 -0.149159998
v 0.217742994 0.520465016 -0.149021998
v -0.111653998 0.731536984 -0.148641005
v -0.148903996 0.554024994 -0.148513004
v 0.0257702991 0.790786028 -0.148600996
v 0.194738999 0.665138006 -0.148478001
v 0.0248732008 0.852532983 -0.148213997
v 0.0136321001 0.524143994 -0.148162007
v 0.0981004983 0.84681201 -0.148050994
v 0.0247409996 0.751022995 -0.147885993
v 0.159817994 0.674322009 -0.147930995
v -0.131956995 0.705072999 -0.147517994
v 0.103244998 0.757250011 -0.147698
v 0.188161001 0.694151998 -0.147470996
v -0.147504002 0.582899988 -0.146928996
v 0.0200951006 0.657203019 -0.146726996
v 0.180460006 0.712925971 -0.146588996
v 0.169661 0.706704974 -0.146562994
v 0.127920002 0.657984018 -0.146476001
v 0.0219787993 0.893353999 -0.146045998
v -0.119358003 0.753265023 -0.145836994
v 0.0114080999 0.490922987 -0.145949006
v 0.102496997 0.881128013 -0.145766005
v -0.101051003 0.715701997 -0.145550996
v 0.0205940008 0.955821991 -0.145502999
v 0.0170006994 0.592094004 -0.145493001
v 0.112944998 0.702171981 -0.145511001
v 0.0105608003 0.928258002 -0.145269006
v 0.0254365001 0.764144003 -0.145241007
v 0.0256191008 0.871504009 -0.145053998
v -0.0903695971 0.631850004 -0.144936994
v -0.106114998 0.751689017 -0.144866005
v 0.0826591998 0.908860981 -0.144756004
v 0.0233600996 0.721068978 -0.144668996
v 0.0121534001 0.958846986 -0.144535005
v 0.0960969031 0.796775997 -0.144446
v 0.0732643008 0.88331598 -0.144357994
v 0.0264787003 0.780238986 -0.144302994
v -0.110958003 0.771130979 -0.144132003
v 0.204152003 0.65654701 -0.144383997
v 0.0295902006 0.933513999 -0.144090995
v -0.0938291028 0.67334199 -0.143563002
v 0.174804002 0.733911991 -0.143768996
v -0.0604699999 0.44470799 -0.143346995
v 0.145724997 0.668928027 -0.143466994
v 0.0132788001 0.556786001 -0.143320993
v 0.0309542008 0.89972502 -0.143197
v 0.0259345993 0.84296602 -0.142976999
v 0.158827007 0.705370009 -0.143081993
v 0.0939607993 0.830335021 -0.142966002
v -0.101118997 0.74594003 -0.142652005
v 0.0468106009 0.867720008 -0.142772004
v 0.122974001 0.685099006 -0.142403007
v 0.167052001 0.73446101 -0.142431006
v -0.104065001 0.771103024 -0.142131001
v 0.0294051003 0.909578979 -0.142193004
v 0.0302319005 0.957800984 -0.142146006
v 0.18524 0.739018023 -0.142242998
v 0.191367999 0.720595002 -0.142247006
v -0.0090949703 0.893495977 -0.142043993
v 0.138098001 0.671248019 -0.142189994
v 0.0213245004 0.913798988 -0.141953006
v -0.111532003 0.796692014 -0.141732007
v 0.0275587998 0.80944699 -0.141423002
v 0.079879798 0.903312027 -0.141439006
v -0.0185100995 0.883817017 -0.141046003
v 0.0209777001 0.685868979 -0.141064003
v -0.00340887997 0.884648979 -0.140965
v 0.0582173988 0.870846987 -0.141011998
v 0.171642005 0.754269004 -0.141077995
v 0.0706368983 0.883458018 -0.140729994
v 0.088166602 0.924796999 -0.140503004
v 0.197341993 0.70451802 -0.140469998
v 0.0268130992 0.792858005 -0.140277997
v -0.00622711005 0.858537972 -0.139918998
v 0.0949937999 0.850158989 -0.139898002
v 0.107579999 0.739732027 -0.139860004
v 0.0173773002 0.628497005 -0.139764994
v 0.102466002 0.766360998 -0.139658004
v -0.115281999 0.814065993 -0.139317006
v 0.0353524014 0.891062975 -0.139459997
v 0.131574005 0.688843012 -0.139409006
v 0.0986984 0.921433985 -0.139301002
v 0.000379412988 0.907821 -0.139197007
v -0.00854859967 0.930238008 -0.139171004
v 0.141496003 0.691457987 -0.139263004
v 0.181134 0.763435006 -0.139302
v 0.216567993 0.590417027 -0.139289007
v 0.162128001 0.746215999 -0.139226004
v 0.0264349002 0.897230983 -0.139010996
v -0.120316997 0.802528977 -0.138862997
v -0.152239993 0.511188984 -0.138786003
v -0.131760001 0.75654 -0.138788998
v 0.00485520996 0.467142999 -0.138549
v -0.126358002 0.783348978 -0.138395995
v 0.0291162003 0.92344898 -0.138335004
v 0.000545513991 0.928533971 -0.138282999
v -0.000738064002 0.93839401 -0.137899995
v 0.0217126999 0.964170992 -0.137871996
v -0.078931503 0.594703019 -0.137762994
v 0.0309701003 0.94541198 -0.137862995
v -0.0192788001 0.851885021 -0.137628004
v 0.172753006 0.781166017 -0.137797996
v -0.0905760005 0.700123012 -0.137528002
v 0.151008993 0.722356975 -0.137742996
v -0.153228998 0.438948989 -0.137144998
v -0.0857414976 0.645729005 -0.137201995
v 0.00378555991 0.853331029 -0.137275994
v -0.105143003 0.814274013 -0.137162998
v 0.126960993 0.713177025 -0.137367994
v 0.146127999 0.714691997 -0.137254
v 0.0927241966 0.83543998 -0.137087002
v -0.0295263994 0.882682025 -0.136916995
v -0.0622530989 0.497413993 -0.136825994
v 0.0152915996 0.967002988 -0.136776
v 0.160947993 0.769541025 -0.136876002
v 0.165750995 0.783133984 -0.136869997
v 0.191926003 0.753018022 -0.136840999
v 0.0267182998 0.818844974 -0.136630997
v 0.138736993 0.711655974 -0.136575997
v 0.0956062004 0.799847007 -0.136298999
v -0.102003001 0.794763982 -0.136087
v -0.000132336994 0.428584993 -0.136114001
v -0.00526566012 0.830717027 -0.136076003
v -0.0714256018 0.55874002 -0.136001006
v -0.0920168012 0.726626992 -0.135974005
v 0.00783034973 0.965727985 -0.135883003
v -0.146304995 0.646987975 -0.135514006
v 0.00351330009 0.946437001 -0.135516003
v 0.0117897997 0.948593974 -0.135511994
v 0.0222683996 0.945810974 -0.135509998
v 0.167055994 0.797755003 -0.135523006
v 0.178654 0.789319992 -0.135425001
v -0.00378398993 0.951179028 -0.135123
v -0.043370001 0.42374301 -0.135014996
v -0.0658726022 0.52740401 -0.134913996
v 0.0442457013 0.884024024 -0.134907007
v 0.0262448993 0.922187984 -0.134788007
v -0.0102957003 0.949384987 -0.134692997
v -0.0116881998 0.939900994 -0.134586006
v -0.105351999 0.841856003 -0.134158
v 0.0260857008 0.865321994 -0.13425
v 0.00902985968 0.881098986 -0.134224996
v 0.128995001 0.731778979 -0.134333998
v 0.153946996 0.773061991 -0.134297997
v 0.147300005 0.742119014 -0.134197995
v 0.171739995 0.806308985 -0.133754
v 0.231882006 0.464154989 -0.133809
v 0.0939377025 0.881039977 -0.133597001
v 0.140276998 0.733044982 -0.133554995
v 0.0814959034 0.925943017 -0.133487001
v 0.0960944965 0.891822994 -0.133122995
v 0.00295151002 0.518087983 -0.132971004
v 0.151543006 0.79638499 -0.133003995
v -0.149312004 0.601644993 -0.132614002
v -0.00967960991 0.379152 -0.132695004
v 0.0144221997 0.853088975 -0.132671997
v -0.0847449973 0.677836001 -0.132485002
v 0.00800826028 0.913185 -0.132543996
v 0.153458998 0.817309976 -0.132679
v 0.141798005 0.815834999 -0.132516995
v 0.146585003 0.803335011 -0.132430002
v 0.190164998 0.780912995 -0.132383004
v 0.138769999 0.745517015 -0.132312998
v 0.0234784 0.838577986 -0.132098004
v -0.114329003 0.845302999 -0.131908998
v 0.00556465983 0.82348597 -0.132025003
v -0.0337383002 0.876819015 -0.131731004
v -0.0171287004 0.816389978 -0.131688997
v -0.0923973024 0.749580979 -0.131589994
v 0.145216003 0.779271007 -0.131569996
v 0.109871 0.770452023 -0.131525993
v 0.209252998 0.68897599 -0.131501004
v -0.143946007 0.690364003 -0.131072
v 0.134111002 0.79587698 -0.131343007
v 0.142849997 0.761108994 -0.131249994
v 0.162227005 0.827538013 -0.131178007
v 0.0145044001 0.833931983 -0.131026998
v 0.0146733001 0.955362022 -0.130940005
v -0.072023198 0.588775992 -0.130820006
v 0.0196046997 0.875778973 -0.130725995
v 0.0742385983 0.900038004 -0.130683005
v -0.107350998 0.861770988 -0.130385995
v -0.00837281998 0.795361996 -0.130439997
v 0.138679996 0.826672971 -0.130530998
v 0.121661998 0.809089005 -0.130495995
v 0.0234046001 0.906422973 -0.130309999
v 0.171063006 0.824850976 -0.130374998
v -0.0797244981 0.643486023 -0.130002007
v 0.0526446998 0.887974977 -0.130109996
v 0.147887006 0.834290028 -0.129888996
v 0.0340523012 0.906278014 -0.129769996
v -0.150111005 0.56398797 -0.129584998
v 0.0189721007 0.802981973 -0.129740998
v 0.0946061984 0.827732027 -0.129779994
v -0.0208234992 0.904824972 -0.129658997
v -0.0857679024 0.712707996 -0.129515007
v 0.0277819 0.958588004 -0.129607007
v 0.137744993 0.771833003 -0.129694998
v -0.0370425992 0.905615985 -0.129214004
v 0.0166839007 0.903328001 -0.129077002
v 0.0132646002 0.938516974 -0.128753006
v 0.0207710993 0.776085019 -0.128717005
v -0.0124105001 0.931531012 -0.128289998
v -0.0272998009 0.835067987 -0.128104001
v 0.0422380008 0.899133027 -0.128052995
v 0.123262003 0.782076001 -0.128115997
v 0.166562006 0.839896977 -0.128096998
v 0.112516001 0.813319027 -0.127897993
v -0.0976753011 0.793371975 -0.127655998
v 0.0300705992 0.918739021 -0.127781004
v -0.0208442006 0.436980993 -0.127684996
v 0.0876135007 0.945944011 -0.127731994
v 0.0241880994 0.944173992 -0.127532005
v 0.0906966999 0.852505982 -0.127488002
v 0.197594002 0.768712997 -0.127591997
v 0.0151313003 0.917524993 -0.127262995
v 0.227062002 0.552323997 -0.127390996
v -0.0281741004 0.939607978 -0.127103999
v -0.0422586985 0.470586002 -0.127063006
v -0.131376997 0.800091028 -0.126946002
v 0.100279003 0.931065023 -0.126898006
v 0.185237005 0.812062025 -0.126912996
v -0.0993300974 0.85698998 -0.126573995
v 0.035637401 0.96685499 -0.126622006
v -0.0586052015 0.54242897 -0.126424
v -0.147676006 0.373715013 -0.126298994
v 0.131099999 0.831905007 -0.126548007
v -0.0315507986 0.925055027 -0.126342997
v -0.0312899984 0.84821099 -0.126320004
v -0.147727996 0.644151986 -0.126066998
v -0.100910001 0.838728011 -0.126085997
v 0.213513002 0.675782025 -0.126347005
v 0.206247002 0.724088013 -0.126277998
v 0.0205713008 0.933384001 -0.126019999
v 0.113706 0.801258028 -0.126102999
v 0.000724732003 0.55755198 -0.125892997
v 0.243876994 0.369498998 -0.126133993
v -0.00201107003 0.961462975 -0.125874996
v 0.0271303002 0.946943998 -0.125732005
v 0.0803453997 0.916957974 -0.125783995
v 0.0176941007 0.752674997 -0.125578001
v 0.0249310993 0.95609802 -0.125579
v 0.101818003 0.810845017 -0.125441998
v -0.102464996 0.879386008 -0.125144005
v -0.101571999 0.815312982 -0.125077993
v 0.00606396981 0.968285978 -0.125156
v 0.175760999 0.837678015 -0.125268996
v 0.0961733013 0.922262013 -0.125005007
v 0.220755994 0.616536021 -0.124831997
v -0.0389967002 0.936389029 -0.124572001
v 0.0251246002 0.972850025 -0.124618001
v -0.0129172001 0.960218012 -0.124452002
v -0.12308 0.84601599 -0.124316998
v -0.0192657001 0.919516981 -0.124394
v -0.141145006 0.749364972 -0.124199003
v 0.148543 0.851300001 -0.124422997
v 0.0080674896 0.962786973 -0.124176003
v 0.217914 0.641671002 -0.124375001
v 0.062247701 0.899333 -0.124118999
v -0.0477414988 0.915709019 -0.123937003
v 0.0973561034 0.949694991 -0.124077
v -0.0846209973 0.728380024 -0.123536997
v -0.0783737972 0.679260015 -0.123525999
v -0.0634159967 0.586983025 -0.12353
v -0.0962077007 0.872388005 -0.123028003
v -0.0750422999 0.651050985 -0.123006999
v -0.0700422004 0.623380005 -0.122798003
v 0.161858007 0.861846983 -0.122997999
v 0.0978455022 0.83296603 -0.122868001
v -0.0227886997 0.952090979 -0.12274
v 0.202969 0.757073998 -0.122882999
v 0.0792822987 0.948472023 -0.122708999
v -0.0412856005 0.503603995 -0.122519001
v -0.148073003 0.594590008 -0.122387998
v 0.0290217996 0.931481004 -0.122556999
v 0.0413447991 0.948210001 -0.122546002
v 0.0826184973 0.928022981 -0.122515999
v -0.00974716991 0.764827013 -0.122105002
v -0.046180699 0.936560988 -0.122031003
v 0.035014499 0.955685019 -0.122083999
v -0.0485020988 0.92156601 -0.121985003
v 0.169553995 0.857214987 -0.122064002
v -0.087458998 0.751031995 -0.121738002
v -0.052901201 0.550848007 -0.121623002
v -0.0134854997 0.940061986 -0.121633001
v -0.0199784003 0.931370974 -0.121523
v 0.00269713998 0.606639981 -0.121505998
v 0.0527884997 0.906885982 -0.121524997
v 0.137308002 0.84483099 -0.121537998
v -0.14993 0.506696999 -0.121248998
v -0.144675002 0.692103982 -0.121200003
v 0.211925998 0.710488021 -0.121532999
v 0.0134300003 0.703209996 -0.121146001
v -0.000254659011 0.967589021 -0.120972998
v 0.0067920601 0.649236977 -0.120972998
v -0.0935707018 0.883906007 -0.120806001
v 0.0332029015 0.970938027 -0.120756999
v 0.214921996 0.689339995 -0.120909996
v 0.114768997 0.897638023 -0.120761998
v 0.115904003 0.878032982 -0.120664001
v 0.121099003 0.886421978 -0.120653003
v -0.0201846994 0.492244005 -0.120491996
v -0.0492460988 0.898666024 -0.120334998
v -0.0223331004 0.795163989 -0.120300002
v 0.0716644973 0.909259021 -0.120332003
v 0.121748999 0.861778021 -0.120292
v 0.0456868 0.92998302 -0.120190002
v -0.0784678012 0.69896698 -0.120065004
v 0.0475515015 0.953155994 -0.120018996
v 0.0355664007 0.963042974 -0.119791001
v 0.0187807996 0.975821018 -0.119617999
v 0.109943002 0.908254027 -0.119621001
v -0.0129802004 0.949859023 -0.119428001
v 0.0926835015 0.864304006 -0.119488999
v -0.0139942002 0.521695971 -0.119374
v 0.0250103995 0.958404005 -0.119318001
v -0.149169996 0.535843015 -0.119103
v 0.113705002 0.846756995 -0.119350001
v 0.100731999 0.842786014 -0.119294003
v -0.00579216983 0.956332028 -0.119015999
v 0.0499871001 0.945312023 -0.119050004
v -0.137724996 0.787714005 -0.118795
v 0.131368995 0.866120994 -0.118960001
v 0.235421002 0.509658992 -0.119053997
v 0.192623004 0.801751971 -0.118996002
v 0.0541898012 0.927097976 -0.118837997
v 0.0181655996 0.95776701 -0.118799001
v 0.11406 0.918949008 -0.118763
v 0.110200003 0.872308016 -0.118657999
v -0.0356822982 0.522615016 -0.118046999
v -0.144853994 0.425276011 -0.117784999
v -0.0435797982 0.550728023 -0.117849998
v 0.0275819991 0.950325012 -0.117826998
v 0.0412137993 0.962217987 -0.117689997
v -0.101372004 0.845601976 -0.117533997
v 0.0594621003 0.954774976 -0.117650002
v 0.0345829986 0.935479999 -0.117617004
v -0.119081996 0.879616022 -0.117339998
v -0.101896003 0.820464015 -0.117255002
v -0.059419699 0.604867995 -0.117291003
v -0.0672549978 0.639259994 -0.117215
v 0.0137416003 0.966830015 -0.117233999
v 0.241901994 0.46262601 -0.117268004
v 0.164711997 0.875404 -0.117149003
v -0.102897003 0.900291979 -0.116814002
v 0.104312003 0.884178996 -0.116954997
v 0.117618002 0.834380984 -0.116873004
v -0.0273988992 0.943343997 -0.116688997
v 0.0777721033 0.920744002 -0.116749004
v -0.0929817036 0.906081021 -0.116472997
v -0.0502929017 0.579541028 -0.116501004
v 0.132083997 0.880393028 -0.116423003
v 0.210328996 0.734566987 -0.116440997
v -0.097387597 0.805316985 -0.116108
v 0.0837036967 0.941515028 -0.116232999
v -0.0906224027 0.780215025 -0.116052002
v 0.10182 0.869520009 -0.115896001
v -0.131520003 0.834654987 -0.115551002
v 0.0418905988 0.941441 -0.115708001
v 0.0792599022 0.951618016 -0.115667999
v 0.0998971015 0.902863026 -0.115595996
v 0.0824152976 0.929931998 -0.115569003
v -0.141104996 0.761620998 -0.115322001
v -0.0127066998 0.564593017 -0.115206003
v 0.0653818995 0.946861982 -0.115229003
v -0.142621994 0.728752971 -0.114886001
v -0.0652538016 0.910896003 -0.114740998
v -0.0750394017 0.70440799 -0.114702001
v 0.0510690995 0.932936013 -0.114745997
v 0.120493002 0.911279023 -0.114805996
v -0.00997044984 0.964618981 -0.114579998
v -0.0500227995 0.881155014 -0.114524998
v 0.0924715027 0.938215017 -0.114643
v 0.222909003 0.639160991 -0.114618003
v 0.0620072 0.919305027 -0.114362001
v 0.100621 0.919358015 -0.114166997
v 0.175393 0.865285993 -0.114169002
v -0.0685075 0.664768994 -0.113825001
v 0.131580994 0.846390009 -0.113902003
v 0.0925071985 0.885348022 -0.113848001
v 0.0900544971 0.952555001 -0.113792002
v -0.00410884991 0.647152007 -0.113274999
v -0.0726706013 0.878744006 -0.112995997
v 0.0737655014 0.94670099 -0.113135003
v -0.0228645001 0.963302016 -0.112924002
v 0.0296512991 0.971539021 -0.112876996
v 0.0885248035 0.930815995 -0.112767003
v 0.198861003 0.77638799 -0.112662002
v -0.0172988996 0.970377028 -0.112415999
v -0.0538688004 0.617392004 -0.112287
v 0.0346437991 0.958442986 -0.112347998
v 0.0440871008 0.954836011 -0.112278
v -0.101544999 0.863354981 -0.112081997
v -0.0492325015 0.867298007 -0.112002999
v -0.0824757963 0.868609011 -0.111920998
v 0.184286997 0.841920972 -0.112108998
v -0.0232135002 0.567360997 -0.111781999
v -0.0773824975 0.726526976 -0.111716002
v 0.114228003 0.933773994 -0.111859001
v -0.0394259989 0.853788972 -0.111548997
v 0.144251004 0.855248988 -0.111496001
v 0.226776004 0.618344009 -0.111417003
v 0.0913145989 0.965534985 -0.111272
v 0.0171463992 0.971584022 -0.111153997
v -0.144127995 0.568877995 -0.110963002
v -0.0360102989 0.95954299 -0.111063004
v 0.0142901996 0.963440001 -0.111088999
v 0.0953264013 0.949095011 -0.111065999
v -0.00222951011 0.701820016 -0.110932
v 0.00424156012 0.96371901 -0.110895999
v -0.0453227982 0.951337993 -0.110818997
v -0.0627185032 0.93226701 -0.110660002
v 0.0126251997 0.971387982 -0.110722996
v 0.190120995 0.813229024 -0.110870004
v 0.0729295984 0.956965983 -0.110708997
v -0.0451851003 0.928276002 -0.110575996
v 0.129125997 0.89744997 -0.110665001
v 0.060525801 0.940333009 -0.110559002
v 0.166788995 0.889778972 -0.110574998
v -0.144903004 0.475809991 -0.110173002
v 0.228668004 0.60512501 -0.110523
v -0.00274823001 0.961494029 -0.110288002
v 0.0426402986 0.965317011 -0.110258996
v 0.210670993 0.742989004 -0.110340998
v -0.0681129023 0.909976006 -0.109739996
v -0.0849229991 0.910061002 -0.109664999
v 0.153191 0.866029978 -0.109757997
v -0.101853997 0.845643997 -0.109288998
v -0.0804036036 0.752295971 -0.109292999
v -0.0470639989 0.913730025 -0.109031998
v -0.0323532 0.946747005 -0.108967997
v -0.0528028011 0.951407015 -0.108943
v 0.0883878022 0.920574009 -0.109058
v 0.234559998 0.560014009 -0.108852997
v -0.0883345008 0.894111991 -0.108501002
v -0.139970005 0.650542974 -0.108280003
v 0.0311393999 0.971563995 -0.108433999
v -0.0820866972 0.92225498 -0.108283997
v 0.220084995 0.695987999 -0.108580001
v -0.0785192996 0.895597994 -0.108255997
v -0.0503738001 0.89637202 -0.108263999
v 0.0631986037 0.951801002 -0.108163998
v 0.140322998 0.874366999 -0.108153
v -0.0204348993 0.951779008 -0.107882999
v -0.142529994 0.370599002 -0.107648998
v -0.000663821993 0.970602989 -0.107706003
v 0.0784590989 0.936339021 -0.107754
v -0.0677205026 0.898994029 -0.107486002
v -0.0438631997 0.943804026 -0.107421003
v -0.101392999 0.828902006 -0.107265003
v -0.0838444978 0.773528993 -0.107262999
v 0.0706814006 0.936366022 -0.107345
v -0.0911436975 0.833187997 -0.106899999
v -0.0303805992 0.607753992 -0.106957003
v 0.0565243997 0.962756991 -0.106977001
v -0.0983451977 0.864795029 -0.106744997
v -0.0822912976 0.839051008 -0.106746003
v -0.0545567013 0.928597987 -0.106660999
v -0.139512002 0.624201 -0.106576003
v -0.0373707004 0.820472002 -0.106565997
v -0.0171089992 0.645753026 -0.106429003
v -0.0186697003 0.741087019 -0.106287003
v -0.095786497 0.917707026 -0.105617002
v 0.220249996 0.701363981 -0.105901003
v -0.0970588997 0.877737999 -0.105355002
v -0.139457002 0.691129029 -0.105203003
v 0.0816309974 0.944773018 -0.105215997
v 0.0507493988 0.974164009 -0.105056003
v 0.0815616995 0.954729974 -0.105079003
v 0.159064993 0.884303987 -0.105155997
v -0.138191 0.749760985 -0.104818001
v 0.103302002 0.953152001 -0.104966998
v -0.0391471982 0.965728998 -0.104748003
v 0.0949596986 0.960985005 -0.104873002
v -0.0472230017 0.950491011 -0.104675002
v -0.0323910005 0.791360974 -0.104677998
v 0.109136999 0.943996012 -0.104754999
v -0.0865655988 0.787424028 -0.104301997
v -0.00968729984 0.969410002 -0.104133002
v -0.0933805034 0.856585979 -0.104007997
v 0.0879053995 0.956721008 -0.104144
v -0.0778929964 0.929269016 -0.103828996
v -0.138006002 0.799615979 -0.103721
v -0.0314691998 0.965008974 -0.103651002
v -0.073180601 0.741126001 -0.103557996
v -0.125476003 0.888523996 -0.103495002
v 0.175383002 0.876419008 -0.103716001
v 0.00293315994 0.976363003 -0.103486001
v -0.0910539031 0.925607979 -0.103278004
v -0.0498599 0.949328005 -0.103258997
v -0.0829524025 0.881250024 -0.103161998
v -0.0925111026 0.808281004 -0.102870002
v -0.0433573015 0.963813007 -0.102913
v 0.146538004 0.875928998 -0.102895997
v 0.0712993965 0.962230027 -0.102792002
v 0.0987126008 0.929283023 -0.102792002
v -0.0904074982 0.872521996 -0.102578998
v -0.0383386984 0.953691006 -0.102599002
v -0.0735716 0.854414999 -0.102536
v 0.0698721036 0.949806988 -0.102651
v -0.103292003 0.899583995 -0.102471001
v 0.104962997 0.934526026 -0.102658004
v -0.039051801 0.811749995 -0.102472998
v -0.0270661991 0.954140007 -0.102482997
v -0.0447942019 0.655997992 -0.102408998
v 0.0765042007 0.953262985 -0.102344997
v 0.119911 0.942844987 -0.102273002
v -0.0299922004 0.659808993 -0.102075003
v -0.0504290015 0.887239993 -0.101962
v -0.0624346994 0.923152983 -0.101888001
v 0.0940337032 0.952261984 -0.101985
v -0.0476530008 0.917841017 -0.101761997
v 0.178838998 0.859283984 -0.101921998
v -0.0445238017 0.843122005 -0.101513997
v 0.119226001 0.909537017 -0.101117998
v -0.137588993 0.593896985 -0.100828998
v 0.0902926996 0.94602102 -0.100988999
v -0.0169174001 0.968347013 -0.100809
v 0.256045014 0.419200987 -0.100950003
v 0.083088398 0.963845015 -0.100755997
v -0.0866680965 0.796052992 -0.100580998
v -0.042741701 0.940141976 -0.100574002
v 0.119358003 0.935534 -0.100605004
v -0.0842664987 0.908625007 -0.100339003
v -0.133892 0.733281016 -0.100194998
v -0.138979003 0.442414999 -0.0999694988
v -0.0808568001 0.938516974 -0.0996896029
v -0.0914672017 0.891004026 -0.0996211022
v -0.0617193989 0.717580974 -0.0989575982
v -0.0517755002 0.878401995 -0.0987553969
v -0.0299101006 0.755406022 -0.0987515971
v -0.136433005 0.78609103 -0.0985936001
v -0.0525307991 0.691832006 -0.0986421034
v -0.0782053992 0.828594983 -0.0984802991
v -0.0505502 0.949859023 -0.0983973965
v 0.130949005 0.896421015 -0.098496899
v 0.0991332978 0.941402018 -0.0983465984
v -0.0635066032 0.902123988 -0.0981321037
v 0.127048999 0.909925997 -0.0982683003
v -0.0340976007 0.961673021 -0.0979925022
v -0.133687004 0.666647017 -0.0977308974
v 0.180221006 0.818630993 -0.0980195999
v -0.0721590966 0.933457017 -0.0976001993
v 0.189824 0.789924026 -0.0975034982
v 0.136963993 0.907015979 -0.0974214971
v 0.114607997 0.951407015 -0.0973820016
v 0.163972005 0.907211006 -0.0974188969
v -0.0711719021 0.879827976 -0.0971062034
v -0.0503900982 0.942789018 -0.096889101
v -0.137634993 0.534327984 -0.0967198983
v 0.151952997 0.91506201 -0.0969024971
v 0.240091994 0.554363012 -0.0968720987
v 0.112905003 0.922811985 -0.0967269018
v -0.0738163963 0.920329988 -0.0964780003
v -0.0252592005 0.967285991 -0.0965218022
v 0.120759003 0.927462995 -0.0966622978
v -0.0429929011 0.965326011 -0.0964913964
v -0.135776997 0.829984009 -0.0959978998
v -0.0443369001 0.952503979 -0.0958729982
v 0.136302993 0.893867016 -0.0959739015
v -0.072972402 0.948095977 -0.0953747034
v -0.0759384036 0.838468015 -0.0953506976
v -0.130375996 0.722303987 -0.0952581987
v 0.0859839991 0.964479029 -0.0954584032
v -0.0507448018 0.962584972 -0.0952960029
v 0.144602999 0.915337026 -0.0954355001
v -0.035068199 0.730364025 -0.0952007994
v 0.172031999 0.842140019 -0.0951593965
v -0.0513789989 0.92900002 -0.0948883966
v 0.113545999 0.940172017 -0.0949561968
v -0.131184995 0.700383008 -0.0946889967
v 0.230077997 0.645596027 -0.095021002
v 0.0936148018 0.95955497 -0.0947725028
v -0.0554056987 0.854880989 -0.0945684016
v -0.0429387987 0.78718698 -0.0945328996
v 0.133759007 0.925118983 -0.0946535021
v -0.132124007 0.760819972 -0.0943256021
v -0.116723999 0.901153982 -0.0942341983
v -0.0539960004 0.902013004 -0.0942658037
v -0.0482684001 0.723452985 -0.094250299
v -0.0492681004 0.827031016 -0.0941924006
v -0.0836455971 0.899511993 -0.0940994993
v 0.235763997 0.600172997 -0.0942829996
v 0.0864223987 1.00905001 -0.0940504968
v -0.0810011029 0.805135012 -0.0938761979
v 0.233514994 0.618335009 -0.0940975025
v -0.0550996996 0.913430989 -0.0937040001
v -0.0618578009 0.745198011 -0.0934439003
v -0.0763949007 0.793506026 -0.0932243988
v 0.201639995 0.763059974 -0.0933675021
v -0.133607 0.857533991 -0.0928357989
v 0.266988009 0.365745991 -0.0929732025
v 0.228691995 0.66594398 -0.0927753001
v -0.130788997 0.64014101 -0.092380397
v 0.128582001 0.935796022 -0.0926377028
v 0.145036995 0.898947001 -0.0925000012
v 0.167879 0.902917027 -0.0924476981
v -0.0592119992 0.934311986 -0.0918527022
v -0.0792877972 0.813988984 -0.0917159989
v -0.062130101 0.943542004 -0.0915608034
v -0.128215998 0.744531989 -0.0914926976
v -0.0500520989 0.798105001 -0.0912939981
v -0.065725103 0.86916399 -0.0912441015
v 0.225610003 0.701083004 -0.0912337974
v -0.0679067969 0.776654005 -0.0909297988
v -0.0969773978 0.909994006 -0.0908723995
v -0.0458531007 0.956315994 -0.0909093022
v 0.171476007 0.87708497 -0.0910653025
v -0.0728612021 0.908677995 -0.0907950029
v -0.0632442012 0.923391998 -0.0905964971
v 0.152971998 0.922797978 -0.0907988995
v -0.136510998 0.433412999 -0.0904740989
v -0.131669 0.797203004 -0.0903583989
v -0.0534458011 0.781872988 -0.0902480036
v -0.0565054007 0.767185986 -0.0900586024
v 0.222154006 0.720945001 -0.0901848972
v -0.0678301975 0.852495015 -0.0897520036
v -0.0366518013 0.965351999 -0.0895124972
v -0.0750622004 0.952050984 -0.0894002989
v -0.0713805035 0.824337006 -0.0893869027
v 0.100466996 0.956200004 -0.0893853009
v 0.245991006 0.52749902 -0.0893281028
v -0.127464995 0.671540022 -0.0888298973
v -0.0599345006 0.838671029 -0.0888444036
v -0.0658918992 0.797863007 -0.0887539983
v -0.131969005 0.830031991 -0.0886318013
v -0.0563752986 0.951570988 -0.088479802
v -0.126429006 0.906072974 -0.0879342034
v -0.0649295971 0.942304015 -0.0878963992
v 0.213329002 0.741925001 -0.0879179984
v -0.125037998 0.762134016 -0.0873487964
v 0.182627007 0.810235977 -0.0876424983
v -0.0818167999 0.942372024 -0.0873686001
v 0.164791003 0.869078994 -0.087513797
v 0.172666997 0.834828973 -0.0873858035
v -0.124576002 0.727117002 -0.0869392976
v -0.0839532986 0.928418994 -0.0869579017
v -0.131488994 0.561672986 -0.0868872032
v 0.137133002 0.931603014 -0.0871374011
v 0.198361993 0.773630977 -0.0871163979
v -0.130774006 0.577597022 -0.0867566988
v -0.129573002 0.885927022 -0.0867279992
v 0.121023998 0.937249005 -0.0866174996
v -0.134421006 0.494733006 -0.0859756023
v -0.0747973025 0.943253994 -0.0859282017
v 0.138623998 0.917635977 -0.0859375
v 0.168972 0.886682987 -0.0858751014
v -0.129040003 0.855705023 -0.0849473029
v 0.127878994 0.943297982 -0.0848876014
v 0.117397003 0.943013012 -0.0848456994
v -0.124658003 0.791586995 -0.0842074007
v 0.143392995 0.935397029 -0.0843695998
v -0.0162797999 1.01331997 -0.0841782019
v 0.166578993 0.849424005 -0.0843446031
v -0.0673426017 0.960844994 -0.0840516984
v -0.0578348003 0.939458013 -0.0840033963
v -0.0453936011 0.963907003 -0.0837353021
v 0.128431007 0.927106023 -0.083865203
v -0.0642786995 0.933866978 -0.0835684016
v -0.070610702 0.934522986 -0.0835020989
v 0.101536997 0.974358976 -0.0835162997
v 0.107850999 0.954761982 -0.0834432989
v -0.109945998 0.921308994 -0.0832189992
v -0.125383005 0.824846029 -0.0831597
v 0.234652996 0.642144978 -0.0830866992
v -0.119769 0.75108403 -0.082502
v 0.116733 0.936276019 -0.0819685981
v -0.118615001 0.764349997 -0.0815396979
v -0.116890997 0.861177981 -0.0815259963
v -0.125358999 0.881096005 -0.0815095007
v -0.0611637011 0.957846999 -0.0812562034
v -0.116741002 0.833447993 -0.080801703
v -0.119208999 0.734691978 -0.0805986971
v -0.117058001 0.928728998 -0.0803261995
v 0.180215001 0.829559982 -0.080568701
v -0.108464003 0.876730978 -0.0802168027
v 0.227320999 0.715617001 -0.0801955983
v -0.0684358999 0.94700402 -0.0797730982
v -0.140439004 0.366301 -0.0793126002
v 0.258567989 0.465532005 -0.0796848983
v -0.116998002 0.783892989 -0.0791310966
v -0.0607935004 0.945214987 -0.0789623037
v -0.105686001 0.861378014 -0.0788542032
v 0.159392998 0.869709015 -0.0785730034
v 0.165057003 0.910937011 -0.0783511028
v 0.113888003 0.953724027 -0.0776434019
v 0.196826994 0.790243983 -0.0774549022
v -0.117904998 0.810706973 -0.0770544037
v -0.107799999 0.83643502 -0.0770229027
v -0.110785998 0.894487023 -0.0770097971
v -0.0548233017 0.953577995 -0.0769530982
v -0.071499303 0.960783005 -0.0765627027
v 0.144026995 0.924556017 -0.076654397
v 0.156103998 0.881669998 -0.0766173974
v -0.128010005 0.559433997 -0.0763050988
v 0.120122999 0.940540016 -0.0764373019
v -0.0924734995 0.924947977 -0.0760317966
v -0.0990881026 0.934476972 -0.0760032013
v 0.139338002 0.942605972 -0.0760815963
v -0.0568223 0.962909997 -0.075740397
v -0.103154004 0.943475008 -0.0755662024
v 0.141413003 0.933659017 -0.0752858967
v 0.232490003 0.68266201 -0.0750757009
v -0.0336836018 0.989009023 -0.0746274963
v -0.0985924006 0.89151901 -0.0745169967
v -0.136581004 0.435386986 -0.0742700994
v 0.118079998 0.954083979 -0.0744891986
v -0.0672873035 0.95511198 -0.0742864981
v -0.110802002 0.816694975 -0.0741968006
v -0.118600003 0.915746987 -0.0735517964
v -0.0701432973 0.949451983 -0.0735552013
v -0.124641001 0.597168982 -0.0734694004
v -0.101323999 0.873243988 -0.072630398
v 0.161746994 0.90853101 -0.0727650002
v 0.116026998 0.962391019 -0.0727173984
v -0.118065998 0.933965981 -0.0722912028
v 0.248564005 0.554421008 -0.0723693967
v 0.235641003 0.662154973 -0.0722865984
v -0.0994767025 0.915461004 -0.0716791004
v 0.242717996 0.606045008 -0.0719188005
v -0.113040999 0.739480972 -0.0714211017
v -0.0624474995 0.963207006 -0.0713191032
v 0.182410002 0.844193995 -0.0714903027
v -0.10932 0.778605998 -0.0706351027
v -0.0764762014 0.94156599 -0.0705579966
v 0.124867 0.944647014 -0.0702295005
v 0.177243993 0.871720016 -0.0702318996
v -0.121312 0.624517977 -0.0696694031
v 0.155114993 0.928722024 -0.0687125027
v 0.134690002 0.947501004 -0.068650797
v -0.108943 0.767700016 -0.0679559037
v 0.157857001 0.915032029 -0.0676577017
v -0.100322001 0.901709974 -0.0670837015
v 0.161412001 0.881093979 -0.0672874972
v -0.109026998 0.898378015 -0.0668653995
v -0.0692285001 0.962333977 -0.0666569024
v -0.116215996 0.686968982 -0.0662873015
v -0.128519997 0.540826976 -0.0661892965
v 0.268548012 0.418889999 -0.0662060007
v 0.242234007 0.622267008 -0.0661436021
v 0.198972002 0.81943202 -0.0660967007
v -0.0922219977 0.960376978 -0.065708302
v -0.104750998 0.808950007 -0.0650200993
v 0.128143996 0.941179991 -0.0651369989
v 0.229530007 0.72558701 -0.0647597015
v 0.125419006 0.952062011 -0.0644098967
v -0.0959004015 0.93504101 -0.0639661998
v -0.132014006 0.499040991 -0.0636880994
v -0.103316002 0.954845011 -0.0636690035
v -0.0796058029 0.950941026 -0.0634504035
v -0.0945475996 0.923924983 -0.0632359013
v -0.0505504012 0.987016022 -0.0630107969
v -0.119434997 0.647803009 -0.0628878027
v -0.111459002 0.946030974 -0.0628061965
v -0.0884428024 0.943171978 -0.0625692979
v -0.109690003 0.754112005 -0.0625388026
v 0.166803002 0.890470028 -0.0623650998
v -0.112111002 0.719796002 -0.0617610998
v 0.232573003 0.707270026 -0.0620113984
v 0.142331004 0.925225973 -0.0617217012
v 0.149644002 0.936290979 -0.0616057999
v 0.240507007 0.646588027 -0.0612093993
v -0.108740002 0.918314993 -0.0608238988
v 0.191854 0.860018015 -0.061012499
v -0.108691998 0.889653981 -0.0606231987
v -0.0991770029 0.950389981 -0.0604577996
v 0.138782993 0.93513602 -0.0602875985
v 0.175092995 0.894623995 -0.0601507016
v -0.123489 0.611178994 -0.0598272011
v 0.157758996 0.892638981 -0.0600358993
v 0.167172998 0.902740002 -0.0598760992
v 0.132652 0.943248987 -0.059590701
v -0.102992997 0.93642199 -0.0591246001
v -0.0886439979 0.955184996 -0.0585645996
v 0.143223003 0.914647996 -0.0587477982
v -0.145154998 0.389239013 -0.0579826012
v -0.140733004 0.428894997 -0.0578789003
v -0.105997004 0.869521976 -0.0578523986
v -0.0965474024 0.961902976 -0.0576744005
v -0.0955149978 0.958478987 -0.0576352999
v 0.113990001 0.999620974 -0.0577843003
v -0.107136004 0.791608989 -0.0569919012
v -0.0819972977 0.961511016 -0.0569677986
v -0.113857001 0.704716027 -0.0568908006
v -0.125485003 0.595050991 -0.0564090982
v 0.157920003 0.904267013 -0.0565133989
v 0.142568007 0.94453001 -0.0563375019
v 0.224198997 0.759745002 -0.0562933981
v 0.148195997 0.904304028 -0.0554420017
v 0.203357995 0.83661902 -0.0553091988
v 0.234986007 0.696475029 -0.0552901998
v 0.137134001 0.930343986 -0.0546706989
v -0.106030002 0.949961007 -0.0544265993
v -0.150676996 0.363171995 -0.0539841987
v 0.163687006 0.918892026 -0.0541944988
v -0.0930214003 0.952382028 -0.0534663014
v -0.106443003 0.923824012 -0.0528176017
v 0.230737001 0.727467 -0.0531376004
v 0.279985011 0.360309005 -0.0528344996
v -0.0968075022 0.942247987 -0.052330099
v -0.0880516022 0.961580992 -0.0522977002
v 0.242492005 0.645981014 -0.052326601
v 0.208546996 0.825114012 -0.0521136001
v 0.123241 0.974574029 -0.0519175008
v -0.108445004 0.835421026 -0.0516461991
v 0.147733003 0.926868975 -0.0517328009
v -0.0513430983 1.00460994 -0.0513396002
v 0.170286 0.909802973 -0.0514383987
v 0.175918996 0.899520993 -0.0514291003
v -0.104879998 0.946336985 -0.051125899
v 0.130809993 0.949096024 -0.0511698984
v 0.147866994 0.916718006 -0.0506681986
v 0.134082004 0.940174997 -0.0506443009
v -0.113160998 0.773899019 -0.0498555005
v 0.138399005 0.924392998 -0.0498158
v -0.113553002 0.869243979 -0.0494577996
v -0.101135001 0.961385012 -0.0494424999
v 0.253805995 0.567112982 -0.0497952998
v 0.228970006 0.741724014 -0.0497599989
v -0.12054 0.676611006 -0.0492574982
v -0.0722064003 0.982738972 -0.0491999984
v -0.119410999 0.729861021 -0.048896499
v -0.128801003 0.585099995 -0.0488143004
v -0.148993999 0.398526996 -0.0484651998
v -0.121702999 0.719972014 -0.047802899
v -0.120580003 0.694778025 -0.0476446003
v 0.187806994 0.873389006 -0.0478456989
v -0.144209996 0.444451004 -0.0470138006
v 0.160797 0.924395025 -0.0472456999
v 0.149248004 0.935817003 -0.0471912995
v -0.0922039002 0.961409986 -0.0466156006
v 0.239546999 0.670174003 -0.0467338003
v -0.124672003 0.652903974 -0.0462049991
v -0.119498998 0.749706984 -0.0460659005
v -0.119010001 0.801847994 -0.0458895005
v 0.220902994 0.786122024 -0.0461496003
v -0.133214995 0.816854 -0.0455854982
v 0.13989 0.942689002 -0.0457688011
v -0.100615002 0.941622019 -0.0455019996
v -0.138637006 0.807757974 -0.0454174988
v 0.160409003 0.900885999 -0.0455603004
v -0.118114002 0.82446301 -0.0452190004
v 0.172447994 0.890766025 -0.0453553014
v -0.127837002 0.901260972 -0.0447214991
v 0.265074015 0.483119011 -0.0451022983
v 0.272772014 0.420439005 -0.0449213013
v 0.159416005 0.916256011 -0.0446676984
v -0.115800001 0.935602009 -0.0439300016
v -0.144419998 0.793411016 -0.0438213013
v -0.128935993 0.780400991 -0.0438160002
v 0.224912003 0.767877996 -0.0441141017
v 0.232502997 0.720125973 -0.0440714993
v -0.136384994 0.781175971 -0.0434436016
v -0.112677 0.919880986 -0.0433105007
v -0.107225001 0.953628004 -0.0433044992
v -0.141241997 0.492473006 -0.0430082008
v -0.128589004 0.837104023 -0.0426127985
v -0.105633996 0.936540008 -0.0426076017
v -0.126456007 0.751932979 -0.0424228013
v -0.119783998 0.861455023 -0.0423165001
v -0.155919999 0.801931977 -0.0422470011
v 0.153362006 0.90872699 -0.0425108001
v -0.155533999 0.383673012 -0.0419748016
v -0.129530996 0.718984008 -0.0415351987
v 0.244895995 0.641044021 -0.0416630991
v -0.148819998 0.77422899 -0.0411607996
v -0.135507002 0.758700013 -0.0407175012
v -0.153179005 0.824728012 -0.0401563011
v -0.162052006 0.785670996 -0.0400739983
v -0.120034002 0.915098011 -0.0400635004
v -0.161301002 0.798004985 -0.0396668985
v -0.131320998 0.643324971 -0.0395858996
v -0.132796004 0.740459979 -0.0394671001
v -0.143693 0.75515902 -0.0393529013
v -0.139273003 0.53618902 -0.0392417982
v -0.161155 0.36156401 -0.0392000005
v 0.134473994 0.947287977 -0.0394194983
v -0.131947994 0.86343801 -0.0389435999
v -0.0997017995 0.960381985 -0.0387038998
v 0.197490007 0.846934021 -0.0389517993
v 0.144904003 0.945540011 -0.0388250016
v -0.147421002 0.860053003 -0.0383854993
v 0.247748002 0.618956983 -0.0385292992
v -0.154061005 0.757512987 -0.0379456989
v -0.168651 0.777310014 -0.0377786011
v -0.148206994 0.870248973 -0.0377645008
v 0.137378007 0.938735008 -0.0378872007
v 0.227283001 0.756853998 -0.0379020013
v 0.237340003 0.695743978 -0.0373752005
v -0.154231995 0.748405993 -0.0368960984
v -0.151734993 0.452914 -0.0367229991
v 0.175887004 0.872852981 -0.0369745009
v -0.138554007 0.704451978 -0.0364743993
v 0.230362996 0.739813983 -0.0366682
v 0.136581004 0.934578001 -0.0364716016
v -0.142482996 0.912904978 -0.0357866995
v -0.0715133995 1.00336003 -0.0358074009
v 0.257075995 0.547469974 -0.0360643007
v -0.156574994 0.424892008 -0.0356496982
v -0.140601993 0.721688986 -0.0356114991
v -0.134195998 0.930160999 -0.0355824009
v 0.212457001 0.81368202 -0.0358039998
v -0.101954997 0.958786011 -0.0353245996
v 0.122809999 0.985696971 -0.0355312005
v -0.148773998 0.895458996 -0.035182599
v -0.142566994 0.579129994 -0.0350283012
v -0.152844995 0.882055998 -0.0346291997
v -0.131358996 0.94175297 -0.0346290991
v 0.221625 0.783360004 -0.0349716991
v -0.149881005 0.483485997 -0.034563601
v -0.177270994 0.763309002 -0.0345170014
v -0.150828004 0.718346 -0.0342583992
v -0.175208002 0.739364028 -0.0341667011
v -0.143257007 0.68561399 -0.0341419987
v -0.158710003 0.855684996 -0.0339488015
v -0.133814007 0.88686198 -0.0339569002
v -0.127442002 0.913712025 -0.0339428
v -0.162844002 0.703327 -0.0332199
v 0.145932004 0.937849998 -0.0334708989
v -0.121721998 0.950868011 -0.0331748016
v -0.175576001 0.720876992 -0.0330783017
v -0.123680003 0.927896976 -0.0324747004
v -0.148949996 0.525640011 -0.0324219018
v -0.134957001 0.904923022 -0.0323771983
v 0.240407005 0.675558984 -0.0325879008
v -0.140805006 0.927870989 -0.0321189016
v 0.157941997 0.906167984 -0.0322640017
v -0.147961006 0.628919005 -0.031552501
v -0.161547005 0.849789023 -0.031446401
v -0.163893998 0.830541015 -0.0311463997
v -0.171834007 0.69105202 -0.0310312007
v -0.0946248993 0.977595985 -0.0310923997
v 0.232802004 0.726258993 -0.0309798997
v -0.157302007 0.874145985 -0.0305055995
v -0.111161001 0.946102977 -0.0305295009
v -0.163663998 0.673129022 -0.0304113999
v 0.133373007 0.951467991 -0.0306087006
v 0.278508008 0.356317014 -0.0303505007
v 0.146169007 0.930144012 -0.0301920008
v 0.136626005 0.945631027 -0.0301562995
v 0.270936996 0.421891987 -0.0302371997
v -0.165165007 0.411951005 -0.0297916997
v -0.178164005 0.781346023 -0.0297023002
v 0.167393997 0.876483977 -0.0299762003
v -0.185270995 0.74909699 -0.0296017993
v 0.182080001 0.858048975 -0.0298289005
v -0.164391994 0.649092019 -0.0294351
v -0.136749998 0.939257026 -0.0294310991
v -0.184953004 0.707706988 -0.0293292999
v -0.155095994 0.614938021 -0.0290763006
v -0.173158005 0.360502988 -0.0288459007
v -0.154881999 0.581936002 -0.0287034996
v -0.149441004 0.908568025 -0.0287062004
v -0.156758994 0.486750007 -0.0286723003
v 0.159327999 0.900981009 -0.0284589007
v 0.137328997 0.936001003 -0.0284241997
v -0.178082004 0.664331973 -0.0276596006
v -0.171281993 0.63657999 -0.0271496996
v -0.153189003 0.89666599 -0.0268690009
v -0.128168002 0.947171986 -0.0265816003
v 0.212781996 0.81180203 -0.0269214008
v -0.164719 0.605373979 -0.0264864992
v -0.160684004 0.551765025 -0.0262822006
v 0.160187006 0.887005985 -0.0263411999
v -0.190343007 0.679850996 -0.0253436007
v -0.192826003 0.724745989 -0.0247632004
v -0.109072998 0.957028985 -0.0247581005
v 0.202421993 0.827630997 -0.0249323007
v -0.177342996 0.798772991 -0.0244072005
v -0.176835999 0.615175009 -0.0239627995
v -0.170658007 0.565838993 -0.0238288995
v 0.127618998 0.971683025 -0.0238199998
v 0.260224998 0.515057981 -0.0239109006
v 0.236901999 0.703740001 -0.02348
v -0.157537997 0.883368015 -0.0230641998
v -0.166048005 0.476491004 -0.0230279006
v 0.273981988 0.35453099 -0.0232547
v -0.169669002 0.528793991 -0.0226827003
v 0.223688006 0.772126973 -0.0226511005
v 0.217407003 0.796783984 -0.0221957006
v -0.140992999 0.932313025 -0.0217877999
v 0.233364999 0.72299999 -0.0220193006
v -0.124783002 0.938872993 -0.0215108003
v 0.174760997 0.865366995 -0.0216259994
v -0.184191003 0.610242009 -0.0210689008
v 0.122424997 0.991850972 -0.0212654006
v -0.0873398036 1.00109005 -0.0209088009
v 0.153613001 0.917748988 -0.0202747006
v -0.199543998 0.697122991 -0.0198960006
v -0.177919999 0.78827399 -0.0199120007
v 0.143698007 0.934252977 -0.0202000998
v 0.134101003 0.941766977 -0.0200405996
v 0.144064993 0.920881987 -0.0197962001
v 0.268431991 0.421409011 -0.0195025001
v -0.179150999 0.546898007 -0.0189583004
v 0.191352993 0.841057003 -0.0192888007
v -0.197788998 0.661823988 -0.0187710002
v 0.246327996 0.622672021 -0.0188372992
v -0.195123002 0.634603024 -0.0183805991
v -0.183754995 0.399488986 -0.0183619
v -0.173890993 0.474734008 -0.0182344001
v -0.171647996 0.823646009 -0.0181063991
v 0.23917 0.684323013 -0.0182659999
v -0.133405 0.933704972 -0.0175941009
v -0.114010997 0.954843998 -0.0174134001
v 0.261783004 0.489890009 -0.0177433006
v -0.167136997 0.843477011 -0.0172828007
v -0.159989998 0.873966992 -0.0171591993
v -0.183103994 0.758674026 -0.0169227999
v 0.205560997 0.825604975 -0.0172798
v 0.158295006 0.885069013 -0.0171558
v 0.269138008 0.352780014 -0.0166900996
v 0.225254998 0.762040019 -0.0165212005
v 0.134560004 0.930719018 -0.0163209997
v -0.146574005 0.915997028 -0.0159271006
v -0.162370995 0.862649024 -0.0153885996
v 0.188619003 0.844622016 -0.0155846002
v -0.151256993 0.903156996 -0.0149261001
v -0.193562999 0.580678999 -0.0143349003
v 0.164985999 0.875262976 -0.0143571999
v -0.111603998 0.960515976 -0.0139966998
v -0.125582993 0.943415999 -0.0138074998
v 0.215650007 0.798633993 -0.0138521995
v 0.26531601 0.402696997 -0.0137266004
v 0.152094007 0.905838013 -0.0132425996
v -0.189510003 0.538829029 -0.0128939999
v -0.184199005 0.477201998 -0.0124506997
v 0.134911999 0.920307994 -0.0127454996
v 0.218182996 0.785501003 -0.0128287002
v -0.201407999 0.614179015 -0.0123129003
v 0.249792993 0.588316023 -0.0125986999
v 0.152873993 0.893655002 -0.0119190998
v -0.12207 0.941456974 -0.0116362004
v 0.171186 0.867910981 -0.0119246999
v -0.167310998 0.794457972 -0.0110219
v 0.13741 0.932648003 -0.0107995002
v 0.147888005 0.920018971 -0.0104478002
v 0.229672 0.736395001 -0.0104409996
v -0.159953997 0.830780983 -0.0099921003
v -0.207157001 0.682838976 -0.0094944397
v -0.106122002 0.977952003 -0.00945011992
v -0.155812994 0.856357992 -0.00887093041
v 0.260127008 0.43948099 -0.0087863598
v 0.159219995 0.888774991 -0.00845550001
v 0.131389007 0.938318014 -0.00810723007
v -0.186493993 0.732679009 -0.00762407994
v 0.261144012 0.372375011 -0.0079320902
v 0.260253996 0.400148988 -0.00780997984
v 0.252351999 0.550212026 -0.00780064007
v -0.195204005 0.358576 -0.00730101997
v -0.144921005 0.911027014 -0.00720247021
v 0.155737996 0.911615014 -0.00742773013
v 0.169951007 0.800882995 -0.00739165023
v -0.121031001 0.927019 -0.00705430005
v -0.151553005 0.874841988 -0.00693674991
v -0.130912006 0.918753982 -0.00694481982
v -0.117334999 0.953867972 -0.00674189022
v -0.198164001 0.423920006 -0.00645396998
v 0.144185007 0.911706984 -0.00663851015
v -0.149330005 0.832935989 -0.00611930015
v -0.143242002 0.868505001 -0.00587699981
v 0.255288005 0.50552398 -0.00608438021
v 0.166621998 0.826304972 -0.00592724979
v 0.204797998 0.828630984 -0.00579374004
v 0.240061 0.657628 -0.00580073986
v -0.125947997 0.902037024 -0.0053593698
v 0.215563998 0.788964987 -0.00515288999
v 0.172573999 0.878345013 -0.0048436299
v -0.141129002 0.888664007 -0.00450060004
v 0.156287998 0.854591012 -0.00471652998
v 0.156048998 0.902625978 -0.00444384012
v 0.144030005 0.87233001 -0.00422758004
v 0.123260997 0.987537026 -0.00417846022
v 0.25592199 0.471349001 -0.00420582015
v -0.132636994 0.935633004 -0.00358427991
v 0.142423004 0.88688302 -0.00373785011
v -0.136152998 0.928367019 -0.00345216994
v 0.219940007 0.768761992 -0.00370898005
v -0.138126999 0.916157007 -0.00327411992
v 0.141881004 0.935657978 -0.00345788989
v 0.126645997 0.95519501 -0.0033615299
v -0.0998018011 0.999185026 -0.00301378989
v 0.145827994 0.899008989 -0.00323505001
v 0.226400003 0.736633003 -0.00282496004
v 0.183945 0.792241991 -0.00259527005
v 0.255237013 0.348221004 -0.00258874008
v 0.207457006 0.815768003 -0.00220830995
v 0.150640994 0.907308996 -0.00206318009
v -0.210929006 0.635757983 -0.00161295
v -0.211967006 0.666750014 -0.00144810998
v -0.208094999 0.537742972 -0.00134885998
v 0.142091006 0.924865007 -0.00167085999
v 0.254027009 0.438104987 -0.00163280999
v 0.166077003 0.904802024 -0.00132232998
v -0.120348997 0.936307013 -0.000929326983
v 0.142392993 0.861562014 -0.000895408972
v -0.191110998 0.725135028 -0.000460899988
v -0.133285001 0.870926976 -0.000133590001
v -0.205394 0.468437999 -5.90296986e-05
v 0.195161998 0.847617984 -0.000316163001
v 0.154002994 0.880078971 -0.000194833003
v -0.212023005 0.587375998 0.000197242
v 0.173684999 0.839483023 2.78341995e-05
v 0.234347999 0.680155993 0.000403768005
v 0.241007999 0.623274982 0.000526704011
v -0.172599003 0.767768025 0.00138899998
v 0.190917999 0.746559024 0.00108326995
v 0.176685005 0.883570015 0.00116900995
v 0.161658004 0.865529001 0.00119434996
v 0.250337988 0.418614 0.00121573999
v 0.135798007 0.903501987 0.00133815
v 0.135925993 0.877542973 0.00149725005
v 0.19777 0.835475981 0.00148234004
v 0.123967998 0.970197022 0.00157145003
v 0.248448998 0.508957982 0.00145518
v 0.129014999 0.935504973 0.00197057007
v 0.153432995 0.893269002 0.00201775995
v -0.147132993 0.838331997 0.00253564003
v 0.248714998 0.47715801 0.00230882992
v -0.206609994 0.414429009 0.00277808006
v 0.216726005 0.766152978 0.0023693
v -0.210914001 0.501663029 0.00307345996
v -0.119516 0.950380981 0.00315998006
v 0.131943002 0.92710799 0.00307032
v 0.203477994 0.810445011 0.00345074991
v 0.132069007 0.886590004 0.00356551004
v -0.125189006 0.89923501 0.00393247977
v 0.151350006 0.925294995 0.0038592699
v 0.244186997 0.569442987 0.00380119006
v -0.201027006 0.709717989 0.00465204986
v 0.155922994 0.91691798 0.00484821992
v 0.140734002 0.931636989 0.00493081007
v 0.164750993 0.87598002 0.00503034983
v -0.180675998 0.755424023 0.00541607011
v 0.155596003 0.905243993 0.00520733977
v -0.121546999 0.939329028 0.00569082005
v -0.149168 0.889334023 0.00588229997
v 0.197162002 0.800270021 0.00557990978
v -0.215941995 0.647816002 0.00605797023
v 0.205357 0.791194022 0.00570828002
v 0.243697003 0.413563013 0.00580530008
v 0.224298 0.721971989 0.00587928016
v -0.215427995 0.546481013 0.00635877019
v -0.143604994 0.885935009 0.00640087016
v 0.173883006 0.875312984 0.00622212002
v 0.188950002 0.834787011 0.00636680983
v 0.175898999 0.861654997 0.00657550991
v -0.143689007 0.911518991 0.00704577984
v 0.203869 0.759411991 0.00692533003
v -0.130353004 0.93018502 0.00735520013
v -0.160309002 0.803852975 0.00754150003
v -0.120155998 0.949837983 0.00788871013
v 0.212050006 0.750647008 0.00756677007
v 0.154174 0.827337027 0.00764136016
v -0.127157003 0.941735983 0.00796763971
v 0.231542006 0.660365999 0.0077815298
v 0.167740002 0.761430025 0.00787117984
v 0.137929007 0.878198028 0.00802639034
v 0.241358995 0.450468987 0.00798728038
v 0.131601006 0.911602974 0.00821471028
v 0.178112999 0.725302994 0.00816836022
v -0.136866003 0.865796983 0.00849322043
v -0.149042994 0.871033013 0.00878500007
v 0.241448 0.546338975 0.00847698003
v -0.139357001 0.878916979 0.0090274401
v 0.203613997 0.714359999 0.0089828698
v -0.131668001 0.88399899 0.00943651982
v 0.123952001 0.909593999 0.00920601003
v 0.212337002 0.725484014 0.00929416995
v 0.140558004 0.899309993 0.00958329998
v 0.239139006 0.481330991 0.00954359956
v -0.189183995 0.747457027 0.0103046
v -0.138695002 0.908152997 0.0103930999
v 0.238621995 0.507725 0.0103353001
v -0.214303002 0.691078007 0.0109946998
v -0.121766999 0.938278019 0.0110451998
v -0.212090001 0.420450985 0.0115114003
v 0.132376 0.909624994 0.0111702997
v -0.215154007 0.463631004 0.0119054997
v -0.155159995 0.892771006 0.0119446004
v -0.219047993 0.588160992 0.0120871998
v 0.133402005 0.927658021 0.0117851002
v -0.128974006 0.941968977 0.0120799001
v -0.146864995 0.909759998 0.0122237001
v 0.220755994 0.698789001 0.0121077998
v 0.234621003 0.342487007 0.0121509004
v -0.131118 0.901378989 0.0125364996
v -0.166465998 0.870835006 0.0125817005
v -0.200849995 0.733218014 0.0129570998
v 0.235497996 0.579304993 0.0126171
v -0.115119003 0.974411011 0.0130532002
v 0.235835999 0.531732976 0.0127344998
v 0.123741001 0.932603002 0.0130895004
v 0.176441997 0.711609006 0.0130780004
v 0.130229995 0.924169004 0.0132723004
v -0.209591001 0.357239008 0.0136224004
v -0.171029001 0.796995997 0.0136385998
v 0.193311006 0.694158018 0.0133830002
v 0.229513004 0.640425026 0.0135978004
v 0.167813003 0.801452994 0.0138521995
v -0.168644994 0.847846985 0.0144844996
v 0.153904006 0.851602018 0.0142101999
v 0.149406999 0.879498005 0.0143112
v 0.231187999 0.481525004 0.0143839996
v -0.218970999 0.517876029 0.0148791
v 0.167670995 0.747884989 0.0145632997
v 0.131059006 0.900924981 0.0148093002
v 0.136163995 0.886337996 0.0149903996
v -0.155627996 0.843303978 0.0153508
v 0.214348003 0.688660026 0.0157053005
v -0.173885003 0.857381999 0.0161141995
v -0.176340997 0.816160977 0.0163639002
v 0.120235004 0.94789499 0.0161269996
v -0.217246994 0.669727981 0.0165605992
v -0.162578002 0.835806012 0.016578
v -0.121140003 0.948816001 0.0165372007
v 0.196377993 0.679629982 0.0163144991
v -0.126205996 0.922701001 0.0166430008
v -0.181033999 0.786921024 0.0167784002
v 0.230514005 0.567202985 0.0164036006
v 0.227130994 0.381767005 0.0165027995
v 0.226380005 0.431519985 0.0167139992
v -0.126283005 0.93522501 0.0176663008
v -0.109467 0.995607972 0.0179885998
v -0.196917996 0.760957003 0.0182438996
v 0.226932004 0.554271996 0.0179424994
v 0.225163996 0.525066972 0.0181735009
v -0.180810004 0.830763996 0.0186572
v 0.175832003 0.697866976 0.0183058009
v 0.167620003 0.776055992 0.0183227006
v 0.223465994 0.339594007 0.0189181995
v 0.132663995 0.919791996 0.0192665998
v 0.225279003 0.616881013 0.0193105005
v 0.185369 0.678795993 0.0200504009
v 0.204228997 0.661809981 0.0200744998
v -0.142232999 0.902309 0.0207458995
v -0.221377 0.629387021 0.0210622996
v -0.132365003 0.916868985 0.0210111998
v 0.121797003 0.915812016 0.0208211001
v 0.217933998 0.393146008 0.0208890997
v 0.154455006 0.864288986 0.0210046005
v -0.132677004 0.931394994 0.0214003995
v 0.158443004 0.833108008 0.0212584008
v 0.195271999 0.663922012 0.0212584008
v -0.193442002 0.791181982 0.0216489006
v 0.216986001 0.652489007 0.0214552004
v 0.120697998 0.92968303 0.0216065999
v 0.211923003 0.439126015 0.0217042007
v 0.213556007 0.551162004 0.0217872001
v 0.127935007 0.887691021 0.0219112001
v -0.182521999 0.842747986 0.0223268997
v 0.21029 0.499523014 0.0221337993
v -0.153947994 0.885558009 0.0225764997
v 0.215906993 0.33781901 0.0224188995
v -0.216242999 0.402321011 0.0234910008
v 0.215986997 0.56872201 0.0231005009
v -0.212736994 0.722701013 0.0237226002
v 0.219935998 0.609127998 0.0233411994
v 0.218455002 0.584024012 0.0234139003
v -0.124063 0.928762972 0.0240198001
v 0.203862995 0.555042028 0.0241845995
v -0.121841997 0.947107971 0.0246744007
v -0.161878005 0.876698017 0.0248476006
v 0.167179003 0.764536023 0.0246555991
v 0.198972002 0.533738971 0.0246484
v -0.223159999 0.544578016 0.0250972006
v 0.199036002 0.491486996 0.0247572996
v 0.120214 0.980090022 0.0248908997
v -0.206238002 0.756937027 0.0253330003
v -0.221162006 0.477708995 0.0254034009
v 0.199221998 0.442389995 0.0251189005
v 0.166266993 0.809777975 0.0255033001
v -0.221139997 0.639719009 0.0261144992
v 0.203198999 0.406776011 0.0258076992
v 0.191611007 0.492377013 0.0258360002
v 0.189338997 0.536279023 0.0258715004
v 0.116618 0.912330985 0.0259508993
v -0.201921001 0.775541008 0.0262774993
v -0.131549001 0.919694006 0.0264935009
v -0.150296003 0.893903017 0.0265638996
v -0.191495001 0.817892015 0.0267750993
v 0.211253002 0.640312016 0.0263979007
v 0.188650995 0.574546993 0.0266752001
v 0.127344996 0.905879021 0.0267395992
v 0.178678006 0.538707018 0.0270463992
v 0.180601001 0.669571996 0.0272129998
v 0.1972 0.585657001 0.0273410995
v 0.179388002 0.577261984 0.0273688007
v -0.217829004 0.685745001 0.0280715004
v 0.209152997 0.608604014 0.0277190004
v 0.199739993 0.645174026 0.0277513992
v -0.174008995 0.865243018 0.0282405
v 0.186969995 0.462119013 0.0278958008
v 0.199864998 0.367027014 0.0280076992
v -0.219865993 0.661559999 0.0287705008
v 0.165123001 0.751417994 0.0287699997
v 0.173338994 0.505873024 0.0288030002
v -0.140435994 0.913272023 0.0291303005
v 0.145770997 0.860572994 0.0289239008
v 0.116351001 0.883642018 0.0290629007
v 0.124141 0.920350015 0.0291724
v 0.160317004 0.844267011 0.0291495007
v 0.114923 0.866698027 0.0292031001
v -0.142303005 0.919598997 0.0294684004
v 0.120738 0.892172992 0.0292211007
v 0.166912004 0.546809971 0.0291971005
v 0.167382002 0.594336987 0.0294454992
v 0.133561999 0.879011989 0.0297433008
v -0.152935997 0.907580018 0.0306366999
v 0.116576999 0.928533971 0.0305620991
v -0.132452995 0.928268015 0.0309248995
v 0.206140995 0.627229989 0.0305921994
v -0.126192003 0.933409989 0.0309459008
v 0.169780001 0.713271022 0.0306860004
v 0.191832006 0.646758974 0.0307029001
v -0.144615993 0.926319003 0.0312521011
v -0.163567007 0.883988023 0.0312942006
v 0.166820005 0.774442971 0.0311124995
v 0.158240005 0.611180007 0.0311395992
v 0.115050003 0.902132988 0.0312971994
v 0.166251004 0.795331001 0.0316847004
v 0.122804999 0.842383027 0.0318500996
v 0.123648003 0.916857004 0.0318964012
v 0.188590005 0.397271991 0.0318585001
v 0.178831995 0.609030008 0.0319324993
v 0.123870999 0.901380002 0.0320083015
v -0.196489006 0.802293003 0.0324865989
v 0.190711007 0.612800002 0.0321466997
v 0.201238006 0.334015995 0.0322795995
v -0.122516997 0.945464015 0.0326296985
v 0.123342998 0.862101018 0.0326562002
v 0.164952993 0.621890008 0.0331019983
v 0.134865001 0.889787018 0.0333288014
v 0.168320999 0.685438991 0.0333143994
v 0.173807994 0.443618 0.0334665999
v -0.133330002 0.942442 0.0337769985
v -0.223351002 0.600570977 0.0343130007
v 0.123081997 0.911924005 0.0340001993
v 0.112104997 0.913218021 0.0342865996
v -0.209886998 0.739646971 0.0347786993
v -0.222384006 0.45479399 0.0350506008
v 0.140059993 0.639470994 0.0347701982
v 0.144231007 0.571901977 0.0347816981
v 0.129548997 0.841889024 0.0352977999
v -0.188168004 0.830161989 0.0358266011
v 0.115162998 0.927477002 0.0355564989
v 0.114134997 0.898782015 0.0356149003
v -0.182852 0.845876992 0.0362279005
v 0.133383006 0.826682985 0.0361412987
v -0.225281999 0.532597005 0.0365540013
v 0.154580995 0.84887898 0.0364403017
v -0.214263007 0.711916029 0.0368547998
v 0.161139995 0.832643986 0.0365437008
v 0.132828996 0.816435993 0.0365967005
v 0.125995994 0.653876007 0.0368438996
v 0.126294002 0.873892009 0.0368505009
v -0.177617997 0.862491012 0.0371645987
v 0.165217996 0.766640007 0.0369005017
v 0.114 0.951390028 0.0370319001
v -0.119355999 0.965453982 0.0373338014
v 0.181061998 0.631099999 0.0370622985
v 0.167087004 0.632578015 0.0371483006
v -0.216353998 0.693068981 0.0375754982
v 0.177958995 0.393631011 0.037568301
v 0.128949001 0.79164499 0.0376740992
v 0.120784998 0.758880019 0.0380604006
v 0.108237997 0.824648976 0.0380741991
v 0.183809996 0.639815986 0.0381007008
v 0.126921996 0.70688498 0.0382005014
v 0.127724007 0.623045981 0.038385801
v -0.164228007 0.894154012 0.0386901982
v 0.175161004 0.657424986 0.0384104997
v 0.137006998 0.684400976 0.0386541001
v 0.148247004 0.521894991 0.038934499
v 0.105486996 0.854152977 0.0390012003
v 0.132981002 0.739827991 0.0390757993
v 0.111169003 0.800369978 0.0391547009
v 0.161392003 0.819558978 0.0392081998
v 0.110671997 0.775157988 0.0392696001
v 0.107979998 0.917173982 0.0395191982
v 0.165365994 0.705021024 0.0394987985
v 0.129875004 0.889248013 0.0395769998
v 0.104528002 0.841998994 0.0396335013
v -0.123828001 0.94491303 0.0402146988
v 0.135784999 0.899201989 0.0400696993
v 0.162010998 0.792007983 0.0402843989
v 0.161625996 0.807654977 0.0403283983
v 0.125869006 0.921701014 0.040571399
v -0.132259995 0.933115005 0.0408859998
v -0.148256004 0.923119009 0.0409937017
v 0.137674004 0.837089002 0.0409172997
v 0.158231005 0.646512985 0.0410412997
v -0.134653002 0.913254023 0.0413486995
v 0.117325999 0.687443018 0.0413733013
v 0.166886002 0.668990016 0.0414803997
v -0.114312999 0.991369009 0.041891899
v 0.170334995 0.648491025 0.0416644998
v -0.134445995 0.927459002 0.0423172005
v 0.144141003 0.665787995 0.0421193019
v 0.111799002 0.925509989 0.0422472991
v 0.162307993 0.75474 0.0422070995
v -0.198909998 0.779888988 0.0431918986
v 0.152147993 0.481628001 0.0429321006
v -0.124885 0.937590003 0.0432628989
v -0.189658001 0.816745996 0.0434212014
v 0.133900002 0.872578025 0.0432105996
v 0.140606001 0.811079979 0.0432520993
v 0.141934007 0.785951972 0.0432684012
v 0.182554007 0.351518005 0.0432719998
v 0.152490005 0.842481971 0.0433526002
v 0.104267001 0.795556009 0.0435138009
v 0.140116006 0.797618985 0.043487899
v 0.139107004 0.880460024 0.0437562987
v 0.149689004 0.81706202 0.0438073985
v -0.176583007 0.853944004 0.0444884002
v -0.144982994 0.904434025 0.0445064008
v 0.161215007 0.686874986 0.0443127006
v -0.208656996 0.730753005 0.0447398983
v 0.160548002 0.731450975 0.0444168001
v 0.150799006 0.833142996 0.0446376018
v 0.117431998 0.667904973 0.0446791016
v -0.141859993 0.917524993 0.0449431986
v 0.141599 0.762268007 0.0446868986
v 0.138803005 0.857765019 0.0447194017
v 0.110843003 0.730022013 0.0447500981
v 0.145274997 0.859700978 0.0447476991
v -0.215975001 0.680079997 0.0451958999
v -0.143371999 0.893368006 0.0451387018
v 0.162070006 0.66613102 0.0451116003
v 0.145395994 0.724869013 0.0452031009
v -0.132897004 0.943720996 0.0456187986
v -0.217736006 0.657600999 0.0457361005
v -0.165079996 0.885176003 0.0457697995
v 0.14914 0.739578009 0.0456367992
v 0.149771005 0.78124398 0.0459838994
v 0.150556996 0.760267019 0.0461740009
v 0.153945997 0.684189022 0.0464332998
v 0.114166997 0.974438012 0.0465297997
v 0.155558005 0.701308012 0.0465831012
v 0.154706001 0.454248995 0.0470005982
v -0.201058999 0.758997023 0.047546301
v 0.117163002 0.899675012 0.0473640002
v 0.131913006 0.564629972 0.0474266
v 0.119608998 0.911035001 0.0476504005
v 0.165410995 0.405461013 0.0476443991
v -0.129161999 0.897143006 0.0480564013
v -0.124361999 0.945276022 0.0480901003
v -0.140965998 0.867119014 0.0482712016
v 0.099564001 0.827777982 0.0481274016
v -0.217609003 0.643903971 0.0490953997
v 0.183904007 0.329667985 0.0487729013
v -0.137419 0.934656024 0.0491856001
v 0.104971997 0.759684026 0.0489864983
v -0.154706001 0.905543983 0.0493305996
v -0.146488994 0.92020601 0.0493703
v -0.126303002 0.926226974 0.0496741012
v 0.108094998 0.923380971 0.049495399
v -0.183865994 0.807429016 0.0500284992
v -0.220579997 0.618430972 0.0508664995
v 0.0999201015 0.841202974 0.0507358983
v -0.158307001 0.888732016 0.0510017984
v -0.171811 0.84384203 0.0510427989
v 0.100063004 0.810306013 0.0508387983
v -0.186771005 0.791607022 0.0512503013
v -0.210001007 0.702360988 0.0514090993
v -0.121408999 0.946295023 0.0515674986
v -0.149968997 0.82862699 0.0522971004
v -0.166453004 0.831571996 0.0523145013
v -0.161006004 0.812368989 0.0526152998
v -0.138967007 0.852421999 0.0526880994
v -0.157122999 0.870015025 0.0529269017
v 0.106416002 0.72645998 0.0527044013
v -0.131119996 0.885646999 0.0531175993
v 0.113371 0.68522203 0.0529173017
v 0.108241998 0.945456028 0.053152401
v -0.194613993 0.753343999 0.0535460003
v -0.156907007 0.860621989 0.0537373014
v -0.178342 0.788655996 0.053942401
v 0.113963999 0.91701299 0.0538888983
v 0.119406 0.907902002 0.0541879013
v -0.132940993 0.914479017 0.0545482002
v -0.199149996 0.726540983 0.0548623018
v -0.150392994 0.816972017 0.0548226014
v -0.218089998 0.356034994 0.0549410991
v 0.134938002 0.530197024 0.0551799014
v -0.174484 0.77720201 0.0557845011
v 0.101479001 0.857550025 0.0555619001
v 0.119314998 0.889635026 0.0555703007
v -0.222239003 0.414862007 0.0560709015
v -0.211448997 0.671046972 0.0562068
v 0.104365997 0.92138499 0.055980701
v 0.104258001 0.903945982 0.0562019981
v -0.160660997 0.788938999 0.0567092001
v 0.115808003 0.879229009 0.0564529002
v -0.225014001 0.567818999 0.0568728
v -0.183574006 0.753099978 0.0572361983
v 0.122172996 0.611458004 0.0570978001
v -0.215752006 0.641806006 0.0576307997
v 0.127011001 0.576481998 0.0574539006
v -0.125144005 0.916803002 0.0578630008
v -0.167174995 0.771091998 0.0582823008
v 0.107959002 0.834007978 0.0582841001
v 0.158798993 0.402875006 0.0583707988
v 0.148414999 0.451144993 0.0586613007
v 0.109407999 0.895532012 0.0587810986
v -0.124608003 0.943597019 0.0591371991
v -0.129839003 0.931775987 0.0592569001
v 0.141489998 0.488227993 0.0592659004
v -0.121578 0.925602019 0.0597779006
v 0.0978211984 0.907669008 0.0598241985
v -0.123663001 0.909793973 0.0601839982
v 0.104602002 0.805822015 0.0602291003
v 0.104474001 0.75770098 0.0602880009
v -0.179452002 0.737679005 0.0608661994
v -0.119635001 0.935006022 0.0608734004
v 0.108433999 0.903827012 0.0608282983
v -0.149966002 0.79924798 0.0615820996
v 0.103083998 0.787930012 0.0614431016
v 0.113816001 0.913219988 0.0614834018
v -0.226694003 0.472332001 0.0619700998
v 0.101736002 0.860337973 0.0617787987
v -0.168151006 0.752336979 0.0621500015
v -0.125447005 0.892039001 0.0624001995
v -0.208399996 0.659228981 0.0626180023
v 0.167871997 0.357138991 0.0623756014
v 0.116237998 0.899837971 0.0626529008
v 0.0993733034 0.920297027 0.0626763999
v -0.112853996 0.987510026 0.063048698
v -0.214735001 0.623566985 0.0633201003
v 0.111656003 0.87034899 0.0635197982
v 0.114152998 0.82565701 0.063616097
v -0.153398007 0.781916022 0.0641556978
v -0.184483007 0.709963977 0.0643950999
v 0.115633003 0.883647978 0.0643765032
v 0.114837997 0.659143984 0.0643891022
v 0.10069 0.898921013 0.0649022982
v 0.110968001 0.692897975 0.0650430024
v -0.130327001 0.874575019 0.0662124977
v -0.226385996 0.525637984 0.0673303008
v -0.196520999 0.68344599 0.0674541965
v 0.105803996 0.881895006 0.0678922012
v 0.105219997 0.908688009 0.0679029971
v 0.111187004 0.808413982 0.0679041967
v 0.113236003 0.894137979 0.0679384992
v 0.129846007 0.547689974 0.0681189969
v -0.121982001 0.942317009 0.0683951974
v -0.142543003 0.819832981 0.0684192032
v -0.157141 0.762365997 0.0686219037
v -0.132978007 0.900547981 0.0687133968
v 0.112460002 0.856998026 0.0688889995
v -0.165821001 0.735718012 0.0692602023
v 0.120302998 0.852393985 0.0690905973
v 0.108328998 0.790929019 0.0692903027
v -0.123225003 0.916377008 0.0695231035
v -0.138885006 0.837773979 0.069639802
v -0.128719002 0.935833991 0.0696687028
v 0.117480002 0.645500004 0.0694731995
v -0.118868999 0.933943987 0.0698750019
v 0.0939064994 0.917464972 0.070199199
v 0.109012999 0.96845299 0.0703961998
v -0.197983995 0.66494298 0.0713789985
v -0.135167003 0.861810029 0.0718976036
v 0.123010002 0.82950598 0.0725502968
v -0.207297996 0.617653012 0.0730755031
v -0.179066002 0.698107004 0.0734231994
v 0.12077 0.874481022 0.0731362998
v 0.121343002 0.621837974 0.0731369033
v -0.145273 0.810123026 0.0735585988
v 0.118493997 0.894159019 0.0734027997
v -0.217482001 0.355827004 0.0738480017
v -0.139145002 0.875624001 0.0742318034
v 0.105756998 0.871275008 0.0739869028
v -0.221578002 0.550055027 0.0745162964
v 0.104874998 0.886653006 0.0743466988
v -0.138761997 0.910259008 0.0747509971
v 0.112582996 0.726751029 0.0745301992
v 0.168961003 0.326103985 0.074560903
v 0.113142997 0.764508009 0.0748964995
v -0.117931001 0.939840019 0.0753087029
v -0.121004999 0.930042982 0.0753206983
v 0.0948723033 0.93769002 0.0751361027
v 0.0905093998 0.906746984 0.0752743036
v 0.127701998 0.854561985 0.0755029991
v -0.128374994 0.918482006 0.0766140968
v 0.100126997 0.910229981 0.0764733031
v 0.124237999 0.606959999 0.0768390968
v 0.122050002 0.887597978 0.0773094967
v 0.115417004 0.699792027 0.0773504972
v -0.143620998 0.843737006 0.0777793974
v -0.145965993 0.877139986 0.0780339018
v -0.151316002 0.787329018 0.0780543014
v 0.085956499 0.915605009 0.0780183971
v -0.223354995 0.420578986 0.078368403
v -0.213127002 0.577036977 0.0784303024
v -0.227302 0.493741006 0.0790349022
v 0.122124001 0.813932002 0.0786907971
v 0.153648004 0.39428401 0.0788929015
v 0.0926071033 0.908416986 0.0792419016
v -0.129573002 0.934890985 0.079509601
v -0.189998001 0.650826991 0.0795992017
v 0.0863211006 0.898114979 0.0794247016
v -0.155946001 0.757656991 0.0799468979
v -0.145284995 0.909668028 0.0801941976
v 0.105673 0.901867986 0.0803079009
v -0.163001999 0.723881006 0.0807711035
v -0.127324998 0.913100004 0.0807922035
v -0.153965995 0.888912022 0.0810128972
v -0.173124 0.693901002 0.0810924023
v 0.120264001 0.788489997 0.0809606016
v -0.137220994 0.926042974 0.0812205002
v -0.115549996 0.919972003 0.0813509971
v -0.199862003 0.611688972 0.0817065984
v 0.138148993 0.490426987 0.0816813037
v -0.152211994 0.851477027 0.0821349025
v 0.0814805031 0.913950026 0.0819455013
v -0.111008003 0.942636013 0.0822362006
v -0.113500997 0.937062025 0.0829693973
v 0.119488001 0.761433005 0.0827570036
v -0.127248004 0.904675007 0.0833795965
v -0.132709995 0.898579001 0.083638303
v 0.119659998 0.88071698 0.0833977014
v 0.159424007 0.358440995 0.0834043026
v 0.106710002 0.893598974 0.0834596008
v 0.144503996 0.445553988 0.0834631994
v 0.0848129019 0.862812996 0.0837460011
v -0.150520995 0.806501985 0.0842621997
v -0.143003002 0.890990973 0.0842598006
v 0.121591002 0.669292986 0.0841725022
v 0.0864413977 0.874391973 0.0848191977
v 0.0676601976 0.885713995 0.0849919021
v 0.120658003 0.738695025 0.0851309001
v 0.0650746003 0.892054021 0.085378103
v 0.0799743012 0.881399989 0.0854569003
v 0.0732418001 0.87013799 0.0856013
v 0.129557997 0.858286977 0.085620597
v -0.219523996 0.526700974 0.0862047002
v 0.0960187986 0.897503018 0.0859069005
v 0.0749009997 0.912427008 0.0865012035
v 0.0958160013 0.879643023 0.0869115964
v 0.0811552033 0.827580988 0.0872484967
v 0.129400998 0.81734699 0.0872009024
v 0.0750062987 0.846144974 0.0876538977
v -0.182207003 0.645538986 0.0883103013
v 0.0883850977 0.796936989 0.0882844031
v -0.106593996 0.952031016 0.0886961967
v 0.0729945973 0.905568004 0.0885647982
v -0.131796002 0.892270982 0.0889696032
v -0.165169001 0.708030999 0.0891339034
v -0.159125 0.755510986 0.0892482027
v 0.114882 0.862268984 0.0890351981
v -0.125387996 0.900702 0.089289099
v -0.155341998 0.808723986 0.0893763006
v -0.109676003 0.934938014 0.0893424973
v 0.0924741998 0.884652019 0.089206703
v 0.0931202993 0.862587988 0.0892608017
v 0.0900323018 0.901057005 0.0895031989
v 0.067505002 0.877286017 0.0896001011
v -0.0981110036 0.981808007 0.0901634023
v 0.133874997 0.568651021 0.0900909975
v 0.151997998 0.390848994 0.0900987983
v -0.205560997 0.567327976 0.0906120017
v 0.0816671997 0.762006998 0.0906884
v 0.125386998 0.71272099 0.0906979963
v -0.116672002 0.912156999 0.0912804008
v 0.0755411014 0.824898005 0.0911047012
v 0.0738494024 0.746289015 0.0912135988
v 0.163064003 0.324716002 0.0913892016
v 0.066940099 0.911041021 0.0915782005
v 0.0965614021 0.836044014 0.091573298
v 0.0931444019 0.893902004 0.0916287005
v 0.143404007 0.458700001 0.0917081013
v 0.0788493007 0.791912973 0.0917911008
v -0.107206002 0.928340971 0.0920071006
v 0.066536501 0.899609029 0.0918812975
v -0.149514005 0.878423989 0.0923897028
v 0.0653314963 0.729803026 0.0922724009
v 0.0961012021 0.822122991 0.0925412998
v 0.0724153966 0.941717982 0.0928412005
v 0.0552764013 0.734993994 0.0931736007
v -0.193145007 0.601300001 0.0935484022
v -0.166816995 0.849878013 0.0935460031
v 0.157294005 0.359108001 0.0932283029
v 0.0947927013 0.904736996 0.0933588967
v 0.0856058002 0.893019021 0.0935484022
v 0.0471969992 0.736805975 0.0937450975
v 0.0970937982 0.850787997 0.0938088968
v 0.0695684999 0.857447982 0.094220899
v 0.0582465008 0.899891019 0.0945693031
v -0.215445995 0.518528998 0.0949999988
v 0.131343007 0.824532986 0.0948892981
v 0.140627995 0.499283999 0.0950300992
v 0.0460750982 0.864924014 0.0952382013
v 0.0773411021 0.909361005 0.095317103
v 0.109843001 0.860570014 0.095485501
v 0.147807002 0.420985997 0.0954620019
v -0.225958005 0.471623003 0.0958392024
v 0.136775002 0.554643989 0.0954945013
v -0.176705003 0.656325996 0.0959372967
v 0.039358899 0.769299984 0.0958169997
v 0.0895221978 0.763942003 0.095964998
v 0.0373206995 0.739175975 0.0961098969
v -0.123967998 0.910746992 0.0962724015
v 0.129095003 0.744177997 0.0960275009
v 0.132019997 0.626378 0.0962266997
v 0.0852333978 0.91069001 0.0963042974
v 0.0474947989 0.847741008 0.0963464007
v 0.072355099 0.817636013 0.0963343009
v 0.0548902005 0.899004996 0.0964846984
v 0.0332846008 0.759549975 0.0967620984
v 0.0545249991 0.880015016 0.0968222022
v -0.163944006 0.735303998 0.0971037969
v -0.162844002 0.805531025 0.0971091986
v 0.131167993 0.774945974 0.0968372971
v 0.0801806971 0.961659014 0.0969277024
v 0.0389497988 0.81378001 0.0969984978
v -0.142386004 0.876697004 0.0974635035
v -0.215782002 0.355679005 0.0975646004
v 0.0432813019 0.822507977 0.0973401964
v 0.0403303988 0.857044995 0.0974851996
v 0.0504908003 0.897521973 0.0975122973
v 0.130752996 0.669562995 0.0974768028
v 0.101189002 0.884811997 0.097580798
v -0.101080999 0.931491017 0.0977991968
v 0.0355393998 0.797322989 0.0977282003
v -0.118790999 0.919718981 0.0979003012
v 0.0571021996 0.910121977 0.0979709029
v 0.068444103 0.705990016 0.0979802981
v -0.222589001 0.423283994 0.0983154029
v 0.0294151008 0.809765995 0.0982906967
v 0.0866049975 0.897907019 0.0983647034
v 0.033095099 0.73269999 0.0984248966
v 0.0281872991 0.795740008 0.0984579995
v 0.0994623005 0.823006988 0.0984591991
v 0.0933255032 0.878104985 0.0985511988
v -0.155781999 0.859214008 0.0988032967
v 0.0496070012 0.766873002 0.0986469015
v -0.115396999 0.935572028 0.0988254994
v 0.0432775989 0.795208991 0.0988947004
v 0.0975606963 0.859430015 0.0990474969
v -0.133757994 0.905404985 0.0993639976
v 0.0732797012 0.845444977 0.0991792977
v 0.0647761971 0.761635005 0.0994193032
v 0.130100995 0.836347997 0.0996239036
v 0.0980395004 0.844740987 0.0999836028
v 0.139311999 0.536628008 0.100143999
v 0.0323965997 0.839842021 0.100303002
v 0.0602005012 0.890909016 0.100351997
v -0.185423002 0.615029991 0.100723997
v 0.0457273014 0.697300017 0.10063
v 0.0845595971 0.726495028 0.100760996
v 0.0302837994 0.835361004 0.101308003
v -0.116315998 0.921984017 0.101535998
v 0.051034499 0.908846021 0.101387002
v -0.168825001 0.766058981 0.101669997
v -0.137949005 0.898649991 0.101853997
v -0.195471004 0.578639984 0.101942003
v 0.132243007 0.794911027 0.101773001
v 0.0669642016 0.897069991 0.101948
v 0.151547998 0.38467899 0.10193
v -0.207194999 0.533876002 0.102381997
v 0.0701820999 0.789353013 0.102200001
v 0.127772003 0.840497017 0.102231003
v -0.167997003 0.701677024 0.102541998
v 0.0508349016 0.68483901 0.102348
v 0.095825702 0.792077005 0.102395996
v 0.132838994 0.704958022 0.102606997
v 0.0977056026 0.891550004 0.102688
v 0.0261792 0.763409019 0.102801003
v 0.0530426987 0.868143022 0.10306
v -0.127919003 0.919598997 0.10328
v 0.0702025965 0.886790991 0.103175998
v 0.157831997 0.346239001 0.10323
v -0.0946172997 0.928610981 0.103658997
v 0.0633630976 0.677175999 0.103543997
v -0.115974002 0.905809999 0.103797004
v 0.137470007 0.600637019 0.103712
v 0.130704999 0.816236973 0.103777997
v 0.0541291982 0.848811984 0.103905
v -0.220800996 0.480150998 0.104180999
v 0.145674005 0.455067992 0.104038
v 0.0394467004 0.691295028 0.104309998
v 0.0585285984 0.781845987 0.104318
v 0.0538298003 0.930920005 0.104542002
v 0.0240844004 0.836908996 0.104606003
v 0.0369722992 0.89320302 0.104760997
v 0.0989502966 0.834950984 0.104774997
v 0.070934698 0.824142992 0.104891002
v 0.0276373997 0.735722005 0.105310999
v 0.135190994 0.662577987 0.105315
v -0.171166003 0.831852973 0.105633996
v 0.0708191991 0.87075901 0.105442002
v 0.0923328027 0.881992996 0.105452999
v -0.0774744973 0.976311982 0.10565
v -0.110868998 0.931625009 0.105893999
v 0.139801994 0.570140004 0.105823003
v 0.0240512993 0.804848015 0.105994001
v -0.147557005 0.873552024 0.106632002
v 0.143251002 0.49703601 0.106358998
v 0.0518557988 0.881084979 0.106572002
v 0.0306995008 0.897239029 0.106680997
v 0.0473450013 0.874948978 0.106922001
v 0.101149999 0.804311991 0.106999002
v 0.0243466999 0.784530997 0.107116997
v 0.133532003 0.757664979 0.107161999
v -0.156950995 0.857325017 0.107648998
v 0.0512439013 0.895730972 0.107575998
v 0.107294999 0.870462 0.107647002
v 0.0714093968 0.848927021 0.107790001
v -0.0893125981 0.927320004 0.107988998
v 0.00602396019 0.894859016 0.108271003
v -0.143804997 0.888615012 0.108442999
v 0.157252997 0.323505014 0.108231001
v 0.0317968018 0.887117982 0.108401
v -0.166098997 0.845233977 0.108635001
v 0.0352596007 0.906741023 0.108576998
v -0.104217999 0.927833974 0.108767003
v 0.0438768007 0.664478004 0.108705997
v 0.138034999 0.618233025 0.108645998
v 0.0247949008 0.71438998 0.108874001
v -0.173277006 0.794008017 0.10909
v -0.0932739004 0.917716026 0.109232999
v 0.066939503 0.815853 0.109167002
v 0.0980606005 0.783393025 0.109210998
v 0.0544846989 0.866236985 0.109278999
v -0.0859465003 0.926163971 0.109594002
v 0.0348648988 0.859676003 0.109587997
v -0.00172758999 0.905237973 0.109963
v 0.134852007 0.728860021 0.109912001
v 0.00097778195 0.886889994 0.110119998
v -0.121223003 0.887241006 0.110385999
v 0.128815994 0.811239004 0.110212997
v 0.0190345999 0.897427022 0.110322997
v 0.0588168018 0.853479981 0.110315003
v 0.151763007 0.378226012 0.110261001
v -0.118013002 0.906964004 0.110664003
v 0.0247003995 0.77403599 0.110641003
v -0.111979999 0.913510978 0.110881999
v 0.0258026998 0.907002985 0.110815004
v 0.062949799 0.876039982 0.110891998
v -0.100938998 0.915664017 0.111097999
v 0.0223957002 0.829984009 0.110997997
v -0.103441 0.92098099 0.111276999
v 0.053697899 0.958154976 0.111208998
v 0.0652453974 0.833867013 0.111224003
v 0.0110876001 0.883637011 0.111307003
v 0.0635201037 0.845683992 0.111406997
v 0.147707999 0.434213012 0.111435004
v -0.0806989968 0.924921989 0.111702003
v 0.0619824007 0.865518987 0.111602001
v 0.0988131985 0.871461987 0.111615002
v -0.00380248995 0.895343006 0.111860998
v 0.136154994 0.699449003 0.111786999
v 0.0038407601 0.877701998 0.111925997
v -0.172141999 0.826766014 0.112260997
v 0.104648001 0.809507012 0.112002
v -0.118133999 0.919754982 0.112328
v 0.142712995 0.537424982 0.112126999
v 0.119110003 0.841188014 0.112154998
v 0.0603455007 0.638706982 0.112227
v 0.0277823992 0.685616016 0.112287998
v 0.0179807004 0.907507002 0.112516999
v 0.144985005 0.483561993 0.112512
v 0.0244952999 0.752515972 0.112635002
v 0.0789214969 0.673138976 0.112603001
v 0.085363403 0.691344023 0.112597004
v -0.136098996 0.898639977 0.112893
v 0.0235791001 0.880051017 0.112922996
v 0.124093004 0.825592995 0.112825997
v -0.100832 0.911038995 0.11355
v 0.0242119003 0.794898987 0.113426
v 0.137204006 0.669282019 0.113449998
v 0.109617002 0.858283997 0.113605
v 0.140562996 0.595104992 0.113585003
v -0.157086998 0.860934973 0.113899998
v 0.0378434993 0.896686018 0.113721997
v 0.0309900995 0.863180995 0.113729
v 0.0226833001 0.869495988 0.113738999
v 0.0259661991 0.897710025 0.113757998
v -0.212690994 0.49417299 0.114077002
v 0.0945321992 0.742165029 0.113831997
v -0.0653384998 0.951604009 0.114133
v -0.175762996 0.748125017 0.114255004
v -0.0798878968 0.916467011 0.114198998
v 0.0113294004 0.908197999 0.114128001
v -0.0734118 0.923187971 0.114514001
v -0.127177 0.913619995 0.114598997
v 0.0979553014 0.767726004 0.114382997
v -0.174906999 0.801904023 0.114706002
v 0.139317006 0.638692021 0.114536002
v 0.0200951993 0.888023973 0.114675999
v -0.0247198995 0.898711979 0.114803001
v 0.0232565999 0.725335002 0.114779003
v -0.0960827991 0.903047979 0.115152001
v -0.00438258983 0.914147019 0.115254
v 0.0108444998 0.895675004 0.115250997
v -0.186655998 0.600531995 0.115473002
v 0.101919003 0.857456982 0.115327999
v 0.0220991001 0.836050987 0.115419
v -0.0528010018 0.970246017 0.115497001
v 0.0544577017 0.621845007 0.115975
v -0.0664535016 0.922294021 0.116169997
v 0.0361193009 0.88429898 0.116108
v -0.150162995 0.876863003 0.116338998
v 0.0401078984 0.63884002 0.116189003
v 0.0198438 0.706943989 0.11631
v -0.176469997 0.779613018 0.116513997
v -0.0207697991 0.913300991 0.116411999
v 0.129932001 0.781270027 0.116405003
v -0.0917399004 0.896432996 0.116659001
v -0.0288097002 0.914337993 0.116740003
v -0.00581061002 0.878829002 0.116812997
v 0.103862002 0.835762978 0.116807997
v -0.0381809995 0.916043997 0.116976999
v -0.0453894995 0.917638004 0.117076002
v 0.0315971002 0.895024002 0.117064998
v 0.0193751007 0.859350026 0.117086999
v -0.0559413992 0.919659972 0.117257997
v 0.00105949002 0.912706017 0.117233999
v 0.00527436985 0.900085986 0.117361002
v 0.0677606985 0.627390981 0.117363997
v -0.127742007 0.868548989 0.117770001
v 0.100717001 0.778578997 0.117555
v -0.0881291032 0.919155002 0.117764004
v 0.103037 0.79193002 0.117642
v -0.0746119022 0.914766014 0.117918
v -0.0977545977 0.92159301 0.117951997
v 0.141856998 0.572926998 0.117836997
v 0.0253327005 0.887336016 0.118014999
v 0.0301235002 0.93530798 0.118120998
v -0.0409688987 0.943295002 0.118358999
v -0.0805988982 0.905126989 0.118490003
v 0.00864329003 0.875111997 0.118410997
v -0.00468441984 0.867896974 0.118473999
v -0.0119302003 0.913922012 0.118491001
v -0.125191003 0.896306992 0.118647002
v -0.115387 0.888562977 0.118712001
v -0.166801006 0.842399001 0.118844002
v 0.0202300008 0.690006018 0.118666999
v 0.0789991021 0.645744026 0.118629001
v -0.0672537982 0.905628026 0.118864
v 0.114570998 0.836606979 0.118795
v -0.180749997 0.637880981 0.119386002
v -0.176464006 0.710545003 0.119420998
v -0.0222954992 0.889747977 0.119352996
v 0.133018002 0.748371005 0.119204998
v 0.0185797997 0.900569022 0.119560003
v -0.00285979011 0.89468199 0.119588003
v -0.176919997 0.673632979 0.119786002
v -0.0856594965 0.890833974 0.119814999
v -0.195581004 0.559171021 0.119965002
v 0.00487850979 0.861555994 0.119792998
v 0.124908 0.799463987 0.119709
v -0.0475274995 0.906692028 0.119905002
v -0.130309999 0.902594984 0.120077997
v -0.112515002 0.908226013 0.120286003
v -0.122069001 0.863592982 0.120336004
v 0.138327003 0.664067984 0.120484002
v 0.135279998 0.707738996 0.120558999
v -0.172415003 0.820684016 0.120874003
v 0.0492208004 0.602402985 0.120784998
v 0.0160783995 0.879505992 0.120895997
v 0.149311006 0.406204998 0.120765999
v 0.144748002 0.496919006 0.120785996
v 0.0253279004 0.774375021 0.120945998
v 0.0273841005 0.813350976 0.120949
v -0.0450652018 0.895121992 0.121083997
v -0.175819993 0.797219992 0.121592
v -0.222829998 0.44570899 0.121661998
v -0.0256060995 0.903661013 0.121524997
v -0.178536996 0.725068986 0.121835001
v 0.0276650991 0.641924024 0.121680997
v 0.143472999 0.533675015 0.121687002
v 0.119957998 0.806234002 0.121861003
v -0.106926002 0.913803995 0.122236997
v 0.0232356004 0.751110971 0.122124001
v 0.146745995 0.456021994 0.122314997
v 0.0268313009 0.902921021 0.122580998
v 0.140414998 0.61954999 0.122598998
v -0.0175563991 0.962701023 0.122818999
v -0.142160997 0.885407984 0.122951001
v 0.0989046022 0.735558987 0.122914001
v -0.0936919972 0.885079026 0.123117
v -0.00216315011 0.905802011 0.123070002
v -0.204238996 0.523877978 0.123273998
v -0.0819614977 0.917671978 0.123259
v 0.0211239997 0.735399008 0.123282999
v 0.0230845008 0.874459982 0.123397
v 0.0254921 0.848320007 0.123851001
v -0.0217275992 0.903361976 0.124017
v 0.0205361992 0.660251021 0.124219
v 0.131841004 0.733236015 0.124229997
v 0.0181942005 0.957877994 0.124344997
v -0.100809 0.895654023 0.124576002
v -0.0137258004 0.897859991 0.124499999
v 0.00628504995 0.895402014 0.124486998
v -0.0336271003 0.908873022 0.124583997
v 0.0147663001 0.705671012 0.124603003
v 0.0260582007 0.797375023 0.124591999
v 0.105673999 0.780115008 0.124606997
v -0.00501410011 0.848949015 0.124822997
v -0.180170998 0.744601011 0.125018001
v 0.140267 0.594303012 0.124824002
v 0.0923840031 0.684916973 0.124880001
v 0.0211347993 0.88458401 0.124981999
v 0.150882006 0.366210997 0.125195995
v 0.0160284992 0.692808986 0.125340998
v 0.112085 0.805957973 0.125340998
v 0.103032 0.75433898 0.125455007
v 0.0036669001 0.848762989 0.125701994
v 0.123559996 0.778333008 0.125817001
v -0.0263340008 0.891237974 0.126157001
v -0.123411 0.847296 0.126286
v -0.192541003 0.574198008 0.126370996
v -0.0769665018 0.907351017 0.126291007
v -0.169618994 0.826829016 0.126421005
v -0.00626480021 0.879974008 0.126341999
v -0.185273007 0.619138002 0.126537994
v -0.133312002 0.884247005 0.126578003
v -0.177576005 0.785018027 0.126678005
v 0.0783692002 0.607860029 0.126464993
v -0.00804733019 0.869808018 0.126580998
v 0.0124362996 0.87343502 0.126661003
v -0.133421004 0.854417026 0.126934007
v -0.00964276027 0.900366008 0.126963004
v 0.142297998 0.547818005 0.127219006
v -0.070081301 0.892660022 0.127439007
v -0.0511389002 0.915739 0.127431005
v 0.0575642996 0.577938974 0.127338007
v 0.137820005 0.638285995 0.127280995
v 0.0851377025 0.62895298 0.127380997
v -0.101320997 0.890357018 0.127661005
v -0.215667993 0.472862005 0.127795994
v -0.0836092979 0.880388975 0.127729997
v -0.0497276001 0.889369011 0.127752006
v 0.0965849012 0.70135802 0.127658993
v 0.124684997 0.754144013 0.127682999
v -0.108772002 0.900206029 0.128092006
v -0.0587478988 0.907181978 0.128159001
v -0.0409568995 0.906057 0.128166005
v -0.0502743982 0.898971975 0.128298998
v 0.0290408991 0.613695025 0.128310993
v -0.0856626034 0.900653005 0.128493994
v -0.0430420004 0.912612021 0.128459007
v -0.181447998 0.670557022 0.128649995
v -0.0407085009 0.890573978 0.128656
v -0.218034998 0.410147995 0.128856003
v 0.0750098974 0.587876976 0.128665
v -0.0139645999 0.907158017 0.129007995
v 0.132449001 0.691846013 0.128878996
v 0.135565996 0.659880996 0.128886998
v -0.0648173019 0.91841799 0.129524007
v -0.208424002 0.505496025 0.129793003
v 0.0688695014 0.573258996 0.129795998
v -0.0995436981 0.877085984 0.130015999
v -0.180811003 0.757340014 0.130107999
v 0.127927005 0.726817012 0.129842997
v 0.149170995 0.382696986 0.129835993
v -0.181805 0.705115974 0.130171999
v -0.112855002 0.888898015 0.130124003
v 0.110593997 0.755505979 0.130310997
v 0.0249981992 0.890727997 0.130614996
v 0.144070998 0.501856983 0.130606994
v -0.154879004 0.859986007 0.130981997
v -0.0703779012 0.897741973 0.131083995
v -0.0234258994 0.888071001 0.131141007
v 0.0268217009 0.875083029 0.131173
v 0.0272434 0.829677999 0.131255999
v 0.103363998 0.718753994 0.13143
v 0.0037571399 0.837274015 0.131587997
v -0.131229997 0.835263014 0.131853998
v -0.134077996 0.844583988 0.131946996
v 0.146983996 0.422434002 0.131770998
v -0.00912178028 0.851532996 0.131963998
v 0.0181351993 0.877489984 0.132076994
v 0.00989761017 0.722401023 0.132110998
v 0.0154352998 0.866743028 0.132171005
v -0.0313788988 0.899986029 0.132379994
v -0.0234607998 0.868246019 0.132477999
v 0.0242672991 0.790702999 0.132455006
v 0.0204117 0.764195979 0.132534996
v -0.115837 0.841602981 0.132709995
v 0.138926998 0.591593981 0.132618994
v -0.00847265963 0.831767023 0.133076996
v -0.0538298003 0.885062993 0.133234993
v -0.00313832005 0.882505 0.133405
v 0.110354997 0.731225014 0.133541003
v -0.00442693988 0.872883022 0.133849993
v -0.196279004 0.56240499 0.134122998
v 0.124293 0.712751985 0.133853003
v -0.192588001 0.587162971 0.134652004
v -0.110322997 0.880864978 0.134901002
v -0.0489046015 0.872362018 0.134960994
v -0.0748109967 0.899805009 0.135051996
v 0.0248898994 0.86195302 0.134981006
v -0.202061996 0.536504984 0.135239005
v 0.0362498015 0.563511014 0.135266006
v -0.188077003 0.642539024 0.135566995
v -0.0175838005 0.878243983 0.135407001
v 0.0131444 0.847751021 0.135404006
v 0.0640205964 0.54234302 0.135422006
v 0.0146086998 0.662137985 0.135564998
v -0.0809592977 0.891749024 0.135749996
v -0.0447085015 0.902477026 0.135936007
v -0.189847007 0.609324992 0.136134997
v 0.101327002 0.680896997 0.135900006
v -0.184827998 0.689207971 0.136269003
v -0.0377276018 0.894665003 0.136162996
v -0.113199003 0.869153023 0.136242002
v -0.0676954016 0.886604011 0.136233002
v 0.0152824996 0.755165994 0.136197999
v 0.108078003 0.702804029 0.136288002
v -0.184354007 0.718811989 0.136689007
v -0.0873890966 0.861257017 0.136869997
v -0.00315817003 0.898963988 0.136875004
v -0.151899993 0.849470019 0.137110993
v 0.0975672975 0.654453993 0.137180001
v -0.141605005 0.84959501 0.137576997
v -0.103460997 0.872596025 0.137780994
v -0.187895998 0.656924009 0.137978002
v -0.00467057992 0.81566602 0.137799993
v -0.113136001 0.833145976 0.138079002
v -0.139732003 0.825654984 0.138411999
v -0.212444007 0.490756005 0.13865
v 0.0850758031 0.57069701 0.138370007
v -0.0737053007 0.904820979 0.138585001
v 0.120971002 0.686971009 0.138630003
v 0.00830158964 0.826084971 0.138775006
v 0.0219211001 0.614324987 0.138795003
v 0.0179590005 0.83790803 0.138806999
v -0.0739398971 0.877610981 0.139227003
v 0.00725902012 0.709096014 0.139164999
v 0.0551645011 0.522226989 0.139375001
v -0.0198944993 0.884703994 0.139555007
v 0.00435092021 0.890142024 0.139575005
v -0.00715336995 0.842441022 0.139640003
v -0.173070997 0.804472029 0.139818996
v 0.0189516004 0.820752978 0.139965996
v 0.00528038014 0.876008987 0.139991
v 0.126743004 0.644942999 0.139957994
v 0.0093218796 0.80251801 0.140237004
v -0.111161999 0.859615982 0.140520006
v 0.0205272008 0.803348005 0.140433997
v 0.0266394001 0.583804011 0.140551001
v -0.164224997 0.82932502 0.140790999
v -0.0245267991 0.856378973 0.140727997
v 0.109252997 0.670744002 0.140699998
v 0.00521299988 0.747928977 0.140853003
v 0.0819991976 0.550146997 0.141522005
v 0.000790084014 0.802762985 0.141669005
v -0.0543754995 0.880207002 0.141953006
v -0.0343647003 0.882932007 0.142131001
v 0.128273994 0.617235005 0.142279997
v 0.00321810995 0.856226027 0.142672002
v 0.104911998 0.645039022 0.142652005
v 0.0768333972 0.533254981 0.142758995
v 0.118813001 0.654540002 0.142785996
v -0.181015 0.756245971 0.143237993
v -0.0509927012 0.903424025 0.143125996
v -0.126445994 0.81112802 0.143235996
v 0.0155177005 0.79718399 0.143241003
v 0.137145996 0.539822996 0.143180996
v 0.0110628996 0.675894022 0.143803
v -0.0813310966 0.870824993 0.144034997
v -0.0513513014 0.887112975 0.144117996
v -0.0098075904 0.814176023 0.144123003
v 0.102319002 0.625240982 0.144137993
v -0.0539935008 0.869486988 0.144351006
v -0.110714003 0.822036982 0.144552007
v -0.217554003 0.456119001 0.144776002
v -0.00305891992 0.891112983 0.144585997
v 0.0712312981 0.515259027 0.144681007
v -0.175914004 0.785650015 0.145172
v 0.00199447991 0.759298027 0.145046994
v -0.0139266998 0.863178015 0.145098999
v 0.131714001 0.579025984 0.144982994
v 0.0993684977 0.601828992 0.145111993
v -0.0761765987 0.894502997 0.145357996
v 0.065458402 0.496468008 0.145716995
v -0.0119324001 0.889410973 0.145846993
v 0.0172345992 0.634473026 0.145889997
v -0.0658930019 0.898992002 0.146691993
v -0.0977720022 0.856063008 0.146917
v -0.106912002 0.844720006 0.147005007
v 0.119967997 0.615687013 0.147015005
v 0.139757007 0.457957 0.147047997
v -0.171930999 0.798310995 0.147596002
v -0.0432069004 0.850274026 0.147473007
v -0.0210970994 0.845556021 0.147456005
v -0.0404250994 0.864751995 0.147494003
v 0.00909869 0.789319992 0.147522002
v 0.137055993 0.497889012 0.147914007
v 0.00682527013 0.697205007 0.148098007
v -0.0811410025 0.849698007 0.148340002
v -0.184306994 0.731239974 0.148443997
v -0.00745717017 0.795819998 0.148351997
v 0.140424997 0.420724005 0.148288995
v 0.00469742995 0.847182989 0.148631006
v -0.155790001 0.815091014 0.148819
v 0.0372580998 0.519245028 0.148659006
v 0.0291799009 0.552829027 0.148672998
v 0.115929998 0.604076982 0.148634002
v 0.0923032984 0.542723 0.148978993
v -0.162769005 0.817097008 0.149449006
v 0.0823993012 0.510968983 0.149553999
v 0.108994998 0.590120018 0.149825007
v -0.119176999 0.803835988 0.150132999
v 0.0751343966 0.479303986 0.150665998
v 0.0891071036 0.518553972 0.150681004
v -0.109617002 0.811977029 0.150947005
v -0.189945996 0.687646985 0.151173994
v -0.142030999 0.805567026 0.151419997
v 0.127296001 0.551096976 0.151200995
v -0.0135946004 0.866630018 0.151522994
v -0.0295940004 0.856926978 0.151547
v -0.204146996 0.550261974 0.151783004
v 0.0232452005 0.59067899 0.151664004
v 0.105806001 0.562463999 0.151754007
v -0.0123402998 0.846825004 0.151897997
v 0.00296184001 0.730238974 0.152027994
v -0.151381001 0.807323992 0.152183995
v -0.126359001 0.795475006 0.152280003
v -0.00206448999 0.877852976 0.152473003
v -0.187254995 0.708307981 0.153102994
v -0.0695898011 0.877340019 0.152992994
v -0.0695933998 0.86304301 0.153709993
v 0.117591999 0.55033797 0.153559998
v 0.136344999 0.381264001 0.153761998
v -0.0554247014 0.868142009 0.154137999
v -0.200461 0.581162989 0.154616997
v 0.0863144994 0.475612015 0.154401004
v -0.0496000014 0.835511982 0.154634997
v -0.0944458023 0.842774987 0.154871002
v -0.0185566004 0.837504029 0.15501
v 0.0095673399 0.845269978 0.155135006
v -0.00707877008 0.772495985 0.155252993
v -0.208184004 0.355542988 0.155457005
v 0.109619997 0.530256987 0.155173004
v -0.178954005 0.753753006 0.155476004
v -0.0060398099 0.801149011 0.155433998
v -0.060384199 0.892974973 0.155722007
v -0.168065995 0.795064986 0.155919001
v 0.0432307012 0.480751991 0.155774996
v 0.0699582994 0.452639997 0.155876994
v 0.133930996 0.351520002 0.155993
v -0.175804004 0.767969012 0.15636
v -0.0559456013 0.85611099 0.156305
v -0.209566996 0.519002974 0.156528994
v 0.123609997 0.513022006 0.156446993
v 0.00783294998 0.825478971 0.156615004
v -0.00135280006 0.807784975 0.156721994
v -0.00855085999 0.78154099 0.156821996
v -0.194339007 0.641726017 0.157086998
v 0.0164141003 0.665207982 0.156994998
v -0.197415993 0.615433991 0.157262996
v -0.212988004 0.408300996 0.157308996
v -0.0369395018 0.847840011 0.157405004
v 0.129354 0.471558005 0.157590002
v -0.0892565027 0.821029007 0.157912001
v -0.0407482013 0.821801007 0.158352003
v -0.00318044005 0.751928985 0.158323005
v 0.0985521004 0.47202301 0.158252001
v -0.181714997 0.733606994 0.158767998
v -0.0269908998 0.834120989 0.158690006
v 0.0940394998 0.46253401 0.158574998
v 0.00366209005 0.717877984 0.158727005
v -0.213712007 0.445629001 0.159201995
v -0.191085994 0.67326498 0.159210995
v -0.138960004 0.786840022 0.159199998
v -0.0542900003 0.887324989 0.159329996
v -0.0713139996 0.850234985 0.159550995
v 0.115428999 0.484885991 0.159752995
v -0.0762007013 0.88104099 0.160500005
v 0.128727004 0.424721986 0.160346001
v -0.211440995 0.495968997 0.160827994
v 0.0372437015 0.48557201 0.160664007
v -0.168226004 0.782961011 0.160882995
v 0.0102092 0.848778009 0.160793006
v -0.0038644399 0.760559022 0.160921007
v -0.0428285003 0.832885981 0.160999998
v 0.0932575017 0.444790989 0.160938993
v -0.00639594998 0.850319982 0.161483005
v 0.0256466996 0.568535984 0.161514997
v -0.203375995 0.560021996 0.161989003
v -0.099715203 0.805149019 0.162037
v -0.161231995 0.785458028 0.162147999
v -0.121463001 0.780703008 0.162165999
v -0.00553205982 0.858573973 0.162304997
v -0.0720906034 0.842262983 0.162474006
v -0.176043004 0.75196898 0.162608996
v -0.194232002 0.641674995 0.162744001
v -0.200166002 0.587988019 0.162874997
v -0.00273284991 0.776769996 0.163096994
v -0.150139004 0.782308996 0.163451999
v -0.0167289004 0.830869019 0.163388997
v -0.185099006 0.702259004 0.163766995
v 0.125212997 0.320241988 0.163481995
v 0.0235887002 0.615746021 0.163634002
v 0.0314851999 0.507890999 0.163715005
v -0.00454244995 0.836569011 0.163782999
v 0.00101568003 0.736573994 0.16381
v -0.0599822998 0.883755028 0.164009005
v 0.0883923993 0.421620011 0.164235994
v 0.0466940999 0.448258013 0.164506003
v 0.117651999 0.434704006 0.164570004
v 0.0212756004 0.656271994 0.165021002
v 0.0113438005 0.700128019 0.165121004
v 0.00804049987 0.793715 0.165161997
v -0.166344002 0.774609029 0.165772006
v -0.0249930006 0.827880025 0.165793002
v 0.102828003 0.419088006 0.165772006
v -0.190026 0.669301987 0.166142002
v -0.197332993 0.611214995 0.166170999
v -0.0429380015 0.812542975 0.166428998
v -0.0774056986 0.869678974 0.166549996
v -0.0532559007 0.868744016 0.166603997
v 0.121844999 0.398663014 0.166465998
v -0.205188006 0.543016016 0.167146996
v -0.0343424007 0.802452028 0.167036995
v -0.173472002 0.745540977 0.168143004
v 0.00322835008 0.768835008 0.167983994
v 0.00661591999 0.723091006 0.168016002
v -0.135233 0.771288991 0.168233007
v -0.0754769966 0.832844973 0.168188006
v -0.179767996 0.717444003 0.168588996
v -0.0347701013 0.824222028 0.168467999
v -0.0267340001 0.807246029 0.168566003
v 0.067092903 0.403180003 0.168794006
v -0.210187003 0.469316989 0.169134006
v 0.0289453007 0.530606985 0.168920994
v -0.209777996 0.404026002 0.169242993
v 0.00360674993 0.745485008 0.169165
v 0.116782002 0.363579005 0.169382006
v -0.0675046965 0.874768019 0.169701993
v -0.125300005 0.768805981 0.169774994
v 0.0843074992 0.391689986 0.170025006
v -0.00062065298 0.830594003 0.170374006
v -0.100144997 0.788007975 0.170793995
v -0.191758007 0.641790986 0.171605006
v -0.184498996 0.683067977 0.172187999
v 0.110336997 0.383320987 0.172193006
v 0.0231892001 0.669857025 0.172340006
v 0.0160873998 0.796549976 0.172356993
v -0.204949006 0.355684996 0.172744006
v 0.0137472004 0.711394012 0.172590002
v 0.0372563004 0.461948007 0.172840998
v -0.201749995 0.556836009 0.173175007
v -0.205208004 0.523690999 0.173189998
v -0.199163005 0.583642006 0.173249006
v 0.0269569997 0.569338024 0.173385993
v 0.0259722006 0.619319975 0.173473001
v -0.0219206996 0.800499022 0.173602
v -0.0501643009 0.836772025 0.174039006
v -0.0893466994 0.800044 0.174257994
v -0.178195998 0.70362401 0.174517006
v -0.146153003 0.76382798 0.174491003
v -0.171338007 0.732527971 0.174687997
v -0.00807259977 0.825141013 0.174545005
v -0.158706993 0.761687994 0.174836993
v -0.0185397007 0.822838008 0.174858004
v 0.104739003 0.369141996 0.174924999
v 0.0161048993 0.811185002 0.175267994
v -0.122890003 0.760955989 0.175472006
v -0.0749566033 0.837184012 0.175479993
v -0.133954003 0.761303008 0.175779
v -0.0300018992 0.783904016 0.176133007
v 0.0435435995 0.427659988 0.176245004
v 0.0124327 0.740776002 0.176400006
v 0.00757846981 0.831544995 0.176461995
v -0.207304999 0.399904996 0.176699996
v -0.192242995 0.619612992 0.177024007
v -0.0522928014 0.847221971 0.177494004
v -0.0592278987 0.860188007 0.177824005
v 0.0559442006 0.395251989 0.178011
v -0.205510005 0.480453014 0.178957
v 0.0191290993 0.774684012 0.178885996
v 0.0319267996 0.485814005 0.179407999
v 0.0188487004 0.756582975 0.179877996
v -0.201995 0.528513014 0.180305004
v 0.0248700995 0.685289025 0.180105001
v -0.167370006 0.726494014 0.180331007
v 0.0935216025 0.34909001 0.180496007
v -0.0499303006 0.831183016 0.180641994
v 0.0265449006 0.63864398 0.180577993
v -0.176106006 0.688647985 0.180822
v -0.206048995 0.44422701 0.180877
v -0.078593798 0.847728014 0.181253999
v -0.202803999 0.355980009 0.181458995
v -0.143451005 0.75495702 0.181456998
v -0.194435999 0.586401999 0.181542993
v 0.0808874965 0.349918008 0.181596994
v -0.181628004 0.657124996 0.182393998
v -0.113182999 0.754221022 0.182371005
v -0.186960995 0.629117012 0.182573006
v -0.197788998 0.558466017 0.182667002
v -0.00168546999 0.816735029 0.182757005
v -0.169625998 0.707417011 0.183035001
v 0.0279996004 0.571613014 0.182858005
v -0.0413382985 0.781473994 0.183081001
v 0.0987247974 0.319022 0.183326006
v 0.0195646007 0.780013025 0.183455005
v -0.0101065999 0.807120979 0.183564007
v 0.0296142008 0.529049993 0.184486002
v -0.0358771011 0.768081009 0.186234996
v -0.203768 0.416426003 0.186683998
v 0.0319665 0.465369999 0.186683998
v -0.134559005 0.747910023 0.186903998
v -0.00994294975 0.788096011 0.186880007
v -0.0491181016 0.807826996 0.187262997
v -0.175174996 0.663927019 0.187564
v 0.0392138995 0.421613991 0.187750995
v 0.0486841984 0.386464 0.188228995
v -0.0247025006 0.760694027 0.188510001
v 0.0624269992 0.355159998 0.188467994
v -0.00136302004 0.799299002 0.188843995
v -0.150971994 0.733594 0.189004004
v 0.00487009017 0.801850975 0.188890994
v -0.0539923012 0.825975001 0.188995004
v -0.0807842016 0.808266997 0.189062998
v -0.182012007 0.623673975 0.189206004
v 0.0283022001 0.585730016 0.188998997
v -0.200626001 0.485489011 0.189245999
v -0.0603264011 0.838199973 0.189328998
v -0.0663195029 0.841337979 0.189395994
v 0.0275465995 0.630972981 0.189389005
v -0.202758998 0.394185007 0.189744994
v -0.201332003 0.371865988 0.189890996
v -0.123920999 0.742959023 0.190033004
v -0.0135850003 0.768177986 0.190063998
v 0.0310417991 0.494098991 0.190074995
v -0.145193994 0.737477005 0.190257996
v -0.185579002 0.593680024 0.190913007
v -0.201839998 0.438832998 0.191070005
v -0.191507995 0.557721019 0.191484004
v 0.0260256995 0.716566026 0.191606998
v -0.195326 0.523151994 0.191971004
v 0.0294741001 0.538221002 0.191851005
v -0.0529870018 0.815231025 0.192113996
v 0.0132333999 0.782216012 0.192729995
v -0.160701007 0.701780975 0.19325
v -0.00438302988 0.77313 0.193720996
v 0.0329453014 0.446801007 0.193818003
v 0.0218614992 0.751662016 0.194362
v -0.131742001 0.736178994 0.194516003
v 0.0241794009 0.734242022 0.194652006
v 0.0031687899 0.780642986 0.194865003
v -0.0321892984 0.749472976 0.195516005
v 0.0443870015 0.385502994 0.195947006
v 0.0530860014 0.356649995 0.196513996
v -0.0966928005 0.768185973 0.197132006
v 0.0258163996 0.67472899 0.197071999
v 0.0383518003 0.407599986 0.197497994
v -0.152822003 0.704035997 0.198240995
v -0.196608007 0.470580995 0.198365003
v -0.198549002 0.355996013 0.198377997
v -0.166757002 0.65002197 0.198458999
v -0.189753994 0.529457986 0.198679999
v -0.0494194999 0.781426013 0.198981002
v -0.0770898014 0.821552992 0.199099004
v -0.159832001 0.677736998 0.199285999
v 0.0152698997 0.762269974 0.199117005
v -0.198361993 0.427356988 0.199371994
v 0.0704559013 0.319602996 0.199651003
v -0.198549002 0.388529003 0.200637996
v 0.0251515992 0.695569992 0.200849995
v 0.0302549992 0.498632014 0.201149002
v -0.00225577992 0.753489017 0.201484993
v -0.0686471015 0.816024005 0.201614007
v -0.0549174994 0.794928014 0.201602995
v -0.143695995 0.710031986 0.201734006
v -0.172108993 0.595601022 0.202682003
v 0.0301322006 0.468571007 0.202644005
v 0.0334620997 0.432619005 0.202876002
v 0.0285825003 0.553321004 0.202895999
v -0.0175014008 0.732527018 0.203584999
v 0.0280706007 0.57841599 0.203617007
v -0.043210499 0.751312971 0.203934997
v -0.165610999 0.620427012 0.204156995
v -0.00950799976 0.733516991 0.204831004
v 0.0264973994 0.641224027 0.204997003
v -0.0351106003 0.735993981 0.205222994
v -0.124678001 0.720659971 0.205474004
v -0.157554001 0.651939988 0.205568001
v -0.151875004 0.677779973 0.205678999
v 0.0160007998 0.736473024 0.205891997
v 0.0424414016 0.375923008 0.206064001
v -0.132621005 0.708858013 0.207146004
v -0.0657768995 0.800535023 0.207207993
v -0.0513699017 0.771394014 0.207405999
v -0.0275756996 0.723994017 0.207730994
v 0.00736489985 0.740307987 0.207762003
v 0.060457401 0.320890993 0.208073005
v 0.0507164001 0.339148998 0.208237007
v -0.173295006 0.553680003 0.208477005
v 0.0205795001 0.707525015 0.208508998
v 0.0287418999 0.520439982 0.208830997
v -0.105898 0.723219991 0.209316999
v -0.146926001 0.674412012 0.210072994
v -0.0859495029 0.781563997 0.210235998
v -0.163212001 0.586319029 0.210731
v -0.156740993 0.621971011 0.210739002
v -0.0956208035 0.754904985 0.211046994
v -0.177829996 0.51927501 0.211155996
v -0.151810005 0.643558025 0.211273998
v 0.0241349004 0.651854992 0.211759001
v -0.183717996 0.481839001 0.212071002
v 0.0226310007 0.66991502 0.211951002
v -0.158159003 0.597874999 0.212816
v 0.0260035004 0.593518019 0.212828994
v 0.0282569993 0.479052007 0.213494003
v 0.0335529 0.413401991 0.213682994
v -0.0773221031 0.786324024 0.214108005
v 0.0392434001 0.370709002 0.213999003
v 0.0247690007 0.617410004 0.214661002
v -0.138036996 0.679161012 0.215551004
v -0.169210002 0.529286027 0.215939999
v 0.0101274 0.712677002 0.216012001
v -0.0647933036 0.775879025 0.216488004
v -0.00683211023 0.707522988 0.216545001
v -0.158343002 0.568490982 0.216784999
v -0.192295998 0.393853009 0.217148006
v -0.163702995 0.543749988 0.217167005
v -0.144462004 0.639910996 0.217245996
v -0.0407879017 0.730589986 0.217340007
v -0.187088996 0.433638006 0.217894003
v -0.147430003 0.619071007 0.218104005
v -0.150757 0.596082985 0.218446001
v 0.0489230007 0.322903007 0.218345001
v -0.0524100997 0.753152013 0.218713999
v 0.0160447005 0.683221996 0.218860999
v 0.0036482499 0.709022999 0.218889996
v -0.0191648006 0.696439028 0.219187006
v -0.173798993 0.489455998 0.219428003
v -0.182945997 0.448778987 0.219735995
v -0.0895572975 0.751034975 0.219769999
v 0.0198178999 0.631744981 0.221580997
v 0.0237083994 0.561097026 0.222058997
v -0.139973 0.629896998 0.222237006
v 0.0113041 0.68433398 0.222163007
v 0.0334699005 0.393525004 0.222310007
v -0.0489244014 0.739040017 0.223015994
v 0.0292262007 0.435369998 0.222997993
v -0.152959004 0.55043 0.223293006
v 0.0216304995 0.584217012 0.224062994
v -0.147747993 0.564871013 0.224665999
v -0.0813750029 0.753768981 0.224662006
v -0.142507002 0.589913011 0.225051001
v 0.0137646999 0.657607019 0.224913001
v -0.0363227986 0.711539984 0.225039005
v -0.156040996 0.524461985 0.225406006
v -0.173310995 0.460058004 0.225439996
v -0.162034005 0.502844989 0.225444004
v -0.0686874017 0.746922016 0.226646006
v -0.184766993 0.395599991 0.227653995
v -0.180140004 0.422035009 0.227953002
v -0.00542197004 0.684257984 0.228040993
v -0.111546002 0.689072013 0.228259996
v 0.0409777984 0.325010985 0.228478
v 0.0169904009 0.598639011 0.228585005
v 0.0129885999 0.628771007 0.229151994
v -0.189651996 0.356662005 0.229521006
v 0.0219721999 0.516587019 0.229461998
v -0.0448076986 0.71726799 0.229660004
v -0.0965621993 0.715425014 0.229745999
v 0.00721269008 0.657160997 0.229799002
v -0.124164999 0.661217988 0.230296999
v -0.172152996 0.438291997 0.231232002
v -0.148227006 0.518702984 0.231232002
v -0.0173588004 0.669699013 0.231821999
v 0.000251051999 0.667814016 0.231943995
v -0.0607584007 0.718922019 0.232153997
v -0.0784854963 0.729084015 0.232171997
v -0.043670699 0.708213985 0.232169002
v -0.161702007 0.465083987 0.232484996
v -0.103998996 0.685838997 0.233138993
v 0.00636084005 0.628809988 0.233714998
v 0.0305358991 0.372193992 0.233825997
v -0.139503002 0.530431986 0.234665006
v -0.0829264969 0.716130972 0.234851003
v -0.0337028988 0.685841978 0.234816
v 0.0164586008 0.537334979 0.235327005
v 0.0142976996 0.562021971 0.235345006
v 0.0343259014 0.326772004 0.236157998
v -0.124407001 0.599325001 0.236388996
v -0.174429998 0.402150005 0.236537993
v 0.00750146015 0.599201024 0.236848995
v -0.183098003 0.356734008 0.237547994
v -0.0110582998 0.655426979 0.238735005
v -0.166090995 0.419140995 0.239219993
v -0.143776998 0.488911003 0.239237994
v -0.00419653021 0.632309973 0.239309996
v -0.0561356992 0.690039992 0.239528999
v -0.0947851017 0.676877022 0.240125
v 0.0195183009 0.45975399 0.240208
v -0.112585999 0.632076979 0.240498006
v 0.0223849006 0.410699993 0.240790993
v -0.00142800005 0.607805014 0.240874007
v -0.153349996 0.44829601 0.241169006
v -0.0810747966 0.686287999 0.241665006
v -0.174777001 0.371502012 0.242107004
v -0.0436802991 0.671419978 0.242105007
v 0.0151693998 0.486389011 0.242309004
v -0.116769001 0.581027985 0.243055001
v -0.0499309003 0.672837973 0.243059993
v 0.00464570988 0.556861997 0.243218005
v -0.127214 0.523993015 0.243452996
v -0.000401674013 0.581134021 0.243674994
v -0.0251512006 0.642970979 0.244898006
v -0.0114709996 0.610561013 0.245176002
v 0.00977008045 0.507107973 0.245281994
v -0.0151690003 0.620720029 0.245371997
v -0.0967198983 0.639945984 0.245573997
v 0.00620441977 0.526719987 0.245655
v -0.118029997 0.545731008 0.246384993
v -0.00984970015 0.590263009 0.246769994
v -0.0705379024 0.661095977 0.247387007
v -0.103472002 0.607291996 0.247459993
v -0.0239041001 0.622207999 0.248109996
v -0.170075998 0.355978996 0.248574004
v -0.107772 0.569877028 0.249281004
v -0.0563246012 0.650671005 0.249373004
v -0.0670076981 0.649941027 0.249842003
v -0.0194192994 0.588045001 0.250571012
v -0.0135826003 0.569243014 0.250898987
v -0.0436960012 0.635137975 0.251075
v -0.0538924001 0.638105989 0.251430988
v -0.155449003 0.390549004 0.25158301
v 0.00110351003 0.495826989 0.251630008
v 0.0114924004 0.399625987 0.251626998
v -0.0116106002 0.546774983 0.252573997
v -0.00643926999 0.525807023 0.252618015
v -0.0854604021 0.613947988 0.252710015
v 0.00732761016 0.433257014 0.252687991
v -0.126395002 0.473677993 0.252824992
v -0.111019999 0.522616982 0.253439993
v 0.00252086995 0.46183601 0.253533006
v -0.00478067016 0.498041004 0.254514009
v -0.0321502015 0.587872982 0.254646987
v -0.0690314993 0.618102014 0.255037993
v -0.0258942004 0.569383979 0.255131006
v -0.0942905992 0.569051027 0.255396992
v -0.0795250982 0.605732024 0.255519986
v -0.0572131984 0.614965022 0.255733997
v 0.00905236974 0.35740599 0.255867004
v -0.0235757008 0.545388997 0.257322997
v 0.00239754003 0.400368005 0.257932991
v -0.00590445008 0.459984988 0.258168012
v -0.0514132008 0.596343994 0.258233994
v 0.00390092004 0.333346993 0.258729994
v -0.0768629983 0.58493799 0.259283006
v -0.0856107995 0.562044978 0.259314001
v -0.106164001 0.501649022 0.259649992
v -0.0964521989 0.536355972 0.259654999
v -0.0163355004 0.497556001 0.259642005
v -0.0219778009 0.509705007 0.260607004
v -0.034147501 0.54173398 0.261018991
v -0.127798006 0.425339997 0.261651009
v -0.0424740985 0.556926012 0.261610001
v -0.110200003 0.476307988 0.262178987
v -0.0137906997 0.456577986 0.26227501
v -0.0748002008 0.564378977 0.262338012
v -0.00670216978 0.403232008 0.262944996
v -0.0662425011 0.572444022 0.263123006
v -0.00403048983 0.36114499 0.263505012
v -0.055491399 0.564028978 0.263599992
v -0.090991497 0.52007699 0.264548004
v -0.0124840997 0.421968013 0.264611989
v -0.143649995 0.354173988 0.265186012
v -0.0233886 0.468017995 0.265170991
v -0.0317610018 0.491623014 0.265837997
v -0.0798325017 0.527863026 0.267049998
v -0.0389824994 0.499285996 0.267246991
v -0.0968101025 0.482140005 0.268240988
v -0.0141907996 0.364932001 0.268592
v -0.0244238991 0.430000991 0.269006014
v -0.0205556992 0.387686014 0.270354986
v -0.0231570005 0.402222008 0.270626992
v -0.0488504991 0.503951013 0.270821989
v -0.0349945016 0.449503005 0.271084011
v -0.0845206976 0.494789988 0.271376014
v -0.0185560007 0.337900996 0.271393001
v -0.108185999 0.431751013 0.271589011
v -0.0679757968 0.525789022 0.272105992
v -0.121405996 0.386040002 0.272707999
v -0.0448888987 0.453795999 0.273609996
v -0.0352291018 0.421914011 0.273764014
v -0.0898094028 0.459883004 0.274843007
v -0.0330170989 0.388696998 0.275579005
v -0.0749830976 0.469013989 0.276095003
v -0.0591311008 0.45509699 0.276820004
v -0.10368 0.40606901 0.277877003
v -0.0323367007 0.340723008 0.278120995
v -0.0490183011 0.408385992 0.27945599
v -0.0402591005 0.364971995 0.279962003
v -0.115475997 0.352171004 0.280968994
v -0.0606471002 0.41297099 0.281206995
v -0.0914036036 0.392331988 0.28392601
v -0.0513404012 0.344283015 0.285551012
v -0.0638187006 0.346273988 0.289002001
v -0.0737804994 0.347936004 0.291267991
f 1350 1353 1406
f 1418 1406 1353
f 1541 1474 1461
f 1541 1517 1611
f 171 291 400
f 108 89 56
f 1519 1578 1581
f 1519 1497 1465
f 1513 1521 1545
f 1475 1482 1465
f 1500 1547 1543
f 1500 1529 1547
f 1482 1508 1465
f 1523 1572 1580
f 1528 1492 1457
f 1492 1528 1544
f 1356 1432 1446
f 1351 1368 1403
f 1293 1289 1352
f 1199 1179 1173
f 1307 1352 1404
f 1289 1250 1223
f 1156 1184 1199
f 1108 1158 1138
f 1079 965 935
f 886 923 893
f 886 932 985
f 815 932 886
f 796 918 827
f 932 827 907
f 692 746 804
f 918 907 827
f 468 636 609
f 202 172 189
f 172 136 189
f 245 286 279
f 224 278 369
f 1275 1206 1288
f 1288 1363 1354
f 1390 1413 1407
f 1390 1366 1388
f 1369 1377 1361
f 1397 1377 1382
f 1374 1364 1375
f 663 709 636
f 803 798 835
f 650 590 545
f 816 754 825
f 798 723 816
f 801 797 930
f 762 838 847
f 1112 1120 1134
f 1162 1148 1123
f 1213 1229 1243
f 856 930 797
f 861 828 934
f 916 896 967
f 967 885 1030
f 977 1069 1030
f 1019 1069 977
f 952 969 1030
f 1122 1102 1131
f 1195 1162 1186
f 1378 1421 1357
f 1402 1421 1447
f 1381 1355 1402
f 1315 1347 1379
f 1395 1417 1372
f 1564 1535 1548
f 1473 1472 1510
f 1567 1548 1562
f 1562 1478 1539
f 1357 1361 1378
f 1074 958 1033
f 31 59 50
f 1148 1104 1123
f 1208 1291 1192
f 222 325 272
f 142 174 171
f 712 711 713
f 659 789 808
f 982 1074 1062
f 801 725 797
f 140 118 145
f 1284 1318 1340
f 851 1016 1115
f 383 328 413
f 867 912 854
f 476 652 562
f 758 773 711
f 825 822 858
f 5 7 8
f 1369 1361 1343
f 203 279 268
f 1217 1194 1254
f 604 686 566
f 332 385 275
f 834 732 783
f 1484 1488 1524
f 972 957 1008
f 1229 1213 1191
f 1192 1291 1243
f 1515 1521 1482
f 1578 1597 1581
f 1578 1622 1597
f 1162 1195 1148
f 1171 1210 1264
f 33 22 30
f 550 732 545
f 889 1033 958
f 830 733 721
f 1108 1061 1119
f 1105 959 1023
f 885 910 952
f 1204 1299 1227
f 1294 1290 1269
f 1213 1195 1154
f 1128 1166 1113
f 1377 1378 1361
f 914 908 949
f 884 985 1033
f 1187 1224 1201
f 1184 1156 1223
f 1478 1510 1539
f 1336 1256 1328
f 1395 1469 1417
f 1067 1148 1134
f 973 939 1045
f 803 709 798
f 934 924 981
f 1041 1094 1068
f 155 136 172
f 1258 1211 1004
f 1594 1536 1528
f 1354 1363 1413
f 1568 1477 1516
f 930 856 967
f 760 856 682
f 1457 1448 1440
f 1440 1471 1405
f 1468 1478 1466
f 1557 1512 1520
f 1484 1513 1488
f 1474 1418 1461
f 1154 1161 1191
f 1541 1461 1517
f 1333 1343 1361
f 819 658 654
f 859 774 864
f 1209 1185 1175
f 1291 1251 1267
f 1098 1119 1079
f 1390 1383 1375
f 29 32 10
f 1270 1209 1266
f 1395 1372 1360
f 885 952 1030
f 1538 1523 1580
f 774 689 761
f 733 688 721
f 1368 1307 1404
f 542 538 541
f 1154 1191 1213
f 1159 1178 1205
f 1488 1538 1524
f 1119 1158 1108
f 968 1055 1007
f 79 82 58
f 79 58 30
f 1004 649 931
f 1611 1568 1622
f 1370 1359 1362
f 546 567 369
f 804 835 867
f 692 804 688
f 1091 1024 857
f 1289 1293 1299
f 1517 1461 1443
f 1112 1083 1120
f 1057 973 1090
f 1094 1012 1068
f 1083 1103 1094
f 811 914 919
f 1315 1267 1347
f 189 286 245
f 1457 1440 1404
f 1482 1475 1515
f 1497 1561 1550
f 207 224 185
f 822 825 819
f 739 669 822
f 1449 1492 1540
f 910 885 887
f 22 9 30
f 1405 1400 1403
f 1307 1368 1351
f 1352 1307 1331
f 1293 1218 1299
f 1206 1188 1091
f 1434 1469 1395
f 1445 1489 1468
f 1383 1407 1397
f 854 777 748
f 1156 1158 1223
f 1156 1114 1142
f 1291 1208 1222
f 1267 1251 1260
f 1451 1381 1402
f 1154 1167 1113
f 1406 1418 1474
f 1450 1394 1345
f 1112 1069 1103
f 1083 1090 1120
f 1369 1370 1382
f 722 803 728
f 468 510 636
f 947 977 844
f 1199 1225 1179
f 141 123 89
f 891 858 834
f 1515 1475 1497
f 1375 1335 1366
f 1353 1350 1211
f 739 822 819
f 1348 1369 1343
f 1454 1419 1414
f 1178 1159 1212
f 1167 1154 1186
f 1123 1104 1045
f 1597 1622 1568
f 1524 1508 1484
f 1513 1529 1495
f 879 918 796
f 881 932 815
f 930 891 801
f 856 760 843
f 51 61 69
f 271 316 342
f 1070 1108 1111
f 1055 1079 1061
f 1170 1237 1234
f 780 790 720
f 1391 1306 1300
f 1410 1517 1443
f 1418 1258 1385
f 623 567 546
f 884 1033 889
f 884 929 893
f 1477 1568 1517
f 1280 1273 1342
f 1205 1166 1159
f 1175 1145 1147
f 1305 1312 1238
f 778 883 775
f 467 507 622
f 228 282 226
f 1419 1454 1428
f 1074 1098 1062
f 817 686 604
f 1426 1405 1403
f 1540 1492 1544
f 719 749 771
f 1247 1254 1194
f 990 1086 1075
f 142 123 146
f 142 146 174
f 141 89 144
f 1355 1297 1323
f 823 887 818
f 969 905 977
f 2 9 3
f 22 18 9
f 898 770 1003
f 898 913 750
f 1122 1082 1102
f 750 577 665
f 1218 1293 1242
f 1206 1236 1188
f 1535 1445 1507
f 1562 1507 1466
f 1197 1284 1181
f 1270 1334 1260
f 1353 1258 1418
f 15 9 18
f 50 66 48
f 81 67 49
f 1360 1393 1416
f 1489 1427 1463
f 867 907 912
f 1447 1472 1451
f 1205 1178 1229
f 931 1034 1092
f 1207 1218 1242
f 1201 1106 1126
f 1144 1141 1172
f 1182 1146 1106
f 1248 1200 1099
f 1198 1201 1224
f 1066 1047 980
f 1370 1369 1359
f 1504 1536 1594
f 1083 1094 1041
f 1090 1083 1041
f 1374 1362 1364
f 636 709 722
f 723 709 663
f 746 803 835
f 728 692 745
f 728 651 609
f 526 723 663
f 825 754 658
f 947 1019 977
f 977 905 844
f 844 1012 947
f 240 217 252
f 1250 1225 1223
f 1179 1172 1173
f 706 650 732
f 1058 1070 1051
f 718 735 791
f 764 948 855
f 758 711 712
f 929 799 785
f 362 448 389
f 255 320 254
f 593 482 671
f 635 594 677
f 1558 1521 1515
f 1484 1482 1521
f 858 822 706
f 1385 1310 1443
f 1137 1162 1123
f 1067 1104 1148
f 973 1031 1067
f 1031 1045 1104
f 1554 1581 1597
f 1333 1361 1357
f 1402 1357 1421
f 1538 1488 1523
f 1523 1488 1495
f 1572 1523 1500
f 1605 1572 1594
f 932 881 827
f 796 827 881
f 916 967 856
f 834 801 891
f 801 783 664
f 818 896 916
f 1142 1138 1158
f 1142 1111 1108
f 1298 1327 1346
f 1266 1175 1147
f 770 665 502
f 1415 1450 1496
f 1516 1554 1597
f 1089 1171 1115
f 1077 1115 1130
f 1079 1119 1061
f 1366 1303 1311
f 1354 1388 1311
f 793 881 815
f 1516 1597 1568
f 748 804 867
f 748 830 721
f 1581 1561 1519
f 1561 1581 1565
f 1080 1136 1093
f 45 10 11
f 11 16 45
f 1067 1090 973
f 1049 1123 1045
f 936 966 1021
f 1295 1477 1410
f 1132 1277 1295
f 630 640 662
f 1473 1481 1467
f 1454 1467 1428
f 1451 1473 1454
f 1481 1478 1491
f 1473 1478 1481
f 1291 1267 1315
f 1222 1251 1291
f 1347 1267 1260
f 1332 1417 1379
f 1417 1332 1372
f 1469 1434 1487
f 1098 1079 1062
f 923 985 884
f 1383 1390 1407
f 1403 1368 1404
f 1400 1351 1403
f 905 969 952
f 30 58 33
f 259 213 176
f 90 80 77
f 1382 1383 1397
f 1375 1383 1382
f 907 918 912
f 1199 1184 1223
f 1205 1229 1191
f 1192 1243 1229
f 3 1 2
f 816 723 754
f 754 723 658
f 1369 1348 1359
f 1326 1324 1305
f 672 853 842
f 1461 1418 1385
f 1281 1283 1278
f 1326 1245 1284
f 1449 1440 1448
f 1444 1471 1483
f 1356 1255 1253
f 1180 1169 1183
f 207 185 231
f 1374 1382 1370
f 1144 1097 1141
f 862 904 766
f 1202 1292 1215
f 1359 1348 1340
f 149 148 191
f 914 788 908
f 1496 1533 1565
f 1425 1490 1450
f 1339 1274 1351
f 1471 1437 1405
f 291 383 559
f 106 108 56
f 89 126 144
f 169 122 155
f 1103 1039 1094
f 1068 1012 1010
f 1022 1010 922
f 1090 1041 1057
f 1067 1120 1090
f 966 1072 1021
f 955 939 973
f 296 225 275
f 984 786 710
f 841 897 810
f 343 331 327
f 679 753 802
f 766 657 751
f 379 329 436
f 923 886 985
f 815 886 893
f 1335 1287 1268
f 1364 1335 1375
f 739 590 669
f 509 540 613
f 540 509 550
f 625 646 613
f 519 554 568
f 418 459 553
f 431 473 390
f 628 598 612
f 356 354 297
f 356 315 376
f 715 853 672
f 524 607 477
f 872 926 812
f 131 164 156
f 226 215 184
f 96 90 97
f 1189 1118 1091
f 938 743 638
f 971 961 902
f 902 870 844
f 842 924 828
f 824 779 922
f 934 961 971
f 961 934 981
f 991 924 842
f 1328 1256 1272
f 1331 1307 1241
f 1198 1224 1183
f 1255 1221 1220
f 1201 1182 1106
f 1283 1261 1278
f 1302 1296 1286
f 1278 1286 1281
f 1132 1152 1277
f 1277 1214 1337
f 948 764 829
f 1517 1568 1611
f 804 746 835
f 746 692 728
f 1547 1529 1545
f 1559 1558 1525
f 1521 1513 1484
f 1513 1545 1529
f 1506 1483 1464
f 525 685 631
f 426 339 274
f 32 29 45
f 1292 1304 1358
f 1358 1446 1429
f 505 433 353
f 203 229 188
f 1019 1103 1069
f 931 1092 1004
f 402 285 259
f 1120 1067 1134
f 82 81 53
f 19 27 35
f 109 118 76
f 26 50 48
f 301 273 250
f 58 82 53
f 279 202 245
f 172 188 155
f 261 229 268
f 145 109 130
f 73 86 93
f 132 180 168
f 65 54 73
f 60 44 51
f 161 173 137
f 62 74 63
f 116 98 72
f 116 72 113
f 1451 1414 1381
f 1205 1191 1161
f 1318 1364 1362
f 691 693 823
f 760 630 662
f 693 640 672
f 784 921 853
f 993 1036 926
f 860 950 960
f 862 840 892
f 888 690 943
f 941 780 810
f 432 414 409
f 675 720 790
f 674 780 608
f 1512 1429 1446
f 1520 1446 1480
f 968 965 1079
f 919 958 982
f 740 965 927
f 740 773 788
f 845 660 799
f 740 782 724
f 949 884 889
f 929 908 799
f 820 929 785
f 845 799 908
f 434 563 560
f 660 785 799
f 673 793 815
f 560 626 487
f 476 448 593
f 385 480 384
f 859 767 774
f 655 647 532
f 179 223 208
f 175 225 253
f 306 263 241
f 889 958 919
f 889 919 949
f 864 777 879
f 512 609 651
f 609 512 468
f 603 719 617
f 334 329 379
f 446 298 406
f 541 439 473
f 468 436 510
f 379 436 468
f 446 538 526
f 329 298 446
f 526 436 446
f 688 745 692
f 771 781 719
f 706 732 834
f 732 550 664
f 615 697 551
f 725 664 550
f 725 697 682
f 662 691 843
f 1515 1497 1558
f 1497 1550 1558
f 1499 1558 1537
f 1435 1499 1479
f 1215 1099 1153
f 1052 1042 1002
f 645 584 484
f 1314 1248 1215
f 658 819 825
f 538 658 526
f 1330 1326 1348
f 1196 1048 975
f 1251 1270 1260
f 1416 1434 1395
f 1464 1449 1540
f 1471 1440 1449
f 1543 1506 1464
f 1483 1471 1464
f 1077 998 984
f 995 833 998
f 417 372 425
f 753 679 678
f 752 676 679
f 821 794 873
f 505 286 534
f 364 318 324
f 266 290 311
f 322 347 378
f 698 682 697
f 1299 1250 1289
f 1250 1204 1179
f 1114 1156 1105
f 971 910 887
f 905 910 971
f 1323 1357 1355
f 1323 1302 1325
f 843 916 856
f 662 843 760
f 1336 1328 1317
f 1338 1313 1308
f 838 936 847
f 757 913 1018
f 805 877 868
f 750 757 656
f 1021 837 852
f 860 960 911
f 1107 962 832
f 503 729 415
f 1024 1160 1056
f 1207 1241 1259
f 1253 1274 1339
f 87 114 110
f 619 588 602
f 619 599 588
f 402 259 517
f 267 302 278
f 244 237 274
f 604 426 415
f 309 349 321
f 277 244 274
f 817 604 729
f 817 928 871
f 1050 1053 928
f 192 237 214
f 206 192 214
f 214 247 248
f 936 838 850
f 762 757 875
f 913 757 750
f 1355 1381 1297
f 1359 1340 1362
f 1023 963 978
f 41 45 16
f 16 71 41
f 197 150 107
f 1060 1038 1084
f 1176 1180 1221
f 1066 1139 1176
f 925 1020 1046
f 980 954 826
f 1152 1077 1174
f 230 257 336
f 139 103 138
f 564 727 776
f 335 419 391
f 188 229 216
f 395 547 525
f 742 809 727
f 802 752 679
f 637 685 525
f 696 685 637
f 742 714 685
f 809 742 744
f 68 98 71
f 325 289 408
f 221 197 289
f 129 258 102
f 363 408 357
f 160 106 150
f 177 144 166
f 166 217 177
f 217 166 222
f 287 252 217
f 287 272 326
f 252 294 240
f 217 222 272
f 437 699 489
f 866 917 920
f 6 7 5
f 16 11 5
f 13 16 8
f 36 16 24
f 13 8 12
f 15 18 19
f 641 524 513
f 576 459 386
f 376 405 441
f 344 386 370
f 315 356 297
f 388 406 298
f 219 265 251
f 297 238 315
f 282 270 226
f 193 164 182
f 235 304 232
f 251 193 219
f 232 178 235
f 305 322 344
f 578 589 605
f 475 378 374
f 475 485 530
f 614 595 605
f 576 589 568
f 740 788 811
f 788 773 845
f 758 712 741
f 602 588 571
f 712 713 735
f 626 523 487
f 23 21 12
f 1181 1107 1197
f 1006 1140 1165
f 1006 953 871
f 539 566 642
f 515 435 537
f 349 442 393
f 349 393 321
f 453 515 569
f 466 462 443
f 679 600 678
f 753 678 790
f 780 941 945
f 608 515 537
f 537 581 674
f 810 695 841
f 515 410 435
f 301 387 346
f 387 437 489
f 992 941 1000
f 518 600 511
f 331 309 295
f 399 453 442
f 874 979 943
f 445 705 653
f 987 1026 1014
f 890 1001 1017
f 1044 1153 1099
f 398 456 422
f 653 614 440
f 449 485 416
f 324 313 364
f 313 355 377
f 164 178 156
f 90 92 97
f 445 377 355
f 355 340 394
f 246 290 266
f 196 281 209
f 133 88 135
f 97 121 96
f 154 195 135
f 234 269 233
f 374 347 350
f 269 228 233
f 97 119 125
f 705 445 478
f 445 394 478
f 246 266 196
f 148 110 114
f 120 137 114
f 168 161 132
f 120 93 86
f 74 62 65
f 69 60 51
f 57 73 40
f 54 37 73
f 165 218 180
f 227 165 200
f 346 273 301
f 264 273 307
f 264 246 218
f 381 346 427
f 95 64 66
f 37 34 25
f 42 25 34
f 66 64 48
f 38 26 48
f 44 60 55
f 61 88 83
f 250 227 200
f 26 38 20
f 14 20 38
f 375 447 351
f 759 620 655
f 596 597 639
f 571 565 573
f 469 481 498
f 521 493 464
f 610 488 583
f 488 438 341
f 113 152 159
f 111 139 170
f 351 256 254
f 561 516 522
f 531 522 497
f 456 403 472
f 472 430 493
f 561 522 531
f 465 481 454
f 429 465 454
f 481 465 500
f 429 454 428
f 422 429 404
f 460 422 456
f 484 451 425
f 348 359 404
f 404 428 425
f 359 398 404
f 451 499 401
f 372 417 366
f 532 490 447
f 254 320 351
f 557 587 556
f 557 516 561
f 175 186 225
f 319 223 253
f 802 866 763
f 46 68 36
f 72 70 113
f 113 75 99
f 116 113 159
f 12 8 7
f 31 35 59
f 26 31 50
f 35 31 15
f 76 50 59
f 109 76 59
f 118 101 76
f 115 130 109
f 94 84 67
f 109 59 84
f 109 145 118
f 130 200 145
f 118 140 101
f 76 66 50
f 153 124 165
f 457 437 391
f 271 250 220
f 391 342 316
f 181 130 169
f 127 130 115
f 130 181 200
f 200 181 220
f 759 639 620
f 602 596 701
f 619 668 680
f 701 813 668
f 813 855 906
f 718 791 730
f 718 730 741
f 731 655 681
f 558 544 543
f 574 544 634
f 332 262 263
f 396 306 304
f 156 178 190
f 332 306 396
f 937 878 975
f 1170 1196 1237
f 1196 1276 1237
f 975 1048 1013
f 1168 1133 1170
f 667 423 585
f 392 361 360
f 778 667 703
f 878 937 778
f 392 423 504
f 261 271 220
f 759 730 791
f 432 409 504
f 506 450 432
f 504 632 506
f 474 466 450
f 621 768 695
f 768 621 933
f 474 533 466
f 1011 1032 1037
f 674 581 695
f 778 775 667
f 734 504 667
f 667 775 734
f 1063 1093 1100
f 1084 1076 1100
f 775 895 734
f 504 734 632
f 443 462 414
f 443 414 432
f 462 435 414
f 1003 770 970
f 1076 1084 1038
f 805 868 892
f 594 750 656
f 708 677 656
f 1121 1155 1101
f 1081 1084 1095
f 632 502 506
f 409 397 392
f 537 435 462
f 878 703 642
f 268 353 335
f 433 564 419
f 433 419 335
f 433 727 564
f 714 727 433
f 776 648 564
f 776 727 809
f 433 505 714
f 699 648 776
f 457 648 437
f 433 335 353
f 727 714 742
f 648 699 437
f 794 699 776
f 776 809 873
f 776 873 794
f 707 699 794
f 391 437 342
f 1095 1190 1125
f 1240 1311 1303
f 1410 1443 1310
f 1230 1410 1310
f 27 18 53
f 49 53 81
f 1552 1561 1533
f 199 163 162
f 1239 1221 1304
f 1304 1255 1356
f 1429 1408 1358
f 1358 1304 1396
f 1135 1087 1047
f 1135 1176 1202
f 1456 1423 1444
f 1376 1423 1432
f 542 541 549
f 541 446 406
f 1107 1181 1124
f 258 129 242
f 325 222 221
f 408 403 325
f 294 287 338
f 371 338 403
f 160 221 222
f 1287 1335 1364
f 1165 1140 1245
f 618 597 586
f 60 78 75
f 256 167 159
f 91 78 85
f 103 85 83
f 99 111 152
f 103 157 138
f 133 83 88
f 198 157 134
f 60 70 55
f 43 52 51
f 20 31 26
f 15 31 20
f 67 59 27
f 989 1025 944
f 1078 1080 1043
f 1038 970 1025
f 982 958 1074
f 1204 1172 1179
f 1415 1337 1386
f 1386 1337 1301
f 1301 1394 1386
f 1203 1301 1244
f 1394 1301 1345
f 1386 1450 1415
f 1337 1244 1301
f 1203 1345 1301
f 1264 1203 1171
f 1115 1171 1203
f 1157 1210 1171
f 1171 1089 1157
f 1042 1089 1028
f 765 851 704
f 1210 1306 1264
f 1231 1306 1210
f 1157 1089 1200
f 645 765 704
f 484 470 645
f 574 529 498
f 1042 836 683
f 683 1002 1042
f 1322 1240 1303
f 1366 1322 1303
f 1075 1110 1109
f 1113 1110 1086
f 1128 1113 1086
f 1086 1040 1128
f 1102 1088 1131
f 1163 1145 1175
f 1163 1159 1128
f 1128 1159 1166
f 1102 1082 1088
f 1228 1256 1190
f 1217 1190 1095
f 1217 1101 1155
f 1101 1217 1095
f 1247 1262 1249
f 1217 1228 1190
f 1226 1262 1247
f 1136 1143 1194
f 898 1040 990
f 1018 990 1075
f 615 551 496
f 625 654 542
f 646 628 613
f 542 646 625
f 1302 1324 1325
f 1312 1324 1302
f 1285 1276 1312
f 1238 1276 1196
f 1330 1324 1326
f 1232 1305 1238
f 1234 1237 1285
f 1234 1246 1170
f 1034 931 755
f 736 755 559
f 1034 1129 1092
f 400 559 755
f 400 291 559
f 931 649 755
f 249 236 211
f 249 205 243
f 236 276 328
f 413 629 559
f 736 559 629
f 736 964 1034
f 964 846 995
f 833 846 629
f 670 499 451
f 846 964 736
f 1152 995 998
f 162 141 144
f 204 177 217
f 249 243 292
f 249 330 276
f 328 276 330
f 330 249 310
f 328 401 413
f 348 310 292
f 287 326 338
f 252 287 294
f 287 217 272
f 1230 1132 1295
f 423 360 380
f 1143 1133 1168
f 702 832 962
f 201 170 255
f 201 111 170
f 210 201 254
f 424 341 256
f 159 152 210
f 341 424 488
f 438 488 555
f 521 464 438
f 341 438 336
f 336 257 341
f 341 257 256
f 230 336 242
f 1300 1306 1231
f 1441 1479 1391
f 1479 1425 1391
f 1450 1490 1533
f 1565 1533 1561
f 1533 1496 1450
f 1272 1290 1328
f 1269 1290 1254
f 1294 1249 1327
f 1319 1346 1387
f 1308 1336 1317
f 1308 1365 1338
f 1282 1329 1334
f 1328 1319 1317
f 1371 1317 1319
f 1341 1420 1327
f 1430 1427 1365
f 400 755 649
f 846 736 629
f 833 995 846
f 998 833 814
f 1005 984 710
f 1077 984 1005
f 661 833 499
f 786 670 644
f 814 833 661
f 499 670 661
f 170 208 255
f 245 202 189
f 733 771 688
f 688 771 745
f 687 745 749
f 728 745 651
f 771 733 781
f 745 771 749
f 830 781 733
f 830 864 738
f 761 864 774
f 738 719 781
f 603 749 719
f 749 622 687
f 700 738 787
f 671 601 700
f 365 458 382
f 492 617 548
f 467 365 333
f 396 304 358
f 467 622 603
f 458 467 603
f 334 452 507
f 265 298 329
f 388 337 354
f 334 265 329
f 251 265 333
f 194 299 235
f 219 238 298
f 288 238 215
f 390 376 431
f 337 298 297
f 390 354 356
f 298 265 219
f 700 601 617
f 507 512 687
f 687 512 651
f 687 651 745
f 782 740 927
f 764 713 829
f 968 927 965
f 968 988 957
f 988 1058 957
f 831 1008 978
f 1058 988 1070
f 1051 978 1058
f 1051 1064 1023
f 988 1007 1070
f 1111 1064 1051
f 906 882 839
f 1009 959 1105
f 711 724 782
f 829 713 711
f 782 829 711
f 741 769 758
f 769 792 758
f 792 773 758
f 792 726 626
f 713 764 735
f 718 712 735
f 735 764 855
f 906 855 972
f 813 839 668
f 756 680 882
f 959 1009 899
f 808 899 925
f 694 680 756
f 659 619 694
f 588 599 558
f 571 588 543
f 737 574 634
f 1097 1126 1059
f 741 712 718
f 726 769 731
f 487 434 560
f 319 320 223
f 260 225 293
f 362 384 448
f 855 948 972
f 948 829 927
f 957 972 948
f 972 1008 882
f 668 602 701
f 813 701 791
f 954 956 826
f 512 379 468
f 1149 1238 1196
f 1149 983 1035
f 285 213 259
f 102 107 41
f 102 41 71
f 71 16 36
f 363 464 430
f 408 472 403
f 472 408 430
f 363 357 258
f 363 242 336
f 408 363 430
f 289 357 408
f 493 531 497
f 258 357 289
f 521 531 493
f 460 522 516
f 561 555 575
f 575 555 488
f 610 575 488
f 488 424 490
f 488 490 583
f 490 532 583
f 618 583 647
f 618 647 597
f 618 610 583
f 555 521 438
f 587 557 575
f 500 557 556
f 134 103 83
f 135 96 121
f 1214 1244 1337
f 1415 1295 1277
f 1410 1477 1517
f 1212 1208 1178
f 1145 1131 1117
f 495 496 508
f 477 666 615
f 236 291 171
f 174 205 211
f 171 174 236
f 102 258 197
f 221 150 197
f 294 292 240
f 292 243 240
f 1427 1393 1365
f 1308 1317 1365
f 1393 1360 1338
f 1308 1313 1329
f 1365 1393 1338
f 1336 1308 1329
f 593 448 482
f 601 482 480
f 482 448 384
f 480 482 384
f 384 275 385
f 396 385 332
f 382 358 300
f 194 178 164
f 480 463 601
f 601 463 548
f 396 480 385
f 358 382 463
f 382 299 365
f 275 262 332
f 133 195 198
f 444 389 476
f 444 483 412
f 412 434 323
f 717 593 671
f 593 717 652
f 761 652 717
f 624 562 684
f 476 389 448
f 362 389 317
f 761 717 864
f 864 879 859
f 859 879 767
f 684 767 796
f 767 684 689
f 772 684 796
f 673 624 772
f 767 879 796
f 548 617 601
f 548 463 382
f 492 458 603
f 296 275 384
f 225 296 293
f 293 317 260
f 296 384 362
f 260 317 323
f 487 323 434
f 792 626 560
f 864 830 777
f 738 864 787
f 830 738 781
f 719 738 700
f 289 325 221
f 326 272 325
f 1282 1256 1329
f 1329 1313 1334
f 1266 1256 1282
f 1332 1260 1320
f 1163 1175 1185
f 1266 1147 1256
f 1177 1147 1117
f 193 182 238
f 194 164 239
f 182 164 147
f 1478 1473 1510
f 1347 1332 1379
f 1430 1387 1420
f 1420 1387 1346
f 1463 1481 1491
f 1481 1463 1467
f 1313 1360 1320
f 1320 1360 1372
f 1489 1393 1427
f 1416 1393 1487
f 1464 1471 1449
f 411 743 832
f 832 702 517
f 1091 1118 1024
f 402 517 702
f 503 368 402
f 817 729 1050
f 1050 928 817
f 928 1053 1124
f 426 604 566
f 686 817 871
f 380 339 426
f 295 277 339
f 539 426 566
f 349 331 352
f 283 308 312
f 283 312 267
f 308 321 367
f 247 283 267
f 312 367 395
f 285 274 237
f 244 214 237
f 314 285 368
f 440 421 653
f 394 340 478
f 451 366 417
f 552 643 520
f 657 520 643
f 657 747 751
f 643 635 747
f 805 840 747
f 892 909 807
f 933 766 904
f 621 766 933
f 1011 904 862
f 1037 997 1011
f 933 1001 890
f 751 840 862
f 1011 862 865
f 946 869 974
f 863 890 1017
f 805 747 635
f 635 677 805
f 635 643 552
f 594 635 552
f 594 552 577
f 594 656 677
f 594 577 750
f 708 877 677
f 762 708 757
f 940 877 847
f 940 909 877
f 807 909 903
f 807 903 852
f 970 1038 1003
f 1060 1081 1082
f 708 656 757
f 552 491 577
f 491 665 577
f 502 665 491
f 491 552 520
f 898 750 665
f 1054 1040 1003
f 877 805 677
f 502 491 474
f 478 489 705
f 705 489 707
f 387 489 427
f 387 427 346
f 69 61 83
f 63 80 61
f 90 96 80
f 77 92 90
f 110 104 87
f 151 110 149
f 97 125 121
f 92 112 97
f 128 158 119
f 125 154 121
f 135 195 133
f 154 135 121
f 156 125 131
f 154 125 156
f 128 92 104
f 92 128 112
f 110 128 104
f 128 110 151
f 119 97 112
f 1100 1155 1121
f 1155 1100 1093
f 1136 1194 1155
f 1143 1226 1194
f 1093 1063 1080
f 1136 1080 1143
f 1143 1168 1226
f 1143 1078 1133
f 989 1063 1025
f 1080 1063 1043
f 944 1025 970
f 895 944 970
f 895 770 734
f 1038 1025 1076
f 632 734 770
f 770 502 632
f 906 839 813
f 953 1006 1035
f 871 953 848
f 642 848 878
f 642 686 871
f 928 1006 871
f 871 848 642
f 1140 928 1124
f 382 458 492
f 365 299 239
f 225 212 275
f 253 223 175
f 157 175 138
f 186 157 198
f 212 186 198
f 175 223 179
f 223 255 208
f 375 320 319
f 319 420 375
f 320 255 223
f 320 375 351
f 178 194 235
f 962 1050 729
f 707 821 705
f 489 478 427
f 381 427 478
f 381 478 340
f 307 346 381
f 311 290 340
f 311 340 355
f 266 281 196
f 264 290 246
f 307 340 290
f 196 168 246
f 920 992 979
f 873 979 821
f 920 873 866
f 917 866 802
f 790 917 753
f 675 678 600
f 790 945 917
f 675 790 678
f 608 720 675
f 674 810 780
f 608 569 515
f 518 453 569
f 810 674 695
f 897 841 863
f 753 917 802
f 992 920 917
f 675 569 608
f 780 720 608
f 600 679 591
f 397 414 435
f 410 352 361
f 1000 941 810
f 810 897 1000
f 979 1000 1027
f 518 442 453
f 442 518 511
f 410 399 352
f 399 349 352
f 569 675 600
f 802 763 752
f 591 679 676
f 992 1000 979
f 979 1027 943
f 690 874 943
f 888 943 987
f 1014 888 987
f 690 888 716
f 979 874 821
f 874 690 821
f 915 926 872
f 616 812 641
f 477 486 513
f 535 580 513
f 519 535 486
f 479 486 477
f 768 863 841
f 768 841 695
f 581 621 695
f 154 156 190
f 225 260 253
f 349 399 442
f 690 705 821
f 653 705 690
f 806 1015 942
f 1561 1497 1519
f 893 820 815
f 673 815 820
f 929 820 893
f 820 785 633
f 820 633 673
f 660 633 785
f 633 494 673
f 624 673 483
f 562 624 483
f 772 624 684
f 538 446 541
f 658 538 654
f 6 20 7
f 220 181 216
f 261 220 216
f 183 216 181
f 744 742 696
f 742 685 696
f 525 547 637
f 536 395 367
f 373 395 525
f 395 373 302
f 536 591 637
f 511 536 393
f 676 637 591
f 676 696 637
f 809 763 866
f 763 744 696
f 547 395 536
f 696 676 763
f 308 367 312
f 61 52 63
f 63 74 77
f 63 47 62
f 199 240 205
f 211 205 249
f 243 205 240
f 217 240 204
f 329 446 436
f 541 473 549
f 549 598 628
f 549 628 646
f 628 612 570
f 554 495 570
f 554 570 612
f 473 354 390
f 572 602 571
f 1198 1183 1182
f 1187 1201 1144
f 1224 1207 1183
f 1224 1218 1207
f 1242 1331 1241
f 1242 1241 1207
f 1274 1259 1241
f 1259 1253 1220
f 1241 1307 1274
f 1351 1274 1307
f 1198 1182 1201
f 1169 1146 1182
f 1146 1096 1106
f 521 555 561
f 1163 1185 1212
f 1163 1131 1145
f 1185 1209 1251
f 1222 1185 1251
f 1163 1212 1159
f 584 704 710
f 645 704 584
f 1190 1256 1177
f 1272 1256 1228
f 1177 1117 1125
f 517 259 411
f 638 743 411
f 1032 1036 1037
f 1011 997 904
f 1032 1011 946
f 1049 1045 901
f 940 847 936
f 936 1021 994
f 1021 1072 1022
f 850 762 875
f 850 894 966
f 894 955 966
f 966 955 1072
f 852 994 1021
f 994 903 940
f 779 837 922
f 994 852 903
f 922 1010 1012
f 870 961 981
f 1022 1072 1071
f 955 894 939
f 1072 955 1057
f 901 1045 939
f 1137 1049 1109
f 894 901 939
f 1018 1109 1049
f 875 1049 901
f 762 850 838
f 894 850 901
f 135 88 96
f 191 151 149
f 187 233 228
f 944 895 775
f 989 944 883
f 1063 989 1043
f 150 221 160
f 166 160 222
f 548 382 492
f 367 393 536
f 1492 1448 1457
f 1482 1484 1508
f 1335 1268 1322
f 1268 1287 1160
f 1322 1366 1335
f 192 176 213
f 28 24 17
f 21 17 12
f 13 17 24
f 6 3 15
f 9 15 3
f 582 587 610
f 556 582 565
f 528 543 514
f 610 618 586
f 527 528 514
f 627 529 574
f 514 544 574
f 683 627 800
f 514 574 498
f 529 469 498
f 514 498 481
f 528 527 556
f 565 528 556
f 514 481 527
f 565 543 528
f 544 558 634
f 543 544 514
f 588 558 543
f 558 599 634
f 1121 1084 1100
f 1330 1343 1333
f 1325 1330 1333
f 1554 1415 1496
f 338 326 403
f 1096 1066 980
f 1047 1066 1135
f 45 29 10
f 10 4 11
f 257 230 167
f 256 257 167
f 851 1115 1005
f 1115 1016 1089
f 1016 851 876
f 787 717 671
f 864 717 787
f 671 700 787
f 865 892 807
f 869 807 795
f 148 173 209
f 191 148 209
f 149 110 148
f 196 209 173
f 281 313 324
f 173 148 137
f 280 281 324
f 324 318 280
f 364 313 377
f 421 364 377
f 421 440 364
f 313 281 266
f 1415 1516 1477
f 1337 1415 1277
f 553 598 501
f 473 431 501
f 598 592 612
f 501 549 473
f 425 451 417
f 834 858 706
f 1536 1544 1528
f 1572 1605 1580
f 824 844 870
f 550 545 540
f 725 550 551
f 508 509 613
f 551 509 496
f 650 545 732
f 545 590 540
f 650 706 669
f 509 551 550
f 607 666 477
f 524 715 611
f 479 495 554
f 479 477 471
f 579 524 641
f 477 513 524
f 640 666 672
f 693 662 640
f 666 611 672
f 607 611 666
f 611 715 672
f 611 607 524
f 519 486 479
f 554 519 479
f 576 568 553
f 519 568 589
f 459 576 553
f 145 200 140
f 250 200 220
f 1450 1306 1425
f 1391 1425 1306
f 334 507 333
f 467 333 507
f 1096 1046 1106
f 368 285 402
f 1088 1081 1095
f 928 1140 1006
f 532 647 583
f 863 1017 897
f 1000 1017 1027
f 987 1027 1026
f 1026 1037 1014
f 1027 1037 1026
f 1027 1017 1037
f 613 570 508
f 1071 1041 1068
f 623 534 567
f 876 1028 1016
f 1066 1176 1135
f 553 441 418
f 370 418 405
f 386 475 530
f 370 386 459
f 386 344 378
f 418 370 459
f 1139 1096 1146
f 1146 1169 1139
f 532 447 461
f 655 532 681
f 606 681 532
f 620 647 655
f 647 620 597
f 597 620 639
f 461 523 606
f 375 461 447
f 461 606 532
f 572 597 596
f 596 602 572
f 586 597 572
f 571 573 572
f 731 769 730
f 759 655 731
f 759 731 730
f 626 681 606
f 731 681 626
f 726 731 626
f 461 420 487
f 606 523 626
f 461 487 523
f 1357 1402 1355
f 896 885 967
f 1445 1535 1469
f 1548 1535 1507
f 1562 1548 1507
f 1548 1567 1564
f 1258 1257 1385
f 1432 1480 1446
f 1456 1506 1520
f 1456 1520 1480
f 1559 1557 1545
f 1559 1545 1521
f 1297 1302 1323
f 1297 1296 1302
f 1281 1286 1296
f 1296 1297 1281
f 286 505 353
f 1408 1380 1215
f 1380 1314 1215
f 1135 1202 1153
f 1321 1248 1373
f 1202 1215 1153
f 1373 1248 1314
f 1200 1052 1099
f 1099 1215 1248
f 1052 1002 956
f 1373 1314 1380
f 1380 1422 1373
f 1435 1422 1476
f 1499 1435 1476
f 1422 1392 1373
f 1391 1321 1392
f 800 956 1002
f 1044 1087 1135
f 1047 1044 954
f 1052 1044 1099
f 1042 1052 1200
f 1231 1200 1263
f 1392 1422 1435
f 737 800 627
f 627 574 737
f 956 800 737
f 826 956 737
f 1263 1200 1248
f 1321 1373 1392
f 1305 1245 1326
f 359 294 338
f 294 359 348
f 348 372 366
f 371 359 338
f 359 371 398
f 366 451 401
f 146 163 205
f 144 177 204
f 412 483 494
f 1124 1053 1050
f 1150 1197 1107
f 1318 1235 1287
f 1124 1050 1107
f 1060 1082 1054
f 158 128 151
f 119 158 147
f 1143 1080 1078
f 1078 1043 1013
f 266 311 313
f 394 445 355
f 264 307 290
f 380 343 327
f 453 399 410
f 302 345 278
f 455 631 546
f 373 455 345
f 231 248 267
f 1172 1187 1144
f 1097 1144 1126
f 1141 1105 1173
f 19 18 27
f 27 49 67
f 7 14 12
f 289 197 258
f 250 273 227
f 342 301 250
f 165 227 218
f 387 301 342
f 1097 1009 1105
f 100 82 105
f 58 22 33
f 122 105 155
f 82 100 81
f 100 105 122
f 122 127 100
f 81 94 67
f 169 188 216
f 27 53 49
f 183 169 216
f 169 127 122
f 268 229 203
f 353 268 279
f 1288 1354 1311
f 1444 1483 1456
f 1367 1437 1376
f 896 818 885
f 823 818 691
f 1295 1410 1230
f 1028 876 836
f 175 179 138
f 1496 1565 1554
f 546 631 623
f 494 633 434
f 633 660 563
f 633 563 434
f 660 845 560
f 660 560 563
f 792 560 845
f 845 773 792
f 1245 1232 1165
f 1232 1149 1165
f 642 585 539
f 953 878 848
f 953 1035 983
f 953 983 878
f 878 983 975
f 752 763 676
f 596 639 701
f 791 701 639
f 1227 1218 1224
f 557 500 516
f 465 429 460
f 454 469 428
f 470 428 469
f 425 428 470
f 429 428 404
f 460 500 465
f 425 470 484
f 355 313 311
f 445 421 377
f 623 631 714
f 975 983 1196
f 429 422 460
f 1388 1354 1413
f 1504 1540 1544
f 1500 1543 1540
f 1342 1414 1419
f 1280 1342 1341
f 1249 1252 1327
f 1273 1414 1342
f 1341 1327 1280
f 1208 1212 1222
f 1178 1208 1192
f 1205 1161 1166
f 1166 1161 1113
f 1369 1382 1377
f 1012 1094 1039
f 1071 1068 1010
f 947 1012 1039
f 1041 1071 1072
f 973 1057 955
f 1045 1031 973
f 853 921 991
f 590 739 654
f 650 669 590
f 822 669 706
f 625 540 590
f 957 1058 1008
f 726 792 769
f 1420 1467 1430
f 1260 1332 1347
f 1271 1262 1246
f 1279 1278 1265
f 1279 1265 1262
f 1261 1265 1278
f 1188 1236 1189
f 249 276 236
f 619 602 668
f 17 13 12
f 477 615 496
f 72 68 46
f 376 370 405
f 370 376 344
f 441 501 431
f 418 441 405
f 592 553 568
f 568 554 592
f 315 344 376
f 598 553 592
f 441 553 501
f 1235 1197 1150
f 1105 1141 1097
f 1172 1141 1173
f 165 140 200
f 485 614 605
f 475 374 416
f 347 374 378
f 303 347 322
f 386 378 475
f 322 378 344
f 1540 1504 1500
f 1543 1547 1506
f 1572 1500 1504
f 1495 1500 1523
f 1142 1108 1138
f 1529 1500 1495
f 1561 1552 1550
f 1552 1533 1490
f 1490 1479 1552
f 1435 1479 1441
f 1521 1558 1559
f 1559 1525 1512
f 1284 1235 1318
f 1110 1113 1167
f 1154 1113 1161
f 1167 1186 1162
f 1162 1137 1167
f 1132 1230 1129
f 452 334 379
f 102 71 98
f 129 102 98
f 98 116 129
f 1203 1130 1115
f 1244 1130 1203
f 1130 1244 1174
f 1174 1244 1214
f 412 323 317
f 331 343 361
f 331 361 352
f 241 263 195
f 1259 1274 1253
f 584 710 644
f 851 710 704
f 471 495 479
f 1007 1055 1061
f 968 1079 1055
f 1061 1108 1070
f 1007 988 968
f 715 784 853
f 942 991 921
f 950 860 999
f 870 860 779
f 981 999 870
f 991 999 924
f 853 991 842
f 981 924 999
f 828 924 934
f 902 961 870
f 842 828 693
f 1364 1318 1287
f 1157 1231 1210
f 529 683 765
f 159 210 256
f 521 561 531
f 736 1034 755
f 1282 1334 1266
f 1270 1266 1334
f 1175 1266 1209
f 1260 1334 1320
f 1360 1313 1338
f 1313 1320 1334
f 1258 1004 1151
f 339 277 274
f 295 309 284
f 327 295 339
f 393 367 321
f 442 511 393
f 284 321 308
f 104 92 87
f 198 134 133
f 780 945 790
f 595 690 716
f 614 690 595
f 595 716 580
f 716 888 915
f 872 616 716
f 595 580 535
f 690 614 653
f 530 589 576
f 530 576 386
f 388 439 406
f 439 388 473
f 159 167 116
f 143 116 167
f 75 70 60
f 46 55 70
f 129 116 143
f 42 55 46
f 46 70 72
f 143 167 230
f 242 129 230
f 366 310 348
f 1287 1150 1160
f 1150 1056 1160
f 1287 1235 1150
f 1426 1403 1404
f 1340 1318 1362
f 559 383 413
f 804 721 688
f 748 721 804
f 134 83 133
f 444 412 389
f 503 415 368
f 702 729 503
f 314 274 285
f 515 453 410
f 185 206 231
f 74 65 87
f 997 1037 1001
f 546 369 455
f 586 582 610
f 1016 1028 1089
f 984 998 814
f 205 163 199
f 174 211 236
f 605 589 530
f 1331 1293 1352
f 1445 1469 1487
f 1466 1478 1562
f 854 748 867
f 1156 1142 1158
f 1473 1451 1472
f 1451 1402 1447
f 1186 1154 1195
f 4 10 1
f 1594 1528 1605
f 1103 1083 1112
f 709 803 722
f 709 723 798
f 969 977 1030
f 105 79 136
f 1225 1199 1223
f 801 834 783
f 1497 1475 1465
f 1390 1388 1413
f 1554 1516 1415
f 1283 1381 1414
f 1273 1283 1414
f 192 206 185
f 777 830 748
f 1114 1111 1142
f 1064 1111 1114
f 1105 1064 1114
f 1111 1051 1070
f 1105 1023 1064
f 1487 1393 1489
f 1468 1489 1491
f 1445 1487 1489
f 1491 1489 1463
f 1463 1427 1430
f 1445 1466 1507
f 1466 1445 1468
f 1341 1419 1428
f 1419 1341 1342
f 1420 1341 1428
f 1185 1222 1212
f 1257 1258 1151
f 1211 1258 1353
f 1331 1242 1293
f 1227 1299 1218
f 1250 1299 1204
f 1572 1504 1594
f 609 636 722
f 728 609 722
f 746 728 803
f 723 526 658
f 947 1039 1019
f 1103 1019 1039
f 1250 1179 1225
f 1204 1227 1187
f 163 123 162
f 1552 1479 1537
f 1067 1031 1104
f 1333 1357 1325
f 1385 1443 1461
f 1049 1137 1123
f 1167 1137 1109
f 982 1062 1079
f 929 884 949
f 1426 1440 1405
f 1400 1339 1351
f 1437 1400 1405
f 1367 1339 1400
f 1367 1400 1437
f 1444 1376 1437
f 1444 1437 1471
f 192 185 176
f 910 905 952
f 971 902 844
f 971 844 905
f 1091 1188 1189
f 1374 1375 1382
f 879 912 918
f 854 912 879
f 777 854 879
f 1156 1199 1173
f 1156 1173 1105
f 1348 1326 1340
f 207 231 224
f 1362 1374 1370
f 1552 1537 1550
f 1537 1479 1499
f 123 163 146
f 123 141 162
f 174 146 205
f 32 106 56
f 126 166 144
f 108 160 126
f 166 126 160
f 108 126 89
f 971 887 934
f 861 934 887
f 823 861 887
f 861 823 828
f 1220 1183 1207
f 1180 1183 1220
f 1183 1169 1182
f 1259 1220 1207
f 1220 1253 1255
f 1221 1180 1220
f 1558 1499 1525
f 1429 1476 1422
f 1512 1476 1429
f 1476 1512 1525
f 1513 1495 1488
f 1557 1547 1545
f 1506 1547 1557
f 1446 1358 1396
f 278 345 369
f 369 345 455
f 202 203 172
f 155 105 136
f 203 202 279
f 286 353 279
f 203 188 172
f 1375 1366 1390
f 693 672 842
f 843 691 818
f 693 828 823
f 1520 1512 1446
f 1559 1512 1557
f 811 935 965
f 935 811 919
f 919 982 935
f 1079 935 982
f 740 811 965
f 788 914 811
f 949 908 929
f 788 845 908
f 673 494 483
f 949 919 914
f 379 512 452
f 526 663 510
f 636 510 663
f 512 507 452
f 801 664 725
f 732 664 783
f 682 698 630
f 760 682 630
f 797 725 682
f 856 797 682
f 1525 1499 1476
f 1366 1311 1388
f 1473 1467 1454
f 1491 1478 1468
f 278 224 231
f 691 662 693
f 1323 1325 1357
f 818 916 843
f 795 852 779
f 795 779 860
f 852 837 779
f 1107 832 1056
f 1189 1268 1118
f 106 32 45
f 1376 1356 1253
f 1253 1339 1367
f 1255 1304 1221
f 237 213 285
f 213 237 192
f 415 729 604
f 214 231 206
f 990 1018 913
f 1109 1018 1075
f 1281 1297 1381
f 36 68 71
f 1139 1169 1180
f 1277 1152 1214
f 1152 1174 1214
f 1130 1174 1077
f 525 455 373
f 631 685 714
f 107 102 197
f 150 106 45
f 4 1 5
f 6 5 1
f 8 16 5
f 16 13 24
f 4 5 11
f 441 431 376
f 376 390 356
f 226 270 215
f 305 270 282
f 215 182 184
f 228 269 282
f 322 305 282
f 288 215 270
f 182 215 238
f 158 228 184
f 228 158 187
f 182 147 184
f 315 305 344
f 578 605 595
f 773 740 724
f 1340 1326 1284
f 1235 1284 1197
f 1245 1181 1284
f 1181 1245 1140
f 1181 1140 1124
f 686 642 566
f 339 380 327
f 380 360 343
f 423 380 539
f 511 600 591
f 295 284 277
f 321 284 309
f 361 343 360
f 449 440 614
f 614 485 449
f 449 364 440
f 350 318 364
f 280 303 269
f 449 350 364
f 374 350 416
f 318 350 303
f 318 303 280
f 191 234 233
f 347 303 350
f 191 233 187
f 191 187 151
f 196 173 161
f 120 161 137
f 120 114 93
f 114 87 93
f 132 161 120
f 180 218 246
f 168 180 246
f 161 168 196
f 132 120 95
f 132 95 117
f 64 86 57
f 124 153 117
f 64 38 48
f 101 124 95
f 86 64 95
f 66 101 95
f 38 64 57
f 95 120 86
f 93 65 73
f 62 54 65
f 37 54 39
f 34 37 39
f 54 47 39
f 34 44 42
f 25 42 28
f 40 37 25
f 23 40 21
f 21 40 25
f 43 44 34
f 55 42 44
f 42 46 28
f 52 43 47
f 39 47 43
f 44 43 51
f 40 73 37
f 153 180 132
f 180 153 165
f 117 153 132
f 124 117 95
f 218 227 264
f 273 346 307
f 264 227 273
f 57 40 23
f 28 21 25
f 28 17 21
f 148 114 137
f 92 74 87
f 93 87 65
f 522 456 497
f 456 522 460
f 404 425 407
f 425 372 407
f 348 407 372
f 670 584 644
f 584 670 451
f 348 404 407
f 404 398 422
f 456 398 371
f 456 371 403
f 493 497 472
f 610 587 575
f 587 582 556
f 873 809 866
f 14 23 12
f 14 38 23
f 76 101 66
f 115 109 84
f 67 84 59
f 84 94 115
f 127 115 94
f 59 35 27
f 100 127 94
f 100 94 81
f 101 140 124
f 140 165 124
f 183 181 169
f 271 261 316
f 316 335 391
f 759 791 639
f 813 791 735
f 937 975 1013
f 1170 1085 1048
f 1078 1013 1048
f 1078 1048 1085
f 1013 989 937
f 1085 1170 1133
f 1048 1196 1170
f 1168 1170 1246
f 1246 1234 1271
f 1286 1285 1312
f 1285 1279 1271
f 1286 1279 1285
f 1279 1262 1271
f 878 778 703
f 703 667 585
f 504 423 667
f 392 504 409
f 392 360 423
f 316 261 335
f 741 730 769
f 506 432 504
f 502 450 506
f 474 450 502
f 466 443 450
f 432 450 443
f 581 462 466
f 537 462 581
f 621 581 466
f 466 533 621
f 537 674 608
f 944 775 883
f 1084 1121 1101
f 1095 1084 1101
f 1084 1081 1060
f 409 414 397
f 410 397 435
f 268 335 261
f 261 216 229
f 419 564 648
f 457 419 648
f 763 809 744
f 505 534 714
f 534 623 714
f 437 387 342
f 707 489 699
f 1240 1236 1311
f 1236 1240 1189
f 1275 1311 1236
f 1176 1221 1239
f 1304 1292 1239
f 1044 1135 1153
f 1180 1176 1139
f 1444 1423 1376
f 1423 1456 1432
f 1432 1356 1376
f 1480 1432 1456
f 646 542 549
f 439 541 406
f 962 1107 1050
f 70 75 113
f 75 91 99
f 111 99 91
f 139 111 103
f 99 152 113
f 85 78 83
f 111 85 103
f 103 134 157
f 175 157 186
f 91 75 78
f 60 69 78
f 61 51 52
f 19 35 15
f 1100 1076 1063
f 938 638 857
f 1345 1203 1264
f 1450 1386 1394
f 645 470 529
f 529 765 645
f 765 683 836
f 836 876 765
f 683 529 627
f 1200 1089 1042
f 1240 1322 1268
f 1257 1230 1310
f 1167 1109 1110
f 1086 1110 1075
f 1040 1054 1122
f 1040 1086 990
f 1040 1122 1128
f 1128 1122 1131
f 1163 1128 1131
f 1088 1095 1125
f 1117 1088 1125
f 1177 1125 1190
f 1054 1082 1122
f 1088 1082 1081
f 1272 1228 1217
f 1290 1272 1254
f 1131 1088 1117
f 1294 1269 1249
f 1217 1254 1272
f 1254 1249 1269
f 1262 1265 1252
f 1262 1252 1249
f 1252 1261 1273
f 1327 1252 1280
f 1194 1217 1155
f 1254 1247 1249
f 570 613 628
f 509 508 496
f 884 893 923
f 654 739 819
f 538 542 654
f 1286 1312 1302
f 1324 1312 1305
f 1237 1276 1285
f 1330 1325 1324
f 1238 1312 1276
f 1245 1305 1232
f 1232 1238 1149
f 1230 1092 1129
f 1092 1230 1257
f 1004 1092 1151
f 383 291 328
f 236 328 291
f 1132 1034 964
f 1129 1034 1132
f 995 1132 964
f 1152 1132 995
f 199 162 204
f 144 204 162
f 310 249 292
f 413 401 499
f 629 413 499
f 328 330 401
f 348 292 294
f 330 310 366
f 401 330 366
f 423 539 585
f 152 111 201
f 210 152 201
f 254 256 210
f 201 255 254
f 351 424 256
f 170 139 179
f 179 139 138
f 336 464 363
f 336 438 464
f 63 52 47
f 1306 1345 1264
f 1450 1345 1306
f 1231 1263 1300
f 1231 1157 1200
f 1391 1300 1321
f 1263 1321 1300
f 1490 1425 1479
f 1392 1441 1391
f 1328 1290 1298
f 1328 1298 1319
f 1365 1317 1371
f 1371 1387 1430
f 1365 1371 1430
f 1319 1387 1371
f 661 670 814
f 786 984 814
f 786 814 670
f 710 786 644
f 170 179 208
f 1298 1346 1319
f 1420 1346 1327
f 1327 1298 1294
f 617 719 700
f 482 601 671
f 687 622 507
f 603 622 749
f 265 334 333
f 298 337 388
f 239 333 365
f 297 298 238
f 193 238 219
f 288 315 238
f 288 270 315
f 315 270 305
f 337 297 354
f 1286 1278 1279
f 927 951 948
f 782 927 829
f 927 968 951
f 957 951 968
f 1023 978 1051
f 1058 978 1008
f 831 963 959
f 963 831 978
f 959 963 1023
f 711 773 724
f 813 735 855
f 972 882 906
f 831 882 1008
f 882 680 839
f 694 756 789
f 882 831 756
f 959 899 831
f 1009 1059 899
f 831 789 756
f 789 831 899
f 789 899 808
f 1020 925 899
f 925 980 808
f 808 737 634
f 1044 1047 1087
f 808 826 737
f 980 826 808
f 659 694 789
f 619 680 694
f 839 680 668
f 599 659 634
f 808 634 659
f 1059 1009 1097
f 899 1059 1020
f 1106 1020 1059
f 1046 1020 1106
f 1106 1059 1126
f 323 487 420
f 375 420 461
f 323 420 319
f 957 948 951
f 260 319 253
f 983 1149 1196
f 107 150 45
f 41 107 45
f 430 464 493
f 363 258 242
f 326 325 403
f 557 561 575
f 490 424 447
f 424 351 447
f 883 778 937
f 1147 1145 1117
f 570 495 508
f 496 495 471
f 477 496 471
f 230 129 143
f 1005 710 851
f 1005 1115 1077
f 332 263 306
f 306 241 304
f 232 304 241
f 178 232 190
f 190 232 241
f 241 195 154
f 164 131 147
f 147 158 184
f 241 154 190
f 235 300 304
f 299 300 235
f 396 463 480
f 358 304 300
f 396 358 463
f 299 382 300
f 263 262 198
f 483 444 562
f 434 412 494
f 652 476 593
f 444 476 562
f 689 562 652
f 761 689 652
f 767 689 774
f 562 689 684
f 412 317 389
f 796 881 772
f 793 772 881
f 319 260 323
f 362 293 296
f 317 293 362
f 119 147 131
f 1256 1336 1329
f 1177 1256 1147
f 299 194 239
f 164 193 239
f 1420 1428 1467
f 1270 1251 1209
f 1320 1372 1332
f 1434 1416 1487
f 1360 1416 1395
f 411 832 517
f 1024 938 857
f 402 702 503
f 702 962 729
f 380 426 539
f 295 327 331
f 349 309 331
f 415 426 314
f 277 247 244
f 247 284 283
f 277 284 247
f 308 283 284
f 267 248 247
f 302 312 395
f 244 247 214
f 314 368 415
f 445 653 421
f 1246 1226 1168
f 1262 1226 1246
f 520 533 474
f 657 533 520
f 520 474 491
f 643 747 657
f 840 805 892
f 865 862 892
f 974 869 911
f 840 751 747
f 868 909 892
f 862 766 751
f 621 533 657
f 904 997 933
f 768 933 890
f 946 865 869
f 974 1032 946
f 974 1036 1032
f 986 1036 1029
f 768 890 863
f 909 868 877
f 708 847 877
f 762 847 708
f 940 903 909
f 852 795 807
f 795 860 911
f 942 1015 960
f 960 1015 1029
f 986 1029 1015
f 1036 986 926
f 911 960 1029
f 911 1029 974
f 1036 974 1029
f 795 911 869
f 1054 1003 1060
f 1003 1038 1060
f 990 913 898
f 898 665 770
f 1356 1396 1304
f 1446 1396 1356
f 78 69 83
f 77 74 92
f 128 119 112
f 198 195 263
f 1063 1076 1025
f 1155 1093 1136
f 1226 1247 1194
f 1133 1078 1085
f 970 770 895
f 1149 1035 1165
f 1006 1165 1035
f 239 251 333
f 212 262 275
f 198 262 212
f 186 212 225
f 979 873 920
f 821 707 794
f 307 381 340
f 917 945 992
f 361 397 410
f 361 392 397
f 941 992 945
f 569 600 518
f 1027 987 943
f 915 888 1014
f 915 1014 993
f 716 915 872
f 993 1014 1036
f 1014 1037 1036
f 926 915 993
f 716 616 580
f 616 872 812
f 806 812 926
f 806 926 986
f 513 580 616
f 784 579 812
f 715 579 784
f 524 579 715
f 806 784 812
f 812 579 641
f 486 535 513
f 595 535 578
f 519 578 535
f 1015 806 986
f 784 806 942
f 784 942 921
f 673 772 793
f 436 526 510
f 15 20 6
f 547 536 637
f 536 511 591
f 1288 1311 1275
f 473 388 354
f 1044 1052 956
f 1144 1201 1126
f 1204 1187 1172
f 1224 1187 1227
f 451 484 584
f 933 997 1001
f 850 875 901
f 1018 875 757
f 1049 875 1018
f 1021 1022 922
f 1021 922 837
f 850 966 936
f 936 994 940
f 1071 1010 1022
f 824 1012 844
f 922 1012 824
f 1240 1268 1189
f 231 214 248
f 36 24 46
f 3 6 1
f 573 565 582
f 582 586 573
f 586 572 573
f 14 7 20
f 527 500 556
f 527 481 500
f 469 529 470
f 481 469 454
f 1047 954 980
f 807 869 865
f 191 209 234
f 280 234 209
f 281 280 209
f 1295 1415 1477
f 598 549 501
f 551 697 725
f 698 697 615
f 666 698 615
f 698 666 640
f 513 616 641
f 698 640 630
f 28 46 24
f 342 250 271
f 617 492 603
f 458 365 467
f 1096 980 1046
f 925 1046 980
f 897 1017 1000
f 743 938 832
f 1056 832 938
f 938 1024 1056
f 1024 1118 1160
f 567 534 286
f 1152 998 1077
f 1139 1066 1096
f 1239 1292 1176
f 1408 1292 1358
f 1215 1292 1408
f 1408 1429 1422
f 1380 1408 1422
f 800 1002 683
f 1441 1392 1435
f 1044 956 954
f 1263 1248 1321
f 158 151 187
f 937 989 883
f 1043 989 1013
f 373 345 302
f 231 267 278
f 525 631 455
f 82 79 105
f 188 169 155
f 53 18 22
f 58 53 22
f 1520 1506 1557
f 1483 1506 1456
f 818 887 885
f 1028 836 1042
f 1581 1554 1565
f 585 642 703
f 500 460 516
f 1492 1449 1448
f 1454 1414 1451
f 1252 1273 1280
f 1261 1283 1273
f 1229 1178 1192
f 1041 1072 1057
f 540 625 613
f 654 625 590
f 1343 1330 1348
f 1467 1463 1430
f 1252 1265 1261
f 1236 1206 1275
f 98 68 72
f 475 416 485
f 530 485 605
f 303 322 269
f 1540 1543 1464
f 239 193 251
f 1061 1070 1007
f 950 999 991
f 499 833 629
f 314 426 274
f 519 589 578
f 1292 1202 1176
f 1257 1310 1385
f 62 47 54
f 1037 1017 1001
f 1536 1504 1544
f 1558 1550 1537
f 160 108 106
f 1283 1281 1381
f 1118 1268 1160
f 1367 1376 1253
f 199 204 240
f 184 228 226
f 282 269 322
f 449 416 350
f 280 269 234
f 73 57 86
f 43 34 39
f 23 38 57
f 61 80 88
f 77 80 63
f 130 127 169
f 457 391 419
f 1271 1234 1285
f 85 111 91
f 851 765 876
f 898 1003 1040
f 1257 1151 1092
f 1294 1298 1290
f 543 565 571
f 497 456 472
f 125 119 131
f 267 312 302
f 621 657 766
f 946 1011 865
f 991 960 950
f 942 960 991
f 88 80 96
f 592 554 612
f 860 870 999
f 824 870 779
f 659 599 619
f 1056 1150 1107
f 1349 1352 1289
f 1158 1119 1127
f 985 932 976
f 976 1033 985
f 1493 1526 1625
f 996 1193 1073
f 880 907 867
f 835 798 849
f 967 1065 900
f 1065 1030 1116
f 1164 1069 1134
f 1315 1379 1433
f 1315 1344 1243
f 1433 1417 1469
f 1494 1453 1636
f 1433 1379 1417
f 1485 1680 1526
f 1193 1398 1316
f 1309 1219 1233
f 930 967 900
f 1112 1134 1069
f 1098 1073 1127
f 1065 880 900
f 1349 1493 1404
f 1243 1195 1213
f 1216 1158 1127
f 849 798 816
f 900 858 891
f 849 900 880
f 1195 1233 1134
f 1344 1315 1433
f 1073 1098 1074
f 1116 1030 1069
f 1148 1195 1134
f 1433 1469 1535
f 1065 1116 1219
f 1625 1605 1528
f 1453 1494 1399
f 1433 1535 1564
f 880 835 849
f 816 825 858
f 849 858 900
f 1528 1404 1493
f 880 976 907
f 1073 1193 1127
f 1233 1164 1134
f 1404 1352 1349
f 1074 1033 1073
f 1119 1098 1127
f 891 930 900
f 1216 1193 1316
f 1344 1399 1233
f 1233 1195 1243
f 1493 1625 1528
f 1243 1291 1315
f 1289 1223 1349
f 1223 1216 1384
f 1073 1033 976
f 1116 1069 1164
f 976 932 907
f 1526 1493 1485
f 880 1065 996
f 1164 1219 1116
f 1453 1433 1603
f 1344 1433 1453
f 1564 1603 1433
f 849 816 858
f 1384 1398 1485
f 880 867 835
f 1384 1349 1223
f 1453 1399 1344
f 1216 1127 1193
f 996 976 880
f 1073 976 996
f 1603 1636 1453
f 1625 1526 1680
f 1399 1309 1233
f 1384 1485 1493
f 1158 1216 1223
f 1384 1493 1349
f 1030 1065 967
f 1233 1219 1164
f 1398 1384 1316
f 1384 1216 1316
f 1344 1233 1243
f 1363 1462 1412
f 1397 1407 1431
f 1411 1431 1442
f 2866 2972 2932
f 2648 2755 2667
f 2570 2515 2439
f 3092 3060 3075
f 3055 3075 3060
f 1542 1401 1452
f 1458 1378 1509
f 1509 1378 1401
f 1640 1627 1624
f 1518 1421 1458
f 1624 1627 1609
f 1510 1472 1574
f 1630 1562 1539
f 1579 1556 1599
f 1567 1588 1564
f 1588 1628 1564
f 1674 1628 1595
f 1595 1628 1635
f 1672 1725 1742
f 1801 1796 1748
f 1742 1748 1796
f 1918 1859 1816
f 1859 1796 1843
f 1968 1991 1958
f 2135 2065 2149
f 2187 2242 2249
f 2029 1992 2023
f 2338 2221 2185
f 2295 2260 2335
f 2297 2260 2397
f 2337 2352 2297
f 2326 2365 2378
f 2450 2329 2463
f 2322 2325 2451
f 2352 2505 2313
f 2228 2185 2135
f 3060 2994 3055
f 2825 2874 2802
f 2094 2171 2184
f 1741 1821 1863
f 1459 1498 1424
f 1389 1406 1436
f 1406 1389 1350
f 1531 1486 1527
f 1541 1576 1474
f 1645 1602 1611
f 1658 1622 1610
f 2222 2263 2241
f 2319 2401 2406
f 2460 2346 2406
f 2287 2212 2225
f 2099 2153 2054
f 2010 2004 2027
f 2050 2080 2105
f 2095 2010 2027
f 2212 2227 2290
f 2236 2181 2104
f 1928 1939 1971
f 2045 2044 2042
f 2058 2080 2086
f 2086 2100 2044
f 1931 1869 1903
f 1971 2013 1994
f 1856 1759 1732
f 1566 1508 1570
f 1869 1792 1812
f 1570 1614 1566
f 1659 1713 1651
f 1722 1758 1689
f 1566 1465 1508
f 1570 1615 1614
f 1570 1524 1538
f 1644 1582 1590
f 1605 1659 1607
f 2237 2221 2233
f 2969 2939 2924
f 2302 2244 2307
f 2027 2050 2117
f 1855 1897 1786
f 1904 1903 1922
f 2834 2783 2784
f 2471 2348 2368
f 2543 2604 2574
f 1775 1839 1877
f 2020 2055 2060
f 2455 2326 2329
f 2409 2304 2487
f 2104 2122 2213
f 3000 2978 2996
f 1622 1658 1611
f 1668 1671 1699
f 2998 3011 2996
f 1579 1599 1539
f 1735 1758 1800
f 1838 1825 1818
f 1655 1684 1612
f 1928 1971 1954
f 1922 1903 1939
f 1613 1663 1623
f 1421 1378 1458
f 2164 2135 2206
f 2367 2348 2449
f 2430 2242 2347
f 1829 1746 1793
f 2013 1971 2004
f 1978 1962 1984
f 2329 2439 2455
f 2436 2395 2330
f 2565 2547 2485
f 1737 1700 1695
f 1667 1901 1753
f 2322 2303 2319
f 2526 2582 2546
f 3101 3108 3107
f 1684 1790 1733
f 1569 1618 1573
f 2394 2466 2445
f 2085 2149 2065
f 2392 2430 2366
f 2138 2100 2080
f 1447 1563 1472
f 1570 1508 1524
f 1794 1768 1818
f 1768 1794 1717
f 2381 2303 2322
f 2343 2361 2454
f 2656 2224 2417
f 2656 2708 2224
f 1616 1586 1639
f 2046 2041 2045
f 2170 2100 2138
f 3105 3109 3103
f 1724 1740 1702
f 2096 2082 2068
f 1726 1641 1708
f 1606 1610 1573
f 2939 2904 2897
f 1713 1659 1722
f 1843 1816 1859
f 1530 1574 1472
f 1556 1575 1549
f 1486 1455 1406
f 1407 1439 1438
f 1609 1563 1518
f 2222 2296 2239
f 2504 2457 2496
f 2241 2265 2257
f 2244 2273 2296
f 1931 1892 1891
f 2029 2085 2065
f 2152 2298 2182
f 1412 1439 1413
f 1802 1801 1728
f 1652 1643 1633
f 1891 1856 1869
f 1735 1800 1797
f 1619 1651 1696
f 1542 1587 1601
f 2356 2303 2423
f 2288 2238 2314
f 2120 2159 2170
f 2389 2250 2273
f 1501 1514 1551
f 1958 1927 1970
f 1919 1921 1927
f 2046 2069 2099
f 3099 3105 3103
f 1733 1642 1684
f 1997 1954 1971
f 2221 2338 2233
f 2405 2321 2305
f 2254 2249 2252
f 1546 1458 1584
f 2027 2117 2095
f 2257 2302 2307
f 2473 2389 2358
f 1503 1431 1438
f 1602 1541 1611
f 1668 1673 1661
f 1576 1602 1632
f 2546 2407 2526
f 2346 2436 2330
f 2352 2313 2297
f 1627 1613 1621
f 1574 1530 1621
f 2378 2325 2326
f 1666 1706 1741
f 1694 1656 1703
f 2802 2874 2811
f 2903 2904 2939
f 1645 1658 1694
f 1869 1856 1792
f 2132 2165 2197
f 1527 1586 1531
f 2222 2239 2263
f 1982 2005 1896
f 3079 3106 3095
f 3079 3068 3038
f 1608 1896 1667
f 1574 1575 1577
f 2811 2708 2744
f 2079 1989 2034
f 1562 1588 1567
f 1674 1672 1742
f 1644 1607 1659
f 1689 1758 1735
f 1931 1904 1938
f 1891 1892 1856
f 1968 1958 1970
f 2011 1968 2022
f 2129 2648 2458
f 2397 2295 2343
f 2298 2247 2268
f 2416 2358 2302
f 1801 1748 1728
f 1363 1412 1413
f 3038 3030 3079
f 2381 2408 2489
f 2319 2406 2346
f 2138 2165 2120
f 2159 2183 2170
f 3108 3106 3111
f 2296 2330 2239
f 2257 2307 2222
f 1627 1621 1609
f 1411 1442 1501
f 1922 1948 1904
f 1539 1510 1579
f 1556 1560 1585
f 2013 1997 1994
f 2515 2455 2439
f 2463 2329 2313
f 2450 2463 2537
f 2137 2085 2076
f 2029 1991 1992
f 2866 2875 2838
f 1937 1863 1821
f 1407 1413 1439
f 1632 1670 1671
f 1602 1645 1670
f 1577 1575 1556
f 1406 1474 1486
f 2352 2476 2505
f 2203 2220 2099
f 2084 2056 2077
f 2150 2127 2136
f 2384 2269 2339
f 2799 2866 2838
f 1782 1833 1947
f 2165 2227 2197
f 1810 1816 1864
f 1816 1868 1919
f 1694 1658 1647
f 1647 1658 1629
f 1622 1578 1610
f 2903 2874 2860
f 2227 2250 2290
f 2212 2327 2225
f 1928 1956 1948
f 1995 2102 2053
f 2487 2522 2559
f 1538 1580 1570
f 1758 1812 1800
f 1696 1689 1662
f 2998 3030 3011
f 1447 1421 1518
f 1514 1501 1442
f 2033 2047 1999
f 1962 1933 1984
f 1958 1918 1927
f 2022 1968 1970
f 1377 1397 1411
f 2811 2744 2772
f 3055 2994 2988
f 2106 2051 2219
f 2151 2156 2198
f 2155 2280 2189
f 1914 1964 1943
f 2403 2240 2357
f 1995 2053 1975
f 2130 2118 2158
f 2154 2088 2078
f 2704 2651 2662
f 2224 2079 2184
f 3085 3092 3075
f 2228 2135 2164
f 2281 2233 2338
f 2105 2068 2050
f 2010 2049 2013
f 1674 1595 1654
f 1650 1710 1691
f 1725 1723 1748
f 1580 1644 1590
f 1714 1614 1653
f 1655 1765 1684
f 2284 2270 2174
f 1707 1701 1626
f 1626 1551 1707
f 1459 1460 1522
f 1745 1735 1797
f 2016 1997 2013
f 2260 2237 2335
f 2358 2244 2302
f 1748 1723 1728
f 1801 1802 1864
f 1643 1652 1666
f 2451 2408 2322
f 2457 2519 2451
f 2489 2563 2423
f 2142 2117 2068
f 2041 2066 2096
f 2321 2343 2335
f 2630 2645 2711
f 2953 3007 2988
f 2692 2676 2642
f 2044 2058 2086
f 2058 2044 2105
f 1576 1632 1638
f 1604 1576 1638
f 2331 2239 2330
f 2359 2263 2239
f 1621 1530 1563
f 1621 1563 1609
f 1576 1527 1474
f 2374 2388 2484
f 2469 2656 2417
f 2603 2474 2573
f 3007 3055 2988
f 1827 1760 1757
f 1649 1551 1593
f 2360 2355 2175
f 1588 1630 1635
f 1630 1539 1599
f 1424 1389 1436
f 1455 1436 1406
f 1460 1505 1522
f 2329 2450 2439
f 2463 2505 2537
f 2029 2023 2085
f 2076 2085 2023
f 2011 1992 1991
f 2023 2011 2018
f 1438 1431 1407
f 1670 1702 1671
f 1754 1804 1811
f 2157 2269 2210
f 1699 1673 1668
f 2407 2395 2436
f 2397 2337 2297
f 2426 2337 2397
f 1832 1790 1765
f 1832 1765 1822
f 1820 1824 1777
f 1714 1711 1763
f 1768 1836 1818
f 1824 1820 1847
f 1956 1928 1954
f 1621 1575 1574
f 1579 1574 1577
f 1486 1531 1505
f 2326 2455 2365
f 2365 2455 2452
f 2287 2197 2227
f 2314 2213 2287
f 2132 2197 2122
f 2165 2132 2218
f 1816 1810 1868
f 1918 1816 1919
f 2389 2290 2250
f 2327 2290 2389
f 2164 2187 2254
f 2386 2338 2252
f 2247 2347 2187
f 2249 2367 2252
f 2348 2242 2333
f 2392 2278 2315
f 2059 2063 2032
f 2032 2015 2039
f 1882 1895 1967
f 2615 2632 2610
f 2637 2682 2726
f 2386 2281 2338
f 2405 2305 2449
f 2443 2466 2394
f 2503 2368 2520
f 2244 2296 2307
f 2473 2486 2478
f 2327 2473 2340
f 2486 2488 2506
f 2238 2288 2158
f 2344 2373 2257
f 2506 2479 2400
f 2486 2434 2488
f 2433 2485 2412
f 2499 2497 2550
f 1813 1793 1726
f 1841 1811 1804
f 2230 2285 2188
f 3102 3108 3098
f 2695 2729 2758
f 3074 3094 3076
f 2931 2954 2956
f 1675 1704 1729
f 1549 1575 1600
f 1783 1721 1729
f 1634 1660 1652
f 1590 1570 1580
f 1931 1891 1869
f 1938 1892 1931
f 1812 1792 1750
f 1546 1518 1458
f 2875 2866 2932
f 2022 1970 1996
f 1682 1753 1762
f 1532 1589 1591
f 2802 2811 2793
f 1465 1569 1519
f 1642 1676 1618
f 1726 1708 1813
f 1569 1465 1612
f 1642 1569 1612
f 2142 2095 2117
f 2179 2134 2049
f 2204 2179 2142
f 2013 2004 2010
f 1863 1937 1989
f 1922 1939 1928
f 2237 2233 2335
f 2335 2233 2281
f 2252 2185 2228
f 1578 1519 1573
f 1377 1409 1401
f 1452 1401 1409
f 2436 2346 2460
f 2067 2151 2066
f 2151 2262 2146
f 2235 2299 2334
f 2069 2042 2044
f 2251 2183 2159
f 2183 2203 2099
f 2251 2203 2183
f 2153 2199 2077
f 2132 2211 2218
f 2238 2213 2314
f 2289 2288 2279
f 2288 2289 2328
f 2163 2196 2141
f 2141 2196 2208
f 3080 3086 3071
f 3066 3081 3080
f 2580 2571 2618
f 2964 2940 2929
f 2637 2636 2542
f 2682 2605 2700
f 2699 2693 2748
f 2554 2491 2410
f 2826 2819 2852
f 2046 2037 2041
f 2046 2099 2037
f 2145 2081 2089
f 2048 2007 2101
f 2313 2505 2463
f 1551 1626 1502
f 1685 1649 1910
f 1896 1901 1667
f 2218 2159 2120
f 2044 2183 2069
f 2170 2183 2044
f 1693 1663 1640
f 2241 2323 2265
f 2373 2302 2257
f 2434 2486 2416
f 2257 2265 2344
f 2265 2345 2363
f 2511 2488 2363
f 2111 2136 2144
f 2121 2113 2097
f 1775 1701 1707
f 1977 1952 1973
f 1830 1894 1888
f 1764 1752 1669
f 1963 1934 1926
f 2707 2674 2635
f 1830 1764 1877
f 1601 1509 1542
f 2208 2215 2144
f 2631 2543 2559
f 2628 2555 2540
f 2231 2317 2350
f 3003 3033 3015
f 2888 2952 2935
f 2894 2871 2867
f 2490 2356 2563
f 1409 1501 1452
f 1501 1551 1502
f 1589 1532 1667
f 2859 2897 2860
f 2224 2184 2417
f 1684 1642 1612
f 1642 1730 1676
f 2286 2349 2475
f 2598 2615 2556
f 2199 2220 2256
f 3038 3009 3000
f 1687 1705 1679
f 3095 3102 3093
f 3095 3093 3068
f 1872 1933 1914
f 1710 1648 1692
f 1710 1716 1691
f 1874 1883 1845
f 1950 1882 1974
f 1935 1950 1961
f 2015 2019 2039
f 1598 1498 1634
f 2526 2436 2460
f 2460 2591 2526
f 2379 2266 2300
f 1966 1935 1961
f 1996 1961 1987
f 1858 1935 1923
f 2018 2011 2022
f 1860 1885 1858
f 2038 2001 1980
f 1874 1827 1817
f 3036 3029 3019
f 1503 1514 1431
f 2691 2671 2737
f 2108 2380 2191
f 1985 2007 2048
f 2978 2962 2945
f 2844 2816 2873
f 2833 2786 2797
f 2599 2668 2601
f 2689 2699 2780
f 2849 2794 2829
f 2820 2869 2810
f 2798 2682 2775
f 2820 2849 2880
f 2114 2063 2152
f 2137 2182 2149
f 2063 2059 2167
f 2298 2366 2347
f 2026 2038 2064
f 2266 2427 2349
f 2556 2427 2548
f 2166 2061 2123
f 1898 1908 1913
f 2371 2427 2266
f 2615 2598 2653
f 2003 2038 1980
f 1724 1694 1703
f 2497 2546 2550
f 2359 2428 2323
f 2423 2563 2356
f 2601 2563 2519
f 2563 2601 2626
f 2563 2626 2557
f 2658 2640 2783
f 2658 2764 2643
f 2562 2496 2576
f 2490 2510 2356
f 2356 2510 2477
f 2477 2545 2406
f 2625 2545 2586
f 2545 2477 2510
f 2591 2582 2526
f 2608 2685 2639
f 2638 2629 2649
f 2583 2512 2544
f 1920 2025 1916
f 2025 2103 2083
f 2555 2612 2508
f 1781 1785 1851
f 2193 2161 2143
f 2186 2139 2091
f 2418 2317 2409
f 2536 2588 2432
f 2312 2271 2229
f 2498 2538 2501
f 1795 1779 1787
f 1912 1919 1893
f 2790 2759 2740
f 2623 2632 2697
f 2623 2534 2632
f 2790 2806 2758
f 2801 2805 2782
f 2378 2451 2325
f 2739 2825 2802
f 2747 2802 2793
f 1639 1664 1616
f 1583 1586 1616
f 1639 1673 1664
f 1687 1709 1705
f 1501 1409 1411
f 3058 3071 3078
f 2443 2449 2471
f 2196 2288 2328
f 2127 2150 2234
f 1814 1690 1681
f 1681 1752 1853
f 1739 1657 1690
f 1764 1830 1752
f 2019 2087 2039
f 2063 2031 2032
f 2059 2039 2128
f 2209 2223 2128
f 2087 2019 2093
f 2278 2167 2223
f 2431 2569 2584
f 2650 2674 2701
f 1801 1843 1796
f 1816 1843 1864
f 1658 1610 1629
f 3030 2996 3011
f 2965 2972 2998
f 2966 2965 2996
f 2932 2936 2873
f 3000 2985 2978
f 2936 2945 2865
f 3046 3017 3045
f 3077 3064 3063
f 2963 2927 2944
f 2914 2927 2905
f 2966 2945 2936
f 2985 2963 2962
f 2944 2927 2914
f 3064 3077 3062
f 2678 2686 2581
f 2965 2932 2972
f 1956 1954 1981
f 1638 1632 1668
f 1632 1671 1668
f 2359 2239 2331
f 1514 1442 1431
f 2515 2452 2455
f 2640 2576 2681
f 2593 2652 2450
f 2452 2496 2446
f 2726 2636 2637
f 2775 2735 2765
f 1966 1921 1912
f 1970 1927 1996
f 2262 2204 2146
f 2024 2092 2055
f 2308 2425 2502
f 2378 2457 2451
f 2538 2462 2461
f 3063 3046 3045
f 3070 3084 3077
f 3091 3098 3100
f 3076 3069 3059
f 2501 2468 2498
f 1807 1746 1829
f 2904 2903 2860
f 1509 1401 1542
f 1669 1752 1681
f 3099 3109 3105
f 1786 1718 1755
f 1782 1855 1755
f 2207 2269 2157
f 1998 1911 1979
f 2301 2230 2201
f 2441 2551 2564
f 2596 2551 2568
f 2230 2390 2285
f 2587 2596 2613
f 1522 1505 1571
f 1854 1892 1900
f 1892 1854 1856
f 1689 1735 1745
f 2773 2828 2850
f 2854 2872 2896
f 2672 2712 2631
f 1762 1749 1678
f 1685 1910 1862
f 2908 2861 2804
f 3028 3023 3006
f 2909 2926 2881
f 3010 2990 3004
f 2353 2284 2309
f 2280 2353 2385
f 1764 1669 1701
f 1601 1587 1669
f 2058 2105 2080
f 2105 2096 2068
f 2212 2287 2227
f 1670 1694 1724
f 1691 1672 1650
f 1725 1672 1723
f 1649 1678 1749
f 2264 2240 2370
f 1909 1947 1969
f 2245 2236 2190
f 2220 2203 2261
f 1817 1739 1814
f 1870 1880 1874
f 1845 1827 1874
f 1881 1898 1905
f 1575 1621 1600
f 2498 2420 2393
f 2364 2419 2422
f 1799 1826 1819
f 1733 1799 1798
f 1799 1819 1847
f 1766 1819 1761
f 1789 1777 1766
f 1778 1865 1837
f 1990 1925 1965
f 1766 1734 1779
f 2546 2582 2550
f 2706 2771 2769
f 2278 2223 2315
f 2430 2392 2475
f 2520 2368 2493
f 2466 2530 2525
f 2443 2503 2466
f 2536 2614 2629
f 2190 2104 2118
f 2245 2190 2258
f 1880 1890 1881
f 2838 2875 2837
f 2873 2816 2837
f 2837 2816 2781
f 2742 2667 2755
f 2243 2280 2385
f 3111 3107 3108
f 1782 1755 1731
f 1909 1855 1782
f 1952 1936 1973
f 2524 2470 2518
f 2509 2531 2456
f 2354 2110 2160
f 2664 2531 2509
f 2843 2805 2801
f 2664 2702 2679
f 2679 2702 2723
f 2679 2531 2664
f 2782 2805 2750
f 2502 2500 2627
f 2760 2806 2801
f 1609 1518 1546
f 2024 2006 2073
f 2507 2500 2425
f 2499 2550 2565
f 2609 2565 2646
f 2693 2699 2625
f 2433 2412 2345
f 2495 2481 2421
f 2412 2421 2363
f 2412 2485 2495
f 2609 2661 2547
f 2661 2577 2547
f 2412 2363 2345
f 2552 2572 2554
f 2661 2773 2754
f 2522 2602 2559
f 2743 2732 2779
f 2631 2712 2677
f 2677 2604 2631
f 2718 2665 2604
f 2791 2891 2836
f 2846 2779 2789
f 2779 2791 2756
f 2846 2862 2791
f 2791 2836 2795
f 2928 2906 2896
f 2896 2872 2902
f 2819 2777 2840
f 2991 2980 2943
f 3019 2980 3036
f 2317 2304 2409
f 2935 2892 2888
f 2888 2815 2810
f 2888 2810 2869
f 2036 1915 1916
f 1852 1747 1815
f 1983 1974 2002
f 2002 2001 2026
f 2781 2797 2742
f 2000 1949 1988
f 1884 1886 1806
f 1806 1886 1833
f 2000 2043 2075
f 2799 2742 2755
f 2864 2881 2842
f 2635 2622 2679
f 1656 1647 1629
f 2314 2287 2225
f 2289 2279 2399
f 2279 2288 2314
f 2400 2328 2399
f 2131 2213 2238
f 2158 2288 2196
f 2328 2400 2310
f 2163 2158 2196
f 2158 2131 2238
f 2118 2131 2158
f 2196 2253 2208
f 2208 2310 2377
f 2150 2136 2111
f 2196 2310 2253
f 2549 2479 2541
f 2541 2511 2539
f 2572 2491 2554
f 2552 2663 2602
f 2602 2647 2585
f 2491 2376 2410
f 2522 2398 2387
f 2248 2180 2215
f 2552 2539 2532
f 2377 2410 2282
f 2208 2377 2282
f 2141 2127 2163
f 1534 1438 1439
f 1753 1932 1762
f 1682 1617 1591
f 2863 2884 2922
f 2883 2884 2853
f 2883 2877 2921
f 2841 2814 2877
f 2788 2710 2741
f 3041 3042 3016
f 1858 1923 1893
f 1805 1893 1868
f 1697 1718 1709
f 1697 1719 1718
f 3005 2953 2921
f 3083 3089 3101
f 3073 3047 3078
f 3071 3065 3080
f 3088 3086 3099
f 3004 3006 3023
f 2851 2821 2867
f 2909 2934 2926
f 1945 1894 1877
f 1853 1752 1830
f 2354 2308 2429
f 2763 2730 2777
f 2830 2910 2870
f 2829 2834 2879
f 2794 2764 2783
f 3045 3068 3070
f 3001 2985 3009
f 3001 2979 2985
f 2989 3001 3017
f 2963 2985 2979
f 2905 2931 2911
f 3068 3045 3009
f 3093 3098 3084
f 3101 3089 3100
f 3108 3100 3098
f 3009 3038 3068
f 3063 3070 3077
f 3045 3070 3063
f 3045 3017 3001
f 3098 3091 3084
f 3096 3083 3101
f 3065 3048 3042
f 3056 3067 3083
f 3094 3091 3100
f 3058 3039 3048
f 3064 3052 3031
f 3077 3091 3082
f 3039 3021 3048
f 3016 3024 2993
f 3018 3016 2997
f 3034 3035 3026
f 3016 3018 3041
f 3008 3018 2997
f 2997 2987 3008
f 3026 3020 3034
f 2970 2955 2920
f 2993 2992 2948
f 2814 2741 2761
f 2741 2694 2761
f 3024 3016 3042
f 2694 2612 2628
f 2885 2907 2848
f 2814 2848 2877
f 2465 2312 2372
f 2442 2578 2528
f 3005 2921 2973
f 3013 3021 3047
f 2999 2967 2980
f 2907 2921 2877
f 2901 2935 2960
f 3035 3034 3051
f 3034 3049 3051
f 3052 3028 3031
f 3062 3052 3064
f 3002 2981 2999
f 2983 2974 2952
f 3043 3050 3033
f 3033 3027 3043
f 3032 3050 3037
f 3036 3032 3037
f 3010 3004 3023
f 3004 2975 2986
f 3006 2968 2977
f 2912 2937 2915
f 2926 2908 2893
f 2818 2776 2800
f 2842 2827 2864
f 2881 2864 2895
f 2895 2909 2881
f 2803 2821 2796
f 2751 2750 2803
f 2842 2881 2855
f 2893 2839 2855
f 2827 2770 2792
f 2746 2734 2776
f 2606 2467 2524
f 1656 1646 1698
f 2213 2122 2197
f 1511 1470 1532
f 2668 2599 2643
f 2745 2784 2713
f 2784 2727 2713
f 2645 2675 2721
f 2737 2671 2738
f 2826 2828 2807
f 2807 2748 2769
f 2711 2706 2769
f 2625 2630 2693
f 2634 2699 2689
f 2689 2773 2646
f 2807 2828 2780
f 2857 2850 2828
f 2857 2878 2872
f 2787 2719 2754
f 2773 2812 2754
f 2826 2813 2819
f 2826 2852 2857
f 2807 2769 2813
f 2819 2813 2763
f 2771 2738 2763
f 2819 2840 2852
f 2810 2777 2730
f 2777 2819 2763
f 2777 2824 2840
f 2850 2857 2872
f 2878 2902 2872
f 2878 2942 2902
f 2872 2854 2812
f 2824 2890 2840
f 2922 2883 2953
f 2687 2788 2757
f 2975 2990 2957
f 1658 1645 1611
f 1556 1579 1577
f 1556 1549 1560
f 1596 1560 1549
f 1648 1665 1692
f 1654 1560 1596
f 1721 1692 1729
f 1692 1721 1710
f 1665 1675 1729
f 1866 1783 1873
f 1702 1699 1671
f 1699 1695 1673
f 1731 1755 1719
f 1737 1695 1740
f 1773 1774 1744
f 1744 1754 1731
f 1754 1744 1774
f 1804 1774 1809
f 1641 1726 1746
f 1740 1695 1699
f 1702 1740 1699
f 1656 1698 1727
f 1784 1841 1809
f 1698 1646 1641
f 1782 1947 1909
f 2109 2071 2188
f 1957 1920 1897
f 2207 2339 2269
f 2116 2071 1998
f 2116 2201 2230
f 2283 2264 2369
f 2441 2462 2551
f 2564 2494 2441
f 2494 2564 2587
f 2613 2638 2624
f 2390 2301 2441
f 2369 2264 2370
f 2103 2025 2109
f 2103 2210 2083
f 2573 2587 2624
f 2285 2339 2207
f 1815 1920 1852
f 1897 1815 1786
f 2375 2474 2388
f 2274 2259 2192
f 2669 2685 2608
f 2597 2603 2669
f 2660 2638 2649
f 2619 2642 2616
f 2274 2210 2375
f 2722 2692 2714
f 2692 2673 2676
f 2685 2716 2728
f 2722 2714 2752
f 2590 2619 2583
f 2611 2687 2654
f 2388 2259 2274
f 2597 2484 2388
f 2752 2714 2772
f 2639 2728 2752
f 2722 2728 2716
f 2567 2583 2616
f 2616 2620 2567
f 2544 2508 2611
f 2536 2560 2614
f 2617 2629 2638
f 2465 2560 2459
f 2432 2459 2536
f 2440 2508 2544
f 2442 2432 2588
f 2566 2596 2568
f 2612 2555 2628
f 2612 2694 2710
f 2628 2592 2709
f 2955 2948 2920
f 2920 2887 2832
f 2925 2947 2970
f 2836 2832 2795
f 2920 2836 2891
f 2628 2540 2592
f 2997 2993 2970
f 2907 2885 2948
f 1911 1855 1909
f 2613 2588 2617
f 2573 2494 2587
f 1949 1833 1886
f 1806 1785 1781
f 1849 1851 1785
f 2614 2560 2567
f 2959 2976 2971
f 2941 2959 2918
f 2918 2916 2862
f 2574 2604 2665
f 2717 2762 2709
f 2795 2832 2762
f 1583 1505 1531
f 3106 3102 3095
f 2945 2944 2917
f 2865 2833 2844
f 2493 2424 2482
f 1791 1823 1930
f 2136 2127 2141
f 2282 2248 2215
f 2154 2194 2148
f 2154 2091 2088
f 2078 2088 2139
f 2112 2074 2162
f 2078 2162 2074
f 2299 2292 2393
f 2091 2139 2088
f 2139 2276 2162
f 2143 2231 2193
f 2275 2248 2376
f 2304 2275 2398
f 2487 2304 2398
f 2415 2162 2277
f 2461 2468 2501
f 2538 2523 2558
f 2403 2370 2240
f 2097 2113 2143
f 2143 2161 2097
f 2979 2954 2961
f 2956 2954 2989
f 2933 2931 2905
f 3017 3014 2995
f 2958 2938 2956
f 3014 3017 3025
f 3031 3014 3025
f 2971 2987 2997
f 2863 2859 2822
f 2789 2787 2854
f 1709 1718 1786
f 2474 2375 2384
f 2573 2624 2603
f 1979 2040 1998
f 2513 2665 2592
f 2383 2229 2272
f 2120 2165 2218
f 1805 1810 1834
f 1646 1629 1606
f 1656 1629 1646
f 2041 2096 2045
f 2305 2321 2335
f 1613 1600 1621
f 1707 1551 1685
f 1910 1936 1862
f 1973 1910 1941
f 1685 1551 1649
f 1910 1649 1749
f 2055 2012 2024
f 2355 2360 2456
f 2585 2672 2631
f 1977 2020 2017
f 2017 1963 1977
f 2798 2870 2835
f 3066 3056 3081
f 3066 3041 3056
f 3056 3083 3081
f 3067 3089 3083
f 2889 2882 2911
f 2868 2882 2843
f 2905 2911 2882
f 2882 2868 2905
f 2938 2911 2931
f 2750 2751 2723
f 2766 2751 2796
f 2707 2736 2674
f 2943 2890 2886
f 2928 2902 2942
f 2935 2974 2960
f 2960 2991 2943
f 2890 2943 2930
f 2967 2930 2980
f 2976 2959 2950
f 2980 2930 2943
f 3012 2991 2984
f 2980 2991 3036
f 2984 2960 2974
f 2858 2892 2901
f 2892 2858 2888
f 2901 2886 2824
f 2815 2888 2858
f 2824 2815 2858
f 2929 2940 2900
f 2929 2880 2899
f 2952 2888 2940
f 2974 2935 2952
f 2981 2942 2967
f 2906 2941 2918
f 2856 2906 2876
f 2950 2941 2928
f 2846 2791 2779
f 2846 2789 2856
f 2876 2918 2862
f 2862 2916 2891
f 2947 2918 2959
f 2743 2733 2712
f 2876 2906 2918
f 2677 2718 2604
f 2753 2756 2791
f 2513 2350 2418
f 2733 2677 2712
f 2717 2665 2718
f 2672 2743 2712
f 2647 2672 2585
f 2161 2176 2091
f 2880 2900 2869
f 2900 2880 2929
f 2718 2677 2733
f 2631 2604 2543
f 2901 2943 2886
f 2774 2746 2776
f 2776 2818 2774
f 2698 2746 2774
f 2734 2698 2633
f 2696 2698 2749
f 2696 2749 2765
f 2830 2765 2749
f 2749 2804 2861
f 1793 1851 1829
f 2369 2201 2283
f 2194 2173 2234
f 2119 2199 2234
f 2173 2194 2154
f 2074 2084 2078
f 2214 2145 2177
f 2214 2336 2267
f 2419 2364 2385
f 2472 2422 2411
f 2353 2309 2324
f 2145 2089 2056
f 2299 2235 2112
f 2336 2411 2419
f 2169 2125 2053
f 2558 2568 2538
f 2933 2905 2927
f 2979 3001 2989
f 1697 1687 1688
f 2442 2528 2276
f 2442 2351 2432
f 2447 2415 2517
f 2351 2186 2332
f 2229 2271 2176
f 2272 2229 2193
f 2383 2272 2402
f 2402 2272 2350
f 2402 2350 2513
f 2110 2055 2160
f 2160 2308 2354
f 2502 2425 2500
f 2172 2168 2073
f 2729 2759 2790
f 2760 2695 2758
f 2806 2790 2847
f 2790 2758 2729
f 2729 2659 2686
f 2073 2101 2172
f 2048 2006 1985
f 1907 1985 1976
f 2172 2291 2396
f 2507 2396 2464
f 2396 2507 2362
f 2500 2507 2627
f 2535 2581 2686
f 2581 2535 2444
f 2667 2678 2581
f 2108 2140 2380
f 2140 2108 2005
f 2686 2678 2740
f 2464 2444 2535
f 2686 2659 2535
f 1781 1851 1842
f 1849 1785 1811
f 1806 1781 1837
f 1767 1785 1806
f 1767 1811 1785
f 2000 1969 1947
f 2178 2240 2264
f 1829 1851 1849
f 1841 1849 1811
f 1829 1849 1841
f 1949 2000 1947
f 1886 1884 1949
f 1781 1788 1837
f 1778 1837 1788
f 2043 1988 2030
f 1781 1842 1788
f 2201 2369 2301
f 2912 2919 2938
f 2831 2843 2882
f 2782 2760 2801
f 2703 2724 2666
f 2760 2758 2806
f 2516 2429 2502
f 2516 2666 2509
f 2801 2845 2843
f 2446 2378 2452
f 2378 2446 2457
f 2489 2519 2563
f 2452 2515 2496
f 2496 2457 2446
f 2576 2496 2515
f 2504 2496 2562
f 2579 2504 2562
f 2519 2504 2601
f 2562 2576 2640
f 2504 2579 2658
f 2504 2658 2599
f 2515 2681 2576
f 2652 2570 2450
f 2713 2681 2652
f 2681 2713 2727
f 2684 2713 2652
f 2713 2684 2745
f 2652 2593 2684
f 2589 2505 2521
f 2593 2589 2684
f 2593 2537 2589
f 2684 2726 2745
f 2636 2726 2684
f 2605 2637 2575
f 2575 2637 2542
f 2605 2575 2525
f 2775 2682 2700
f 2682 2798 2726
f 2735 2775 2700
f 2798 2835 2745
f 2798 2775 2830
f 2670 2735 2700
f 2595 2533 2580
f 2570 2681 2515
f 2514 2542 2521
f 2542 2514 2575
f 2438 2514 2521
f 2445 2361 2394
f 2525 2575 2445
f 2445 2466 2525
f 2466 2503 2530
f 2454 2438 2426
f 2361 2445 2514
f 2321 2394 2361
f 2599 2601 2504
f 2601 2668 2626
f 2586 2557 2600
f 2586 2510 2490
f 2557 2626 2600
f 2637 2605 2682
f 2525 2594 2605
f 2644 2594 2595
f 2525 2530 2594
f 2745 2726 2798
f 2837 2799 2838
f 2742 2799 2781
f 1511 1439 1470
f 1511 1591 1534
f 1656 1694 1647
f 2153 2099 2220
f 2256 2220 2258
f 2256 2258 2190
f 2199 2256 2234
f 1853 1876 1814
f 2147 2093 2226
f 2217 2147 2226
f 2202 2349 2226
f 2026 2064 2093
f 2124 2202 2093
f 2318 2379 2232
f 2610 2529 2615
f 2482 2534 2571
f 2026 2093 2019
f 2038 2026 2001
f 2379 2318 2431
f 1980 1944 2003
f 2571 2580 2533
f 2483 2482 2424
f 2467 2431 2318
f 2413 2467 2318
f 2657 2569 2650
f 2680 2705 2767
f 2598 2584 2653
f 2653 2632 2615
f 2548 2598 2556
f 2527 2615 2529
f 2371 2379 2548
f 2697 2705 2623
f 2623 2680 2571
f 2632 2534 2610
f 2770 2767 2705
f 2475 2556 2527
f 2556 2349 2427
f 2580 2618 2621
f 2623 2571 2534
f 2166 2232 2124
f 2014 2017 2061
f 2294 2382 2413
f 1960 1963 2014
f 2355 2294 2123
f 2123 2060 2175
f 1945 1977 1963
f 1945 1952 1977
f 2382 2294 2355
f 1944 1934 1960
f 1960 1934 1963
f 1908 1934 1913
f 2003 1960 2014
f 1960 2003 1944
f 1929 1944 1980
f 2038 2003 2014
f 2014 2061 2038
f 2064 2061 2166
f 1944 1905 1913
f 1913 1905 1898
f 1929 1905 1944
f 1870 1890 1880
f 1895 1881 1905
f 1879 1880 1881
f 1881 1895 1879
f 1876 1817 1814
f 1890 1870 1876
f 1827 1757 1817
f 1874 1817 1870
f 1883 1840 1873
f 1898 1881 1890
f 1929 1895 1905
f 1929 1980 1959
f 1890 1888 1898
f 1759 1854 1712
f 1794 1818 1825
f 1679 1683 1660
f 2541 2506 2511
f 2541 2479 2506
f 2488 2511 2506
f 2363 2488 2434
f 2478 2486 2506
f 1764 1775 1877
f 1877 1952 1945
f 1902 1877 1839
f 1936 1952 1902
f 1844 1936 1902
f 1973 2012 1977
f 2020 1977 2012
f 2055 2020 2012
f 1902 1839 1844
f 2110 2060 2055
f 2060 2110 2175
f 2354 2360 2110
f 1601 1637 1584
f 1830 1888 1853
f 1601 1669 1681
f 1830 1877 1894
f 2587 2564 2596
f 2608 2469 2484
f 2639 2685 2728
f 2201 2116 2133
f 2201 2264 2283
f 2369 2370 2461
f 3089 3069 3094
f 3089 3094 3100
f 3082 3094 3074
f 3062 3077 3072
f 2679 2751 2707
f 2723 2751 2679
f 2334 2336 2235
f 2169 2243 2320
f 2320 2243 2364
f 2189 2243 2169
f 2053 2102 2189
f 1965 2008 2021
f 1955 1965 1924
f 2174 2280 2155
f 2155 2102 2047
f 1999 1995 1978
f 2008 1975 2053
f 1964 1933 1962
f 1962 1978 1995
f 1924 1943 1955
f 1975 2008 1955
f 1875 1924 1930
f 1943 1975 1955
f 1943 1924 1875
f 1914 1875 1861
f 1795 1899 1872
f 1933 1872 1899
f 1914 1861 1872
f 1795 1861 1779
f 1933 1899 1942
f 1953 1986 1984
f 1999 1978 1986
f 1787 1899 1795
f 1986 1978 1984
f 1789 1861 1823
f 1900 1715 1854
f 1946 1938 1917
f 1948 1986 1917
f 1917 1904 1948
f 1999 2047 1995
f 1964 1962 1995
f 2062 2051 2106
f 1999 2035 2033
f 1986 1956 1981
f 2013 2049 2051
f 1981 1954 2016
f 1981 2016 2035
f 1954 1997 2016
f 1743 1715 1734
f 1712 1715 1743
f 1822 1763 1838
f 1818 1836 1838
f 1838 1763 1711
f 1620 1653 1615
f 2797 2740 2742
f 2797 2816 2844
f 2678 2742 2740
f 2667 2742 2678
f 1842 1846 1788
f 1835 1778 1788
f 1835 1846 1848
f 1847 1835 1848
f 1831 1813 1848
f 1846 1831 1848
f 1813 1831 1793
f 1831 1851 1793
f 1606 1708 1641
f 2553 2594 2530
f 2533 2595 2553
f 2594 2553 2595
f 2520 2553 2530
f 2493 2533 2553
f 2483 2435 2529
f 2533 2493 2571
f 1860 1840 1883
f 1693 1739 1817
f 1693 1817 1757
f 1624 1693 1640
f 1624 1609 1631
f 1657 1693 1624
f 1757 1663 1693
f 1739 1690 1814
f 1631 1657 1624
f 1814 1681 1853
f 1853 1888 1876
f 1890 1876 1888
f 1640 1663 1613
f 1637 1657 1631
f 1683 1705 1686
f 2354 2456 2360
f 2509 2456 2354
f 2622 2531 2679
f 2666 2664 2509
f 2702 2750 2723
f 2724 2782 2750
f 2531 2622 2518
f 2635 2679 2707
f 2702 2666 2724
f 1732 1738 1750
f 1792 1751 1750
f 2518 2456 2531
f 1800 1812 1750
f 1527 1486 1474
f 2268 2187 2164
f 1614 1615 1653
f 1711 1653 1620
f 1800 1750 1797
f 1797 1794 1825
f 1667 1753 1682
f 2504 2519 2457
f 1555 1534 1617
f 3009 3045 3001
f 3006 3014 3028
f 2107 2036 2083
f 2036 2009 1915
f 1920 1916 1852
f 1852 1916 1857
f 1776 1852 1857
f 1916 1915 1857
f 2009 1937 1915
f 2034 2072 2094
f 2107 2009 2036
f 1915 1821 1857
f 1776 1747 1852
f 2009 2072 2034
f 2171 2094 2072
f 2107 2259 2171
f 2171 2259 2246
f 2259 2374 2246
f 2484 2469 2374
f 2374 2469 2417
f 2833 2865 2847
f 2931 2956 2938
f 2938 2919 2911
f 2937 2938 2958
f 2937 2958 2949
f 2995 2949 2958
f 2937 2934 2915
f 2912 2915 2894
f 2889 2894 2867
f 2977 2949 2995
f 2895 2871 2894
f 2909 2895 2915
f 2937 2912 2938
f 2949 2977 2926
f 2854 2896 2856
f 2528 2578 2566
f 2186 2176 2271
f 2229 2176 2161
f 2292 2162 2415
f 2681 2570 2652
f 1888 1908 1898
f 2340 2399 2279
f 2340 2473 2478
f 2110 2360 2175
f 2669 2716 2685
f 2568 2551 2462
f 2538 2568 2462
f 2320 2364 2422
f 2320 2216 2169
f 2357 2320 2422
f 1822 1765 1763
f 1836 1822 1838
f 1790 1832 1826
f 1756 1761 1803
f 1761 1819 1832
f 1836 1803 1832
f 1756 1768 1743
f 1734 1766 1761
f 2034 1989 1937
f 2030 1988 1990
f 2030 1990 1965
f 2115 2125 2216
f 2216 2240 2115
f 2357 2240 2216
f 2403 2468 2370
f 2178 2115 2240
f 2448 2468 2403
f 2472 2498 2468
f 2357 2448 2403
f 2075 2043 2115
f 1925 1988 1884
f 2115 2178 2075
f 2461 2370 2468
f 2461 2501 2538
f 1988 1925 1990
f 1930 1965 1925
f 1431 1411 1397
f 2211 2122 2181
f 2211 2132 2122
f 2897 2904 2860
f 2939 2897 2924
f 3071 3058 3048
f 2736 2707 2766
f 2731 2736 2768
f 2628 2709 2694
f 2761 2694 2709
f 2762 2761 2709
f 2762 2832 2809
f 2762 2809 2761
f 2885 2809 2832
f 2907 2877 2848
f 2335 2281 2305
f 2305 2281 2386
f 2449 2305 2386
f 2449 2443 2405
f 2386 2367 2449
f 2242 2367 2249
f 2368 2348 2333
f 2430 2333 2242
f 2430 2347 2366
f 2278 2392 2366
f 2187 2347 2242
f 2347 2247 2298
f 2247 2187 2268
f 2152 2182 2114
f 2333 2430 2529
f 2315 2475 2392
f 2529 2430 2475
f 2475 2527 2529
f 2529 2435 2333
f 2368 2333 2435
f 2424 2368 2435
f 2268 2164 2206
f 2475 2315 2286
f 2209 2286 2315
f 1704 1675 1623
f 1704 1769 1783
f 2459 2432 2332
f 2312 2459 2332
f 2312 2465 2459
f 2465 2372 2440
f 2312 2229 2316
f 2644 2700 2605
f 2700 2644 2670
f 2594 2644 2605
f 1769 1760 1827
f 1769 1704 1663
f 1587 1701 1669
f 1701 1587 1626
f 1626 1587 1502
f 2494 2390 2441
f 2551 2596 2564
f 2106 2219 2284
f 2270 2284 2353
f 2324 2309 2198
f 2151 2198 2309
f 2151 2098 2156
f 2353 2324 2419
f 2098 2037 2081
f 2198 2156 2081
f 2098 2081 2156
f 2429 2516 2509
f 2934 2949 2926
f 2383 2372 2316
f 1593 1617 1678
f 1555 1514 1503
f 1932 1907 1762
f 1951 1907 1932
f 1563 1447 1518
f 1527 1576 1604
f 2395 2331 2330
f 1802 1728 1721
f 1783 1802 1721
f 1802 1866 1867
f 1828 1867 1866
f 1893 1805 1858
f 1858 1840 1860
f 1652 1686 1666
f 1706 1666 1686
f 1821 1776 1857
f 1736 1686 1747
f 1921 1966 1996
f 1923 1966 1912
f 2279 2314 2225
f 2190 2118 2256
f 2256 2118 2130
f 2158 2163 2130
f 2492 2572 2522
f 3057 3073 3075
f 3055 3040 3057
f 3055 3007 3040
f 2953 2988 2951
f 3055 3057 3075
f 3075 3073 3085
f 3085 3073 3087
f 3073 3078 3088
f 2812 2773 2850
f 2789 2719 2787
f 2662 2719 2732
f 2704 2662 2732
f 2704 2663 2651
f 2651 2607 2577
f 2719 2661 2754
f 2663 2647 2602
f 2651 2663 2607
f 2661 2719 2662
f 2773 2661 2646
f 2651 2577 2662
f 2661 2662 2577
f 2561 2577 2607
f 2561 2532 2577
f 2812 2850 2872
f 2567 2512 2583
f 2710 2788 2687
f 2788 2841 2817
f 2883 2841 2877
f 2715 2687 2757
f 2817 2757 2788
f 2822 2817 2853
f 2817 2822 2778
f 2778 2715 2757
f 2778 2823 2785
f 2778 2785 2715
f 2884 2883 2922
f 3007 2953 3005
f 2951 2922 2953
f 2951 2988 2924
f 2614 2649 2629
f 2624 2638 2660
f 2683 2660 2649
f 2638 2613 2617
f 2617 2588 2629
f 2624 2660 2603
f 2974 2983 2982
f 2929 2923 2964
f 2957 2964 2923
f 2946 2957 2910
f 2983 2964 2957
f 2740 2786 2790
f 2542 2636 2521
f 2438 2521 2476
f 2589 2521 2684
f 2505 2589 2537
f 2521 2505 2476
f 2294 2318 2166
f 2413 2318 2294
f 1553 1571 1634
f 1888 1894 1908
f 1908 1894 1926
f 2509 2354 2429
f 2635 2606 2622
f 2622 2524 2518
f 2355 2470 2382
f 2470 2355 2456
f 3080 3090 3097
f 2969 2924 2988
f 1502 1587 1452
f 2545 2510 2586
f 2586 2490 2557
f 3110 3109 3104
f 3000 3009 2985
f 2975 2968 2986
f 1436 1505 1460
f 2708 2656 2744
f 2899 2923 2929
f 2913 2910 2830
f 2899 2879 2923
f 2830 2749 2861
f 2735 2670 2765
f 2193 2229 2161
f 2007 2005 2108
f 1511 1532 1591
f 3089 3067 3069
f 3069 3076 3094
f 1686 1660 1683
f 1660 1686 1652
f 1633 1634 1652
f 2192 2107 2083
f 2078 2139 2162
f 2292 2112 2162
f 2415 2447 2292
f 2292 2447 2393
f 2393 2447 2480
f 2480 2523 2498
f 2447 2523 2480
f 2480 2498 2393
f 2498 2523 2538
f 1865 1791 1930
f 1865 1930 1925
f 1823 1861 1875
f 1875 1914 1943
f 1704 1783 1729
f 1845 1783 1769
f 1845 1769 1827
f 1874 1889 1883
f 1828 1873 1840
f 1873 1845 1883
f 1873 1783 1845
f 3066 3080 3065
f 2613 2578 2588
f 2654 2590 2544
f 2649 2614 2620
f 3078 3071 3086
f 2829 2879 2899
f 2849 2829 2899
f 2880 2849 2899
f 2879 2834 2870
f 2835 2870 2834
f 3028 3043 3023
f 1630 1588 1562
f 1628 1588 1635
f 1651 1644 1659
f 1580 1607 1644
f 1607 1580 1605
f 2372 2508 2440
f 2409 2487 2543
f 2317 2231 2304
f 2559 2543 2487
f 2317 2418 2350
f 2272 2231 2350
f 2418 2409 2543
f 2304 2200 2275
f 2398 2275 2387
f 2387 2376 2492
f 2492 2522 2387
f 2734 2633 2680
f 2746 2698 2734
f 2669 2683 2716
f 2172 2362 2168
f 1860 1882 1935
f 2548 2379 2431
f 2371 2548 2427
f 1882 1889 1880
f 1879 1882 1880
f 1766 1779 1789
f 1734 1761 1756
f 1819 1777 1824
f 1637 1690 1657
f 1681 1690 1637
f 1797 1738 1794
f 1717 1738 1732
f 1717 1794 1738
f 1768 1712 1743
f 1712 1768 1717
f 1720 1745 1825
f 1797 1825 1745
f 1667 1532 1608
f 1705 1709 1747
f 1709 1786 1747
f 2868 2845 2806
f 2954 2933 2961
f 2927 2961 2933
f 2021 2125 2030
f 2125 2021 2053
f 2054 2153 2077
f 2037 2054 2081
f 2052 2081 2054
f 2052 2089 2081
f 1873 1828 1866
f 3090 3081 3096
f 3096 3101 3107
f 2200 2304 2231
f 2143 2200 2231
f 1967 1895 1959
f 2868 2914 2905
f 1635 1630 1585
f 1635 1560 1595
f 1424 1436 1460
f 2302 2373 2416
f 1708 1676 1770
f 1676 1730 1770
f 1798 1770 1730
f 1798 1813 1770
f 1733 1798 1730
f 1642 1733 1730
f 1987 2015 2022
f 2128 2039 2087
f 1509 1584 1458
f 2667 2458 2648
f 2817 2841 2883
f 2913 2968 2975
f 2908 2968 2913
f 2913 2861 2908
f 3004 2990 2975
f 2983 2990 2982
f 3033 3003 3027
f 2982 2990 3003
f 3010 3003 2990
f 2991 3012 3036
f 3032 3012 3015
f 3012 3032 3036
f 3037 3054 3036
f 3059 3036 3054
f 3037 3050 3054
f 3033 3032 3015
f 2957 2990 2983
f 2957 2946 2975
f 3015 2984 3003
f 2984 2991 2960
f 2739 2747 2655
f 2540 2453 2402
f 2810 2815 2777
f 2753 2717 2718
f 2672 2690 2743
f 2690 2704 2732
f 2732 2743 2690
f 1877 1902 1952
f 1835 1820 1778
f 1791 1778 1820
f 1777 1791 1820
f 3058 3078 3047
f 1688 1695 1700
f 2275 2376 2387
f 2275 2180 2248
f 2275 2200 2180
f 2144 2121 2111
f 1411 1409 1377
f 1574 1579 1510
f 1436 1455 1505
f 1586 1583 1531
f 1922 1928 1948
f 1904 1917 1938
f 2011 2023 1992
f 2076 2023 2031
f 2307 2296 2222
f 2244 2358 2273
f 2241 2263 2323
f 2359 2497 2428
f 2345 2323 2433
f 2363 2344 2265
f 2499 2428 2497
f 2433 2323 2428
f 2932 2965 2936
f 1687 1679 1688
f 1677 1688 1679
f 1673 1677 1664
f 1695 1688 1677
f 1673 1695 1677
f 2756 2718 2733
f 2007 2108 2101
f 2220 2199 2153
f 2077 2199 2119
f 2234 2173 2119
f 3064 3046 3063
f 3017 3046 3025
f 2803 2796 2751
f 2821 2851 2808
f 2230 2301 2390
f 1797 1750 1738
f 2606 2635 2674
f 2731 2674 2736
f 1650 1596 1648
f 1654 1596 1650
f 1710 1650 1648
f 1650 1672 1654
f 1634 1498 1553
f 2348 2367 2242
f 1757 1760 1663
f 2385 2353 2419
f 2174 2353 2280
f 1514 1555 1593
f 2704 2647 2663
f 2672 2647 2690
f 2833 2790 2786
f 2740 2759 2686
f 2790 2833 2847
f 2847 2868 2806
f 2843 2845 2868
f 2659 2507 2535
f 2140 2129 2458
f 2696 2765 2670
f 1779 1861 1789
f 2121 2144 2180
f 2111 2148 2150
f 2194 2150 2148
f 2179 2095 2142
f 2095 2179 2049
f 2179 2204 2262
f 2142 2082 2204
f 2204 2082 2146
f 2067 2066 2041
f 2146 2066 2151
f 2151 2309 2262
f 2219 2262 2309
f 2179 2219 2134
f 2146 2082 2066
f 2037 2067 2041
f 2309 2284 2219
f 2051 2049 2134
f 2407 2546 2497
f 2395 2407 2331
f 2328 2310 2196
f 2772 2714 2747
f 3066 3065 3042
f 2756 2753 2718
f 2559 2585 2631
f 1988 1949 1884
f 2727 2784 2783
f 2640 2727 2783
f 2640 2681 2727
f 1727 1724 1703
f 1740 1724 1780
f 1724 1727 1780
f 1780 1773 1740
f 1737 1740 1773
f 2349 2286 2217
f 2556 2475 2349
f 2166 2318 2232
f 2529 2610 2483
f 2336 2419 2267
f 2419 2198 2267
f 2324 2198 2419
f 2300 2202 2232
f 1637 1631 1584
f 2809 2848 2814
f 2596 2566 2613
f 1438 1534 1503
f 2053 2021 2008
f 2169 2053 2189
f 3022 3020 3002
f 3026 3008 3020
f 3008 3026 3018
f 3029 3022 2999
f 3034 3022 3049
f 3020 3008 3002
f 3008 2987 3002
f 3020 3022 3034
f 3035 3018 3026
f 3069 3049 3059
f 3054 3050 3074
f 3059 3049 3029
f 3029 3036 3059
f 2469 2639 2656
f 2068 2117 2050
f 1773 1809 1774
f 1804 1754 1774
f 1767 1782 1754
f 2261 2245 2258
f 2203 2251 2261
f 1895 1929 1959
f 3061 3062 3072
f 3059 3054 3074
f 3076 3059 3074
f 3053 3061 3050
f 3064 3031 3046
f 3077 3082 3072
f 3061 3052 3062
f 1846 1851 1831
f 3006 2977 2995
f 2738 2671 2730
f 2655 2714 2619
f 2715 2655 2654
f 2459 2560 2536
f 2740 2797 2786
f 1965 1930 1924
f 1819 1826 1832
f 2357 2422 2448
f 2051 2134 2219
f 3051 3069 3067
f 2378 2365 2452
f 2022 1996 1987
f 1638 1668 1661
f 2323 2263 2359
f 1601 1584 1509
f 2840 2890 2852
f 2384 2375 2269
f 2772 2744 2752
f 2920 2832 2836
f 1737 1744 1719
f 2361 2343 2321
f 2630 2586 2600
f 2586 2630 2625
f 2645 2630 2600
f 2630 2711 2693
f 2625 2699 2591
f 2675 2600 2626
f 2600 2675 2645
f 2737 2626 2668
f 2721 2675 2737
f 2626 2737 2675
f 2668 2643 2691
f 2668 2691 2737
f 2671 2691 2643
f 2725 2671 2794
f 2829 2794 2783
f 2794 2849 2820
f 2834 2829 2783
f 2730 2671 2725
f 2794 2671 2764
f 2643 2764 2671
f 2834 2784 2835
f 2658 2783 2764
f 2745 2835 2784
f 2571 2633 2618
f 2633 2571 2680
f 2061 2064 2038
f 2124 2064 2166
f 2201 2133 2178
f 2520 2493 2553
f 2424 2493 2368
f 1657 1739 1693
f 1705 1747 1686
f 2043 2000 1988
f 2298 2152 2366
f 2278 2366 2152
f 1976 1941 1907
f 1976 2006 2024
f 1555 1617 1593
f 2661 2609 2646
f 2689 2646 2550
f 2634 2689 2550
f 2582 2591 2634
f 2019 1987 2002
f 2372 2383 2453
f 2252 2338 2185
f 1672 1674 1654
f 1689 1713 1722
f 1570 1590 1582
f 1904 1931 1903
f 1968 2011 1991
f 1927 1918 1919
f 1994 1997 1971
f 2295 2397 2260
f 2149 2206 2135
f 2358 2389 2273
f 1725 1748 1742
f 1643 1598 1633
f 1401 1378 1377
f 2408 2381 2322
f 2303 2401 2319
f 2120 2170 2138
f 2100 2086 2080
f 1576 1541 1602
f 1530 1472 1563
f 1921 1919 1912
f 1868 1893 1919
f 1776 1821 1741
f 1776 1741 1706
f 1595 1560 1654
f 1696 1651 1713
f 1651 1619 1644
f 1689 1696 1713
f 1619 1696 1620
f 1620 1696 1662
f 1582 1619 1620
f 1619 1582 1644
f 1582 1620 1615
f 1711 1620 1662
f 1566 1655 1612
f 1614 1655 1566
f 1765 1790 1684
f 1892 1938 1900
f 1938 1946 1900
f 1906 1900 1946
f 1946 1917 1953
f 1942 1906 1946
f 1843 1801 1864
f 2423 2303 2381
f 2401 2303 2356
f 2489 2423 2381
f 2451 2489 2408
f 2519 2489 2451
f 2591 2460 2406
f 1532 1462 1608
f 3102 3106 3108
f 2082 2142 2068
f 2335 2343 2295
f 2228 2164 2254
f 2105 2044 2096
f 2045 2096 2044
f 2034 2094 2079
f 2184 2079 2094
f 3103 3092 3085
f 3087 3103 3085
f 3103 3087 3099
f 3099 3087 3088
f 3104 3111 3110
f 3097 3104 3109
f 3104 3107 3111
f 3109 3099 3097
f 2013 2035 2016
f 2593 2450 2537
f 2137 2149 2085
f 2206 2149 2182
f 1670 1645 1694
f 2454 2426 2397
f 2343 2454 2397
f 1610 1606 1629
f 2327 2389 2473
f 2340 2225 2327
f 2228 2254 2252
f 2367 2386 2252
f 2187 2249 2254
f 2257 2222 2241
f 2416 2473 2358
f 1578 1573 1610
f 2772 2793 2811
f 1642 1618 1569
f 1676 1708 1618
f 1618 1708 1606
f 1813 1708 1770
f 1519 1569 1573
f 1618 1606 1573
f 2010 2095 2049
f 1723 1716 1728
f 2069 2046 2042
f 2045 2042 2046
f 2069 2183 2099
f 2251 2236 2261
f 2211 2181 2236
f 2104 2181 2122
f 2251 2211 2236
f 2190 2236 2104
f 2236 2245 2261
f 2099 2054 2037
f 2100 2170 2044
f 2344 2434 2373
f 2129 2005 1982
f 1452 1501 1502
f 1439 1412 1470
f 2994 2969 2988
f 1465 1566 1612
f 1505 1583 1571
f 1616 1571 1583
f 3079 3095 3068
f 1691 1716 1723
f 1672 1691 1723
f 1716 1721 1728
f 1721 1716 1710
f 1598 1634 1633
f 2407 2436 2526
f 1966 1961 1996
f 1961 1983 1987
f 1983 2002 1987
f 1983 1961 1950
f 2018 2015 2032
f 2022 2015 2018
f 2023 2018 2031
f 2032 2031 2018
f 2076 2063 2114
f 2063 2076 2031
f 2137 2076 2114
f 2063 2167 2152
f 2407 2497 2359
f 2406 2401 2477
f 2356 2477 2401
f 2625 2591 2545
f 2634 2591 2699
f 2582 2634 2550
f 1462 1470 1412
f 1532 1470 1462
f 2545 2591 2406
f 1966 1923 1935
f 1893 1923 1912
f 1935 1858 1885
f 1604 1639 1586
f 1639 1661 1673
f 1638 1661 1639
f 1604 1638 1639
f 1604 1586 1527
f 2039 2059 2032
f 2167 2059 2128
f 2147 2087 2093
f 2209 2128 2217
f 1439 1511 1534
f 2965 2998 2996
f 3030 3038 3000
f 3000 2996 3030
f 2965 2966 2936
f 2844 2873 2865
f 2865 2873 2936
f 2996 2978 2966
f 2966 2978 2945
f 2962 2978 2985
f 2945 2962 2944
f 2963 2944 2962
f 2945 2917 2865
f 2799 2837 2781
f 2407 2359 2331
f 1921 1996 1927
f 2490 2563 2557
f 1615 1570 1582
f 1452 1587 1542
f 1649 1593 1678
f 1514 1593 1551
f 1640 1613 1627
f 1623 1663 1704
f 1799 1733 1790
f 1847 1798 1799
f 1847 1819 1824
f 1813 1798 1847
f 1847 1820 1835
f 1790 1826 1799
f 1777 1819 1766
f 1791 1777 1823
f 1789 1823 1777
f 1791 1865 1778
f 1865 1925 1884
f 2128 2223 2167
f 2209 2315 2223
f 2261 2258 2220
f 2951 2897 2922
f 2822 2859 2823
f 2897 2863 2922
f 2778 2822 2823
f 2825 2785 2823
f 2823 2859 2860
f 2823 2860 2825
f 2785 2825 2739
f 2863 2897 2859
f 2428 2499 2433
f 2646 2565 2550
f 2609 2547 2565
f 2499 2485 2433
f 2565 2485 2499
f 2495 2485 2547
f 2495 2421 2412
f 2511 2421 2481
f 2539 2511 2481
f 2481 2532 2539
f 2495 2547 2577
f 2481 2495 2532
f 2363 2434 2344
f 2323 2345 2265
f 2552 2532 2561
f 2005 1901 1896
f 2002 2026 2019
f 2873 2875 2932
f 2873 2837 2875
f 2399 2328 2289
f 2130 2163 2127
f 2256 2127 2234
f 2256 2130 2127
f 2194 2234 2150
f 2208 2253 2310
f 2377 2310 2400
f 2479 2377 2400
f 2554 2479 2549
f 2377 2479 2554
f 2549 2541 2539
f 2602 2572 2552
f 2552 2561 2607
f 2663 2552 2607
f 2554 2410 2377
f 2282 2410 2376
f 2248 2282 2376
f 2491 2492 2376
f 2522 2572 2602
f 2572 2492 2491
f 2549 2539 2552
f 2554 2549 2552
f 2208 2144 2141
f 1534 1555 1503
f 1591 1617 1534
f 1617 1682 1678
f 1682 1762 1678
f 1667 1682 1591
f 2953 2883 2921
f 1810 1805 1868
f 1858 1805 1828
f 1688 1700 1697
f 3096 3107 3104
f 3090 3104 3097
f 3099 3086 3097
f 3086 3088 3078
f 3104 3090 3096
f 3080 3097 3086
f 2794 2820 2725
f 2979 2961 2963
f 2927 2963 2961
f 2914 2917 2944
f 2914 2868 2917
f 3068 3093 3070
f 3102 3098 3093
f 3093 3084 3070
f 3077 3084 3091
f 3096 3081 3083
f 3100 3108 3101
f 3071 3048 3065
f 3039 3047 3021
f 3058 3047 3039
f 3024 3048 3021
f 2955 2993 2948
f 2973 2948 2992
f 2887 2948 2885
f 2887 2920 2948
f 2887 2885 2832
f 2885 2848 2809
f 3067 3056 3051
f 3056 3041 3035
f 3051 3056 3035
f 3035 3041 3018
f 2997 3016 2993
f 2993 3024 2992
f 3048 3024 3042
f 2992 3024 3021
f 2970 2947 2971
f 2997 2970 2971
f 3013 2973 2992
f 3021 3013 2992
f 2948 2973 2907
f 2788 2814 2841
f 3005 2973 3013
f 2907 2973 2921
f 2982 3003 2984
f 2984 2974 2982
f 3051 3049 3069
f 3029 2999 3019
f 3002 2999 3022
f 2981 3002 2976
f 2950 2981 2976
f 2999 2980 3019
f 3043 3028 3052
f 3053 3052 3061
f 3052 3053 3043
f 3050 3043 3053
f 3032 3033 3050
f 3043 3027 3023
f 3003 3010 3027
f 3006 3004 2986
f 2968 3006 2986
f 2908 2977 2968
f 2926 2893 2898
f 2893 2855 2898
f 2871 2895 2864
f 2851 2871 2864
f 2766 2808 2792
f 2808 2766 2796
f 2821 2808 2796
f 2926 2898 2881
f 2792 2851 2827
f 2851 2792 2808
f 2851 2864 2827
f 2881 2898 2855
f 2800 2827 2842
f 2818 2800 2842
f 2770 2827 2800
f 2720 2731 2770
f 2774 2818 2839
f 2804 2774 2839
f 2768 2792 2770
f 2839 2893 2804
f 2701 2674 2731
f 2606 2674 2650
f 2104 2131 2118
f 2213 2131 2104
f 3073 3057 3044
f 3073 3044 3047
f 2579 2640 2658
f 2721 2706 2645
f 2771 2706 2721
f 2737 2771 2721
f 2769 2748 2711
f 2706 2711 2645
f 2780 2699 2748
f 2780 2773 2689
f 2693 2711 2748
f 2807 2780 2748
f 2828 2773 2780
f 2813 2826 2807
f 2754 2812 2787
f 2854 2787 2812
f 2857 2828 2826
f 2771 2813 2769
f 2771 2763 2813
f 2763 2738 2730
f 2737 2738 2771
f 2824 2777 2815
f 2878 2852 2890
f 2878 2890 2930
f 2890 2824 2886
f 2883 2853 2817
f 2857 2852 2878
f 2825 2860 2874
f 1556 1585 1599
f 1549 1592 1596
f 1665 1592 1600
f 1596 1592 1648
f 1665 1648 1592
f 1729 1692 1665
f 1553 1498 1522
f 1459 1522 1498
f 1670 1632 1602
f 1719 1697 1700
f 1737 1719 1700
f 1755 1718 1719
f 1731 1719 1744
f 1744 1737 1773
f 1782 1731 1754
f 1804 1809 1841
f 1784 1807 1841
f 1807 1784 1746
f 1979 1911 1909
f 1784 1780 1727
f 1780 1784 1809
f 1809 1773 1780
f 1727 1703 1656
f 1698 1784 1727
f 1746 1784 1698
f 1782 1767 1833
f 2071 1957 1998
f 1911 1957 1897
f 2071 2025 1957
f 2025 2071 2109
f 2103 2109 2157
f 2157 2210 2103
f 2375 2210 2269
f 2025 1920 1957
f 2157 2109 2207
f 2109 2188 2207
f 2285 2414 2339
f 2207 2188 2285
f 2494 2339 2414
f 2116 2188 2071
f 2494 2414 2390
f 2285 2390 2414
f 2230 2188 2116
f 2192 2083 2210
f 2036 2025 2083
f 2025 2036 1916
f 2494 2437 2339
f 1815 1747 1786
f 2274 2192 2210
f 2375 2388 2274
f 2597 2388 2474
f 2474 2603 2597
f 2660 2669 2603
f 2660 2683 2669
f 2683 2620 2673
f 2642 2676 2673
f 2692 2642 2619
f 2722 2716 2673
f 2683 2673 2716
f 2692 2722 2673
f 2655 2747 2714
f 2739 2655 2715
f 2739 2715 2785
f 2619 2714 2692
f 2642 2673 2616
f 2616 2673 2620
f 2619 2616 2583
f 2655 2590 2654
f 2619 2590 2655
f 2597 2608 2484
f 2374 2259 2388
f 2728 2722 2752
f 2639 2752 2656
f 2747 2793 2772
f 2752 2744 2656
f 2465 2512 2567
f 2567 2560 2465
f 2440 2512 2465
f 2544 2512 2440
f 2710 2694 2741
f 2611 2612 2710
f 2611 2508 2612
f 2761 2809 2814
f 2970 2920 2925
f 2453 2555 2508
f 2453 2540 2555
f 2788 2741 2814
f 1998 1957 1911
f 2613 2624 2587
f 1909 1969 1979
f 1949 1947 1833
f 1833 1767 1806
f 1767 1754 1811
f 2567 2620 2614
f 2920 2891 2925
f 2925 2891 2916
f 2925 2916 2947
f 2918 2947 2916
f 2947 2959 2971
f 2891 2791 2862
f 2987 2971 2976
f 3002 2987 2976
f 2862 2846 2876
f 2753 2791 2795
f 2717 2753 2795
f 2762 2717 2795
f 2717 2709 2665
f 2665 2709 2592
f 2665 2513 2574
f 2574 2513 2418
f 1486 1505 1455
f 2136 2141 2144
f 2282 2215 2208
f 2111 2121 2097
f 2084 2154 2078
f 2148 2091 2154
f 2091 2148 2097
f 2111 2097 2148
f 2121 2180 2143
f 2144 2215 2180
f 2097 2161 2091
f 2180 2200 2143
f 2989 2954 2979
f 2989 3017 2956
f 2995 2956 3017
f 2956 2995 2958
f 3031 3025 3046
f 2884 2863 2822
f 2856 2789 2854
f 2732 2789 2779
f 2719 2789 2732
f 2437 2474 2384
f 2474 2437 2573
f 2608 2597 2669
f 2654 2544 2611
f 2513 2592 2402
f 2383 2402 2453
f 2321 2405 2443
f 1600 1613 1623
f 1675 1600 1623
f 1592 1549 1600
f 1707 1839 1775
f 1839 1707 1844
f 1844 1707 1685
f 1844 1685 1862
f 1941 1910 1871
f 1844 1862 1936
f 1910 1749 1871
f 1973 1941 1976
f 2012 1976 2024
f 1973 1976 2012
f 2055 2092 2160
f 2168 2308 2160
f 2073 2092 2024
f 1762 1871 1749
f 1907 1941 1871
f 2470 2456 2518
f 1963 1926 1945
f 1908 1926 1934
f 2765 2830 2775
f 3041 3066 3042
f 2882 2889 2867
f 2831 2882 2867
f 2831 2867 2821
f 2803 2831 2821
f 2805 2831 2803
f 2750 2805 2803
f 2707 2751 2766
f 2935 2901 2892
f 2942 2930 2967
f 2942 2981 2950
f 2981 2967 2999
f 2901 2960 2943
f 2824 2858 2901
f 2900 2888 2869
f 2900 2940 2888
f 2940 2964 2952
f 2950 2928 2942
f 2902 2928 2896
f 2941 2906 2928
f 2896 2906 2856
f 2959 2941 2950
f 2876 2846 2856
f 2733 2779 2756
f 2767 2776 2734
f 2698 2774 2804
f 2749 2698 2804
f 2621 2698 2696
f 1793 1746 1726
f 2077 2119 2084
f 2154 2084 2173
f 2056 2084 2074
f 2056 2074 2112
f 2299 2112 2292
f 2056 2112 2235
f 2214 2177 2235
f 2056 2177 2145
f 2336 2214 2235
f 2056 2089 2052
f 2145 2267 2198
f 2081 2145 2198
f 2119 2173 2084
f 2420 2411 2334
f 2393 2420 2299
f 2498 2472 2420
f 2468 2448 2472
f 2422 2472 2448
f 2420 2472 2411
f 2517 2523 2447
f 2558 2523 2517
f 2415 2528 2517
f 2276 2415 2277
f 2415 2276 2528
f 2351 2276 2186
f 2558 2517 2528
f 2933 2954 2931
f 2276 2351 2442
f 2578 2442 2588
f 2312 2332 2271
f 2432 2351 2332
f 2528 2566 2558
f 2186 2271 2332
f 2383 2316 2229
f 2308 2362 2425
f 2308 2168 2362
f 2362 2507 2425
f 2695 2627 2659
f 2759 2729 2686
f 2695 2659 2729
f 2092 2073 2168
f 2073 2006 2048
f 2191 2172 2101
f 2464 2396 2291
f 2291 2172 2191
f 2172 2396 2362
f 2535 2507 2464
f 2507 2659 2627
f 2048 2101 2073
f 1907 1951 1985
f 1951 2007 1985
f 2007 1951 1932
f 2108 2191 2101
f 2444 2191 2380
f 2667 2581 2380
f 2458 2667 2380
f 1932 2005 2007
f 2380 2140 2458
f 1901 2005 1932
f 1851 1846 1842
f 1969 2000 2040
f 2075 2040 2000
f 2133 2075 2178
f 1807 1829 1841
f 1865 1884 1837
f 1884 1806 1837
f 1969 2040 1979
f 1998 2040 2116
f 2133 2116 2040
f 2760 2782 2724
f 2703 2666 2641
f 2641 2627 2695
f 2695 2760 2703
f 2801 2806 2845
f 2502 2641 2516
f 2666 2516 2641
f 2308 2502 2429
f 1985 2006 1976
f 2599 2658 2643
f 2562 2640 2579
f 2636 2684 2521
f 2830 2870 2798
f 2575 2514 2445
f 2438 2476 2352
f 2426 2438 2352
f 2438 2454 2514
f 2514 2454 2361
f 2321 2443 2394
f 2443 2471 2503
f 2348 2471 2449
f 2368 2503 2471
f 2530 2503 2520
f 2595 2580 2644
f 2644 2580 2670
f 2217 2128 2147
f 2087 2147 2128
f 2349 2217 2226
f 2202 2226 2093
f 2300 2266 2202
f 2349 2202 2266
f 1974 1967 2001
f 1967 1959 2001
f 1980 2001 1959
f 2093 2064 2124
f 2266 2379 2371
f 2232 2379 2300
f 2610 2534 2483
f 2483 2534 2482
f 2569 2431 2467
f 2584 2657 2653
f 2688 2653 2657
f 2720 2657 2701
f 2657 2720 2688
f 2720 2770 2705
f 2731 2720 2701
f 2598 2548 2584
f 2431 2584 2548
f 2705 2697 2720
f 2697 2632 2653
f 2705 2680 2623
f 2698 2621 2618
f 2294 2166 2123
f 1963 2017 2014
f 2017 2060 2123
f 2017 2123 2061
f 2017 2020 2060
f 2175 2355 2123
f 2382 2470 2413
f 1913 1934 1944
f 1882 1879 1895
f 1664 1634 1616
f 1634 1664 1660
f 1679 1660 1664
f 1705 1683 1679
f 2363 2421 2511
f 2400 2478 2506
f 2399 2478 2400
f 1932 1753 1901
f 1926 1894 1945
f 1936 1910 1973
f 2469 2608 2639
f 2301 2369 2441
f 2420 2334 2299
f 2419 2411 2422
f 2243 2385 2364
f 2243 2189 2280
f 2189 2102 2155
f 1995 2047 2102
f 2047 2062 2174
f 2047 2174 2155
f 2106 2174 2062
f 1995 1975 1964
f 1975 1943 1964
f 1964 1914 1933
f 1872 1861 1795
f 1899 1906 1942
f 1715 1787 1734
f 1942 1984 1933
f 1953 1984 1942
f 1946 1953 1942
f 1787 1906 1899
f 1906 1787 1900
f 1715 1900 1787
f 1917 1986 1953
f 1956 1986 1948
f 2047 2033 2062
f 2051 2062 2033
f 2051 2033 2035
f 2035 1999 1981
f 2013 2051 2035
f 1756 1743 1734
f 1768 1756 1803
f 1854 1715 1712
f 1803 1836 1768
f 1711 1720 1825
f 1711 1825 1838
f 1662 1720 1711
f 2797 2781 2816
f 1788 1846 1835
f 1813 1847 1848
f 2424 2435 2483
f 2571 2493 2482
f 1974 1882 1967
f 1889 1882 1860
f 1882 1950 1935
f 2232 2202 2124
f 1817 1876 1870
f 2664 2666 2702
f 2724 2703 2760
f 2702 2724 2750
f 1854 1759 1856
f 1717 1732 1759
f 1712 1717 1759
f 1792 1856 1751
f 1750 1751 1732
f 1614 1714 1655
f 1711 1714 1653
f 1745 1662 1689
f 1662 1745 1720
f 2917 2868 2865
f 3031 3028 3014
f 2995 3014 3006
f 1755 1855 1786
f 1897 1855 1911
f 2107 2072 2009
f 2171 2072 2107
f 2192 2259 2107
f 1776 1736 1747
f 1937 1821 1915
f 2847 2865 2868
f 2949 2934 2937
f 2912 2894 2889
f 2895 2894 2915
f 2934 2909 2915
f 2186 2276 2139
f 2162 2276 2277
f 2399 2340 2478
f 2225 2340 2279
f 2441 2369 2462
f 2568 2558 2566
f 2461 2462 2369
f 2125 2169 2216
f 2357 2216 2320
f 1606 1641 1646
f 1836 1832 1822
f 1832 1803 1761
f 1779 1734 1787
f 2034 1937 2009
f 2030 2115 2043
f 2125 2115 2030
f 1746 1698 1641
f 1823 1875 1930
f 2159 2218 2251
f 2218 2211 2251
f 3080 3081 3090
f 2657 2650 2701
f 2584 2569 2657
f 2569 2467 2606
f 2650 2569 2606
f 2413 2524 2467
f 2622 2606 2524
f 2768 2766 2792
f 2766 2768 2736
f 1635 1585 1560
f 1599 1585 1630
f 1424 1460 1459
f 2206 2182 2268
f 2298 2268 2182
f 2670 2580 2621
f 2696 2670 2621
f 2767 2734 2680
f 1775 1764 1701
f 2566 2578 2613
f 2353 2174 2270
f 2284 2174 2106
f 2453 2508 2372
f 1871 1762 1907
f 1802 1783 1866
f 1867 1828 1834
f 1805 1834 1828
f 1858 1828 1840
f 1776 1706 1736
f 1686 1736 1706
f 2287 2213 2197
f 2602 2585 2559
f 3005 3040 3007
f 3040 3044 3057
f 3088 3087 3073
f 2810 2730 2725
f 2710 2687 2611
f 2687 2715 2654
f 2817 2778 2757
f 2884 2822 2853
f 3040 3005 3044
f 3013 3044 3005
f 3044 3013 3047
f 2683 2649 2620
f 2588 2536 2629
f 2983 2952 2964
f 1571 1616 1634
f 1986 1981 1999
f 2413 2470 2524
f 2844 2833 2797
f 2923 2870 2910
f 2879 2870 2923
f 2830 2861 2913
f 2272 2193 2231
f 1955 2008 1965
f 2246 2374 2417
f 2030 1965 2021
f 1675 1665 1600
f 1860 1883 1889
f 2820 2880 2869
f 2418 2543 2574
f 2487 2398 2522
f 2002 1974 2001
f 1983 1950 1974
f 1874 1880 1889
f 2054 2077 2052
f 2434 2416 2373
f 2473 2416 2486
f 2019 2015 1987
f 1637 1601 1681
f 2908 2804 2893
f 2946 2913 2975
f 2946 2910 2913
f 2984 3015 3012
f 2402 2592 2540
f 2647 2704 2690
f 2942 2878 2930
f 1687 1697 1709
f 1679 1664 1677
f 2129 2140 2005
f 2219 2179 2262
f 2066 2082 2096
f 2037 2098 2067
f 2151 2067 2098
f 3082 3091 3094
f 2615 2527 2556
f 2747 2739 2802
f 3022 3029 3049
f 2246 2184 2171
f 2417 2184 2246
f 2779 2733 2743
f 3061 3074 3050
f 3061 3072 3074
f 3072 3082 3074
f 2544 2590 2583
f 2698 2618 2633
f 2264 2201 2178
f 2075 2133 2040
f 2167 2278 2152
f 2450 2570 2439
f 2114 2182 2137
f 1655 1714 1765
f 1810 1867 1834
f 1802 1867 1864
f 1867 1810 1864
f 1702 1670 1724
f 2337 2426 2352
f 2290 2327 2212
f 1631 1609 1584
f 1546 1584 1609
f 1935 1885 1860
f 2286 2209 2217
f 1769 1663 1760
f 2897 2951 2924
f 2532 2495 2577
f 2725 2820 2810
f 2955 2970 2993
f 3010 3023 3027
f 2977 2908 2926
f 2867 2871 2851
f 2776 2767 2800
f 2800 2767 2770
f 2842 2855 2818
f 2818 2855 2839
f 2731 2768 2770
f 1815 1897 1920
f 2437 2384 2339
f 2573 2437 2494
f 1522 1571 1553
f 2143 2113 2121
f 2091 2176 2186
f 2160 2092 2168
f 2889 2911 2919
f 2910 2957 2923
f 2235 2177 2056
f 2145 2214 2267
f 2411 2336 2334
f 2077 2056 2052
f 2316 2372 2312
f 2291 2444 2464
f 2191 2444 2291
f 2581 2444 2380
f 2843 2831 2805
f 2627 2641 2502
f 2703 2641 2695
f 2697 2688 2720
f 2653 2688 2697
f 1732 1751 1856
f 1714 1763 1765
f 1591 1589 1667
f 2889 2919 2912
f 1742 1796 1878
f 1859 1878 1796
f 2065 2135 2028
f 2185 2028 2135
f 1603 1564 1628
f 2205 2293 2311
f 2221 2237 2260
f 2342 2391 2311
f 2306 2319 2346
f 2138 2195 2227
f 1722 1869 1812
f 2404 2341 2255
f 1659 1605 1625
f 1771 1680 1850
f 1680 1771 1625
f 1722 1812 1758
f 1993 1903 1887
f 1878 1918 1958
f 1878 2057 1940
f 2341 2273 2227
f 2028 2221 2057
f 2341 2404 2273
f 2319 2391 2326
f 2313 2293 2297
f 1887 1903 1722
f 2342 2313 2326
f 1878 1940 1772
f 2306 2404 2391
f 2342 2326 2391
f 1771 1850 1972
f 1722 1659 1625
f 2028 2057 1878
f 2080 2004 1993
f 1869 1722 1903
f 2326 2313 2329
f 2090 2126 2255
f 2227 2273 2250
f 2090 1993 2126
f 1991 2029 2065
f 2165 2138 2227
f 1993 2090 2080
f 1859 1918 1878
f 2185 2221 2028
f 2195 2255 2227
f 2346 2330 2306
f 2028 1878 1958
f 2080 2050 2004
f 1993 1972 2126
f 2330 2296 2306
f 2070 2057 2221
f 2293 2313 2342
f 2391 2319 2306
f 2050 2027 2004
f 2325 2322 2326
f 2090 2195 2138
f 2080 2090 2138
f 2260 2297 2221
f 2221 2297 2293
f 1939 1993 2004
f 2070 2221 2205
f 1808 1603 1772
f 2028 1958 2065
f 1887 1722 1771
f 1625 1771 1722
f 1603 1742 1772
f 1971 1939 2004
f 2296 2273 2306
f 2322 2319 2326
f 2311 2293 2342
f 2205 2221 2293
f 1603 1808 1636
f 1940 1808 1772
f 1742 1878 1772
f 1742 1603 1628
f 2227 2255 2341
f 1887 1972 1993
f 1771 1972 1887
f 2195 2090 2255
f 1940 2057 2070
f 2404 2306 2273
f 1903 1993 1939
