v -0.001263 -0.181433 0.169984
v 0.010063 -0.181621 0.170311
v 0.025296 -0.181913 0.166328
v 0.041217 -0.181624 0.162698
v 0.042153 -0.167257 0.167055
v 0.042950 -0.151795 0.168398
v 0.043057 -0.137675 0.169916
v 0.028251 -0.137806 0.172811
v 0.013315 -0.137838 0.175498
v -0.001447 -0.137180 0.175271
v -0.022121 -0.136842 0.173850
v -0.042544 -0.135857 0.171920
v -0.061818 -0.134383 0.165652
v -0.079798 -0.132326 0.155110
v -0.096603 -0.130179 0.141611
v -0.112306 -0.127937 0.126685
v -0.127178 -0.125693 0.110986
v -0.141081 -0.123380 0.094518
v -0.153549 -0.121308 0.075578
v -0.162922 -0.119340 0.053828
v -0.167489 -0.117548 0.032644
v -0.167713 -0.115854 0.011666
v -0.163956 -0.114406 -0.009388
v -0.155903 -0.112860 -0.029488
v -0.144376 -0.111747 -0.047131
v -0.129467 -0.111089 -0.060783
v -0.111801 -0.110933 -0.071068
v -0.092601 -0.110939 -0.077455
v -0.072384 -0.111180 -0.081355
v -0.051832 -0.111484 -0.081914
v -0.031254 -0.111893 -0.081819
v -0.010637 -0.111936 -0.081476
v 0.009858 -0.111946 -0.081437
v 0.030563 -0.111906 -0.081518
v 0.051127 -0.111674 -0.081162
v 0.071547 -0.111490 -0.079406
v 0.091473 -0.111526 -0.074779
v 0.110688 -0.111709 -0.067125
v 0.128260 -0.112140 -0.056148
v 0.143089 -0.113006 -0.041040
v 0.153375 -0.114533 -0.022838
v 0.159958 -0.116646 -0.003842
v 0.163733 -0.118187 0.015894
v 0.162457 -0.119702 0.037997
v 0.156154 -0.121700 0.059097
v 0.146983 -0.123744 0.078979
v 0.133926 -0.126394 0.096894
v 0.119471 -0.127984 0.113584
v 0.103380 -0.129532 0.128829
v 0.086283 -0.131558 0.142856
v 0.069072 -0.133980 0.156085
v 0.051742 -0.136359 0.168403
v 0.032838 -0.137646 0.176727
v 0.016159 -0.138140 0.179144
v -0.000186 -0.138036 0.179843
v 0.000689 -0.152903 0.181057
v 0.000946 -0.167580 0.179606
v 0.000144 -0.181909 0.174814
v 0.010066 -0.181379 0.171833
v 0.021365 -0.181006 0.171084
v 0.031968 -0.180715 0.169197
v 0.036658 -0.180306 0.167868
v 0.041284 -0.179960 0.166491
v 0.041937 -0.180092 0.166289
v 0.057162 -0.178610 0.158717
v 0.070816 -0.177046 0.149193
v 0.084868 -0.175460 0.139232
v 0.099580 -0.174221 0.129456
v 0.113574 -0.172898 0.116556
v 0.127073 -0.170964 0.103204
v 0.139922 -0.168893 0.088598
v 0.150752 -0.167571 0.072192
v 0.157236 -0.166099 0.053859
v 0.162630 -0.164305 0.036171
v 0.164707 -0.162856 0.016735
v 0.162172 -0.161683 0.003097
v 0.160376 -0.159952 -0.012221
v 0.152838 -0.158786 -0.028925
v 0.143450 -0.158055 -0.043771
v 0.131681 -0.156850 -0.057869
v 0.117377 -0.155915 -0.069985
v 0.101126 -0.156002 -0.077856
v 0.083847 -0.156170 -0.083009
v 0.066111 -0.156353 -0.086007
v 0.048078 -0.156249 -0.088085
v 0.029696 -0.156005 -0.089209
v 0.012590 -0.156228 -0.088692
v -0.004333 -0.155998 -0.089075
v -0.021310 -0.155798 -0.090432
v -0.038286 -0.155952 -0.089786
v -0.056532 -0.155831 -0.089852
v -0.074759 -0.155375 -0.089138
v -0.092607 -0.155260 -0.086538
v -0.109462 -0.155544 -0.080040
v -0.125272 -0.156134 -0.069492
v -0.140170 -0.156335 -0.059204
v -0.151834 -0.156926 -0.046284
v -0.160298 -0.158217 -0.028889
v -0.167205 -0.159184 -0.011135
v -0.169712 -0.160403 0.001688
v -0.170584 -0.161934 0.019100
v -0.168494 -0.162939 0.036693
v -0.162716 -0.164454 0.056657
v -0.154766 -0.166014 0.074700
v -0.144988 -0.167913 0.090135
v -0.133061 -0.169594 0.104659
v -0.119509 -0.171451 0.118892
v -0.105694 -0.173182 0.129887
v -0.099604 -0.173835 0.135161
v -0.093957 -0.174557 0.139238
v -0.077112 -0.176492 0.151061
v -0.059545 -0.178456 0.160119
v -0.040767 -0.179826 0.165539
v -0.021067 -0.180782 0.168382
v 0.009211 -0.176758 0.172544
v 0.009399 -0.159865 0.175549
v 0.009674 -0.142666 0.177024
v 0.028577 -0.159808 0.178679
v 0.163476 -0.139127 -0.003313
v -0.169554 -0.136843 -0.002408
v 0.027220 -0.160197 0.173654
v 0.013546 -0.160103 0.179903
v 0.020704 -0.170249 0.177620
v 0.020887 -0.149412 0.180772
v 0.066643 -0.156820 0.160041
v 0.094567 -0.153533 0.137879
v 0.123390 -0.150399 0.113256
v 0.146688 -0.146919 0.082717
v 0.162760 -0.142842 0.046987
v 0.151333 -0.135202 -0.037231
v 0.125565 -0.134960 -0.061992
v 0.093120 -0.134253 -0.079270
v 0.057022 -0.134452 -0.084356
v 0.004446 -0.134349 -0.086431
v -0.047104 -0.134067 -0.087168
v -0.100780 -0.133412 -0.079739
v -0.133732 -0.133724 -0.065554
v -0.157915 -0.135803 -0.034973
v -0.170381 -0.140556 0.030821
v -0.160604 -0.143100 0.068966
v -0.139881 -0.146468 0.102273
v -0.113986 -0.150955 0.128671
v 0.159222 -0.145069 -0.019215
v -0.166379 -0.143559 -0.020058
v 0.031560 -0.148510 0.173338
v 0.020778 -0.171246 0.172583
v 0.081101 -0.161962 0.149626
v 0.051619 -0.165538 0.168373
v 0.066321 -0.168553 0.158000
v 0.094053 -0.165305 0.136936
v 0.109033 -0.157574 0.125860
v 0.122736 -0.162611 0.112284
v 0.136235 -0.154803 0.098613
v 0.156348 -0.151323 0.065160
v 0.145982 -0.159402 0.081566
v 0.161860 -0.155647 0.046118
v 0.150918 -0.148323 -0.036657
v 0.139174 -0.141152 -0.051287
v 0.125211 -0.147583 -0.062879
v 0.110327 -0.140467 -0.073092
v 0.093104 -0.146810 -0.080693
v 0.075233 -0.140252 -0.085110
v 0.056924 -0.146626 -0.087193
v 0.021259 -0.141041 -0.087809
v 0.039937 -0.140615 -0.086590
v 0.004219 -0.146162 -0.089127
v -0.065501 -0.139571 -0.089234
v -0.029655 -0.140489 -0.088602
v -0.011957 -0.140221 -0.087876
v -0.047434 -0.146116 -0.090279
v -0.101449 -0.146052 -0.081597
v -0.118359 -0.139544 -0.075117
v -0.084176 -0.139198 -0.086355
v -0.133579 -0.146727 -0.064906
v -0.146913 -0.140872 -0.052249
v -0.157855 -0.148271 -0.035807
v -0.166419 -0.148420 0.049942
v -0.170753 -0.152949 0.028918
v -0.172061 -0.145399 0.012937
v -0.151517 -0.151541 0.085136
v -0.160819 -0.155798 0.067260
v -0.139835 -0.159035 0.100826
v -0.127648 -0.154727 0.115404
v -0.114013 -0.163284 0.126836
v 0.160182 -0.128941 -0.017047
v -0.166372 -0.128404 -0.015790
v 0.083366 -0.146050 0.148387
v 0.054699 -0.150131 0.168142
v 0.065540 -0.144343 0.161037
v 0.042463 -0.156699 0.174000
v 0.036863 -0.169322 0.174279
v 0.111790 -0.142508 0.123337
v 0.139553 -0.140235 0.095856
v 0.145918 -0.135518 0.084599
v 0.158776 -0.136236 0.063258
v 0.136156 -0.125906 -0.052807
v 0.106246 -0.125666 -0.072712
v 0.070605 -0.125951 -0.083396
v 0.057808 -0.121977 -0.083606
v 0.019130 -0.125037 -0.086256
v -0.061284 -0.123920 -0.087811
v -0.033042 -0.125997 -0.086600
v -0.045962 -0.120883 -0.088342
v -0.008837 -0.125836 -0.085965
v 0.003611 -0.121865 -0.086071
v -0.021019 -0.131118 -0.087407
v -0.121104 -0.124376 -0.069669
v -0.087606 -0.124060 -0.084950
v -0.149868 -0.126252 -0.047093
v -0.156393 -0.123818 -0.035163
v -0.165978 -0.134114 0.054471
v -0.160646 -0.130457 0.069078
v -0.151881 -0.135401 0.085383
v -0.171026 -0.130275 0.017456
v -0.123376 -0.139701 0.120100
v 0.153423 -0.125833 -0.028779
v 0.101215 -0.141450 0.133224
v 0.146040 -0.125461 -0.041958
v 0.118403 -0.123083 -0.065971
v 0.035669 -0.125886 -0.085343
v -0.108783 -0.121994 -0.078391
v -0.074358 -0.122635 -0.084770
v -0.143183 -0.135120 0.097506
v -0.133583 -0.136512 0.108890
v -0.086833 -0.154314 0.150627
v -0.051873 -0.158232 0.170218
v -0.012202 -0.163954 0.173857
v 0.000568 -0.168008 0.174313
v 0.165800 -0.126756 0.005463
v 0.165642 -0.136545 0.025243
v 0.164354 -0.150719 0.030063
v 0.165955 -0.146759 0.012279
v -0.169659 -0.123274 -0.003011
v 0.162083 -0.130312 0.047066
v -0.105627 -0.139649 0.135768
v -0.100810 -0.154010 0.140923
v -0.094285 -0.143167 0.145680
v -0.094184 -0.163825 0.144586
v 0.043801 -0.144353 0.174426
v 0.127491 -0.137885 0.107571
v -0.021419 -0.118251 -0.086981
v -0.169941 -0.129451 0.039584
v -0.071192 -0.162213 0.161284
v -0.033095 -0.152091 0.174792
v -0.053922 -0.144840 0.170652
v -0.067204 -0.147513 0.164340
v -0.052359 -0.171431 0.167730
v -0.036763 -0.167281 0.172128
v -0.025329 -0.161832 0.174281
v -0.012230 -0.175219 0.171495
v -0.003638 -0.151591 0.175467
v 0.164658 -0.125386 0.026860
v -0.081032 -0.165333 0.154145
v -0.079442 -0.145037 0.156820
v 0.085271 -0.122810 -0.080011
v -0.138919 -0.122153 -0.056610
v -0.018475 -0.149728 0.175031
v 0.033081 -0.151528 0.175270
v 0.032053 -0.166786 0.173196
v 0.004437 -0.159900 0.172046
v 0.163755 -0.140016 0.011623
v 0.023113 -0.159449 0.177154
v -0.166947 -0.136829 -0.002085
v 0.017892 -0.169168 0.171597
v 0.029776 -0.160234 0.170432
v 0.020454 -0.149822 0.172952
v 0.079814 -0.154531 0.147775
v 0.106867 -0.151921 0.123593
v 0.134110 -0.148760 0.097224
v 0.153964 -0.144500 0.064870
v 0.157296 -0.137078 -0.018128
v 0.137124 -0.135164 -0.049195
v 0.108730 -0.134524 -0.069638
v 0.074171 -0.134611 -0.080117
v 0.038455 -0.134750 -0.081437
v -0.012484 -0.135264 -0.082630
v -0.064632 -0.133628 -0.083818
v -0.099758 -0.133469 -0.077159
v -0.132323 -0.133745 -0.063967
v -0.155737 -0.135748 -0.033612
v -0.167846 -0.140601 0.030052
v -0.158616 -0.143041 0.067372
v -0.125727 -0.148727 0.113079
v 0.161610 -0.149664 0.027701
v -0.164192 -0.143506 -0.019376
v 0.079245 -0.166328 0.145880
v 0.092835 -0.159057 0.135134
v 0.106289 -0.164145 0.122587
v 0.121352 -0.155919 0.110915
v 0.144036 -0.153469 0.080345
v 0.134425 -0.161030 0.096215
v 0.153585 -0.157098 0.063645
v 0.159794 -0.150945 0.045745
v 0.156475 -0.149856 -0.018192
v 0.148727 -0.142097 -0.035678
v 0.160262 -0.145245 -0.003978
v 0.137261 -0.147938 -0.049194
v 0.123487 -0.141025 -0.060667
v 0.108892 -0.147000 -0.070861
v 0.092031 -0.140108 -0.078706
v 0.074428 -0.146722 -0.083237
v 0.056201 -0.140771 -0.083407
v 0.038378 -0.147032 -0.085082
v 0.004038 -0.141613 -0.085443
v 0.022021 -0.140660 -0.084514
v -0.012757 -0.146976 -0.086412
v -0.047076 -0.140154 -0.086555
v -0.029121 -0.140760 -0.085616
v -0.065152 -0.145860 -0.087431
v -0.082741 -0.139272 -0.083817
v -0.100665 -0.145952 -0.079320
v -0.117231 -0.139408 -0.073008
v -0.132113 -0.146868 -0.062936
v -0.145002 -0.140948 -0.050408
v -0.155700 -0.148233 -0.034394
v -0.163982 -0.148320 0.049215
v -0.168251 -0.152955 0.028156
v -0.169728 -0.145263 0.012915
v -0.149597 -0.151577 0.082987
v -0.158768 -0.155574 0.065771
v -0.125687 -0.161048 0.112126
v -0.137876 -0.153126 0.099515
v 0.162635 -0.133265 0.028520
v -0.163841 -0.128473 -0.014976
v 0.096264 -0.143454 0.133657
v 0.124022 -0.141146 0.108402
v 0.146635 -0.139010 0.078106
v 0.154512 -0.132133 0.066671
v 0.158937 -0.135437 0.048689
v 0.146316 -0.127441 -0.036972
v 0.160626 -0.130582 -0.004280
v 0.157124 -0.124824 -0.017003
v 0.119734 -0.125798 -0.061141
v 0.087517 -0.125978 -0.076846
v 0.075042 -0.122349 -0.079734
v 0.051965 -0.126267 -0.082362
v 0.039566 -0.121360 -0.082009
v 0.023484 -0.125219 -0.084134
v 0.001784 -0.125834 -0.083679
v -0.050782 -0.126016 -0.083786
v -0.063930 -0.119859 -0.080586
v -0.079319 -0.124505 -0.081705
v -0.026034 -0.125674 -0.084310
v -0.038255 -0.131029 -0.083919
v -0.119674 -0.124451 -0.067235
v -0.147948 -0.126379 -0.045301
v -0.154242 -0.123738 -0.033765
v -0.163681 -0.134106 0.052997
v -0.158725 -0.130560 0.067553
v -0.149786 -0.135534 0.083288
v -0.168333 -0.130277 0.017382
v -0.134769 -0.137780 0.103025
v 0.085070 -0.143047 0.142304
v 0.112817 -0.139384 0.119049
v 0.163262 -0.127991 0.008719
v 0.131404 -0.124333 -0.054037
v -0.107599 -0.122167 -0.075950
v -0.143632 -0.142897 0.093294
v -0.085952 -0.153977 0.147578
v -0.051594 -0.157537 0.167740
v -0.012504 -0.151712 0.171876
v -0.000419 -0.148721 0.172188
v -0.032672 -0.152135 0.171843
v -0.009696 -0.167081 0.170366
v -0.167529 -0.123073 -0.003198
v 0.060609 -0.152457 0.161068
v 0.066127 -0.164848 0.155690
v 0.046318 -0.158076 0.169344
v 0.050179 -0.169389 0.165119
v 0.051705 -0.146666 0.167113
v -0.120306 -0.136420 0.118132
v -0.107978 -0.152147 0.129060
v -0.112911 -0.163038 0.124307
v 0.139938 -0.136404 0.091819
v -0.092770 -0.122667 -0.080002
v -0.167933 -0.129608 0.038738
v -0.070920 -0.161746 0.158564
v -0.088412 -0.140678 0.145696
v -0.099659 -0.142283 0.136661
v -0.086309 -0.166716 0.145883
v -0.097691 -0.159194 0.138694
v -0.053831 -0.144573 0.168179
v -0.066655 -0.147103 0.161278
v -0.052464 -0.170753 0.165661
v -0.036966 -0.166767 0.169578
v -0.023450 -0.162467 0.171339
v 0.070955 -0.145401 0.152999
v 0.101043 -0.122552 -0.071103
v -0.137142 -0.122305 -0.054584
v 0.041706 -0.196831 0.160657
v 0.041341 -0.214147 0.156998
v 0.040908 -0.231254 0.154031
v 0.041017 -0.248656 0.151856
v 0.041642 -0.266298 0.149932
v 0.041961 -0.283881 0.149546
v 0.042095 -0.301862 0.149529
v 0.040588 -0.319082 0.149627
v 0.028587 -0.331987 0.152350
v 0.011825 -0.338900 0.153189
v 0.005914 -0.340834 0.154033
v 0.000460 -0.343129 0.153438
v 0.001443 -0.340300 0.153974
v 0.001924 -0.337236 0.154462
v 0.002912 -0.319009 0.157490
v 0.003291 -0.300612 0.159524
v 0.003331 -0.282273 0.161220
v 0.003166 -0.264566 0.162831
v 0.002849 -0.246742 0.164527
v 0.002073 -0.229308 0.166394
v 0.001331 -0.213398 0.168862
v 0.000615 -0.197604 0.171034
v 0.012197 -0.320902 0.153830
v 0.011747 -0.302961 0.153852
v 0.011201 -0.285412 0.154854
v 0.010968 -0.267787 0.155521
v 0.010483 -0.250286 0.157257
v 0.010088 -0.232818 0.159598
v 0.010059 -0.215703 0.162356
v 0.010097 -0.198655 0.165850
v 0.025530 -0.312370 0.152476
v 0.026259 -0.276260 0.152856
v 0.026471 -0.294141 0.151724
v 0.026113 -0.240994 0.156074
v 0.025853 -0.258388 0.154353
v 0.025934 -0.223701 0.158745
v 0.025620 -0.206222 0.162384
v 0.028095 -0.193402 0.164901
v 0.055500 -0.234249 -0.123480
v 0.054576 -0.224827 -0.120430
v 0.073758 -0.223784 -0.118172
v 0.092533 -0.223175 -0.112787
v 0.110028 -0.223339 -0.104183
v 0.125693 -0.224190 -0.092431
v 0.139402 -0.225512 -0.078646
v 0.151764 -0.226884 -0.063583
v 0.162011 -0.228403 -0.046939
v 0.168707 -0.230293 -0.028829
v 0.168888 -0.240116 -0.029537
v 0.161389 -0.237886 -0.047087
v 0.151610 -0.236513 -0.063530
v 0.139321 -0.235334 -0.078994
v 0.125845 -0.234072 -0.093059
v 0.110522 -0.233156 -0.105264
v 0.093032 -0.233045 -0.114211
v 0.074368 -0.233623 -0.119906
v -0.064659 -0.234000 -0.125748
v -0.063411 -0.224544 -0.122922
v -0.082540 -0.223673 -0.120407
v -0.101113 -0.223473 -0.113736
v -0.118578 -0.223674 -0.104418
v -0.134478 -0.224301 -0.093294
v -0.148114 -0.225553 -0.078590
v -0.160172 -0.227075 -0.062885
v -0.170638 -0.228483 -0.046805
v -0.177379 -0.230195 -0.028579
v -0.177600 -0.240157 -0.029529
v -0.169882 -0.238285 -0.047325
v -0.159458 -0.236834 -0.063230
v -0.147569 -0.235362 -0.079440
v -0.134628 -0.234051 -0.093923
v -0.119160 -0.233372 -0.105276
v -0.101845 -0.233204 -0.114895
v -0.083403 -0.233301 -0.121882
v 0.174363 -0.196301 0.016679
v 0.176655 -0.208681 0.017373
v 0.178716 -0.220569 0.018051
v 0.180276 -0.232241 0.018473
v 0.181898 -0.243348 0.020025
v 0.182246 -0.259492 0.019800
v 0.184120 -0.275119 0.021092
v 0.187052 -0.290847 0.020575
v 0.186227 -0.306539 0.021771
v 0.189525 -0.323775 0.021269
v 0.189731 -0.340562 0.022253
v 0.191093 -0.358174 0.021695
v 0.190280 -0.375050 0.023216
v 0.190433 -0.392923 0.021951
v 0.190217 -0.409980 0.023471
v 0.189956 -0.412628 0.023644
v 0.189680 -0.415118 0.023476
v 0.185236 -0.433248 0.022935
v 0.190097 -0.450495 0.022069
v 0.182135 -0.467029 0.020782
v 0.181745 -0.467667 0.020845
v 0.181544 -0.468723 0.020928
v 0.181716 -0.470949 0.020932
v 0.181042 -0.473646 0.021125
v 0.180813 -0.474213 0.021154
v 0.180669 -0.475117 0.021243
v 0.177197 -0.491839 0.020367
v 0.174320 -0.508560 0.019902
v 0.171165 -0.525044 0.019293
v 0.167669 -0.541491 0.019001
v 0.164558 -0.558047 0.018328
v 0.171808 -0.573386 0.018621
v 0.172558 -0.590153 0.016360
v 0.177401 -0.600102 0.015603
v 0.178782 -0.612865 0.014805
v 0.178373 -0.630199 0.016045
v 0.183385 -0.647311 0.014683
v 0.183470 -0.664711 0.014390
v 0.180547 -0.682272 0.014271
v 0.170899 -0.697491 0.016322
v 0.165093 -0.714513 0.016734
v 0.166420 -0.732185 0.014485
v 0.173267 -0.747798 0.010384
v 0.181582 -0.763146 0.006044
v 0.183310 -0.779862 0.003138
v 0.181130 -0.797390 -0.001437
v 0.178789 -0.813194 -0.004264
v 0.175061 -0.829818 -0.009701
v 0.174741 -0.843849 -0.010901
v 0.170725 -0.859002 -0.015881
v 0.167041 -0.872719 -0.017339
v 0.164261 -0.888143 -0.021669
v 0.162403 -0.904400 -0.023699
v 0.161025 -0.921742 -0.027378
v 0.164425 -0.939065 -0.032588
v 0.173240 -0.953120 -0.034669
v 0.177896 -0.971054 -0.039803
v 0.182650 -0.988603 -0.042999
v 0.175128 -1.006584 -0.040583
v 0.166916 -1.024642 -0.036419
v 0.171063 -1.043243 -0.042920
v 0.157344 -1.058938 -0.042927
v 0.140180 -1.074979 -0.043240
v 0.122281 -1.089550 -0.042669
v 0.124113 -1.089671 -0.062849
v 0.124868 -1.089214 -0.082471
v 0.127453 -1.088422 -0.101976
v 0.132326 -1.087984 -0.121155
v 0.113769 -1.088067 -0.128256
v 0.106878 -1.089490 -0.109990
v 0.099595 -1.090338 -0.091373
v 0.079869 -1.090172 -0.091744
v 0.077240 -1.092529 -0.071923
v 0.073028 -1.093870 -0.051655
v 0.071497 -1.092486 -0.030974
v 0.056487 -1.086632 -0.031809
v 0.046235 -1.069819 -0.032101
v 0.038400 -1.053023 -0.032211
v 0.035453 -1.034835 -0.030451
v 0.037665 -1.018788 -0.028114
v 0.042223 -1.003351 -0.025733
v 0.045606 -0.984971 -0.022374
v 0.041272 -0.967962 -0.020657
v 0.035519 -0.950102 -0.017903
v 0.040231 -0.936169 -0.019374
v 0.037695 -0.918557 -0.014028
v 0.036795 -0.903841 -0.010836
v 0.037312 -0.887331 -0.007644
v 0.037763 -0.871952 -0.004662
v 0.038515 -0.856035 -0.001999
v 0.039076 -0.840474 0.000845
v 0.039123 -0.824475 0.003317
v 0.038366 -0.808613 0.005737
v 0.038343 -0.791995 0.008107
v 0.041686 -0.776138 0.009668
v 0.031069 -0.761810 0.012193
v 0.023398 -0.746238 0.014842
v 0.018924 -0.729558 0.016767
v 0.016736 -0.712505 0.017660
v 0.014779 -0.695205 0.018409
v 0.012442 -0.678144 0.019296
v 0.010290 -0.660756 0.020114
v 0.008612 -0.642960 0.021256
v 0.007061 -0.625947 0.021426
v 0.005806 -0.607371 0.022120
v 0.004589 -0.588803 0.022586
v 0.003497 -0.570506 0.022979
v 0.002351 -0.551819 0.024060
v 0.001305 -0.533475 0.024276
v 0.000412 -0.514753 0.025343
v -0.000496 -0.496091 0.025697
v -0.002156 -0.477543 0.026285
v -0.003803 -0.458905 0.027134
v -0.003436 -0.440704 0.028057
v -0.004102 -0.433792 0.006760
v -0.004043 -0.423062 -0.013155
v -0.005545 -0.413568 -0.032775
v -0.006429 -0.402058 -0.049317
v -0.006415 -0.388609 -0.060272
v -0.006244 -0.375349 -0.072408
v -0.005772 -0.361845 -0.086049
v -0.005293 -0.347063 -0.098982
v -0.004825 -0.331877 -0.111252
v -0.004514 -0.315607 -0.122077
v -0.004514 -0.298197 -0.130320
v -0.004530 -0.279489 -0.133181
v -0.004432 -0.260963 -0.130970
v -0.004288 -0.242950 -0.126499
v -0.004362 -0.224635 -0.123641
v -0.004418 -0.206770 -0.118868
v -0.004372 -0.199765 -0.111938
v -0.004484 -0.187506 -0.106645
v -0.004317 -0.174402 -0.103386
v -0.004280 -0.165078 -0.094063
v 0.166465 -0.167565 0.016813
v 0.171093 -0.181852 0.016407
v 0.160357 -0.228250 -0.045459
v 0.150303 -0.226778 -0.061935
v 0.137905 -0.225543 -0.076624
v 0.124591 -0.224175 -0.090545
v 0.109274 -0.223319 -0.102427
v 0.091923 -0.223348 -0.110921
v 0.073219 -0.224103 -0.116418
v 0.029485 -0.164510 -0.095176
v 0.019061 -0.163818 -0.095279
v 0.161140 -0.169964 -0.012906
v 0.158256 -0.169393 -0.022772
v 0.179822 -0.473116 -0.042211
v 0.179747 -0.490891 -0.042192
v 0.178620 -0.507711 -0.041737
v 0.177719 -0.525018 -0.041591
v 0.175861 -0.541455 -0.041047
v 0.173516 -0.558405 -0.041268
v 0.171307 -0.575507 -0.041029
v 0.171405 -0.592607 -0.041217
v 0.173884 -0.591878 -0.022648
v 0.175105 -0.590893 -0.003851
v 0.176084 -0.589828 0.015184
v 0.178372 -0.473217 0.004951
v 0.178734 -0.472879 -0.010046
v 0.177854 -0.472313 -0.026166
v 0.182013 -0.469137 0.020239
v 0.181214 -0.468807 0.004300
v 0.180705 -0.468213 -0.010650
v 0.179724 -0.467835 -0.026402
v 0.180029 -0.468309 -0.042418
v 0.082464 -0.468676 -0.089798
v 0.130348 -0.471839 -0.079359
v 0.176488 -0.237048 -0.004981
v 0.166116 -0.199747 -0.022165
v 0.029406 -0.204092 -0.113493
v 0.024907 -0.230834 -0.123145
v 0.023253 -0.183979 -0.105008
v 0.172004 -0.203166 -0.002509
v 0.174729 -0.434016 -0.014817
v 0.010820 -0.193736 -0.108814
v 0.181204 -0.450711 -0.001732
v 0.173388 -0.449755 -0.031861
v 0.168748 -0.565616 -0.007823
v 0.139719 -0.669046 -0.061716
v 0.159808 -0.638540 -0.033480
v 0.170775 -0.515550 -0.010962
v 0.098355 -0.800324 -0.084801
v 0.163520 -0.615654 -0.011170
v 0.168040 -0.606759 0.002789
v 0.150694 -0.331150 -0.071322
v 0.166369 -0.176682 0.001310
v 0.172369 -0.283189 -0.023868
v 0.127681 -0.190433 -0.076137
v 0.144581 -1.065262 -0.072815
v 0.131041 -1.082305 -0.053252
v 0.096331 -0.993247 -0.115584
v 0.056052 -1.054732 -0.083169
v 0.068425 -0.299115 -0.127129
v 0.077025 -0.189927 -0.100110
v 0.099321 -0.560812 -0.064306
v 0.155533 -0.482055 -0.061823
v 0.179404 -0.251512 0.003850
v 0.164563 -0.213095 -0.034368
v 0.179840 -0.400400 -0.011196
v 0.008756 -0.180492 -0.105177
v 0.168048 -0.566013 0.006848
v 0.173151 -0.579264 0.004739
v 0.166112 -0.548091 -0.000315
v 0.171844 -0.579534 -0.013588
v 0.170576 -0.579644 -0.027843
v 0.155288 -0.685345 -0.030875
v 0.058457 -0.705831 -0.053236
v 0.174800 -0.655412 -0.013632
v 0.170436 -0.516159 0.005306
v 0.171252 -0.532220 -0.022561
v 0.174213 -0.515316 -0.027806
v 0.154876 -0.810932 -0.062735
v 0.080430 -0.885407 -0.088925
v 0.046741 -0.823783 -0.061616
v 0.166655 -0.600966 -0.012236
v 0.162157 -0.609198 -0.032224
v 0.170190 -0.622714 0.003206
v 0.169565 -0.595612 0.005516
v 0.134892 -0.284631 -0.090794
v 0.174940 -0.331351 -0.026402
v 0.165502 -0.185591 -0.012993
v 0.181606 -0.282613 -0.001707
v 0.156125 -0.271841 -0.057622
v 0.114076 -0.203765 -0.091069
v 0.111945 -0.175152 -0.079861
v 0.141606 -0.179409 -0.056878
v 0.143187 -0.205414 -0.065818
v 0.131500 -1.077763 -0.072344
v 0.134027 -1.068044 -0.093126
v 0.099580 -1.037665 -0.121175
v 0.048720 -0.988272 -0.083670
v 0.070361 -1.074948 -0.072837
v 0.047969 -1.060595 -0.057509
v 0.043757 -1.025094 -0.064673
v 0.067438 -0.265596 -0.128232
v 0.080053 -0.207622 -0.107970
v 0.057907 -0.175549 -0.097121
v 0.143797 -0.532151 -0.088921
v 0.144639 -0.582497 -0.084075
v 0.040670 -0.625509 -0.056430
v 0.170079 -0.481022 -0.052652
v 0.174265 -0.252408 -0.015104
v 0.171710 -0.215891 -0.016191
v 0.186422 -0.384067 0.000250
v 0.185939 -0.401209 0.006110
v 0.164454 -0.687425 -0.006787
v 0.152487 -0.718898 -0.020516
v 0.027088 -0.714635 -0.030837
v 0.180433 -0.655807 0.001603
v 0.176957 -0.672533 -0.006338
v 0.172295 -0.639318 -0.004084
v 0.168286 -0.532218 0.003804
v 0.173474 -0.495747 -0.002223
v 0.175182 -0.487806 -0.018274
v 0.175452 -0.483037 -0.002554
v 0.172711 -0.816686 -0.037452
v 0.154405 -0.857436 -0.067068
v 0.169504 -0.761983 -0.048979
v 0.039414 -0.888921 -0.059210
v 0.037890 -0.828156 -0.029811
v 0.046627 -0.776084 -0.045666
v 0.168403 -0.599199 -0.030993
v 0.133920 -0.258800 -0.088861
v 0.185595 -0.331161 -0.000688
v 0.169453 -0.189892 0.000379
v 0.184825 -0.282805 0.011268
v 0.183331 -0.297991 0.006823
v 0.155369 -0.253705 -0.056277
v 0.116229 -0.215294 -0.094830
v 0.110399 -0.164110 -0.075615
v 0.127016 -0.171981 -0.068164
v 0.094613 -0.171196 -0.086393
v 0.139662 -0.166809 -0.053514
v 0.151295 -0.173603 -0.040483
v 0.144533 -0.217089 -0.068458
v 0.130514 -0.208886 -0.080950
v 0.128440 -1.080404 -0.091883
v 0.139157 -1.075568 -0.109318
v 0.100821 -1.065734 -0.121566
v 0.046781 -0.991938 -0.053335
v 0.043827 -0.936185 -0.074587
v 0.070553 -1.084861 -0.081918
v 0.058671 -1.087674 -0.063108
v 0.088519 -1.075080 -0.084114
v 0.044134 -1.060972 -0.043265
v 0.051795 -1.078253 -0.048508
v 0.038472 -1.025911 -0.045916
v 0.041204 -1.044879 -0.049949
v 0.066253 -0.248366 -0.125296
v 0.104024 -0.267144 -0.114776
v 0.057274 -0.164210 -0.091887
v 0.043854 -0.169956 -0.094817
v 0.043271 -0.186723 -0.103445
v 0.032633 -0.175744 -0.100535
v 0.163500 -0.532381 -0.066366
v 0.163648 -0.566669 -0.068508
v 0.010103 -0.632098 -0.022920
v 0.166531 -0.502018 -0.061448
v 0.173445 -0.240722 -0.016785
v 0.177428 -0.266229 -0.003706
v 0.189348 -0.383877 0.013471
v 0.185438 -0.366514 0.005423
v 0.181360 -0.419171 -0.002822
v 0.170313 -0.688720 0.006190
v 0.159506 -0.703874 0.001133
v 0.162667 -0.736977 -0.009618
v 0.020266 -0.718661 -0.006427
v 0.017409 -0.683422 -0.015752
v 0.033713 -0.746773 -0.023156
v 0.181011 -0.673403 0.005894
v 0.177103 -0.638758 0.007746
v 0.167867 -0.537508 -0.009173
v 0.169494 -0.550906 -0.023643
v 0.174149 -0.499582 0.009956
v 0.171686 -0.507200 -0.002139
v 0.173477 -0.502676 -0.019004
v 0.176538 -0.495235 -0.029772
v 0.177638 -0.819594 -0.020790
v 0.169138 -0.847219 -0.041958
v 0.163992 -0.875528 -0.047060
v 0.177806 -0.767240 -0.022209
v 0.032546 -0.892357 -0.033916
v 0.037795 -0.830340 -0.012439
v 0.036062 -0.858800 -0.040340
v 0.037289 -0.796046 -0.023741
v 0.133803 -0.244860 -0.087048
v 0.145091 -0.251804 -0.073060
v 0.118830 -0.251013 -0.101519
v 0.188441 -0.331869 0.011379
v 0.183748 -0.315738 0.004919
v 0.177196 -0.295769 -0.011513
v 0.166244 -0.261052 -0.035482
v 0.159354 -0.184449 -0.029642
v 0.134025 -1.039279 -0.103752
v 0.101192 -1.081379 -0.121540
v 0.093846 -1.074674 -0.103835
v 0.118417 -1.072740 -0.112994
v 0.045787 -0.993284 -0.036836
v 0.044523 -0.974576 -0.042396
v 0.040873 -1.008530 -0.047917
v 0.034683 -0.939714 -0.045550
v 0.061304 -1.089916 -0.046271
v 0.047876 -1.046847 -0.067984
v 0.034582 -0.258606 -0.129572
v 0.086167 -0.256459 -0.121746
v 0.171709 -0.532837 -0.053382
v 0.168178 -0.549828 -0.060475
v 0.168093 -0.517815 -0.059666
v 0.170790 -0.567038 -0.054047
v 0.165952 -0.585910 -0.061410
v 0.004670 -0.633484 -0.000085
v 0.164922 -0.490623 -0.059332
v 0.174264 -0.498383 -0.050558
v 0.181251 -0.267022 0.010432
v 0.176894 -0.275687 -0.012651
v 0.171504 -0.269743 -0.025279
v 0.164999 -0.278009 -0.041123
v 0.174491 -0.364968 -0.028515
v 0.181633 -0.407920 -0.002515
v 0.166456 -0.739037 0.003166
v 0.171745 -0.753451 -0.008034
v 0.017490 -0.720529 0.006934
v 0.013506 -0.702650 0.000675
v 0.028481 -0.734498 0.000362
v 0.005998 -0.668079 -0.002052
v 0.038637 -0.763892 -0.010754
v 0.177388 -0.799394 -0.024904
v 0.172391 -0.849755 -0.026698
v 0.167084 -0.863276 -0.039082
v 0.173340 -0.833624 -0.031445
v 0.165509 -0.878396 -0.032359
v 0.159049 -0.896160 -0.045968
v 0.181073 -0.769439 -0.007363
v 0.180607 -0.784909 -0.014840
v 0.034108 -0.893924 -0.019480
v 0.034363 -0.876208 -0.023520
v 0.031807 -0.908128 -0.029664
v 0.036650 -0.845315 -0.024221
v 0.036820 -0.798433 -0.007069
v 0.037372 -0.812875 -0.018683
v 0.151143 -0.261793 -0.065400
v 0.146583 -0.278513 -0.074752
v 0.178331 -0.317565 -0.014908
v 0.165029 -0.248392 -0.038552
v 0.141700 -1.056590 -0.106239
v 0.080177 -1.052234 -0.103358
v 0.032284 -0.941813 -0.030012
v 0.030857 -0.925065 -0.032647
v 0.038006 -0.956115 -0.040007
v 0.048242 -0.248799 -0.126681
v 0.079161 -0.245431 -0.121348
v 0.173043 -0.550066 -0.049268
v 0.154221 -0.515868 -0.077646
v 0.174482 -0.515926 -0.049449
v 0.170744 -0.583972 -0.049727
v 0.005950 -0.634335 0.012611
v 0.005286 -0.651191 0.004009
v 0.174612 -0.263550 -0.015139
v 0.162269 -0.266237 -0.046206
v 0.182109 -0.370487 -0.012024
v 0.008763 -0.668935 0.010754
v 0.038526 -0.765986 0.002476
v 0.180168 -0.803757 -0.012048
v 0.177055 -0.810008 -0.026638
v 0.168816 -0.865045 -0.025819
v 0.175328 -0.835291 -0.018198
v 0.037729 -0.846024 -0.010212
v 0.037409 -0.781266 -0.012973
v 0.038066 -0.819888 -0.008504
v 0.167643 -0.305384 -0.039706
v 0.130835 -1.063907 -0.111588
v 0.147507 -1.045463 -0.083474
v 0.090368 -1.061543 -0.094757
v 0.073124 -1.059004 -0.087909
v 0.097699 -1.054171 -0.108935
v 0.036098 -0.913866 -0.059681
v 0.041837 -0.952467 -0.062961
v 0.041187 -0.966574 -0.033573
v 0.050408 -0.263162 -0.129258
v 0.055429 -0.282533 -0.130356
v 0.032362 -0.244065 -0.126279
v 0.014532 -0.253744 -0.129067
v 0.039916 -0.232976 -0.123414
v 0.035035 -0.217779 -0.120747
v 0.161613 -0.510524 -0.068371
v 0.146672 -0.496972 -0.073670
v 0.179783 -0.385579 -0.014284
v 0.179764 -0.350212 -0.016805
v 0.036861 -0.782744 0.000032
v 0.168136 -0.291377 -0.035581
v 0.173753 -0.301667 -0.024624
v 0.158815 -0.292552 -0.056051
v 0.146869 -1.058388 -0.092145
v 0.140376 -1.047137 -0.095115
v 0.032691 -0.914737 -0.043440
v 0.033700 -0.900860 -0.049634
v 0.035572 -0.927206 -0.053494
v 0.040307 -0.924660 -0.067736
v 0.038535 -0.938950 -0.060678
v 0.062030 -0.906331 -0.075636
v 0.050861 -0.913002 -0.067909
v 0.041808 -0.964446 -0.053841
v 0.047860 -0.969831 -0.075146
v 0.038361 -0.949590 -0.050502
v 0.014209 -0.215094 -0.121577
v 0.179958 -0.360918 -0.018430
v 0.160051 -0.282105 -0.052065
v 0.041191 -0.902110 -0.064475
v 0.066012 -0.928817 -0.082670
v 0.052989 -0.927298 -0.075290
v 0.061579 -0.918002 -0.075707
v 0.000020 -0.469310 -0.025380
v -0.002687 -0.448340 0.013701
v 0.039923 -0.424226 -0.080584
v 0.008638 -0.233996 -0.124529
v 0.182344 -0.442049 0.011275
v 0.178793 -0.437317 -0.001841
v 0.184479 -0.428381 0.008522
v 0.148596 -1.065707 -0.056207
v 0.129459 -0.989781 -0.072829
v 0.047975 -0.346491 -0.114180
v 0.024124 -0.556354 -0.045401
v 0.159669 -0.624166 -0.025806
v 0.165220 -0.629741 -0.012813
v 0.095486 -0.198035 -0.098529
v 0.102884 -0.210474 -0.100483
v 0.174748 -0.218458 0.000848
v 0.174601 -0.225999 -0.009231
v 0.166020 -0.676530 -0.020470
v 0.165825 -0.663411 -0.046935
v 0.175006 -0.666905 -0.018004
v 0.169941 -0.668386 -0.033007
v 0.161066 -0.676824 -0.042211
v 0.164710 -0.653558 -0.034911
v 0.135471 -0.696746 -0.061286
v 0.159081 -0.674058 -0.060454
v 0.147226 -0.688677 -0.048158
v 0.167354 -0.645815 -0.022464
v 0.133256 -0.183188 -0.066452
v 0.122164 -0.179939 -0.075958
v 0.113404 -0.189702 -0.085060
v 0.123369 -0.199310 -0.083328
v 0.134052 -0.200281 -0.073229
v 0.054963 -1.071854 -0.069845
v 0.060031 -0.189797 -0.103500
v 0.048564 -0.202454 -0.110502
v 0.064808 -0.202711 -0.109619
v 0.056769 -0.212764 -0.114921
v 0.032313 -0.193228 -0.107817
v 0.004563 -0.596150 -0.015838
v 0.174646 -0.416111 -0.020794
v 0.152070 -0.698472 -0.016957
v 0.171973 -0.541591 -0.029809
v 0.167325 -0.554042 -0.011404
v 0.168312 -0.565588 -0.023976
v 0.122281 -0.270934 -0.101485
v 0.085952 -0.277366 -0.124033
v 0.102105 -0.249391 -0.112523
v 0.111035 -0.258054 -0.109523
v 0.154365 -0.549479 -0.079524
v 0.162680 -0.607134 -0.055843
v 0.155527 -0.622115 -0.045506
v 0.158834 -0.580813 -0.075355
v 0.152245 -0.566163 -0.084026
v 0.157571 -0.598738 -0.073134
v 0.125323 -0.564941 -0.073190
v 0.158232 -0.559740 -0.076081
v 0.138762 -0.570103 -0.078329
v 0.137433 -0.551709 -0.082007
v 0.147613 -0.556404 -0.085609
v 0.004150 -0.615821 0.004895
v 0.169653 -0.747780 -0.031606
v 0.017512 -0.703900 -0.018605
v 0.033919 -0.726550 -0.016782
v 0.162853 -0.863099 -0.053682
v 0.162429 -0.850326 -0.055677
v 0.148395 -0.833533 -0.070090
v 0.164232 -0.829891 -0.052756
v 0.154805 -0.844711 -0.065704
v 0.160745 -0.896318 -0.033996
v 0.158213 -0.910585 -0.040111
v 0.133713 -0.912036 -0.094776
v 0.151164 -0.907747 -0.071607
v 0.156002 -0.905742 -0.056645
v 0.154731 -0.887689 -0.068761
v 0.156732 -0.895020 -0.059488
v 0.156549 -0.871832 -0.065538
v 0.125614 -0.875813 -0.091444
v 0.143642 -0.877808 -0.081298
v 0.147120 -0.865279 -0.075572
v 0.035096 -0.876309 -0.044059
v 0.038699 -0.840435 -0.045571
v 0.035248 -0.861458 -0.021568
v 0.040233 -0.808712 -0.044042
v 0.138159 -0.272016 -0.085005
v 0.179689 -0.329257 -0.014227
v 0.180243 -0.307545 -0.005938
v 0.006787 -0.644691 -0.011899
v 0.034205 -0.656695 -0.034645
v 0.020497 -0.647125 -0.025918
v 0.042434 -0.770711 -0.027977
v 0.173305 -0.316499 -0.028865
v 0.163560 -0.328345 -0.050137
v 0.169851 -0.325573 -0.037586
v 0.154193 -1.029378 -0.062094
v 0.032561 -0.309995 -0.125655
v 0.018449 -0.274227 -0.131913
v 0.133153 -0.509592 -0.093208
v 0.141591 -0.481446 -0.071842
v 0.131074 -0.492517 -0.084816
v 0.172036 -0.347863 -0.034993
v 0.146900 -0.302181 -0.076450
v 0.048316 -0.983464 -0.067447
v 0.048765 -0.951992 -0.082982
v 0.009244 -0.204533 -0.115612
v -0.000753 -0.485253 -0.001290
v 0.004211 -0.439906 -0.035073
v 0.015616 -0.409988 -0.066376
v 0.018369 -0.242509 -0.125621
v 0.154447 -0.993207 -0.056612
v 0.159548 -0.958612 -0.076564
v 0.020553 -0.342863 -0.109791
v 0.035215 -0.377540 -0.087562
v 0.002509 -0.558943 -0.014637
v 0.084550 -0.197932 -0.103656
v 0.090342 -0.184357 -0.093886
v 0.075893 -0.174121 -0.092957
v 0.102822 -0.181359 -0.088499
v 0.075639 -0.163251 -0.088550
v 0.091657 -0.212297 -0.106911
v 0.178130 -0.229828 0.004925
v 0.145581 -0.683964 -0.069902
v 0.144117 -0.709223 -0.041931
v 0.155194 -0.680532 -0.051386
v 0.177181 -0.423695 -0.012712
v 0.165941 -0.429749 -0.036702
v 0.158410 -0.687608 -0.018560
v 0.153322 -0.709343 -0.010490
v 0.159425 -0.721897 0.001545
v 0.125091 -0.260331 -0.097700
v 0.079996 -0.266576 -0.125148
v 0.110792 -0.302134 -0.111611
v 0.071597 -0.284347 -0.127756
v 0.091846 -0.244198 -0.117262
v 0.161633 -0.544607 -0.070203
v 0.154589 -0.535293 -0.078287
v 0.167020 -0.595496 -0.052996
v 0.160797 -0.611451 -0.044294
v 0.153338 -0.643966 -0.059213
v 0.158300 -0.646317 -0.045401
v 0.154959 -0.634307 -0.049614
v 0.115000 -0.543818 -0.072692
v 0.146064 -0.543967 -0.087236
v 0.006108 -0.620675 -0.011405
v 0.004760 -0.607456 -0.007204
v 0.003209 -0.592334 0.003366
v 0.011217 -0.610522 -0.033087
v 0.006914 -0.610744 -0.020295
v 0.167820 -0.745152 -0.018133
v 0.159809 -0.732886 -0.029074
v 0.157854 -0.729244 -0.017530
v 0.151963 -0.721430 -0.036375
v 0.022597 -0.715153 -0.018802
v 0.011717 -0.694486 -0.010539
v 0.011573 -0.685682 0.003901
v 0.031215 -0.739244 -0.012369
v 0.026417 -0.751532 -0.001537
v 0.169902 -0.827300 -0.042051
v 0.145388 -0.895172 -0.083324
v 0.034590 -0.888204 -0.046674
v 0.034578 -0.869215 -0.034174
v 0.036579 -0.848313 -0.036799
v 0.036945 -0.838146 -0.033266
v 0.039581 -0.826663 -0.046749
v 0.056515 -0.858994 -0.074396
v 0.038200 -0.815889 -0.032621
v 0.025393 -0.630400 -0.039965
v 0.023581 -0.665450 -0.019639
v 0.034030 -0.760315 -0.024348
v 0.042384 -0.784440 -0.032869
v 0.042191 -0.792561 -0.050151
v 0.160421 -0.310808 -0.055601
v 0.162987 -1.031411 -0.048581
v 0.151921 -1.013939 -0.050495
v 0.012389 -0.307085 -0.126686
v 0.048097 -0.299529 -0.128611
v 0.058677 -0.323633 -0.123658
v 0.029414 -0.291302 -0.131640
v 0.046999 -0.313765 -0.125901
v 0.061526 -0.310867 -0.126973
v 0.040501 -0.330463 -0.119648
v 0.089154 -0.316901 -0.120642
v 0.073341 -0.319482 -0.123227
v 0.086921 -0.356354 -0.118697
v 0.071490 -0.341045 -0.120989
v 0.042757 -0.288191 -0.130928
v 0.037981 -0.273645 -0.130857
v 0.005533 -0.270297 -0.132241
v 0.022122 -0.262956 -0.130644
v 0.010491 -0.288888 -0.132415
v 0.143607 -0.507379 -0.083009
v 0.142167 -0.519141 -0.090268
v 0.123109 -0.526979 -0.082185
v 0.101333 -0.495298 -0.097503
v 0.175987 -0.342585 -0.025674
v 0.153300 -0.365240 -0.059887
v 0.143335 -0.289736 -0.080381
v 0.057825 -0.940172 -0.084539
v 0.097922 -0.951117 -0.105639
v 0.071769 -0.959437 -0.100540
v 0.061342 -0.951601 -0.091594
v 0.078353 -0.941048 -0.096346
v 0.057164 -0.970775 -0.093241
v -0.001724 -0.486149 0.014062
v -0.002759 -0.467415 0.008688
v -0.000762 -0.505147 0.005486
v 0.002829 -0.427697 -0.027595
v 0.013461 -0.418989 -0.045109
v -0.002294 -0.447797 -0.011827
v 0.005173 -0.427574 -0.039807
v -0.003610 -0.443263 0.000105
v -0.002825 -0.456827 -0.000551
v -0.001466 -0.461550 -0.014332
v 0.000032 -0.451792 -0.026097
v -0.000403 -0.475176 -0.011849
v -0.002146 -0.434917 -0.015719
v 0.002931 -0.401944 -0.060692
v 0.015241 -0.387639 -0.072244
v 0.011571 -0.410807 -0.055397
v 0.010629 -0.398277 -0.068521
v 0.169035 -0.995736 -0.049383
v 0.170315 -0.978818 -0.059549
v 0.157089 -0.944876 -0.056578
v 0.149826 -0.925901 -0.061767
v 0.155197 -0.916171 -0.052662
v 0.154947 -0.930864 -0.045715
v 0.006143 -0.340526 -0.106476
v 0.013809 -0.325147 -0.117689
v 0.012868 -0.357890 -0.096751
v 0.001523 -0.560288 0.005432
v 0.143474 -0.688620 -0.059420
v 0.104698 -0.695977 -0.060749
v 0.138547 -0.699108 -0.048296
v 0.144745 -0.696592 -0.033787
v 0.147298 -0.708509 -0.028107
v 0.170025 -0.427150 -0.024706
v 0.102684 -0.285482 -0.116444
v 0.121107 -0.288739 -0.104015
v 0.132624 -0.305066 -0.093896
v 0.113549 -0.278178 -0.110146
v 0.122121 -0.301858 -0.103077
v 0.119825 -0.339835 -0.101730
v 0.117810 -0.320460 -0.105458
v 0.130503 -0.293496 -0.096138
v 0.160298 -0.658928 -0.062356
v 0.152594 -0.622885 -0.073955
v 0.153326 -0.624182 -0.059629
v 0.124806 -0.552396 -0.075344
v 0.113128 -0.558523 -0.068915
v 0.128903 -0.539280 -0.080058
v 0.004129 -0.603968 0.009162
v 0.002770 -0.578898 0.010603
v 0.002696 -0.577603 -0.009654
v 0.008883 -0.679219 -0.007124
v 0.148978 -0.886171 -0.077802
v 0.151865 -0.897340 -0.073401
v 0.145555 -0.908561 -0.086502
v 0.147217 -0.934214 -0.088059
v 0.143785 -0.920852 -0.090520
v 0.146680 -0.924429 -0.076141
v 0.150942 -0.939564 -0.072083
v 0.156879 -0.949232 -0.067634
v 0.167606 -0.961157 -0.060076
v 0.151687 -0.947984 -0.084998
v 0.172699 -0.969292 -0.052031
v 0.135968 -0.970514 -0.090611
v 0.147429 -0.961278 -0.086565
v 0.145191 -0.975643 -0.071854
v 0.160854 -0.970677 -0.070534
v 0.134224 -0.887508 -0.090128
v 0.134642 -0.900127 -0.092143
v 0.105554 -0.899698 -0.100016
v 0.118267 -0.890511 -0.096733
v 0.120905 -0.903747 -0.098130
v 0.110906 -0.928289 -0.105064
v 0.119772 -0.917080 -0.100709
v 0.130054 -0.933601 -0.098832
v 0.134910 -0.950631 -0.096259
v 0.099562 -0.881880 -0.096352
v 0.112386 -0.879091 -0.095147
v 0.093402 -0.844856 -0.089786
v 0.099122 -0.863061 -0.093078
v 0.044106 -0.870512 -0.063219
v 0.019119 -0.635962 -0.030418
v 0.029815 -0.643584 -0.036983
v 0.047803 -0.647266 -0.052481
v 0.038984 -0.648841 -0.043381
v 0.026339 -0.656476 -0.026163
v 0.015340 -0.655267 -0.015201
v 0.039030 -0.798024 -0.037584
v 0.067882 -0.777201 -0.076695
v 0.048885 -0.805572 -0.062520
v 0.165741 -0.315817 -0.045261
v 0.156958 -0.322854 -0.061860
v 0.149276 -0.316766 -0.073885
v 0.135194 -0.327603 -0.089896
v 0.154394 -0.301825 -0.064709
v 0.140701 -1.011264 -0.072445
v 0.023595 -0.301539 -0.128693
v 0.053456 -0.335366 -0.119619
v 0.034796 -0.341791 -0.113213
v 0.035068 -0.361463 -0.103142
v 0.027004 -0.331683 -0.117279
v 0.092171 -0.336785 -0.118110
v 0.066186 -0.361147 -0.112564
v 0.114964 -0.479619 -0.094679
v 0.119583 -0.498480 -0.097203
v 0.115200 -0.513612 -0.090390
v 0.112024 -0.490254 -0.099488
v 0.095858 -0.477123 -0.102523
v 0.121777 -0.488798 -0.091520
v 0.164898 -0.360680 -0.045813
v 0.161455 -0.393178 -0.042915
v 0.172534 -0.394084 -0.027603
v 0.158113 -0.345859 -0.058770
v 0.160035 -0.376877 -0.047886
v 0.175790 -0.404182 -0.021510
v 0.174219 -0.380075 -0.026777
v 0.167857 -0.374194 -0.038004
v 0.158751 -0.356737 -0.055064
v 0.166632 -0.347391 -0.045872
v 0.083894 -0.952320 -0.102443
v 0.093739 -0.973100 -0.106205
v 0.049544 -0.964116 -0.085826
v 0.071577 -0.994209 -0.102458
v 0.049672 -0.976844 -0.085788
v -0.002984 -0.468836 0.020309
v -0.000504 -0.505166 0.017722
v 0.006717 -0.505817 -0.033530
v 0.002707 -0.492815 -0.020333
v -0.000204 -0.523215 0.007872
v 0.003621 -0.410456 -0.042702
v 0.002916 -0.384097 -0.067405
v 0.010769 -0.371621 -0.081906
v 0.163245 -0.945715 -0.042912
v 0.002068 -0.324025 -0.117030
v 0.021134 -0.316021 -0.122847
v 0.001363 -0.355729 -0.093933
v 0.002245 -0.560978 0.017156
v 0.125059 -0.696585 -0.075691
v 0.094276 -0.300270 -0.120110
v 0.081695 -0.294075 -0.125160
v 0.078675 -0.307153 -0.124267
v 0.103590 -0.315847 -0.114276
v 0.106114 -0.331378 -0.112067
v 0.105405 -0.350803 -0.112568
v 0.159114 -0.612310 -0.069285
v 0.002166 -0.571139 0.000442
v 0.009370 -0.572504 -0.033564
v 0.003262 -0.588500 -0.007719
v 0.132323 -0.977995 -0.079114
v 0.111605 -0.987121 -0.092112
v 0.120841 -0.983936 -0.082192
v 0.122772 -1.009137 -0.085532
v 0.154346 -0.982455 -0.063668
v 0.088784 -0.920696 -0.091414
v 0.076396 -0.913259 -0.082668
v 0.074551 -0.898995 -0.084190
v 0.056946 -0.885689 -0.075982
v 0.048076 -0.892964 -0.069816
v 0.089329 -0.897986 -0.093047
v 0.062961 -0.895660 -0.078400
v 0.097773 -0.909553 -0.094872
v 0.109114 -0.910538 -0.101793
v 0.101296 -0.921024 -0.097976
v 0.096349 -0.935631 -0.102631
v 0.085252 -0.908105 -0.088808
v 0.117118 -0.945506 -0.105146
v 0.138417 -0.940190 -0.093874
v 0.087142 -0.872156 -0.091496
v 0.069116 -0.870702 -0.082581
v 0.124874 -0.847576 -0.086768
v 0.141026 -0.847841 -0.078309
v 0.132893 -0.860255 -0.085180
v 0.116653 -0.861280 -0.091705
v 0.105689 -0.851757 -0.091531
v 0.109691 -0.868835 -0.093897
v 0.039411 -0.877923 -0.056498
v 0.037612 -0.866913 -0.051024
v 0.006236 -0.657021 -0.006591
v 0.051089 -0.780726 -0.064898
v 0.043795 -0.814184 -0.055311
v 0.043119 -0.802541 -0.053101
v 0.072181 -0.817771 -0.081283
v 0.124526 -0.328942 -0.098854
v 0.142761 -1.006366 -0.059772
v 0.140035 -0.991985 -0.062485
v 0.024204 -0.354418 -0.103899
v 0.083031 -0.345246 -0.120179
v 0.079583 -0.330693 -0.121773
v 0.089264 -0.485697 -0.086653
v 0.102127 -0.415905 -0.107617
v 0.144132 -0.351454 -0.074753
v 0.071470 -0.976771 -0.105044
v 0.080650 -0.968791 -0.103593
v 0.081631 -0.986516 -0.112242
v 0.013712 -0.484508 -0.037169
v 0.021515 -0.459625 -0.041798
v 0.010177 -0.452497 -0.036989
v 0.025414 -0.437584 -0.046171
v 0.025953 -0.422649 -0.056413
v 0.027948 -0.418405 -0.071907
v 0.041184 -0.436453 -0.062046
v 0.025611 -0.401139 -0.079652
v 0.032294 -0.432387 -0.054934
v 0.036415 -0.426864 -0.068644
v 0.001057 -0.511870 -0.014021
v 0.000264 -0.497765 -0.007002
v 0.000867 -0.540692 -0.004099
v 0.023443 -0.368457 -0.091306
v 0.023077 -0.378719 -0.080299
v 0.138379 -0.693810 -0.073997
v 0.126799 -0.678200 -0.072153
v 0.095139 -0.347788 -0.116875
v 0.003992 -0.569941 -0.021352
v 0.005020 -0.583955 -0.024512
v 0.022085 -0.591040 -0.036886
v 0.007892 -0.596746 -0.030572
v 0.011995 -0.584210 -0.035139
v 0.026063 -0.574383 -0.043145
v 0.108998 -0.981936 -0.110712
v 0.108767 -0.965444 -0.109211
v 0.122652 -0.975452 -0.101092
v 0.122702 -0.960096 -0.102827
v 0.078625 -0.929724 -0.090145
v 0.055572 -0.871950 -0.073983
v 0.068463 -0.883085 -0.082818
v 0.074549 -0.853626 -0.084835
v 0.085202 -0.859945 -0.089964
v 0.134521 -0.870970 -0.086436
v 0.045160 -0.782488 -0.054494
v 0.061078 -0.741419 -0.060201
v 0.045565 -0.751336 -0.043986
v 0.037769 -0.752089 -0.033726
v 0.060753 -0.794639 -0.073678
v 0.049050 -0.793383 -0.062753
v 0.057538 -0.816133 -0.072368
v 0.057481 -0.804981 -0.071465
v 0.062355 -0.836131 -0.077008
v 0.063419 -0.825246 -0.077237
v 0.093259 -0.446604 -0.105830
v 0.103641 -0.383535 -0.111505
v 0.141345 -0.338362 -0.081180
v 0.129411 -0.351530 -0.089572
v 0.150661 -0.343355 -0.068703
v 0.005190 -0.493474 -0.032849
v 0.050637 -0.484261 -0.063496
v 0.062006 -0.445897 -0.084067
v 0.036218 -0.452282 -0.052424
v 0.002601 -0.503761 -0.022835
v -0.000230 -0.514646 -0.001196
v 0.000881 -0.526730 -0.010628
v 0.001192 -0.552597 -0.004281
v 0.000982 -0.546712 0.009846
v 0.109934 -0.686010 -0.075485
v 0.114121 -0.695640 -0.069407
v 0.072575 -0.676859 -0.071151
v 0.091778 -0.683471 -0.068149
v 0.102281 -0.687270 -0.066739
v 0.017766 -0.565646 -0.040136
v 0.007956 -0.548573 -0.033114
v 0.003152 -0.539336 -0.020798
v 0.005029 -0.522918 -0.028686
v 0.030729 -0.522558 -0.055241
v 0.016193 -0.518182 -0.043568
v 0.060504 -0.562685 -0.057859
v 0.066519 -0.860869 -0.081421
v 0.056521 -0.760227 -0.069180
v 0.044891 -0.728652 -0.038718
v 0.039866 -0.764372 -0.041466
v 0.046634 -0.760954 -0.056266
v 0.052253 -0.749899 -0.055172
v 0.052833 -0.737162 -0.048049
v 0.044912 -0.720193 -0.059852
v 0.052555 -0.731194 -0.060493
v 0.049879 -0.769162 -0.063999
v 0.059335 -0.784416 -0.072366
v 0.079475 -0.792401 -0.081744
v 0.078065 -0.837975 -0.084846
v 0.063410 -0.848708 -0.078660
v 0.048100 -0.843664 -0.064508
v 0.043564 -0.857426 -0.060722
v 0.088731 -0.462789 -0.104842
v 0.074592 -0.453434 -0.096005
v 0.108620 -0.458389 -0.093204
v 0.070170 -0.423543 -0.104639
v 0.099563 -0.465762 -0.098258
v 0.067091 -0.438752 -0.098910
v 0.053323 -0.431716 -0.089606
v 0.081662 -0.434967 -0.106804
v 0.050987 -0.438428 -0.075023
v 0.080504 -0.446683 -0.104642
v 0.085963 -0.419541 -0.108597
v 0.098001 -0.431455 -0.106741
v 0.055333 -0.460175 -0.065745
v 0.069604 -0.392027 -0.111102
v 0.130785 -0.430730 -0.089547
v 0.109253 -0.442183 -0.098899
v 0.049413 -0.447856 -0.064392
v 0.073891 -0.408088 -0.109024
v 0.124431 -0.447730 -0.087670
v 0.050996 -0.407952 -0.096945
v 0.088722 -0.395407 -0.109329
v 0.061604 -0.402168 -0.104850
v 0.050290 -0.388847 -0.095422
v 0.047675 -0.419434 -0.091097
v 0.036685 -0.410194 -0.086098
v 0.058413 -0.418608 -0.099604
v 0.037616 -0.395359 -0.088314
v 0.027980 -0.389451 -0.082687
v 0.091395 -0.408013 -0.109468
v 0.106680 -0.399423 -0.108194
v 0.132365 -0.384038 -0.092116
v 0.121999 -0.411693 -0.097634
v 0.118550 -0.388153 -0.103041
v 0.144125 -0.389298 -0.067363
v 0.111962 -0.409631 -0.104287
v 0.116662 -0.367519 -0.105630
v 0.127871 -0.397867 -0.095434
v 0.141011 -0.396286 -0.083709
v 0.151956 -0.378645 -0.058935
v 0.153256 -0.392679 -0.054872
v 0.138850 -0.371305 -0.075192
v 0.157230 -0.413449 -0.048154
v 0.164595 -0.411141 -0.034387
v 0.113394 -0.378533 -0.106975
v 0.139590 -0.383778 -0.079356
v 0.150760 -0.408261 -0.069265
v 0.100234 -0.367174 -0.114479
v 0.080635 -0.375494 -0.116796
v 0.092844 -0.377319 -0.112455
v 0.070620 -0.480105 -0.074136
v 0.026439 -0.449408 -0.045554
v 0.035340 -0.473691 -0.050435
v 0.000585 -0.534900 0.011459
v 0.100672 -0.639765 -0.070347
v 0.105675 -0.664087 -0.067773
v 0.113649 -0.673365 -0.073428
v 0.098457 -0.673035 -0.077159
v 0.123053 -0.663238 -0.063540
v 0.114130 -0.649580 -0.067469
v 0.140022 -0.648574 -0.071849
v 0.152977 -0.651224 -0.069717
v 0.150332 -0.637375 -0.074590
v 0.124286 -0.625335 -0.078736
v 0.139044 -0.628245 -0.078094
v 0.136673 -0.606995 -0.081167
v 0.146396 -0.611365 -0.073903
v 0.135207 -0.658580 -0.066495
v 0.115193 -0.636414 -0.073544
v 0.126234 -0.643933 -0.071856
v 0.081653 -0.699870 -0.053830
v 0.082599 -0.728412 -0.067208
v 0.130168 -0.732997 -0.060824
v 0.120710 -0.713001 -0.054181
v 0.066264 -0.729505 -0.072294
v 0.153406 -0.721575 -0.063647
v 0.148223 -0.707492 -0.058467
v 0.070241 -0.716961 -0.061192
v 0.057785 -0.719835 -0.065201
v 0.079327 -0.751140 -0.077793
v 0.162207 -0.733180 -0.049362
v 0.153024 -0.717632 -0.050151
v 0.134532 -0.717934 -0.066531
v 0.134727 -0.706276 -0.073681
v 0.123495 -0.705086 -0.065284
v 0.071293 -0.707733 -0.053138
v 0.087177 -0.716453 -0.055341
v 0.065794 -0.743947 -0.074902
v 0.078444 -0.738274 -0.074539
v 0.106107 -0.742897 -0.072305
v 0.091577 -0.743692 -0.075224
v 0.165055 -0.738622 -0.038591
v 0.167485 -0.747273 -0.051243
v 0.095000 -0.704887 -0.054579
v 0.108238 -0.706856 -0.054417
v 0.100205 -0.728267 -0.061046
v 0.138158 -0.760073 -0.064242
v 0.153320 -0.757243 -0.056198
v 0.154063 -0.784296 -0.059281
v 0.146664 -0.742971 -0.066155
v 0.157651 -0.770976 -0.053651
v 0.172378 -0.783901 -0.041824
v 0.143651 -0.773980 -0.060849
v 0.169642 -0.774172 -0.048672
v 0.173805 -0.768047 -0.036645
v 0.116074 -0.778611 -0.075738
v 0.129073 -0.772682 -0.068222
v 0.098031 -0.764939 -0.080386
v 0.091105 -0.755200 -0.078489
v 0.081816 -0.768693 -0.079932
v 0.160312 -0.740424 -0.061537
v 0.176598 -0.787438 -0.029212
v 0.133390 -0.797286 -0.072514
v 0.140842 -0.787176 -0.065592
v 0.151093 -0.797267 -0.063382
v 0.165506 -0.795628 -0.052446
v 0.172348 -0.801902 -0.039726
v 0.121269 -0.755489 -0.075707
v 0.092823 -0.780926 -0.082454
v 0.079357 -0.780539 -0.080549
v 0.068603 -0.763776 -0.076335
v 0.126306 -0.785335 -0.072209
v 0.116578 -0.797837 -0.080710
v 0.165425 -0.784560 -0.052642
v 0.166512 -0.811664 -0.050381
v 0.104792 -0.775800 -0.081759
v 0.111932 -0.764599 -0.078949
v 0.104230 -0.754373 -0.077670
v 0.091279 -0.791735 -0.083564
v 0.020876 -0.499850 -0.047267
v 0.020204 -0.537149 -0.046026
v 0.041405 -0.564181 -0.051618
v 0.037858 -0.722734 -0.029498
v 0.036893 -0.735556 -0.029875
v 0.069430 -0.788140 -0.077948
v 0.083467 -0.806867 -0.083870
v 0.069929 -0.803840 -0.079247
v 0.100833 -0.823258 -0.087489
v 0.106842 -0.837175 -0.088888
v 0.090378 -0.831881 -0.087651
v 0.078619 -0.826963 -0.084839
v 0.095710 -0.812361 -0.086126
v 0.111633 -0.812285 -0.084000
v 0.043196 -0.834673 -0.057018
v 0.051958 -0.833435 -0.068384
v 0.039206 -0.851515 -0.050324
v 0.120304 -0.437134 -0.093549
v 0.112214 -0.426283 -0.101125
v 0.122635 -0.423091 -0.095196
v 0.156362 -0.446683 -0.067700
v 0.150780 -0.465245 -0.068982
v 0.120970 -0.462085 -0.085490
v 0.049422 -0.371665 -0.097914
v 0.049829 -0.360671 -0.108923
v 0.062348 -0.380247 -0.103417
v 0.059715 -0.368587 -0.104872
v 0.117685 -0.353734 -0.104166
v 0.137600 -0.413551 -0.086663
v 0.145015 -0.406867 -0.080257
v 0.149125 -0.429450 -0.077043
v 0.140154 -0.425190 -0.084242
v 0.146940 -0.362158 -0.068558
v 0.131148 -0.367834 -0.090531
v 0.124605 -0.375829 -0.098766
v 0.135399 -0.359971 -0.080882
v 0.151853 -0.404731 -0.056297
v 0.080830 -0.386398 -0.111082
v 0.076490 -0.364054 -0.118644
v 0.080857 -0.478081 -0.081729
v 0.031593 -0.462735 -0.048090
v 0.091677 -0.693025 -0.059359
v 0.077904 -0.687647 -0.061437
v 0.055977 -0.684139 -0.056723
v 0.066489 -0.683633 -0.062683
v 0.066885 -0.694664 -0.053648
v 0.140587 -0.724550 -0.055855
v 0.093212 -0.733827 -0.068631
v 0.100219 -0.716876 -0.055933
v 0.114560 -0.734343 -0.063549
v 0.124523 -0.743429 -0.068777
v 0.112154 -0.722791 -0.057833
v 0.105326 -0.789141 -0.083077
v 0.014333 -0.507760 -0.042110
v 0.026200 -0.485882 -0.047017
v 0.021998 -0.473320 -0.041012
v 0.038223 -0.486895 -0.055444
v 0.011042 -0.472369 -0.033120
v 0.045418 -0.506510 -0.065101
v 0.044422 -0.494996 -0.062854
v 0.061190 -0.497321 -0.073361
v 0.032727 -0.503132 -0.056403
v 0.021939 -0.526736 -0.048872
v 0.016831 -0.547608 -0.041507
v 0.009379 -0.534560 -0.035917
v 0.030687 -0.565056 -0.047454
v 0.040489 -0.542443 -0.055117
v 0.055099 -0.595024 -0.049282
v 0.124057 -0.828082 -0.082952
v 0.112119 -0.827821 -0.086632
v 0.136178 -0.835170 -0.078656
v 0.138456 -0.817376 -0.074698
v 0.141067 -0.451980 -0.078447
v 0.166638 -0.460789 -0.056226
v 0.161990 -0.471979 -0.056657
v 0.157772 -0.422495 -0.063592
v 0.160444 -0.427051 -0.049849
v 0.163061 -0.435773 -0.061429
v 0.151766 -0.354158 -0.064652
v 0.135578 -0.749759 -0.070623
v 0.060650 -0.486157 -0.070132
v 0.076046 -0.494020 -0.080492
v 0.080145 -0.528657 -0.070375
v 0.072574 -0.511833 -0.076587
v 0.100209 -0.526962 -0.080468
v 0.111485 -0.523079 -0.084323
v 0.025078 -0.512144 -0.051129
v 0.035219 -0.553397 -0.051739
v 0.030682 -0.534907 -0.053207
v 0.049637 -0.553383 -0.056314
v 0.061206 -0.535294 -0.060424
v 0.039357 -0.587062 -0.043558
v 0.053274 -0.577718 -0.050810
v 0.081236 -0.582470 -0.058143
v 0.041292 -0.575655 -0.047373
v 0.065839 -0.585365 -0.054539
v 0.071038 -0.572474 -0.057997
v 0.079742 -0.554733 -0.061177
v 0.149438 -0.821650 -0.067844
v 0.125088 -0.815198 -0.080173
v 0.143851 -0.806225 -0.069618
v 0.139787 -0.463853 -0.075880
v 0.135364 -0.440864 -0.083963
v 0.147803 -0.441719 -0.076011
v 0.158273 -0.457330 -0.064217
v 0.175866 -0.454919 -0.046127
v 0.168876 -0.447030 -0.055995
v 0.089781 -0.506900 -0.086886
v 0.058839 -0.511423 -0.070161
v 0.049368 -0.522640 -0.060517
v 0.049066 -0.534098 -0.057593
v 0.037509 -0.607820 -0.045178
v 0.086138 -0.568177 -0.060514
v 0.065550 -0.548990 -0.059773
v 0.074986 -0.538836 -0.062191
v 0.094390 -0.542279 -0.067428
v 0.104681 -0.549653 -0.067485
v 0.126466 -0.804085 -0.077694
v 0.079176 -0.504400 -0.082296
v 0.093516 -0.496163 -0.088237
v 0.102542 -0.507526 -0.092855
v 0.085424 -0.518346 -0.079380
v 0.043715 -0.597679 -0.045246
v 0.090992 -0.552538 -0.063490
v 0.091615 -0.532066 -0.073185
v 0.104068 -0.537625 -0.074757
v 0.188196 -0.457509 0.008889
v 0.176437 -0.448469 -0.015760
v 0.184863 -0.456904 -0.012317
v 0.181958 -0.456125 -0.025006
v 0.154741 -0.211939 -0.051688
v 0.149476 -0.194907 -0.051907
v 0.141519 -0.192419 -0.063308
v 0.149105 -0.183924 -0.046823
v 0.159622 -0.197910 -0.038334
v 0.186205 -0.348655 0.004628
v 0.182865 -0.357462 -0.005192
v 0.182646 -0.342921 -0.006132
v 0.114585 -1.051207 -0.116919
v 0.101971 -1.052152 -0.121936
v 0.116279 -1.032348 -0.110560
v 0.123632 -1.043669 -0.110889
v 0.094463 -1.019185 -0.106400
v 0.126357 -1.021882 -0.098185
v 0.141469 -1.028623 -0.088570
v 0.101597 -1.032206 -0.106505
v 0.109060 -1.020912 -0.096884
v 0.149871 -1.031071 -0.076404
v 0.101780 -1.003636 -0.099111
v 0.104370 -0.990982 -0.102161
v 0.110840 -1.010208 -0.090962
v 0.161432 -1.048819 -0.062088
v 0.036120 -0.635977 -0.047644
v 0.139669 -0.315350 -0.085852
v 0.060888 -0.349850 -0.118338
v 0.134861 -1.001299 -0.080696
v 0.138117 -1.014309 -0.085582
v 0.035229 -0.716796 -0.046232
v 0.030065 -0.687187 -0.044057
v 0.041066 -0.703815 -0.057917
v 0.029289 -0.702673 -0.041575
v 0.050249 -0.695782 -0.054285
v 0.037267 -0.690739 -0.055648
v 0.021743 -0.693470 -0.030783
v 0.029033 -0.678217 -0.029514
v 0.031735 -0.666891 -0.028636
v 0.069766 -0.461739 -0.077952
v 0.061705 -0.453343 -0.074001
v 0.062924 -0.470381 -0.069390
v 0.043813 -0.463662 -0.057228
v 0.052158 -0.471778 -0.061954
v 0.067995 -0.632338 -0.075111
v 0.074918 -0.608825 -0.063645
v 0.068337 -0.599523 -0.054745
v 0.056869 -0.614891 -0.057463
v 0.066748 -0.620411 -0.067247
v 0.053491 -0.630729 -0.065974
v 0.061561 -0.647337 -0.066058
v 0.046457 -0.636132 -0.057081
v 0.045039 -0.615046 -0.052127
v 0.080858 -0.652732 -0.075224
v 0.091330 -0.662235 -0.070966
v 0.084691 -0.671923 -0.076249
v 0.092489 -0.649798 -0.070019
v 0.084079 -0.636109 -0.072059
v 0.083515 -0.618541 -0.076997
v 0.103636 -0.621090 -0.078440
v 0.094977 -0.629422 -0.074099
v 0.054671 -0.667857 -0.057941
v 0.043439 -0.669690 -0.042965
v 0.035792 -0.678119 -0.039744
v 0.069984 -0.644936 -0.076172
v 0.117447 -0.609064 -0.082297
v 0.128427 -0.615499 -0.082187
v 0.125289 -0.590702 -0.078526
v 0.109225 -0.579732 -0.067032
v 0.127911 -0.578234 -0.074657
v 0.094943 -0.579038 -0.062267
v 0.097808 -0.600323 -0.071027
v 0.100512 -0.589098 -0.066749
v 0.110793 -0.594262 -0.075700
v 0.126057 -0.601185 -0.083143
v 0.103786 -0.608592 -0.080029
v 0.041987 -0.676765 -0.057836
v 0.055447 -0.655555 -0.057997
v 0.138312 -0.593811 -0.084164
v 0.086721 -0.607927 -0.070415
v 0.084035 -0.596539 -0.060984
v 0.167953 -0.441966 -0.042601
v 0.066625 -0.523293 -0.066880
v 0.030104 -0.619423 -0.048385
v 0.019429 -0.618856 -0.039962
v 0.024546 -0.605165 -0.037886
v 0.075102 -1.030060 -0.115827
v 0.081828 -1.007553 -0.115804
v 0.095737 -1.006444 -0.112672
v 0.084948 -1.020488 -0.117606
v 0.067755 -1.015211 -0.100551
v 0.073966 -1.005660 -0.105481
v 0.062200 -1.036213 -0.096292
v 0.066852 -1.049581 -0.097265
v 0.052937 -1.038477 -0.082019
v 0.060545 -1.001487 -0.090655
v 0.051936 -1.018527 -0.086329
v 0.066197 -1.026381 -0.105294
v 0.048756 -1.026218 -0.077212
v 0.042653 -1.005274 -0.070264
v 0.050928 -1.001510 -0.080698
v 0.040821 -1.013597 -0.060717
v 0.154876 -1.054423 -0.074844
v 0.065134 -0.661624 -0.074057
v 0.076805 -0.663248 -0.076422
v 0.059246 -0.673039 -0.069746
v 0.085982 -1.041427 -0.113915
v -0.004077 -0.458736 0.026978
v -0.006310 -0.477464 0.026079
v -0.006989 -0.495922 0.025448
v -0.007232 -0.514193 0.024392
v -0.006137 -0.532911 0.022973
v -0.004284 -0.550943 0.021842
v -0.002930 -0.569502 0.020269
v -0.003741 -0.587887 0.018913
v -0.006867 -0.606316 0.017001
v -0.010186 -0.624587 0.015269
v -0.012694 -0.641816 0.013783
v -0.015109 -0.658989 0.012097
v -0.017425 -0.676140 0.010809
v -0.019705 -0.693697 0.008954
v -0.022028 -0.710654 0.007729
v -0.024470 -0.727959 0.006213
v -0.027044 -0.745044 0.004759
v -0.028976 -0.761764 0.003247
v -0.030061 -0.778732 0.001200
v -0.032014 -0.795649 -0.000946
v -0.033497 -0.813027 -0.003325
v -0.035498 -0.830608 -0.006013
v -0.037778 -0.847996 -0.008314
v -0.040982 -0.865086 -0.011645
v -0.041902 -0.881930 -0.013162
v -0.044760 -0.899059 -0.015258
v -0.035540 -0.912480 -0.018576
v -0.031511 -0.926042 -0.020274
v -0.033050 -0.944284 -0.023964
v -0.032969 -0.959793 -0.026847
v -0.027824 -0.975870 -0.029896
v -0.032227 -0.992189 -0.029725
v -0.039800 -1.008066 -0.028071
v -0.055395 -1.018841 -0.022110
v -0.050959 -1.034991 -0.022870
v -0.048091 -1.054559 -0.024620
v -0.048774 -1.071443 -0.023712
v -0.059283 -1.089698 -0.020287
v -0.056618 -1.091127 -0.038863
v -0.056284 -1.091242 -0.057226
v -0.060043 -1.090083 -0.075160
v -0.076907 -1.091067 -0.074347
v -0.095076 -1.089782 -0.081673
v -0.113895 -1.087382 -0.087199
v -0.131501 -1.085802 -0.090318
v -0.137051 -1.082922 -0.073258
v -0.143770 -1.085524 -0.056335
v -0.149955 -1.085102 -0.039204
v -0.157146 -1.084527 -0.021391
v -0.138231 -1.079420 -0.017044
v -0.133964 -1.062711 -0.015697
v -0.148777 -1.048771 -0.017477
v -0.162894 -1.035062 -0.018889
v -0.168535 -1.017850 -0.018327
v -0.169551 -0.999785 -0.017214
v -0.165243 -0.983770 -0.017528
v -0.157564 -0.968156 -0.016222
v -0.151691 -0.953915 -0.018779
v -0.155894 -0.935232 -0.016461
v -0.163429 -0.918416 -0.014536
v -0.164318 -0.901412 -0.014280
v -0.165575 -0.883308 -0.012037
v -0.165695 -0.868675 -0.010905
v -0.167395 -0.852485 -0.005997
v -0.167117 -0.837941 -0.005305
v -0.170589 -0.820292 -0.000556
v -0.173084 -0.803066 0.002605
v -0.175515 -0.785276 0.006755
v -0.176988 -0.767929 0.009828
v -0.178548 -0.750642 0.011934
v -0.179623 -0.732986 0.014639
v -0.180374 -0.716016 0.016503
v -0.179678 -0.698798 0.017670
v -0.177355 -0.680932 0.019600
v -0.171448 -0.664471 0.020628
v -0.164497 -0.647862 0.022462
v -0.159638 -0.630981 0.023970
v -0.168448 -0.615259 0.025504
v -0.180066 -0.602008 0.028301
v -0.183951 -0.585577 0.029004
v -0.179587 -0.568951 0.027283
v -0.184242 -0.552541 0.029318
v -0.188850 -0.535988 0.031140
v -0.190501 -0.518872 0.032028
v -0.181303 -0.504170 0.034401
v -0.186660 -0.487703 0.033427
v -0.186471 -0.470536 0.032499
v -0.190250 -0.453267 0.032064
v -0.190741 -0.435810 0.030600
v -0.195505 -0.418492 0.031266
v -0.195932 -0.415909 0.030949
v -0.195905 -0.413264 0.030847
v -0.195635 -0.396117 0.029583
v -0.197545 -0.378199 0.029464
v -0.197858 -0.360746 0.028106
v -0.197243 -0.343056 0.028238
v -0.196119 -0.325634 0.026994
v -0.195079 -0.307866 0.027117
v -0.193581 -0.292031 0.025381
v -0.192330 -0.275964 0.024403
v -0.189743 -0.260047 0.023332
v -0.189690 -0.243678 0.022122
v -0.187523 -0.232867 0.021342
v -0.185833 -0.221849 0.020259
v -0.183499 -0.208758 0.019198
v -0.180287 -0.195933 0.018259
v -0.176464 -0.181195 0.018710
v -0.171950 -0.166760 0.019254
v -0.169060 -0.228288 -0.045608
v -0.158380 -0.226986 -0.061279
v -0.146324 -0.225553 -0.077186
v -0.133135 -0.224304 -0.091777
v -0.117449 -0.223722 -0.102690
v -0.100044 -0.223731 -0.112018
v -0.081721 -0.224074 -0.118704
v -0.038147 -0.164966 -0.094537
v -0.027528 -0.164358 -0.095704
v -0.169848 -0.168820 -0.013045
v -0.165782 -0.168671 -0.024308
v -0.131339 -0.410684 -0.098589
v -0.171792 -0.414411 -0.037180
v -0.038262 -0.204196 -0.114287
v -0.033877 -0.232039 -0.124681
v -0.174367 -0.199174 -0.022406
v -0.184417 -0.237436 -0.004263
v -0.032085 -0.183636 -0.106485
v -0.179531 -0.203079 -0.001240
v -0.017405 -0.180664 -0.106232
v -0.107071 -0.788218 -0.096009
v -0.114457 -0.649697 -0.067491
v -0.072217 -1.035496 -0.084788
v -0.057915 -1.068962 -0.051195
v -0.059684 -1.080076 -0.029372
v -0.063375 -1.079515 -0.043153
v -0.052792 -1.069740 -0.037559
v -0.134628 -1.038069 -0.079184
v -0.100520 -0.928091 -0.090889
v -0.077334 -0.299841 -0.128558
v -0.103758 -0.189164 -0.097023
v -0.144020 -1.084619 -0.027136
v -0.174922 -0.301968 -0.040382
v -0.149612 -0.191330 -0.063353
v -0.172410 -0.176102 0.000913
v -0.144866 -0.526140 -0.078450
v -0.190168 -0.403330 -0.006336
v -0.167785 -0.476936 -0.029629
v -0.183434 -0.443691 -0.009370
v -0.068519 -0.199394 -0.110170
v -0.172256 -0.213460 -0.034079
v -0.184137 -0.268386 -0.010328
v -0.187676 -0.251829 0.005663
v -0.054934 -0.796219 -0.066614
v -0.145730 -0.848959 -0.083190
v -0.158140 -0.785598 -0.059800
v -0.041788 -0.656046 -0.054496
v -0.154711 -0.699401 -0.057338
v -0.175065 -0.618385 -0.052165
v -0.082397 -1.065903 -0.078019
v -0.063538 -0.979212 -0.080737
v -0.070115 -1.080779 -0.064716
v -0.126709 -1.068571 -0.080971
v -0.144986 -1.039131 -0.052123
v -0.132967 -0.989427 -0.069487
v -0.152744 -0.938339 -0.073390
v -0.061915 -0.881918 -0.083089
v -0.095309 -0.267958 -0.124200
v -0.106854 -0.207131 -0.103081
v -0.120958 -0.177046 -0.083073
v -0.085239 -0.174757 -0.095343
v -0.188601 -0.316727 -0.008698
v -0.164755 -0.270950 -0.056699
v -0.152426 -0.209368 -0.067918
v -0.148769 -0.173430 -0.055270
v -0.173460 -0.184867 -0.013636
v -0.186453 -0.559199 -0.036311
v -0.194930 -0.403927 0.014120
v -0.192745 -0.368228 -0.007288
v -0.181331 -0.478853 0.001420
v -0.189120 -0.444082 0.013046
v -0.070869 -0.213125 -0.116007
v -0.089199 -0.208644 -0.110645
v -0.054936 -0.207315 -0.115151
v -0.180019 -0.215707 -0.016524
v -0.164028 -0.194032 -0.044289
v -0.189595 -0.284110 0.004149
v -0.183083 -0.251672 -0.012042
v -0.041081 -0.800855 -0.034447
v -0.051665 -0.744892 -0.047777
v -0.165433 -0.855394 -0.050503
v -0.171080 -0.807406 -0.036547
v -0.174451 -0.772864 -0.028129
v -0.021851 -0.663070 -0.024365
v -0.178384 -0.703731 -0.023638
v -0.161113 -0.653376 -0.025959
v -0.183873 -0.609110 -0.013214
v -0.069407 -1.077613 -0.082341
v -0.042736 -0.983063 -0.058649
v -0.053155 -0.929638 -0.074513
v -0.119698 -1.084644 -0.081125
v -0.101473 -1.063984 -0.088278
v -0.151221 -1.040141 -0.035331
v -0.151132 -1.006903 -0.043149
v -0.162084 -0.973212 -0.049382
v -0.153344 -0.942810 -0.046249
v -0.044600 -0.886553 -0.049425
v -0.094046 -0.249438 -0.121799
v -0.128375 -0.268111 -0.103299
v -0.119129 -0.164948 -0.077648
v -0.103098 -0.170698 -0.088553
v -0.084221 -0.163622 -0.090191
v -0.066374 -0.170644 -0.095962
v -0.193506 -0.316536 0.009921
v -0.173127 -0.259505 -0.038270
v -0.164196 -0.253217 -0.055330
v -0.176523 -0.189599 0.000616
v -0.193027 -0.559752 -0.002982
v -0.197650 -0.368643 0.013195
v -0.185854 -0.479238 0.018477
v -0.174626 -0.512790 -0.000006
v -0.190896 -0.444325 0.024256
v -0.191972 -0.426610 0.014515
v -0.095332 -0.198570 -0.104073
v -0.050857 -0.190719 -0.107615
v -0.043530 -0.218350 -0.121750
v -0.181501 -0.228432 -0.014457
v -0.183496 -0.222670 0.001839
v -0.169741 -0.201418 -0.033801
v -0.167541 -0.186058 -0.029491
v -0.035472 -0.802929 -0.017154
v -0.043643 -0.835075 -0.045643
v -0.039671 -0.749551 -0.021203
v -0.168691 -0.858643 -0.029633
v -0.163577 -0.888275 -0.050162
v -0.173163 -0.810475 -0.018490
v -0.177814 -0.775549 -0.009582
v -0.174974 -0.738154 -0.021539
v -0.017775 -0.665775 -0.005486
v -0.029905 -0.697266 -0.026923
v -0.014394 -0.629011 -0.021555
v -0.181206 -0.705077 -0.002039
v -0.163449 -0.655187 -0.001249
v -0.171235 -0.624308 0.002328
v -0.187230 -0.593660 0.005433
v -0.035108 -0.983787 -0.043181
v -0.039325 -0.933441 -0.048561
v -0.124742 -1.076613 -0.059967
v -0.130203 -1.083812 -0.045458
v -0.086789 -1.077835 -0.095063
v -0.117226 -1.074198 -0.095733
v -0.130999 -1.057589 -0.042519
v -0.167685 -1.008073 -0.032279
v -0.162892 -0.974425 -0.031762
v -0.155226 -0.944505 -0.030821
v -0.159833 -0.923065 -0.034862
v -0.154060 -0.958321 -0.036307
v -0.039892 -0.888216 -0.030301
v -0.127316 -0.249882 -0.101383
v -0.191328 -0.300230 0.009679
v -0.193380 -0.338870 0.002419
v -0.173322 -0.247395 -0.037591
v -0.179770 -0.260646 -0.023970
v -0.177195 -0.281413 -0.032046
v -0.180836 -0.273457 -0.022576
v -0.150440 -0.260143 -0.077879
v -0.185742 -0.560007 0.013585
v -0.186097 -0.462447 0.008871
v -0.189243 -0.526159 0.010958
v -0.181288 -0.496843 0.010455
v -0.187884 -0.433182 0.000792
v -0.189740 -0.417646 0.001361
v -0.023112 -0.214191 -0.121846
v -0.049402 -0.230736 -0.124472
v -0.044879 -0.266462 -0.131494
v -0.051170 -0.248928 -0.129112
v -0.159289 -0.178198 -0.042291
v -0.038891 -0.781415 -0.021732
v -0.038821 -0.820335 -0.028696
v -0.039543 -0.853580 -0.032308
v -0.033659 -0.751699 -0.006887
v -0.036532 -0.767327 -0.012228
v -0.031887 -0.732623 -0.013315
v -0.166466 -0.890433 -0.029838
v -0.170010 -0.831384 -0.033507
v -0.175165 -0.791496 -0.023076
v -0.180551 -0.756452 -0.014377
v -0.181560 -0.740380 -0.003705
v -0.024361 -0.699893 -0.008355
v -0.012643 -0.631310 -0.002524
v -0.180822 -0.706399 0.010040
v -0.177823 -0.688258 0.002249
v -0.165738 -0.655917 0.012069
v -0.158678 -0.638539 0.005703
v -0.167204 -0.623945 0.015289
v -0.179108 -0.609373 0.010571
v -0.184575 -0.593647 0.018938
v -0.188499 -0.577337 0.012812
v -0.046482 -1.002495 -0.049629
v -0.036626 -0.962444 -0.049338
v -0.032877 -0.934170 -0.034486
v -0.032683 -0.949513 -0.041059
v -0.045730 -0.920777 -0.035108
v -0.121551 -1.076214 -0.071793
v -0.130033 -1.086159 -0.061859
v -0.131365 -1.070429 -0.032745
v -0.079418 -1.084527 -0.085970
v -0.099673 -1.082450 -0.094808
v -0.118905 -1.086337 -0.096130
v -0.135608 -1.054646 -0.029649
v -0.138528 -1.045966 -0.043089
v -0.131905 -1.068779 -0.047645
v -0.127555 -1.055197 -0.064712
v -0.164592 -0.991213 -0.041241
v -0.158242 -1.024572 -0.042000
v -0.159346 -0.925268 -0.022250
v -0.163291 -0.909689 -0.033886
v -0.153621 -0.960381 -0.024453
v -0.112523 -0.258227 -0.114535
v -0.185858 -0.296695 -0.011267
v -0.195285 -0.333858 0.017282
v -0.191690 -0.325978 0.001205
v -0.196612 -0.351535 0.013954
v -0.158740 -0.261321 -0.065289
v -0.154620 -0.248161 -0.070932
v -0.141453 -0.248535 -0.086876
v -0.187751 -0.461756 0.022134
v -0.191583 -0.527102 0.023068
v -0.179059 -0.513066 0.018722
v -0.192224 -0.543843 0.006639
v -0.183954 -0.496118 0.023522
v -0.183961 -0.417375 -0.019690
v -0.184319 -0.430146 -0.013522
v -0.155741 -0.187179 -0.052851
v -0.158239 -0.166130 -0.038654
v -0.033331 -0.785589 -0.009300
v -0.038244 -0.793081 -0.024081
v -0.038290 -0.809595 -0.027165
v -0.035702 -0.820096 -0.014439
v -0.037127 -0.837895 -0.024225
v -0.037558 -0.854773 -0.018675
v -0.040168 -0.872370 -0.038767
v -0.028103 -0.735070 -0.001709
v -0.026987 -0.717208 -0.008322
v -0.166535 -0.875976 -0.032424
v -0.170074 -0.828258 -0.017098
v -0.172756 -0.817955 -0.028158
v -0.168485 -0.844519 -0.024216
v -0.177016 -0.780801 -0.020282
v -0.173542 -0.802638 -0.027037
v -0.174766 -0.798698 -0.011986
v -0.178715 -0.767532 -0.017432
v -0.180402 -0.757981 0.000777
v -0.177848 -0.694094 -0.012146
v -0.169708 -0.673014 -0.014319
v -0.174546 -0.683233 -0.009365
v -0.171194 -0.671567 0.003794
v -0.191782 -0.578951 -0.008194
v -0.041550 -0.991704 -0.050647
v -0.039222 -0.999417 -0.038025
v -0.030907 -0.966332 -0.037919
v -0.037553 -0.974781 -0.050555
v -0.038402 -0.920824 -0.025304
v -0.042107 -0.904522 -0.041579
v -0.090433 -1.088500 -0.088540
v -0.167294 -0.996857 -0.029885
v -0.159527 -1.031045 -0.030995
v -0.164013 -0.899031 -0.041677
v -0.157084 -0.910732 -0.068654
v -0.159577 -0.903110 -0.059557
v -0.116049 -0.245906 -0.110082
v -0.122594 -0.258844 -0.106795
v -0.193475 -0.353691 -0.003107
v -0.136623 -0.259319 -0.094800
v -0.190349 -0.543972 0.020330
v -0.039936 -0.831079 -0.034140
v -0.038242 -0.872861 -0.023188
v -0.034982 -0.717403 -0.029427
v -0.028546 -0.707974 -0.018727
v -0.166576 -0.866365 -0.041747
v -0.165455 -0.878515 -0.042703
v -0.168544 -0.844095 -0.039355
v -0.158929 -0.832576 -0.066420
v -0.164573 -0.841985 -0.055646
v -0.166038 -0.825820 -0.051150
v -0.157955 -0.847977 -0.068822
v -0.176987 -0.786497 -0.006785
v -0.167261 -0.665459 -0.005830
v -0.189640 -0.582696 0.002675
v -0.045328 -0.900461 -0.029365
v -0.165060 -0.986167 -0.029816
v -0.164078 -1.019978 -0.031085
v -0.148385 -0.880420 -0.080176
v -0.159324 -0.872337 -0.066682
v -0.160988 -0.917516 -0.052965
v -0.174185 -0.345660 -0.047462
v -0.031395 -0.721921 -0.018517
v -0.158440 -0.808843 -0.063890
v -0.154802 -0.894682 -0.073303
v -0.151504 -0.862756 -0.078953
v -0.159057 -0.924776 -0.063718
v -0.158181 -0.928740 -0.047726
v -0.186412 -0.353633 -0.026359
v -0.161048 -0.820624 -0.061729
v -0.165845 -0.809752 -0.051547
v -0.167069 -0.792908 -0.047203
v -0.157553 -0.881810 -0.069386
v -0.152986 -0.938585 -0.059642
v -0.156408 -0.956723 -0.063322
v -0.190386 -0.357784 -0.014670
v -0.160765 -0.797941 -0.059098
v -0.166207 -0.775564 -0.045627
v -0.140508 -0.896823 -0.085880
v -0.141702 -0.920228 -0.081086
v -0.168041 -0.754167 -0.037997
v -0.151001 -0.926414 -0.075238
v -0.138326 -0.909092 -0.085534
v -0.169467 -0.766022 -0.037811
v -0.147755 -0.905191 -0.078744
v -0.005865 -0.465947 -0.017689
v -0.004540 -0.448208 0.012798
v -0.005786 -0.445451 -0.013523
v -0.005868 -0.442898 -0.000021
v -0.070762 -0.387244 -0.102193
v -0.017371 -0.234136 -0.124884
v -0.064912 -1.030768 -0.052400
v -0.040927 -0.307890 -0.128579
v -0.064485 -1.086016 -0.055076
v -0.066805 -1.059757 -0.066838
v -0.124130 -0.198389 -0.089858
v -0.124034 -0.212391 -0.095547
v -0.138512 -0.209488 -0.081813
v -0.143718 -0.200058 -0.073151
v -0.135998 -0.183992 -0.073734
v -0.132205 -0.169541 -0.071242
v -0.127479 -0.187667 -0.083220
v -0.144239 -0.180755 -0.064203
v -0.163024 -0.212480 -0.053030
v -0.156872 -0.201493 -0.056851
v -0.194163 -0.386214 0.002867
v -0.197255 -0.386574 0.018016
v -0.189435 -0.268099 0.007323
v -0.096678 -0.179596 -0.095171
v -0.110518 -0.181022 -0.088924
v -0.052298 -0.167579 -0.095730
v -0.056638 -0.179312 -0.102232
v -0.193333 -0.415295 0.019085
v -0.038707 -0.193594 -0.108955
v -0.021870 -0.198330 -0.111869
v -0.183015 -0.212025 0.004799
v -0.048466 -0.552585 -0.065648
v -0.006201 -0.593033 -0.019792
v -0.181570 -0.720281 -0.014389
v -0.182068 -0.722916 0.002283
v -0.083527 -1.056765 -0.097127
v -0.120247 -1.055969 -0.092742
v -0.185620 -0.451114 0.002200
v -0.174805 -0.494551 -0.010457
v -0.023207 -0.270421 -0.132412
v -0.028099 -0.250995 -0.129108
v -0.070690 -0.264160 -0.130471
v -0.074809 -0.248135 -0.126551
v -0.063537 -0.253827 -0.129995
v -0.083911 -0.258863 -0.126825
v -0.046633 -0.814711 -0.049910
v -0.180942 -0.745661 -0.014439
v -0.023083 -0.681523 -0.016785
v -0.020232 -0.683471 -0.002096
v -0.015129 -0.648499 -0.003479
v -0.017552 -0.655432 -0.014266
v -0.019991 -0.644713 -0.031848
v -0.016187 -0.641780 -0.016333
v -0.164069 -0.635699 -0.016132
v -0.184246 -0.604351 -0.000766
v -0.189822 -0.593972 -0.012703
v -0.188569 -0.580590 -0.031720
v -0.191546 -0.583782 -0.019567
v -0.051460 -1.017116 -0.039577
v -0.062120 -1.029338 -0.035579
v -0.063256 -1.012470 -0.054622
v -0.057321 -1.048628 -0.044416
v -0.061450 -1.021011 -0.046024
v -0.064608 -1.036472 -0.041892
v -0.054538 -0.921039 -0.055802
v -0.095512 -1.074471 -0.088235
v -0.150000 -0.988066 -0.055155
v -0.150143 -0.972797 -0.063630
v -0.140282 -1.000213 -0.058330
v -0.152980 -0.996356 -0.047107
v -0.113717 -1.013561 -0.080456
v -0.127119 -1.002422 -0.070973
v -0.131970 -1.022198 -0.067362
v -0.122604 -1.014916 -0.072211
v -0.140212 -1.015968 -0.057837
v -0.146686 -1.028299 -0.060195
v -0.139805 -1.030723 -0.070897
v -0.151681 -1.020961 -0.052148
v -0.101271 -0.258703 -0.119868
v -0.113772 -0.279515 -0.115835
v -0.189832 -0.305841 -0.001692
v -0.185075 -0.282914 -0.010777
v -0.182186 -0.308133 -0.024239
v -0.180630 -0.294188 -0.025908
v -0.177584 -0.324891 -0.038659
v -0.178215 -0.313518 -0.035292
v -0.187921 -0.540954 -0.019304
v -0.040033 -0.842968 -0.035793
v -0.050787 -0.865727 -0.065323
v -0.046588 -0.851119 -0.052332
v -0.191499 -0.565549 -0.020306
v -0.190926 -0.553566 -0.015389
v -0.189773 -0.568674 -0.031736
v -0.104261 -0.244948 -0.116236
v -0.039978 -0.733885 -0.030322
v -0.045563 -0.745831 -0.034382
v -0.045536 -0.765246 -0.031954
v -0.055551 -0.696716 -0.066515
v -0.161095 -0.859660 -0.064801
v -0.172755 -0.784826 -0.033866
v -0.152591 -0.953594 -0.051950
v -0.007805 -0.484963 0.001600
v -0.044232 -0.447944 -0.075032
v -0.005770 -0.459454 -0.001182
v -0.005781 -0.472478 -0.002984
v -0.006030 -0.469301 0.012827
v -0.013347 -0.433424 -0.035069
v -0.039657 -0.375483 -0.087411
v -0.021154 -0.307360 -0.127362
v -0.030124 -0.330069 -0.119356
v -0.031336 -0.289572 -0.132823
v -0.030436 -0.317248 -0.124240
v -0.017450 -0.322713 -0.119690
v -0.031144 -0.300834 -0.130243
v -0.064657 -1.068888 -0.061273
v -0.075390 -1.067949 -0.067645
v -0.078433 -1.050186 -0.076923
v -0.077946 -1.057609 -0.085557
v -0.073929 -1.037022 -0.066849
v -0.067655 -1.018698 -0.074449
v -0.069291 -1.026260 -0.063662
v -0.069802 -1.029307 -0.074883
v -0.112990 -0.198263 -0.095798
v -0.141007 -0.167227 -0.062970
v -0.193644 -0.397493 0.003239
v -0.195059 -0.374769 0.003774
v -0.188483 -0.385604 -0.020725
v -0.187987 -0.369525 -0.024075
v -0.179042 -0.361562 -0.039201
v -0.145481 -0.370290 -0.076994
v -0.161944 -0.361757 -0.060991
v -0.170750 -0.357324 -0.051305
v -0.016489 -0.205863 -0.117114
v -0.017886 -0.538982 -0.029226
v -0.004938 -0.595200 0.000446
v -0.181865 -0.709269 -0.013394
v -0.182150 -0.731709 -0.012153
v -0.111707 -1.063756 -0.096005
v -0.130188 -1.053817 -0.079804
v -0.103716 -1.041168 -0.095551
v -0.177220 -0.501306 -0.000448
v -0.175658 -0.479156 -0.014615
v -0.179032 -0.460995 -0.013627
v -0.011230 -0.270180 -0.132215
v -0.014112 -0.252099 -0.128799
v -0.032644 -0.261808 -0.131139
v -0.039104 -0.243153 -0.127532
v -0.047554 -0.799544 -0.051059
v -0.052738 -0.777341 -0.051587
v -0.045569 -0.784962 -0.037911
v -0.051748 -0.788884 -0.055830
v -0.048105 -0.774022 -0.040292
v -0.054119 -0.761249 -0.049878
v -0.082194 -0.745434 -0.088554
v -0.064544 -0.749445 -0.071363
v -0.058347 -0.751372 -0.058415
v -0.061665 -0.768426 -0.068629
v -0.025552 -0.692333 -0.017472
v -0.030815 -0.677784 -0.038456
v -0.020638 -0.670733 -0.015516
v -0.028533 -0.657665 -0.040946
v -0.026959 -0.667480 -0.034421
v -0.035722 -0.668033 -0.048346
v -0.042552 -0.686219 -0.053796
v -0.051884 -0.611800 -0.046503
v -0.158658 -0.644023 -0.006556
v -0.165225 -0.633634 -0.003454
v -0.056395 -0.996580 -0.068938
v -0.059426 -1.058462 -0.055169
v -0.052346 -1.045811 -0.032171
v -0.047758 -0.925611 -0.046134
v -0.046477 -0.929755 -0.061015
v -0.042454 -0.948482 -0.060417
v -0.067918 -0.908960 -0.078906
v -0.050968 -0.902231 -0.062927
v -0.048475 -0.914386 -0.046868
v -0.120778 -0.960048 -0.088818
v -0.139950 -0.959627 -0.081839
v -0.108541 -0.986124 -0.082607
v -0.148582 -0.962411 -0.069625
v -0.115204 -0.998028 -0.080095
v -0.121223 -0.985949 -0.083584
v -0.119386 -0.975306 -0.090105
v -0.095706 -0.288455 -0.124918
v -0.145823 -0.316326 -0.087534
v -0.188624 -0.532602 -0.004667
v -0.190961 -0.544522 -0.006266
v -0.183144 -0.521966 0.000057
v -0.170268 -0.516264 -0.035084
v -0.180014 -0.523370 -0.019734
v -0.045408 -0.873989 -0.053867
v -0.052080 -0.883186 -0.066920
v -0.056699 -0.894084 -0.075390
v -0.042729 -0.860639 -0.043885
v -0.068585 -0.831613 -0.089821
v -0.041215 -0.760657 -0.021261
v -0.008281 -0.485731 0.015763
v -0.010866 -0.504256 0.006261
v -0.037591 -0.410992 -0.073649
v -0.009967 -0.423916 -0.026682
v -0.009710 -0.451335 -0.032200
v -0.023094 -0.417644 -0.049011
v -0.021653 -0.371472 -0.083132
v -0.027461 -0.390778 -0.077610
v -0.029934 -0.356706 -0.103294
v -0.030991 -0.379444 -0.079144
v -0.019168 -0.361049 -0.093150
v -0.031889 -0.366364 -0.093983
v -0.056772 -0.365093 -0.106104
v -0.042751 -0.363102 -0.103201
v -0.050673 -0.344515 -0.116277
v -0.040724 -0.352536 -0.111463
v -0.027718 -0.343307 -0.111132
v -0.039114 -0.338887 -0.116470
v -0.053540 -0.324994 -0.124579
v -0.018355 -0.349269 -0.102759
v -0.018161 -0.334081 -0.112635
v -0.055020 -0.291369 -0.132381
v -0.036428 -0.276994 -0.132881
v -0.018755 -0.282754 -0.133106
v -0.017896 -0.295533 -0.131448
v -0.182568 -0.400076 -0.027742
v -0.191284 -0.391310 -0.009302
v -0.014964 -0.540694 -0.002187
v -0.004687 -0.596590 0.011766
v -0.008477 -0.613102 -0.000365
v -0.010725 -0.570758 -0.007109
v -0.096123 -1.052966 -0.092775
v -0.108800 -1.050549 -0.088937
v -0.121307 -1.036878 -0.092161
v -0.124719 -1.025138 -0.081611
v -0.108113 -1.020687 -0.094834
v -0.098331 -1.002371 -0.089388
v -0.111106 -1.031343 -0.095796
v -0.115392 -1.019189 -0.085806
v -0.182320 -0.467091 -0.002615
v -0.168195 -0.443635 -0.035985
v -0.177988 -0.439110 -0.023065
v -0.171884 -0.429279 -0.034270
v -0.174291 -0.453742 -0.026022
v -0.162929 -0.461809 -0.041023
v -0.173331 -0.466738 -0.023946
v -0.049302 -0.756214 -0.039140
v -0.071096 -0.762067 -0.086191
v -0.027970 -0.685219 -0.028187
v -0.035059 -0.691951 -0.040872
v -0.035654 -0.705306 -0.037265
v -0.061550 -0.671128 -0.066903
v -0.047140 -0.669187 -0.059603
v -0.031405 -0.624860 -0.036202
v -0.033094 -0.640205 -0.046120
v -0.055367 -1.003902 -0.058589
v -0.067466 -1.005687 -0.067613
v -0.074160 -0.998427 -0.095701
v -0.068117 -0.994754 -0.080565
v -0.072672 -1.008244 -0.084180
v -0.069639 -0.986379 -0.092691
v -0.090365 -0.985369 -0.100518
v -0.102347 -0.972098 -0.096757
v -0.057266 -0.989075 -0.079261
v -0.037885 -0.944154 -0.050229
v -0.046211 -0.965266 -0.067676
v -0.050952 -0.977750 -0.074516
v -0.049273 -0.987093 -0.068042
v -0.061874 -0.919847 -0.070529
v -0.057221 -0.909426 -0.071619
v -0.045905 -0.898260 -0.052478
v -0.101748 -0.278437 -0.121450
v -0.081090 -0.278282 -0.128998
v -0.064502 -0.278166 -0.132161
v -0.050238 -0.279268 -0.132559
v -0.069326 -0.289885 -0.131448
v -0.083144 -0.289665 -0.128805
v -0.133898 -0.294111 -0.100371
v -0.109803 -0.330192 -0.114073
v -0.169957 -0.509351 -0.016938
v -0.166676 -0.494731 -0.026716
v -0.053527 -0.829613 -0.069306
v -0.008964 -0.504902 0.018278
v -0.012419 -0.522519 0.007012
v -0.009209 -0.503207 -0.031723
v -0.020880 -0.402705 -0.064197
v -0.007848 -0.441378 -0.026866
v -0.006336 -0.454639 -0.020045
v -0.025771 -0.445290 -0.054604
v -0.012670 -0.411602 -0.044713
v -0.017268 -0.383844 -0.068739
v -0.060014 -0.308467 -0.130000
v -0.186688 -0.405843 -0.017661
v -0.176989 -0.382523 -0.039163
v -0.169314 -0.372509 -0.050487
v -0.157144 -0.378496 -0.062688
v -0.181450 -0.372348 -0.033454
v -0.009712 -0.541528 0.012049
v -0.010494 -0.557444 0.004867
v -0.005726 -0.569754 0.006321
v -0.004798 -0.581667 0.000326
v -0.011293 -0.621050 -0.011130
v -0.013783 -0.609702 -0.028835
v -0.007258 -0.603407 -0.010530
v -0.086426 -1.026647 -0.099761
v -0.087891 -1.041900 -0.098602
v -0.077731 -1.013974 -0.098198
v -0.078373 -1.033894 -0.095393
v -0.094154 -1.012583 -0.101151
v -0.091278 -0.998467 -0.100822
v -0.149875 -0.439375 -0.074676
v -0.156905 -0.431127 -0.052916
v -0.164032 -0.434290 -0.043063
v -0.157696 -0.448218 -0.050661
v -0.153745 -0.440739 -0.061152
v -0.070520 -0.749604 -0.083553
v -0.069537 -0.720134 -0.078222
v -0.065716 -0.735090 -0.077907
v -0.055969 -0.734313 -0.062125
v -0.045279 -0.720301 -0.048755
v -0.040892 -0.724193 -0.037584
v -0.048982 -0.732675 -0.050494
v -0.065918 -0.760098 -0.075323
v -0.068959 -0.785634 -0.085512
v -0.095274 -0.766211 -0.095059
v -0.053172 -0.683011 -0.064021
v -0.018839 -0.631342 -0.034852
v -0.063102 -0.638069 -0.049149
v -0.097406 -0.989704 -0.089268
v -0.079487 -0.967268 -0.094095
v -0.073912 -0.976846 -0.087467
v -0.041562 -0.958162 -0.058887
v -0.053969 -0.949833 -0.080337
v -0.064042 -0.961880 -0.086380
v -0.053897 -0.965658 -0.078691
v -0.082338 -0.943764 -0.087949
v -0.077150 -0.956587 -0.085188
v -0.096425 -0.956611 -0.088701
v -0.067710 -0.945302 -0.083213
v -0.072196 -0.923763 -0.093286
v -0.057774 -0.938112 -0.082540
v -0.064805 -0.917746 -0.084027
v -0.073693 -0.935454 -0.088650
v -0.087352 -0.930272 -0.097503
v -0.097959 -0.942090 -0.096149
v -0.110085 -0.950696 -0.094262
v -0.110786 -0.961874 -0.094650
v -0.118253 -0.949521 -0.090801
v -0.111419 -0.936427 -0.090487
v -0.124792 -0.923154 -0.089161
v -0.048380 -0.994707 -0.059796
v -0.126505 -0.281963 -0.105986
v -0.114924 -0.303973 -0.114977
v -0.122733 -0.294000 -0.109825
v -0.145055 -0.279410 -0.086914
v -0.136004 -0.277564 -0.097655
v -0.155995 -0.276799 -0.071742
v -0.154735 -0.299100 -0.076167
v -0.165685 -0.290657 -0.057488
v -0.152575 -0.286712 -0.078236
v -0.144868 -0.295054 -0.088413
v -0.081066 -0.339994 -0.122703
v -0.077682 -0.320059 -0.125108
v -0.072372 -0.309925 -0.128077
v -0.047937 -0.826894 -0.056138
v -0.048976 -0.839744 -0.059665
v -0.014414 -0.523575 -0.014997
v -0.008990 -0.498776 -0.012966
v -0.006215 -0.482370 -0.016238
v -0.007660 -0.492704 -0.024875
v -0.030151 -0.479176 -0.050440
v -0.011930 -0.474469 -0.037611
v -0.007844 -0.473270 -0.025967
v -0.011854 -0.397603 -0.057730
v -0.029990 -0.413771 -0.061855
v -0.031245 -0.429713 -0.057778
v -0.020802 -0.431413 -0.047462
v -0.036363 -0.440479 -0.065737
v -0.047818 -0.428116 -0.077186
v -0.016675 -0.444505 -0.043495
v -0.015377 -0.459788 -0.043113
v -0.020693 -0.469530 -0.049631
v -0.034711 -0.463590 -0.065342
v -0.031973 -0.452088 -0.063311
v -0.028873 -0.401689 -0.073826
v -0.182790 -0.389069 -0.030103
v -0.170370 -0.398066 -0.043821
v -0.158581 -0.411312 -0.053158
v -0.154144 -0.367827 -0.068703
v -0.150540 -0.342205 -0.078775
v -0.149362 -0.356284 -0.076970
v -0.128287 -0.348443 -0.098723
v -0.140768 -0.348256 -0.087344
v -0.141315 -0.332145 -0.091102
v -0.129207 -0.317266 -0.103257
v -0.142410 -0.396593 -0.078465
v -0.029139 -0.589968 -0.043594
v -0.010694 -0.611532 -0.017493
v -0.044482 -0.703700 -0.053342
v -0.066463 -0.773115 -0.081215
v -0.059575 -0.782669 -0.071352
v -0.083922 -0.758974 -0.091923
v -0.080666 -0.775267 -0.092769
v -0.086262 -0.796343 -0.096300
v -0.094541 -0.780615 -0.096356
v -0.078790 -0.787211 -0.093195
v -0.047803 -0.630769 -0.042018
v -0.048172 -0.642600 -0.051644
v -0.060372 -0.623898 -0.048972
v -0.088660 -0.625533 -0.070941
v -0.075850 -0.627841 -0.057941
v -0.042845 -0.619470 -0.040076
v -0.038257 -0.603453 -0.038749
v -0.060695 -0.653963 -0.061120
v -0.090739 -0.646370 -0.059203
v -0.069171 -0.599657 -0.072150
v -0.064659 -0.610354 -0.059170
v -0.025025 -0.598867 -0.030702
v -0.085041 -0.635371 -0.063183
v -0.076419 -0.643668 -0.054060
v -0.102212 -0.636838 -0.069326
v -0.076826 -0.615787 -0.067932
v -0.027881 -0.612074 -0.032818
v -0.135474 -0.623349 -0.069754
v -0.120870 -0.634372 -0.079989
v -0.113374 -0.639554 -0.072677
v -0.089893 -0.973018 -0.099531
v -0.048847 -0.942185 -0.071072
v -0.047451 -0.954109 -0.070112
v -0.110831 -0.913938 -0.096491
v -0.099724 -0.875391 -0.095818
v -0.089083 -0.906183 -0.102473
v -0.111185 -0.893132 -0.098596
v -0.083318 -0.917688 -0.099946
v -0.078272 -0.909441 -0.090966
v -0.078831 -0.887551 -0.098610
v -0.070408 -0.897362 -0.089277
v -0.097439 -0.915205 -0.095377
v -0.101366 -0.902809 -0.100269
v -0.115699 -0.903614 -0.100110
v -0.127147 -0.889148 -0.097801
v -0.116435 -0.877817 -0.097256
v -0.133417 -0.871289 -0.091750
v -0.141426 -0.861992 -0.087573
v -0.108648 -0.291838 -0.118759
v -0.096093 -0.307528 -0.123185
v -0.144035 -0.267140 -0.086739
v -0.172135 -0.288288 -0.044033
v -0.166304 -0.313138 -0.058950
v -0.064535 -0.337003 -0.121861
v -0.066054 -0.355204 -0.119717
v -0.066564 -0.325330 -0.125258
v -0.093242 -0.327761 -0.120853
v -0.103268 -0.318817 -0.118566
v -0.117114 -0.318349 -0.112378
v -0.015051 -0.528850 -0.004008
v -0.017032 -0.536537 -0.015584
v -0.018134 -0.554771 -0.013571
v -0.011760 -0.521713 -0.034382
v -0.012824 -0.512978 -0.004431
v -0.009500 -0.495925 -0.001255
v -0.010450 -0.510727 -0.019347
v -0.020104 -0.490436 -0.038535
v -0.010105 -0.485626 -0.033891
v -0.051325 -0.514283 -0.055131
v -0.038313 -0.498901 -0.048850
v -0.030807 -0.490373 -0.045909
v -0.025101 -0.506234 -0.039246
v -0.037728 -0.514265 -0.046167
v -0.042715 -0.534644 -0.054446
v -0.044533 -0.523496 -0.051342
v -0.038897 -0.423373 -0.068484
v -0.089332 -0.444125 -0.101373
v -0.053784 -0.408797 -0.094264
v -0.040262 -0.400864 -0.085901
v -0.055050 -0.390380 -0.090785
v -0.165250 -0.386363 -0.052493
v -0.153585 -0.396416 -0.062395
v -0.161407 -0.400062 -0.052676
v -0.163226 -0.421445 -0.046072
v -0.149323 -0.420941 -0.069321
v -0.150596 -0.408372 -0.064274
v -0.137413 -0.307621 -0.097287
v -0.128159 -0.332809 -0.101627
v -0.146712 -0.383716 -0.072924
v -0.079660 -0.660664 -0.068368
v -0.154118 -0.660476 -0.075868
v -0.107219 -0.608605 -0.070512
v -0.090400 -0.608866 -0.080056
v -0.104525 -0.622602 -0.080124
v -0.118760 -0.619947 -0.071633
v -0.138110 -0.882019 -0.087075
v -0.168925 -0.302633 -0.052802
v -0.054144 -0.356320 -0.114694
v -0.074887 -0.370769 -0.112168
v -0.020401 -0.572123 -0.032307
v -0.015712 -0.586421 -0.034408
v -0.014783 -0.528669 -0.025740
v -0.067212 -0.483030 -0.069885
v -0.023432 -0.534113 -0.045193
v -0.062959 -0.442289 -0.092009
v -0.047752 -0.414591 -0.083778
v -0.058001 -0.426853 -0.088587
v -0.075013 -0.424964 -0.102187
v -0.065403 -0.430955 -0.096564
v -0.075493 -0.440796 -0.097892
v -0.063554 -0.417330 -0.098982
v -0.075090 -0.465066 -0.088164
v -0.078410 -0.405442 -0.107942
v -0.071600 -0.452499 -0.092256
v -0.056192 -0.457600 -0.083198
v -0.064013 -0.399418 -0.097666
v -0.059419 -0.377911 -0.098265
v -0.043024 -0.387843 -0.084410
v -0.154130 -0.421232 -0.057993
v -0.140520 -0.426169 -0.088350
v -0.073668 -0.652462 -0.061306
v -0.067711 -0.661462 -0.066335
v -0.086246 -0.689428 -0.080524
v -0.069573 -0.685381 -0.072996
v -0.073388 -0.702696 -0.077753
v -0.081970 -0.674755 -0.075650
v -0.112512 -0.673422 -0.083420
v -0.098392 -0.664170 -0.074315
v -0.097133 -0.677711 -0.081023
v -0.136404 -0.649963 -0.074102
v -0.079198 -0.606421 -0.075098
v -0.086093 -0.358725 -0.121359
v -0.099437 -0.345464 -0.118072
v -0.017252 -0.566794 -0.019513
v -0.010765 -0.579414 -0.018227
v -0.022284 -0.555224 -0.032405
v -0.027830 -0.563070 -0.054763
v -0.018137 -0.545263 -0.040501
v -0.024876 -0.563541 -0.041857
v -0.022852 -0.576853 -0.045781
v -0.047425 -0.479817 -0.062793
v -0.014522 -0.532030 -0.037712
v -0.025201 -0.520777 -0.041327
v -0.053751 -0.439471 -0.082679
v -0.103347 -0.420354 -0.108950
v -0.088616 -0.387721 -0.116775
v -0.045685 -0.461844 -0.074885
v -0.057475 -0.471520 -0.075094
v -0.069625 -0.474068 -0.079741
v -0.109907 -0.499324 -0.085136
v -0.088918 -0.488677 -0.080157
v -0.048554 -0.371740 -0.095628
v -0.146939 -0.428785 -0.078261
v -0.142609 -0.411738 -0.081925
v -0.127092 -0.462607 -0.098208
v -0.154411 -0.476882 -0.075451
v -0.152597 -0.459244 -0.067069
v -0.158675 -0.488921 -0.051832
v -0.156511 -0.461268 -0.053375
v -0.158903 -0.474715 -0.046947
v -0.155017 -0.472639 -0.061213
v -0.162218 -0.487544 -0.038045
v -0.163608 -0.502762 -0.043401
v -0.160976 -0.507366 -0.070403
v -0.160905 -0.500986 -0.057503
v -0.156446 -0.490309 -0.067740
v -0.169890 -0.518143 -0.055466
v -0.065511 -0.695930 -0.072894
v -0.113486 -0.661874 -0.074402
v -0.131743 -0.666298 -0.083294
v -0.124812 -0.656776 -0.071361
v -0.092112 -0.655756 -0.066831
v -0.137735 -0.635822 -0.078518
v -0.152572 -0.644503 -0.078517
v -0.161801 -0.648200 -0.054409
v -0.164138 -0.650855 -0.069522
v -0.166225 -0.631124 -0.065615
v -0.150519 -0.629271 -0.070936
v -0.151076 -0.613357 -0.055592
v -0.146569 -0.620710 -0.064580
v -0.128149 -0.603362 -0.056973
v -0.119364 -0.609804 -0.064465
v -0.077236 -0.350754 -0.122054
v -0.075123 -0.362305 -0.119819
v -0.115060 -0.345793 -0.109808
v -0.118829 -0.377616 -0.107819
v -0.120621 -0.361196 -0.105781
v -0.103779 -0.366922 -0.116090
v -0.132081 -0.372315 -0.093113
v -0.137271 -0.384237 -0.085824
v -0.133298 -0.359388 -0.092373
v -0.135007 -0.397683 -0.091929
v -0.121539 -0.395876 -0.106168
v -0.128693 -0.385412 -0.098239
v -0.107396 -0.355091 -0.114613
v -0.030742 -0.546757 -0.053501
v -0.022631 -0.553587 -0.047552
v -0.037211 -0.555709 -0.060107
v -0.048118 -0.580905 -0.066088
v -0.039421 -0.569401 -0.062199
v -0.034671 -0.581274 -0.054351
v -0.047279 -0.595698 -0.054680
v -0.055245 -0.604135 -0.054818
v -0.037203 -0.474352 -0.059923
v -0.054417 -0.496275 -0.060534
v -0.087682 -0.417852 -0.108466
v -0.087670 -0.431152 -0.104831
v -0.098152 -0.403139 -0.113094
v -0.123435 -0.431384 -0.103022
v -0.088033 -0.373353 -0.120137
v -0.079443 -0.382040 -0.109996
v -0.139477 -0.446823 -0.092278
v -0.159846 -0.524265 -0.068876
v -0.147890 -0.561338 -0.056299
v -0.165294 -0.572599 -0.040853
v -0.170988 -0.544215 -0.054417
v -0.151383 -0.543235 -0.067111
v -0.168538 -0.531723 -0.059700
v -0.179187 -0.531758 -0.042498
v -0.152214 -0.532623 -0.071347
v -0.134651 -0.697850 -0.083767
v -0.110722 -0.695675 -0.086251
v -0.107488 -0.684637 -0.084481
v -0.124400 -0.684810 -0.082729
v -0.142262 -0.658731 -0.081777
v -0.164414 -0.632615 -0.047695
v -0.160667 -0.644972 -0.039205
v -0.174594 -0.622956 -0.030449
v -0.159842 -0.641075 -0.027193
v -0.170764 -0.623919 -0.041945
v -0.162780 -0.620665 -0.059565
v -0.104581 -0.382878 -0.114951
v -0.117124 -0.410909 -0.107425
v -0.110721 -0.400983 -0.110755
v -0.115443 -0.423853 -0.106968
v -0.105578 -0.437215 -0.105130
v -0.106378 -0.456644 -0.100701
v -0.056849 -0.592989 -0.066268
v -0.045243 -0.489425 -0.053739
v -0.047199 -0.503941 -0.054113
v -0.077985 -0.510674 -0.066717
v -0.058126 -0.485606 -0.062889
v -0.086764 -0.398920 -0.113582
v -0.132252 -0.423088 -0.098128
v -0.124964 -0.446739 -0.100792
v -0.144103 -0.464855 -0.087663
v -0.158745 -0.551883 -0.057759
v -0.160664 -0.563098 -0.050080
v -0.174226 -0.562137 -0.044473
v -0.174270 -0.521453 -0.044849
v -0.181310 -0.546013 -0.042787
v -0.185864 -0.547346 -0.030092
v -0.182832 -0.532663 -0.029032
v -0.093158 -0.708481 -0.085648
v -0.174286 -0.623423 -0.014184
v -0.182604 -0.601843 -0.037460
v -0.190907 -0.595131 -0.027503
v -0.089683 -0.460196 -0.096321
v -0.088467 -0.475163 -0.089958
v -0.080271 -0.479974 -0.081527
v -0.101888 -0.485782 -0.090983
v -0.127031 -0.485996 -0.095141
v -0.145782 -0.493794 -0.085659
v -0.102816 -0.471321 -0.096114
v -0.114305 -0.490920 -0.093954
v -0.069951 -0.497580 -0.065172
v -0.063628 -0.510088 -0.062868
v -0.068932 -0.535103 -0.065878
v -0.057942 -0.527658 -0.058350
v -0.070491 -0.521836 -0.064607
v -0.055086 -0.540546 -0.062484
v -0.083485 -0.498177 -0.071193
v -0.097826 -0.512392 -0.074160
v -0.087074 -0.529204 -0.073355
v -0.077661 -0.488063 -0.073027
v -0.112474 -0.447007 -0.102945
v -0.137199 -0.457942 -0.093942
v -0.152108 -0.465813 -0.077905
v -0.097144 -0.696307 -0.084363
v -0.084937 -0.701031 -0.082007
v -0.119979 -0.723583 -0.089410
v -0.134383 -0.474501 -0.093892
v -0.129587 -0.506203 -0.092406
v -0.155541 -0.498421 -0.077654
v -0.144998 -0.510246 -0.083051
v -0.153630 -0.515861 -0.075714
v -0.097978 -0.499198 -0.077984
v -0.087412 -0.517743 -0.070442
v -0.112838 -0.555884 -0.079559
v -0.148487 -0.451998 -0.081705
v -0.109967 -0.711158 -0.087901
v -0.097525 -0.729481 -0.090324
v -0.125802 -0.709276 -0.087464
v -0.099399 -0.717906 -0.088580
v -0.084200 -0.721494 -0.084987
v -0.137584 -0.725257 -0.064259
v -0.085472 -0.733479 -0.087479
v -0.135435 -0.711274 -0.073407
v -0.075258 -0.729237 -0.082407
v -0.128070 -0.724673 -0.076475
v -0.145068 -0.711874 -0.060798
v -0.145085 -0.697826 -0.071053
v -0.123444 -0.752364 -0.088452
v -0.155695 -0.729724 -0.042896
v -0.157481 -0.679891 -0.066394
v -0.167614 -0.665701 -0.058272
v -0.120654 -0.737630 -0.082409
v -0.147572 -0.723380 -0.052780
v -0.158787 -0.711364 -0.043469
v -0.144159 -0.681894 -0.080575
v -0.153354 -0.691011 -0.065224
v -0.164608 -0.661836 -0.040822
v -0.111332 -0.734806 -0.093263
v -0.136880 -0.747477 -0.069761
v -0.148115 -0.741682 -0.054726
v -0.171618 -0.685179 -0.043136
v -0.163973 -0.686601 -0.054856
v -0.173492 -0.685383 -0.026567
v -0.165930 -0.666713 -0.027140
v -0.168636 -0.674230 -0.037701
v -0.132147 -0.735598 -0.070610
v -0.128365 -0.746238 -0.078600
v -0.152123 -0.763661 -0.060663
v -0.160952 -0.762043 -0.049774
v -0.158059 -0.748539 -0.047078
v -0.174503 -0.695573 -0.034318
v -0.158455 -0.773623 -0.056224
v -0.145489 -0.480083 -0.086600
v -0.134689 -0.495430 -0.091883
v -0.115918 -0.518182 -0.082016
v -0.132569 -0.553746 -0.069919
v -0.081103 -0.556967 -0.081647
v -0.085707 -0.582484 -0.071007
v -0.080362 -0.592402 -0.080009
v -0.065905 -0.575577 -0.079934
v -0.058471 -0.582644 -0.072650
v -0.167303 -0.723116 -0.028455
v -0.165414 -0.736570 -0.033495
v -0.173466 -0.714559 -0.023100
v -0.159962 -0.667748 -0.067735
v -0.132975 -0.677023 -0.082011
v -0.164704 -0.698222 -0.046063
v -0.145715 -0.753044 -0.062734
v -0.119117 -0.507598 -0.085681
v -0.108622 -0.509271 -0.078827
v -0.101438 -0.526150 -0.081249
v -0.093791 -0.542924 -0.083098
v -0.117728 -0.537627 -0.085957
v -0.131419 -0.522783 -0.088629
v -0.132943 -0.535635 -0.081473
v -0.125339 -0.546795 -0.079275
v -0.143957 -0.552858 -0.064574
v -0.117718 -0.576827 -0.059689
v -0.111791 -0.593819 -0.061943
v -0.125167 -0.588655 -0.056039
v -0.135113 -0.574301 -0.053077
v -0.150156 -0.574296 -0.046429
v -0.143722 -0.593557 -0.046742
v -0.101762 -0.580849 -0.065428
v -0.135220 -0.563278 -0.060978
v -0.135772 -0.585489 -0.050246
v -0.109694 -0.568517 -0.070649
v -0.122752 -0.563472 -0.068283
v -0.096239 -0.595696 -0.070431
v -0.097118 -0.562822 -0.080635
v -0.101610 -0.551722 -0.081933
v -0.084668 -0.570677 -0.079449
v -0.095864 -0.573025 -0.073196
v -0.079277 -0.542948 -0.074684
v -0.064189 -0.549982 -0.072142
v -0.056911 -0.564063 -0.073508
v -0.069215 -0.563461 -0.079600
v -0.105139 -0.537368 -0.084582
v -0.139695 -0.543673 -0.073335
v -0.141093 -0.605128 -0.052348
v -0.135244 -0.613282 -0.061273
v -0.080902 -0.189003 -0.103617
v -0.069908 -0.181772 -0.101674
v -0.081064 -0.199760 -0.109205
v -0.063170 -0.189920 -0.105902
v -0.171907 -0.272215 -0.042980
v -0.136570 -0.795111 -0.084768
v -0.187336 -0.333815 -0.018341
v -0.190866 -0.342728 -0.009688
v -0.184670 -0.320955 -0.020736
v -0.181649 -0.339646 -0.033827
v -0.042610 -0.176252 -0.101064
v -0.134372 -1.040868 -0.064533
v -0.131759 -1.048088 -0.054327
v -0.066768 -1.045325 -0.056143
v -0.129516 -0.952352 -0.084859
v -0.151476 -0.949381 -0.072870
v -0.137586 -0.933839 -0.083457
v -0.063029 -0.811510 -0.080725
v -0.055147 -0.715975 -0.065458
v -0.051481 -0.706682 -0.062241
v -0.060148 -0.725749 -0.070835
v -0.063712 -0.710224 -0.073605
v -0.163186 -0.343314 -0.063046
v -0.156967 -0.353077 -0.068836
v -0.168570 -0.330240 -0.055708
v -0.157758 -0.324015 -0.072285
v -0.150659 -0.329644 -0.081488
v -0.157890 -0.335441 -0.071714
v -0.158681 -0.311147 -0.070945
v -0.111390 -0.829283 -0.097819
v -0.121592 -0.850650 -0.094930
v -0.130493 -0.859438 -0.094312
v -0.110765 -0.863062 -0.097072
v -0.122009 -0.868583 -0.097026
v -0.103229 -0.846181 -0.095752
v -0.115034 -0.840669 -0.095552
v -0.134061 -0.828836 -0.090227
v -0.089457 -0.829869 -0.098684
v -0.100296 -0.835005 -0.098862
v -0.075799 -0.862177 -0.096880
v -0.094596 -0.888677 -0.098322
v -0.184340 -0.612641 -0.027533
v -0.182225 -0.614833 -0.041076
v -0.171230 -0.588203 -0.033370
v -0.175942 -0.576495 -0.034354
v -0.161948 -0.603283 -0.042024
v -0.171622 -0.597590 -0.038388
v -0.156539 -0.586786 -0.040016
v -0.118002 -0.474344 -0.098136
v -0.114533 -0.769941 -0.090137
v -0.124176 -0.784884 -0.091196
v -0.140786 -0.773289 -0.077935
v -0.150053 -0.777626 -0.068180
v -0.135112 -0.759823 -0.079473
v -0.143654 -0.785778 -0.078368
v -0.143411 -0.763179 -0.071151
v -0.129432 -0.770778 -0.086852
v -0.148707 -0.801105 -0.075926
v -0.139005 -0.812152 -0.084761
v -0.150303 -0.821559 -0.077771
v -0.150895 -0.790462 -0.070831
v -0.119609 -0.806073 -0.094246
v -0.150818 -0.836138 -0.078842
v -0.130620 -0.804627 -0.088761
v -0.117439 -0.794618 -0.094607
v -0.108036 -0.756142 -0.093455
v -0.094928 -0.750247 -0.093141
v -0.114558 -0.745717 -0.092652
v -0.168212 -0.707948 -0.033276
v -0.053633 -0.811299 -0.066014
v -0.060879 -0.824801 -0.080572
v -0.071339 -0.800832 -0.089749
v -0.062659 -0.796090 -0.079373
v -0.074551 -0.816594 -0.093370
v -0.078293 -0.827280 -0.095943
v -0.091584 -0.812753 -0.098405
v -0.100291 -0.800594 -0.097768
v -0.134707 -0.842550 -0.090360
v -0.071155 -0.875890 -0.094969
v -0.085573 -0.876227 -0.095170
v -0.086092 -0.846774 -0.097683
v -0.069833 -0.847515 -0.091083
v -0.057487 -0.844741 -0.076154
v -0.091958 -0.861550 -0.096438
v -0.077358 -0.838838 -0.095266
v -0.060767 -0.863385 -0.083645
v -0.052325 -0.852399 -0.065993
v -0.055918 -0.873573 -0.075454
v -0.122899 -0.820490 -0.095112
v -0.123257 -0.832729 -0.095531
v -0.106788 -0.815095 -0.098307
v -0.157680 -0.842845 0.008734
v -0.150132 -0.846023 0.028715
v -0.139028 -0.850930 0.042176
v -0.128177 -0.851510 0.059328
v -0.111312 -0.853069 0.066666
v -0.093354 -0.853017 0.071328
v -0.074461 -0.851376 0.071834
v -0.057258 -0.850951 0.063079
v -0.046277 -0.848660 0.047413
v -0.050049 -0.850573 0.027601
v -0.044210 -0.848959 0.010043
v -0.011703 -0.627906 0.035090
v -0.016641 -0.630553 0.054855
v -0.026037 -0.633037 0.072225
v -0.038277 -0.634351 0.088033
v -0.054484 -0.635298 0.099427
v -0.072413 -0.635861 0.107261
v -0.092066 -0.635114 0.111137
v -0.112210 -0.634128 0.110187
v -0.131681 -0.632188 0.105137
v -0.150026 -0.629687 0.096640
v -0.164061 -0.626221 0.082864
v -0.168040 -0.621930 0.063354
v -0.161177 -0.617621 0.044320
v -0.129511 -0.780437 0.071624
v -0.153441 -0.814218 0.029642
v -0.171793 -0.658367 0.061235
v -0.160962 -0.622506 0.032735
v -0.166093 -0.639848 0.048314
v -0.057919 -0.790055 0.060193
v -0.039814 -0.822772 0.025916
v -0.046896 -0.706114 0.079609
v -0.015934 -0.652685 0.038603
v -0.011912 -0.634087 0.023835
v -0.158019 -0.762838 0.046079
v -0.117842 -0.815856 0.074285
v -0.163077 -0.813869 0.011786
v -0.153220 -0.829638 0.024534
v -0.172235 -0.656534 0.040316
v -0.170381 -0.692675 0.055085
v -0.163585 -0.640108 0.034135
v -0.051330 -0.819772 0.060311
v -0.035063 -0.789249 0.034188
v -0.043324 -0.838369 0.021654
v -0.035358 -0.822213 0.009498
v -0.025847 -0.705301 0.046196
v -0.016547 -0.669467 0.029256
v -0.014091 -0.651621 0.023970
v -0.170774 -0.761192 0.029226
v -0.134095 -0.829250 0.058958
v -0.101932 -0.831529 0.077040
v -0.163427 -0.792376 0.027599
v -0.161655 -0.827058 0.010205
v -0.177178 -0.690972 0.036514
v -0.165585 -0.727859 0.048933
v -0.050478 -0.835806 0.059003
v -0.030510 -0.788139 0.016259
v -0.032190 -0.755823 0.040388
v -0.038493 -0.837164 0.007233
v -0.020767 -0.703486 0.026791
v -0.175869 -0.759921 0.018230
v -0.173844 -0.743635 0.028934
v -0.134041 -0.842303 0.054403
v -0.119710 -0.836300 0.069271
v -0.142262 -0.826398 0.039457
v -0.102180 -0.844398 0.072390
v -0.083620 -0.837053 0.076735
v -0.169820 -0.795362 0.014712
v -0.160364 -0.805031 0.023018
v -0.170093 -0.778729 0.020562
v -0.052154 -0.836329 0.038548
v -0.033979 -0.805335 0.023303
v -0.030359 -0.771039 0.027287
v -0.024964 -0.738418 0.027983
v -0.146824 -0.835222 0.034099
v -0.064221 -0.829539 0.072664
v -0.160806 -0.777697 0.037767
v -0.033655 -0.810292 0.010489
v -0.031869 -0.781781 0.026053
v -0.028007 -0.771057 0.012988
v -0.025958 -0.754911 0.021344
v -0.024409 -0.737167 0.014635
v -0.064675 -0.841902 0.070163
v -0.164739 -0.766322 0.038215
v -0.147541 -0.796221 0.048803
v -0.155856 -0.798210 0.038244
v -0.148088 -0.777821 0.053863
v -0.158319 -0.650757 0.083984
v -0.170065 -0.639864 0.070464
v -0.163076 -0.628066 0.052027
v -0.161952 -0.631098 0.040600
v -0.034890 -0.670217 0.074248
v -0.085676 -0.683786 0.103517
v -0.014709 -0.639637 0.043220
v -0.023392 -0.653065 0.061410
v -0.018364 -0.649086 0.050285
v -0.013426 -0.642942 0.031631
v -0.171256 -0.650504 0.051122
v -0.174282 -0.674387 0.049656
v -0.176233 -0.673462 0.033444
v -0.172655 -0.709457 0.043694
v -0.178105 -0.708114 0.029215
v -0.175515 -0.725843 0.031996
v -0.018639 -0.686452 0.026079
v -0.023907 -0.681550 0.051262
v -0.020335 -0.665604 0.049067
v -0.021375 -0.694885 0.037771
v -0.019452 -0.679397 0.038417
v -0.026180 -0.666447 0.062895
v -0.166558 -0.751234 0.040477
v -0.154556 -0.744304 0.057778
v -0.168925 -0.738194 0.041611
v -0.113270 -0.826620 0.074379
v -0.050882 -0.818696 0.040310
v -0.052466 -0.826864 0.049006
v -0.041814 -0.811733 0.032278
v -0.050669 -0.800783 0.045462
v -0.051171 -0.810918 0.051853
v -0.038859 -0.773612 0.048231
v -0.024231 -0.720926 0.035404
v -0.022928 -0.724930 0.020935
v -0.065562 -0.805561 0.078428
v -0.027822 -0.748744 0.031837
v -0.029457 -0.761319 0.030390
v -0.144547 -0.811489 0.043195
v -0.134283 -0.804807 0.064931
v -0.153457 -0.785787 0.044718
v -0.139340 -0.789376 0.060911
v -0.141911 -0.647567 0.097019
v -0.157947 -0.637535 0.087861
v -0.169250 -0.629329 0.072784
v -0.166843 -0.652202 0.072817
v -0.158185 -0.678094 0.075859
v -0.159959 -0.663922 0.078947
v -0.138270 -0.672227 0.092403
v -0.148027 -0.660831 0.088816
v -0.149018 -0.672979 0.084322
v -0.047365 -0.657114 0.090542
v -0.083439 -0.658944 0.106491
v -0.021492 -0.640452 0.062033
v -0.032798 -0.649293 0.077843
v -0.174235 -0.662990 0.050697
v -0.174802 -0.685298 0.046672
v -0.174118 -0.698130 0.045603
v -0.159870 -0.710711 0.063318
v -0.138194 -0.701689 0.084127
v -0.141095 -0.686743 0.086285
v -0.114069 -0.691869 0.099170
v -0.129151 -0.692917 0.093283
v -0.123989 -0.678752 0.098660
v -0.104015 -0.674837 0.104648
v -0.125135 -0.659504 0.102307
v -0.137045 -0.659126 0.096426
v -0.171961 -0.720467 0.042379
v -0.145049 -0.760706 0.062513
v -0.039949 -0.800581 0.037414
v -0.056137 -0.748038 0.079564
v -0.044913 -0.787218 0.051107
v -0.022990 -0.710215 0.036187
v -0.037860 -0.726532 0.062194
v -0.032452 -0.739058 0.048353
v -0.021605 -0.713418 0.019927
v -0.061125 -0.816863 0.071895
v -0.085132 -0.817363 0.082137
v -0.101897 -0.815113 0.081179
v -0.072498 -0.820412 0.078380
v -0.111237 -0.792943 0.082978
v -0.110919 -0.805806 0.080603
v -0.123512 -0.799240 0.075047
v -0.121956 -0.787825 0.077970
v -0.096994 -0.755366 0.093930
v -0.114134 -0.768758 0.086003
v -0.089222 -0.797533 0.087286
v -0.092133 -0.808679 0.084544
v -0.135743 -0.817303 0.053929
v -0.129039 -0.819344 0.066824
v -0.141795 -0.636775 0.100127
v -0.168406 -0.672644 0.064377
v -0.164584 -0.685229 0.066020
v -0.152873 -0.694543 0.075756
v -0.161240 -0.697944 0.065648
v -0.147785 -0.709685 0.073689
v -0.149749 -0.727808 0.067955
v -0.046551 -0.644270 0.092474
v -0.064086 -0.652749 0.101033
v -0.082745 -0.645382 0.108771
v -0.103204 -0.652151 0.108458
v -0.038772 -0.660369 0.081463
v -0.167725 -0.704917 0.054554
v -0.099874 -0.688449 0.102998
v -0.097289 -0.722232 0.097862
v -0.102503 -0.705942 0.099455
v -0.121596 -0.712035 0.092420
v -0.076036 -0.706720 0.097804
v -0.108989 -0.716602 0.095937
v -0.122758 -0.740921 0.085398
v -0.110853 -0.731971 0.092882
v -0.114576 -0.703529 0.096733
v -0.089402 -0.711236 0.099671
v -0.086455 -0.697226 0.102258
v -0.125258 -0.725939 0.087768
v -0.108669 -0.746459 0.090981
v -0.135642 -0.716518 0.081351
v -0.135897 -0.734644 0.075545
v -0.120198 -0.755481 0.084546
v -0.091528 -0.739003 0.095975
v -0.078341 -0.724499 0.097218
v -0.144658 -0.741084 0.067136
v -0.109004 -0.758662 0.089789
v -0.127173 -0.766832 0.076438
v -0.134177 -0.752564 0.073621
v -0.137126 -0.770476 0.067529
v -0.090293 -0.671157 0.106580
v -0.116418 -0.669223 0.103039
v -0.123033 -0.644719 0.106307
v -0.153157 -0.755880 0.054492
v -0.150717 -0.767222 0.054243
v -0.044200 -0.756804 0.061968
v -0.030446 -0.718669 0.050833
v -0.034741 -0.706686 0.063946
v -0.028906 -0.728811 0.043736
v -0.089523 -0.828035 0.079456
v -0.159086 -0.723139 0.059413
v -0.063931 -0.641736 0.103054
v -0.069240 -0.671650 0.100460
v -0.102797 -0.640496 0.110723
v -0.075064 -0.750437 0.093587
v -0.061138 -0.716473 0.089159
v -0.038443 -0.762090 0.050680
v -0.041977 -0.741790 0.062615
v -0.049042 -0.732589 0.075585
v -0.048916 -0.748997 0.070329
v -0.044554 -0.718664 0.073856
v -0.053766 -0.722871 0.082538
v -0.028702 -0.694271 0.057579
v -0.031146 -0.682398 0.066032
v -0.044903 -0.686911 0.081422
v -0.048131 -0.672480 0.087880
v -0.057472 -0.665484 0.096185
v -0.059975 -0.686221 0.094000
v -0.072966 -0.690814 0.098912
v -0.072011 -0.661331 0.102966
v -0.086781 -0.748579 0.095197
v -0.076910 -0.737999 0.095148
v -0.065305 -0.729843 0.089459
v -0.058203 -0.737807 0.083277
v -0.071093 -0.716291 0.094851
v -0.038843 -0.695378 0.072713
v -0.061439 -0.701452 0.092337
v -0.051396 -0.696784 0.085800
v -0.055862 -0.802713 0.065231
v -0.069318 -0.784821 0.082735
v -0.092023 -0.776062 0.091653
v -0.050230 -0.773494 0.064310
v -0.062454 -0.780358 0.069729
v -0.060002 -0.764922 0.077675
v -0.051674 -0.763404 0.069385
v -0.065145 -0.756261 0.086196
v -0.078289 -0.765340 0.093733
v -0.090666 -0.764888 0.093201
v -0.077624 -0.777556 0.091518
v -0.069367 -0.773734 0.080715
v -0.074488 -0.796828 0.085991
v -0.062312 -0.793976 0.074386
v -0.107061 -0.780035 0.087700
v -0.102522 -0.770359 0.089786
v -0.098373 -0.789852 0.087623
v -0.002597 -0.434001 0.046979
v -0.001691 -0.426530 0.065715
v -0.000098 -0.416946 0.083253
v 0.000284 -0.403501 0.098882
v 0.000839 -0.390598 0.114985
v 0.000975 -0.377669 0.131594
v 0.000987 -0.361761 0.144437
v 0.006022 -0.342492 0.152655
v 0.011706 -0.341193 0.152323
v 0.030448 -0.332390 0.148763
v 0.043416 -0.317505 0.144911
v 0.043179 -0.298221 0.145475
v 0.042001 -0.278312 0.146676
v 0.041518 -0.258614 0.147471
v 0.041484 -0.238690 0.149551
v 0.041136 -0.219310 0.152654
v 0.040996 -0.200244 0.156585
v 0.011673 -0.339959 0.152823
v -0.093850 -0.179544 0.138624
v -0.093513 -0.184333 0.138255
v -0.092679 -0.189187 0.138480
v -0.091586 -0.193768 0.138604
v -0.091197 -0.198613 0.138285
v -0.090901 -0.203516 0.138406
v -0.090403 -0.208246 0.138417
v -0.089418 -0.213058 0.138685
v -0.088574 -0.217736 0.138674
v -0.088319 -0.222649 0.138596
v -0.087863 -0.227433 0.138492
v -0.087158 -0.232237 0.138635
v -0.086311 -0.236851 0.138536
v -0.085694 -0.241772 0.138134
v -0.085346 -0.246570 0.138264
v -0.084915 -0.251441 0.138318
v -0.084190 -0.256165 0.138165
v -0.083639 -0.260893 0.138183
v -0.083149 -0.265794 0.138226
v -0.082802 -0.270547 0.138253
v -0.082375 -0.275425 0.138391
v -0.082089 -0.280221 0.138393
v -0.081606 -0.285021 0.138255
v -0.081220 -0.289773 0.138244
v -0.080723 -0.294568 0.138115
v -0.080597 -0.299364 0.138484
v -0.080292 -0.304184 0.138664
v -0.079887 -0.309069 0.138733
v -0.079623 -0.313812 0.138839
v -0.079387 -0.318613 0.138649
v -0.079017 -0.323255 0.138303
v -0.078644 -0.328053 0.138322
v -0.078354 -0.332881 0.138403
v -0.078078 -0.337821 0.138386
v -0.077850 -0.342717 0.138218
v -0.077899 -0.347366 0.138204
v -0.077640 -0.352152 0.138480
v -0.077345 -0.357038 0.138923
v -0.077401 -0.361746 0.139425
v -0.077458 -0.366423 0.139991
v -0.077533 -0.371129 0.140533
v -0.077499 -0.375675 0.141119
v -0.077400 -0.380484 0.141795
v -0.080584 -0.384298 0.140653
v -0.083810 -0.387823 0.139673
v -0.087121 -0.391200 0.138561
v -0.090604 -0.394672 0.137365
v -0.093757 -0.398085 0.136332
v -0.097059 -0.401468 0.135446
v -0.099957 -0.405043 0.134579
v -0.102965 -0.408780 0.133833
v -0.106161 -0.412220 0.133092
v -0.109724 -0.415653 0.132181
v -0.114247 -0.416109 0.130317
v -0.119038 -0.416098 0.128121
v -0.123992 -0.416030 0.125843
v -0.128907 -0.415921 0.123467
v -0.133548 -0.416088 0.121386
v -0.137963 -0.416259 0.119880
v -0.142524 -0.416629 0.118777
v -0.146623 -0.416626 0.115945
v -0.150421 -0.416753 0.112599
v -0.154437 -0.416700 0.108941
v -0.158362 -0.416652 0.105456
v -0.162087 -0.416487 0.101911
v -0.165511 -0.416817 0.098905
v -0.168978 -0.417113 0.096038
v -0.172136 -0.417360 0.092634
v -0.174318 -0.417410 0.088310
v -0.176799 -0.417496 0.083824
v -0.179106 -0.417522 0.078964
v -0.181434 -0.417487 0.074079
v -0.183759 -0.417513 0.069427
v -0.185547 -0.417836 0.065331
v -0.187325 -0.417959 0.061386
v -0.189206 -0.418080 0.057275
v -0.189671 -0.418146 0.052595
v -0.190253 -0.418058 0.047404
v -0.190945 -0.418119 0.041914
v -0.192756 -0.418370 0.036503
v -0.165328 -0.480076 0.092314
v -0.168999 -0.347474 0.097406
v -0.156274 -0.254987 0.098713
v -0.039364 -0.236017 0.153679
v -0.043890 -0.467294 0.123521
v -0.038519 -0.351763 0.148116
v -0.039424 -0.416015 0.132794
v -0.034998 -0.293768 0.149956
v -0.184411 -0.377013 0.070811
v -0.160924 -0.381380 0.103764
v -0.126010 -0.349515 0.124739
v -0.120561 -0.252006 0.119435
v -0.075169 -0.441520 0.131288
v -0.125596 -0.382976 0.124527
v -0.176371 -0.228703 0.065484
v -0.184530 -0.227617 0.042530
v -0.173266 -0.189592 0.049212
v -0.175116 -0.189346 0.031685
v -0.170677 -0.177438 0.039230
v -0.156903 -0.559678 0.097281
v -0.174376 -0.593699 0.058763
v -0.186417 -0.443564 0.056788
v -0.170946 -0.608527 0.038079
v -0.165062 -0.604977 0.052781
v -0.178341 -0.595885 0.043098
v -0.116077 -0.197680 0.125583
v 0.026399 -0.292988 0.149706
v 0.024693 -0.241171 0.154168
v 0.024557 -0.224152 0.156938
v -0.016200 -0.206040 0.162697
v 0.024474 -0.258279 0.152610
v -0.186904 -0.477772 0.065260
v -0.188465 -0.334335 0.065068
v -0.183510 -0.268784 0.067335
v -0.019391 -0.258535 0.155131
v -0.014934 -0.312077 0.154405
v -0.192555 -0.369057 0.050597
v -0.115344 -0.399153 0.127846
v -0.101338 -0.372911 0.129830
v -0.158996 -0.200197 0.085098
v -0.161853 -0.182557 0.064956
v -0.169854 -0.527703 0.072688
v -0.166268 -0.560706 0.060614
v -0.190121 -0.444130 0.043033
v -0.185444 -0.461806 0.051798
v -0.189882 -0.432019 0.050229
v -0.176872 -0.576123 0.047937
v -0.115117 -0.183351 0.126101
v -0.128128 -0.188788 0.108475
v -0.103257 -0.191672 0.128841
v 0.033918 -0.248991 0.150877
v -0.001536 -0.206793 0.163823
v -0.009954 -0.193657 0.166212
v -0.008734 -0.224409 0.160550
v 0.025122 -0.275665 0.151052
v -0.188201 -0.478646 0.048064
v -0.192744 -0.334406 0.044876
v -0.187719 -0.251896 0.047464
v -0.189988 -0.284214 0.049314
v -0.003237 -0.258908 0.156394
v -0.006174 -0.241692 0.158047
v -0.011064 -0.278765 0.154241
v -0.000104 -0.311826 0.154677
v -0.005017 -0.295267 0.153941
v -0.007714 -0.328036 0.155046
v -0.195426 -0.369259 0.037426
v -0.192272 -0.386665 0.047635
v -0.134296 -0.398536 0.121592
v -0.110313 -0.384865 0.128689
v -0.097462 -0.385023 0.132310
v -0.181030 -0.528028 0.052665
v -0.180477 -0.576895 0.036047
v -0.172862 -0.560443 0.042307
v -0.126030 -0.177634 0.109701
v -0.142751 -0.182876 0.100893
v -0.186953 -0.498713 0.057567
v -0.188985 -0.251994 0.032807
v -0.190884 -0.267927 0.041507
v -0.186992 -0.238671 0.035438
v -0.192877 -0.284084 0.035669
v -0.022476 -0.234398 0.157648
v 0.001639 -0.276339 0.154648
v -0.020109 -0.290607 0.153177
v -0.032124 -0.273956 0.151177
v -0.032678 -0.329612 0.150843
v -0.191777 -0.402335 0.045185
v -0.190273 -0.380390 0.059856
v -0.184938 -0.397253 0.068838
v -0.125183 -0.405707 0.124363
v -0.144934 -0.382474 0.118119
v -0.104723 -0.394691 0.130474
v -0.186911 -0.527940 0.040665
v -0.142144 -0.204993 0.103950
v -0.183650 -0.486919 0.057488
v -0.181866 -0.495298 0.045298
v -0.189414 -0.511378 0.047154
v -0.187548 -0.272965 0.054757
v -0.034023 -0.216843 0.158532
v -0.028625 -0.246946 0.154277
v -0.019542 -0.343971 0.151905
v -0.020323 -0.324277 0.153408
v -0.190083 -0.395442 0.057238
v -0.138573 -0.193716 0.105221
v -0.021851 -0.222281 0.159870
v -0.025693 -0.563472 0.091552
v -0.010527 -0.599507 0.050111
v -0.009401 -0.616429 0.027293
v -0.007796 -0.601472 0.033403
v -0.011311 -0.614506 0.043877
v -0.002137 -0.471092 0.072978
v -0.003277 -0.450542 0.042951
v -0.068025 -0.199332 0.150380
v 0.027387 -0.316356 0.149404
v 0.031607 -0.304105 0.149703
v -0.024481 -0.374958 0.144799
v -0.012436 -0.436122 0.112706
v -0.175850 -0.210487 0.053117
v -0.155024 -0.595114 0.097140
v -0.031299 -0.194927 0.163707
v -0.029302 -0.206280 0.161364
v -0.048789 -0.201156 0.157935
v -0.043481 -0.191538 0.161626
v -0.168460 -0.175873 0.054822
v -0.184209 -0.458271 0.071815
v -0.172330 -0.577175 0.066800
v -0.190863 -0.350904 0.056562
v -0.194634 -0.351678 0.040149
v -0.190409 -0.310459 0.054721
v -0.192202 -0.298169 0.042920
v -0.193712 -0.316871 0.039731
v -0.182607 -0.239501 0.055798
v -0.182813 -0.253549 0.063998
v -0.171952 -0.259954 0.083799
v -0.174409 -0.545116 0.053031
v -0.181628 -0.544365 0.040475
v -0.155507 -0.181429 0.084893
v -0.161363 -0.190052 0.077208
v -0.168665 -0.204048 0.068792
v -0.150825 -0.191882 0.093936
v -0.172566 -0.199359 0.057279
v -0.172997 -0.216189 0.065355
v -0.020144 -0.270436 0.153627
v -0.056676 -0.280428 0.145456
v -0.052093 -0.256491 0.147811
v -0.042245 -0.248337 0.151357
v -0.038952 -0.261752 0.151020
v -0.049299 -0.269277 0.147167
v -0.066022 -0.265107 0.143145
v -0.067749 -0.248046 0.143722
v -0.069233 -0.277351 0.141707
v -0.174117 -0.389652 0.089774
v -0.134715 -0.366317 0.122824
v -0.152813 -0.398589 0.111289
v -0.126108 -0.205765 0.112172
v -0.137345 -0.230789 0.111157
v -0.159195 -0.226928 0.091051
v -0.167314 -0.224385 0.078715
v -0.171109 -0.242126 0.079869
v -0.160979 -0.214011 0.085712
v -0.150485 -0.216287 0.097841
v -0.146997 -0.229321 0.099925
v -0.137724 -0.218131 0.105072
v -0.156293 -0.240753 0.095855
v -0.142529 -0.246855 0.107339
v -0.111437 -0.222878 0.123254
v -0.126364 -0.220523 0.118705
v -0.176859 -0.251474 0.075753
v -0.165285 -0.250549 0.088752
v -0.129939 -0.242593 0.113828
v -0.116179 -0.237384 0.120839
v -0.117773 -0.210951 0.124469
v -0.102339 -0.210447 0.128446
v -0.102635 -0.249825 0.128305
v -0.032366 -0.341501 0.149530
v -0.054933 -0.335999 0.144131
v -0.009649 -0.353782 0.150638
v -0.012271 -0.366956 0.146067
v -0.024582 -0.358810 0.149489
v -0.028850 -0.599194 0.085989
v -0.007246 -0.562959 0.057969
v -0.078040 -0.578600 0.116283
v -0.005407 -0.580359 0.040400
v -0.007323 -0.592229 0.040772
v -0.018988 -0.612715 0.066607
v -0.013467 -0.610017 0.055656
v -0.002538 -0.507664 0.063407
v -0.069545 -0.186758 0.152695
v -0.079043 -0.191839 0.146180
v -0.014665 -0.392176 0.132432
v -0.004829 -0.421722 0.100901
v -0.178671 -0.222205 0.054551
v -0.181228 -0.212837 0.036484
v -0.177575 -0.200736 0.038878
v -0.157925 -0.613033 0.095384
v -0.166038 -0.604598 0.075602
v -0.165709 -0.600185 0.064185
v -0.119136 -0.597488 0.113756
v -0.057862 -0.220812 0.150083
v -0.184223 -0.454823 0.060674
v -0.176776 -0.472778 0.081762
v -0.164658 -0.448598 0.097688
v -0.173941 -0.457187 0.087635
v -0.162689 -0.464743 0.096770
v -0.176068 -0.437369 0.087723
v -0.113510 -0.490604 0.126646
v -0.114716 -0.453183 0.127825
v -0.181359 -0.447296 0.079006
v -0.181597 -0.433674 0.070961
v -0.141156 -0.482052 0.115994
v -0.186007 -0.429384 0.061159
v -0.153939 -0.476968 0.104844
v -0.143359 -0.455331 0.115378
v -0.154766 -0.457412 0.105622
v -0.144336 -0.469365 0.113945
v -0.128142 -0.468775 0.124259
v -0.172037 -0.570186 0.057099
v -0.163157 -0.565601 0.079993
v -0.188134 -0.363220 0.064788
v -0.176942 -0.362402 0.084945
v -0.190736 -0.324337 0.055180
v -0.167681 -0.303230 0.096914
v -0.125817 -0.300556 0.122016
v -0.165078 -0.545197 0.070328
v -0.173858 -0.534667 0.061476
v -0.042872 -0.282704 0.149079
v -0.181074 -0.388066 0.076928
v -0.117442 -0.368428 0.127913
v -0.148911 -0.348215 0.114065
v -0.165154 -0.395624 0.100234
v -0.172893 -0.403491 0.090784
v -0.143337 -0.405400 0.119075
v -0.109302 -0.276604 0.126933
v -0.030377 -0.617870 0.082474
v -0.002045 -0.543758 0.044907
v -0.080080 -0.608112 0.112797
v -0.003206 -0.579437 0.027756
v -0.002512 -0.561740 0.038512
v -0.020069 -0.624375 0.064838
v -0.002033 -0.506651 0.042345
v -0.005758 -0.386861 0.126273
v -0.011680 -0.379567 0.138515
v -0.001798 -0.413953 0.094188
v -0.015095 -0.414295 0.123004
v -0.004325 -0.446378 0.086661
v -0.162290 -0.616264 0.074326
v -0.161655 -0.602949 0.088464
v -0.165743 -0.584631 0.084192
v -0.138699 -0.606917 0.106659
v -0.121007 -0.616262 0.110919
v -0.044777 -0.223608 0.154216
v -0.058484 -0.208373 0.152555
v -0.165358 -0.432929 0.098847
v -0.150912 -0.440802 0.110695
v -0.133424 -0.437542 0.122193
v -0.156640 -0.429106 0.106645
v -0.141241 -0.444361 0.117478
v -0.130614 -0.453080 0.123206
v -0.128838 -0.484212 0.123528
v -0.142414 -0.523903 0.115711
v -0.137227 -0.503235 0.118305
v -0.136927 -0.491289 0.119138
v -0.156694 -0.499324 0.101906
v -0.150836 -0.488931 0.107853
v -0.106839 -0.472711 0.128885
v -0.177469 -0.376133 0.084172
v -0.168615 -0.369339 0.098321
v -0.170092 -0.380944 0.096163
v -0.154238 -0.365468 0.110876
v -0.159337 -0.353138 0.105301
v -0.152177 -0.376618 0.111966
v -0.144765 -0.359616 0.118538
v -0.179615 -0.343972 0.079647
v -0.185939 -0.350644 0.069428
v -0.173388 -0.282583 0.086007
v -0.161689 -0.556670 0.071639
v -0.153302 -0.536154 0.091686
v -0.179589 -0.404934 0.078511
v -0.110754 -0.262087 0.125550
v -0.097012 -0.267664 0.130632
v -0.031276 -0.628396 0.081355
v -0.024601 -0.607877 0.077134
v -0.015864 -0.588306 0.069985
v -0.048807 -0.610199 0.100753
v -0.002717 -0.542769 0.031210
v -0.081187 -0.623506 0.110772
v -0.063435 -0.620116 0.106494
v -0.100334 -0.614665 0.114135
v -0.051411 -0.623062 0.099666
v -0.040090 -0.617925 0.092692
v -0.063119 -0.603232 0.108995
v -0.043714 -0.582998 0.103032
v -0.074532 -0.593592 0.113532
v -0.050202 -0.596328 0.103982
v -0.039593 -0.600388 0.095836
v -0.060050 -0.583110 0.111098
v -0.097303 -0.591367 0.116574
v -0.049346 -0.552929 0.111646
v -0.085201 -0.588607 0.115652
v -0.050569 -0.569517 0.109354
v -0.037196 -0.569240 0.101554
v -0.068144 -0.561097 0.116331
v -0.029479 -0.582225 0.090648
v -0.033758 -0.552248 0.102569
v -0.062599 -0.571581 0.113346
v -0.013068 -0.533638 0.082707
v -0.038443 -0.509606 0.114511
v -0.020962 -0.547351 0.090837
v -0.040290 -0.531988 0.111134
v -0.013727 -0.557818 0.076855
v -0.040850 -0.543870 0.109068
v -0.028355 -0.537516 0.101586
v -0.013809 -0.546124 0.080250
v -0.005654 -0.537291 0.063748
v -0.027331 -0.520687 0.105057
v -0.019318 -0.527615 0.094635
v -0.009254 -0.514437 0.082102
v -0.017001 -0.493493 0.101671
v -0.025016 -0.505488 0.107089
v -0.015136 -0.506837 0.094465
v -0.033552 -0.486644 0.116605
v -0.005783 -0.491078 0.081260
v -0.025739 -0.494229 0.110496
v -0.008774 -0.502496 0.084272
v -0.003873 -0.554791 0.049240
v -0.005607 -0.570513 0.047615
v -0.010416 -0.577331 0.060778
v -0.016277 -0.573705 0.076088
v -0.011272 -0.589137 0.057811
v -0.021461 -0.584553 0.080480
v -0.005011 -0.505622 0.030986
v -0.002457 -0.487850 0.042813
v -0.001795 -0.469647 0.044041
v -0.001759 -0.524777 0.040426
v -0.010129 -0.423243 0.113795
v -0.005923 -0.409186 0.111161
v -0.007880 -0.399401 0.121612
v -0.005719 -0.436281 0.098454
v -0.002532 -0.431168 0.082998
v -0.172494 -0.589388 0.072642
v -0.155177 -0.577305 0.097868
v -0.160579 -0.569332 0.091324
v -0.139590 -0.586404 0.109799
v -0.150614 -0.585911 0.103374
v -0.142177 -0.567006 0.110472
v -0.151252 -0.567679 0.102620
v -0.167609 -0.575644 0.077751
v -0.150609 -0.605280 0.101806
v -0.140599 -0.620368 0.103811
v -0.121424 -0.627317 0.108625
v -0.126376 -0.606479 0.110371
v -0.116364 -0.464908 0.127396
v -0.074261 -0.490605 0.125930
v -0.092417 -0.456497 0.129869
v -0.171777 -0.325479 0.093229
v -0.176414 -0.271115 0.079864
v -0.162870 -0.271610 0.096965
v -0.162575 -0.287693 0.100316
v -0.147790 -0.303260 0.111914
v -0.157983 -0.298523 0.104500
v -0.160942 -0.537082 0.081417
v -0.155704 -0.549789 0.085081
v -0.111134 -0.607530 0.113890
v -0.109689 -0.622482 0.112003
v -0.092847 -0.603760 0.114683
v -0.036987 -0.589222 0.096345
v -0.067580 -0.532774 0.120135
v -0.053997 -0.538896 0.115611
v -0.052168 -0.521433 0.117767
v -0.066541 -0.546849 0.118326
v -0.107061 -0.544530 0.121746
v -0.086189 -0.542291 0.121588
v -0.056254 -0.501158 0.121652
v -0.049808 -0.509610 0.118888
v -0.007835 -0.550909 0.065019
v -0.006852 -0.525005 0.071631
v -0.002491 -0.524459 0.056506
v -0.022971 -0.573248 0.086045
v -0.001416 -0.497304 0.053575
v -0.000703 -0.481735 0.058938
v -0.002765 -0.494778 0.067891
v -0.002620 -0.483222 0.071960
v -0.001159 -0.459551 0.059204
v -0.000544 -0.470827 0.056128
v -0.002101 -0.456034 0.074698
v -0.002716 -0.443100 0.063657
v -0.002777 -0.440925 0.076048
v -0.118748 -0.573767 0.116915
v -0.145482 -0.545614 0.111700
v -0.094543 -0.485239 0.127580
v -0.103517 -0.460592 0.129498
v -0.173297 -0.337777 0.090541
v -0.180754 -0.328848 0.078426
v -0.187004 -0.317412 0.069400
v -0.185200 -0.295718 0.070979
v -0.183381 -0.282062 0.073432
v -0.188963 -0.295717 0.056810
v -0.089426 -0.514442 0.124834
v -0.094177 -0.563609 0.119485
v -0.093812 -0.577783 0.118028
v -0.105496 -0.571081 0.118450
v -0.116163 -0.558005 0.119532
v -0.103836 -0.555361 0.120746
v -0.127210 -0.542934 0.119855
v -0.128835 -0.563778 0.116610
v -0.131524 -0.576178 0.113678
v -0.138734 -0.555298 0.114410
v -0.042736 -0.497416 0.118819
v -0.053143 -0.483024 0.123414
v -0.068979 -0.514420 0.122633
v -0.001570 -0.513457 0.052567
v -0.105079 -0.482753 0.127877
v -0.079597 -0.472290 0.128420
v -0.094168 -0.470521 0.128964
v -0.082337 -0.527714 0.122914
v -0.099860 -0.528577 0.123576
v -0.096478 -0.539439 0.122288
v -0.108894 -0.510863 0.125200
v -0.116687 -0.531235 0.122597
v -0.100325 -0.517282 0.124721
v -0.130373 -0.529429 0.120485
v -0.087415 -0.499309 0.126226
v -0.074342 -0.503647 0.124696
v -0.080805 -0.565992 0.118089
v -0.078872 -0.552672 0.119583
v -0.041767 -0.478651 0.121233
v -0.062076 -0.491077 0.123953
v -0.083209 -0.482538 0.127440
v -0.061893 -0.468148 0.126944
v -0.069024 -0.478801 0.126557
v -0.053512 -0.446676 0.128152
v -0.073628 -0.457294 0.129481
v -0.053264 -0.459082 0.126592
v -0.065689 -0.448037 0.129645
v -0.123994 -0.502640 0.124558
v -0.130896 -0.515134 0.121769
v -0.100697 -0.499358 0.126676
v -0.119538 -0.519004 0.123614
v 0.025677 -0.196969 0.162056
v 0.022643 -0.210415 0.160054
v 0.034720 -0.210397 0.157585
v -0.180142 -0.513997 0.063670
v -0.166595 -0.508702 0.084852
v -0.161071 -0.522193 0.087372
v -0.175979 -0.491271 0.080451
v -0.151547 -0.522772 0.101030
v -0.159056 -0.510951 0.095261
v -0.147579 -0.535492 0.103898
v -0.147335 -0.511975 0.110680
v -0.172189 -0.515998 0.074661
v -0.177752 -0.503181 0.073044
v -0.184369 -0.491912 0.069141
v -0.165215 -0.496004 0.091248
v -0.033672 -0.311656 0.151205
v -0.024060 -0.302808 0.152481
v -0.056347 -0.304406 0.145187
v -0.047849 -0.320950 0.146450
v -0.043445 -0.303348 0.148254
v -0.063362 -0.323443 0.142087
v -0.066672 -0.311425 0.142054
v -0.100628 -0.234061 0.129024
v -0.098483 -0.222088 0.130078
v -0.058149 -0.354343 0.143570
v -0.048775 -0.346157 0.145630
v -0.065114 -0.344224 0.141297
v -0.046766 -0.371427 0.145207
v -0.034147 -0.367353 0.147061
v -0.047899 -0.359781 0.146472
v -0.062142 -0.368457 0.144312
v -0.039996 -0.393113 0.139643
v -0.037272 -0.380645 0.143601
v -0.026639 -0.388440 0.139584
v -0.073322 -0.214047 0.145544
v -0.079032 -0.203307 0.143887
v -0.070972 -0.230076 0.144370
v -0.055601 -0.237485 0.148438
v -0.026394 -0.429925 0.126690
v -0.026397 -0.417025 0.130355
v -0.025066 -0.402589 0.134359
v -0.037410 -0.404441 0.136022
v -0.064227 -0.404785 0.137009
v -0.058690 -0.386956 0.141464
v -0.043709 -0.432488 0.128918
v -0.057197 -0.420759 0.133253
v -0.062779 -0.434051 0.131434
v -0.079164 -0.420326 0.133856
v -0.067967 -0.415922 0.134621
v -0.027349 -0.451545 0.120371
v -0.040918 -0.452293 0.124378
v -0.025350 -0.469728 0.116324
v -0.034243 -0.440783 0.124167
v -0.070981 -0.393312 0.139327
v -0.052462 -0.398125 0.138644
v -0.050585 -0.410189 0.135318
v -0.096757 -0.433472 0.131623
v -0.102009 -0.446636 0.130212
v -0.113036 -0.434654 0.129833
v -0.105673 -0.426578 0.131343
v -0.122219 -0.443676 0.126412
v -0.094063 -0.419091 0.133128
v -0.021543 -0.440360 0.121322
v -0.033071 -0.462173 0.120702
v -0.011960 -0.456090 0.105934
v -0.006571 -0.465384 0.090503
v -0.006847 -0.454626 0.094724
v -0.014066 -0.471599 0.104137
v -0.021541 -0.481457 0.110614
v -0.008602 -0.480344 0.091917
v -0.079583 -0.405664 0.136879
v -0.083710 -0.432118 0.132556
v -0.126020 -0.428507 0.124642
v -0.019724 -0.459243 0.114940
v -0.159055 -0.333183 0.105918
v -0.136377 -0.326024 0.120693
v -0.161063 -0.317094 0.103119
v -0.149527 -0.323238 0.112242
v -0.145124 -0.335795 0.117632
v -0.138037 -0.273148 0.112990
v -0.147256 -0.286648 0.109400
v -0.122919 -0.270794 0.120168
v -0.129180 -0.285477 0.119285
v -0.144679 -0.261137 0.107146
v -0.133252 -0.255768 0.113053
v -0.150599 -0.273835 0.105325
v -0.137491 -0.295782 0.116848
v -0.115708 -0.290021 0.125670
v -0.103988 -0.310613 0.130165
v -0.098109 -0.289418 0.131137
v -0.113172 -0.302084 0.126559
v -0.121846 -0.316886 0.124864
v -0.093101 -0.278712 0.132672
v -0.121804 -0.333202 0.125710
v -0.133456 -0.338909 0.122366
v -0.101558 -0.346629 0.130987
v -0.113681 -0.344025 0.128790
v -0.103691 -0.328354 0.130661
v -0.106299 -0.359694 0.129447
v -0.090934 -0.362030 0.132957
v -0.091854 -0.336371 0.133249
v -0.093143 -0.318541 0.133348
v -0.110762 -0.320046 0.128761
v -0.093483 -0.301572 0.132774
v -0.089433 -0.349641 0.132996
v -0.111827 -0.585447 0.116664
v -0.124145 -0.585950 0.114258
v -0.151370 -0.547469 0.098560
v -0.177252 -0.310907 0.083189
v -0.175963 -0.296879 0.084648
v -0.065590 -0.292279 0.142399
v -0.088650 -0.444225 0.131074
v -0.136552 -0.311335 0.119300
v -0.143587 -1.084550 -0.007995
v -0.138293 -1.084587 0.009924
v -0.136595 -1.083500 0.029126
v -0.119906 -1.081544 0.037882
v -0.100521 -1.084534 0.031708
v -0.081355 -1.086441 0.024850
v -0.064351 -1.084636 0.020312
v -0.046613 -1.082963 0.016163
v -0.053243 -1.086235 -0.002161
v -0.124089 -1.038283 0.006661
v -0.094501 -0.962857 0.044656
v -0.147879 -1.068483 0.007056
v -0.152409 -1.075691 -0.012569
v -0.143256 -0.897043 0.037073
v -0.155069 -0.865695 0.013544
v -0.049893 -1.080659 -0.013718
v -0.058478 -1.042787 0.014406
v -0.051201 -0.907115 0.043815
v -0.045373 -0.875344 0.014726
v -0.159536 -1.027039 0.012541
v -0.120872 -1.059497 0.016402
v -0.142309 -0.963374 0.029141
v -0.071218 -0.991681 0.009080
v -0.047008 -0.956272 0.022145
v -0.134854 -1.071044 -0.003382
v -0.154288 -1.058337 0.002256
v -0.153760 -1.081758 0.005408
v -0.135174 -1.073330 0.012576
v -0.135971 -0.875036 0.045575
v -0.157757 -0.894123 0.013574
v -0.155022 -0.853442 0.017435
v -0.161004 -0.856805 0.005175
v -0.158079 -0.879172 -0.000463
v -0.146985 -0.862718 0.034336
v -0.058638 -1.067013 0.005534
v -0.039429 -1.070198 0.002816
v -0.036031 -0.904880 0.014397
v -0.051191 -0.877651 0.050206
v -0.045847 -0.874616 -0.001364
v -0.045524 -0.860856 0.001948
v -0.041715 -0.890220 0.005803
v -0.042209 -0.865834 0.034468
v -0.168515 -1.026748 -0.001998
v -0.147461 -0.996459 0.008171
v -0.126460 -1.069784 0.028426
v -0.091734 -1.051789 0.021443
v -0.152165 -0.962194 0.007984
v -0.146858 -0.928179 0.020693
v -0.052880 -0.996355 -0.007146
v -0.034486 -0.953939 -0.000390
v -0.146159 -1.057090 -0.009202
v -0.164403 -1.044001 -0.002889
v -0.143342 -1.078752 0.021124
v -0.135656 -0.861086 0.050250
v -0.119754 -0.868647 0.058523
v -0.163630 -0.892445 -0.000082
v -0.160385 -0.913099 0.002370
v -0.057247 -1.078175 0.011928
v -0.075653 -1.071602 0.014004
v -0.034810 -0.905324 -0.003360
v -0.050988 -0.862550 0.053246
v -0.083765 -0.884397 0.059907
v -0.045654 -0.889651 -0.006002
v -0.166214 -0.992981 0.000729
v -0.108043 -1.061338 0.033580
v -0.153037 -0.960849 -0.005448
v -0.151045 -0.946905 -0.000614
v -0.039221 -0.996938 -0.015380
v -0.033955 -0.953311 -0.014828
v -0.032807 -0.937379 -0.004853
v -0.031786 -0.969660 -0.010574
v -0.151790 -1.046212 0.005680
v -0.167257 -1.035984 0.007277
v -0.066862 -0.871744 0.064451
v -0.163494 -1.009968 0.005554
v -0.115136 -1.065042 0.024434
v -0.109311 -1.072837 0.036753
v -0.092524 -1.071418 0.022431
v -0.041925 -1.012211 -0.003020
v -0.032524 -0.920145 -0.003178
v -0.046139 -0.982772 -0.017014
v -0.164364 -1.050490 0.007392
v -0.060208 -0.862073 0.062763
v -0.083771 -0.866125 0.068401
v -0.167697 -1.020361 0.007676
v -0.172270 -1.009075 -0.006116
v -0.083057 -1.065920 0.014080
v -0.077003 -1.047385 0.008492
v -0.096242 -1.061801 0.025283
v -0.038845 -1.007546 -0.014449
v -0.037371 -0.983416 -0.025984
v -0.101974 -0.866719 0.064053
v -0.106674 -0.888156 0.051725
v -0.092475 -0.876224 0.061724
v -0.109336 -0.876697 0.057360
v -0.047421 -1.041419 0.000703
v -0.147000 -0.882033 0.023809
v -0.151515 -0.877808 0.011746
v -0.042691 -1.060250 -0.009832
v -0.046184 -1.049307 -0.011148
v -0.042206 -1.054571 0.007666
v -0.045658 -1.043609 0.013305
v -0.045596 -1.022680 0.011625
v -0.048470 -0.861152 0.017519
v -0.040170 -0.887607 0.027804
v -0.153040 -0.910599 0.024455
v -0.160082 -0.978988 0.010659
v -0.159902 -0.972308 -0.001746
v -0.112751 -1.041466 0.028881
v -0.152669 -0.949533 0.022045
v -0.162313 -0.928051 0.004031
v -0.038368 -0.941241 0.014606
v -0.035806 -0.927611 0.009251
v -0.035055 -0.916018 0.010396
v -0.042210 -0.915575 0.027653
v -0.041666 -0.928471 0.023963
v -0.041187 -0.901397 0.028682
v -0.039996 -0.968361 0.008666
v -0.149895 -1.056469 0.022179
v -0.063739 -0.890357 0.060050
v -0.149396 -1.012046 0.023251
v -0.157114 -1.000530 0.003747
v -0.054566 -1.026849 -0.006361
v -0.050001 -1.036681 -0.010156
v -0.070136 -1.062698 0.006376
v -0.123861 -0.883726 0.050464
v -0.135647 -0.888470 0.042593
v -0.119338 -0.905178 0.039009
v -0.126262 -0.894339 0.044459
v -0.150427 -0.892737 0.026167
v -0.141685 -0.875948 0.032428
v -0.054928 -1.055241 0.009685
v -0.056076 -1.002669 0.015797
v -0.036107 -0.892901 0.016763
v -0.039584 -0.876227 0.027325
v -0.157342 -0.906871 0.012629
v -0.152210 -0.920437 0.011417
v -0.158540 -0.990097 0.007509
v -0.140054 -0.980219 0.017533
v -0.154140 -0.969517 0.021945
v -0.165198 -0.982529 -0.003876
v -0.128225 -1.042729 0.022513
v -0.135943 -1.048157 0.009267
v -0.136222 -1.054135 0.023957
v -0.156015 -0.938159 0.014963
v -0.038204 -0.953308 0.012597
v -0.034823 -0.944305 0.003516
v -0.033746 -0.964222 0.000070
v -0.062993 -0.980651 0.022456
v -0.060509 -0.976872 -0.000958
v -0.041751 -0.976162 -0.004210
v -0.144589 -1.058583 0.009867
v -0.146456 -1.067998 0.019828
v -0.059532 -0.879765 0.059200
v -0.071948 -0.882471 0.063188
v -0.051638 -0.891926 0.048076
v -0.045506 -0.885579 0.039604
v -0.051103 -1.031264 0.003117
v -0.131822 -0.915439 0.025926
v -0.087101 -0.917447 0.048702
v -0.045886 -1.009826 0.011006
v -0.073960 -1.022884 0.022501
v -0.135727 -0.997164 0.026280
v -0.116944 -0.974514 0.034011
v -0.051120 -0.970185 0.020107
v -0.057793 -0.979172 0.010885
v -0.072607 -0.975684 0.012438
v -0.092260 -0.994706 0.031781
v -0.087414 -0.985457 0.016499
v -0.077863 -0.985868 0.031106
v -0.111026 -1.008203 0.023353
v -0.073501 -0.965218 0.037076
v -0.059651 -0.961540 0.030222
v -0.057329 -0.940028 0.037461
v -0.054969 -0.951301 0.030963
v -0.046762 -0.941325 0.026810
v -0.092008 -0.978406 0.038440
v -0.100776 -0.997602 0.013898
v -0.052893 -0.923900 0.039606
v -0.080075 -0.974645 0.036478
v -0.105493 -0.971917 0.043736
v -0.108983 -0.989022 0.037381
v -0.066873 -0.916017 0.053956
v -0.122717 -0.989933 0.029183
v -0.066702 -0.929523 0.047825
v -0.128066 -0.978048 0.024302
v -0.117136 -1.006818 0.028235
v -0.076009 -0.947636 0.044742
v -0.104881 -1.000926 0.032024
v -0.124806 -0.999959 0.030970
v -0.132625 -1.011571 0.026085
v -0.133413 -1.024726 0.003335
v -0.140473 -1.035893 0.002871
v -0.122974 -1.008227 0.012961
v -0.113382 -1.029606 0.010582
v -0.123798 -1.020254 0.008040
v -0.109767 -1.039175 0.012550
v -0.055453 -0.987783 -0.010690
v -0.144727 -0.921328 0.028054
v -0.127899 -0.940276 0.040666
v -0.131538 -0.926983 0.036456
v -0.116761 -0.956800 0.042704
v -0.137848 -0.937874 0.028234
v -0.136127 -0.952426 0.032345
v -0.128768 -0.962471 0.035431
v -0.108293 -0.927786 0.041146
v -0.121230 -0.929309 0.041741
v -0.110481 -0.942075 0.045128
v -0.119941 -0.918859 0.034597
v -0.102897 -0.953671 0.045642
v -0.089162 -0.951161 0.046910
v -0.085899 -0.933280 0.051654
v -0.097184 -0.942104 0.048380
v -0.077763 -0.923709 0.053395
v -0.095778 -0.927237 0.046677
v -0.079025 -0.900537 0.052411
v -0.069666 -1.035136 0.013846
v -0.056927 -1.028970 0.019395
v -0.139031 -0.992060 0.016059
v -0.088418 -1.006910 0.020823
v -0.094374 -1.023953 0.012487
v -0.083177 -1.037107 0.008602
v -0.083226 -0.999571 0.010520
v -0.072203 -1.005426 0.015170
v -0.105547 -1.022359 0.020269
v -0.096858 -1.036279 0.021589
v -0.061737 -0.903264 0.055613
v -0.114548 -0.999354 0.018783
v -0.146832 -1.023950 0.015634
v -0.093596 -0.895235 0.051321
v -0.107277 -0.899018 0.045970
v -0.105364 -0.915932 0.037044
v -0.076548 -0.911611 0.051193
v -0.061163 -1.016329 0.019346
v -0.099389 -1.003986 0.020885
v -0.086925 -1.019740 0.023872
v -0.094460 -0.908664 0.044871
v -0.097746 -1.013835 0.025565
v -0.056024 -0.992435 0.008096
v 0.012813 -0.628606 0.039821
v 0.020436 -0.630899 0.057965
v 0.030790 -0.632768 0.074825
v 0.043754 -0.633821 0.089452
v 0.060119 -0.634419 0.100675
v 0.078220 -0.633973 0.107456
v 0.097367 -0.633189 0.111408
v 0.116926 -0.631792 0.111120
v 0.136007 -0.629634 0.107724
v 0.154099 -0.627455 0.100780
v 0.170494 -0.625498 0.089596
v 0.179616 -0.622012 0.072885
v 0.181660 -0.618470 0.053555
v 0.181596 -0.615237 0.034424
v 0.176483 -0.476197 0.086466
v 0.172419 -0.493317 0.086264
v 0.169411 -0.510337 0.085581
v 0.167644 -0.527211 0.085492
v 0.170017 -0.544147 0.084711
v 0.173147 -0.560948 0.084765
v 0.175521 -0.577816 0.084853
v 0.177194 -0.594806 0.084900
v 0.178674 -0.593617 0.067742
v 0.178919 -0.592124 0.050287
v 0.178229 -0.591265 0.032969
v 0.182145 -0.475571 0.037271
v 0.181338 -0.476056 0.053824
v 0.179116 -0.476091 0.070448
v 0.183180 -0.470891 0.037059
v 0.182394 -0.471204 0.053835
v 0.180432 -0.471061 0.070627
v 0.177734 -0.471482 0.086985
v 0.097463 -0.178928 0.130151
v 0.095949 -0.183492 0.130574
v 0.094708 -0.188184 0.131069
v 0.093569 -0.193056 0.131543
v 0.092549 -0.197792 0.131744
v 0.091754 -0.202368 0.132085
v 0.090984 -0.207115 0.132463
v 0.090110 -0.211871 0.133043
v 0.089322 -0.216251 0.133654
v 0.088773 -0.221197 0.133818
v 0.088425 -0.226080 0.133835
v 0.087790 -0.230632 0.134096
v 0.087185 -0.235309 0.134786
v 0.086782 -0.239994 0.135014
v 0.086590 -0.244972 0.135134
v 0.086285 -0.249665 0.135209
v 0.085757 -0.254446 0.135559
v 0.085301 -0.258964 0.136002
v 0.085061 -0.263770 0.136199
v 0.084859 -0.268733 0.136278
v 0.084757 -0.273527 0.136150
v 0.084308 -0.278329 0.136582
v 0.084109 -0.282879 0.137094
v 0.083966 -0.287557 0.137445
v 0.083838 -0.292382 0.137331
v 0.083703 -0.297237 0.137241
v 0.083621 -0.301999 0.137415
v 0.083347 -0.306794 0.137950
v 0.083265 -0.311635 0.138186
v 0.083161 -0.316402 0.138227
v 0.082999 -0.321145 0.138138
v 0.083048 -0.325972 0.138200
v 0.083068 -0.330992 0.138441
v 0.082857 -0.335509 0.138678
v 0.082753 -0.340251 0.138751
v 0.082588 -0.344998 0.138525
v 0.082618 -0.349993 0.138416
v 0.082450 -0.354869 0.138536
v 0.082286 -0.359561 0.138455
v 0.082336 -0.364297 0.138684
v 0.082425 -0.368941 0.139311
v 0.082540 -0.373782 0.140074
v 0.082728 -0.378406 0.140854
v 0.086104 -0.381684 0.139709
v 0.089371 -0.385247 0.138872
v 0.092660 -0.388634 0.138570
v 0.095633 -0.392128 0.138345
v 0.098538 -0.395588 0.138255
v 0.102004 -0.399061 0.137160
v 0.105707 -0.402489 0.135428
v 0.109304 -0.405672 0.133745
v 0.112919 -0.408962 0.132380
v 0.116491 -0.412133 0.131349
v 0.120989 -0.412225 0.129403
v 0.125610 -0.412341 0.127627
v 0.130208 -0.412355 0.125614
v 0.134820 -0.412471 0.123572
v 0.139280 -0.412498 0.120968
v 0.143128 -0.412546 0.117468
v 0.146978 -0.412241 0.114462
v 0.150652 -0.412259 0.111499
v 0.154326 -0.412392 0.108419
v 0.157786 -0.412365 0.104913
v 0.161525 -0.412495 0.101465
v 0.165009 -0.412656 0.097585
v 0.167623 -0.412799 0.092809
v 0.170063 -0.412935 0.088041
v 0.172316 -0.413029 0.083527
v 0.174320 -0.413016 0.079499
v 0.176514 -0.413143 0.075535
v 0.178617 -0.413220 0.071412
v 0.180472 -0.413191 0.066987
v 0.182568 -0.413545 0.062284
v 0.183699 -0.413937 0.057210
v 0.184293 -0.414195 0.051873
v 0.184957 -0.414514 0.046600
v 0.185467 -0.414723 0.041523
v 0.186032 -0.414581 0.036892
v 0.186574 -0.414754 0.032387
v 0.187078 -0.414516 0.027733
v 0.046897 -0.438428 0.130463
v 0.040659 -0.373395 0.143933
v 0.147809 -0.347058 0.112167
v 0.157270 -0.266885 0.096141
v 0.119208 -0.365764 0.128707
v 0.136726 -0.222156 0.107443
v 0.122558 -0.259819 0.117621
v 0.167536 -0.204055 0.060711
v 0.172839 -0.203155 0.038465
v 0.175428 -0.239298 0.057887
v 0.180114 -0.238299 0.037779
v 0.022326 -0.310290 0.156481
v 0.022951 -0.255189 0.161627
v 0.055022 -0.342150 0.145106
v 0.061535 -0.312743 0.144537
v 0.062852 -0.256517 0.143599
v 0.064181 -0.220259 0.145461
v 0.016279 -0.325489 0.156669
v 0.023651 -0.224300 0.164261
v 0.166899 -0.569602 0.059125
v 0.121104 -0.570709 0.116963
v 0.180150 -0.603037 0.041107
v 0.179073 -0.604668 0.027791
v 0.180435 -0.604869 0.058114
v 0.179439 -0.607170 0.074105
v 0.170111 -0.535374 0.052941
v 0.173868 -0.501526 0.060766
v 0.112010 -0.485292 0.126413
v 0.146691 -0.473980 0.115086
v 0.117341 -0.448763 0.128283
v 0.179850 -0.442444 0.062622
v 0.180935 -0.366991 0.069521
v 0.029886 -0.353880 0.148812
v 0.179106 -0.300169 0.069808
v 0.124883 -0.388795 0.127552
v 0.100487 -0.372455 0.134419
v 0.181610 -0.267995 0.052310
v 0.010601 -0.310174 0.158041
v 0.029267 -0.320132 0.154295
v 0.034342 -0.309353 0.154111
v 0.027009 -0.292548 0.155125
v 0.010890 -0.255841 0.163666
v 0.020062 -0.273421 0.160433
v 0.033822 -0.258137 0.155383
v 0.030601 -0.241114 0.160451
v 0.043782 -0.333060 0.148059
v 0.041574 -0.346285 0.149305
v 0.058694 -0.327433 0.145612
v 0.054734 -0.360910 0.146156
v 0.049308 -0.311128 0.147589
v 0.059112 -0.274647 0.145160
v 0.057892 -0.238700 0.146297
v 0.050284 -0.257185 0.148300
v 0.058711 -0.203586 0.151007
v 0.063367 -0.189752 0.151690
v 0.075882 -0.199440 0.142657
v 0.077520 -0.186710 0.143745
v 0.051163 -0.221644 0.151304
v 0.035212 -0.223443 0.160001
v 0.026475 -0.206859 0.165253
v 0.011456 -0.221123 0.165848
v 0.170332 -0.569497 0.073661
v 0.172614 -0.582308 0.072110
v 0.165202 -0.551240 0.067522
v 0.168531 -0.578934 0.043037
v 0.150319 -0.587673 0.106028
v 0.150902 -0.553522 0.108934
v 0.172407 -0.609181 0.089633
v 0.167389 -0.550401 0.038756
v 0.171020 -0.533908 0.034795
v 0.176592 -0.487337 0.063101
v 0.173831 -0.487163 0.075234
v 0.177798 -0.493027 0.043510
v 0.169679 -0.501125 0.074505
v 0.168478 -0.519308 0.068012
v 0.154099 -0.501809 0.109980
v 0.182319 -0.453642 0.045713
v 0.177281 -0.453491 0.079070
v 0.180300 -0.457791 0.063497
v 0.186191 -0.384178 0.048370
v 0.186257 -0.349803 0.048224
v 0.024332 -0.342899 0.151175
v 0.186142 -0.298751 0.045773
v 0.183507 -0.267601 0.034871
v 0.013682 -0.291672 0.159501
v 0.030901 -0.280050 0.155791
v 0.015438 -0.238015 0.164857
v 0.068442 -0.338332 0.143336
v 0.070260 -0.322342 0.142153
v 0.068070 -0.209004 0.145093
v 0.029134 -0.193960 0.167395
v 0.015582 -0.198920 0.169666
v 0.169858 -0.552189 0.077756
v 0.164958 -0.535245 0.071047
v 0.171748 -0.581886 0.056587
v 0.168896 -0.581601 0.029637
v 0.165647 -0.566654 0.032866
v 0.166612 -0.587327 0.097140
v 0.167015 -0.552998 0.100101
v 0.166208 -0.549740 0.027474
v 0.173959 -0.516569 0.045438
v 0.176964 -0.500622 0.031538
v 0.166339 -0.518018 0.078531
v 0.167375 -0.501695 0.100119
v 0.188239 -0.383954 0.034012
v 0.187452 -0.366943 0.040780
v 0.186765 -0.398867 0.040281
v 0.188934 -0.349432 0.034074
v 0.187533 -0.331363 0.041359
v 0.186733 -0.298645 0.032034
v 0.185549 -0.283465 0.036474
v 0.188082 -0.314542 0.039035
v 0.181667 -0.252583 0.034124
v 0.165899 -0.562044 0.046439
v 0.158546 -0.570325 0.103528
v 0.158353 -0.603205 0.100627
v 0.158650 -0.531297 0.106408
v 0.172084 -0.527758 0.044335
v 0.173637 -0.517178 0.031868
v 0.160858 -0.484169 0.104431
v 0.189455 -0.366692 0.029971
v 0.184231 -0.397777 0.057919
v 0.187634 -0.401368 0.029655
v 0.189091 -0.332005 0.030117
v 0.182307 -0.285015 0.055427
v 0.183561 -0.313253 0.057397
v 0.168727 -0.574973 0.095968
v 0.158948 -0.543924 0.105564
v 0.168896 -0.535810 0.096827
v 0.167849 -0.518985 0.099640
v 0.171001 -0.484777 0.095181
v 0.182807 -0.382403 0.066700
v 0.174180 -0.274519 0.077788
v 0.182475 -0.297016 0.057197
v 0.169613 -0.329670 0.087443
v 0.154919 -0.517140 0.108655
v 0.126319 -0.510117 0.121102
v 0.142232 -0.509887 0.115091
v 0.166999 -0.382792 0.093630
v 0.177691 -0.396513 0.074500
v 0.179095 -0.275834 0.063846
v 0.177551 -0.286572 0.073669
v 0.159370 -0.301099 0.100182
v 0.123128 -0.297233 0.123843
v 0.169830 -0.297153 0.085182
v 0.178074 -0.316647 0.077277
v 0.140623 -0.491452 0.117623
v 0.134008 -0.534130 0.116606
v 0.146510 -0.540750 0.111675
v 0.146269 -0.527242 0.112485
v 0.175167 -0.378381 0.079698
v 0.161323 -0.284094 0.094897
v 0.167561 -0.312743 0.089822
v 0.181645 -0.337979 0.069128
v 0.134679 -0.520703 0.117178
v 0.167632 -0.355757 0.091346
v 0.169950 -0.284558 0.085045
v 0.165386 -0.273468 0.087778
v 0.170266 -0.252427 0.078962
v 0.176712 -0.261044 0.066188
v 0.180782 -0.252070 0.052273
v 0.174772 -0.249307 0.065887
v 0.139499 -0.280415 0.110950
v 0.151074 -0.322504 0.110157
v 0.176994 -0.329394 0.076618
v 0.173940 -0.364927 0.081799
v 0.178758 -0.352058 0.075097
v 0.150463 -0.289416 0.107344
v 0.151564 -0.277222 0.103862
v 0.137428 -0.294839 0.114714
v 0.140406 -0.261613 0.107791
v 0.134983 -0.313922 0.118118
v 0.162255 -0.323022 0.099214
v 0.157643 -0.336810 0.104559
v 0.183721 -0.356223 0.061390
v 0.159431 -0.350353 0.104176
v 0.148875 -0.373187 0.111565
v 0.166195 -0.342221 0.092600
v 0.160628 -0.366335 0.102800
v 0.150715 -0.359704 0.111445
v 0.135329 -0.357599 0.123225
v 0.129634 -0.335234 0.125501
v 0.134724 -0.374495 0.124054
v 0.137151 -0.345537 0.119867
v 0.142622 -0.333263 0.115527
v 0.120114 -0.349056 0.126946
v 0.106400 -0.330355 0.130513
v 0.117091 -0.336955 0.128309
v 0.120369 -0.321117 0.126164
v 0.123415 -0.309621 0.124387
v 0.103880 -0.303364 0.129697
v 0.106957 -0.316829 0.129778
v 0.031410 -0.562850 0.093863
v 0.014283 -0.600122 0.053168
v 0.009052 -0.617300 0.032352
v 0.014002 -0.615093 0.048101
v 0.009054 -0.602493 0.037445
v -0.002930 -0.450206 0.042701
v 0.020687 -0.415796 0.124684
v 0.014297 -0.458484 0.099508
v 0.018730 -0.372495 0.142945
v 0.137422 -0.196263 0.096347
v 0.157105 -0.185430 0.063771
v 0.173895 -0.220175 0.050597
v 0.104294 -0.600378 0.115561
v 0.014063 -0.354339 0.149308
v 0.114218 -0.379314 0.128621
v 0.112667 -0.391795 0.130049
v 0.041167 -0.361036 0.147590
v 0.060979 -0.380488 0.142442
v 0.060550 -0.293878 0.144268
v 0.071117 -0.267542 0.141075
v 0.071698 -0.244516 0.141319
v 0.167488 -0.548847 0.052847
v 0.179429 -0.486911 0.032541
v 0.186197 -0.458614 0.032604
v 0.190415 -0.441686 0.036574
v 0.188915 -0.428306 0.035305
v 0.188089 -0.434515 0.050400
v 0.183448 -0.428270 0.065440
v 0.160906 -0.451618 0.104650
v 0.066736 -0.352677 0.143566
v 0.068388 -0.366411 0.144100
v 0.172737 -0.513001 0.057664
v 0.175963 -0.504755 0.047488
v 0.185261 -0.371340 0.055557
v 0.140931 -0.569340 0.111373
v 0.131579 -0.553021 0.115515
v 0.168356 -0.598676 0.093876
v 0.135176 -0.606041 0.110175
v 0.161958 -0.616228 0.097334
v 0.147842 -0.613579 0.104834
v 0.151758 -0.490015 0.111383
v 0.128565 -0.477368 0.124152
v 0.184969 -0.337308 0.053900
v 0.185561 -0.325020 0.051661
v 0.131034 -0.270338 0.114472
v 0.109491 -0.278117 0.125511
v 0.125197 -0.283187 0.119985
v 0.153369 -0.243446 0.095788
v 0.132871 -0.242655 0.109193
v 0.147882 -0.308404 0.109266
v 0.168093 -0.371114 0.091605
v 0.011982 -0.562727 0.060070
v 0.033851 -0.598596 0.087645
v 0.023621 -0.613080 0.069070
v 0.017674 -0.610230 0.058750
v 0.008479 -0.580720 0.043714
v 0.009885 -0.592629 0.044192
v 0.010682 -0.405546 0.114523
v 0.010371 -0.429992 0.102976
v 0.021372 -0.394051 0.133468
v 0.013018 -0.419203 0.112464
v 0.005814 -0.416942 0.099364
v 0.012309 -0.394009 0.122753
v 0.006422 -0.488878 0.069534
v 0.007415 -0.370378 0.139698
v 0.135146 -0.181868 0.095706
v 0.123264 -0.190331 0.114170
v 0.151888 -0.185306 0.085467
v 0.158424 -0.173206 0.064932
v 0.169244 -0.188913 0.048857
v 0.168551 -0.189220 0.031908
v 0.169374 -0.176687 0.040065
v 0.165825 -0.175655 0.026268
v 0.171946 -0.208764 0.049990
v 0.177394 -0.231101 0.047892
v 0.176776 -0.221568 0.034192
v 0.105825 -0.617665 0.113500
v 0.122824 -0.616762 0.111769
v 0.081622 -0.610432 0.111683
v 0.119856 -0.602034 0.113767
v 0.132543 -0.588694 0.112292
v 0.114030 -0.586170 0.116354
v 0.091642 -0.620431 0.112484
v 0.094733 -0.608245 0.114169
v 0.141742 -0.596007 0.108806
v 0.141617 -0.580789 0.110200
v 0.073925 -0.558843 0.117825
v 0.088653 -0.580234 0.117212
v 0.084699 -0.595176 0.114998
v 0.100277 -0.587602 0.116831
v 0.103859 -0.570759 0.118759
v 0.056884 -0.596013 0.105809
v 0.112932 -0.554973 0.119499
v 0.088179 -0.564718 0.119773
v 0.070754 -0.599871 0.110438
v 0.067961 -0.580338 0.112920
v 0.059923 -0.615283 0.104118
v 0.077131 -0.571505 0.116452
v 0.052627 -0.371886 0.144160
v 0.054105 -0.284574 0.145809
v 0.070246 -0.303459 0.141640
v 0.070178 -0.283974 0.140939
v 0.073943 -0.230561 0.140730
v 0.158456 -0.467726 0.105672
v 0.168036 -0.473509 0.097207
v 0.171694 -0.457738 0.093554
v 0.141236 -0.558214 0.112119
v 0.130583 -0.563978 0.114809
v 0.124825 -0.492291 0.123729
v 0.134781 -0.457505 0.122343
v 0.149023 -0.458508 0.113434
v 0.147201 -0.435747 0.115422
v 0.152023 -0.446698 0.111418
v 0.113945 -0.466888 0.128286
v 0.110411 -0.291591 0.126193
v 0.097757 -0.285177 0.130876
v 0.150898 -0.255716 0.099838
v 0.143486 -0.234061 0.102175
v 0.158240 -0.220939 0.081701
v 0.153756 -0.230392 0.091548
v 0.165993 -0.235779 0.078961
v 0.161870 -0.245964 0.085746
v 0.169039 -0.223038 0.067575
v 0.112980 -0.228535 0.121925
v 0.132394 -0.254329 0.111141
v 0.005913 -0.562069 0.041031
v 0.008406 -0.525539 0.062675
v 0.024731 -0.624478 0.067603
v 0.035468 -0.617652 0.084742
v 0.005455 -0.580010 0.030984
v 0.004180 -0.434579 0.083119
v 0.004404 -0.424214 0.089191
v 0.014143 -0.382291 0.132308
v 0.044134 -0.395645 0.139935
v 0.029494 -0.383262 0.141824
v 0.001224 -0.487905 0.046833
v 0.122795 -0.178219 0.112593
v 0.107775 -0.187217 0.119862
v 0.110789 -0.206669 0.122404
v 0.155484 -0.200436 0.075767
v 0.150722 -0.198877 0.091324
v 0.141846 -0.208864 0.101435
v 0.125017 -0.210361 0.109226
v 0.147682 -0.219988 0.097150
v 0.162025 -0.211416 0.071764
v 0.115496 -0.217398 0.117034
v 0.102565 -0.220023 0.125002
v 0.121254 -0.201515 0.116029
v 0.153076 -0.210873 0.088110
v 0.148815 -0.174040 0.082991
v 0.175199 -0.210826 0.029586
v 0.120413 -0.541959 0.119628
v 0.089768 -0.533457 0.124193
v 0.105188 -0.541700 0.121468
v 0.087108 -0.549070 0.120729
v 0.113716 -0.524333 0.122253
v 0.099187 -0.555803 0.120250
v 0.047144 -0.576253 0.103533
v 0.046347 -0.606442 0.097198
v 0.048050 -0.621053 0.095448
v 0.068063 -0.625366 0.105547
v 0.136129 -0.469057 0.121442
v 0.131817 -0.441112 0.124450
v 0.141379 -0.447610 0.118191
v 0.136385 -0.427069 0.123883
v 0.117297 -0.430473 0.130127
v 0.123062 -0.459005 0.127131
v 0.080734 -0.452756 0.131918
v 0.127205 -0.231295 0.114828
v 0.116920 -0.244497 0.118837
v 0.102482 -0.240481 0.126161
v 0.009371 -0.570379 0.049954
v 0.017968 -0.583290 0.068207
v 0.003444 -0.524696 0.042580
v 0.029435 -0.607706 0.079346
v 0.024403 -0.594297 0.076147
v 0.030283 -0.580480 0.087640
v 0.017999 -0.594941 0.064678
v 0.001230 -0.425920 0.077207
v 0.000491 -0.447021 0.065054
v -0.001287 -0.444068 0.053170
v 0.010182 -0.443762 0.095285
v 0.005352 -0.450354 0.080836
v 0.003319 -0.467312 0.067917
v 0.002899 -0.456236 0.070563
v -0.000603 -0.459130 0.055498
v 0.000786 -0.474648 0.053418
v -0.002273 -0.464909 0.041482
v 0.048298 -0.383820 0.141592
v -0.000646 -0.486989 0.034339
v -0.000908 -0.477334 0.040916
v 0.103327 -0.197945 0.123726
v 0.106809 -0.505276 0.125109
v 0.117731 -0.502106 0.124414
v 0.056546 -0.583790 0.107769
v 0.125987 -0.423461 0.128170
v 0.098970 -0.455730 0.131812
v 0.001504 -0.524357 0.030942
v 0.004522 -0.543308 0.041061
v 0.004376 -0.507431 0.053443
v 0.040870 -0.588646 0.096556
v 0.036813 -0.573715 0.096405
v 0.020438 -0.567064 0.077736
v 0.009023 -0.465791 0.084529
v 0.007843 -0.477953 0.077550
v 0.038084 -0.511279 0.112147
v 0.018870 -0.497640 0.095004
v 0.012280 -0.489957 0.083691
v 0.012384 -0.510759 0.078025
v 0.018359 -0.478206 0.099873
v 0.075141 -0.487921 0.127480
v 0.098236 -0.519173 0.124008
v 0.086121 -0.503666 0.126952
v 0.103013 -0.440018 0.132544
v 0.007641 -0.552960 0.051142
v 0.013394 -0.544773 0.069843
v 0.007776 -0.539294 0.055722
v 0.005130 -0.518991 0.053216
v 0.004239 -0.495232 0.057965
v 0.001467 -0.501009 0.040101
v 0.015864 -0.571924 0.067352
v 0.022869 -0.578630 0.077845
v 0.008038 -0.513472 0.065313
v 0.031290 -0.491169 0.112390
v 0.086558 -0.472066 0.130842
v 0.097402 -0.493017 0.128347
v 0.098883 -0.479288 0.129193
v 0.087671 -0.485685 0.128774
v 0.061907 -0.509048 0.122258
v 0.015397 -0.556867 0.071538
v 0.016070 -0.529003 0.081599
v 0.001870 -0.513149 0.038113
v 0.022382 -0.489543 0.103439
v 0.027555 -0.503056 0.105857
v 0.026089 -0.522151 0.098529
v 0.088319 -0.460782 0.132259
v 0.064055 -0.468819 0.129692
v 0.100766 -0.467685 0.131172
v 0.073149 -0.501203 0.125236
v 0.047484 -0.497648 0.119748
v 0.060670 -0.492985 0.125223
v 0.064345 -0.480581 0.127306
v 0.042775 -0.474271 0.122424
v 0.050118 -0.485390 0.123183
v 0.012399 -0.533422 0.070723
v 0.023251 -0.546214 0.087758
v 0.017984 -0.518288 0.087965
v 0.048679 -0.540670 0.112011
v 0.068685 -0.539519 0.119365
v 0.080254 -0.539534 0.121490
v 0.076590 -0.521184 0.123283
v 0.076432 -0.464428 0.130864
v 0.037553 -0.500259 0.114238
v 0.049525 -0.509591 0.118256
v 0.046605 -0.525105 0.114267
v 0.035889 -0.522430 0.107312
v 0.031948 -0.537427 0.100932
v 0.057426 -0.532311 0.117378
v 0.023350 -0.532309 0.092254
v 0.032302 -0.550638 0.097602
v 0.040289 -0.533213 0.108108
v 0.025788 -0.466755 0.114357
v 0.017344 -0.540040 0.079894
v 0.023558 -0.557894 0.084985
v 0.059442 -0.552119 0.114802
v 0.045247 -0.555333 0.106947
v 0.061619 -0.566762 0.113097
v 0.087050 -0.515090 0.124509
v 0.063438 -0.521432 0.120985
v 0.018979 -0.468000 0.104681
v 0.026035 -0.479166 0.111210
v 0.039036 -0.455630 0.124732
v 0.050260 -0.565878 0.107952
v 0.035559 -0.465632 0.121126
v 0.050784 -0.463899 0.127212
v 0.025267 -0.437840 0.121285
v 0.016806 -0.430646 0.114155
v 0.017580 -0.446793 0.109878
v 0.027041 -0.450848 0.119468
v 0.169781 -0.397425 0.088483
v 0.158473 -0.394862 0.104957
v 0.157383 -0.381285 0.105356
v 0.173873 -0.341519 0.080983
v 0.101027 -0.347751 0.133368
v 0.095129 -0.336263 0.134766
v 0.106752 -0.359984 0.131003
v 0.104065 -0.260756 0.125992
v 0.113654 -0.267316 0.122692
v 0.097610 -0.250816 0.128760
v 0.097826 -0.271860 0.129681
v 0.162597 -0.432149 0.102810
v 0.172985 -0.441558 0.089812
v 0.176537 -0.436642 0.075445
v 0.173823 -0.427188 0.086868
v 0.153487 -0.425116 0.111040
v 0.178532 -0.424664 0.076308
v 0.032435 -0.406669 0.133835
v 0.036277 -0.423912 0.130650
v 0.025774 -0.426584 0.124939
v 0.035383 -0.435347 0.127793
v 0.064154 -0.416031 0.135963
v 0.048424 -0.410518 0.136178
v 0.051284 -0.424965 0.133646
v 0.067510 -0.437582 0.133826
v 0.062665 -0.452698 0.131408
v 0.085654 -0.436466 0.133803
v 0.091338 -0.446885 0.132208
v 0.098068 -0.421811 0.134355
v 0.075992 -0.425050 0.134983
v 0.081866 -0.406177 0.136736
v 0.050119 -0.450447 0.129035
v 0.110157 -0.422170 0.132408
v 0.086410 -0.417587 0.134816
v 0.064823 -0.398201 0.139244
v 0.078080 -0.393112 0.138701
v 0.143472 -0.391414 0.117135
v 0.133541 -0.399166 0.125508
v 0.150082 -0.400256 0.111570
v 0.044402 -0.843376 0.020188
v 0.052616 -0.845875 0.039088
v 0.065519 -0.847758 0.054929
v 0.081242 -0.848851 0.068172
v 0.099739 -0.849952 0.077286
v 0.119638 -0.849051 0.082668
v 0.139425 -0.848830 0.078072
v 0.156379 -0.846394 0.067259
v 0.167237 -0.843264 0.050101
v 0.169960 -0.839207 0.029068
v 0.172423 -0.834412 0.009918
v 0.052390 -0.804384 0.056775
v 0.041439 -0.833543 0.012801
v 0.027401 -0.670838 0.058813
v 0.010400 -0.635180 0.029578
v 0.168847 -0.794419 0.053523
v 0.173795 -0.822953 0.003358
v 0.180117 -0.674513 0.071269
v 0.182339 -0.621550 0.023196
v 0.044255 -0.771937 0.048098
v 0.044041 -0.802678 0.031015
v 0.042146 -0.817453 0.022524
v 0.017767 -0.670326 0.038788
v 0.014953 -0.651647 0.037816
v 0.029473 -0.704715 0.052486
v 0.178347 -0.791924 0.027282
v 0.179021 -0.743814 0.066799
v 0.185892 -0.691619 0.045038
v 0.185016 -0.656506 0.045493
v 0.184611 -0.639035 0.034325
v 0.033044 -0.755650 0.035668
v 0.039707 -0.801368 0.017321
v 0.046305 -0.786728 0.025078
v 0.013805 -0.669917 0.027229
v 0.018544 -0.687310 0.034824
v 0.025573 -0.721931 0.037915
v 0.181450 -0.790613 0.012105
v 0.184181 -0.773561 0.024265
v 0.175203 -0.807430 0.015198
v 0.179316 -0.742825 0.039120
v 0.182602 -0.691634 0.027656
v 0.185252 -0.656354 0.028278
v 0.184166 -0.639004 0.022193
v 0.028752 -0.754855 0.022946
v 0.023820 -0.681034 0.048710
v 0.020497 -0.721314 0.025989
v 0.026871 -0.738381 0.032334
v 0.183584 -0.772617 0.011707
v 0.183708 -0.756863 0.024435
v 0.178269 -0.806279 0.003516
v 0.173689 -0.741207 0.024281
v 0.172991 -0.724093 0.034539
v 0.186009 -0.674644 0.036584
v 0.024369 -0.694213 0.045749
v 0.035202 -0.689459 0.066908
v 0.181595 -0.764614 0.050057
v 0.167782 -0.724290 0.022863
v 0.175335 -0.707628 0.030978
v 0.183994 -0.673981 0.023193
v 0.020378 -0.704385 0.032868
v 0.184899 -0.765602 0.035553
v 0.186162 -0.753467 0.043732
v 0.178648 -0.780653 0.041696
v 0.186397 -0.743801 0.053841
v 0.173332 -0.777394 0.061733
v 0.173955 -0.793083 0.040181
v 0.166942 -0.817201 0.040115
v 0.168259 -0.805193 0.042721
v 0.170015 -0.821791 0.023081
v 0.170417 -0.809173 0.028863
v 0.168099 -0.828026 0.034191
v 0.055664 -0.826076 0.053572
v 0.104459 -0.797207 0.088762
v 0.038753 -0.657093 0.079134
v 0.145549 -0.811886 0.082119
v 0.164145 -0.813069 0.066816
v 0.177239 -0.648551 0.077680
v 0.131701 -0.687021 0.102515
v 0.047206 -0.831694 0.032961
v 0.021237 -0.660157 0.049543
v 0.028294 -0.655094 0.064969
v 0.019819 -0.644935 0.051546
v 0.032655 -0.645893 0.073805
v 0.014661 -0.640468 0.040605
v 0.025118 -0.641696 0.063056
v 0.183449 -0.627394 0.042363
v 0.051584 -0.790595 0.043852
v 0.185120 -0.670797 0.054746
v 0.182995 -0.656815 0.063622
v 0.184617 -0.685315 0.060398
v 0.185949 -0.680717 0.047072
v 0.183859 -0.641380 0.054228
v 0.178034 -0.662271 0.076608
v 0.153957 -0.658075 0.098050
v 0.168144 -0.656798 0.089046
v 0.163604 -0.707867 0.087414
v 0.168777 -0.641242 0.090104
v 0.176251 -0.693489 0.078501
v 0.176923 -0.634556 0.079057
v 0.180669 -0.640462 0.067637
v 0.161723 -0.679614 0.091580
v 0.172415 -0.673225 0.083852
v 0.161484 -0.666865 0.093428
v 0.145126 -0.674181 0.099975
v 0.025585 -0.710619 0.042571
v 0.174147 -0.784783 0.051818
v 0.172261 -0.760460 0.066665
v 0.181116 -0.754050 0.058768
v 0.146580 -0.743311 0.091538
v 0.164646 -0.748200 0.081506
v 0.172430 -0.751128 0.072447
v 0.057446 -0.838412 0.049727
v 0.071150 -0.833523 0.066201
v 0.107476 -0.824489 0.084753
v 0.072055 -0.671955 0.099499
v 0.053037 -0.651130 0.092987
v 0.146908 -0.830830 0.077696
v 0.158661 -0.790528 0.079227
v 0.162866 -0.772332 0.078732
v 0.109707 -0.662712 0.107477
v 0.047434 -0.815894 0.041154
v 0.053610 -0.815965 0.053582
v 0.047863 -0.805005 0.043861
v 0.048943 -0.793807 0.032782
v 0.043539 -0.781797 0.037920
v 0.036466 -0.771392 0.025828
v 0.185537 -0.646630 0.043706
v 0.146628 -0.643114 0.102780
v 0.158324 -0.646438 0.096755
v 0.182256 -0.717050 0.069088
v 0.185866 -0.730759 0.062881
v 0.184955 -0.713895 0.048816
v 0.185511 -0.701171 0.059795
v 0.182347 -0.693739 0.067882
v 0.182040 -0.629338 0.061654
v 0.164619 -0.693343 0.088804
v 0.145408 -0.700968 0.096780
v 0.160997 -0.728174 0.085639
v 0.174231 -0.731139 0.075386
v 0.171534 -0.717379 0.080150
v 0.178526 -0.706413 0.075633
v 0.166688 -0.737228 0.081829
v 0.072098 -0.843088 0.063316
v 0.088790 -0.835129 0.076614
v 0.108674 -0.838584 0.082554
v 0.128684 -0.835053 0.083961
v 0.052300 -0.640483 0.094323
v 0.042280 -0.646418 0.085331
v 0.052342 -0.671511 0.088794
v 0.070162 -0.649973 0.102855
v 0.147733 -0.841562 0.074573
v 0.162323 -0.829846 0.065419
v 0.166292 -0.826455 0.050379
v 0.155127 -0.820033 0.075682
v 0.168146 -0.787668 0.068614
v 0.164353 -0.800472 0.070989
v 0.154159 -0.802570 0.079894
v 0.131936 -0.788057 0.090373
v 0.140289 -0.798891 0.086628
v 0.122083 -0.801415 0.089734
v 0.109829 -0.810294 0.087895
v 0.079411 -0.809535 0.079049
v 0.063738 -0.811454 0.068902
v 0.123863 -0.819711 0.087300
v 0.094106 -0.815160 0.083343
v 0.073789 -0.821333 0.072939
v 0.063495 -0.822107 0.064049
v 0.090407 -0.801699 0.084996
v 0.074883 -0.752889 0.088721
v 0.086147 -0.776928 0.088153
v 0.091974 -0.789423 0.087718
v 0.111282 -0.777860 0.091876
v 0.094362 -0.826013 0.080931
v 0.061821 -0.786796 0.077345
v 0.075303 -0.795580 0.081165
v 0.116802 -0.789235 0.091408
v 0.058727 -0.797985 0.070209
v 0.055280 -0.787180 0.059765
v 0.074364 -0.783114 0.083422
v 0.071136 -0.767684 0.084958
v 0.050296 -0.781978 0.050160
v 0.048796 -0.751221 0.069755
v 0.052750 -0.769477 0.071715
v 0.060896 -0.757130 0.079943
v 0.164827 -0.760196 0.078634
v 0.127570 -0.669548 0.105548
v 0.137906 -0.657022 0.104075
v 0.108285 -0.646206 0.109957
v 0.089219 -0.649470 0.108120
v 0.122514 -0.653413 0.108064
v 0.132662 -0.643032 0.107190
v 0.037926 -0.766652 0.038075
v 0.178770 -0.730558 0.047665
v 0.184761 -0.703724 0.041562
v 0.149492 -0.687149 0.096629
v 0.149209 -0.717858 0.093542
v 0.148906 -0.730781 0.091582
v 0.105236 -0.725362 0.098497
v 0.126669 -0.734195 0.097077
v 0.128655 -0.714189 0.099521
v 0.140050 -0.711593 0.096878
v 0.060967 -0.662529 0.096071
v 0.047963 -0.660480 0.087547
v 0.039109 -0.674699 0.075118
v 0.032641 -0.665877 0.068834
v 0.064558 -0.709726 0.090087
v 0.058637 -0.732715 0.081976
v 0.056075 -0.744151 0.078873
v 0.147466 -0.779362 0.086706
v 0.147587 -0.790440 0.084984
v 0.130868 -0.769996 0.092504
v 0.138061 -0.822081 0.083303
v 0.132562 -0.810447 0.086828
v 0.036241 -0.735698 0.055134
v 0.033327 -0.720194 0.054301
v 0.045817 -0.732878 0.070046
v 0.042817 -0.741953 0.063854
v 0.037764 -0.750503 0.050551
v 0.048709 -0.714563 0.077138
v 0.032331 -0.740731 0.044216
v 0.050712 -0.725819 0.076495
v 0.038200 -0.710229 0.065346
v 0.040620 -0.722418 0.065478
v 0.044404 -0.700210 0.075095
v 0.053856 -0.705422 0.082900
v 0.062651 -0.689367 0.092616
v 0.062643 -0.774969 0.079416
v 0.044915 -0.761992 0.059846
v 0.039591 -0.760830 0.048669
v 0.080481 -0.660634 0.104386
v 0.093840 -0.678728 0.104905
v 0.094847 -0.662232 0.107030
v 0.136649 -0.724936 0.096069
v 0.131119 -0.700710 0.100576
v 0.109952 -0.693502 0.103737
v 0.119086 -0.723691 0.099320
v 0.112168 -0.709005 0.101592
v 0.087492 -0.704432 0.099420
v 0.100891 -0.702891 0.101748
v 0.092363 -0.691980 0.102478
v 0.077074 -0.693332 0.098294
v 0.075238 -0.704838 0.096079
v 0.080349 -0.727444 0.094210
v 0.032730 -0.678774 0.065937
v 0.124154 -0.779490 0.091841
v 0.147920 -0.761218 0.089127
v 0.153599 -0.769518 0.085298
v 0.110485 -0.753741 0.094803
v 0.048728 -0.685749 0.082870
v 0.062118 -0.677529 0.094406
v 0.117223 -0.680875 0.104745
v 0.142011 -0.770243 0.090397
v 0.153765 -0.751240 0.087287
v 0.133515 -0.754297 0.094121
v 0.134458 -0.742652 0.095022
v 0.121807 -0.760711 0.094423
v 0.106090 -0.674569 0.106181
v 0.080755 -0.681514 0.101376
v 0.091398 -0.718137 0.098322
v 0.067002 -0.723183 0.089353
v 0.071932 -0.738985 0.089134
v 0.111076 -0.739001 0.097367
v 0.094321 -0.736883 0.095654
v 0.084266 -0.744311 0.092701
v 0.092705 -0.760683 0.091975
v 0.121557 -0.746756 0.096185
v 0.082834 -0.766192 0.089042
v 0.097330 -0.749071 0.094165
v 0.098475 -0.771348 0.091852
v 0.069902 -1.091633 -0.009296
v 0.068558 -1.091480 0.013164
v 0.088242 -1.073437 0.018185
v 0.098936 -1.083906 0.032224
v 0.114199 -1.085485 0.048786
v 0.136360 -1.084309 0.046528
v 0.127677 -1.087995 0.021819
v 0.126819 -1.087290 0.001001
v 0.129826 -1.088230 -0.019542
v 0.084029 -1.035367 0.013220
v 0.053653 -1.069298 0.000901
v 0.105312 -0.930001 0.062737
v 0.041261 -0.848162 0.009068
v 0.059639 -0.882449 0.033613
v 0.129352 -1.082904 -0.032830
v 0.158361 -1.044683 0.008386
v 0.169991 -0.887488 0.037192
v 0.058848 -1.010347 0.002159
v 0.062101 -1.045418 -0.014981
v 0.080341 -1.059148 0.034586
v 0.051286 -1.075704 -0.016441
v 0.060048 -1.089131 -0.017601
v 0.049246 -1.055733 -0.013303
v 0.058586 -1.087355 0.001500
v 0.065222 -1.072127 0.023202
v 0.073178 -0.930696 0.019113
v 0.131000 -0.980891 0.012605
v 0.045630 -0.880569 0.014297
v 0.043508 -0.865406 0.013971
v 0.150564 -1.068982 0.012702
v 0.141431 -1.075724 -0.011431
v 0.168928 -1.051931 -0.016561
v 0.168945 -1.016606 -0.009088
v 0.166009 -0.883552 0.008071
v 0.163552 -0.937701 0.023789
v 0.043131 -0.993125 0.001783
v 0.049242 -1.044827 -0.025561
v 0.047702 -1.025510 -0.008063
v 0.083230 -1.076699 0.035508
v 0.119868 -1.060242 0.022795
v 0.074390 -1.075570 0.013863
v 0.051781 -0.930529 0.003130
v 0.054641 -0.959684 0.018168
v 0.169798 -0.969052 -0.000119
v 0.040386 -0.879232 0.002400
v 0.044347 -0.897220 0.006608
v 0.136553 -1.080312 0.011351
v 0.144618 -1.069035 0.034563
v 0.151218 -1.066995 -0.026557
v 0.166384 -1.052045 -0.032301
v 0.181889 -1.034984 -0.022498
v 0.175155 -0.999013 -0.027123
v 0.165050 -0.881596 -0.007063
v 0.168721 -0.867940 0.001516
v 0.167491 -0.900538 -0.006393
v 0.175984 -0.932577 -0.002640
v 0.043267 -0.993333 -0.013165
v 0.040350 -1.009955 -0.009202
v 0.045272 -0.977808 -0.003015
v 0.039603 -1.027050 -0.018702
v 0.104522 -1.064634 0.040151
v 0.042884 -0.929652 -0.007909
v 0.049731 -0.946340 -0.005345
v 0.182525 -0.964155 -0.017471
v 0.052976 -0.894322 0.020433
v 0.158441 -1.063187 -0.009043
v 0.162453 -1.051977 -0.003695
v 0.187821 -0.998219 -0.034774
v 0.164453 -0.897945 -0.017358
v 0.167019 -0.914178 -0.007985
v 0.167753 -0.931554 -0.018509
v 0.178266 -0.946153 -0.012934
v 0.048357 -1.015405 -0.000179
v 0.091356 -1.064668 0.040715
v 0.102988 -1.076712 0.046543
v 0.125020 -1.068579 0.044041
v 0.177924 -0.962935 -0.030289
v 0.186019 -0.981387 -0.023127
v 0.055786 -0.912256 0.016268
v 0.045461 -0.913464 0.002680
v 0.173747 -0.912819 0.021160
v 0.173111 -0.945532 -0.025129
v 0.116329 -1.060736 0.036769
v 0.172540 -0.909483 0.005080
v 0.167844 -0.898539 0.017051
v 0.176228 -0.920879 0.009212
v 0.170831 -0.925713 0.021236
v 0.148071 -0.912523 0.052440
v 0.159323 -0.922516 0.038802
v 0.167318 -0.886363 0.022297
v 0.060291 -0.864410 0.041882
v 0.096366 -0.884114 0.061057
v 0.163944 -0.866687 0.051917
v 0.070263 -1.057040 0.012962
v 0.061820 -1.057765 -0.003349
v 0.071775 -1.045498 -0.000471
v 0.072398 -1.025332 -0.001914
v 0.051065 -0.873436 0.025842
v 0.049305 -0.859064 0.028676
v 0.146312 -1.053709 0.023110
v 0.173567 -0.851554 0.016239
v 0.172645 -0.853657 -0.001788
v 0.174109 -0.842338 0.001436
v 0.051589 -0.981213 0.018979
v 0.041169 -0.959088 -0.001441
v 0.044730 -0.967313 0.009251
v 0.050794 -0.952589 0.006889
v 0.063791 -0.946222 0.019591
v 0.173304 -0.948415 0.010101
v 0.178836 -0.956915 -0.003852
v 0.175937 -0.977397 -0.011961
v 0.147836 -0.984784 -0.008727
v 0.160117 -0.978929 -0.010313
v 0.162715 -0.989362 -0.018296
v 0.157530 -1.000998 -0.001890
v 0.166384 -1.002852 -0.014726
v 0.060837 -0.925008 0.013960
v 0.063211 -0.938778 0.008205
v 0.162878 -0.905164 0.039056
v 0.170842 -0.905628 0.028084
v 0.134283 -0.938966 0.048097
v 0.059682 -0.853035 0.045484
v 0.074969 -0.863006 0.057037
v 0.133742 -0.881602 0.075223
v 0.163439 -0.853594 0.057279
v 0.149089 -0.863486 0.068242
v 0.170153 -0.856915 0.035369
v 0.170548 -0.872907 0.030314
v 0.171592 -0.862996 0.021589
v 0.166708 -0.877307 0.044761
v 0.069740 -1.059020 0.026698
v 0.078386 -1.043349 0.027338
v 0.108767 -1.028833 0.025481
v 0.091615 -1.030703 0.030834
v 0.097704 -1.052166 0.022827
v 0.093562 -1.006843 0.019022
v 0.103655 -1.038403 0.030821
v 0.090394 -1.025203 0.015332
v 0.099529 -1.019361 0.025314
v 0.134021 -1.005487 0.032311
v 0.114859 -0.999386 0.022534
v 0.061996 -1.063077 0.011977
v 0.060261 -1.023647 -0.005689
v 0.154158 -1.057072 0.012147
v 0.136119 -1.057230 0.034190
v 0.172456 -0.842042 0.018778
v 0.044712 -0.983066 0.008005
v 0.053654 -0.995799 0.016297
v 0.076291 -0.997672 0.016767
v 0.088958 -0.966529 0.052267
v 0.176397 -0.943212 -0.001473
v 0.173721 -0.936155 0.013097
v 0.145801 -0.959216 0.023264
v 0.147937 -0.968748 0.003418
v 0.161407 -0.959509 0.014947
v 0.133753 -0.966495 0.012823
v 0.121287 -0.956657 0.040089
v 0.130852 -0.958887 0.027696
v 0.140853 -0.948794 0.037834
v 0.140838 -0.979728 0.002948
v 0.163644 -0.948543 0.020850
v 0.153317 -0.945056 0.030606
v 0.128346 -0.949061 0.045402
v 0.119044 -0.940101 0.056749
v 0.098299 -0.948338 0.058166
v 0.157862 -0.912744 0.044726
v 0.146147 -0.926170 0.048448
v 0.127589 -0.918213 0.066211
v 0.146389 -0.937829 0.041078
v 0.119778 -0.927815 0.063260
v 0.134966 -0.926644 0.056538
v 0.071364 -0.877084 0.047318
v 0.081620 -0.903533 0.038560
v 0.083848 -0.874464 0.058414
v 0.100295 -0.868608 0.072726
v 0.072249 -0.890347 0.040925
v 0.083699 -0.885372 0.051729
v 0.065434 -0.902318 0.029735
v 0.071093 -0.915023 0.027206
v 0.090141 -0.923853 0.041075
v 0.081887 -0.923416 0.028604
v 0.151558 -0.890778 0.058589
v 0.161551 -0.886939 0.049787
v 0.148406 -0.853055 0.071881
v 0.131673 -0.863383 0.078902
v 0.169853 -0.846750 0.038083
v 0.168596 -0.873971 0.016022
v 0.148571 -1.024225 0.012658
v 0.119500 -1.019065 0.020021
v 0.134231 -1.035643 0.026740
v 0.138581 -1.021349 0.027722
v 0.122491 -1.029013 0.023723
v 0.118016 -0.987538 0.032304
v 0.112257 -0.971435 0.022710
v 0.073486 -1.010632 0.002224
v 0.085567 -1.014438 0.008226
v 0.095260 -0.991143 0.026630
v 0.071250 -0.958284 0.037004
v 0.105626 -0.961010 0.047680
v 0.096018 -0.976371 0.032332
v 0.114615 -0.951046 0.051980
v 0.084640 -0.984822 0.044374
v 0.107533 -0.981800 0.029476
v 0.155936 -0.934041 0.034064
v 0.090766 -0.858172 0.071359
v 0.112258 -0.881936 0.074893
v 0.110610 -0.859288 0.078475
v 0.092287 -0.936358 0.050902
v 0.082342 -0.947406 0.046002
v 0.080175 -0.937838 0.035336
v 0.081204 -0.957771 0.046796
v 0.154838 -0.901427 0.051639
v 0.153933 -0.876854 0.060508
v 0.143061 -0.874576 0.069412
v 0.158964 -1.014989 0.003736
v 0.145004 -1.004299 0.014425
v 0.138412 -0.991952 0.007642
v 0.152505 -1.030601 -0.006610
v 0.127318 -0.993032 0.020495
v 0.135021 -1.046104 0.006469
v 0.145322 -1.042274 -0.002072
v 0.142828 -1.033422 0.016105
v 0.123115 -1.046399 0.016517
v 0.114988 -1.048535 0.029345
v 0.120905 -0.998729 0.036275
v 0.118102 -0.982060 0.019908
v 0.089768 -0.994695 0.015074
v 0.102867 -0.995753 0.019461
v 0.063597 -0.953460 0.027050
v 0.072450 -0.947101 0.033076
v 0.061340 -0.971068 0.028469
v 0.066419 -0.987277 0.031960
v 0.074250 -0.973522 0.040102
v 0.064912 -0.996097 0.022426
v 0.080463 -0.990193 0.027937
v 0.100289 -0.987631 0.041338
v 0.106586 -0.995731 0.034695
v 0.102054 -0.878543 0.068913
v 0.112922 -0.902753 0.060559
v 0.108828 -0.915462 0.064665
v 0.096834 -0.899598 0.049585
v 0.100785 -0.920512 0.052773
v 0.093994 -0.912114 0.041873
v 0.104158 -0.911459 0.050974
v 0.121798 -0.872672 0.077192
v 0.170923 -1.036065 -0.008763
v 0.170044 -1.025826 -0.019905
v 0.186151 -1.017416 -0.027867
v 0.124336 -0.894670 0.075627
v 0.123279 -0.906980 0.072229
v 0.136741 -0.909188 0.062449
v 0.138743 -0.892827 0.067887
v 0.144564 -0.901597 0.059256
v 0.108683 -0.890577 0.064704
v 0.191429 -0.478148 -0.042302
v 0.199045 -0.491508 -0.042994
v 0.198854 -0.497622 -0.026027
v 0.199104 -0.504834 -0.009284
v 0.199776 -0.513056 0.007230
v 0.199985 -0.518558 0.024647
v 0.199132 -0.519283 0.040099
v 0.197147 -0.519776 0.056132
v 0.196461 -0.520288 0.071486
v 0.196212 -0.521034 0.087189
v 0.190593 -0.504212 0.087268
v 0.187267 -0.486414 0.087304
v 0.191451 -0.507865 0.053056
v 0.192068 -0.508088 0.047829
v 0.192152 -0.489313 0.012130
v 0.188275 -0.482777 -0.018987
v 0.188100 -0.477300 0.012526
v 0.189739 -0.482883 -0.002924
v 0.189312 -0.494567 0.069192
v 0.192807 -0.486962 0.045389
v 0.192254 -0.483303 0.028724
v 0.193599 -0.503136 0.022269
v 0.193918 -0.508321 0.034531
v 0.194272 -0.500229 0.003368
v 0.187737 -0.477092 -0.029738
v 0.192748 -0.493277 -0.011511
v 0.189025 -0.495043 0.080488
v 0.188944 -0.480793 0.062748
v 0.186710 -0.480729 0.075887
v 0.192606 -0.495203 0.034791
v 0.194247 -0.487202 -0.030769
v 0.191473 -0.507770 0.073565
v 0.191060 -0.495330 0.055680
v 0.180012 -0.589774 0.080962
v 0.181815 -0.594355 0.086585
v 0.180615 -0.577535 0.085623
v 0.178754 -0.559878 0.084261
v 0.176567 -0.543182 0.082094
v 0.173301 -0.526605 0.077707
v 0.176830 -0.510691 0.082663
v 0.177825 -0.494069 0.086553
v 0.178051 -0.477024 0.087289
v 0.179014 -0.476514 0.081862
v 0.175504 -0.492674 0.082228
v 0.172013 -0.508837 0.080717
v 0.168668 -0.524600 0.080176
v 0.171004 -0.541218 0.079820
v 0.174707 -0.557272 0.079923
v 0.177782 -0.573216 0.080488
v 0.182518 -0.589393 0.061314
v 0.182494 -0.587880 0.041622
v 0.179926 -0.586623 0.022226
v 0.178388 -0.586559 0.002409
v 0.176914 -0.586975 -0.017335
v 0.174516 -0.587587 -0.036844
v 0.179024 -0.589961 -0.042524
v 0.179957 -0.590638 -0.026818
v 0.180184 -0.590790 -0.010870
v 0.180436 -0.591125 0.005055
v 0.180763 -0.591493 0.020761
v 0.180964 -0.591495 0.023198
v 0.182872 -0.592782 0.038706
v 0.183641 -0.593732 0.054531
v 0.183430 -0.594224 0.070354
v 0.176870 -0.575008 -0.032821
v 0.178855 -0.559566 -0.039319
v 0.180045 -0.542495 -0.040164
v 0.181293 -0.525355 -0.040738
v 0.182125 -0.507670 -0.041228
v 0.183137 -0.490504 -0.041690
v 0.182835 -0.473536 -0.041996
v 0.180418 -0.473099 -0.037176
v 0.181228 -0.489857 -0.036584
v 0.180033 -0.506078 -0.036334
v 0.178681 -0.522686 -0.036272
v 0.176841 -0.539027 -0.036048
v 0.174654 -0.555026 -0.035784
v 0.171850 -0.570928 -0.035762
v 0.180440 -0.474381 -0.025676
v 0.180243 -0.474676 -0.009509
v 0.180135 -0.475450 0.006242
v 0.183011 -0.475661 0.022587
v 0.182112 -0.493150 0.021916
v 0.191966 -0.507863 0.021822
v 0.195168 -0.525073 0.021437
v 0.194759 -0.542220 0.021536
v 0.193849 -0.559832 0.021229
v 0.189837 -0.576714 0.020965
v 0.193019 -0.568549 -0.005706
v 0.186008 -0.580637 -0.003107
v 0.189814 -0.577528 -0.020620
v 0.191171 -0.573012 0.007376
v 0.193129 -0.533962 -0.010659
v 0.190982 -0.498825 -0.004890
v 0.183229 -0.486736 -0.002465
v 0.180956 -0.486625 0.010802
v 0.188475 -0.489140 -0.020064
v 0.195207 -0.551491 0.003118
v 0.187714 -0.582351 -0.031746
v 0.189016 -0.567962 -0.031203
v 0.188768 -0.515768 -0.021813
v 0.195155 -0.534333 0.006417
v 0.187452 -0.533866 -0.027221
v 0.187032 -0.551276 -0.024385
v 0.189369 -0.499590 0.010087
v 0.193979 -0.516293 0.004944
v 0.186766 -0.499477 -0.030514
v 0.186447 -0.483794 -0.031358
v 0.184668 -0.516188 -0.033277
v 0.193026 -0.563221 -0.018562
v 0.194095 -0.550513 -0.011635
v 0.193864 -0.561821 0.008592
v 0.192677 -0.520029 -0.008397
v 0.189873 -0.504333 -0.017800
v 0.182985 -0.475793 0.024715
v 0.181931 -0.492979 0.024103
v 0.191813 -0.507922 0.023932
v 0.195168 -0.524795 0.023661
v 0.194743 -0.542277 0.023720
v 0.193648 -0.559707 0.023310
v 0.190145 -0.576769 0.023038
v 0.182565 -0.476436 0.043280
v 0.181375 -0.476395 0.062794
v 0.189901 -0.568909 0.060473
v 0.187657 -0.582547 0.063059
v 0.190154 -0.578188 0.045058
v 0.185960 -0.573538 0.073141
v 0.190568 -0.534127 0.060459
v 0.186283 -0.499848 0.070630
v 0.185237 -0.501551 0.035906
v 0.181326 -0.488640 0.037426
v 0.194713 -0.516560 0.036034
v 0.191918 -0.522715 0.050162
v 0.193527 -0.539328 0.042397
v 0.194555 -0.528913 0.035844
v 0.188225 -0.551642 0.068763
v 0.188011 -0.582669 0.033851
v 0.192384 -0.568374 0.034823
v 0.193469 -0.553946 0.037978
v 0.191998 -0.549989 0.053306
v 0.191821 -0.563441 0.047832
v 0.185678 -0.534301 0.074641
v 0.189646 -0.518692 0.067824
v 0.179137 -0.517636 0.073958
v 0.177370 -0.487549 0.072414
v 0.179607 -0.493409 0.055277
v 0.185013 -0.561966 0.073794
v 0.192092 -0.415055 0.028054
v 0.192550 -0.414803 0.032867
v 0.192673 -0.414458 0.037764
v 0.192372 -0.414242 0.042530
v 0.191818 -0.414241 0.047764
v 0.190899 -0.413664 0.053222
v 0.189718 -0.413291 0.058460
v 0.188323 -0.413062 0.063709
v 0.186720 -0.412677 0.068772
v 0.184814 -0.412379 0.073464
v 0.182812 -0.412298 0.078003
v 0.180567 -0.412241 0.082381
v 0.178295 -0.411952 0.086760
v 0.175870 -0.412017 0.091024
v 0.172963 -0.411650 0.095831
v 0.169842 -0.411337 0.100546
v 0.166559 -0.410883 0.104814
v 0.163008 -0.410677 0.108917
v 0.159400 -0.410422 0.112574
v 0.155643 -0.410411 0.115874
v 0.151812 -0.410228 0.119201
v 0.147682 -0.409754 0.122283
v 0.143352 -0.409715 0.125590
v 0.138884 -0.409328 0.128688
v 0.134381 -0.409151 0.131405
v 0.129911 -0.408816 0.133841
v 0.125445 -0.408436 0.135935
v 0.121045 -0.408157 0.137833
v 0.117707 -0.404928 0.138444
v 0.114305 -0.401744 0.139265
v 0.110912 -0.398422 0.140242
v 0.107607 -0.395067 0.141268
v 0.104460 -0.391833 0.142071
v 0.101314 -0.388494 0.142702
v 0.098326 -0.385182 0.143462
v 0.095410 -0.381911 0.144597
v 0.092438 -0.378396 0.146288
v 0.089690 -0.374824 0.147150
v 0.089087 -0.370572 0.145349
v 0.088846 -0.367798 0.141919
v 0.089959 -0.363461 0.143548
v 0.090071 -0.358703 0.143249
v 0.090110 -0.353969 0.143124
v 0.090009 -0.349075 0.143445
v 0.090087 -0.344417 0.143733
v 0.090144 -0.339620 0.143663
v 0.090355 -0.334913 0.143366
v 0.090519 -0.330302 0.142947
v 0.090688 -0.325465 0.142562
v 0.090728 -0.320774 0.142882
v 0.090740 -0.315873 0.142997
v 0.090868 -0.311118 0.142806
v 0.091017 -0.306375 0.142361
v 0.091197 -0.301914 0.141976
v 0.091316 -0.297064 0.141599
v 0.091328 -0.292295 0.141541
v 0.091263 -0.287648 0.141375
v 0.091501 -0.282816 0.141141
v 0.091695 -0.278191 0.140772
v 0.091989 -0.273483 0.140457
v 0.091912 -0.268729 0.140343
v 0.091964 -0.263897 0.140259
v 0.092117 -0.259252 0.140254
v 0.092369 -0.254505 0.139689
v 0.092761 -0.249511 0.139428
v 0.092674 -0.245028 0.139414
v 0.092754 -0.240139 0.139259
v 0.092878 -0.235565 0.139124
v 0.093122 -0.230705 0.138697
v 0.093458 -0.226028 0.138346
v 0.093562 -0.221327 0.138261
v 0.093771 -0.216501 0.138137
v 0.094265 -0.211921 0.137898
v 0.094807 -0.207004 0.137722
v 0.094973 -0.202411 0.137631
v 0.095194 -0.197598 0.137593
v 0.095577 -0.192866 0.137420
v 0.096056 -0.188049 0.137264
v 0.096279 -0.183247 0.137317
v 0.096455 -0.178757 0.137190
v 0.096497 -0.174063 0.136721
v 0.097954 -0.174133 0.134847
v 0.100372 -0.174389 0.133828
v 0.099651 -0.174308 0.131671
v 0.189714 -0.410212 0.028573
v 0.189436 -0.410719 0.033089
v 0.189147 -0.410887 0.037632
v 0.188799 -0.411030 0.042180
v 0.188065 -0.410675 0.047457
v 0.187301 -0.410491 0.052420
v 0.186267 -0.409931 0.057778
v 0.184834 -0.409617 0.062949
v 0.183129 -0.409457 0.067826
v 0.181220 -0.409365 0.072461
v 0.178979 -0.409195 0.076800
v 0.176764 -0.409207 0.081024
v 0.174634 -0.408960 0.085141
v 0.172173 -0.408655 0.089741
v 0.169392 -0.408368 0.094583
v 0.166416 -0.408498 0.099166
v 0.162882 -0.408336 0.103181
v 0.159221 -0.408467 0.106845
v 0.155407 -0.408137 0.110183
v 0.151672 -0.408146 0.113407
v 0.147762 -0.408401 0.116844
v 0.143678 -0.408458 0.120113
v 0.139287 -0.408387 0.123300
v 0.134754 -0.408479 0.126190
v 0.130205 -0.408475 0.128632
v 0.125855 -0.408846 0.130833
v 0.121596 -0.408833 0.132492
v 0.117943 -0.407366 0.133797
v 0.114597 -0.404476 0.134631
v 0.111282 -0.401083 0.135480
v 0.107732 -0.397451 0.136587
v 0.104210 -0.393975 0.137715
v 0.100864 -0.390441 0.138353
v 0.097555 -0.386724 0.138947
v 0.094188 -0.383436 0.139834
v 0.090598 -0.380321 0.141811
v 0.086959 -0.377930 0.144157
v 0.086686 -0.373769 0.142681
v 0.086751 -0.369515 0.141302
v 0.086645 -0.365025 0.139740
v 0.087086 -0.360201 0.139378
v 0.087296 -0.355572 0.139146
v 0.087408 -0.350750 0.139514
v 0.087431 -0.345843 0.139890
v 0.087582 -0.341004 0.139859
v 0.087775 -0.336087 0.139580
v 0.087882 -0.331320 0.139035
v 0.088012 -0.326574 0.138781
v 0.087936 -0.321721 0.139176
v 0.087892 -0.316859 0.139497
v 0.088092 -0.312001 0.139347
v 0.088318 -0.307301 0.138806
v 0.088474 -0.302781 0.138212
v 0.088702 -0.298001 0.137776
v 0.088764 -0.293039 0.137826
v 0.088890 -0.288276 0.137728
v 0.089148 -0.283416 0.137435
v 0.089359 -0.278692 0.137024
v 0.089667 -0.274126 0.136369
v 0.089892 -0.269274 0.136374
v 0.090068 -0.264544 0.136455
v 0.090261 -0.259595 0.136194
v 0.090917 -0.255049 0.135567
v 0.091425 -0.250314 0.135044
v 0.091619 -0.245465 0.134924
v 0.091923 -0.240610 0.134948
v 0.092404 -0.236025 0.134687
v 0.092885 -0.231230 0.134247
v 0.093559 -0.226592 0.133799
v 0.094101 -0.221786 0.133690
v 0.094563 -0.216915 0.133667
v 0.095283 -0.212167 0.133392
v 0.096103 -0.207381 0.133443
v 0.096658 -0.202620 0.133379
v 0.097124 -0.197974 0.133371
v 0.097818 -0.193174 0.133491
v 0.098505 -0.188259 0.133363
v 0.099025 -0.183460 0.133637
v 0.099544 -0.179003 0.133863
v 0.188748 -0.412913 0.030536
v 0.188058 -0.413331 0.039622
v 0.187124 -0.413278 0.049521
v 0.187632 -0.413362 0.044238
v 0.188489 -0.413355 0.035015
v 0.185148 -0.412323 0.060139
v 0.181678 -0.411933 0.069751
v 0.183638 -0.412212 0.065062
v 0.177549 -0.411931 0.078175
v 0.173236 -0.411666 0.086533
v 0.175354 -0.411692 0.082375
v 0.179638 -0.411886 0.074138
v 0.186282 -0.412780 0.054894
v 0.168035 -0.411225 0.095992
v 0.161373 -0.411170 0.104232
v 0.165024 -0.411201 0.100495
v 0.154009 -0.410954 0.111053
v 0.146547 -0.411337 0.117152
v 0.150346 -0.411067 0.114123
v 0.157658 -0.411167 0.107885
v 0.138328 -0.411499 0.123550
v 0.129158 -0.411512 0.128127
v 0.133706 -0.411354 0.126064
v 0.120045 -0.411570 0.131956
v 0.112167 -0.406427 0.134774
v 0.115759 -0.409663 0.133640
v 0.124661 -0.411798 0.130086
v 0.142640 -0.411486 0.120403
v 0.170677 -0.411379 0.091306
v 0.190794 -0.412760 0.030769
v 0.190165 -0.412946 0.039989
v 0.188894 -0.412890 0.050358
v 0.189727 -0.412799 0.044991
v 0.190548 -0.412882 0.035369
v 0.186615 -0.411735 0.060937
v 0.183267 -0.411242 0.070780
v 0.185076 -0.411369 0.066075
v 0.179142 -0.410821 0.079637
v 0.174493 -0.410773 0.088205
v 0.176835 -0.410861 0.083901
v 0.181218 -0.411069 0.075434
v 0.187891 -0.412305 0.055611
v 0.168608 -0.410300 0.097575
v 0.161863 -0.410009 0.105989
v 0.165350 -0.410260 0.101998
v 0.154630 -0.409651 0.113038
v 0.146828 -0.409898 0.119324
v 0.150817 -0.409579 0.116135
v 0.158317 -0.409822 0.109687
v 0.138050 -0.409849 0.125713
v 0.129156 -0.409740 0.130946
v 0.133527 -0.409785 0.128512
v 0.120427 -0.408635 0.134951
v 0.112943 -0.402931 0.136905
v 0.116387 -0.406306 0.136049
v 0.124746 -0.409682 0.133144
v 0.142378 -0.409846 0.122703
v 0.171740 -0.410464 0.092855
v 0.189376 -0.412808 0.026791
v 0.108846 -0.403051 0.135844
v 0.105410 -0.399666 0.137444
v 0.101964 -0.396293 0.138830
v 0.095753 -0.389413 0.139692
v 0.089292 -0.382878 0.140877
v 0.092600 -0.385953 0.140106
v 0.098768 -0.392819 0.139507
v 0.083904 -0.375371 0.142173
v 0.083801 -0.366042 0.140724
v 0.083782 -0.370760 0.141460
v 0.084279 -0.356941 0.139728
v 0.084541 -0.347258 0.140091
v 0.084468 -0.352223 0.139828
v 0.084128 -0.361579 0.140038
v 0.085609 -0.379941 0.142057
v 0.084835 -0.337628 0.140217
v 0.085145 -0.328159 0.139563
v 0.085141 -0.333016 0.139903
v 0.085017 -0.318446 0.139828
v 0.085336 -0.309049 0.139613
v 0.085190 -0.313639 0.139789
v 0.085011 -0.323365 0.139583
v 0.085826 -0.299512 0.138589
v 0.086068 -0.289968 0.138530
v 0.085937 -0.294812 0.138671
v 0.086550 -0.280503 0.137978
v 0.087046 -0.271006 0.137345
v 0.086748 -0.275686 0.137558
v 0.086271 -0.285194 0.138481
v 0.085627 -0.304405 0.139046
v 0.084649 -0.342476 0.140255
v 0.106106 -0.395921 0.138989
v 0.087462 -0.261376 0.137321
v 0.087863 -0.256736 0.136860
v 0.089096 -0.242463 0.136149
v 0.088776 -0.247339 0.136096
v 0.099342 -0.388959 0.140566
v 0.093056 -0.382114 0.142618
v 0.096178 -0.385426 0.141099
v 0.087303 -0.374917 0.145215
v 0.087217 -0.266148 0.137437
v 0.086137 -0.366349 0.142126
v 0.086258 -0.370892 0.143642
v 0.089773 -0.379031 0.144709
v 0.102665 -0.392412 0.139923
v 0.088453 -0.252090 0.136373
v 0.089966 -0.233075 0.135392
v 0.091010 -0.223563 0.134801
v 0.090606 -0.228451 0.134969
v 0.092179 -0.214128 0.134359
v 0.093616 -0.204624 0.133636
v 0.092841 -0.209464 0.133939
v 0.091599 -0.218783 0.134554
v 0.094842 -0.195225 0.133132
v 0.096287 -0.185643 0.132874
v 0.095554 -0.190568 0.133061
v 0.098271 -0.177174 0.132236
v 0.097007 -0.181051 0.132614
v 0.094160 -0.200028 0.133360
v 0.089390 -0.237659 0.135882
v 0.109485 -0.399489 0.137878
v 0.190403 -0.412742 0.026845
v 0.087909 -0.357680 0.141159
v 0.087959 -0.348045 0.141569
v 0.087872 -0.352823 0.141287
v 0.088222 -0.338359 0.141630
v 0.088633 -0.328926 0.140840
v 0.088411 -0.333503 0.141208
v 0.088069 -0.343137 0.141862
v 0.088575 -0.324074 0.140891
v 0.088633 -0.361267 0.141905
v 0.088520 -0.319192 0.141268
v 0.088658 -0.314159 0.141280
v 0.088833 -0.309523 0.141025
v 0.089330 -0.300035 0.140010
v 0.089446 -0.290502 0.139852
v 0.089436 -0.295420 0.139820
v 0.089058 -0.304777 0.140533
v 0.089746 -0.280909 0.139219
v 0.090244 -0.271560 0.138488
v 0.089959 -0.276167 0.138704
v 0.090447 -0.261961 0.138473
v 0.091284 -0.252581 0.137437
v 0.090826 -0.257208 0.137997
v 0.090304 -0.266725 0.138461
v 0.089615 -0.285748 0.139521
v 0.091753 -0.242974 0.137157
v 0.092351 -0.233355 0.136616
v 0.091992 -0.238151 0.136921
v 0.093193 -0.223994 0.135979
v 0.093966 -0.214476 0.135709
v 0.093508 -0.219224 0.135811
v 0.092900 -0.228589 0.136160
v 0.094993 -0.204852 0.135335
v 0.095580 -0.195564 0.135041
v 0.095225 -0.200143 0.135246
v 0.096685 -0.185675 0.134839
v 0.096871 -0.181141 0.134983
v 0.096172 -0.190622 0.134967
v 0.094403 -0.209663 0.135400
v 0.091500 -0.247765 0.137066
v 0.097301 -0.177161 0.134897
v 0.113652 -0.171195 0.124663
v 0.128969 -0.168491 0.109694
v 0.144211 -0.166088 0.094270
v 0.156380 -0.164207 0.076744
v 0.164907 -0.163290 0.057372
v 0.169365 -0.162302 0.037390
v 0.107624 -0.297661 0.131846
v 0.124598 -0.297381 0.125474
v 0.141498 -0.297983 0.115598
v 0.157404 -0.298474 0.105501
v 0.170353 -0.299687 0.090278
v 0.180362 -0.300813 0.074248
v 0.186089 -0.302395 0.056576
v 0.190836 -0.303905 0.039783
v 0.152827 -0.234415 0.097802
v 0.168400 -0.355619 0.096284
v 0.133816 -0.343136 0.124992
v 0.137239 -0.376353 0.124852
v 0.169836 -0.204511 0.062225
v 0.175532 -0.203070 0.039338
v 0.178361 -0.239245 0.057663
v 0.182964 -0.238156 0.037837
v 0.116028 -0.322086 0.130274
v 0.115477 -0.273566 0.125676
v 0.188499 -0.384837 0.051664
v 0.187548 -0.281912 0.044861
v 0.188720 -0.332967 0.052580
v 0.149073 -0.266154 0.106719
v 0.174804 -0.327983 0.085883
v 0.149318 -0.322800 0.114270
v 0.115524 -0.365839 0.137262
v 0.126414 -0.391132 0.130732
v 0.175902 -0.267958 0.078208
v 0.116035 -0.308188 0.129469
v 0.103982 -0.315176 0.135426
v 0.133464 -0.315438 0.122129
v 0.116080 -0.287169 0.127194
v 0.133676 -0.280794 0.117430
v 0.104339 -0.280566 0.132160
v 0.191189 -0.384439 0.035798
v 0.188138 -0.294450 0.046462
v 0.188475 -0.282977 0.030872
v 0.186284 -0.267411 0.035568
v 0.183652 -0.285585 0.063271
v 0.192324 -0.332181 0.036749
v 0.188513 -0.316862 0.050127
v 0.164021 -0.279605 0.094556
v 0.175936 -0.312447 0.084954
v 0.149413 -0.309278 0.111318
v 0.163549 -0.316914 0.100654
v 0.176279 -0.284773 0.081783
v 0.191436 -0.364982 0.043009
v 0.190078 -0.398940 0.043028
v 0.184357 -0.252436 0.033917
v 0.183190 -0.259314 0.055922
v 0.184190 -0.322775 0.069130
v 0.191556 -0.318274 0.035291
v 0.164076 -0.291288 0.096884
v 0.192213 -0.372485 0.034792
v 0.191902 -0.349777 0.036850
v 0.186591 -0.398100 0.059784
v 0.191293 -0.401643 0.031445
v 0.184455 -0.273147 0.055422
v 0.183902 -0.310417 0.067381
v 0.188291 -0.351418 0.055368
v 0.178988 -0.377374 0.079843
v 0.185012 -0.384789 0.068318
v 0.185951 -0.366952 0.065204
v 0.178144 -0.395115 0.080982
v 0.180412 -0.348686 0.077676
v 0.163759 -0.384771 0.103200
v 0.179845 -0.363350 0.078226
v 0.184809 -0.354954 0.067704
v 0.172735 -0.386007 0.090142
v 0.171777 -0.370640 0.091216
v 0.168095 -0.397700 0.097992
v 0.124705 -0.200374 0.116013
v 0.163497 -0.183687 0.067846
v 0.176360 -0.220036 0.051455
v 0.143516 -0.392519 0.120278
v 0.134914 -0.398560 0.127942
v 0.152014 -0.377365 0.113173
v 0.162329 -0.370904 0.104213
v 0.149715 -0.355559 0.115717
v 0.145603 -0.367813 0.118402
v 0.131787 -0.359862 0.130156
v 0.159795 -0.358151 0.108008
v 0.161398 -0.338201 0.104399
v 0.140400 -0.352846 0.122650
v 0.148244 -0.339927 0.115152
v 0.125737 -0.371373 0.131461
v 0.114124 -0.380973 0.134119
v 0.129091 -0.328809 0.128283
v 0.140760 -0.330685 0.120069
v 0.130649 -0.261121 0.115717
v 0.150544 -0.283022 0.108456
v 0.163432 -0.261608 0.091943
v 0.183152 -0.247441 0.048753
v 0.176869 -0.252016 0.071095
v 0.168263 -0.232994 0.078854
v 0.174172 -0.240460 0.070236
v 0.167598 -0.247727 0.084575
v 0.160992 -0.238117 0.088974
v 0.190249 -0.342751 0.046366
v 0.188809 -0.372544 0.053727
v 0.183098 -0.401053 0.071354
v 0.185070 -0.337573 0.067973
v 0.178979 -0.337304 0.079014
v 0.123555 -0.183618 0.117049
v 0.109863 -0.185643 0.127868
v 0.142492 -0.189283 0.100153
v 0.133657 -0.180628 0.106890
v 0.162264 -0.171375 0.067596
v 0.171755 -0.189258 0.050767
v 0.167378 -0.193247 0.062440
v 0.157815 -0.200766 0.085365
v 0.172522 -0.188236 0.033146
v 0.171810 -0.176181 0.042333
v 0.170293 -0.174974 0.028002
v 0.174301 -0.208499 0.051070
v 0.180024 -0.230804 0.047565
v 0.179357 -0.220030 0.034625
v 0.171049 -0.341427 0.091664
v 0.167450 -0.328893 0.097588
v 0.126597 -0.271637 0.119855
v 0.138131 -0.270064 0.112766
v 0.143297 -0.249266 0.106578
v 0.110913 -0.253163 0.125616
v 0.158680 -0.270268 0.099129
v 0.168180 -0.270972 0.087590
v 0.171014 -0.219484 0.068304
v 0.164766 -0.209490 0.075939
v 0.155080 -0.217814 0.091513
v 0.146428 -0.205548 0.100089
v 0.163436 -0.221648 0.080898
v 0.135451 -0.199727 0.106913
v 0.152868 -0.179744 0.086573
v 0.152101 -0.191280 0.091221
v 0.177830 -0.209502 0.029742
v 0.154047 -0.255498 0.100143
v 0.129614 -0.227219 0.116027
v 0.135656 -0.214280 0.109589
v 0.142079 -0.226714 0.106321
v 0.135114 -0.238585 0.110701
v 0.120521 -0.240737 0.120064
v 0.111283 -0.225146 0.127424
v 0.122566 -0.252264 0.119296
v 0.104662 -0.265502 0.130269
v 0.121387 -0.215066 0.119516
v 0.109179 -0.204690 0.126388
v 0.104721 -0.215691 0.129810
v 0.155755 -0.395673 0.111566
v 0.106450 -0.239389 0.128991
v 0.112176 -0.343524 0.134464
v 0.122662 -0.350413 0.129053
v 0.104357 -0.331106 0.135434
v 0.103859 -0.356432 0.135227
v -0.196172 -0.418106 0.036957
v -0.196405 -0.417779 0.042501
v -0.195847 -0.417504 0.047974
v -0.195122 -0.417265 0.053100
v -0.194180 -0.417040 0.057988
v -0.192718 -0.416640 0.062688
v -0.191207 -0.416518 0.066977
v -0.189388 -0.416266 0.071501
v -0.187213 -0.416211 0.076178
v -0.184675 -0.415976 0.081192
v -0.182151 -0.415588 0.085994
v -0.179512 -0.415410 0.090500
v -0.176686 -0.415279 0.094772
v -0.173646 -0.414822 0.098652
v -0.170515 -0.414391 0.102439
v -0.167280 -0.414032 0.106132
v -0.163237 -0.414065 0.109991
v -0.159045 -0.413914 0.113683
v -0.154850 -0.413726 0.117232
v -0.150405 -0.413509 0.120463
v -0.146024 -0.413486 0.123195
v -0.141637 -0.412952 0.125385
v -0.137264 -0.412562 0.127347
v -0.133003 -0.412210 0.129210
v -0.128080 -0.412444 0.131624
v -0.123295 -0.412235 0.134031
v -0.118579 -0.411987 0.136207
v -0.113938 -0.411648 0.137990
v -0.110764 -0.408183 0.138695
v -0.107754 -0.404646 0.139068
v -0.104884 -0.401167 0.139455
v -0.102028 -0.397613 0.139754
v -0.099231 -0.394059 0.140256
v -0.096237 -0.390636 0.141335
v -0.093279 -0.387538 0.142731
v -0.090452 -0.384312 0.144437
v -0.087871 -0.380894 0.146530
v -0.085170 -0.377540 0.147749
v -0.084990 -0.373022 0.146191
v -0.084974 -0.368825 0.144649
v -0.084939 -0.364636 0.143500
v -0.085056 -0.360254 0.142832
v -0.085268 -0.355644 0.142305
v -0.085649 -0.350902 0.141822
v -0.086031 -0.346307 0.141472
v -0.086293 -0.341595 0.141507
v -0.086526 -0.336840 0.141517
v -0.086933 -0.332253 0.141571
v -0.087283 -0.327614 0.141500
v -0.087659 -0.322646 0.141458
v -0.087973 -0.317874 0.141476
v -0.088317 -0.313249 0.141402
v -0.088594 -0.308444 0.141526
v -0.088911 -0.303954 0.141475
v -0.089099 -0.298922 0.141349
v -0.089326 -0.294285 0.141299
v -0.089739 -0.289444 0.141179
v -0.089961 -0.284802 0.140987
v -0.090385 -0.280030 0.140994
v -0.090706 -0.275376 0.140920
v -0.091096 -0.270574 0.140937
v -0.091338 -0.265889 0.140908
v -0.091776 -0.260995 0.141188
v -0.092281 -0.256404 0.141061
v -0.092681 -0.251627 0.141353
v -0.093046 -0.246734 0.141361
v -0.093315 -0.241977 0.141413
v -0.093659 -0.237269 0.141593
v -0.094160 -0.232389 0.141518
v -0.094501 -0.227556 0.141619
v -0.094814 -0.222755 0.141710
v -0.094912 -0.217970 0.141876
v -0.095588 -0.213350 0.141933
v -0.096000 -0.208404 0.141870
v -0.096394 -0.203595 0.141834
v -0.096584 -0.198739 0.141953
v -0.096913 -0.193881 0.141912
v -0.097489 -0.189275 0.141989
v -0.097810 -0.184546 0.142032
v -0.097865 -0.179606 0.142154
v -0.097765 -0.174632 0.142221
v -0.097750 -0.174768 0.139732
v -0.098602 -0.174909 0.137499
v -0.096541 -0.174789 0.138896
v -0.194306 -0.413568 0.036793
v -0.193437 -0.413716 0.042165
v -0.192678 -0.413655 0.047423
v -0.191918 -0.413585 0.052582
v -0.191174 -0.413540 0.057392
v -0.189491 -0.413374 0.061688
v -0.187695 -0.413124 0.065867
v -0.185776 -0.412948 0.070231
v -0.183569 -0.412873 0.074687
v -0.181143 -0.412779 0.079735
v -0.178649 -0.412623 0.084326
v -0.175972 -0.412297 0.088731
v -0.173180 -0.412282 0.092988
v -0.170063 -0.412184 0.096715
v -0.166849 -0.412175 0.100150
v -0.163104 -0.412122 0.103846
v -0.158956 -0.412235 0.107409
v -0.154722 -0.412313 0.111075
v -0.150464 -0.412322 0.114550
v -0.146050 -0.412374 0.117552
v -0.141839 -0.412111 0.119846
v -0.137599 -0.411844 0.121741
v -0.133455 -0.411573 0.123379
v -0.128755 -0.411739 0.125609
v -0.123690 -0.412204 0.128113
v -0.118786 -0.412484 0.130446
v -0.114409 -0.412293 0.132476
v -0.110546 -0.410787 0.133864
v -0.107262 -0.407960 0.134380
v -0.104416 -0.404280 0.134695
v -0.101751 -0.400388 0.134766
v -0.098843 -0.396306 0.135206
v -0.095687 -0.392797 0.136151
v -0.092222 -0.389205 0.137439
v -0.088726 -0.385778 0.139443
v -0.085317 -0.382618 0.141861
v -0.082051 -0.380171 0.144811
v -0.082351 -0.376247 0.142616
v -0.082600 -0.371911 0.140899
v -0.082534 -0.367383 0.139609
v -0.082293 -0.362678 0.138947
v -0.082336 -0.357995 0.138401
v -0.082535 -0.352929 0.137972
v -0.082901 -0.347941 0.137465
v -0.082897 -0.343183 0.137733
v -0.083077 -0.338509 0.138060
v -0.083298 -0.333660 0.138047
v -0.083754 -0.328757 0.138092
v -0.084011 -0.323770 0.137971
v -0.084301 -0.318943 0.138089
v -0.084617 -0.314166 0.138162
v -0.084867 -0.309503 0.138185
v -0.085343 -0.304637 0.138014
v -0.085574 -0.299857 0.137906
v -0.085808 -0.294954 0.137670
v -0.086234 -0.290343 0.137581
v -0.086648 -0.285647 0.137492
v -0.087035 -0.280800 0.137483
v -0.087424 -0.275849 0.137426
v -0.087729 -0.271086 0.137402
v -0.088112 -0.266182 0.137322
v -0.088616 -0.261573 0.137337
v -0.089155 -0.256606 0.137396
v -0.089750 -0.251887 0.137402
v -0.090279 -0.246921 0.137277
v -0.090664 -0.242200 0.137367
v -0.091234 -0.237464 0.137375
v -0.091898 -0.232571 0.137368
v -0.092613 -0.227860 0.137087
v -0.093016 -0.223003 0.137062
v -0.093363 -0.218020 0.137237
v -0.094104 -0.213314 0.137349
v -0.094919 -0.208648 0.136988
v -0.095525 -0.203829 0.136964
v -0.095826 -0.198847 0.137010
v -0.096323 -0.194063 0.137207
v -0.097256 -0.189292 0.137124
v -0.097929 -0.184626 0.137200
v -0.098392 -0.179708 0.137292
v -0.195011 -0.415913 0.039612
v -0.193527 -0.415976 0.050277
v -0.191215 -0.415887 0.059811
v -0.192521 -0.415998 0.055239
v -0.194185 -0.416025 0.045044
v -0.188192 -0.415283 0.068381
v -0.184075 -0.414818 0.077672
v -0.186463 -0.415179 0.072757
v -0.179100 -0.414745 0.087149
v -0.173388 -0.414467 0.095426
v -0.176312 -0.414652 0.091446
v -0.181644 -0.414963 0.082393
v -0.189924 -0.415708 0.064120
v -0.167213 -0.413925 0.102827
v -0.159634 -0.413394 0.110289
v -0.163702 -0.413634 0.106538
v -0.151147 -0.413170 0.117429
v -0.142540 -0.412869 0.122672
v -0.146898 -0.412994 0.120320
v -0.155405 -0.413243 0.113968
v -0.133997 -0.412200 0.126371
v -0.124454 -0.412247 0.131043
v -0.129416 -0.412250 0.128586
v -0.115218 -0.412211 0.135383
v -0.108447 -0.406754 0.136987
v -0.111012 -0.410584 0.136737
v -0.119821 -0.412425 0.133408
v -0.138254 -0.412581 0.124557
v -0.170358 -0.414239 0.099248
v -0.192364 -0.416113 0.045081
v -0.191104 -0.415894 0.055212
v -0.191655 -0.415982 0.050341
v -0.193370 -0.416099 0.039560
v -0.188132 -0.415466 0.064036
v -0.184268 -0.415098 0.072511
v -0.186249 -0.415398 0.068214
v -0.179518 -0.414936 0.082219
v -0.174398 -0.414478 0.091272
v -0.176994 -0.414700 0.086908
v -0.181880 -0.415085 0.077375
v -0.189931 -0.415744 0.059771
v -0.168172 -0.414397 0.098859
v -0.160987 -0.414122 0.105596
v -0.164756 -0.414109 0.101982
v -0.152719 -0.414285 0.112966
v -0.144222 -0.414074 0.119260
v -0.148584 -0.414296 0.116436
v -0.156850 -0.414248 0.109345
v -0.135397 -0.413624 0.122678
v -0.126183 -0.413852 0.127064
v -0.131114 -0.413560 0.124527
v -0.116469 -0.414212 0.131871
v -0.108057 -0.410802 0.134949
v -0.111834 -0.413349 0.133500
v -0.121301 -0.414271 0.129575
v -0.139769 -0.413777 0.121212
v -0.171393 -0.414586 0.095205
v -0.195523 -0.415957 0.034942
v -0.102894 -0.399685 0.137607
v -0.100178 -0.395854 0.138008
v -0.093869 -0.389142 0.140082
v -0.087831 -0.382707 0.143737
v -0.090826 -0.386097 0.141734
v -0.097220 -0.392360 0.138811
v -0.083764 -0.375999 0.145489
v -0.083946 -0.367487 0.142309
v -0.084007 -0.371776 0.143601
v -0.084005 -0.358483 0.140853
v -0.084553 -0.348983 0.139790
v -0.084192 -0.353747 0.140340
v -0.083965 -0.363041 0.141420
v -0.084863 -0.380184 0.146379
v -0.084905 -0.339539 0.139986
v -0.085630 -0.330188 0.140023
v -0.085170 -0.334762 0.140065
v -0.086140 -0.320445 0.139997
v -0.086703 -0.311139 0.140139
v -0.086462 -0.315774 0.139940
v -0.085866 -0.325371 0.139990
v -0.087278 -0.301529 0.139896
v -0.087789 -0.291879 0.139645
v -0.087619 -0.296731 0.139826
v -0.088425 -0.282554 0.139568
v -0.089102 -0.272990 0.139515
v -0.088864 -0.277900 0.139411
v -0.088039 -0.287268 0.139660
v -0.087011 -0.306294 0.140034
v -0.084779 -0.344288 0.139738
v -0.102126 -0.403297 0.135891
v -0.089775 -0.263394 0.139524
v -0.090276 -0.258644 0.139546
v -0.091652 -0.244396 0.139608
v -0.091209 -0.249168 0.139558
v -0.096288 -0.395530 0.136639
v -0.089240 -0.388888 0.139152
v -0.092791 -0.392130 0.137810
v -0.082089 -0.382743 0.142765
v -0.089478 -0.268253 0.139407
v -0.080390 -0.373808 0.142235
v -0.079927 -0.378345 0.143510
v -0.085649 -0.385643 0.140909
v -0.099218 -0.399450 0.136174
v -0.090687 -0.253832 0.139635
v -0.092637 -0.234673 0.139527
v -0.093763 -0.225281 0.139493
v -0.093300 -0.229990 0.139595
v -0.094373 -0.215543 0.139643
v -0.095608 -0.205972 0.139573
v -0.095055 -0.210795 0.139619
v -0.094020 -0.220352 0.139493
v -0.096244 -0.196251 0.139581
v -0.097506 -0.186880 0.139584
v -0.096937 -0.191576 0.139513
v -0.098066 -0.177921 0.139709
v -0.097972 -0.182142 0.139552
v -0.096033 -0.201177 0.139486
v -0.091946 -0.239472 0.139779
v -0.105685 -0.403244 0.137351
v -0.104942 -0.407296 0.135616
v -0.080598 -0.364781 0.140381
v -0.080639 -0.355272 0.139318
v -0.080489 -0.360023 0.139805
v -0.080990 -0.345474 0.138916
v -0.081198 -0.336067 0.139253
v -0.081114 -0.340831 0.138980
v -0.080839 -0.350364 0.138972
v -0.081934 -0.326396 0.139044
v -0.081473 -0.331103 0.139214
v -0.193813 -0.415902 0.038083
v -0.080650 -0.369250 0.141110
v -0.082237 -0.321275 0.139151
v -0.082490 -0.316675 0.139517
v -0.082855 -0.311934 0.139365
v -0.083396 -0.302242 0.139256
v -0.083912 -0.292584 0.138843
v -0.083654 -0.297331 0.139059
v -0.083148 -0.307177 0.139303
v -0.084700 -0.283108 0.138933
v -0.085563 -0.273384 0.138786
v -0.085170 -0.278230 0.138771
v -0.086212 -0.263657 0.138701
v -0.087330 -0.254207 0.138838
v -0.086808 -0.258951 0.138741
v -0.085908 -0.268575 0.138562
v -0.084320 -0.287815 0.138829
v -0.088384 -0.244483 0.138693
v -0.089536 -0.234937 0.138887
v -0.088717 -0.239565 0.138734
v -0.090855 -0.225308 0.138523
v -0.091686 -0.215596 0.138730
v -0.091274 -0.220564 0.138530
v -0.090219 -0.230112 0.138738
v -0.093295 -0.206042 0.138407
v -0.093915 -0.196292 0.138525
v -0.093756 -0.201238 0.138407
v -0.095609 -0.186830 0.138412
v -0.096135 -0.182021 0.138431
v -0.094772 -0.191593 0.138620
v -0.092563 -0.210870 0.138753
v -0.087914 -0.249295 0.138760
v -0.096462 -0.177891 0.138864
v -0.113367 -0.171829 0.127911
v -0.128561 -0.169096 0.113376
v -0.142771 -0.166769 0.098278
v -0.156037 -0.164720 0.080904
v -0.165363 -0.163200 0.061031
v -0.171832 -0.162356 0.039711
v -0.106020 -0.299580 0.133876
v -0.122687 -0.299737 0.125115
v -0.139865 -0.300145 0.118331
v -0.156280 -0.300489 0.108210
v -0.170839 -0.301739 0.096093
v -0.182482 -0.302618 0.080488
v -0.190521 -0.304337 0.063021
v -0.194869 -0.306077 0.044370
v -0.120931 -0.320529 0.128950
v -0.120830 -0.325111 0.129209
v -0.120751 -0.329552 0.129274
v -0.120609 -0.334236 0.130204
v -0.120425 -0.338929 0.130972
v -0.120269 -0.343505 0.131626
v -0.120190 -0.348132 0.132360
v -0.120224 -0.352286 0.132774
v -0.120269 -0.356728 0.133199
v -0.120196 -0.361129 0.133748
v -0.120087 -0.365775 0.135037
v -0.119282 -0.370387 0.134850
v -0.118743 -0.375066 0.134837
v -0.118209 -0.379596 0.134704
v -0.117968 -0.383984 0.134245
v -0.117592 -0.388469 0.133735
v -0.117416 -0.393374 0.134075
v -0.118907 -0.397856 0.133916
v -0.123391 -0.398854 0.131874
v -0.127555 -0.398937 0.129091
v -0.131892 -0.398890 0.126757
v -0.135731 -0.399249 0.125141
v -0.139371 -0.399694 0.123633
v -0.142858 -0.400192 0.121845
v -0.146461 -0.400664 0.119640
v -0.150674 -0.400761 0.116778
v -0.154954 -0.400704 0.113256
v -0.158808 -0.400565 0.109735
v -0.162515 -0.400429 0.106697
v -0.165131 -0.399147 0.103778
v -0.166744 -0.396079 0.102399
v -0.167492 -0.392172 0.101959
v -0.168006 -0.388254 0.101619
v -0.168435 -0.383461 0.101130
v -0.169040 -0.378673 0.100580
v -0.169093 -0.374127 0.100606
v -0.169185 -0.369478 0.100738
v -0.169137 -0.364892 0.100795
v -0.169272 -0.360247 0.100546
v -0.169706 -0.355433 0.100056
v -0.170041 -0.350579 0.099456
v -0.170393 -0.345682 0.098756
v -0.170404 -0.341050 0.098346
v -0.170644 -0.336495 0.098414
v -0.170854 -0.331773 0.098232
v -0.170835 -0.327084 0.098036
v -0.171199 -0.322358 0.097725
v -0.155789 -0.321257 0.109704
v -0.138969 -0.320766 0.120751
v -0.138738 -0.310700 0.119976
v -0.144880 -0.310750 0.116338
v -0.151090 -0.310783 0.112238
v -0.157211 -0.310727 0.108005
v -0.189258 -0.377225 0.067595
v -0.152725 -0.235763 0.100382
v -0.172735 -0.204443 0.064476
v -0.180196 -0.202805 0.040313
v -0.182795 -0.239896 0.061759
v -0.186463 -0.227279 0.042071
v -0.185980 -0.326187 0.075319
v -0.192046 -0.283660 0.048960
v -0.176326 -0.311603 0.089523
v -0.102987 -0.371140 0.142080
v -0.113381 -0.309815 0.128847
v -0.114595 -0.275684 0.126177
v -0.193576 -0.352688 0.056065
v -0.194292 -0.387489 0.051241
v -0.148403 -0.268509 0.107958
v -0.190280 -0.252394 0.044700
v -0.176758 -0.269589 0.082079
v -0.186907 -0.313088 0.073581
v -0.193192 -0.321619 0.057275
v -0.194671 -0.284160 0.035463
v -0.192445 -0.296133 0.051696
v -0.187910 -0.287331 0.069400
v -0.193018 -0.268188 0.040063
v -0.103876 -0.323369 0.134155
v -0.114881 -0.289000 0.129116
v -0.102572 -0.282309 0.132369
v -0.132365 -0.282511 0.119320
v -0.196679 -0.352111 0.040274
v -0.196312 -0.369660 0.045976
v -0.194681 -0.336062 0.046907
v -0.196461 -0.387238 0.038115
v -0.164426 -0.281393 0.099432
v -0.190997 -0.252050 0.031502
v -0.177232 -0.287029 0.085683
v -0.187347 -0.267125 0.061866
v -0.193510 -0.377433 0.056782
v -0.190575 -0.338850 0.064977
v -0.195922 -0.322407 0.041572
v -0.164326 -0.293203 0.101690
v -0.189346 -0.278428 0.059857
v -0.184609 -0.357823 0.076049
v -0.189251 -0.350900 0.067314
v -0.182687 -0.342114 0.080187
v -0.177822 -0.353614 0.088222
v -0.178644 -0.331631 0.086818
v -0.166904 -0.311877 0.100201
v -0.146375 -0.347364 0.118675
v -0.126994 -0.310494 0.124658
v -0.124936 -0.201293 0.121198
v -0.155332 -0.193250 0.091487
v -0.172401 -0.183667 0.053715
v -0.178301 -0.221713 0.061139
v -0.184225 -0.214710 0.033936
v -0.180530 -0.214295 0.048751
v -0.105360 -0.382886 0.137323
v -0.194868 -0.402368 0.045732
v -0.190458 -0.399439 0.063309
v -0.187938 -0.239819 0.048359
v -0.099937 -0.311141 0.134298
v -0.129838 -0.262813 0.117647
v -0.149283 -0.285326 0.110193
v -0.164659 -0.263168 0.096243
v -0.181706 -0.254881 0.072277
v -0.169817 -0.238940 0.083464
v -0.186262 -0.251606 0.058621
v -0.177756 -0.243768 0.074152
v -0.184305 -0.275658 0.072749
v -0.146856 -0.332879 0.118008
v -0.159130 -0.335067 0.108075
v -0.134303 -0.339704 0.123901
v -0.123189 -0.184428 0.121685
v -0.139390 -0.190422 0.107332
v -0.111588 -0.195007 0.130465
v -0.132781 -0.180503 0.112031
v -0.112101 -0.213512 0.130239
v -0.152585 -0.177769 0.090785
v -0.163947 -0.180084 0.073093
v -0.143307 -0.178895 0.102244
v -0.175149 -0.196125 0.053977
v -0.169399 -0.191368 0.065791
v -0.164115 -0.200597 0.079946
v -0.154207 -0.214495 0.096197
v -0.169996 -0.171246 0.051439
v -0.174402 -0.177023 0.033963
v -0.137547 -0.272085 0.114836
v -0.125520 -0.273404 0.120788
v -0.110688 -0.254764 0.126747
v -0.143431 -0.251017 0.108908
v -0.169416 -0.272674 0.092258
v -0.158448 -0.349557 0.108367
v -0.108405 -0.183005 0.133002
v -0.105837 -0.204880 0.134009
v -0.132294 -0.225681 0.116739
v -0.167331 -0.219709 0.080468
v -0.139347 -0.208790 0.108943
v -0.177941 -0.190727 0.033108
v -0.118161 -0.264097 0.123775
v -0.103506 -0.267307 0.130976
v -0.157201 -0.250169 0.099203
v -0.126020 -0.243983 0.117723
v -0.124318 -0.215091 0.122115
v -0.115576 -0.231402 0.127990
v -0.144832 -0.223877 0.106480
v -0.139680 -0.237187 0.111232
v -0.161826 -0.210768 0.086421
v -0.173330 -0.215157 0.068588
v -0.174645 -0.229439 0.073034
v -0.162407 -0.229513 0.090354
v -0.146548 -0.199879 0.101105
v -0.115321 -0.243495 0.125288
v -0.105799 -0.224626 0.133155
v -0.102583 -0.355626 0.135471
v -0.180092 -0.374805 0.084277
v -0.176105 -0.365406 0.090847
v -0.186171 -0.369171 0.074575
v -0.182749 -0.392141 0.079317
v -0.188920 -0.389025 0.068314
v -0.185815 -0.403700 0.075237
v -0.175890 -0.387331 0.091042
v -0.176396 -0.401667 0.090490
v -0.102007 -0.339478 0.134266
v -0.146989 -0.374052 0.119866
v -0.150533 -0.360383 0.116686
v -0.157992 -0.369670 0.109758
v -0.135711 -0.363294 0.125771
v -0.155583 -0.384516 0.110853
v -0.132802 -0.379107 0.124469
v -0.143856 -0.386199 0.120876
v -0.131499 -0.351773 0.125084
v -0.122346 -0.319934 0.131383
v -0.122037 -0.324424 0.131554
v -0.122199 -0.329230 0.132185
v -0.122047 -0.333639 0.132876
v -0.122041 -0.338243 0.133497
v -0.121829 -0.342844 0.134231
v -0.121810 -0.347301 0.134720
v -0.121887 -0.351667 0.135224
v -0.122061 -0.356072 0.135744
v -0.121930 -0.360510 0.136366
v -0.121684 -0.365320 0.136933
v -0.121186 -0.369941 0.137258
v -0.120536 -0.374595 0.137277
v -0.119897 -0.379137 0.137073
v -0.119714 -0.383651 0.136855
v -0.119792 -0.388202 0.136909
v -0.120188 -0.392888 0.137977
v -0.121469 -0.397236 0.137141
v -0.125337 -0.398510 0.134288
v -0.129641 -0.398744 0.131861
v -0.133812 -0.398773 0.129440
v -0.137615 -0.399307 0.127725
v -0.141193 -0.399654 0.125859
v -0.144904 -0.400167 0.123887
v -0.148797 -0.400430 0.121608
v -0.152848 -0.400597 0.118747
v -0.157083 -0.400560 0.115534
v -0.161300 -0.400518 0.112370
v -0.164785 -0.400313 0.109262
v -0.168375 -0.398969 0.107603
v -0.169958 -0.395810 0.105860
v -0.169912 -0.391997 0.104647
v -0.170085 -0.388086 0.104058
v -0.170625 -0.383442 0.103617
v -0.171129 -0.378610 0.103319
v -0.171017 -0.374022 0.103215
v -0.171072 -0.369453 0.103165
v -0.171240 -0.364868 0.103119
v -0.171480 -0.360031 0.103021
v -0.171691 -0.355321 0.102520
v -0.172132 -0.350519 0.101900
v -0.172459 -0.345725 0.101363
v -0.172720 -0.340825 0.101195
v -0.172723 -0.336405 0.101017
v -0.172772 -0.331636 0.100787
v -0.172777 -0.326977 0.100595
v -0.172613 -0.322333 0.100211
v -0.169880 -0.322448 0.100435
v -0.156600 -0.321324 0.112483
v -0.141020 -0.320551 0.122675
v -0.124115 -0.320227 0.129644
v -0.138673 -0.357831 0.127197
v -0.143098 -0.358184 0.124774
v -0.147673 -0.358411 0.121902
v -0.152334 -0.358646 0.118710
v -0.156619 -0.358644 0.115376
v -0.148237 -0.338792 0.120783
v -0.160620 -0.335083 0.110453
v -0.162338 -0.347373 0.109919
v -0.135759 -0.333678 0.127220
v -0.134451 -0.345913 0.128936
v -0.153403 -0.379459 0.117561
v -0.160704 -0.388071 0.112374
v -0.160993 -0.369997 0.111617
v -0.137670 -0.376243 0.128011
v -0.132419 -0.366665 0.131175
v -0.146644 -0.370564 0.123255
v -0.144203 -0.386473 0.123586
v -0.131412 -0.386171 0.130926
v -0.123563 -0.324889 0.129836
v -0.123429 -0.329711 0.130259
v -0.123335 -0.334386 0.130861
v -0.123197 -0.339285 0.131621
v -0.123155 -0.343777 0.132228
v -0.123061 -0.348698 0.132823
v -0.123176 -0.353211 0.133162
v -0.123130 -0.357622 0.133743
v -0.123062 -0.362359 0.134511
v -0.122691 -0.367202 0.135147
v -0.122049 -0.372103 0.135296
v -0.121469 -0.376706 0.135119
v -0.121025 -0.381521 0.134803
v -0.120760 -0.386030 0.134665
v -0.120161 -0.390855 0.135021
v -0.118523 -0.395425 0.136490
v -0.122503 -0.396185 0.134243
v -0.126831 -0.396577 0.131675
v -0.131330 -0.396931 0.129111
v -0.135526 -0.397028 0.126982
v -0.139320 -0.397393 0.125275
v -0.143257 -0.397826 0.123353
v -0.147299 -0.398255 0.120968
v -0.151572 -0.398442 0.118080
v -0.155996 -0.398539 0.114725
v -0.160192 -0.398574 0.111203
v -0.164251 -0.398219 0.107691
v -0.167797 -0.398254 0.104853
v -0.167303 -0.393695 0.104703
v -0.167400 -0.388895 0.104259
v -0.167891 -0.384093 0.103743
v -0.168500 -0.379299 0.103399
v -0.168449 -0.374796 0.103206
v -0.168442 -0.369993 0.103240
v -0.168574 -0.365252 0.103223
v -0.168837 -0.360516 0.102959
v -0.169069 -0.355744 0.102503
v -0.169397 -0.350911 0.101939
v -0.169896 -0.346003 0.101369
v -0.170160 -0.341202 0.100931
v -0.170153 -0.336500 0.100800
v -0.170149 -0.331839 0.100743
v -0.170259 -0.327080 0.100464
v -0.138385 -0.348866 0.123765
v -0.138520 -0.339896 0.123744
v -0.139034 -0.330896 0.123232
v -0.139390 -0.321623 0.122102
v -0.140927 -0.312702 0.123627
v -0.159048 -0.313719 0.111487
v -0.157690 -0.322675 0.110697
v -0.157179 -0.331887 0.111885
v -0.156697 -0.341113 0.112434
v -0.156284 -0.349984 0.112420
v -0.146975 -0.313041 0.119873
v -0.153104 -0.313433 0.115665
v -0.148510 -0.326921 0.117802
v -0.148819 -0.319557 0.116600
v -0.147734 -0.345030 0.119332
v -0.153945 -0.327137 0.114044
v -0.149805 -0.336220 0.117786
v -0.142963 -0.326552 0.120904
v -0.153023 -0.345391 0.115311
v -0.150319 -0.351509 0.117416
v -0.144596 -0.350323 0.121018
v -0.142131 -0.344790 0.122164
v -0.143501 -0.335792 0.121482
v -0.150982 -0.364604 0.118694
v -0.141881 -0.364009 0.124214
v -0.126182 -0.906726 -0.095896
v -0.136001 -0.975277 -0.082219
v -0.130538 -0.966912 -0.087182
v -0.124683 -0.941518 -0.086274
v -0.139209 -0.946899 -0.081838
f 57 58 59
f 209 175 138
f 176 175 97
f 61 123 60
f 191 63 64
f 175 174 96
f 191 63 148
f 221 208 136
f 173 167 92
f 191 64 63
f 172 174 137
f 61 191 123
f 148 63 65
f 136 171 172
f 173 171 136
f 67 147 66
f 187 147 126
f 168 170 135
f 48 49 192
f 168 202 206
f 167 170 91
f 151 127 192
f 94 95 172
f 125 149 147
f 172 171 94
f 148 65 149
f 73 154 72
f 166 169 134
f 168 135 202
f 128 155 154
f 231 156 74
f 54 124 53
f 76 77 119
f 191 61 62
f 77 78 143
f 119 232 76
f 201 30 203
f 152 153 127
f 79 157 78
f 43 229 42
f 80 81 159
f 210 186 24
f 22 23 233
f 219 196 131
f 82 83 161
f 116 115 146
f 84 85 163
f 124 122 118
f 123 57 59
f 161 162 132
f 145 121 6
f 81 160 159
f 118 122 123
f 119 77 143
f 88 169 166
f 230 232 229
f 212 20 211
f 60 123 59
f 55 56 54
f 157 143 78
f 97 98 176
f 122 56 57
f 172 95 174
f 118 190 239
f 56 122 124
f 96 97 175
f 118 191 190
f 103 104 181
f 90 91 170
f 125 147 187
f 176 144 138
f 187 217 50
f 151 192 217
f 120 233 186
f 145 8 9
f 192 240 48
f 116 146 121
f 73 74 156
f 240 153 193
f 5 146 3
f 230 252 234
f 7 145 6
f 46 194 195
f 185 130 216
f 126 217 187
f 42 229 185
f 185 143 130
f 188 148 125
f 196 218 158
f 123 122 57
f 134 200 164
f 56 124 54
f 124 118 239
f 166 164 87
f 43 252 229
f 168 89 90
f 147 149 66
f 219 131 160
f 151 68 69
f 37 197 255
f 197 219 160
f 148 149 125
f 126 150 151
f 164 220 165
f 153 70 71
f 204 32 205
f 164 86 87
f 151 150 68
f 198 255 162
f 147 150 126
f 33 205 32
f 148 190 191
f 165 133 163
f 150 147 67
f 189 52 188
f 236 184 108
f 92 167 91
f 65 66 149
f 67 68 150
f 167 135 170
f 136 208 173
f 69 70 152
f 26 27 207
f 194 47 193
f 193 153 128
f 137 207 172
f 151 69 152
f 173 93 171
f 98 99 144
f 44 45 234
f 178 179 101
f 159 158 80
f 195 154 129
f 99 120 144
f 103 177 102
f 161 160 82
f 105 180 104
f 83 84 162
f 196 158 131
f 139 178 177
f 41 216 40
f 178 139 179
f 71 72 155
f 137 174 175
f 19 212 213
f 85 86 165
f 199 36 198
f 142 215 183
f 236 109 238
f 88 89 169
f 112 243 111
f 93 94 171
f 203 31 202
f 236 225 237
f 87 88 166
f 16 17 215
f 248 114 249
f 210 25 209
f 107 108 184
f 101 102 178
f 244 226 248
f 228 1 115
f 21 22 214
f 2 3 146
f 169 89 168
f 183 107 184
f 1 2 115
f 164 166 134
f 225 253 243
f 95 96 174
f 181 180 140
f 197 37 38
f 3 4 5
f 70 153 152
f 241 204 206
f 201 135 167
f 155 153 71
f 129 234 195
f 28 208 221
f 153 155 128
f 26 207 256
f 207 221 172
f 154 155 72
f 222 167 173
f 156 154 73
f 154 156 129
f 144 120 186
f 143 157 130
f 120 179 214
f 100 120 99
f 79 80 158
f 158 157 79
f 177 211 242
f 158 159 131
f 18 223 224
f 213 212 140
f 81 82 160
f 214 242 21
f 130 157 158
f 209 256 175
f 231 230 129
f 250 114 1
f 146 115 2
f 116 121 117
f 117 10 251
f 121 145 117
f 85 165 163
f 134 205 200
f 8 145 7
f 199 220 35
f 6 121 5
f 121 146 5
f 145 9 117
f 131 159 160
f 15 16 235
f 160 161 132
f 243 246 254
f 235 236 237
f 162 161 83
f 244 12 245
f 226 246 243
f 165 86 164
f 257 251 10
f 105 106 182
f 198 162 133
f 10 117 9
f 163 162 84
f 162 163 133
f 224 183 215
f 228 115 116
f 197 160 132
f 164 200 220
f 90 170 168
f 92 93 173
f 151 152 127
f 144 176 98
f 175 176 138
f 181 177 103
f 211 177 140
f 177 178 102
f 139 214 179
f 120 100 179
f 101 179 100
f 182 180 105
f 180 223 213
f 180 181 104
f 177 181 140
f 106 107 183
f 180 182 141
f 141 182 183
f 183 182 106
f 236 108 109
f 183 184 142
f 42 185 41
f 119 143 185
f 24 186 23
f 138 144 186
f 50 51 187
f 187 51 189
f 189 188 125
f 52 53 239
f 187 189 125
f 52 189 51
f 148 188 190
f 188 52 239
f 191 118 123
f 191 62 63
f 192 127 240
f 217 192 49
f 194 193 128
f 47 48 240
f 128 154 195
f 47 194 46
f 46 195 45
f 128 195 194
f 39 40 196
f 218 196 40
f 197 132 255
f 197 38 219
f 199 198 133
f 36 37 255
f 220 133 165
f 36 199 35
f 33 34 200
f 200 34 220
f 222 173 208
f 29 30 201
f 203 202 135
f 241 31 32
f 201 203 135
f 31 203 30
f 134 169 204
f 169 168 206
f 200 205 33
f 134 204 205
f 202 31 241
f 169 206 204
f 207 137 256
f 221 207 27
f 28 29 208
f 201 222 29
f 210 209 138
f 25 26 256
f 186 210 138
f 25 210 24
f 212 211 140
f 20 21 242
f 213 140 180
f 20 212 19
f 223 180 141
f 18 19 213
f 214 139 242
f 214 22 233
f 215 142 235
f 215 17 224
f 216 130 218
f 41 185 216
f 50 217 49
f 151 217 126
f 216 218 40
f 158 218 130
f 38 39 219
f 196 219 39
f 35 220 34
f 133 220 199
f 28 221 27
f 172 221 136
f 167 222 201
f 208 29 222
f 183 224 141
f 18 213 223
f 18 224 17
f 141 224 223
f 237 14 15
f 253 238 111
f 13 245 12
f 112 113 247
f 227 228 251
f 244 11 12
f 251 228 116
f 228 227 250
f 43 44 252
f 185 229 119
f 231 129 156
f 231 232 230
f 74 75 231
f 232 119 229
f 231 75 232
f 76 232 75
f 186 233 23
f 214 233 120
f 195 234 45
f 230 234 129
f 215 235 16
f 235 142 236
f 184 236 142
f 238 109 110
f 237 225 254
f 235 237 15
f 111 238 110
f 225 236 238
f 239 53 124
f 188 239 190
f 153 240 127
f 47 240 193
f 204 241 32
f 202 241 206
f 177 242 139
f 20 242 211
f 247 243 112
f 226 245 246
f 226 247 248
f 244 249 257
f 245 13 246
f 244 245 226
f 13 14 246
f 254 246 14
f 247 113 248
f 243 247 226
f 113 114 248
f 114 250 249
f 227 251 257
f 244 248 249
f 228 250 1
f 249 250 227
f 117 251 116
f 257 10 11
f 234 252 44
f 229 252 230
f 238 253 225
f 111 243 253
f 237 254 14
f 243 254 225
f 162 255 132
f 36 255 198
f 175 256 137
f 25 256 209
f 244 257 11
f 227 257 249
f 115 58 59
f 281 351 318
f 316 317 102
f 115 59 60
f 259 61 62
f 320 316 103
f 63 64 369
f 285 315 98
f 314 315 280
f 259 62 63
f 348 316 282
f 259 60 61
f 369 367 366
f 315 314 97
f 68 288 287
f 314 313 96
f 312 313 279
f 367 286 267
f 325 287 268
f 278 311 312
f 72 290 71
f 94 95 312
f 310 311 278
f 289 269 326
f 312 311 94
f 325 268 354
f 346 314 280
f 64 63 369
f 284 293 74
f 277 309 310
f 307 309 277
f 292 73 293
f 75 76 261
f 10 362 9
f 77 78 294
f 76 77 296
f 11 361 10
f 77 294 296
f 323 43 44
f 291 290 269
f 79 80 297
f 117 262 258
f 81 82 299
f 22 23 365
f 115 262 116
f 333 298 273
f 83 84 301
f 5 265 3
f 85 86 303
f 8 266 6
f 265 5 6
f 301 302 274
f 347 324 24
f 299 300 273
f 8 9 266
f 356 330 272
f 310 309 92
f 284 75 261
f 57 116 56
f 116 57 115
f 56 116 117
f 349 20 348
f 258 262 259
f 268 289 354
f 117 258 54
f 116 262 117
f 368 258 259
f 115 60 262
f 57 58 115
f 56 117 55
f 103 104 320
f 54 55 117
f 96 97 314
f 53 258 370
f 54 258 53
f 97 98 315
f 91 92 309
f 387 366 367
f 287 67 68
f 66 67 286
f 353 287 325
f 312 95 313
f 63 65 369
f 315 285 280
f 60 259 262
f 263 365 324
f 267 286 287
f 326 354 289
f 326 374 47
f 287 286 67
f 74 75 284
f 327 374 290
f 268 288 289
f 43 323 355
f 331 261 296
f 287 288 268
f 329 328 270
f 69 70 289
f 292 290 72
f 271 295 330
f 290 291 71
f 298 333 356
f 330 356 40
f 327 290 270
f 73 74 293
f 300 334 388
f 293 284 323
f 336 335 274
f 335 336 36
f 290 292 270
f 333 388 38
f 289 291 269
f 338 337 275
f 289 288 69
f 305 275 303
f 387 367 267
f 362 266 9
f 45 328 329
f 339 32 33
f 264 266 260
f 353 50 387
f 308 276 306
f 310 93 311
f 68 69 288
f 29 341 342
f 326 47 48
f 289 70 291
f 310 375 342
f 52 370 51
f 309 307 91
f 26 27 345
f 328 46 327
f 98 99 285
f 297 295 79
f 72 73 292
f 279 313 314
f 317 318 101
f 298 81 299
f 103 316 102
f 82 83 300
f 330 295 272
f 317 281 318
f 332 42 331
f 99 263 285
f 70 71 291
f 279 345 312
f 105 319 104
f 84 85 302
f 335 37 334
f 319 282 320
f 283 352 322
f 337 35 336
f 381 110 380
f 307 308 90
f 88 89 306
f 371 283 372
f 305 86 87
f 322 106 321
f 112 377 111
f 93 94 311
f 360 385 363
f 347 25 346
f 95 96 313
f 359 380 377
f 260 361 364
f 261 323 284
f 1 260 364
f 21 22 351
f 321 107 373
f 386 385 114
f 101 102 317
f 381 109 110
f 341 30 340
f 317 316 281
f 38 39 333
f 264 2 3
f 78 79 295
f 304 87 88
f 343 32 276
f 296 294 271
f 295 294 78
f 343 344 31
f 296 261 76
f 28 375 357
f 341 277 342
f 331 296 271
f 307 90 91
f 271 294 295
f 295 297 272
f 26 345 389
f 298 297 80
f 285 263 324
f 346 389 314
f 272 297 298
f 298 299 273
f 263 318 351
f 334 300 274
f 316 348 376
f 351 376 21
f 301 300 83
f 100 263 99
f 300 299 82
f 345 357 312
f 80 81 298
f 266 265 6
f 264 3 265
f 2 260 1
f 352 18 358
f 106 107 321
f 349 282 350
f 4 5 3
f 31 32 343
f 6 7 8
f 304 306 276
f 340 307 277
f 265 266 264
f 308 306 89
f 308 89 90
f 303 302 85
f 371 16 17
f 305 87 304
f 379 371 372
f 379 16 371
f 336 302 275
f 276 339 304
f 360 383 377
f 86 305 303
f 260 362 361
f 382 363 12
f 34 337 338
f 359 377 383
f 302 303 275
f 339 338 305
f 300 301 274
f 264 260 2
f 302 301 84
f 307 340 344
f 88 306 304
f 92 93 310
f 270 292 293
f 263 100 318
f 101 318 100
f 105 106 322
f 349 350 19
f 319 320 104
f 316 320 282
f 373 107 108
f 322 321 283
f 371 352 283
f 322 319 105
f 323 261 355
f 323 44 329
f 24 324 23
f 280 285 324
f 49 50 325
f 353 325 50
f 326 269 374
f 326 48 354
f 328 327 270
f 46 47 374
f 329 270 293
f 46 328 45
f 323 329 293
f 44 45 329
f 40 41 330
f 330 41 332
f 332 331 271
f 42 43 355
f 330 332 271
f 42 332 41
f 333 273 388
f 356 333 39
f 335 334 274
f 37 38 388
f 274 302 336
f 37 335 36
f 337 336 275
f 336 35 36
f 338 275 305
f 35 337 34
f 339 305 304
f 33 34 338
f 32 339 276
f 338 339 33
f 341 340 277
f 31 340 30
f 342 277 310
f 30 341 29
f 375 310 278
f 28 29 342
f 276 308 343
f 308 307 344
f 31 344 340
f 308 344 343
f 345 279 389
f 357 345 27
f 347 346 280
f 25 26 389
f 324 347 280
f 25 347 24
f 349 348 282
f 20 21 376
f 350 282 319
f 20 349 19
f 358 319 322
f 18 19 350
f 351 281 376
f 351 22 365
f 17 18 352
f 358 18 350
f 387 50 51
f 287 353 267
f 48 49 354
f 325 354 49
f 261 331 355
f 42 355 331
f 40 356 39
f 298 356 272
f 28 357 27
f 312 357 278
f 319 358 350
f 322 352 358
f 15 378 14
f 110 111 380
f 13 382 12
f 112 113 384
f 363 361 11
f 362 260 266
f 10 361 362
f 12 363 11
f 384 385 360
f 386 361 363
f 114 1 364
f 324 365 23
f 351 365 263
f 258 368 370
f 367 66 286
f 369 366 368
f 65 66 367
f 63 369 259
f 370 368 366
f 367 369 65
f 259 369 368
f 51 370 366
f 370 52 53
f 352 371 17
f 373 283 321
f 108 381 373
f 359 378 379
f 381 108 109
f 373 372 283
f 290 374 269
f 46 374 327
f 357 375 278
f 28 342 375
f 316 376 281
f 20 376 348
f 384 377 112
f 360 382 383
f 379 378 15
f 383 378 359
f 16 379 15
f 379 372 381
f 377 380 111
f 381 380 359
f 379 381 359
f 381 372 373
f 382 13 383
f 363 382 360
f 13 14 383
f 383 14 378
f 384 113 385
f 377 384 360
f 113 114 385
f 386 114 364
f 361 386 364
f 363 385 386
f 353 387 267
f 51 366 387
f 300 388 273
f 37 388 334
f 314 389 279
f 25 389 346
f 396 420 397
f 403 402 400
f 398 420 412
f 404 403 412
f 402 401 400
f 421 414 422
f 399 412 403
f 404 413 405
f 404 412 413
f 413 412 420
f 405 413 414
f 399 398 412
f 403 400 399
f 394 421 395
f 422 396 395
f 407 406 415
f 392 423 393
f 417 409 408
f 408 407 416
f 393 424 394
f 409 418 410
f 415 414 421
f 426 418 425
f 419 411 410
f 2 58 411
f 392 391 425
f 416 407 415
f 415 406 414
f 406 405 414
f 420 422 413
f 413 422 414
f 61 60 427
f 421 422 395
f 418 409 417
f 423 416 424
f 396 422 420
f 398 397 420
f 424 415 421
f 423 392 425
f 393 423 424
f 421 394 424
f 423 425 417
f 426 427 419
f 2 411 419
f 59 2 60
f 58 2 59
f 60 2 419
f 425 391 426
f 419 418 426
f 418 419 410
f 426 390 427
f 62 61 427
f 62 390 63
f 416 415 424
f 417 416 423
f 426 391 390
f 417 425 418
f 390 62 427
f 416 417 408
f 419 427 60
f 436 438 439
f 439 440 435
f 441 434 440
f 436 437 438
f 435 436 439
f 433 434 441
f 440 434 435
f 441 442 433
f 432 442 443
f 431 443 444
f 430 444 445
f 432 443 431
f 445 429 430
f 430 431 444
f 429 445 428
f 442 432 433
f 448 463 462
f 462 461 449
f 460 450 461
f 446 463 447
f 448 447 463
f 462 449 448
f 461 450 449
f 460 451 450
f 452 459 458
f 453 458 457
f 454 457 456
f 452 451 459
f 453 452 458
f 455 454 456
f 457 454 453
f 459 451 460
f 621 497 682
f 741 529 530
f 497 648 682
f 495 496 621
f 801 532 799
f 642 665 666
f 681 498 499
f 692 653 923
f 928 681 715
f 689 945 1032
f 945 944 652
f 1041 933 710
f 666 621 620
f 652 1657 947
f 1658 797 1659
f 928 644 927
f 713 715 775
f 737 79 738
f 1656 1655 691
f 502 503 768
f 622 488 489
f 879 800 877
f 747 536 537
f 487 488 622
f 679 682 648
f 679 620 682
f 487 625 486
f 489 490 622
f 723 1074 1292
f 667 716 493
f 1668 1665 1671
f 535 748 534
f 494 667 493
f 778 719 490
f 778 490 491
f 622 625 487
f 778 673 779
f 665 667 494
f 853 547 851
f 803 744 802
f 626 622 623
f 680 726 679
f 742 849 693
f 512 513 832
f 844 1080 724
f 614 613 675
f 782 868 867
f 1507 785 838
f 669 668 619
f 665 642 667
f 1038 1036 940
f 783 832 833
f 530 531 742
f 1226 1230 1110
f 921 920 640
f 984 985 836
f 990 836 988
f 921 1652 638
f 953 639 636
f 835 836 784
f 835 514 515
f 991 989 1169
f 1069 1168 1068
f 769 1043 1042
f 783 980 982
f 619 620 679
f 992 1291 1289
f 674 675 645
f 508 837 507
f 623 718 624
f 648 497 498
f 669 959 668
f 494 495 665
f 956 710 769
f 506 824 505
f 811 1049 759
f 614 674 957
f 617 669 618
f 816 890 660
f 810 614 615
f 491 492 673
f 675 674 614
f 813 617 859
f 813 814 760
f 777 959 616
f 867 509 510
f 1597 1546 1626
f 973 974 972
f 716 673 492
f 647 648 681
f 623 719 718
f 474 793 473
f 1012 1106 1107
f 755 756 85
f 1661 864 910
f 793 794 473
f 1717 1726 1718
f 966 680 927
f 731 795 686
f 709 477 478
f 660 705 816
f 482 920 481
f 961 1045 754
f 695 1239 1747
f 921 922 920
f 767 1039 955
f 700 951 1029
f 429 888 952
f 663 709 823
f 823 479 480
f 884 1100 1101
f 757 701 949
f 626 627 1653
f 763 437 932
f 817 612 613
f 1714 1201 1200
f 730 686 818
f 1255 1151 1046
f 466 1035 931
f 931 707 637
f 809 1045 699
f 1035 661 632
f 1599 1546 1629
f 76 598 650
f 637 685 729
f 609 650 685
f 911 687 863
f 598 76 75
f 598 599 650
f 679 647 680
f 731 471 472
f 932 437 707
f 685 650 729
f 470 471 730
f 475 476 766
f 625 1651 483
f 1160 1458 1460
f 484 485 625
f 948 656 696
f 625 622 626
f 626 1651 625
f 1653 1654 1652
f 626 623 627
f 629 1630 1654
f 628 1654 1653
f 662 633 707
f 628 624 611
f 624 628 627
f 611 624 612
f 628 611 629
f 848 732 439
f 706 632 661
f 796 848 706
f 439 440 600
f 765 709 708
f 476 477 765
f 627 623 624
f 438 439 437
f 609 685 610
f 465 637 464
f 437 439 600
f 637 707 633
f 77 610 78
f 610 77 609
f 78 610 738
f 666 668 642
f 662 600 1655
f 77 76 609
f 601 441 602
f 601 600 440
f 604 733 603
f 603 740 602
f 1033 84 83
f 943 944 735
f 80 79 737
f 822 910 864
f 442 602 441
f 1659 1655 1656
f 441 601 440
f 673 645 779
f 1599 611 705
f 625 483 484
f 802 804 544
f 1672 1676 1754
f 520 1136 1179
f 752 541 542
f 938 935 936
f 612 624 781
f 529 692 528
f 528 654 527
f 692 529 741
f 527 654 526
f 768 769 710
f 693 741 742
f 1117 1238 1115
f 858 810 812
f 601 602 739
f 666 665 495
f 532 533 799
f 693 653 692
f 1407 1425 1306
f 816 705 817
f 539 540 750
f 536 746 535
f 645 673 716
f 746 748 535
f 499 500 775
f 747 696 746
f 1738 1741 1670
f 686 730 731
f 923 525 526
f 693 897 653
f 679 648 647
f 1419 1548 1550
f 524 1087 523
f 521 1135 1136
f 897 693 849
f 949 950 757
f 776 777 957
f 804 1753 751
f 749 540 541
f 714 774 768
f 545 802 544
f 800 879 743
f 752 807 697
f 962 443 792
f 601 1655 600
f 697 749 752
f 750 749 697
f 521 522 1135
f 538 539 806
f 641 1040 1150
f 685 637 633
f 1051 814 859
f 851 547 548
f 1520 982 676
f 441 791 790
f 705 660 1599
f 839 841 550
f 805 852 901
f 726 618 619
f 549 550 841
f 591 592 919
f 639 595 664
f 842 1076 997
f 1077 787 724
f 662 437 600
f 1031 1033 736
f 830 893 866
f 554 555 787
f 797 738 610
f 787 842 871
f 654 692 923
f 550 551 839
f 616 617 813
f 1118 574 575
f 1070 1071 828
f 510 511 782
f 705 611 612
f 1091 1097 1304
f 561 562 826
f 826 828 561
f 661 1035 468
f 561 828 560
f 76 650 609
f 661 468 469
f 860 861 566
f 771 827 977
f 596 664 595
f 753 854 428
f 1059 1060 1264
f 1059 975 1165
f 595 639 594
f 567 860 566
f 465 466 931
f 827 1069 1068
f 969 703 967
f 556 557 843
f 1034 929 930
f 815 975 1058
f 604 442 443
f 441 790 442
f 442 792 443
f 605 443 444
f 442 604 603
f 604 443 605
f 947 740 946
f 1034 930 605
f 444 606 605
f 603 602 442
f 429 606 445
f 445 606 444
f 445 753 428
f 429 445 428
f 639 1019 594
f 909 634 888
f 1296 1206 678
f 634 953 950
f 887 429 428
f 605 606 700
f 792 442 790
f 887 888 429
f 736 82 734
f 82 81 734
f 758 757 636
f 751 542 543
f 621 666 495
f 758 636 608
f 86 85 607
f 818 469 470
f 607 608 86
f 1147 941 1148
f 664 608 636
f 755 85 84
f 776 645 716
f 608 596 597
f 87 597 88
f 597 87 608
f 647 927 680
f 784 979 833
f 1327 1036 1326
f 608 87 86
f 607 758 608
f 1111 999 846
f 618 669 619
f 735 81 80
f 938 672 935
f 634 909 1019
f 574 1242 573
f 1363 1565 1447
f 1125 578 1130
f 1616 1619 1617
f 1028 1262 1367
f 957 777 616
f 559 866 558
f 1314 1122 1315
f 1233 1232 1227
f 739 740 691
f 1241 1118 575
f 917 578 1125
f 761 1058 1062
f 636 639 664
f 577 578 917
f 577 917 576
f 617 616 959
f 917 1119 1241
f 957 616 615
f 713 500 501
f 692 654 528
f 1102 886 1103
f 884 1090 1100
f 1239 695 1240
f 909 592 593
f 886 1023 885
f 643 1036 1327
f 763 706 438
f 735 689 734
f 887 854 885
f 1651 640 920
f 1252 1141 1143
f 1131 581 582
f 668 620 619
f 648 498 681
f 1089 587 588
f 781 613 612
f 1141 586 1250
f 732 440 439
f 621 682 620
f 729 599 464
f 585 586 1141
f 1104 589 1102
f 608 664 596
f 666 620 668
f 571 1253 570
f 1013 890 1014
f 911 863 821
f 845 846 999
f 1136 520 521
f 83 82 736
f 706 764 862
f 764 706 661
f 732 848 863
f 465 931 637
f 437 662 707
f 891 864 708
f 765 766 476
f 479 709 478
f 708 709 663
f 769 503 504
f 710 933 714
f 770 824 825
f 1043 711 1042
f 827 771 826
f 1349 1352 1350
f 501 502 774
f 715 713 672
f 672 713 714
f 713 501 774
f 672 938 942
f 681 499 775
f 493 716 492
f 716 667 776
f 645 675 780
f 622 719 623
f 779 780 717
f 624 718 781
f 490 719 622
f 718 719 717
f 511 512 870
f 1511 1512 1520
f 979 783 833
f 1287 1288 1286
f 1498 1492 1493
f 1504 1475 1486
f 840 786 839
f 803 906 1017
f 844 873 843
f 1293 1396 1197
f 560 828 1071
f 712 1528 978
f 679 726 619
f 726 680 1052
f 440 732 791
f 809 699 753
f 1660 475 766
f 651 819 795
f 599 729 650
f 464 637 729
f 731 730 471
f 818 686 764
f 794 472 473
f 874 894 895
f 848 439 438
f 732 845 791
f 930 733 604
f 740 733 688
f 735 734 81
f 736 734 689
f 737 735 80
f 943 735 690
f 1030 1032 929
f 1030 658 1031
f 79 78 738
f 735 737 690
f 610 685 797
f 690 737 738
f 740 739 602
f 1655 739 691
f 733 740 603
f 946 740 688
f 742 741 530
f 692 741 693
f 801 531 532
f 849 742 875
f 800 534 748
f 1663 1666 875
f 545 803 802
f 1747 1752 695
f 903 902 745
f 914 745 902
f 747 746 536
f 748 746 696
f 537 538 806
f 948 747 750
f 878 850 877
f 800 799 533
f 752 542 751
f 697 948 750
f 747 537 806
f 540 749 750
f 543 544 804
f 656 697 807
f 541 752 749
f 698 752 751
f 444 1048 855
f 854 753 883
f 792 790 1044
f 961 754 1151
f 755 84 1033
f 756 755 701
f 756 701 757
f 85 756 607
f 949 701 658
f 639 953 634
f 607 756 758
f 757 758 756
f 811 760 971
f 889 762 812
f 1050 1049 964
f 811 759 810
f 975 815 860
f 1203 1002 1004
f 858 613 614
f 857 889 759
f 437 763 438
f 632 706 763
f 661 469 818
f 819 764 686
f 709 765 477
f 766 765 708
f 766 708 864
f 1660 728 793
f 480 767 823
f 922 480 481
f 769 768 503
f 714 768 710
f 504 505 1043
f 1041 956 670
f 825 506 507
f 1063 770 825
f 827 562 563
f 978 828 771
f 865 564 565
f 1004 1198 1199
f 1387 1388 1389
f 1005 1084 872
f 768 774 502
f 713 774 714
f 713 775 500
f 681 775 715
f 958 667 642
f 645 776 674
f 958 776 667
f 777 958 959
f 673 778 491
f 719 778 717
f 779 645 780
f 778 779 717
f 781 675 613
f 780 718 717
f 718 780 781
f 781 780 675
f 870 832 834
f 782 720 868
f 783 979 980
f 834 720 782
f 515 984 835
f 516 517 985
f 509 867 838
f 1063 785 976
f 840 551 552
f 901 852 899
f 556 843 873
f 1076 1077 996
f 1076 996 1541
f 995 786 840
f 1078 998 1296
f 787 844 724
f 441 440 791
f 727 1044 790
f 845 732 687
f 727 790 791
f 999 960 1044
f 754 809 962
f 1660 793 474
f 794 793 728
f 847 728 1000
f 794 731 472
f 794 1001 731
f 847 794 728
f 862 819 820
f 820 821 796
f 685 633 797
f 1659 1656 1658
f 1668 1675 1268
f 1676 1009 1087
f 533 534 800
f 801 799 743
f 800 748 877
f 743 799 800
f 743 1664 1663
f 801 742 531
f 545 546 882
f 804 802 744
f 882 547 853
f 908 906 853
f 804 744 1751
f 804 751 543
f 852 549 841
f 908 853 805
f 539 750 806
f 747 806 750
f 752 698 807
f 1746 1744 1745
f 854 883 808
f 1023 591 919
f 445 855 753
f 963 962 792
f 856 615 616
f 812 810 759
f 856 810 615
f 811 856 813
f 759 1050 857
f 817 858 762
f 859 617 618
f 811 813 760
f 1051 618 1052
f 968 967 703
f 975 567 568
f 1203 1004 1202
f 817 705 612
f 890 816 762
f 817 613 858
f 816 817 762
f 730 818 470
f 661 818 764
f 795 819 686
f 820 819 651
f 820 651 821
f 862 796 706
f 894 651 895
f 651 894 821
f 823 955 663
f 1015 1226 1235
f 823 709 479
f 955 823 767
f 825 824 506
f 1043 824 770
f 837 825 507
f 785 1500 976
f 827 826 562
f 828 826 771
f 563 564 1069
f 1067 977 712
f 771 1067 978
f 559 560 1071
f 566 861 565
f 861 815 1002
f 1083 1348 1384
f 1005 872 830
f 1494 1511 1510
f 785 837 838
f 869 513 514
f 834 832 783
f 869 832 513
f 833 869 835
f 783 982 1072
f 870 782 511
f 984 515 516
f 833 835 784
f 1139 985 1140
f 990 784 836
f 838 837 508
f 825 837 785
f 509 838 508
f 838 831 1507
f 840 839 551
f 841 839 786
f 997 552 553
f 995 1292 1074
f 900 880 899
f 852 851 548
f 788 1075 997
f 554 871 553
f 557 558 893
f 843 789 844
f 787 555 873
f 1204 1080 789
f 845 687 846
f 791 845 999
f 894 896 911
f 1111 846 1211
f 684 1006 847
f 1001 847 895
f 706 848 438
f 848 796 863
f 875 742 801
f 1669 798 1668
f 1745 656 1746
f 1239 1739 1743
f 548 549 852
f 853 851 805
f 852 841 899
f 805 851 852
f 805 901 903
f 906 882 853
f 883 753 699
f 885 854 808
f 444 855 445
f 809 753 855
f 813 856 616
f 810 856 811
f 1105 890 857
f 889 890 762
f 810 858 614
f 858 812 762
f 1051 859 618
f 813 859 814
f 975 860 567
f 861 860 815
f 1002 815 761
f 865 861 829
f 819 862 764
f 796 862 820
f 732 863 687
f 796 821 863
f 891 708 663
f 892 910 1015
f 861 865 565
f 1069 865 829
f 1071 866 559
f 893 830 872
f 782 867 510
f 838 867 831
f 720 1520 1512
f 867 868 831
f 835 869 514
f 832 869 833
f 832 870 512
f 782 870 834
f 787 871 554
f 997 871 842
f 789 843 872
f 843 557 893
f 556 873 555
f 844 787 873
f 1008 1207 1006
f 911 846 687
f 801 743 1663
f 849 875 1666
f 1301 1300 1212
f 1676 525 923
f 878 748 696
f 877 850 879
f 748 878 877
f 696 656 878
f 1758 879 850
f 1664 879 694
f 723 912 900
f 1273 1274 1197
f 907 1240 1017
f 882 906 803
f 545 882 803
f 547 882 546
f 1045 1047 699
f 883 699 884
f 884 657 1090
f 1102 589 590
f 885 808 886
f 887 885 635
f 886 808 1103
f 591 886 590
f 887 635 888
f 854 887 428
f 909 888 635
f 888 634 950
f 759 889 812
f 889 857 890
f 857 1106 1105
f 1105 1014 890
f 1439 1228 1231
f 864 891 1232
f 1109 1000 1662
f 1662 1660 1661
f 866 893 558
f 843 893 872
f 895 651 795
f 894 874 896
f 1001 895 795
f 1006 895 847
f 874 1207 1086
f 1111 683 999
f 898 849 798
f 897 876 1754
f 876 897 898
f 849 898 897
f 900 841 786
f 899 880 901
f 841 900 899
f 1074 900 786
f 902 901 880
f 901 902 903
f 912 904 905
f 905 902 880
f 745 881 903
f 908 903 881
f 985 988 836
f 905 904 915
f 880 900 912
f 1271 915 904
f 907 906 881
f 907 1017 906
f 745 1018 881
f 881 1018 907
f 903 908 805
f 906 908 881
f 909 635 919
f 909 593 1019
f 1015 910 822
f 910 892 1661
f 894 911 821
f 846 911 896
f 912 723 1274
f 880 912 905
f 1281 1272 1275
f 1238 907 1018
f 905 914 902
f 1112 914 913
f 913 914 915
f 905 915 914
f 1121 579 580
f 1526 1588 1589
f 1130 579 1121
f 1126 1127 1129
f 1247 1248 1132
f 585 1252 584
f 909 919 592
f 635 885 1023
f 1651 920 482
f 1652 921 640
f 1039 921 638
f 922 921 767
f 480 922 767
f 481 920 922
f 654 923 526
f 923 1754 1676
f 1088 523 1087
f 1112 1115 1018
f 1093 1091 1095
f 1131 1134 1022
f 1245 573 1242
f 630 1224 1305
f 928 927 647
f 927 644 966
f 681 928 647
f 715 672 942
f 929 1029 1030
f 688 733 930
f 605 930 604
f 688 930 929
f 1035 466 467
f 932 931 1035
f 932 632 763
f 707 931 932
f 936 933 937
f 672 714 935
f 937 934 936
f 1055 644 1054
f 714 933 935
f 936 935 933
f 937 933 670
f 936 934 938
f 941 937 670
f 1159 1053 1054
f 934 1159 1054
f 938 644 942
f 1145 1147 939
f 1505 1475 1504
f 934 937 940
f 940 937 1038
f 1148 1037 1147
f 1147 1145 941
f 644 928 942
f 715 942 928
f 690 1656 1657
f 944 943 652
f 652 946 945
f 689 735 944
f 929 945 688
f 689 944 945
f 945 946 688
f 947 946 652
f 1657 652 943
f 691 740 947
f 656 948 697
f 696 747 948
f 951 658 1029
f 952 606 429
f 951 950 949
f 950 952 888
f 658 951 949
f 606 951 700
f 950 951 952
f 606 952 951
f 636 757 953
f 950 953 757
f 1166 1060 569
f 1062 1332 1061
f 1039 1150 955
f 1228 891 663
f 769 1042 956
f 1066 1149 711
f 614 957 615
f 776 957 674
f 959 958 642
f 776 958 777
f 668 959 642
f 959 669 617
f 960 683 1152
f 963 960 754
f 1152 1151 1154
f 884 1047 657
f 1048 809 855
f 443 962 444
f 963 792 1044
f 754 962 963
f 968 760 967
f 974 964 971
f 1052 966 965
f 969 967 814
f 644 938 1054
f 1161 965 966
f 760 814 967
f 814 1051 969
f 972 968 703
f 968 974 971
f 966 1055 1161
f 1462 1460 1718
f 1726 1461 1718
f 1162 973 970
f 971 964 1049
f 760 968 971
f 703 1730 1721
f 972 970 973
f 1163 1056 1162
f 1057 973 1164
f 972 974 968
f 1057 974 973
f 569 1060 1165
f 815 1058 761
f 1037 1477 1472
f 1064 1065 1063
f 827 1068 977
f 1685 1688 1683
f 1348 1529 1347
f 1070 978 1529
f 991 784 989
f 979 721 980
f 983 980 721
f 720 834 1072
f 1286 1593 1595
f 1533 1594 1534
f 983 982 980
f 982 981 1623
f 1287 721 994
f 982 983 981
f 985 984 516
f 835 984 836
f 1249 518 519
f 1181 1178 1025
f 1183 1182 1025
f 1193 1187 1186
f 1140 1137 1138
f 1184 1187 992
f 517 518 1140
f 990 988 1170
f 1073 1184 1169
f 979 991 721
f 1170 988 987
f 784 990 989
f 784 991 979
f 1169 1184 993
f 1196 1291 1193
f 993 994 991
f 1170 1073 1169
f 991 994 721
f 1344 993 1184
f 1196 1195 1290
f 840 1075 995
f 1293 1541 1396
f 1078 996 1077
f 1276 1341 1272
f 552 997 840
f 871 997 553
f 1204 1084 1085
f 1204 1085 1297
f 960 999 683
f 999 727 791
f 1000 728 1662
f 684 847 1000
f 731 1001 795
f 794 847 1001
f 1002 761 1004
f 1002 1203 1294
f 1201 1003 1199
f 712 1685 1682
f 1198 1004 761
f 1199 1202 1004
f 1083 1005 830
f 1084 1005 725
f 1008 1006 684
f 895 1006 874
f 1015 684 1109
f 1208 1209 1086
f 1015 1008 684
f 1007 1086 1207
f 1669 898 798
f 1024 1088 1300
f 1010 1090 1093
f 1095 1010 1093
f 884 1101 883
f 588 1104 1089
f 1162 1056 1164
f 1225 1221 1223
f 1626 1547 1597
f 660 890 1013
f 1014 1012 1221
f 631 1013 1014
f 1015 822 1226
f 1015 1235 1008
f 1086 896 874
f 1152 1155 1046
f 1751 1017 695
f 1017 744 803
f 1112 745 914
f 1018 745 1112
f 594 1019 593
f 634 1019 639
f 1322 1120 1020
f 1120 1242 1118
f 1246 1131 1133
f 1582 1312 1580
f 1131 1247 1134
f 1313 1314 1447
f 591 1023 886
f 635 1023 919
f 1088 522 523
f 1182 924 1265
f 1266 1674 1335
f 987 1138 1174
f 1089 1142 1250
f 1026 1302 1143
f 1549 1548 1216
f 1316 1022 1318
f 572 1245 1449
f 1028 1329 1167
f 1030 1029 658
f 1034 1029 929
f 1031 658 701
f 736 689 1032
f 1031 701 755
f 736 1030 1031
f 929 1032 945
f 736 1032 1030
f 736 1033 83
f 755 1033 1031
f 605 700 1034
f 1034 700 1029
f 468 1035 467
f 932 1035 632
f 1036 1145 1326
f 643 940 1036
f 1064 711 1065
f 1066 1037 1149
f 937 941 1038
f 1038 941 1145
f 921 1039 767
f 1150 1039 638
f 1630 641 1654
f 1224 630 1397
f 933 1041 670
f 710 956 1041
f 504 1043 769
f 1149 1042 711
f 824 1043 505
f 1043 770 1065
f 999 1044 727
f 963 1044 960
f 754 1045 809
f 1047 1045 961
f 683 1158 1152
f 1258 1096 1255
f 699 1047 884
f 961 1151 1256
f 444 962 1048
f 809 1048 962
f 971 1049 811
f 964 1057 1050
f 857 1050 702
f 759 1049 1050
f 618 726 1052
f 969 1051 965
f 1051 1052 965
f 680 966 1052
f 1159 934 940
f 965 1261 969
f 934 1054 938
f 1055 1054 1053
f 1458 1161 1053
f 644 1055 966
f 1633 1585 1608
f 1107 1106 702
f 1050 1057 702
f 974 1057 964
f 975 1059 1058
f 1058 1059 1062
f 975 568 1165
f 954 1332 1062
f 1166 569 570
f 1264 1166 1167
f 1330 1332 954
f 1736 1737 1735
f 954 1062 1059
f 761 1062 1061
f 785 1063 825
f 1063 976 1064
f 1477 1476 1471
f 711 1064 1066
f 1043 1065 711
f 1063 1065 770
f 1064 976 1487
f 1495 1506 1493
f 978 1067 712
f 771 977 1067
f 563 1069 827
f 1688 1068 772
f 865 1069 564
f 1168 1069 829
f 773 1083 1071
f 828 978 1070
f 773 1071 1070
f 866 1071 830
f 783 1072 834
f 1520 1072 982
f 1171 1073 1170
f 1184 992 1344
f 900 1074 723
f 786 995 1074
f 997 1075 840
f 1293 1075 788
f 997 1076 788
f 1077 1076 842
f 787 1077 842
f 1078 1077 724
f 1078 724 1080
f 1539 1078 678
f 1395 1539 1540
f 678 1206 1351
f 789 1080 844
f 1078 1080 998
f 761 1736 1198
f 1201 1677 1200
f 1715 1690 1714
f 1082 772 1168
f 1071 1083 830
f 978 1528 1529
f 1084 725 1085
f 872 1084 789
f 1085 725 1345
f 1204 1297 998
f 1208 1086 1007
f 1211 1086 1209
f 1676 1087 524
f 1088 1087 1009
f 1009 1212 1300
f 1135 1088 1024
f 588 589 1104
f 1217 1251 1095
f 1094 1093 1090
f 1092 1090 1010
f 1257 657 1256
f 1097 1091 1094
f 1213 1010 1251
f 883 1101 808
f 1094 1090 657
f 1091 1214 1095
f 1255 1256 1151
f 1091 1093 1094
f 925 1215 1095
f 1251 1217 1142
f 1157 1046 1155
f 1096 1218 1304
f 1257 1094 657
f 1304 1218 1303
f 1110 1234 1226
f 1328 1443 1098
f 1303 1563 1099
f 1095 1214 925
f 1090 1092 1100
f 1092 1011 1101
f 1092 1101 1100
f 1103 1101 1011
f 886 1102 590
f 1104 1102 1011
f 1101 1103 808
f 1102 1103 1011
f 1011 1092 1104
f 1104 1092 1213
f 1106 857 702
f 1014 1105 1012
f 1164 702 1057
f 1012 1105 1106
f 1606 1643 1585
f 631 1014 1225
f 1222 1221 1012
f 1583 1585 1633
f 1000 1109 684
f 892 1015 1109
f 1430 1436 1561
f 1328 1260 1443
f 1211 846 896
f 1153 1111 1016
f 1115 1116 1114
f 1112 1116 1115
f 1339 1116 913
f 1189 1190 1191
f 1236 1237 1309
f 1114 1308 1117
f 1116 1112 913
f 1115 1114 1117
f 1270 1281 1277
f 1236 1116 1280
f 1308 1239 1117
f 1017 1240 695
f 575 576 1241
f 1118 1020 1120
f 1125 1126 917
f 1020 1118 1119
f 1129 1244 1020
f 573 1245 572
f 580 581 1246
f 1128 1130 1021
f 1021 1121 1124
f 1246 1124 1121
f 1127 1123 1128
f 1129 1119 1126
f 1246 1121 580
f 1314 1124 1122
f 1130 578 579
f 1126 1125 1123
f 1127 1126 1123
f 917 1126 1119
f 1123 1130 1128
f 1129 1127 916
f 1128 1021 1313
f 916 1127 1128
f 1360 916 1582
f 1119 1129 1020
f 1021 1130 1121
f 1125 1130 1123
f 1247 582 583
f 1133 1131 1022
f 1248 583 584
f 1421 1316 1318
f 1133 1022 1315
f 1133 1122 1246
f 1247 1131 582
f 1318 1134 1132
f 1088 1135 522
f 1136 1135 1024
f 1301 1182 1269
f 1176 1177 1025
f 1173 986 1171
f 987 988 1139
f 985 1139 988
f 1178 1175 1176
f 1140 985 517
f 987 1139 1138
f 1140 518 1249
f 1138 1139 1140
f 586 587 1250
f 1143 1141 1026
f 1251 1089 1213
f 1026 1141 1142
f 1215 1216 1302
f 1324 1325 1248
f 1449 1323 1368
f 1167 1166 1262
f 1326 1145 939
f 1038 1145 1036
f 1467 1473 1482
f 1370 1373 1369
f 1148 941 670
f 1066 1477 1037
f 670 956 1148
f 956 1042 1149
f 1037 1148 1149
f 956 1149 1148
f 641 1150 638
f 1439 1150 1040
f 1154 754 960
f 1046 1258 1255
f 1111 1153 1158
f 1151 1152 1046
f 1016 1211 1209
f 1218 1328 1303
f 754 1154 1151
f 960 1152 1154
f 1158 1155 1152
f 1299 1153 1210
f 1210 1678 649
f 1210 649 1357
f 1153 1157 1155
f 1218 1096 1259
f 1111 1158 683
f 1155 1158 1153
f 940 643 1159
f 1463 643 1454
f 1457 1159 1463
f 1369 1452 1327
f 1053 1161 1055
f 1161 1160 1261
f 1163 1162 970
f 1164 1056 1107
f 970 1721 1720
f 1648 1641 659
f 702 1164 1107
f 973 1162 1164
f 569 1165 568
f 1059 1165 1060
f 1253 1166 570
f 1262 1028 1167
f 1263 1375 1374
f 1059 1264 954
f 1082 1168 829
f 1068 1168 772
f 991 1169 993
f 1170 1169 989
f 990 1170 989
f 1171 1170 987
f 1137 1175 1138
f 1185 1171 986
f 1174 1138 1175
f 1172 1175 1178
f 1174 1171 987
f 1190 986 1191
f 1172 1173 1174
f 1174 1173 1171
f 1176 1175 1137
f 1172 1174 1175
f 1249 1177 1137
f 1178 1176 1025
f 1137 1177 1176
f 1179 519 520
f 1265 1181 1182
f 1113 1280 1282
f 1136 1177 1179
f 519 1179 1177
f 1267 1180 1265
f 1189 1191 1282
f 1181 1025 1182
f 1192 1191 1283
f 1183 1025 1177
f 1024 1269 1136
f 1177 1136 1183
f 1269 1183 1136
f 1073 1185 1184
f 1188 1185 986
f 1171 1185 1073
f 1187 1185 1188
f 1278 1188 1190
f 1270 1279 1280
f 1185 1187 1184
f 1186 1275 1193
f 1190 1188 986
f 1186 1187 1188
f 1172 1191 1173
f 1280 1279 1189
f 1191 986 1173
f 1279 1278 1189
f 1192 1283 1178
f 1178 1181 1192
f 1181 1180 1192
f 1267 1337 1180
f 1343 1196 1284
f 992 1187 1194
f 1187 1193 1194
f 1193 1284 1196
f 1351 1298 1354
f 1533 1537 1538
f 1284 1193 677
f 1289 1196 1290
f 1197 1292 1293
f 1341 1340 1285
f 1736 761 1061
f 1199 1198 1081
f 1081 1735 1677
f 1199 1003 1202
f 1463 1454 1465
f 1729 1755 1713
f 1199 1081 1677
f 1200 1729 1714
f 1690 1202 1003
f 1203 1202 1082
f 1082 829 1203
f 861 1294 829
f 1080 1204 998
f 1084 1204 789
f 1390 1205 1391
f 1470 1346 1389
f 1206 1297 1350
f 1532 1392 1531
f 1006 1207 874
f 1007 1207 1008
f 1229 1208 1007
f 1208 649 1209
f 1359 649 1229
f 1016 1209 1678
f 1157 1299 1156
f 1153 1678 1210
f 1111 1211 1016
f 896 1086 1211
f 1009 1676 1672
f 1267 1268 1266
f 1104 1213 1089
f 1092 1010 1213
f 1091 1099 1214
f 1679 1214 1099
f 1215 925 1216
f 1217 1026 1142
f 1679 1219 1549
f 1216 1027 1324
f 1095 1215 1217
f 1026 1217 1215
f 1096 1258 1259
f 1259 1260 1328
f 1417 1410 1562
f 1548 1419 1027
f 1224 1223 1108
f 1401 1224 1397
f 1222 1012 1107
f 1223 1221 1108
f 1640 1649 1650
f 1221 1222 1645
f 1108 1305 1224
f 1225 1223 1220
f 1402 1404 1406
f 1220 1223 1224
f 631 1225 1220
f 1014 1221 1225
f 1232 822 864
f 1603 1110 1557
f 1231 955 1439
f 1415 1399 1412
f 1231 1228 663
f 1230 1233 1227
f 1208 1229 649
f 1007 1008 1235
f 1233 1226 822
f 1435 1230 1436
f 663 955 1231
f 1601 1439 1040
f 891 1228 1232
f 1232 1228 1227
f 1226 1233 1230
f 822 1232 1233
f 1307 1603 1557
f 1235 1234 1229
f 1234 1235 1226
f 1007 1235 1229
f 1237 1236 1113
f 1114 1116 1236
f 1336 1335 1237
f 1310 655 1739
f 1115 1238 1018
f 1240 1238 1117
f 655 1740 1739
f 1746 1748 1744
f 1238 1240 907
f 1239 1240 1117
f 917 1241 576
f 1118 1241 1119
f 1118 1242 574
f 1245 1242 1120
f 1364 1360 1243
f 1376 1323 1366
f 916 1244 1129
f 1360 1364 1244
f 1322 1321 1365
f 1144 1253 1368
f 1246 581 1131
f 1124 1246 1122
f 1248 1247 583
f 1134 1247 1132
f 1252 1248 584
f 1324 1248 1143
f 1177 1249 519
f 1140 1249 1137
f 1089 1250 587
f 1141 1250 1142
f 1251 1010 1095
f 1142 1089 1251
f 1141 1252 585
f 1248 1252 1143
f 1368 1253 571
f 1166 1253 1144
f 939 1147 1472
f 1370 1369 1254
f 1257 1096 1097
f 1256 657 1047
f 961 1256 1047
f 1257 1255 1096
f 1257 1097 1094
f 1255 1257 1256
f 1046 1157 1258
f 1258 1157 1259
f 1157 1156 1259
f 1259 1156 1260
f 1358 1156 1299
f 1557 1437 1560
f 1161 1261 965
f 1462 1261 1160
f 1166 1144 1262
f 1262 1144 1367
f 1333 1263 1334
f 1329 1330 1167
f 1166 1264 1060
f 1330 1264 1167
f 1267 1265 924
f 1181 1265 1180
f 1267 924 1680
f 655 1237 1335
f 924 1301 1680
f 1267 1266 1337
f 1669 876 898
f 1665 798 1666
f 1269 1024 1301
f 1183 1269 1182
f 913 915 1271
f 1279 1277 1278
f 1272 1271 904
f 1271 1270 1339
f 1276 1272 904
f 1275 1272 677
f 904 912 1274
f 1340 1197 1079
f 1274 723 1292
f 1274 1273 1276
f 1193 1275 677
f 1277 1275 1186
f 1274 1276 904
f 1276 1273 1341
f 1277 1186 1278
f 1281 1270 1271
f 1188 1278 1186
f 1189 1278 1190
f 1282 1280 1189
f 1270 1277 1279
f 1236 1280 1113
f 1280 1116 1339
f 1272 1281 1271
f 1275 1277 1281
f 1191 1192 1282
f 1180 1337 1338
f 1191 1172 1283
f 1178 1283 1172
f 677 1285 1284
f 1343 1285 1381
f 1341 1285 677
f 1285 1340 1381
f 1195 1393 1535
f 981 983 1287
f 721 1287 983
f 1288 1287 994
f 1344 994 993
f 1194 1291 992
f 1286 1288 1289
f 1289 1288 1344
f 1195 1535 1534
f 1286 1289 1290
f 1193 1291 1194
f 1196 1289 1291
f 1293 1292 995
f 1274 1292 1197
f 1075 1293 995
f 1541 1395 1396
f 1002 1294 861
f 1203 829 1294
f 1385 725 1384
f 1391 1349 1350
f 1078 1296 678
f 1297 1296 998
f 1350 1297 1085
f 1296 1297 1206
f 1536 1531 1537
f 1394 1393 1342
f 1153 1299 1157
f 1358 1299 1210
f 1009 1300 1088
f 1212 1680 1301
f 1301 924 1182
f 1024 1300 1301
f 1215 1302 1026
f 1324 1302 1216
f 1303 1098 1563
f 1304 1303 1099
f 1091 1304 1099
f 1096 1304 1097
f 1107 1610 1222
f 1525 1586 1611
f 1307 1557 1560
f 1224 1401 1220
f 1429 1426 1356
f 1357 1358 1210
f 1114 1309 1308
f 1310 1237 655
f 1236 1309 1114
f 1310 1309 1237
f 1239 1308 1310
f 1310 1308 1309
f 1313 916 1128
f 1305 1564 630
f 1021 1314 1313
f 1363 1314 1319
f 1021 1124 1314
f 1313 1312 1582
f 1122 1133 1315
f 1314 1315 1319
f 1022 1316 1315
f 1319 1315 1320
f 1022 1134 1318
f 1320 1316 918
f 1405 918 1403
f 1413 1363 1317
f 1424 1132 1325
f 1416 1419 1418
f 1320 1315 1316
f 1363 1319 1317
f 1405 1320 918
f 1319 1320 1317
f 1588 1374 1375
f 1245 1120 1365
f 1020 1244 1322
f 1322 1244 1364
f 1366 1245 1365
f 1245 1366 1323
f 1324 1143 1302
f 1325 1324 1027
f 1027 1423 1424
f 1132 1248 1325
f 939 1472 1479
f 1327 1326 1254
f 1369 1327 1254
f 1454 1327 1452
f 1303 1328 1098
f 1259 1328 1218
f 1329 1028 1375
f 1330 1329 1263
f 1330 1263 1333
f 1330 954 1264
f 1331 1333 1334
f 1332 1737 1061
f 1333 1332 1330
f 1737 1332 1331
f 1334 1263 1374
f 1332 1333 1331
f 1590 1334 1374
f 1334 1616 1331
f 1237 1113 1336
f 1266 1335 1337
f 1113 1282 1336
f 1338 1337 1336
f 1335 1336 1337
f 1336 1282 1338
f 1282 1192 1338
f 1180 1338 1192
f 1271 1339 913
f 1280 1339 1270
f 1340 1079 1381
f 1273 1197 1340
f 1341 677 1272
f 1340 1341 1273
f 1394 1079 1395
f 1195 1196 1343
f 1285 1343 1284
f 1195 1343 1342
f 1289 1344 992
f 994 1344 1288
f 1390 725 1385
f 1350 1345 1295
f 1348 1083 773
f 1389 1474 1470
f 1382 1385 1386
f 1005 1384 725
f 1348 773 1529
f 1348 1347 1384
f 1349 1391 1530
f 1532 1351 1352
f 1345 1350 1085
f 1350 1295 1391
f 1352 1351 1206
f 1195 1342 1393
f 1350 1352 1206
f 1352 1349 1532
f 1394 1342 1381
f 1354 1540 1351
f 1354 1298 1536
f 1354 1353 1540
f 630 1398 1397
f 1355 1412 1399
f 1558 1552 1358
f 1408 1407 1306
f 1359 1357 649
f 1357 1307 1358
f 1437 1557 1435
f 1429 1356 1440
f 1603 1229 1234
f 1357 1359 1307
f 916 1360 1244
f 1525 1360 1311
f 1638 1614 1615
f 1565 1312 1447
f 1406 1404 1355
f 1693 1691 1446
f 1317 1405 1413
f 1694 1448 1565
f 1377 1364 1243
f 1322 1364 1321
f 1322 1365 1120
f 1365 1321 1366
f 1377 1321 1364
f 1587 1589 1379
f 1368 1367 1144
f 1376 1367 1323
f 572 1368 571
f 1367 1368 1323
f 1372 1566 1567
f 1452 1453 1451
f 1479 1472 1478
f 1373 1370 1146
f 1371 1567 1569
f 1701 704 1699
f 1372 1373 1566
f 1451 1453 1706
f 1566 1373 1146
f 1453 1373 1372
f 1263 1329 1375
f 1590 1374 926
f 1028 1367 1376
f 1376 1366 1377
f 1366 1321 1377
f 1028 1376 1375
f 1377 1243 1379
f 1376 1377 1589
f 1243 1578 1379
f 1605 1584 1361
f 1360 1525 1578
f 1611 1587 1379
f 1612 1527 1590
f 1592 1647 1616
f 1394 1381 1079
f 1343 1381 1342
f 1390 1345 725
f 1346 1470 1483
f 1682 1388 1383
f 1347 1387 1386
f 1384 1005 1083
f 1385 1384 1347
f 1386 1385 1347
f 1385 1382 1390
f 1387 1347 1383
f 1382 1386 1346
f 1388 1387 1383
f 1346 1386 1387
f 1383 1528 1682
f 1387 1389 1346
f 1474 671 1473
f 1482 1473 1481
f 1205 1390 1382
f 1345 1390 1295
f 1390 1391 1295
f 1530 1391 1205
f 1516 1505 1205
f 1392 1524 1531
f 1536 1353 1354
f 1537 1535 1536
f 1396 1079 1197
f 1393 1394 1353
f 1395 1541 1539
f 1353 1394 1395
f 1541 1293 788
f 1079 1396 1395
f 630 1691 1398
f 1355 1399 1401
f 1398 1362 1402
f 1397 1398 1406
f 1408 1355 1404
f 1220 1399 1547
f 1402 1403 1422
f 1418 1410 1414
f 1355 1401 1397
f 1220 1401 1399
f 1403 1402 1362
f 1402 1400 1404
f 1405 1403 1362
f 918 1420 1403
f 1407 1404 1400
f 1404 1407 1408
f 1413 1405 1692
f 1405 1317 1320
f 1397 1406 1355
f 1402 1406 1398
f 1414 1407 1400
f 1417 1425 1414
f 1412 1543 1542
f 1355 1408 1412
f 1693 1692 1691
f 1695 1448 1694
f 1414 1422 1418
f 1219 1563 1444
f 1425 1426 1306
f 660 1013 1546
f 1408 1306 1543
f 1415 1412 1542
f 1692 1405 1362
f 1413 1409 1694
f 1420 1422 1403
f 1414 1410 1417
f 1627 1555 1628
f 1547 1415 1597
f 1421 1420 918
f 1423 1027 1419
f 1445 1443 1356
f 1426 1425 1417
f 1422 1414 1400
f 1423 1416 1421
f 1027 1216 1548
f 1418 1419 1550
f 918 1316 1421
f 1422 1420 1416
f 1423 1421 1318
f 1416 1420 1421
f 1418 1422 1416
f 1422 1400 1402
f 1423 1318 1424
f 1416 1423 1419
f 1132 1424 1318
f 1027 1424 1325
f 1414 1425 1407
f 1426 1417 1356
f 1440 1559 1429
f 1306 1426 1431
f 1110 1230 1435
f 1543 1544 1542
f 1431 1429 1433
f 1431 1433 1428
f 1432 1440 1443
f 1429 1427 1433
f 1430 1435 1436
f 1553 1433 1434
f 1429 1431 1426
f 1543 1431 1428
f 1156 1552 1260
f 1552 1558 1432
f 1441 1437 1430
f 1433 1427 1434
f 1561 1442 1430
f 1553 1428 1433
f 1436 1230 1227
f 1435 1430 1437
f 1228 1439 1227
f 1438 1561 1227
f 1441 1430 1434
f 1437 1441 1558
f 1555 1442 1600
f 1442 1554 1430
f 1439 955 1150
f 1227 1439 1438
f 1443 1440 1356
f 1559 1432 1558
f 1434 1427 1441
f 1558 1441 1427
f 1438 1601 1600
f 1553 1411 1544
f 1432 1443 1260
f 1417 1562 1445
f 1444 1410 1550
f 1098 1443 1444
f 1417 1445 1356
f 1444 1443 1445
f 1586 1525 1579
f 1409 1692 1693
f 1313 1447 1312
f 1314 1363 1447
f 1581 1584 1586
f 1580 1565 1448
f 1323 1449 1245
f 1368 572 1449
f 1200 1703 1702
f 1698 1592 1620
f 1369 1453 1452
f 1454 643 1327
f 1369 1373 1453
f 1452 1451 1454
f 1371 1707 1372
f 1706 1707 1756
f 1455 1451 1708
f 1454 1451 1455
f 1460 1456 1465
f 1457 1053 1159
f 1455 1450 1464
f 1457 1458 1053
f 1463 1159 643
f 1458 1457 1456
f 1465 1456 1463
f 1458 1160 1161
f 1708 1709 1450
f 1261 1462 969
f 1456 1460 1458
f 1459 1718 1460
f 1459 1464 1711
f 969 1461 1730
f 1460 1462 1160
f 969 1462 1461
f 1465 1454 1455
f 1457 1463 1456
f 1450 1709 1712
f 1459 1460 1465
f 1455 1464 1465
f 1465 1464 1459
f 1382 1346 1483
f 1569 1570 1568
f 1490 1573 1489
f 1490 1370 1480
f 1479 1254 1326
f 1495 1492 1604
f 1480 1370 1254
f 1575 1574 1468
f 1389 1388 1474
f 1484 1483 1470
f 1064 1476 1066
f 1469 1478 1571
f 1037 1472 1147
f 1478 1472 1471
f 1481 1473 671
f 1467 1470 1473
f 671 1474 1388
f 1470 1474 1473
f 1486 1484 1572
f 1484 1486 1475
f 1487 976 1488
f 1476 1487 1488
f 1476 1477 1066
f 1471 1472 1477
f 1571 1478 1471
f 1478 1480 1479
f 939 1479 1326
f 1480 1478 1469
f 1469 1490 1480
f 1254 1479 1480
f 1481 671 1570
f 1482 1481 1466
f 1489 1482 1466
f 1485 1486 1572
f 1484 1470 1467
f 1483 1475 1516
f 1491 1467 1482
f 1475 1483 1484
f 1492 1495 1493
f 1523 1504 1486
f 1572 1484 1467
f 1523 1513 1522
f 1488 976 722
f 1476 1064 1487
f 1493 1488 722
f 1476 1488 1506
f 1566 1489 1466
f 1490 1489 1146
f 1490 1146 1370
f 1573 1490 1576
f 1573 1491 1482
f 1576 1468 1574
f 1498 1493 1496
f 1502 1492 1498
f 1496 1493 722
f 1575 1604 1513
f 1519 1496 1499
f 1501 1502 1517
f 1571 1495 1468
f 1506 1471 1476
f 1499 1496 722
f 1496 1494 1498
f 1499 1500 1497
f 868 1512 831
f 1498 1509 1502
f 1508 1509 1510
f 1500 1499 722
f 1497 1511 1519
f 976 1500 722
f 1500 785 1507
f 1514 1524 1515
f 1574 1575 1485
f 1509 1498 1494
f 1522 1501 1521
f 646 1577 1518
f 1392 1530 1515
f 1523 1486 1485
f 1505 1504 1503
f 1505 1503 1514
f 1205 1382 1516
f 1493 1506 1488
f 1506 1495 1571
f 1512 1507 831
f 1507 1497 1500
f 981 1595 1596
f 1517 1518 1501
f 1510 1509 1494
f 1509 1508 1517
f 1494 1519 1511
f 1623 1625 676
f 1507 1512 1497
f 676 1510 1511
f 720 1512 868
f 1497 1512 1511
f 1492 1502 1513
f 1502 1501 1522
f 1521 1514 1503
f 1531 1524 646
f 1205 1505 1515
f 1514 1515 1505
f 1483 1516 1382
f 1475 1505 1516
f 1509 1517 1502
f 1518 1517 1508
f 1286 1534 1594
f 1577 1524 1514
f 1496 1519 1494
f 1497 1519 1499
f 1520 720 1072
f 1511 1520 676
f 1522 1521 1503
f 1577 1501 1518
f 1523 1522 1503
f 1522 1513 1502
f 1504 1523 1503
f 1513 1523 1485
f 1515 1524 1392
f 1577 1514 1521
f 1311 1579 1525
f 1448 1581 1579
f 1587 1613 1526
f 1588 1526 926
f 1613 1612 1526
f 1527 1380 1617
f 1682 1528 712
f 1529 1528 1383
f 1529 1383 1347
f 1529 773 1070
f 1515 1530 1205
f 1532 1530 1392
f 1531 646 1537
f 1351 1532 1298
f 1532 1349 1530
f 1298 1532 1531
f 646 1538 1537
f 1195 1534 1290
f 1624 1594 1538
f 1286 1290 1534
f 1536 1535 1393
f 1534 1535 1533
f 1536 1393 1353
f 1531 1536 1298
f 1538 646 1518
f 1537 1533 1535
f 1508 1642 1518
f 1596 1625 1623
f 1078 1539 996
f 1540 1539 678
f 1540 678 1351
f 1353 1395 1540
f 1076 1541 788
f 1541 996 1539
f 1408 1543 1412
f 1627 1542 1411
f 1431 1543 1306
f 1544 1543 1428
f 1553 1544 1428
f 1542 1544 1411
f 1411 1553 1556
f 1733 1040 641
f 1626 1013 631
f 1546 1545 1629
f 1220 1547 631
f 1399 1415 1547
f 1549 1216 925
f 1550 1410 1418
f 1679 1549 925
f 1551 1549 1219
f 1548 1551 1550
f 1550 1551 1444
f 1549 1551 1548
f 1444 1551 1219
f 1358 1552 1156
f 1432 1260 1552
f 1434 1554 1553
f 1628 1555 1602
f 1430 1554 1434
f 1555 1554 1442
f 1555 1556 1554
f 1442 1561 1600
f 1554 1556 1553
f 1627 1556 1555
f 1603 1307 1359
f 1435 1557 1110
f 1558 1427 1559
f 1560 1358 1307
f 1429 1559 1427
f 1440 1432 1559
f 1437 1558 1560
f 1358 1560 1558
f 1227 1561 1436
f 1600 1561 1438
f 1410 1444 1562
f 1445 1562 1444
f 1219 1679 1563
f 1098 1444 1563
f 1606 1564 1305
f 1691 1564 1446
f 1694 1565 1363
f 1580 1448 1579
f 1489 1566 1146
f 1567 1566 1466
f 1466 1481 1570
f 1372 1567 1371
f 1388 1682 1684
f 1714 1690 1003
f 1466 1570 1567
f 1568 1728 1757
f 1570 671 1686
f 1567 1570 1569
f 1571 1471 1506
f 1469 1571 1468
f 1467 1491 1572
f 1485 1572 1491
f 1489 1573 1482
f 1576 1490 1469
f 1485 1491 1574
f 1576 1574 1491
f 1604 1468 1495
f 1485 1575 1513
f 1573 1576 1491
f 1468 1576 1469
f 1524 1577 646
f 1501 1577 1521
f 1360 1578 1243
f 1611 1578 1525
f 1580 1579 1311
f 1448 1695 1581
f 1582 1580 1311
f 1565 1580 1312
f 1581 1361 1584
f 1579 1581 1586
f 1360 1582 1311
f 1582 916 1313
f 1585 1583 1584
f 1610 1609 1645
f 1584 1605 1585
f 1584 1583 1586
f 1606 1446 1564
f 1606 1585 1605
f 1583 1378 1586
f 1611 1378 1587
f 1613 1587 1378
f 1589 1587 1526
f 1374 1588 926
f 1589 1588 1375
f 1376 1589 1375
f 1379 1589 1377
f 1612 1590 926
f 1619 1590 1527
f 1634 1583 1633
f 1380 1527 1614
f 1621 1620 1617
f 1617 1620 1592
f 1596 1642 1625
f 1287 1595 981
f 1538 1594 1533
f 1286 1594 1593
f 1286 1595 1287
f 1595 1593 1596
f 1624 1596 1593
f 1510 1625 1508
f 1597 1415 1627
f 1545 1546 1597
f 1631 1545 1602
f 629 611 1599
f 1546 1599 660
f 629 1599 1598
f 1438 1439 1601
f 1555 1600 1602
f 1631 1733 1630
f 1602 1545 1628
f 1600 1601 1602
f 1733 1601 1040
f 1229 1603 1359
f 1110 1603 1234
f 1513 1604 1492
f 1468 1604 1575
f 1695 1693 1605
f 1606 1605 1446
f 1108 1644 1305
f 1585 1643 1608
f 1640 1641 1648
f 1622 1648 1637
f 1643 1606 1644
f 1639 1734 1607
f 1107 1650 1610
f 1608 1643 1646
f 1650 1107 1056
f 1645 1609 1632
f 1611 1379 1578
f 1586 1378 1611
f 1526 1612 926
f 1614 1612 1591
f 1635 1378 1634
f 1612 1613 1591
f 1612 1614 1527
f 1614 1591 1635
f 1635 1613 1378
f 1639 1640 1648
f 1334 1590 1619
f 1647 1592 1704
f 1637 1621 1622
f 1616 1617 1592
f 1720 1163 970
f 1710 1711 1712
f 1334 1619 1616
f 1527 1617 1619
f 1621 1617 1380
f 1699 1700 1701
f 1621 1380 1622
f 1618 1620 1621
f 1380 1638 1622
f 1638 1615 1639
f 982 1623 676
f 981 1596 1623
f 1594 1624 1593
f 1538 1518 1642
f 676 1625 1510
f 1642 1596 1624
f 1013 1626 1546
f 1547 1626 631
f 1542 1627 1415
f 1627 1411 1556
f 1545 1597 1628
f 1627 1628 1597
f 1631 1629 1545
f 1599 1629 1598
f 629 1598 1630
f 1631 1630 1598
f 1631 1598 1629
f 1602 1601 1733
f 1632 1644 1645
f 1608 1646 1607
f 1734 1608 1607
f 1633 1734 1634
f 1635 1634 1615
f 1378 1583 1634
f 1614 1635 1615
f 1613 1635 1591
f 1704 1735 1636
f 1647 1737 1616
f 1722 659 1720
f 1621 1637 1618
f 1614 1638 1380
f 1615 1734 1639
f 1607 1649 1639
f 1622 1638 1639
f 1640 1639 1649
f 1163 1641 1056
f 659 1641 1163
f 1650 1641 1640
f 1625 1642 1508
f 1538 1642 1624
f 1644 1606 1305
f 1646 1643 1632
f 1645 1644 1108
f 1643 1644 1632
f 1221 1645 1108
f 1610 1645 1222
f 1632 1609 1646
f 1649 1646 1609
f 1704 1592 1699
f 1647 1636 1737
f 1637 1648 659
f 1639 1648 1622
f 1646 1649 1607
f 1650 1649 1609
f 1610 1650 1609
f 1641 1650 1056
f 483 1651 482
f 1653 1651 626
f 1652 640 1653
f 641 638 1652
f 1653 640 1651
f 628 1653 627
f 629 1654 628
f 1652 1654 641
f 739 1655 601
f 1657 1656 691
f 1658 1656 690
f 797 633 1659
f 947 1657 691
f 690 1657 943
f 690 738 1658
f 797 1658 738
f 633 662 1659
f 1655 1659 662
f 475 1660 474
f 1661 1660 766
f 1661 766 864
f 1662 1661 892
f 1662 892 1109
f 728 1660 1662
f 1663 694 1665
f 801 1663 875
f 879 1664 743
f 694 1663 1664
f 1670 1665 694
f 1670 1671 1665
f 1666 798 849
f 1663 1665 1666
f 694 1758 1738
f 1673 1671 1667
f 1680 1212 1681
f 798 1665 1668
f 1681 1668 1268
f 1672 1212 1009
f 1738 1670 694
f 1670 1667 1671
f 1740 1673 1667
f 1668 1671 1675
f 876 1669 1672
f 1672 1669 1681
f 1674 655 1335
f 1675 1266 1268
f 1266 1673 1674
f 655 1674 1673
f 1671 1673 1675
f 1266 1675 1673
f 525 1676 524
f 923 653 1754
f 1677 704 1703
f 1199 1677 1201
f 1016 1678 1153
f 649 1678 1209
f 1214 1679 925
f 1563 1679 1099
f 1212 1672 1681
f 1267 1680 1268
f 1668 1681 1669
f 1268 1680 1681
f 1685 712 1688
f 1684 671 1388
f 772 1689 1688
f 1568 1570 1686
f 1685 1684 1682
f 1684 1687 1686
f 1688 712 977
f 1685 1683 1687
f 671 1684 1686
f 1684 1685 1687
f 1715 1728 1683
f 1568 1686 1687
f 1068 1688 977
f 1689 772 1082
f 1690 1689 1082
f 1683 1688 1689
f 1202 1690 1082
f 1201 1714 1003
f 1398 1691 1362
f 1691 630 1564
f 1413 1692 1409
f 1362 1691 1692
f 1446 1605 1693
f 1695 1605 1361
f 1413 1694 1363
f 1695 1694 1409
f 1693 1695 1409
f 1695 1361 1581
f 1592 1698 1699
f 1696 1716 1702
f 1732 1698 1618
f 659 1163 1720
f 1618 1698 1620
f 1699 1698 1697
f 1700 1699 1697
f 1699 704 1704
f 1700 1697 1710
f 1700 1696 1701
f 1702 1701 1696
f 1703 1701 1702
f 1708 1705 1709
f 1757 1713 1755
f 1677 1703 1200
f 704 1701 1703
f 1735 1704 704
f 1647 1704 1636
f 1451 1706 1708
f 1755 1705 1756
f 1707 1706 1453
f 1708 1706 1705
f 1372 1707 1453
f 1371 1755 1756
f 1705 1716 1709
f 1708 1450 1455
f 1710 1696 1700
f 1696 1710 1709
f 1724 1732 1722
f 1450 1712 1464
f 1723 1731 1732
f 1459 1711 1717
f 1710 1712 1709
f 1464 1712 1711
f 1568 1687 1728
f 1200 1702 1729
f 1713 1757 1728
f 1689 1715 1683
f 1690 1715 1689
f 1715 1714 1728
f 1709 1716 1696
f 1755 1716 1705
f 1727 1710 1731
f 1719 1721 1730
f 1718 1461 1462
f 1459 1717 1718
f 1720 1724 1722
f 972 1721 970
f 1717 1727 1725
f 1637 1722 1618
f 703 1721 972
f 1720 1721 1719
f 659 1722 1637
f 1720 1725 1724
f 1711 1727 1717
f 1697 1731 1710
f 1725 1720 1719
f 1724 1723 1732
f 1725 1719 1726
f 1723 1724 1725
f 1725 1726 1717
f 1730 1726 1719
f 1710 1727 1711
f 1725 1727 1723
f 1728 1687 1683
f 1714 1713 1728
f 1755 1729 1702
f 1714 1729 1713
f 969 1730 703
f 1726 1730 1461
f 1732 1731 1697
f 1727 1731 1723
f 1698 1732 1697
f 1618 1722 1732
f 1630 1733 641
f 1733 1631 1602
f 1634 1734 1615
f 1608 1734 1633
f 1677 1735 704
f 1736 1735 1081
f 1198 1736 1081
f 1736 1061 1737
f 1737 1331 1616
f 1737 1636 1735
f 850 878 1745
f 1739 1239 1310
f 1741 1739 1740
f 1741 1742 1743
f 1673 1740 655
f 1741 1740 1667
f 1670 1741 1667
f 1742 1741 1738
f 1749 1742 1738
f 1752 1748 1751
f 1741 1743 1739
f 1747 1743 1742
f 1745 1738 850
f 656 807 1746
f 656 1745 878
f 1745 1744 1749
f 698 1750 807
f 1748 1747 1742
f 1743 1747 1239
f 1748 1742 1749
f 1746 1750 1748
f 1750 1751 1748
f 1745 1749 1738
f 1748 1749 1744
f 807 1750 1746
f 1750 698 1753
f 1751 1750 1753
f 1751 744 1017
f 1748 1752 1747
f 1751 695 1752
f 751 1753 698
f 804 1751 1753
f 897 1754 653
f 1672 1754 876
f 1755 1371 1757
f 1716 1755 1702
f 1706 1756 1705
f 1371 1756 1707
f 1371 1569 1757
f 1568 1757 1569
f 879 1758 694
f 850 1738 1758
f 1987 2094 1945
f 2416 1904 2417
f 1905 2213 2027
f 580 2461 581
f 1989 2371 2271
f 1777 1778 2092
f 2092 1987 2093
f 1938 447 1873
f 2057 2059 2119
f 1907 1941 1882
f 591 590 2320
f 1984 1983 1883
f 1784 2014 1783
f 2014 2098 2133
f 1786 2119 1785
f 1961 2242 2070
f 2461 2375 2377
f 2263 2132 2096
f 2046 1768 1769
f 1891 1892 1893
f 2393 2286 2289
f 1794 1795 1893
f 2400 1766 1767
f 2540 2632 2539
f 1768 2046 2401
f 2948 2021 1971
f 2099 2037 2039
f 592 591 2181
f 1860 1861 1883
f 2091 1931 2033
f 1995 1771 2224
f 1995 1770 1771
f 1774 1775 2099
f 3003 3001 3002
f 1875 1884 2954
f 2225 1995 2226
f 1775 1776 2037
f 2076 1928 2256
f 1800 1954 1799
f 1913 2336 2338
f 2415 1905 2413
f 1972 1971 2018
f 1892 1890 1893
f 1797 1891 1796
f 1892 2184 1890
f 1772 1773 2045
f 2005 1805 1806
f 2010 1814 1815
f 2581 2660 2593
f 1954 1918 1799
f 1957 2007 2065
f 2002 2115 1955
f 1804 1957 1803
f 2075 2269 2254
f 2199 2944 1980
f 2007 1957 1919
f 1790 2002 1789
f 1797 1798 1892
f 2300 2398 1903
f 2255 1965 2128
f 2347 2003 2436
f 2057 1786 1787
f 2002 2118 2117
f 2381 2379 2685
f 1891 1795 1796
f 1918 1798 1799
f 2010 2147 1814
f 1891 1893 1795
f 2205 595 594
f 2886 2887 2885
f 2182 2236 2238
f 2055 2236 2427
f 2235 2239 2182
f 2741 2658 2743
f 2411 2317 1936
f 2234 1791 1792
f 3019 2575 3017
f 2211 2006 2241
f 2453 3014 3013
f 2490 2331 2330
f 1764 2469 1763
f 6620 2243 2355
f 2129 2166 1935
f 2187 1871 1870
f 2280 2281 2277
f 1759 2177 577
f 1760 1761 2372
f 95 1966 2191
f 2310 2208 2472
f 2290 2291 2185
f 1875 1886 1884
f 578 577 2177
f 578 2177 2179
f 2205 1886 595
f 2375 579 2458
f 1766 2400 2472
f 2898 2927 2919
f 1908 1909 1944
f 1770 1995 2225
f 2628 2399 2629
f 2184 1892 1798
f 2390 2287 2285
f 584 2378 2382
f 1890 2184 2290
f 584 583 2378
f 2211 2293 2006
f 1907 2194 1867
f 2287 2183 2289
f 1939 1872 1925
f 2321 2394 2031
f 589 2319 590
f 2197 1851 1852
f 588 587 2284
f 2186 2192 2200
f 446 2219 2218
f 1886 1875 596
f 2375 580 579
f 1944 1909 1883
f 1982 2030 447
f 1881 2181 2216
f 1880 2029 1982
f 2029 1881 1982
f 2185 2292 2294
f 2331 2490 1946
f 1940 1982 447
f 2158 2157 2164
f 463 462 1872
f 2030 2032 446
f 1873 447 446
f 1873 463 1872
f 1938 1940 447
f 2308 593 2029
f 1872 1871 1925
f 1873 446 463
f 2218 1964 463
f 1873 1939 1938
f 2072 2073 2012
f 1875 597 596
f 597 89 88
f 1875 89 597
f 1980 2298 1897
f 2077 1970 2078
f 595 1886 596
f 1925 1980 1939
f 594 593 2308
f 1981 2202 2954
f 2198 1908 1943
f 1981 1884 2204
f 1874 90 1875
f 1874 2201 90
f 2168 1912 2162
f 1875 90 89
f 1954 2006 1916
f 1981 1880 1940
f 1968 1969 1927
f 1975 1852 1853
f 1871 1872 462
f 1957 2061 2060
f 1979 1848 2203
f 2195 1930 2194
f 1959 2067 2066
f 2222 2171 2043
f 1807 1808 1898
f 2189 2190 2192
f 1962 2011 2012
f 1808 1809 2062
f 2069 2004 2068
f 1919 1957 2060
f 1932 1901 1876
f 1811 1959 1810
f 1812 1813 2009
f 1905 2415 2318
f 1985 1907 1882
f 2195 1900 1930
f 2070 2245 1960
f 2250 1960 2244
f 2451 2214 2452
f 1961 2010 2013
f 2095 2096 2035
f 2480 2481 2478
f 2011 1816 1817
f 1892 1891 1797
f 1801 1802 2064
f 1973 1865 1901
f 1821 1990 2101
f 2040 2101 2137
f 2040 1819 1820
f 1788 1789 2117
f 1825 1992 1824
f 2105 1993 2108
f 1947 2138 2140
f 1806 1898 2005
f 1901 1932 1973
f 2042 2143 2105
f 2237 1893 1890
f 2103 2102 1992
f 2167 2162 1912
f 1822 1990 1821
f 2052 2230 2000
f 1987 1778 1779
f 2044 1829 2210
f 2368 2367 2350
f 1999 2144 2113
f 2652 2486 2686
f 1969 92 91
f 1830 1831 2047
f 2060 2069 1919
f 1833 1834 2049
f 2867 2888 2863
f 2155 2125 2126
f 2341 1999 2050
f 2337 2223 2420
f 2271 2418 1946
f 2052 1837 2053
f 1824 2102 1823
f 1835 1836 2051
f 2194 1930 1868
f 1837 2052 1836
f 2023 1839 1840
f 2221 2035 2132
f 2085 2025 2084
f 1883 456 1944
f 1970 2016 2256
f 1842 1843 2085
f 456 2018 2019
f 1841 1842 2084
f 2026 2087 1976
f 2195 2090 1900
f 1882 1932 1986
f 1976 1844 1845
f 1846 1847 1978
f 1983 1941 455
f 1940 1880 1982
f 2083 1976 1845
f 1882 1941 1885
f 1976 1936 2026
f 2021 2257 1908
f 1838 2054 2053
f 2034 2325 2327
f 2108 1949 2105
f 2160 2139 2141
f 1979 1937 1978
f 1869 459 1868
f 461 2015 460
f 1870 461 460
f 2618 2022 2082
f 1869 460 459
f 1870 460 1869
f 459 458 1868
f 462 463 1964
f 457 456 455
f 456 457 2018
f 1867 1868 458
f 1867 457 455
f 1907 455 1941
f 1907 1867 455
f 1865 1866 1901
f 1867 458 457
f 1972 457 458
f 1869 1868 1930
f 1930 2188 1869
f 1870 1871 461
f 2191 1966 1926
f 1968 1967 93
f 2188 1930 2189
f 2199 2200 1967
f 1966 95 94
f 94 93 1967
f 99 1877 1876
f 2033 1942 1986
f 1942 1985 1986
f 99 1876 100
f 2249 2247 2246
f 97 2091 98
f 99 98 1877
f 2243 2165 2355
f 1827 1993 1826
f 1931 97 96
f 1901 100 1876
f 2080 1972 2081
f 1883 1983 456
f 461 1871 462
f 2089 2028 2088
f 1938 1939 2946
f 1854 1855 2077
f 1940 1938 1906
f 1873 1872 1939
f 2300 1903 1934
f 1925 2298 1980
f 2127 2015 461
f 1857 1943 2016
f 1847 1848 1979
f 1858 1943 1857
f 1978 1937 2083
f 2078 2950 2951
f 2397 1879 2088
f 2267 1974 2362
f 1856 1970 1855
f 2411 2213 2318
f 1943 1858 2198
f 2221 1945 2094
f 2206 1864 1885
f 100 1866 101
f 1885 1973 1932
f 2022 2081 2082
f 1885 1932 1882
f 2190 1926 2192
f 100 1901 1866
f 1859 1860 1909
f 1979 2027 1937
f 1975 2301 2197
f 1909 1860 1883
f 2009 2148 1812
f 2206 1863 1864
f 1861 1862 1984
f 2511 2606 2513
f 2744 2793 1915
f 2206 1941 1984
f 1909 2198 1859
f 2818 2819 2820
f 1854 2079 1853
f 1850 1851 1934
f 1934 2203 1850
f 1968 93 92
f 1940 1906 1981
f 1807 1898 1806
f 2104 2138 1990
f 1877 1932 1876
f 1828 1829 2044
f 2224 2045 2333
f 2228 2227 1997
f 2048 1998 2047
f 2890 2891 2892
f 2744 2745 2741
f 2048 2110 1998
f 2053 1837 1838
f 2233 2824 2231
f 1801 2121 2063
f 1954 1916 2291
f 2002 2116 2115
f 2348 2503 2600
f 2432 2502 1917
f 2350 2442 2351
f 2061 1804 1805
f 2313 1919 2212
f 1958 2064 2313
f 2211 1958 2403
f 2148 2071 2123
f 1959 1920 2067
f 2245 2244 1960
f 1959 1811 2123
f 2013 2074 2011
f 2013 2276 1961
f 2072 2011 1817
f 2013 1962 2276
f 2119 2146 1785
f 1988 2536 2221
f 2218 463 446
f 2254 2443 2075
f 2359 2616 2443
f 2080 1929 1972
f 1967 1966 94
f 2191 1926 2190
f 2199 1967 1927
f 1966 1967 1926
f 1969 1968 92
f 1967 1968 1927
f 2201 1969 91
f 1969 2202 2945
f 2016 1970 1856
f 1970 1928 2078
f 2530 2619 1929
f 1944 2019 1908
f 2080 2081 2022
f 1972 1929 2948
f 1885 1864 1973
f 1865 1973 1864
f 2131 2084 2025
f 2231 2230 2001
f 1854 2077 2079
f 1975 1935 2301
f 1845 1846 2083
f 2316 1936 2214
f 1977 2085 2316
f 2786 2364 2817
f 1979 1978 1847
f 2083 1937 2024
f 2203 1848 1849
f 2028 1934 1903
f 1980 1897 2199
f 1980 2944 2946
f 2945 2947 2944
f 1874 2954 2201
f 2308 1880 2205
f 1982 1881 2030
f 456 1983 455
f 1883 1861 1984
f 1862 1863 2206
f 1941 1983 1984
f 1986 1985 1882
f 2194 1985 1942
f 1932 1877 1986
f 2193 2090 1931
f 2095 1779 1780
f 1987 1945 2093
f 2097 1781 1782
f 2366 2264 2369
f 1777 2092 2038
f 1996 2333 2135
f 1823 2102 2104
f 2136 2101 1990
f 2156 2142 1911
f 1962 2012 2158
f 1826 1993 2143
f 2106 2103 1992
f 2109 1827 1828
f 2168 2162 2275
f 2311 2210 1998
f 2868 2875 2876
f 2224 1771 1772
f 2046 2225 2228
f 2099 2100 1774
f 2422 2570 2421
f 2594 2589 2474
f 2569 2475 2401
f 2048 1831 1832
f 2210 2311 2209
f 2050 1834 1835
f 2311 2110 1951
f 1952 1999 2341
f 2050 1999 2049
f 2054 1839 2023
f 2001 2054 2145
f 2116 1790 1791
f 2002 1955 2118
f 1788 2117 2058
f 2120 2442 1963
f 1898 2062 2005
f 1809 1810 2066
f 1898 1808 2062
f 2005 2004 2061
f 1800 2063 1954
f 1802 2065 2064
f 2064 1958 2241
f 1803 2065 1802
f 2955 2251 2252
f 2005 2068 2004
f 2070 2122 2147
f 2009 1960 2071
f 1815 1816 2074
f 2010 1961 2070
f 2072 1817 1818
f 2013 2011 1962
f 2073 1818 1819
f 2124 2151 2073
f 2165 2276 2164
f 2010 1815 2074
f 2146 2059 2120
f 2014 1963 2098
f 1964 2269 462
f 2130 2082 2015
f 1857 2016 1856
f 2016 1943 2076
f 1975 2129 1935
f 2129 1975 2079
f 1972 2018 457
f 2018 1971 2019
f 2019 1944 456
f 1972 2948 1971
f 2258 2076 2259
f 1908 2019 2021
f 1971 2021 2019
f 2259 2257 2020
f 459 460 2082
f 2130 1965 2527
f 2131 1840 1841
f 2114 2145 1974
f 2213 2024 1937
f 1936 1976 2024
f 2267 2819 2266
f 2023 2086 1974
f 1977 2363 2085
f 1844 2087 1843
f 1979 2028 2027
f 2464 2028 1903
f 2028 1979 2203
f 2398 2302 2464
f 593 592 2029
f 2029 592 2181
f 2216 2321 2322
f 447 2030 446
f 2289 2286 2396
f 2443 2444 2359
f 2322 2030 1881
f 2031 2217 2219
f 1986 1877 2033
f 1877 98 2091
f 2325 2034 2093
f 2037 2038 2371
f 1987 2095 2094
f 2096 1780 1781
f 1782 1783 2133
f 1963 2366 2098
f 2038 2037 1776
f 2037 1989 2039
f 1777 2038 1776
f 2034 2272 2371
f 2270 2134 2153
f 2045 2100 2135
f 2101 2040 1820
f 2040 2124 2073
f 2140 2139 2142
f 1823 2104 1822
f 2103 2106 1948
f 2107 1992 1825
f 1993 2109 2108
f 2109 2044 2222
f 1829 1830 2210
f 2044 2312 2222
f 2100 1773 1774
f 2135 2333 2045
f 2225 2046 1769
f 2310 2401 2475
f 2048 2047 1831
f 2210 2047 1998
f 2049 2113 1833
f 2112 2110 2048
f 2050 2049 1834
f 2113 2049 1999
f 2051 2050 1835
f 2050 2000 2342
f 2052 2051 1836
f 2050 2051 2000
f 2230 2052 2001
f 2051 2052 2000
f 1838 1839 2054
f 2052 2053 2001
f 1974 2054 2023
f 2001 2053 2054
f 2116 2234 2055
f 2439 1955 2522
f 2348 2436 2503
f 2057 2058 2436
f 2058 2057 1787
f 2003 2346 2057
f 1788 2058 1787
f 2503 2436 2056
f 2346 2347 2240
f 2014 2120 1963
f 2061 1957 1804
f 2069 2060 2004
f 2005 2061 1805
f 2060 2061 2004
f 2066 2062 1809
f 2068 2062 2008
f 1801 2063 1800
f 2006 1954 2063
f 2064 2007 2313
f 2121 2006 2063
f 1957 2065 1803
f 2064 2065 2007
f 1959 2066 1810
f 2062 2066 2008
f 1920 2955 2956
f 2066 2067 2008
f 2062 2068 2005
f 2008 2956 2068
f 2008 2067 2956
f 2069 2955 2314
f 1960 2009 2070
f 2122 2009 1813
f 2247 2250 2244
f 1959 2071 1920
f 2073 2072 1818
f 2011 2072 2012
f 1819 2040 2073
f 2124 2040 1991
f 2011 2074 1816
f 2010 2074 2013
f 2254 1964 2220
f 2130 2128 1965
f 2257 2076 1943
f 2259 1899 2258
f 1970 2077 1855
f 2079 2077 2017
f 2950 2078 1928
f 2077 2078 2017
f 2079 2017 2129
f 1975 1853 2079
f 2081 1972 458
f 2022 2618 2528
f 458 459 2081
f 2082 2081 459
f 460 2015 2082
f 2015 2128 2130
f 1978 2083 1846
f 1976 2083 2024
f 2085 2084 1842
f 2131 2025 2086
f 2087 2085 1843
f 2085 2026 2316
f 2023 1840 2131
f 2267 2362 2262
f 1976 2087 1844
f 2085 2087 2026
f 2413 2089 2414
f 2027 2089 1905
f 2028 2089 2027
f 2088 1879 2414
f 1942 2033 2090
f 1931 2090 2033
f 1931 2091 97
f 1877 2091 2033
f 1987 2092 1778
f 2038 2092 2034
f 1945 2323 2325
f 2092 2093 2034
f 2095 1987 1779
f 2221 2094 2035
f 2096 2095 1780
f 2094 2095 2035
f 2097 2096 1781
f 2263 2096 2036
f 2097 1782 2133
f 2096 2097 2036
f 2367 2264 2366
f 2036 2097 2133
f 2037 2099 1775
f 2100 2099 2039
f 2100 2039 2153
f 2045 1773 2100
f 1821 2101 1820
f 1990 1947 2136
f 1992 2102 1824
f 2104 2102 2041
f 2141 2103 1948
f 2102 2103 2041
f 2138 2104 2041
f 1990 1822 2104
f 2275 2105 1949
f 2143 2042 2107
f 2107 2106 1992
f 2106 2042 2275
f 1826 2107 1825
f 2106 2107 2042
f 2109 1993 1827
f 2174 2043 2171
f 2044 2109 1828
f 2108 2109 2043
f 1832 1833 2113
f 2112 2885 2110
f 2886 2144 1952
f 2743 2873 2742
f 2113 2048 1832
f 2886 2885 2111
f 2111 2112 2113
f 2113 2112 2048
f 1974 2266 2114
f 2230 2231 1953
f 2116 2002 1790
f 2055 2427 2522
f 2234 2116 1791
f 2115 2116 2055
f 2002 2117 1789
f 2058 2117 2056
f 2437 2118 1955
f 2117 2118 2056
f 2057 2119 1786
f 2146 2119 2059
f 1784 2146 2014
f 2059 2057 2346
f 1801 2064 2121
f 2121 2064 2241
f 1814 2122 1813
f 2070 2009 2122
f 1812 2123 1811
f 2071 1959 2123
f 2124 1991 2126
f 2124 2126 2151
f 1991 2150 2163
f 2157 2172 1922
f 1991 2137 2150
f 2151 2126 2125
f 462 2127 461
f 2128 2127 2075
f 2127 2128 2015
f 2255 2128 2075
f 2952 2261 2260
f 2159 2166 2951
f 1965 2523 2527
f 2082 2130 2618
f 2084 2131 1841
f 2023 2131 2086
f 2221 2132 1988
f 2035 2096 2132
f 2014 2133 1783
f 2133 2098 2036
f 2270 2039 1989
f 2492 2422 2134
f 2153 2135 2100
f 2422 2135 2134
f 2163 2150 2156
f 2040 2137 1991
f 2101 2136 2137
f 2136 1947 2274
f 2141 2139 2140
f 1990 2138 1947
f 2138 2141 2140
f 2160 2141 2161
f 2141 2138 2041
f 2139 3006 2142
f 2103 2141 2041
f 2167 2161 2162
f 2150 2274 2156
f 2140 2142 2274
f 2105 2143 1993
f 2107 1826 2143
f 1952 2144 1999
f 2111 2113 2144
f 1974 2145 2054
f 2231 2145 2114
f 1785 2146 1784
f 2120 2014 2146
f 2070 2147 2010
f 2122 1814 2147
f 2071 2148 2009
f 2123 1812 2148
f 2608 2606 2607
f 2175 2169 2173
f 2136 2150 2137
f 2274 1947 2140
f 2151 2125 2157
f 2073 2151 2012
f 2080 2528 1929
f 2558 2397 2557
f 2270 2153 2039
f 2135 2153 2134
f 3004 2167 1912
f 3003 2139 2160
f 1991 2155 2126
f 2169 2155 2149
f 2615 2156 1911
f 2163 2156 2149
f 2175 2125 2155
f 2164 2157 1922
f 2012 2151 2158
f 2157 2158 2151
f 2951 2166 2129
f 2468 2303 2304
f 2161 2141 1948
f 2154 3001 3003
f 2161 1948 2162
f 2154 2160 2161
f 2106 2162 1948
f 2275 2042 2105
f 2149 2155 2163
f 1991 2163 2155
f 2602 2604 2613
f 2959 2164 1922
f 2158 2164 1962
f 1961 2243 2242
f 2951 2129 2017
f 2166 2159 2303
f 1912 2996 3004
f 2161 2167 2154
f 2043 2174 2108
f 2168 1949 2174
f 2613 2604 2612
f 2169 6619 2173
f 2170 2172 2125
f 2876 1914 2868
f 2860 2789 2858
f 2125 2172 2157
f 2170 2521 2960
f 2521 2173 6619
f 2175 2170 2125
f 2108 2174 1949
f 2891 2174 2171
f 2169 2175 2155
f 2170 2175 2173
f 2176 2459 2279
f 2674 2676 2678
f 1759 1760 2281
f 2279 2178 2179
f 2551 2458 2376
f 578 2179 579
f 2279 2179 2177
f 579 2179 2178
f 582 581 2545
f 2563 2758 2564
f 2215 2321 2320
f 2029 2181 1881
f 2344 1890 2290
f 2234 2236 2055
f 2287 2284 2288
f 2392 585 2391
f 1798 1918 2184
f 2184 1918 2290
f 2185 2291 2292
f 2957 2294 2182
f 2187 1925 1871
f 2187 1870 2188
f 1870 1869 2188
f 2187 2186 2298
f 2189 1930 1900
f 2186 2187 2188
f 2189 1900 2190
f 2186 2188 2189
f 1900 2193 2190
f 1931 96 2299
f 2191 2190 2193
f 96 95 2191
f 2192 1926 2200
f 2189 2192 2186
f 2090 2193 1900
f 2193 1931 2299
f 1867 2194 1868
f 2194 1907 1985
f 2194 1942 2195
f 2090 2195 1942
f 1934 1851 2197
f 2398 1935 2302
f 1975 2197 1852
f 2197 2196 2300
f 1859 2198 1858
f 1909 1908 2198
f 2199 1927 2944
f 2200 2199 1897
f 1897 2298 2200
f 1926 1967 2200
f 90 2201 91
f 1875 2954 1874
f 2947 1981 1906
f 1969 2201 2202
f 1850 2203 1849
f 2028 2203 1934
f 1884 1886 2205
f 1880 1981 2204
f 1880 2204 2205
f 2205 2204 1884
f 1941 2206 1885
f 1862 2206 1984
f 2208 2310 2475
f 2779 2482 2720
f 1997 2227 2498
f 2701 2629 2402
f 2904 2906 3012
f 2312 1994 2222
f 2210 1830 2047
f 2210 2209 2312
f 2212 2314 2405
f 2293 1889 2292
f 1919 2314 2212
f 2405 2315 2404
f 2027 2213 1937
f 1905 2318 2213
f 1936 2317 2214
f 2365 2262 2361
f 2396 588 2284
f 2322 2321 2032
f 2320 2181 591
f 2215 2394 2321
f 2446 2031 2394
f 2220 1964 2218
f 2219 446 2032
f 2218 2217 2220
f 2031 2219 2032
f 2217 2218 2219
f 2444 2220 2217
f 2220 1924 2254
f 2370 3026 3025
f 2323 2221 3013
f 2171 2222 1994
f 2109 2222 2043
f 2223 2333 2420
f 2335 1950 2226
f 2045 2224 1772
f 2224 2223 2335
f 1770 2225 1769
f 1995 2335 2226
f 2227 2226 1950
f 2046 2228 1997
f 1950 2336 2227
f 1913 2579 2426
f 2225 2226 2228
f 2227 2228 2226
f 2795 2229 2822
f 2793 2797 1915
f 2001 2145 2231
f 2000 2230 1953
f 2266 2268 2233
f 2231 2114 2233
f 2659 2662 2749
f 2986 2797 2795
f 2266 2233 2114
f 2232 2987 2824
f 2235 2234 1792
f 2234 2235 2238
f 1792 1793 2235
f 2345 1793 1794
f 2296 2182 2294
f 2296 2236 2182
f 2239 1793 2345
f 2237 2345 1893
f 2182 2238 2235
f 2236 2234 2238
f 1793 2239 2235
f 2237 2344 2957
f 2347 2440 2240
f 2120 2059 2351
f 2211 2241 1958
f 2121 2241 2006
f 2243 1961 2165
f 2242 1921 2244
f 2170 2960 2172
f 1921 2242 2243
f 2247 2244 1921
f 2253 2251 1920
f 2070 2242 2245
f 2244 2245 2242
f 2357 2356 2247
f 2211 2403 2477
f 2356 2357 2354
f 2405 1894 2406
f 2955 2069 2956
f 2249 2250 2247
f 2406 2249 2246
f 2249 2248 2250
f 2251 2250 2248
f 1960 2250 2253
f 2252 2251 2248
f 2253 1920 2071
f 2406 2252 2248
f 1894 2314 2955
f 1960 2253 2071
f 2250 2251 2253
f 2254 1924 2443
f 2269 2075 2127
f 2654 2525 2566
f 1965 2255 2523
f 1970 2256 1928
f 2016 2076 2256
f 1908 2257 1943
f 2020 2257 2021
f 2261 2258 1899
f 1928 2076 2258
f 2257 2259 2076
f 2259 2020 2619
f 2664 1899 2619
f 2950 2953 2159
f 2261 1899 2664
f 2260 2950 2952
f 2361 2086 2025
f 1977 2451 2365
f 2036 2098 2369
f 2132 2263 1988
f 2608 3022 1923
f 2265 1988 2263
f 2036 2265 2263
f 3026 2453 2537
f 2267 2266 1974
f 2268 2266 1933
f 2362 1974 2086
f 2267 2262 2819
f 2815 2816 2783
f 2233 2268 2232
f 2254 2269 1964
f 2127 462 2269
f 1989 2271 2270
f 1946 2490 2493
f 2272 2418 2371
f 2493 2271 1946
f 2326 2325 2323
f 2371 2418 2271
f 2328 2331 1946
f 2338 2424 1913
f 2156 2274 2142
f 2136 2274 2150
f 2168 2275 1949
f 2106 2275 2162
f 2164 2276 1962
f 1961 2276 2165
f 1762 2454 1761
f 2454 2455 2373
f 2540 2280 2277
f 2771 2554 2553
f 2177 1759 2281
f 2277 2632 2540
f 2176 2279 2280
f 2281 2280 2279
f 2281 2279 2177
f 2281 1760 2372
f 2458 2459 2376
f 2547 2546 2377
f 2379 2556 2646
f 2386 2389 2387
f 2287 2288 2285
f 2284 2287 2289
f 585 584 2382
f 2380 2383 2385
f 2463 2183 2390
f 2215 2319 2395
f 2288 2284 587
f 2390 2285 2389
f 587 586 2288
f 2392 2288 586
f 2393 2289 2183
f 2286 2395 2396
f 2291 2290 1918
f 2344 2290 2185
f 1954 2291 1918
f 2292 2291 1916
f 2293 2292 1916
f 2294 2292 1889
f 2006 2293 1916
f 2211 2477 2479
f 2294 1889 2297
f 2239 2957 2182
f 2410 2408 2407
f 2295 2431 2428
f 2297 2296 2294
f 2236 2296 2295
f 2478 2297 1889
f 2296 2297 2295
f 2187 2298 1925
f 2200 2298 2186
f 96 2191 2299
f 2193 2299 2191
f 2197 2300 1934
f 2398 2300 2196
f 2398 2301 1935
f 2197 2301 2196
f 2303 1935 2166
f 1935 2303 2302
f 2152 2304 2159
f 2303 2159 2304
f 2304 2152 2307
f 2397 2302 2557
f 2560 2967 2562
f 2617 2524 2616
f 2562 2967 2561
f 2648 2466 2467
f 2966 2307 2152
f 2307 2306 2466
f 1880 2308 2029
f 594 2308 2205
f 2554 2555 2553
f 2372 2373 2632
f 2310 2400 2401
f 2702 2472 2208
f 2110 2311 1998
f 2906 2311 1951
f 2210 2312 2044
f 2209 1994 2312
f 1919 2313 2007
f 2404 2313 2212
f 2069 2314 1919
f 2405 2314 1894
f 2212 2405 2404
f 2405 2409 2315
f 1936 2316 2026
f 2451 2316 2214
f 2024 2411 1936
f 2452 2317 1904
f 1905 2089 2413
f 2317 2318 2417
f 2395 2319 589
f 2320 2319 2215
f 2320 590 2319
f 2181 2320 2216
f 2032 2321 2031
f 2320 2321 2216
f 2030 2322 2032
f 1881 2216 2322
f 2323 1910 2326
f 1945 2221 2323
f 2487 2419 2573
f 2328 2418 2327
f 1945 2325 2093
f 2327 2325 2324
f 2326 1910 2572
f 2325 2326 2324
f 2327 2324 2328
f 2034 2327 2272
f 2487 2494 2419
f 2332 2494 2331
f 2487 2573 2329
f 2696 2695 2693
f 2328 2332 2331
f 2487 2489 2330
f 2332 2328 2324
f 2490 2330 2489
f 2572 2324 2326
f 2419 2494 2571
f 2420 2333 1996
f 2224 2333 2223
f 2421 1996 2422
f 2338 2336 2337
f 2224 2335 1995
f 2337 2335 2223
f 2337 2336 1950
f 2426 2425 2498
f 2337 1950 2335
f 2338 2337 2334
f 2334 2339 2338
f 2497 2424 2339
f 2421 2339 2334
f 2339 2273 2497
f 2425 2426 2578
f 2582 2581 2593
f 2342 2341 2050
f 2341 2229 2796
f 2822 2342 2000
f 2341 2342 2229
f 2295 2428 2236
f 2435 2438 2439
f 2957 2185 2294
f 2237 1890 2344
f 1893 2345 1794
f 2239 2345 2237
f 2347 2346 2003
f 2351 2346 2240
f 2057 2436 2003
f 2440 2347 1956
f 2437 2503 2118
f 2347 2348 2599
f 2511 2513 2512
f 1895 2520 2601
f 2441 2240 2440
f 2367 2368 1923
f 2346 2351 2059
f 2350 2351 2240
f 2598 2433 2500
f 2247 2356 2246
f 2959 2355 2165
f 2353 6621 6620
f 2502 2433 2598
f 2293 2211 2479
f 2165 2164 2959
f 6620 2355 2353
f 2357 2247 1921
f 2356 2354 2408
f 6620 2357 1921
f 2243 6620 1921
f 2353 2958 6621
f 2352 2518 2358
f 2354 2357 2358
f 2352 2358 6621
f 1924 2220 2444
f 2535 1896 2463
f 2449 2523 2525
f 2968 2260 2620
f 2025 2363 2361
f 2361 2363 2365
f 2086 2361 2362
f 2262 2362 2361
f 2085 2363 2025
f 1977 2316 2451
f 2452 1904 2729
f 2817 2785 2786
f 1977 2365 2363
f 2364 2786 2820
f 2367 2366 1963
f 2369 2264 2265
f 2367 1963 2442
f 2367 1923 3031
f 2441 2368 2350
f 2608 2368 2349
f 2366 2369 2098
f 2265 2036 2369
f 1923 3022 3029
f 2576 2575 3020
f 2037 2371 1989
f 2034 2371 2038
f 2372 1761 2454
f 2281 2372 2277
f 2455 1762 1763
f 2631 2455 2627
f 2643 2550 2374
f 2381 2283 2378
f 2458 579 2178
f 2377 2375 2282
f 2544 2540 2635
f 2546 2547 2643
f 2548 2547 2377
f 2457 2377 2546
f 2462 583 582
f 2383 2382 2378
f 2378 2462 2381
f 2379 2462 2457
f 2383 2719 2385
f 2388 2380 2387
f 2462 2378 583
f 2685 2379 2646
f 2383 2378 2283
f 2382 2380 2391
f 2684 2719 2647
f 2380 2382 2383
f 2751 2622 2666
f 2385 2387 2380
f 2719 2383 2283
f 2387 2385 2665
f 2755 2762 2699
f 2390 2183 2287
f 2665 2385 2384
f 2387 2389 2388
f 2285 2288 2392
f 2388 2392 2391
f 2389 2386 2390
f 2285 2388 2389
f 2390 2386 2621
f 2183 2463 2393
f 2382 2391 585
f 2380 2388 2391
f 2392 586 585
f 2285 2392 2388
f 2444 2445 2447
f 2446 2394 2286
f 2395 2394 2215
f 2446 2286 2393
f 2396 589 588
f 2394 2395 2286
f 2289 2396 2284
f 589 2396 2395
f 2464 2397 2088
f 2303 2468 2302
f 2398 2196 2301
f 2464 2302 2397
f 2470 1765 2471
f 2455 2469 2627
f 2401 2400 1767
f 2472 2400 2310
f 1768 2401 1767
f 1997 2473 2046
f 2568 2668 2589
f 2399 2469 2470
f 1958 2313 2404
f 2477 2315 2476
f 2315 2403 2404
f 1958 2404 2403
f 1894 2252 2406
f 2410 2409 2406
f 2249 2406 2248
f 2406 2246 2410
f 2246 2356 2408
f 2409 2476 2315
f 2432 1917 2435
f 2343 2428 2430
f 2406 2409 2405
f 2476 2409 2407
f 2408 2410 2246
f 2409 2410 2407
f 2213 2411 2024
f 2317 2411 2318
f 2482 2486 2652
f 2412 2484 2485
f 2089 2088 2414
f 2413 2412 2415
f 2416 2412 2485
f 2412 2413 2414
f 2416 2415 2412
f 2417 2415 2416
f 2484 2412 2414
f 2416 2727 1904
f 2317 2417 1904
f 2318 2415 2417
f 2327 2418 2272
f 1946 2418 2328
f 2572 2495 2571
f 2574 2573 2419
f 2421 2420 1996
f 2337 2420 2334
f 2420 2421 2334
f 1996 2135 2422
f 2270 2493 2492
f 2491 2570 2422
f 2847 2692 2862
f 2592 2590 2586
f 2339 2424 2338
f 2585 2424 2423
f 2227 2336 2426
f 2583 2584 2594
f 2336 1913 2426
f 2579 2578 2426
f 2428 2427 2236
f 2343 2439 2522
f 2431 2430 2428
f 2427 2428 2343
f 2479 2478 1889
f 2429 2433 2432
f 2432 2430 2429
f 2435 2430 2432
f 2295 2297 2478
f 2429 2430 2431
f 2480 2408 2481
f 2434 2598 2500
f 2500 2433 2481
f 2354 2358 2434
f 2516 2515 2507
f 2510 2504 2505
f 2435 1917 2438
f 2343 2430 2435
f 2056 2436 2058
f 2347 2436 2348
f 1955 2439 2438
f 2505 1917 2502
f 1917 2505 2506
f 1955 2438 2437
f 2522 1955 2115
f 2435 2439 2343
f 1956 2512 2513
f 2441 2440 2349
f 2368 2441 2349
f 2240 2441 2350
f 2351 2442 2120
f 2367 2442 2350
f 2520 2517 2519
f 2443 2255 2075
f 2444 2443 1924
f 2445 2444 2217
f 2617 2448 1896
f 2031 2445 2217
f 2447 2445 2393
f 2393 2445 2446
f 2031 2446 2445
f 2463 2447 2393
f 2447 1896 2448
f 2359 2444 2448
f 2447 2448 2444
f 2255 2443 2616
f 2526 2531 2528
f 2617 2624 2625
f 2564 2562 2561
f 2214 2317 2452
f 2364 2365 2451
f 2726 2416 2485
f 2364 2451 2452
f 2536 1988 2537
f 3014 2961 3013
f 2455 2454 1762
f 2372 2454 2373
f 2469 2455 1763
f 2627 2628 2538
f 2633 2630 2456
f 2551 2376 2552
f 2545 2461 2457
f 2457 2546 2556
f 2375 2458 2282
f 2459 2458 2178
f 2279 2459 2178
f 2176 2376 2459
f 2551 2548 2282
f 2635 2456 2634
f 2375 2461 580
f 2457 2461 2377
f 2462 582 2545
f 2381 2462 2379
f 2621 2533 2623
f 2447 2463 1896
f 2028 2464 2088
f 2398 2464 1903
f 2466 2304 2307
f 2465 2468 2466
f 2560 2467 2306
f 2466 2306 2467
f 2305 2757 2656
f 2558 1879 2397
f 2466 2468 2304
f 2468 2465 2557
f 2470 2469 1764
f 2469 2399 2627
f 1765 2470 1764
f 2470 2402 2629
f 1766 2471 1765
f 2402 2470 2471
f 2402 2471 2472
f 1766 2472 2471
f 1997 2474 2569
f 2401 2046 2473
f 2498 2474 1997
f 2340 2584 2583
f 2569 2401 2473
f 2208 2475 2569
f 2480 2407 2408
f 2431 2478 2429
f 2315 2477 2403
f 2479 2477 2476
f 2478 2431 2295
f 2480 2478 2476
f 2478 2479 2476
f 2293 2479 1889
f 2407 2480 2476
f 2500 2481 2408
f 2433 2429 2481
f 2478 2481 2429
f 2180 2647 2683
f 2485 2486 2724
f 2484 2414 2651
f 1879 2558 2559
f 2651 2414 1879
f 2484 2483 2485
f 2483 2486 2485
f 2779 2857 2482
f 2486 2483 2686
f 2857 2813 2845
f 2329 2864 2866
f 2494 2487 2330
f 2788 2865 2869
f 2693 2423 2691
f 2329 2489 2487
f 2488 2964 2489
f 2493 2962 2491
f 2273 2339 2570
f 2270 2492 2134
f 2490 2964 2962
f 2270 2271 2493
f 2422 2492 2491
f 2962 2493 2490
f 2492 2493 2491
f 2331 2494 2330
f 2571 2494 2332
f 3013 2961 3016
f 1887 2993 2576
f 2888 2874 2889
f 2788 2860 2865
f 2965 2735 2273
f 2424 2497 2423
f 2426 2498 2227
f 2498 2425 2594
f 2579 1913 2585
f 2583 2580 2340
f 2408 2354 2500
f 2434 2500 2354
f 2509 2507 2508
f 2512 2599 2504
f 2433 2502 2432
f 2506 2504 2600
f 2118 2503 2056
f 2600 2503 2437
f 2437 2438 2506
f 2505 2501 2508
f 2502 2501 2505
f 2508 2501 2509
f 1917 2506 2438
f 2504 2506 2505
f 2440 2513 2349
f 2508 2510 2505
f 2501 2598 2509
f 2508 2507 2510
f 2518 2434 2358
f 2516 2517 2520
f 2510 2507 2514
f 2599 2512 1956
f 2515 2514 2507
f 2515 2609 2605
f 2504 2510 2512
f 2512 2510 2514
f 1956 2513 2440
f 2606 2511 2605
f 2509 2516 2507
f 2512 2514 2511
f 2609 1895 2601
f 2511 2514 2515
f 2517 2516 2509
f 1895 2515 2516
f 2518 2509 2434
f 2519 2517 2352
f 2352 2517 2518
f 2509 2518 2517
f 2352 6621 2958
f 2516 2520 1895
f 2173 2521 2170
f 2055 2522 2115
f 2343 2522 2427
f 2255 2616 2525
f 2449 2532 2527
f 2359 2448 2617
f 2565 2655 2563
f 2255 2525 2523
f 2566 2525 2524
f 2532 2360 2529
f 2528 2080 2022
f 2449 2527 2523
f 2527 2526 2618
f 2532 2531 2526
f 1929 2528 2530
f 2620 2260 2261
f 2664 2619 2530
f 2531 2530 2528
f 2529 2972 2664
f 2526 2527 2532
f 2530 2531 2529
f 2532 2449 2654
f 2529 2531 2532
f 2622 2621 2386
f 2384 2666 2622
f 2463 2623 2535
f 2624 2534 2533
f 2623 2463 2390
f 2617 2535 2534
f 2537 1988 2265
f 3013 2536 2453
f 3030 2265 2264
f 2453 2536 2537
f 2633 2669 2630
f 2633 2539 2631
f 2631 2373 2455
f 2280 2540 2176
f 2541 2539 2633
f 2539 2541 2540
f 2635 2634 2543
f 2544 2376 2176
f 2636 2640 2642
f 2542 2634 2638
f 2553 2552 2543
f 2176 2540 2544
f 2635 2540 2541
f 2544 2543 2552
f 2461 2545 581
f 2462 2545 2457
f 2282 2548 2377
f 2556 2546 2374
f 2460 2549 2547
f 2550 2643 2549
f 2282 2458 2551
f 2460 2547 2548
f 2555 2549 2460
f 2549 2278 2550
f 2550 2278 2711
f 2647 2646 2645
f 2376 2544 2552
f 2460 2548 2551
f 2543 2634 2553
f 2460 2551 2552
f 2553 2542 2771
f 2552 2553 2555
f 2807 2772 2806
f 2278 2549 2555
f 2555 2460 2552
f 2278 2555 2554
f 2374 2673 2646
f 2379 2457 2556
f 2468 2557 2302
f 2558 2557 2465
f 2648 2465 2466
f 2483 2484 2651
f 2650 2648 2649
f 2467 2560 2656
f 2966 2306 2307
f 2656 2560 2305
f 2655 2565 2566
f 2305 2560 2562
f 2967 2560 2306
f 2565 2564 2561
f 2700 2624 2533
f 2564 2758 2562
f 2561 2970 2565
f 2754 2756 2758
f 2565 2360 2566
f 2563 2564 2565
f 2654 2566 2360
f 2524 2625 2626
f 2720 2721 2687
f 2653 2650 2649
f 2588 2805 2770
f 2671 2763 2641
f 1997 2569 2473
f 2208 2569 2474
f 2570 2339 2421
f 2963 2491 2962
f 2572 2571 2332
f 2574 2571 2495
f 2572 2332 2324
f 2572 1910 3016
f 2419 2571 2574
f 3010 2496 3009
f 2574 2495 2577
f 2496 2573 2574
f 2575 2577 3015
f 3032 2973 3033
f 2496 2574 2576
f 2576 2574 2577
f 3015 2577 2495
f 2576 2577 2575
f 2580 2578 2499
f 2583 2578 2580
f 1913 2424 2585
f 2499 2578 2579
f 2582 2590 2581
f 2580 2499 2582
f 2590 2592 2581
f 2588 2340 2580
f 2591 2586 2590
f 2593 2588 2582
f 2340 2769 2584
f 2425 2578 2583
f 2589 2584 2568
f 2589 2594 2584
f 2586 2591 2688
f 2499 2579 2585
f 2582 2591 2590
f 2689 2585 2423
f 2592 2661 2581
f 2767 2207 2765
f 2582 2588 2580
f 2770 2805 2769
f 2568 2707 2668
f 2208 2474 2589
f 2591 2582 2499
f 2592 2586 1888
f 2499 2585 2591
f 2688 2591 2585
f 2596 2597 2738
f 2597 2592 1888
f 2581 2661 2660
f 2587 2588 2593
f 2498 2594 2474
f 2594 2425 2583
f 2747 2595 2745
f 2660 2661 2659
f 2695 2657 2693
f 2943 2747 2746
f 2597 1888 2738
f 2661 2597 2596
f 2509 2598 2434
f 2502 2598 2501
f 2347 2599 1956
f 2600 2599 2348
f 2506 2600 2437
f 2599 2600 2504
f 2605 2511 2515
f 2604 2611 2612
f 2602 2613 2976
f 2609 2601 2610
f 2608 2349 2606
f 2612 6619 2169
f 3023 2984 2602
f 2609 2515 1895
f 2606 2605 2603
f 2606 2603 2607
f 2513 2606 2349
f 2603 2610 2984
f 3023 2983 3022
f 3022 2608 2607
f 2368 2608 1923
f 2601 2611 2610
f 2605 2609 2603
f 2604 2602 2984
f 2603 2609 2610
f 2610 2611 2604
f 2149 2663 2169
f 2614 2613 2612
f 2614 2612 2663
f 2614 2615 2975
f 2615 2149 2156
f 1911 3021 2975
f 3021 3033 2974
f 2149 2615 2614
f 2617 2616 2359
f 2525 2616 2524
f 2535 2617 1896
f 2617 2534 2624
f 2527 2618 2130
f 2528 2618 2526
f 2259 2619 1899
f 2619 2020 2948
f 2969 2972 2360
f 2971 2968 2969
f 2622 2386 2665
f 2623 2533 2534
f 2384 2684 2666
f 2621 2622 2750
f 2535 2623 2534
f 2390 2621 2623
f 2700 2533 2699
f 2624 2450 2625
f 2626 2625 2450
f 2524 2617 2625
f 2655 2626 2450
f 2524 2626 2566
f 2628 2627 2399
f 2631 2627 2538
f 2399 2470 2629
f 2669 2628 2309
f 2702 2668 2667
f 2309 2628 2629
f 2836 2834 2636
f 2640 2637 2639
f 2633 2631 2538
f 2632 2631 2539
f 2372 2632 2277
f 2631 2632 2373
f 2633 2538 2669
f 2541 2633 2456
f 2639 2637 2638
f 2553 2634 2542
f 2544 2635 2543
f 2456 2635 2541
f 2837 2841 2855
f 2718 2828 2826
f 2634 2456 2639
f 2809 2806 2772
f 2639 2638 2634
f 2638 2637 2806
f 2456 2630 2639
f 2640 2636 2807
f 2630 2710 2639
f 2669 2709 2630
f 2642 2710 2671
f 2709 2705 2671
f 2642 2640 2710
f 2207 2838 2641
f 2546 2643 2374
f 2549 2643 2547
f 2278 2714 2682
f 2652 2720 2482
f 2374 2550 2673
f 2550 2674 2673
f 2374 2646 2556
f 2683 2647 2645
f 2684 2647 2180
f 2685 2647 2719
f 2648 2467 2649
f 2465 2648 2558
f 2656 2649 2467
f 2567 2721 2653
f 2559 2558 2650
f 2648 2650 2558
f 1879 2559 2651
f 2651 2559 2686
f 2653 2559 2650
f 2721 1878 2687
f 2567 2653 2649
f 2686 2653 2652
f 2532 2654 2360
f 2525 2654 2449
f 2626 2655 2566
f 2752 2655 2450
f 2757 2305 2756
f 2649 2656 2567
f 2497 2691 2423
f 2688 2739 2586
f 2879 1952 2794
f 2697 2740 2596
f 2749 2662 2943
f 2805 2903 2766
f 2935 2929 2932
f 2587 2593 2698
f 2597 2661 2592
f 2662 2596 2595
f 2659 2661 2662
f 2596 2662 2661
f 2169 2663 2612
f 2149 2614 2663
f 2529 2664 2530
f 2261 2664 2620
f 2387 2665 2386
f 2384 2622 2665
f 2778 2180 2810
f 2533 2750 2699
f 2763 2765 2641
f 2701 2703 2629
f 2702 2667 2701
f 2208 2589 2668
f 2628 2669 2538
f 2709 2669 2309
f 2839 2840 2854
f 2677 2672 2681
f 2309 2629 2703
f 2671 2641 2642
f 2681 2682 2679
f 2676 2674 2672
f 2550 2711 2674
f 2646 2673 2645
f 2677 2675 2676
f 2645 2673 2674
f 2675 2773 2680
f 2680 2683 2678
f 2677 2676 2672
f 2678 2676 2675
f 2681 2672 2682
f 2677 2644 2774
f 2678 2675 2680
f 2674 2678 2645
f 2842 2827 2670
f 2677 2681 2644
f 2774 2712 2773
f 2778 2777 2666
f 2672 2711 2682
f 2681 2679 2825
f 2714 2278 2554
f 2682 2715 2716
f 2678 2683 2645
f 2680 2180 2683
f 2666 2684 2180
f 2384 2385 2719
f 2381 2685 2283
f 2646 2647 2685
f 2651 2686 2483
f 2653 2686 2559
f 2802 2811 2800
f 1878 2811 2687
f 2689 2688 2585
f 2688 2657 2739
f 2693 2689 2423
f 2688 2689 2657
f 2858 2846 2821
f 2788 2869 2877
f 2735 2497 2273
f 2693 2691 2690
f 2690 2691 2692
f 2735 2692 2691
f 2693 2690 2696
f 2693 2657 2689
f 2790 2694 2696
f 2792 2738 2737
f 2736 2695 2694
f 2739 1888 2586
f 2790 2696 2846
f 2695 2696 2694
f 2736 1888 2695
f 2596 2740 2595
f 2593 2660 2698
f 2931 2901 2660
f 2180 2778 2666
f 2624 2700 2450
f 2755 2777 2799
f 2655 2752 2563
f 2702 2701 2402
f 2701 2667 2703
f 2472 2702 2402
f 2668 2702 2208
f 2703 2667 2706
f 2309 2703 2705
f 2707 2706 2667
f 2568 2769 2768
f 2764 2703 2706
f 2705 2764 2763
f 2667 2668 2707
f 2704 2763 2764
f 2768 2767 2704
f 2704 2706 2707
f 2542 2638 2806
f 2670 2716 2715
f 2705 2709 2309
f 2710 2709 2671
f 2639 2710 2640
f 2709 2710 2630
f 2682 2711 2278
f 2674 2711 2672
f 2644 2843 2803
f 2563 2752 2754
f 2810 2773 2775
f 2760 1878 2759
f 2771 2714 2554
f 2708 2809 2715
f 2682 2714 2715
f 2708 2715 2714
f 2842 2833 2839
f 2682 2716 2679
f 2726 2485 2724
f 2826 2679 2827
f 2809 2833 2670
f 2831 2804 2825
f 2719 2283 2685
f 2384 2719 2684
f 2721 2720 2652
f 2779 2720 2687
f 2653 2721 2652
f 2721 2567 2759
f 2844 2812 2722
f 2853 2851 2852
f 2844 2849 2813
f 2452 2730 2364
f 2482 2724 2486
f 2727 2728 2725
f 2723 2830 2851
f 2729 2730 2452
f 2724 2845 2728
f 2727 2726 2728
f 2727 2725 2729
f 2416 2726 2727
f 2724 2728 2726
f 2728 2723 2733
f 2727 2729 1904
f 2729 2725 2730
f 2725 2732 2730
f 2732 2734 2730
f 2732 2725 2733
f 2817 2730 2734
f 2725 2728 2733
f 2732 2731 2734
f 2849 2895 2813
f 2731 2732 2733
f 2780 2731 2853
f 2734 2731 2780
f 2497 2735 2691
f 2963 2965 2273
f 2737 2736 2694
f 2738 2697 2596
f 2694 2790 2791
f 2741 2792 2658
f 1888 2736 2738
f 2737 2738 2736
f 2657 2695 2739
f 1888 2739 2695
f 2741 2697 2792
f 2740 2697 2741
f 2792 2877 2658
f 2745 2595 2740
f 2796 2795 2797
f 2743 2742 2744
f 2743 2907 2873
f 2742 2793 2744
f 2798 2747 2745
f 2741 2743 2744
f 2741 2745 2740
f 2798 2744 1915
f 2924 2925 2991
f 1933 2816 2268
f 2798 2745 2744
f 2746 2942 2943
f 2816 2988 2268
f 2923 2927 2920
f 2943 2662 2595
f 2748 2922 2921
f 2621 2750 2533
f 2751 2750 2622
f 2777 2751 2666
f 2750 2751 2699
f 2450 2700 2752
f 2752 2762 2754
f 2810 2775 2713
f 2567 2656 2757
f 2762 2752 2700
f 2756 2754 2753
f 2699 2751 2777
f 2753 2754 2755
f 2759 2757 2761
f 2305 2562 2758
f 2753 2760 2761
f 2721 2759 1878
f 2754 2758 2563
f 2305 2758 2756
f 2567 2757 2759
f 2757 2756 2761
f 2753 2755 2799
f 2800 2760 2801
f 2753 2761 2756
f 2759 2761 2760
f 2699 2762 2700
f 2754 2762 2755
f 2705 2763 2671
f 2765 2763 2704
f 2703 2764 2705
f 2704 2764 2706
f 2767 2765 2704
f 2641 2765 2207
f 2568 2768 2707
f 2587 2698 2901
f 2768 2704 2707
f 2767 2766 2938
f 2769 2568 2584
f 2766 2767 2768
f 2588 2770 2340
f 2768 2769 2766
f 2805 2588 2587
f 2769 2340 2770
f 2806 2771 2542
f 2714 2771 2708
f 2834 2833 2772
f 2715 2809 2670
f 2774 2773 2675
f 2773 2712 2775
f 2677 2774 2675
f 2774 2644 2803
f 2801 2712 2800
f 2799 2760 2753
f 2802 2712 2803
f 2776 2812 2779
f 2799 2777 2713
f 2755 2699 2777
f 2810 2180 2680
f 2777 2778 2713
f 2779 2687 2811
f 2844 2813 2857
f 2787 2780 1902
f 2734 2780 2785
f 2916 1902 2852
f 2815 2924 2782
f 2815 2781 2924
f 1915 2986 2989
f 2783 2785 2784
f 2814 2815 2783
f 2897 2912 2913
f 2784 2919 2814
f 2785 2780 2787
f 2785 2783 2786
f 2818 2786 2783
f 2365 2820 2262
f 2941 1902 2917
f 2785 2787 2784
f 2789 2791 2790
f 2858 2821 2861
f 2690 2692 2847
f 2846 2858 2789
f 2846 2696 2690
f 2791 2789 2788
f 2869 2878 2877
f 2694 2791 2908
f 2738 2792 2697
f 2877 2792 2737
f 2794 2793 2742
f 2794 2796 2793
f 2879 2742 2873
f 2796 2794 1952
f 2229 2342 2822
f 2795 2822 2985
f 2341 2796 1952
f 2795 2796 2229
f 2796 2797 2793
f 2795 2985 2986
f 2989 2798 1915
f 2747 2798 2746
f 2713 2775 2799
f 2799 2775 2801
f 2802 2800 2712
f 1878 2760 2800
f 2799 2801 2760
f 2712 2801 2775
f 2712 2774 2803
f 2802 2776 2811
f 2644 2804 2843
f 2776 2802 2803
f 2644 2825 2804
f 2825 2679 2826
f 2902 2903 2901
f 2766 2769 2805
f 2708 2771 2806
f 2807 2806 2637
f 2640 2807 2637
f 2834 2807 2636
f 2838 2207 2937
f 2808 2834 2837
f 2806 2809 2708
f 2833 2809 2772
f 2778 2810 2713
f 2773 2810 2680
f 2811 1878 2800
f 2779 2811 2776
f 2843 2776 2803
f 2722 2812 2843
f 2829 2849 2992
f 2813 2895 2845
f 2815 2814 2781
f 2783 2784 2814
f 2924 2781 2923
f 2815 2782 2816
f 2816 2782 2988
f 2816 1933 2818
f 2730 2817 2364
f 2785 2817 2734
f 2816 2818 2783
f 2819 2818 1933
f 2819 1933 2266
f 2819 2262 2820
f 2364 2820 2365
f 2820 2786 2818
f 2864 2329 3010
f 2496 2993 3009
f 2000 1953 2822
f 2985 2822 1953
f 2824 1953 2231
f 2987 2232 2988
f 2232 2824 2233
f 2824 2823 2985
f 2681 2825 2644
f 2716 2827 2679
f 2718 2854 2828
f 2825 2826 2831
f 2670 2827 2716
f 2718 2826 2827
f 2832 2828 2717
f 2992 2804 2831
f 2852 2896 2850
f 2830 2723 2895
f 2850 2896 2832
f 2731 2733 2851
f 2826 2828 2831
f 2832 2992 2828
f 2832 2717 2911
f 2832 2829 2992
f 2772 2807 2834
f 2839 2833 2808
f 2636 2642 2836
f 2808 2833 2834
f 2913 2841 2914
f 2854 2840 2912
f 2641 2836 2642
f 2836 2835 2837
f 2836 2837 2834
f 2837 2835 2841
f 2835 2836 2838
f 2641 2838 2836
f 2808 2855 2839
f 2718 2827 2842
f 2913 2855 2841
f 2916 2911 2897
f 2937 2936 2835
f 2916 2917 1902
f 2833 2842 2670
f 2718 2842 2839
f 2722 2843 2804
f 2776 2843 2812
f 2812 2844 2779
f 2849 2844 2722
f 2728 2845 2723
f 2857 2724 2482
f 2790 2846 2789
f 2847 2846 2690
f 2862 2692 2488
f 2846 2847 2821
f 2848 2874 2867
f 2865 2868 2869
f 2992 2849 2722
f 2829 2896 2895
f 2911 2912 2897
f 2780 2853 1902
f 2723 2851 2733
f 2851 2830 2852
f 2896 2852 2830
f 2916 2852 2850
f 2851 2853 2731
f 1902 2853 2852
f 2828 2854 2717
f 2839 2854 2718
f 2839 2855 2840
f 2837 2855 2808
f 2914 2841 2936
f 2931 2921 2926
f 2857 2779 2844
f 2724 2857 2845
f 2488 2489 2866
f 2860 2858 2848
f 3010 2573 2496
f 2858 2861 2848
f 2865 2860 2867
f 2789 2860 2788
f 2821 2847 2862
f 2861 2859 2880
f 2859 2861 2862
f 2821 2862 2861
f 2867 2863 2865
f 2863 2875 2868
f 2859 2862 2864
f 2862 2488 2866
f 2867 2860 2848
f 2868 2865 2863
f 2329 2866 2489
f 2862 2866 2864
f 2848 2880 2874
f 2496 2576 2993
f 2863 2882 2875
f 2869 2868 1914
f 2878 2869 1914
f 2877 2791 2788
f 2994 2949 2998
f 2891 2168 2174
f 1994 2904 2905
f 1994 2209 2904
f 2873 2883 2887
f 2743 2658 2907
f 2884 2872 2878
f 2879 2794 2742
f 2848 2861 2880
f 2874 2870 2889
f 2863 2888 2882
f 2875 2871 2876
f 2871 2905 2904
f 2893 1951 2885
f 2877 2872 2907
f 2737 2908 2877
f 1914 2909 2884
f 2877 2878 2872
f 2884 2873 2872
f 2144 2886 2111
f 2329 2573 3010
f 2874 2880 3011
f 2994 2995 3000
f 2875 2882 2871
f 2894 1912 2168
f 2871 2882 2892
f 2876 2909 1914
f 1951 2110 2885
f 1914 2884 2878
f 2873 2884 2883
f 2111 2885 2112
f 2885 2883 2893
f 1952 2879 2886
f 2886 2879 2887
f 2873 2887 2879
f 2885 2887 2883
f 2874 2888 2867
f 2882 2888 2881
f 2995 2999 2997
f 2888 2889 2881
f 2882 2881 2910
f 3000 2997 2870
f 2892 2891 2171
f 2891 2890 2894
f 2892 2171 2905
f 2892 2882 2910
f 2909 2893 2883
f 1951 3012 2906
f 2891 2894 2168
f 2890 2999 2996
f 2895 2723 2845
f 2829 2895 2849
f 2895 2896 2830
f 2832 2896 2829
f 2840 2855 2913
f 2897 2913 2915
f 1902 2941 2787
f 2856 2929 2930
f 2939 2938 2902
f 2587 2901 2903
f 2659 2931 2660
f 2749 2921 2659
f 2660 2901 2698
f 2900 2902 2901
f 2934 2902 2900
f 2937 2938 2939
f 2587 2903 2805
f 2938 2903 2902
f 2906 2904 2209
f 2876 2871 2904
f 2892 2905 2871
f 2171 1994 2905
f 2311 2906 2209
f 1951 2893 3012
f 2877 2907 2658
f 2872 2873 2907
f 2694 2908 2737
f 2791 2877 2908
f 2909 2876 3012
f 2884 2909 2883
f 2881 2997 2999
f 2892 2910 2890
f 2832 2911 2850
f 2912 2911 2717
f 2854 2912 2717
f 2913 2912 2840
f 2835 2936 2841
f 2913 2914 2940
f 2933 2899 2932
f 2856 2940 2933
f 2918 2898 2941
f 2915 2917 2916
f 2911 2916 2850
f 2915 2916 2897
f 2918 2917 2915
f 2941 2898 2919
f 2915 2856 2918
f 2930 2918 2856
f 2814 2919 2781
f 2941 2919 2784
f 2900 2935 2934
f 2920 2921 2922
f 2748 2921 2749
f 2926 2921 2920
f 2928 2924 2923
f 2927 2923 2781
f 2920 2922 2923
f 2928 2748 2925
f 2923 2922 2928
f 2824 2987 2823
f 2748 2942 2925
f 2798 2989 2746
f 2929 2926 2920
f 2931 2926 2900
f 2919 2927 2781
f 2927 2898 2930
f 2748 2928 2922
f 2924 2928 2925
f 2920 2927 2930
f 2932 2929 2856
f 2930 2898 2918
f 2920 2930 2929
f 2931 2900 2901
f 2921 2931 2659
f 2933 2932 2856
f 2934 2932 2899
f 2940 2856 2915
f 2899 2933 2914
f 2934 2899 2939
f 2935 2900 2926
f 2929 2935 2926
f 2932 2934 2935
f 2835 2838 2937
f 2899 2914 2936
f 2937 2207 2938
f 2899 2936 2937
f 2767 2938 2207
f 2903 2938 2766
f 2934 2939 2902
f 2937 2939 2899
f 2933 2940 2914
f 2915 2913 2940
f 2787 2941 2784
f 2918 2941 2917
f 2942 2748 2943
f 2989 2942 2746
f 2749 2943 2748
f 2747 2943 2595
f 1927 1969 2945
f 2946 2944 1906
f 2202 1981 2947
f 1927 2945 2944
f 1938 2946 1906
f 1980 2946 1939
f 2944 2947 1906
f 2202 2947 2945
f 2619 2948 1929
f 2021 2948 2020
f 1912 2894 2996
f 3007 3002 2949
f 2952 1928 2258
f 2953 2950 2260
f 2078 2951 2017
f 2951 2950 2159
f 2261 2952 2258
f 2950 1928 2952
f 2260 2152 2953
f 2152 2159 2953
f 1981 2954 1884
f 2201 2954 2202
f 2251 2955 1920
f 1894 2955 2252
f 2956 2069 2068
f 1920 2956 2067
f 2237 2957 2239
f 2185 2957 2344
f 2959 2353 2355
f 2960 1922 2172
f 2352 2958 2519
f 2353 6623 2958
f 1922 6623 2959
f 2959 6623 2353
f 2960 6623 1922
f 3017 3015 2961
f 2961 3015 3016
f 2965 2488 2692
f 2570 2963 2273
f 2491 2963 2570
f 2965 2963 2962
f 2489 2964 2490
f 2965 2964 2488
f 2735 2965 2692
f 2964 2965 2962
f 2152 2968 2966
f 2620 2969 2968
f 2306 2966 2967
f 2967 2966 2971
f 2260 2968 2152
f 2620 2972 2969
f 2970 2360 2565
f 2971 2561 2967
f 2971 2970 2561
f 2360 2970 2969
f 2968 2971 2966
f 2970 2971 2969
f 2664 2972 2620
f 2360 2972 2529
f 3025 3024 3028
f 3027 2976 2978
f 2978 2976 2974
f 2977 2975 2974
f 1911 2975 2615
f 2974 2976 2977
f 2976 2613 2977
f 2978 2974 2979
f 2613 2614 2977
f 2975 2977 2614
f 2978 2979 2982
f 3024 2978 2982
f 3021 2980 3033
f 2982 2979 2973
f 1911 2142 3006
f 3007 3032 3002
f 2973 3032 3034
f 2575 3015 3017
f 2982 2973 3034
f 3024 2982 2981
f 3027 2978 3024
f 2983 3024 3025
f 2603 2984 2607
f 2604 2984 2610
f 2824 2985 1953
f 2985 2823 2986
f 2986 2823 2990
f 2797 2986 1915
f 2991 2782 2924
f 2925 2942 2989
f 2268 2988 2232
f 2782 2987 2988
f 2823 2987 2990
f 2990 2991 2989
f 2991 2990 2987
f 2986 2990 2989
f 2989 2991 2925
f 2782 2991 2987
f 2804 2992 2722
f 2992 2831 2828
f 2994 2993 1887
f 3009 2993 2870
f 3008 2994 1887
f 3004 2996 2998
f 2910 2881 2999
f 2881 2889 2997
f 2890 2996 2894
f 2998 2996 2995
f 2889 2870 2997
f 3000 2870 2993
f 2994 2998 2995
f 2998 2949 3001
f 2996 2999 2995
f 2910 2999 2890
f 2994 3000 2993
f 2995 2997 3000
f 3002 3001 2949
f 2167 3001 2154
f 2949 3008 3007
f 2980 3021 3006
f 2154 3003 2160
f 2980 3003 3002
f 2998 3001 3004
f 2167 3004 3001
f 3020 2575 3019
f 2973 2979 3033
f 2139 3003 3006
f 2980 3006 3003
f 3008 2949 2994
f 3007 3005 3032
f 3020 3008 1887
f 3007 3008 3005
f 2870 3011 3009
f 2880 2859 3010
f 3010 3009 3011
f 2864 3010 2859
f 2874 3011 2870
f 3010 3011 2880
f 2909 3012 2893
f 2904 3012 2876
f 2323 3013 1910
f 3013 2221 2536
f 3026 3014 2453
f 3017 3014 2370
f 3016 3015 2495
f 3014 3017 2961
f 2572 3016 2495
f 3016 1910 3013
f 2370 3018 3017
f 3018 3019 3017
f 2370 3025 3028
f 3019 3018 2981
f 2981 2982 3034
f 3020 1887 2576
f 3034 3020 3019
f 3008 3020 3005
f 2975 3021 2974
f 3006 3021 1911
f 3023 3022 2607
f 3029 3022 2983
f 2984 3023 2607
f 3023 2602 3027
f 2981 3018 3028
f 3027 3024 2983
f 3014 3026 2370
f 3029 3025 3026
f 3030 2537 2265
f 3026 3030 3029
f 3023 3027 2983
f 3027 2602 2976
f 2981 3028 3024
f 2370 3028 3018
f 3031 3029 2264
f 2983 3025 3029
f 3029 3030 2264
f 2537 3030 3026
f 2367 3031 2264
f 1923 3029 3031
f 3032 2980 3002
f 3034 3032 3005
f 3033 2979 2974
f 2980 3032 3033
f 3020 3034 3005
f 3034 3019 2981
f 3102 3071 3103
f 3127 3247 3224
f 3112 3091 3106
f 3071 1825 1824
f 3177 3178 3074
f 3093 3065 3078
f 3040 3100 3039
f 3095 1828 1827
f 3118 3104 3111
f 3160 3119 3159
f 3096 1828 3095
f 3136 3137 3188
f 3036 3072 3035
f 3035 3087 1823
f 3038 3097 3037
f 3039 3098 3038
f 3097 3098 3084
f 3148 3152 3149
f 3093 3078 3045
f 3071 1824 3087
f 1826 3102 3104
f 3090 3105 3149
f 3144 3096 3083
f 1825 3102 1826
f 1833 3073 1834
f 3175 3126 3143
f 3085 3100 3101
f 3134 1833 1832
f 3058 1836 3062
f 1835 3075 3125
f 3132 3075 3073
f 1836 1835 3062
f 3057 3165 3056
f 3073 3075 1834
f 3114 3115 3107
f 3166 3123 3061
f 3058 3124 3057
f 3071 3060 3103
f 3091 3113 3077
f 3055 3056 3164
f 3071 3087 3072
f 3271 3126 3272
f 3176 3061 3132
f 3063 3124 3125
f 3124 3123 3165
f 3128 3174 3130
f 3163 3211 3164
f 1771 3081 3138
f 3147 3210 3098
f 3072 3099 3060
f 3146 3145 3089
f 3073 3176 3132
f 3043 3090 3042
f 3110 3117 3090
f 3153 3107 3158
f 3131 1769 3068
f 3093 3079 3065
f 3105 3044 3078
f 3149 3152 3076
f 3078 3044 3045
f 1779 3079 1780
f 3125 3062 1835
f 3096 3137 1829
f 3093 1781 1780
f 3091 1778 1777
f 3055 3211 3054
f 3157 3158 3115
f 3160 3209 3210
f 3111 3069 3118
f 1774 3116 1775
f 3046 3128 3131
f 1779 3112 3079
f 3094 3138 3141
f 3186 3184 3248
f 3199 3070 3147
f 3153 3263 3288
f 3049 3050 3218
f 3037 3097 3109
f 3128 3046 3047
f 3175 3129 3174
f 3071 3072 3060
f 1768 3046 3068
f 3218 3219 3172
f 3080 3193 3141
f 1770 3081 1771
f 3099 3109 3097
f 1831 3088 1832
f 3081 1770 3082
f 1769 3131 3082
f 1835 1834 3075
f 1769 1768 3068
f 3088 3177 3134
f 3085 3101 3256
f 1769 3082 1770
f 3091 3112 1778
f 1772 3094 1773
f 3052 3220 3051
f 3090 3043 3105
f 3130 3140 3067
f 3196 3154 3155
f 3081 3082 3067
f 3153 3092 3263
f 3101 3040 3041
f 3200 3110 3197
f 3086 3120 3161
f 1826 3104 1827
f 1823 3087 1824
f 3035 3072 3087
f 3136 1831 1830
f 3178 3177 3088
f 3096 1829 1828
f 3251 3069 3111
f 3043 3044 3105
f 3090 3076 3110
f 3114 1777 1776
f 3091 3077 3106
f 3253 3154 3193
f 3113 3153 3077
f 1781 3093 3045
f 3079 3093 1780
f 3138 3094 1772
f 3141 3193 3094
f 3104 3095 1827
f 3096 3095 3083
f 3083 3118 3144
f 3137 3136 1830
f 3098 3097 3038
f 3099 3097 3084
f 3100 3098 3039
f 3147 3098 3085
f 3109 3072 3036
f 3159 3209 3160
f 3101 3100 3040
f 3098 3100 3085
f 3041 3042 3117
f 3076 3197 3110
f 3071 3102 1825
f 3104 3102 3086
f 3060 3159 3120
f 3102 3103 3086
f 3104 3086 3111
f 3095 3104 3083
f 3078 3065 3105
f 3105 3065 3148
f 3285 3152 3151
f 3112 3065 3079
f 3091 3114 3113
f 3115 1776 1775
f 3196 3155 1773
f 3154 3255 3108
f 3037 3109 3036
f 3099 3072 3109
f 3197 3076 3285
f 3117 3101 3041
f 3086 3103 3120
f 3111 3161 3121
f 1778 3112 1779
f 3065 3112 3106
f 3114 3091 1777
f 3153 3113 3107
f 3115 3114 1776
f 3113 3114 3107
f 3116 3115 1775
f 3157 3115 3108
f 3155 3116 1774
f 3115 3116 3108
f 3090 3117 3042
f 3101 3117 3110
f 3144 3118 3069
f 3104 3118 3083
f 3099 3159 3060
f 3121 3251 3111
f 3060 3120 3103
f 3120 3119 3161
f 3162 3121 3119
f 3250 3189 3145
f 3212 3168 3061
f 3181 3214 3180
f 3123 3063 3132
f 3164 3123 3122
f 3125 3058 3062
f 3123 3124 3063
f 3063 3125 3075
f 3058 3125 3124
f 3284 3282 3271
f 3128 3130 3067
f 3249 3163 3186
f 3168 3167 3171
f 3174 3047 3048
f 3067 3082 3131
f 3175 3048 3049
f 3139 3140 3143
f 3174 3128 3047
f 3129 3143 3140
f 3046 3131 3068
f 3067 3131 3128
f 3123 3132 3061
f 3075 3132 3063
f 3073 1833 3134
f 3133 3213 3212
f 3088 3134 1832
f 3134 3133 3176
f 3088 1831 3136
f 3089 3223 3188
f 1829 3137 1830
f 3136 3135 3178
f 3146 3137 3096
f 3137 3146 3188
f 1771 3138 1772
f 3138 3081 3142
f 3081 3067 3140
f 3282 3269 3270
f 3129 3140 3130
f 3140 3139 3142
f 3142 3141 3138
f 3269 3141 3139
f 3140 3142 3081
f 3141 3142 3139
f 3175 3143 3129
f 3143 3126 3270
f 3144 3069 3250
f 3146 3144 3145
f 3206 3059 3204
f 3171 3181 3169
f 3146 3089 3188
f 3096 3144 3146
f 3085 3256 3199
f 3147 3070 3210
f 3106 3150 3065
f 3148 3065 3150
f 3090 3149 3076
f 3105 3148 3149
f 3077 3190 3106
f 3153 3192 3077
f 3148 3150 3151
f 3190 3151 3150
f 3148 3151 3152
f 3285 3151 3064
f 3195 3092 3157
f 3151 3192 3064
f 3194 3253 3254
f 3108 3116 3155
f 1773 3155 1774
f 3108 3155 3154
f 3295 3297 3286
f 3101 3110 3200
f 3253 3194 3255
f 3158 3157 3092
f 3153 3158 3092
f 3107 3115 3158
f 3209 3099 3084
f 3120 3159 3119
f 3070 3202 3203
f 3162 3059 3246
f 3161 3111 3086
f 3119 3121 3161
f 3119 3160 3162
f 3203 3162 3160
f 3122 3166 3168
f 3184 3186 3169
f 3164 3056 3165
f 3163 3164 3122
f 3124 3165 3057
f 3164 3165 3123
f 3176 3212 3061
f 3122 3123 3166
f 3223 3074 3178
f 3168 3170 3122
f 3061 3168 3166
f 3171 3170 3168
f 3213 3214 3167
f 3169 3181 3184
f 3187 3169 3186
f 3163 3122 3170
f 3181 3167 3214
f 3169 3170 3171
f 3258 3050 3051
f 3282 3066 3254
f 3260 3052 3053
f 3259 3273 3276
f 3175 3174 3048
f 3130 3174 3129
f 3218 3175 3049
f 3222 3175 3172
f 3134 3176 3073
f 3212 3176 3133
f 3213 3177 3074
f 3134 3177 3133
f 3136 3178 3088
f 3223 3178 3135
f 3217 3257 3145
f 3229 3231 3225
f 3180 3214 3216
f 3184 3181 3183
f 3167 3181 3171
f 3183 3181 3180
f 3238 3237 3217
f 3185 3184 3182
f 3226 3182 3232
f 3183 3182 3184
f 3182 3224 3185
f 3170 3187 3163
f 3247 3185 3224
f 3220 3221 3173
f 3185 3247 3221
f 3054 3249 3053
f 3169 3187 3170
f 3186 3163 3187
f 3089 3257 3223
f 3136 3188 3135
f 3246 3121 3162
f 3239 3244 3206
f 3106 3190 3150
f 3192 3190 3077
f 3226 3234 3224
f 3287 3299 3301
f 3192 3151 3190
f 3288 3192 3153
f 3253 3193 3080
f 3196 3193 3154
f 3066 3268 3267
f 3195 3194 3264
f 3108 3195 3157
f 3195 3264 3252
f 1773 3094 3196
f 3196 3094 3193
f 3285 3076 3152
f 3200 3156 3198
f 3204 3162 3203
f 3199 3147 3085
f 3208 3198 3297
f 3070 3199 3202
f 3156 3200 3197
f 3200 3198 3256
f 3208 3199 3198
f 3296 3289 3290
f 3202 3199 3208
f 3203 3202 3201
f 3204 3203 3201
f 3070 3203 3160
f 3202 3207 3301
f 3162 3204 3059
f 3281 3228 3233
f 3226 3229 3225
f 3299 3204 3201
f 3236 3240 3231
f 3297 3298 3286
f 3300 3287 3294
f 3297 3198 3156
f 3202 3208 3207
f 3099 3209 3159
f 3210 3209 3084
f 3210 3084 3098
f 3160 3210 3070
f 3164 3211 3055
f 3249 3211 3163
f 3133 3177 3213
f 3168 3212 3167
f 3074 3223 3215
f 3167 3212 3213
f 3213 3215 3214
f 3214 3215 3216
f 3074 3215 3213
f 3216 3215 3179
f 3217 3179 3257
f 3216 3179 3217
f 3238 3245 3230
f 3243 3239 3206
f 3218 3050 3258
f 3175 3218 3172
f 3219 3258 3220
f 3247 3259 3276
f 3220 3052 3260
f 3220 3173 3276
f 3221 3260 3249
f 3221 3186 3248
f 3222 3172 3272
f 3126 3175 3222
f 3188 3223 3135
f 3215 3223 3179
f 3227 3183 3180
f 3226 3224 3182
f 3240 3225 3231
f 3233 3234 3226
f 3232 3183 3227
f 3226 3225 3233
f 3237 3180 3216
f 3236 3239 3243
f 3241 3233 3225
f 3066 3284 3283
f 3232 3229 3226
f 3231 3229 3235
f 3235 3230 3231
f 3242 3238 3217
f 3235 3229 3227
f 3236 3231 3230
f 3183 3232 3182
f 3229 3232 3227
f 3241 3225 3240
f 3234 3233 3228
f 3228 3283 3275
f 3224 3234 3127
f 3227 3180 3237
f 3238 3235 3237
f 3236 3230 3239
f 3236 3205 3240
f 3217 3237 3216
f 3227 3237 3235
f 3242 3217 3145
f 3230 3235 3238
f 3245 3238 3242
f 3206 3244 3059
f 3205 3277 3240
f 3241 3281 3233
f 3278 3241 3240
f 3274 3283 3284
f 3145 3189 3242
f 3246 3245 3189
f 3299 3287 3300
f 3236 3243 3205
f 3245 3244 3239
f 3246 3244 3245
f 3230 3245 3239
f 3189 3245 3242
f 3246 3189 3251
f 3059 3244 3246
f 3259 3247 3127
f 3221 3247 3173
f 3184 3185 3248
f 3221 3248 3185
f 3249 3054 3211
f 3221 3249 3186
f 3144 3250 3145
f 3251 3250 3069
f 3246 3251 3121
f 3250 3251 3189
f 3252 3263 3195
f 3288 3290 3289
f 3254 3253 3080
f 3255 3194 3195
f 3269 3254 3080
f 3254 3066 3267
f 3108 3255 3195
f 3154 3253 3255
f 3200 3256 3101
f 3199 3256 3198
f 3223 3257 3179
f 3145 3257 3089
f 3220 3258 3051
f 3218 3258 3219
f 3234 3275 3127
f 3276 3273 3219
f 3249 3260 3053
f 3220 3260 3221
f 3243 3206 3300
f 3280 3191 3265
f 3279 3280 3268
f 3191 3266 3265
f 3195 3263 3092
f 3288 3263 3252
f 3265 3264 3194
f 3266 3264 3265
f 3267 3265 3194
f 3268 3262 3279
f 3266 3191 3290
f 3252 3264 3266
f 3254 3267 3194
f 3268 3066 3262
f 3279 3241 3278
f 3265 3267 3268
f 3141 3269 3080
f 3270 3269 3139
f 3143 3270 3139
f 3270 3126 3271
f 3126 3222 3272
f 3271 3272 3274
f 3172 3273 3272
f 3272 3273 3274
f 3219 3273 3172
f 3274 3273 3259
f 3275 3259 3127
f 3283 3228 3281
f 3228 3275 3234
f 3259 3275 3274
f 3220 3276 3219
f 3247 3276 3173
f 3277 3205 3294
f 3278 3277 3261
f 3277 3278 3240
f 3280 3261 3292
f 3279 3262 3281
f 3278 3261 3280
f 3268 3280 3265
f 3280 3279 3278
f 3279 3281 3241
f 3283 3281 3262
f 3269 3282 3254
f 3270 3271 3282
f 3066 3283 3262
f 3275 3283 3274
f 3282 3284 3066
f 3274 3284 3271
f 3298 3285 3064
f 3197 3285 3156
f 3192 3288 3064
f 3294 3293 3261
f 3295 3207 3297
f 3292 3293 3296
f 3266 3290 3291
f 3298 3289 3286
f 3064 3288 3289
f 3291 3290 3288
f 3191 3292 3290
f 3295 3296 3293
f 3288 3252 3291
f 3266 3291 3252
f 3280 3292 3191
f 3293 3292 3261
f 3261 3277 3294
f 3295 3293 3287
f 3300 3205 3243
f 3287 3293 3294
f 3295 3287 3301
f 3296 3295 3286
f 3289 3296 3286
f 3296 3290 3292
f 3208 3297 3207
f 3298 3297 3156
f 3285 3298 3156
f 3289 3298 3064
f 3204 3299 3206
f 3301 3299 3201
f 3300 3294 3205
f 3206 3299 3300
f 3202 3301 3201
f 3301 3207 3295
f 3455 1845 1844
f 3617 3525 3436
f 3609 3394 3395
f 3427 3428 417
f 3058 3057 3423
f 3444 3598 3443
f 3495 3475 3494
f 3490 3370 3369
f 3471 3424 3446
f 3499 401 3464
f 3481 414 415
f 1837 3422 3424
f 3493 3431 3455
f 3427 416 3430
f 3422 3423 3424
f 3534 1841 1840
f 3471 1839 1838
f 3462 3464 412
f 3466 1852 1851
f 3422 1837 1836
f 1848 1847 3399
f 3941 3357 3356
f 1850 1849 3399
f 3554 3561 3560
f 3399 1849 1848
f 1850 3399 3398
f 1847 3398 3399
f 3413 3626 3551
f 3445 3398 1847
f 3445 1847 3443
f 3395 3485 3396
f 3398 3485 1850
f 3487 3393 3392
f 3398 3445 3397
f 3396 3445 3395
f 3395 3394 3501
f 3443 1847 1846
f 3397 3485 3398
f 3445 3609 3395
f 3487 3501 3394
f 1836 3058 3422
f 3467 3437 3413
f 3393 3394 3609
f 3424 3423 3420
f 3388 3629 3389
f 3603 3607 3606
f 3606 3523 3601
f 3387 3629 3388
f 3423 3595 3420
f 3501 3486 3466
f 3388 3389 3603
f 3423 3422 3058
f 3440 3539 3536
f 3055 3593 3056
f 3601 3603 3606
f 3749 3761 3596
f 3602 3612 3600
f 3385 3629 3386
f 3391 3607 3390
f 3391 3392 3607
f 417 416 3427
f 3385 3628 3629
f 3601 3523 3599
f 3603 3387 3388
f 3552 3628 3384
f 3409 3628 3552
f 3651 3384 3385
f 3386 3387 3651
f 3664 3550 3666
f 3384 3383 3552
f 3383 3384 3654
f 3526 3465 3436
f 3467 3378 3377
f 3651 3600 3652
f 3381 3654 3380
f 3377 3376 3488
f 3379 3380 3653
f 3380 3652 3655
f 3375 3374 3488
f 3376 3375 3488
f 3654 3382 3383
f 3630 3378 3467
f 3612 3610 3613
f 3665 3618 3664
f 3378 3379 3653
f 3676 3389 3629
f 3483 3545 3546
f 3469 3490 3367
f 3333 3859 3572
f 3444 1846 1845
f 1859 3476 1860
f 3598 3431 3523
f 3455 3444 1845
f 3440 104 103
f 3590 3530 3414
f 3443 3421 3445
f 3526 3456 1854
f 3535 3536 3538
f 3592 3539 3416
f 3465 1853 1852
f 3793 3792 3945
f 3615 3524 3442
f 3840 3849 3475
f 3671 3791 3432
f 3566 3530 3531
f 3660 3657 3608
f 3840 3623 3441
f 3676 3391 3390
f 3418 3417 3416
f 3415 1862 1861
f 3332 3331 3859
f 1865 1864 3417
f 1865 3418 1866
f 3057 3056 3644
f 1862 3591 1863
f 3592 1863 3591
f 3380 3630 3381
f 3418 3522 102
f 1862 3415 3591
f 3854 3542 3947
f 3374 3437 3488
f 102 101 1866
f 3417 3418 1865
f 3895 3373 3374
f 3332 3859 3333
f 3496 3477 3458
f 104 3440 3535
f 3839 3837 3838
f 3487 3394 3393
f 3609 3421 3607
f 3327 3326 3571
f 3374 3909 3895
f 3449 3425 3571
f 3371 3437 3373
f 3371 3373 3372
f 3331 3873 3330
f 3789 3894 3605
f 3448 3473 3474
f 3572 3859 3569
f 3437 3371 3370
f 3334 3548 3333
f 3329 3860 3330
f 3597 3871 3873
f 3327 3571 3860
f 3859 3330 3860
f 3329 3873 3871
f 3336 3548 3335
f 3469 3367 3366
f 3884 3907 3898
f 3520 3650 3649
f 108 3449 109
f 108 3447 3449
f 3320 3321 111
f 109 3321 3320
f 3476 3477 3457
f 3383 3382 3552
f 110 109 3320
f 3893 3895 3894
f 3320 111 110
f 108 107 3447
f 3324 3872 3587
f 3324 3323 3449
f 3324 3449 3571
f 3329 3871 3328
f 3324 3587 3323
f 109 3449 3321
f 3322 3449 3323
f 3322 3587 3321
f 3326 3327 3872
f 3324 3571 3325
f 3502 3553 3448
f 3324 3325 3872
f 3333 3873 3332
f 1855 1854 3456
f 3374 3373 3437
f 3335 3548 3334
f 3688 3049 3679
f 3448 3425 3447
f 3898 3372 3896
f 3052 3051 3684
f 3371 3372 3898
f 3908 3883 3884
f 3355 3941 3356
f 3490 3468 3437
f 3768 3770 3823
f 3364 3469 3365
f 1863 3592 1864
f 1846 3444 3443
f 3369 3898 3368
f 3777 3638 3730
f 3898 3907 3368
f 3878 3891 3892
f 3361 3469 3363
f 3359 3358 3936
f 3365 3366 3907
f 3773 3711 3708
f 414 413 3426
f 3364 3363 3469
f 3861 3862 3863
f 3936 3932 3935
f 3863 3356 3861
f 3351 3350 3938
f 3937 3354 3353
f 3354 3355 3863
f 3861 3356 3357
f 3353 3352 3937
f 3363 3362 3361
f 3364 3365 3890
f 3865 3514 3577
f 3438 3469 3360
f 3468 3413 3437
f 3936 3360 3359
f 3363 3890 3362
f 3359 3360 3867
f 3878 3877 3868
f 3941 3936 3357
f 3469 3361 3360
f 3867 3361 3362
f 3578 3688 3632
f 3933 3934 3930
f 3584 3047 3508
f 3441 3623 3622
f 1768 3506 3046
f 3529 3456 3619
f 3433 3754 3532
f 3046 3506 3508
f 3314 3426 3313
f 3506 1768 1767
f 3582 3505 3507
f 3455 3494 3493
f 3491 1842 1841
f 3507 3505 3508
f 3729 3730 3638
f 3645 3644 3593
f 3516 3591 3590
f 1762 1761 3729
f 3565 3570 3553
f 3581 3635 3636
f 3598 3421 3443
f 3735 3642 3734
f 3453 418 3451
f 3307 3640 3639
f 3881 3406 3882
f 3634 3685 3689
f 3572 3336 3335
f 413 3462 412
f 401 3575 3308
f 3471 3472 1839
f 3499 3575 401
f 3308 3576 3307
f 3054 3053 3748
f 3473 3447 107
f 577 3510 1759
f 3510 3731 1759
f 3436 3465 3466
f 3737 3643 3785
f 3302 3510 577
f 3463 3435 3462
f 414 3454 415
f 3641 3737 3304
f 3733 3589 3734
f 3381 3630 3552
f 3430 3315 3450
f 3048 3679 3049
f 1857 3479 1858
f 3573 3574 3862
f 3947 3346 3858
f 3342 3341 3929
f 3342 3947 3549
f 3929 3339 3678
f 3340 3339 3929
f 3340 3549 3339
f 3345 3346 3947
f 3920 3563 3402
f 3351 3857 3350
f 3346 3940 3347
f 3350 3349 3938
f 3351 3352 3857
f 3349 3857 3858
f 3940 3344 3926
f 3346 3345 3940
f 3858 3347 3348
f 3857 3349 3350
f 3940 3938 3347
f 3343 3926 3344
f 3857 3352 3863
f 3937 3938 3934
f 3677 3678 3572
f 3547 3339 3549
f 3546 3547 3542
f 112 111 3586
f 3334 3333 3572
f 3572 3678 3336
f 3337 3338 3547
f 3407 3482 3483
f 3337 3336 3678
f 3323 3587 3322
f 3342 3343 3947
f 3330 3873 3329
f 3878 3868 3891
f 3667 3669 3670
f 3480 3497 3403
f 3429 3451 3452
f 3617 3672 3525
f 3947 3343 3344
f 3862 3861 3866
f 3339 3338 3678
f 3548 3336 3547
f 3863 3352 3353
f 3341 3340 3929
f 399 412 3464
f 399 3309 3319
f 412 3512 413
f 3461 3481 3459
f 3464 401 3309
f 3512 412 3311
f 412 399 3311
f 3459 415 416
f 3319 3310 3311
f 3310 3319 3309
f 3938 3348 3347
f 3512 3311 3312
f 3315 3454 3314
f 3313 3426 3513
f 3489 3552 3630
f 3921 3411 3568
f 3641 3304 3305
f 399 3319 3311
f 3517 3645 3746
f 3454 414 3426
f 3428 3316 3317
f 3459 416 3460
f 3453 3460 417
f 418 417 3428
f 418 3428 3838
f 419 2 1
f 419 3452 3451
f 419 3837 2
f 416 415 3430
f 3451 418 419
f 3832 3830 3827
f 3317 3318 3839
f 3316 3428 3427
f 3670 3668 3667
f 3837 4 3
f 2 3837 3
f 3478 1861 1860
f 3424 3420 3446
f 3418 102 1866
f 3450 3315 3316
f 3315 3430 3454
f 3416 3440 3522
f 1838 1837 3424
f 414 3481 3463
f 3309 399 3464
f 103 3522 3440
f 3453 417 418
f 3369 3368 3490
f 3457 3477 3496
f 3518 114 113
f 3397 3445 3396
f 3524 3446 3420
f 1839 3472 1840
f 3473 107 106
f 3449 3447 3425
f 3474 106 105
f 3448 3474 3502
f 3425 3570 3571
f 3321 3449 3322
f 3316 3427 3450
f 3430 3450 3427
f 3452 419 1
f 3451 3429 3453
f 1 114 3452
f 3518 3452 114
f 3453 3503 3480
f 3498 3460 3480
f 3314 3454 3426
f 415 3454 3430
f 3494 1844 1843
f 3444 3455 3431
f 1854 1853 3526
f 3456 3432 3619
f 3531 3530 3457
f 3478 3415 1861
f 3793 3795 3527
f 1856 1855 3529
f 416 417 3460
f 3434 3541 3459
f 3480 3460 3453
f 3434 3459 3460
f 3541 3482 3461
f 3853 3463 3482
f 3463 3462 413
f 3462 3435 3464
f 414 3463 413
f 3463 3461 3482
f 3500 3464 3435
f 3500 3499 3464
f 3466 3465 1852
f 3526 3436 3525
f 1851 3485 3466
f 3617 3486 3408
f 3489 3467 3413
f 3378 3630 3379
f 3490 3437 3370
f 3626 3468 3438
f 3365 3469 3366
f 3438 3468 3469
f 3472 3533 3534
f 3599 3843 3400
f 3424 3471 1838
f 3472 3471 3446
f 3615 3472 3446
f 3533 3472 3442
f 3474 3473 106
f 3447 3473 3448
f 105 104 3535
f 3538 3492 3502
f 3495 1843 1842
f 3840 3470 3623
f 1859 1858 3477
f 3457 3530 3478
f 1859 3477 3476
f 3479 3477 1858
f 1860 3476 3478
f 3457 3478 3476
f 1856 3529 3528
f 3477 3479 3458
f 3429 3519 3503
f 3498 3480 3403
f 3459 3481 415
f 3463 3481 3461
f 3482 3541 3483
f 3407 3852 3853
f 3544 3545 3498
f 3341 3549 3340
f 3852 3484 3500
f 3855 3574 3484
f 3485 1851 1850
f 3396 3485 3397
f 3436 3466 3486
f 3501 3466 3485
f 3676 3392 3391
f 3486 3487 3625
f 3437 3467 3488
f 3488 3467 3377
f 3551 3489 3413
f 3489 3409 3552
f 3367 3490 3368
f 3468 3490 3469
f 3491 1841 3534
f 3495 3491 3470
f 3558 3537 3540
f 3448 3553 3425
f 3494 3455 1844
f 3475 3849 3850
f 3495 3494 1843
f 3493 3494 3475
f 3491 3495 1842
f 3840 3495 3470
f 3458 3795 3794
f 3496 3433 3531
f 3518 3429 3452
f 3586 3520 112
f 3403 3544 3498
f 3460 3498 3434
f 3484 3573 3499
f 3576 3577 3514
f 3852 3500 3435
f 3499 3500 3484
f 3501 3485 3395
f 3486 3501 3487
f 3538 3474 3535
f 3553 3502 3492
f 3429 3503 3453
f 3497 3480 3503
f 1763 1762 3732
f 3908 3412 3883
f 3635 1766 1765
f 3578 3680 3681
f 3507 3506 1767
f 3506 3507 3508
f 1767 1766 3507
f 1766 3635 3582
f 3584 3508 3505
f 3047 3046 3508
f 3736 3737 3589
f 3752 3811 3830
f 3302 3303 3784
f 3730 1760 3731
f 3872 3327 3871
f 3519 3520 3497
f 3513 3312 3313
f 3512 3513 413
f 413 3513 3426
f 3312 3513 3512
f 3866 3405 3862
f 3307 3639 3306
f 3733 3875 3515
f 3910 3886 3900
f 3540 3556 3558
f 3416 3417 3592
f 3647 3749 3741
f 3944 3760 3419
f 112 3520 3521
f 3503 3519 3497
f 3429 3518 3519
f 3520 3519 3518
f 3521 3518 113
f 3511 3650 3520
f 112 3521 113
f 3520 3518 3521
f 102 3522 103
f 3416 3522 3418
f 3431 3599 3523
f 3651 3387 3603
f 3646 3745 3738
f 3740 3646 3739
f 3436 3486 3617
f 3432 3456 3525
f 3465 3526 1853
f 3456 3526 3525
f 3671 3790 3791
f 3528 3458 3479
f 3479 1857 3528
f 1856 3528 1857
f 3456 3529 1855
f 3528 3529 3527
f 3478 3530 3415
f 3457 3496 3531
f 3532 3566 3433
f 3566 3531 3433
f 3793 3527 3792
f 3557 3567 3562
f 3533 3442 3622
f 3470 3491 3534
f 3472 3534 1840
f 3534 3533 3470
f 3536 3535 3440
f 105 3535 3474
f 3416 3539 3440
f 3538 3536 3439
f 3540 3537 3516
f 3439 3536 3537
f 3492 3538 3439
f 3502 3474 3538
f 3516 3537 3539
f 3539 3537 3536
f 3590 3540 3516
f 3540 3414 3556
f 3459 3541 3461
f 3545 3541 3434
f 3407 3483 3624
f 3498 3545 3434
f 3497 3649 3403
f 3547 3336 3337
f 3544 3403 3874
f 3545 3544 3543
f 3546 3545 3543
f 3545 3483 3541
f 3547 3546 3543
f 3546 3542 3624
f 3548 3547 3543
f 3547 3338 3339
f 3543 3544 3874
f 3333 3548 3873
f 3342 3549 3341
f 3542 3547 3549
f 3486 3625 3408
f 3392 3676 3487
f 3413 3468 3626
f 3931 3670 3410
f 3409 3666 3628
f 3381 3552 3382
f 3561 3492 3559
f 3860 3328 3327
f 3439 3558 3559
f 3554 3560 3563
f 3557 3555 3556
f 3492 3439 3559
f 3557 3556 3414
f 3556 3555 3558
f 3557 3414 3530
f 3566 3567 3557
f 3558 3555 3559
f 3537 3558 3439
f 3560 3559 3555
f 3559 3560 3561
f 3555 3562 3560
f 3560 3562 3563
f 3565 3561 3554
f 3553 3492 3561
f 3557 3562 3555
f 3562 3402 3563
f 3922 3920 3402
f 3563 3920 3921
f 3565 3553 3561
f 3565 3554 3569
f 3554 3568 3569
f 3565 3564 3570
f 3567 3566 3532
f 3530 3566 3557
f 3532 3402 3567
f 3562 3567 3402
f 3568 3411 3569
f 3554 3563 3568
f 3411 3572 3569
f 3565 3569 3564
f 3571 3570 3564
f 3553 3570 3425
f 3860 3564 3859
f 3571 3326 3325
f 3411 3677 3572
f 3335 3334 3572
f 3574 3573 3484
f 3577 3573 3405
f 3855 3484 3852
f 3353 3354 3863
f 3499 3573 3577
f 3576 3575 3577
f 3870 3640 3514
f 3308 3575 3576
f 3499 3577 3575
f 3866 3865 3405
f 3637 3048 3047
f 3692 3689 3682
f 3683 1764 1763
f 3725 3726 3681
f 3698 3703 3694
f 3739 3744 3740
f 3636 1765 1764
f 3724 3725 3581
f 1766 3582 3507
f 3727 3581 3725
f 3583 3681 3680
f 3632 3583 3680
f 3584 3505 3727
f 3584 3583 3637
f 3713 3717 3705
f 3723 3636 3633
f 111 3321 3587
f 3520 3586 3511
f 3511 3586 3587
f 3587 3586 111
f 3514 3869 3870
f 3733 3515 3736
f 3306 3639 3735
f 3733 3736 3589
f 3530 3590 3415
f 3540 3590 3414
f 3590 3591 3415
f 3539 3592 3516
f 1864 3592 3417
f 3516 3592 3591
f 3747 3055 3054
f 3645 3646 3594
f 3595 3057 3644
f 3645 3593 3746
f 3057 3595 3423
f 3594 3646 3738
f 3684 3686 3052
f 3703 3822 3580
f 3597 3650 3871
f 3597 3873 3874
f 3431 3598 3444
f 3606 3598 3523
f 3843 3841 3851
f 3601 3599 3602
f 3602 3600 3601
f 3651 3654 3384
f 3602 3599 3400
f 3603 3601 3600
f 3610 3602 3400
f 3909 3377 3378
f 3651 3603 3600
f 3390 3603 3389
f 3759 3441 3622
f 3694 3703 3580
f 3376 3909 3375
f 3750 3663 3789
f 3390 3607 3603
f 3598 3606 3421
f 3609 3392 3393
f 3421 3606 3607
f 3844 3658 3847
f 3656 3614 3750
f 3421 3609 3445
f 3609 3607 3392
f 3662 3659 3660
f 3610 3608 3613
f 3611 3613 3614
f 3653 3909 3378
f 3610 3612 3602
f 3612 3611 3652
f 3613 3608 3614
f 3612 3613 3611
f 3608 3657 3614
f 3614 3657 3663
f 3472 3615 3442
f 3446 3524 3615
f 3442 3524 3616
f 3524 3420 3738
f 3408 3618 3617
f 3671 3672 3618
f 3664 3618 3408
f 3671 3618 3401
f 3792 3432 3791
f 3529 3619 3527
f 3668 3665 3667
f 3755 3532 3754
f 3342 3926 3343
f 3923 3917 3757
f 3442 3674 3622
f 3675 3759 3760
f 3470 3533 3623
f 3622 3623 3533
f 3546 3624 3483
f 3854 3624 3542
f 3625 3487 3676
f 3664 3625 3550
f 3935 3626 3438
f 3410 3551 3626
f 3757 3913 3914
f 3753 3790 3911
f 3628 3550 3629
f 3384 3628 3385
f 3676 3550 3625
f 3386 3629 3387
f 3379 3630 3380
f 3489 3630 3467
f 3631 3677 3918
f 3918 3924 3631
f 3679 3637 3632
f 3693 3688 3578
f 1762 3729 3732
f 3711 3712 3704
f 3685 3050 3687
f 3686 3634 3763
f 3636 3635 1765
f 3582 3635 3581
f 3636 1764 3683
f 3724 3636 3723
f 3584 3637 3047
f 3632 3637 3583
f 3730 1761 1760
f 3712 3775 3774
f 3640 3307 3576
f 3735 3639 3588
f 3514 3640 3576
f 3588 3639 3640
f 3734 3641 3305
f 3737 3641 3589
f 3877 3588 3870
f 3875 3642 3876
f 3888 3910 3900
f 3782 3509 3778
f 3593 3644 3056
f 3595 3644 3594
f 3645 3517 3646
f 3644 3645 3594
f 3646 3517 3739
f 3616 3524 3745
f 3593 3747 3746
f 3747 3648 3749
f 3052 3686 3762
f 3648 3761 3749
f 3520 3649 3497
f 3874 3649 3597
f 3871 3650 3511
f 3649 3650 3597
f 3600 3612 3652
f 3386 3651 3385
f 3652 3611 3655
f 3654 3381 3382
f 3614 3656 3611
f 3605 3894 3895
f 3651 3652 3654
f 3652 3380 3654
f 3656 3655 3611
f 3380 3655 3653
f 3897 3605 3895
f 3655 3656 3653
f 3661 3662 3400
f 3663 3657 3604
f 3744 3419 3740
f 3833 3657 3660
f 3662 3608 3610
f 3787 3819 3658
f 3660 3608 3662
f 3660 3659 3833
f 3848 3841 3849
f 3842 3845 3841
f 3400 3662 3610
f 3662 3661 3659
f 3663 3604 3810
f 3750 3789 3605
f 3625 3664 3408
f 3550 3628 3666
f 3665 3409 3667
f 3401 3618 3665
f 3409 3665 3666
f 3664 3666 3665
f 3409 3669 3667
f 3669 3551 3670
f 3911 3668 3627
f 3665 3668 3401
f 3409 3489 3669
f 3551 3669 3489
f 3410 3670 3551
f 3668 3670 3627
f 3790 3671 3401
f 3432 3525 3672
f 3618 3672 3617
f 3432 3672 3671
f 3458 3794 3496
f 3532 3755 3402
f 3442 3616 3674
f 3760 3616 3419
f 3846 3944 3787
f 3851 3845 3661
f 3389 3676 3390
f 3676 3629 3550
f 3921 3918 3411
f 3678 3677 3631
f 3929 3631 3926
f 3337 3678 3338
f 3637 3679 3048
f 3688 3679 3632
f 3583 3584 3681
f 3578 3632 3680
f 3581 3727 3582
f 3726 3725 3579
f 3690 3701 3699
f 3634 3684 3685
f 3732 3683 1763
f 3636 3683 3633
f 3685 3684 3051
f 3686 3684 3634
f 3050 3685 3051
f 3685 3682 3689
f 3697 3763 3691
f 3648 3748 3762
f 3049 3687 3050
f 3682 3685 3687
f 3682 3687 3688
f 3049 3688 3687
f 3692 3693 3764
f 3692 3694 3689
f 3690 3698 3694
f 3694 3691 3689
f 3697 3691 3580
f 3634 3689 3691
f 3693 3692 3682
f 3692 3690 3694
f 3688 3693 3682
f 3578 3701 3764
f 3699 3696 3698
f 3580 3691 3694
f 3823 3797 3822
f 3695 3596 3761
f 3696 3699 3702
f 3768 3696 3766
f 3580 3822 3798
f 3697 3695 3763
f 3699 3698 3690
f 3698 3696 3700
f 3690 3764 3701
f 3699 3504 3702
f 3709 3766 3696
f 3770 3768 3765
f 3728 3578 3681
f 3699 3701 3776
f 3504 3706 3702
f 3783 3902 3509
f 3698 3700 3703
f 3703 3700 3822
f 3706 3711 3704
f 3585 3779 3722
f 3696 3702 3709
f 3710 3707 3709
f 3708 3706 3504
f 3713 3707 3710
f 3702 3710 3709
f 3772 3808 3767
f 3699 3776 3504
f 3723 3633 3773
f 3710 3702 3706
f 3705 3767 3707
f 3704 3714 3706
f 3707 3713 3705
f 3706 3708 3711
f 3708 3579 3773
f 3633 3732 3775
f 3704 3774 3715
f 3710 3714 3713
f 3714 3704 3715
f 3706 3714 3710
f 3712 3774 3704
f 3716 3718 3722
f 3715 3718 3714
f 3783 3643 3903
f 3721 3705 3717
f 3713 3714 3718
f 3721 3717 3716
f 3716 3717 3718
f 3718 3717 3713
f 3901 3515 3899
f 3807 3771 3806
f 3715 3722 3718
f 3585 3809 3777
f 3906 3905 3716
f 3721 3719 3806
f 3585 3722 3715
f 3716 3722 3720
f 3773 3633 3712
f 3724 3723 3579
f 3725 3724 3579
f 3581 3636 3724
f 3726 3579 3708
f 3725 3681 3727
f 3776 3708 3504
f 3728 3726 3776
f 3584 3727 3681
f 3582 3727 3505
f 3578 3728 3701
f 3681 3726 3728
f 3730 3729 1761
f 3732 3729 3638
f 1760 1759 3731
f 3778 3780 3779
f 3781 3731 3510
f 3731 3782 3778
f 3777 3809 3638
f 3683 3732 3633
f 3589 3641 3734
f 3875 3733 3642
f 3306 3734 3305
f 3642 3733 3734
f 3735 3588 3877
f 3306 3735 3734
f 3901 3736 3515
f 3736 3643 3737
f 3785 3783 3784
f 3303 3304 3737
f 3420 3595 3738
f 3594 3738 3595
f 3746 3741 3742
f 3739 3517 3742
f 3419 3616 3740
f 3740 3616 3745
f 3695 3942 3596
f 3743 3744 3742
f 3742 3517 3746
f 3743 3742 3741
f 3786 3943 3942
f 3658 3844 3846
f 3742 3744 3739
f 3744 3743 3805
f 3738 3745 3524
f 3740 3745 3646
f 3747 3593 3055
f 3746 3647 3741
f 3747 3054 3748
f 3746 3747 3647
f 3762 3748 3053
f 3747 3748 3648
f 3741 3749 3596
f 3747 3749 3647
f 3656 3750 3605
f 3614 3663 3750
f 3769 3817 3802
f 3806 3719 3824
f 3788 3826 3812
f 3789 3812 3752
f 3401 3668 3911
f 3527 3619 3792
f 3794 3754 3433
f 3755 3754 3673
f 3756 3673 3946
f 3755 3673 3756
f 3758 3756 3620
f 3917 3756 3758
f 3913 3753 3911
f 3914 3911 3915
f 3913 3758 3620
f 3917 3916 3922
f 3760 3622 3674
f 3842 3759 3675
f 3622 3760 3759
f 3616 3760 3674
f 3762 3761 3648
f 3761 3686 3763
f 3052 3762 3053
f 3761 3762 3686
f 3763 3634 3691
f 3761 3763 3695
f 3692 3764 3690
f 3578 3764 3693
f 3766 3707 3767
f 3813 3770 3765
f 3707 3766 3709
f 3768 3766 3765
f 3772 3767 3705
f 3765 3766 3767
f 3815 3813 3814
f 3696 3768 3700
f 3805 3787 3419
f 3596 3943 3741
f 3808 3765 3767
f 3770 3815 3801
f 3771 3772 3806
f 3796 3821 3820
f 3806 3772 3705
f 3808 3772 3771
f 3723 3773 3579
f 3711 3773 3712
f 3712 3633 3775
f 3585 3715 3774
f 3809 3732 3638
f 3585 3774 3775
f 3728 3776 3701
f 3708 3776 3726
f 3778 3777 3730
f 3722 3779 3720
f 3731 3778 3730
f 3780 3778 3509
f 3585 3777 3779
f 3778 3779 3777
f 3906 3509 3902
f 3779 3780 3720
f 3510 3302 3784
f 3783 3903 3902
f 3731 3781 3782
f 3509 3782 3781
f 3509 3781 3783
f 3784 3783 3781
f 3784 3781 3510
f 3785 3303 3737
f 3783 3785 3643
f 3303 3785 3784
f 3695 3697 3798
f 3800 3786 3799
f 3805 3419 3744
f 3787 3805 3802
f 3818 3814 3796
f 3826 3811 3812
f 3812 3789 3663
f 3752 3948 3894
f 3911 3790 3401
f 3790 3753 3791
f 3945 3753 3620
f 3792 3619 3432
f 3945 3791 3753
f 3620 3946 3945
f 3673 3754 3794
f 3528 3795 3458
f 3496 3794 3433
f 3794 3793 3946
f 3527 3795 3528
f 3794 3795 3793
f 3826 3820 3751
f 3835 3604 3816
f 3801 3799 3797
f 3942 3798 3799
f 3580 3798 3697
f 3799 3798 3797
f 3799 3801 3800
f 3799 3786 3942
f 3800 3769 3802
f 3804 3743 3741
f 3770 3801 3797
f 3769 3800 3801
f 3769 3815 3814
f 3787 3802 3819
f 3786 3800 3803
f 3802 3803 3800
f 3786 3803 3804
f 3743 3804 3803
f 3743 3803 3805
f 3802 3805 3803
f 3721 3806 3705
f 3806 3824 3807
f 3828 3827 3811
f 3821 3825 3751
f 3771 3825 3821
f 3813 3808 3796
f 3585 3775 3809
f 3732 3809 3775
f 3835 3810 3604
f 3812 3810 3788
f 3825 3807 3828
f 3827 3807 3404
f 3812 3663 3810
f 3752 3812 3811
f 3808 3813 3765
f 3813 3796 3814
f 3818 3796 3835
f 3769 3814 3817
f 3801 3815 3769
f 3813 3815 3770
f 3604 3833 3816
f 3834 3658 3819
f 3836 3814 3818
f 3836 3833 3834
f 3835 3796 3820
f 3818 3816 3836
f 3802 3817 3819
f 3819 3836 3834
f 3810 3835 3788
f 3821 3796 3808
f 3771 3821 3808
f 3751 3820 3821
f 3823 3822 3700
f 3798 3822 3797
f 3768 3823 3700
f 3797 3823 3770
f 3824 3719 3888
f 3404 3807 3824
f 3771 3807 3825
f 3807 3827 3828
f 3820 3826 3788
f 3828 3826 3751
f 3831 3827 3404
f 3831 3832 3827
f 3826 3828 3811
f 3825 3828 3751
f 3875 3881 3889
f 3829 3881 3883
f 3830 3412 3948
f 3811 3827 3830
f 3404 3900 3887
f 3831 3829 3832
f 3883 3881 3882
f 3412 3830 3832
f 3833 3604 3657
f 3834 3833 3659
f 3834 3659 3847
f 3819 3817 3836
f 3818 3835 3816
f 3788 3835 3820
f 3836 3817 3814
f 3833 3836 3816
f 419 418 3838
f 4 3837 3318
f 3839 3428 3317
f 419 3838 3837
f 3837 3839 3318
f 3428 3839 3838
f 3848 3840 3441
f 3495 3840 3475
f 3441 3759 3842
f 3851 3400 3843
f 3842 3675 3844
f 3842 3841 3848
f 3599 3431 3843
f 3431 3493 3850
f 3846 3844 3675
f 3834 3847 3658
f 3842 3844 3845
f 3847 3845 3844
f 3944 3846 3675
f 3658 3846 3787
f 3659 3661 3847
f 3845 3847 3661
f 3842 3848 3441
f 3849 3841 3843
f 3849 3843 3850
f 3840 3848 3849
f 3431 3850 3843
f 3475 3850 3493
f 3845 3851 3841
f 3400 3851 3661
f 3853 3852 3435
f 3856 3852 3407
f 3463 3853 3435
f 3407 3853 3482
f 3856 3624 3854
f 3858 3346 3347
f 3856 3855 3852
f 3857 3855 3858
f 3624 3856 3407
f 3855 3856 3854
f 3574 3855 3857
f 3855 3854 3858
f 3947 3858 3854
f 3349 3858 3348
f 3330 3859 3331
f 3569 3859 3564
f 3328 3860 3329
f 3564 3860 3571
f 3357 3358 3861
f 3867 3358 3359
f 3573 3862 3405
f 3863 3862 3574
f 3857 3863 3574
f 3356 3863 3355
f 3866 3867 3864
f 3880 3362 3890
f 3405 3865 3577
f 3869 3865 3864
f 3867 3866 3861
f 3865 3866 3864
f 3867 3861 3358
f 3361 3867 3360
f 3865 3869 3514
f 3864 3867 3880
f 3880 3869 3864
f 3870 3869 3868
f 3878 3876 3877
f 3870 3588 3640
f 3587 3872 3511
f 3328 3871 3327
f 3326 3872 3325
f 3511 3872 3871
f 3332 3873 3331
f 3874 3873 3548
f 3874 3548 3543
f 3874 3403 3649
f 3406 3881 3875
f 3829 3831 3887
f 3735 3877 3642
f 3406 3875 3876
f 3868 3877 3870
f 3642 3877 3876
f 3869 3880 3868
f 3876 3878 3406
f 3890 3365 3907
f 3368 3907 3367
f 3362 3880 3867
f 3880 3890 3891
f 3892 3882 3406
f 3829 3887 3889
f 3885 3883 3882
f 3832 3883 3412
f 3829 3883 3832
f 3882 3892 3885
f 3907 3879 3890
f 3898 3369 3370
f 3907 3885 3879
f 3883 3885 3884
f 3824 3888 3900
f 3515 3875 3899
f 3404 3887 3831
f 3899 3889 3886
f 3905 3719 3721
f 3720 3780 3906
f 3829 3889 3881
f 3886 3889 3887
f 3364 3890 3363
f 3891 3890 3879
f 3892 3879 3885
f 3868 3880 3891
f 3878 3892 3406
f 3879 3892 3891
f 3373 3895 3896
f 3830 3948 3752
f 3752 3894 3789
f 3895 3893 3896
f 3909 3374 3375
f 3897 3653 3656
f 3908 3898 3893
f 3373 3896 3372
f 3605 3897 3656
f 3909 3897 3895
f 3371 3898 3370
f 3893 3898 3896
f 3889 3899 3875
f 3899 3886 3910
f 3887 3900 3886
f 3824 3900 3404
f 3904 3902 3901
f 3901 3903 3736
f 3910 3904 3901
f 3906 3780 3509
f 3736 3903 3643
f 3901 3902 3903
f 3905 3904 3888
f 3906 3716 3720
f 3719 3905 3888
f 3716 3905 3721
f 3902 3904 3906
f 3906 3904 3905
f 3367 3907 3366
f 3907 3884 3885
f 3898 3908 3884
f 3948 3908 3893
f 3377 3909 3376
f 3897 3909 3653
f 3904 3910 3888
f 3899 3910 3901
f 3930 3912 3931
f 3753 3913 3620
f 3938 3937 3351
f 3923 3949 3621
f 3914 3913 3911
f 3758 3913 3757
f 3915 3911 3627
f 3914 3912 3949
f 3627 3670 3931
f 3912 3914 3915
f 3756 3917 3922
f 3924 3918 3919
f 3758 3757 3917
f 3757 3949 3923
f 3411 3918 3677
f 3919 3918 3916
f 3917 3919 3916
f 3919 3621 3924
f 3922 3402 3755
f 3916 3918 3921
f 3563 3921 3568
f 3921 3920 3916
f 3920 3922 3916
f 3756 3922 3755
f 3621 3919 3923
f 3917 3923 3919
f 3927 3924 3621
f 3927 3940 3926
f 3928 3927 3621
f 3912 3930 3928
f 3631 3924 3926
f 3926 3924 3927
f 3621 3949 3928
f 3927 3925 3940
f 3915 3931 3912
f 3927 3928 3939
f 3631 3929 3678
f 3929 3926 3342
f 3933 3930 3410
f 3930 3934 3939
f 3627 3931 3915
f 3410 3930 3931
f 3935 3933 3410
f 3937 3941 3354
f 3935 3410 3626
f 3934 3933 3932
f 3934 3932 3937
f 3938 3939 3934
f 3935 3438 3936
f 3933 3935 3932
f 3936 3438 3360
f 3357 3936 3358
f 3941 3937 3932
f 3351 3937 3352
f 3348 3938 3349
f 3939 3938 3925
f 3927 3939 3925
f 3930 3939 3928
f 3940 3925 3938
f 3344 3940 3345
f 3941 3355 3354
f 3932 3936 3941
f 3942 3695 3798
f 3943 3786 3804
f 3741 3943 3804
f 3596 3942 3943
f 3760 3944 3675
f 3419 3787 3944
f 3756 3946 3620
f 3791 3945 3792
f 3794 3946 3673
f 3793 3945 3946
f 3549 3947 3542
f 3345 3947 3344
f 3908 3948 3412
f 3894 3948 3893
f 3914 3949 3757
f 3928 3949 3912
f 1788 1787 4018
f 4018 4096 3999
f 3975 4000 3974
f 1809 4000 1810
f 3962 3950 3976
f 4002 3976 3951
f 4089 4088 3971
f 4013 1814 1813
f 1811 3992 1812
f 3982 1821 1820
f 4002 3951 3952
f 4180 4181 4186
f 3951 3976 3950
f 1807 3950 3962
f 3976 3974 3962
f 3994 4025 3970
f 3994 3952 3953
f 3962 3974 1808
f 3977 4102 3976
f 1808 3974 1809
f 1821 3981 1822
f 4020 1789 1788
f 4072 1792 4028
f 4022 4034 3992
f 1791 4039 1792
f 3961 4101 3974
f 4016 1817 1816
f 1819 4005 1820
f 4006 1819 1818
f 3976 3961 3974
f 3981 1821 3982
f 1822 3981 1823
f 3964 3981 3982
f 3964 3980 3981
f 3981 3980 3035
f 4058 4014 4038
f 4004 3038 4003
f 4006 1818 4060
f 3977 4002 3994
f 3036 3035 3980
f 3982 4047 3964
f 3983 3036 3980
f 4003 3038 3037
f 3983 3964 4047
f 1816 4015 4016
f 4047 3979 4046
f 3991 3044 3043
f 4005 3982 1820
f 4026 4027 4014
f 4048 3965 1795
f 4137 4122 4124
f 4035 3992 4034
f 4007 3956 3957
f 4008 3956 4007
f 4165 4069 4104
f 3965 3985 3958
f 1796 1795 3965
f 3958 1796 3965
f 4168 4135 4088
f 3984 4007 3985
f 3978 3983 4080
f 4058 3970 4025
f 4039 1791 4017
f 4050 3985 4048
f 1791 1790 4017
f 4022 3969 4034
f 4147 4100 4099
f 1808 1807 3962
f 4033 4023 3041
f 1788 4018 4020
f 1795 1794 4048
f 1793 4073 4049
f 4071 4070 3993
f 4184 4120 4187
f 4004 4041 3039
f 1815 4015 1816
f 4043 4011 4033
f 4009 4083 3986
f 4092 4068 4093
f 3042 4010 3043
f 4102 4093 4068
f 4053 3989 3045
f 3968 4053 3991
f 4031 4068 4021
f 3039 3038 4004
f 3035 1823 3981
f 4009 1785 1784
f 4013 4090 1814
f 4042 4075 4078
f 4009 4029 1785
f 3988 3989 3968
f 4099 4116 4188
f 3045 3989 1781
f 4085 4005 4006
f 3992 4001 4022
f 1783 1782 3988
f 3983 3037 3036
f 3990 4012 3988
f 3983 3980 3964
f 4096 4018 4019
f 3957 3958 3985
f 4001 1810 4000
f 4036 4008 4074
f 4003 3983 3978
f 4048 3985 3965
f 3990 3988 3968
f 4061 4062 4065
f 4069 4103 4104
f 3986 4066 4064
f 3989 3988 1782
f 3968 4084 4083
f 1781 3989 1782
f 3045 3044 4053
f 3990 4083 4009
f 1783 4012 1784
f 4010 3991 3043
f 4106 4084 3991
f 4001 1811 1810
f 4087 4071 3993
f 3969 4021 4142
f 4059 4089 3971
f 4026 3953 3954
f 3977 3994 3970
f 4008 3955 3956
f 4036 4037 3995
f 4056 4057 4090
f 4059 4016 3996
f 4108 4158 4077
f 3979 4005 4085
f 4040 1790 1789
f 4051 4052 4167
f 1787 4019 4018
f 4030 4147 3998
f 3974 4000 1809
f 4001 4000 3975
f 4001 3975 4031
f 3992 1811 4001
f 3994 4002 3952
f 3976 4002 3977
f 3983 4003 3037
f 4003 3978 4004
f 4075 4042 4044
f 4103 4010 4032
f 4006 4005 1819
f 3982 4005 3979
f 4060 1817 4016
f 4055 3963 4079
f 3985 4007 3957
f 4008 4007 3984
f 3966 4037 4074
f 4038 4027 4036
f 4009 1784 4012
f 4019 1786 4029
f 4032 3041 4023
f 3991 4010 3987
f 4042 4179 4043
f 4103 4069 4105
f 3988 4012 1783
f 4009 4012 3990
f 1813 1812 4035
f 4013 4071 4087
f 3994 4026 4025
f 3954 3955 4027
f 4057 4015 1815
f 4016 4015 3996
f 3996 4089 4059
f 3997 4086 4060
f 4040 4020 4030
f 3998 4028 4039
f 4019 1787 1786
f 3999 4097 4018
f 1786 1785 4029
f 4061 4125 4095
f 4095 4067 4097
f 4017 4030 3998
f 3975 4101 4068
f 4021 4092 4142
f 4031 4022 4001
f 4021 3969 4022
f 3042 4032 4010
f 4033 3041 3040
f 4034 4070 4024
f 4035 4013 1813
f 4026 3994 3953
f 4058 4025 4014
f 4027 4026 3954
f 4025 4026 4014
f 3955 4008 4027
f 4036 4027 4008
f 4082 3998 4188
f 4107 4051 4045
f 3986 4063 4009
f 4062 4061 4096
f 4040 4017 1790
f 4020 4018 4097
f 4068 4031 3975
f 4022 4031 4021
f 3041 4032 3042
f 4032 4023 4103
f 4041 4033 3040
f 4104 4033 4011
f 4034 3969 4178
f 4035 4034 4024
f 3992 4035 1812
f 4035 4024 4071
f 4008 3984 4074
f 4038 4036 3995
f 4082 4173 4183
f 3966 4166 4037
f 4058 4038 3995
f 4014 4027 4038
f 3998 4039 4017
f 1792 4039 4028
f 4020 4040 1789
f 4017 4040 4030
f 3039 4041 3040
f 4041 4004 4044
f 4075 4004 3978
f 4108 3963 4055
f 4033 4041 4043
f 4043 4041 4044
f 4075 4044 4004
f 4043 4044 4042
f 1793 1792 4072
f 4081 4050 4051
f 3979 4079 4046
f 4046 3963 4076
f 3979 4047 3982
f 3983 4047 4046
f 1794 4049 4048
f 4048 4049 4050
f 1793 4049 1794
f 4050 4049 4045
f 4051 4050 4045
f 3984 3985 4050
f 4072 4107 4073
f 4081 4051 3966
f 4110 4052 4072
f 4111 4166 4167
f 3991 4053 3044
f 3968 3989 4053
f 3991 4084 3968
f 4106 4105 4066
f 4086 4055 4085
f 4108 4077 4078
f 4087 4088 4056
f 3996 4015 4057
f 1814 4057 1815
f 3996 4057 4056
f 4166 4171 4037
f 4091 4058 4146
f 4059 4153 4152
f 4094 4059 4152
f 1817 4060 1818
f 4060 4016 4094
f 4062 4019 4029
f 4065 4062 4063
f 4029 4063 4062
f 4063 3986 4064
f 4009 4063 4029
f 4066 3986 4083
f 4128 4132 4134
f 4063 4064 4065
f 4128 4064 3967
f 4061 4065 4125
f 4066 4054 4106
f 3967 4064 4066
f 4067 3973 4114
f 4030 4020 4100
f 4102 4068 4101
f 4093 3977 3970
f 4165 4011 4179
f 4105 4069 4176
f 4118 4117 4127
f 4118 4116 4119
f 4035 4071 4013
f 4070 4071 4024
f 4110 4072 4028
f 4107 4072 4052
f 4049 4073 4045
f 1793 4072 4073
f 4074 3984 4081
f 4036 4074 4037
f 3978 4076 4075
f 4075 4076 4078
f 4076 3978 4080
f 3963 4108 4078
f 4148 4150 4108
f 4176 4165 4182
f 3963 4078 4076
f 4078 4077 4180
f 4079 3979 4085
f 3963 4046 4079
f 3983 4046 4080
f 4076 4080 4046
f 4074 4081 3966
f 3984 4050 4081
f 4082 4110 3998
f 4173 3972 4172
f 3968 4083 3990
f 4066 4083 4054
f 4106 3991 3987
f 4083 4084 4054
f 4086 4085 4006
f 4079 4085 4055
f 4060 4086 4006
f 4148 4086 3997
f 4088 4087 3993
f 4090 4087 4056
f 4112 4168 4070
f 4088 3993 4168
f 3996 4056 4089
f 4088 4089 4056
f 4090 4013 4087
f 4057 1814 4090
f 4091 3959 4092
f 3970 4058 4091
f 4142 3959 4141
f 4068 4092 4021
f 3970 4091 4093
f 4092 4093 4091
f 4060 4094 3997
f 4016 4059 4094
f 4067 4095 3973
f 4096 4095 3999
f 4062 4096 4019
f 4095 4096 4061
f 4095 4097 3999
f 4100 4097 4067
f 4129 3960 4126
f 4131 4126 4130
f 4115 4067 4114
f 4115 4116 4099
f 4097 4100 4020
f 4099 4100 4067
f 3974 4101 3975
f 4102 4101 3961
f 3976 4102 3961
f 4093 4102 3977
f 4103 3987 4010
f 4104 4103 4023
f 4033 4104 4023
f 4165 4104 4011
f 4105 3967 4066
f 4103 4105 3987
f 4084 4106 4054
f 3987 4105 4106
f 4051 4107 4052
f 4073 4107 4045
f 4055 4148 4108
f 4148 4152 4150
f 4108 4150 4158
f 4134 4137 4123
f 3998 4110 4028
f 4110 4082 4183
f 3972 4116 4118
f 4174 4146 4170
f 4143 4120 4177
f 4130 4151 4113
f 4133 4135 4112
f 4116 4098 4119
f 4122 4114 3973
f 4115 4114 4098
f 4116 4115 4098
f 4067 4115 4099
f 4119 4117 4118
f 4116 3972 4188
f 4117 4126 4131
f 4136 4139 4140
f 4138 4127 4117
f 4172 4127 4184
f 4129 4098 4121
f 4126 4119 4129
f 4120 4143 4144
f 4184 4127 4177
f 4122 4098 4114
f 4124 4122 3973
f 4124 3973 4125
f 4098 4122 4121
f 4065 4064 4128
f 4137 4121 4122
f 3973 4095 4125
f 4124 4123 4137
f 4128 4125 4065
f 4124 4125 4123
f 4130 4126 3960
f 4117 4119 4126
f 4117 4131 4138
f 4120 4144 4174
f 4132 4128 3967
f 4128 4123 4125
f 4098 4129 4119
f 3960 4129 4121
f 4159 4162 4157
f 4130 4113 4131
f 4113 4133 4131
f 4131 4139 4138
f 4176 4132 3967
f 4128 4134 4123
f 4133 4113 4135
f 4133 4112 4139
f 4163 4132 4182
f 4157 4162 4164
f 4154 4135 4113
f 3971 4088 4135
f 4112 4140 4139
f 4184 4177 4120
f 4132 4163 4134
f 4121 4137 4160
f 4139 4131 4133
f 4138 4136 4177
f 4140 4112 4070
f 4138 4139 4136
f 4141 4140 4070
f 4136 4140 4143
f 4178 4141 4070
f 4144 4143 4145
f 3959 4142 4092
f 4142 4141 4178
f 4140 4141 4143
f 4145 3959 4144
f 3959 4146 4144
f 3995 4037 4171
f 4143 4141 4145
f 3959 4145 4141
f 4091 4146 3959
f 3995 4171 4175
f 4100 4147 4030
f 4188 4147 4099
f 4086 4148 4055
f 4152 4149 4150
f 4153 4154 4151
f 4156 4157 4155
f 4152 4148 3997
f 4150 4149 4156
f 4159 4130 3960
f 4151 4149 4153
f 4094 4152 3997
f 4153 4059 3971
f 4153 3971 4154
f 4149 4152 4153
f 4135 4154 3971
f 4113 4151 4154
f 4149 4157 4156
f 4181 4164 4186
f 4157 4149 4151
f 4155 4181 4158
f 4151 4159 4157
f 4161 4162 4160
f 4150 4156 4158
f 4155 4158 4156
f 4130 4159 4151
f 4160 4159 3960
f 4121 4160 3960
f 4160 4137 4161
f 4134 4161 4137
f 4161 4109 4164
f 4160 4162 4159
f 4162 4161 4164
f 4109 4161 4163
f 4134 4163 4161
f 4164 4109 4186
f 4164 4155 4157
f 4011 4043 4179
f 4165 4186 4182
f 4167 4166 3966
f 4111 4185 4171
f 4051 4167 3966
f 4110 4183 4052
f 4070 4168 3993
f 4135 4168 4112
f 4111 4183 4173
f 4118 4172 3972
f 4058 4175 4146
f 4173 4185 4111
f 4111 4171 4166
f 4170 4146 4175
f 4127 4172 4118
f 4173 4172 4169
f 4173 4169 4185
f 4173 4082 4188
f 4146 4174 4144
f 4170 4185 4187
f 3995 4175 4058
f 4171 4170 4175
f 4105 4176 3967
f 4165 4176 4069
f 4138 4177 4127
f 4143 4177 4136
f 4034 4178 4070
f 4142 4178 3969
f 4180 4179 4042
f 4165 4179 4186
f 4078 4180 4042
f 4180 4077 4181
f 4158 4181 4077
f 4181 4155 4164
f 4163 4182 4109
f 4176 4182 4132
f 4111 4167 4183
f 4183 4167 4052
f 4187 4120 4174
f 4172 4184 4169
f 4169 4184 4187
f 4171 4185 4170
f 4186 4109 4182
f 4180 4186 4179
f 4170 4187 4174
f 4169 4187 4185
f 4188 3998 4147
f 4173 4188 3972
f 571 570 4618
f 4506 4382 399
f 4347 4333 4509
f 4571 4589 4653
f 4764 4792 4771
f 4385 4312 4341
f 4378 4598 4220
f 4802 4805 4269
f 4549 569 4497
f 4318 4338 404
f 4496 4547 4494
f 467 4311 468
f 4233 4234 4663
f 4620 4621 4546
f 4494 4497 4496
f 4688 4276 4275
f 4189 4495 567
f 4461 4384 4413
f 4348 4350 397
f 568 567 4495
f 4497 568 4495
f 4504 4568 4566
f 4511 4350 4315
f 4707 4691 4618
f 576 4498 577
f 4445 4443 4453
f 575 4682 4683
f 4609 4471 4304
f 4481 4303 4484
f 4498 3302 577
f 4499 4550 4553
f 4332 4432 4526
f 4623 4671 4672
f 4772 4285 4286
f 4559 4502 4558
f 4557 4625 4501
f 4506 400 401
f 4425 4441 4442
f 4636 4610 4612
f 402 401 400
f 403 400 399
f 400 403 402
f 3308 4506 401
f 404 403 4318
f 4261 4523 4262
f 3308 3307 4557
f 3305 4550 3306
f 72 4561 73
f 4575 4194 4195
f 396 4511 4592
f 4337 4461 4460
f 407 406 4343
f 4447 4533 4329
f 4263 4807 4264
f 4267 4336 4266
f 4263 4510 4807
f 4807 4806 4802
f 4269 4508 4268
f 4196 4569 4195
f 4523 4263 4262
f 4801 4793 4796
f 4532 4197 4198
f 4274 4508 4272
f 4802 4269 4268
f 4507 4267 4508
f 4802 4801 4805
f 4507 4335 4483
f 4267 4802 4268
f 4798 4796 4660
f 4271 4508 4270
f 4335 4508 4274
f 4530 4570 4197
f 4349 4314 4347
f 4271 4272 4508
f 4263 4264 4262
f 4261 4260 4523
f 4265 4336 4264
f 399 4382 398
f 4259 4523 4260
f 4333 4506 4501
f 4336 4262 4264
f 4522 4259 4258
f 4336 4261 4262
f 4510 4806 4807
f 4257 4256 4522
f 4268 4508 4267
f 4259 4260 4336
f 4388 4314 4522
f 4256 4255 4388
f 4259 4778 4258
f 4253 4252 4389
f 4778 4336 4305
f 4305 4481 4486
f 4254 4253 4388
f 4778 4259 4336
f 4256 4388 4522
f 4777 4776 4487
f 399 4318 403
f 4481 4484 4486
f 4587 4571 4581
f 4237 4316 4238
f 4389 4252 4251
f 397 4346 4348
f 405 404 4338
f 4338 4312 4385
f 393 394 4353
f 4204 4404 4205
f 408 407 4342
f 4313 4387 4342
f 4338 4318 4312
f 4313 4342 4343
f 4325 4210 4368
f 4341 396 395
f 4346 397 398
f 396 397 4350
f 4340 4341 4312
f 4344 394 393
f 395 4351 394
f 4344 4345 4313
f 392 393 4352
f 4352 393 4353
f 4344 4343 4386
f 4316 4353 4351
f 398 397 4339
f 399 398 4318
f 409 408 4387
f 4392 411 410
f 4361 4360 4392
f 4360 390 4391
f 4467 4475 4454
f 4229 4317 4230
f 59 58 411
f 411 4392 59
f 4346 398 4347
f 396 4340 397
f 4534 4328 4601
f 4355 390 4354
f 4354 390 391
f 390 65 63
f 62 61 4391
f 4537 4471 4617
f 63 62 390
f 4782 4242 4608
f 64 63 390
f 390 63 64
f 4336 4260 4261
f 4563 464 599
f 4360 4319 4359
f 409 4361 410
f 4555 3306 4550
f 396 4350 4511
f 4345 393 392
f 4250 4249 4389
f 4254 4777 4253
f 4777 4252 4253
f 4249 4593 4389
f 4246 4245 4593
f 4473 4464 4474
f 4251 4492 4250
f 4247 4593 4248
f 4487 4492 4251
f 4593 4245 4594
f 4444 4470 4539
f 4249 4491 4248
f 4594 4243 4242
f 395 4592 4351
f 4241 4240 4512
f 4246 4491 4245
f 4512 4240 4239
f 4608 4244 4245
f 4245 4491 4608
f 4512 4594 4242
f 4608 4491 4607
f 4243 4594 4244
f 4489 4492 4487
f 4238 4512 4239
f 4513 4237 4236
f 4782 4779 4239
f 4782 4239 4240
f 4513 4236 4235
f 4674 4623 4675
f 4357 4355 4356
f 4513 4595 4352
f 4234 4781 4663
f 4233 4595 4234
f 4233 4232 4595
f 4663 4781 4662
f 4238 4316 4512
f 4595 4513 4234
f 4662 4307 4617
f 4236 4781 4235
f 4231 4230 4595
f 4227 4356 4228
f 4663 4232 4233
f 4354 391 4358
f 4231 4232 4639
f 4541 4661 4662
f 4390 4229 4228
f 4238 4779 4781
f 4317 4595 4230
f 4639 4229 4230
f 4227 4226 4356
f 4782 4241 4242
f 4251 4250 4389
f 4350 4348 4315
f 4551 4554 4624
f 4273 4274 4272
f 4340 4339 397
f 4339 4318 398
f 4369 4400 4370
f 4368 4199 4200
f 4210 4209 4398
f 4363 4320 4362
f 4363 4210 4211
f 4527 4415 4367
f 4427 4208 4399
f 4325 4368 4200
f 4399 4208 4207
f 4201 4324 4200
f 4211 4210 4325
f 4449 4417 4450
f 4202 4322 4201
f 4209 4362 4208
f 4365 4395 4212
f 4362 4364 4393
f 4213 4212 4322
f 4211 4324 4212
f 4394 4207 4393
f 4213 4322 4323
f 4325 4200 4324
f 4772 4773 4285
f 4578 4415 4527
f 4374 4371 4372
f 4374 4204 4205
f 4597 4598 4596
f 4420 4376 4404
f 4220 4203 4219
f 4203 4204 4372
f 4219 4203 4216
f 4800 4798 4706
f 4371 4215 4216
f 4534 4606 4328
f 4215 4214 4217
f 4371 4373 4215
f 4217 4214 487
f 4215 4217 4218
f 4218 4217 4377
f 4219 4216 4218
f 4297 4407 4296
f 4517 4518 4519
f 4516 4517 4377
f 4378 4219 4379
f 4331 4379 4377
f 4218 4216 4215
f 4524 4374 4375
f 4294 4293 4520
f 4320 4395 4365
f 4438 4455 4450
f 4213 497 621
f 4408 475 474
f 4324 4211 4325
f 4213 621 496
f 4322 4324 4201
f 4746 4747 4761
f 494 493 4400
f 495 4396 496
f 4459 4458 4433
f 4365 4396 4397
f 490 4402 491
f 4253 4389 4388
f 4219 4218 4379
f 4215 4373 4214
f 488 4214 489
f 4213 4323 497
f 487 4214 488
f 498 4323 4202
f 4326 4370 4418
f 4214 4515 489
f 4486 4776 4778
f 4401 4419 4402
f 4349 4509 4591
f 486 4217 487
f 4212 4213 4365
f 4323 4322 4202
f 484 4217 485
f 485 4217 625
f 4423 4405 4407
f 4296 4518 4297
f 4299 4298 4518
f 4300 4423 4299
f 4217 484 483
f 4217 486 625
f 4266 4336 4265
f 4314 4346 4347
f 4377 4519 4331
f 4377 4517 4519
f 4300 481 480
f 4299 4518 4300
f 480 479 4300
f 398 4382 4347
f 4346 4314 4348
f 4300 478 4423
f 4333 4501 4509
f 483 482 4516
f 4403 4374 4205
f 4423 4298 4299
f 4348 4314 4388
f 4323 498 497
f 4425 4383 4411
f 479 478 4300
f 4483 4477 4481
f 4656 4655 4602
f 4688 4277 4276
f 4773 4810 4283
f 4810 4280 4281
f 4804 4688 4274
f 4655 4330 4659
f 4384 470 469
f 4810 4282 4283
f 4603 4605 4656
f 4786 4285 4783
f 4378 4220 4219
f 4772 4289 4440
f 4287 4772 4286
f 4283 4284 4773
f 4787 4281 4280
f 4285 4773 4284
f 4282 4787 4283
f 4280 4657 4787
f 4810 4281 4282
f 4772 4288 4289
f 4420 4596 4329
f 4277 4688 4657
f 4776 4777 4256
f 4639 4228 4229
f 4275 4809 4274
f 4559 4630 4640
f 4225 4224 4356
f 4357 4223 4222
f 4227 4631 4684
f 4684 4224 4225
f 4357 4222 67
f 4275 4276 4809
f 4357 4224 4223
f 4222 4630 4221
f 4279 4810 4809
f 4630 4223 4684
f 4222 4221 67
f 4568 467 466
f 68 4221 69
f 392 391 4359
f 4630 4684 4640
f 4224 4684 4223
f 4593 4249 4248
f 4230 4231 4639
f 4221 68 67
f 4657 4688 4655
f 66 4357 67
f 4289 4290 4440
f 4284 4283 4787
f 4294 4295 4422
f 4788 4289 4786
f 4293 4292 4520
f 4293 4294 4422
f 4440 4291 4292
f 4784 4786 4783
f 4287 4286 4786
f 4422 4292 4293
f 4295 4407 4422
f 4520 4788 4785
f 477 476 4405
f 4359 4345 392
f 4343 4344 4313
f 4380 4405 4406
f 4412 472 4410
f 4386 4341 395
f 4411 4410 471
f 4387 4313 4345
f 4385 4343 406
f 4381 4408 4409
f 4345 4344 393
f 4475 4406 4381
f 478 477 4423
f 4410 472 471
f 4643 4566 4568
f 405 4385 406
f 4568 4567 4311
f 466 4643 4568
f 4207 4208 4393
f 4642 4558 4560
f 4563 599 4565
f 4308 4562 4503
f 4643 464 4309
f 4277 4809 4276
f 391 392 4358
f 468 4311 4413
f 4632 4503 4560
f 391 390 4360
f 4339 4340 4312
f 492 4370 493
f 4503 4564 4561
f 4322 4212 4324
f 598 75 74
f 4278 4279 4809
f 4520 4519 4295
f 4564 4565 74
f 4341 4340 396
f 4558 71 70
f 4344 4386 394
f 4602 4655 4659
f 4343 4342 407
f 4422 4432 4440
f 4788 4291 4290
f 4754 4762 4763
f 4361 4387 4319
f 4532 4531 4416
f 4523 4259 4522
f 4318 4339 4312
f 4512 4242 4241
f 4352 4316 4513
f 4358 4352 4317
f 4351 4353 394
f 4352 4353 4316
f 4356 4390 4228
f 65 4355 66
f 390 4355 65
f 4354 4356 4355
f 4356 4354 4390
f 4225 4356 4226
f 4355 4357 66
f 4357 4356 4224
f 4352 4358 392
f 4354 4358 4317
f 4360 4359 391
f 4345 4359 4319
f 62 4391 390
f 4392 410 4361
f 4387 4361 409
f 4360 4361 4319
f 4363 4362 4209
f 4362 4320 4364
f 4210 4363 4209
f 4211 4212 4395
f 4320 4414 4514
f 4326 4375 4394
f 4213 4396 4365
f 495 4397 4396
f 4572 4505 4569
f 4531 4368 4416
f 4428 4399 4429
f 4429 4430 4417
f 4529 4210 4398
f 4368 4529 4416
f 4514 4369 4326
f 4414 4365 4397
f 4419 492 491
f 4369 4370 4326
f 4372 4371 4216
f 4371 4327 4373
f 4203 4372 4216
f 4372 4204 4374
f 4524 4327 4374
f 4515 4373 4402
f 4403 4205 4206
f 4374 4327 4371
f 4394 4206 4207
f 4375 4326 4418
f 4534 4601 4447
f 4428 4367 4399
f 4217 4516 4377
f 4517 482 481
f 4520 4785 4331
f 4285 4786 4286
f 4377 4379 4218
f 4378 4379 4331
f 4422 4380 4432
f 4407 4295 4296
f 4424 4408 474
f 4454 4535 4536
f 4506 399 400
f 4347 4382 4333
f 470 4384 4411
f 4465 4536 4446
f 4413 4384 469
f 4337 4425 4411
f 4338 4385 405
f 4385 4341 4386
f 394 4386 395
f 4385 4386 4343
f 4342 4387 408
f 4319 4387 4345
f 4522 4314 4349
f 4254 4388 4255
f 4315 4348 4389
f 4389 4348 4388
f 4354 4317 4390
f 4390 4317 4229
f 61 60 4391
f 60 59 4392
f 4360 4391 4392
f 4392 4391 60
f 4362 4393 4208
f 4394 4393 4364
f 4326 4394 4364
f 4403 4394 4375
f 4320 4363 4395
f 4211 4395 4363
f 496 4396 4213
f 4397 495 494
f 4400 4397 494
f 4414 4397 4369
f 4399 4415 4427
f 4398 4366 4416
f 4429 4207 4206
f 4399 4367 4415
f 4370 4400 493
f 4397 4400 4369
f 4419 4418 4370
f 4373 4327 4525
f 4515 4402 490
f 4402 4373 4525
f 4394 4403 4206
f 4374 4403 4375
f 4431 4204 4203
f 4430 4404 4436
f 476 475 4421
f 4405 4380 4407
f 4421 4405 476
f 4406 4421 4408
f 4422 4407 4380
f 4298 4407 4297
f 4424 474 473
f 4406 4408 4381
f 4412 473 472
f 4412 4383 4426
f 471 470 4411
f 4412 4410 4383
f 4337 4411 4384
f 4383 4410 4411
f 4383 4434 4426
f 4409 4424 4412
f 468 4413 469
f 4311 4310 4461
f 4414 4369 4514
f 4365 4414 4320
f 4366 4398 4415
f 4427 4398 4209
f 4366 4577 4416
f 4199 4531 4198
f 4206 4205 4430
f 4417 4430 4436
f 4419 4370 492
f 4418 4401 4524
f 4402 4419 491
f 4418 4419 4401
f 4431 4404 4204
f 4203 4597 4431
f 4408 4421 475
f 4405 4421 4406
f 4380 4526 4432
f 4292 4422 4440
f 4405 4423 477
f 4423 4407 4298
f 4412 4424 473
f 4408 4424 4409
f 4441 4425 4337
f 4434 4425 4442
f 4334 4446 4426
f 4412 4426 4536
f 4208 4427 4209
f 4415 4398 4427
f 4429 4399 4207
f 4436 4450 4417
f 4430 4429 4206
f 4428 4429 4417
f 4205 4404 4430
f 4436 4404 4376
f 4597 4203 4220
f 4404 4431 4420
f 4451 4432 4332
f 4290 4291 4440
f 4310 4613 4462
f 4457 4458 4452
f 4426 4434 4334
f 4383 4425 4434
f 4334 4442 4445
f 4466 4543 4451
f 4376 4447 4438
f 4376 4438 4436
f 4702 4696 4697
f 4449 4367 4428
f 4376 4533 4447
f 4438 4437 4455
f 4332 4466 4451
f 4456 4476 4479
f 4451 4440 4432
f 4451 4772 4440
f 4460 4441 4337
f 4442 4441 4433
f 4457 4452 4445
f 4442 4334 4434
f 4468 4463 4470
f 4453 4473 4435
f 4491 4246 4247
f 4452 4468 4443
f 4457 4442 4433
f 4445 4453 4446
f 4445 4446 4334
f 4465 4446 4435
f 4447 4329 4534
f 4437 4438 4447
f 4321 4585 4583
f 4599 4527 4367
f 4417 4449 4428
f 4449 4448 4528
f 4438 4450 4436
f 4448 4449 4450
f 4456 4466 4467
f 4451 4439 4772
f 4469 4304 4471
f 4443 4445 4452
f 4542 4473 4443
f 4435 4446 4453
f 4454 4775 4467
f 4409 4535 4381
f 4455 4437 4648
f 4450 4455 4448
f 4478 4474 4476
f 4476 4303 4480
f 4442 4457 4445
f 4458 4457 4433
f 4460 4433 4441
f 4304 4452 4458
f 4310 4615 4613
f 4304 4458 4459
f 4384 4461 4337
f 4433 4460 4459
f 4311 4461 4413
f 4462 4461 4310
f 4459 4460 4462
f 4461 4462 4460
f 4463 4469 4471
f 4463 4537 4539
f 4542 4468 4470
f 4464 4542 4472
f 4435 4478 4775
f 4465 4454 4536
f 4467 4466 4332
f 4456 4479 4543
f 4475 4467 4332
f 4465 4775 4454
f 4469 4452 4304
f 4463 4539 4470
f 4463 4468 4469
f 4452 4469 4468
f 4472 4470 4444
f 4472 4542 4470
f 4614 4609 4304
f 4609 4541 4617
f 4249 4250 4492
f 4472 4482 4485
f 4443 4473 4453
f 4464 4485 4474
f 4476 4474 4303
f 4435 4473 4474
f 4475 4332 4526
f 4475 4381 4535
f 4480 4479 4476
f 4478 4476 4456
f 4480 4481 4477
f 4810 4279 4280
f 4775 4456 4467
f 4474 4478 4435
f 4774 4479 4477
f 4479 4774 4543
f 4481 4480 4303
f 4477 4479 4480
f 4472 4485 4464
f 4481 4305 4483
f 4488 4489 4487
f 4777 4255 4256
f 4507 4483 4305
f 4808 4483 4335
f 4303 4474 4485
f 4486 4484 4482
f 4482 4484 4485
f 4303 4485 4484
f 4488 4486 4482
f 4488 4776 4486
f 4488 4482 4489
f 4252 4777 4251
f 4489 4482 4472
f 4776 4488 4487
f 4472 4490 4489
f 4491 4492 4490
f 4472 4444 4490
f 4490 4444 4491
f 4444 4607 4491
f 4248 4491 4247
f 4490 4492 4489
f 4492 4491 4249
f 4694 4693 4650
f 4691 571 4618
f 4620 4190 4191
f 4664 4665 4713
f 4496 4495 4189
f 4495 4496 4497
f 4189 4190 4496
f 4190 4620 4547
f 4549 4497 4494
f 569 568 4497
f 574 4682 575
f 3302 4498 4673
f 4550 4554 4553
f 4794 4626 4789
f 4680 4683 4679
f 4690 4724 573
f 3306 4555 3307
f 4501 4302 4509
f 4629 4558 70
f 4560 4633 4632
f 72 71 4642
f 4308 4566 4562
f 4308 4637 4615
f 4311 4567 4310
f 4505 4574 4582
f 4569 4575 4195
f 4506 3308 4557
f 4382 4506 4333
f 4305 4336 4507
f 4507 4336 4267
f 4270 4508 4269
f 4335 4507 4508
f 4591 4509 4302
f 4347 4509 4349
f 4626 4681 4627
f 4626 4794 4806
f 4511 4315 4593
f 4594 4245 4244
f 4316 4351 4512
f 4351 4594 4512
f 4513 4316 4237
f 4234 4513 4235
f 4326 4364 4514
f 4514 4364 4320
f 489 4515 490
f 4214 4373 4515
f 483 4516 4217
f 4517 4516 482
f 4518 4517 481
f 4295 4519 4296
f 4518 481 4300
f 4297 4518 4298
f 4296 4519 4518
f 4520 4295 4294
f 4788 4292 4291
f 4331 4519 4520
f 4521 4784 4783
f 4787 4783 4284
f 4523 4522 4349
f 4257 4522 4258
f 4591 4523 4349
f 4523 4510 4263
f 4418 4524 4375
f 4525 4524 4401
f 4524 4525 4327
f 4402 4525 4401
f 4380 4406 4526
f 4475 4526 4406
f 4449 4528 4599
f 4321 4573 4578
f 4646 4585 4644
f 4321 4527 4600
f 4210 4529 4368
f 4398 4416 4529
f 4530 4573 4572
f 4569 4570 4572
f 4368 4531 4199
f 4416 4577 4532
f 4197 4532 4530
f 4198 4531 4532
f 4376 4420 4533
f 4329 4533 4420
f 4654 4534 4329
f 4659 4534 4654
f 4536 4535 4409
f 4475 4535 4454
f 4412 4536 4409
f 4426 4446 4536
f 4307 4780 4537
f 4463 4471 4537
f 4782 4780 4779
f 4242 4243 4608
f 4780 4539 4537
f 4607 4539 4538
f 4613 4611 4612
f 4541 4540 4610
f 4610 4661 4541
f 4537 4617 4307
f 4473 4542 4464
f 4542 4443 4468
f 4451 4543 4439
f 4456 4543 4466
f 4622 570 569
f 4715 4723 4701
f 4193 4589 4652
f 4714 4695 4713
f 4621 4191 4192
f 4667 4668 4546
f 4190 4547 4496
f 4670 4546 4668
f 4548 4665 4664
f 4618 4548 4664
f 4549 4494 4670
f 4549 4548 4622
f 4553 4554 4551
f 4499 4552 4555
f 4671 3304 3303
f 4792 4764 4301
f 4681 4510 4591
f 4302 4501 4627
f 4554 4550 3305
f 4769 4553 4551
f 3305 3304 4554
f 4624 4554 3304
f 4499 4555 4550
f 4555 4552 4625
f 4690 573 572
f 4556 4700 4697
f 4625 4557 3307
f 4506 4557 4501
f 4629 70 69
f 4560 4558 4502
f 4629 4630 4559
f 4227 4684 4226
f 4634 4636 4641
f 4561 4642 4503
f 4561 72 4642
f 4564 4503 4562
f 4563 4562 4309
f 4564 73 4561
f 464 4563 4309
f 599 598 4565
f 73 4564 74
f 4562 4563 4564
f 74 4565 598
f 4563 4565 4564
f 4562 4566 4309
f 4615 4566 4308
f 4311 467 4568
f 4504 4310 4567
f 466 465 4643
f 4504 4567 4568
f 4570 4569 4196
f 4576 4575 4569
f 4197 4570 4196
f 4570 4530 4572
f 4574 4583 4582
f 4589 4571 4587
f 4573 4530 4577
f 4574 4572 4573
f 4573 4577 4578
f 4574 4573 4321
f 4583 4580 4582
f 4505 4572 4574
f 4576 4569 4505
f 4575 4571 4653
f 4505 4582 4581
f 4571 4575 4576
f 4577 4530 4532
f 4578 4577 4366
f 4415 4578 4366
f 4321 4578 4527
f 4448 4644 4528
f 4647 4579 4586
f 4652 4621 4192
f 4576 4581 4571
f 4505 4581 4576
f 4588 4584 4587
f 4583 4574 4321
f 4581 4582 4580
f 4321 4600 4585
f 4580 4583 4586
f 4581 4588 4587
f 4650 4765 4694
f 4585 4528 4644
f 4586 4579 4590
f 4585 4649 4583
f 4646 4647 4649
f 4588 4581 4580
f 4589 4587 4584
f 4590 4580 4586
f 4741 4757 4579
f 4589 4584 4651
f 4653 4193 4194
f 4759 4590 4579
f 4580 4590 4588
f 4681 4591 4302
f 4523 4591 4510
f 396 4592 395
f 4594 4592 4511
f 4315 4389 4593
f 4246 4593 4247
f 4592 4594 4351
f 4511 4593 4594
f 4231 4595 4232
f 4352 4595 4317
f 4420 4431 4597
f 4603 4602 4654
f 4597 4220 4598
f 4420 4597 4596
f 4598 4378 4784
f 4598 4521 4596
f 4449 4599 4367
f 4600 4599 4528
f 4599 4600 4527
f 4585 4600 4528
f 4686 4328 4685
f 4437 4447 4601
f 4603 4329 4596
f 4605 4603 4521
f 4596 4521 4603
f 4604 4605 4783
f 4279 4657 4280
f 4279 4278 4657
f 4783 4605 4521
f 4604 4655 4656
f 4330 4689 4606
f 4728 4717 4730
f 4539 4607 4444
f 4607 4538 4608
f 4782 4608 4538
f 4244 4608 4243
f 4614 4304 4459
f 4541 4609 4540
f 4612 4610 4540
f 4661 4610 4306
f 4612 4540 4614
f 4308 4503 4632
f 4612 4614 4613
f 4641 4636 4611
f 4462 4613 4459
f 4615 4310 4504
f 4609 4614 4540
f 4459 4613 4614
f 4615 4504 4566
f 4611 4613 4615
f 4638 4635 4640
f 4639 4232 4663
f 4609 4617 4471
f 4662 4617 4541
f 4618 570 4622
f 4666 4691 4709
f 4713 4722 4544
f 4679 4711 4556
f 4621 4620 4191
f 4547 4620 4546
f 4192 4193 4652
f 4545 4667 4621
f 4549 4622 569
f 4618 4622 4548
f 3302 4673 3303
f 4770 4674 4500
f 4671 4624 3304
f 4551 4624 4623
f 4555 4625 3307
f 4627 4625 4552
f 4499 4789 4552
f 4626 4552 4789
f 4625 4627 4501
f 4626 4627 4552
f 4724 4710 4692
f 4676 4679 4556
f 4630 4629 69
f 4558 4629 4559
f 4221 4630 69
f 4223 4630 4222
f 4639 4227 4228
f 4661 4635 4638
f 4633 4560 4502
f 4637 4632 4641
f 4634 4633 4502
f 4632 4633 4641
f 4559 4640 4502
f 4634 4306 4636
f 4306 4634 4635
f 4635 4634 4502
f 4610 4636 4306
f 4611 4636 4612
f 4615 4637 4611
f 4308 4632 4637
f 4227 4639 4631
f 4638 4616 4661
f 4616 4638 4639
f 4631 4639 4638
f 4638 4640 4631
f 4502 4640 4635
f 4641 4611 4637
f 4634 4641 4633
f 4558 4642 71
f 4642 4560 4503
f 464 4643 465
f 4566 4643 4309
f 4648 4448 4455
f 4648 4646 4644
f 4648 4437 4686
f 4705 4685 4718
f 4448 4648 4644
f 4646 4645 4647
f 4647 4586 4649
f 4750 4757 4741
f 4437 4601 4686
f 4646 4648 4704
f 4583 4649 4586
f 4646 4649 4585
f 4584 4588 4687
f 4759 4579 4757
f 4693 4651 4584
f 4621 4651 4545
f 4589 4651 4652
f 4621 4652 4651
f 4653 4194 4575
f 4589 4193 4653
f 4603 4654 4329
f 4654 4602 4659
f 4655 4604 4657
f 4804 4274 4273
f 4603 4656 4602
f 4604 4656 4605
f 4604 4787 4657
f 4277 4657 4278
f 4272 4800 4804
f 4330 4655 4658
f 4330 4606 4659
f 4659 4606 4534
f 4689 4330 4706
f 4735 4766 4763
f 4661 4306 4635
f 4661 4616 4662
f 4663 4662 4616
f 4238 4781 4237
f 4616 4639 4663
f 4781 4234 4235
f 4548 4549 4665
f 4707 4664 4544
f 4546 4670 4547
f 4669 4714 4668
f 4666 4690 4691
f 4666 4709 4710
f 4668 4667 4545
f 4546 4621 4667
f 4669 4668 4545
f 4668 4665 4670
f 4669 4545 4693
f 4669 4493 4695
f 4549 4670 4665
f 4547 4670 4494
f 4672 4671 3303
f 4624 4671 4623
f 4711 4679 4628
f 4675 4677 4696
f 4678 4673 4498
f 3303 4673 4672
f 4551 4623 4674
f 4675 4623 4672
f 4677 4675 4672
f 4500 4674 4675
f 4672 4678 4677
f 4675 4696 4500
f 4672 4673 4678
f 4696 4677 4676
f 576 4680 4498
f 4676 4677 4678
f 4676 4678 4679
f 4679 4678 4680
f 4498 4680 4678
f 575 4680 576
f 4627 4681 4302
f 4806 4681 4626
f 4712 4682 574
f 4628 4679 4683
f 575 4683 4680
f 4628 4683 4682
f 4226 4684 4225
f 4640 4684 4631
f 4606 4689 4730
f 4648 4685 4704
f 4328 4686 4601
f 4648 4686 4685
f 4759 4687 4588
f 4693 4687 4650
f 4274 4688 4275
f 4655 4688 4658
f 4706 4330 4658
f 4799 4728 4689
f 4691 4690 572
f 4724 4690 4666
f 571 4691 572
f 4618 4664 4707
f 4715 4692 4710
f 4692 4711 4712
f 4651 4693 4545
f 4687 4693 4584
f 4493 4669 4694
f 4693 4694 4669
f 4709 4708 4737
f 4695 4722 4713
f 4556 4697 4676
f 4697 4696 4676
f 4739 4701 4723
f 4700 4702 4697
f 4579 4647 4742
f 4645 4646 4704
f 4556 4701 4700
f 4762 4696 4702
f 4715 4556 4711
f 4725 4700 4699
f 4737 4723 4619
f 4699 4700 4701
f 4716 4725 4726
f 4725 4702 4700
f 4734 4703 4744
f 4703 4731 4705
f 4685 4705 4704
f 4704 4705 4760
f 4718 4685 4328
f 4745 4732 4716
f 4804 4658 4688
f 4706 4798 4799
f 4707 4544 4722
f 4709 4619 4710
f 4695 4756 4722
f 4698 4726 4727
f 4691 4707 4709
f 4708 4709 4707
f 4715 4710 4619
f 4724 4692 4712
f 4712 4711 4628
f 4711 4692 4715
f 4682 4712 4628
f 4724 574 573
f 4664 4713 4544
f 4714 4713 4665
f 4668 4714 4665
f 4669 4695 4714
f 4723 4715 4619
f 4715 4701 4556
f 4745 4746 4732
f 4732 4733 4736
f 4717 4728 4744
f 4705 4718 4720
f 4328 4719 4718
f 4720 4703 4705
f 4606 4719 4328
f 4720 4717 4703
f 4718 4719 4720
f 4717 4720 4719
f 4740 4750 4747
f 4761 4747 4750
f 4756 4695 4493
f 4707 4722 4708
f 4722 4738 4755
f 4739 4726 4699
f 4710 4724 4666
f 574 4724 4712
f 4726 4725 4699
f 4763 4725 4716
f 4701 4739 4699
f 4745 4726 4698
f 4755 4723 4737
f 4740 4758 4757
f 4744 4728 4660
f 4730 4717 4719
f 4729 4797 4767
f 4716 4732 4736
f 4728 4730 4689
f 4719 4606 4730
f 4731 4703 4733
f 4743 4731 4721
f 4733 4721 4731
f 4721 4733 4732
f 4703 4734 4733
f 4734 4735 4736
f 4744 4703 4717
f 4729 4735 4734
f 4797 4803 4767
f 4762 4754 4500
f 4734 4736 4733
f 4716 4736 4735
f 4709 4737 4619
f 4755 4737 4708
f 4738 4752 4749
f 4738 4749 4751
f 4751 4739 4723
f 4739 4727 4726
f 4747 4748 4753
f 4727 4749 4748
f 4647 4645 4742
f 4742 4743 4741
f 4742 4645 4743
f 4579 4742 4741
f 4760 4645 4704
f 4743 4760 4731
f 4797 4744 4660
f 4734 4744 4729
f 4726 4745 4716
f 4746 4745 4698
f 4747 4746 4698
f 4721 4732 4746
f 4748 4747 4698
f 4740 4757 4750
f 4698 4727 4748
f 4751 4749 4727
f 4738 4756 4752
f 4740 4753 4749
f 4743 4761 4741
f 4721 4761 4743
f 4739 4751 4727
f 4751 4723 4755
f 4694 4765 4493
f 4749 4752 4758
f 4747 4753 4740
f 4748 4749 4753
f 4764 4771 4766
f 4754 4766 4771
f 4722 4755 4708
f 4751 4755 4738
f 4752 4756 4493
f 4722 4756 4738
f 4740 4749 4758
f 4759 4588 4590
f 4493 4758 4752
f 4757 4765 4759
f 4765 4757 4758
f 4759 4765 4687
f 4731 4760 4705
f 4645 4760 4743
f 4761 4721 4746
f 4741 4761 4750
f 4696 4762 4500
f 4763 4762 4702
f 4725 4763 4702
f 4735 4763 4716
f 4764 4766 4767
f 4791 4792 4790
f 4765 4758 4493
f 4687 4765 4650
f 4763 4766 4754
f 4767 4766 4735
f 4735 4729 4767
f 4660 4796 4797
f 4769 4499 4553
f 4770 4769 4551
f 4770 4551 4674
f 4769 4768 4791
f 4754 4770 4500
f 4769 4770 4768
f 4768 4770 4771
f 4754 4771 4770
f 4772 4439 4773
f 4288 4772 4287
f 4439 4774 4773
f 4773 4774 4808
f 4774 4439 4543
f 4808 4774 4477
f 4435 4775 4465
f 4456 4775 4478
f 4256 4257 4776
f 4776 4257 4258
f 4487 4251 4777
f 4255 4777 4254
f 4486 4778 4305
f 4778 4776 4258
f 4779 4307 4662
f 4239 4779 4238
f 4780 4538 4539
f 4307 4779 4780
f 4237 4781 4236
f 4662 4781 4779
f 4782 4240 4241
f 4780 4782 4538
f 4784 4521 4598
f 4285 4284 4783
f 4785 4378 4331
f 4288 4786 4289
f 4788 4520 4292
f 4378 4785 4784
f 4287 4786 4288
f 4784 4785 4786
f 4281 4787 4282
f 4604 4783 4787
f 4289 4788 4290
f 4785 4788 4786
f 4499 4790 4789
f 4795 4790 4301
f 4791 4790 4499
f 4795 4794 4790
f 4769 4791 4499
f 4792 4791 4768
f 4771 4792 4768
f 4301 4790 4792
f 4795 4301 4796
f 4266 4265 4807
f 4790 4794 4789
f 4806 4794 4793
f 4803 4301 4764
f 4793 4794 4795
f 4660 4799 4798
f 4793 4795 4796
f 4797 4729 4744
f 4803 4796 4301
f 4658 4804 4706
f 4796 4798 4801
f 4728 4799 4660
f 4706 4799 4689
f 4272 4271 4800
f 4270 4800 4271
f 4800 4805 4798
f 4805 4270 4269
f 4807 4267 4266
f 4793 4801 4802
f 4767 4803 4764
f 4796 4803 4797
f 4272 4804 4273
f 4706 4804 4800
f 4798 4805 4801
f 4270 4805 4800
f 4806 4510 4681
f 4793 4802 4806
f 4807 4802 4267
f 4264 4807 4265
f 4483 4808 4477
f 4335 4809 4808
f 4335 4274 4809
f 4278 4809 4277
f 4773 4808 4810
f 4808 4809 4810
f 562 561 4856
f 4811 4812 4889
f 4823 4832 555
f 4843 558 557
f 558 4843 4936
f 4955 4815 4816
f 4842 4843 557
f 4843 4935 4936
f 4842 557 556
f 4844 4834 565
f 4889 4823 4811
f 4836 4876 4880
f 4922 4923 4882
f 4954 4923 4953
f 554 4811 4823
f 4997 4904 4938
f 4889 4931 4832
f 4976 4973 4977
f 4832 4842 556
f 4813 4922 4812
f 554 4823 555
f 4847 4836 4849
f 4832 4831 4842
f 4855 4865 5054
f 565 564 4844
f 4845 564 563
f 4861 506 505
f 4844 4845 4833
f 4842 4831 4934
f 4838 4901 4900
f 565 4834 566
f 567 566 4825
f 4845 4870 4864
f 4958 4191 4893
f 4854 560 559
f 4893 4895 4891
f 498 4202 4829
f 4890 4833 4824
f 4940 4950 4949
f 566 4834 4825
f 4890 4834 4833
f 4891 4890 4824
f 4834 4894 4825
f 4936 559 558
f 4965 4929 4928
f 4957 4958 4926
f 4960 4193 4957
f 4933 4897 4934
f 4818 4961 4817
f 4859 507 506
f 4849 4880 4879
f 4889 4832 4823
f 4899 4903 4828
f 511 4827 4821
f 4905 4903 4887
f 4934 4843 4842
f 4963 4886 4962
f 4961 4962 4927
f 4819 4820 4881
f 4915 4864 4870
f 4830 4991 4993
f 4857 561 560
f 508 4847 509
f 509 4860 510
f 4848 4836 4847
f 4201 4896 4202
f 4868 4862 4867
f 556 555 4832
f 5079 4981 4982
f 4859 4848 4858
f 4833 4855 4824
f 4827 511 510
f 5028 4992 5027
f 4828 4908 4944
f 4840 4937 4852
f 4902 4899 4839
f 4827 510 4860
f 4965 4916 4875
f 4896 4902 4937
f 503 502 4851
f 4189 567 4825
f 4996 4997 5000
f 4196 4195 4998
f 4860 4847 4849
f 4892 4190 4894
f 4199 4907 4909
f 4858 4847 508
f 4202 4896 4829
f 501 500 4852
f 502 4869 4851
f 4863 4901 4838
f 4845 4855 4833
f 498 4829 499
f 4945 4909 4910
f 4857 4846 4856
f 4829 4840 4853
f 4834 4844 4833
f 4863 4869 4852
f 4861 4862 4850
f 500 499 4853
f 563 562 4870
f 4873 4848 4871
f 4858 508 507
f 4845 4844 564
f 4848 4859 4871
f 4876 4878 4880
f 4879 4821 4827
f 4867 4861 505
f 4859 4872 4871
f 4869 502 501
f 4900 4943 4838
f 4852 500 4853
f 4852 4839 4863
f 4829 4853 499
f 4852 4853 4840
f 4936 4854 559
f 4857 4854 4841
f 4845 4864 4855
f 4855 4864 4865
f 4857 4856 561
f 4870 4856 4846
f 4854 4857 560
f 5027 5024 5028
f 4859 4858 507
f 4847 4858 4848
f 4861 4859 506
f 4918 4872 4874
f 4847 4860 509
f 4827 4860 4849
f 4867 505 504
f 4859 4861 4850
f 504 503 4868
f 5004 4943 4942
f 4898 4863 4839
f 4851 4863 4838
f 563 4870 4845
f 4865 4864 4835
f 4846 4857 5030
f 4193 4192 4957
f 4918 4917 4866
f 4873 4836 4848
f 4868 4867 504
f 4861 4867 4862
f 503 4851 4868
f 5004 4851 4838
f 4852 4869 501
f 4851 4869 4863
f 4856 4870 562
f 4915 4870 4846
f 4872 4859 4850
f 4871 4866 4873
f 4874 4872 4850
f 4866 4871 4872
f 4875 4873 4866
f 4876 4873 4916
f 5003 4850 4862
f 4921 4918 4837
f 4921 4917 4918
f 4956 4955 4816
f 4876 4826 4878
f 4836 4873 4876
f 4886 4877 4878
f 4820 4821 4879
f 4966 4826 4965
f 4880 4878 4877
f 4849 4879 4827
f 4881 4879 4877
f 4879 4880 4877
f 4836 4880 4849
f 4881 4877 4963
f 4820 4879 4881
f 4953 4813 4814
f 4933 4931 4932
f 4917 4875 4866
f 4985 4972 4978
f 5014 5015 5054
f 4888 4914 4996
f 4826 4916 4965
f 5023 4969 4970
f 4826 4886 4878
f 4967 4964 4886
f 4939 4905 4907
f 4828 4898 4899
f 4998 4195 4999
f 4822 4973 4987
f 4922 4889 4812
f 4931 4889 4882
f 4824 5015 4891
f 4894 4190 4189
f 4884 4893 4891
f 4895 4190 4892
f 4834 4890 4892
f 4891 4892 4890
f 4893 4884 4958
f 4895 4191 4190
f 4825 4894 4189
f 4834 4892 4894
f 4891 4895 4892
f 4191 4895 4893
f 4945 4201 4200
f 4829 4896 4840
f 4822 4987 4988
f 4935 4897 4991
f 4899 4898 4839
f 4898 4828 4900
f 4839 4937 4902
f 4899 4887 4903
f 4905 4904 4913
f 4944 4951 4943
f 4863 4898 4901
f 4900 4901 4898
f 4896 4201 4945
f 4899 4902 4910
f 4905 4887 4907
f 4912 4905 4913
f 4197 4938 4198
f 4906 4908 4946
f 4887 4909 4907
f 4912 4908 4828
f 5059 4959 5014
f 4906 4950 4951
f 4199 4198 4907
f 4198 4938 4939
f 4828 4903 4912
f 4948 4949 4950
f 4910 4909 4887
f 4199 4909 4200
f 4899 4910 4887
f 4896 4945 4902
f 4911 4913 4914
f 4911 5005 4946
f 4905 4912 4903
f 4912 4911 4946
f 4914 4913 4904
f 4912 4913 4911
f 4196 4998 5000
f 4947 5005 4888
f 5025 4846 5024
f 4864 4915 4835
f 4876 4916 4826
f 4873 4875 4916
f 4947 5006 4906
f 4886 4966 4967
f 4872 4918 4866
f 4837 4918 4874
f 4947 4906 4946
f 4885 4967 4969
f 4941 4949 4837
f 4968 4970 4969
f 4952 4837 4949
f 4995 4921 4920
f 4922 4813 4953
f 4889 4922 4882
f 4954 4814 4815
f 4976 4954 4983
f 4961 4956 4817
f 4983 4954 4955
f 5060 5012 4959
f 5051 5036 5052
f 4926 4958 5013
f 4193 4960 4194
f 4818 4819 4962
f 4974 5022 5023
f 4929 4875 4917
f 5079 5058 5075
f 4917 4995 4929
f 5062 5056 5064
f 4999 4194 4960
f 5042 4930 4998
f 4932 4931 4882
f 4832 4931 4831
f 4923 4976 4977
f 4933 4932 4822
f 4897 4933 4822
f 4831 4931 4933
f 4933 4934 4831
f 4935 4934 4897
f 4935 5002 4936
f 4934 4935 4843
f 5002 4935 4830
f 4854 4936 4841
f 4852 4937 4839
f 4896 4937 4840
f 5000 5001 4196
f 4939 4938 4904
f 4905 4939 4904
f 4198 4939 4907
f 4941 4837 4874
f 4942 4862 4868
f 5003 4874 4850
f 4941 5003 4942
f 5004 4942 4868
f 4941 4942 4940
f 4944 4943 4900
f 4940 4942 4943
f 4828 4944 4900
f 4944 4908 4951
f 4909 4945 4200
f 4902 4945 4910
f 4912 4946 4908
f 4911 4914 5005
f 4982 5021 5066
f 4906 5006 4948
f 4952 4919 5063
f 4952 4921 4837
f 4940 4949 4941
f 4952 4949 4948
f 4951 4950 4940
f 4948 4950 4906
f 4951 4940 4943
f 4906 4951 4908
f 4919 4952 4948
f 4921 4952 4920
f 4954 4953 4814
f 4922 4953 4923
f 4955 4954 4815
f 4924 4971 4975
f 4816 4817 4956
f 4955 4924 4983
f 4927 4964 5022
f 4924 4955 4956
f 4958 4957 4192
f 4960 4957 4926
f 4958 4192 4191
f 5013 4958 4884
f 5014 4959 5013
f 5060 5059 5036
f 5012 4960 4926
f 5042 4999 5040
f 4962 4961 4818
f 4956 4961 4927
f 4819 4881 4963
f 4964 4962 4886
f 4886 4963 4877
f 4819 4963 4962
f 5022 4964 4885
f 4962 4964 4927
f 4929 4965 4875
f 4966 4965 4928
f 4967 4966 4928
f 4826 4966 4886
f 4969 4967 5020
f 4967 4885 4964
f 4929 5019 4928
f 5020 4968 4969
f 5020 4967 4928
f 4986 4968 5055
f 4883 4971 4970
f 4924 4974 4971
f 4975 4971 4978
f 4974 4924 4956
f 4972 4975 4978
f 4932 4973 4822
f 4932 4882 4977
f 4989 4981 4980
f 4956 4927 5022
f 4970 4971 4974
f 4978 4971 4883
f 4975 4972 4976
f 4954 4976 4923
f 4972 4973 4976
f 4932 4977 4973
f 4923 4977 4882
f 4981 4978 4883
f 4985 4973 4972
f 5043 5065 5007
f 4846 5025 4915
f 4883 4982 4981
f 4993 4988 4984
f 4883 4970 4986
f 4989 4985 4981
f 4968 5019 5062
f 5064 5021 5062
f 4924 4975 4983
f 4976 4983 4975
f 4989 4980 4990
f 4988 4897 4822
f 4981 4985 4978
f 4985 4984 4987
f 4968 4986 4970
f 4982 4883 4986
f 4985 4987 4973
f 4987 4984 4988
f 4994 4993 5037
f 4935 4991 4830
f 4980 5077 4990
f 4984 4985 4989
f 4990 4979 4994
f 4989 4990 5037
f 4897 4988 4991
f 4993 4991 4988
f 5018 4992 4994
f 4841 5028 5030
f 5037 4993 4984
f 5038 4993 4992
f 5072 5073 5078
f 4993 4994 4992
f 4921 4995 4917
f 4920 4952 5063
f 4914 4904 4997
f 5067 5045 5061
f 4938 4197 5001
f 4914 4997 4996
f 4195 4194 4999
f 5000 4998 4930
f 5040 4999 4960
f 4998 4999 5042
f 4996 5000 4930
f 4938 5001 4997
f 4196 5001 4197
f 4997 5001 5000
f 4830 5038 5039
f 4841 4936 5002
f 4942 5003 4862
f 4874 5003 4941
f 4851 5004 4868
f 4943 5004 4838
f 4888 5005 4914
f 4946 5005 4947
f 4888 5045 5044
f 4919 4948 5007
f 4948 5006 5007
f 5011 5006 4947
f 5043 5010 5046
f 5045 4888 5061
f 5043 5007 5006
f 5008 5073 5072
f 5010 5011 5044
f 5072 5046 5008
f 5044 5011 4947
f 5043 5011 5010
f 5012 4925 5040
f 5013 5012 4926
f 5014 5013 4884
f 5012 5013 4959
f 4884 4891 5015
f 5059 4865 5034
f 5054 5015 4824
f 4884 5015 5014
f 4835 5025 5032
f 5073 5069 5053
f 5018 4979 5071
f 5033 5031 5029
f 4979 5018 4994
f 5018 5017 5026
f 5057 4995 5056
f 5055 5021 4982
f 4928 5019 5020
f 4968 5020 5019
f 5019 4929 5057
f 5076 5064 5065
f 5023 5022 4885
f 4956 5022 4974
f 4969 5023 4885
f 4970 4974 5023
f 5027 5018 5026
f 4915 5025 4835
f 5026 5024 5027
f 5017 5031 5026
f 5070 5029 5031
f 5024 5026 5033
f 5024 5030 5028
f 5018 5027 4992
f 5039 4841 5002
f 5039 5038 5028
f 4865 5032 5034
f 4865 4835 5032
f 4846 5030 5024
f 4841 5030 4857
f 5031 5017 5070
f 5033 5029 5032
f 5033 5032 5025
f 5032 5029 5034
f 5024 5033 5025
f 5031 5033 5026
f 5029 5035 5034
f 5036 5059 5035
f 5029 5016 5035
f 5035 5016 5036
f 5069 5047 5049
f 5036 5051 5068
f 4989 5037 4984
f 4994 5037 4990
f 5028 5038 4992
f 4830 4993 5038
f 4841 5039 5028
f 4830 5039 5002
f 5012 5040 4960
f 4925 5068 5040
f 5068 5060 5036
f 5047 5044 5045
f 5040 5041 5042
f 5067 5042 5041
f 5043 5009 5065
f 5011 5043 5006
f 4947 4888 5044
f 4996 5061 4888
f 5052 5036 5016
f 5047 5046 5010
f 5043 5046 5009
f 5010 5044 5047
f 5049 5047 5045
f 5008 5046 5047
f 5049 5045 5050
f 5053 5069 5052
f 5050 5045 5041
f 5049 5048 5069
f 5040 5068 5041
f 5048 5049 5050
f 5048 5050 5051
f 5050 5041 5068
f 5016 5070 5052
f 5048 5051 5052
f 5070 5053 5052
f 5053 5070 5071
f 4855 5054 4824
f 4865 5014 5054
f 4986 5055 4982
f 4968 5021 5055
f 5063 4995 4920
f 5064 5056 4919
f 4995 5057 4929
f 5062 5057 5056
f 5072 5009 5046
f 5078 5075 5058
f 4865 5059 5014
f 5035 5059 5034
f 5012 5060 4925
f 5059 5060 4959
f 4930 5067 4996
f 5061 4996 5067
f 4968 5062 5021
f 5057 5062 5019
f 4919 5056 5063
f 4995 5063 5056
f 5065 5064 4919
f 5066 5064 5076
f 5007 5065 4919
f 5009 5072 5076
f 5066 5058 5079
f 5021 5064 5066
f 5042 5067 4930
f 5045 5067 5041
f 5060 5068 4925
f 5050 5068 5051
f 5069 5008 5047
f 5052 5069 5048
f 5070 5016 5029
f 5071 5070 5017
f 5018 5071 5017
f 5074 5071 4979
f 5008 5069 5073
f 5076 5072 5058
f 5074 5053 5071
f 5074 5075 5078
f 5074 4979 5075
f 5053 5074 5073
f 5077 4979 4990
f 5075 5077 5079
f 5076 5058 5066
f 5009 5076 5065
f 5079 5077 4980
f 4979 5077 5075
f 5072 5078 5058
f 5073 5074 5078
f 4981 5079 4980
f 5079 4982 5066
f 5326 5327 5112
f 5098 5102 5174
f 5210 5211 5173
f 5100 5102 540
f 516 5148 5149
f 5138 5184 546
f 5117 5116 5098
f 5115 5136 5137
f 542 541 5116
f 4811 554 5092
f 526 525 5128
f 5107 5124 5125
f 5221 5210 5173
f 5082 5083 5118
f 5099 5118 5153
f 5100 5101 5103
f 5081 5103 5080
f 552 5124 5108
f 538 5080 5101
f 5104 5090 5103
f 539 5100 540
f 5211 5089 5173
f 5102 5100 5090
f 5137 543 5139
f 5264 5205 5263
f 5175 5176 5098
f 548 5141 549
f 5125 5144 5107
f 554 553 5092
f 5128 5094 526
f 551 5124 552
f 5125 551 550
f 540 5102 541
f 553 552 5108
f 5159 5141 5121
f 5147 522 521
f 546 545 5138
f 5094 5110 5088
f 544 5136 545
f 5202 4813 5201
f 5120 5103 5081
f 5178 5092 5108
f 5103 5090 5100
f 553 5108 5092
f 5201 4813 4812
f 5177 5107 5093
f 5154 5155 5140
f 5202 4814 4813
f 5253 5254 5284
f 5194 5294 5112
f 5139 5116 5117
f 5136 5138 545
f 5179 5127 5109
f 5111 5325 5146
f 527 526 5094
f 5088 527 5094
f 5126 5086 5087
f 5116 5102 5098
f 5126 5110 5109
f 5145 5110 5128
f 5142 5121 5141
f 5145 5146 5223
f 524 5129 525
f 5104 5120 5118
f 5101 5100 539
f 5130 5111 5129
f 519 5156 520
f 538 5101 539
f 5213 5089 5211
f 5101 5080 5103
f 5183 5311 5310
f 5189 5123 5190
f 5178 4811 5092
f 520 5157 521
f 5130 524 523
f 518 517 5150
f 4820 5225 4821
f 5206 5208 5180
f 516 515 5148
f 5241 5248 5238
f 5108 5107 5177
f 4815 4814 5284
f 5213 5211 5214
f 5284 5286 4815
f 5204 4819 4818
f 5120 5081 5082
f 5128 5110 5094
f 5204 5205 5172
f 5132 515 514
f 5322 5252 5260
f 5090 5221 5174
f 5113 5132 5133
f 5182 5180 5181
f 5130 5327 5326
f 4821 5182 511
f 5114 5166 5168
f 5089 5217 5176
f 5207 5208 5206
f 5087 5088 5110
f 5134 5148 5132
f 5105 5196 5197
f 5165 5166 5231
f 5112 5327 5195
f 5086 5126 5127
f 5187 5197 5186
f 514 5133 5132
f 5102 5116 541
f 5222 5098 5176
f 5152 5115 5137
f 542 5139 543
f 5154 5083 5084
f 5118 5099 5210
f 5127 5085 5086
f 5294 5295 5267
f 5118 5120 5082
f 5103 5120 5104
f 5142 548 547
f 5107 5144 5093
f 5183 5226 5227
f 5122 5185 5183
f 5151 5161 5150
f 5188 5231 5240
f 5125 5124 551
f 5108 5124 5107
f 5159 549 5141
f 5158 5144 5125
f 5110 5126 5087
f 5127 5126 5109
f 5179 5109 5223
f 5155 5127 5224
f 5129 5128 525
f 5145 5128 5111
f 5130 5129 524
f 5128 5129 5111
f 523 522 5327
f 5297 5325 5326
f 520 5156 5157
f 5190 5123 5192
f 5133 514 513
f 5132 5113 5134
f 513 512 5181
f 5265 5204 5206
f 5163 5164 5160
f 5163 5165 5149
f 5149 517 516
f 5188 5123 5189
f 5137 5136 544
f 5138 5136 5115
f 543 5137 544
f 5137 5117 5152
f 5226 5138 5115
f 5186 5184 5185
f 5116 5139 542
f 5137 5139 5117
f 5118 5154 5153
f 5084 5085 5155
f 5142 5141 548
f 5121 5196 5159
f 547 546 5184
f 5186 5197 5142
f 519 518 5161
f 5143 5190 5157
f 5159 5125 550
f 5257 5252 5255
f 5146 5145 5111
f 5109 5110 5145
f 5325 5111 5130
f 5146 5095 5223
f 5157 5147 521
f 5327 5147 5131
f 5132 5148 515
f 5149 5148 5134
f 5149 5134 5163
f 5150 5149 5135
f 5149 5150 517
f 5151 5150 5135
f 5151 5135 5230
f 5156 5161 5143
f 5222 5152 5117
f 5152 5097 5227
f 5154 5118 5083
f 5214 5153 5140
f 5155 5154 5084
f 5153 5154 5140
f 5085 5127 5155
f 5224 5162 5155
f 5156 519 5161
f 5157 5156 5143
f 5143 5189 5190
f 5147 5157 5131
f 5196 5158 5159
f 5256 5171 5253
f 5125 5159 5158
f 550 549 5159
f 5134 5164 5163
f 5164 5199 5160
f 5150 5161 518
f 5161 5151 5143
f 5214 5162 5119
f 5140 5155 5162
f 5164 5134 5113
f 5165 5163 5160
f 5113 5169 5164
f 5199 5096 5198
f 5166 5165 5160
f 5149 5165 5135
f 5262 5096 5209
f 5240 5231 5114
f 5209 5096 5207
f 5246 5168 5245
f 5160 5168 5166
f 5250 5200 5246
f 5266 5113 5133
f 5096 5164 5169
f 4812 4811 5178
f 5251 5202 5170
f 5093 5257 5255
f 5249 5091 5243
f 5263 5204 4818
f 5096 5169 5207
f 5173 5175 5174
f 5090 5104 5221
f 5090 5174 5102
f 5175 5173 5089
f 5176 5175 5089
f 5098 5174 5175
f 5213 5217 5089
f 5274 5222 5176
f 5093 5170 5177
f 5170 5201 5178
f 5108 5177 5178
f 5170 5178 5177
f 5267 5270 5301
f 5224 5179 5302
f 4820 4819 5265
f 5133 513 5181
f 5182 5181 512
f 5133 5181 5180
f 511 5182 512
f 5182 4821 5225
f 5274 5313 5097
f 5310 5277 5308
f 5185 5184 5138
f 547 5184 5142
f 5185 5138 5226
f 5186 5185 5122
f 5186 5122 5187
f 5142 5184 5186
f 5308 5187 5122
f 5277 5290 5288
f 5188 5230 5231
f 5240 5234 5188
f 5143 5151 5189
f 5189 5151 5230
f 5233 5191 5192
f 5157 5190 5193
f 5194 5112 5195
f 5192 5193 5190
f 5188 5234 5123
f 5193 5192 5191
f 5193 5191 5194
f 5193 5131 5157
f 5296 5191 5239
f 5220 5307 5218
f 5131 5193 5195
f 5194 5195 5193
f 5197 5196 5121
f 5196 5105 5258
f 5142 5197 5121
f 5105 5197 5187
f 5246 5245 5167
f 5199 5168 5160
f 5096 5199 5164
f 5199 5198 5245
f 5280 5244 5278
f 5233 5235 5239
f 5178 5201 4812
f 5202 5201 5170
f 5251 5170 5093
f 5253 5284 5202
f 5328 5203 5285
f 5245 5291 5167
f 5263 4818 4817
f 5206 5204 5172
f 5264 4817 4816
f 5261 5292 5293
f 5209 5207 5172
f 5225 5265 5180
f 5169 5113 5266
f 5172 5207 5206
f 5266 5208 5207
f 5133 5180 5208
f 5292 5172 5205
f 5261 5293 5331
f 5118 5210 5104
f 5211 5210 5099
f 5099 5153 5214
f 5216 5212 5213
f 5299 5179 5095
f 5306 5274 5275
f 5099 5214 5211
f 5218 5217 5213
f 5162 5214 5140
f 5216 5214 5303
f 5268 5218 5212
f 5219 5304 5220
f 5213 5214 5216
f 5303 5214 5119
f 5218 5213 5212
f 5217 5215 5275
f 5268 5220 5218
f 5215 5217 5218
f 5219 5268 5270
f 5295 5296 5298
f 5298 5296 5106
f 5309 5187 5308
f 5210 5221 5104
f 5174 5221 5173
f 5152 5222 5097
f 5098 5222 5117
f 5223 5109 5145
f 5095 5179 5223
f 5162 5224 5119
f 5127 5179 5224
f 5225 4820 5265
f 5182 5225 5180
f 5227 5226 5115
f 5185 5226 5183
f 5152 5227 5115
f 5222 5274 5097
f 5215 5218 5307
f 5313 5311 5183
f 5306 5276 5314
f 5239 5235 5106
f 5231 5230 5135
f 5189 5230 5188
f 5165 5231 5135
f 5114 5231 5166
f 5242 5238 5200
f 5232 5237 5235
f 5123 5233 5192
f 5233 5232 5235
f 5232 5233 5234
f 5123 5234 5233
f 5242 5237 5238
f 5237 5273 5235
f 5243 5280 5242
f 5279 5273 5278
f 5237 5232 5238
f 5237 5236 5273
f 5241 5232 5240
f 5248 5283 5246
f 5239 5106 5296
f 5191 5233 5239
f 5241 5240 5114
f 5232 5234 5240
f 5283 5114 5168
f 5232 5241 5238
f 5243 5242 5200
f 5237 5242 5236
f 5200 5250 5249
f 5243 5091 5244
f 5244 5091 5287
f 5278 5244 5229
f 5199 5245 5168
f 5291 5245 5198
f 5330 5250 5167
f 5248 5246 5200
f 5330 5328 5329
f 5333 5328 5285
f 5238 5248 5200
f 5241 5114 5283
f 5200 5249 5243
f 5247 5329 5319
f 5167 5250 5246
f 5249 5250 5247
f 5255 5251 5093
f 5251 5255 5256
f 5257 5158 5258
f 5260 5252 5258
f 5171 5317 5253
f 5202 5251 5253
f 5317 5285 5254
f 5324 5285 5203
f 5257 5093 5144
f 5333 5320 5318
f 5251 5256 5253
f 5252 5256 5255
f 5144 5158 5257
f 5158 5196 5258
f 5260 5258 5105
f 5252 5257 5258
f 5289 5309 5288
f 5321 5259 5287
f 5288 5287 5289
f 5260 5259 5322
f 5262 5198 5096
f 5292 5262 5209
f 5292 5209 5172
f 5262 5261 5291
f 5264 5263 4817
f 5204 5263 5205
f 5286 4816 4815
f 5293 5264 5203
f 5204 5265 4819
f 5265 5206 5180
f 5208 5266 5133
f 5169 5266 5207
f 5271 5270 5268
f 5294 5267 5297
f 5268 5212 5271
f 5219 5220 5268
f 5303 5271 5212
f 5302 5179 5299
f 5301 5270 5269
f 5295 5270 5267
f 5303 5212 5216
f 5270 5271 5269
f 5273 5305 5235
f 5281 5276 5315
f 5273 5236 5278
f 5273 5282 5305
f 5176 5217 5275
f 5313 5274 5228
f 5275 5215 5306
f 5176 5275 5274
f 5316 5220 5304
f 5282 5315 5272
f 5310 5122 5183
f 5290 5244 5288
f 5278 5229 5279
f 5280 5278 5236
f 5279 5229 5281
f 5305 5282 5272
f 5242 5280 5236
f 5244 5280 5243
f 5290 5312 5229
f 5281 5311 5314
f 5273 5279 5282
f 5279 5281 5315
f 5246 5283 5168
f 5241 5283 5248
f 5202 5284 4814
f 5286 5284 5254
f 5317 5333 5285
f 5324 5203 5264
f 5324 5254 5285
f 5264 4816 5286
f 5321 5287 5091
f 5289 5259 5260
f 5244 5287 5288
f 5289 5287 5259
f 5260 5105 5289
f 5309 5105 5187
f 5290 5277 5312
f 5244 5290 5229
f 5262 5291 5198
f 5261 5331 5332
f 5293 5292 5205
f 5262 5292 5261
f 5264 5293 5205
f 5293 5203 5331
f 5295 5294 5194
f 5300 5267 5301
f 5191 5296 5194
f 5295 5219 5270
f 5305 5298 5106
f 5194 5296 5295
f 5095 5146 5325
f 5112 5294 5297
f 5304 5298 5272
f 5295 5298 5219
f 5299 5095 5300
f 5302 5299 5269
f 5095 5297 5300
f 5267 5300 5297
f 5269 5299 5301
f 5300 5301 5299
f 5269 5271 5303
f 5302 5119 5224
f 5119 5302 5303
f 5303 5302 5269
f 5298 5304 5219
f 5272 5315 5316
f 5298 5305 5272
f 5235 5305 5106
f 5306 5228 5274
f 5307 5306 5215
f 5316 5307 5220
f 5306 5307 5276
f 5310 5308 5122
f 5277 5288 5309
f 5309 5289 5105
f 5277 5309 5308
f 5227 5313 5183
f 5312 5310 5311
f 5311 5313 5314
f 5312 5311 5281
f 5312 5281 5229
f 5277 5310 5312
f 5097 5313 5227
f 5314 5313 5228
f 5306 5314 5228
f 5281 5314 5276
f 5315 5276 5316
f 5279 5315 5282
f 5316 5276 5307
f 5272 5316 5304
f 5253 5317 5254
f 5333 5317 5171
f 5171 5256 5320
f 5249 5319 5091
f 5247 5319 5249
f 5323 5320 5322
f 5256 5252 5320
f 5259 5321 5322
f 5091 5319 5321
f 5319 5318 5323
f 5321 5319 5323
f 5320 5252 5322
f 5320 5323 5318
f 5321 5323 5322
f 5264 5286 5324
f 5254 5324 5286
f 5326 5325 5130
f 5325 5297 5095
f 523 5327 5130
f 5297 5326 5112
f 5147 5327 522
f 5327 5131 5195
f 5318 5329 5328
f 5330 5329 5247
f 5319 5329 5318
f 5247 5250 5330
f 5332 5167 5291
f 5332 5331 5330
f 5203 5328 5331
f 5330 5331 5328
f 5167 5332 5330
f 5261 5332 5291
f 5320 5333 5171
f 5328 5333 5318
f 5343 5342 5365
f 628 5349 5358
f 5346 5341 5347
f 5357 5337 5359
f 5347 5341 5340
f 5346 5365 5341
f 5355 5357 5348
f 5346 5352 5365
f 5336 5335 5364
f 5360 5365 5352
f 5345 5362 4220
f 5354 625 4217
f 4218 4219 5361
f 5345 5344 5360
f 4217 4218 5353
f 5351 5348 5357
f 5366 5352 5346
f 5351 5350 5348
f 5339 5355 5356
f 5350 5351 626
f 5337 5357 5338
f 5339 5356 5340
f 5357 5359 5351
f 5339 5338 5355
f 5358 5364 5334
f 5353 5354 4217
f 5348 5354 5355
f 5349 5359 5336
f 5354 5353 5363
f 629 5358 5334
f 5363 5366 5347
f 5350 5354 5348
f 626 625 5350
f 5362 5360 5352
f 5356 5347 5340
f 628 627 5349
f 628 5358 629
f 5354 5350 625
f 627 626 5351
f 5353 4218 5361
f 5347 5356 5363
f 5357 5355 5338
f 5355 5354 5363
f 627 5351 5349
f 5349 5336 5364
f 5336 5359 5337
f 5349 5351 5359
f 5365 5360 5344
f 5362 5352 5361
f 5362 5361 4219
f 5361 5352 5366
f 4220 5362 4219
f 5360 5362 5345
f 5363 5353 5366
f 5355 5363 5356
f 5334 5364 5335
f 5349 5364 5358
f 5343 5365 5344
f 5365 5342 5341
f 5347 5366 5346
f 5361 5366 5353
f 5382 5367 5369
f 5380 5381 5371
f 5382 5370 5381
f 5378 5379 5373
f 5376 5377 5375
f 5378 5374 5377
f 5380 5372 5379
f 5368 5369 5367
f 5370 5371 5381
f 5369 5370 5382
f 5372 5373 5379
f 5374 5375 5377
f 5373 5374 5378
f 5371 5372 5380
f 5397 5368 5367
f 5397 5367 5383
f 5396 5383 5384
f 5396 5397 5383
f 5385 5394 5395
f 5396 5384 5395
f 5395 5384 5385
f 5385 5386 5392
f 5387 5388 5390
f 5386 5387 5391
f 5392 5393 5385
f 5390 5391 5387
f 5389 5390 5388
f 5392 5386 5391
f 5385 5393 5394
f 4209 4210 5367
f 4207 4208 5381
f 4209 5382 4208
f 4205 4206 5379
f 4203 4204 5377
f 4205 5378 4204
f 4207 5380 4206
f 5367 5382 4209
f 5381 5380 4207
f 5382 5381 4208
f 5379 5378 4205
f 5377 5376 4203
f 5378 5377 4204
f 5380 5379 4206
f 4210 4211 5367
f 4211 4212 5383
f 5367 4211 5383
f 5384 4213 5385
f 5384 5383 4212
f 4213 5384 4212
f 621 620 5386
f 619 618 5388
f 620 619 5387
f 5386 5385 621
f 5388 5387 619
f 5386 620 5387
f 621 5385 4213
f 5398 5389 5388
f 5400 5399 5410
f 5398 5411 5399
f 5402 5401 5408
f 5404 5403 5406
f 5402 5407 5403
f 5400 5409 5401
f 5388 5411 5398
f 5410 5409 5400
f 5411 5410 5399
f 5408 5407 5402
f 5406 5405 5404
f 5407 5406 5403
f 5409 5408 5401
f 5411 5388 617
f 5409 5410 615
f 5411 616 5410
f 5407 5408 613
f 5405 5406 611
f 5407 612 5406
f 5409 614 5408
f 618 617 5388
f 616 615 5410
f 617 616 5411
f 614 613 5408
f 612 611 5406
f 613 612 5407
f 615 614 5409
f 5424 5423 5391
f 5421 5393 5392
f 5392 5423 5425
f 5423 5392 5391
f 5389 5432 5390
f 5445 5420 5425
f 5433 5432 5398
f 5399 5400 5437
f 5425 5423 5422
f 5402 5442 5401
f 5416 5417 5438
f 5390 5432 5424
f 5429 5415 5416
f 5428 5429 5438
f 5392 5425 5421
f 5422 5431 5445
f 5439 5438 5417
f 5433 5398 5399
f 5420 5421 5425
f 5424 5391 5390
f 5389 5398 5432
f 5422 5443 5444
f 5433 5424 5432
f 5446 5447 5427
f 5429 5416 5438
f 5443 5422 5424
f 5441 5430 5440
f 5401 5436 5400
f 5430 5413 5428
f 5441 5440 5403
f 5413 5414 5428
f 5418 5419 5435
f 5430 5412 5413
f 5429 5428 5414
f 5426 5436 5434
f 5404 5412 5441
f 5428 5427 5430
f 5439 5418 5435
f 5415 5429 5414
f 5422 5423 5424
f 5435 5431 5426
f 5431 5419 5420
f 5400 5436 5437
f 5424 5433 5443
f 5440 5402 5403
f 5446 5427 5439
f 5431 5435 5419
f 5426 5434 5446
f 5436 5401 5442
f 5399 5437 5433
f 5426 5444 5436
f 5431 5422 5444
f 5417 5418 5439
f 5438 5427 5428
f 5446 5435 5426
f 5427 5438 5439
f 5447 5430 5427
f 5442 5440 5434
f 5404 5441 5403
f 5412 5430 5441
f 5440 5442 5402
f 5436 5442 5434
f 5433 5437 5443
f 5443 5437 5444
f 5436 5444 5437
f 5426 5431 5444
f 5422 5445 5425
f 5431 5420 5445
f 5446 5434 5447
f 5435 5446 5439
f 5434 5440 5447
f 5430 5447 5440
f 5454 5394 5393
f 5452 5453 5420
f 5454 5421 5453
f 5450 5451 5418
f 5448 5449 5416
f 5450 5417 5449
f 5452 5419 5451
f 5393 5421 5454
f 5420 5419 5452
f 5421 5420 5453
f 5418 5417 5450
f 5416 5415 5448
f 5417 5416 5449
f 5419 5418 5451
f 5459 5458 5396
f 5369 5368 5397
f 5460 5397 5458
f 5451 5468 5452
f 5480 5370 5460
f 5458 5397 5396
f 5461 5469 5473
f 5371 5475 5372
f 5452 5467 5472
f 5459 5396 5395
f 5395 5470 5459
f 5372 5477 5373
f 5374 5373 5462
f 5471 5454 5453
f 5397 5460 5369
f 5376 5375 5374
f 5374 5462 5478
f 5469 5371 5370
f 5476 5477 5475
f 5457 5469 5480
f 5370 5369 5460
f 5460 5458 5457
f 5394 5454 5470
f 5346 5466 5347
f 5451 5450 5465
f 5470 5471 5459
f 5457 5459 5474
f 5479 5455 5456
f 5448 5464 5449
f 5475 5461 5476
f 5466 5465 5347
f 5465 5468 5451
f 5464 5479 5463
f 5466 5346 5476
f 5465 5463 5347
f 5463 5479 5347
f 5449 5463 5450
f 5449 5464 5463
f 5376 5478 5456
f 5448 5455 5464
f 5465 5450 5463
f 5346 5347 5479
f 5456 5478 5479
f 5459 5457 5458
f 5466 5461 5467
f 5466 5467 5468
f 5466 5468 5465
f 5452 5468 5467
f 5474 5473 5457
f 5475 5469 5461
f 5394 5470 5395
f 5471 5470 5454
f 5472 5471 5453
f 5459 5471 5474
f 5452 5472 5453
f 5472 5467 5473
f 5461 5473 5467
f 5457 5473 5469
f 5471 5472 5474
f 5473 5474 5472
f 5469 5475 5371
f 5461 5466 5476
f 5346 5462 5476
f 5462 5373 5477
f 5475 5477 5372
f 5462 5477 5476
f 5374 5478 5376
f 5479 5478 5462
f 5346 5479 5462
f 5479 5464 5455
f 5457 5480 5460
f 5469 5370 5480
f 5702 5644 4300
f 480 479 5702
f 4299 4300 5644
f 5566 5644 5565
f 5568 5645 5567
f 4297 4298 5645
f 5570 5646 5569
f 4295 4296 5646
f 4297 5647 4296
f 5647 5646 4296
f 4299 5648 4298
f 5648 5645 4298
f 5569 5647 5568
f 4293 4294 5649
f 5567 5648 5566
f 4291 4292 5650
f 4293 5651 4292
f 5644 5648 4299
f 5572 5649 5571
f 4289 4290 5652
f 5574 5650 5573
f 4287 4288 5653
f 4289 5654 4288
f 5651 5650 4292
f 4291 5655 4290
f 5656 5649 4294
f 4295 5656 4294
f 5645 5647 4297
f 5573 5651 5572
f 4285 4286 5657
f 5576 5652 5575
f 4283 4284 5658
f 4285 5659 4284
f 5655 5652 4290
f 5578 5653 5577
f 4281 4282 5660
f 5577 5654 5576
f 4279 4280 5661
f 4281 5662 4280
f 5652 5654 4289
f 4283 5663 4282
f 5654 5653 4288
f 5575 5655 5574
f 4277 4278 5664
f 5571 5656 5570
f 4275 4276 5665
f 4277 5666 4276
f 5646 5656 4295
f 5580 5657 5579
f 4273 4274 5667
f 5582 5658 5581
f 4271 4272 5668
f 4273 5669 4272
f 5659 5658 4284
f 4275 5670 4274
f 5672 5657 4286
f 4279 5671 4278
f 5650 5655 4291
f 4287 5672 4286
f 5649 5651 4293
f 5648 5644 5566
f 5702 478 5565
f 5566 5565 5673
f 5645 5648 5567
f 5645 5568 5647
f 5568 5567 5674
f 5646 5570 5656
f 5570 5569 5675
f 5568 5676 5569
f 5647 5569 5646
f 5566 5677 5567
f 5649 5656 5571
f 5649 5572 5651
f 5572 5571 5678
f 5650 5574 5655
f 5574 5573 5679
f 5572 5680 5573
f 5651 5573 5650
f 5652 5576 5654
f 5576 5575 5681
f 5653 5578 5672
f 5578 5577 5682
f 5576 5683 5577
f 5654 5577 5653
f 5574 5684 5575
f 5655 5575 5652
f 5570 5685 5571
f 5657 5672 5579
f 5657 5580 5659
f 5580 5579 5686
f 5658 5582 5663
f 5582 5581 5687
f 5580 5688 5581
f 5659 5581 5658
f 5660 5584 5662
f 5584 5583 5689
f 5661 5586 5671
f 5586 5585 5690
f 5584 5691 5585
f 5662 5585 5661
f 5582 5692 5583
f 5663 5583 5660
f 5664 5588 5666
f 5588 5587 5693
f 5665 5590 5670
f 5590 5589 5694
f 5588 5695 5589
f 5666 5589 5665
f 5667 5592 5669
f 5592 5591 5696
f 5668 5594 5703
f 5594 5593 5697
f 5592 5698 5593
f 5669 5593 5668
f 5590 5699 5591
f 5670 5591 5667
f 5586 5700 5587
f 5671 5587 5664
f 5578 5701 5579
f 5702 5565 5644
f 5728 4243 5731
f 4271 5703 4270
f 5581 5659 5580
f 4269 4270 5704
f 4268 4269 5705
f 5663 5660 4282
f 5662 5661 4280
f 4266 4267 5706
f 5660 5662 4281
f 4264 4265 5707
f 4266 5708 4265
f 5586 5661 5585
f 4268 5709 4267
f 5584 5660 5583
f 5658 5663 4283
f 4262 4263 5710
f 5671 5664 4278
f 4260 4261 5711
f 4262 5712 4261
f 5583 5663 5582
f 5666 5665 4276
f 5715 5713 5606
f 5664 5666 4277
f 5733 5714 5608
f 4257 4258 5715
f 5590 5665 5589
f 4259 4260 5716
f 5588 5664 5587
f 4264 5717 4263
f 5585 5662 5584
f 5667 4274 5670
f 5720 5718 5610
f 5668 4272 5669
f 5724 5719 5612
f 4253 4254 5720
f 5592 5667 5591
f 5667 5669 4273
f 5723 5721 5614
f 5665 5670 4275
f 5732 5722 5616
f 4249 4250 5723
f 5669 5592 5593
f 4251 4252 5724
f 5594 5668 5593
f 5661 5671 4279
f 5727 5725 5618
f 5653 5672 4287
f 5731 5726 5620
f 4245 4246 5727
f 5587 5671 5586
f 5673 5565 5764
f 5730 5728 5622
f 5674 5567 5677
f 5743 5729 5624
f 4241 4242 5730
f 5677 5673 5482
f 4243 4244 5731
f 5579 5672 5578
f 4247 4248 5732
f 5670 5590 5591
f 4255 4256 5733
f 5589 5666 5588
f 5705 5596 5709
f 5595 5705 5704
f 5596 5595 5734
f 5736 5735 5626
f 5685 5675 5486
f 4238 5736 4237
f 5675 5676 5485
f 4234 4235 5737
f 4236 5738 4235
f 5676 5568 5674
f 5598 5706 5597
f 5675 5569 5676
f 5708 5598 5599
f 5598 5597 5739
f 5717 5600 5601
f 5600 5599 5740
f 5598 5741 5599
f 5707 5599 5600
f 5712 5602 5603
f 5602 5601 5742
f 4240 5743 4239
f 5604 5603 5744
f 5602 5745 5603
f 5711 5603 5604
f 5600 5746 5601
f 5710 5601 5602
f 5596 5747 5597
f 4236 4237 5748
f 5674 5677 5483
f 5751 5749 5632
f 5680 5678 5488
f 5755 5750 5634
f 4231 4232 5751
f 5678 5571 5685
f 5684 5679 5490
f 5754 5752 5636
f 5679 5680 5489
f 5761 5753 5638
f 4227 4228 5754
f 5680 5572 5678
f 4229 4230 5755
f 5679 5573 5680
f 5683 5681 5492
f 5758 5756 5640
f 5701 5682 5494
f 5760 5757 5642
f 4223 4224 5758
f 5682 5577 5683
f 5682 5683 5493
f 68 5759 5564
f 5681 5684 5491
f 68 4221 5759
f 5759 5760 5643
f 5684 5574 5679
f 5756 5761 5639
f 5683 5576 5681
f 5749 5762 5631
f 5681 5575 5684
f 5605 5716 5604
f 5677 5566 5673
f 5704 5703 5594
f 5676 5674 5484
f 5594 5763 5595
f 5657 5659 4285
f 480 5764 479
f 5726 5727 5619
f 5727 4246 5725
f 480 5481 5764
f 5673 5481 5482
f 4244 4245 5726
f 5674 5483 5484
f 4246 4247 5725
f 5725 4247 5732
f 5677 5482 5483
f 5726 4245 5727
f 5485 5676 5484
f 5675 5485 5486
f 5724 4252 5719
f 5678 5487 5488
f 5723 4250 5721
f 5722 5723 5615
f 5685 5486 5487
f 5679 5489 5490
f 4248 4249 5722
f 5681 5491 5492
f 4250 4251 5721
f 5721 4251 5724
f 5684 5490 5491
f 5722 4249 5723
f 5680 5488 5489
f 5721 5724 5613
f 5493 5683 5492
f 5606 5713 5605
f 5765 5605 5773
f 5608 5714 5607
f 5766 5607 5767
f 5607 5606 5767
f 5607 5715 5606
f 5610 5718 5609
f 5768 5609 5771
f 5612 5719 5611
f 5769 5611 5770
f 5611 5610 5770
f 5611 5720 5610
f 5609 5608 5771
f 5609 5733 5608
f 5496 5686 5495
f 5720 4254 5718
f 5498 5687 5497
f 4252 4253 5719
f 5719 4253 5720
f 5497 5688 5496
f 5690 5501 5502
f 5692 5498 5499
f 5612 5772 5613
f 5710 5717 5601
f 4254 4255 5718
f 5500 5689 5499
f 5718 4255 5733
f 5495 5701 5494
f 5494 5682 5493
f 5613 5724 5612
f 5719 5720 5611
f 5764 478 479
f 5691 5500 5501
f 5713 5716 5605
f 5716 4260 5711
f 5700 5502 5503
f 5695 5504 5505
f 5715 4258 5713
f 5699 5506 5507
f 4256 4257 5714
f 5714 4257 5715
f 5694 5505 5506
f 5714 5715 5607
f 5693 5503 5504
f 5698 5508 5509
f 4258 4259 5713
f 5510 5763 5697
f 5712 4262 5710
f 5711 5712 5603
f 5697 5509 5510
f 5734 5513 5747
f 5711 4261 5712
f 5739 5515 5741
f 5710 4263 5717
f 5712 5710 5602
f 5747 5514 5739
f 5716 5711 5604
f 5734 5511 5512
f 5713 4259 5716
f 5696 5507 5508
f 5740 5517 5746
f 5705 5709 4268
f 5742 5519 5745
f 5708 4266 5706
f 5707 5708 5599
f 5746 5518 5742
f 5604 5744 5521
f 5707 4265 5708
f 5521 5522 5773
f 5706 4267 5709
f 5708 5706 5598
f 5773 5604 5521
f 5717 5707 5600
f 5745 5520 5744
f 5766 5767 5524
f 5704 5705 4269
f 5768 5771 5526
f 5703 5704 4270
f 5705 5595 5596
f 5771 5766 5525
f 5769 5770 5528
f 5668 5703 4271
f 5774 5772 5530
f 480 5702 4300
f 478 5702 479
f 5772 5769 5529
f 5704 5594 5595
f 5770 5768 5527
f 5709 5596 5597
f 5767 5765 5523
f 5706 5709 5597
f 5741 5516 5740
f 5717 4264 5707
f 5613 5774 5614
f 5615 5723 5614
f 5615 5614 5775
f 5616 5615 5776
f 5616 5722 5615
f 5618 5725 5617
f 5618 5617 5777
f 5620 5726 5619
f 5620 5619 5778
f 5618 5779 5619
f 5619 5727 5618
f 5616 5780 5617
f 5617 5732 5616
f 5622 5728 5621
f 5622 5621 5781
f 5624 5729 5623
f 5624 5623 5782
f 5622 5783 5623
f 5623 5730 5622
f 5626 5735 5625
f 5626 5625 5784
f 5628 5748 5627
f 5628 5627 5785
f 5626 5786 5627
f 5627 5736 5626
f 5624 5787 5625
f 5625 5743 5624
f 5620 5788 5621
f 5621 5731 5620
f 5630 5737 5629
f 5630 5629 5789
f 5632 5749 5631
f 5632 5631 5790
f 5630 5791 5631
f 5631 5762 5630
f 5634 5750 5633
f 5634 5633 5792
f 5636 5752 5635
f 5636 5635 5793
f 5634 5794 5635
f 5635 5755 5634
f 5632 5795 5633
f 5633 5751 5632
f 5638 5753 5637
f 5638 5637 5796
f 5640 5756 5639
f 5640 5639 5797
f 5638 5798 5639
f 5639 5761 5638
f 5642 5757 5641
f 5642 5641 5799
f 5563 5564 5759
f 5643 5804 5563
f 5642 5800 5643
f 5643 5760 5642
f 5640 5801 5641
f 5641 5758 5640
f 5636 5802 5637
f 5637 5754 5636
f 5628 5803 5629
f 5629 5738 5628
f 5776 5533 5780
f 5701 5578 5682
f 5777 5535 5779
f 5700 5586 5690
f 5693 5700 5503
f 5780 5534 5777
f 5778 5537 5788
f 5699 5590 5694
f 5781 5539 5783
f 5698 5592 5696
f 5697 5698 5509
f 5788 5538 5781
f 5696 5699 5507
f 5779 5536 5778
f 5782 5541 5787
f 5697 5593 5698
f 5784 5543 5786
f 5696 5591 5699
f 5698 5696 5508
f 5787 5542 5784
f 5785 5545 5803
f 5695 5588 5693
f 5789 5547 5791
f 5694 5589 5695
f 5699 5694 5506
f 5803 5546 5789
f 5694 5695 5505
f 5786 5544 5785
f 5763 5510 5511
f 5783 5540 5782
f 5790 5549 5795
f 5693 5587 5700
f 5792 5551 5794
f 5692 5582 5687
f 5689 5692 5499
f 5795 5550 5792
f 5802 5793 5553
f 5552 5793 5794
f 5802 5554 5796
f 5700 5690 5502
f 5691 5584 5689
f 5798 5796 5555
f 5690 5691 5501
f 5548 5790 5791
f 5798 5556 5797
f 5691 5689 5500
f 5801 5558 5799
f 5687 5688 5497
f 5689 5583 5692
f 5797 5557 5801
f 5800 5560 5804
f 5692 5687 5498
f 5561 5562 5804
f 5688 5686 5496
f 5687 5581 5688
f 5804 5643 5800
f 5688 5580 5686
f 5799 5559 5800
f 5690 5585 5691
f 5686 5579 5701
f 5695 5693 5504
f 5775 5532 5776
f 5531 5775 5774
f 5678 5685 5487
f 5686 5701 5495
f 5614 5721 5613
f 4242 4243 5728
f 5685 5570 5675
f 4240 4241 5729
f 5729 4241 5730
f 5730 4242 5728
f 5729 5730 5623
f 5731 4244 5726
f 5728 5731 5621
f 5732 4248 5722
f 5725 5732 5617
f 5733 4256 5714
f 5718 5733 5609
f 5734 5595 5763
f 5513 5734 5512
f 4238 4239 5735
f 5735 4239 5743
f 5736 4238 5735
f 5748 5736 5627
f 5737 4235 5738
f 5762 5737 5630
f 5738 4236 5748
f 5737 5738 5629
f 5739 5597 5747
f 5515 5739 5514
f 5741 5740 5599
f 5517 5740 5516
f 5739 5741 5598
f 5516 5741 5515
f 5746 5742 5601
f 5519 5742 5518
f 5743 4240 5729
f 5735 5743 5625
f 5745 5744 5603
f 5521 5744 5520
f 5742 5745 5602
f 5520 5745 5519
f 5740 5746 5600
f 5518 5746 5517
f 5734 5747 5596
f 5747 5513 5514
f 5748 4237 5736
f 5738 5748 5628
f 4232 4233 5749
f 5749 4233 5762
f 4230 4231 5750
f 5750 4231 5751
f 5751 4232 5749
f 5750 5751 5633
f 4228 4229 5752
f 5752 4229 5755
f 4226 4227 5753
f 5753 4227 5754
f 5754 4228 5752
f 5753 5754 5637
f 5755 4230 5750
f 5752 5755 5635
f 4224 4225 5756
f 5756 4225 5761
f 4222 4223 5757
f 5757 4223 5758
f 5758 4224 5756
f 5757 5758 5641
f 5760 5759 4221
f 5563 5759 5643
f 4221 4222 5760
f 5760 4222 5757
f 4225 4226 5761
f 5761 4226 5753
f 4233 4234 5762
f 5762 4234 5737
f 5697 5763 5594
f 5734 5763 5511
f 5673 5764 5481
f 478 5764 5565
f 5523 5765 5522
f 5606 5605 5765
f 5525 5766 5524
f 5608 5607 5766
f 5765 5767 5606
f 5524 5767 5523
f 5527 5768 5526
f 5610 5609 5768
f 5529 5769 5528
f 5612 5611 5769
f 5768 5770 5610
f 5528 5770 5527
f 5766 5771 5608
f 5526 5771 5525
f 5769 5772 5612
f 5530 5772 5529
f 5765 5773 5522
f 5604 5773 5605
f 5772 5774 5613
f 5531 5774 5530
f 5774 5775 5614
f 5532 5775 5531
f 5775 5776 5615
f 5533 5776 5532
f 5780 5777 5617
f 5535 5777 5534
f 5779 5778 5619
f 5537 5778 5536
f 5777 5779 5618
f 5536 5779 5535
f 5776 5780 5616
f 5534 5780 5533
f 5788 5781 5621
f 5539 5781 5538
f 5783 5782 5623
f 5541 5782 5540
f 5781 5783 5622
f 5540 5783 5539
f 5787 5784 5625
f 5543 5784 5542
f 5786 5785 5627
f 5545 5785 5544
f 5784 5786 5626
f 5544 5786 5543
f 5782 5787 5624
f 5542 5787 5541
f 5778 5788 5620
f 5538 5788 5537
f 5803 5789 5629
f 5547 5789 5546
f 5791 5790 5631
f 5549 5790 5548
f 5789 5791 5630
f 5548 5791 5547
f 5795 5792 5633
f 5551 5792 5550
f 5794 5793 5635
f 5553 5793 5552
f 5792 5794 5634
f 5552 5794 5551
f 5790 5795 5632
f 5550 5795 5549
f 5802 5796 5637
f 5555 5796 5554
f 5798 5797 5639
f 5557 5797 5556
f 5796 5798 5638
f 5556 5798 5555
f 5801 5799 5641
f 5559 5799 5558
f 5799 5800 5642
f 5560 5800 5559
f 5797 5801 5640
f 5558 5801 5557
f 5793 5802 5636
f 5554 5802 5553
f 5785 5803 5628
f 5546 5803 5545
f 5561 5804 5560
f 5563 5804 5562
f 5849 5861 5850
f 5519 5518 5517
f 5517 5835 5519
f 5855 5837 5934
f 5896 5516 5515
f 5848 5855 5816
f 5515 5514 5896
f 5835 5517 5516
f 5520 5519 5835
f 5870 5873 5871
f 5872 5869 5877
f 5900 5813 5814
f 5885 5506 5505
f 5896 5512 5511
f 5522 5521 5961
f 5929 5930 5899
f 5538 5843 5539
f 5525 5958 5526
f 5853 5854 5814
f 5526 5960 5527
f 5958 5525 5961
f 5933 5900 5851
f 5526 5958 5960
f 5869 5864 5908
f 5514 5513 5896
f 475 474 5864
f 5855 5848 5837
f 5854 5852 5815
f 5836 5510 5509
f 5511 5510 5836
f 5836 5507 5506
f 5894 5821 5893
f 5509 5508 5507
f 5878 5879 5875
f 5509 5507 5836
f 5870 5872 5876
f 5492 5491 5910
f 5520 5835 5961
f 5903 5905 5906
f 5960 5839 5530
f 5839 5532 5531
f 5952 5843 5828
f 5960 5530 5529
f 5841 5828 5843
f 5929 5828 5841
f 5839 5531 5530
f 5839 5533 5532
f 5836 5896 5511
f 5896 5836 5895
f 5890 5895 5822
f 5524 5523 5961
f 5867 5847 5859
f 5829 5863 5909
f 5817 5816 5868
f 5535 5811 5536
f 5536 5811 5537
f 5847 5858 5859
f 5926 467 466
f 5884 5503 5502
f 5843 5537 5811
f 5815 5816 5855
f 5539 5843 5540
f 5841 5843 5811
f 5813 5853 5814
f 5811 5535 5534
f 5957 5545 5932
f 5928 5833 5852
f 5540 5843 5952
f 5540 5952 5541
f 5826 5926 5925
f 5808 5917 5809
f 5828 5929 5951
f 5901 5944 5933
f 5952 5543 5542
f 5544 5543 5952
f 5885 5884 5836
f 5952 5932 5544
f 5826 5858 468
f 5538 5537 5843
f 5812 5842 5841
f 5957 5950 5549
f 5950 5957 5949
f 5921 464 599
f 5878 5880 5873
f 5549 5950 5550
f 5957 5548 5547
f 5944 5906 5907
f 5550 5955 5551
f 5554 5955 5954
f 5812 5838 5840
f 5544 5932 5545
f 5529 5528 5960
f 5883 5926 5924
f 5554 5553 5955
f 5840 5897 5898
f 5556 5555 5954
f 5954 5914 5556
f 5829 5871 5865
f 5863 475 5856
f 5913 5805 5914
f 5483 5857 5484
f 5560 5559 5914
f 5805 5561 5560
f 5849 5850 5831
f 5881 5913 5914
f 5857 5829 5865
f 5811 5812 5841
f 5862 5814 5815
f 5534 5533 5811
f 5847 470 469
f 5503 5885 5504
f 5856 5864 5869
f 5871 5829 5909
f 5889 5890 5822
f 5494 5880 5495
f 5880 5498 5497
f 5873 5910 5871
f 5852 5854 5928
f 5493 5873 5494
f 5853 5840 5834
f 5873 5880 5494
f 5839 5838 5811
f 469 5858 5847
f 5490 5910 5491
f 5842 5812 5813
f 5902 5858 5826
f 5521 5520 5961
f 5884 5502 5501
f 5822 5836 5884
f 5959 5835 5890
f 5884 5501 5956
f 5854 5853 5834
f 5886 5889 5822
f 5812 5840 5813
f 5850 5868 5860
f 5499 5498 5956
f 5880 5497 5496
f 5840 5853 5813
f 5483 5482 5866
f 5852 5833 5860
f 5848 5845 5830
f 5857 5866 5844
f 5481 480 479
f 5866 5857 5483
f 5482 5481 5866
f 478 5866 5481
f 5844 5866 477
f 5815 5814 5854
f 5847 5867 5830
f 478 5481 479
f 5865 5487 5486
f 5894 5893 5888
f 5865 5489 5488
f 5860 5868 5852
f 5488 5487 5865
f 5827 5838 5839
f 5857 5486 5485
f 5847 5846 470
f 5484 5857 5485
f 5869 5872 5909
f 478 477 5866
f 5865 5486 5857
f 5845 5846 5830
f 5489 5910 5490
f 5489 5865 5910
f 5837 5867 5859
f 5852 5868 5816
f 5844 477 476
f 5819 5947 5948
f 5960 5958 5827
f 5838 5827 5840
f 5806 5913 5916
f 5845 5818 5846
f 5850 5818 5817
f 5848 5816 5817
f 5860 5912 5911
f 5845 5848 5817
f 5815 5852 5816
f 5811 5838 5812
f 5845 5817 5818
f 5557 5556 5914
f 5900 5814 5862
f 5857 5844 5829
f 5842 5929 5841
f 5859 5902 5903
f 5936 5919 5920
f 5811 5533 5839
f 5913 5806 5805
f 5826 5925 5902
f 5806 5916 5807
f 5919 5918 5882
f 5851 5862 5855
f 5844 5863 5829
f 5864 5856 475
f 5861 5849 473
f 5863 5856 5909
f 475 5863 476
f 5861 472 5818
f 5846 471 470
f 5855 5862 5815
f 5846 5847 5830
f 472 5861 473
f 5818 5850 5861
f 472 471 5818
f 5900 5862 5851
f 5826 468 467
f 464 5824 5943
f 476 5863 5844
f 5922 5917 5882
f 5897 5840 5827
f 5830 5867 5848
f 5921 599 5923
f 5846 5818 471
f 5926 466 5943
f 75 5810 598
f 5933 5934 5901
f 5831 5850 5860
f 5820 5879 5876
f 5926 5883 5925
f 5923 5810 5922
f 5817 5868 5850
f 5849 474 473
f 474 5849 5864
f 5867 5837 5848
f 5908 5849 5831
f 5884 5885 5503
f 5831 5860 5911
f 468 5858 469
f 5870 5871 5872
f 5873 5870 5878
f 5493 5492 5873
f 5911 5877 5869
f 5874 5912 5927
f 5884 5886 5822
f 5880 5956 5498
f 5877 5876 5872
f 5820 5876 5874
f 5911 5869 5831
f 5876 5877 5874
f 5879 5878 5870
f 5878 5875 5880
f 5876 5879 5870
f 5887 5886 5875
f 5956 5880 5875
f 5495 5880 5496
f 5955 5953 5954
f 5920 5919 5882
f 5941 5807 5915
f 5823 5924 5918
f 5935 5936 5939
f 5925 5825 5902
f 5956 5501 5500
f 5884 5956 5886
f 5506 5885 5836
f 5504 5885 5505
f 5887 5875 5879
f 5886 5891 5889
f 5879 5820 5887
f 5888 5893 5889
f 5887 5820 5891
f 5891 5892 5888
f 5891 5886 5887
f 5889 5893 5890
f 5959 5890 5821
f 5895 5890 5835
f 5891 5820 5892
f 5889 5891 5888
f 5927 5892 5820
f 5834 5892 5928
f 5894 5888 5892
f 5821 5890 5893
f 5892 5834 5894
f 5898 5894 5834
f 5896 5895 5835
f 5836 5822 5895
f 5835 5516 5896
f 5896 5513 5512
f 5958 5897 5827
f 5821 5894 5898
f 5840 5898 5834
f 5821 5898 5897
f 5832 5931 5899
f 5957 5549 5548
f 5930 5900 5832
f 5813 5900 5842
f 5903 5837 5859
f 5819 5944 5907
f 5903 5902 5825
f 5858 5902 5859
f 5903 5825 5905
f 5837 5903 5906
f 5905 5825 5935
f 5935 5883 5924
f 5935 5825 5883
f 5906 5905 5904
f 5907 5906 5904
f 5906 5901 5837
f 5907 5904 5939
f 5819 5931 5944
f 5849 5908 5864
f 5831 5869 5908
f 5869 5909 5856
f 5871 5909 5872
f 5871 5910 5865
f 5910 5873 5492
f 5912 5860 5833
f 5877 5911 5874
f 5912 5833 5927
f 5874 5911 5912
f 5560 5914 5805
f 5916 5913 5940
f 5559 5558 5914
f 5557 5914 5558
f 5946 5947 5938
f 5807 5941 5808
f 5940 5913 5881
f 5807 5916 5915
f 5941 5917 5808
f 5922 5882 5918
f 5921 5918 5824
f 5922 5809 5917
f 5941 5942 5882
f 5823 5918 5919
f 5920 5938 5937
f 5939 5937 5819
f 464 5921 5824
f 599 598 5923
f 5809 5922 5810
f 5918 5921 5922
f 5810 5923 598
f 5921 5923 5922
f 5918 5924 5824
f 5935 5924 5823
f 5826 467 5926
f 5883 5825 5925
f 5943 466 465
f 5924 5926 5824
f 5927 5820 5874
f 5928 5927 5833
f 5834 5928 5854
f 5927 5928 5892
f 5930 5929 5842
f 5951 5929 5899
f 5900 5930 5842
f 5832 5899 5930
f 5944 5832 5933
f 5937 5938 5947
f 5819 5948 5931
f 5545 5957 5546
f 5900 5933 5832
f 5934 5933 5851
f 5855 5934 5851
f 5837 5901 5934
f 5936 5935 5823
f 5905 5935 5904
f 5919 5936 5823
f 5936 5920 5937
f 5942 5938 5920
f 5819 5907 5939
f 5915 5940 5938
f 5940 5946 5938
f 5935 5939 5904
f 5936 5937 5939
f 5916 5940 5915
f 5881 5953 5946
f 5942 5941 5915
f 5917 5941 5882
f 5938 5942 5915
f 5882 5942 5920
f 464 5943 465
f 5824 5926 5943
f 5944 5901 5906
f 5931 5832 5944
f 5552 5955 5553
f 5951 5948 5949
f 5881 5946 5940
f 5946 5945 5947
f 5947 5945 5948
f 5937 5947 5819
f 5949 5948 5945
f 5931 5948 5951
f 5950 5949 5945
f 5951 5949 5932
f 5950 5945 5953
f 5550 5950 5955
f 5828 5951 5932
f 5951 5899 5931
f 5952 5542 5541
f 5828 5932 5952
f 5946 5953 5945
f 5953 5881 5954
f 5914 5954 5881
f 5554 5954 5555
f 5551 5955 5552
f 5953 5955 5950
f 5499 5956 5500
f 5886 5956 5875
f 5546 5957 5547
f 5949 5957 5932
f 5525 5524 5961
f 5958 5959 5897
f 5897 5959 5821
f 5959 5958 5961
f 5839 5960 5827
f 5527 5960 5528
f 5522 5961 5523
f 5959 5961 5835
f 6182 6125 5962
f 1848 1849 6182
f 5963 5962 6125
f 6047 6125 6046
f 6049 6126 6048
f 5965 5964 6126
f 6051 6127 6050
f 5967 5966 6127
f 5965 6128 5966
f 6128 6127 5966
f 5963 6129 5964
f 6129 6126 5964
f 6050 6128 6049
f 5969 5968 6130
f 6048 6129 6047
f 5971 5970 6131
f 5969 6132 5970
f 6125 6129 5963
f 6053 6130 6052
f 5973 5972 6133
f 6055 6131 6054
f 5975 5974 6134
f 5973 6135 5974
f 6132 6131 5970
f 5971 6136 5972
f 6137 6130 5968
f 5967 6137 5968
f 6126 6128 5965
f 6054 6132 6053
f 5977 5976 6138
f 6057 6133 6056
f 5979 5978 6139
f 5977 6140 5978
f 6136 6133 5972
f 6059 6134 6058
f 5981 5980 6141
f 6058 6135 6057
f 5983 5982 6142
f 5981 6143 5982
f 6133 6135 5973
f 5979 6144 5980
f 6135 6134 5974
f 6056 6136 6055
f 5985 5984 6145
f 6052 6137 6051
f 5987 5986 6146
f 5985 6147 5986
f 6127 6137 5967
f 6061 6138 6060
f 5989 5988 6148
f 6063 6139 6062
f 5991 5990 6149
f 5989 6150 5990
f 6140 6139 5978
f 5987 6151 5988
f 6153 6138 5976
f 5983 6152 5984
f 6131 6136 5971
f 5975 6153 5976
f 6130 6132 5969
f 1850 6046 6182
f 6209 6020 6207
f 1850 1849 6253
f 6129 6125 6047
f 6129 6048 6126
f 6048 6047 6154
f 6128 6050 6127
f 6050 6049 6155
f 6048 6156 6049
f 6126 6049 6128
f 6046 6157 6047
f 6137 6127 6051
f 6137 6052 6130
f 6052 6051 6158
f 6132 6054 6131
f 6054 6053 6159
f 6052 6160 6053
f 6130 6053 6132
f 6136 6056 6133
f 6056 6055 6161
f 6135 6058 6134
f 6058 6057 6162
f 6056 6163 6057
f 6133 6057 6135
f 6054 6164 6055
f 6131 6055 6136
f 6050 6165 6051
f 6153 6134 6059
f 6153 6060 6138
f 6060 6059 6166
f 6140 6062 6139
f 6062 6061 6167
f 6060 6168 6061
f 6138 6061 6140
f 6144 6064 6141
f 6064 6063 6169
f 6143 6066 6142
f 6066 6065 6170
f 6064 6171 6065
f 6141 6065 6143
f 6062 6172 6063
f 6139 6063 6144
f 6152 6068 6145
f 6068 6067 6173
f 6147 6070 6146
f 6070 6069 6174
f 6068 6175 6069
f 6145 6069 6147
f 6151 6072 6148
f 6072 6071 6176
f 6150 6074 6149
f 6074 6073 6177
f 6072 6178 6073
f 6148 6073 6150
f 6070 6179 6071
f 6146 6071 6151
f 6066 6180 6067
f 6142 6067 6152
f 6058 6181 6059
f 6125 6182 6046
f 6208 6209 6104
f 6075 6242 6149
f 6062 6140 6061
f 5993 5992 6183
f 5994 5993 6184
f 6144 6141 5980
f 6143 6142 5982
f 5996 5995 6185
f 6141 6143 5981
f 5998 5997 6186
f 5996 6187 5997
f 6067 6142 6066
f 5994 6188 5995
f 6065 6141 6064
f 6139 6144 5979
f 6000 5999 6189
f 6152 6145 5984
f 6195 6190 6085
f 6000 6191 6001
f 6064 6144 6063
f 6147 6146 5986
f 6194 6192 6087
f 6145 6147 5985
f 6212 6193 6089
f 6005 6004 6194
f 6071 6146 6070
f 6003 6002 6195
f 6069 6145 6068
f 5998 6196 5999
f 6066 6143 6065
f 6151 6148 5988
f 6199 6197 6091
f 6149 5990 6150
f 6203 6198 6093
f 6009 6008 6199
f 6073 6148 6072
f 6148 6150 5989
f 6202 6200 6095
f 6146 6151 5987
f 6211 6201 6097
f 6013 6012 6202
f 6150 6073 6074
f 6011 6010 6203
f 6075 6149 6074
f 6142 6152 5983
f 6206 6204 6099
f 6134 6153 5975
f 6210 6205 6101
f 6017 6016 6206
f 6068 6152 6067
f 6154 6047 6157
f 6209 6207 6103
f 6155 6049 6156
f 6222 6208 6105
f 6021 6020 6209
f 6156 6154 3397
f 6019 6018 6210
f 6060 6153 6059
f 6015 6014 6211
f 6072 6151 6071
f 6007 6006 6212
f 6070 6147 6069
f 6184 6183 6077
f 6242 6076 6183
f 6076 6075 6213
f 6215 6214 6107
f 6155 6156 3396
f 6024 6215 6025
f 6154 6157 3398
f 6028 6027 6216
f 6026 6217 6027
f 6157 6046 6253
f 6184 6077 6188
f 6156 6048 6154
f 6185 6078 6079
f 6078 6077 6218
f 6186 6080 6081
f 6080 6079 6219
f 6078 6220 6079
f 6079 6187 6185
f 6189 6082 6083
f 6082 6081 6221
f 6022 6222 6023
f 6084 6083 6223
f 6082 6224 6083
f 6191 6083 6084
f 6080 6225 6081
f 6196 6081 6082
f 6076 6226 6077
f 6026 6025 6227
f 6160 6158 3393
f 6230 6228 6113
f 6164 6159 3391
f 6234 6229 6115
f 6031 6030 6230
f 6159 6053 6160
f 6159 6160 3392
f 6233 6231 6117
f 6163 6161 3389
f 6240 6232 6119
f 6035 6034 6233
f 6161 6055 6164
f 6033 6032 6234
f 6160 6052 6158
f 6181 6162 3387
f 6237 6235 6121
f 6162 6163 3388
f 6239 6236 6123
f 6039 6038 6237
f 6163 6056 6161
f 6161 6164 3390
f 6042 6238 6043
f 6158 6165 3394
f 6042 6041 6238
f 6238 6239 6124
f 6165 6050 6155
f 6235 6240 6120
f 6164 6054 6159
f 6228 6241 6112
f 6162 6057 6163
f 6084 6085 6190
f 6158 6051 6165
f 5992 5991 6242
f 6165 6155 3395
f 6074 6243 6075
f 6138 6140 5977
f 1848 3399 6253
f 6022 6021 6208
f 6207 6019 6210
f 3398 6157 3399
f 6154 3398 3397
f 6205 6206 6100
f 6155 3396 3395
f 6205 6017 6206
f 6206 6016 6204
f 6156 3397 3396
f 6020 6019 6207
f 3394 6165 3395
f 6158 3394 3393
f 6204 6015 6211
f 6159 3392 3391
f 6200 6203 6094
f 6016 6015 6204
f 6160 3393 3392
f 6161 3390 3389
f 6201 6202 6096
f 6162 3388 3387
f 6201 6013 6202
f 6202 6012 6200
f 6163 3389 3388
f 6203 6010 6198
f 6164 3391 3390
f 6018 6017 6205
f 3386 6181 3387
f 6086 6195 6085
f 6244 6085 6254
f 6088 6194 6087
f 6245 6087 6246
f 6087 6086 6246
f 6087 6192 6086
f 6090 6212 6089
f 6247 6089 6250
f 6092 6199 6091
f 6248 6091 6249
f 6091 6090 6249
f 6091 6197 6090
f 6089 6088 6250
f 6089 6193 6088
f 3383 6167 3384
f 6200 6011 6203
f 3382 3381 6169
f 6198 6199 6092
f 6012 6011 6200
f 3382 6172 3383
f 6094 6203 6093
f 6251 6093 6252
f 6092 6252 6093
f 6198 6009 6199
f 6171 3381 3380
f 3379 6170 3380
f 6199 6008 6197
f 3384 6168 3385
f 3385 6166 3386
f 6093 6198 6092
f 6014 6013 6201
f 6253 3399 6157
f 6180 3379 3378
f 6197 6007 6212
f 6008 6007 6197
f 6173 3378 3377
f 6174 3376 3375
f 6196 5998 6186
f 6176 3374 3373
f 6195 6002 6190
f 6192 6195 6086
f 6179 3375 3374
f 6189 6196 6082
f 6175 3377 3376
f 6177 3372 3371
f 6194 6004 6192
f 6213 3370 3369
f 6006 6005 6193
f 6193 6005 6194
f 3371 6243 6177
f 6226 3367 6218
f 6004 6003 6192
f 6220 3365 6219
f 6191 6000 6189
f 6190 6191 6084
f 6218 3366 6220
f 6192 6003 6195
f 6213 3368 6226
f 6193 6194 6088
f 3373 6178 6176
f 6225 3363 6221
f 6002 6001 6190
f 6224 3361 6223
f 6189 5999 6196
f 6191 6189 6083
f 6221 3362 6224
f 6254 6084 6223
f 6184 6188 5994
f 6246 6244 3358
f 6185 6187 5996
f 6186 6187 6080
f 6244 6254 3359
f 6185 6188 6078
f 6223 3360 6254
f 6250 6245 3356
f 6186 5997 6187
f 6249 6247 3354
f 6185 5995 6188
f 6187 6079 6080
f 6247 6250 3355
f 6252 6248 3352
f 6183 6184 5993
f 6255 6251 3350
f 6183 5992 6242
f 6077 6183 6076
f 6251 6252 3351
f 6188 6077 6078
f 6248 6249 3353
f 6196 6186 6081
f 6245 6246 3357
f 6190 6001 6191
f 6219 3364 6225
f 6010 6009 6198
f 6094 6255 6095
f 6096 6202 6095
f 6096 6095 6256
f 6097 6096 6257
f 6097 6201 6096
f 6099 6204 6098
f 6099 6098 6258
f 6101 6205 6100
f 6101 6100 6259
f 6099 6260 6100
f 6100 6206 6099
f 6097 6261 6098
f 6098 6211 6097
f 6103 6207 6102
f 6103 6102 6262
f 6105 6208 6104
f 6105 6104 6263
f 6103 6264 6104
f 6104 6209 6103
f 6107 6214 6106
f 6107 6106 6265
f 6109 6227 6108
f 6109 6108 6266
f 6107 6267 6108
f 6108 6215 6107
f 6105 6268 6106
f 6106 6222 6105
f 6101 6269 6102
f 6102 6210 6101
f 6111 6216 6110
f 6111 6110 6270
f 6113 6228 6112
f 6113 6112 6271
f 6111 6272 6112
f 6112 6241 6111
f 6115 6229 6114
f 6115 6114 6273
f 6117 6231 6116
f 6117 6116 6274
f 6115 6275 6116
f 6116 6234 6115
f 6113 6276 6114
f 6114 6230 6113
f 6119 6232 6118
f 6119 6118 6277
f 6121 6235 6120
f 6121 6120 6278
f 6119 6279 6120
f 6120 6240 6119
f 6123 6236 6122
f 6123 6122 6280
f 6044 6043 6238
f 6124 6285 6044
f 6123 6281 6124
f 6124 6239 6123
f 6121 6282 6122
f 6122 6237 6121
f 6117 6283 6118
f 6118 6233 6117
f 6109 6284 6110
f 6110 6217 6109
f 6257 3347 6261
f 1848 6182 5962
f 6258 3345 6260
f 6181 6058 6162
f 6166 6181 3386
f 6261 3346 6258
f 6259 3343 6269
f 6180 6066 6170
f 6262 3341 6264
f 6179 6070 6174
f 6176 6179 3374
f 6269 3342 6262
f 6173 6180 3378
f 6260 3344 6259
f 6263 3339 6268
f 6176 6178 6072
f 6265 3337 6267
f 6177 6073 6178
f 6243 3371 3370
f 6268 3338 6265
f 6266 3335 6284
f 6176 6071 6179
f 6270 3333 6272
f 6175 6068 6173
f 6174 6175 3376
f 6284 3334 6270
f 6178 3373 3372
f 6267 3336 6266
f 6177 6178 3372
f 6264 3340 6263
f 6271 3331 6276
f 6174 6069 6175
f 6273 3329 6275
f 6173 6067 6180
f 6175 6173 3377
f 6276 3330 6273
f 6283 6274 3327
f 3328 6274 6275
f 6283 3326 6277
f 6170 6171 3380
f 6172 6062 6167
f 6279 6277 3325
f 6169 6172 3382
f 3332 6271 6272
f 6279 3324 6278
f 6180 6170 3379
f 6282 3322 6280
f 6171 6169 3381
f 6170 6065 6171
f 6278 3323 6282
f 6281 3320 6285
f 6167 6168 3384
f 110 6045 6285
f 6172 6167 3383
f 6168 6060 6166
f 6285 6124 6281
f 6169 6063 6172
f 6280 3321 6281
f 6171 6064 6169
f 6167 6061 6168
f 6179 6174 3375
f 6256 3348 6257
f 3349 6256 6255
f 6168 6166 3385
f 1850 6182 1849
f 6095 6200 6094
f 6208 6021 6209
f 6166 6059 6181
f 6210 6018 6205
f 6207 6210 6102
f 6211 6014 6201
f 6204 6211 6098
f 6212 6006 6193
f 6197 6212 6090
f 6213 6075 6243
f 3368 6213 3369
f 6024 6023 6214
f 6214 6023 6222
f 6215 6024 6214
f 6227 6215 6108
f 6216 6027 6217
f 6241 6216 6111
f 6217 6026 6227
f 6216 6217 6110
f 6218 6077 6226
f 3366 6218 3367
f 6220 6219 6079
f 3364 6219 3365
f 6218 6220 6078
f 3365 6220 3366
f 6225 6221 6081
f 3362 6221 3363
f 6222 6022 6208
f 6214 6222 6106
f 6224 6223 6083
f 3360 6223 3361
f 6221 6224 6082
f 3361 6224 3362
f 6219 6225 6080
f 3363 6225 3364
f 6213 6226 6076
f 6226 3368 3367
f 6227 6025 6215
f 6217 6227 6109
f 6030 6029 6228
f 6228 6029 6241
f 6032 6031 6229
f 6229 6031 6230
f 6230 6030 6228
f 6229 6230 6114
f 6034 6033 6231
f 6231 6033 6234
f 6036 6035 6232
f 6232 6035 6233
f 6233 6034 6231
f 6232 6233 6118
f 6234 6032 6229
f 6231 6234 6116
f 6038 6037 6235
f 6235 6037 6240
f 6040 6039 6236
f 6236 6039 6237
f 6237 6038 6235
f 6236 6237 6122
f 6239 6238 6041
f 6044 6238 6124
f 6041 6040 6239
f 6239 6040 6236
f 6037 6036 6240
f 6240 6036 6232
f 6029 6028 6241
f 6241 6028 6216
f 6149 6242 5991
f 6242 6075 6076
f 6177 6243 6074
f 6213 6243 3370
f 3358 6244 3359
f 6086 6085 6244
f 3356 6245 3357
f 6088 6087 6245
f 6244 6246 6086
f 3357 6246 3358
f 3354 6247 3355
f 6090 6089 6247
f 3352 6248 3353
f 6092 6091 6248
f 6247 6249 6090
f 3353 6249 3354
f 6245 6250 6088
f 3355 6250 3356
f 3350 6251 3351
f 6094 6093 6251
f 6248 6252 6092
f 3351 6252 3352
f 1850 6253 6046
f 1848 6253 1849
f 3359 6254 3360
f 6085 6084 6254
f 6251 6255 6094
f 3349 6255 3350
f 6255 6256 6095
f 3348 6256 3349
f 6256 6257 6096
f 3347 6257 3348
f 6261 6258 6098
f 3345 6258 3346
f 6260 6259 6100
f 3343 6259 3344
f 6258 6260 6099
f 3344 6260 3345
f 6257 6261 6097
f 3346 6261 3347
f 6269 6262 6102
f 3341 6262 3342
f 6264 6263 6104
f 3339 6263 3340
f 6262 6264 6103
f 3340 6264 3341
f 6268 6265 6106
f 3337 6265 3338
f 6267 6266 6108
f 3335 6266 3336
f 6265 6267 6107
f 3336 6267 3337
f 6263 6268 6105
f 3338 6268 3339
f 6259 6269 6101
f 3342 6269 3343
f 6284 6270 6110
f 3333 6270 3334
f 6272 6271 6112
f 3331 6271 3332
f 6270 6272 6111
f 3332 6272 3333
f 6276 6273 6114
f 3329 6273 3330
f 6275 6274 6116
f 3327 6274 3328
f 6273 6275 6115
f 3328 6275 3329
f 6271 6276 6113
f 3330 6276 3331
f 6283 6277 6118
f 3325 6277 3326
f 6279 6278 6120
f 3323 6278 3324
f 6277 6279 6119
f 3324 6279 3325
f 6282 6280 6122
f 3321 6280 3322
f 6280 6281 6123
f 3320 6281 3321
f 6278 6282 6121
f 3322 6282 3323
f 6274 6283 6117
f 3326 6283 3327
f 6266 6284 6109
f 3334 6284 3335
f 110 6285 3320
f 6044 6285 6045
f 1848 5962 1849
f 6363 6400 6300
f 1849 5962 1850
f 6454 6453 6445
f 1850 5962 5963
f 1850 5963 6408
f 6348 6400 6349
f 6402 6430 6428
f 6408 5965 5966
f 6292 6018 6378
f 1855 6382 6390
f 6364 6438 6377
f 6409 6408 5966
f 5966 5967 6409
f 6408 6383 1851
f 5964 6408 5963
f 6371 6299 6390
f 5968 5969 6470
f 6465 6334 6335
f 6381 6383 6366
f 6381 6388 6365
f 6402 6433 6457
f 5972 6470 5971
f 6472 5972 5973
f 6301 6376 6300
f 6366 6408 6409
f 6375 1858 6372
f 6400 6363 6293
f 6468 6472 6471
f 6468 6465 6353
f 6337 6338 6466
f 5975 6329 6472
f 6333 6478 6334
f 6330 6331 6472
f 6371 6370 6298
f 6331 6332 6471
f 6012 6376 6011
f 6380 1853 6381
f 6421 6442 6399
f 6429 6433 6402
f 6329 5976 5977
f 6450 6025 6439
f 6328 5978 6327
f 5978 6328 5977
f 6327 5978 5979
f 6328 6327 6331
f 6361 6370 6359
f 6329 5977 6328
f 5979 5980 6326
f 6312 6362 6311
f 6002 6362 6001
f 6295 6391 6296
f 6324 5981 5982
f 5980 5981 6325
f 6369 6441 6414
f 5979 6326 6327
f 6376 6301 6302
f 6323 5982 5983
f 6327 6478 6331
f 6331 6471 6472
f 6331 6478 6332
f 6334 6465 6471
f 6334 6471 6333
f 6478 6326 6325
f 6328 6331 6330
f 6333 6471 6332
f 6478 6325 6324
f 6478 6327 6326
f 6326 5980 6325
f 6324 6323 6480
f 5982 6323 6324
f 6324 6325 5981
f 6480 6321 6320
f 6478 6324 6480
f 6323 5983 6322
f 6330 6329 6328
f 6329 6330 6472
f 6478 6333 6332
f 5983 5984 6322
f 5975 5976 6329
f 1854 6382 1855
f 6337 6336 6476
f 1857 1856 6299
f 6355 6431 6406
f 6299 6373 6372
f 6406 6404 6458
f 6406 6358 6404
f 6372 1858 1857
f 6390 1856 1855
f 1862 6405 1863
f 6343 6344 6397
f 6291 6435 6290
f 6359 6370 6371
f 6298 6370 6297
f 6374 6360 6373
f 6298 6373 6299
f 6383 6381 1852
f 6380 6365 6382
f 6418 6459 6357
f 6297 6296 6386
f 6412 6367 6437
f 1860 6385 6410
f 6406 6405 6358
f 6358 1862 1861
f 1863 6356 1864
f 6404 6358 6357
f 6460 6457 6446
f 1854 6380 6382
f 6364 6377 6378
f 1865 6436 1866
f 101 1866 6291
f 6414 6384 6367
f 6384 6441 6386
f 6356 6448 1864
f 6448 6431 6403
f 6419 6392 6374
f 6436 6435 6291
f 6386 6391 6384
f 6429 6402 6428
f 6413 6391 6295
f 6417 6387 6415
f 1856 6390 6299
f 6399 6420 6421
f 6397 6345 6346
f 6361 6359 6397
f 6397 6346 6361
f 6345 6344 6421
f 6346 6345 6347
f 6344 6343 6421
f 6395 6342 6397
f 6476 6335 6334
f 6341 6342 6396
f 6481 6305 6422
f 6396 6342 6395
f 6394 6395 6389
f 6442 6421 6342
f 6338 6337 6476
f 6339 6396 6338
f 6359 6389 6395
f 6340 6442 6341
f 6295 6352 6351
f 6295 6398 6352
f 6413 6294 6379
f 6296 6398 6295
f 6032 6033 6463
f 6384 6391 6413
f 6351 6352 6347
f 6398 6347 6352
f 6347 6350 6351
f 6350 6347 6348
f 6350 6348 6349
f 6350 6294 6295
f 6293 6377 6379
f 6428 6288 6289
f 6349 6294 6350
f 6400 6294 6349
f 6348 6300 6400
f 6295 6351 6350
f 6347 6420 6348
f 6375 6385 1859
f 6476 6475 6442
f 6398 6361 6346
f 6466 6338 6396
f 6375 6392 6387
f 6477 6311 6310
f 6433 6429 6432
f 5984 5985 6321
f 6385 6375 6368
f 5985 6320 6321
f 6319 6320 5986
f 6319 6315 6479
f 6313 6312 6479
f 6320 5985 5986
f 5984 6321 6322
f 5987 6318 6319
f 6390 6382 6371
f 6315 6318 6316
f 5988 6317 6318
f 6316 6318 6317
f 6318 6315 6319
f 6318 5987 5988
f 5987 6319 5986
f 6371 6389 6359
f 6314 6479 6315
f 6307 6464 6306
f 6481 6307 6306
f 6306 6473 6305
f 6422 6303 6302
f 6304 6422 6305
f 6473 6306 6464
f 6308 6309 6464
f 6481 6306 6305
f 6407 6313 6314
f 6311 6477 6479
f 6313 6479 6314
f 6407 6362 6312
f 6308 6307 6481
f 6477 6310 6309
f 6310 6311 6362
f 6464 6309 6310
f 6362 6464 6310
f 6311 6479 6312
f 6475 6477 6399
f 6407 6312 6313
f 6315 6316 6407
f 6420 6422 6348
f 5988 5989 5990
f 6365 6467 6394
f 6317 5991 6316
f 6317 5990 5991
f 6365 6380 6381
f 6316 5991 5992
f 6365 6388 6353
f 5990 6317 5988
f 6407 5993 5994
f 6387 6392 6419
f 6361 6297 6370
f 1858 6375 1859
f 5996 5997 6407
f 5994 5995 6407
f 6392 6360 6374
f 6316 5992 5993
f 6361 6398 6296
f 6362 6407 5997
f 6005 6006 6464
f 6002 6464 6362
f 6415 6387 6419
f 6007 6008 6473
f 6473 6006 6007
f 6416 6414 6451
f 6365 6389 6382
f 5997 5998 6362
f 5998 5999 6000
f 6340 6396 6339
f 6393 6467 6466
f 6001 6362 6000
f 6464 6003 6004
f 6464 6002 6003
f 6388 6381 6366
f 6469 6366 6409
f 6397 6342 6343
f 6000 6362 5998
f 6345 6397 6344
f 6375 6360 6392
f 6359 6395 6397
f 6316 5993 6407
f 6347 6398 6346
f 6009 6473 6008
f 6300 6376 6363
f 6348 6302 6301
f 6400 6293 6294
f 6301 6300 6348
f 6013 6014 6411
f 6293 6363 6292
f 6473 6302 6303
f 6422 6302 6348
f 6453 6427 6401
f 6019 6020 6378
f 6427 6033 6034
f 6033 6427 6463
f 6410 1861 1860
f 6424 6461 6447
f 6380 1854 1853
f 6453 6454 6427
f 6303 6304 6473
f 6444 6034 6035
f 6386 6369 6419
f 6423 6425 6443
f 6443 6042 6286
f 6443 6041 6042
f 6386 6296 6391
f 6385 6368 6410
f 6340 6341 6396
f 6425 6039 6443
f 6466 6336 6337
f 6287 6423 6286
f 6444 6037 6425
f 6383 1852 1851
f 6299 6372 1857
f 6040 6443 6039
f 6037 6038 6425
f 6378 6377 6292
f 6379 6377 6438
f 6444 6036 6037
f 6444 6035 6036
f 6467 6365 6353
f 6371 6382 6389
f 6377 6293 6292
f 6429 6290 6435
f 6411 6014 6015
f 6292 6016 6017
f 6292 6015 6016
f 6431 6356 6406
f 5967 5968 6409
f 6296 6297 6361
f 6017 6018 6292
f 6386 6374 6297
f 6010 6376 6009
f 6411 6012 6013
f 6010 6011 6376
f 6357 6358 6410
f 1859 6385 1860
f 6294 6293 6379
f 6009 6376 6473
f 6015 6292 6411
f 6372 6373 6360
f 6394 6389 6365
f 6026 6439 6025
f 6463 6029 6030
f 6449 6412 6438
f 1863 6405 6356
f 6298 6299 6371
f 6375 6372 6360
f 6439 6026 6027
f 6405 1862 6358
f 6021 6022 6450
f 6021 6378 6020
f 6374 6298 6297
f 6383 6408 6366
f 6450 6024 6025
f 6023 6450 6022
f 6413 6367 6384
f 6374 6373 6298
f 6021 6450 6378
f 6019 6378 6018
f 6368 6375 6387
f 1853 1852 6381
f 6411 6363 6376
f 6305 6473 6304
f 6395 6394 6393
f 6393 6396 6395
f 6480 6320 6479
f 6420 6347 6421
f 6466 6467 6465
f 6356 6405 6406
f 6407 6314 6315
f 5996 6407 5995
f 6408 1851 1850
f 5965 6408 5964
f 6470 5969 5970
f 6469 6388 6366
f 6358 1861 6410
f 6417 6410 6368
f 6363 6411 6292
f 6411 6376 6012
f 6439 6449 6450
f 6451 6440 6354
f 6294 6413 6295
f 6437 6413 6379
f 6451 6367 6440
f 6416 6418 6414
f 6414 6415 6369
f 6417 6415 6357
f 6434 6457 6460
f 6357 6415 6418
f 6410 6417 6357
f 6387 6417 6368
f 6414 6418 6415
f 6418 6416 6459
f 6386 6419 6374
f 6415 6419 6369
f 6345 6421 6347
f 6420 6399 6422
f 6343 6342 6421
f 6342 6341 6442
f 6481 6399 6477
f 6303 6422 6304
f 6426 6287 6430
f 6423 6401 6425
f 6401 6423 6424
f 6426 6423 6287
f 6425 6401 6427
f 6039 6425 6038
f 6430 6287 6288
f 6424 6423 6426
f 6447 6401 6424
f 6463 6031 6032
f 6429 6428 6289
f 6430 6402 6424
f 6290 6429 6289
f 6431 6432 6403
f 6426 6430 6424
f 6288 6428 6430
f 6432 6431 6355
f 6448 6403 6436
f 6432 6355 6433
f 6403 6432 6429
f 6406 6458 6355
f 6355 6458 6433
f 6434 6354 6455
f 6434 6447 6461
f 6291 1866 6436
f 6429 6435 6403
f 1865 1864 6448
f 6403 6435 6436
f 6413 6437 6367
f 6438 6437 6379
f 6449 6438 6364
f 6437 6438 6412
f 6028 6462 6027
f 6462 6029 6454
f 6367 6412 6440
f 6412 6449 6452
f 6386 6441 6369
f 6384 6414 6441
f 6340 6339 6442
f 6338 6442 6339
f 6041 6443 6040
f 6423 6443 6286
f 6425 6427 6444
f 6444 6427 6034
f 6456 6455 6354
f 6452 6440 6412
f 6459 6446 6458
f 6446 6459 6460
f 6455 6447 6434
f 6453 6447 6445
f 6431 6448 6356
f 1865 6448 6436
f 6450 6449 6364
f 6452 6449 6439
f 6378 6450 6364
f 6024 6450 6023
f 6451 6354 6460
f 6367 6451 6414
f 6028 6029 6462
f 6456 6452 6445
f 6447 6453 6401
f 6454 6445 6452
f 6454 6452 6462
f 6463 6030 6031
f 6456 6354 6440
f 6447 6455 6445
f 6452 6456 6440
f 6445 6455 6456
f 6402 6457 6434
f 6458 6457 6433
f 6459 6458 6404
f 6458 6446 6457
f 6459 6404 6357
f 6460 6459 6416
f 6451 6460 6416
f 6434 6460 6354
f 6424 6402 6461
f 6434 6461 6402
f 6452 6439 6462
f 6462 6439 6027
f 6427 6454 6463
f 6454 6029 6463
f 6005 6464 6004
f 6307 6308 6464
f 6353 6469 6468
f 6466 6335 6336
f 6393 6466 6396
f 6466 6465 6335
f 6394 6467 6393
f 6353 6465 6467
f 6469 6470 6468
f 6472 6470 5972
f 6388 6469 6353
f 6470 6469 6409
f 6470 6409 5968
f 5971 6470 5970
f 6465 6468 6471
f 6468 6470 6472
f 5973 5974 6472
f 6472 5974 5975
f 6376 6302 6473
f 6473 6464 6006
f 6322 6321 6480
f 6442 6475 6399
f 6442 6338 6476
f 6477 6475 6474
f 6335 6476 6336
f 6474 6475 6476
f 6477 6474 6479
f 6481 6309 6308
f 6474 6476 6478
f 6478 6476 6334
f 6474 6480 6479
f 6479 6320 6319
f 6478 6480 6474
f 6322 6480 6323
f 6399 6481 6422
f 6481 6477 6309
f 6513 6544 6514
f 6515 6514 6544
f 6545 6519 6518
f 6550 6546 6549
f 6544 6545 6516
f 6495 6550 6496
f 6516 6545 6517
f 6512 6544 6513
f 6512 6511 6510
f 6509 6544 6510
f 6544 6507 6506
f 6507 6544 6508
f 6515 6544 6516
f 6543 6545 6544
f 6503 6549 6504
f 6544 6512 6510
f 6543 6548 6545
f 6524 6539 6525
f 6517 6545 6518
f 6540 6524 6523
f 6526 6525 6539
f 6528 6527 6529
f 6539 6527 6526
f 6527 6539 6529
f 6539 6538 6530
f 6538 6539 6540
f 6545 6520 6519
f 6545 6548 6537
f 6538 6540 6536
f 6520 6537 6521
f 6537 6540 6521
f 6540 6537 6536
f 6530 6538 6531
f 6540 6539 6524
f 6538 6536 6535
f 6522 6521 6540
f 6537 6548 6536
f 6533 6548 6547
f 6522 6540 6523
f 6531 6538 6541
f 6549 6505 6504
f 6493 6492 6547
f 6545 6537 6520
f 6543 6544 6549
f 6546 6547 6548
f 6550 6502 6501
f 6549 6548 6543
f 6550 6501 6500
f 6500 6498 6550
f 6549 6503 6550
f 6492 6491 6547
f 6497 6550 6498
f 6496 6550 6497
f 6506 6505 6549
f 6547 6494 6493
f 6508 6544 6509
f 6550 6495 6546
f 6546 6495 6494
f 6536 6548 6535
f 6500 6499 6498
f 6542 6533 6490
f 6535 6548 6534
f 6486 6485 6541
f 6484 6483 6541
f 6549 6546 6548
f 6541 6532 6531
f 6542 6538 6534
f 6483 6482 6532
f 6483 6532 6541
f 6548 6533 6534
f 6533 6542 6534
f 6490 6489 6542
f 6489 6488 6542
f 6539 6530 6529
f 6549 6544 6506
f 6534 6538 6535
f 6484 6541 6485
f 6538 6542 6541
f 6542 6486 6541
f 6542 6487 6486
f 6487 6542 6488
f 6547 6546 6494
f 6547 6490 6533
f 6490 6547 6491
f 6502 6550 6503
f 6527 6528 6529
f 6525 6526 6592
f 6527 6593 6526
f 6523 6524 6590
f 6521 6522 6588
f 6523 6589 6522
f 6525 6591 6524
f 6519 6520 6586
f 6517 6518 6584
f 6519 6585 6518
f 6515 6516 6582
f 6513 6514 6580
f 6512 6513 6579
f 6515 6581 6514
f 6517 6583 6516
f 6521 6587 6520
f 6593 6592 6526
f 6593 6529 6345
f 6591 6525 6592
f 6591 6592 6343
f 6593 6344 6592
f 6591 6590 6524
f 6589 6523 6590
f 6589 6590 6341
f 6587 6521 6588
f 6587 6588 6339
f 6589 6340 6588
f 6588 6522 6589
f 6591 6342 6590
f 6587 6586 6520
f 6585 6519 6586
f 6585 6586 6337
f 6583 6517 6584
f 6583 6584 6335
f 6585 6336 6584
f 6584 6518 6585
f 6581 6515 6582
f 6581 6582 6333
f 6579 6513 6580
f 6579 6580 6331
f 6578 6579 6330
f 6578 6512 6579
f 6581 6332 6580
f 6580 6514 6581
f 6583 6334 6582
f 6582 6516 6583
f 6587 6338 6586
f 6529 6593 6527
f 6512 6578 6511
f 6510 6511 6577
f 6508 6509 6576
f 6510 6576 6509
f 6506 6507 6574
f 6572 6504 6505
f 6505 6506 6573
f 6508 6575 6507
f 6570 6502 6503
f 6568 6500 6501
f 6501 6502 6569
f 6566 6498 6499
f 6564 6496 6497
f 6563 6495 6496
f 6497 6498 6565
f 6499 6500 6567
f 6503 6504 6571
f 6493 6560 6492
f 6491 6558 6490
f 6559 6491 6492
f 6507 6575 6574
f 6576 6577 6328
f 6557 6489 6490
f 6494 6495 6562
f 6574 6575 6325
f 6494 6561 6493
f 6576 6326 6575
f 6508 6576 6575
f 6510 6577 6576
f 6555 6487 6488
f 6553 6485 6486
f 6486 6487 6554
f 6551 6483 6484
f 6483 6532 6482
f 6551 6532 6483
f 6552 6484 6485
f 6556 6488 6489
f 6506 6574 6573
f 6511 6578 6577
f 6578 6329 6577
f 6344 6593 6345
f 6342 6591 6343
f 6343 6592 6344
f 6340 6589 6341
f 6338 6587 6339
f 6339 6588 6340
f 6341 6590 6342
f 6573 6572 6505
f 6323 6572 6573
f 6571 6570 6503
f 6321 6570 6571
f 6571 6572 6322
f 6572 6571 6504
f 6584 6336 6335
f 6568 6569 6319
f 6320 6569 6570
f 6334 6583 6335
f 6569 6568 6501
f 6585 6337 6336
f 6338 6337 6586
f 6570 6569 6502
f 6345 6529 6346
f 6333 6582 6334
f 6331 6580 6332
f 6332 6581 6333
f 6329 6578 6330
f 6327 6576 6328
f 6326 6576 6327
f 6328 6577 6329
f 6330 6579 6331
f 6324 6574 6325
f 6324 6323 6573
f 6324 6573 6574
f 6322 6321 6571
f 6320 6319 6569
f 6319 6318 6568
f 6321 6320 6570
f 6323 6322 6572
f 6325 6575 6326
f 6568 6318 6567
f 6567 6566 6499
f 6566 6567 6317
f 6565 6564 6497
f 6564 6565 6315
f 6566 6316 6565
f 6566 6565 6498
f 6563 6562 6495
f 6562 6563 6313
f 6561 6560 6493
f 6560 6561 6311
f 6562 6312 6561
f 6562 6561 6494
f 6564 6314 6563
f 6564 6563 6496
f 6559 6558 6491
f 6558 6559 6309
f 6557 6556 6489
f 6556 6557 6307
f 6558 6308 6557
f 6558 6557 6490
f 6555 6554 6487
f 6554 6555 6305
f 6553 6552 6485
f 6552 6553 6303
f 6551 6552 6302
f 6552 6551 6484
f 6554 6304 6553
f 6554 6553 6486
f 6556 6306 6555
f 6556 6555 6488
f 6560 6310 6559
f 6560 6559 6492
f 6317 6316 6566
f 6315 6314 6564
f 6316 6315 6565
f 6313 6312 6562
f 6311 6310 6560
f 6310 6309 6559
f 6312 6311 6561
f 6314 6313 6563
f 6308 6307 6557
f 6306 6305 6555
f 6307 6306 6556
f 6304 6303 6553
f 6302 6301 6551
f 6300 6532 6301
f 6303 6302 6552
f 6305 6304 6554
f 6309 6308 6558
f 6567 6318 6317
f 6301 6532 6551
f 6568 6567 6500
f 6596 6597 6611
f 6603 6537 6536
f 6609 6600 6601
f 6603 6612 6602
f 6610 6606 6609
f 6600 6607 6605
f 6615 6595 6616
f 6601 6602 6610
f 6594 6595 6615
f 6599 6600 6605
f 6352 6605 6351
f 6605 6352 6599
f 6351 6605 6604
f 6610 6609 6601
f 6607 6600 6609
f 6603 6613 6612
f 6534 6614 6535
f 6607 6606 6611
f 6608 6613 6614
f 6535 6614 6613
f 6533 6594 6534
f 6535 6613 6536
f 6610 6612 6608
f 6595 6596 6616
f 6608 6612 6613
f 6611 6606 6616
f 6350 6604 6598
f 6604 6607 6597
f 6605 6607 6604
f 6350 6351 6604
f 6597 6598 6604
f 6607 6611 6597
f 6608 6615 6616
f 6598 6349 6350
f 6616 6606 6610
f 6612 6610 6602
f 6613 6603 6536
f 6614 6594 6615
f 6534 6594 6614
f 6607 6609 6606
f 6614 6615 6608
f 6611 6616 6596
f 6616 6610 6608
f 6536 6617 6535
f 6535 6618 6534
f 6618 6535 6617
f 2958 6623 6622
f 2519 2958 6622
f 2520 2521 2601
f 2358 2357 6620
f 6620 6621 2358
f 6622 2521 2520
f 2520 2519 6622
f 2960 2521 6622
f 2521 6619 2601
f 2601 6619 2611
f 2612 2611 6619
f 6622 6623 2960