v 0.006275 -0.195316 0.175158
v 0.022455 -0.194181 0.172419
v 0.038293 -0.193452 0.170938
v 0.049721 -0.191893 0.165960
v 0.048880 -0.177573 0.167701
v 0.048807 -0.163600 0.170302
v 0.049544 -0.147960 0.171257
v 0.035152 -0.149504 0.176081
v 0.019555 -0.150950 0.178558
v 0.003359 -0.151676 0.180954
v -0.018770 -0.150829 0.177372
v -0.042237 -0.150250 0.168946
v -0.064943 -0.148605 0.160969
v -0.119356 -0.140417 0.116910
v -0.133339 -0.136915 0.099831
v -0.145165 -0.132833 0.084376
v -0.154824 -0.128810 0.071336
v -0.163412 -0.124903 0.058335
v -0.167785 -0.121638 0.041498
v -0.170429 -0.118811 0.020653
v -0.169904 -0.116226 -0.000787
v -0.164645 -0.113769 -0.021957
v -0.154249 -0.112242 -0.040638
v -0.137893 -0.110795 -0.056862
v -0.118818 -0.109888 -0.070267
v -0.100020 -0.109080 -0.078507
v -0.079927 -0.108774 -0.082455
v -0.059424 -0.108606 -0.084192
v -0.038754 -0.108845 -0.083424
v -0.018080 -0.109267 -0.082774
v 0.002611 -0.109542 -0.082762
v 0.023354 -0.109667 -0.082142
v 0.043984 -0.109695 -0.083133
v 0.064585 -0.109859 -0.084191
v 0.084880 -0.110114 -0.082773
v 0.105695 -0.110648 -0.077381
v 0.124858 -0.111522 -0.066485
v 0.140206 -0.113014 -0.050860
v 0.152617 -0.114652 -0.032108
v 0.162663 -0.116689 -0.011629
v 0.169152 -0.119114 0.010216
v 0.169118 -0.121809 0.029304
v 0.166531 -0.125172 0.044886
v 0.156832 -0.129100 0.061574
v 0.146053 -0.132140 0.080385
v 0.130941 -0.136088 0.099698
v 0.112565 -0.139786 0.118181
v 0.093001 -0.142531 0.139715
v 0.074967 -0.145554 0.156263
v 0.058374 -0.148665 0.168932
v 0.039506 -0.150374 0.179003
v 0.022295 -0.151401 0.184443
v 0.004274 -0.166755 0.179767
v 0.004769 -0.180994 0.177190
v 0.013728 -0.195012 0.179214
v 0.024790 -0.194631 0.174977
v 0.035501 -0.194199 0.173695
v 0.036517 -0.194115 0.173463
v 0.037584 -0.194187 0.173390
v 0.042288 -0.193730 0.172059
v 0.046227 -0.193433 0.169822
v 0.052370 -0.192961 0.167118
v 0.058851 -0.192515 0.164003
v 0.071120 -0.190517 0.154918
v 0.083331 -0.188518 0.147356
v 0.096391 -0.185906 0.139572
v 0.103157 -0.185041 0.133235
v 0.109456 -0.185043 0.125184
v 0.123088 -0.182006 0.109893
v 0.135729 -0.179410 0.095865
v 0.145821 -0.176475 0.081433
v 0.155208 -0.173531 0.065993
v 0.162740 -0.170741 0.050921
v 0.168229 -0.168140 0.036777
v 0.170341 -0.165845 0.021315
v 0.169385 -0.163586 0.007774
v 0.166339 -0.161852 -0.008063
v 0.159213 -0.160333 -0.025207
v 0.150575 -0.158021 -0.042138
v 0.137534 -0.156515 -0.058634
v 0.121104 -0.155593 -0.073333
v 0.102620 -0.154937 -0.083925
v 0.084126 -0.154604 -0.088320
v 0.065759 -0.154384 -0.089522
v 0.047240 -0.153819 -0.090349
v 0.028490 -0.152692 -0.091563
v 0.011104 -0.152251 -0.092168
v -0.006286 -0.151556 -0.092561
v -0.024139 -0.151815 -0.092294
v -0.042408 -0.152463 -0.092344
v -0.063200 -0.153102 -0.091076
v -0.084043 -0.153324 -0.088560
v -0.103261 -0.153548 -0.085956
v -0.120071 -0.154058 -0.081424
v -0.135657 -0.154939 -0.071609
v -0.150488 -0.156432 -0.056408
v -0.161732 -0.157742 -0.040145
v -0.168454 -0.159432 -0.023109
v -0.172202 -0.161576 -0.003153
v -0.175794 -0.163323 0.011728
v -0.174563 -0.165710 0.026463
v -0.172371 -0.167873 0.043780
v -0.166292 -0.170459 0.057315
v -0.159557 -0.173365 0.070706
v -0.152027 -0.176707 0.082869
v -0.143453 -0.179664 0.094146
v -0.135029 -0.182672 0.108562
v -0.125262 -0.185766 0.122243
v -0.118587 -0.185477 0.127836
v -0.112093 -0.186204 0.132687
v -0.092194 -0.189601 0.143911
v -0.071253 -0.192038 0.153891
v -0.049831 -0.193649 0.161864
v -0.027674 -0.194727 0.167821
v -0.005943 -0.195088 0.174172
v 0.016318 -0.190156 0.174572
v 0.016442 -0.173701 0.176832
v 0.016267 -0.155887 0.180284
v 0.108315 -0.162291 0.126635
v 0.033021 -0.173357 0.181306
v 0.066111 -0.169601 0.163953
v 0.132310 -0.159139 0.101304
v 0.153283 -0.152870 0.072027
v 0.168234 -0.148201 0.043653
v 0.169194 -0.140822 0.002966
v -0.174841 -0.139373 0.007104
v -0.172108 -0.144764 0.038994
v -0.162940 -0.149385 0.065976
v -0.148076 -0.156024 0.087279
v -0.130113 -0.161428 0.111503
v 0.034687 -0.172390 0.175747
v 0.017898 -0.173963 0.180759
v 0.152542 -0.165177 0.073034
v 0.161044 -0.156091 0.058008
v 0.143048 -0.162200 0.087118
v 0.171807 -0.152300 0.030284
v 0.167884 -0.160098 0.043991
v -0.173849 -0.157043 0.037429
v -0.168328 -0.153476 0.052585
v -0.173773 -0.148762 0.022364
v -0.163743 -0.161945 0.065388
v -0.156634 -0.158776 0.076483
v 0.028988 -0.184080 0.173543
v 0.143951 -0.147341 0.084624
v 0.144204 -0.135887 -0.051662
v 0.113464 -0.133327 -0.078478
v 0.075390 -0.132007 -0.087505
v 0.038116 -0.132232 -0.085955
v 0.002634 -0.131764 -0.089581
v -0.050487 -0.130746 -0.087459
v -0.108167 -0.131591 -0.082713
v -0.143284 -0.133525 -0.062603
v -0.165648 -0.136555 -0.029974
v -0.040682 -0.173600 0.168425
v -0.017169 -0.173323 0.177694
v 0.030963 -0.161291 0.182573
v 0.164590 -0.146307 -0.015404
v -0.171372 -0.145412 -0.009293
v 0.038192 -0.161419 0.175081
v 0.164123 -0.140574 0.055854
v 0.172160 -0.137000 0.033222
v -0.167284 -0.139300 0.055868
v -0.162378 -0.136373 0.066624
v -0.174494 -0.133318 0.026024
v -0.154998 -0.143327 0.078810
v 0.135809 -0.147153 0.097583
v 0.144332 -0.148455 -0.050775
v 0.130651 -0.140479 -0.066745
v 0.112755 -0.146073 -0.078522
v 0.093430 -0.138668 -0.086596
v 0.074789 -0.144595 -0.089662
v 0.056490 -0.138346 -0.087710
v 0.037741 -0.144423 -0.088528
v 0.020289 -0.138126 -0.086619
v -0.014940 -0.138013 -0.086446
v 0.002264 -0.143579 -0.089571
v -0.051563 -0.143265 -0.090826
v -0.033322 -0.137150 -0.087141
v -0.071032 -0.136817 -0.089285
v -0.110310 -0.144311 -0.083304
v -0.126095 -0.138581 -0.074829
v -0.143798 -0.146509 -0.063171
v -0.157458 -0.140652 -0.048931
v -0.165099 -0.149288 -0.029577
v -0.062530 -0.177183 0.161407
v -0.039383 -0.185646 0.166753
v -0.017314 -0.185791 0.174340
v 0.165923 -0.131643 -0.011706
v 0.169865 -0.128114 0.002962
v 0.172257 -0.133028 0.018318
v 0.156479 -0.134630 -0.032823
v -0.171846 -0.130557 -0.006110
v 0.133766 -0.125268 -0.063438
v 0.016603 -0.122824 -0.088425
v -0.011510 -0.122325 -0.089074
v -0.036828 -0.122028 -0.089694
v -0.049875 -0.117294 -0.088274
v -0.024133 -0.127494 -0.089802
v -0.066129 -0.121554 -0.090018
v -0.128850 -0.123014 -0.072027
v -0.159543 -0.126952 -0.039757
v 0.171539 -0.147358 0.016164
v 0.158119 -0.147517 -0.028822
v 0.121402 -0.123494 -0.073240
v 0.030711 -0.119706 -0.088316
v -0.115444 -0.120695 -0.078614
v 0.104646 -0.150393 0.130365
v 0.085859 -0.162494 0.150325
v 0.077310 -0.176765 0.154219
v 0.090675 -0.174151 0.144169
v 0.049533 -0.165083 0.175003
v 0.045937 -0.179377 0.174734
v 0.060815 -0.160640 0.167962
v 0.154300 -0.139589 0.070735
v -0.174492 -0.126034 0.007941
v -0.142928 -0.145118 0.092471
v -0.139575 -0.158271 0.099312
v -0.129655 -0.147832 0.109805
v 0.148930 -0.123844 -0.044527
v 0.074393 -0.118394 -0.088071
v 0.089973 -0.123990 -0.086366
v 0.059409 -0.123566 -0.087944
v -0.092115 -0.121792 -0.086813
v -0.093185 -0.138122 -0.088469
v -0.079464 -0.127549 -0.087285
v -0.054377 -0.161887 0.166527
v -0.030675 -0.162150 0.173840
v -0.010764 -0.162173 0.178623
v -0.169791 -0.133803 0.046013
v -0.077416 -0.162770 0.156853
v 0.160088 -0.124272 -0.023597
v -0.168785 -0.126081 -0.019662
v -0.103073 -0.179232 0.136201
v 0.085165 -0.151011 0.150571
v 0.102992 -0.173690 0.133101
v 0.057713 -0.180659 0.166838
v 0.104745 -0.123102 -0.081076
v 0.045761 -0.121014 -0.088984
v -0.074651 -0.180395 0.154912
v 0.120821 -0.152394 0.112702
v 0.119914 -0.170133 0.114301
v -0.147950 -0.121759 -0.055421
v -0.116498 -0.169857 0.123656
v 0.190515 -0.346186 0.017943
v 0.188584 -0.329593 0.018014
v 0.188364 -0.312914 0.017904
v 0.187878 -0.296047 0.017955
v 0.186532 -0.279148 0.017476
v 0.184979 -0.262270 0.016507
v 0.184304 -0.245281 0.015921
v 0.183051 -0.235724 0.015503
v 0.181737 -0.226180 0.015751
v 0.179082 -0.212504 0.016608
v 0.176289 -0.198763 0.017976
v 0.173909 -0.187255 0.019382
v 0.171794 -0.175186 0.020266
v 0.171144 -0.170436 0.021148
v 0.064787 -0.210242 0.153527
v 0.067907 -0.227622 0.145885
v 0.069905 -0.245589 0.141929
v 0.071320 -0.263382 0.138273
v 0.072184 -0.281298 0.136184
v 0.072509 -0.299340 0.134796
v 0.073067 -0.317217 0.135284
v 0.072527 -0.336228 0.134366
v 0.073063 -0.353492 0.138916
v 0.071756 -0.370520 0.134925
v 0.071208 -0.388645 0.133538
v 0.070296 -0.406962 0.132504
v 0.069499 -0.424568 0.132291
v 0.068422 -0.442063 0.135110
v 0.067158 -0.459992 0.133501
v 0.086745 -0.459644 0.135705
v 0.106323 -0.458481 0.134749
v 0.125003 -0.456330 0.129628
v 0.142358 -0.452619 0.117116
v 0.156748 -0.446204 0.103433
v 0.168422 -0.436367 0.090240
v 0.174350 -0.421521 0.080041
v 0.177592 -0.404314 0.073009
v 0.181695 -0.386770 0.067841
v 0.187077 -0.372373 0.056074
v 0.190280 -0.365779 0.037810
v 0.191081 -0.364362 0.018270
v 0.190758 -0.355519 0.017467
v 0.158996 -0.239420 0.084574
v 0.119242 -0.225740 0.116873
v 0.178393 -0.243688 0.052481
v 0.182076 -0.242164 0.033385
v 0.169550 -0.196304 0.048764
v 0.098165 -0.209423 0.131663
v 0.172968 -0.194567 0.033033
v 0.148278 -0.208270 0.088319
v 0.121397 -0.204599 0.113368
v 0.168550 -0.181859 0.043322
v 0.143959 -0.192594 0.089355
v 0.185898 -0.338072 0.047759
v 0.179167 -0.289445 0.065385
v 0.183518 -0.265572 0.042413
v 0.177223 -0.219567 0.043875
v 0.179872 -0.220225 0.029060
v 0.174525 -0.206693 0.039467
v 0.160834 -0.186723 0.060058
v 0.135501 -0.202493 0.100906
v 0.130992 -0.191340 0.102125
v 0.132036 -0.217415 0.106753
v 0.190007 -0.337291 0.033291
v 0.187269 -0.304419 0.045543
v 0.181800 -0.252500 0.042926
v 0.183715 -0.258046 0.029495
v 0.185562 -0.272124 0.029458
v 0.185445 -0.284264 0.046651
v 0.179344 -0.232825 0.043143
v 0.153245 -0.187086 0.074777
v 0.160172 -0.203044 0.070419
v 0.168526 -0.210186 0.056564
v 0.139125 -0.239334 0.103509
v 0.187714 -0.350945 0.039734
v 0.184927 -0.353641 0.059676
v 0.188451 -0.304447 0.029922
v 0.187841 -0.290204 0.031446
v 0.188309 -0.321121 0.036897
v 0.151694 -0.198916 0.080324
v 0.163109 -0.222071 0.074252
v 0.171650 -0.230327 0.060132
v 0.131077 -0.229289 0.107421
v 0.167309 -0.234528 0.073530
v 0.077259 -0.451231 0.134402
v 0.112987 -0.416351 0.133170
v 0.095357 -0.235165 0.131979
v 0.082970 -0.217067 0.140333
v 0.136141 -0.307885 0.112892
v 0.180113 -0.274123 0.057879
v 0.177928 -0.258760 0.058043
v 0.170732 -0.252347 0.075656
v 0.170678 -0.274572 0.079428
v 0.177079 -0.278597 0.069926
v 0.182870 -0.295906 0.053698
v 0.176382 -0.321407 0.077815
v 0.182152 -0.312708 0.061353
v 0.176279 -0.304095 0.076219
v 0.182701 -0.329637 0.062181
v 0.185605 -0.316574 0.049270
v 0.159774 -0.313586 0.098545
v 0.174625 -0.344741 0.079792
v 0.184024 -0.341367 0.060668
v 0.169023 -0.312998 0.086240
v 0.164310 -0.293201 0.089838
v 0.164880 -0.332928 0.092889
v 0.178003 -0.333800 0.074102
v 0.173551 -0.290545 0.079504
v 0.188399 -0.361961 0.049359
v 0.157392 -0.211704 0.078930
v 0.151135 -0.224738 0.089837
v 0.143172 -0.216515 0.097106
v 0.149601 -0.236184 0.094071
v 0.094757 -0.398398 0.136995
v 0.114536 -0.438093 0.133668
v 0.094268 -0.441620 0.136784
v 0.142943 -0.421279 0.118539
v 0.080305 -0.235336 0.138570
v 0.089509 -0.254169 0.132184
v 0.097039 -0.222221 0.131926
v 0.081967 -0.202960 0.142902
v 0.106358 -0.289673 0.123697
v 0.107133 -0.325701 0.125805
v 0.172980 -0.243299 0.064995
v 0.174443 -0.264275 0.070840
v 0.146482 -0.269645 0.103490
v 0.152369 -0.253831 0.095094
v 0.144245 -0.332974 0.111412
v 0.081328 -0.397601 0.133965
v 0.087915 -0.415706 0.133090
v 0.089301 -0.379701 0.132996
v 0.115793 -0.449880 0.132874
v 0.131637 -0.439949 0.126885
v 0.146729 -0.436844 0.114892
v 0.124322 -0.425892 0.131288
v 0.157571 -0.422977 0.104777
v 0.155746 -0.434685 0.106223
v 0.096360 -0.452602 0.136324
v 0.102219 -0.428607 0.137045
v 0.081441 -0.433503 0.135660
v 0.077951 -0.254002 0.136982
v 0.086796 -0.271660 0.131628
v 0.087892 -0.289319 0.131649
v 0.109346 -0.266729 0.122057
v 0.097062 -0.280327 0.127845
v 0.097281 -0.307944 0.128963
v 0.097194 -0.264703 0.128488
v 0.097294 -0.296607 0.127505
v 0.069188 -0.200395 0.153643
v 0.088413 -0.326127 0.129776
v 0.097933 -0.349044 0.133462
v 0.097627 -0.319349 0.129015
v 0.085344 -0.313267 0.132754
v 0.097922 -0.335770 0.131389
v 0.085285 -0.342076 0.134843
v 0.159192 -0.277736 0.092587
v 0.162358 -0.263239 0.086335
v 0.146016 -0.290051 0.106298
v 0.156671 -0.288434 0.099027
v 0.136635 -0.255803 0.106109
v 0.122446 -0.243714 0.115003
v 0.128254 -0.272063 0.113734
v 0.155846 -0.326900 0.104856
v 0.147147 -0.315626 0.107584
v 0.152230 -0.302715 0.103782
v 0.155521 -0.369190 0.105947
v 0.100432 -0.410436 0.136125
v 0.167745 -0.423241 0.092614
v 0.090696 -0.426859 0.136897
v 0.106157 -0.249361 0.124006
v 0.117076 -0.309094 0.122330
v 0.086863 -0.361448 0.132153
v 0.084574 -0.301357 0.131013
v 0.109648 -0.234437 0.123551
v 0.122857 -0.258144 0.115390
v 0.116415 -0.279421 0.120085
v 0.130826 -0.288038 0.113789
v 0.139299 -0.279832 0.107512
v 0.164006 -0.352815 0.096406
v 0.154656 -0.343250 0.105209
v 0.154130 -0.355759 0.107176
v 0.126154 -0.365327 0.127059
v 0.142601 -0.364154 0.115879
v 0.106702 -0.366972 0.133498
v 0.142176 -0.348221 0.113776
v 0.136868 -0.393008 0.123918
v 0.124571 -0.337802 0.123152
v 0.111063 -0.342422 0.126934
v 0.121730 -0.351883 0.125011
v 0.136344 -0.377591 0.122236
v 0.128911 -0.408702 0.127450
v 0.114513 -0.397332 0.132696
v 0.148784 -0.383747 0.111630
v 0.164166 -0.399044 0.098269
v 0.163977 -0.412167 0.098142
v 0.172202 -0.405806 0.086247
v 0.151458 -0.405520 0.110256
v 0.172505 -0.386713 0.084456
v 0.125724 -0.397352 0.129772
v 0.119608 -0.380821 0.129306
v 0.161805 -0.383117 0.101618
v 0.151758 -0.416470 0.111044
v 0.155090 -0.393523 0.107380
v 0.140684 -0.405126 0.119796
v 0.126040 -0.299575 0.119452
v 0.168510 -0.343544 0.088934
v 0.094684 -0.370098 0.134520
v 0.132181 -0.323336 0.118274
v 0.119716 -0.325962 0.123145
v 0.176747 -0.393167 0.075965
v 0.177225 -0.367145 0.075542
v 0.104200 -0.385030 0.134999
v 0.177546 -0.378913 0.076404
v 0.182920 -0.364610 0.064632
v 0.172079 -0.357806 0.084767
v 0.166947 -0.369912 0.093748
v 0.105918 -0.199067 0.125347
v 0.092238 -0.197713 0.136860
v 0.112716 -0.212608 0.122724
v -0.200962 -0.347351 0.025954
v -0.199812 -0.330544 0.025030
v -0.198204 -0.313669 0.024234
v -0.198278 -0.296854 0.022959
v -0.197570 -0.279892 0.021507
v -0.196987 -0.262886 0.020414
v -0.195845 -0.245858 0.019222
v -0.194457 -0.240763 0.019031
v -0.193510 -0.235842 0.019262
v -0.193032 -0.230873 0.019660
v -0.192194 -0.226252 0.019879
v -0.188422 -0.212603 0.020455
v -0.183534 -0.199228 0.022166
v -0.179771 -0.187351 0.023601
v -0.176020 -0.175591 0.025392
v -0.175150 -0.170562 0.025881
v -0.075087 -0.210089 0.147889
v -0.073094 -0.228080 0.143565
v -0.072679 -0.245987 0.138753
v -0.072935 -0.263718 0.136828
v -0.073054 -0.281941 0.134081
v -0.073515 -0.299626 0.134889
v -0.072401 -0.318181 0.133122
v -0.072508 -0.335652 0.136015
v -0.070125 -0.353014 0.131564
v -0.069550 -0.370922 0.136073
v -0.067798 -0.388635 0.133293
v -0.066153 -0.406838 0.131040
v -0.064834 -0.424702 0.129267
v -0.063608 -0.442832 0.128629
v -0.062392 -0.461046 0.128101
v -0.081488 -0.461047 0.129121
v -0.100818 -0.460196 0.128960
v -0.120263 -0.458467 0.125611
v -0.138729 -0.454674 0.118359
v -0.154583 -0.448790 0.108743
v -0.168096 -0.438817 0.098794
v -0.173531 -0.424567 0.088824
v -0.181500 -0.406766 0.082053
v -0.183116 -0.389485 0.073986
v -0.190854 -0.374441 0.064098
v -0.193403 -0.367654 0.045196
v -0.201203 -0.365521 0.026465
v -0.200796 -0.356444 0.025701
v -0.155343 -0.254461 0.093718
v -0.178584 -0.233440 0.061812
v -0.125728 -0.225212 0.112576
v -0.173305 -0.196538 0.051794
v -0.179959 -0.194341 0.036213
v -0.187157 -0.221330 0.042159
v -0.131953 -0.203587 0.108344
v -0.172083 -0.181821 0.049368
v -0.161384 -0.197134 0.074771
v -0.181377 -0.207159 0.042768
v -0.158184 -0.185046 0.075452
v -0.172852 -0.213428 0.062178
v -0.166380 -0.184166 0.063485
v -0.180953 -0.323927 0.077106
v -0.191099 -0.255340 0.048193
v -0.105897 -0.209719 0.128012
v -0.168500 -0.195835 0.063951
v -0.192030 -0.322666 0.051483
v -0.195227 -0.254856 0.032197
v -0.195987 -0.273938 0.041652
v -0.191257 -0.238468 0.039680
v -0.103767 -0.196702 0.131857
v -0.119009 -0.201132 0.118804
v -0.091682 -0.206044 0.139087
v -0.123452 -0.212671 0.113917
v -0.195610 -0.322348 0.036036
v -0.193142 -0.340950 0.044279
v -0.195082 -0.303881 0.042625
v -0.197511 -0.271630 0.029223
v -0.196822 -0.288580 0.036460
v -0.184895 -0.243293 0.053876
v -0.176773 -0.263586 0.075381
v -0.178352 -0.248096 0.069890
v -0.191434 -0.228226 0.031987
v -0.092734 -0.223770 0.133710
v -0.184224 -0.259196 0.062409
v -0.167583 -0.252635 0.082200
v -0.157367 -0.225916 0.087219
v -0.159654 -0.240759 0.087421
v -0.140141 -0.239605 0.101482
v -0.167412 -0.231340 0.076554
v -0.149716 -0.234260 0.094688
v -0.142382 -0.217647 0.098918
v -0.164009 -0.217078 0.076370
v -0.136223 -0.374367 0.121753
v -0.107746 -0.418200 0.129457
v -0.071932 -0.452507 0.128842
v -0.132108 -0.308866 0.114548
v -0.178756 -0.222220 0.055736
v -0.170244 -0.359751 0.095929
v -0.190955 -0.354398 0.061370
v -0.187803 -0.307329 0.064248
v -0.185825 -0.283419 0.066170
v -0.183276 -0.271174 0.067889
v -0.189046 -0.268677 0.053928
v -0.191021 -0.286492 0.051414
v -0.187436 -0.294876 0.062114
v -0.084135 -0.236163 0.135735
v -0.108340 -0.241754 0.121642
v -0.097071 -0.234974 0.128658
v -0.091929 -0.254894 0.128639
v -0.081892 -0.218246 0.141811
v -0.148037 -0.198825 0.093252
v -0.154767 -0.211094 0.088111
v -0.137003 -0.228000 0.104067
v -0.155531 -0.402508 0.110499
v -0.101929 -0.381487 0.129575
v -0.107690 -0.440742 0.129455
v -0.089297 -0.442952 0.129683
v -0.085075 -0.417353 0.129878
v -0.102094 -0.308368 0.124499
v -0.180602 -0.371205 0.081636
v -0.192810 -0.354478 0.046915
v -0.192459 -0.364914 0.056697
v -0.190269 -0.337272 0.061417
v -0.181013 -0.347666 0.078045
v -0.188363 -0.324650 0.065410
v -0.186837 -0.346630 0.068369
v -0.191315 -0.311189 0.053481
v -0.172716 -0.300714 0.086769
v -0.181080 -0.294505 0.075209
v -0.180114 -0.309266 0.077385
v -0.171512 -0.281051 0.084438
v -0.164720 -0.267960 0.089491
v -0.150543 -0.289578 0.102188
v -0.161165 -0.281104 0.095329
v -0.163045 -0.296191 0.097222
v -0.145163 -0.270487 0.101743
v -0.149753 -0.308950 0.106120
v -0.080304 -0.254692 0.134535
v -0.087913 -0.272411 0.128345
v -0.116955 -0.269301 0.116055
v -0.102431 -0.266233 0.123472
v -0.112281 -0.255358 0.118287
v -0.105514 -0.287522 0.121680
v -0.124429 -0.243357 0.111661
v -0.088571 -0.289262 0.128667
v -0.117529 -0.233962 0.116404
v -0.136309 -0.256098 0.105419
v -0.124170 -0.259057 0.111803
v -0.097508 -0.297160 0.124235
v -0.113553 -0.221434 0.120982
v -0.145017 -0.249965 0.098881
v -0.140958 -0.206552 0.098680
v -0.139823 -0.193915 0.103137
v -0.170768 -0.390667 0.096221
v -0.168606 -0.409180 0.096660
v -0.152682 -0.425802 0.112158
v -0.083197 -0.381118 0.132415
v -0.095086 -0.358157 0.132435
v -0.091449 -0.398427 0.130049
v -0.094047 -0.371069 0.132195
v -0.081858 -0.364532 0.135014
v -0.079619 -0.393014 0.131425
v -0.110354 -0.451773 0.128024
v -0.127554 -0.441670 0.124375
v -0.119464 -0.428455 0.127380
v -0.141332 -0.439613 0.118656
v -0.130954 -0.402491 0.123863
v -0.137397 -0.422549 0.121453
v -0.121373 -0.414100 0.127104
v -0.108566 -0.401217 0.130366
v -0.147030 -0.413282 0.116684
v -0.099291 -0.408442 0.129739
v -0.101882 -0.392529 0.129140
v -0.091870 -0.453603 0.129085
v -0.075496 -0.435446 0.129699
v -0.097800 -0.429868 0.129691
v -0.085770 -0.428795 0.129863
v -0.073098 -0.416438 0.129858
v -0.085826 -0.308783 0.128761
v -0.093740 -0.329192 0.129204
v -0.084783 -0.320602 0.131192
v -0.184254 -0.377824 0.072718
v -0.186735 -0.363319 0.070649
v -0.178407 -0.359375 0.084766
v -0.169616 -0.336825 0.094934
v -0.170380 -0.318508 0.092445
v -0.174265 -0.328088 0.087904
v -0.156024 -0.327085 0.104626
v -0.141320 -0.298901 0.109422
v -0.123877 -0.291322 0.114280
v -0.178527 -0.395356 0.086574
v -0.171097 -0.375045 0.094974
v -0.155212 -0.368826 0.109599
v -0.165889 -0.423823 0.100994
v -0.159856 -0.414371 0.107001
v -0.164953 -0.398954 0.101541
v -0.157883 -0.384951 0.107260
v -0.144178 -0.392946 0.119484
v -0.147587 -0.379239 0.115769
v -0.162954 -0.375399 0.102623
v -0.140745 -0.404427 0.121569
v -0.132040 -0.387759 0.123429
v -0.118422 -0.376870 0.128891
v -0.108400 -0.365273 0.130094
v -0.118061 -0.389229 0.127653
v -0.112461 -0.342051 0.127050
v -0.106613 -0.352962 0.129816
v -0.095346 -0.343350 0.127436
v -0.083450 -0.351355 0.130282
v -0.084423 -0.338837 0.132594
v -0.157891 -0.436765 0.107399
v -0.174294 -0.347555 0.090049
v -0.162126 -0.309835 0.098698
v -0.141216 -0.323332 0.113637
v -0.143927 -0.348101 0.115690
v -0.122744 -0.325203 0.120135
v -0.146395 -0.335568 0.113326
v -0.157872 -0.344822 0.104650
v -0.131623 -0.338460 0.118864
v -0.124469 -0.355684 0.123424
v -0.152452 -0.356208 0.110377
v -0.127444 -0.367100 0.123520
v -0.116966 -0.305362 0.118471
v -0.111169 -0.318501 0.122159
v -0.116287 -0.281586 0.116636
v -0.131447 -0.276825 0.110094
v -0.135582 -0.288228 0.110100
v -0.106041 -0.330352 0.123731
v 0.039475 -0.165791 0.175605
v 0.039126 -0.179725 0.173056
v 0.106798 -0.162327 0.124726
v -0.002116 -0.173098 0.175941
v 0.064891 -0.169263 0.161886
v 0.130739 -0.159190 0.099763
v 0.151688 -0.152925 0.070743
v 0.165992 -0.148021 0.042726
v 0.167048 -0.141063 0.003400
v 0.030033 -0.173093 0.177776
v -0.171222 -0.142280 0.023074
v -0.165581 -0.147248 0.052098
v -0.154268 -0.152611 0.075226
v -0.137458 -0.159181 0.097041
v 0.027010 -0.172411 0.174453
v 0.013168 -0.181752 0.174207
v 0.010956 -0.164669 0.175952
v 0.051371 -0.171472 0.169915
v 0.150785 -0.165210 0.071892
v 0.158686 -0.156203 0.057124
v 0.141229 -0.162196 0.085716
v 0.169584 -0.152327 0.030112
v 0.165799 -0.160054 0.043405
v -0.171338 -0.152239 0.036729
v -0.161773 -0.157207 0.064209
v -0.166889 -0.159716 0.050579
v -0.155136 -0.165194 0.074981
v -0.147073 -0.161915 0.086019
v 0.029123 -0.184216 0.171914
v 0.039956 -0.171463 0.172456
v 0.027266 -0.160532 0.175307
v 0.057489 -0.180374 0.164320
v 0.058313 -0.161291 0.167216
v 0.142983 -0.147289 0.083958
v -0.145337 -0.147742 0.086956
v 0.142547 -0.136123 -0.050295
v 0.112313 -0.133503 -0.076525
v 0.074658 -0.132516 -0.085323
v 0.037756 -0.133209 -0.083367
v 0.002539 -0.132939 -0.084398
v -0.050046 -0.131567 -0.084940
v -0.088829 -0.131462 -0.083974
v -0.123708 -0.132923 -0.072179
v -0.155822 -0.134969 -0.047904
v -0.169550 -0.138663 -0.008018
v -0.063229 -0.171864 0.159217
v -0.017401 -0.181112 0.173517
v 0.162656 -0.146452 -0.014666
v 0.162105 -0.140723 0.054802
v 0.169924 -0.137242 0.032813
v -0.169181 -0.137041 0.041621
v -0.160251 -0.141716 0.065968
v 0.134199 -0.147148 0.096118
v 0.142858 -0.148680 -0.049574
v 0.129182 -0.140719 -0.064952
v 0.111832 -0.146271 -0.076962
v 0.092599 -0.138940 -0.084664
v 0.074289 -0.144990 -0.087785
v 0.037525 -0.145356 -0.086500
v 0.020160 -0.139054 -0.084355
v 0.055985 -0.138826 -0.085619
v -0.014825 -0.139113 -0.084485
v 0.002218 -0.144845 -0.088230
v -0.051316 -0.143923 -0.088914
v -0.033059 -0.138006 -0.084969
v -0.070430 -0.137368 -0.087378
v -0.091503 -0.143961 -0.087088
v -0.108157 -0.137732 -0.081782
v -0.126157 -0.145743 -0.073064
v -0.164045 -0.142559 -0.029367
v -0.142210 -0.139487 -0.061993
v -0.155929 -0.147996 -0.047657
v -0.169718 -0.151337 -0.009818
v -0.173003 -0.147780 0.005296
v -0.061752 -0.183952 0.158105
v -0.018872 -0.166066 0.175378
v 0.164036 -0.131708 -0.011037
v 0.167819 -0.128353 0.003374
v 0.170215 -0.133069 0.018308
v 0.154698 -0.134822 -0.031878
v -0.165940 -0.134909 0.051001
v -0.172003 -0.129680 0.027042
v 0.132483 -0.125421 -0.061839
v 0.016470 -0.123825 -0.083872
v -0.011531 -0.123405 -0.084534
v -0.036599 -0.123001 -0.085775
v -0.049647 -0.117829 -0.086098
v -0.023970 -0.128378 -0.085311
v -0.065665 -0.122178 -0.087868
v -0.110374 -0.121981 -0.079160
v -0.161506 -0.127062 -0.031659
v -0.144038 -0.125234 -0.055608
v -0.173116 -0.131459 0.008790
v -0.005810 -0.161036 0.175502
v -0.039540 -0.173415 0.166787
v 0.169704 -0.147302 0.016194
v 0.156274 -0.147643 -0.027679
v 0.120188 -0.123856 -0.071257
v 0.030262 -0.120468 -0.085106
v -0.096644 -0.121276 -0.081627
v -0.167631 -0.126488 -0.015637
v -0.130617 -0.120867 -0.068302
v -0.039248 -0.185360 0.165029
v -0.102953 -0.167012 0.134001
v 0.103512 -0.150434 0.128689
v 0.084639 -0.162421 0.148569
v 0.076342 -0.176416 0.152284
v 0.089745 -0.174026 0.142248
v 0.152623 -0.139632 0.069702
v -0.152764 -0.139774 0.077484
v -0.129057 -0.151702 0.107770
v -0.127290 -0.168736 0.112437
v -0.116007 -0.156899 0.123473
v -0.105684 -0.155189 0.131471
v 0.147370 -0.124140 -0.043284
v 0.073870 -0.118670 -0.085967
v 0.089173 -0.124245 -0.084229
v 0.058776 -0.124171 -0.084818
v -0.076748 -0.159987 0.155284
v -0.092236 -0.159512 0.144435
v -0.087090 -0.175056 0.146187
v -0.076448 -0.171577 0.154195
v -0.054005 -0.160332 0.164943
v 0.158551 -0.124394 -0.022636
v -0.079173 -0.121079 -0.084461
v -0.034132 -0.161702 0.170356
v -0.102295 -0.179665 0.133917
v -0.114114 -0.171814 0.124502
v 0.084034 -0.150915 0.148902
v 0.102599 -0.173875 0.132085
v 0.103578 -0.123464 -0.079051
v 0.045421 -0.121715 -0.085996
v 0.119463 -0.152328 0.110999
v 0.118710 -0.170032 0.112577
v 0.042914 -0.210763 0.167278
v 0.041956 -0.228099 0.162579
v 0.042032 -0.245638 0.159858
v 0.042678 -0.263304 0.156484
v 0.042964 -0.280853 0.156055
v 0.043512 -0.298675 0.157283
v 0.043311 -0.316415 0.154782
v 0.041793 -0.333704 0.154835
v 0.029339 -0.346095 0.154885
v 0.012276 -0.352424 0.149770
v 0.007369 -0.355052 0.149164
v 0.002334 -0.357599 0.148382
v 0.002341 -0.356908 0.148658
v 0.002646 -0.354616 0.150509
v 0.002867 -0.352395 0.152116
v 0.004613 -0.334016 0.158280
v 0.005948 -0.315487 0.161502
v 0.006942 -0.297217 0.161990
v 0.007010 -0.279267 0.161463
v 0.006741 -0.261395 0.164123
v 0.006371 -0.243319 0.168303
v 0.005540 -0.226966 0.172466
v 0.004760 -0.210908 0.178579
v 0.013110 -0.335053 0.153587
v 0.013033 -0.317016 0.154657
v 0.012398 -0.299217 0.153999
v 0.011783 -0.282040 0.153250
v 0.011278 -0.264376 0.154524
v 0.010912 -0.246604 0.157879
v 0.009975 -0.229186 0.162583
v 0.008844 -0.211778 0.169425
v 0.026455 -0.326960 0.155372
v 0.027504 -0.290764 0.156204
v 0.027113 -0.272944 0.155037
v 0.027438 -0.308536 0.156400
v 0.026203 -0.237585 0.160745
v 0.026458 -0.255268 0.157338
v 0.026311 -0.220090 0.165270
v 0.028968 -0.206774 0.169331
v 0.053472 -0.233216 -0.117826
v 0.052581 -0.223457 -0.115035
v 0.071697 -0.222685 -0.113624
v 0.090578 -0.222070 -0.108789
v 0.108909 -0.222273 -0.100612
v 0.125596 -0.223473 -0.089812
v 0.139522 -0.225209 -0.075745
v 0.152069 -0.226920 -0.061594
v 0.164402 -0.229014 -0.046401
v 0.172158 -0.231321 -0.029998
v 0.171182 -0.241139 -0.031419
v 0.162705 -0.238652 -0.047377
v 0.151276 -0.236690 -0.062279
v 0.139013 -0.235150 -0.076906
v 0.125328 -0.233504 -0.090340
v 0.109100 -0.232534 -0.101593
v 0.091155 -0.232196 -0.110295
v 0.072373 -0.232643 -0.115510
v -0.076949 -0.233131 -0.118343
v -0.076055 -0.223577 -0.115156
v -0.095198 -0.222708 -0.112428
v -0.112567 -0.222512 -0.106592
v -0.126722 -0.222889 -0.098739
v -0.137977 -0.223767 -0.089574
v -0.147807 -0.225468 -0.077186
v -0.160830 -0.227309 -0.062078
v -0.173377 -0.229341 -0.045919
v -0.180390 -0.231756 -0.028408
v -0.179494 -0.241713 -0.029483
v -0.170874 -0.239370 -0.046900
v -0.158334 -0.237387 -0.062536
v -0.146284 -0.235496 -0.078253
v -0.136999 -0.233791 -0.090899
v -0.125698 -0.232804 -0.100352
v -0.111758 -0.232393 -0.108356
v -0.095216 -0.232636 -0.114529
v 0.166374 -1.020156 -0.026229
v 0.165731 -1.012879 -0.025492
v 0.165865 -1.005390 -0.023906
v 0.163164 -0.989470 -0.021974
v 0.161808 -0.973847 -0.021663
v 0.161450 -0.957038 -0.019979
v 0.160045 -0.941901 -0.020483
v 0.161197 -0.924144 -0.017470
v 0.160185 -0.909075 -0.017721
v 0.161835 -0.892091 -0.015817
v 0.162689 -0.875893 -0.014553
v 0.163089 -0.875008 -0.018950
v 0.164693 -0.856705 -0.017748
v 0.164944 -0.838153 -0.016611
v 0.166711 -0.819764 -0.014814
v 0.167628 -0.801481 -0.013970
v 0.169909 -0.783206 -0.011978
v 0.171690 -0.764982 -0.010723
v 0.173741 -0.746754 -0.008900
v 0.176130 -0.728362 -0.007132
v 0.178111 -0.710454 -0.005671
v 0.179547 -0.691926 -0.003581
v 0.180904 -0.673926 -0.002060
v 0.181781 -0.655632 -0.000431
v 0.183051 -0.637219 0.001024
v 0.184327 -0.619292 0.002507
v 0.183363 -0.600753 0.004791
v 0.181616 -0.582483 0.006681
v 0.184009 -0.564272 0.007615
v 0.184948 -0.545541 0.008601
v 0.182928 -0.527777 0.010308
v 0.176542 -0.510020 0.013456
v 0.182602 -0.492321 0.013119
v 0.181688 -0.473773 0.014835
v 0.186876 -0.455859 0.014391
v 0.182816 -0.440389 0.015364
v 0.187457 -0.425325 0.015476
v 0.193405 -0.410235 0.016217
v 0.187266 -0.395964 0.017416
v 0.189343 -0.379934 0.018277
v 0.187474 -0.227581 0.034450
v 0.181605 -0.230079 0.053874
v 0.176107 -0.232428 0.073281
v 0.163601 -0.233222 0.090445
v 0.148568 -0.232548 0.104858
v 0.132087 -0.228341 0.117175
v 0.117583 -0.219998 0.130429
v 0.110561 -0.203441 0.127239
v 0.002181 -0.373349 0.135173
v 0.001825 -0.386566 0.122086
v 0.000521 -0.398646 0.108714
v -0.000332 -0.409989 0.094837
v -0.001569 -0.419575 0.079680
v -0.004323 -0.426263 0.062768
v -0.005137 -0.430149 0.045131
v -0.005326 -0.432010 0.027078
v -0.002642 -0.450983 0.026370
v -0.001095 -0.470207 0.024835
v 0.004146 -0.487767 0.023690
v 0.007664 -0.506382 0.022040
v 0.010471 -0.524764 0.020831
v 0.013084 -0.543417 0.019558
v 0.015077 -0.561880 0.017765
v 0.017098 -0.580318 0.016973
v 0.018240 -0.598977 0.014958
v 0.019866 -0.617413 0.013900
v 0.021405 -0.635872 0.012776
v 0.022574 -0.654396 0.011622
v 0.024013 -0.672912 0.010829
v 0.025611 -0.691374 0.009701
v 0.028042 -0.709840 0.008817
v 0.030585 -0.728218 0.007938
v 0.032901 -0.747030 0.007275
v 0.035054 -0.765109 0.005943
v 0.037042 -0.783568 0.004946
v 0.038956 -0.802334 0.003660
v 0.040940 -0.820318 0.002358
v 0.042792 -0.839356 0.001116
v 0.044938 -0.857478 -0.000947
v 0.045992 -0.876714 -0.002096
v 0.046393 -0.895105 -0.003093
v 0.046121 -0.913718 -0.003494
v 0.046060 -0.931481 -0.004300
v 0.045352 -0.950314 -0.004933
v 0.045214 -0.966694 -0.005472
v 0.043533 -0.985407 -0.006453
v 0.040901 -1.001942 -0.006874
v 0.038604 -1.009070 -0.006938
v 0.039653 -1.016591 -0.008224
v 0.042768 -1.017284 0.001260
v 0.047998 -1.017343 0.009987
v 0.054766 -1.018556 0.017509
v 0.061404 -1.020372 0.024554
v 0.069204 -1.021184 0.031337
v 0.076811 -1.022127 0.037335
v 0.086186 -1.023290 0.041190
v 0.095704 -1.024464 0.042337
v 0.105953 -1.025236 0.043092
v 0.116178 -1.024855 0.043047
v 0.124552 -1.025769 0.038317
v 0.132642 -1.025374 0.032318
v 0.139225 -1.025319 0.025152
v 0.145285 -1.024908 0.017518
v 0.151694 -1.023270 0.010173
v 0.154956 -1.023144 0.000326
v 0.157421 -1.022357 -0.009248
v 0.160318 -1.020742 -0.018039
v 0.094550 -0.195819 0.139556
v 0.084716 -0.197836 0.145251
v 0.044534 -1.002126 0.002801
v 0.049306 -1.003025 0.011465
v 0.055720 -1.004007 0.019504
v 0.062258 -1.004999 0.027334
v 0.069257 -1.006115 0.034176
v 0.077209 -1.007081 0.040559
v 0.086598 -1.007847 0.045067
v 0.096436 -1.009132 0.046493
v 0.106698 -1.009572 0.046650
v 0.116375 -1.009986 0.044855
v 0.125785 -1.010066 0.041405
v 0.133650 -1.010044 0.035339
v 0.140612 -1.010267 0.028019
v 0.146882 -1.009630 0.020628
v 0.153319 -1.008407 0.013238
v 0.157874 -1.008268 0.003852
v 0.162015 -1.007632 -0.005015
v 0.165365 -1.006469 -0.013943
v 0.187880 -0.236726 0.031477
v 0.184045 -0.238961 0.049324
v 0.178756 -0.241116 0.066460
v 0.168936 -0.242526 0.082845
v 0.157352 -0.242827 0.097579
v 0.142019 -0.240999 0.109694
v 0.126502 -0.236636 0.118636
v 0.111526 -0.227740 0.127023
v 0.108582 -0.224663 0.129236
v 0.106431 -0.221288 0.131339
v 0.100946 -0.203997 0.132484
v 0.101559 -0.185672 0.136330
v 0.081099 -0.256334 0.137748
v 0.061019 -0.971985 0.027399
v 0.155930 -0.977776 0.011266
v 0.147012 -0.362439 0.115413
v 0.054535 -0.987583 0.016811
v 0.066006 -0.988024 0.034079
v 0.114136 -0.944861 0.061363
v 0.182114 -0.360927 0.072175
v 0.102306 -0.975655 0.055388
v 0.191933 -0.360578 0.044646
v 0.101568 -0.992986 0.051424
v 0.130642 -0.983349 0.041759
v 0.029019 -0.486968 0.102322
v 0.023976 -0.325459 0.164732
v 0.026453 -0.287911 0.169188
v 0.050470 -0.390747 0.141674
v 0.026344 -0.251613 0.171935
v 0.017107 -0.340418 0.158998
v 0.063890 -0.216316 0.153564
v 0.062259 -0.203901 0.161217
v 0.073177 -0.205577 0.152558
v 0.083406 -0.220910 0.142611
v 0.027455 -0.220542 0.174953
v 0.177273 -0.300763 0.078859
v 0.187286 -0.260355 0.040577
v 0.059811 -0.252557 0.146881
v 0.073509 -0.288504 0.138293
v 0.106200 -0.252185 0.127302
v 0.161949 -0.984313 -0.006176
v 0.155510 -0.951990 0.006273
v 0.160088 -0.450462 0.102791
v 0.138855 -0.904944 0.035117
v 0.184397 -0.403499 0.061390
v 0.192092 -0.338270 0.040481
v 0.193912 -0.372262 0.033847
v 0.082428 -0.982629 0.048769
v 0.114910 -0.985464 0.047153
v 0.021114 -0.443884 0.107048
v 0.012451 -0.324842 0.162393
v 0.030060 -0.335008 0.159654
v 0.035546 -0.324565 0.159419
v 0.030153 -0.307693 0.167809
v 0.033029 -0.273021 0.165629
v 0.014391 -0.288207 0.165130
v 0.037469 -0.290046 0.163721
v 0.062020 -0.361765 0.143297
v 0.032668 -0.369910 0.142616
v 0.026795 -0.402425 0.126291
v 0.034596 -0.237847 0.171479
v 0.014534 -0.252030 0.167795
v 0.036316 -0.255287 0.164690
v 0.051298 -0.217988 0.159575
v 0.038856 -0.219900 0.170949
v 0.014886 -0.218404 0.176601
v 0.175288 -0.270558 0.077032
v 0.188611 -0.305528 0.049532
v 0.189206 -0.271165 0.029692
v 0.187377 -0.254304 0.026695
v 0.186841 -0.247455 0.040773
v 0.182706 -0.256295 0.059187
v 0.048721 -0.253825 0.153092
v 0.056773 -0.270894 0.146050
v 0.056122 -0.235167 0.152284
v 0.056800 -0.289220 0.146235
v 0.113635 -0.240978 0.125123
v 0.127774 -0.258965 0.116768
v 0.158610 -0.992426 0.008592
v 0.165233 -0.994823 -0.009356
v 0.160393 -0.965728 -0.002291
v 0.158667 -0.951750 -0.009887
v 0.158042 -0.933752 -0.000457
v 0.181815 -0.449703 0.062069
v 0.154704 -0.902864 0.010584
v 0.192317 -0.403596 0.038359
v 0.192357 -0.337715 0.027774
v 0.192237 -0.321540 0.033753
v 0.193821 -0.359479 0.030908
v 0.189882 -0.381582 0.055907
v 0.094353 -0.984484 0.052867
v 0.114814 -0.996766 0.048046
v 0.012879 -0.427018 0.094584
v 0.016260 -0.306345 0.165176
v 0.018398 -0.269991 0.168307
v 0.047699 -0.349899 0.147991
v 0.081122 -0.329593 0.136043
v 0.025873 -0.357638 0.145967
v 0.016970 -0.368662 0.138748
v 0.026856 -0.384583 0.130542
v 0.013196 -0.396457 0.119101
v 0.019368 -0.234429 0.173011
v 0.175584 -0.254771 0.076836
v 0.191213 -0.304657 0.032168
v 0.184921 -0.282405 0.054237
v 0.131851 -0.247152 0.115176
v 0.146988 -0.259927 0.105860
v 0.144923 -0.990543 0.024566
v 0.155280 -0.963000 0.012229
v 0.137027 -0.949281 0.033670
v 0.148175 -0.954735 0.021105
v 0.159806 -0.934639 -0.012387
v 0.159821 -0.918165 -0.003727
v 0.182991 -0.449205 0.037495
v 0.159512 -0.902716 -0.006406
v 0.157749 -0.882793 0.006011
v 0.191885 -0.402934 0.026475
v 0.189747 -0.388323 0.032880
v 0.188935 -0.325578 0.054178
v 0.192870 -0.372898 0.046060
v 0.188677 -0.365830 0.058780
v 0.187471 -0.345683 0.059427
v 0.127720 -0.996302 0.039745
v 0.137860 -0.990105 0.035797
v 0.006638 -0.417849 0.088716
v 0.004450 -0.434911 0.076529
v 0.014855 -0.412824 0.108156
v 0.046641 -0.364542 0.143785
v 0.066330 -0.310606 0.140880
v 0.062099 -0.336716 0.143898
v 0.013196 -0.379877 0.127575
v 0.190718 -0.288097 0.031860
v 0.187084 -0.272930 0.044049
v 0.164053 -0.264196 0.092541
v 0.151531 -0.997449 0.018148
v 0.146426 -0.930904 0.021597
v 0.141186 -0.966371 0.035289
v 0.149147 -0.971119 0.022070
v 0.183359 -0.448602 0.025303
v 0.160856 -0.884097 -0.006332
v 0.192759 -0.392239 0.045931
v 0.190899 -0.328287 0.043502
v 0.046023 -0.377657 0.143179
v 0.065345 -0.298186 0.141389
v 0.052691 -0.307462 0.148583
v 0.056879 -0.322187 0.144535
v 0.051563 -0.339983 0.147806
v 0.162945 -0.251807 0.090702
v 0.143436 -0.944424 0.023049
v 0.155323 -0.921538 0.012621
v 0.069679 -0.322789 0.139356
v 0.145077 -0.915723 0.022646
v 0.145959 -0.902203 0.021472
v 0.109546 -0.789686 0.082407
v 0.104622 -0.603662 0.111351
v 0.053075 -0.958655 0.013561
v 0.048627 -0.976318 0.006654
v 0.047093 -0.990577 0.005441
v 0.061168 -0.983431 0.024842
v 0.060459 -0.994654 0.023989
v 0.080256 -0.884390 0.064300
v 0.009404 -0.481305 0.065522
v 0.021525 -0.537289 0.078026
v 0.095014 -0.216559 0.136109
v 0.032815 -0.207239 0.175605
v 0.166970 -0.522322 0.082459
v 0.081024 -0.949599 0.052312
v 0.070716 -0.974486 0.040912
v 0.082675 -0.965128 0.052488
v 0.067807 -0.956623 0.037827
v 0.098367 -0.956732 0.060120
v 0.076350 -0.993773 0.042423
v 0.088219 -0.994737 0.049168
v 0.068654 -0.263256 0.141843
v 0.069127 -0.276455 0.140863
v 0.074080 -0.238801 0.143815
v 0.092872 -0.236153 0.135891
v 0.186608 -0.484761 0.050766
v 0.038545 -0.395473 0.133247
v 0.055560 -0.435274 0.136030
v 0.037973 -0.384892 0.137714
v 0.055333 -0.412638 0.136857
v 0.049705 -0.401379 0.136862
v 0.134997 -0.311042 0.117115
v 0.188271 -0.465626 0.030112
v 0.162009 -0.862647 0.003914
v 0.143427 -0.866732 0.042158
v 0.141102 -0.884832 0.034846
v 0.183912 -0.312267 0.067076
v 0.184138 -0.297264 0.061048
v 0.167071 -0.334602 0.095223
v 0.179737 -0.284552 0.071251
v 0.174468 -0.319523 0.084407
v 0.181734 -0.271299 0.061997
v 0.181776 -0.328532 0.071214
v 0.175303 -0.333358 0.082890
v 0.172546 -0.352908 0.088489
v 0.186280 -0.334642 0.061813
v 0.191039 -0.348408 0.047016
v 0.010763 -0.442452 0.090244
v 0.004590 -0.457917 0.071968
v 0.019883 -0.465032 0.095624
v 0.004485 -0.447027 0.078262
v 0.010459 -0.458661 0.085315
v 0.014222 -0.475676 0.082177
v 0.016987 -0.452660 0.097357
v 0.009698 -0.470374 0.071272
v 0.000821 -0.462757 0.048535
v 0.017460 -0.502590 0.081402
v 0.020740 -0.478674 0.094589
v 0.016990 -0.489129 0.085121
v 0.020477 -0.427725 0.110468
v 0.035189 -0.438406 0.125951
v 0.025165 -0.416330 0.120152
v 0.026157 -0.437204 0.116500
v 0.039031 -0.414265 0.131555
v 0.033915 -0.425455 0.127039
v 0.048903 -0.423499 0.134088
v 0.080557 -0.350842 0.138865
v 0.165072 -0.286984 0.092745
v 0.173137 -0.288887 0.082868
v 0.153207 -0.940545 0.012045
v 0.126692 -0.959249 0.049006
v 0.117422 -0.969605 0.053851
v 0.114636 -0.957169 0.057730
v 0.059609 -0.793334 0.059734
v 0.155467 -0.795021 0.044245
v 0.139136 -0.704320 0.081231
v 0.041801 -0.610495 0.081026
v 0.159356 -0.631397 0.070714
v 0.048098 -0.957962 0.002039
v 0.051687 -0.941314 0.012317
v 0.055513 -0.969386 0.015773
v 0.062114 -0.867621 0.033745
v 0.066705 -0.904759 0.029748
v 0.007584 -0.499175 0.047088
v 0.013117 -0.536315 0.048612
v 0.019831 -0.206099 0.181944
v 0.181789 -0.558055 0.055160
v 0.058776 -0.959055 0.026641
v 0.093753 -0.937666 0.063636
v 0.094159 -0.965779 0.057942
v 0.070283 -0.226348 0.147547
v 0.071505 -0.250437 0.142825
v 0.083328 -0.231960 0.140915
v 0.083561 -0.244385 0.138312
v 0.186977 -0.521137 0.048793
v 0.184018 -0.502163 0.034962
v 0.135823 -0.284367 0.113536
v 0.186500 -0.462749 0.048851
v 0.187731 -0.474199 0.041274
v 0.161285 -0.874037 -0.002780
v 0.164351 -0.848144 -0.003002
v 0.156715 -0.840278 0.027713
v 0.160928 -0.847700 0.015252
v 0.164052 -0.828682 0.005015
v 0.153723 -0.857154 0.029623
v 0.161024 -0.835395 0.017231
v 0.161404 -0.812032 0.025296
v 0.162968 -0.822047 0.019315
v 0.165988 -0.810011 0.003702
v 0.163358 -0.840313 0.005063
v 0.149513 -0.885550 0.020185
v 0.154586 -0.872594 0.014568
v 0.118488 -0.882654 0.068726
v 0.158323 -0.312088 0.103565
v 0.180454 -0.345111 0.075408
v 0.159012 -0.350293 0.105589
v 0.170244 -0.389302 0.094758
v 0.003904 -0.480188 0.041469
v -0.001482 -0.460798 0.035020
v -0.004590 -0.446593 0.044205
v -0.001089 -0.445621 0.061593
v -0.004011 -0.443887 0.033203
v 0.000101 -0.457112 0.059917
v 0.000139 -0.434366 0.065160
v 0.035065 -0.463299 0.120431
v 0.025841 -0.457219 0.110981
v 0.032647 -0.450672 0.122005
v 0.052322 -0.454739 0.131253
v 0.074862 -0.339693 0.139287
v 0.167440 -0.275058 0.087339
v 0.152468 -0.277095 0.103240
v 0.134671 -0.958717 0.039243
v 0.125825 -0.944657 0.046167
v 0.135548 -0.930717 0.038246
v 0.138681 -0.918557 0.036156
v 0.123584 -0.909272 0.059658
v 0.131850 -0.912294 0.044805
v 0.128254 -0.892314 0.053020
v 0.119632 -0.925858 0.060969
v 0.131402 -0.969632 0.043913
v 0.046058 -0.793686 0.032054
v 0.051156 -0.739262 0.063544
v 0.166972 -0.775879 0.020541
v 0.164679 -0.721917 0.041460
v 0.022267 -0.610604 0.050314
v 0.040681 -0.666049 0.068316
v 0.179774 -0.630482 0.038162
v 0.047834 -0.941674 0.000938
v 0.052670 -0.921925 0.013057
v 0.052461 -0.868144 0.015148
v 0.055553 -0.830782 0.038508
v 0.006637 -0.498411 0.033024
v 0.009461 -0.517024 0.039918
v 0.011551 -0.535427 0.032213
v 0.014478 -0.555075 0.039578
v 0.187578 -0.556535 0.030960
v 0.090648 -0.948268 0.059914
v 0.073976 -0.924538 0.046283
v 0.182218 -0.520377 0.029727
v 0.182850 -0.501772 0.021775
v 0.136620 -0.269822 0.112212
v 0.186868 -0.483670 0.028005
v 0.164738 -0.829703 -0.008626
v 0.166958 -0.811414 -0.007705
v 0.168191 -0.793465 0.000786
v 0.169624 -0.777641 0.003623
v 0.165148 -0.799010 0.017092
v 0.167986 -0.787031 0.013932
v 0.162278 -0.788005 0.030195
v 0.159886 -0.801083 0.031724
v 0.149059 -0.871744 0.027266
v 0.166365 -0.321009 0.096197
v 0.168201 -0.306334 0.090922
v 0.166718 -0.345813 0.096350
v 0.149962 -0.331383 0.111453
v 0.174643 -0.372313 0.086333
v 0.006740 -0.487046 0.053010
v 0.011585 -0.499252 0.064926
v 0.005138 -0.475036 0.054158
v 0.011279 -0.512317 0.055723
v 0.011974 -0.523692 0.051114
v 0.015857 -0.532284 0.063868
v 0.018481 -0.553879 0.062851
v 0.018701 -0.519883 0.077214
v 0.018482 -0.543158 0.067222
v 0.045577 -0.523465 0.110402
v 0.014370 -0.511201 0.068745
v 0.029197 -0.514917 0.097071
v 0.021930 -0.512845 0.086966
v 0.025910 -0.527360 0.089346
v 0.035023 -0.526722 0.100923
v 0.057161 -0.570367 0.105397
v 0.048248 -0.547671 0.105960
v 0.043642 -0.535326 0.106380
v 0.032173 -0.545191 0.093064
v 0.025085 -0.554225 0.079479
v 0.026429 -0.584521 0.069185
v 0.037969 -0.565849 0.094045
v 0.023421 -0.568169 0.070661
v 0.031999 -0.556485 0.089592
v 0.017069 -0.569463 0.051440
v 0.031643 -0.576335 0.082394
v 0.036108 -0.593561 0.082932
v 0.046835 -0.443079 0.130927
v 0.110473 -0.454498 0.137508
v 0.149760 -0.295248 0.107372
v 0.120550 -0.894769 0.065775
v 0.099913 -0.892067 0.072252
v 0.135715 -0.893473 0.042219
v 0.133481 -0.880183 0.045438
v 0.127707 -0.930711 0.049037
v 0.107719 -0.932359 0.065358
v 0.090250 -0.914424 0.066549
v 0.096120 -0.925640 0.066571
v 0.108700 -0.914204 0.067906
v 0.083403 -0.923585 0.058349
v 0.081545 -0.936139 0.050144
v 0.068497 -0.940384 0.035349
v 0.098716 -0.904688 0.070132
v 0.083602 -0.899759 0.063692
v 0.080006 -0.911559 0.049566
v 0.071047 -0.915891 0.037118
v 0.060788 -0.917213 0.025234
v 0.054685 -0.904985 0.012728
v 0.040024 -0.793178 0.016840
v 0.045643 -0.812860 0.022983
v 0.039747 -0.774593 0.025806
v 0.037852 -0.739110 0.035679
v 0.171018 -0.757143 0.010832
v 0.169276 -0.768794 0.010892
v 0.173852 -0.720780 0.017567
v 0.172646 -0.685207 0.034829
v 0.019250 -0.609549 0.031249
v 0.025634 -0.647201 0.045029
v 0.031167 -0.683930 0.042248
v 0.185235 -0.630075 0.019234
v 0.182878 -0.594363 0.042124
v 0.047356 -0.867753 0.004491
v 0.050743 -0.848660 0.016058
v 0.009444 -0.515799 0.028127
v 0.014035 -0.553156 0.026433
v 0.186121 -0.555637 0.017230
v 0.187392 -0.574701 0.024194
v 0.183384 -0.513437 0.039913
v 0.186781 -0.503381 0.057689
v 0.187760 -0.537835 0.036961
v 0.186656 -0.542651 0.023422
v 0.186796 -0.490561 0.038692
v 0.158284 -0.338546 0.104266
v 0.146164 -0.346593 0.114179
v 0.127678 -0.332521 0.125056
v 0.139867 -0.336458 0.118179
v 0.176578 -0.361390 0.082326
v 0.166390 -0.363784 0.099514
v 0.181035 -0.387683 0.075899
v 0.183454 -0.374742 0.070155
v 0.012855 -0.490115 0.073233
v 0.014865 -0.548724 0.050930
v 0.059792 -0.491191 0.125037
v 0.015715 -0.571143 0.033287
v 0.018494 -0.589720 0.044873
v 0.017119 -0.578270 0.043559
v 0.027240 -0.603066 0.067732
v 0.058849 -0.598079 0.101610
v 0.081292 -0.449937 0.137326
v 0.137343 -0.297897 0.114152
v 0.105539 -0.294366 0.126765
v 0.121871 -0.292375 0.121765
v 0.119469 -0.274420 0.122290
v 0.116175 -0.309766 0.124959
v 0.114654 -0.262316 0.123083
v 0.146799 -0.308089 0.109375
v 0.160692 -0.298256 0.098839
v 0.096763 -0.868268 0.074467
v 0.072925 -0.947968 0.042715
v 0.064936 -0.925988 0.034242
v 0.058148 -0.937557 0.025145
v 0.061037 -0.885611 0.022904
v 0.048338 -0.904951 0.002813
v 0.041581 -0.811694 0.010905
v 0.046419 -0.830792 0.017781
v 0.054031 -0.809593 0.044910
v 0.036797 -0.774933 0.013425
v 0.050547 -0.777413 0.046941
v 0.035479 -0.757046 0.023127
v 0.032656 -0.738280 0.020115
v 0.032398 -0.719377 0.028990
v 0.031200 -0.726949 0.020151
v 0.172526 -0.756592 -0.001879
v 0.173974 -0.738896 0.009131
v 0.176872 -0.719778 0.003841
v 0.178117 -0.702102 0.013474
v 0.180940 -0.666427 0.021867
v 0.022739 -0.646172 0.027189
v 0.026132 -0.665167 0.034619
v 0.021548 -0.628716 0.036955
v 0.024761 -0.654159 0.035569
v 0.022869 -0.639599 0.036522
v 0.026443 -0.683272 0.025023
v 0.028928 -0.701400 0.026155
v 0.027556 -0.676228 0.034308
v 0.185123 -0.611811 0.030594
v 0.056721 -0.857890 0.024884
v 0.062593 -0.848904 0.045510
v 0.055080 -0.844589 0.030495
v 0.184027 -0.573913 0.013083
v 0.185950 -0.570333 0.042374
v 0.172176 -0.580666 0.063539
v 0.186627 -0.582925 0.035969
v 0.180569 -0.581507 0.050217
v 0.178250 -0.570406 0.057287
v 0.160503 -0.555085 0.083522
v 0.168148 -0.566083 0.071895
v 0.172837 -0.547711 0.069901
v 0.142443 -0.591221 0.096673
v 0.154602 -0.575532 0.086914
v 0.160460 -0.566699 0.081533
v 0.171251 -0.482236 0.084829
v 0.182250 -0.469548 0.070203
v 0.184420 -0.461243 0.062038
v 0.179905 -0.518321 0.067943
v 0.187829 -0.526704 0.037966
v 0.186551 -0.549903 0.043983
v 0.186116 -0.530599 0.022785
v 0.175714 -0.383238 0.085083
v 0.176931 -0.409481 0.083384
v 0.185829 -0.391234 0.063683
v 0.050896 -0.473861 0.127105
v 0.017608 -0.590566 0.028680
v 0.019206 -0.601829 0.041213
v 0.022031 -0.593079 0.059053
v 0.019933 -0.580531 0.057738
v 0.048086 -0.600038 0.090297
v 0.047916 -0.583977 0.097656
v 0.047073 -0.572516 0.098860
v 0.065675 -0.446944 0.136543
v 0.069618 -0.466690 0.134283
v 0.125718 -0.303392 0.121960
v 0.093807 -0.312316 0.133416
v 0.080791 -0.302627 0.135300
v 0.080983 -0.315754 0.135914
v 0.093509 -0.299411 0.131219
v 0.125904 -0.319559 0.123229
v 0.107765 -0.328232 0.128794
v 0.091826 -0.881036 0.071452
v 0.105672 -0.878531 0.072538
v 0.061445 -0.898203 0.021125
v 0.071702 -0.887076 0.042691
v 0.077799 -0.897810 0.049546
v 0.059209 -0.875294 0.022942
v 0.052773 -0.881348 0.010700
v 0.049720 -0.823501 0.029044
v 0.047992 -0.805884 0.033445
v 0.044688 -0.782118 0.035321
v 0.044080 -0.762833 0.039001
v 0.054068 -0.760506 0.060315
v 0.039528 -0.751854 0.034774
v 0.045020 -0.745590 0.049343
v 0.050468 -0.766133 0.049922
v 0.041186 -0.723115 0.050752
v 0.041588 -0.734231 0.047007
v 0.168529 -0.735542 0.028604
v 0.179059 -0.701645 0.001550
v 0.180661 -0.684041 0.014325
v 0.171529 -0.707846 0.030988
v 0.182256 -0.665321 0.008217
v 0.181904 -0.647152 0.027584
v 0.183372 -0.652814 0.013652
v 0.032343 -0.669491 0.052087
v 0.033542 -0.654528 0.058583
v 0.047618 -0.640196 0.082868
v 0.030977 -0.630717 0.063377
v 0.040937 -0.651211 0.073115
v 0.030598 -0.641805 0.056354
v 0.025389 -0.631060 0.050463
v 0.038046 -0.638311 0.072443
v 0.042306 -0.625708 0.080520
v 0.058068 -0.619055 0.096462
v 0.048768 -0.618138 0.087834
v 0.023686 -0.664463 0.020909
v 0.020897 -0.617584 0.040446
v 0.020258 -0.620914 0.026931
v 0.029407 -0.711227 0.020830
v 0.174750 -0.613173 0.052021
v 0.184321 -0.623393 0.029789
v 0.185662 -0.616245 0.016804
v 0.072033 -0.865819 0.056559
v 0.081533 -0.869485 0.068860
v 0.081818 -0.835107 0.077200
v 0.077647 -0.851301 0.069396
v 0.187646 -0.593056 0.020905
v 0.186851 -0.604491 0.016415
v 0.174337 -0.558281 0.065649
v 0.164251 -0.538914 0.081889
v 0.174384 -0.532434 0.071610
v 0.114084 -0.524245 0.120406
v 0.183413 -0.540389 0.057715
v 0.143009 -0.527716 0.105495
v 0.154801 -0.529192 0.094660
v 0.153668 -0.501420 0.100692
v 0.146819 -0.547777 0.099167
v 0.151584 -0.516124 0.099890
v 0.161531 -0.511390 0.090488
v 0.131398 -0.504036 0.116503
v 0.165584 -0.496564 0.088888
v 0.140574 -0.514527 0.108957
v 0.127223 -0.517831 0.116570
v 0.156037 -0.545175 0.090311
v 0.147659 -0.536297 0.100463
v 0.173721 -0.507885 0.078147
v 0.159613 -0.597503 0.077015
v 0.181296 -0.488587 0.069901
v 0.174739 -0.494876 0.078720
v 0.186394 -0.514344 0.058541
v 0.182010 -0.401049 0.074336
v 0.045634 -0.463709 0.127546
v 0.036980 -0.479015 0.116633
v 0.027234 -0.472911 0.107109
v 0.042006 -0.500421 0.113957
v 0.047743 -0.486371 0.121504
v 0.036113 -0.490593 0.111630
v 0.031835 -0.500751 0.101531
v 0.022860 -0.497981 0.092435
v 0.038793 -0.583818 0.089197
v 0.057801 -0.465122 0.132307
v 0.063613 -0.478272 0.129302
v 0.095887 -0.493494 0.129670
v 0.078729 -0.488972 0.128165
v 0.091597 -0.468986 0.136733
v 0.106037 -0.316365 0.128856
v 0.093895 -0.325704 0.132887
v 0.098436 -0.344246 0.135631
v 0.065013 -0.879866 0.034521
v 0.052844 -0.892085 0.008220
v 0.035306 -0.708344 0.042600
v 0.051125 -0.698556 0.073636
v 0.031792 -0.696175 0.038543
v 0.039599 -0.696382 0.057130
v 0.041863 -0.709837 0.056177
v 0.039209 -0.680973 0.062381
v 0.053264 -0.679555 0.078864
v 0.058202 -0.659448 0.087397
v 0.049943 -0.651827 0.082290
v 0.172649 -0.731569 0.018407
v 0.169910 -0.723409 0.029445
v 0.147774 -0.756454 0.062374
v 0.156032 -0.772276 0.046251
v 0.157503 -0.783432 0.040745
v 0.169880 -0.746825 0.020355
v 0.162422 -0.752488 0.040601
v 0.177864 -0.677692 0.025638
v 0.175997 -0.693343 0.023903
v 0.160839 -0.699182 0.054841
v 0.182975 -0.636365 0.028568
v 0.168176 -0.651823 0.052912
v 0.172527 -0.666828 0.041090
v 0.184056 -0.640314 0.013718
v 0.032030 -0.617287 0.070327
v 0.026344 -0.619846 0.058606
v 0.181042 -0.606493 0.042171
v 0.066207 -0.860539 0.045731
v 0.069232 -0.853033 0.057025
v 0.067139 -0.833089 0.060186
v 0.073407 -0.878817 0.053709
v 0.096105 -0.850096 0.077027
v 0.119144 -0.858027 0.069769
v 0.133041 -0.863746 0.056949
v 0.142342 -0.845371 0.047658
v 0.124333 -0.871624 0.064532
v 0.128827 -0.848333 0.059755
v 0.140471 -0.856655 0.049911
v 0.131083 -0.814783 0.058699
v 0.113212 -0.842303 0.072808
v 0.134231 -0.831690 0.057596
v 0.150483 -0.826793 0.045903
v 0.158559 -0.823719 0.033016
v 0.154210 -0.811599 0.044340
v 0.116675 -0.824640 0.067526
v 0.141912 -0.834104 0.048949
v 0.139894 -0.821329 0.051519
v 0.144546 -0.801534 0.058154
v 0.123881 -0.836315 0.065026
v 0.147689 -0.784049 0.057760
v 0.127434 -0.796507 0.071260
v 0.148148 -0.769448 0.060311
v 0.125860 -0.767275 0.079789
v 0.135954 -0.778037 0.070302
v 0.134020 -0.804018 0.063542
v 0.138590 -0.791502 0.064984
v 0.138207 -0.763539 0.071657
v 0.132386 -0.735062 0.081393
v 0.130951 -0.751448 0.079631
v 0.122528 -0.781613 0.078492
v 0.142699 -0.742953 0.071313
v 0.088242 -0.739168 0.089747
v 0.155569 -0.739384 0.055215
v 0.146951 -0.721963 0.070093
v 0.107573 -0.753148 0.086750
v 0.141730 -0.731859 0.074117
v 0.135283 -0.719551 0.081868
v 0.120401 -0.757165 0.084982
v 0.106216 -0.771571 0.086689
v 0.100920 -0.701917 0.097374
v 0.112149 -0.723676 0.093178
v 0.124849 -0.725895 0.087567
v 0.115137 -0.739167 0.089813
v 0.101929 -0.733962 0.092468
v 0.094793 -0.718036 0.093867
v 0.074481 -0.701075 0.089608
v 0.086710 -0.706240 0.093568
v 0.186354 -0.600408 0.031146
v 0.183871 -0.527860 0.059912
v 0.149226 -0.561834 0.095159
v 0.115609 -0.567558 0.114734
v 0.134366 -0.561445 0.106449
v 0.153105 -0.588746 0.086469
v 0.162948 -0.583368 0.075698
v 0.186026 -0.492389 0.059593
v 0.185156 -0.479114 0.062398
v 0.178462 -0.479049 0.075848
v 0.072901 -0.516867 0.121646
v 0.063136 -0.533961 0.114705
v 0.081673 -0.462402 0.136613
v 0.090481 -0.481835 0.130861
v 0.078604 -0.476094 0.131205
v 0.115652 -0.343345 0.127962
v 0.113038 -0.388313 0.138578
v 0.131126 -0.354443 0.125289
v 0.109894 -0.365306 0.135192
v 0.108527 -0.352900 0.132746
v 0.094582 -0.359546 0.138633
v 0.097516 -0.377237 0.141873
v 0.109675 -0.376831 0.137920
v 0.132896 -0.378051 0.127711
v 0.079947 -0.369505 0.142033
v 0.065861 -0.381377 0.145178
v 0.073576 -0.359595 0.141680
v 0.087472 -0.405797 0.143810
v 0.096775 -0.393106 0.143846
v 0.080632 -0.390580 0.143473
v 0.066442 -0.400642 0.145421
v 0.085962 -0.380413 0.142495
v 0.073982 -0.418199 0.141956
v 0.070701 -0.433029 0.140831
v 0.046766 -0.687252 0.071228
v 0.050331 -0.667030 0.079042
v 0.163839 -0.766373 0.032993
v 0.167471 -0.758487 0.023802
v 0.155310 -0.759089 0.051067
v 0.165616 -0.708233 0.044657
v 0.169492 -0.696908 0.038663
v 0.157178 -0.715023 0.058082
v 0.151149 -0.703252 0.068628
v 0.153709 -0.727630 0.059756
v 0.154244 -0.673525 0.069944
v 0.146188 -0.687901 0.077337
v 0.156282 -0.687646 0.064416
v 0.118324 -0.651781 0.101800
v 0.123428 -0.685219 0.094959
v 0.165520 -0.684395 0.050541
v 0.134842 -0.691690 0.087008
v 0.120661 -0.704493 0.093076
v 0.138634 -0.669150 0.087634
v 0.133586 -0.679914 0.089907
v 0.123694 -0.667809 0.097544
v 0.130082 -0.710187 0.087231
v 0.145936 -0.676106 0.079691
v 0.089012 -0.669608 0.100568
v 0.085765 -0.687740 0.097173
v 0.106482 -0.664683 0.102586
v 0.175902 -0.644361 0.041841
v 0.170216 -0.632240 0.054918
v 0.177049 -0.656116 0.035878
v 0.061326 -0.836675 0.048480
v 0.074019 -0.840621 0.067548
v 0.073763 -0.810872 0.074350
v 0.067656 -0.873162 0.044523
v 0.085075 -0.846088 0.076080
v 0.087557 -0.858289 0.075166
v 0.106105 -0.858589 0.075311
v 0.151355 -0.848135 0.038384
v 0.099072 -0.835548 0.079136
v 0.088385 -0.819726 0.083197
v 0.111931 -0.807586 0.076768
v 0.163148 -0.738673 0.042087
v 0.160117 -0.729257 0.049668
v 0.085038 -0.760266 0.087033
v 0.063147 -0.691438 0.081678
v 0.130977 -0.542714 0.111093
v 0.123979 -0.530880 0.117017
v 0.107820 -0.546748 0.118936
v 0.130676 -0.580225 0.106113
v 0.143019 -0.575226 0.098214
v 0.083676 -0.504833 0.125780
v 0.069123 -0.502675 0.123417
v 0.055056 -0.503836 0.119730
v 0.092396 -0.523331 0.123920
v 0.099685 -0.509072 0.124850
v 0.116057 -0.506059 0.122644
v 0.084319 -0.515929 0.123791
v 0.122782 -0.478626 0.127312
v 0.106726 -0.477320 0.132084
v 0.123126 -0.493080 0.123355
v 0.144658 -0.482668 0.111657
v 0.110635 -0.494309 0.125984
v 0.133115 -0.484440 0.119411
v 0.116658 -0.466605 0.133756
v 0.137553 -0.446617 0.125219
v 0.136026 -0.465633 0.123141
v 0.125075 -0.453884 0.132833
v 0.157779 -0.484732 0.099539
v 0.153549 -0.467268 0.107402
v 0.058487 -0.520461 0.117207
v 0.067132 -0.553987 0.113905
v 0.136327 -0.366473 0.124100
v 0.123347 -0.367562 0.131375
v 0.076132 -0.407700 0.144623
v 0.097106 -0.429906 0.143984
v 0.083976 -0.428223 0.142058
v 0.117897 -0.435201 0.137542
v 0.092454 -0.418091 0.143128
v 0.112589 -0.409684 0.139881
v 0.107998 -0.398601 0.141266
v 0.163726 -0.667432 0.056486
v 0.112310 -0.693665 0.097458
v 0.109615 -0.679108 0.100038
v 0.099672 -0.688357 0.098865
v 0.109530 -0.711342 0.095269
v 0.071470 -0.674366 0.092917
v 0.175598 -0.624328 0.047819
v 0.166181 -0.620091 0.063376
v 0.167777 -0.604473 0.064325
v 0.156035 -0.615215 0.078508
v 0.174881 -0.594363 0.056061
v 0.167532 -0.592260 0.067496
v 0.163262 -0.642330 0.062636
v 0.149248 -0.649836 0.080457
v 0.149776 -0.663301 0.077823
v 0.073951 -0.824116 0.071616
v 0.063263 -0.816562 0.059154
v 0.065109 -0.804555 0.065290
v 0.079033 -0.784928 0.083137
v 0.068817 -0.791743 0.073405
v 0.065023 -0.773107 0.073640
v 0.057775 -0.774430 0.059934
v 0.057454 -0.820715 0.047962
v 0.113319 -0.868862 0.071860
v 0.103154 -0.822653 0.075017
v 0.120561 -0.813882 0.067747
v 0.116984 -0.797813 0.077380
v 0.098533 -0.762013 0.087539
v 0.137967 -0.550528 0.105605
v 0.122356 -0.554358 0.113796
v 0.126942 -0.569655 0.109422
v 0.112127 -0.586011 0.112971
v 0.078345 -0.531787 0.121340
v 0.072679 -0.542646 0.117459
v 0.087681 -0.556918 0.118850
v 0.092721 -0.539117 0.121363
v 0.105774 -0.534066 0.120838
v 0.163729 -0.472078 0.094830
v 0.148825 -0.454242 0.114914
v 0.145072 -0.471638 0.114231
v 0.059160 -0.545071 0.111964
v 0.055541 -0.557737 0.107390
v 0.105352 -0.442045 0.140402
v 0.091544 -0.441878 0.141433
v 0.110970 -0.423665 0.140598
v 0.130917 -0.400107 0.130710
v 0.128975 -0.419428 0.131918
v 0.081308 -0.677556 0.096973
v 0.074456 -0.658103 0.097449
v 0.093831 -0.643014 0.105407
v 0.093998 -0.656639 0.103429
v 0.105189 -0.649646 0.105143
v 0.116493 -0.626363 0.105857
v 0.106658 -0.636276 0.106520
v 0.099227 -0.620243 0.109408
v 0.111607 -0.614547 0.108766
v 0.133749 -0.611749 0.100109
v 0.080656 -0.605559 0.109114
v 0.093540 -0.609469 0.110454
v 0.074108 -0.687336 0.089643
v 0.149165 -0.604047 0.088143
v 0.145259 -0.630986 0.087743
v 0.145955 -0.617381 0.089225
v 0.087674 -0.802191 0.084535
v 0.098747 -0.810590 0.081911
v 0.100995 -0.798984 0.083234
v 0.095176 -0.782427 0.086772
v 0.083707 -0.773190 0.085902
v 0.066347 -0.754179 0.077011
v 0.075465 -0.571342 0.113556
v 0.098018 -0.573740 0.115926
v 0.084026 -0.546496 0.119198
v 0.123820 -0.408999 0.133860
v 0.130823 -0.433805 0.131920
v 0.152939 -0.427908 0.113386
v 0.141371 -0.424572 0.123516
v 0.144931 -0.436666 0.120229
v 0.062957 -0.643276 0.094357
v 0.129233 -0.596442 0.104505
v 0.117893 -0.603065 0.108260
v 0.151996 -0.637897 0.079015
v 0.153091 -0.626381 0.079567
v 0.135262 -0.645891 0.093903
v 0.129041 -0.656507 0.096120
v 0.076533 -0.800336 0.078301
v 0.060863 -0.762501 0.070984
v 0.072984 -0.764935 0.080857
v 0.077598 -0.748052 0.085296
v 0.065921 -0.725141 0.081670
v 0.075016 -0.735259 0.085175
v 0.079482 -0.718084 0.087008
v 0.061614 -0.738378 0.075921
v 0.088277 -0.727204 0.088809
v 0.056480 -0.750439 0.067867
v 0.076485 -0.559934 0.116134
v 0.066083 -0.564978 0.111218
v 0.066817 -0.584200 0.106971
v 0.070770 -0.596270 0.107795
v 0.087813 -0.589098 0.113389
v 0.077726 -0.582597 0.112509
v 0.109030 -0.576088 0.114425
v 0.104245 -0.560716 0.117632
v 0.086494 -0.568327 0.116819
v 0.078059 -0.643765 0.101493
v 0.084379 -0.628749 0.106219
v 0.055660 -0.631792 0.091647
v 0.069067 -0.630507 0.100276
v 0.074271 -0.617866 0.105846
v 0.064637 -0.609710 0.102845
v 0.140330 -0.656432 0.088112
v 0.144248 -0.642061 0.087042
v 0.131743 -0.630309 0.098415
v 0.121548 -0.638702 0.102407
v 0.100680 -0.591736 0.113329
v 0.188175 -0.426626 0.048838
v 0.187972 -0.292689 0.045802
v 0.156670 -0.379526 0.109024
v 0.145836 -0.377094 0.117710
v 0.153485 -0.403787 0.112732
v 0.150270 -0.415725 0.115674
v 0.149882 -0.389957 0.115659
v 0.165767 -0.415830 0.101234
v 0.142955 -0.399924 0.121460
v 0.160430 -0.393350 0.106562
v 0.139180 -0.411857 0.124332
v 0.168495 -0.402935 0.097149
v 0.166572 -0.376970 0.098802
v 0.156848 -0.366994 0.108344
v 0.165767 -0.433959 0.099542
v 0.156974 -0.439460 0.107757
v 0.175588 -0.448501 0.082924
v 0.173585 -0.424307 0.088194
v 0.168857 -0.444918 0.093449
v 0.168391 -0.459001 0.091469
v 0.177109 -0.461113 0.079989
v 0.180677 -0.422504 0.069638
v 0.183948 -0.415957 0.057547
v 0.179025 -0.434465 0.077779
v 0.182026 -0.444844 0.073213
v 0.185536 -0.435338 0.061403
v 0.182887 -0.442149 0.049266
v 0.182266 -0.455756 0.072000
v 0.052362 -0.795407 0.046349
v 0.038281 -0.511988 0.107937
v 0.144199 -0.497251 0.109138
v 0.158714 -0.656344 0.066587
v 0.095465 -0.455084 0.139699
v 0.125601 -0.388181 0.133506
v 0.119735 -0.397897 0.136519
v 0.052606 -0.716144 0.070946
v 0.047418 -0.706565 0.066136
v 0.054224 -0.728665 0.069850
v 0.062584 -0.709666 0.081701
v 0.188363 -0.433162 0.031948
v 0.192184 -0.417843 0.030695
v 0.187694 -0.415010 0.042855
v 0.092143 -0.276005 0.132277
v 0.105749 -0.272857 0.126480
v 0.080469 -0.269528 0.136541
v 0.086711 -0.287917 0.134577
v 0.094732 -0.261546 0.132252
v -0.036341 -1.016664 -0.026057
v -0.034576 -1.008563 -0.025692
v -0.036775 -1.001498 -0.024779
v -0.038785 -0.984026 -0.022792
v -0.039076 -0.964810 -0.021086
v -0.039058 -0.948047 -0.020130
v -0.039217 -0.928682 -0.019051
v -0.038047 -0.912093 -0.018613
v -0.037347 -0.892454 -0.017662
v -0.037268 -0.875023 -0.016291
v -0.039089 -0.855794 -0.014135
v -0.038852 -0.837963 -0.012060
v -0.038993 -0.818634 -0.009388
v -0.038648 -0.800795 -0.007716
v -0.038182 -0.782244 -0.005535
v -0.037193 -0.763776 -0.003704
v -0.035775 -0.745525 -0.002423
v -0.033764 -0.727222 -0.000828
v -0.031586 -0.708552 0.000486
v -0.028971 -0.690318 0.001778
v -0.027186 -0.671840 0.003892
v -0.025976 -0.653448 0.005001
v -0.025197 -0.634934 0.007204
v -0.024430 -0.616458 0.009129
v -0.023241 -0.598049 0.009869
v -0.022300 -0.579355 0.012707
v -0.020355 -0.561014 0.013824
v -0.018625 -0.542377 0.015916
v -0.016401 -0.523933 0.017773
v -0.013723 -0.505496 0.019138
v -0.010675 -0.486995 0.021353
v -0.007693 -0.469579 0.022693
v -0.005866 -0.450619 0.025204
v 0.007013 -0.356103 0.146881
v 0.011825 -0.354179 0.147433
v 0.031057 -0.344979 0.150880
v 0.045024 -0.330493 0.151362
v 0.044873 -0.311424 0.153432
v 0.044217 -0.291773 0.153437
v 0.042868 -0.271974 0.154011
v 0.042018 -0.252372 0.157169
v 0.041724 -0.232559 0.160682
v 0.040945 -0.212949 0.166410
v -0.120551 -0.202382 0.119204
v -0.121400 -0.218870 0.123411
v -0.129406 -0.229132 0.111960
v -0.143819 -0.234028 0.105478
v -0.159160 -0.235407 0.097889
v -0.172564 -0.234609 0.086172
v -0.185321 -0.232929 0.072522
v -0.193268 -0.230615 0.055381
v -0.198911 -0.228168 0.036416
v -0.194387 -0.380316 0.027658
v -0.198030 -0.395976 0.027008
v -0.193393 -0.411322 0.027801
v -0.191660 -0.427092 0.026840
v -0.192273 -0.442979 0.026725
v -0.193929 -0.458765 0.026212
v -0.185846 -0.475921 0.026306
v -0.183783 -0.494749 0.025805
v -0.187349 -0.512793 0.025297
v -0.181132 -0.530499 0.025745
v -0.180402 -0.549030 0.024913
v -0.185766 -0.566669 0.022120
v -0.187643 -0.584907 0.020122
v -0.190168 -0.603191 0.018196
v -0.189345 -0.621478 0.016726
v -0.188487 -0.640053 0.014644
v -0.186910 -0.657815 0.013062
v -0.185242 -0.676039 0.011204
v -0.184121 -0.694600 0.008992
v -0.182757 -0.712844 0.007469
v -0.180944 -0.730659 0.005663
v -0.179398 -0.749024 0.003565
v -0.178386 -0.767584 0.001210
v -0.176446 -0.785609 -0.000479
v -0.172572 -0.804416 -0.004613
v -0.170897 -0.822361 -0.005289
v -0.167651 -0.841205 -0.008833
v -0.167125 -0.858848 -0.008899
v -0.164120 -0.877730 -0.011959
v -0.163137 -0.877672 -0.005436
v -0.163967 -0.893176 -0.005053
v -0.162541 -0.910503 -0.007786
v -0.163081 -0.925235 -0.006129
v -0.162071 -0.943030 -0.009886
v -0.162950 -0.958561 -0.009495
v -0.164051 -0.974232 -0.010578
v -0.165576 -0.990593 -0.011782
v -0.168115 -1.005953 -0.011609
v -0.168783 -1.013761 -0.012242
v -0.169310 -1.020886 -0.012233
v -0.161133 -1.021270 -0.006167
v -0.154653 -1.021502 0.001134
v -0.147499 -1.022436 0.007691
v -0.141201 -1.022598 0.014864
v -0.135527 -1.021448 0.023187
v -0.127709 -1.021168 0.029154
v -0.119652 -1.020167 0.034733
v -0.109898 -1.020583 0.036306
v -0.100075 -1.020311 0.037960
v -0.089918 -1.019377 0.037470
v -0.080345 -1.018700 0.034088
v -0.071148 -1.018442 0.029321
v -0.062334 -1.017615 0.024092
v -0.054606 -1.017874 0.017574
v -0.046984 -1.017167 0.011229
v -0.040620 -1.016718 0.003261
v -0.036556 -1.016430 -0.006272
v -0.034890 -1.015999 -0.015840
v -0.108272 -0.196138 0.132755
v -0.098678 -0.198154 0.139764
v 0.012000 -0.353112 0.148683
v -0.164939 -1.006300 -0.002165
v -0.158224 -1.006821 0.005133
v -0.151832 -1.006992 0.012284
v -0.144997 -1.006652 0.019061
v -0.135473 -1.006044 0.023590
v -0.127192 -1.006076 0.027982
v -0.118512 -1.005327 0.032705
v -0.108717 -1.005283 0.036113
v -0.099821 -1.004721 0.040115
v -0.090072 -1.004315 0.038841
v -0.080839 -1.003649 0.034528
v -0.072099 -1.003239 0.029582
v -0.063470 -1.003132 0.024382
v -0.054947 -1.002785 0.018531
v -0.046392 -1.002118 0.013157
v -0.040192 -1.001354 0.004800
v -0.037108 -1.001271 -0.004700
v -0.035634 -1.001115 -0.014641
v -0.115797 -0.186096 0.130391
v -0.110830 -0.204036 0.127279
v -0.111256 -0.222269 0.124968
v -0.112697 -0.226262 0.123853
v -0.114523 -0.229467 0.121209
v -0.116832 -0.232503 0.118859
v -0.119832 -0.235268 0.116905
v -0.135362 -0.242262 0.109422
v -0.152252 -0.244925 0.100847
v -0.168730 -0.244868 0.089780
v -0.183035 -0.243074 0.076054
v -0.192261 -0.240605 0.057947
v -0.199095 -0.237988 0.038195
v -0.068614 -0.299173 0.138020
v -0.069707 -0.253321 0.141413
v -0.146522 -0.967954 0.028960
v -0.053030 -0.960584 0.021267
v -0.152170 -0.352133 0.113252
v -0.149206 -0.987371 0.014774
v -0.125559 -0.985836 0.032353
v -0.072378 -0.980296 0.022336
v -0.043302 -0.980069 0.012796
v -0.186035 -0.351999 0.074369
v -0.197392 -0.351977 0.051558
v -0.201064 -0.254933 0.034707
v 0.028598 -0.324173 0.152348
v -0.029809 -0.228719 0.159864
v 0.025104 -0.254187 0.153322
v 0.025936 -0.272121 0.150081
v 0.024689 -0.219522 0.162262
v 0.024936 -0.237069 0.156824
v -0.105347 -0.485832 0.125608
v -0.022986 -0.488486 0.103803
v -0.032486 -0.326942 0.151172
v -0.030427 -0.271980 0.150765
v -0.151252 -0.936199 0.024847
v -0.162201 -0.967274 0.012159
v -0.164235 -0.983475 0.005209
v -0.191097 -0.388928 0.066482
v -0.188016 -0.306917 0.068923
v -0.198948 -0.373237 0.048596
v -0.200464 -0.338857 0.040066
v -0.196963 -0.249279 0.047492
v -0.191736 -0.278718 0.056108
v -0.195442 -0.264438 0.048375
v -0.199684 -0.277546 0.038657
v -0.185532 -0.263786 0.070381
v -0.191116 -0.253774 0.060665
v 0.024770 -0.336017 0.152735
v -0.011410 -0.219974 0.165899
v -0.034032 -0.210025 0.162463
v 0.035097 -0.262666 0.153653
v 0.034360 -0.282298 0.152054
v 0.028582 -0.298000 0.151780
v 0.027185 -0.206602 0.167928
v -0.063589 -0.424663 0.136162
v -0.014024 -0.453636 0.086574
v -0.009030 -0.326049 0.155945
v -0.047699 -0.371184 0.137510
v -0.008463 -0.272699 0.154122
v -0.148120 -0.904306 0.023826
v -0.160256 -0.935647 0.007680
v -0.164651 -0.965937 0.000304
v -0.163593 -0.995532 0.000977
v -0.195289 -0.404737 0.050032
v -0.197763 -0.305637 0.045683
v -0.199898 -0.373483 0.035716
v -0.194265 -0.388761 0.044037
v -0.191976 -0.332212 0.061938
v -0.200230 -0.266307 0.032103
v -0.006030 -0.237434 0.161898
v 0.001678 -0.220435 0.166929
v -0.013876 -0.205448 0.168998
v 0.022445 -0.287129 0.151899
v 0.025108 -0.311482 0.151746
v -0.023844 -0.429357 0.123668
v -0.012387 -0.435692 0.077229
v 0.003520 -0.325669 0.155888
v -0.004168 -0.308104 0.157369
v -0.025139 -0.386471 0.133854
v 0.003479 -0.272781 0.153404
v -0.154422 -0.888098 0.011960
v -0.156802 -0.952402 0.014574
v -0.153509 -0.921277 0.014963
v -0.197425 -0.404146 0.036735
v -0.188955 -0.436211 0.062069
v -0.199956 -0.305291 0.032936
v -0.198859 -0.292066 0.037998
v -0.192757 -0.293677 0.054221
v -0.195396 -0.393828 0.055841
v -0.196339 -0.339703 0.053079
v -0.197625 -0.322962 0.046627
v -0.016617 -0.229692 0.162278
v -0.012474 -0.414722 0.111285
v -0.021023 -0.313375 0.156733
v -0.009656 -0.382921 0.131834
v -0.020304 -0.366357 0.141791
v -0.015171 -0.401171 0.126295
v -0.010237 -0.371778 0.137537
v -0.160292 -0.886974 0.001466
v -0.157577 -0.904622 0.006370
v -0.160831 -0.948085 0.002469
v -0.159756 -0.920059 0.002084
v -0.189319 -0.435822 0.043724
v -0.193305 -0.419823 0.044497
v -0.192647 -0.317497 0.060361
v -0.199954 -0.322061 0.033497
v -0.006119 -0.407175 0.104785
v -0.019396 -0.291655 0.155106
v -0.044501 -0.305269 0.148379
v -0.006328 -0.395617 0.118996
v -0.185336 -0.458166 0.052498
v -0.187683 -0.418164 0.062538
v -0.189336 -0.403679 0.064991
v -0.163446 -0.397027 0.105490
v -0.180075 -0.397082 0.088479
v -0.186550 -0.396543 0.075530
v -0.015350 -0.302805 0.157015
v -0.030266 -0.301393 0.154004
v -0.042515 -0.286718 0.147724
v -0.034414 -0.313654 0.152908
v -0.002828 -0.292435 0.154929
v -0.189884 -0.445614 0.053007
v -0.192434 -0.451530 0.039688
v -0.095567 -0.704241 0.092716
v -0.098998 -0.810032 0.079508
v -0.107606 -0.278446 0.122761
v -0.039201 -0.955882 0.002250
v -0.056650 -0.922392 0.014841
v -0.037313 -0.974530 -0.004884
v -0.162071 -0.524303 0.093058
v -0.069680 -0.592267 0.106475
v -0.017938 -0.538003 0.076111
v -0.157131 -0.288667 0.101059
v -0.174974 -0.258933 0.083914
v -0.175667 -0.282567 0.085187
v -0.178522 -0.270110 0.080935
v -0.184959 -0.280177 0.071591
v -0.181089 -0.295820 0.078257
v -0.187703 -0.291534 0.066808
v -0.170261 -0.326696 0.095975
v -0.169790 -0.299090 0.093944
v -0.178582 -0.312980 0.084531
v -0.184917 -0.323666 0.074023
v -0.167613 -0.287400 0.094231
v -0.162461 -0.269759 0.097560
v -0.151663 -0.313697 0.107902
v -0.169210 -0.312609 0.095478
v -0.185169 -0.337812 0.074047
v -0.174826 -0.346139 0.092401
v -0.178376 -0.331535 0.085440
v -0.166004 -0.257471 0.093094
v -0.158631 -0.302293 0.102269
v -0.058216 -0.217664 0.154023
v -0.078633 -0.206423 0.149989
v -0.055856 -0.204374 0.156310
v -0.076286 -0.228610 0.143674
v -0.071445 -0.219141 0.148572
v -0.089131 -0.214008 0.140676
v -0.093354 -0.227040 0.134048
v -0.099377 -0.214633 0.132447
v -0.082502 -0.241418 0.137350
v -0.099570 -0.241511 0.128223
v -0.012740 -0.480728 0.059865
v -0.156533 -0.996111 0.011758
v -0.200908 -0.360505 0.039836
v -0.020444 -0.253185 0.156467
v -0.003463 -0.255120 0.158001
v -0.148311 -0.851109 0.029470
v -0.155678 -0.961684 0.021832
v -0.143916 -0.952242 0.032503
v -0.015390 -0.436058 0.102138
v -0.010359 -0.422682 0.092745
v -0.013569 -0.424377 0.104509
v -0.012942 -0.434451 0.089908
v -0.041051 -0.409032 0.132902
v -0.019792 -0.414948 0.124692
v -0.027654 -0.406416 0.130732
v -0.033181 -0.420944 0.130959
v -0.048540 -0.422472 0.134132
v -0.051471 -0.464925 0.126911
v -0.053895 -0.443529 0.132047
v -0.037983 -0.437129 0.130188
v -0.040914 -0.452633 0.128172
v -0.031477 -0.470685 0.116305
v -0.039085 -0.464207 0.124240
v -0.019633 -0.279116 0.153822
v -0.191533 -0.468640 0.039978
v -0.184557 -0.493273 0.074411
v -0.187509 -0.477510 0.059330
v -0.190783 -0.427266 0.054869
v -0.177014 -0.427444 0.092315
v -0.183847 -0.412842 0.081531
v -0.184700 -0.427614 0.075771
v -0.051552 -0.266755 0.145989
v -0.054836 -0.294109 0.142665
v -0.069885 -0.277593 0.138617
v -0.153627 -0.706699 0.063083
v -0.051023 -0.741328 0.064535
v -0.041077 -0.668181 0.071695
v -0.063564 -0.849359 0.045324
v -0.051321 -0.794703 0.049672
v -0.140663 -0.778354 0.048380
v -0.117704 -0.257348 0.118428
v -0.037591 -0.956327 -0.011586
v -0.037578 -0.938599 -0.001839
v -0.044563 -0.903225 0.003153
v -0.040772 -0.966549 0.008973
v -0.038551 -0.988116 -0.001005
v -0.186350 -0.541974 0.064150
v -0.146835 -0.615445 0.087327
v -0.014591 -0.535957 0.045558
v -0.024473 -0.593811 0.070293
v -0.176633 -0.371727 0.090866
v -0.185005 -0.381014 0.078984
v -0.185101 -0.366372 0.077821
v -0.178200 -0.358638 0.088567
v -0.192525 -0.362076 0.063685
v -0.165410 -0.361606 0.102876
v -0.191400 -0.375412 0.067364
v -0.162021 -0.340318 0.103263
v -0.166638 -0.350302 0.100375
v -0.145176 -0.333180 0.115584
v -0.158144 -0.326327 0.104944
v -0.152498 -0.341365 0.111727
v -0.042952 -0.218908 0.158832
v -0.011154 -0.479738 0.039650
v -0.008412 -0.455690 0.059187
v -0.007928 -0.439133 0.056412
v -0.010463 -0.445407 0.068101
v -0.006108 -0.450004 0.042924
v -0.009903 -0.465029 0.045894
v -0.005360 -0.443792 0.034029
v -0.010680 -0.467809 0.059125
v -0.012261 -0.461338 0.073433
v -0.015642 -0.473545 0.090761
v -0.019812 -0.265891 0.154149
v -0.160199 -0.851485 0.008697
v -0.132773 -0.880487 0.037440
v -0.155737 -0.815280 0.028729
v -0.151155 -0.947460 0.024766
v -0.129869 -0.963774 0.046204
v -0.123067 -0.920523 0.055744
v -0.184133 -0.504930 0.051313
v -0.183542 -0.486112 0.043696
v -0.177204 -0.457963 0.084311
v -0.181149 -0.450775 0.067080
v -0.176905 -0.441384 0.082342
v -0.184139 -0.464481 0.064619
v -0.042228 -0.274686 0.147834
v -0.038526 -0.255448 0.151603
v -0.032132 -0.242686 0.155541
v -0.047805 -0.232653 0.153531
v -0.054257 -0.251137 0.147188
v -0.065607 -0.240670 0.145166
v -0.055722 -0.280299 0.143698
v -0.064908 -0.265832 0.142026
v -0.087999 -0.288567 0.130866
v -0.174067 -0.705727 0.038349
v -0.034403 -0.739697 0.032442
v -0.029748 -0.684660 0.040510
v -0.024185 -0.648046 0.044077
v -0.043409 -0.848384 0.017659
v -0.040370 -0.811906 0.022871
v -0.036902 -0.775872 0.027231
v -0.164833 -0.778789 0.026606
v -0.123333 -0.246090 0.115111
v -0.139087 -0.264933 0.110668
v -0.038139 -0.938868 -0.013719
v -0.037018 -0.920106 -0.001349
v -0.047486 -0.944282 0.015118
v -0.035385 -0.902823 -0.007807
v -0.042085 -0.884845 -0.001893
v -0.036845 -0.990293 -0.013240
v -0.185382 -0.541221 0.043895
v -0.183733 -0.578582 0.057887
v -0.174570 -0.633632 0.057008
v -0.016103 -0.534652 0.028704
v -0.014369 -0.515598 0.039184
v -0.016547 -0.554444 0.035885
v -0.018102 -0.591613 0.040176
v -0.165722 -0.379123 0.102838
v -0.174494 -0.385585 0.094724
v -0.133240 -0.382630 0.124998
v -0.150836 -0.385729 0.116093
v -0.154087 -0.370562 0.113120
v -0.136419 -0.363925 0.122162
v -0.146775 -0.362678 0.117538
v -0.142969 -0.375436 0.120580
v -0.118259 -0.311411 0.121401
v -0.009657 -0.478558 0.028043
v -0.007161 -0.460314 0.033614
v -0.018580 -0.459859 0.105278
v -0.028712 -0.454040 0.116888
v -0.019081 -0.446899 0.109591
v -0.028042 -0.441876 0.122470
v -0.014733 -0.495954 0.080235
v -0.013345 -0.476535 0.075255
v -0.166038 -0.850303 -0.000471
v -0.161001 -0.866265 0.004174
v -0.154205 -0.861269 0.020036
v -0.152568 -0.875504 0.011194
v -0.143529 -0.883368 0.024638
v -0.142809 -0.865726 0.033081
v -0.149170 -0.892099 0.023874
v -0.119312 -0.846120 0.067423
v -0.131886 -0.852479 0.045526
v -0.138882 -0.856649 0.035582
v -0.164997 -0.833163 0.009178
v -0.139243 -0.962192 0.036658
v -0.135512 -0.974035 0.034919
v -0.135217 -0.985042 0.020904
v -0.139230 -0.995797 0.017524
v -0.137209 -0.932992 0.042682
v -0.182454 -0.492142 0.059397
v -0.184546 -0.504297 0.036465
v -0.189393 -0.476930 0.047643
v -0.179948 -0.476057 0.080469
v -0.061110 -0.229941 0.149519
v -0.075508 -0.288498 0.135782
v -0.180100 -0.704948 0.021649
v -0.175889 -0.726063 0.027822
v -0.180405 -0.684837 0.032875
v -0.176526 -0.713917 0.029174
v -0.181716 -0.692544 0.021884
v -0.032397 -0.737996 0.014152
v -0.030797 -0.716884 0.025223
v -0.034235 -0.756691 0.022087
v -0.031807 -0.729696 0.024016
v -0.033518 -0.745704 0.023051
v -0.026511 -0.683118 0.020367
v -0.022169 -0.645993 0.024136
v -0.036752 -0.847708 0.001161
v -0.040063 -0.829899 0.011567
v -0.040416 -0.866565 0.006638
v -0.036321 -0.836623 0.000475
v -0.036375 -0.859249 -0.002070
v -0.036176 -0.811097 0.005497
v -0.036511 -0.792963 0.016784
v -0.036255 -0.822213 0.002425
v -0.035916 -0.799118 0.005032
v -0.035041 -0.774646 0.009312
v -0.034217 -0.761893 0.009561
v -0.035670 -0.785993 0.006474
v -0.174658 -0.777813 0.013549
v -0.167227 -0.798727 0.017935
v -0.174263 -0.757857 0.024560
v -0.168913 -0.787122 0.019111
v -0.177095 -0.765339 0.014700
v -0.142010 -0.252439 0.107479
v -0.152420 -0.259638 0.101194
v -0.148953 -0.276566 0.106287
v -0.137606 -0.296710 0.112651
v -0.146547 -0.288776 0.107889
v -0.046380 -0.915682 0.008144
v -0.044679 -0.928427 0.010127
v -0.044830 -0.955274 0.013659
v -0.040461 -0.945892 0.006139
v -0.034883 -0.883821 -0.010723
v -0.064881 -0.884387 0.031008
v -0.182471 -0.540233 0.031983
v -0.188389 -0.558963 0.039692
v -0.188642 -0.524324 0.055240
v -0.187864 -0.518303 0.040335
v -0.188744 -0.596112 0.042061
v -0.185300 -0.632169 0.036553
v -0.015072 -0.515420 0.026589
v -0.013243 -0.498269 0.036563
v -0.014064 -0.520538 0.062389
v -0.018321 -0.552341 0.023162
v -0.016270 -0.553589 0.059376
v -0.017844 -0.571908 0.029480
v -0.019575 -0.589944 0.024022
v -0.019505 -0.610370 0.030322
v -0.136754 -0.346629 0.121426
v -0.090671 -0.354673 0.135528
v -0.126212 -0.329282 0.121374
v -0.114667 -0.355396 0.129859
v -0.127497 -0.355232 0.124755
v -0.121516 -0.370700 0.129931
v -0.120623 -0.342703 0.126820
v -0.097465 -0.402028 0.136615
v -0.103423 -0.368594 0.134342
v -0.113386 -0.388854 0.133433
v -0.102990 -0.356500 0.132544
v -0.076716 -0.378067 0.136961
v -0.121395 -0.382101 0.130796
v -0.088088 -0.368945 0.136690
v -0.093123 -0.385615 0.136021
v -0.021538 -0.473928 0.105623
v -0.015514 -0.462521 0.093821
v -0.016870 -0.486887 0.090758
v -0.155752 -0.840871 0.019511
v -0.145017 -0.831051 0.040269
v -0.159894 -0.826262 0.022624
v -0.149065 -0.839338 0.031891
v -0.123763 -0.997037 0.020074
v -0.144042 -0.939919 0.034104
v -0.140983 -0.921362 0.029524
v -0.180467 -0.465659 0.076387
v -0.185651 -0.482072 0.070373
v -0.162468 -0.493972 0.098317
v -0.179363 -0.722699 0.014968
v -0.176709 -0.741450 0.019592
v -0.183733 -0.668480 0.027437
v -0.167812 -0.666096 0.059496
v -0.176765 -0.671759 0.044568
v -0.169879 -0.689853 0.050818
v -0.177831 -0.651828 0.047091
v -0.175838 -0.682663 0.043721
v -0.174601 -0.662317 0.050024
v -0.185648 -0.651006 0.030423
v -0.181708 -0.660552 0.038770
v -0.183711 -0.643322 0.039964
v -0.031027 -0.719185 0.010080
v -0.028614 -0.701190 0.016771
v -0.030864 -0.702433 0.035922
v -0.043142 -0.759412 0.047729
v -0.024575 -0.665740 0.032190
v -0.050878 -0.830562 0.035954
v -0.036055 -0.874349 -0.003384
v -0.041612 -0.790387 0.034013
v -0.044652 -0.775973 0.045420
v -0.045809 -0.804830 0.037183
v -0.039897 -0.800454 0.026489
v -0.060725 -0.816006 0.054731
v -0.046451 -0.817712 0.034159
v -0.043622 -0.826928 0.024822
v -0.053143 -0.806880 0.048854
v -0.033657 -0.749898 0.010161
v -0.173875 -0.795400 0.007757
v -0.168266 -0.814752 0.009749
v -0.162286 -0.810117 0.018454
v -0.053272 -0.889579 0.014307
v -0.059504 -0.907409 0.013150
v -0.062524 -0.894533 0.022936
v -0.089565 -0.907536 0.048509
v -0.075119 -0.898292 0.038754
v -0.072031 -0.916590 0.025616
v -0.053900 -0.866771 0.025809
v -0.189613 -0.552006 0.053072
v -0.188145 -0.566093 0.052865
v -0.188877 -0.535878 0.054437
v -0.180474 -0.524022 0.077049
v -0.190707 -0.594842 0.028679
v -0.189043 -0.631290 0.024248
v -0.189197 -0.614021 0.035255
v -0.012600 -0.489857 0.048985
v -0.013278 -0.495136 0.064138
v -0.014171 -0.508345 0.071221
v -0.013938 -0.523679 0.049677
v -0.015255 -0.548190 0.047110
v -0.016436 -0.568024 0.047851
v -0.021043 -0.572243 0.070779
v -0.017125 -0.579061 0.041244
v -0.019349 -0.586234 0.056335
v -0.017737 -0.565363 0.060604
v -0.021817 -0.608054 0.017813
v -0.021744 -0.609588 0.053994
v -0.019845 -0.597649 0.051553
v -0.020661 -0.629641 0.035242
v -0.135460 -0.315084 0.116251
v -0.128557 -0.304898 0.116525
v -0.114931 -0.294308 0.120416
v -0.144567 -0.321311 0.113483
v -0.098420 -0.305688 0.127158
v -0.101555 -0.291447 0.125418
v -0.125990 -0.278675 0.116347
v -0.109625 -0.304029 0.123248
v -0.117369 -0.270174 0.118663
v -0.126795 -0.290791 0.115436
v -0.135456 -0.425613 0.125288
v -0.104013 -0.380642 0.134853
v -0.149705 -0.925540 0.026063
v -0.130889 -0.921693 0.040949
v -0.126545 -0.896610 0.053509
v -0.136344 -0.896652 0.036239
v -0.127505 -0.910240 0.050285
v -0.133811 -0.911515 0.033509
v -0.108948 -0.905194 0.064414
v -0.129302 -0.890018 0.043343
v -0.112337 -0.874207 0.067518
v -0.125478 -0.876432 0.056444
v -0.118055 -0.888050 0.062800
v -0.122158 -0.861538 0.063452
v -0.131900 -0.865174 0.049310
v -0.125738 -0.852329 0.058659
v -0.175304 -0.489164 0.088497
v -0.175376 -0.507650 0.085596
v -0.164373 -0.470234 0.100240
v -0.172661 -0.476811 0.092382
v -0.165048 -0.445194 0.104065
v -0.173096 -0.439336 0.096023
v -0.165843 -0.705101 0.052333
v -0.168426 -0.721584 0.045306
v -0.165907 -0.742877 0.040541
v -0.174284 -0.737005 0.032278
v -0.167612 -0.648987 0.062947
v -0.124750 -0.663041 0.090010
v -0.158770 -0.631434 0.075076
v -0.148071 -0.660957 0.076847
v -0.166975 -0.637141 0.066737
v -0.160387 -0.659029 0.069064
v -0.154236 -0.646257 0.076044
v -0.136967 -0.647881 0.086690
v -0.028266 -0.693773 0.026900
v -0.044792 -0.699506 0.067359
v -0.038266 -0.722041 0.049879
v -0.034448 -0.728354 0.037453
v -0.033236 -0.714946 0.038970
v -0.040696 -0.738469 0.050013
v -0.037195 -0.705297 0.052983
v -0.045758 -0.748881 0.055517
v -0.038308 -0.748237 0.042344
v -0.036228 -0.689451 0.056320
v -0.031739 -0.671235 0.053582
v -0.042762 -0.684139 0.069225
v -0.070904 -0.676826 0.091853
v -0.059587 -0.693182 0.083390
v -0.050363 -0.692231 0.075136
v -0.053518 -0.676806 0.081876
v -0.062471 -0.682965 0.086494
v -0.078280 -0.694343 0.092200
v -0.037844 -0.764014 0.034498
v -0.026228 -0.677131 0.031393
v -0.024929 -0.669483 0.018084
v -0.023009 -0.654032 0.033510
v -0.074316 -0.773728 0.077793
v -0.056980 -0.765289 0.065218
v -0.048562 -0.891417 0.003991
v -0.046464 -0.878723 0.010827
v -0.068631 -0.904319 0.027469
v -0.079258 -0.911434 0.038051
v -0.092483 -0.945468 0.045258
v -0.090842 -0.926303 0.042366
v -0.070360 -0.938264 0.027981
v -0.045813 -0.860751 0.017722
v -0.190277 -0.577238 0.037631
v -0.186270 -0.529732 0.066634
v -0.186897 -0.511928 0.066231
v -0.181219 -0.621826 0.047818
v -0.013033 -0.505177 0.051305
v -0.021561 -0.641126 0.034366
v -0.021525 -0.632827 0.021267
v -0.020807 -0.617861 0.042773
v -0.028752 -0.632023 0.063578
v -0.023736 -0.629611 0.050468
v -0.103881 -0.327348 0.128067
v -0.098570 -0.341419 0.131625
v -0.067121 -0.330934 0.139005
v -0.050813 -0.322436 0.144317
v -0.085250 -0.328464 0.133536
v -0.058702 -0.310351 0.142317
v -0.075211 -0.314949 0.136696
v -0.083107 -0.302605 0.133075
v -0.088748 -0.315136 0.131585
v -0.117939 -0.411690 0.133819
v -0.138526 -0.404401 0.124317
v -0.089219 -0.882648 0.058566
v -0.102390 -0.885647 0.066778
v -0.094806 -0.896042 0.058446
v -0.083833 -0.892688 0.049918
v -0.075027 -0.879372 0.045724
v -0.065158 -0.870132 0.037619
v -0.082648 -0.858629 0.061957
v -0.060272 -0.858667 0.037034
v -0.081542 -0.871585 0.056394
v -0.096107 -0.868263 0.068385
v -0.098232 -0.849568 0.072291
v -0.110662 -0.856083 0.070660
v -0.171989 -0.519023 0.086357
v -0.162808 -0.509213 0.095472
v -0.127633 -0.516738 0.114813
v -0.143569 -0.505433 0.108915
v -0.151783 -0.516767 0.101740
v -0.139108 -0.516780 0.109315
v -0.130270 -0.568531 0.104325
v -0.130905 -0.542625 0.108672
v -0.132835 -0.528920 0.110439
v -0.148308 -0.534973 0.100683
v -0.136493 -0.660014 0.083899
v -0.137927 -0.687193 0.076014
v -0.132314 -0.674659 0.082685
v -0.154536 -0.676967 0.069674
v -0.116181 -0.691632 0.087485
v -0.126838 -0.685722 0.083001
v -0.096869 -0.629066 0.103546
v -0.027055 -0.661003 0.045499
v -0.032571 -0.651802 0.062772
v -0.071927 -0.725746 0.084159
v -0.023764 -0.657205 0.017977
v -0.056179 -0.781297 0.059984
v -0.050547 -0.770754 0.055689
v -0.063874 -0.775701 0.069225
v -0.076529 -0.796527 0.073948
v -0.063111 -0.801521 0.061924
v -0.072092 -0.784699 0.073899
v -0.097396 -0.786405 0.082212
v -0.084381 -0.789224 0.080480
v -0.094690 -0.798707 0.080524
v -0.057888 -0.792691 0.058701
v -0.054873 -0.880141 0.021374
v -0.102063 -0.918952 0.052811
v -0.113181 -0.916243 0.061833
v -0.101891 -0.932353 0.053474
v -0.114582 -0.949903 0.050207
v -0.067379 -0.926066 0.023808
v -0.079518 -0.925934 0.031571
v -0.057814 -0.936385 0.020945
v -0.059909 -0.948833 0.026412
v -0.076898 -0.954146 0.035093
v -0.083582 -0.937209 0.037117
v -0.188061 -0.585155 0.047555
v -0.183733 -0.504789 0.075637
v -0.115459 -0.323253 0.124515
v -0.078863 -0.342754 0.136617
v -0.069788 -0.359298 0.139338
v -0.109431 -0.401686 0.135940
v -0.140604 -0.392001 0.122533
v -0.150974 -0.400839 0.117258
v -0.161991 -0.420118 0.107626
v -0.159498 -0.408550 0.109711
v -0.173481 -0.410890 0.096839
v -0.148164 -0.417609 0.118254
v -0.166018 -0.432035 0.104222
v -0.147717 -0.438479 0.117485
v -0.172018 -0.399089 0.098021
v -0.126934 -0.396590 0.130136
v -0.076845 -0.834620 0.064557
v -0.105796 -0.830069 0.075435
v -0.126852 -0.493524 0.118962
v -0.145210 -0.481950 0.112128
v -0.166311 -0.550269 0.084523
v -0.177076 -0.563951 0.071464
v -0.183489 -0.554597 0.064915
v -0.146461 -0.554417 0.098582
v -0.144371 -0.672638 0.076676
v -0.164602 -0.679943 0.059112
v -0.159921 -0.692848 0.062305
v -0.147316 -0.695852 0.070003
v -0.125119 -0.718936 0.074817
v -0.127699 -0.702189 0.078101
v -0.111208 -0.709814 0.083714
v -0.138391 -0.710962 0.068964
v -0.101946 -0.741260 0.085169
v -0.107005 -0.699894 0.089544
v -0.148374 -0.729607 0.058331
v -0.097294 -0.722770 0.090292
v -0.147130 -0.717943 0.063522
v -0.111125 -0.724534 0.081430
v -0.124875 -0.745641 0.066853
v -0.120955 -0.732795 0.072033
v -0.134934 -0.727692 0.066243
v -0.113831 -0.744106 0.077486
v -0.116913 -0.770058 0.074614
v -0.103648 -0.759055 0.083596
v -0.117257 -0.756736 0.071860
v -0.132495 -0.762079 0.057348
v -0.096223 -0.678393 0.096093
v -0.115162 -0.643254 0.097520
v -0.034620 -0.663126 0.062944
v -0.027197 -0.642109 0.055251
v -0.068931 -0.708607 0.084635
v -0.082205 -0.707349 0.091189
v -0.054366 -0.717501 0.073879
v -0.055638 -0.705140 0.077602
v -0.063629 -0.717597 0.080576
v -0.044411 -0.715761 0.062136
v -0.049339 -0.728156 0.066112
v -0.061614 -0.736510 0.075458
v -0.080697 -0.744877 0.085306
v -0.062381 -0.751858 0.073124
v -0.072075 -0.737198 0.081668
v -0.053485 -0.753921 0.064389
v -0.066990 -0.764014 0.073848
v -0.081703 -0.760933 0.083278
v -0.072774 -0.752593 0.080096
v -0.091664 -0.753262 0.086466
v -0.089342 -0.773729 0.083843
v -0.104717 -0.774745 0.082641
v -0.119301 -0.934217 0.056625
v -0.129094 -0.929691 0.051632
v -0.132250 -0.948529 0.046602
v -0.100760 -0.971952 0.033799
v -0.096330 -0.987405 0.042663
v -0.062876 -0.371455 0.137855
v -0.060687 -0.395332 0.138033
v -0.056480 -0.382534 0.136975
v -0.042842 -0.391412 0.136808
v -0.079136 -0.395702 0.137884
v -0.035759 -0.378639 0.136674
v -0.050591 -0.402110 0.136667
v -0.056825 -0.413472 0.135671
v -0.073874 -0.411806 0.138188
v -0.032887 -0.396590 0.132195
v -0.069149 -0.386963 0.137116
v -0.085428 -0.407302 0.138468
v -0.123585 -0.457152 0.126551
v -0.084722 -0.846668 0.066514
v -0.073353 -0.849853 0.056232
v -0.090789 -0.833926 0.073896
v -0.072127 -0.861928 0.049730
v -0.080635 -0.816375 0.072210
v -0.069668 -0.812591 0.064415
v -0.108023 -0.841583 0.073171
v -0.131545 -0.505198 0.115179
v -0.151206 -0.492628 0.106356
v -0.159036 -0.481854 0.102961
v -0.148462 -0.459702 0.113944
v -0.159614 -0.538820 0.091921
v -0.172441 -0.536918 0.082403
v -0.156402 -0.550072 0.092408
v -0.177054 -0.547658 0.075250
v -0.162470 -0.590237 0.079825
v -0.155634 -0.571307 0.088401
v -0.133894 -0.555096 0.105515
v -0.089788 -0.555138 0.114988
v -0.106364 -0.535025 0.117274
v -0.112787 -0.558569 0.112627
v -0.120335 -0.528034 0.115547
v -0.102044 -0.510918 0.121843
v -0.114880 -0.516711 0.119014
v -0.114667 -0.503353 0.121633
v -0.141851 -0.544847 0.102662
v -0.159422 -0.716339 0.055607
v -0.141520 -0.746003 0.058146
v -0.134244 -0.738710 0.062673
v -0.154374 -0.740805 0.050447
v -0.158983 -0.729356 0.050446
v -0.153260 -0.761306 0.043546
v -0.143502 -0.757449 0.051178
v -0.127671 -0.777995 0.060918
v -0.118887 -0.797703 0.071291
v -0.107388 -0.801324 0.078274
v -0.112038 -0.786394 0.077932
v -0.118130 -0.816846 0.068453
v -0.122520 -0.786841 0.069064
v -0.091893 -0.690838 0.095310
v -0.083427 -0.681117 0.094392
v -0.104115 -0.687948 0.091748
v -0.112159 -0.673744 0.092608
v -0.099165 -0.657944 0.098714
v -0.081976 -0.663857 0.097254
v -0.111926 -0.661121 0.094789
v -0.102839 -0.668596 0.097330
v -0.055393 -0.646613 0.089433
v -0.083813 -0.644554 0.100392
v -0.065124 -0.660791 0.092482
v -0.050474 -0.660786 0.083146
v -0.088102 -0.654822 0.099379
v -0.061562 -0.670443 0.088505
v -0.069072 -0.647323 0.096133
v -0.060677 -0.619071 0.097998
v -0.072698 -0.631348 0.100296
v -0.040337 -0.654901 0.074818
v -0.058777 -0.633151 0.094427
v -0.041093 -0.632669 0.082150
v -0.035674 -0.641746 0.072569
v -0.080822 -0.611346 0.105267
v -0.084801 -0.633224 0.102013
v -0.072246 -0.619667 0.102109
v -0.066272 -0.605972 0.102935
v -0.041757 -0.600921 0.090831
v -0.053417 -0.607140 0.096728
v -0.046315 -0.620254 0.089090
v -0.124846 -0.650668 0.092413
v -0.083780 -0.720136 0.090488
v -0.092356 -0.959821 0.037952
v -0.101724 -0.954055 0.044362
v -0.084897 -0.969122 0.027849
v -0.084189 -0.982387 0.033616
v -0.085978 -0.993216 0.037753
v -0.073057 -0.991466 0.028749
v -0.069400 -0.964368 0.024126
v -0.112702 -0.979821 0.043659
v -0.115142 -0.966616 0.039462
v -0.125031 -0.975452 0.043245
v -0.110906 -0.992694 0.031262
v -0.133906 -0.443180 0.124070
v -0.143736 -0.448943 0.118357
v -0.108616 -0.436294 0.134082
v -0.088734 -0.428576 0.136535
v -0.123455 -0.434518 0.129674
v -0.117431 -0.446008 0.130173
v -0.115764 -0.424108 0.133517
v -0.097730 -0.462099 0.130639
v -0.103670 -0.448650 0.132845
v -0.076334 -0.424328 0.136908
v -0.075279 -0.445633 0.133762
v -0.089604 -0.450271 0.132644
v -0.074402 -0.469571 0.128883
v -0.078294 -0.457624 0.131378
v -0.093241 -0.822049 0.076444
v -0.085332 -0.806398 0.077284
v -0.173118 -0.579556 0.071696
v -0.176158 -0.600513 0.062619
v -0.163559 -0.578359 0.081030
v -0.171840 -0.591489 0.070450
v -0.172587 -0.617768 0.063671
v -0.164117 -0.606801 0.075198
v -0.163522 -0.619310 0.073923
v -0.151920 -0.601400 0.085429
v -0.124033 -0.598157 0.102001
v -0.149895 -0.585839 0.090547
v -0.138485 -0.603565 0.094361
v -0.143738 -0.573704 0.096771
v -0.135967 -0.586909 0.098867
v -0.125754 -0.622930 0.097009
v -0.129012 -0.636563 0.093562
v -0.138251 -0.626791 0.089946
v -0.127220 -0.610190 0.098764
v -0.109537 -0.615388 0.103912
v -0.146796 -0.636047 0.082892
v -0.165798 -0.563661 0.081780
v -0.165050 -0.756352 0.036280
v -0.160401 -0.768453 0.035888
v -0.108343 -0.818695 0.076503
v -0.138792 -0.806892 0.051390
v -0.131114 -0.796715 0.060923
v -0.127829 -0.809632 0.061486
v -0.140161 -0.793381 0.047073
v -0.135054 -0.823555 0.051852
v -0.128786 -0.836903 0.056497
v -0.153053 -0.784924 0.038730
v -0.156853 -0.798632 0.031423
v -0.147353 -0.801774 0.041706
v -0.136229 -0.840734 0.043849
v -0.119762 -0.832095 0.068804
v -0.126589 -0.824362 0.062895
v -0.100046 -0.643272 0.101274
v -0.044324 -0.645266 0.081616
v -0.031882 -0.612444 0.075642
v -0.037685 -0.621528 0.081320
v -0.064714 -0.437781 0.134551
v -0.112125 -0.629434 0.100360
v -0.095035 -0.615371 0.105929
v -0.032171 -0.599374 0.080525
v -0.034615 -0.578216 0.090290
v -0.029261 -0.586742 0.080323
v -0.024919 -0.606149 0.066331
v -0.025783 -0.619052 0.063054
v -0.057112 -0.975435 0.020752
v -0.055023 -0.989972 0.015254
v -0.151114 -0.974265 0.015596
v -0.003220 -0.341414 0.153458
v -0.020876 -0.339310 0.152656
v -0.012933 -0.353435 0.150419
v -0.045535 -0.348024 0.145021
v -0.030176 -0.354934 0.148779
v -0.054794 -0.359468 0.141514
v -0.034554 -0.366204 0.140486
v -0.034625 -0.339369 0.148685
v -0.053260 -0.336284 0.142605
v -0.061261 -0.347948 0.140256
v -0.050447 -0.496464 0.120366
v -0.044868 -0.480156 0.122314
v -0.061237 -0.478524 0.126181
v -0.035767 -0.491853 0.114162
v -0.081231 -0.492373 0.125406
v -0.036490 -0.526559 0.105939
v -0.021744 -0.513631 0.093192
v -0.016787 -0.507329 0.083904
v -0.020783 -0.499807 0.095977
v -0.017307 -0.522494 0.080488
v -0.029528 -0.481606 0.111788
v -0.073943 -0.481810 0.126634
v -0.065373 -0.495346 0.123493
v -0.040071 -0.509228 0.112331
v -0.028809 -0.507842 0.103963
v -0.025491 -0.529303 0.093477
v -0.078595 -0.516641 0.120833
v -0.037910 -0.552943 0.100046
v -0.075271 -0.504234 0.122850
v -0.090081 -0.503512 0.123437
v -0.093972 -0.491845 0.125499
v -0.033806 -0.539221 0.100378
v -0.025497 -0.548957 0.087458
v -0.022815 -0.538198 0.086700
v -0.030715 -0.563274 0.090311
v -0.019255 -0.552181 0.074417
v -0.027295 -0.572269 0.081994
v -0.056769 -0.524110 0.116029
v -0.060886 -0.509316 0.120148
v -0.051524 -0.542051 0.110366
v -0.050739 -0.513575 0.116374
v -0.047555 -0.530389 0.111069
v -0.073407 -0.539726 0.116117
v -0.059513 -0.567643 0.107818
v -0.061077 -0.535854 0.114576
v -0.050718 -0.556085 0.106457
v -0.063735 -0.550538 0.112473
v -0.045330 -0.569843 0.100453
v -0.077311 -0.551696 0.114666
v -0.055625 -0.582935 0.103075
v -0.050816 -0.594462 0.097887
v -0.088756 -0.263356 0.131706
v -0.082133 -0.254151 0.136189
v -0.014720 -0.534611 0.060999
v -0.062791 -0.832516 0.051031
v -0.056683 -0.839996 0.041190
v -0.055441 -0.823574 0.046162
v -0.068987 -0.824842 0.060194
v -0.051080 -0.849424 0.030499
v -0.045667 -0.839535 0.025516
v -0.170170 -0.456955 0.097309
v -0.160424 -0.459109 0.105314
v -0.131434 -0.413421 0.127584
v -0.129564 -0.474957 0.121657
v -0.135136 -0.485265 0.117129
v -0.119077 -0.483411 0.123817
v -0.108298 -0.472320 0.128422
v -0.135901 -0.462300 0.121306
v -0.110289 -0.459063 0.130136
v -0.120601 -0.468961 0.126138
v -0.152832 -0.471458 0.109208
v -0.096304 -0.582014 0.110695
v -0.101969 -0.599033 0.107544
v -0.085402 -0.594589 0.107976
v -0.113560 -0.585932 0.107799
v -0.107990 -0.572751 0.111054
v -0.093090 -0.568902 0.112519
v -0.118817 -0.568340 0.108538
v -0.078375 -0.577063 0.110497
v -0.080379 -0.564743 0.112575
v -0.066258 -0.577510 0.108240
v -0.069032 -0.561201 0.111368
v -0.113257 -0.604019 0.104414
v -0.124840 -0.580311 0.104911
v -0.102690 -0.548304 0.115462
v -0.089432 -0.537510 0.117793
v -0.118132 -0.544754 0.113260
v -0.080237 -0.528975 0.118666
v -0.092823 -0.521069 0.120422
v -0.104570 -0.523326 0.119445
v -0.088671 -0.734199 0.088673
v -0.063105 -0.456177 0.130920
v -0.182660 -0.607276 0.050390
v -0.145366 -0.817544 0.040527
v -0.090491 -0.475845 0.128311
v -0.102951 -0.255878 0.125427
v -0.099900 -0.268972 0.126124
v -0.083324 -0.276451 0.133600
v -0.101109 -0.417779 0.136407
v 0.162688 -0.891833 -0.021300
v 0.160591 -0.908720 -0.023382
v 0.161256 -0.924238 -0.023295
v 0.159778 -0.942083 -0.026801
v 0.161303 -0.957013 -0.026079
v 0.161254 -0.973524 -0.027327
v 0.159942 -0.990193 -0.027663
v 0.164683 -1.004536 -0.029114
v 0.165968 -1.012214 -0.030577
v 0.169085 -1.018969 -0.030926
v 0.164734 -1.018516 -0.040054
v 0.159222 -1.019349 -0.048324
v 0.153270 -1.019940 -0.056315
v 0.147304 -1.020267 -0.063365
v 0.139378 -1.021190 -0.069842
v 0.131148 -1.021290 -0.074404
v 0.123079 -1.021260 -0.078896
v 0.114795 -1.021092 -0.082553
v 0.105674 -1.020926 -0.084425
v 0.096834 -1.020506 -0.083855
v 0.087179 -1.020705 -0.081782
v 0.078638 -1.020404 -0.077592
v 0.071161 -1.020661 -0.072065
v 0.063890 -1.020139 -0.065520
v 0.057612 -1.019972 -0.058907
v 0.051390 -1.019091 -0.051599
v 0.045405 -1.018323 -0.044106
v 0.040829 -1.017535 -0.035744
v 0.037270 -1.016536 -0.026632
v 0.036001 -1.015887 -0.017067
v -0.003453 -0.426343 0.007229
v -0.002268 -0.416163 -0.011041
v -0.001929 -0.405323 -0.029638
v -0.004010 -0.391835 -0.049017
v -0.005395 -0.379257 -0.065418
v -0.005899 -0.365399 -0.080944
v -0.006187 -0.350937 -0.095855
v -0.006373 -0.334579 -0.108308
v -0.006563 -0.317262 -0.118441
v -0.006736 -0.298182 -0.124369
v -0.008102 -0.278846 -0.125432
v -0.009610 -0.259470 -0.123457
v -0.010332 -0.240621 -0.119719
v -0.010867 -0.222559 -0.113895
v -0.010590 -0.204932 -0.106973
v -0.009892 -0.195818 -0.103866
v -0.008930 -0.183783 -0.099324
v -0.007787 -0.172128 -0.095108
v -0.006732 -0.159051 -0.098400
v 0.162834 -0.228913 -0.044893
v 0.150948 -0.226918 -0.059832
v 0.138693 -0.225259 -0.073900
v 0.125189 -0.223472 -0.087646
v 0.108774 -0.222379 -0.098660
v 0.090570 -0.222215 -0.106851
v 0.071641 -0.222945 -0.111762
v 0.028269 -0.161891 -0.094569
v 0.017564 -0.161105 -0.094540
v 0.167186 -0.171196 -0.009717
v 0.163506 -0.170585 -0.018365
v 0.161691 -1.004488 -0.038381
v 0.157589 -1.004600 -0.047264
v 0.152011 -1.005251 -0.055649
v 0.147269 -1.005920 -0.063984
v 0.140570 -1.006531 -0.070943
v 0.132785 -1.006534 -0.076384
v 0.124443 -1.006229 -0.080155
v 0.115206 -1.006306 -0.083450
v 0.105931 -1.006194 -0.084985
v 0.096799 -1.005701 -0.083665
v 0.087776 -1.005560 -0.080864
v 0.078964 -1.005798 -0.076956
v 0.071173 -1.005375 -0.071470
v 0.064043 -1.005370 -0.065545
v 0.057004 -1.004513 -0.058873
v 0.050754 -1.003889 -0.051575
v 0.044834 -1.003184 -0.043944
v 0.040335 -1.002673 -0.035336
v 0.037269 -1.001529 -0.025768
v 0.037824 -1.001093 -0.015822
v 0.138591 -0.954749 -0.073706
v 0.136406 -0.351992 -0.093240
v 0.178049 -0.231253 -0.007552
v 0.170880 -0.200811 -0.020440
v 0.065391 -0.934125 -0.071512
v 0.041846 -0.971008 -0.039997
v 0.022124 -0.229016 -0.115996
v 0.148092 -0.978106 -0.059672
v 0.129592 -0.980241 -0.079590
v 0.170192 -0.345976 -0.040467
v 0.084474 -0.967743 -0.076666
v 0.181633 -0.348503 -0.012084
v 0.083694 -0.986646 -0.078602
v 0.170471 -0.181421 0.003824
v 0.028121 -0.191708 -0.101319
v 0.021825 -0.177133 -0.096016
v 0.175934 -0.205474 -0.002369
v 0.008598 -0.190655 -0.102023
v 0.171027 -0.286562 -0.028562
v 0.145353 -0.191024 -0.059105
v 0.095156 -0.188769 -0.093445
v 0.066868 -0.300402 -0.125317
v 0.147510 -0.913362 -0.065139
v 0.155489 -0.948392 -0.053084
v 0.133884 -0.292721 -0.091640
v 0.156149 -0.425826 -0.062526
v 0.178964 -0.253801 -0.006428
v 0.168379 -0.214156 -0.032740
v 0.149931 -0.981018 -0.041805
v 0.182931 -0.370340 -0.003837
v 0.179883 -0.319588 -0.010504
v 0.185626 -0.336555 0.002269
v 0.169843 -0.186594 -0.012398
v 0.057207 -0.180102 -0.097312
v 0.007857 -0.170840 -0.095868
v 0.017954 -0.209394 -0.107637
v 0.180617 -0.287114 -0.005390
v 0.154351 -0.271716 -0.059364
v 0.146013 -0.209347 -0.062918
v 0.130680 -0.175439 -0.067098
v 0.097691 -0.206581 -0.098201
v 0.095234 -0.171121 -0.088131
v 0.065481 -0.265709 -0.124491
v 0.158889 -0.898769 -0.047489
v 0.160105 -0.949380 -0.038950
v 0.160853 -0.964677 -0.041525
v 0.159705 -0.929741 -0.044279
v 0.132186 -0.262832 -0.088454
v 0.178428 -0.414153 -0.025735
v 0.182437 -0.254147 0.006335
v 0.181738 -0.270599 0.000103
v 0.174930 -0.216879 -0.017013
v 0.161078 -0.194752 -0.039588
v 0.156641 -0.992261 -0.040126
v 0.187681 -0.371329 0.008456
v 0.184789 -0.320521 0.004977
v 0.181846 -0.304310 -0.002857
v 0.172840 -0.192800 -0.001572
v 0.039373 -0.180728 -0.097704
v 0.056636 -0.166251 -0.092211
v 0.059183 -0.202035 -0.105538
v 0.004131 -0.180556 -0.100211
v 0.018175 -0.198734 -0.103702
v 0.184709 -0.287605 0.007659
v 0.154745 -0.253926 -0.057436
v 0.129565 -0.164501 -0.065113
v 0.145360 -0.172949 -0.051631
v 0.064137 -0.247884 -0.121380
v 0.101652 -0.266695 -0.112141
v 0.161466 -0.900285 -0.035256
v 0.161467 -0.914975 -0.038686
v 0.162211 -0.881228 -0.038163
v 0.160705 -0.933210 -0.033793
v 0.132361 -0.247030 -0.086137
v 0.187285 -0.416393 -0.005561
v 0.181280 -0.446189 -0.018498
v 0.176403 -0.273240 -0.017028
v 0.166482 -0.202614 -0.032335
v 0.174989 -0.304075 -0.021483
v 0.186741 -0.303620 0.010395
v 0.075522 -0.169551 -0.091824
v 0.060913 -0.214162 -0.110127
v 0.045058 -0.194094 -0.101445
v 0.144579 -0.260672 -0.073105
v 0.156696 -0.173537 -0.036004
v 0.141291 -0.180641 -0.059525
v 0.032324 -0.257891 -0.122890
v 0.083637 -0.256381 -0.118312
v 0.100336 -0.248513 -0.109092
v 0.156570 -0.917684 -0.052361
v 0.148500 -0.933345 -0.064621
v 0.153284 -0.906688 -0.057325
v 0.189474 -0.417407 0.006804
v 0.182818 -0.431755 -0.000283
v 0.188859 -0.401318 0.000830
v 0.184301 -0.385944 0.001489
v 0.165720 -0.266111 -0.038498
v 0.177621 -0.296161 -0.012643
v 0.085188 -0.178785 -0.094157
v 0.076326 -0.193671 -0.099940
v 0.076606 -0.208799 -0.104895
v 0.141340 -0.248079 -0.075260
v 0.153637 -0.184034 -0.044827
v 0.046049 -0.247779 -0.121062
v 0.071724 -0.256644 -0.121416
v 0.077224 -0.244889 -0.117550
v 0.117363 -0.248555 -0.098247
v 0.183411 -0.427578 -0.016991
v 0.183949 -0.402862 -0.014614
v 0.170583 -0.274493 -0.030042
v 0.159312 -0.263520 -0.050903
v 0.165647 -0.251828 -0.041057
v 0.172513 -0.257508 -0.025395
v 0.149049 -0.247813 -0.065614
v 0.048473 -0.262700 -0.124125
v 0.053079 -0.283290 -0.126692
v 0.029675 -0.242840 -0.120123
v 0.011130 -0.252729 -0.121913
v 0.038137 -0.231982 -0.117317
v 0.109904 -0.257640 -0.106064
v 0.119408 -0.277634 -0.101640
v 0.168256 -0.382491 -0.045372
v 0.181964 -0.382993 -0.019647
v 0.175595 -0.245667 -0.018587
v 0.177343 -0.262437 -0.013549
v 0.035517 -0.216813 -0.111108
v 0.175633 -0.396220 -0.032636
v 0.175859 -0.234278 -0.019131
v 0.035222 -0.203516 -0.106690
v 0.047083 -0.210951 -0.108235
v 0.099877 -0.631729 -0.078472
v 0.095989 -0.779602 -0.086809
v 0.006759 -0.458424 -0.022667
v -0.003176 -0.440546 0.013673
v 0.072608 -0.425706 -0.104298
v 0.042366 -0.920174 -0.042303
v 0.039153 -0.974877 -0.021386
v 0.004185 -0.232068 -0.117407
v 0.006308 -0.218540 -0.112779
v 0.059356 -0.976098 -0.064189
v 0.105765 -0.977276 -0.084947
v 0.178506 -0.219187 0.001867
v 0.045068 -0.349109 -0.115530
v 0.158458 -0.512131 -0.077418
v 0.186910 -0.351684 0.002295
v 0.180013 -0.333329 -0.012843
v 0.176200 -0.341760 -0.027306
v 0.177328 -0.362340 -0.025253
v 0.166945 -0.319083 -0.043025
v 0.174892 -0.322639 -0.025841
v 0.178441 -0.352332 -0.022280
v 0.170394 -0.332629 -0.037911
v 0.170542 -0.310758 -0.033149
v 0.159940 -0.295978 -0.054111
v 0.164433 -0.306401 -0.045754
v 0.166034 -0.293157 -0.040525
v 0.160127 -0.282660 -0.051171
v 0.125256 -0.198189 -0.080333
v 0.132506 -0.212062 -0.077903
v 0.116067 -0.209869 -0.089243
v 0.108029 -0.197039 -0.091320
v 0.114419 -0.181727 -0.082149
v 0.113035 -0.167633 -0.078310
v 0.158358 -0.212683 -0.048446
v 0.152115 -0.201891 -0.052490
v 0.154245 -0.962182 -0.057224
v 0.144577 -0.967282 -0.068791
v 0.133475 -0.966322 -0.077466
v 0.119150 -0.970592 -0.083412
v 0.148585 -0.951507 -0.064402
v 0.180171 -0.241237 0.001869
v 0.147641 -0.991771 -0.054233
v 0.143285 -0.989613 -0.070666
v 0.154218 -0.844046 -0.059916
v 0.144838 -0.875663 -0.068759
v 0.151139 -0.889830 -0.061088
v 0.131623 -0.896855 -0.077452
v 0.155712 -0.873476 -0.054970
v 0.158381 -0.886411 -0.049853
v 0.141836 -0.888767 -0.070792
v 0.145534 -0.900674 -0.066963
v 0.162224 -0.865394 -0.036152
v 0.180787 -0.463749 -0.005692
v 0.144724 -0.282242 -0.076771
v 0.153062 -0.285879 -0.064095
v 0.148668 -0.307570 -0.074221
v 0.149371 -0.294419 -0.072017
v 0.157950 -0.310384 -0.059589
v 0.159578 -0.333286 -0.059327
v 0.153244 -0.321447 -0.068556
v 0.148241 -0.340179 -0.078078
v 0.084143 -0.277853 -0.121089
v 0.154272 -0.936883 -0.054902
v 0.088841 -0.197237 -0.099199
v 0.062508 -0.191353 -0.100412
v 0.071346 -0.182039 -0.096114
v 0.089761 -0.243514 -0.113856
v 0.031146 -0.312173 -0.123751
v 0.016345 -0.274153 -0.125025
v -0.002224 -0.250207 -0.121804
v 0.120923 -0.264152 -0.098165
v 0.131725 -0.277830 -0.091239
v 0.105438 -0.312566 -0.114085
v 0.185843 -0.392039 -0.010020
v 0.164980 -0.411535 -0.045747
v 0.176756 -0.382700 -0.033461
v 0.181528 -0.393731 -0.022267
v 0.162676 -0.641111 -0.067210
v 0.054209 -0.692575 -0.062612
v 0.037103 -0.619248 -0.055135
v 0.151294 -0.786956 -0.068790
v 0.060839 -0.843910 -0.071768
v 0.048603 -0.788512 -0.054696
v 0.007796 -0.493963 -0.014220
v 0.008817 -0.429575 -0.033640
v -0.002280 -0.439026 -0.011087
v -0.003720 -0.436614 0.000470
v 0.034882 -0.403102 -0.078308
v 0.040056 -0.939871 -0.027025
v 0.039917 -0.903892 -0.025687
v 0.040374 -0.986404 -0.034921
v 0.048876 -0.984183 -0.051882
v 0.058922 -0.990074 -0.061825
v 0.070196 -0.985945 -0.070953
v 0.071563 -0.971748 -0.070632
v 0.058141 -0.953325 -0.063994
v 0.062316 -0.964849 -0.066874
v 0.049725 -0.965552 -0.054399
v 0.045276 -0.991919 -0.044758
v 0.042121 -0.952752 -0.041177
v 0.048968 -0.952799 -0.053533
v 0.044309 -0.937115 -0.047329
v 0.041292 -0.931148 -0.036341
v 0.052973 -0.923480 -0.059774
v 0.014780 -0.241143 -0.119421
v 0.092426 -0.977560 -0.081793
v 0.099126 -0.990352 -0.083951
v 0.115791 -0.990152 -0.084323
v 0.128486 -0.993189 -0.079575
v 0.019093 -0.343978 -0.106699
v 0.169795 -0.515600 -0.032772
v 0.180400 -0.370939 -0.015478
v 0.136535 -0.199726 -0.069006
v 0.130115 -0.187764 -0.072343
v 0.102834 -0.180368 -0.089094
v 0.140045 -0.978391 -0.073030
v 0.163004 -0.827053 -0.042325
v 0.124933 -0.924561 -0.080914
v 0.148282 -0.860219 -0.065279
v 0.106997 -0.848715 -0.085913
v 0.158718 -0.857008 -0.050074
v 0.128350 -0.858698 -0.081028
v 0.161647 -0.841670 -0.045413
v 0.139003 -0.864208 -0.074060
v 0.141159 -0.846717 -0.073501
v 0.165005 -0.838424 -0.032662
v 0.165923 -0.825814 -0.029653
v 0.163771 -0.851653 -0.036117
v 0.125419 -0.840297 -0.081733
v 0.145988 -0.816696 -0.070875
v 0.165747 -0.846993 -0.023657
v 0.146800 -0.832226 -0.068815
v 0.132533 -0.826249 -0.078915
v 0.156198 -0.822500 -0.058723
v 0.134857 -0.837784 -0.077410
v 0.125449 -0.797998 -0.083027
v 0.157215 -0.803576 -0.060348
v 0.166957 -0.804693 -0.038333
v 0.157648 -0.834183 -0.055200
v 0.133350 -0.810934 -0.079046
v 0.162947 -0.814957 -0.047135
v 0.106784 -0.819320 -0.086470
v 0.140127 -0.796820 -0.075939
v 0.120103 -0.811326 -0.084406
v 0.102759 -0.799035 -0.086742
v 0.119549 -0.827020 -0.083912
v 0.106197 -0.834003 -0.086155
v 0.083083 -0.842400 -0.083807
v 0.096549 -0.841585 -0.085638
v 0.185429 -0.448365 -0.001962
v 0.183212 -0.464680 0.006383
v 0.175738 -0.481784 -0.002174
v 0.139819 -0.270707 -0.080456
v 0.148132 -0.271995 -0.070162
v 0.161886 -0.322039 -0.053830
v 0.090373 -0.267213 -0.117762
v 0.103343 -0.288418 -0.113824
v 0.069842 -0.285080 -0.124833
v 0.010817 -0.307458 -0.122613
v 0.046367 -0.300892 -0.126252
v 0.002461 -0.269410 -0.124928
v 0.019613 -0.262554 -0.123598
v 0.036153 -0.275772 -0.125456
v 0.040083 -0.288925 -0.126283
v 0.008133 -0.288606 -0.125163
v 0.024017 -0.287470 -0.126059
v 0.031342 -0.299082 -0.125159
v 0.172668 -0.407857 -0.036406
v 0.166797 -0.397186 -0.045904
v 0.149161 -0.385799 -0.079828
v 0.157023 -0.387649 -0.059849
v 0.176302 -0.643264 -0.034040
v 0.165277 -0.696115 -0.061324
v 0.163950 -0.587020 -0.050793
v 0.030606 -0.697306 -0.031495
v 0.024482 -0.641650 -0.025943
v 0.022174 -0.604432 -0.023252
v 0.166487 -0.752128 -0.051025
v 0.040789 -0.845853 -0.037800
v 0.037859 -0.791023 -0.025290
v 0.014423 -0.530469 -0.018936
v 0.008857 -0.513576 -0.000433
v 0.005320 -0.496099 0.005775
v 0.003559 -0.418543 -0.025798
v 0.011224 -0.408503 -0.049425
v 0.002349 -0.430576 -0.021562
v 0.006575 -0.443577 -0.026638
v 0.044610 -0.457017 -0.066673
v 0.019334 -0.456821 -0.049604
v 0.012353 -0.453997 -0.036968
v 0.016395 -0.438805 -0.047753
v 0.015245 -0.480306 -0.036475
v 0.011632 -0.467376 -0.032664
v 0.007966 -0.478966 -0.021256
v 0.008411 -0.416687 -0.038215
v 0.015765 -0.423181 -0.050874
v 0.027196 -0.410810 -0.062072
v 0.022035 -0.376285 -0.079992
v 0.041588 -0.940376 -0.013127
v 0.041953 -0.904514 -0.011988
v 0.040214 -0.884337 -0.019763
v 0.038562 -0.988852 -0.019995
v 0.039697 -0.959992 -0.026853
v 0.040250 -0.951391 -0.016957
v 0.040847 -0.920753 -0.019701
v 0.055139 -0.939394 -0.060437
v 0.005162 -0.341841 -0.102040
v 0.012052 -0.325783 -0.114219
v 0.012631 -0.358161 -0.090375
v 0.174932 -0.517314 -0.008991
v 0.175668 -0.551978 -0.029596
v 0.139170 -0.923501 -0.072983
v 0.136887 -0.939706 -0.074521
v 0.130256 -0.911665 -0.078125
v 0.118324 -0.948099 -0.083125
v 0.124792 -0.958879 -0.081367
v 0.086939 -0.897194 -0.083774
v 0.129183 -0.947749 -0.078596
v 0.109847 -0.900997 -0.085003
v 0.122267 -0.902707 -0.081629
v 0.119174 -0.851983 -0.083784
v 0.110941 -0.875631 -0.085277
v 0.121416 -0.887140 -0.082115
v 0.108532 -0.862041 -0.086142
v 0.129342 -0.874280 -0.079515
v 0.083540 -0.870885 -0.083831
v 0.089498 -0.856286 -0.085217
v 0.097950 -0.869623 -0.085820
v 0.098900 -0.884994 -0.085105
v 0.071545 -0.857427 -0.079954
v 0.109231 -0.889298 -0.085234
v 0.085065 -0.884034 -0.083438
v 0.059194 -0.897021 -0.070020
v 0.072818 -0.893518 -0.078837
v 0.076820 -0.915289 -0.079102
v 0.061950 -0.875678 -0.073360
v 0.073855 -0.877566 -0.080005
v 0.067559 -0.905688 -0.075660
v 0.056530 -0.911178 -0.066209
v 0.064498 -0.886678 -0.074483
v 0.044646 -0.897701 -0.049797
v 0.050803 -0.901243 -0.060666
v 0.046307 -0.911172 -0.051595
v 0.050962 -0.882505 -0.059890
v 0.040412 -0.908688 -0.038793
v 0.165150 -0.785142 -0.049574
v 0.168592 -0.791575 -0.028779
v 0.167181 -0.792782 -0.040648
v 0.168016 -0.810037 -0.024767
v 0.166227 -0.816518 -0.035864
v 0.148839 -0.804219 -0.069511
v 0.069498 -0.799054 -0.079281
v 0.113814 -0.784523 -0.086386
v 0.135087 -0.774753 -0.080879
v 0.140952 -0.784550 -0.076073
v 0.108383 -0.277399 -0.110000
v 0.119430 -0.295413 -0.104228
v 0.132532 -0.320792 -0.095182
v 0.143531 -0.319610 -0.082758
v 0.109078 -0.300425 -0.112058
v 0.128962 -0.305999 -0.097870
v 0.139188 -0.305348 -0.086650
v 0.120038 -0.315457 -0.105063
v 0.149204 -0.328724 -0.075649
v 0.139805 -0.332078 -0.087747
v 0.121404 -0.337919 -0.104262
v 0.130319 -0.332729 -0.097559
v 0.111449 -0.326771 -0.111099
v 0.086843 -0.360349 -0.116038
v 0.080573 -0.330425 -0.121485
v 0.102741 -0.345796 -0.113729
v 0.096168 -0.324830 -0.117456
v 0.093028 -0.337510 -0.117927
v 0.081753 -0.312181 -0.122991
v 0.093345 -0.300480 -0.118762
v 0.079909 -0.295035 -0.123239
v 0.091889 -0.288153 -0.119284
v 0.056641 -0.294327 -0.126987
v 0.053827 -0.325681 -0.123634
v 0.153338 -0.406226 -0.072226
v 0.158073 -0.402857 -0.056950
v 0.158185 -0.415117 -0.056240
v 0.153705 -0.363610 -0.067654
v 0.181337 -0.645055 -0.015855
v 0.178558 -0.666476 -0.026963
v 0.178411 -0.621299 -0.022622
v 0.178861 -0.653543 -0.025817
v 0.179927 -0.661055 -0.013656
v 0.182019 -0.631516 -0.012679
v 0.178688 -0.633718 -0.025543
v 0.174773 -0.698334 -0.032713
v 0.172832 -0.589265 -0.021587
v 0.027089 -0.699297 -0.009983
v 0.038291 -0.734137 -0.030209
v 0.021580 -0.643548 -0.005806
v 0.019408 -0.606622 -0.003251
v 0.172922 -0.754363 -0.029964
v 0.038737 -0.847563 -0.017445
v 0.035831 -0.791748 -0.008686
v 0.035243 -0.771501 -0.015885
v 0.037881 -0.811576 -0.018259
v 0.035897 -0.782726 -0.016672
v 0.036512 -0.804010 -0.008660
v 0.018740 -0.567405 -0.021308
v 0.014832 -0.550442 -0.004439
v 0.008633 -0.514620 0.012659
v 0.011388 -0.532910 0.001757
v 0.007485 -0.502184 -0.004605
v 0.012916 -0.510656 -0.022118
v 0.003574 -0.400798 -0.042006
v 0.013091 -0.389860 -0.063022
v 0.033105 -0.444309 -0.057416
v 0.001325 -0.468691 -0.000346
v -0.002673 -0.452561 0.002012
v 0.005112 -0.481164 -0.006389
v 0.002282 -0.480735 0.009496
v 0.000665 -0.452261 -0.012023
v -0.002859 -0.462589 0.012427
v 0.007067 -0.371813 -0.074148
v 0.014561 -0.380819 -0.071066
v 0.026272 -0.390206 -0.074811
v 0.022664 -0.398567 -0.064685
v 0.043476 -0.884888 -0.008209
v 0.039072 -0.866636 -0.017889
v 0.000336 -0.325317 -0.113328
v 0.018895 -0.317236 -0.121152
v 0.001139 -0.357102 -0.087844
v 0.031689 -0.360519 -0.101850
v 0.042648 -0.384026 -0.097006
v 0.035673 -0.391025 -0.086124
v 0.177919 -0.518303 0.003478
v 0.181942 -0.534993 -0.007909
v 0.071534 -0.844417 -0.079347
v 0.066825 -0.822163 -0.077179
v 0.058108 -0.860317 -0.069465
v 0.048392 -0.848497 -0.056760
v 0.040060 -0.890059 -0.035630
v 0.158446 -0.791391 -0.059291
v 0.085778 -0.793802 -0.085616
v 0.082539 -0.812660 -0.084368
v 0.091828 -0.825870 -0.085960
v 0.091702 -0.803911 -0.085937
v 0.078206 -0.825522 -0.083142
v 0.096537 -0.815038 -0.086566
v 0.114056 -0.795829 -0.085966
v 0.126665 -0.785111 -0.083480
v 0.119236 -0.359718 -0.105563
v 0.097019 -0.277616 -0.115762
v 0.044886 -0.314561 -0.125156
v 0.060609 -0.313140 -0.125995
v 0.068280 -0.324317 -0.123526
v 0.065465 -0.343744 -0.119564
v 0.153414 -0.394154 -0.070938
v 0.152480 -0.377137 -0.068951
v 0.160942 -0.372024 -0.055628
v 0.162573 -0.353997 -0.055465
v 0.170883 -0.366048 -0.043298
v 0.154123 -0.349763 -0.068047
v 0.164603 -0.342638 -0.051471
v 0.172753 -0.356748 -0.036749
v 0.179578 -0.681214 -0.018202
v 0.178961 -0.695426 -0.018286
v 0.175092 -0.681501 -0.036238
v 0.171047 -0.691794 -0.046741
v 0.170207 -0.661743 -0.052196
v 0.174708 -0.656104 -0.039769
v 0.174123 -0.668970 -0.041075
v 0.169591 -0.645118 -0.051651
v 0.166702 -0.677394 -0.057345
v 0.168018 -0.615808 -0.051813
v 0.173823 -0.625364 -0.039337
v 0.167240 -0.630656 -0.056347
v 0.171218 -0.605504 -0.034278
v 0.179789 -0.608322 -0.011307
v 0.181946 -0.619941 -0.009675
v 0.175451 -0.609591 -0.023361
v 0.177817 -0.594530 -0.008086
v 0.176530 -0.717510 -0.025373
v 0.178091 -0.571519 -0.011698
v 0.026092 -0.700092 0.002068
v 0.024073 -0.680867 -0.007270
v 0.028607 -0.717747 -0.008980
v 0.021688 -0.644700 0.006012
v 0.021402 -0.624168 -0.014943
v 0.019226 -0.607613 0.008598
v 0.018198 -0.588116 -0.001606
v 0.173531 -0.755502 -0.017463
v 0.171402 -0.773034 -0.028726
v 0.041253 -0.848076 -0.005848
v 0.034832 -0.773954 -0.003008
v 0.032953 -0.754760 -0.009866
v 0.039138 -0.830199 -0.026302
v 0.014389 -0.551771 0.009315
v 0.011873 -0.533528 0.013460
v 0.011496 -0.524033 -0.007504
v 0.013722 -0.538783 -0.008737
v 0.018164 -0.547997 -0.026235
v 0.013662 -0.495734 -0.029788
v 0.047777 -0.506995 -0.065784
v 0.024235 -0.514111 -0.049630
v 0.018052 -0.508130 -0.036822
v 0.024291 -0.493351 -0.051623
v 0.019221 -0.526267 -0.036283
v 0.018347 -0.491219 -0.041010
v 0.002603 -0.385503 -0.057803
v 0.033768 -0.458891 -0.056188
v 0.043125 -0.480622 -0.062362
v 0.024201 -0.473985 -0.051852
v 0.041826 -0.468329 -0.060715
v 0.031744 -0.427382 -0.060319
v 0.004647 -0.468912 -0.013773
v 0.038615 -0.856997 -0.028610
v 0.039006 -0.873307 -0.035223
v 0.043028 -0.881030 -0.046931
v 0.044660 -0.865005 -0.050215
v 0.044033 -0.853779 -0.046770
v 0.049745 -0.859771 -0.060478
v 0.021018 -0.354522 -0.099926
v 0.032313 -0.348928 -0.110147
v 0.030221 -0.332189 -0.117804
v 0.023973 -0.366785 -0.091026
v 0.035177 -0.372559 -0.096391
v 0.052258 -0.369191 -0.111166
v 0.176606 -0.527784 -0.022675
v 0.179252 -0.541231 -0.021114
v 0.180173 -0.556010 -0.013226
v 0.172222 -0.535137 -0.045830
v 0.176219 -0.536169 -0.033000
v 0.181504 -0.563416 -0.004282
v 0.051191 -0.826926 -0.060150
v 0.071366 -0.811003 -0.080070
v 0.055711 -0.807981 -0.066600
v 0.103604 -0.362218 -0.112100
v 0.117956 -0.403997 -0.106416
v 0.114321 -0.381636 -0.107495
v 0.112631 -0.369596 -0.108659
v 0.114592 -0.348011 -0.108268
v 0.052425 -0.338495 -0.120385
v 0.165001 -0.332261 -0.049095
v 0.123645 -0.676599 -0.084376
v 0.158427 -0.663134 -0.074689
v 0.172519 -0.636250 -0.043609
v 0.166287 -0.601515 -0.048761
v 0.168607 -0.590719 -0.036331
v 0.169048 -0.570328 -0.038373
v 0.178239 -0.707458 -0.018051
v 0.177485 -0.718720 -0.013622
v 0.175726 -0.736101 -0.025003
v 0.169257 -0.714711 -0.048984
v 0.168889 -0.703486 -0.052029
v 0.177814 -0.582686 -0.005738
v 0.027281 -0.687906 -0.020465
v 0.025557 -0.664787 -0.025999
v 0.025747 -0.675774 -0.019364
v 0.022654 -0.662186 -0.006405
v 0.029833 -0.708548 -0.021349
v 0.036259 -0.715456 -0.042045
v 0.033716 -0.722443 -0.022662
v 0.032406 -0.737571 -0.012667
v 0.026503 -0.620627 -0.036150
v 0.022212 -0.635907 -0.015346
v 0.020620 -0.630294 -0.001018
v 0.020609 -0.612655 -0.014074
v 0.019441 -0.596035 -0.013130
v 0.019036 -0.581303 -0.015164
v 0.016332 -0.569261 -0.000926
v 0.169261 -0.764166 -0.041755
v 0.169181 -0.776264 -0.040720
v 0.040277 -0.755956 -0.032046
v 0.035724 -0.747434 -0.021939
v 0.038663 -0.841358 -0.027190
v 0.037963 -0.834541 -0.012350
v 0.017008 -0.556136 -0.016139
v 0.044170 -0.568220 -0.069455
v 0.032746 -0.504046 -0.059359
v 0.035022 -0.491096 -0.059708
v 0.015220 -0.521472 -0.026397
v 0.017474 -0.536232 -0.029129
v 0.017971 -0.467541 -0.043584
v 0.052575 -0.871619 -0.064709
v 0.030799 -0.380280 -0.087353
v 0.042516 -0.360596 -0.109512
v 0.058414 -0.356708 -0.116820
v 0.072918 -0.355267 -0.117796
v 0.080121 -0.343814 -0.119146
v 0.091299 -0.349277 -0.116631
v 0.182670 -0.547153 -0.004422
v 0.052906 -0.839096 -0.062910
v 0.044662 -0.836200 -0.048817
v 0.043285 -0.812267 -0.042619
v 0.045090 -0.823667 -0.048744
v 0.057616 -0.819991 -0.068695
v 0.057514 -0.791703 -0.069364
v 0.056564 -0.752585 -0.069852
v 0.071833 -0.773168 -0.080713
v 0.054965 -0.772264 -0.065671
v 0.082674 -0.780883 -0.084615
v 0.067514 -0.785758 -0.077933
v 0.164181 -0.666837 -0.063201
v 0.164570 -0.653212 -0.062507
v 0.154480 -0.683043 -0.076772
v 0.157899 -0.557307 -0.072903
v 0.168713 -0.553349 -0.049045
v 0.174416 -0.565208 -0.024890
v 0.171648 -0.577696 -0.027570
v 0.171607 -0.742118 -0.039118
v 0.165188 -0.733072 -0.056670
v 0.173119 -0.710676 -0.036531
v 0.023134 -0.652377 -0.016821
v 0.023173 -0.672108 -0.001016
v 0.030827 -0.737080 -0.000411
v 0.029370 -0.599638 -0.046069
v 0.024516 -0.580749 -0.037230
v 0.022055 -0.590441 -0.026760
v 0.031968 -0.638016 -0.046200
v 0.019629 -0.618330 0.000901
v 0.017218 -0.578898 0.005231
v 0.036003 -0.760181 -0.020803
v 0.037797 -0.821582 -0.010550
v 0.033017 -0.541387 -0.059474
v 0.023726 -0.544416 -0.043651
v 0.025765 -0.530478 -0.051157
v 0.030449 -0.561839 -0.053969
v 0.022650 -0.560697 -0.037383
v 0.036526 -0.521025 -0.062917
v 0.028919 -0.550286 -0.052746
v 0.026636 -0.570303 -0.044371
v 0.021967 -0.571084 -0.031886
v 0.073314 -0.538163 -0.077376
v 0.056606 -0.525693 -0.071640
v 0.047911 -0.518644 -0.067142
v 0.040851 -0.817420 -0.030125
v 0.039499 -0.803470 -0.031637
v 0.043087 -0.791542 -0.040138
v 0.044025 -0.771528 -0.044150
v 0.039769 -0.777055 -0.030355
v 0.046810 -0.801148 -0.049308
v 0.062819 -0.764687 -0.074633
v 0.162145 -0.685773 -0.066811
v 0.173068 -0.545510 -0.040435
v 0.171329 -0.558775 -0.038318
v 0.163527 -0.569616 -0.057046
v 0.163802 -0.540177 -0.063914
v 0.170680 -0.728344 -0.043645
v 0.149192 -0.750572 -0.074579
v 0.158016 -0.715629 -0.069660
v 0.030085 -0.612521 -0.046374
v 0.027955 -0.652739 -0.038012
v 0.049143 -0.660197 -0.063676
v 0.034181 -0.674232 -0.048299
v 0.028555 -0.680151 -0.034440
v 0.037771 -0.652330 -0.053193
v 0.029044 -0.665651 -0.039371
v 0.050801 -0.635727 -0.068518
v 0.040025 -0.664612 -0.055100
v 0.050320 -0.676673 -0.060842
v 0.046503 -0.647390 -0.063086
v 0.040169 -0.635777 -0.058047
v 0.083339 -0.669414 -0.082500
v 0.039976 -0.688120 -0.054295
v 0.063775 -0.669034 -0.075055
v 0.061872 -0.649921 -0.075834
v 0.042335 -0.705776 -0.057147
v 0.032573 -0.689738 -0.042693
v 0.060146 -0.681491 -0.069865
v 0.026593 -0.633226 -0.035425
v 0.030976 -0.625992 -0.046353
v 0.038730 -0.554434 -0.065218
v 0.047489 -0.540176 -0.070144
v 0.039264 -0.532344 -0.065131
v 0.060481 -0.537355 -0.073148
v 0.064111 -0.558819 -0.078401
v 0.050807 -0.556237 -0.073200
v 0.048082 -0.753435 -0.051081
v 0.048435 -0.775877 -0.055068
v 0.048901 -0.812263 -0.055382
v 0.165275 -0.576192 -0.047583
v 0.163750 -0.557638 -0.061075
v 0.168356 -0.543021 -0.053101
v 0.147325 -0.536350 -0.087801
v 0.166807 -0.521346 -0.060722
v 0.174417 -0.726815 -0.032349
v 0.159663 -0.746170 -0.063644
v 0.153061 -0.732461 -0.073707
v 0.164718 -0.721184 -0.059629
v 0.058165 -0.659845 -0.071843
v 0.073075 -0.626740 -0.079553
v 0.073461 -0.658541 -0.079802
v 0.077279 -0.642685 -0.080991
v 0.085837 -0.632345 -0.079559
v 0.071150 -0.721617 -0.072866
v 0.071586 -0.700160 -0.076555
v 0.087472 -0.746443 -0.082063
v 0.088130 -0.763762 -0.085043
v 0.071162 -0.750835 -0.079076
v 0.116483 -0.752864 -0.086185
v 0.061944 -0.736457 -0.073378
v 0.104771 -0.765093 -0.087171
v 0.077772 -0.735299 -0.076679
v 0.049364 -0.739792 -0.061455
v 0.052022 -0.721031 -0.065618
v 0.100829 -0.750703 -0.087584
v 0.114175 -0.714186 -0.083533
v 0.111438 -0.733406 -0.086203
v 0.121388 -0.767523 -0.084948
v 0.043569 -0.739273 -0.045502
v 0.091179 -0.717968 -0.084479
v 0.133199 -0.755708 -0.081664
v 0.041075 -0.744450 -0.034440
v 0.039275 -0.727547 -0.041987
v 0.042898 -0.720618 -0.054251
v 0.080950 -0.724007 -0.080107
v 0.080048 -0.710340 -0.080714
v 0.092272 -0.690573 -0.084701
v 0.082496 -0.698727 -0.082295
v 0.075103 -0.683836 -0.079817
v 0.127655 -0.739789 -0.082316
v 0.144596 -0.763593 -0.076287
v 0.158323 -0.764078 -0.062838
v 0.164091 -0.772741 -0.053620
v 0.044409 -0.731563 -0.054536
v 0.123961 -0.725433 -0.081296
v 0.138331 -0.705121 -0.081110
v 0.138275 -0.730022 -0.078152
v 0.140177 -0.742264 -0.078779
v 0.135343 -0.717435 -0.079145
v 0.148221 -0.713226 -0.078385
v 0.153015 -0.698436 -0.076574
v 0.035443 -0.702457 -0.045563
v 0.050956 -0.760707 -0.061130
v 0.043154 -0.760379 -0.042539
v 0.156285 -0.543544 -0.077513
v 0.157436 -0.528632 -0.077337
v 0.161613 -0.489908 -0.052563
v 0.169973 -0.521096 -0.046204
v 0.164730 -0.506502 -0.052865
v 0.164276 -0.510831 -0.065785
v 0.164876 -0.498506 -0.035374
v 0.062248 -0.635942 -0.077266
v 0.075961 -0.761571 -0.081606
v 0.056356 -0.707198 -0.064023
v 0.104129 -0.722682 -0.086705
v 0.096582 -0.735237 -0.086479
v 0.150946 -0.773687 -0.070128
v 0.160036 -0.704142 -0.068228
v 0.163451 -0.530445 -0.067180
v 0.166691 -0.468467 -0.032733
v 0.166683 -0.508114 -0.041021
v 0.168907 -0.504507 -0.018821
v 0.172013 -0.486010 -0.021576
v 0.174127 -0.502104 -0.001923
v 0.174430 -0.494796 -0.012781
v 0.067136 -0.710004 -0.070294
v 0.164763 -0.709833 -0.059927
v 0.173518 -0.460146 -0.020250
v 0.172792 -0.473101 -0.020906
v 0.163925 -0.482966 -0.037893
v 0.179026 -0.492612 0.000914
v 0.175110 -0.472615 -0.008994
v 0.041808 -0.168739 -0.092837
v 0.163407 -0.185451 -0.026854
v 0.169075 -0.433464 -0.036973
v 0.161852 -0.426676 -0.048174
v 0.159047 -0.452316 -0.053190
v 0.158416 -0.438452 -0.055375
v 0.176564 -0.426602 -0.028811
v 0.171683 -0.449515 -0.033158
v 0.160146 -0.470072 -0.050418
v 0.163637 -0.443847 -0.042899
v 0.162893 -0.459781 -0.042313
v 0.140226 -0.470279 -0.097195
v 0.151017 -0.445558 -0.084579
v 0.154637 -0.438178 -0.071122
v 0.148118 -0.423384 -0.088178
v 0.153040 -0.426413 -0.075782
v 0.154097 -0.465067 -0.072944
v 0.154032 -0.451296 -0.072614
v 0.157061 -0.462128 -0.060125
v 0.157940 -0.479155 -0.065464
v 0.159881 -0.494946 -0.074022
v 0.162531 -0.498683 -0.062305
v 0.139471 -0.498368 -0.095546
v 0.152407 -0.502256 -0.086728
v 0.145290 -0.518976 -0.090689
v 0.150471 -0.485143 -0.090265
v 0.152171 -0.470631 -0.087546
v 0.147026 -0.457992 -0.093363
v 0.156225 -0.479359 -0.079035
v 0.110292 -0.444230 -0.106995
v 0.127743 -0.453758 -0.102456
v 0.108354 -0.533163 -0.099344
v 0.104169 -0.484038 -0.104544
v 0.129550 -0.430712 -0.101658
v 0.140741 -0.443570 -0.097709
v 0.141153 -0.430223 -0.095941
v 0.135057 -0.411767 -0.098980
v 0.129657 -0.530876 -0.098886
v 0.109479 -0.464793 -0.105815
v 0.080098 -0.505711 -0.088948
v 0.123127 -0.441744 -0.103794
v 0.122294 -0.418062 -0.104588
v 0.096495 -0.418123 -0.110054
v 0.109895 -0.414549 -0.108398
v 0.112399 -0.428912 -0.107091
v 0.133615 -0.390078 -0.098991
v 0.146773 -0.407135 -0.087934
v 0.138795 -0.401065 -0.095869
v 0.140505 -0.528769 -0.093509
v 0.127675 -0.571161 -0.097380
v 0.148855 -0.600409 -0.084665
v 0.160450 -0.596751 -0.068050
v 0.158209 -0.620241 -0.075607
v 0.162575 -0.628897 -0.067965
v 0.115550 -0.509127 -0.103157
v 0.115792 -0.454203 -0.105285
v 0.124373 -0.469520 -0.102639
v 0.131767 -0.484132 -0.099929
v 0.113847 -0.476052 -0.105127
v 0.125276 -0.497916 -0.101723
v 0.111320 -0.496412 -0.104352
v 0.096405 -0.506887 -0.099665
v 0.071404 -0.464818 -0.094039
v 0.074320 -0.519868 -0.077172
v 0.121758 -0.392148 -0.104740
v 0.129072 -0.373581 -0.100863
v 0.130504 -0.361342 -0.098916
v 0.144478 -0.368460 -0.086488
v 0.147326 -0.354795 -0.080619
v 0.139562 -0.379075 -0.093242
v 0.143503 -0.390696 -0.090288
v 0.122364 -0.550976 -0.099898
v 0.154399 -0.579634 -0.080740
v 0.158788 -0.581687 -0.065186
v 0.157118 -0.569903 -0.070548
v 0.158135 -0.607966 -0.076689
v 0.163795 -0.609549 -0.063552
v 0.131742 -0.512402 -0.098581
v 0.118084 -0.523222 -0.102002
v 0.102189 -0.519513 -0.099336
v 0.088451 -0.533027 -0.090276
v 0.119852 -0.487381 -0.103827
v 0.086915 -0.490470 -0.097987
v 0.089651 -0.469630 -0.102361
v 0.062545 -0.510907 -0.071335
v 0.059788 -0.490680 -0.071182
v 0.056725 -0.470984 -0.075596
v 0.120000 -0.538430 -0.100681
v 0.135964 -0.543427 -0.095422
v 0.147210 -0.556262 -0.088025
v 0.134296 -0.558131 -0.096051
v 0.152573 -0.566413 -0.082293
v 0.142224 -0.575514 -0.091159
v 0.145661 -0.587806 -0.087580
v 0.114248 -0.602336 -0.089985
v 0.132404 -0.598278 -0.093159
v 0.091570 -0.608792 -0.078407
v 0.091992 -0.621319 -0.078119
v 0.109735 -0.617490 -0.082811
v 0.138750 -0.619816 -0.089517
v 0.119252 -0.586088 -0.094401
v 0.103722 -0.606664 -0.082685
v 0.140813 -0.608374 -0.090183
v 0.123458 -0.636547 -0.084730
v 0.123469 -0.613783 -0.089994
v 0.127117 -0.625621 -0.088209
v 0.133932 -0.585793 -0.094287
v 0.112417 -0.629542 -0.082070
v 0.155986 -0.592042 -0.078907
v 0.098453 -0.552954 -0.094132
v 0.106208 -0.569940 -0.094139
v 0.093097 -0.586341 -0.082361
v 0.105730 -0.590713 -0.089237
v 0.080803 -0.528956 -0.081532
v 0.087831 -0.518313 -0.092348
v 0.098123 -0.494532 -0.101658
v 0.101345 -0.472726 -0.105157
v 0.092604 -0.480971 -0.101719
v 0.078445 -0.478549 -0.095577
v 0.067256 -0.475793 -0.085067
v 0.072957 -0.491214 -0.086115
v 0.071212 -0.502621 -0.078545
v 0.084553 -0.447323 -0.104816
v 0.047422 -0.494050 -0.065577
v 0.053987 -0.480521 -0.068538
v 0.056766 -0.451093 -0.084639
v 0.044664 -0.437125 -0.074223
v 0.037659 -0.436211 -0.064774
v 0.098221 -0.540688 -0.095349
v 0.085445 -0.548066 -0.083181
v 0.086107 -0.567742 -0.086431
v 0.072699 -0.549686 -0.080761
v 0.111421 -0.558301 -0.097172
v 0.081789 -0.459121 -0.101015
v 0.096396 -0.456691 -0.106441
v 0.052482 -0.459442 -0.076174
v 0.039473 -0.420171 -0.075543
v 0.053784 -0.409622 -0.095767
v 0.043700 -0.401745 -0.090036
v 0.045075 -0.414014 -0.086255
v 0.056764 -0.431642 -0.091024
v 0.047043 -0.427304 -0.082871
v 0.096585 -0.564302 -0.092107
v 0.068514 -0.582196 -0.076642
v 0.068818 -0.440649 -0.098341
v 0.051972 -0.440005 -0.083689
v 0.061198 -0.420397 -0.097906
v 0.082029 -0.578954 -0.079547
v 0.072442 -0.569547 -0.077713
v 0.057003 -0.572455 -0.076496
v 0.046144 -0.596794 -0.069424
v 0.054190 -0.586498 -0.075449
v 0.067840 -0.604901 -0.077585
v 0.064256 -0.593487 -0.077033
v 0.080412 -0.594961 -0.077444
v 0.066502 -0.452621 -0.093335
v 0.074576 -0.950900 -0.075218
v 0.064405 -0.946125 -0.069871
v 0.084359 -0.934485 -0.080801
v 0.074766 -0.939628 -0.076540
v 0.074887 -0.927267 -0.077416
v 0.098542 -0.916832 -0.084429
v 0.093478 -0.951337 -0.081952
v 0.106274 -0.961142 -0.085091
v 0.087129 -0.921959 -0.082070
v 0.084473 -0.956264 -0.077898
v 0.103281 -0.936352 -0.084773
v 0.105083 -0.948449 -0.084924
v 0.093211 -0.940608 -0.082715
v 0.110411 -0.923999 -0.084339
v 0.117695 -0.913983 -0.083335
v 0.116599 -0.935793 -0.083692
v 0.143051 -0.670268 -0.083520
v 0.138462 -0.685456 -0.082783
v 0.126280 -0.656348 -0.081571
v 0.154315 -0.673001 -0.078792
v 0.130452 -0.666819 -0.083646
v 0.105215 -0.664412 -0.083190
v 0.091429 -0.653638 -0.082064
v 0.108458 -0.647419 -0.079143
v 0.147024 -0.644528 -0.085564
v 0.140582 -0.634247 -0.088618
v 0.153990 -0.632693 -0.079525
v 0.161013 -0.675132 -0.069285
v 0.106779 -0.681335 -0.082750
v 0.119851 -0.695168 -0.081462
v 0.093281 -0.678079 -0.084310
v 0.105898 -0.694034 -0.083671
v 0.120399 -0.646522 -0.081065
v 0.114398 -0.657611 -0.080402
v 0.096678 -0.643337 -0.079228
v 0.147681 -0.656752 -0.083307
v 0.132006 -0.695110 -0.082438
v 0.124712 -0.706745 -0.080634
v 0.096188 -0.395478 -0.111714
v 0.092675 -0.377572 -0.113740
v 0.102625 -0.384931 -0.111240
v 0.068285 -0.391403 -0.111679
v 0.070776 -0.408938 -0.108369
v 0.072874 -0.373643 -0.115785
v 0.060380 -0.400648 -0.104263
v 0.055138 -0.387168 -0.105582
v 0.081248 -0.398768 -0.112915
v 0.080857 -0.385334 -0.114232
v 0.091048 -0.407301 -0.111682
v 0.081557 -0.416821 -0.109686
v 0.061136 -0.377793 -0.112230
v 0.087888 -0.431605 -0.108161
v 0.101100 -0.435273 -0.108655
v 0.050563 -0.615965 -0.070494
v 0.060032 -0.623353 -0.077041
v 0.044369 -0.625041 -0.063676
v 0.041810 -0.608618 -0.062992
v 0.054561 -0.604592 -0.075289
v 0.078111 -0.614399 -0.079105
v 0.097934 -0.904880 -0.085058
v 0.156932 -0.649526 -0.076314
v 0.101155 -0.707501 -0.085897
v 0.035275 -0.583240 -0.057952
v 0.035467 -0.571021 -0.060294
v 0.043607 -0.581158 -0.068682
v 0.036708 -0.596594 -0.058136
v 0.028969 -0.587116 -0.046949
v -0.037177 -1.016891 -0.035568
v -0.042068 -1.017930 -0.044235
v -0.047401 -1.018694 -0.052060
v -0.053185 -1.019203 -0.059474
v -0.059299 -1.019444 -0.066621
v -0.065934 -1.019082 -0.073341
v -0.073490 -1.019702 -0.079284
v -0.081891 -1.018896 -0.083393
v -0.090985 -1.018777 -0.086808
v -0.100077 -1.019033 -0.088701
v -0.109662 -1.018836 -0.088471
v -0.118812 -1.019504 -0.086347
v -0.127181 -1.019333 -0.082041
v -0.134400 -1.019820 -0.076333
v -0.141008 -1.020045 -0.068658
v -0.146742 -1.019997 -0.061305
v -0.152689 -1.019961 -0.053495
v -0.158870 -1.020274 -0.045233
v -0.163732 -1.019965 -0.035948
v -0.167777 -1.020036 -0.027370
v -0.168991 -1.020862 -0.017743
v -0.169376 -1.013284 -0.017514
v -0.168110 -1.005882 -0.017122
v -0.165887 -0.990413 -0.017113
v -0.164092 -0.974394 -0.016248
v -0.162349 -0.958438 -0.015537
v -0.161809 -0.943355 -0.016045
v -0.164124 -0.925478 -0.012309
v -0.162028 -0.910950 -0.014673
v -0.164775 -0.892942 -0.011085
v -0.171845 -0.229353 -0.044740
v -0.159611 -0.227345 -0.060294
v -0.146788 -0.225281 -0.075426
v -0.136941 -0.223943 -0.087664
v -0.125854 -0.222839 -0.096748
v -0.111841 -0.222618 -0.104785
v -0.094648 -0.222924 -0.110778
v -0.043399 -0.161761 -0.095085
v -0.031652 -0.160711 -0.095276
v -0.173009 -0.171495 -0.004654
v -0.171503 -0.170211 -0.017197
v -0.037979 -1.001443 -0.034424
v -0.041385 -1.002070 -0.043714
v -0.046834 -1.002563 -0.051729
v -0.053122 -1.003278 -0.059205
v -0.059416 -1.003385 -0.066203
v -0.066504 -1.004029 -0.072876
v -0.074372 -1.004056 -0.078650
v -0.082573 -1.003813 -0.082948
v -0.091377 -1.003915 -0.086246
v -0.101108 -1.004119 -0.087900
v -0.110528 -1.003663 -0.087754
v -0.119948 -1.004292 -0.085719
v -0.128620 -1.004669 -0.081750
v -0.136580 -1.004479 -0.076102
v -0.143510 -1.004607 -0.069141
v -0.149701 -1.005014 -0.061640
v -0.155666 -1.005221 -0.053554
v -0.161363 -1.005213 -0.045259
v -0.165806 -1.005450 -0.035982
v -0.167673 -1.005250 -0.026728
v -0.154203 -0.344933 -0.080119
v -0.188958 -0.355855 -0.029755
v -0.198177 -0.358418 -0.002347
v -0.050031 -0.970325 -0.055608
v -0.135919 -0.935844 -0.079800
v -0.043378 -0.230431 -0.117488
v -0.178420 -0.200573 -0.019455
v -0.187418 -0.239496 -0.005096
v -0.098180 -0.959124 -0.087371
v -0.134787 -0.969909 -0.079276
v -0.096775 -0.982272 -0.087164
v -0.133132 -0.988247 -0.079491
v -0.154596 -0.978306 -0.058514
v -0.178018 -0.180745 0.006820
v -0.048285 -0.191688 -0.101964
v -0.038874 -0.177002 -0.096533
v -0.184280 -0.205656 0.000958
v -0.027641 -0.190755 -0.101273
v -0.080129 -0.301482 -0.127384
v -0.156743 -0.191786 -0.059427
v -0.117656 -0.187897 -0.091732
v -0.184421 -0.287890 -0.024705
v -0.141731 -0.289909 -0.089304
v -0.161637 -0.441651 -0.068776
v -0.193830 -0.399683 -0.018329
v -0.197947 -0.337404 0.003886
v -0.196668 -0.370753 0.013017
v -0.160471 -0.931658 -0.051137
v -0.176247 -0.214808 -0.032362
v -0.191714 -0.254599 0.004022
v -0.116908 -0.978494 -0.086748
v -0.144027 -0.979993 -0.071533
v -0.165377 -0.980862 -0.037524
v -0.176865 -0.186557 -0.009408
v -0.082830 -0.197956 -0.103337
v -0.023287 -0.170852 -0.094584
v -0.039594 -0.209949 -0.109310
v -0.082206 -0.266332 -0.125661
v -0.155089 -0.209793 -0.064675
v -0.156898 -0.174032 -0.052724
v -0.119361 -0.206227 -0.096194
v -0.131859 -0.176385 -0.080285
v -0.099163 -0.172964 -0.091382
v -0.193346 -0.288189 -0.000920
v -0.175855 -0.265204 -0.039442
v -0.149852 -0.265671 -0.073149
v -0.128843 -0.263306 -0.101835
v -0.193725 -0.401545 0.006331
v -0.185313 -0.446342 -0.021464
v -0.200335 -0.338061 0.017373
v -0.198266 -0.321296 0.008118
v -0.201155 -0.358085 0.011997
v -0.196029 -0.378398 -0.011528
v -0.164426 -0.932924 -0.031498
v -0.162455 -0.900172 -0.048443
v -0.182643 -0.217757 -0.014505
v -0.169789 -0.195046 -0.039542
v -0.191527 -0.243452 0.006023
v -0.184987 -0.254526 -0.014752
v -0.128093 -0.979097 -0.083096
v -0.143251 -0.992423 -0.070882
v -0.165993 -0.982074 -0.025438
v -0.163517 -0.964891 -0.030636
v -0.180491 -0.193157 0.000896
v -0.085068 -0.211738 -0.107911
v -0.062603 -0.206278 -0.108262
v -0.069573 -0.177211 -0.096358
v -0.021286 -0.180601 -0.099233
v -0.038727 -0.198991 -0.105368
v -0.084452 -0.248324 -0.121106
v -0.129622 -0.163932 -0.076534
v -0.115993 -0.169443 -0.086012
v -0.096175 -0.161642 -0.088682
v -0.080755 -0.167363 -0.091343
v -0.195975 -0.288187 0.012120
v -0.196182 -0.304236 0.007015
v -0.174725 -0.251315 -0.037948
v -0.162277 -0.256030 -0.056753
v -0.180655 -0.259694 -0.027500
v -0.181842 -0.273890 -0.027821
v -0.188234 -0.279351 -0.013686
v -0.192608 -0.271352 0.001614
v -0.150027 -0.249848 -0.071796
v -0.130006 -0.247007 -0.099227
v -0.193624 -0.402652 0.019023
v -0.197507 -0.387157 0.012688
v -0.191132 -0.448472 0.003708
v -0.187873 -0.318447 -0.022946
v -0.194684 -0.370395 -0.001223
v -0.194191 -0.362561 -0.016266
v -0.165395 -0.901599 -0.029868
v -0.184018 -0.230301 -0.014505
v -0.188377 -0.224789 0.002381
v -0.174627 -0.202535 -0.031379
v -0.153695 -0.992140 -0.058840
v -0.160184 -0.986199 -0.049766
v -0.162555 -0.968738 -0.046983
v -0.109775 -0.197245 -0.097422
v -0.053146 -0.172846 -0.096436
v -0.055552 -0.253815 -0.124822
v -0.105854 -0.256994 -0.116470
v -0.190611 -0.301747 -0.011191
v -0.187842 -0.267018 -0.011568
v -0.140151 -0.256510 -0.087225
v -0.196804 -0.389312 -0.001923
v -0.193219 -0.449855 0.017053
v -0.186899 -0.466023 0.009537
v -0.193691 -0.324338 -0.007033
v -0.167193 -0.877951 -0.036159
v -0.164789 -0.916013 -0.038337
v -0.160926 -0.951085 -0.046102
v -0.071255 -0.257667 -0.125425
v -0.067668 -0.245021 -0.122669
v -0.050716 -0.286574 -0.129744
v -0.059977 -0.233574 -0.119288
v -0.065719 -0.274875 -0.129357
v -0.102478 -0.243705 -0.115169
v -0.093571 -0.257053 -0.121539
v -0.119502 -0.254489 -0.108817
v -0.113288 -0.244778 -0.111069
v -0.184990 -0.302998 -0.027371
v -0.140725 -0.243613 -0.085738
v -0.194172 -0.312600 -0.002743
v -0.190782 -0.338997 -0.019758
v -0.194086 -0.350454 -0.013542
v -0.166945 -0.890064 -0.035928
v -0.167083 -0.885383 -0.023658
v -0.164274 -0.918159 -0.025551
v -0.162423 -0.951831 -0.030099
v -0.049046 -0.270031 -0.127619
v -0.067247 -0.291472 -0.130327
v -0.166537 -0.317386 -0.059490
v -0.194139 -0.336038 -0.008343
v -0.032924 -0.257231 -0.124053
v -0.030160 -0.281865 -0.126838
v -0.045813 -0.325404 -0.123824
v -0.084421 -0.283824 -0.127316
v -0.098172 -0.272786 -0.122265
v -0.177269 -0.313706 -0.041622
v -0.060743 -0.311356 -0.128953
v -0.116228 -0.274698 -0.113627
v -0.054681 -0.299405 -0.129548
v -0.108088 -0.268163 -0.117434
v -0.104977 -0.297065 -0.119611
v -0.097437 -0.286296 -0.123423
v -0.113368 -0.779345 -0.088743
v -0.111463 -0.628683 -0.072481
v -0.054636 -0.484330 -0.068447
v -0.006467 -0.453670 -0.013979
v -0.011659 -0.438290 0.014763
v -0.010992 -0.435998 -0.005968
v -0.043347 -0.956394 -0.040203
v -0.041759 -0.974728 -0.038637
v -0.078798 -0.878318 -0.087187
v -0.025091 -0.232150 -0.117575
v -0.025715 -0.245153 -0.121759
v -0.031642 -0.220647 -0.114826
v -0.019814 -0.214140 -0.110230
v -0.165594 -0.531888 -0.068479
v -0.119415 -0.958279 -0.086436
v -0.105325 -0.971244 -0.088064
v -0.108965 -0.990284 -0.087620
v -0.166309 -0.213131 -0.050811
v -0.162185 -0.201608 -0.054247
v -0.166001 -0.173671 -0.033795
v -0.164750 -0.183817 -0.046563
v -0.133547 -0.197628 -0.085444
v -0.131960 -0.211538 -0.090157
v -0.142879 -0.208978 -0.078639
v -0.149419 -0.199685 -0.070399
v -0.145082 -0.183507 -0.071957
v -0.141277 -0.169296 -0.070426
v -0.137127 -0.187112 -0.079318
v -0.153205 -0.180943 -0.060827
v -0.065852 -0.193716 -0.103069
v -0.110808 -0.178240 -0.090604
v -0.122946 -0.179736 -0.086119
v -0.164834 -0.277698 -0.055641
v -0.175057 -0.282812 -0.040391
v -0.168268 -0.296701 -0.051997
v -0.187994 -0.214748 0.006388
v -0.138425 -0.272783 -0.091285
v -0.129279 -0.283267 -0.102959
v -0.147544 -0.280014 -0.079118
v -0.124736 -0.273106 -0.106040
v -0.118716 -0.290552 -0.112480
v -0.155283 -0.300649 -0.072834
v -0.155420 -0.277914 -0.067637
v -0.108972 -0.284229 -0.118133
v -0.126850 -0.327830 -0.106080
v -0.119042 -0.309947 -0.111561
v -0.133654 -0.302600 -0.100262
v -0.185360 -0.461421 -0.010071
v -0.167289 -0.868229 -0.026493
v -0.152663 -0.825472 -0.072326
v -0.164947 -0.849516 -0.051771
v -0.166956 -0.862466 -0.041814
v -0.169932 -0.848251 -0.026801
v -0.153286 -0.875792 -0.067365
v -0.161965 -0.883088 -0.052541
v -0.169674 -0.849330 -0.038289
v -0.160160 -0.865812 -0.058627
v -0.149445 -0.849745 -0.073679
v -0.163188 -0.873857 -0.049588
v -0.152254 -0.862658 -0.070123
v -0.158343 -0.851432 -0.063236
v -0.160609 -0.835981 -0.060997
v -0.152778 -0.837821 -0.071271
v -0.171106 -0.802008 -0.044979
v -0.171155 -0.825587 -0.036629
v -0.165036 -0.817075 -0.056157
v -0.166875 -0.836673 -0.047899
v -0.169917 -0.837645 -0.034050
v -0.171449 -0.828859 -0.022421
v -0.174221 -0.809211 -0.025325
v -0.169194 -0.839992 -0.022173
v -0.156965 -0.914407 -0.058531
v -0.151294 -0.896724 -0.067702
v -0.158640 -0.894415 -0.057518
v -0.164663 -0.925689 -0.040074
v -0.162598 -0.939936 -0.042739
v -0.150121 -0.946507 -0.066059
v -0.147830 -0.962232 -0.068301
v -0.156204 -0.957150 -0.057145
v -0.139046 -0.951070 -0.076738
v -0.126083 -0.947015 -0.084591
v -0.101100 -0.914564 -0.089033
v -0.117556 -0.928031 -0.087949
v -0.034494 -0.269692 -0.126093
v -0.017067 -0.288806 -0.125507
v -0.033585 -0.301527 -0.126439
v -0.024520 -0.327233 -0.118041
v -0.046408 -0.366259 -0.102321
v -0.178603 -0.336790 -0.045226
v -0.059922 -0.785392 -0.064007
v -0.165145 -0.732211 -0.065462
v -0.045426 -0.636585 -0.061177
v -0.178739 -0.661047 -0.060479
v -0.040554 -0.428287 -0.062297
v -0.019144 -0.508188 -0.036570
v -0.008957 -0.474079 -0.000845
v -0.004968 -0.448363 0.002312
v -0.006669 -0.461396 -0.003719
v -0.006260 -0.460141 0.010986
v -0.004057 -0.427629 -0.004736
v -0.040362 -0.956664 -0.028090
v -0.055202 -0.918130 -0.063654
v -0.042010 -0.939128 -0.037456
v -0.040619 -0.989125 -0.037914
v -0.045255 -0.965452 -0.045220
v -0.053045 -0.842867 -0.063995
v -0.043466 -0.244512 -0.122306
v -0.170058 -0.535810 -0.020194
v -0.122024 -0.992117 -0.085111
v -0.124681 -0.197241 -0.090748
v -0.149630 -0.167606 -0.059558
v -0.168002 -0.266806 -0.051114
v -0.177571 -0.301395 -0.040026
v -0.169194 -0.308779 -0.052916
v -0.153055 -0.321891 -0.079711
v -0.089815 -0.340892 -0.120880
v -0.124193 -0.300651 -0.108054
v -0.130667 -0.315191 -0.103293
v -0.142004 -0.328544 -0.093073
v -0.188744 -0.449711 -0.009871
v -0.192127 -0.424171 -0.007761
v -0.166261 -0.476386 -0.043918
v -0.185049 -0.491479 -0.006074
v -0.168744 -0.849698 -0.015257
v -0.177742 -0.774035 -0.030525
v -0.170640 -0.814687 -0.043394
v -0.150667 -0.784392 -0.074872
v -0.172831 -0.813145 -0.013530
v -0.176293 -0.794197 -0.017710
v -0.179178 -0.778919 -0.015398
v -0.174854 -0.797017 -0.031061
v -0.177730 -0.785231 -0.025638
v -0.160862 -0.911064 -0.050149
v -0.141771 -0.914490 -0.076486
v -0.157027 -0.943624 -0.055791
v -0.131373 -0.958272 -0.081513
v -0.123247 -0.884010 -0.086350
v -0.137373 -0.870168 -0.081482
v -0.094449 -0.937031 -0.087797
v -0.109864 -0.944536 -0.088487
v -0.097414 -0.948437 -0.088113
v -0.068235 -0.951339 -0.074624
v -0.070235 -0.978206 -0.076248
v -0.082969 -0.953470 -0.083230
v -0.074039 -0.963771 -0.078200
v -0.060736 -0.963801 -0.067568
v -0.083911 -0.973929 -0.083605
v -0.051735 -0.945690 -0.058744
v -0.079934 -0.989057 -0.081812
v -0.052264 -0.957269 -0.058309
v -0.068151 -0.990720 -0.074550
v -0.057670 -0.982206 -0.065735
v -0.047387 -0.986276 -0.052954
v -0.054326 -0.992282 -0.061097
v -0.019369 -0.269494 -0.124926
v -0.038509 -0.290466 -0.128196
v -0.018612 -0.308050 -0.123100
v -0.044881 -0.311191 -0.127652
v -0.030780 -0.315557 -0.124002
v -0.013434 -0.325814 -0.114355
v -0.022322 -0.344852 -0.107321
v -0.029586 -0.376880 -0.079835
v -0.186805 -0.342564 -0.033320
v -0.175838 -0.323893 -0.047930
v -0.046381 -0.788766 -0.035598
v -0.055172 -0.729170 -0.056836
v -0.180845 -0.736558 -0.031643
v -0.036133 -0.640025 -0.027037
v -0.029696 -0.582648 -0.047361
v -0.187265 -0.663687 -0.024004
v -0.177499 -0.607179 -0.040758
v -0.022325 -0.409849 -0.048260
v -0.015057 -0.511171 -0.008430
v -0.007683 -0.476338 0.012728
v -0.011510 -0.493764 0.002152
v -0.047748 -0.881481 -0.056899
v -0.044152 -0.845093 -0.037441
v -0.175146 -0.538118 0.003661
v -0.175875 -0.573035 -0.016172
v -0.158430 -0.313575 -0.071311
v -0.146666 -0.306168 -0.085859
v -0.106632 -0.326592 -0.117973
v -0.079441 -0.322507 -0.125000
v -0.150715 -0.332826 -0.083261
v -0.177542 -0.464523 -0.029165
v -0.183753 -0.483913 0.011563
v -0.186226 -0.476256 -0.003786
v -0.184273 -0.472408 -0.018340
v -0.186270 -0.502559 0.009201
v -0.176496 -0.513946 -0.011070
v -0.183066 -0.504451 -0.004456
v -0.181562 -0.756916 -0.017570
v -0.180311 -0.768440 -0.020464
v -0.155758 -0.804410 -0.070245
v -0.150758 -0.927766 -0.067058
v -0.149647 -0.909189 -0.069115
v -0.121877 -0.907570 -0.087482
v -0.131086 -0.921478 -0.081954
v -0.139520 -0.888191 -0.078785
v -0.141289 -0.901864 -0.077690
v -0.106781 -0.852510 -0.090184
v -0.129130 -0.835083 -0.086783
v -0.141986 -0.839376 -0.079880
v -0.129740 -0.853791 -0.086759
v -0.103992 -0.926812 -0.088817
v -0.045511 -0.947244 -0.047073
v -0.090930 -0.992323 -0.085806
v -0.012183 -0.342746 -0.103223
v -0.036788 -0.338383 -0.116020
v -0.036442 -0.353809 -0.107095
v -0.062457 -0.345639 -0.119477
v -0.031461 -0.365853 -0.094309
v -0.050510 -0.338029 -0.119745
v -0.065072 -0.330389 -0.123932
v -0.051104 -0.354625 -0.112175
v -0.019811 -0.367362 -0.084156
v -0.017927 -0.375837 -0.071444
v -0.020607 -0.356743 -0.096449
v -0.028164 -0.392177 -0.061919
v -0.075485 -0.339840 -0.121814
v -0.041340 -0.790062 -0.019450
v -0.043340 -0.809764 -0.030294
v -0.042608 -0.769428 -0.025727
v -0.043356 -0.798108 -0.028838
v -0.040521 -0.778681 -0.017787
v -0.041715 -0.733232 -0.029845
v -0.183374 -0.738704 -0.012625
v -0.029369 -0.642289 -0.009107
v -0.039441 -0.676637 -0.033784
v -0.027599 -0.585325 -0.017488
v -0.189098 -0.665769 -0.004478
v -0.184383 -0.700294 -0.029169
v -0.186916 -0.627583 -0.016265
v -0.010320 -0.402032 -0.042018
v -0.020884 -0.398052 -0.051668
v -0.016504 -0.386376 -0.058439
v -0.009337 -0.424324 -0.030817
v -0.013005 -0.413706 -0.037740
v -0.014970 -0.512954 0.006781
v -0.018668 -0.531202 -0.003575
v -0.011529 -0.495660 0.013570
v -0.014022 -0.492511 -0.021757
v -0.042467 -0.882872 -0.035153
v -0.040820 -0.846312 -0.023477
v -0.178205 -0.539088 0.016756
v -0.178298 -0.556687 0.006480
v -0.183554 -0.592368 -0.003348
v -0.141394 -0.315317 -0.093625
v -0.116991 -0.321821 -0.112696
v -0.105580 -0.311908 -0.119753
v -0.093918 -0.304373 -0.124140
v -0.093922 -0.319832 -0.122660
v -0.073706 -0.311807 -0.127764
v -0.184722 -0.458119 -0.022335
v -0.170216 -0.444342 -0.043706
v -0.179822 -0.757706 -0.005384
v -0.177802 -0.755435 -0.038731
v -0.158218 -0.815374 -0.066704
v -0.164552 -0.802361 -0.058457
v -0.169972 -0.781385 -0.052182
v -0.168776 -0.793165 -0.052686
v -0.162123 -0.787407 -0.063846
v -0.130320 -0.801941 -0.085622
v -0.141979 -0.925769 -0.075670
v -0.145122 -0.937926 -0.072572
v -0.114486 -0.915897 -0.088814
v -0.133136 -0.879845 -0.082844
v -0.128383 -0.896012 -0.085087
v -0.148993 -0.885650 -0.071102
v -0.140702 -0.858208 -0.080528
v -0.120130 -0.844607 -0.088599
v -0.102430 -0.818689 -0.089552
v -0.104160 -0.835687 -0.090393
v -0.116996 -0.825224 -0.089837
v -0.072569 -0.831383 -0.084395
v -0.132242 -0.818624 -0.085695
v -0.116695 -0.809552 -0.089099
v -0.088775 -0.829159 -0.088484
v -0.143554 -0.808130 -0.079519
v -0.117083 -0.794056 -0.088723
v -0.083510 -0.849784 -0.087337
v -0.147384 -0.796666 -0.077252
v -0.143991 -0.821077 -0.079627
v -0.133388 -0.782975 -0.084886
v -0.096342 -0.845264 -0.090096
v -0.121019 -0.868511 -0.089096
v -0.118214 -0.857255 -0.089791
v -0.102389 -0.877278 -0.090255
v -0.114626 -0.876473 -0.088713
v -0.056793 -0.322201 -0.126209
v -0.040373 -0.809421 -0.017245
v -0.042351 -0.827248 -0.026972
v -0.040231 -0.753015 -0.018996
v -0.037735 -0.734787 -0.014248
v -0.035255 -0.714614 -0.020831
v -0.035685 -0.723404 -0.012801
v -0.181733 -0.745614 -0.023217
v -0.030950 -0.618422 -0.017278
v -0.032970 -0.660462 -0.020296
v -0.026412 -0.586982 -0.001294
v -0.028229 -0.603769 -0.006474
v -0.024560 -0.566363 -0.008546
v -0.028142 -0.616159 -0.003776
v -0.029500 -0.629072 -0.007633
v -0.031438 -0.601547 -0.025837
v -0.024824 -0.575464 0.000650
v -0.183601 -0.719523 -0.020558
v -0.186214 -0.702159 -0.009209
v -0.190682 -0.629743 0.001015
v -0.186811 -0.611270 -0.005584
v -0.189742 -0.646146 -0.008861
v -0.189891 -0.618049 0.004518
v -0.190049 -0.641099 0.002654
v -0.007557 -0.414533 -0.022304
v -0.006360 -0.427313 -0.017268
v -0.008733 -0.440988 -0.025629
v -0.016185 -0.468095 -0.042883
v -0.021151 -0.436649 -0.047573
v -0.019450 -0.423463 -0.044862
v -0.029266 -0.427396 -0.053994
v -0.009264 -0.456973 -0.030841
v -0.013894 -0.434430 -0.036613
v -0.009826 -0.470967 -0.019206
v -0.017406 -0.452520 -0.045565
v -0.011704 -0.482312 -0.011810
v -0.037021 -0.465176 -0.057682
v -0.025452 -0.462533 -0.049481
v -0.033760 -0.447090 -0.056608
v -0.018256 -0.532209 0.008869
v -0.017947 -0.525976 -0.024920
v -0.013236 -0.498962 -0.010238
v -0.039880 -0.883351 -0.023059
v -0.041191 -0.902182 -0.035636
v -0.045116 -0.864756 -0.044601
v -0.041923 -0.859966 -0.029502
v -0.173767 -0.549250 -0.009622
v -0.170424 -0.556004 -0.033836
v -0.177430 -0.562428 -0.006850
v -0.172817 -0.558622 -0.019909
v -0.181897 -0.576845 -0.000920
v -0.185523 -0.585723 0.007297
v -0.177516 -0.451097 -0.032597
v -0.168096 -0.460283 -0.043563
v -0.164302 -0.451193 -0.056239
v -0.174274 -0.740748 -0.050096
v -0.174637 -0.768887 -0.044771
v -0.161122 -0.762108 -0.065733
v -0.159460 -0.775139 -0.067852
v -0.167477 -0.769216 -0.056929
v -0.144268 -0.765070 -0.079285
v -0.170056 -0.754530 -0.055511
v -0.161790 -0.746976 -0.066845
v -0.152328 -0.755201 -0.073957
v -0.137903 -0.793206 -0.083093
v -0.089921 -0.865264 -0.090016
v -0.103624 -0.865086 -0.090927
v -0.091243 -0.895925 -0.088919
v -0.049061 -0.827881 -0.048516
v -0.040043 -0.763868 -0.015596
v -0.032410 -0.697576 -0.014896
v -0.032412 -0.649048 -0.020050
v -0.027466 -0.661535 -0.006551
v -0.022008 -0.548988 -0.001494
v -0.029265 -0.596553 -0.016266
v -0.036471 -0.619929 -0.041221
v -0.028122 -0.588172 -0.033103
v -0.032435 -0.601995 -0.045184
v -0.024605 -0.565106 -0.032548
v -0.026174 -0.576894 -0.027162
v -0.180269 -0.717287 -0.042631
v -0.183801 -0.730608 -0.021153
v -0.184527 -0.725882 -0.007514
v -0.185015 -0.702891 0.002753
v -0.187732 -0.683886 -0.006642
v -0.184807 -0.707448 -0.019844
v -0.187835 -0.602505 0.004601
v -0.179849 -0.600177 -0.022113
v -0.185012 -0.643517 -0.032097
v -0.188952 -0.657023 -0.013457
v -0.189424 -0.654416 0.001143
v -0.014735 -0.480296 -0.032208
v -0.017854 -0.494178 -0.035387
v -0.036304 -0.497919 -0.055694
v -0.031420 -0.480466 -0.050831
v -0.023837 -0.499751 -0.048059
v -0.020234 -0.484671 -0.045193
v -0.016176 -0.511879 -0.023008
v -0.016761 -0.522668 -0.012148
v -0.041538 -0.919969 -0.036134
v -0.045742 -0.892139 -0.046261
v -0.046529 -0.909171 -0.051897
v -0.047185 -0.922646 -0.050668
v -0.053404 -0.931491 -0.060682
v -0.061148 -0.940820 -0.069269
v -0.076455 -0.936125 -0.080645
v -0.055041 -0.897762 -0.070496
v -0.048712 -0.897872 -0.058318
v -0.044770 -0.876374 -0.045680
v -0.052168 -0.863473 -0.066473
v -0.049121 -0.851029 -0.050966
v -0.041083 -0.872749 -0.030246
v -0.182927 -0.568311 0.008886
v -0.178404 -0.744589 -0.039437
v -0.143390 -0.777081 -0.079579
v -0.126108 -0.765702 -0.085895
v -0.091410 -0.883059 -0.087859
v -0.107958 -0.900514 -0.090028
v -0.103043 -0.889272 -0.090021
v -0.046605 -0.819887 -0.037207
v -0.053886 -0.806304 -0.055679
v -0.048242 -0.801065 -0.043050
v -0.053865 -0.792959 -0.053345
v -0.044449 -0.833581 -0.037839
v -0.033355 -0.708357 -0.011778
v -0.041054 -0.698734 -0.037906
v -0.022810 -0.560128 0.001467
v -0.019890 -0.540661 -0.016592
v -0.022967 -0.542713 -0.040731
v -0.031962 -0.522985 -0.055421
v -0.030571 -0.509637 -0.053499
v -0.020190 -0.537428 -0.029791
v -0.021866 -0.551792 -0.026237
v -0.022034 -0.526821 -0.041917
v -0.023681 -0.562414 -0.020120
v -0.018953 -0.519140 -0.033875
v -0.034154 -0.613858 -0.029499
v -0.034884 -0.626884 -0.026124
v -0.042006 -0.614343 -0.062293
v -0.178338 -0.730201 -0.043289
v -0.173319 -0.722930 -0.055649
v -0.172757 -0.691311 -0.061693
v -0.159341 -0.710249 -0.070104
v -0.174991 -0.706171 -0.055384
v -0.166084 -0.719532 -0.065834
v -0.181606 -0.703168 -0.041950
v -0.183617 -0.680253 -0.042208
v -0.183510 -0.691848 -0.038709
v -0.186184 -0.684931 -0.023931
v -0.168173 -0.702123 -0.065203
v -0.188122 -0.674256 -0.015668
v -0.185526 -0.713764 -0.005431
v -0.183039 -0.601178 -0.010446
v -0.178382 -0.587093 -0.016514
v -0.181644 -0.615373 -0.026526
v -0.180836 -0.627304 -0.043509
v -0.183356 -0.627882 -0.029943
v -0.187544 -0.639766 -0.020166
v -0.043765 -0.486888 -0.057887
v -0.044865 -0.475266 -0.061900
v -0.071532 -0.450578 -0.088579
v -0.053481 -0.458469 -0.073162
v -0.084469 -0.943202 -0.084504
v -0.086513 -0.921854 -0.085187
v -0.087287 -0.908772 -0.086540
v -0.070853 -0.897101 -0.083164
v -0.070413 -0.919189 -0.075051
v -0.062396 -0.927510 -0.069612
v -0.056976 -0.879196 -0.074613
v -0.063288 -0.851831 -0.079900
v -0.072838 -0.864097 -0.085404
v -0.059729 -0.865602 -0.078704
v -0.066435 -0.875349 -0.082757
v -0.124226 -0.776933 -0.086760
v -0.087437 -0.743665 -0.085990
v -0.057485 -0.823139 -0.068961
v -0.036145 -0.703226 -0.026561
v -0.035133 -0.688957 -0.027207
v -0.029812 -0.677095 -0.014327
v -0.034597 -0.671453 -0.024519
v -0.023321 -0.515465 -0.045342
v -0.035582 -0.612450 -0.051014
v -0.039040 -0.626177 -0.053506
v -0.039396 -0.634272 -0.040968
v -0.044193 -0.655774 -0.040738
v -0.040814 -0.645219 -0.037414
v -0.041109 -0.593020 -0.063490
v -0.185910 -0.674705 -0.030862
v -0.183247 -0.660641 -0.042125
v -0.154494 -0.613294 -0.076361
v -0.047002 -0.443055 -0.067500
v -0.058829 -0.445728 -0.078282
v -0.074212 -0.404536 -0.100292
v -0.069767 -0.426870 -0.092379
v -0.077735 -0.373738 -0.112175
v -0.066914 -0.438665 -0.087744
v -0.055457 -0.426728 -0.077008
v -0.066741 -0.361240 -0.114062
v -0.061200 -0.375784 -0.104293
v -0.085073 -0.357832 -0.116636
v -0.046646 -0.383894 -0.089625
v -0.072058 -0.388328 -0.104500
v -0.073987 -0.351564 -0.118259
v -0.130748 -0.386148 -0.101925
v -0.117197 -0.356809 -0.109423
v -0.050773 -0.375962 -0.098044
v -0.038390 -0.374902 -0.089766
v -0.058869 -0.388623 -0.096512
v -0.050148 -0.404934 -0.079656
v -0.051795 -0.394669 -0.087135
v -0.039335 -0.391817 -0.075552
v -0.061300 -0.404595 -0.091380
v -0.057266 -0.415053 -0.083510
v -0.068710 -0.414494 -0.094451
v -0.101579 -0.391518 -0.109095
v -0.101266 -0.352611 -0.115906
v -0.098285 -0.372488 -0.112514
v -0.086831 -0.386078 -0.110127
v -0.088770 -0.400876 -0.106836
v -0.112642 -0.341494 -0.113584
v -0.106956 -0.363511 -0.112668
v -0.114791 -0.379155 -0.108266
v -0.101479 -0.337257 -0.118546
v -0.128251 -0.369380 -0.103624
v -0.153706 -0.374497 -0.084664
v -0.136495 -0.349262 -0.098537
v -0.141557 -0.376198 -0.096194
v -0.124482 -0.346317 -0.106571
v -0.145551 -0.361763 -0.091653
v -0.135527 -0.360990 -0.099745
v -0.156223 -0.360297 -0.079117
v -0.146688 -0.349393 -0.089359
v -0.173929 -0.383386 -0.051075
v -0.168845 -0.352726 -0.059031
v -0.162655 -0.374710 -0.066270
v -0.160931 -0.352748 -0.070844
v -0.162968 -0.334893 -0.066797
v -0.042336 -0.454930 -0.064565
v -0.074446 -0.909853 -0.081797
v -0.062012 -0.908408 -0.074513
v -0.051037 -0.874491 -0.066072
v -0.052342 -0.886308 -0.066579
v -0.061815 -0.889534 -0.078005
v -0.071941 -0.843653 -0.084740
v -0.060252 -0.837413 -0.076543
v -0.055923 -0.852638 -0.070078
v -0.104219 -0.758815 -0.088971
v -0.053735 -0.818644 -0.056203
v -0.052264 -0.831373 -0.061167
v -0.067457 -0.803254 -0.074714
v -0.081145 -0.813375 -0.083844
v -0.092839 -0.792683 -0.087043
v -0.102544 -0.803672 -0.088484
v -0.089958 -0.804495 -0.086095
v -0.105159 -0.789223 -0.088814
v -0.094620 -0.774330 -0.086940
v -0.029573 -0.687903 -0.010366
v -0.033609 -0.592558 -0.052954
v -0.181614 -0.670092 -0.050855
v -0.170233 -0.675230 -0.064552
v -0.178511 -0.682307 -0.054597
v -0.139271 -0.653168 -0.068863
v -0.157848 -0.660284 -0.062412
v -0.185282 -0.654661 -0.031726
v -0.180254 -0.644325 -0.050744
v -0.172660 -0.615552 -0.061709
v -0.045983 -0.416419 -0.070333
v -0.036707 -0.404248 -0.064554
v -0.035873 -0.416277 -0.059950
v -0.135107 -0.336530 -0.099015
v -0.160646 -0.407685 -0.075272
v -0.151195 -0.394066 -0.089855
v -0.170818 -0.368022 -0.055145
v -0.164079 -0.363427 -0.065251
v -0.184586 -0.371867 -0.037169
v -0.191372 -0.372414 -0.024144
v -0.189022 -0.387415 -0.030479
v -0.193361 -0.387718 -0.018530
v -0.171526 -0.340977 -0.055426
v -0.179545 -0.353003 -0.045109
v -0.113979 -0.766782 -0.088571
v -0.059878 -0.810706 -0.066834
v -0.067675 -0.817259 -0.077719
v -0.087901 -0.760188 -0.084812
v -0.064971 -0.752241 -0.069437
v -0.074040 -0.775464 -0.078382
v -0.076304 -0.752011 -0.079630
v -0.074424 -0.731007 -0.071359
v -0.069611 -0.763223 -0.075590
v -0.071350 -0.742261 -0.073719
v -0.060719 -0.739795 -0.063618
v -0.057766 -0.767299 -0.060541
v -0.049631 -0.746924 -0.045036
v -0.083825 -0.770510 -0.083234
v -0.160214 -0.636753 -0.069548
v -0.132834 -0.686137 -0.067662
v -0.151183 -0.692658 -0.070480
v -0.162044 -0.685366 -0.067840
v -0.182289 -0.637894 -0.041297
v -0.177898 -0.616546 -0.049944
v -0.175587 -0.631005 -0.058868
v -0.167992 -0.625738 -0.069753
v -0.174256 -0.644522 -0.064838
v -0.160529 -0.648897 -0.066419
v -0.163974 -0.393283 -0.063819
v -0.176783 -0.412246 -0.041746
v -0.186374 -0.401875 -0.031999
v -0.181777 -0.391941 -0.041511
v -0.187162 -0.419858 -0.026027
v -0.136044 -0.431037 -0.097274
v -0.112126 -0.416904 -0.104499
v -0.102912 -0.405697 -0.107110
v -0.088835 -0.421398 -0.102797
v -0.085085 -0.439400 -0.098731
v -0.120936 -0.401125 -0.104395
v -0.129102 -0.415533 -0.100666
v -0.114109 -0.391161 -0.107203
v -0.149093 -0.415719 -0.092002
v -0.178935 -0.364013 -0.045643
v -0.068890 -0.789099 -0.075845
v -0.078224 -0.797638 -0.081735
v -0.082257 -0.785036 -0.083370
v -0.063968 -0.774338 -0.069443
v -0.052105 -0.777378 -0.047271
v -0.051188 -0.762119 -0.046617
v -0.046732 -0.776497 -0.035499
v -0.056233 -0.752840 -0.056996
v -0.045836 -0.756081 -0.033310
v -0.044756 -0.744279 -0.033805
v -0.140849 -0.670412 -0.063477
v -0.147906 -0.681433 -0.066133
v -0.159508 -0.384895 -0.075483
v -0.158475 -0.396331 -0.079307
v -0.166523 -0.409820 -0.057471
v -0.173316 -0.401044 -0.049506
v -0.162646 -0.424312 -0.067871
v -0.158535 -0.419987 -0.081708
v -0.165883 -0.434167 -0.055512
v -0.173925 -0.428477 -0.042083
v -0.179376 -0.437344 -0.031185
v -0.168181 -0.421929 -0.052914
v -0.192886 -0.412775 -0.015604
v -0.187921 -0.432691 -0.018605
v -0.080550 -0.428759 -0.098553
v -0.120859 -0.492716 -0.096427
v -0.155259 -0.476414 -0.085443
v -0.161759 -0.460357 -0.074384
v -0.103784 -0.434419 -0.103282
v -0.154831 -0.405996 -0.086895
v -0.139005 -0.402468 -0.097453
v -0.157143 -0.672548 -0.063417
v -0.098473 -0.468447 -0.097618
v -0.151805 -0.445939 -0.089361
v -0.150946 -0.431118 -0.090659
v -0.158653 -0.437442 -0.081739
v -0.163332 -0.479661 -0.065838
v -0.163753 -0.466441 -0.057315
v -0.101100 -0.422484 -0.104452
v -0.120034 -0.430907 -0.102097
v -0.115823 -0.452808 -0.100344
v -0.113702 -0.441530 -0.102123
v -0.098559 -0.449810 -0.100429
v -0.153062 -0.461942 -0.087929
v -0.135458 -0.455227 -0.096038
v -0.161449 -0.472279 -0.075341
v -0.158956 -0.505079 -0.081482
v -0.085467 -0.459136 -0.095102
v -0.078475 -0.482929 -0.085134
v -0.085468 -0.472597 -0.092302
v -0.069087 -0.467576 -0.083131
v -0.098094 -0.490659 -0.093993
v -0.057042 -0.471766 -0.073106
v -0.066524 -0.482772 -0.076950
v -0.070370 -0.520281 -0.068572
v -0.075525 -0.501814 -0.077133
v -0.056600 -0.504790 -0.063482
v -0.044591 -0.514765 -0.060119
v -0.057872 -0.517444 -0.063630
v -0.054356 -0.556179 -0.066861
v -0.059749 -0.537077 -0.065176
v -0.045213 -0.530134 -0.061805
v -0.032256 -0.539106 -0.055372
v -0.030165 -0.559042 -0.051698
v -0.044851 -0.544792 -0.062541
v -0.040576 -0.557971 -0.061920
v -0.035849 -0.572238 -0.058211
v -0.140084 -0.442803 -0.095228
v -0.123655 -0.472686 -0.097857
v -0.140215 -0.471019 -0.093550
v -0.132741 -0.483841 -0.095313
v -0.139730 -0.503575 -0.092333
v -0.164581 -0.506085 -0.049385
v -0.160626 -0.489807 -0.078693
v -0.147648 -0.489996 -0.089611
v -0.161948 -0.499877 -0.065308
v -0.163765 -0.515393 -0.069116
v -0.164075 -0.490005 -0.052041
v -0.172431 -0.495612 -0.027854
v -0.178697 -0.502326 -0.017288
v -0.174971 -0.479969 -0.028895
v -0.166069 -0.496873 -0.040117
v -0.180954 -0.488261 -0.019583
v -0.168251 -0.485788 -0.037224
v -0.101006 -0.524166 -0.086669
v -0.085860 -0.495869 -0.086435
v -0.088406 -0.512317 -0.082767
v -0.078409 -0.513449 -0.075006
v -0.103434 -0.507264 -0.092594
v -0.123173 -0.520318 -0.094148
v -0.108903 -0.496892 -0.095283
v -0.119450 -0.506371 -0.095162
v -0.110643 -0.518089 -0.092865
v -0.067471 -0.508179 -0.068925
v -0.064828 -0.495051 -0.071492
v -0.024284 -0.555345 -0.040612
v -0.027072 -0.569977 -0.044141
v -0.124886 -0.460869 -0.098402
v -0.111995 -0.465935 -0.099413
v -0.110097 -0.480707 -0.097607
v -0.085540 -0.540652 -0.072964
v -0.086718 -0.526207 -0.076426
v -0.147468 -0.526519 -0.087791
v -0.159466 -0.524594 -0.079348
v -0.073593 -0.533688 -0.068898
v -0.071004 -0.550431 -0.069174
v -0.074660 -0.584049 -0.073643
v -0.068171 -0.567776 -0.071443
v -0.051194 -0.572484 -0.067598
v -0.097444 -0.565839 -0.078399
v -0.042491 -0.580971 -0.064280
v -0.058876 -0.589049 -0.065615
v -0.085741 -0.556184 -0.073412
v -0.083292 -0.571593 -0.073545
v -0.063516 -0.578819 -0.070765
v -0.053419 -0.603496 -0.067644
v -0.148937 -0.513248 -0.087405
v -0.137314 -0.519190 -0.092232
v -0.088500 -0.184378 -0.095598
v -0.096975 -0.194645 -0.099590
v -0.171740 -0.185242 -0.026643
v -0.159447 -0.291345 -0.064199
v -0.184743 -0.327548 -0.034245
v -0.181432 -0.520813 0.008685
v -0.174998 -0.525786 -0.003517
v -0.167887 -0.535872 -0.044615
v -0.166120 -0.523015 -0.054418
v -0.042895 -0.716800 -0.039119
v -0.040089 -0.722120 -0.028633
v -0.047058 -0.729931 -0.043900
v -0.059671 -0.705466 -0.054568
v -0.048169 -0.706565 -0.046434
v -0.050528 -0.718539 -0.050482
v -0.136122 -0.729931 -0.079651
v -0.152372 -0.725846 -0.074173
v -0.135604 -0.748609 -0.082323
v -0.150972 -0.740424 -0.074985
v -0.136202 -0.708869 -0.074924
v -0.141634 -0.719527 -0.076845
v -0.114507 -0.738098 -0.084906
v -0.135385 -0.759683 -0.083411
v -0.148063 -0.704155 -0.073182
v -0.120106 -0.752205 -0.085976
v -0.127328 -0.738867 -0.083099
v -0.169436 -0.578422 -0.064281
v -0.173361 -0.579774 -0.039966
v -0.175385 -0.579842 -0.026884
v -0.176137 -0.594225 -0.035772
v -0.174010 -0.590272 -0.052791
v -0.174826 -0.603686 -0.054980
v -0.136193 -0.629203 -0.074793
v -0.166953 -0.517609 -0.030672
v -0.165746 -0.516701 -0.043599
v -0.170393 -0.523023 -0.018661
v -0.167745 -0.530273 -0.032469
v -0.126967 -0.552849 -0.091011
v -0.067388 -0.718356 -0.062794
v -0.094935 -0.699064 -0.082188
v -0.078499 -0.712072 -0.080194
v -0.073086 -0.719837 -0.073118
v -0.066706 -0.702638 -0.070783
v -0.079006 -0.696785 -0.080432
v -0.054327 -0.675661 -0.061779
v -0.091706 -0.660770 -0.072151
v -0.058617 -0.691327 -0.062283
v -0.053071 -0.691612 -0.046776
v -0.089414 -0.679874 -0.079161
v -0.043283 -0.686537 -0.039756
v -0.050041 -0.673579 -0.046881
v -0.069375 -0.679525 -0.075685
v -0.066475 -0.690734 -0.071907
v -0.085540 -0.726925 -0.084632
v -0.099567 -0.734030 -0.086425
v -0.100065 -0.746602 -0.087944
v -0.112214 -0.715491 -0.082543
v -0.122505 -0.725794 -0.082318
v -0.098500 -0.719901 -0.085105
v -0.109377 -0.726839 -0.084753
v -0.124669 -0.714653 -0.077785
v -0.114587 -0.669068 -0.065712
v -0.078945 -0.685562 -0.079905
v -0.079317 -0.667938 -0.077560
v -0.069629 -0.643130 -0.073406
v -0.078460 -0.654253 -0.075075
v -0.092615 -0.640444 -0.065709
v -0.058865 -0.658916 -0.071329
v -0.081949 -0.644083 -0.070789
v -0.060675 -0.623553 -0.070204
v -0.079535 -0.626426 -0.065830
v -0.066655 -0.668261 -0.074968
v -0.052421 -0.615030 -0.068677
v -0.090484 -0.710385 -0.083719
v -0.127406 -0.674887 -0.064853
v -0.127053 -0.661101 -0.067710
v -0.122862 -0.643720 -0.071995
v -0.100541 -0.673368 -0.071093
v -0.113903 -0.686074 -0.070617
v -0.115452 -0.701036 -0.076136
v -0.105361 -0.692834 -0.077551
v -0.105728 -0.705475 -0.081535
v -0.054577 -0.645113 -0.070006
v -0.053801 -0.633350 -0.070026
v -0.046294 -0.652387 -0.056880
v -0.041839 -0.642720 -0.050369
v -0.047851 -0.662284 -0.050043
v -0.069890 -0.631539 -0.070396
v -0.095829 -0.625221 -0.068099
v -0.109104 -0.596399 -0.079887
v -0.095907 -0.583640 -0.079274
v -0.085473 -0.604544 -0.069703
v -0.105916 -0.612708 -0.075594
v -0.071995 -0.597458 -0.067080
v -0.072111 -0.612849 -0.065972
v -0.086769 -0.616514 -0.067736
v -0.123803 -0.616656 -0.077864
v -0.097556 -0.602829 -0.076146
v -0.139450 -0.615728 -0.077673
v -0.140540 -0.583130 -0.084946
v -0.130282 -0.599130 -0.081747
v -0.136524 -0.641382 -0.071840
v -0.123651 -0.631694 -0.074500
v -0.107742 -0.642487 -0.068506
v -0.098602 -0.652250 -0.065896
v -0.113434 -0.655568 -0.068524
v -0.103838 -0.663014 -0.066259
v -0.128606 -0.698480 -0.071966
v -0.051369 -0.663740 -0.061867
v -0.085638 -0.592257 -0.075562
v -0.117996 -0.575336 -0.085091
v -0.147749 -0.598090 -0.080824
v -0.165328 -0.598641 -0.071392
v -0.170150 -0.590619 -0.064530
v -0.118626 -0.605112 -0.079374
v -0.105057 -0.575185 -0.082394
v -0.120787 -0.588623 -0.082982
v -0.165725 -0.610020 -0.071357
v -0.169773 -0.555159 -0.059462
v -0.150982 -0.626188 -0.073775
v -0.132329 -0.536130 -0.092501
v -0.114202 -0.534986 -0.090759
v -0.100893 -0.539627 -0.080663
v -0.098615 -0.552613 -0.078064
v -0.112740 -0.548731 -0.084331
v -0.111539 -0.562541 -0.085103
v -0.134034 -0.568361 -0.088404
v -0.156463 -0.567220 -0.079826
v -0.145763 -0.572341 -0.084798
v -0.150115 -0.547508 -0.085206
v -0.158590 -0.538274 -0.078860
v -0.166016 -0.545364 -0.068982
v -0.168547 -0.542701 -0.055932
v -0.163733 -0.558136 -0.071786
v -0.143915 -0.537558 -0.088791
v -0.140054 -0.556157 -0.088351
v -0.171914 -0.568708 -0.051567
v -0.171583 -0.567678 -0.038629
v -0.170673 -0.557705 -0.046659
v -0.169071 -0.566686 -0.064083
v -0.158337 -0.584548 -0.077566
v -0.193228 -0.432623 0.009775
v -0.192580 -0.416973 0.013658
v -0.191324 -0.436590 -0.002942
v -0.193445 -0.412703 -0.000319
v 0.154700 -1.012255 -0.051242
v 0.149327 -1.013074 -0.059479
v 0.160361 -1.011819 -0.043366
v 0.162495 -1.011129 -0.037042
v 0.135304 -1.013753 -0.072262
v 0.127089 -1.014282 -0.076891
v 0.118915 -1.013720 -0.080521
v 0.110151 -1.013795 -0.083220
v 0.143280 -1.013562 -0.066773
v 0.092146 -1.013065 -0.081683
v 0.075387 -1.013056 -0.073471
v 0.068001 -1.012957 -0.067734
v 0.083232 -1.013239 -0.078429
v 0.054923 -1.011960 -0.054554
v 0.061501 -1.012782 -0.061494
v 0.043867 -1.010833 -0.039657
v 0.039951 -1.010218 -0.031071
v 0.037274 -1.009436 -0.021733
v 0.101055 -1.013339 -0.083914
v 0.049046 -1.011325 -0.047458
v 0.042835 -1.009912 -0.003477
v 0.052747 -1.011509 0.013201
v 0.059367 -1.012655 0.020693
v 0.047113 -1.011065 0.005016
v 0.073638 -1.014535 0.034254
v 0.091195 -1.016165 0.042397
v 0.100904 -1.017505 0.042644
v 0.081604 -1.015084 0.039946
v 0.066123 -1.013600 0.027785
v 0.119717 -1.018061 0.040436
v 0.135351 -1.017919 0.028842
v 0.141070 -1.018421 0.020682
v 0.127920 -1.018565 0.035074
v 0.152923 -1.016103 0.005788
v 0.156022 -1.015695 -0.003749
v 0.159521 -1.013837 -0.012226
v 0.161362 -1.014096 -0.019491
v 0.147854 -1.017153 0.013975
v 0.110887 -1.017625 0.042673
v 0.038077 -1.008850 -0.011523
v -0.159190 -1.014274 -0.001238
v -0.162721 -1.012857 -0.007532
v -0.152441 -1.014652 0.005592
v -0.138358 -1.014475 0.018771
v -0.145876 -1.015041 0.012392
v -0.131389 -1.013929 0.025529
v -0.122843 -1.013478 0.030696
v -0.113904 -1.013069 0.033730
v -0.104477 -1.012506 0.036652
v -0.085599 -1.011099 0.035841
v -0.075798 -1.010920 0.031168
v -0.094724 -1.011506 0.038820
v -0.059177 -1.010408 0.020136
v -0.050946 -1.009549 0.014310
v -0.038841 -1.008849 -0.000982
v -0.036820 -1.008970 -0.010737
v -0.044163 -1.009272 0.008140
v -0.067865 -1.010347 0.026183
v -0.035411 -1.008803 -0.020679
v -0.037078 -1.008794 -0.029919
v -0.040573 -1.009938 -0.039462
v -0.050858 -1.011235 -0.055065
v -0.057012 -1.011987 -0.062324
v -0.044996 -1.010592 -0.047798
v -0.070539 -1.012093 -0.075334
v -0.086987 -1.011985 -0.084073
v -0.095937 -1.011904 -0.086681
v -0.078346 -1.011838 -0.080183
v -0.063499 -1.011607 -0.069028
v -0.114740 -1.011895 -0.086634
v -0.131714 -1.011917 -0.078543
v -0.138240 -1.012478 -0.072235
v -0.123258 -1.011692 -0.083118
v -0.156150 -1.012654 -0.049174
v -0.144462 -1.012448 -0.064846
v -0.161451 -1.012753 -0.040289
v -0.166559 -1.013217 -0.031790
v -0.167236 -1.014122 -0.024574
v -0.105182 -1.011848 -0.087558
v -0.150433 -1.012689 -0.056945
v -0.085365 -0.145919 0.149145
v -0.103587 -0.143123 0.133425
v -0.104162 -0.166735 0.136224
v -0.093110 -0.159058 0.146208
v -0.087382 -0.175253 0.148523
v -0.115250 -0.154596 0.127615
v -0.103792 -0.207458 -0.101674
v -0.055706 -0.219044 -0.114339
f 54 1 55
f 196 178 150
f 178 177 150
f 56 120 132
f 59 212 58
f 174 176 149
f 61 212 60
f 175 178 198
f 175 176 88
f 60 212 59
f 179 177 91
f 58 212 57
f 62 63 236
f 148 173 174
f 209 236 64
f 172 173 148
f 194 174 149
f 236 212 62
f 210 208 209
f 171 172 147
f 69 241 68
f 170 171 147
f 238 222 172
f 235 210 66
f 86 87 174
f 210 209 65
f 89 90 178
f 236 211 212
f 133 135 71
f 147 220 221
f 71 72 133
f 168 169 146
f 171 170 83
f 71 135 70
f 75 136 74
f 168 204 193
f 137 136 124
f 47 48 207
f 169 168 81
f 160 134 124
f 170 169 82
f 241 122 240
f 157 125 77
f 208 234 121
f 79 80 167
f 132 52 53
f 51 52 156
f 145 203 167
f 81 82 169
f 50 213 49
f 84 171 83
f 69 70 122
f 240 166 46
f 169 170 146
f 66 210 65
f 167 168 145
f 137 134 73
f 76 77 125
f 172 171 84
f 190 202 125
f 101 140 100
f 55 56 132
f 10 53 52
f 143 131 117
f 141 139 103
f 132 53 54
f 134 137 124
f 51 156 211
f 57 120 56
f 127 164 140
f 50 51 211
f 104 105 142
f 41 190 189
f 48 234 207
f 80 81 168
f 235 68 241
f 47 207 240
f 122 135 144
f 82 83 170
f 166 144 45
f 85 173 172
f 161 43 124
f 134 160 123
f 204 36 37
f 161 42 43
f 39 219 38
f 123 144 135
f 166 45 46
f 188 231 40
f 42 190 41
f 176 174 87
f 219 231 191
f 219 193 38
f 85 86 173
f 34 220 222
f 43 44 160
f 89 175 88
f 77 78 157
f 73 74 137
f 86 174 173
f 44 45 214
f 175 149 176
f 87 88 176
f 168 146 204
f 30 198 196
f 147 221 170
f 170 221 237
f 196 197 29
f 182 181 95
f 174 205 148
f 96 97 183
f 149 195 31
f 174 194 205
f 95 96 182
f 222 220 147
f 93 94 180
f 198 30 195
f 31 32 194
f 172 84 85
f 34 35 220
f 42 161 190
f 5 143 3
f 92 179 91
f 20 21 215
f 232 192 21
f 150 177 179
f 223 26 27
f 162 139 128
f 200 24 25
f 103 104 141
f 163 18 162
f 181 94 95
f 101 102 138
f 180 151 224
f 98 99 158
f 106 107 217
f 138 140 101
f 216 217 218
f 14 15 218
f 99 126 158
f 19 20 164
f 117 116 143
f 129 142 105
f 132 120 156
f 55 132 54
f 127 138 139
f 159 131 6
f 138 127 140
f 105 106 129
f 152 182 183
f 16 17 165
f 135 133 123
f 109 243 108
f 134 133 72
f 123 133 134
f 130 217 107
f 108 243 130
f 70 135 122
f 230 5286 239
f 136 137 74
f 202 75 76
f 5283 14 5287
f 123 214 144
f 243 110 233
f 226 12 13
f 102 139 138
f 54 115 1
f 142 141 104
f 126 100 140
f 54 155 187
f 3 143 2
f 128 141 142
f 5 3 4
f 2 143 116
f 122 144 166
f 2 116 1
f 168 167 80
f 185 113 186
f 139 102 103
f 165 142 129
f 72 73 134
f 116 54 1
f 97 98 184
f 90 91 177
f 150 199 197
f 113 114 186
f 228 155 53
f 26 223 206
f 132 156 52
f 24 200 242
f 200 206 181
f 186 187 154
f 206 223 151
f 115 187 114
f 191 157 203
f 158 126 192
f 126 215 192
f 126 140 164
f 100 126 99
f 189 40 41
f 7 159 6
f 127 139 162
f 43 160 124
f 216 15 16
f 163 128 165
f 159 8 9
f 164 229 19
f 184 158 153
f 201 242 183
f 211 156 120
f 54 117 53
f 54 116 117
f 53 118 10
f 118 53 117
f 131 118 117
f 155 228 227
f 131 159 118
f 163 165 17
f 164 20 215
f 8 159 7
f 165 129 216
f 6 131 5
f 131 143 5
f 159 9 118
f 124 136 161
f 163 162 128
f 226 230 185
f 202 190 161
f 12 227 11
f 185 112 113
f 18 163 17
f 228 10 11
f 139 141 128
f 165 128 142
f 10 118 9
f 18 19 229
f 164 127 229
f 130 107 108
f 155 54 53
f 160 44 214
f 240 46 47
f 177 178 90
f 203 145 191
f 201 22 23
f 178 175 89
f 93 180 224
f 197 199 28
f 181 180 94
f 224 151 223
f 200 181 152
f 180 181 151
f 183 182 96
f 181 182 152
f 184 183 97
f 201 183 153
f 158 184 98
f 183 184 153
f 226 154 227
f 186 114 187
f 185 186 154
f 54 187 115
f 187 155 154
f 125 157 188
f 188 157 191
f 125 188 189
f 40 189 188
f 202 161 136
f 125 189 190
f 157 78 203
f 191 145 219
f 232 21 22
f 158 192 232
f 38 193 37
f 145 168 193
f 31 194 149
f 194 32 205
f 31 195 30
f 149 175 195
f 197 196 150
f 196 29 30
f 199 150 179
f 29 197 28
f 175 198 195
f 178 196 198
f 225 199 179
f 27 28 199
f 200 152 242
f 206 200 25
f 201 153 232
f 23 24 242
f 75 202 136
f 76 125 202
f 78 79 203
f 167 203 79
f 204 146 237
f 37 193 204
f 32 33 205
f 238 205 33
f 26 206 25
f 181 206 151
f 110 111 233
f 239 112 185
f 48 49 234
f 240 207 119
f 209 64 65
f 119 207 208
f 208 121 209
f 236 209 121
f 235 66 67
f 119 208 210
f 212 211 120
f 121 213 211
f 57 212 120
f 62 212 61
f 49 213 121
f 50 211 213
f 144 214 45
f 160 214 123
f 192 215 21
f 164 215 126
f 165 216 16
f 217 216 129
f 217 129 106
f 217 130 218
f 218 15 216
f 5287 218 130
f 219 39 231
f 193 219 145
f 220 35 221
f 222 147 172
f 35 36 221
f 237 221 36
f 238 172 148
f 33 34 222
f 225 27 199
f 179 92 224
f 224 223 225
f 92 93 224
f 224 225 179
f 27 225 223
f 230 226 13
f 185 154 226
f 226 227 12
f 155 227 154
f 10 228 53
f 227 228 11
f 127 162 229
f 18 229 162
f 239 111 112
f 40 231 39
f 188 191 231
f 201 232 22
f 158 232 153
f 218 5287 14
f 243 5287 130
f 5286 233 111
f 121 234 49
f 207 234 208
f 68 235 67
f 119 210 235
f 64 236 63
f 211 236 121
f 204 237 36
f 170 237 146
f 205 238 148
f 33 222 238
f 230 239 185
f 111 239 5286
f 241 240 119
f 166 240 122
f 241 119 235
f 69 122 241
f 183 242 152
f 23 242 201
f 243 109 110
f 296 314 71
f 271 272 328
f 273 381 328
f 259 331 258
f 292 295 290
f 372 373 357
f 372 268 269
f 298 312 333
f 383 328 359
f 301 302 300
f 376 358 375
f 298 338 312
f 249 311 248
f 270 373 269
f 273 274 381
f 375 274 275
f 352 457 282
f 423 422 449
f 414 366 452
f 255 256 295
f 333 312 299
f 308 320 321
f 301 313 289
f 70 69 305
f 362 390 413
f 252 253 301
f 303 314 315
f 311 299 312
f 292 290 302
f 331 363 291
f 290 303 315
f 331 330 363
f 361 362 330
f 289 252 301
f 267 268 374
f 323 314 296
f 253 254 302
f 258 392 63
f 392 331 364
f 321 311 312
f 252 289 251
f 460 462 294
f 289 310 250
f 294 68 460
f 354 286 324
f 304 305 294
f 65 364 461
f 361 259 260
f 388 391 365
f 294 462 306
f 444 436 446
f 314 72 71
f 456 459 441
f 316 290 315
f 399 348 336
f 339 347 349
f 318 319 352
f 289 288 309
f 283 284 285
f 364 65 64
f 303 73 72
f 244 318 285
f 311 310 299
f 282 283 352
f 245 307 244
f 309 288 334
f 322 297 307
f 322 246 320
f 249 310 311
f 318 307 297
f 309 310 289
f 304 306 355
f 322 245 246
f 312 308 321
f 308 338 340
f 307 318 244
f 310 309 299
f 289 250 251
f 290 295 303
f 71 70 296
f 73 303 295
f 68 67 460
f 65 461 66
f 74 73 295
f 313 288 289
f 75 74 257
f 74 256 257
f 247 320 246
f 70 305 296
f 354 326 356
f 254 292 302
f 253 302 301
f 296 305 304
f 313 325 288
f 368 334 335
f 295 256 74
f 304 294 306
f 324 325 316
f 255 295 292
f 337 298 333
f 301 300 313
f 292 254 255
f 68 294 69
f 294 305 69
f 306 287 326
f 358 376 378
f 310 249 250
f 293 296 304
f 300 316 325
f 323 296 293
f 72 314 303
f 354 324 353
f 302 316 300
f 290 316 302
f 316 315 353
f 362 413 330
f 395 414 389
f 318 297 319
f 285 318 283
f 343 342 297
f 346 319 297
f 320 247 321
f 322 320 308
f 247 248 321
f 311 321 248
f 308 343 322
f 322 307 245
f 353 323 293
f 314 323 315
f 353 315 323
f 367 325 327
f 300 325 313
f 327 325 324
f 404 326 287
f 326 317 356
f 324 286 327
f 367 334 288
f 272 273 328
f 359 381 375
f 360 376 377
f 277 380 377
f 260 384 361
f 262 385 261
f 331 259 361
f 364 331 291
f 265 393 264
f 391 414 365
f 334 299 309
f 334 333 299
f 335 334 367
f 335 327 286
f 370 286 356
f 333 368 337
f 370 400 286
f 341 348 347
f 368 333 334
f 336 348 351
f 340 338 341
f 308 312 338
f 339 340 341
f 346 345 319
f 341 338 298
f 340 339 342
f 341 351 348
f 347 348 344
f 342 339 350
f 343 297 322
f 308 340 343
f 342 343 340
f 449 350 349
f 339 341 347
f 406 407 371
f 453 456 441
f 297 342 346
f 346 342 350
f 351 341 298
f 347 344 349
f 400 370 369
f 402 408 348
f 344 406 349
f 449 422 458
f 349 350 339
f 346 350 345
f 298 337 351
f 336 351 337
f 318 352 283
f 457 352 319
f 354 353 293
f 316 353 324
f 293 355 354
f 355 326 354
f 304 355 293
f 326 355 306
f 317 403 370
f 286 354 356
f 436 426 433
f 372 374 268
f 376 275 276
f 359 358 382
f 382 358 329
f 271 383 270
f 377 380 445
f 441 437 439
f 384 260 261
f 331 361 330
f 386 391 388
f 390 362 385
f 417 363 330
f 462 363 287
f 291 460 461
f 64 63 392
f 419 420 405
f 385 362 384
f 397 393 398
f 394 398 415
f 325 367 288
f 327 335 367
f 400 368 335
f 337 368 336
f 317 404 403
f 399 402 348
f 317 370 356
f 399 400 369
f 427 425 432
f 329 378 434
f 373 372 269
f 374 372 357
f 373 270 383
f 373 412 410
f 435 410 329
f 366 395 397
f 376 375 275
f 359 375 358
f 377 376 276
f 358 378 329
f 276 277 377
f 380 278 379
f 376 360 378
f 447 360 445
f 278 279 411
f 429 447 446
f 278 380 277
f 445 380 379
f 375 381 274
f 328 381 359
f 410 382 329
f 382 410 412
f 328 383 271
f 359 382 412
f 385 384 261
f 361 384 362
f 386 385 262
f 385 386 388
f 262 263 386
f 263 264 396
f 420 401 421
f 403 369 370
f 419 388 365
f 390 388 387
f 416 386 263
f 395 396 393
f 388 390 385
f 413 390 387
f 391 386 416
f 414 391 389
f 331 392 258
f 64 392 364
f 397 398 394
f 393 397 395
f 415 266 267
f 426 409 424
f 414 395 366
f 396 395 389
f 391 416 389
f 264 393 396
f 398 393 265
f 431 397 394
f 265 266 398
f 415 398 266
f 399 336 400
f 402 369 401
f 368 400 336
f 286 400 335
f 369 403 405
f 407 408 332
f 369 402 399
f 402 401 408
f 317 326 404
f 404 418 403
f 417 404 287
f 403 418 405
f 419 405 387
f 405 420 421
f 407 406 344
f 406 371 423
f 408 407 344
f 407 332 451
f 408 344 348
f 332 408 401
f 426 424 428
f 436 409 426
f 435 329 434
f 357 373 410
f 281 453 280
f 379 278 411
f 373 383 412
f 359 412 383
f 418 413 387
f 417 413 404
f 431 452 366
f 332 448 414
f 267 374 415
f 428 432 425
f 263 396 416
f 416 396 389
f 363 417 287
f 413 417 330
f 413 418 404
f 387 405 418
f 388 419 387
f 414 448 365
f 419 365 448
f 332 401 420
f 401 369 421
f 405 421 369
f 349 406 423
f 444 459 409
f 409 422 424
f 422 423 424
f 428 423 371
f 430 428 371
f 394 415 450
f 374 357 455
f 424 423 428
f 433 426 425
f 415 374 450
f 455 435 443
f 451 430 371
f 425 426 428
f 425 443 433
f 445 438 440
f 366 397 431
f 428 430 432
f 427 431 394
f 431 430 452
f 430 431 432
f 427 432 431
f 443 435 442
f 433 429 436
f 360 434 378
f 410 435 357
f 447 442 434
f 443 442 429
f 445 440 447
f 379 411 438
f 279 280 439
f 439 280 453
f 439 411 279
f 438 437 440
f 437 438 439
f 439 438 411
f 446 440 437
f 447 429 442
f 282 457 456
f 436 444 409
f 443 429 433
f 435 434 442
f 425 427 443
f 427 450 455
f 437 441 444
f 454 458 459
f 377 445 360
f 438 445 379
f 444 446 437
f 429 446 436
f 360 447 434
f 446 447 440
f 332 420 448
f 448 420 419
f 350 449 345
f 423 449 349
f 450 374 455
f 394 450 427
f 407 451 371
f 414 451 332
f 430 451 452
f 414 452 451
f 456 453 281
f 439 453 441
f 345 454 457
f 458 345 449
f 435 455 357
f 455 443 427
f 282 456 281
f 459 456 454
f 345 457 319
f 456 457 454
f 422 409 459
f 454 345 458
f 441 459 444
f 422 459 458
f 66 460 67
f 462 460 291
f 291 461 364
f 66 461 460
f 363 462 291
f 306 462 287
f 532 465 464
f 524 585 532
f 533 464 463
f 524 532 533
f 481 480 564
f 536 526 535
f 532 534 465
f 580 504 503
f 583 558 585
f 468 525 469
f 557 533 579
f 579 463 506
f 642 650 556
f 555 516 512
f 514 510 519
f 660 661 551
f 506 505 504
f 549 531 513
f 581 533 557
f 549 513 610
f 474 512 516
f 506 504 579
f 521 525 526
f 518 523 510
f 509 604 608
f 613 501 500
f 519 517 104
f 527 470 525
f 511 516 510
f 523 519 510
f 512 537 555
f 474 473 540
f 569 611 106
f 475 511 476
f 471 527 540
f 508 547 518
f 527 471 470
f 503 502 640
f 478 477 102
f 103 514 519
f 102 514 103
f 516 511 475
f 105 517 569
f 102 101 478
f 544 570 550
f 476 514 477
f 511 514 476
f 541 566 564
f 525 468 535
f 508 537 539
f 470 469 525
f 464 533 532
f 655 658 612
f 515 519 523
f 496 621 622
f 522 528 529
f 530 528 522
f 496 495 621
f 573 615 618
f 530 522 541
f 515 517 519
f 485 637 639
f 614 624 626
f 637 485 484
f 553 575 632
f 529 528 110
f 494 493 553
f 512 540 527
f 511 510 514
f 575 634 574
f 528 530 111
f 489 488 615
f 518 510 516
f 636 491 490
f 630 617 631
f 523 518 515
f 537 527 521
f 574 621 575
f 529 110 109
f 539 543 547
f 530 112 111
f 108 529 109
f 562 526 536
f 104 103 519
f 537 512 527
f 531 522 529
f 516 475 474
f 108 107 611
f 518 547 550
f 541 568 530
f 472 471 540
f 529 513 531
f 601 648 681
f 104 517 105
f 480 568 564
f 517 515 569
f 534 466 465
f 528 111 110
f 514 102 477
f 108 513 529
f 568 480 479
f 537 521 542
f 536 467 466
f 481 596 482
f 482 597 483
f 521 527 525
f 585 534 532
f 653 613 652
f 530 479 112
f 535 468 467
f 536 535 467
f 525 535 526
f 466 534 536
f 534 563 562
f 542 539 537
f 537 508 555
f 561 562 559
f 559 589 560
f 538 543 539
f 543 545 547
f 474 540 512
f 472 540 473
f 566 541 608
f 509 571 602
f 561 521 526
f 538 539 542
f 590 538 589
f 507 545 543
f 544 545 548
f 610 611 569
f 609 548 545
f 547 545 544
f 605 609 594
f 549 509 531
f 547 544 550
f 539 547 508
f 609 545 507
f 546 602 571
f 544 548 549
f 548 546 571
f 549 610 570
f 515 518 550
f 487 668 667
f 581 557 584
f 489 620 490
f 653 629 572
f 493 492 553
f 492 491 633
f 538 560 589
f 554 647 595
f 508 518 555
f 516 555 518
f 613 612 649
f 672 595 646
f 580 641 557
f 533 581 524
f 587 559 563
f 560 538 542
f 560 561 559
f 645 644 520
f 561 560 542
f 559 587 589
f 521 561 542
f 561 526 562
f 536 534 562
f 534 585 563
f 520 588 558
f 559 562 563
f 522 531 608
f 564 567 596
f 594 507 590
f 566 567 564
f 608 541 522
f 566 565 567
f 599 600 598
f 596 597 482
f 530 568 479
f 564 568 541
f 569 106 105
f 570 515 550
f 549 570 544
f 515 570 569
f 509 549 571
f 548 571 549
f 613 500 652
f 499 498 669
f 615 619 618
f 660 551 657
f 495 494 632
f 623 622 574
f 633 553 492
f 633 491 636
f 489 615 620
f 634 552 574
f 603 597 601
f 680 662 678
f 649 502 501
f 650 642 578
f 579 533 463
f 580 579 504
f 641 580 503
f 579 580 557
f 582 584 641
f 520 583 581
f 582 642 670
f 581 584 520
f 558 583 520
f 524 581 583
f 641 584 557
f 520 584 582
f 583 585 524
f 563 585 558
f 645 582 670
f 507 543 590
f 558 587 563
f 586 589 587
f 586 587 588
f 558 588 587
f 592 593 591
f 590 543 538
f 589 592 590
f 592 594 590
f 589 593 592
f 599 601 597
f 593 589 586
f 592 591 594
f 644 588 520
f 591 593 595
f 595 647 591
f 602 605 606
f 586 644 671
f 646 595 671
f 564 596 481
f 597 596 567
f 599 597 567
f 603 483 597
f 567 600 599
f 647 648 685
f 600 567 565
f 599 598 683
f 565 602 600
f 598 600 606
f 648 647 554
f 603 607 637
f 604 602 565
f 605 602 546
f 607 603 601
f 484 483 603
f 608 565 566
f 509 602 604
f 609 605 546
f 684 606 605
f 602 606 600
f 684 605 594
f 681 607 601
f 607 577 637
f 509 608 531
f 608 604 565
f 548 609 546
f 594 609 507
f 611 610 513
f 570 610 569
f 108 611 513
f 106 611 107
f 651 657 551
f 649 578 640
f 652 500 499
f 613 653 654
f 497 624 498
f 497 496 622
f 618 619 616
f 615 573 631
f 486 485 639
f 662 616 665
f 625 627 628
f 576 636 620
f 619 615 488
f 618 616 662
f 488 487 619
f 667 619 487
f 615 617 620
f 620 617 576
f 621 495 632
f 622 621 574
f 623 574 552
f 622 623 626
f 623 552 627
f 626 624 622
f 624 614 669
f 497 622 624
f 628 627 552
f 572 656 655
f 627 626 623
f 659 629 626
f 552 630 628
f 626 627 625
f 631 628 630
f 660 663 661
f 614 626 629
f 659 626 625
f 552 576 630
f 576 617 630
f 615 631 617
f 663 573 661
f 553 632 494
f 621 632 575
f 636 635 633
f 553 633 575
f 635 575 633
f 576 552 634
f 576 634 635
f 575 635 634
f 620 636 490
f 635 636 576
f 637 484 603
f 577 638 639
f 674 682 681
f 639 668 486
f 577 639 637
f 639 638 668
f 649 640 502
f 641 640 578
f 640 641 503
f 641 578 642
f 670 642 556
f 641 642 582
f 676 673 675
f 588 644 586
f 646 644 643
f 593 671 595
f 582 645 520
f 643 644 645
f 556 679 676
f 665 664 678
f 554 681 648
f 647 685 591
f 601 683 648
f 683 598 684
f 613 649 501
f 578 649 612
f 578 612 650
f 655 612 654
f 675 672 646
f 650 658 556
f 669 652 499
f 653 652 614
f 629 653 614
f 653 572 654
f 655 654 572
f 612 613 654
f 659 572 629
f 655 651 658
f 660 656 625
f 656 660 657
f 651 655 657
f 656 657 655
f 556 658 651
f 612 658 650
f 625 656 659
f 572 659 656
f 628 663 625
f 573 663 631
f 662 573 618
f 573 662 661
f 666 664 665
f 677 674 672
f 625 663 660
f 631 663 628
f 682 577 681
f 672 554 595
f 666 665 616
f 678 664 677
f 666 616 667
f 666 638 686
f 619 667 616
f 668 487 486
f 638 666 668
f 667 668 666
f 624 669 498
f 652 669 614
f 676 670 556
f 645 670 643
f 586 671 593
f 646 671 644
f 646 676 675
f 675 677 672
f 551 673 679
f 662 665 678
f 666 686 664
f 554 672 674
f 676 646 643
f 675 673 677
f 670 676 643
f 679 556 651
f 551 680 673
f 664 674 677
f 673 678 677
f 661 680 551
f 551 679 651
f 673 676 679
f 662 680 661
f 673 680 678
f 674 681 554
f 681 577 607
f 686 674 664
f 638 577 682
f 599 683 601
f 598 606 684
f 685 594 591
f 648 683 684
f 648 684 685
f 685 684 594
f 638 682 686
f 674 686 682
f 116 1 55
f 89 90 751
f 744 747 724
f 116 55 56
f 688 57 58
f 725 745 746
f 688 59 60
f 747 745 725
f 770 746 726
f 688 58 59
f 818 804 747
f 688 56 57
f 62 718 61
f 743 744 724
f 793 718 64
f 724 802 803
f 747 744 84
f 64 718 63
f 794 792 793
f 741 742 723
f 69 820 68
f 741 784 769
f 743 742 82
f 816 794 66
f 744 743 83
f 794 793 65
f 86 87 746
f 688 60 61
f 705 707 71
f 783 722 766
f 71 72 705
f 692 720 739
f 741 740 80
f 71 707 70
f 75 708 74
f 698 711 738
f 709 708 694
f 47 48 791
f 18 738 17
f 735 706 694
f 819 46 47
f 820 692 819
f 734 695 77
f 792 815 691
f 79 80 740
f 1 2 702
f 762 780 11
f 722 783 740
f 81 82 742
f 50 719 49
f 84 744 83
f 69 70 692
f 819 739 46
f 742 743 723
f 66 794 65
f 740 741 722
f 709 706 73
f 76 77 695
f 742 741 81
f 765 782 695
f 54 117 53
f 117 54 116
f 53 117 118
f 737 710 698
f 687 696 688
f 791 819 47
f 118 687 52
f 117 696 118
f 718 62 63
f 116 56 696
f 54 1 116
f 53 118 10
f 713 711 104
f 52 10 118
f 41 765 764
f 51 687 719
f 52 687 51
f 706 709 694
f 706 705 72
f 687 704 719
f 714 713 105
f 791 48 815
f 68 820 816
f 70 707 692
f 687 688 704
f 699 713 714
f 56 688 696
f 711 713 699
f 702 715 701
f 739 720 45
f 715 716 701
f 736 43 694
f 693 720 707
f 717 6 8
f 763 810 40
f 44 45 795
f 716 717 701
f 765 41 42
f 85 86 745
f 42 43 736
f 706 735 693
f 703 717 9
f 704 688 718
f 801 810 766
f 719 50 51
f 741 723 784
f 801 769 38
f 49 719 691
f 692 707 720
f 724 803 743
f 721 16 796
f 746 785 725
f 804 802 724
f 15 721 700
f 743 803 817
f 739 45 46
f 746 745 86
f 691 704 718
f 85 747 84
f 5 715 3
f 43 44 735
f 105 106 714
f 89 748 88
f 73 74 709
f 77 78 734
f 748 726 749
f 752 92 753
f 118 696 687
f 28 773 775
f 100 101 697
f 116 696 117
f 91 92 752
f 42 736 765
f 751 90 750
f 25 26 776
f 19 737 767
f 98 756 97
f 106 700 714
f 102 103 712
f 757 95 96
f 760 731 759
f 15 16 721
f 731 760 779
f 6 717 716
f 106 107 700
f 100 697 760
f 16 17 796
f 730 758 756
f 101 102 710
f 93 94 754
f 104 711 103
f 715 702 2
f 104 105 713
f 702 703 690
f 703 702 701
f 698 712 711
f 108 798 107
f 688 61 718
f 798 814 799
f 72 73 706
f 719 704 691
f 109 110 814
f 717 703 701
f 700 721 714
f 799 5283 14
f 693 705 706
f 805 13 5282
f 782 75 76
f 693 795 720
f 732 805 808
f 115 690 733
f 712 710 102
f 115 1 690
f 767 737 698
f 710 712 698
f 114 789 113
f 708 709 74
f 814 110 813
f 707 705 693
f 101 710 697
f 703 9 10
f 1 702 690
f 39 801 38
f 771 31 726
f 771 774 30
f 82 83 743
f 85 745 747
f 775 773 727
f 749 746 87
f 754 776 786
f 811 786 27
f 34 35 802
f 91 750 90
f 784 36 37
f 31 32 770
f 757 778 788
f 772 773 29
f 756 731 787
f 23 730 777
f 87 88 749
f 92 93 753
f 20 779 768
f 94 95 755
f 18 767 738
f 710 737 697
f 755 754 94
f 779 760 697
f 30 774 772
f 729 757 788
f 34 802 804
f 5 6 716
f 717 8 9
f 780 703 10
f 721 699 714
f 699 796 738
f 699 738 711
f 4 5 3
f 694 708 736
f 6 7 8
f 43 735 694
f 735 44 795
f 2 3 715
f 711 712 103
f 764 40 41
f 96 97 758
f 797 15 700
f 98 99 759
f 5283 800 806
f 14 15 797
f 787 21 22
f 733 781 789
f 809 12 13
f 762 812 781
f 762 733 690
f 733 114 115
f 690 780 762
f 809 805 732
f 112 113 761
f 766 734 783
f 778 23 24
f 716 715 5
f 758 757 96
f 782 765 736
f 770 785 746
f 19 20 768
f 80 81 741
f 748 751 774
f 748 749 88
f 746 749 726
f 752 750 91
f 751 750 727
f 772 751 727
f 751 748 89
f 811 775 752
f 750 752 727
f 754 753 93
f 752 753 728
f 776 754 729
f 753 754 728
f 757 755 95
f 754 755 729
f 759 756 98
f 756 787 777
f 778 757 730
f 755 757 729
f 756 758 97
f 757 758 730
f 760 759 99
f 756 759 731
f 100 760 99
f 768 779 697
f 761 113 789
f 761 732 808
f 12 812 11
f 809 781 812
f 695 734 763
f 763 734 766
f 695 763 764
f 40 764 763
f 782 736 708
f 695 764 765
f 734 78 783
f 766 722 801
f 738 767 698
f 19 767 18
f 697 737 768
f 19 768 737
f 38 769 37
f 722 741 769
f 31 770 726
f 770 32 785
f 31 771 30
f 726 748 771
f 773 772 727
f 772 29 30
f 775 727 752
f 29 773 28
f 748 774 771
f 751 772 774
f 811 752 728
f 27 28 775
f 776 729 788
f 786 776 26
f 23 777 22
f 730 756 777
f 23 778 730
f 778 24 788
f 20 21 779
f 779 21 787
f 703 780 690
f 11 780 10
f 732 761 789
f 733 762 781
f 75 782 708
f 76 695 782
f 78 79 783
f 740 783 79
f 784 723 817
f 37 769 784
f 32 33 785
f 818 785 33
f 27 786 26
f 754 786 728
f 787 731 779
f 22 777 787
f 24 25 788
f 776 788 25
f 733 789 114
f 789 781 732
f 110 111 813
f 807 808 806
f 48 49 815
f 819 791 689
f 793 64 65
f 689 791 792
f 792 691 793
f 718 793 691
f 816 66 67
f 689 792 794
f 720 795 45
f 735 795 693
f 738 796 17
f 721 796 699
f 798 797 700
f 800 799 790
f 107 798 700
f 814 108 109
f 14 797 799
f 798 799 797
f 800 790 806
f 5283 799 800
f 801 39 810
f 769 801 722
f 802 35 803
f 804 724 747
f 35 36 803
f 817 803 36
f 818 747 725
f 33 34 804
f 5282 5283 806
f 790 807 806
f 790 813 807
f 5282 806 805
f 111 112 807
f 761 808 112
f 806 808 805
f 808 807 112
f 805 809 13
f 781 809 732
f 40 810 39
f 763 766 810
f 786 811 728
f 27 775 811
f 11 812 762
f 809 812 12
f 807 813 111
f 813 790 814
f 799 814 790
f 814 798 108
f 691 815 49
f 791 815 792
f 68 816 67
f 689 794 816
f 784 817 36
f 743 817 723
f 785 818 725
f 33 804 818
f 820 819 689
f 739 819 692
f 820 689 816
f 69 692 820
f 853 846 855
f 833 832 831
f 829 852 844
f 835 834 831
f 836 835 844
f 827 852 828
f 833 831 834
f 825 853 826
f 830 844 835
f 836 845 837
f 836 844 845
f 845 844 852
f 837 845 846
f 830 829 844
f 835 831 830
f 853 854 847
f 855 827 826
f 839 838 847
f 849 848 857
f 849 841 840
f 850 842 841
f 858 856 822
f 839 848 840
f 821 60 859
f 848 839 847
f 847 846 853
f 851 843 842
f 849 840 848
f 851 859 56
f 847 854 848
f 847 838 846
f 838 837 846
f 824 854 825
f 845 855 846
f 855 852 827
f 850 849 856
f 853 825 854
f 855 826 853
f 850 851 842
f 828 852 829
f 857 848 854
f 856 823 822
f 823 856 857
f 854 824 857
f 856 858 850
f 1 851 56
f 57 56 859
f 56 55 1
f 851 858 859
f 852 855 845
f 859 858 821
f 843 851 1
f 821 61 60
f 823 857 824
f 58 859 59
f 59 859 60
f 856 849 857
f 822 821 858
f 58 57 859
f 850 858 851
f 849 850 841
f 868 870 871
f 867 871 872
f 866 872 873
f 869 870 868
f 867 868 871
f 865 866 873
f 866 867 872
f 873 874 865
f 864 874 875
f 876 877 862
f 863 875 876
f 864 875 863
f 877 861 862
f 862 863 876
f 861 877 860
f 874 864 865
f 895 894 880
f 894 893 881
f 882 893 892
f 878 895 879
f 879 895 880
f 880 894 881
f 893 882 881
f 892 883 882
f 884 891 890
f 890 889 885
f 888 886 889
f 884 883 891
f 885 884 890
f 885 889 886
f 888 887 886
f 891 883 892
f 1324 1412 1525
f 978 979 1322
f 1070 1195 1113
f 1112 1143 1430
f 1400 1527 1399
f 974 1413 973
f 974 975 1412
f 1163 1067 1108
f 1071 1114 1145
f 979 980 1253
f 1179 981 1180
f 981 1179 980
f 1180 981 982
f 1017 1018 1157
f 1178 1262 1451
f 1323 1398 1453
f 1192 1036 1190
f 1194 1010 1195
f 1045 1043 1113
f 1386 1263 1041
f 963 1468 962
f 1103 900 901
f 821 60 1187
f 1469 1475 1543
f 1504 1503 1407
f 1096 824 825
f 1175 1066 1174
f 1359 1259 1432
f 961 1407 960
f 1110 1164 1068
f 828 827 1075
f 837 1116 838
f 970 1457 969
f 1459 969 1457
f 1544 1548 1408
f 1053 1265 1055
f 841 840 1084
f 966 967 1462
f 967 968 1460
f 823 1095 1097
f 1037 1103 1131
f 1408 1471 1543
f 1401 1457 1399
f 1046 1314 1246
f 1207 1273 1336
f 839 838 1078
f 1007 986 987
f 1006 985 986
f 984 985 983
f 1238 1205 1201
f 1005 983 985
f 1030 1199 1099
f 1008 987 988
f 1073 1052 1048
f 1604 1517 1444
f 1913 1126 1154
f 1013 992 993
f 1012 991 992
f 1055 1054 1053
f 822 821 1087
f 1010 989 990
f 1009 988 989
f 990 991 1011
f 1580 1572 1576
f 1110 245 246
f 1014 993 994
f 986 1007 1006
f 1006 1005 985
f 1182 1039 1007
f 1008 1040 1182
f 982 1005 1180
f 1098 825 826
f 982 983 1005
f 1006 1039 1180
f 1008 1009 1040
f 1007 987 1008
f 1011 991 1012
f 1011 1010 990
f 904 905 1137
f 1145 1114 1015
f 1009 1008 988
f 1010 1009 989
f 1195 1012 1045
f 1190 1181 1040
f 1012 1013 1045
f 992 1013 1012
f 993 1014 1013
f 1006 1007 1039
f 994 1015 1014
f 935 284 1069
f 1052 1074 1048
f 967 1460 1462
f 1352 1258 1354
f 1083 1087 1057
f 951 952 1296
f 1141 1211 1217
f 1124 1051 1083
f 1229 1297 1353
f 1293 1292 1230
f 1089 1214 1216
f 954 1292 953
f 830 1121 1120
f 1115 1147 1148
f 1327 1258 1326
f 1129 1028 1128
f 952 1293 1294
f 1222 1115 1148
f 1097 1198 1265
f 1506 1436 1435
f 1063 1037 1101
f 1084 1117 1051
f 1055 1004 65
f 1033 1186 1032
f 946 1149 1123
f 831 832 1121
f 1265 1198 1267
f 832 831 833
f 834 833 831
f 1105 1134 1135
f 1453 1608 976
f 832 944 1121
f 828 1118 1169
f 835 830 1052
f 831 835 834
f 836 835 1052
f 1142 1069 1044
f 1076 1075 827
f 1073 1048 1116
f 1077 825 824
f 1378 1302 1510
f 835 831 830
f 1044 1221 1143
f 1153 1121 944
f 839 1117 840
f 1118 828 829
f 1078 838 1116
f 828 1074 829
f 1122 1153 1123
f 1120 829 830
f 1076 1048 1075
f 1083 1085 823
f 1083 823 822
f 1084 1051 1124
f 1124 1088 842
f 1073 837 836
f 830 829 1052
f 1049 1079 1077
f 1266 1196 1035
f 1095 1096 1060
f 1078 1049 1117
f 1051 1085 1083
f 822 823 1097
f 821 822 1086
f 824 823 1085
f 824 1095 823
f 826 825 1079
f 1167 1168 1151
f 842 841 1124
f 1187 58 57
f 1187 56 1260
f 1077 1079 825
f 1260 56 55
f 843 55 1
f 1260 843 1088
f 1187 1260 1057
f 247 1154 1126
f 1238 1204 1205
f 1155 1091 1059
f 1054 62 821
f 1086 1054 821
f 1074 1075 1048
f 821 62 61
f 1117 1049 1077
f 59 1187 60
f 61 60 821
f 947 1147 1149
f 1077 1085 1051
f 59 58 1187
f 842 1088 843
f 1050 1203 1201
f 1151 1515 1514
f 1710 1150 1165
f 1147 947 948
f 1096 1095 824
f 1145 1046 1071
f 1162 1137 905
f 1019 998 999
f 1085 1077 824
f 1114 1071 1045
f 1075 1074 828
f 1017 996 997
f 1016 995 996
f 997 998 1018
f 1061 1098 1166
f 1187 1087 821
f 1117 1084 840
f 1002 896 897
f 1022 1001 1002
f 1000 1001 1021
f 897 1022 1002
f 244 1109 1111
f 999 1000 1020
f 1114 1013 1014
f 1091 1154 248
f 1125 1094 1025
f 898 1022 897
f 998 1019 1018
f 1018 1017 997
f 1102 1101 1021
f 1019 1020 1101
f 995 1016 1015
f 996 1017 1016
f 1019 1157 1018
f 1246 1043 1071
f 1019 1101 1157
f 999 1020 1019
f 898 1102 1022
f 1020 1000 1021
f 1102 898 899
f 900 1063 899
f 1191 1189 1192
f 244 245 1109
f 901 902 1104
f 1131 1103 1064
f 1138 1107 1137
f 1022 1102 1021
f 1001 1022 1021
f 1104 1105 1064
f 1017 1130 1146
f 1043 1045 1071
f 1120 1150 1118
f 1262 1255 1036
f 1190 1040 1194
f 1037 1063 1103
f 906 907 908
f 902 1134 1104
f 956 957 1328
f 1282 1650 1280
f 1010 1194 1009
f 1306 1159 1133
f 1286 1285 1138
f 1123 945 946
f 1074 1052 829
f 1341 1283 1339
f 1466 1405 1465
f 1032 1199 1031
f 1094 1024 1025
f 970 971 1399
f 1054 63 62
f 1277 1208 1275
f 1076 827 826
f 1624 1723 1721
f 1626 1538 1625
f 1205 1050 1201
f 1934 1933 1937
f 1631 1541 1542
f 920 921 1410
f 1116 1048 1076
f 1078 1116 1049
f 1343 1622 1249
f 1190 1194 1070
f 1417 1483 1565
f 925 1416 924
f 1088 1124 1057
f 1054 1086 1053
f 926 1333 1498
f 1334 927 928
f 1090 1212 1211
f 1133 1171 1132
f 1481 1497 1261
f 1092 1093 1059
f 1628 1559 1321
f 1715 1710 1050
f 1537 1538 1466
f 1958 1956 1954
f 1274 1138 1162
f 1951 1952 1912
f 1207 1336 929
f 1029 1028 941
f 1029 1030 1099
f 942 1031 1030
f 1186 1003 1056
f 941 1030 1029
f 941 942 1030
f 1028 940 941
f 1056 1267 1186
f 939 1027 1026
f 1129 1027 1028
f 1026 1125 1025
f 938 1026 1025
f 1076 1079 1049
f 939 940 1027
f 938 939 1026
f 1052 1073 836
f 1025 937 938
f 1027 940 1028
f 1128 1028 1029
f 1087 1083 822
f 66 1004 1003
f 1004 1056 1003
f 1034 1003 1033
f 66 1003 1034
f 1130 1037 1160
f 64 1055 65
f 66 65 1004
f 1058 1214 1243
f 1034 67 66
f 1054 64 63
f 943 1033 1032
f 1055 1056 1004
f 942 1032 1031
f 943 1032 942
f 68 67 1034
f 68 1033 943
f 1189 1191 1193
f 1427 1350 1430
f 1079 1076 826
f 68 1034 1033
f 64 1054 1055
f 1140 1142 1163
f 1097 1086 822
f 1186 1199 1032
f 930 931 1161
f 1094 1093 1024
f 1103 1104 1064
f 1953 1067 1934
f 933 934 1139
f 1091 1092 1059
f 1104 1103 901
f 1952 933 1139
f 1134 902 903
f 1140 935 1069
f 1069 284 1111
f 1102 1063 1101
f 899 1063 1102
f 1068 1111 1109
f 1100 1128 1099
f 1130 1157 1037
f 1089 1156 1304
f 1109 1110 1068
f 1021 1101 1020
f 285 1111 284
f 900 1103 1063
f 246 247 1126
f 1217 1289 1220
f 937 1025 1024
f 1099 1062 1445
f 1024 1093 1023
f 1024 936 937
f 936 1024 1023
f 936 1023 252
f 1023 1092 250
f 249 1092 1091
f 249 1091 248
f 1092 249 250
f 1098 1061 1197
f 1167 826 827
f 1093 1092 1023
f 252 1023 251
f 1097 1060 1198
f 1956 1196 1197
f 1023 250 251
f 1086 1097 1053
f 1094 1059 1093
f 1199 1030 1031
f 1129 1156 1170
f 1445 1958 1955
f 1161 1207 930
f 930 1207 929
f 1098 1096 825
f 1135 903 904
f 1015 994 995
f 1586 1419 1692
f 1097 1095 1060
f 1309 1174 1066
f 1139 934 1140
f 1912 1937 1938
f 1110 1109 245
f 1221 1111 1068
f 1126 1110 246
f 1164 1090 1141
f 1111 285 244
f 1044 1069 1111
f 1112 1142 1143
f 1499 1430 1350
f 1113 1043 1264
f 1070 1194 1195
f 1013 1114 1045
f 1015 1114 1014
f 948 949 1298
f 1115 1234 1149
f 1073 1116 837
f 1116 1076 1049
f 1078 1117 839
f 1051 1117 1077
f 1118 829 1120
f 1711 1152 1080
f 1119 1173 1303
f 1423 1424 1290
f 830 831 1121
f 1120 1081 1150
f 1153 944 945
f 1081 1120 1121
f 1201 1122 1082
f 1081 1121 1122
f 946 947 1149
f 1122 1123 1082
f 1084 1124 841
f 1057 1124 1083
f 1170 1026 1027
f 1094 1125 1089
f 247 248 1154
f 1110 1126 1090
f 1059 1216 1155
f 1127 1214 1212
f 1099 1128 1029
f 1129 1128 1100
f 1100 1335 1129
f 1125 1156 1089
f 1160 1133 1159
f 1146 1130 1159
f 1131 1064 1133
f 1131 1160 1037
f 1133 1244 1171
f 1041 1245 1307
f 1244 1064 1105
f 1132 1306 1133
f 1135 1134 903
f 1104 1134 1105
f 1137 1135 904
f 1172 1158 1244
f 931 1951 1161
f 1272 1207 1136
f 1162 905 906
f 1135 1137 1107
f 1208 1274 908
f 908 909 1275
f 934 935 1140
f 1951 932 1952
f 1140 1069 1142
f 1108 1139 1140
f 1211 1141 1090
f 1143 1144 1042
f 1143 1142 1044
f 1142 1112 1163
f 1143 1221 1144
f 1143 1042 1430
f 1220 1068 1164
f 1211 1215 1217
f 1015 1016 1145
f 1016 1017 1146
f 1046 1145 1146
f 1146 1145 1016
f 1148 1147 948
f 1149 1147 1115
f 1294 1295 950
f 1115 1222 1072
f 1234 1115 1072
f 1082 1123 1149
f 1165 1150 1081
f 1080 1118 1150
f 1098 1167 1166
f 828 1169 1168
f 1152 1169 1080
f 1515 1119 1605
f 1123 1153 945
f 1121 1153 1122
f 1155 1154 1091
f 1154 1155 1913
f 1216 1059 1094
f 1155 1127 1913
f 1125 1026 1170
f 1304 1305 1242
f 1037 1157 1101
f 1157 1130 1017
f 1105 1135 1172
f 1132 1308 1307
f 1307 1245 1306
f 1159 1046 1146
f 1133 1160 1131
f 1130 1160 1159
f 1951 931 932
f 1207 1161 1136
f 1274 1162 906
f 1137 1162 1138
f 1163 1112 1501
f 1108 1140 1163
f 1090 1164 1110
f 1164 1141 1220
f 1203 1081 1122
f 1050 1710 1165
f 1167 1098 826
f 1173 1515 1151
f 1168 1167 827
f 1166 1167 1151
f 828 1168 827
f 1303 1173 1152
f 1080 1169 1118
f 1168 1169 1152
f 1129 1170 1027
f 1125 1170 1156
f 1244 1133 1064
f 1308 1171 1158
f 1135 1107 1172
f 1107 1175 1174
f 1151 1168 1173
f 1152 1173 1168
f 1158 1172 1174
f 1107 1174 1172
f 1138 1285 1107
f 1345 1286 1279
f 1341 1343 1344
f 1465 915 916
f 1416 1417 1480
f 1233 1047 1232
f 1190 1036 1181
f 1254 1322 1253
f 1039 1181 1255
f 1179 1255 1253
f 1006 1180 1005
f 1179 1180 1039
f 1255 1181 1036
f 1182 1181 1039
f 1008 1182 1007
f 1181 1182 1040
f 1310 1311 1312
f 1748 1325 1479
f 1326 954 955
f 1072 1222 1228
f 1432 1328 1329
f 1362 1597 1363
f 1003 1186 1033
f 1265 1267 1056
f 56 1187 57
f 1087 1187 1057
f 1873 1922 1844
f 1690 1585 1691
f 1331 1189 1193
f 1524 1607 1256
f 1191 1190 1070
f 1190 1191 1192
f 1113 1191 1070
f 1041 1263 1331
f 1388 1263 1386
f 1255 1262 1178
f 1191 1264 1193
f 1246 1247 1264
f 1009 1194 1040
f 1195 1010 1011
f 1012 1195 1011
f 1113 1195 1045
f 1060 1096 1196
f 1197 1196 1096
f 1098 1197 1096
f 1957 1956 1061
f 1060 1266 1198
f 1268 1062 1199
f 1199 1267 1268
f 1099 1199 1062
f 1939 1493 1494
f 1333 926 927
f 1236 1082 1149
f 1203 1050 1165
f 1072 1301 1237
f 1038 1424 1702
f 1081 1203 1165
f 1122 1201 1203
f 1718 1793 1717
f 1701 1706 1713
f 1238 1201 1082
f 1715 1714 1710
f 1271 1442 1440
f 1290 1424 1038
f 1136 1938 1272
f 928 929 1336
f 1208 908 1275
f 1175 1210 1066
f 1208 1277 1279
f 1479 1478 1748
f 1285 1210 1175
f 1384 1312 1383
f 1090 1913 1212
f 1058 1215 1211
f 1127 1216 1214
f 1058 1211 1212
f 1346 1213 1218
f 1219 1427 1289
f 1089 1304 1243
f 1058 1212 1214
f 1347 1288 1346
f 1218 1217 1215
f 1155 1216 1127
f 1089 1216 1094
f 1215 1346 1218
f 1220 1144 1068
f 1218 1213 1348
f 1144 1289 1042
f 1290 1428 1348
f 1428 1350 1427
f 1141 1217 1220
f 1289 1217 1218
f 1111 1221 1044
f 1068 1144 1221
f 1148 1225 1222
f 1232 1592 1224
f 1295 1298 950
f 1226 1227 1224
f 1226 1222 1225
f 1229 1226 1223
f 1294 1230 1297
f 1226 1225 1223
f 1226 1229 1227
f 1226 1224 1228
f 1431 1233 1227
f 1592 1047 1591
f 1226 1228 1222
f 1224 1592 1300
f 1223 1297 1229
f 1184 1227 1229
f 1295 1223 1225
f 952 953 1293
f 1351 1353 1292
f 1231 1358 1363
f 1224 1227 1232
f 1233 1232 1227
f 1431 1227 1184
f 1233 1231 1597
f 1237 1234 1072
f 1149 1234 1236
f 1228 1300 1072
f 1718 1240 1202
f 1239 1234 1237
f 1239 1235 1240
f 1072 1300 1301
f 1237 1235 1239
f 1082 1236 1238
f 1239 1238 1236
f 1239 1236 1234
f 1235 1378 1240
f 1204 1238 1240
f 1239 1240 1238
f 1715 1050 1205
f 1425 1702 1426
f 1305 1156 1129
f 1348 1423 1290
f 1089 1243 1214
f 1347 1243 1242
f 1172 1244 1105
f 1171 1244 1158
f 1247 1246 1245
f 1046 1159 1314
f 1046 1246 1071
f 1245 1041 1247
f 1041 1193 1247
f 1264 1247 1193
f 1455 1400 1454
f 1676 1176 1667
f 1340 1317 1342
f 1639 1754 1647
f 1466 1539 1405
f 1507 1251 1553
f 1554 1473 1475
f 1368 1360 1365
f 1738 1733 1735
f 1539 1724 1318
f 1179 1253 980
f 1254 1253 1178
f 1451 1450 1397
f 1322 1323 978
f 1253 1255 1178
f 1039 1255 1179
f 1183 1382 1519
f 1413 974 1412
f 978 1323 977
f 1449 1391 1392
f 1414 955 956
f 1351 1352 1184
f 1415 1328 957
f 1352 1354 1361
f 843 1260 55
f 1057 1260 1088
f 1485 1487 1482
f 1476 1804 1559
f 1036 1192 1262
f 1262 1192 1392
f 1385 1309 1311
f 1387 1395 1390
f 1113 1264 1191
f 1246 1264 1043
f 1055 1265 1056
f 1097 1265 1053
f 1196 1266 1060
f 1268 1266 1035
f 1268 1267 1198
f 1186 1267 1199
f 1266 1268 1198
f 1268 1035 1958
f 1588 1418 1419
f 1686 1569 1571
f 1270 1419 1418
f 1333 1270 1418
f 1443 1445 1955
f 1446 1380 1440
f 1494 1272 1106
f 1273 1272 1693
f 1273 1422 1336
f 1207 1272 1273
f 908 1274 906
f 1286 1274 1208
f 910 1337 909
f 1280 1276 1277
f 1275 1284 1277
f 1647 1756 1639
f 1284 1275 1337
f 1279 1277 1276
f 911 1338 910
f 1339 1283 1338
f 1755 1279 1276
f 1285 1286 1345
f 1284 1280 1277
f 1282 1280 1278
f 1282 1278 1283
f 1655 1654 1651
f 1338 1278 1337
f 1282 1281 1650
f 1339 911 912
f 1281 1282 1283
f 1337 1275 909
f 1280 1284 1278
f 1107 1285 1175
f 1274 1286 1138
f 1208 1279 1286
f 1345 1279 1209
f 1644 1640 1641
f 1313 1310 1389
f 1215 1347 1346
f 1242 1305 1380
f 1220 1289 1144
f 1219 1289 1218
f 1349 1423 1346
f 1924 1350 1428
f 1702 1789 1038
f 1501 1589 1067
f 1326 1292 954
f 1351 1292 1258
f 1292 1293 953
f 1294 1293 1230
f 1294 1297 1295
f 950 951 1296
f 1225 1148 1295
f 1298 1295 1148
f 952 1294 1296
f 950 1296 1294
f 1297 1230 1353
f 1223 1295 1297
f 948 1298 1148
f 950 1298 949
f 1591 1594 1502
f 1302 1378 1301
f 1224 1300 1228
f 1300 1299 1301
f 1299 1590 1301
f 1237 1301 1235
f 1600 1594 1433
f 1378 1510 1202
f 1711 1303 1152
f 1606 1303 1241
f 1305 1304 1156
f 1243 1304 1242
f 1335 1305 1129
f 1380 1305 1271
f 1307 1306 1132
f 1314 1306 1245
f 1132 1171 1308
f 1385 1311 1313
f 1309 1158 1174
f 1066 1311 1309
f 1312 1287 1381
f 1158 1309 1308
f 1312 1381 1310
f 1307 1313 1041
f 1383 1066 1210
f 1311 1310 1313
f 1383 1311 1066
f 1384 1210 1209
f 1308 1385 1307
f 1389 1381 1393
f 1306 1314 1159
f 1246 1314 1245
f 1454 1399 971
f 1399 1528 1401
f 1667 1660 1676
f 1846 1875 1616
f 914 1463 913
f 1463 1464 1403
f 1667 1658 1661
f 1317 1340 1404
f 1472 962 1468
f 1185 1356 1359
f 1473 964 965
f 1543 1614 1320
f 1634 1476 1685
f 1727 1731 1730
f 1253 1322 979
f 1323 1322 1254
f 1192 1449 1392
f 1397 1398 1323
f 1452 1608 1521
f 1477 1413 1324
f 1635 1478 1477
f 1399 1527 1315
f 1326 955 1414
f 1292 1326 1258
f 1327 1414 1328
f 1358 1361 1356
f 1415 957 958
f 1328 1259 1355
f 1329 1434 1375
f 1370 1357 1373
f 1420 1421 1498
f 1481 1417 1330
f 1041 1331 1193
f 1391 1331 1263
f 1392 1332 1450
f 1390 1391 1263
f 1333 927 1334
f 1333 1418 1496
f 1336 1334 928
f 1333 1334 1270
f 1335 1100 1443
f 1305 1335 1271
f 1422 1273 1200
f 1336 1422 1334
f 1337 910 1338
f 1284 1337 1278
f 1339 1338 911
f 1338 1283 1278
f 1340 1339 912
f 1283 1341 1281
f 912 913 1340
f 913 1463 1404
f 1339 1342 1341
f 1342 1343 1341
f 1340 1342 1339
f 1343 1342 1317
f 1620 1664 1659
f 1343 1249 1344
f 1651 1344 1249
f 1341 1344 1281
f 1209 1210 1345
f 1285 1345 1210
f 1347 1215 1058
f 1349 1346 1288
f 1243 1347 1058
f 1447 1347 1242
f 1218 1348 1219
f 1423 1348 1213
f 1446 1349 1288
f 1426 1424 1349
f 1219 1348 1428
f 1924 1499 1350
f 1352 1351 1258
f 1353 1351 1184
f 1354 1258 1327
f 1231 1233 1431
f 1229 1353 1184
f 1292 1353 1230
f 1327 1355 1354
f 1355 1356 1354
f 1328 1355 1327
f 1356 1355 1259
f 1259 1328 1432
f 1356 1185 1358
f 1506 1373 1375
f 1509 1839 1372
f 1362 1363 1364
f 1231 1352 1361
f 1259 1359 1356
f 1359 1357 1370
f 1368 1369 1367
f 1573 1583 1582
f 1356 1361 1354
f 1231 1361 1358
f 1364 1358 1185
f 1365 1941 1362
f 1364 1363 1358
f 1597 1362 1596
f 1941 1365 1360
f 1362 1364 1365
f 1369 1368 1365
f 1369 1374 1367
f 1507 1438 1508
f 1767 1689 1828
f 1185 1369 1364
f 1892 1867 1900
f 1369 1365 1364
f 1367 1838 1368
f 1370 1185 1359
f 1185 1370 1369
f 1357 1375 1373
f 1369 1370 1374
f 1377 1371 1437
f 1598 1376 1377
f 1370 1376 1374
f 1374 1376 1372
f 1357 1432 1375
f 1373 1371 1376
f 1376 1370 1373
f 1367 1374 1372
f 1329 1415 1434
f 1504 1407 1555
f 1505 1437 1371
f 1376 1371 1377
f 1507 1377 1251
f 1508 1598 1507
f 1240 1378 1202
f 1301 1378 1235
f 1502 1599 1590
f 1944 1603 1379
f 1440 1380 1271
f 1288 1347 1447
f 1520 1519 1382
f 1382 1381 1287
f 1387 1393 1394
f 1382 1393 1381
f 1384 1383 1210
f 1311 1383 1312
f 1753 1754 1639
f 1312 1384 1643
f 1385 1308 1309
f 1313 1307 1385
f 1041 1313 1386
f 1388 1386 1389
f 1382 1394 1393
f 1388 1390 1263
f 1389 1386 1313
f 1390 1388 1387
f 1389 1310 1381
f 1387 1388 1389
f 1395 1387 1394
f 1390 1332 1391
f 1391 1332 1392
f 1391 1189 1331
f 1396 1397 1450
f 1392 1451 1262
f 1394 1382 1183
f 1387 1389 1393
f 1394 1523 1395
f 1390 1395 1332
f 1183 1638 1523
f 1396 1395 1523
f 1397 1396 1257
f 1332 1395 1396
f 1398 1397 1257
f 1254 1451 1323
f 1398 1257 1521
f 1453 976 977
f 1454 971 972
f 1315 1528 1399
f 1455 972 973
f 1526 1456 1527
f 1940 1458 1528
f 1459 1401 1529
f 1459 968 969
f 1611 1609 1612
f 1464 914 915
f 1464 1623 1403
f 913 1404 1340
f 1404 1403 1722
f 1537 916 917
f 1536 1623 1618
f 1540 918 919
f 1628 1745 1541
f 1556 962 1470
f 1319 1437 1505
f 1408 1543 1544
f 1319 1504 1555
f 1474 966 1557
f 1402 1535 1461
f 1566 1560 921
f 1559 1628 1410
f 1480 923 924
f 1411 1483 1484
f 1525 1412 975
f 1413 1412 1324
f 1324 1524 1477
f 1479 1526 1455
f 1328 1414 956
f 1326 1414 1327
f 1434 1415 958
f 1328 1415 1329
f 1421 1416 925
f 1417 1416 1330
f 1330 1497 1481
f 1480 1565 923
f 1270 1422 1419
f 1496 1418 1269
f 1272 1494 1693
f 1579 1584 1587
f 1488 1571 1569
f 1330 1416 1421
f 926 1421 925
f 1330 1421 1420
f 1422 1200 1692
f 1334 1422 1270
f 1346 1423 1213
f 1424 1423 1349
f 1206 1517 1426
f 1606 1700 1518
f 1517 1512 1444
f 1605 1606 1518
f 1206 1426 1349
f 1702 1425 1700
f 1289 1427 1042
f 1428 1427 1219
f 1038 1925 1290
f 1925 1914 1924
f 1589 1291 1500
f 1429 1589 1501
f 1430 1042 1427
f 1430 1429 1501
f 1184 1352 1431
f 1231 1431 1352
f 1375 1432 1329
f 1359 1432 1357
f 1787 1696 1695
f 1697 1439 1511
f 958 959 1434
f 959 960 1503
f 1375 1434 1436
f 1503 1436 1434
f 1503 1434 959
f 1435 1505 1506
f 1437 1633 1632
f 1251 1377 1437
f 1251 1437 1632
f 1688 1898 1829
f 1510 1302 1599
f 1842 1840 1794
f 1271 1443 1442
f 1446 1440 1206
f 1166 1514 1061
f 1442 1512 1440
f 1271 1335 1443
f 1442 1441 1444
f 1445 1443 1100
f 1441 1442 1443
f 1441 1516 1604
f 1426 1517 1425
f 1099 1445 1100
f 1268 1958 1062
f 1349 1446 1206
f 1288 1380 1446
f 1242 1380 1447
f 1288 1447 1380
f 1643 1384 1641
f 1814 1637 1813
f 1192 1189 1449
f 1391 1449 1189
f 1396 1450 1332
f 1397 1323 1451
f 1451 1254 1178
f 1392 1450 1451
f 1452 1521 1522
f 1524 1256 1477
f 1323 1453 977
f 1608 1453 1398
f 1455 1454 972
f 1399 1454 1400
f 973 1413 1455
f 1455 1413 1479
f 1636 1637 1748
f 1248 1940 1456
f 1399 1457 970
f 1459 1457 1401
f 1534 1535 1316
f 1402 1531 1532
f 1401 1528 1529
f 1459 1531 1460
f 1459 1460 968
f 1402 1461 1462
f 1402 1532 1535
f 1473 1474 1611
f 1402 1462 1460
f 1462 1461 1557
f 1464 1463 914
f 1404 1463 1403
f 1465 1464 915
f 1618 1619 1536
f 1465 916 1537
f 1465 1405 1618
f 1538 917 918
f 1539 1318 1619
f 1410 1631 920
f 1629 1747 1745
f 1554 963 964
f 1468 1471 1472
f 1472 1471 1408
f 1554 1471 1468
f 1472 1408 1549
f 1556 1407 961
f 1554 1468 963
f 1543 1471 1469
f 1549 1408 1548
f 962 1472 1470
f 1474 1473 965
f 1475 1473 1409
f 966 1474 965
f 1461 1534 1609
f 1543 1475 1409
f 1475 1469 1554
f 921 1560 1410
f 1565 922 923
f 1477 1256 1635
f 1479 1325 1526
f 1256 1751 1635
f 1561 1636 1635
f 1413 1477 1479
f 1478 1479 1477
f 1416 1480 924
f 1565 1480 1417
f 1481 1485 1484
f 1483 1481 1484
f 1487 1567 1488
f 1252 1746 1805
f 1685 1565 1483
f 1417 1481 1483
f 1485 1481 1261
f 1809 1482 1691
f 1487 1488 1486
f 1482 1484 1485
f 1568 1188 1573
f 1487 1486 1491
f 1567 1485 1261
f 1582 1687 1486
f 1497 1571 1261
f 1568 1488 1569
f 1851 1850 1852
f 1691 1487 1491
f 1582 1486 1568
f 1767 1690 1490
f 1687 1491 1486
f 1491 1490 1691
f 1603 1776 1781
f 1584 1579 1577
f 1106 1936 1939
f 1694 1586 1693
f 1928 1939 1936
f 1494 1493 1693
f 1188 1568 1569
f 1588 1495 1686
f 1496 1269 1686
f 1498 1496 1420
f 1330 1420 1497
f 1496 1571 1420
f 1498 1333 1496
f 1421 926 1498
f 1589 1499 1291
f 1430 1499 1429
f 1922 1917 1916
f 1929 1500 1919
f 1163 1501 1067
f 1430 1501 1112
f 1502 1590 1591
f 1510 1511 1439
f 1407 1503 960
f 1436 1503 1435
f 1505 1504 1319
f 1503 1504 1435
f 1505 1371 1506
f 1505 1435 1504
f 1373 1506 1371
f 1436 1506 1375
f 1553 1251 1551
f 1438 1894 1508
f 1366 1509 1508
f 1598 1509 1372
f 1509 1366 1839
f 1598 1372 1376
f 1302 1590 1599
f 1718 1717 1204
f 1594 1600 1502
f 1602 1600 1433
f 1440 1512 1206
f 1442 1444 1512
f 1514 1516 1957
f 1517 1518 1425
f 1151 1514 1166
f 1516 1514 1513
f 1119 1515 1173
f 1513 1514 1515
f 1516 1513 1604
f 1441 1954 1957
f 1512 1517 1206
f 1517 1604 1518
f 1605 1518 1604
f 1119 1606 1605
f 1520 1382 1287
f 1562 1519 1448
f 1643 1821 1287
f 1448 1519 1520
f 1522 1521 1257
f 1608 1452 1525
f 1257 1396 1523
f 1523 1638 1522
f 1183 1523 1394
f 1257 1523 1522
f 1525 1524 1324
f 1607 1524 1452
f 976 1525 975
f 1524 1525 1452
f 1526 1325 1820
f 1400 1455 1526
f 1526 1527 1400
f 1940 1527 1456
f 1940 1528 1315
f 1529 1528 1458
f 1529 1458 1533
f 1460 1531 1402
f 1819 1248 1817
f 1865 1864 1676
f 1459 1529 1531
f 1533 1532 1529
f 1529 1532 1531
f 1891 1532 1530
f 1819 1533 1458
f 1532 1533 1530
f 1316 1889 1949
f 1461 1609 1474
f 1316 1535 1532
f 1461 1535 1534
f 1670 1668 1620
f 1618 1623 1464
f 1538 1537 917
f 1465 1537 1466
f 1540 1538 918
f 1625 1538 1467
f 1626 1539 1466
f 1725 1627 1724
f 1542 1540 919
f 1538 1540 1467
f 1629 1745 1746
f 1467 1540 1542
f 920 1542 919
f 1467 1542 1541
f 1409 1612 1614
f 1543 1320 1544
f 1547 1544 1320
f 1633 1555 1549
f 1614 1615 1320
f 1552 1906 1507
f 1548 1547 1550
f 1550 1551 1546
f 1720 1320 1615
f 1550 1547 1545
f 1547 1548 1544
f 1549 1548 1546
f 1549 1546 1633
f 1472 1549 1470
f 1551 1550 1545
f 1548 1550 1546
f 1553 1551 1903
f 1551 1251 1632
f 1545 1547 1617
f 1875 1904 1903
f 1903 1551 1545
f 1507 1553 1552
f 1554 964 1473
f 1471 1554 1469
f 1556 1555 1407
f 1549 1555 1470
f 962 1556 961
f 1555 1556 1470
f 1462 1557 966
f 1461 1474 1557
f 1411 1484 1808
f 1805 1746 1804
f 1560 1559 1410
f 1476 1634 1804
f 1566 921 922
f 1559 1560 1476
f 1562 1183 1519
f 1561 1562 1564
f 1752 1753 1639
f 1562 1561 1638
f 1749 1752 1563
f 1456 1814 1815
f 1753 1562 1448
f 1636 1564 1749
f 1685 1483 1411
f 1566 1476 1560
f 922 1565 1566
f 1566 1565 1685
f 1485 1567 1487
f 1261 1488 1567
f 1573 1576 1572
f 1486 1488 1568
f 1261 1571 1488
f 1188 1569 1495
f 1601 1602 1768
f 1827 1688 1828
f 1420 1571 1497
f 1686 1269 1588
f 1573 1577 1576
f 1690 1767 1489
f 1576 1577 1574
f 1573 1572 1583
f 1835 1785 1492
f 1572 1580 1581
f 1826 1689 1687
f 1491 1687 1490
f 1577 1573 1188
f 1942 1580 1574
f 1584 1188 1495
f 1785 1778 1942
f 1777 1780 1775
f 1600 1602 1699
f 1574 1577 1579
f 1577 1188 1584
f 1574 1580 1576
f 1581 1580 1578
f 1581 1578 1773
f 1581 1570 1764
f 1573 1582 1568
f 1687 1582 1575
f 1763 1583 1572
f 1582 1583 1575
f 1495 1419 1584
f 1419 1586 1587
f 1805 1807 1252
f 1585 1807 1806
f 1586 1692 1693
f 1492 1579 1587
f 1419 1587 1584
f 1587 1586 1694
f 1418 1588 1269
f 1419 1495 1588
f 1589 1429 1499
f 1933 1589 1500
f 1301 1590 1302
f 1591 1590 1299
f 1299 1300 1592
f 1591 1047 1595
f 1047 1592 1232
f 1299 1592 1591
f 1595 1596 1593
f 1787 1769 1770
f 1595 1594 1591
f 1770 1594 1593
f 1596 1595 1047
f 1594 1595 1593
f 1047 1233 1597
f 1596 1362 1941
f 1363 1597 1231
f 1047 1597 1596
f 1507 1598 1377
f 1509 1598 1508
f 1600 1599 1502
f 1510 1599 1511
f 1768 1602 1769
f 1599 1600 1511
f 1772 1570 1773
f 1779 1776 1601
f 1769 1433 1770
f 1603 1698 1776
f 1511 1699 1697
f 1601 1698 1602
f 1604 1444 1441
f 1605 1604 1513
f 1515 1605 1513
f 1119 1303 1606
f 1705 1703 1704
f 1425 1518 1700
f 1452 1522 1607
f 1522 1638 1751
f 1521 1608 1398
f 1525 976 1608
f 1613 1612 1609
f 1473 1611 1409
f 1530 1819 1883
f 1617 1547 1720
f 1474 1609 1611
f 1534 1613 1609
f 1615 1614 1719
f 1409 1611 1612
f 1534 1316 1949
f 1612 1613 1948
f 1409 1614 1543
f 1719 1612 1610
f 1890 1681 1682
f 1744 1739 1732
f 1743 1742 1845
f 1803 1846 1616
f 1720 1547 1320
f 1875 1617 1616
f 1465 1618 1464
f 1619 1618 1405
f 1539 1619 1405
f 1318 1536 1619
f 1673 1665 1668
f 1655 1249 1657
f 1622 1343 1721
f 1403 1623 1722
f 1721 1343 1317
f 1657 1622 1621
f 1624 1623 1536
f 1721 1722 1624
f 1318 1760 1759
f 1659 1723 1620
f 1541 1747 1467
f 1626 1625 1406
f 1626 1406 1725
f 1466 1538 1626
f 1731 1627 1734
f 1671 1674 1673
f 1745 1628 1321
f 1631 1628 1541
f 1627 1731 1727
f 1630 1406 1625
f 1467 1630 1625
f 1630 1629 1798
f 1631 1410 1628
f 1542 920 1631
f 1633 1437 1319
f 1551 1632 1546
f 1633 1319 1555
f 1546 1632 1633
f 1808 1634 1411
f 1558 1804 1634
f 1751 1256 1607
f 1636 1561 1564
f 1564 1752 1749
f 1478 1635 1636
f 1749 1813 1637
f 1820 1748 1637
f 1562 1638 1183
f 1561 1635 1751
f 1754 1448 1821
f 1641 1645 1644
f 1384 1209 1641
f 1209 1645 1641
f 1645 1209 1755
f 1643 1641 1640
f 1654 1646 1648
f 1642 1648 1644
f 1640 1754 1821
f 1643 1287 1312
f 1653 1648 1642
f 1640 1644 1647
f 1755 1209 1279
f 1644 1645 1642
f 1646 1654 1655
f 1752 1756 1563
f 1656 1644 1648
f 1647 1644 1656
f 1755 1649 1653
f 1648 1646 1652
f 1276 1280 1650
f 1650 1281 1651
f 1651 1281 1344
f 1276 1650 1649
f 1651 1249 1655
f 1650 1651 1649
f 1658 1823 1662
f 1817 1882 1816
f 1653 1642 1755
f 1654 1653 1649
f 1653 1654 1648
f 1651 1654 1649
f 1249 1622 1657
f 1824 1758 1823
f 1648 1652 1656
f 1647 1656 1652
f 1621 1659 1657
f 1657 1659 1661
f 1646 1655 1662
f 1657 1663 1655
f 1723 1659 1621
f 1661 1659 1664
f 1666 1664 1668
f 1660 1664 1666
f 1667 1661 1660
f 1663 1661 1658
f 1663 1662 1655
f 1658 1824 1823
f 1661 1663 1657
f 1662 1663 1658
f 1668 1665 1666
f 1660 1661 1664
f 1665 1674 1679
f 1666 1675 1660
f 1668 1664 1620
f 1665 1679 1680
f 1660 1675 1676
f 1667 1176 1824
f 1620 1723 1670
f 1726 1727 1671
f 1674 1665 1673
f 1669 1887 1885
f 1759 1670 1624
f 1724 1726 1318
f 1673 1668 1728
f 1726 1728 1760
f 1666 1680 1675
f 1825 1676 1672
f 1728 1668 1670
f 1674 1671 1250
f 1736 1740 1735
f 1740 1679 1674
f 1680 1666 1665
f 1676 1675 1672
f 1825 1669 1761
f 1817 1248 1815
f 1730 1250 1727
f 1615 1719 1762
f 1678 1682 1681
f 1681 1672 1680
f 1740 1674 1250
f 1680 1679 1678
f 1681 1680 1678
f 1680 1672 1675
f 1678 1802 1682
f 1672 1681 1669
f 1677 1684 1682
f 1684 1888 1682
f 1743 1683 1684
f 1948 1947 1610
f 1799 1677 1802
f 1683 1950 1888
f 1634 1685 1411
f 1566 1685 1476
f 1569 1686 1495
f 1496 1686 1571
f 1575 1826 1687
f 1490 1687 1767
f 1826 1827 1689
f 1774 1830 1771
f 1763 1826 1583
f 1828 1766 1767
f 1858 1690 1489
f 1806 1809 1585
f 1691 1482 1487
f 1490 1690 1691
f 1422 1692 1419
f 1693 1692 1200
f 1200 1273 1693
f 1694 1693 1493
f 1493 1932 1694
f 1587 1694 1492
f 1360 1368 1696
f 1772 1768 1774
f 1788 1838 1839
f 1833 1832 1765
f 1511 1600 1699
f 1944 1697 1603
f 1779 1601 1772
f 1699 1603 1697
f 1602 1698 1699
f 1699 1698 1603
f 1704 1700 1606
f 1702 1424 1426
f 1703 1705 1706
f 1379 1781 1784
f 1702 1700 1704
f 1790 1703 1707
f 1606 1705 1704
f 1790 1707 1945
f 1705 1606 1241
f 1704 1703 1790
f 1709 1705 1711
f 1707 1706 1701
f 1705 1241 1711
f 1706 1705 1709
f 1945 1707 1701
f 1703 1706 1707
f 1946 1797 1796
f 1914 1921 1924
f 1080 1150 1710
f 1709 1080 1710
f 1791 1714 1715
f 1714 1716 1710
f 1711 1241 1303
f 1080 1709 1711
f 1791 1717 1795
f 1793 1795 1717
f 1706 1709 1716
f 1712 1795 1796
f 1712 1713 1714
f 1713 1706 1716
f 1205 1204 1715
f 1715 1204 1717
f 1710 1716 1709
f 1713 1716 1714
f 1718 1204 1240
f 1202 1510 1718
f 1510 1439 1718
f 1841 1793 1718
f 1612 1719 1614
f 1762 1719 1610
f 1803 1720 1615
f 1617 1720 1616
f 1622 1721 1621
f 1404 1722 1317
f 1624 1722 1623
f 1722 1721 1317
f 1721 1723 1621
f 1670 1723 1624
f 1725 1724 1539
f 1726 1724 1627
f 1626 1725 1539
f 1725 1406 1734
f 1727 1726 1627
f 1726 1671 1728
f 1731 1734 1798
f 1671 1727 1250
f 1673 1728 1671
f 1670 1759 1760
f 1746 1810 1629
f 1878 1859 1908
f 1812 1737 1741
f 1250 1730 1735
f 1725 1734 1627
f 1729 1730 1731
f 1904 1901 1902
f 1736 1735 1733
f 1741 1730 1729
f 1744 1800 1739
f 1406 1630 1734
f 1734 1630 1798
f 1730 1741 1738
f 1733 1799 1736
f 1802 1736 1799
f 1678 1679 1740
f 1729 1943 1812
f 1738 1737 1739
f 1730 1738 1735
f 1881 1737 1907
f 1742 1848 1846
f 1733 1738 1739
f 1735 1740 1250
f 1740 1736 1678
f 1812 1741 1729
f 1738 1741 1737
f 1762 1803 1615
f 1801 1742 1743
f 1677 1743 1684
f 1803 1845 1846
f 1849 1848 1744
f 1801 1800 1742
f 1746 1745 1321
f 1747 1629 1630
f 1804 1746 1321
f 1746 1252 1810
f 1467 1747 1630
f 1541 1745 1747
f 1636 1748 1478
f 1820 1637 1814
f 1813 1749 1563
f 1636 1749 1637
f 1563 1756 1757
f 1533 1819 1530
f 1522 1751 1607
f 1561 1751 1638
f 1753 1752 1564
f 1756 1752 1639
f 1562 1753 1564
f 1754 1753 1448
f 1821 1448 1520
f 1647 1754 1640
f 1755 1276 1649
f 1645 1755 1642
f 1652 1822 1647
f 1757 1750 1813
f 1822 1756 1647
f 1652 1646 1823
f 1864 1861 1863
f 1756 1822 1757
f 1624 1536 1759
f 1318 1759 1536
f 1726 1760 1318
f 1670 1760 1728
f 1885 1887 1889
f 1817 1818 1819
f 1950 1762 1610
f 1857 1683 1743
f 1764 1572 1581
f 1764 1765 1763
f 1570 1834 1764
f 1572 1764 1763
f 1601 1768 1772
f 1831 1838 1788
f 1829 1766 1828
f 1876 1854 1489
f 1689 1767 1687
f 1489 1767 1766
f 1769 1602 1433
f 1768 1695 1774
f 1433 1594 1770
f 1695 1768 1769
f 1941 1770 1593
f 1770 1360 1787
f 1830 1695 1696
f 1771 1833 1834
f 1771 1570 1772
f 1570 1581 1773
f 1773 1578 1777
f 1772 1773 1779
f 1830 1774 1695
f 1772 1774 1771
f 1780 1578 1942
f 1781 1775 1783
f 1601 1776 1698
f 1781 1776 1775
f 1780 1942 1778
f 1779 1775 1776
f 1574 1579 1785
f 1837 1836 1783
f 1773 1777 1779
f 1779 1777 1775
f 1578 1780 1777
f 1782 1784 1783
f 1783 1775 1780
f 1603 1781 1379
f 1914 1918 1921
f 1797 1712 1796
f 1778 1837 1780
f 1780 1837 1783
f 1783 1784 1781
f 1782 1871 1784
f 1579 1492 1785
f 1785 1835 1786
f 1786 1065 1836
f 1778 1785 1786
f 1787 1695 1769
f 1360 1696 1787
f 1897 1867 1894
f 1765 1834 1833
f 1702 1704 1790
f 1915 1789 1708
f 1708 1789 1790
f 1702 1790 1789
f 1714 1791 1712
f 1715 1717 1791
f 1841 1944 1840
f 1379 1784 1794
f 1841 1718 1439
f 1795 1793 1792
f 1920 1945 1843
f 1797 1701 1713
f 1842 1792 1840
f 1795 1712 1791
f 1842 1795 1792
f 1870 1844 1922
f 1712 1797 1713
f 1796 1870 1946
f 1943 1629 1810
f 1798 1729 1731
f 1800 1799 1733
f 1677 1799 1801
f 1739 1800 1733
f 1742 1800 1744
f 1677 1801 1743
f 1799 1800 1801
f 1682 1802 1677
f 1678 1736 1802
f 1803 1616 1720
f 1762 1857 1803
f 1804 1321 1559
f 1805 1804 1558
f 1806 1805 1558
f 1805 1806 1807
f 1558 1634 1808
f 1809 1691 1585
f 1858 1585 1690
f 1177 1852 1853
f 1482 1808 1484
f 1558 1808 1806
f 1806 1808 1809
f 1482 1809 1808
f 1252 1878 1810
f 1812 1943 1811
f 1879 1252 1807
f 1812 1907 1737
f 1943 1729 1798
f 1812 1811 1907
f 1757 1813 1563
f 1814 1813 1750
f 1815 1814 1750
f 1814 1456 1820
f 1817 1815 1882
f 1456 1815 1248
f 1861 1750 1757
f 1676 1864 1176
f 1882 1815 1750
f 1817 1816 1818
f 1865 1818 1816
f 1818 1865 1884
f 1248 1819 1458
f 1819 1818 1883
f 1526 1820 1456
f 1748 1820 1325
f 1287 1821 1520
f 1640 1821 1643
f 1652 1758 1822
f 1862 1822 1758
f 1662 1823 1646
f 1758 1652 1823
f 1667 1824 1658
f 1863 1824 1176
f 1669 1825 1672
f 1825 1761 1865
f 1583 1826 1575
f 1827 1826 1763
f 1763 1765 1827
f 1899 1827 1765
f 1827 1828 1689
f 1829 1828 1688
f 1898 1899 1868
f 1854 1876 1877
f 1696 1831 1830
f 1833 1830 1869
f 1838 1831 1696
f 1869 1831 1892
f 1893 1867 1892
f 1900 1899 1832
f 1771 1830 1833
f 1830 1831 1869
f 1764 1834 1765
f 1771 1834 1570
f 1694 1932 1492
f 1786 1835 1931
f 1930 1927 1065
f 1783 1836 1782
f 1778 1786 1837
f 1836 1837 1786
f 1368 1838 1696
f 1839 1838 1367
f 1839 1367 1372
f 1893 1839 1366
f 1841 1840 1792
f 1379 1794 1840
f 1793 1841 1792
f 1697 1944 1439
f 1842 1794 1844
f 1795 1842 1796
f 1842 1844 1870
f 1844 1871 1873
f 1794 1871 1844
f 1873 1871 1874
f 1846 1845 1742
f 1857 1845 1803
f 1742 1744 1848
f 1875 1545 1617
f 1847 1849 1851
f 1851 1852 1902
f 1849 1744 1732
f 1848 1847 1901
f 1851 1849 1910
f 1847 1848 1849
f 1739 1881 1732
f 1766 1876 1489
f 1910 1849 1732
f 1850 1853 1852
f 1856 1852 1177
f 1902 1901 1847
f 1854 1853 1850
f 1177 1853 1877
f 1909 1910 1880
f 1585 1858 1807
f 1868 1896 1911
f 1438 1507 1906
f 1856 1177 1911
f 1856 1855 1905
f 1683 1857 1762
f 1845 1857 1743
f 1489 1854 1858
f 1860 1859 1879
f 1860 1807 1858
f 1909 1854 1850
f 1858 1854 1860
f 1909 1860 1854
f 1862 1757 1822
f 1862 1758 1863
f 1758 1824 1863
f 1757 1862 1861
f 1863 1176 1864
f 1861 1862 1863
f 1676 1825 1865
f 1864 1816 1861
f 1885 1884 1761
f 1816 1864 1865
f 1866 1884 1885
f 1532 1891 1316
f 1867 1893 1894
f 1829 1911 1177
f 1892 1900 1832
f 1895 1896 1897
f 1892 1831 1788
f 1832 1833 1869
f 1945 1946 1843
f 1842 1870 1796
f 1784 1871 1794
f 1927 1836 1065
f 1919 1872 1926
f 1916 1923 1921
f 1874 1871 1782
f 1873 1872 1917
f 1836 1874 1782
f 1872 1873 1874
f 1901 1875 1846
f 1901 1904 1875
f 1766 1829 1876
f 1877 1829 1177
f 1854 1877 1853
f 1829 1877 1876
f 1810 1878 1811
f 1879 1878 1252
f 1860 1879 1807
f 1878 1879 1859
f 1908 1880 1907
f 1880 1908 1909
f 1737 1881 1739
f 1880 1732 1881
f 1750 1861 1882
f 1816 1882 1861
f 1884 1883 1818
f 1891 1883 1866
f 1761 1884 1865
f 1883 1884 1866
f 1761 1669 1885
f 1890 1887 1669
f 1950 1610 1947
f 1886 1889 1887
f 1887 1890 1888
f 1949 1886 1947
f 1683 1888 1684
f 1887 1888 1886
f 1891 1889 1316
f 1885 1889 1866
f 1681 1890 1669
f 1682 1888 1890
f 1883 1891 1530
f 1889 1891 1866
f 1869 1892 1832
f 1893 1892 1788
f 1839 1893 1788
f 1894 1893 1366
f 1508 1894 1366
f 1895 1894 1438
f 1895 1438 1906
f 1896 1895 1855
f 1896 1855 1856
f 1900 1897 1896
f 1895 1897 1894
f 1900 1896 1868
f 1899 1898 1688
f 1911 1898 1868
f 1827 1899 1688
f 1832 1899 1765
f 1897 1900 1867
f 1899 1900 1868
f 1848 1901 1846
f 1851 1902 1847
f 1856 1902 1852
f 1902 1905 1904
f 1553 1903 1552
f 1545 1875 1903
f 1902 1856 1905
f 1552 1903 1904
f 1855 1895 1906
f 1552 1904 1905
f 1552 1905 1906
f 1906 1905 1855
f 1908 1907 1811
f 1881 1907 1880
f 1878 1908 1811
f 1909 1908 1859
f 1909 1859 1860
f 1910 1909 1850
f 1851 1910 1850
f 1880 1910 1732
f 1911 1829 1898
f 1856 1911 1896
f 1589 1933 1067
f 1912 1938 1951
f 1212 1913 1127
f 1126 1913 1090
f 1915 1038 1789
f 1920 1918 1708
f 1945 1920 1708
f 1915 1914 1925
f 1919 1916 1917
f 1918 1914 1915
f 1919 1917 1872
f 1916 1920 1922
f 1918 1915 1708
f 1921 1918 1916
f 1872 1927 1926
f 1923 1291 1921
f 1870 1922 1843
f 1916 1918 1920
f 1923 1916 1919
f 1921 1291 1924
f 1917 1922 1873
f 1843 1922 1920
f 1919 1500 1923
f 1500 1291 1923
f 1924 1291 1499
f 1925 1924 1428
f 1290 1925 1428
f 1915 1925 1038
f 1926 1927 1930
f 1919 1926 1929
f 1872 1874 1927
f 1836 1927 1874
f 1065 1931 1930
f 1937 1106 1938
f 1930 1929 1926
f 1935 1936 1937
f 1065 1786 1931
f 1930 1928 1935
f 1492 1932 1835
f 1928 1930 1931
f 1928 1931 1932
f 1931 1835 1932
f 1500 1929 1933
f 1933 1929 1935
f 1953 1912 1952
f 1067 1933 1934
f 1930 1935 1929
f 1936 1935 1928
f 1939 1928 1932
f 1936 1106 1937
f 1934 1937 1912
f 1937 1933 1935
f 1272 1938 1106
f 1938 1136 1951
f 1493 1939 1932
f 1106 1939 1494
f 1458 1940 1248
f 1527 1940 1315
f 1770 1941 1360
f 1596 1941 1593
f 1580 1942 1578
f 1785 1942 1574
f 1629 1943 1798
f 1811 1943 1810
f 1840 1944 1379
f 1439 1944 1841
f 1945 1708 1790
f 1701 1797 1946
f 1843 1946 1870
f 1701 1946 1945
f 1947 1613 1534
f 1950 1947 1886
f 1612 1948 1610
f 1613 1947 1948
f 1886 1949 1889
f 1534 1949 1947
f 1888 1950 1886
f 1950 1683 1762
f 1161 1951 1136
f 933 1952 932
f 1139 1108 1952
f 1952 1108 1953
f 1067 1953 1108
f 1934 1912 1953
f 1957 1061 1514
f 1441 1443 1955
f 1958 1445 1062
f 1441 1955 1954
f 1196 1956 1035
f 1061 1956 1197
f 1441 1957 1516
f 1956 1957 1954
f 1956 1958 1035
f 1955 1958 1954
f 2413 2348 2410
f 1996 2115 1995
f 2030 2410 2029
f 851 850 2119
f 2120 1999 2000
f 2029 2414 2028
f 2355 2434 2437
f 2245 2140 113
f 2037 2388 2398
f 2564 2568 2488
f 2081 2774 2080
f 2038 2388 2037
f 2398 2036 2037
f 2255 505 2156
f 505 2011 2156
f 2484 2521 2398
f 2033 2034 2434
f 2298 2087 2088
f 2159 467 2135
f 2189 2040 2041
f 2404 2406 2334
f 2245 113 112
f 2100 2137 2136
f 2020 2021 2450
f 2203 2128 2179
f 2935 2934 2147
f 2142 2163 2143
f 2212 2175 2193
f 2471 2478 2707
f 2169 2185 2188
f 2884 2887 2803
f 2330 2259 2260
f 2286 2285 2345
f 2666 2805 2725
f 2531 2627 2702
f 2159 2134 2114
f 2180 2112 2158
f 2668 2662 2665
f 2530 2364 2451
f 2304 2128 2206
f 2133 2134 2135
f 2587 2366 2498
f 2038 2039 2040
f 2457 2368 2456
f 2050 2051 2049
f 2134 2159 2135
f 2048 2049 2072
f 2130 2157 2179
f 2072 2049 2051
f 2072 2153 2048
f 2051 2052 2072
f 2330 2125 2172
f 2427 1971 1972
f 2073 2153 2072
f 2073 2053 2074
f 2052 2053 2073
f 2055 2075 2054
f 2053 2054 2074
f 2168 845 846
f 2076 2055 2056
f 2255 2130 2113
f 2052 2073 2072
f 2118 2163 2142
f 2074 2254 2073
f 2105 2401 2400
f 2116 2140 2315
f 2045 2046 2152
f 2191 2151 2044
f 2099 2100 2224
f 847 848 2170
f 2192 2042 2043
f 2190 2171 2189
f 2151 2043 2044
f 2241 2099 2224
f 2055 2076 2075
f 2075 2074 2054
f 2402 2486 2401
f 2486 2076 2077
f 2254 2127 2153
f 2862 2860 2861
f 2486 2402 2076
f 2254 2075 2402
f 2077 2076 2056
f 2073 2254 2153
f 2295 2358 2359
f 2327 2389 2390
f 2486 2078 2867
f 2108 2401 2933
f 2191 2172 2151
f 2434 2438 2033
f 463 2255 2131
f 2777 2148 2775
f 2131 2181 2196
f 2211 2170 2149
f 2257 2170 848
f 463 2131 464
f 506 2255 463
f 2165 2183 2266
f 2174 2157 2012
f 2014 2194 2013
f 2270 2275 2273
f 2409 2285 2286
f 2130 2156 2157
f 2211 2198 2207
f 846 2163 847
f 2012 2013 2174
f 2131 2255 2113
f 2139 2182 2160
f 2149 2326 2276
f 2194 2154 2174
f 2102 470 469
f 2403 2563 2487
f 2125 2151 2172
f 471 470 2102
f 2010 472 471
f 2157 2174 2154
f 2194 2014 2193
f 473 472 2010
f 468 2114 469
f 2173 2150 2190
f 2101 2102 2132
f 2389 2327 2388
f 466 2176 2177
f 469 2114 2102
f 2010 2102 2009
f 2010 471 2102
f 2009 2102 2101
f 2124 2276 2326
f 2101 2008 2009
f 2132 2102 2114
f 2259 2172 2126
f 2179 2157 2154
f 2202 2154 2194
f 2570 2572 2328
f 2007 2100 2099
f 2176 466 465
f 2101 2137 2100
f 2006 2099 2098
f 2173 2151 2125
f 2007 2008 2100
f 2006 2007 2099
f 2644 2645 2643
f 2098 2005 2006
f 2100 2008 2101
f 2004 2005 2097
f 2097 2005 2098
f 2097 2356 2096
f 2004 2097 2096
f 2003 2004 2095
f 2095 2004 2096
f 3029 2986 2252
f 2003 2095 2094
f 2201 2213 2277
f 2371 2375 2308
f 845 2167 844
f 2140 2116 2182
f 2003 2093 2092
f 2093 2003 2094
f 2251 2246 2249
f 2003 2092 2002
f 2002 2091 2090
f 2002 2090 108
f 2257 2160 2256
f 846 845 2164
f 2002 2092 2091
f 830 2138 844
f 2069 2091 2250
f 2250 2249 2248
f 2069 2070 110
f 2090 109 108
f 2069 110 2090
f 110 2070 111
f 2127 2152 2046
f 2090 110 109
f 2070 2244 111
f 2090 2091 2069
f 2252 2251 2249
f 2641 2637 2638
f 2251 2104 2344
f 2193 2014 2015
f 2095 2252 2094
f 1996 2164 2115
f 2077 2056 2057
f 2934 2167 2147
f 2057 2058 2078
f 2134 2137 2132
f 2132 2137 2101
f 2177 467 466
f 2060 2061 2081
f 2059 2060 2080
f 2139 2162 2140
f 2058 2059 2079
f 2934 833 1992
f 2016 2277 2213
f 2063 2064 2084
f 2062 2063 2083
f 2404 2278 2490
f 2119 2120 2000
f 2066 2067 2087
f 2065 2066 2086
f 2305 2307 2309
f 2064 2065 2085
f 2163 2118 847
f 2061 2062 2082
f 2080 2060 2081
f 2059 2080 2079
f 2152 2126 2191
f 2867 2080 2774
f 2062 2083 2082
f 2061 2082 2081
f 2084 2932 2862
f 2932 2084 2085
f 2078 2058 2079
f 1969 2422 2426
f 2065 2086 2085
f 2085 2084 2064
f 2111 2086 2087
f 2085 2086 2932
f 2067 2088 2087
f 2086 2066 2087
f 2219 2298 2363
f 2363 2298 2088
f 2083 2063 2084
f 2111 2297 2931
f 2089 2088 2068
f 2086 2111 2932
f 2088 2067 2068
f 2057 2078 2077
f 2068 1959 1960
f 2152 2127 2126
f 2859 2773 2860
f 1960 1961 2089
f 2112 2307 2305
f 2047 2127 2046
f 2297 2219 2217
f 2363 1961 1962
f 845 844 2115
f 1964 2294 1963
f 2082 2862 2861
f 1963 2219 1962
f 2361 1966 1967
f 2294 2295 2447
f 2234 2242 2223
f 2131 2113 2180
f 2042 2190 2041
f 1970 2422 1969
f 2177 2178 2135
f 2151 2173 2192
f 2117 848 2118
f 2433 2431 2354
f 2118 1998 2141
f 2945 2270 2946
f 2517 2993 2423
f 2391 2393 2390
f 2399 2400 2331
f 2217 2294 2447
f 1976 2415 1975
f 2432 1975 2519
f 2117 2120 849
f 2513 2514 2511
f 2127 2108 2933
f 2377 2464 2107
f 2680 1980 2421
f 2420 1978 1979
f 2134 2136 2137
f 2114 2134 2132
f 2463 2547 2462
f 1982 1983 2547
f 2157 2011 2012
f 2750 2677 2678
f 2114 468 2159
f 2504 2505 2416
f 2100 2136 2224
f 1960 2089 2068
f 851 2144 2
f 2289 2606 2605
f 2143 2163 846
f 2936 2938 2186
f 2168 2147 2167
f 2339 2340 2284
f 1992 830 2934
f 2168 2184 2147
f 2119 850 2120
f 2211 2149 2276
f 2184 2208 2210
f 1993 2071 1992
f 2185 944 2188
f 1994 830 2071
f 1994 2138 830
f 2934 830 844
f 830 1992 2071
f 2115 844 2138
f 2115 2164 845
f 947 946 2197
f 2266 2267 2268
f 1993 1994 2071
f 113 2140 114
f 111 2244 112
f 2160 849 850
f 2158 2238 2233
f 115 114 2162
f 115 851 1
f 2160 2161 2139
f 2162 2161 851
f 851 2 1
f 465 464 2196
f 848 2117 849
f 850 2161 2160
f 2257 2149 2170
f 847 2118 848
f 2144 2119 2001
f 850 851 2161
f 849 2120 850
f 2144 851 2119
f 2142 1997 1998
f 2346 2343 2104
f 2257 848 849
f 2165 2268 2272
f 2127 2047 2153
f 833 2934 2936
f 2134 2133 2136
f 2118 2141 2117
f 2367 1986 1987
f 2369 2459 2367
f 2540 2367 2368
f 945 944 2185
f 3 2144 2001
f 2274 2383 2275
f 2162 851 115
f 2318 2166 2319
f 2048 2153 2047
f 2380 1989 1990
f 2381 1990 1991
f 2540 2301 2367
f 2623 2857 2700
f 2157 2156 2011
f 2320 2322 950
f 2318 2319 2317
f 467 2159 468
f 2318 2320 950
f 2162 2139 2161
f 1999 2117 2141
f 1998 1999 2141
f 2230 2240 2239
f 2181 2180 2158
f 2117 1999 2120
f 3 2 2144
f 2000 2001 2119
f 2133 2135 2178
f 2195 2155 2181
f 2191 2126 2172
f 2138 1995 2115
f 2228 2227 2229
f 2164 1996 2143
f 948 2166 949
f 1995 2138 1994
f 2262 2197 2263
f 1998 2118 2142
f 2143 1997 2142
f 1996 1997 2143
f 2147 2184 2123
f 2225 2235 2226
f 945 2200 946
f 2140 2162 114
f 2262 948 947
f 1985 1986 2459
f 2461 1985 2459
f 2262 2166 948
f 2317 2324 2323
f 2079 2867 2078
f 2168 2167 845
f 846 2164 2143
f 2016 2017 2277
f 2311 2306 2308
f 2176 465 2196
f 2177 2176 2155
f 2177 2155 2178
f 2177 2135 467
f 2155 2129 2178
f 2129 2228 2229
f 2203 2154 2202
f 2130 2179 2128
f 2112 2180 2113
f 2158 2195 2181
f 2155 2176 2196
f 2131 2180 2181
f 2140 2182 2139
f 2182 2116 2341
f 2185 2187 2200
f 2165 2261 2263
f 2168 2207 2184
f 2640 2642 2639
f 832 2936 2188
f 2187 2185 2169
f 2936 832 833
f 2780 2148 2777
f 2267 2187 2784
f 2183 2197 2200
f 832 2188 944
f 2169 2188 2186
f 2190 2189 2041
f 2189 2171 2391
f 2190 2042 2192
f 2394 2190 2150
f 2044 2045 2191
f 2152 2191 2045
f 2151 2192 2043
f 2190 2192 2173
f 2213 2201 2212
f 2280 2202 2194
f 2013 2194 2174
f 2280 2193 2175
f 2195 2158 2233
f 2155 2195 2129
f 2131 2196 464
f 2196 2181 2155
f 2197 946 2200
f 2197 2183 2263
f 846 2211 2168
f 2208 2209 2199
f 2208 2184 2207
f 2198 2209 2208
f 2185 2200 945
f 2200 2187 2183
f 2450 2453 2020
f 2338 2336 2201
f 2282 2281 2712
f 2203 2179 2154
f 2282 2205 2206
f 2128 2203 2206
f 2282 2202 2283
f 3032 2786 2471
f 2281 2714 2712
f 2112 2305 2306
f 2175 2283 2202
f 2205 2372 2304
f 2211 2207 2168
f 2208 2207 2198
f 2198 2276 2209
f 2208 2199 2210
f 2339 2209 2124
f 2642 2285 2103
f 2640 2639 2942
f 2184 2210 2123
f 846 847 2211
f 2211 847 2170
f 2213 2193 2015
f 2279 2338 2201
f 2193 2213 2212
f 2015 2016 2213
f 2599 2506 2601
f 2029 2410 2414
f 2428 2354 2511
f 2731 2732 2674
f 2439 2440 2357
f 2551 2554 2466
f 2358 1964 1965
f 2219 2297 2111
f 2445 2359 2444
f 2125 2330 2487
f 2219 1963 2294
f 2298 2219 2111
f 2532 2628 2452
f 2536 2024 2025
f 2491 2661 2663
f 2609 2608 2755
f 2952 2958 2950
f 1983 1984 2462
f 2242 2234 2231
f 2356 2439 2293
f 2226 2224 2136
f 2226 2235 2224
f 2226 2136 2227
f 2228 2225 2227
f 2227 2136 2133
f 2235 2225 2234
f 2133 2178 2229
f 2225 2226 2227
f 2232 2228 2129
f 2225 2228 2231
f 2133 2229 2227
f 2129 2229 2178
f 2233 2232 2129
f 2236 2237 2313
f 2232 2231 2228
f 2231 2232 2237
f 2129 2195 2233
f 2232 2230 2237
f 2238 2158 2112
f 2232 2233 2240
f 2234 2223 2235
f 2225 2231 2234
f 2357 2557 2559
f 2241 2098 2099
f 2312 2554 2313
f 2443 2441 2223
f 2313 2237 2230
f 2242 2237 2236
f 2239 2238 2112
f 2232 2240 2230
f 2309 2128 2304
f 2310 2239 2311
f 2233 2238 2240
f 2239 2240 2238
f 2224 2235 2241
f 2241 2235 2440
f 2237 2242 2231
f 2442 2242 2236
f 2243 2244 2247
f 2340 2341 2342
f 2246 2247 2248
f 2244 2243 2245
f 2244 2245 112
f 2245 2243 2315
f 2248 2247 2244
f 2246 2248 2249
f 2248 2244 2070
f 2246 2344 2408
f 2250 2070 2069
f 2250 2092 2249
f 2092 2093 2249
f 2093 2094 2252
f 2250 2248 2070
f 2092 2250 2091
f 2249 2093 2252
f 2095 2096 2252
f 2096 2356 3029
f 2346 2985 3031
f 2323 2387 2253
f 2386 2538 2387
f 2075 2254 2074
f 2127 2254 2108
f 505 2255 506
f 2130 2255 2156
f 2182 2256 2160
f 2343 2284 2340
f 2160 2257 849
f 2257 2256 2326
f 2566 2392 2394
f 2911 2909 2907
f 2933 2259 2126
f 2259 2105 2260
f 2399 2260 2105
f 2697 2625 2696
f 2383 2385 2273
f 2264 2146 2166
f 2262 947 2197
f 2264 2262 2261
f 2165 2263 2183
f 2261 2262 2263
f 2146 2264 2261
f 2166 2262 2264
f 2777 2778 2780
f 2268 2165 2266
f 2183 2187 2266
f 2267 2266 2187
f 2784 2187 2169
f 2267 2265 2268
f 2265 2269 2268
f 2269 2271 2272
f 2782 2265 2781
f 2923 2269 2145
f 3025 2923 2878
f 2121 2999 2812
f 2877 2878 2923
f 2273 2272 2271
f 2269 2272 2268
f 2273 2271 2270
f 2945 2274 2275
f 2275 2383 2273
f 2325 2480 2479
f 2479 2382 2274
f 2946 2270 3025
f 2383 2274 2382
f 2209 2276 2124
f 2211 2276 2198
f 2334 2017 2018
f 2019 2405 2018
f 2577 2580 2407
f 2277 2406 2201
f 2277 2017 2334
f 2490 2338 2279
f 2193 2280 2194
f 2175 2202 2280
f 2212 2336 2175
f 2281 2283 2337
f 2206 2203 2282
f 2202 2282 2203
f 2175 2336 2337
f 2281 2282 2283
f 2124 2326 2340
f 2343 2346 2284
f 2199 2209 2285
f 2209 2339 2345
f 2104 2251 2986
f 2409 3031 2347
f 2493 2031 2032
f 2594 2855 2898
f 2732 2730 2739
f 2989 2990 2988
f 2421 1980 1981
f 3007 2848 2221
f 2393 2397 2258
f 2619 2523 2524
f 2431 1973 1974
f 2682 2681 2512
f 2681 2683 2686
f 2583 2348 2584
f 2097 2098 2439
f 3029 2293 3030
f 2294 1964 2358
f 2219 2294 2217
f 2359 1965 1966
f 2360 2699 2446
f 1968 2448 1967
f 2619 2361 2362
f 2446 2297 2217
f 2931 2297 2106
f 2087 2298 2111
f 2363 2088 2089
f 2450 2451 2364
f 2451 2627 2531
f 2535 2025 2026
f 2495 2592 2587
f 2456 2367 1987
f 2367 2541 2369
f 2852 2926 2928
f 2845 2841 2835
f 2371 2372 2204
f 2375 2371 2374
f 2205 2304 2206
f 2305 2304 2303
f 2306 2305 2303
f 2112 2113 2307
f 2308 2306 2303
f 2112 2306 2239
f 2113 2130 2307
f 2309 2130 2128
f 2371 2308 2303
f 2107 2310 2311
f 2305 2309 2304
f 2130 2309 2307
f 2310 2107 2314
f 2230 2239 2310
f 2306 2311 2239
f 2107 2311 2308
f 2375 2377 2107
f 2556 2555 2347
f 2230 2310 2313
f 2313 2310 2314
f 2464 2314 2107
f 2313 2314 2312
f 2245 2315 2140
f 2315 2243 2342
f 2320 2321 2381
f 2253 2538 2537
f 2316 2321 2323
f 949 2318 950
f 2166 2318 949
f 2320 2318 2317
f 2166 2146 2319
f 2324 2319 2146
f 2320 2317 2321
f 2320 1991 2322
f 2323 2321 2317
f 2316 2380 2381
f 1991 951 2322
f 950 2322 951
f 2317 2319 2324
f 2316 2323 2253
f 2324 2146 2480
f 2323 2324 2387
f 2480 2382 2479
f 2479 2481 2325
f 2257 2326 2149
f 2340 2326 2256
f 2389 2038 2040
f 2482 2398 2327
f 2150 2173 2488
f 2689 2823 2215
f 2396 2916 2397
f 2915 2907 2910
f 2259 2330 2172
f 2487 2330 2260
f 2867 2774 2864
f 2622 2624 2697
f 2360 2698 2699
f 2524 2444 2296
f 2453 2364 2452
f 2628 2629 2452
f 2405 2334 2018
f 2404 2334 2333
f 2335 2489 2407
f 2335 2407 2580
f 2201 2336 2212
f 2336 2335 2337
f 2337 2283 2175
f 2335 2580 2994
f 2490 2407 2489
f 2336 2338 2489
f 2340 2339 2124
f 2345 2339 2284
f 2256 2341 2340
f 2341 2116 2342
f 2182 2341 2256
f 2116 2315 2342
f 2408 2243 2247
f 2251 2344 2246
f 2340 2342 2343
f 2408 2344 2343
f 2104 2343 2344
f 2408 2343 2342
f 2209 2345 2285
f 2346 2345 2284
f 2346 2104 2986
f 2345 2346 2286
f 2441 2443 2557
f 2285 2409 2103
f 2410 2492 2413
f 2500 2496 2495
f 2415 2504 2418
f 2613 2354 2417
f 2506 2604 2601
f 2349 2419 2418
f 2547 2633 1982
f 2632 2636 2351
f 2353 2429 2427
f 2619 2620 2523
f 2989 2290 2992
f 2516 2517 2353
f 2415 2419 2519
f 2417 2419 2603
f 2915 2913 2914
f 2584 2814 2583
f 2356 2097 2439
f 2356 2293 3029
f 2235 2223 2441
f 2557 2443 2560
f 2359 2358 1965
f 2294 2358 2295
f 2361 2359 1966
f 2444 2359 2296
f 2360 2447 2445
f 2696 2218 2528
f 2361 1967 2448
f 2359 2361 2296
f 1968 1969 2426
f 2626 2424 2352
f 1961 2363 2089
f 2219 2363 1962
f 2451 2021 2022
f 2452 2364 2532
f 2534 2023 2024
f 2804 2725 2801
f 2494 2027 2028
f 2412 2494 2028
f 2456 1987 1988
f 2301 2541 2367
f 1988 1989 2457
f 2457 2316 2537
f 2987 2460 2541
f 2461 2369 2542
f 2461 1984 1985
f 2463 2370 2549
f 2372 2371 2303
f 2371 2204 2374
f 2304 2372 2303
f 2372 2205 2716
f 2204 2711 2709
f 2465 2472 2477
f 2709 2711 2713
f 2375 2374 2378
f 2378 2376 2377
f 2107 2308 2375
f 2474 2472 2465
f 2468 2464 2376
f 2378 2377 2375
f 2464 2377 2376
f 2708 2378 2374
f 2373 2376 2378
f 2314 2464 2312
f 2216 2556 2347
f 2381 2380 1990
f 2457 2380 2316
f 2320 2381 1991
f 2316 2381 2321
f 2261 2384 2146
f 2385 2384 2165
f 2384 2383 2382
f 2272 2385 2165
f 2146 2384 2382
f 2165 2384 2261
f 2273 2385 2272
f 2384 2385 2383
f 2386 2951 2539
f 2953 2987 2458
f 2324 2325 2387
f 2387 2325 2481
f 2389 2388 2038
f 2398 2388 2327
f 2391 2040 2189
f 2327 2390 2258
f 2389 2391 2390
f 2392 2393 2391
f 2391 2389 2040
f 2392 2391 2171
f 2394 2392 2171
f 2392 2328 2393
f 2397 2575 2396
f 2258 2390 2393
f 2190 2394 2171
f 2394 2150 2566
f 2392 2566 2328
f 2659 2395 2574
f 2393 2575 2397
f 2329 2484 2483
f 2575 2393 2328
f 2916 2485 2397
f 2482 2327 2258
f 2521 2435 2520
f 2400 2399 2105
f 2772 2399 2331
f 2105 2933 2401
f 2400 2109 2866
f 2401 2108 2402
f 2109 2400 2401
f 2254 2402 2108
f 2076 2402 2075
f 2772 2331 2695
f 2564 2488 2403
f 2404 2279 2406
f 2629 2404 2333
f 2453 2405 2019
f 2334 2405 2333
f 2201 2406 2279
f 2277 2334 2406
f 2578 2577 2278
f 2407 2278 2577
f 2243 2408 2342
f 2246 2408 2247
f 3031 2409 2286
f 2644 2409 2347
f 2492 2030 2031
f 2348 2412 2414
f 2032 2033 2438
f 2411 2586 2584
f 2496 2499 2727
f 2502 2496 2500
f 2492 2410 2030
f 2584 2413 2411
f 2348 2414 2410
f 2028 2414 2412
f 2504 1976 1977
f 2415 2418 2419
f 2505 1977 1978
f 2416 2505 2506
f 2600 2602 2603
f 2354 2431 2432
f 2504 2415 1976
f 2506 2599 2416
f 2603 2419 2349
f 2417 2432 2519
f 2680 2616 2508
f 2506 2505 2595
f 2633 2463 2550
f 2632 2616 2421
f 2425 1970 2429
f 2424 2422 2352
f 2422 2425 2352
f 2425 2422 1970
f 2523 2620 2691
f 2362 2448 2510
f 2429 1970 1971
f 2352 2425 2423
f 2422 2424 2426
f 2426 2424 2510
f 2430 1972 2433
f 2429 2353 2423
f 2427 2430 2353
f 2430 2427 1972
f 2425 2429 2423
f 1971 2427 2429
f 2433 1972 1973
f 2430 2428 2514
f 2432 2431 1974
f 2433 2354 2428
f 1975 2432 1974
f 2354 2432 2417
f 2430 2433 2428
f 1973 2431 2433
f 2520 2034 2035
f 2355 2436 2438
f 2434 2520 2437
f 2035 2036 2521
f 2820 2292 2747
f 2493 2411 2492
f 2520 2434 2034
f 2437 2435 2914
f 2355 2438 2434
f 2032 2438 2436
f 2098 2241 2440
f 2439 2357 2293
f 2440 2235 2441
f 2098 2440 2439
f 2442 2443 2242
f 2440 2441 2357
f 2551 2442 2236
f 2553 2560 2552
f 2242 2443 2223
f 2442 2560 2443
f 2296 2619 2524
f 2445 2444 2218
f 2445 2218 2698
f 2359 2445 2295
f 2297 2446 2106
f 2447 2446 2217
f 2445 2447 2295
f 2446 2447 2360
f 2510 2448 1968
f 2361 2448 2362
f 2649 2571 2573
f 2621 2525 2527
f 2451 2450 2021
f 2453 2450 2364
f 2022 2023 2627
f 2530 2299 2532
f 2724 2802 2299
f 2333 2405 2453
f 2020 2453 2019
f 2333 2453 2452
f 2025 2535 2536
f 2887 2885 2889
f 2494 2502 2501
f 2455 2630 2536
f 2457 2456 1988
f 2367 2456 2368
f 2380 2457 1989
f 2537 2316 2253
f 2631 2537 2538
f 2539 2951 2953
f 2367 2459 1986
f 2461 2459 2369
f 2549 2302 2929
f 2370 2544 2545
f 2369 2541 2542
f 2461 2544 2462
f 2461 2462 1984
f 2462 2370 2463
f 2370 2545 2549
f 2632 2351 2616
f 2469 2467 2468
f 2312 2464 2466
f 2939 2943 2706
f 2466 2379 2551
f 2464 2468 2470
f 2470 2637 2704
f 2376 2469 2468
f 2555 2558 2704
f 2469 2376 2373
f 2470 2468 2467
f 2476 2469 2373
f 2467 2469 2472
f 2467 2474 2638
f 2464 2470 2466
f 2707 2717 2646
f 2778 2169 2780
f 2469 2476 2562
f 2705 2465 2706
f 2378 2708 2373
f 2475 2477 2478
f 2474 2465 2638
f 2467 2472 2474
f 2785 2776 2777
f 2776 2783 2782
f 2717 2476 2373
f 2476 2473 2562
f 2477 2562 2478
f 2477 2475 2706
f 2562 2477 2472
f 2707 2478 2473
f 2954 2479 2274
f 2479 2122 2481
f 2324 2480 2325
f 2146 2382 2480
f 2947 2958 2122
f 2387 2481 2386
f 2485 2482 2258
f 2482 2485 2484
f 2396 2576 2912
f 2917 2912 2395
f 2484 2522 2521
f 2398 2482 2484
f 2397 2485 2258
f 2484 2485 2483
f 2078 2486 2077
f 2401 2486 2109
f 2772 2487 2260
f 2563 2403 2488
f 2563 2488 2173
f 2403 2771 2564
f 2336 2489 2335
f 2490 2489 2338
f 2404 2490 2279
f 2278 2407 2490
f 2664 2661 2220
f 2869 3001 2868
f 2493 2492 2031
f 2413 2492 2411
f 2032 2436 2493
f 2904 2586 2436
f 2494 2412 2496
f 2501 2027 2494
f 2412 2499 2496
f 2672 2588 2670
f 2499 2348 2497
f 2498 2500 2587
f 2348 2583 2497
f 2673 2728 2729
f 2455 2503 2366
f 2501 2503 2535
f 2348 2499 2412
f 2499 2497 2727
f 2587 2500 2495
f 2503 2502 2498
f 2501 2502 2503
f 2026 2027 2501
f 2496 2502 2494
f 2498 2502 2500
f 2366 2503 2498
f 2535 2503 2455
f 2505 2504 1977
f 2418 2504 2416
f 1978 2420 2505
f 2595 2350 2506
f 2601 2604 2596
f 2598 2349 2418
f 2763 2682 2507
f 2354 2512 2511
f 2595 2614 2350
f 2615 2420 1979
f 2513 2353 2514
f 2990 2516 2518
f 2426 2510 1968
f 2620 2510 2424
f 2354 2613 2512
f 2511 2291 2513
f 2602 2763 2507
f 2291 2511 2512
f 2518 2513 2291
f 2517 2516 2509
f 2430 2514 2353
f 2511 2514 2428
f 2690 2686 2684
f 2790 2792 2882
f 2353 2513 2516
f 2516 2513 2518
f 2989 2993 2509
f 2353 2517 2423
f 2883 2793 2684
f 2518 2515 2990
f 2415 2519 1975
f 2417 2519 2419
f 2521 2520 2035
f 2437 2520 2435
f 2398 2521 2036
f 2522 2484 2329
f 2913 2355 2914
f 2435 2521 2522
f 2362 2510 2620
f 2444 2524 2218
f 2523 2525 2524
f 2524 2525 2621
f 2691 2525 2523
f 2527 2525 2449
f 2575 2574 2576
f 2260 2399 2772
f 2656 2648 2652
f 2528 2218 2524
f 2527 2526 2622
f 2624 2622 2526
f 2989 2992 2993
f 2449 2653 2652
f 2451 2531 2530
f 2531 2723 2724
f 2022 2627 2451
f 2531 2365 2723
f 2530 2532 2364
f 2628 2532 2299
f 2578 2491 2577
f 2452 2629 2333
f 2536 2534 2024
f 2627 2534 2454
f 2501 2535 2026
f 2536 2535 2455
f 2630 2455 2366
f 2534 2536 2454
f 2253 2387 2538
f 2631 2368 2457
f 2386 2539 2538
f 2458 2540 2631
f 2947 2957 2958
f 2631 2539 2458
f 2631 2540 2368
f 2987 2540 2458
f 2987 2541 2301
f 2542 2541 2460
f 2542 2460 2546
f 2462 2544 2370
f 2966 2969 2222
f 2981 2983 2927
f 2461 2542 2544
f 2546 2545 2542
f 2542 2545 2544
f 2543 2302 2545
f 2969 2546 2460
f 2545 2546 2543
f 2462 2547 1983
f 2633 2547 2463
f 2289 2605 2750
f 2636 2550 2634
f 2302 2549 2545
f 2463 2549 2548
f 1981 2633 2421
f 2634 2550 2463
f 2552 2551 2379
f 2554 2551 2236
f 2553 2552 2379
f 2442 2551 2552
f 2553 2379 2558
f 2553 2216 2557
f 2313 2554 2236
f 2466 2554 2312
f 2466 2704 2379
f 2644 2643 2103
f 2216 2553 2556
f 2556 2553 2558
f 2559 2557 2216
f 2357 2441 2557
f 2558 2379 2704
f 2556 2558 2555
f 2559 2216 3030
f 2357 2559 2293
f 2552 2560 2442
f 2553 2557 2560
f 2582 2335 2994
f 2877 2786 2871
f 2562 2472 2469
f 2473 2478 2562
f 2173 2125 2563
f 2487 2563 2125
f 2567 2564 2332
f 2567 2565 2568
f 2567 2332 2693
f 2571 2572 2573
f 2150 2488 2568
f 2570 2566 2565
f 2624 2526 2692
f 2568 2565 2566
f 2567 2568 2564
f 2150 2568 2566
f 2650 2526 2651
f 2565 2567 2569
f 2572 2570 2573
f 2328 2566 2570
f 2651 2526 2527
f 2657 2649 2648
f 2573 2570 2565
f 2572 2571 2574
f 2565 2569 2573
f 2526 2650 2569
f 2659 2657 2658
f 2576 2574 2395
f 2328 2572 2575
f 2574 2575 2572
f 2911 2483 2916
f 2575 2576 2396
f 2278 2703 2578
f 2797 2580 2491
f 2533 2660 2578
f 2660 2661 2578
f 2491 2663 2796
f 2337 2582 2281
f 2491 2580 2577
f 2580 2579 2994
f 2713 2715 2561
f 2647 2709 2713
f 2335 2582 2337
f 2714 2582 2581
f 2348 2413 2584
f 2728 2583 2287
f 2411 2493 2586
f 2733 2287 2738
f 2436 2905 2904
f 2743 2739 2741
f 2436 2586 2493
f 2584 2586 2585
f 2670 2726 2672
f 2887 2889 2803
f 2606 2609 2596
f 2594 2898 2902
f 2366 2587 2591
f 2591 2587 2593
f 2726 2671 2672
f 2594 2593 2590
f 2593 2587 2592
f 2591 2589 2890
f 2592 2495 2673
f 2593 2592 2590
f 2594 2590 2670
f 2591 2593 2589
f 2670 2855 2594
f 2899 2902 2898
f 2505 2420 2595
f 2595 2420 2614
f 2596 2604 2606
f 2757 2597 2601
f 2599 2601 2597
f 2598 2597 2600
f 2416 2598 2418
f 2597 2758 2600
f 2597 2598 2599
f 2416 2599 2598
f 2602 2600 2288
f 2349 2598 2600
f 2604 2506 2350
f 2596 2754 2757
f 2761 2288 2759
f 2603 2602 2507
f 2603 2507 2613
f 2349 2600 2603
f 2605 2604 2350
f 2604 2605 2606
f 2614 2605 2350
f 2677 2508 2616
f 2610 2608 2609
f 2610 2606 2289
f 2837 2832 2607
f 2735 2827 2829
f 2612 2611 2607
f 2612 2752 2608
f 2610 2609 2606
f 2752 2756 2755
f 2610 2289 2838
f 2611 2610 2840
f 2612 2828 2827
f 2608 2610 2611
f 2752 2612 2753
f 2608 2611 2612
f 2603 2613 2417
f 2512 2613 2507
f 2615 2614 2420
f 2605 2614 2508
f 1980 2615 1979
f 2614 2615 2508
f 2677 2616 2351
f 2680 2508 2615
f 2596 2609 2755
f 2883 2688 2689
f 2763 2288 2761
f 2681 2291 2512
f 2361 2619 2296
f 2620 2619 2362
f 2626 2620 2424
f 2691 2620 2529
f 2622 2621 2527
f 2524 2621 2528
f 2624 2692 2694
f 2621 2622 2528
f 2331 2866 2865
f 2699 2700 2863
f 2526 2569 2692
f 2696 2698 2218
f 2700 2701 2623
f 2700 2699 2625
f 2626 2352 2992
f 2620 2626 2529
f 2534 2627 2023
f 2702 2627 2454
f 2800 2628 2299
f 2629 2628 2533
f 2703 2533 2578
f 2629 2703 2404
f 2888 2885 3026
f 2536 2630 3026
f 2537 2631 2457
f 2631 2538 2539
f 2633 2632 2421
f 2636 2632 2550
f 1982 2633 1981
f 2632 2633 2550
f 2463 2548 2634
f 2636 2634 2930
f 2929 2548 2549
f 2843 2842 2850
f 2930 2634 2548
f 2636 2635 2751
f 2470 2467 2638
f 2638 2465 2705
f 2705 2641 2638
f 2470 2638 2637
f 2943 2705 2706
f 2123 2210 2640
f 2210 2199 2640
f 2642 2640 2199
f 2639 2642 2643
f 2637 2641 2645
f 2285 2642 2199
f 2642 2103 2643
f 2409 2644 2103
f 2639 2643 2641
f 2347 2555 2644
f 2645 2644 2555
f 2637 2645 2555
f 2641 2643 2645
f 2473 2476 2717
f 2872 2561 2868
f 2204 2709 2374
f 2647 2713 2996
f 2651 2527 2652
f 2648 2651 2652
f 2569 2649 2573
f 2657 2648 2656
f 2648 2649 2650
f 2569 2650 2649
f 2652 2527 2449
f 2648 2650 2651
f 2449 2691 2653
f 2656 2652 2791
f 2529 2655 2653
f 2290 2789 2791
f 2788 2658 2654
f 2658 2794 2659
f 2529 2626 2992
f 2791 2655 2290
f 2791 2652 2653
f 2657 2656 2654
f 2657 2654 2658
f 2649 2657 2571
f 2718 2788 2789
f 2788 2790 2658
f 2574 2571 2659
f 2657 2659 2571
f 2660 2533 2800
f 2661 2660 2220
f 2664 2663 2661
f 2578 2661 2491
f 2667 2668 2669
f 2809 2667 3020
f 2795 2662 2812
f 2665 2795 2663
f 2799 2669 2220
f 2795 2665 2662
f 2663 2664 2665
f 2668 2665 2669
f 2896 2895 2893
f 3018 3020 2808
f 2220 2669 2664
f 3011 2805 2666
f 2669 2665 2664
f 2808 3020 2805
f 2799 2220 2800
f 2667 2669 2813
f 2673 2590 2592
f 2855 2670 2588
f 2675 2731 2674
f 2830 2672 2675
f 2726 2670 2590
f 2675 2672 2671
f 2495 2727 2673
f 2727 2497 2728
f 2733 2729 2287
f 2214 2827 2735
f 2731 2730 2732
f 2674 2829 2830
f 2749 2855 2833
f 2289 2844 2838
f 2677 2351 2678
f 2605 2508 2677
f 2351 2751 2678
f 2678 2847 2844
f 2214 2732 2737
f 2288 2758 2759
f 2616 2680 2421
f 2615 1980 2680
f 2618 2683 2681
f 2686 2683 2617
f 2507 2682 2512
f 2618 2681 2682
f 2764 2683 2618
f 2688 2684 2686
f 2882 2792 2883
f 2518 2685 2515
f 2518 2291 2685
f 2690 2685 2291
f 2768 2688 2617
f 2684 2685 2690
f 2679 2762 2759
f 2821 2826 2744
f 2617 2688 2686
f 2689 2688 2687
f 2687 2769 2824
f 2882 2883 2215
f 2291 2681 2690
f 2686 2690 2681
f 2653 2691 2529
f 2691 2449 2525
f 2569 2693 2692
f 2624 2694 2623
f 2567 2693 2569
f 2693 2332 2770
f 2693 2694 2692
f 2772 2770 2771
f 2694 2695 2858
f 2695 2694 2770
f 2697 2696 2528
f 2698 2696 2625
f 2622 2697 2528
f 2624 2623 2701
f 2699 2698 2625
f 2698 2360 2445
f 2701 2700 2625
f 2699 2106 2446
f 2858 2773 2857
f 2859 2110 2863
f 2625 2697 2701
f 2624 2701 2697
f 2885 2702 2454
f 2531 2702 2365
f 2404 2703 2278
f 2533 2703 2629
f 2470 2704 2466
f 2704 2637 2555
f 2477 2706 2465
f 2639 2641 2705
f 2475 2775 2706
f 2148 2780 2940
f 2717 2707 2473
f 3032 2707 2646
f 2709 2708 2374
f 2717 2708 2647
f 2282 2712 2205
f 2708 2709 2647
f 2714 2281 2582
f 2713 2710 2715
f 2712 2204 2716
f 2711 2710 2713
f 2710 2711 2712
f 2712 2711 2204
f 2710 2714 2715
f 2713 2561 2996
f 2581 2715 2714
f 2714 2710 2712
f 2798 2995 3004
f 2579 2580 2797
f 2372 2716 2204
f 2205 2712 2716
f 2708 2717 2373
f 2717 2647 2996
f 2989 2988 2290
f 2685 2793 2515
f 2825 2906 2823
f 2659 2794 2395
f 2997 2721 2998
f 2795 2720 2998
f 3003 2999 3000
f 2798 2869 2581
f 2299 2530 2724
f 2895 2725 2804
f 2884 2723 2365
f 2802 2724 2723
f 2531 2724 2530
f 2723 2903 2802
f 2801 2669 2799
f 2722 2802 2903
f 2590 2673 2726
f 2671 2726 2673
f 2727 2495 2496
f 2497 2583 2728
f 2729 2728 2287
f 2673 2727 2728
f 2733 2731 2729
f 2673 2729 2671
f 2818 2585 2817
f 2734 2739 2743
f 2675 2671 2731
f 2729 2731 2671
f 2739 2737 2732
f 2735 2732 2214
f 2814 2736 2738
f 2730 2731 2733
f 2741 2739 2730
f 2743 2745 2734
f 2827 2214 2612
f 2674 2732 2735
f 2747 2815 2820
f 2738 2742 2733
f 2734 2767 3024
f 2856 2752 2753
f 2287 2583 2814
f 2738 2736 2742
f 2816 2741 2742
f 2734 2737 2739
f 2740 2815 2747
f 2687 2688 2768
f 2742 2741 2730
f 2741 2740 2743
f 2742 2730 2733
f 2736 2815 2816
f 2746 2743 2740
f 2746 2745 2743
f 2744 2746 2747
f 2744 2747 2821
f 2824 2744 2826
f 2617 2683 2764
f 2747 2746 2740
f 2745 2746 2744
f 2816 2815 2740
f 2747 2292 2821
f 2831 2834 2832
f 2675 2674 2830
f 2588 2830 2833
f 2900 2897 2901
f 2677 2750 2605
f 2844 2750 2678
f 2636 2751 2351
f 2847 2751 2635
f 2753 2612 2214
f 2752 2679 2756
f 2737 2856 2214
f 2753 2214 2856
f 2754 2759 2758
f 2758 2597 2757
f 2752 2755 2608
f 2596 2755 2754
f 2759 2756 2679
f 2755 2756 2754
f 2596 2757 2601
f 2758 2757 2754
f 2754 2756 2759
f 2758 2288 2600
f 3024 2762 2679
f 2618 2763 2761
f 2745 2767 2734
f 2764 2765 2617
f 2766 2759 2762
f 2764 2761 2766
f 3024 2679 2856
f 2762 2760 2766
f 2763 2618 2682
f 2288 2763 2602
f 2618 2761 2764
f 2764 2766 2765
f 2760 2767 2765
f 2744 2769 2745
f 2766 2761 2759
f 2760 2765 2766
f 2767 2760 3024
f 2768 2767 2745
f 2617 2765 2768
f 2768 2765 2767
f 2687 2768 2769
f 2745 2769 2768
f 2693 2770 2694
f 2771 2770 2332
f 2564 2771 2332
f 2771 2403 2772
f 2772 2695 2770
f 2487 2772 2403
f 2865 2866 2864
f 2857 2859 2700
f 2861 2081 2082
f 2864 2774 2773
f 2777 2775 2785
f 2940 2939 2148
f 2475 2478 2779
f 2782 2145 2269
f 2785 2775 2475
f 2777 2776 2778
f 2776 2781 2778
f 2784 2265 2267
f 2478 2471 2779
f 2782 2783 2145
f 2169 2186 2780
f 2940 2186 2938
f 2779 2783 2776
f 2784 2781 2265
f 2265 2782 2269
f 2776 2782 2781
f 2779 2786 2783
f 2561 2872 2874
f 2169 2778 2784
f 2784 2778 2781
f 2475 2779 2785
f 2776 2785 2779
f 2779 2471 2786
f 2870 3032 2874
f 2870 2873 2876
f 2561 2715 2868
f 2789 2788 2654
f 2790 2788 2718
f 2791 2789 2654
f 2789 2290 2988
f 2790 2718 2792
f 2790 2719 2794
f 2656 2791 2654
f 2791 2653 2655
f 2718 2988 2991
f 2883 2684 2688
f 2684 2793 2685
f 2991 2792 2718
f 2790 2794 2658
f 2917 2794 2719
f 2812 2662 2811
f 2796 2663 2998
f 2998 2663 2795
f 2721 3004 2797
f 2491 2796 2797
f 2721 2797 2796
f 2581 2994 2995
f 2721 2997 3001
f 2220 2660 2800
f 2801 2799 2722
f 2800 2533 2628
f 2722 2799 2800
f 2886 2903 2884
f 2801 2725 2813
f 2722 2800 2802
f 2299 2802 2800
f 2887 2365 2885
f 2803 2889 2891
f 2903 2801 2722
f 2803 2891 2893
f 2808 3009 3010
f 2813 2805 2667
f 2961 2981 2968
f 2662 2668 2809
f 2539 2953 2458
f 2809 2811 2662
f 3008 2892 3016
f 3018 2808 2806
f 2667 2809 2668
f 2811 2809 3023
f 3018 2806 3019
f 2954 2945 2947
f 3023 2809 2807
f 2812 2811 2810
f 2812 2810 2964
f 2795 2812 2720
f 2801 2813 2669
f 2805 2813 2725
f 2814 2584 2818
f 2287 2814 2738
f 2736 2817 2815
f 2819 2820 2817
f 2741 2816 2740
f 2736 2816 2742
f 2818 2817 2736
f 2817 2585 2819
f 2814 2818 2736
f 2585 2818 2584
f 2904 2819 2585
f 2292 2819 2905
f 2817 2820 2815
f 2292 2820 2819
f 2908 2910 2907
f 2824 2823 2687
f 2909 2908 2907
f 2917 2906 2825
f 2687 2823 2689
f 2823 2822 2825
f 2744 2824 2769
f 2823 2824 2822
f 2822 2908 2909
f 2917 2918 2912
f 2910 2908 2821
f 2822 2824 2826
f 2828 2612 2607
f 2827 2748 2829
f 2828 2607 2832
f 2748 2827 2828
f 2830 2829 2748
f 2735 2829 2674
f 2830 2748 2834
f 2830 2588 2672
f 2748 2828 2832
f 2924 2919 2676
f 2837 2840 2838
f 2831 2832 2839
f 2834 2833 2830
f 2749 2833 2831
f 2832 2834 2748
f 2833 2834 2831
f 2852 2854 2922
f 2849 2919 2836
f 2841 2832 2837
f 2836 2841 2843
f 2840 2837 2607
f 2841 2837 2835
f 2289 2750 2844
f 2837 2838 2835
f 2841 2839 2832
f 2919 2839 2836
f 2611 2840 2607
f 2838 2840 2610
f 2845 2843 2841
f 2841 2836 2839
f 2845 2835 2846
f 2851 2842 2853
f 2851 2848 2850
f 2919 2849 2676
f 2847 2846 2920
f 2838 2844 2920
f 2835 2920 2846
f 2842 2843 2845
f 2929 2926 2921
f 2845 2846 2854
f 2751 2847 2678
f 2635 2846 2847
f 3012 3010 3005
f 2848 2925 2849
f 2836 2843 2849
f 2849 2843 2850
f 2851 2850 2842
f 2849 2850 2848
f 2854 2853 2842
f 2848 2851 2221
f 2302 2928 2926
f 2853 2984 2851
f 2842 2845 2854
f 2853 2852 2984
f 2930 2922 2635
f 2852 2853 2854
f 2833 2855 2588
f 2749 2924 2898
f 2737 2734 3024
f 2752 2856 2679
f 2858 2857 2623
f 2859 2857 2773
f 2694 2858 2623
f 2695 2331 2865
f 2860 2773 2774
f 2931 2863 2110
f 2861 2860 2774
f 2110 2859 2860
f 2081 2861 2774
f 2862 2082 2083
f 2084 2862 2083
f 2110 2860 2862
f 2699 2863 2106
f 2700 2859 2863
f 2864 2773 2865
f 2867 2864 2109
f 2773 2858 2865
f 2695 2865 2858
f 2400 2866 2331
f 2109 2864 2866
f 2867 2109 2486
f 2867 2079 2080
f 2869 2868 2715
f 2873 2872 2868
f 2581 2869 2715
f 2869 2798 3001
f 2873 3002 2876
f 2646 2874 3032
f 2873 2787 3002
f 2145 2783 2877
f 2873 2868 2787
f 2874 2872 2870
f 2999 2121 3000
f 2870 2872 2873
f 3032 2870 2871
f 2874 2646 2996
f 2270 2271 3025
f 3025 2878 2881
f 2879 2876 2875
f 2871 2870 2876
f 2786 2877 2783
f 2877 2871 2878
f 2879 2871 2876
f 2879 2881 2878
f 3028 2881 2875
f 2871 2879 2878
f 3028 2121 2964
f 2880 2955 2946
f 2875 2881 2879
f 2880 2946 3025
f 2906 2882 2215
f 2790 2882 2719
f 2215 2883 2689
f 2793 2883 2792
f 2365 2702 2885
f 2886 2884 2803
f 2454 3026 2885
f 2630 2366 2888
f 2893 2886 2803
f 2886 2804 2903
f 2365 2887 2884
f 2889 2885 2888
f 2591 2888 2366
f 2890 2300 2889
f 2890 2889 2888
f 2891 2889 2300
f 2591 2890 2888
f 2300 2890 2589
f 2894 2891 2300
f 2804 2886 2893
f 2899 2900 2300
f 2925 3006 2901
f 2894 2893 2891
f 3017 2895 2896
f 2897 2899 2898
f 2894 2892 2896
f 2725 2895 2666
f 2804 2893 2895
f 2894 2896 2893
f 2892 3008 3017
f 2924 2676 2901
f 2892 2894 2900
f 2749 2898 2855
f 2900 2899 2897
f 2589 2902 2300
f 2902 2589 2593
f 2900 2894 2300
f 2897 2924 2901
f 2925 2901 2676
f 2900 2901 3016
f 2594 2902 2593
f 2300 2902 2899
f 2903 2723 2884
f 2801 2903 2804
f 2586 2904 2585
f 2905 2436 2355
f 2905 2355 2913
f 2819 2904 2905
f 2882 2906 2719
f 2823 2906 2215
f 2822 2826 2908
f 2483 3027 2329
f 2826 2821 2908
f 2910 2821 2292
f 2907 3027 2911
f 2822 2909 2825
f 2292 2913 2910
f 2914 2435 2522
f 2916 2912 2911
f 2909 2911 2918
f 2576 2395 2912
f 2794 2917 2395
f 2905 2913 2292
f 2355 2437 2914
f 2522 2329 2914
f 3027 2915 2329
f 2913 2915 2910
f 2329 2915 2914
f 2485 2916 2483
f 2396 2912 2916
f 2906 2917 2719
f 2918 2917 2825
f 2909 2918 2825
f 2912 2918 2911
f 2749 2831 2919
f 2919 2831 2839
f 2838 2920 2835
f 2847 2920 2844
f 2846 2922 2854
f 2635 2636 2930
f 2635 2922 2846
f 2852 2922 2921
f 2269 2923 2271
f 2877 2923 2145
f 2898 2924 2897
f 2924 2749 2919
f 2849 2925 2676
f 3012 3007 2221
f 2543 2970 2928
f 2852 2921 2926
f 2966 2222 2967
f 2967 2965 2966
f 2543 2928 2302
f 2852 2928 2927
f 2926 2929 2302
f 2921 2922 2930
f 2548 2929 2930
f 2921 2930 2929
f 2863 2931 2106
f 2110 2862 2932
f 2111 2931 2932
f 2932 2931 2110
f 2259 2933 2105
f 2127 2933 2126
f 2167 2934 844
f 2147 2123 2935
f 2935 2123 2941
f 2186 2188 2936
f 2934 2935 2936
f 2935 2941 2938
f 2942 2941 2123
f 2775 2939 2706
f 2935 2938 2936
f 2938 2937 2939
f 2148 2939 2775
f 2943 2937 2942
f 2186 2940 2780
f 2939 2940 2938
f 2942 2123 2640
f 2938 2941 2937
f 2639 2705 2943
f 2941 2942 2937
f 2937 2943 2939
f 2943 2942 2639
f 2955 2956 2946
f 2974 2944 2972
f 2270 2945 2275
f 2947 2945 2944
f 3028 2955 2880
f 2944 2945 2946
f 2947 2944 2957
f 2954 2947 2122
f 2963 2964 2810
f 2956 2944 2946
f 2956 2962 2972
f 2970 2969 2968
f 2122 2952 2481
f 2950 2959 2953
f 2952 2386 2481
f 2953 2951 2950
f 2950 2951 2952
f 2952 2951 2386
f 2959 2950 2949
f 2953 2222 2987
f 2479 2954 2122
f 2945 2954 2274
f 2881 3028 2880
f 2955 2948 2956
f 2962 2963 2960
f 2956 2948 2962
f 2960 2972 2962
f 2958 2949 2950
f 2958 2952 2122
f 2949 2958 2957
f 2959 2949 2965
f 2953 2959 2967
f 3023 3019 3022
f 2961 2965 2973
f 2949 2957 2974
f 2981 2977 2983
f 2963 2962 2948
f 2960 2971 2972
f 2964 2963 2948
f 2963 2810 3022
f 3028 2948 2955
f 2964 2121 2812
f 2965 2975 2973
f 2965 2961 2966
f 2968 2966 2961
f 2969 2460 2987
f 2953 2967 2222
f 2965 2967 2959
f 2981 2961 2979
f 2970 2968 2927
f 2968 2969 2966
f 2546 2969 2543
f 2928 2970 2927
f 2969 2970 2543
f 2982 3013 3015
f 2965 2949 2975
f 2974 2972 2971
f 2944 2956 2972
f 2973 2975 2978
f 2806 3013 2982
f 2974 2971 2975
f 2944 2974 2957
f 2974 2975 2949
f 2978 2975 2971
f 2978 2971 3021
f 3018 3019 2807
f 2961 2973 2979
f 2973 2980 2979
f 3021 2971 2960
f 2980 2978 2976
f 2973 2978 2980
f 2981 2979 2977
f 2982 2980 2976
f 2977 2979 2980
f 2977 3014 2983
f 2968 2981 2927
f 3019 2982 2976
f 3010 3012 3013
f 2221 2851 2984
f 2983 2984 2927
f 2927 2984 2852
f 2221 2984 2983
f 2985 2986 3029
f 3030 2347 3031
f 2252 2986 2251
f 2346 2986 2985
f 2987 2222 2969
f 2540 2987 2301
f 2988 2990 2991
f 2789 2988 2718
f 2992 2290 2655
f 2990 2989 2509
f 2516 2990 2509
f 2991 2990 2515
f 2515 2793 2991
f 2792 2991 2793
f 2992 2655 2529
f 2992 2352 2993
f 2423 2993 2352
f 2509 2993 2517
f 2995 2994 2579
f 2582 2994 2581
f 3004 2995 2579
f 2581 2995 2798
f 2874 2996 2561
f 2717 2996 2646
f 2997 2998 2999
f 2997 3003 3001
f 2796 2998 2721
f 2999 2998 2720
f 2812 2999 2720
f 3028 3000 2121
f 3002 2875 2876
f 3000 3002 3003
f 3001 2787 2868
f 3001 2798 3004
f 3003 3002 2787
f 2875 3002 3000
f 3001 3003 2787
f 2999 3003 2997
f 2797 3004 2579
f 3001 3004 2721
f 3017 3009 3011
f 3016 3006 3008
f 3007 2925 2848
f 3006 3005 3008
f 3005 3006 3007
f 3007 3006 2925
f 3009 3008 3005
f 3017 2666 2895
f 3010 3009 3005
f 3011 3009 2808
f 3007 3012 3005
f 2808 3010 2806
f 2805 3011 2808
f 3011 2666 3017
f 3014 2221 2983
f 2977 2980 3015
f 3010 3013 2806
f 3012 3014 3015
f 3014 2977 3015
f 2221 3014 3012
f 2982 3015 2980
f 3015 3013 3012
f 2900 3016 2892
f 2901 3006 3016
f 2892 3017 2896
f 3017 3008 3009
f 2806 2982 3019
f 3020 3018 2807
f 2976 3021 3019
f 3021 2960 3022
f 2809 3020 2807
f 3020 2667 2805
f 2978 3021 2976
f 2960 2963 3022
f 2810 2811 3023
f 3019 3021 3022
f 3019 3023 2807
f 2810 3023 3022
f 2762 3024 2760
f 2737 3024 2856
f 3025 2271 2923
f 2880 3025 2881
f 2536 3026 2454
f 2888 3026 2630
f 2911 3027 2483
f 2915 3027 2907
f 3028 2875 3000
f 3028 2964 2948
f 3029 2252 2096
f 2293 2559 3030
f 2347 3030 2216
f 2985 3029 3030
f 2346 3031 2286
f 3030 3031 2985
f 2786 3032 2871
f 3032 2471 2707
f 3414 3526 3529
f 3143 3144 3258
f 3531 921 920
f 3160 3196 3395
f 3195 3241 3127
f 3526 920 919
f 3533 3605 3604
f 3091 3126 3145
f 3151 3084 3271
f 875 3201 876
f 909 3368 3369
f 912 911 3489
f 927 926 3573
f 3135 3202 3203
f 3629 914 913
f 3611 3605 3606
f 3630 912 3489
f 3165 3190 3276
f 3213 3088 3194
f 3533 3604 3688
f 3410 3908 3317
f 3176 247 3192
f 3077 3175 3148
f 3394 3295 3393
f 3392 930 3393
f 3196 3177 3150
f 3224 871 870
f 3187 3206 3220
f 3894 3394 3900
f 3163 3176 3149
f 3911 3907 3905
f 3217 3155 3180
f 3120 3158 3141
f 3617 3616 921
f 3668 3621 3746
f 3169 3143 3191
f 3145 3116 3903
f 3452 3574 3666
f 3596 3413 3595
f 3176 3163 248
f 3175 3127 3241
f 922 3616 3619
f 3370 3294 3363
f 3228 3405 3227
f 3042 3043 3041
f 3198 3215 3132
f 3040 3041 3093
f 3123 3125 3337
f 3093 3041 3043
f 3093 3166 3040
f 3043 3094 3093
f 3075 3076 3250
f 3136 3305 3157
f 3196 3214 3226
f 3095 3045 3096
f 3044 3045 3095
f 3044 3095 3094
f 3046 3096 3045
f 3097 3046 3047
f 3166 3284 3141
f 3139 3236 3283
f 3044 3094 3043
f 3169 3168 3143
f 3141 3039 3166
f 3101 3349 3350
f 244 285 3257
f 3036 3037 3157
f 3156 3182 3183
f 3336 3104 3105
f 3349 3101 3102
f 3033 3184 907
f 907 3184 3294
f 3183 3035 3185
f 3231 3119 3238
f 3166 3094 3284
f 3096 3285 3284
f 3097 3096 3046
f 3098 3351 3285
f 3342 3445 3446
f 3340 3343 3338
f 3097 3285 3096
f 3157 3037 3158
f 3141 3158 3038
f 3039 3141 3038
f 3091 3145 3092
f 3363 3365 3370
f 3285 3120 3284
f 3080 3147 3174
f 3128 3174 3147
f 4006 4007 4000
f 248 247 3176
f 3304 3590 3519
f 3163 3139 3162
f 3035 3183 3034
f 3182 3156 3184
f 252 3283 3115
f 3168 246 245
f 3183 3182 3034
f 3208 935 934
f 78 3197 79
f 3275 3152 3274
f 3142 3124 3257
f 244 3257 3144
f 3216 3180 3227
f 876 3201 3309
f 935 3167 284
f 244 3144 245
f 3198 3179 3215
f 3498 3313 3233
f 3186 874 873
f 3169 3149 3176
f 3115 3254 252
f 3116 3164 3140
f 3170 3126 255
f 3129 3170 254
f 254 253 3129
f 3284 3094 3095
f 3093 3094 3166
f 3164 869 3140
f 3116 3170 3129
f 257 256 76
f 256 255 3126
f 256 3126 76
f 3146 3307 3195
f 3208 934 3207
f 76 75 257
f 77 76 3091
f 3263 3259 3124
f 3091 3092 77
f 84 83 3193
f 249 3162 250
f 3902 3128 3089
f 3205 3206 3187
f 3183 3159 3202
f 870 871 869
f 3237 3236 3139
f 3276 3140 3082
f 3082 869 871
f 872 3083 3082
f 3164 3116 3129
f 3082 871 872
f 3236 870 3240
f 3083 873 3084
f 3131 3222 3189
f 872 871 3177
f 3084 873 874
f 875 3086 874
f 874 3085 3084
f 3219 874 3186
f 3087 875 876
f 3217 3398 3155
f 873 3083 872
f 3225 3209 3224
f 3083 3084 3151
f 3092 3197 78
f 3272 3270 3271
f 3190 3116 3140
f 3092 78 77
f 3193 83 3154
f 3179 79 3197
f 79 3179 80
f 3271 3084 3085
f 80 3178 81
f 3040 3166 3039
f 3086 3087 3153
f 3087 3086 875
f 3088 3087 876
f 3088 861 3194
f 3149 3169 3210
f 3178 3152 3275
f 3193 3172 84
f 3564 3427 3553
f 3128 3171 3127
f 3198 3132 3356
f 3085 874 3086
f 907 3294 908
f 3235 3142 3208
f 3140 869 3082
f 876 877 3088
f 3250 3251 3119
f 3097 3047 3098
f 3179 3178 80
f 3048 3049 3098
f 3174 3128 3130
f 3142 3235 3354
f 3190 3903 3116
f 3051 3052 3101
f 3050 3051 3100
f 3191 3262 3265
f 3049 3050 3099
f 3481 3484 3475
f 3304 3398 3590
f 3054 3055 3104
f 3053 3054 3103
f 3296 3299 3137
f 82 3154 83
f 3057 3058 3107
f 3056 3057 3106
f 3276 3082 3083
f 3055 3056 3105
f 3274 3270 3273
f 3052 3053 3102
f 3100 3051 3101
f 3050 3100 3099
f 3348 3349 3125
f 3282 3279 3113
f 3053 3103 3102
f 3052 3102 3101
f 3157 3159 3185
f 3125 3103 3104
f 3098 3049 3099
f 3103 3125 3349
f 3056 3106 3105
f 3105 3104 3055
f 3335 3108 3334
f 3338 4059 4058
f 3057 3107 3106
f 3058 3108 3107
f 3341 3110 3333
f 3341 3109 3110
f 3103 3054 3104
f 3333 3118 3334
f 3109 3108 3059
f 3335 3107 3108
f 3108 3058 3059
f 3048 3098 3047
f 3060 3110 3109
f 3189 3210 3131
f 3110 3061 3111
f 3061 3110 3060
f 3111 3061 3062
f 982 3444 3112
f 3145 3126 3170
f 3112 3444 3111
f 3062 984 983
f 3902 3171 3128
f 3154 3211 3193
f 3062 983 3112
f 982 981 3444
f 982 3112 983
f 3149 3189 3163
f 3333 3444 3249
f 3037 3038 3158
f 3062 3112 3111
f 3116 3145 3170
f 981 980 3249
f 3254 3129 253
f 3173 3213 3194
f 3441 979 978
f 977 3447 978
f 3209 3222 3269
f 284 3167 3257
f 3545 972 971
f 973 3631 974
f 3237 3225 3236
f 3345 3331 3447
f 250 3162 3283
f 3566 3443 3565
f 3290 3184 3291
f 3545 971 3541
f 3106 3335 3336
f 3449 3070 3567
f 3491 3489 911
f 971 970 3541
f 3278 3136 3158
f 3324 3730 3734
f 3168 3144 3143
f 3034 3182 3033
f 3163 3162 249
f 3059 3060 3109
f 3181 3398 3200
f 967 966 3624
f 3216 3229 3231
f 860 877 3180
f 860 3231 861
f 860 861 877
f 3229 3230 3347
f 3077 3148 3251
f 3168 3169 3192
f 3171 3195 3127
f 3185 3035 3036
f 3407 3073 3403
f 3072 3401 3071
f 3163 249 248
f 3120 3278 3158
f 3403 3230 3404
f 3403 3073 3074
f 3258 3144 3124
f 3153 3087 3213
f 3201 875 3219
f 3069 3070 3449
f 3277 3276 3151
f 86 85 3089
f 85 84 3172
f 3902 85 3172
f 86 3089 3090
f 3149 3210 3189
f 87 86 3090
f 3081 88 87
f 3136 3157 3158
f 87 3090 3081
f 3273 3272 3153
f 3078 3079 3130
f 3130 3079 3174
f 82 81 3275
f 3182 3184 3033
f 3081 3090 3147
f 3128 3090 3089
f 3305 3202 3159
f 3207 934 933
f 3254 3164 3129
f 3130 3175 3077
f 3077 3078 3130
f 3167 3142 3257
f 3661 3662 3255
f 861 3088 877
f 3703 3751 3537
f 3280 3113 3279
f 932 3205 933
f 251 3283 252
f 3790 3795 3695
f 3758 961 3627
f 76 3126 3091
f 962 3625 963
f 3180 3216 860
f 3100 3350 3099
f 3451 3569 3449
f 3636 957 956
f 4073 3455 3460
f 3170 255 254
f 3425 3424 3548
f 956 955 3548
f 247 246 3192
f 3549 3636 3548
f 3456 3135 3454
f 3798 3802 3792
f 3329 3064 3328
f 3064 3065 3426
f 954 3425 955
f 3130 3127 3175
f 3123 3348 3125
f 3563 3330 3564
f 3728 3675 3511
f 3081 3147 3080
f 3128 3127 3130
f 3809 3789 3322
f 3214 3186 873
f 3207 933 3205
f 3557 3425 3558
f 3557 3436 3326
f 3090 3128 3147
f 3132 3151 3355
f 951 3063 3246
f 951 3246 952
f 3204 3183 3202
f 3556 3560 3246
f 3164 3115 3240
f 3178 3179 3152
f 3144 3168 245
f 3622 966 965
f 966 3622 3624
f 3173 3194 3242
f 3212 3307 3308
f 3099 3350 3351
f 3080 3174 3079
f 3902 3146 3171
f 3156 3204 3288
f 3366 3361 3287
f 3157 3185 3036
f 3183 3185 3159
f 3177 3226 872
f 3201 3219 3232
f 3206 932 931
f 3316 3235 3208
f 929 3393 930
f 3392 3295 3188
f 3222 3131 3269
f 3163 3189 3237
f 3276 3190 3140
f 3190 3165 3903
f 3259 3264 3262
f 3262 3191 3143
f 3168 3192 246
f 3176 3192 3169
f 3154 3357 3211
f 3172 3193 3308
f 861 3238 3242
f 3213 3173 3212
f 3146 3195 3171
f 3242 3194 861
f 3196 3150 3396
f 3214 3160 3186
f 3903 3092 3145
f 3215 3197 3903
f 3132 3355 3356
f 3152 3179 3198
f 3216 3227 3199
f 3312 3250 3347
f 877 3218 3180
f 3218 3309 3200
f 875 874 3219
f 3200 3201 3181
f 3159 3157 3305
f 3204 3202 3135
f 3203 3305 3282
f 3455 3454 3203
f 3289 3292 3293
f 3183 3204 3156
f 3206 3205 932
f 3207 3205 3187
f 3392 931 930
f 3187 3220 3161
f 3221 3187 3161
f 3167 3208 3142
f 935 3208 3167
f 3221 3207 3187
f 3150 3177 3223
f 3224 3223 3177
f 3169 3191 3210
f 3131 3210 3191
f 3212 3211 3133
f 3193 3211 3308
f 3306 3212 3133
f 3307 3212 3173
f 3213 3212 3306
f 3087 3088 3213
f 872 3214 873
f 3160 3214 3196
f 3215 3165 3277
f 3179 3197 3215
f 3227 3180 3155
f 3229 3216 3199
f 3218 3217 3180
f 3217 3200 3398
f 876 3218 877
f 3217 3218 3200
f 3186 3160 3219
f 3201 3232 3181
f 3206 3188 3220
f 3908 3188 3904
f 3161 3239 3221
f 3207 3221 3316
f 3269 3131 3268
f 3225 3222 3209
f 3224 3177 871
f 3269 3223 3209
f 3225 3224 870
f 3223 3224 3209
f 3225 870 3236
f 3225 3189 3222
f 3196 3226 3177
f 3214 872 3226
f 3155 3304 3400
f 3227 3155 3228
f 3520 3402 3406
f 3405 3406 3408
f 3229 3199 3230
f 3231 3229 3119
f 3230 3199 3404
f 3230 3403 3312
f 3119 3148 3238
f 3216 3231 860
f 3160 3313 3219
f 3313 3314 3233
f 3399 3498 3499
f 3313 3498 3232
f 3410 3411 3239
f 3411 3413 3234
f 3318 3319 3239
f 3597 3599 3234
f 3240 870 869
f 3283 3236 3115
f 3163 3237 3139
f 3189 3225 3237
f 3175 3241 3148
f 861 3231 3238
f 3410 3239 3161
f 3239 3234 3318
f 3164 3240 869
f 3115 3236 3240
f 3242 3195 3173
f 3241 3238 3148
f 3238 3241 3242
f 3242 3241 3195
f 3705 3702 3626
f 920 3526 3531
f 3422 3541 3544
f 3700 3701 3624
f 3437 3327 3426
f 3639 3766 3546
f 3426 3428 3064
f 3556 3246 3329
f 3915 3138 3907
f 3246 3063 3329
f 976 3442 977
f 3248 3345 3447
f 980 979 3446
f 3249 3118 3333
f 3251 3250 3076
f 3119 3229 3347
f 3077 3251 3076
f 3119 3251 3148
f 3336 3337 3125
f 3106 3336 3105
f 4061 4058 4059
f 3100 3101 3350
f 252 3254 253
f 3164 3254 3115
f 3514 3510 3515
f 3572 3330 3563
f 3693 3671 923
f 3763 3639 3720
f 285 284 3257
f 3124 3144 3257
f 3124 3259 3258
f 3143 3258 3262
f 3263 3124 3354
f 3259 3122 3264
f 3235 3319 3318
f 3263 3602 3259
f 3397 3302 3300
f 3265 3267 3268
f 3259 3262 3258
f 3262 3261 3265
f 3354 3124 3142
f 3263 3260 3602
f 3601 3681 3122
f 3262 3264 3261
f 3265 3261 3267
f 3191 3265 3268
f 3267 3300 3266
f 3137 3314 3296
f 3300 3298 3299
f 3268 3267 3266
f 3268 3266 3269
f 3268 3131 3191
f 3297 3269 3266
f 3269 3150 3223
f 3085 3086 3272
f 3152 3356 3274
f 3272 3271 3085
f 3271 3270 3355
f 3086 3153 3272
f 3153 3306 3273
f 3133 3211 3357
f 3270 3272 3273
f 3357 3273 3133
f 3154 82 3275
f 3178 3275 81
f 3275 3274 3357
f 3083 3151 3276
f 3151 3132 3277
f 3215 3277 3132
f 3165 3276 3277
f 3279 3278 3120
f 3282 3278 3279
f 3358 3120 3285
f 3279 3358 3280
f 3281 3121 3350
f 3281 3280 3121
f 4065 3348 3123
f 3280 3281 3458
f 3282 3113 3455
f 3136 3278 3282
f 250 3283 251
f 3139 3283 3162
f 3096 3284 3095
f 3141 3284 3120
f 3098 3285 3097
f 3358 3285 3121
f 3291 3184 3156
f 3376 3372 3379
f 3292 3287 3288
f 3289 3456 3462
f 3293 3204 3135
f 3288 3287 3290
f 3135 3203 3454
f 4059 3448 3117
f 3287 3361 3290
f 3370 908 3294
f 3156 3288 3291
f 3290 3291 3288
f 3293 3292 3288
f 3289 3465 3467
f 3204 3293 3288
f 3293 3135 3456
f 3184 3290 3294
f 3290 3361 3363
f 928 3394 929
f 3893 3452 3891
f 3297 3150 3269
f 3296 3297 3299
f 3300 3299 3266
f 3297 3296 3396
f 3300 3267 3397
f 3302 3501 3298
f 3266 3299 3297
f 3299 3298 3504
f 3261 3397 3267
f 3397 3261 3681
f 3596 3597 3413
f 3300 3302 3298
f 3303 3506 3301
f 3501 3506 3507
f 3598 3602 3599
f 3505 3500 3509
f 3399 3519 3590
f 3400 3134 3520
f 3282 3305 3136
f 3202 3305 3203
f 3273 3306 3133
f 3213 3306 3153
f 3195 3307 3173
f 3308 3307 3146
f 3308 3146 3172
f 3211 3212 3308
f 3200 3309 3201
f 3218 876 3309
f 3310 3402 3591
f 3352 3662 3661
f 3405 3199 3227
f 3406 3405 3228
f 3074 3075 3312
f 3250 3312 3075
f 3219 3313 3232
f 3314 3313 3160
f 3314 3160 3395
f 3137 3233 3314
f 3499 3137 3503
f 3505 3508 3510
f 3207 3316 3208
f 3319 3316 3221
f 3161 3220 3908
f 3411 3234 3239
f 3599 3318 3234
f 3354 3318 3260
f 3316 3319 3235
f 3221 3239 3319
f 3530 3603 3527
f 3821 3669 3782
f 3320 3610 3742
f 3244 3581 3739
f 960 3627 961
f 3626 3808 3703
f 3491 3369 3492
f 3836 3737 3882
f 3375 3382 3372
f 3478 3482 3486
f 3542 3632 3633
f 3244 3387 3581
f 3429 3432 3245
f 3628 3759 3707
f 3437 3065 3552
f 3432 3433 3431
f 3328 3428 3429
f 3559 3555 3556
f 3064 3329 3063
f 3328 3559 3556
f 3067 3068 3561
f 4028 4047 4037
f 3448 3343 3344
f 3118 3445 3342
f 975 3565 976
f 3443 3332 3442
f 3334 3118 3340
f 3111 3333 3110
f 3334 3252 3335
f 3341 3108 3109
f 3335 3252 3336
f 3106 3107 3335
f 3336 3252 3337
f 3336 3125 3104
f 3339 3337 3252
f 3339 4058 3337
f 3340 3339 3252
f 3342 3343 3340
f 3252 3334 3340
f 3339 3338 4058
f 3342 3340 3118
f 3338 3339 3340
f 3333 3334 3341
f 3108 3341 3334
f 3445 3118 3249
f 3331 3345 3344
f 3342 3344 3343
f 3117 3448 3346
f 3331 3344 3342
f 3344 3248 3346
f 3447 3331 3441
f 3248 3344 3345
f 3485 3346 3248
f 3390 3391 3469
f 3312 3347 3230
f 3119 3347 3250
f 4065 3123 4064
f 3349 3348 3253
f 3253 3350 3349
f 3349 3102 3103
f 3281 3350 3253
f 3350 3121 3351
f 3285 3351 3121
f 3098 3099 3351
f 3401 3450 3567
f 3664 3571 3723
f 3574 3452 3573
f 3877 3878 3890
f 3318 3354 3235
f 3263 3354 3260
f 3271 3355 3151
f 3355 3270 3356
f 3274 3356 3270
f 3198 3356 3152
f 3275 3357 3154
f 3273 3357 3274
f 3280 3358 3121
f 3120 3358 3279
f 3374 3376 3381
f 3380 3383 3379
f 3113 3460 3455
f 4062 4066 4060
f 3462 3465 3289
f 3363 3361 3286
f 3494 3674 3735
f 3367 3361 3366
f 3365 3363 3286
f 3290 3363 3294
f 3467 3292 3289
f 3367 3286 3361
f 3381 3365 3286
f 3368 3365 3359
f 3292 3467 3287
f 3366 3364 3367
f 3463 3371 3364
f 3367 3364 3371
f 3369 3368 3359
f 3373 909 908
f 3376 3383 3359
f 909 3369 910
f 3365 3368 3370
f 3368 909 3373
f 3378 3382 3386
f 3375 3372 3374
f 3286 3367 3374
f 3377 3374 3367
f 908 3370 3373
f 3368 3373 3370
f 3377 3367 3371
f 3376 3374 3372
f 3388 3371 3389
f 3493 3382 3385
f 3372 3493 3379
f 3359 3365 3381
f 3371 3375 3377
f 3374 3377 3375
f 3388 3386 3382
f 3588 3587 3495
f 3379 3580 3490
f 3359 3383 3492
f 3379 3323 3580
f 910 3491 911
f 3374 3381 3286
f 3359 3381 3376
f 3388 3375 3371
f 3385 3382 3378
f 3379 3383 3376
f 3380 3491 3492
f 3384 3388 3389
f 3387 3587 3386
f 3378 3587 3588
f 3323 3379 3493
f 3388 3382 3375
f 3387 3386 3384
f 3583 3585 3582
f 3387 3244 3495
f 3389 3371 3362
f 3386 3388 3384
f 3362 3391 3389
f 3586 3582 3584
f 3469 3362 3466
f 3575 3576 3585
f 3466 3470 3469
f 3585 3576 3673
f 3188 3206 3392
f 931 3392 3206
f 3394 3393 929
f 3392 3393 3295
f 927 3573 3893
f 3353 3890 3880
f 3396 3395 3196
f 3314 3395 3296
f 3297 3396 3150
f 3395 3396 3296
f 3681 3261 3264
f 3302 3397 3301
f 3181 3498 3590
f 3398 3304 3155
f 3499 3233 3137
f 3502 3517 3399
f 3155 3400 3228
f 3519 3518 3304
f 3407 3072 3073
f 3450 3568 3662
f 3516 3512 3593
f 3401 3407 3408
f 3403 3074 3312
f 3407 3403 3311
f 3405 3404 3199
f 3403 3404 3311
f 3228 3520 3406
f 3405 3311 3404
f 3310 3409 3402
f 3409 3401 3408
f 3408 3407 3311
f 3401 3072 3407
f 3405 3408 3311
f 3408 3406 3409
f 3402 3409 3406
f 3401 3409 3310
f 3410 3161 3908
f 3410 3317 3411
f 3413 3411 3523
f 3600 3970 3303
f 3522 3523 3524
f 3596 3595 3412
f 3523 3411 3317
f 3947 3967 3971
f 3526 3530 3529
f 3528 3532 3613
f 3620 3689 3690
f 3827 3691 3786
f 3975 3976 3784
f 3353 3666 3670
f 3623 3535 3622
f 3735 3325 3738
f 3790 3418 3808
f 3694 3535 3623
f 3627 3628 3538
f 958 957 3635
f 3323 3385 3497
f 3688 3750 3533
f 3714 3634 3713
f 3324 3472 3577
f 3541 3632 3544
f 3674 3494 3673
f 3435 3245 3432
f 3706 3538 3628
f 3424 3550 3551
f 3638 3549 3637
f 953 3560 3558
f 3550 3425 3326
f 3552 3065 3066
f 3428 3426 3327
f 3647 3066 3067
f 3438 3439 3652
f 3429 3428 3327
f 3064 3428 3328
f 3433 3554 3431
f 3429 3245 3559
f 4023 3987 4022
f 3436 3435 3434
f 3429 3433 3432
f 3640 3551 3326
f 3433 3429 3327
f 3435 3432 3721
f 3438 3327 3437
f 3438 3433 3327
f 3431 3554 3648
f 3637 3551 3719
f 3721 3432 3431
f 3434 3640 3436
f 3557 3555 3653
f 3435 3436 3653
f 3065 3437 3426
f 3437 3427 3438
f 3427 3439 3438
f 3648 3554 3430
f 3552 3553 3427
f 3554 3652 4029
f 3569 3068 3069
f 3449 3660 3451
f 3447 3441 978
f 3331 3342 3446
f 3442 976 3565
f 3447 3442 3332
f 3566 975 974
f 3468 3479 3472
f 3249 3444 981
f 3111 3444 3333
f 980 3445 3249
f 3446 979 3441
f 3331 3446 3441
f 980 3446 3445
f 3442 3447 977
f 3447 3332 3487
f 3343 3448 3338
f 3344 3346 3448
f 3070 3071 3567
f 3352 3660 3449
f 3310 3568 3401
f 3352 3449 3450
f 3660 3661 3570
f 3561 3451 3440
f 3574 926 925
f 3353 3880 3891
f 923 3619 3693
f 3782 3745 3821
f 3203 3282 3455
f 3456 3454 3360
f 3280 3458 3113
f 3360 3454 3455
f 3117 3346 3481
f 3456 3289 3293
f 4065 3281 3253
f 4064 4067 4061
f 4065 3458 3281
f 3458 3457 3460
f 3477 3481 3480
f 3467 3466 3364
f 3458 3460 3113
f 3460 3457 4073
f 3456 4072 3462
f 3470 3466 3464
f 4072 3456 3360
f 3461 3473 3465
f 3364 3366 3467
f 3362 3371 3463
f 4117 3471 3473
f 3362 3463 3466
f 3461 3465 3462
f 3464 3466 3467
f 3364 3466 3463
f 3470 3471 3474
f 3287 3467 3366
f 3464 3467 3465
f 3459 3476 3474
f 3469 3472 3390
f 3362 3469 3391
f 3472 3469 3468
f 3471 3470 3464
f 3469 3470 3468
f 3464 3465 3473
f 3471 3459 3474
f 3474 3468 3470
f 3575 3472 3324
f 4117 3473 3461
f 3464 3473 3471
f 3475 3476 3480
f 3479 3476 3482
f 3485 3487 3483
f 3468 3474 3479
f 3459 3477 3480
f 3475 3482 3476
f 4066 4117 4063
f 4069 4068 4073
f 3486 3475 3484
f 3472 3478 3577
f 3476 3479 3474
f 3472 3479 3478
f 3459 3480 3476
f 4062 3481 3477
f 3248 3487 3485
f 3475 3480 3481
f 3486 3482 3475
f 3479 3482 3478
f 3443 3579 3332
f 3566 3540 3654
f 3485 3481 3346
f 3484 3483 3486
f 3483 3484 3485
f 3485 3484 3481
f 3483 3487 3579
f 3722 3657 3659
f 3447 3487 3248
f 3487 3332 3579
f 3323 3862 3580
f 3630 3709 3539
f 3380 3490 3489
f 3539 3709 3420
f 3379 3490 3380
f 3490 3488 3710
f 3369 3491 910
f 3489 3491 3380
f 3359 3492 3369
f 3380 3492 3383
f 3382 3493 3372
f 3323 3493 3385
f 3673 3582 3585
f 3673 3576 3734
f 3867 3850 3859
f 3588 3497 3385
f 3836 3840 3244
f 3496 3850 3860
f 3588 3385 3378
f 3886 3496 3860
f 3232 3498 3181
f 3499 3498 3233
f 3504 3501 3500
f 3499 3503 3505
f 3500 3501 3507
f 3502 3499 3505
f 3506 3501 3302
f 3500 3503 3504
f 3517 3315 3516
f 3399 3499 3502
f 3503 3137 3504
f 3505 3503 3500
f 3299 3504 3137
f 3501 3504 3298
f 3500 3507 3509
f 3502 3505 3315
f 3301 3506 3302
f 3507 3506 3303
f 3303 3114 3507
f 3509 3114 3508
f 3513 3679 3675
f 3315 3505 3510
f 3114 3509 3507
f 3505 3509 3508
f 3510 3508 3679
f 3514 3315 3510
f 3679 3513 3510
f 3247 4109 4046
f 3725 3680 3594
f 3514 3512 3516
f 3968 3679 3508
f 3727 3511 3726
f 3515 3510 3513
f 3512 3594 3593
f 3513 3675 3728
f 3512 3514 3515
f 3400 3518 3134
f 3315 3514 3516
f 3315 3517 3502
f 3134 3518 3516
f 3304 3518 3400
f 3516 3518 3517
f 3399 3517 3519
f 3518 3519 3517
f 3400 3520 3228
f 3592 3520 3134
f 3591 3402 3592
f 3593 3594 3680
f 3906 3920 3919
f 3917 3138 3915
f 3524 3523 3317
f 3523 3522 3595
f 3905 3317 3904
f 3522 3524 3138
f 3301 3601 3600
f 3597 3234 3413
f 3529 3530 3527
f 3532 3531 3526
f 3603 918 917
f 3529 3608 3414
f 3613 3612 3615
f 3613 3615 3618
f 3530 3526 919
f 3605 3609 3527
f 919 918 3530
f 3603 3530 918
f 3532 3526 3414
f 3528 3616 3617
f 3614 3613 3684
f 3528 3531 3532
f 3689 916 915
f 3603 3605 3527
f 3616 922 921
f 3747 3746 3621
f 965 964 3752
f 3698 3624 3535
f 3699 3852 3700
f 3778 3760 3711
f 3758 3705 3626
f 3697 3537 3751
f 3628 960 959
f 3706 3705 3538
f 3629 3630 3539
f 3692 3415 3606
f 3761 3634 3714
f 3655 3579 3443
f 3632 970 969
f 3422 3543 3545
f 3633 969 968
f 3542 3633 3760
f 3779 3775 3776
f 3713 3421 3654
f 3632 3541 970
f 3778 3777 3776
f 3422 3545 3541
f 3545 3543 3761
f 3715 3639 3546
f 3419 3756 3754
f 3638 3639 3715
f 3707 3708 3546
f 3425 3548 955
f 3549 3548 3424
f 3637 3549 3424
f 3635 3549 3547
f 3550 3326 3551
f 3424 3425 3550
f 3640 3326 3436
f 3643 3644 3642
f 3552 3066 3647
f 3437 3552 3427
f 3647 3561 3562
f 3563 3553 3562
f 3652 3433 3438
f 3433 3652 3554
f 3246 3560 952
f 3435 3653 3245
f 3328 3556 3329
f 3556 3555 3560
f 3326 3425 3557
f 3558 3425 954
f 953 3558 954
f 3555 3557 3558
f 3429 3559 3328
f 3559 3245 3653
f 3558 3560 3555
f 952 3560 953
f 3561 3068 3569
f 3562 3561 3440
f 3563 3562 3440
f 3562 3553 3647
f 3664 3723 3663
f 3330 3439 3564
f 3427 3564 3439
f 3553 3563 3564
f 3566 3565 975
f 3442 3565 3443
f 3631 3566 974
f 3540 3713 3654
f 3401 3567 3071
f 3449 3567 3450
f 3662 3521 3680
f 3450 3401 3568
f 3449 3569 3069
f 3561 3569 3451
f 3665 3571 3664
f 3440 3451 3663
f 3724 3664 3570
f 3726 3511 4101
f 3723 3563 3440
f 4103 4040 3571
f 3574 3573 926
f 3893 3573 3452
f 3671 3729 924
f 3452 3666 3353
f 3576 3575 3324
f 3390 3472 3575
f 3578 3730 3324
f 3582 3494 3581
f 3486 3722 3478
f 3486 3656 3657
f 3730 3731 3672
f 3324 3577 3578
f 3655 3443 3566
f 3483 3579 3656
f 3323 3886 3862
f 3490 3580 3488
f 3583 3586 3384
f 3740 3494 3735
f 3387 3584 3581
f 3389 3583 3384
f 3389 3391 3583
f 3390 3583 3391
f 3586 3387 3384
f 3582 3581 3584
f 3583 3390 3585
f 3575 3585 3390
f 3582 3586 3583
f 3387 3586 3584
f 3386 3587 3378
f 3387 3495 3587
f 3847 3588 3495
f 3497 3588 3496
f 3969 3971 3967
f 3589 3678 3675
f 3181 3590 3398
f 3399 3590 3498
f 3402 3520 3592
f 3662 3591 3521
f 3516 3592 3134
f 3521 3591 3592
f 3521 3592 3593
f 3516 3593 3592
f 3727 3512 3515
f 4101 3725 3726
f 3523 3595 3413
f 3948 3595 3522
f 3969 3596 3412
f 3596 3525 3597
f 3598 3597 3525
f 3260 3318 3599
f 3600 3598 3525
f 3601 3598 3600
f 3597 3598 3599
f 3602 3598 3122
f 3970 3525 3969
f 3301 3600 3303
f 3301 3397 3681
f 3122 3598 3601
f 3602 3122 3259
f 3260 3599 3602
f 3604 3603 917
f 3603 3604 3605
f 917 916 3604
f 3688 3604 916
f 3533 3606 3605
f 3607 3610 3608
f 3533 3750 3692
f 3606 3415 3611
f 3605 3611 3609
f 3607 3609 3611
f 3527 3608 3529
f 3607 3742 3610
f 3607 3608 3609
f 3527 3609 3608
f 3610 3320 3614
f 3414 3608 3610
f 4077 3683 4085
f 3607 3611 3741
f 3997 3995 3952
f 3686 3615 3685
f 3414 3684 3532
f 3610 3684 3414
f 3955 3614 3320
f 3613 3614 3612
f 3685 3615 3612
f 3619 3618 3534
f 3618 3616 3528
f 3616 3618 3619
f 921 3531 3617
f 3528 3617 3531
f 3613 3618 3528
f 3534 3618 3615
f 3693 3534 3621
f 923 922 3619
f 3690 915 914
f 3539 3748 3690
f 3747 3686 3687
f 3453 3667 3668
f 3623 3622 965
f 3624 3622 3535
f 963 3697 3752
f 3417 3535 3694
f 3698 3535 3417
f 3701 3700 3536
f 3704 3625 962
f 3697 3625 3537
f 3751 3703 3418
f 3537 3625 3704
f 3628 3627 960
f 3758 3627 3538
f 958 3708 3759
f 3706 3419 3705
f 3630 3629 913
f 3690 3629 3539
f 912 3630 913
f 3489 3490 3710
f 3714 3631 973
f 3566 3631 3540
f 3633 3632 969
f 3544 3632 3542
f 3701 3753 3624
f 3633 3701 3712
f 3540 3631 3714
f 3733 3672 3731
f 3635 957 3636
f 3708 3635 3547
f 3548 3636 956
f 3635 3636 3549
f 3551 3637 3424
f 3638 3637 3423
f 3423 3720 3638
f 3547 3549 3638
f 3643 3551 3640
f 3645 3720 3719
f 3718 3650 3649
f 3646 3643 3640
f 4035 3985 3964
f 4121 3810 3716
f 3773 3772 3812
f 3645 3719 3643
f 3646 3640 3434
f 3643 3642 3645
f 3431 3648 3650
f 3717 3641 3767
f 3763 3764 3762
f 3638 3720 3639
f 3650 3646 3434
f 3643 3646 3644
f 3647 3067 3561
f 3552 3647 3553
f 3651 3648 3430
f 3434 3435 3721
f 4036 3985 4035
f 4025 3717 3718
f 3650 3648 3651
f 3646 3650 3644
f 3430 4037 3651
f 3650 3651 3649
f 3330 4038 3439
f 4047 4042 4046
f 3557 3653 3436
f 3559 3653 3555
f 3658 3421 3731
f 3566 3654 3655
f 3421 3658 3654
f 3483 3656 3486
f 3579 3655 3656
f 3657 3656 3655
f 3657 3655 3654
f 3658 3659 3657
f 3659 3658 3578
f 3654 3658 3657
f 3578 3577 3659
f 3577 3478 3722
f 3661 3660 3352
f 3663 3660 3570
f 3450 3662 3352
f 3724 3661 3255
f 3568 3310 3662
f 3662 3310 3591
f 3660 3663 3451
f 3664 3663 3570
f 3570 3661 3724
f 3571 3572 3723
f 3725 3255 3680
f 4104 4105 4096
f 3574 3667 3666
f 3666 3667 3670
f 925 3729 3574
f 3453 3782 3670
f 3667 3574 3729
f 923 3671 924
f 3783 3745 3782
f 3821 3888 3669
f 3453 3670 3667
f 3670 3669 3877
f 3621 3668 3671
f 3671 3668 3729
f 3578 3658 3731
f 3761 3774 3634
f 3673 3734 3674
f 3494 3582 3673
f 3672 3733 3818
f 3735 3674 3325
f 3966 3949 3676
f 4097 3678 4098
f 3948 3916 3938
f 3676 4098 3966
f 3947 3966 3967
f 4096 3676 3945
f 3967 3678 3589
f 3678 3677 4098
f 3968 3508 3114
f 3675 3679 3589
f 3662 3680 3255
f 3593 3680 3521
f 3122 3681 3264
f 3301 3681 3601
f 3415 3896 3887
f 3803 3807 3798
f 3781 3611 3415
f 4009 3243 4000
f 3614 3684 3610
f 3532 3684 3613
f 3612 3614 3955
f 3686 3685 3416
f 3686 3416 3819
f 3534 3615 3686
f 3784 3745 3687
f 3687 3783 3746
f 3689 3688 916
f 3688 3620 3750
f 3690 3689 915
f 3688 3689 3620
f 3629 3690 914
f 3748 3539 3420
f 3824 3748 3786
f 3749 3827 3786
f 3533 3692 3606
f 3691 3827 3896
f 3534 3693 3619
f 3671 3693 3621
f 3697 3695 3696
f 3696 3694 3623
f 3757 3790 3808
f 3696 3793 3694
f 3623 3752 3696
f 3795 3793 3695
f 3697 3696 3752
f 3625 3697 963
f 3699 3698 3417
f 3712 3536 3851
f 3871 3805 3699
f 3807 3834 3321
f 3624 3698 3700
f 3699 3700 3698
f 968 3753 3633
f 967 3753 968
f 3789 3419 3754
f 3809 3757 3808
f 3704 3703 3537
f 3808 3626 3702
f 961 3704 962
f 3703 3704 3626
f 3702 3705 3419
f 3758 3626 3704
f 3628 3707 3706
f 3770 3756 3707
f 959 3759 3628
f 3770 3707 3546
f 3635 3708 958
f 3708 3547 3715
f 3630 3710 3709
f 3710 3862 3709
f 3710 3630 3489
f 3862 3710 3488
f 3852 3853 3863
f 3778 3776 3422
f 3536 3712 3701
f 3760 3712 3711
f 3714 3713 3540
f 3731 3713 3634
f 973 972 3714
f 3761 3714 972
f 3708 3715 3546
f 3638 3715 3547
f 3822 3875 3874
f 4050 4032 4049
f 3642 3644 3717
f 3718 3717 3644
f 3650 3718 3644
f 4026 4025 3649
f 3637 3719 3423
f 3643 3719 3551
f 3719 3720 3423
f 3645 3764 3763
f 3431 3650 3721
f 3434 3721 3650
f 3657 3722 3486
f 3577 3722 3659
f 3563 3723 3572
f 3663 3723 3440
f 3725 3724 3255
f 3664 3724 3665
f 3726 3725 3594
f 3724 3725 3665
f 3594 3512 3727
f 4105 4101 4097
f 3515 3513 3728
f 3594 3727 3726
f 3511 3727 3728
f 3515 3728 3727
f 3729 925 924
f 3667 3729 3668
f 3731 3730 3578
f 3730 3672 3734
f 3713 3731 3421
f 3634 3774 3733
f 3774 3543 3775
f 3775 3779 3732
f 3634 3733 3731
f 3732 3779 3818
f 3734 3576 3324
f 3818 3734 3672
f 3777 3872 3817
f 3740 3739 3581
f 3872 3816 3736
f 3806 3871 3417
f 3737 3740 3738
f 3736 3837 3780
f 3777 3325 3776
f 3738 3872 3780
f 3740 3581 3494
f 3837 3882 3780
f 3738 3740 3735
f 3739 3740 3737
f 3611 3781 4085
f 3683 4118 3742
f 3607 3741 3742
f 3683 3742 3741
f 3826 3749 3825
f 4074 3743 4075
f 3685 3953 3416
f 3815 3716 3810
f 3784 3687 3819
f 3820 3785 3821
f 3668 3746 3453
f 3747 3621 3534
f 3686 3747 3534
f 3687 3746 3747
f 3749 3748 3420
f 3748 3749 3786
f 3860 3787 3861
f 3825 3749 3420
f 3750 3620 3824
f 3692 3750 3691
f 3790 3751 3418
f 3695 3697 3751
f 965 3752 3623
f 963 3752 964
f 3624 3753 967
f 3633 3753 3701
f 3706 3756 3419
f 4053 4122 4051
f 3766 3639 3763
f 4120 4124 3769
f 3707 3756 3706
f 3756 3755 4124
f 3794 3799 3791
f 3751 3790 3695
f 3705 3758 3538
f 3704 961 3758
f 958 3759 959
f 3707 3759 3708
f 3712 3760 3633
f 3711 3873 3778
f 3545 3761 972
f 3761 3543 3774
f 3642 3767 3764
f 3768 3763 3762
f 3645 3763 3720
f 3765 3768 3810
f 3645 3642 3764
f 3642 3717 3767
f 4121 3769 3765
f 3769 3770 3766
f 3768 3766 3763
f 3769 3766 3765
f 3767 3641 3773
f 3764 3767 3812
f 3810 3768 3762
f 3766 3768 3765
f 3810 4121 3765
f 3770 3769 3755
f 3770 3755 3756
f 3546 3766 3770
f 3979 3924 3926
f 3933 4030 3982
f 3641 3987 3986
f 3814 4051 3815
f 3986 3773 3641
f 3812 3772 3811
f 3775 3543 3422
f 3733 3774 3732
f 3776 3775 3422
f 3732 3774 3775
f 3778 3422 3544
f 3776 3325 3779
f 3873 3816 3872
f 3738 3325 3817
f 3544 3542 3778
f 3760 3778 3542
f 3325 3674 3779
f 3818 3779 3674
f 3837 3839 3841
f 3737 3738 3780
f 3870 3781 3415
f 3743 4077 4085
f 3670 3782 3669
f 3783 3782 3453
f 3746 3783 3453
f 3687 3745 3783
f 3416 3953 3975
f 3820 3784 3976
f 3874 3785 3744
f 3875 3888 3874
f 3750 3786 3691
f 3690 3824 3620
f 3495 3244 3840
f 3868 3869 3866
f 3826 3788 3827
f 3870 3887 3869
f 3419 3789 3702
f 3789 3754 4123
f 3794 3790 3757
f 3795 3794 3797
f 3794 3800 3799
f 4081 4090 4091
f 3797 3798 3792
f 3417 3694 3793
f 3695 3793 3696
f 3792 3802 3806
f 3799 3800 3796
f 3797 3794 3791
f 3794 3795 3790
f 3793 3795 3792
f 4114 4123 4052
f 3830 3801 3803
f 3798 3797 3791
f 3795 3797 3792
f 3798 3791 3828
f 3798 3321 3802
f 3800 3794 3757
f 3799 3796 3804
f 3809 3800 3757
f 4113 3800 3322
f 3830 3828 3804
f 3833 3841 3839
f 3802 3321 3805
f 3793 3806 3417
f 3799 3804 3828
f 3798 3807 3321
f 3804 3796 3881
f 3828 3830 3803
f 3883 3843 3805
f 3736 3842 3839
f 3792 3806 3793
f 3871 3802 3805
f 3801 3858 3803
f 3843 3883 3895
f 3703 3808 3418
f 3809 3808 3702
f 3789 3809 3702
f 3800 3809 3322
f 3811 3762 3812
f 3810 3762 3811
f 3772 3813 3811
f 3814 3815 3813
f 3764 3812 3762
f 3773 3812 3767
f 3965 3813 3772
f 3771 4033 3813
f 3982 4030 4031
f 3830 3804 3831
f 3810 3811 3815
f 3813 3815 3811
f 3848 3816 3851
f 3863 3842 3848
f 3325 3777 3817
f 3777 3873 3872
f 3818 3674 3734
f 3732 3818 3733
f 3686 3819 3687
f 3975 3819 3416
f 3785 3820 3744
f 3745 3784 3820
f 3820 3821 3745
f 3821 3785 3888
f 3933 3980 3989
f 3927 3925 3924
f 3923 3879 3922
f 3670 3877 3353
f 3748 3824 3690
f 3750 3824 3786
f 3825 3420 3861
f 3825 3787 3826
f 3739 3836 3244
f 3826 3866 3869
f 3826 3827 3749
f 3788 3887 3896
f 3798 3828 3803
f 3799 3828 3791
f 4114 4111 4113
f 3994 4008 3951
f 3804 3881 3831
f 3830 3831 4080
f 3829 3832 3831
f 3243 4009 4081
f 4116 3999 3829
f 3832 3243 4092
f 3682 4074 4075
f 3859 3850 3838
f 3858 3801 4088
f 4089 4086 4087
f 3857 4119 3855
f 3495 3840 3847
f 3737 3836 3739
f 3840 3836 3844
f 3837 3736 3839
f 3882 3835 3836
f 3833 3854 3841
f 3847 3850 3496
f 3842 3736 3816
f 3883 3805 3321
f 3844 3836 3835
f 3840 3838 3847
f 3855 3834 3857
f 3837 3841 3835
f 3848 3842 3816
f 3853 3805 3843
f 3833 3839 3843
f 3842 3843 3839
f 3885 3849 3884
f 3838 3840 3844
f 3838 3844 3846
f 3885 3841 3854
f 3885 3844 3835
f 3846 3864 3859
f 3850 3847 3838
f 3847 3496 3588
f 3816 3873 3851
f 3852 3848 3536
f 3854 3833 3855
f 3884 3845 3864
f 3838 3846 3859
f 3850 3787 3860
f 3712 3851 3711
f 3536 3848 3851
f 3700 3852 3536
f 3853 3852 3699
f 3805 3853 3699
f 3863 3843 3842
f 3833 3895 3855
f 3854 3849 3885
f 3858 3856 3857
f 3849 3854 3855
f 4079 4086 4088
f 3857 3856 4119
f 3857 3834 3858
f 3856 4089 4119
f 3834 3807 3858
f 3803 3858 3807
f 3846 3884 3864
f 3866 3826 3867
f 3787 3825 3861
f 3886 3497 3496
f 3420 3709 3862
f 3886 3861 3862
f 3580 3862 3488
f 3862 3861 3420
f 3852 3863 3848
f 3843 3863 3853
f 3868 3864 4095
f 3867 3826 3787
f 4087 4086 3682
f 3865 3870 3869
f 3859 3864 3866
f 3868 3866 3864
f 3850 3867 3787
f 3859 3866 3867
f 4095 3864 3845
f 3869 3868 3865
f 3870 3865 4094
f 3826 3869 3788
f 3781 3870 3743
f 3887 3870 3415
f 3417 3871 3699
f 3802 3871 3806
f 3780 3872 3736
f 3817 3872 3738
f 3778 3873 3777
f 3851 3873 3711
f 3874 3744 3991
f 3822 3926 3875
f 3823 3888 3256
f 3875 3256 3888
f 3914 3915 3919
f 3897 3188 3295
f 3669 3823 3877
f 3878 3877 3823
f 3879 3878 3823
f 3878 3876 3880
f 3823 3256 3879
f 3256 3922 3879
f 3880 3876 3899
f 3353 3891 3452
f 3796 4113 4112
f 3831 3881 3829
f 3780 3882 3737
f 3835 3882 3837
f 3321 3834 3883
f 3895 3883 3834
f 3885 3884 3846
f 4119 3884 3849
f 3844 3885 3846
f 3835 3841 3885
f 3497 3886 3323
f 3860 3861 3886
f 3896 3415 3692
f 3869 3887 3788
f 3888 3823 3669
f 3874 3888 3785
f 3898 3901 3892
f 3905 3907 3138
f 3877 3890 3353
f 3878 3880 3890
f 3892 3891 3880
f 3394 928 3900
f 3899 3892 3880
f 3899 3898 3892
f 3893 3891 3894
f 927 3893 3900
f 3891 3892 3894
f 3394 3894 3892
f 3855 3895 3834
f 3843 3895 3833
f 3691 3896 3692
f 3788 3896 3827
f 3295 3394 3901
f 3188 3909 3904
f 3889 3897 3898
f 3897 3295 3901
f 3920 3912 3910
f 3899 3889 3898
f 927 3900 928
f 3894 3900 3893
f 3892 3901 3394
f 3897 3901 3898
f 85 3902 3089
f 3146 3902 3172
f 3215 3903 3165
f 3092 3903 3197
f 3188 3897 3909
f 3524 3905 3138
f 3317 3905 3524
f 3909 3912 3911
f 3910 3889 3899
f 3921 3918 3920
f 3911 3905 3904
f 3920 3906 3912
f 3188 3908 3220
f 3908 3904 3317
f 3897 3889 3909
f 3912 3889 3910
f 3899 3876 3910
f 3930 3922 3927
f 3907 3911 3906
f 3904 3909 3911
f 3911 3912 3906
f 3909 3889 3912
f 3926 3925 3256
f 3936 3937 3914
f 3929 3936 3914
f 3522 3138 3917
f 3919 3907 3906
f 3914 3916 3917
f 3914 3919 3929
f 3916 3937 3938
f 3914 3917 3915
f 3522 3917 3916
f 3921 3910 3876
f 3929 3919 3918
f 3919 3915 3907
f 3929 3918 3928
f 3921 3920 3910
f 3919 3920 3918
f 3876 3878 3923
f 3923 3921 3876
f 3925 3922 3256
f 3918 3930 3928
f 3879 3923 3878
f 3921 3923 3922
f 3979 3939 3980
f 3942 3957 3931
f 3256 3875 3926
f 3924 3959 3927
f 3950 3926 3822
f 3924 3925 3926
f 3928 3927 3913
f 3922 3925 3927
f 3928 3913 3929
f 3930 3918 3921
f 3929 3913 3932
f 3942 3936 3932
f 3922 3930 3921
f 3927 3928 3930
f 3958 3940 3957
f 3945 3946 3944
f 3913 3959 3958
f 3957 3942 3932
f 3990 3973 3989
f 3965 3771 3813
f 4016 4015 3965
f 4026 3988 4021
f 3676 3938 3943
f 3935 3938 3937
f 3932 3936 3929
f 3937 3936 3935
f 3935 3943 3938
f 3914 3937 3916
f 3949 3966 3947
f 3916 3948 3522
f 3991 3990 3822
f 3989 3980 3939
f 3958 3932 3913
f 4018 3985 4036
f 3965 3772 3986
f 3963 4017 3962
f 3942 3931 3946
f 3936 3942 3935
f 3946 3935 3942
f 4109 4110 4024
f 4100 4048 4039
f 3676 3943 3945
f 3946 3945 3943
f 3945 3944 4106
f 3946 3943 3935
f 3946 3931 4110
f 3677 3678 3967
f 3972 3948 3949
f 3949 3948 3938
f 3948 3972 3595
f 3676 3949 3938
f 3947 3971 3972
f 3990 3950 3822
f 3979 3950 3939
f 3784 3819 3975
f 4003 3999 3998
f 3977 3978 3954
f 3243 3999 4000
f 3978 3685 3612
f 4010 3953 3977
f 4077 4093 3683
f 3977 3952 4010
f 3320 4118 4084
f 3955 3954 3978
f 3963 3956 3981
f 3983 3960 3958
f 3958 3957 3932
f 4036 3957 3940
f 3913 3927 3959
f 4018 3960 3934
f 3961 3959 3924
f 3962 3983 3961
f 3940 3958 3960
f 3983 3958 3959
f 3979 3961 3924
f 3962 3961 3956
f 3963 3962 3956
f 3983 3934 3960
f 3956 3980 3981
f 3963 3941 3984
f 3962 4017 3934
f 3988 4037 3964
f 3772 3773 3986
f 3963 3981 4016
f 4098 3676 4096
f 3967 3966 3677
f 3589 3968 3967
f 3968 3969 3967
f 3679 3968 3589
f 3968 3114 3969
f 3970 3114 3303
f 3596 3969 3525
f 3525 3970 3600
f 3114 3970 3969
f 3969 3412 3971
f 3972 3971 3412
f 3972 3412 3595
f 3947 3972 3949
f 3939 3950 3990
f 4002 4012 3951
f 3992 3994 3951
f 3991 3994 3992
f 4010 3975 3953
f 3976 3975 3974
f 3993 3976 3974
f 3976 3744 3820
f 3978 3977 3953
f 4004 3954 4001
f 3685 3978 3953
f 3978 3612 3955
f 3979 3926 3950
f 3961 3979 3956
f 3980 3933 3981
f 3979 3980 3956
f 3982 3981 3933
f 4016 3941 3963
f 4034 4030 3973
f 3965 4015 3771
f 3961 3983 3959
f 3934 3983 3962
f 4022 4021 4020
f 4020 3985 4019
f 4019 3934 4017
f 4057 3964 4027
f 3641 4025 3987
f 3965 3986 4023
f 3651 3988 4026
f 3964 3985 4020
f 3988 3651 4037
f 4021 3964 4020
f 3990 3989 3939
f 4030 3989 3973
f 3822 3874 3991
f 3973 3990 3992
f 3744 3976 3993
f 3973 3992 3951
f 3990 3991 3992
f 3994 3991 3993
f 3993 3974 3994
f 3744 3993 3991
f 3974 3995 3994
f 3995 3997 4008
f 4010 3995 3974
f 3952 4004 3997
f 3243 3832 3999
f 3951 4008 4002
f 3954 4004 3977
f 3997 3996 4002
f 4113 3796 3800
f 4013 4032 4044
f 3829 3999 3832
f 3999 4003 4000
f 3997 4004 4006
f 4076 4082 4093
f 3955 4084 3954
f 3996 4006 4000
f 4003 4013 4014
f 4012 4044 4034
f 3998 4013 4003
f 3996 4000 4003
f 3977 4004 3952
f 4004 4001 4006
f 4001 4084 4083
f 4090 4081 4005
f 4006 3996 3997
f 4007 4006 4001
f 4083 4007 4001
f 4007 4005 4009
f 3995 4008 3994
f 3997 4002 4008
f 4007 4009 4000
f 4081 4009 4005
f 3995 4010 3952
f 3975 4010 3974
f 3951 4012 4034
f 4031 3771 4015
f 4002 3996 4014
f 4014 4012 4002
f 4051 3814 4050
f 4031 4011 4044
f 4003 4014 3996
f 4012 4014 4013
f 4016 3965 3941
f 4031 4015 3982
f 3981 3982 4016
f 4015 4016 3982
f 3963 3984 4017
f 4017 3984 4019
f 3960 4018 3940
f 4019 4018 3934
f 4020 4019 3984
f 4018 4019 3985
f 4022 3984 3941
f 3964 4021 3988
f 4020 3984 4022
f 4026 4021 3987
f 4023 4022 3941
f 3987 4021 4022
f 3965 4023 3941
f 3987 4023 3986
f 4024 4046 4109
f 3931 3957 4036
f 3717 4025 3641
f 3649 4025 3718
f 4025 4026 3987
f 3651 4026 3649
f 3554 4029 3430
f 4042 3247 4046
f 4038 4028 4029
f 4041 4048 4043
f 4038 4029 3652
f 3430 4029 4028
f 4030 3933 3989
f 4031 4030 4011
f 4034 4044 4011
f 3813 4033 3814
f 4049 4032 4013
f 4032 4050 4033
f 3771 4031 4033
f 4032 4033 4031
f 4030 4034 4011
f 3951 4034 3973
f 4035 3964 4057
f 4036 4035 4024
f 4036 4024 4110
f 4036 3940 4018
f 4028 4037 3430
f 3964 4037 4027
f 3439 4038 3652
f 4040 4041 3330
f 3572 4040 3330
f 4102 4103 4099
f 3571 4040 3572
f 4041 4040 4039
f 4042 4043 4048
f 3330 4041 4038
f 4038 4043 4028
f 4048 4041 4039
f 4041 4043 4038
f 4047 4043 4042
f 4013 4044 4012
f 4031 4044 4032
f 4056 3998 4116
f 4045 4055 4053
f 4024 4035 4057
f 4047 4046 4027
f 4037 4047 4027
f 4043 4047 4028
f 4039 4102 4100
f 3247 4042 4048
f 4056 4055 4045
f 4050 4049 4045
f 4051 4050 4045
f 4050 3814 4033
f 4051 4045 4053
f 4051 3716 3815
f 4115 4053 4055
f 3789 4123 4114
f 4013 4056 4049
f 4123 4122 4052
f 4116 4054 4056
f 3881 4112 3829
f 4056 4045 4049
f 4055 4054 4115
f 3998 4056 4013
f 4054 4055 4056
f 4027 4046 4057
f 4057 4046 4024
f 4062 4060 4061
f 4067 3337 4058
f 3448 4059 3338
f 4061 4059 3117
f 3477 4117 4066
f 4067 4064 3123
f 4062 4061 3117
f 4061 4060 4070
f 3481 4062 3117
f 4066 4062 3477
f 3461 3462 4072
f 4073 4068 4071
f 4069 4070 4068
f 3458 4065 3457
f 3348 4065 3253
f 4065 4064 4069
f 4117 3477 3459
f 4068 4066 4063
f 3337 4067 3123
f 4061 4067 4058
f 4066 4068 4060
f 4071 4068 4063
f 4065 4069 3457
f 4070 4069 4064
f 4061 4070 4064
f 4060 4068 4070
f 4063 4117 4072
f 4073 4071 3360
f 3360 4071 4072
f 4072 4071 4063
f 4073 3360 3455
f 4073 3457 4069
f 4078 4074 3682
f 4077 4074 4093
f 3870 4075 3743
f 3682 4094 4087
f 3682 4091 4078
f 4090 4082 4076
f 4085 3683 3741
f 3743 4074 4077
f 4091 3682 4079
f 4093 4078 4076
f 4086 4079 3682
f 3830 4080 3801
f 3831 3832 4092
f 3801 4080 4079
f 4079 4080 4081
f 4092 4081 4080
f 4005 4007 4083
f 4082 4084 4118
f 4084 4001 3954
f 4005 4083 4082
f 3320 4084 3955
f 4083 4084 4082
f 3611 4085 3741
f 3743 4085 3781
f 4094 3682 4075
f 4088 4086 3856
f 4095 4087 4094
f 4086 4089 3856
f 3858 4088 3856
f 4079 4088 3801
f 4087 3845 4089
f 4119 4089 3845
f 4082 4090 4005
f 4091 4090 4076
f 4078 4091 4076
f 4079 4081 4091
f 4092 4080 3831
f 3243 4081 4092
f 4093 4074 4078
f 4118 4093 4082
f 3870 4094 4075
f 4095 4094 3865
f 3868 4095 3865
f 3845 4087 4095
f 3247 4048 4100
f 3675 4097 3511
f 4097 3675 3678
f 4104 4106 4107
f 3966 4098 3677
f 4096 4097 4098
f 4099 4100 4102
f 3725 4101 4108
f 4104 4100 4099
f 4104 4107 4100
f 4097 4101 3511
f 4099 4103 4108
f 4040 4102 4039
f 4102 4040 4103
f 3571 3665 4103
f 4108 4103 3665
f 4105 4104 4099
f 4106 4104 4096
f 4101 4105 4099
f 4096 4105 4097
f 3945 4106 4096
f 4107 3247 4100
f 4106 3944 4107
f 4109 4107 3944
f 3725 4108 3665
f 4099 4108 4101
f 4107 4109 3247
f 3944 3946 4110
f 4110 3931 4036
f 3944 4110 4109
f 4115 4111 4114
f 4054 4116 4112
f 3796 4112 3881
f 4112 4111 4115
f 4114 4113 3322
f 4113 4111 4112
f 4114 3322 3789
f 4115 4114 4052
f 4115 4052 4053
f 4112 4115 4054
f 3999 4116 3998
f 4112 4116 3829
f 3471 4117 3459
f 4072 4117 3461
f 3742 4118 3320
f 4093 4118 3683
f 3884 4119 3845
f 4119 3849 3855
f 4121 4122 4120
f 4120 4123 4124
f 4122 4121 3716
f 3769 4121 4120
f 4051 4122 3716
f 4052 4122 4053
f 4124 4123 3754
f 4123 4120 4122
f 3756 4124 3754
f 3769 4124 3755
f 4166 1960 4125
f 4347 4216 4196
f 1961 4166 4434
f 4279 4214 4192
f 4166 1961 1960
f 4434 4338 1962
f 1960 1959 4125
f 4430 4336 4645
f 4248 4218 4247
f 4246 4179 4180
f 4168 4127 4169
f 4126 4127 4168
f 4126 4167 4125
f 4167 4126 4168
f 4434 4483 4338
f 4125 4167 4166
f 4483 4168 4484
f 4250 879 4161
f 3077 4203 3078
f 4483 4482 4189
f 3074 4319 4341
f 1964 1963 4431
f 4385 4294 4389
f 1968 1967 4662
f 4186 4855 4856
f 4290 4210 4233
f 4622 4552 4621
f 4555 1973 4551
f 1970 1969 4574
f 4193 4244 4215
f 4163 4221 4201
f 4164 4219 4199
f 4338 1963 1962
f 4338 4435 4431
f 4413 4411 4190
f 4347 4175 4176
f 1965 1964 4433
f 4720 4573 4663
f 4474 4194 4471
f 4201 4203 4200
f 4211 4293 4318
f 4573 4662 4663
f 4128 4169 4127
f 895 4302 894
f 4132 4133 4174
f 4550 4822 4446
f 4214 4348 4155
f 4262 888 889
f 4130 4131 4172
f 4129 4130 4171
f 4132 4173 4131
f 4236 464 465
f 3081 4221 4163
f 4281 4218 4282
f 4138 4139 4180
f 4137 4138 4179
f 4465 4409 4296
f 4245 4345 4216
f 4135 4136 4177
f 4134 4135 4176
f 4137 4178 4136
f 4326 4370 4304
f 4353 4159 4158
f 4133 4134 4175
f 4131 4173 4172
f 4171 4130 4172
f 4347 4439 4216
f 4537 4479 4173
f 4169 4128 4170
f 4129 4171 4170
f 4171 4172 4481
f 4484 4481 4482
f 4194 4474 4477
f 4132 4174 4173
f 4178 4177 4136
f 4176 4135 4177
f 4280 4246 4181
f 4178 4179 4197
f 4175 4174 4133
f 4176 4175 4134
f 4197 4439 4178
f 4347 4537 4175
f 4346 4194 4477
f 4137 4179 4178
f 4138 4180 4179
f 4347 4176 4439
f 4139 4181 4180
f 4170 4128 4129
f 5058 4361 5057
f 1974 1973 4555
f 4564 3066 3065
f 4211 4236 4293
f 3080 3079 4253
f 4165 4219 4164
f 4558 4634 1981
f 5015 5042 4344
f 5024 5025 5027
f 4348 4224 4156
f 4849 4848 4845
f 4406 4405 4213
f 4624 1976 1975
f 5075 4683 4682
f 4217 4245 4197
f 4217 4246 4280
f 4498 4558 4691
f 4558 1981 1980
f 4624 4626 1976
f 4357 4256 4227
f 4226 4283 5288
f 4694 4635 4696
f 4303 4323 4286
f 4261 465 466
f 4842 4839 4512
f 4336 4427 4334
f 5059 4279 4192
f 4313 4276 4295
f 4428 4429 4426
f 1991 4335 951
f 4505 4426 4504
f 4345 4245 4195
f 4335 3063 951
f 4335 4336 3063
f 4316 4327 4325
f 1984 4630 4636
f 475 476 4249
f 4292 2017 2016
f 1984 1983 4630
f 4192 4249 4219
f 4564 4568 4502
f 4253 3079 4203
f 4215 4244 4288
f 4358 4362 4352
f 4623 1974 4689
f 505 506 4237
f 4186 4851 4850
f 4583 4316 4325
f 4417 4490 4491
f 4274 4212 4188
f 4246 4217 4197
f 3071 3070 4490
f 4417 4489 4487
f 4349 4205 4224
f 878 4255 895
f 4249 4192 4202
f 4322 4301 4316
f 4223 4297 4301
f 878 895 4161
f 4297 4223 4255
f 5289 879 4251
f 879 878 4161
f 4251 4250 4220
f 879 4250 4251
f 4161 895 4160
f 4200 4203 4254
f 4579 4375 4448
f 4355 4356 4358
f 3078 4203 3079
f 4287 4308 4261
f 4283 4440 4206
f 4221 4253 4201
f 3080 4221 3081
f 4406 4239 4405
f 4229 4287 4261
f 4340 4191 4342
f 4270 2012 4271
f 90 4163 4162
f 4200 4251 4360
f 4201 4162 4163
f 90 4162 91
f 4962 4450 5200
f 88 3081 89
f 90 89 4163
f 4379 2039 2038
f 4358 4356 4227
f 89 3081 4163
f 4284 4200 4360
f 4349 4351 4205
f 4284 4162 4201
f 4269 892 893
f 4626 1977 1976
f 4439 4245 4216
f 4198 4217 4280
f 4357 4227 4356
f 4183 4142 4184
f 4211 4188 4237
f 4182 4140 4141
f 893 894 4305
f 4183 4141 4142
f 4182 4141 4183
f 4142 4143 4184
f 4938 4187 4899
f 4144 4145 4146
f 4192 4241 4202
f 4312 4311 4276
f 4144 4146 4185
f 4144 4185 4184
f 4185 4146 4147
f 4185 4147 4148
f 4148 4247 4185
f 3076 3075 4340
f 4144 4184 4143
f 4266 4265 4207
f 4184 4185 4247
f 4239 4406 4314
f 4182 4181 4140
f 4247 4148 4149
f 4184 4218 4281
f 463 4235 4237
f 4477 4479 4196
f 4248 4282 4218
f 4408 4409 4407
f 4193 4278 4277
f 4152 4239 4151
f 4165 4350 5059
f 4243 471 472
f 4433 4719 1965
f 4276 4153 4154
f 4172 4479 4481
f 4345 4194 4346
f 4385 4240 4311
f 4381 4397 4392
f 4475 4477 4474
f 4213 4405 4402
f 4184 4281 4183
f 4240 4276 4311
f 3077 3076 4343
f 4217 4195 4245
f 4531 4686 4617
f 4214 4241 4192
f 4306 4324 4273
f 4258 93 92
f 4807 4768 4770
f 4557 2032 2031
f 4208 4367 4368
f 1972 4551 1973
f 2016 2015 4291
f 4152 4153 4313
f 4706 2024 4671
f 4561 2028 2027
f 4639 2026 2025
f 4215 4288 4267
f 4257 4361 4362
f 4609 4612 4684
f 4248 4149 4150
f 4671 2024 2023
f 4298 4297 4255
f 4704 2028 4561
f 4576 2022 2021
f 4349 4224 4348
f 4262 4263 4230
f 4576 2021 4575
f 2018 4516 4519
f 4238 4274 4275
f 4277 4241 887
f 2021 2020 4575
f 4236 4235 464
f 4517 4378 4518
f 4292 2016 4291
f 4300 4285 4298
f 4251 4254 4222
f 4451 5198 5199
f 4270 5199 2013
f 3080 4253 4221
f 4201 4253 4203
f 4928 4961 4926
f 3077 4254 4203
f 4292 4517 4516
f 4264 888 4262
f 4732 4668 4670
f 4259 91 4252
f 4455 4462 4460
f 4255 4223 4303
f 2013 2012 4270
f 892 891 4157
f 4367 4289 4232
f 4159 894 893
f 4303 4302 4255
f 892 4158 893
f 4157 4158 892
f 891 4156 4157
f 4367 4231 4289
f 4155 890 889
f 4307 891 892
f 4494 5061 4324
f 887 889 888
f 887 4214 4155
f 4155 4156 890
f 887 4155 889
f 4157 4156 4224
f 4249 476 4199
f 890 4156 891
f 4444 4443 4365
f 887 4241 4214
f 4160 4159 4226
f 4159 4160 894
f 4158 4159 893
f 4354 4224 4355
f 4282 4409 4198
f 4162 4284 91
f 93 4257 94
f 4271 4274 4290
f 95 94 4256
f 4161 5288 4250
f 99 98 4165
f 98 97 4350
f 98 4350 4165
f 99 4165 4164
f 5288 4160 4226
f 4354 4157 4224
f 4257 93 4258
f 4357 95 4256
f 4244 4193 888
f 96 4225 97
f 97 4225 4350
f 4262 889 4263
f 888 4193 4277
f 895 894 4160
f 4237 4212 505
f 5057 4252 4360
f 4342 5289 4222
f 463 464 4235
f 4237 4235 4211
f 4220 4250 5288
f 4226 4440 4283
f 4236 4211 4235
f 4254 4251 4200
f 466 4260 4261
f 4265 4266 4288
f 4161 4160 5288
f 4199 4219 4249
f 468 4215 4267
f 4243 469 470
f 4282 4198 4281
f 4314 4296 4248
f 468 469 4215
f 475 4249 4202
f 4260 466 467
f 4360 4251 4220
f 4215 469 4243
f 4164 4199 100
f 100 477 478
f 4379 4294 4312
f 4193 4215 4243
f 471 4243 470
f 99 4164 100
f 101 100 478
f 4237 506 463
f 4181 4246 4180
f 100 4199 477
f 4268 890 891
f 4366 4241 4278
f 472 473 4278
f 4954 4926 4927
f 4584 4378 4450
f 476 477 4199
f 475 4202 4366
f 4373 5060 4363
f 4188 4212 4237
f 475 4366 474
f 4243 472 4278
f 4248 4247 4149
f 4247 4218 4184
f 505 4212 2011
f 4271 2011 4212
f 4222 4254 3077
f 4258 4259 4228
f 4139 4140 4181
f 4257 4256 94
f 4179 4246 4197
f 4361 4257 4228
f 4256 4257 4227
f 4259 4258 92
f 4257 4258 4228
f 91 4259 92
f 4259 4252 5057
f 4267 4260 467
f 4261 4260 4229
f 4229 4266 4287
f 4261 4236 465
f 4263 889 890
f 4264 4262 4230
f 4268 4263 890
f 4442 4231 4363
f 4265 4264 4230
f 888 4264 4244
f 4230 4442 4364
f 4207 4287 4266
f 4266 4229 4267
f 4288 4264 4265
f 4260 4267 4229
f 468 4267 467
f 4269 4289 4307
f 4263 4268 4231
f 894 4302 4305
f 4269 4232 4289
f 2012 2011 4271
f 5198 2014 5199
f 4271 4212 4274
f 4233 4270 4271
f 2015 5198 4291
f 4450 4378 4272
f 4287 4306 4273
f 4310 4188 4318
f 4275 4274 4188
f 4274 4238 4290
f 4310 4275 4188
f 4187 4894 4895
f 4311 4312 4294
f 4295 4276 4240
f 888 4277 887
f 4243 4278 4193
f 473 474 4366
f 4241 4277 4278
f 5059 4192 4219
f 4348 4279 4242
f 4181 4182 4280
f 4183 4280 4182
f 4198 4280 4281
f 4183 4281 4280
f 4248 4296 4282
f 4465 4296 4406
f 4283 4206 4361
f 5288 4283 5058
f 4200 4284 4201
f 91 4284 4252
f 4341 4437 4340
f 4319 4414 4315
f 4223 4301 4322
f 4269 4304 4232
f 4306 4287 4207
f 4273 4293 4308
f 4264 4288 4244
f 4266 4267 4288
f 4231 4268 4289
f 4268 891 4307
f 4290 4238 4897
f 4233 4271 4290
f 5198 2015 2014
f 4291 4272 4292
f 4272 4378 4292
f 4517 4292 4378
f 4308 4293 4236
f 4318 4273 4309
f 4459 4400 4458
f 4731 4665 1968
f 4295 4240 4463
f 4313 4239 4152
f 4150 4314 4248
f 4525 4402 4526
f 4298 4255 878
f 4301 4297 4315
f 4300 4298 878
f 4285 4297 4298
f 4299 4301 4315
f 4486 4327 4299
f 879 4300 878
f 4300 4191 4437
f 4315 4297 4285
f 4316 4301 4299
f 4222 5289 4251
f 4191 4300 5289
f 4255 4302 895
f 4305 4286 4304
f 4323 4223 4322
f 4302 4303 4286
f 893 4304 4269
f 4328 4286 4323
f 4286 4305 4302
f 893 4305 4304
f 4265 4230 4364
f 4310 4493 4187
f 4269 4307 892
f 4268 4307 4289
f 4261 4308 4236
f 4273 4308 4287
f 5061 4494 4419
f 4187 4275 4310
f 4318 4188 4211
f 4310 4309 4493
f 4312 4276 4154
f 4387 4389 4382
f 4154 2039 4312
f 4379 4312 2039
f 4276 4313 4153
f 4313 4295 4405
f 4150 4151 4314
f 4239 4314 4151
f 4285 4319 4315
f 4485 3074 3073
f 4416 4486 4415
f 4316 4204 4322
f 4263 4442 4230
f 4317 4372 4510
f 4273 4318 4293
f 4310 4318 4309
f 4300 4437 4285
f 4485 4320 4414
f 3072 4415 3073
f 4299 4315 4320
f 4826 4542 4492
f 4546 3068 4547
f 4374 4328 4323
f 4323 4303 4223
f 4330 4204 4581
f 4304 4286 4328
f 4207 4265 4364
f 4494 4324 4444
f 4327 4316 4299
f 4491 4539 4417
f 4323 4322 4330
f 4367 4232 4370
f 4486 4299 4320
f 4325 4327 4488
f 4374 4323 4330
f 4304 4328 4326
f 4512 4579 4580
f 4447 4368 4371
f 4204 4330 4322
f 4329 4371 4374
f 4392 4396 4380
f 4461 4400 4459
f 4883 4709 4777
f 4757 4558 4498
f 1987 4569 1988
f 4334 4651 4646
f 4504 1990 1989
f 4502 4649 4650
f 1991 1990 4429
f 4335 4427 4336
f 4568 4649 4502
f 3064 3063 4430
f 4470 4194 4345
f 4431 4433 1964
f 1961 4434 1962
f 4435 4338 4189
f 4402 4463 4404
f 4603 4531 4601
f 4341 4340 3075
f 4191 5289 4342
f 3074 4341 3075
f 4319 4285 4437
f 4343 4222 3077
f 3076 4340 4342
f 3076 4342 4343
f 4222 4343 4342
f 4983 5036 5008
f 4920 4884 4918
f 4466 4345 4195
f 4345 4466 4411
f 4196 4216 4346
f 4345 4346 4216
f 4347 4196 4537
f 4439 4176 4177
f 4155 4348 4156
f 4348 4214 4279
f 4348 4242 4349
f 4351 4349 4242
f 4225 4351 4350
f 4350 4351 5059
f 4351 4225 4359
f 5059 4351 4242
f 4353 4226 4159
f 4353 4158 4354
f 4158 4157 4354
f 4353 4352 4440
f 4355 4224 4205
f 4352 4353 4354
f 4355 4205 4356
f 4352 4354 4355
f 4205 4359 4356
f 4225 96 4441
f 4357 4356 4359
f 96 95 4357
f 4358 4227 4362
f 4355 4358 4352
f 4351 4359 4205
f 4359 4225 4441
f 5057 4360 4220
f 4284 4360 4252
f 4361 4228 5057
f 4362 4361 4206
f 4206 4440 4362
f 4227 4257 4362
f 4231 4367 4369
f 4364 4365 4443
f 4364 4363 4365
f 4207 4364 4443
f 4444 5060 4372
f 4494 4444 4317
f 4241 4366 4202
f 473 4366 4278
f 4367 4370 4368
f 4367 4208 4369
f 4371 4326 4374
f 4371 4368 4326
f 4369 4208 4372
f 4363 4231 4373
f 4304 4370 4232
f 4326 4368 4370
f 4371 4329 4376
f 4371 4376 4447
f 4510 4511 4445
f 4372 4317 4444
f 4231 4369 4373
f 5060 4369 4372
f 4328 4374 4326
f 4329 4374 4330
f 4583 4204 4316
f 4539 4543 4321
f 4446 4582 4513
f 4368 4377 4208
f 4448 4376 4579
f 4578 4445 4511
f 4673 4452 4515
f 4516 2018 2017
f 2037 4454 2038
f 4392 4380 4393
f 4294 4379 4382
f 4399 4400 4395
f 4382 4379 4383
f 4390 4384 4387
f 2038 4454 4379
f 4382 4381 4387
f 2035 4458 2036
f 4381 4382 4386
f 4390 4387 4391
f 4529 4599 4468
f 4294 4385 4311
f 4599 4404 4384
f 4382 4383 4386
f 4399 2036 4458
f 4393 4391 4392
f 4385 4387 4384
f 4600 4534 4468
f 4468 4534 4616
f 4382 4389 4294
f 4387 4385 4389
f 4391 4387 4381
f 4468 4597 4529
f 4391 4381 4392
f 4388 4390 4391
f 4386 4383 4398
f 4398 4397 4386
f 4533 4380 4613
f 4391 4393 4388
f 4455 4460 4523
f 4396 4588 4380
f 2036 4399 2037
f 4456 4396 4397
f 4396 4392 4397
f 4524 4588 4589
f 4386 4397 4381
f 4397 4395 4456
f 4383 4454 4401
f 4395 4397 4398
f 4395 4398 4399
f 4398 4383 4401
f 4459 2035 2034
f 4456 4400 4394
f 2037 4399 4401
f 4398 4401 4399
f 4240 4385 4404
f 4525 4213 4402
f 4535 4596 4412
f 4404 4526 4402
f 4384 4404 4385
f 4404 4403 4526
f 4313 4405 4239
f 4405 4295 4463
f 4465 4406 4213
f 4314 4406 4296
f 4408 4407 4410
f 4408 4195 4217
f 4198 4408 4217
f 4407 4595 4410
f 4198 4409 4408
f 4282 4296 4409
f 4410 4190 4411
f 4408 4410 4466
f 4527 4596 4528
f 4535 4470 4413
f 4865 4730 4729
f 4345 4411 4470
f 4525 4594 4595
f 4596 4535 4413
f 4485 4319 3074
f 4320 4315 4414
f 3071 4487 3072
f 4485 4415 4320
f 4415 3072 4487
f 4488 4416 4489
f 4538 3070 3069
f 4321 4488 4489
f 4566 4547 3067
f 4810 4811 4816
f 4514 4856 4445
f 4855 4186 4850
f 4554 4495 4551
f 4760 4764 4421
f 2030 2029 4703
f 5069 5099 5103
f 4876 1978 4690
f 4779 4714 4778
f 4764 4763 4769
f 4675 4733 4759
f 4658 4857 4810
f 4542 4418 4540
f 4636 1985 1984
f 4718 4569 4570
f 4571 1989 1988
f 4505 4661 4655
f 4335 1991 4429
f 4653 4428 4426
f 4334 4427 4428
f 4429 4428 4427
f 4429 4427 4335
f 4429 1990 4504
f 3063 4336 4430
f 4334 4646 4336
f 4338 4431 1963
f 4433 4431 4337
f 4189 4476 4480
f 4785 4858 4784
f 4337 4435 4480
f 4719 4722 4721
f 4166 4167 4434
f 4483 4167 4168
f 4435 4189 4480
f 4431 4435 4337
f 4611 4615 4608
f 4739 4740 4741
f 4340 4437 4191
f 4319 4437 4341
f 2019 2018 4519
f 4509 5085 4773
f 4178 4439 4177
f 4439 4197 4245
f 4353 4440 4226
f 4362 4440 4352
f 96 4357 4441
f 4359 4441 4357
f 4231 4442 4263
f 4364 4442 4363
f 4324 4306 4443
f 4443 4306 4207
f 4443 4444 4324
f 4444 4365 5060
f 4511 4372 4208
f 4377 4447 4448
f 4620 4544 4583
f 4492 4549 4830
f 4448 4447 4376
f 4368 4447 4377
f 4449 4448 4375
f 4448 4449 4578
f 4839 4847 4375
f 4514 4449 4851
f 4272 5198 5200
f 4584 4450 4234
f 4451 5200 5198
f 4961 5201 4210
f 4674 4209 4966
f 5093 5092 5090
f 5016 4975 5014
f 4520 5063 5062
f 4401 4454 2037
f 4379 4454 4383
f 4586 2033 2032
f 4587 4733 4681
f 4400 4456 4395
f 4589 4456 4394
f 4589 4394 4591
f 4614 4684 4734
f 4459 4458 2035
f 4399 4458 4400
f 4460 4459 2034
f 4400 4461 4394
f 2034 2033 4460
f 2033 4586 4523
f 4462 4459 4460
f 4462 4590 4591
f 4462 4455 4590
f 4459 4462 4461
f 4404 4463 4240
f 4405 4463 4402
f 4464 4530 4527
f 4413 4190 4528
f 4525 4465 4213
f 4409 4465 4407
f 4408 4466 4195
f 4411 4466 4410
f 4384 4390 4468
f 4412 4737 4687
f 4388 4600 4390
f 4600 4533 4534
f 4469 4783 4725
f 4473 4482 4481
f 4413 4470 4411
f 4471 4470 4469
f 4472 4782 4725
f 4194 4470 4471
f 4724 4472 4725
f 4536 4433 4337
f 4172 4173 4479
f 4475 4476 4473
f 4782 4471 4469
f 4475 4474 4472
f 4476 4475 4472
f 4475 4473 4477
f 4472 4478 4480
f 4476 4189 4482
f 4479 4477 4473
f 4477 4196 4346
f 4723 4478 4724
f 4536 4723 4722
f 4473 4481 4479
f 4173 4174 4537
f 4472 4480 4476
f 4478 4536 4480
f 4473 4476 4482
f 4170 4171 4481
f 4338 4483 4189
f 4484 4170 4481
f 4167 4483 4434
f 4484 4168 4169
f 4170 4484 4169
f 4482 4483 4484
f 4485 3073 4415
f 4319 4485 4414
f 4415 4486 4320
f 4327 4486 4416
f 4487 3071 4490
f 4415 4487 4416
f 4488 4321 4620
f 4327 4416 4488
f 4487 4489 4416
f 4321 4489 4417
f 4490 3070 4538
f 4487 4490 4417
f 4546 4548 3068
f 4417 4539 4321
f 4565 3066 4564
f 4818 4418 4825
f 5061 4309 4273
f 4899 4493 4419
f 4856 4494 4317
f 5061 4419 4493
f 4551 4621 4554
f 4942 4911 4420
f 4941 4939 4940
f 4805 4803 4498
f 4700 4637 4705
f 4587 4455 4523
f 4804 4629 4799
f 4635 4697 4696
f 4877 4801 4806
f 4718 4503 4569
f 4639 4643 2026
f 4701 4497 4627
f 4576 4732 2022
f 5158 4914 5176
f 3065 3064 4644
f 4547 4549 4492
f 4659 4569 1987
f 4505 4569 4661
f 4504 1989 4571
f 4429 4504 4426
f 4505 4571 4569
f 4717 4572 4661
f 4727 4506 4720
f 4688 4730 4436
f 4731 4728 4664
f 4552 4622 4739
f 5062 2019 4519
f 4666 4576 4508
f 4669 4509 4668
f 4774 4640 4772
f 4511 4510 4372
f 4856 4510 4445
f 4208 4377 4511
f 4377 4448 4578
f 4580 4376 4329
f 4835 4839 4842
f 4620 4543 4544
f 4446 4842 4582
f 4856 4514 4186
f 4445 4449 4514
f 4515 4584 4672
f 4518 4515 5019
f 4292 4516 2017
f 4519 4516 4453
f 4378 4584 4518
f 4453 4516 4517
f 5019 5017 5021
f 4517 4518 5021
f 4521 4519 4453
f 5062 4508 4575
f 5020 5022 5016
f 5062 5063 4508
f 4453 5021 5018
f 5062 4521 4520
f 4522 4586 4557
f 4522 4627 4587
f 2033 4523 4460
f 4587 4523 4522
f 4396 4456 4589
f 4610 4593 4684
f 4594 4525 4464
f 4465 4525 4407
f 4403 4599 4530
f 4525 4526 4464
f 4464 4526 4530
f 4618 4736 4738
f 4594 4528 4190
f 4527 4528 4464
f 4529 4597 4598
f 4529 4530 4599
f 4403 4530 4526
f 4530 4529 4598
f 4388 4393 4533
f 4532 4604 4601
f 4524 4612 4609
f 4604 4603 4601
f 4380 4533 4393
f 4533 4532 4534
f 4532 4601 4534
f 4616 4467 4597
f 4783 4535 4412
f 4470 4535 4469
f 4480 4536 4337
f 4536 4478 4723
f 4175 4537 4174
f 4196 4479 4537
f 4548 4538 3069
f 4490 4538 4491
f 4491 4540 4539
f 4513 4544 4550
f 4542 4548 4546
f 4545 4540 4418
f 4539 4545 4543
f 4817 4418 4818
f 4540 4491 4548
f 4547 3068 3067
f 4545 4539 4540
f 4544 4543 4541
f 4550 4544 4541
f 4544 4513 4583
f 4817 4818 4814
f 4543 4545 4541
f 4492 4542 4546
f 4540 4548 4542
f 3066 4565 4566
f 4492 4546 4547
f 4538 4548 4491
f 3068 4548 3069
f 4424 4888 4650
f 4816 4886 4424
f 4541 4817 4822
f 4513 4550 4446
f 4621 1972 1971
f 4945 4555 4495
f 4622 1971 1970
f 4743 4622 4574
f 4420 4943 4742
f 4945 4947 4553
f 4621 4551 1972
f 4552 4739 4741
f 4495 4555 4551
f 4555 4553 4689
f 4623 1975 1974
f 4745 4797 4796
f 4703 4771 2030
f 4557 4701 4627
f 4692 1980 1979
f 4634 4558 4757
f 1977 4744 4690
f 4745 5066 5070
f 4631 1982 4633
f 4660 4755 4717
f 2027 2026 4643
f 4638 4704 4768
f 4880 4761 4767
f 4421 4675 4760
f 4776 4563 4774
f 4500 4770 4709
f 3065 4644 4568
f 4565 4564 4502
f 4887 4565 4502
f 4565 4549 4566
f 4547 4566 4549
f 3066 4566 3067
f 4645 4336 4646
f 4567 4645 4646
f 3065 4568 4564
f 4567 4652 4649
f 4659 1987 1986
f 4569 4503 4661
f 4693 1985 4746
f 4751 4660 4747
f 4569 4571 1988
f 4504 4571 4505
f 4656 4657 4714
f 4653 4651 4334
f 4663 1967 1966
f 4573 4720 4728
f 4665 4574 1969
f 4574 4507 4743
f 5062 4575 2020
f 4576 4575 4508
f 4666 4508 4438
f 4670 4668 4509
f 4773 5085 5086
f 4639 2025 4642
f 4445 4578 4449
f 4377 4578 4511
f 4580 4579 4376
f 4839 4579 4512
f 4329 4581 4580
f 4583 4582 4581
f 4330 4581 4329
f 4581 4204 4583
f 4512 4580 4582
f 4581 4582 4580
f 4583 4325 4620
f 4583 4513 4582
f 4672 4584 4234
f 4518 4584 4515
f 4961 4928 4451
f 4585 4674 4673
f 4557 4586 2032
f 4523 4586 4522
f 4675 4681 4733
f 4590 4676 4679
f 4589 4588 4396
f 4609 4588 4524
f 4591 4461 4462
f 4524 4589 4592
f 4587 4676 4455
f 4591 4592 4589
f 4461 4591 4394
f 4592 4591 4590
f 4590 4679 4678
f 4457 4612 4592
f 4607 4602 4604
f 4607 4606 4593
f 4528 4594 4464
f 4595 4594 4190
f 4410 4595 4190
f 4407 4525 4595
f 4528 4596 4413
f 4737 4596 4527
f 4616 4597 4468
f 4598 4597 4467
f 4737 4598 4467
f 4530 4598 4527
f 4404 4599 4403
f 4468 4599 4384
f 4390 4600 4468
f 4533 4600 4388
f 4603 4604 4602
f 4617 4601 4531
f 4871 4874 4875
f 4740 4867 4901
f 4602 4608 4603
f 4531 4603 4615
f 4606 4604 4532
f 4604 4606 4607
f 4420 4740 4901
f 4790 4863 4789
f 4613 4532 4533
f 4588 4609 4613
f 4593 4610 4607
f 4874 4872 4610
f 4870 4869 4902
f 4605 4863 4608
f 4593 4606 4609
f 4613 4609 4606
f 4609 4684 4593
f 4872 4873 4602
f 4864 4789 4863
f 4790 4611 4863
f 4592 4612 4524
f 4734 4684 4457
f 4613 4606 4532
f 4588 4613 4380
f 4680 4734 4678
f 4610 4614 4793
f 4608 4615 4603
f 4685 4615 4611
f 4534 4617 4616
f 4685 4531 4615
f 4601 4617 4534
f 4619 4616 4686
f 4618 4685 4736
f 4467 4616 4619
f 4686 4616 4617
f 4619 4618 4738
f 4488 4620 4325
f 4543 4620 4321
f 4622 4621 1971
f 4554 4621 4552
f 4574 4622 1970
f 4507 4730 4688
f 4947 4945 4944
f 4623 4948 4624
f 4623 4624 1975
f 4626 4624 5067
f 5066 4745 4796
f 1977 4690 1978
f 5067 4624 4556
f 4626 4625 4744
f 4627 4497 4733
f 4522 4557 4627
f 4756 4635 4628
f 4630 4631 4694
f 4558 4692 4691
f 4876 4797 4798
f 4631 4630 1983
f 4560 4632 4636
f 1982 4631 1983
f 4631 4628 4635
f 4560 4696 4699
f 4693 4570 4659
f 1981 4633 1982
f 4628 4631 4633
f 4628 4633 4634
f 1981 4634 4633
f 4695 4756 4757
f 4756 4697 4635
f 4560 4636 4630
f 4636 4632 4746
f 2031 4702 4557
f 4702 4771 4637
f 4638 4703 4704
f 4705 4638 4562
f 4706 4642 2024
f 4641 4639 4563
f 4640 4706 4772
f 4563 4639 4640
f 4641 4563 4777
f 4710 4561 2027
f 2024 4642 2025
f 4640 4639 4642
f 4639 4641 4643
f 4643 4641 4710
f 4645 3064 4430
f 4568 4644 4567
f 4567 4644 4645
f 4645 4644 3064
f 4651 4653 4711
f 4567 4646 4652
f 4651 4711 4647
f 4654 4657 4658
f 4646 4654 4652
f 4647 4657 4654
f 4567 4649 4568
f 4650 4649 4648
f 4658 4650 4648
f 4886 4887 4888
f 4428 4653 4334
f 4654 4651 4647
f 4654 4646 4651
f 4649 4652 4648
f 4426 4655 4653
f 4655 4711 4653
f 4715 4713 4716
f 4652 4654 4648
f 4505 4655 4426
f 4711 4655 4572
f 4658 4656 4857
f 4658 4648 4654
f 4714 4713 4778
f 4657 4656 4658
f 4857 4779 4781
f 4650 4658 4424
f 4693 4659 1986
f 4569 4659 4570
f 4747 4570 4693
f 4560 4699 4632
f 4717 4661 4503
f 4655 4661 4572
f 4663 4662 1967
f 4731 4662 4573
f 4719 4663 1966
f 4720 4506 4728
f 4860 4664 4728
f 4507 4574 4665
f 1968 4665 1969
f 4507 4665 4664
f 4669 4438 4667
f 4668 4666 4669
f 5093 4667 4438
f 5169 5174 5088
f 4509 4773 4670
f 4576 4666 4668
f 4438 4669 4666
f 4667 5194 4669
f 4577 4671 4670
f 2023 4732 4671
f 4671 4577 4706
f 4732 2023 2022
f 4959 4672 4234
f 4673 4672 4585
f 4672 4673 4515
f 4585 4957 4674
f 4966 4209 4974
f 4673 4674 4976
f 4700 4759 4701
f 4592 4678 4457
f 4421 4682 4675
f 4590 4455 4676
f 4681 4675 4682
f 4681 4682 4677
f 4590 4678 4592
f 4678 4677 4680
f 4681 4676 4587
f 4678 4679 4677
f 4793 4735 4900
f 4734 4735 4614
f 4677 4679 4681
f 4681 4679 4676
f 4680 4677 4683
f 4677 4682 4683
f 5075 4421 5073
f 4421 5075 4682
f 4457 4684 4612
f 4610 4684 4614
f 4736 4685 4339
f 4686 4685 4618
f 4619 4686 4618
f 4531 4685 4686
f 4339 4792 4862
f 4412 4596 4737
f 4795 4901 4867
f 4554 4741 4495
f 4555 4689 1974
f 4553 4623 4689
f 4690 4744 4796
f 4692 4798 4629
f 4692 4558 1980
f 4805 4629 4804
f 4797 4559 4799
f 4691 4692 4629
f 1985 4693 1986
f 4752 4693 4754
f 4630 4694 4560
f 4631 4635 4694
f 4802 4695 4803
f 4697 4877 4696
f 5035 4699 4499
f 4694 4696 4560
f 4801 4802 4758
f 4697 4695 4801
f 4749 4996 4750
f 4660 4718 4747
f 4499 4699 4696
f 4699 4698 4754
f 4767 4765 4562
f 4759 4760 4675
f 4702 4701 4557
f 4700 4701 4637
f 2030 4702 2031
f 4701 4702 4637
f 4704 4703 2029
f 4771 4703 4638
f 2028 4704 2029
f 4561 4709 4770
f 4700 4705 4562
f 4771 4705 4637
f 4772 4706 4577
f 4642 4706 4640
f 4707 4772 4773
f 4774 4707 4501
f 4774 4775 4776
f 4808 4423 4878
f 4710 4709 4561
f 4709 4641 4777
f 4643 4710 2027
f 4709 4710 4641
f 4712 4572 4717
f 4712 4711 4572
f 4712 4425 4715
f 4711 4712 4716
f 4751 4748 4753
f 4715 4750 4713
f 4657 4647 4714
f 4647 4711 4716
f 4753 4800 4755
f 4716 4713 4714
f 4715 4716 4712
f 4647 4716 4714
f 4717 4425 4712
f 4718 4717 4503
f 4747 4718 4570
f 4717 4718 4660
f 1965 4719 1966
f 4721 4722 4432
f 4663 4721 4720
f 4720 4721 4727
f 4719 4721 4663
f 4432 4726 4727
f 4719 4433 4722
f 4722 4433 4536
f 4724 4478 4472
f 4432 4722 4723
f 4474 4782 4472
f 4723 4724 4787
f 4469 4535 4783
f 4725 4786 4787
f 4725 4783 4786
f 4788 4791 4860
f 4432 4727 4721
f 4727 4726 4861
f 4728 4506 4860
f 4731 4664 4665
f 4860 4861 4788
f 4792 4790 4791
f 4507 4664 4730
f 4729 4730 4664
f 4662 4731 1968
f 4728 4731 4573
f 4668 4732 4576
f 4671 4732 4670
f 4627 4733 4587
f 4759 4733 4497
f 4678 4734 4457
f 4735 4734 4680
f 4421 4764 5073
f 4793 4900 4331
f 4785 4736 4339
f 4738 4736 4687
f 4598 4737 4527
f 4467 4619 4738
f 4687 4737 4738
f 4738 4737 4467
f 4743 4739 4622
f 4739 4688 4867
f 4688 4436 4868
f 4740 4742 4741
f 4552 4741 4554
f 4742 4740 4420
f 4943 4420 4911
f 4495 4741 4742
f 4507 4688 4743
f 4739 4743 4688
f 4626 4744 1977
f 4796 4744 4625
f 5066 4625 5067
f 4907 5095 4496
f 4636 4746 1985
f 4632 4693 4746
f 4693 4632 4754
f 4752 4748 4751
f 4748 5002 5001
f 4800 4750 4715
f 5003 5004 4998
f 5004 5003 5001
f 4800 4715 4425
f 4996 4995 4713
f 4752 4751 4747
f 4748 5001 4753
f 4752 4747 4693
f 4752 4698 5034
f 4749 4750 4800
f 4660 4751 4753
f 4699 4754 4632
f 4698 4752 4754
f 4717 4755 4425
f 4660 4753 4755
f 4757 4756 4628
f 4697 4756 4695
f 4634 4757 4628
f 4757 4498 4803
f 4758 5129 5054
f 4877 4499 4696
f 4701 4759 4497
f 4759 4700 4760
f 4765 4761 4763
f 4760 4700 4763
f 4761 4880 4879
f 4910 4909 4907
f 5072 5073 5077
f 4903 4794 4906
f 4765 4763 4700
f 4769 4763 4761
f 4763 4764 4760
f 5077 4762 5080
f 4700 4562 4765
f 4767 4562 4768
f 4807 4808 4766
f 4765 4767 4761
f 4562 4638 4768
f 4767 4766 4880
f 4770 4768 4704
f 4766 4767 4768
f 4949 4950 4970
f 4764 4769 4762
f 4561 4770 4704
f 4807 4770 4500
f 4771 4638 4705
f 4702 2030 4771
f 4773 4772 4577
f 4774 4772 4707
f 4670 4773 4577
f 5194 5195 5193
f 4774 4501 4775
f 4640 4774 4563
f 4775 4501 4919
f 4884 4808 4883
f 4918 4776 4775
f 4777 4776 4708
f 4776 4777 4563
f 4777 4708 4883
f 4993 5026 5032
f 4779 4778 4333
f 4989 4991 4992
f 4714 4779 4656
f 4673 4976 4452
f 4849 4847 4824
f 4991 4779 4333
f 4810 4424 4658
f 4471 4782 4474
f 4469 4725 4782
f 4687 4784 4412
f 4783 4412 4784
f 4687 4785 4784
f 4432 4723 4787
f 4785 4687 4736
f 4859 4432 4786
f 4858 4783 4784
f 4858 4785 4859
f 4725 4787 4724
f 4432 4787 4786
f 4788 4861 4862
f 4339 4685 4790
f 4865 4789 4864
f 4789 4791 4790
f 4611 4790 4685
f 4865 4791 4789
f 4860 4791 4729
f 4792 4791 4788
f 4792 4788 4862
f 4790 4792 4339
f 4610 4793 4331
f 4614 4735 4793
f 5081 4735 5079
f 4769 4916 4762
f 4795 4868 4864
f 4870 4902 4605
f 5066 4796 4625
f 4745 5106 4797
f 4797 4799 4798
f 4690 4796 4797
f 4692 1979 4798
f 4876 1979 1978
f 4804 4799 4559
f 4629 4798 4799
f 4755 4800 4425
f 4749 4800 4753
f 4802 4801 4695
f 4806 4801 4758
f 4695 4757 4803
f 4758 4802 4422
f 4805 4691 4629
f 4802 4803 5142
f 5104 5070 5069
f 5142 4805 4804
f 4691 4805 4498
f 4804 5141 5142
f 5166 5150 5148
f 5010 4964 5030
f 4807 4500 4808
f 4766 4768 4807
f 4500 4883 4808
f 4884 4708 4918
f 4885 4919 5088
f 5043 4993 4999
f 4780 4811 4781
f 4811 4810 4781
f 4811 4780 4815
f 4811 4815 4816
f 4934 4935 4969
f 4545 4817 4541
f 4834 4838 4931
f 4816 4424 4810
f 4837 4814 4821
f 4446 4822 4819
f 4815 4780 4933
f 4815 4813 4816
f 4832 4833 4831
f 4831 4827 4829
f 4418 4817 4545
f 4814 4819 4817
f 4825 4418 4826
f 4825 4827 4818
f 4840 4824 4835
f 4446 4819 4835
f 4832 4813 4833
f 4818 4827 4821
f 4841 4843 4840
f 4814 4818 4821
f 4541 4822 4550
f 4817 4819 4822
f 4955 4890 4956
f 4210 4896 4926
f 4814 4837 4836
f 4840 4843 4824
f 4826 4418 4542
f 4827 4825 4820
f 4830 4826 4492
f 4825 4826 4820
f 4827 4820 4829
f 4821 4827 4831
f 4828 4829 4830
f 4886 4828 4887
f 4830 4829 4820
f 4831 4829 4828
f 4830 4820 4826
f 4549 4887 4830
f 4831 4828 4832
f 4831 4812 4821
f 4886 4832 4828
f 4813 4832 4816
f 4813 4963 4833
f 4812 4831 4833
f 4837 4821 4838
f 4834 4837 4838
f 4836 4819 4814
f 4835 4824 4839
f 4936 4841 4834
f 4835 4819 4836
f 4838 4821 4812
f 4836 4837 4834
f 4932 4812 4833
f 4967 4932 4933
f 4847 4839 4824
f 4579 4839 4375
f 4835 4836 4840
f 4841 4840 4836
f 4834 4841 4836
f 4841 4823 4843
f 4582 4842 4512
f 4835 4842 4446
f 4846 4843 4823
f 4889 4449 4375
f 4937 4968 4969
f 4899 4419 4898
f 4846 4848 4849
f 4889 4851 4449
f 4951 4952 4924
f 4846 4844 4848
f 4849 4824 4843
f 4847 4845 4889
f 4850 4848 4844
f 4851 4848 4850
f 4847 4849 4845
f 4846 4849 4843
f 4854 4850 4844
f 4898 4494 4856
f 4851 4186 4514
f 4845 4848 4851
f 4854 4924 4852
f 4896 4897 4895
f 4893 4892 4853
f 4893 4853 4855
f 4951 4924 4854
f 4854 4852 4892
f 4893 4850 4854
f 4855 4853 4856
f 4898 4856 4853
f 4510 4856 4317
f 4779 4857 4656
f 4810 4857 4781
f 4785 4862 4859
f 4783 4858 4786
f 4432 4859 4726
f 4786 4858 4859
f 4860 4729 4664
f 4861 4860 4506
f 4727 4861 4506
f 4862 4861 4726
f 4859 4862 4726
f 4862 4785 4339
f 4608 4863 4611
f 4864 4863 4605
f 4864 4605 4902
f 4864 4436 4865
f 4730 4865 4436
f 4791 4865 4729
f 5074 5079 4683
f 4875 4913 4941
f 4739 4867 4740
f 4868 4867 4688
f 4864 4868 4436
f 4867 4868 4795
f 4870 4605 4608
f 4331 4874 4610
f 4608 4602 4870
f 4602 4607 4872
f 4331 4875 4874
f 4873 4940 4870
f 4610 4872 4607
f 4873 4872 4871
f 4941 4940 4871
f 4602 4873 4870
f 4331 4900 4875
f 4872 4874 4871
f 4903 4866 5112
f 4875 4866 4903
f 4797 4876 4690
f 1979 4876 4798
f 4801 4877 4697
f 4877 4806 5049
f 4878 4423 4879
f 4766 4808 4878
f 4881 4882 4923
f 4879 4423 4882
f 4766 4878 4880
f 4879 4880 4878
f 5095 5099 5069
f 4917 4950 4916
f 4884 4920 4922
f 4882 4881 4949
f 4709 4883 4500
f 4884 4883 4708
f 4919 4920 4775
f 4423 4808 4884
f 5086 4501 4707
f 5158 5176 5089
f 4832 4886 4816
f 4830 4887 4828
f 4565 4887 4549
f 4888 4502 4650
f 4886 4888 4424
f 4502 4888 4887
f 4847 4889 4375
f 4851 4889 4845
f 4844 4846 4891
f 4955 4957 4960
f 4846 4823 4891
f 4931 4934 4936
f 4938 4852 4894
f 4852 4938 4892
f 4850 4893 4855
f 4854 4892 4893
f 4896 4210 4897
f 4275 4895 4238
f 4187 4895 4275
f 4895 4894 4896
f 4852 4927 4894
f 4953 4925 4954
f 4290 4897 4210
f 4895 4897 4238
f 4899 4898 4853
f 4494 4898 4419
f 4853 4892 4938
f 4899 4187 4493
f 5081 4900 4735
f 4875 4900 4866
f 4902 4901 4795
f 4420 4901 4869
f 4901 4902 4869
f 4902 4795 4864
f 4909 4904 4906
f 4942 4939 4905
f 4912 4910 4496
f 4942 4908 4911
f 4875 4903 4913
f 4903 4906 4908
f 4794 4907 4909
f 4908 4906 4904
f 5110 5111 5115
f 5128 5122 5124
f 4908 4904 4911
f 4908 4905 4913
f 4794 4909 4906
f 4910 4907 4496
f 5068 4912 4496
f 4904 4909 4910
f 4946 4910 4912
f 4742 4943 4495
f 4948 4623 4947
f 4944 4911 4946
f 4908 4913 4903
f 4913 4905 4941
f 4423 4922 4923
f 4914 4922 4921
f 5133 5160 5162
f 5110 5115 5130
f 4761 4917 4769
f 4879 4917 4761
f 4970 4879 4882
f 4769 4917 4916
f 4776 4918 4708
f 4920 4918 4775
f 5088 4501 5087
f 4920 4919 4885
f 4921 4920 4885
f 4920 4921 4922
f 5174 4921 4885
f 5176 4921 4809
f 4923 4922 4914
f 4423 4884 4922
f 4923 4914 5158
f 4423 4923 4882
f 4854 4844 4951
f 4954 4925 4926
f 4953 4924 4890
f 4928 4958 4959
f 4927 4926 4896
f 4926 4925 4928
f 4894 4927 4896
f 4852 4924 4954
f 4953 4960 4925
f 4962 4928 4959
f 4935 4934 4930
f 4980 4978 4967
f 4932 4931 4838
f 4933 4932 4963
f 4812 4932 4838
f 4934 4931 4930
f 4815 4933 4963
f 4931 4932 4977
f 4933 4986 4981
f 4977 4967 4930
f 4930 4978 4935
f 4823 4841 4936
f 4937 4935 4929
f 4935 4937 4969
f 4931 4936 4834
f 4823 4936 4934
f 4973 4956 4937
f 4968 4890 4952
f 4187 4938 4894
f 4853 4938 4899
f 4420 4869 4939
f 4939 4869 4940
f 4870 4940 4869
f 4871 4940 4873
f 4941 4871 4875
f 4939 4941 4905
f 4939 4942 4420
f 4908 4942 4905
f 4944 4943 4911
f 4555 4945 4553
f 4946 4911 4904
f 4944 4912 4947
f 4495 4943 4945
f 4944 4945 4943
f 4910 4946 4904
f 4912 4944 4946
f 4948 4947 4912
f 4553 4947 4623
f 5068 4948 4912
f 4948 4556 4624
f 5132 5118 5131
f 4915 4916 4950
f 4917 4879 4970
f 4915 4950 4949
f 4844 4891 4951
f 4952 4951 4891
f 4968 4952 4891
f 4924 4952 4890
f 4890 4955 4953
f 4960 4958 4925
f 4852 4954 4927
f 4924 4953 4954
f 4890 4968 4956
f 4957 4955 4209
f 4929 5006 4973
f 4955 4956 4974
f 4674 4957 4209
f 4957 4585 4958
f 4585 4672 4959
f 4928 4925 4958
f 4959 4234 4962
f 4585 4959 4958
f 4955 4960 4953
f 4957 4958 4960
f 5201 4451 5199
f 4926 4961 4210
f 4450 4962 4234
f 4451 4928 4962
f 4833 4963 4932
f 4815 4963 4813
f 4988 4971 4986
f 5007 5038 4964
f 5014 5015 5011
f 4976 4966 4984
f 4973 4974 4956
f 4982 4984 4966
f 4981 4979 4980
f 4935 4978 4929
f 4969 4968 4891
f 4956 4968 4937
f 4891 4823 4969
f 4934 4969 4823
f 4949 4970 4882
f 4917 4970 4950
f 4781 4989 4780
f 4965 4984 4982
f 4980 5006 4978
f 4966 4972 4982
f 4929 4973 4937
f 4974 4973 4972
f 4966 4974 4972
f 4974 4209 4955
f 4975 4984 5012
f 5014 4975 5012
f 4966 4976 4674
f 4452 4976 4975
f 4931 4977 4930
f 4932 4967 4977
f 4930 4967 4978
f 4980 4967 4981
f 5038 5037 4971
f 4980 4979 5006
f 4981 4967 4933
f 4979 4983 5006
f 4986 4933 4780
f 5037 4981 4971
f 4972 4983 4982
f 4965 4982 5008
f 5006 4983 4972
f 5036 4983 4979
f 5012 4984 4965
f 4976 4984 4975
f 5013 5009 5010
f 5013 4985 5012
f 4991 4989 4781
f 4971 4981 4986
f 5032 5033 4995
f 4988 4990 4971
f 4989 4986 4780
f 4988 4987 4990
f 4987 4988 4989
f 4989 4988 4986
f 4333 5033 4992
f 4992 4994 4987
f 4779 4991 4781
f 4992 4991 4333
f 4995 4333 4778
f 4989 4992 4987
f 5000 4999 4997
f 5044 5051 5039
f 5040 5025 5026
f 4990 4987 5024
f 4778 4713 4995
f 4996 4713 4750
f 5000 4749 5001
f 5032 4997 4993
f 4995 4996 4997
f 4996 4749 5000
f 4998 5046 5044
f 4993 4997 4999
f 4997 4996 5000
f 5027 5030 5029
f 4749 4753 5001
f 4999 5000 5003
f 4748 5034 5002
f 4999 5003 4998
f 5035 5002 5034
f 5005 5004 5002
f 5000 5001 5003
f 5004 5001 5002
f 5002 5035 5005
f 5004 5005 5047
f 5049 4499 4877
f 5047 5050 5053
f 4973 5006 4972
f 5006 4929 4978
f 5007 5036 5037
f 5007 5009 5008
f 4983 5008 4982
f 5009 5007 4964
f 5009 4964 5010
f 5008 5009 5013
f 5024 5027 4990
f 5177 5056 5028
f 4344 5065 5015
f 4520 4521 5018
f 5013 5012 4965
f 5014 5012 4985
f 5013 4965 5008
f 4985 5013 5010
f 5015 5014 4985
f 5014 5011 5016
f 4985 5055 5042
f 5189 5065 4344
f 5020 5016 5011
f 4975 5016 4452
f 5020 5090 5017
f 4518 5019 5021
f 4453 5018 4521
f 5090 5018 5017
f 4515 4452 5019
f 5022 5019 4452
f 5020 5011 5091
f 5017 5019 5022
f 5018 5021 5017
f 5021 4453 4517
f 5016 5022 4452
f 5017 5022 5020
f 4999 5044 5043
f 5023 5025 5040
f 4987 4994 5024
f 5025 5024 4994
f 5026 5025 4994
f 5025 5023 5027
f 5032 5026 4994
f 5043 5040 4993
f 5027 5023 5031
f 5038 5029 4964
f 5178 5179 5181
f 5055 4985 5010
f 4990 5027 5029
f 5027 5031 5030
f 5030 5028 5056
f 4964 5029 5030
f 5178 5031 5023
f 5030 5031 5028
f 4994 4992 5033
f 4997 5032 4995
f 4995 5033 4333
f 4994 5033 5032
f 4752 5034 4748
f 5035 5034 4698
f 4699 5035 4698
f 5005 5035 4499
f 5037 5036 4979
f 5008 5036 5007
f 4981 5037 4979
f 5038 4971 4990
f 5038 4990 5029
f 5007 5037 5038
f 5044 5039 5043
f 5094 5181 5182
f 4993 5040 5026
f 5040 5039 5179
f 5023 5179 5178
f 5177 5041 5056
f 4985 5042 5015
f 5041 5191 5187
f 5044 4999 4998
f 5040 5043 5039
f 5046 4998 5047
f 5051 5046 5052
f 5050 5045 5053
f 5052 5147 5048
f 4998 5004 5047
f 5046 5045 5052
f 5005 5049 5047
f 5049 5050 5047
f 5154 5147 5166
f 5028 5178 5177
f 5049 5005 4499
f 5049 4806 5050
f 4758 5054 4806
f 5050 4806 5054
f 5046 5051 5044
f 5180 5051 5048
f 5147 5052 5166
f 5051 5052 5048
f 5045 5046 5053
f 5047 5053 5046
f 5140 5126 5129
f 5151 5148 5150
f 5010 5030 5056
f 5042 5055 5041
f 5041 5055 5056
f 5010 5056 5055
f 5058 5057 4220
f 4259 5057 4228
f 5288 5058 4220
f 4361 5058 4283
f 4279 5059 4242
f 4165 5059 4219
f 4363 5060 4365
f 4369 5060 4373
f 4309 5061 4493
f 4324 5061 4273
f 2019 5062 2020
f 5062 4519 4521
f 5092 5063 4520
f 4438 4508 5063
f 5093 5090 5091
f 5083 5087 5193
f 5064 5093 5091
f 5011 5015 5065
f 5068 5066 5067
f 5071 5069 5070
f 4626 5067 4625
f 5068 5067 4556
f 5068 4556 4948
f 5071 5068 4496
f 5095 5069 5071
f 4797 5106 4559
f 5071 5070 5066
f 5104 5069 5103
f 5068 5071 5066
f 5071 4496 5095
f 4762 4916 5080
f 4866 4900 5081
f 4762 5073 4764
f 5074 5075 5072
f 5074 5072 5082
f 4735 4680 5079
f 5072 5075 5073
f 5074 4683 5075
f 5080 4916 5164
f 5117 5136 5113
f 4762 5077 5073
f 5077 5076 5117
f 5117 5114 5072
f 5078 5111 5112
f 4683 5079 4680
f 5081 5079 5074
f 5164 4916 4915
f 5077 5080 5076
f 5082 5081 5074
f 5081 5078 5112
f 5114 5082 5072
f 5081 5082 5078
f 5064 5189 5195
f 5184 5192 5185
f 5194 5085 4509
f 5084 5087 5086
f 4509 4669 5194
f 5085 5084 5086
f 5086 4707 4773
f 5084 5193 5087
f 4809 5169 5168
f 4501 5086 5087
f 4501 5088 4919
f 5087 5083 5170
f 4809 5168 5155
f 5159 5133 5158
f 5090 4520 5018
f 5091 5011 5065
f 5064 5091 5065
f 5020 5091 5090
f 5063 5092 4438
f 4520 5090 5092
f 4667 5093 5064
f 5092 5093 4438
f 5147 5172 5048
f 5094 5182 5183
f 5110 5097 5098
f 5098 5095 4907
f 5131 4915 4949
f 5099 5095 5098
f 5110 4907 4794
f 5100 5097 5130
f 5110 5098 4907
f 5099 5098 5097
f 5100 5099 5097
f 5107 4559 5106
f 5131 5135 4915
f 5105 5119 5096
f 5119 5108 5109
f 5165 5143 5107
f 5128 5101 5108
f 5108 5101 5103
f 5100 5119 5109
f 5070 5104 4745
f 5103 5101 5104
f 5107 5106 5104
f 5118 5135 5131
f 5120 5108 5119
f 4745 5104 5106
f 5107 5104 5101
f 5165 5141 5143
f 4804 4559 5107
f 5109 5103 5099
f 5120 5105 5102
f 5100 5109 5099
f 5108 5103 5109
f 4794 5111 5110
f 5115 5111 5116
f 5112 5111 4794
f 5111 5078 5116
f 4903 5112 4794
f 5112 4866 5081
f 5078 5082 5114
f 5164 5136 5117
f 5072 5077 5117
f 5114 5113 5116
f 5115 5138 5130
f 5130 5096 5100
f 5114 5116 5078
f 5115 5116 5113
f 5164 5135 5136
f 5113 5114 5117
f 4949 5132 5131
f 5105 5134 5102
f 5096 5119 5100
f 5120 5119 5105
f 5120 5102 5122
f 5108 5120 5128
f 5102 5161 5125
f 5127 5126 5144
f 5163 5162 5161
f 5122 5121 5124
f 5152 5151 5127
f 5121 5122 5125
f 5121 5139 5124
f 5139 4422 5141
f 5102 5125 5122
f 5125 5123 5127
f 4758 5140 5129
f 5125 5127 5144
f 5145 5123 5160
f 5127 5123 5145
f 5122 5128 5120
f 5101 5128 5124
f 5140 4758 4422
f 5129 5126 5151
f 5110 5130 5097
f 5138 5115 5113
f 5132 4949 4881
f 5135 5118 5134
f 4881 5133 5132
f 4332 5160 5133
f 5158 5133 4881
f 4332 5145 5160
f 5105 5096 5137
f 5163 5134 5118
f 5137 5134 5105
f 5138 5136 5137
f 5164 5117 5076
f 5137 5136 5135
f 5137 5135 5134
f 5138 5137 5096
f 5130 5138 5096
f 5113 5136 5138
f 5121 5144 5140
f 5142 5141 4422
f 4422 5139 5140
f 5121 5140 5139
f 5143 5141 4804
f 5124 5139 5141
f 4802 5142 4422
f 4805 5142 4803
f 4804 5107 5143
f 5165 5107 5101
f 5140 5144 5126
f 5125 5144 5121
f 5145 4332 5149
f 5045 5050 5150
f 5149 4332 5153
f 5157 5153 5155
f 5166 5052 5045
f 5171 5173 5146
f 5127 5145 5152
f 5154 5152 5149
f 4332 5159 5153
f 5154 5149 5146
f 5050 5054 5150
f 5054 5129 5151
f 5151 5150 5054
f 5126 5127 5151
f 5149 5152 5145
f 5151 5152 5148
f 5155 5153 5089
f 5149 5153 5171
f 5147 5154 5146
f 5152 5154 5148
f 5176 5155 5089
f 5157 5155 5168
f 5168 5156 5157
f 5156 5185 5183
f 5173 5156 5167
f 5171 5157 5173
f 5158 4881 4923
f 5159 5158 5089
f 5153 5159 5089
f 4332 5133 5159
f 5161 5160 5123
f 5132 5162 5118
f 5125 5161 5123
f 5102 5134 5163
f 5133 5162 5132
f 5161 5162 5160
f 5162 5163 5118
f 5102 5163 5161
f 5080 5164 5076
f 5135 5164 4915
f 5101 5124 5165
f 5141 5165 5124
f 5150 5166 5045
f 5154 5166 5148
f 5172 5146 5173
f 5167 5156 5183
f 4809 5174 5169
f 5168 5169 5197
f 5170 5088 5087
f 5083 5184 5197
f 5197 5170 5083
f 5088 5170 5169
f 5149 5171 5146
f 5153 5157 5171
f 5146 5172 5147
f 5182 5172 5167
f 5156 5173 5157
f 5172 5173 5167
f 4921 5174 4809
f 5088 5174 4885
f 5188 5189 4344
f 5191 5041 5177
f 4921 5176 4914
f 5155 5176 4809
f 5028 5031 5178
f 5094 5183 5192
f 5023 5040 5179
f 5094 5177 5178
f 5180 5039 5051
f 5182 5180 5048
f 5182 5048 5172
f 5039 5180 5179
f 5178 5181 5094
f 5179 5180 5181
f 5182 5167 5183
f 5182 5181 5180
f 5197 5184 5185
f 5042 5187 4344
f 5184 5196 5190
f 5189 5188 5175
f 5197 5185 5156
f 5192 5184 5186
f 5177 5192 5191
f 5188 5186 5190
f 5041 5187 5042
f 5184 5190 5186
f 4344 5187 5188
f 5188 5187 5186
f 5189 5175 5195
f 5189 5064 5065
f 5196 5184 5083
f 5175 5188 5190
f 5192 5177 5094
f 5187 5191 5186
f 5185 5192 5183
f 5191 5192 5186
f 5194 5193 5084
f 5196 5175 5190
f 5085 5194 5084
f 5195 5194 4667
f 5195 4667 5064
f 5175 5193 5195
f 5083 5193 5196
f 5175 5196 5193
f 5168 5197 5156
f 5197 5169 5170
f 4291 5198 4272
f 2013 5199 2014
f 4270 4233 5199
f 5199 4233 5201
f 4962 5200 4451
f 4450 4272 5200
f 4210 5201 4233
f 4961 4451 5201
f 897 896 3042
f 899 898 3040
f 900 899 3038
f 897 3041 898
f 902 901 3037
f 903 902 3036
f 905 904 3034
f 906 905 3033
f 903 3035 904
f 900 3037 901
f 3042 3041 897
f 3040 3039 899
f 3039 3038 899
f 3041 3040 898
f 3037 3036 902
f 3036 3035 903
f 3034 3033 905
f 3033 907 906
f 3035 3034 904
f 3038 3037 900
f 4146 4145 2050
f 4148 4147 2048
f 4149 4148 2047
f 4146 2049 4147
f 4151 4150 2045
f 4152 4151 2044
f 4154 4153 2042
f 2039 4154 2041
f 4152 2043 4153
f 4149 2046 4150
f 2050 2049 4146
f 2048 2047 4148
f 2047 2046 4149
f 2049 2048 4147
f 2045 2044 4151
f 2044 2043 4152
f 2042 2041 4154
f 2041 2040 2039
f 2043 2042 4153
f 2046 2045 4150
f 3042 3043 5205
f 5204 5202 3094
f 5202 5203 3095
f 5205 5204 3093
f 5210 5206 3097
f 5202 3045 5203
f 5206 5207 3098
f 5228 5240 1013
f 5240 994 5231
f 5207 5208 3099
f 5241 3112 5219
f 3051 5209 3050
f 5222 5241 984
f 5203 5210 3096
f 5220 5211 3102
f 5239 999 5235
f 5214 5212 3104
f 896 5238 1002
f 5236 5237 1021
f 5212 5213 3105
f 5238 897 898
f 5211 5214 3103
f 5216 5215 3107
f 5236 1001 5237
f 3044 3045 5202
f 3056 3057 5216
f 3059 3060 5217
f 5235 1000 5236
f 999 1000 5235
f 5217 5218 3110
f 1000 1001 5236
f 5218 5219 3111
f 5237 1002 5238
f 3051 3052 5220
f 5233 5239 1018
f 3058 3059 5221
f 5203 3046 5210
f 3041 5205 3040
f 5204 3044 5202
f 3043 5204 5205
f 5204 3094 3093
f 3040 5205 3093
f 3094 5202 3095
f 3043 3044 5204
f 3047 3048 5206
f 5203 3096 3095
f 3048 3049 5207
f 5206 3098 3097
f 5207 3099 3098
f 5207 3049 5208
f 3097 3096 5210
f 5206 3048 5207
f 3099 5208 3100
f 5205 3041 3042
f 5208 3050 5209
f 5209 3101 3100
f 5208 5209 3100
f 5211 3103 3102
f 5214 3104 3103
f 3046 3047 5210
f 3102 3101 5220
f 5209 3051 5220
f 3052 3053 5211
f 5213 3106 3105
f 5216 3107 3106
f 5211 3053 5214
f 5212 3055 5213
f 5221 3109 3108
f 5217 3110 3109
f 3055 3056 5213
f 3108 3107 5215
f 3054 3055 5212
f 3105 3104 5212
f 5210 3047 5206
f 3111 3110 5218
f 3049 3050 5208
f 3112 3111 5219
f 3045 3046 5203
f 5241 5222 982
f 995 996 5234
f 5225 5223 1006
f 997 998 5233
f 5232 997 5233
f 5223 5224 1007
f 5233 998 5239
f 5222 5225 1005
f 5230 5226 1009
f 5231 995 5234
f 5229 5227 1011
f 5230 989 5226
f 988 989 5230
f 5227 5228 1012
f 994 995 5231
f 5226 5229 1010
f 996 997 5232
f 5224 5230 1008
f 5240 5231 1014
f 990 991 5229
f 5234 5232 1016
f 992 993 5228
f 5227 992 5228
f 5232 5233 1017
f 5228 993 5240
f 5231 5234 1015
f 5239 5235 1019
f 5226 990 5229
f 989 990 5226
f 5235 5236 1020
f 896 897 5238
f 985 986 5225
f 5224 988 5230
f 1001 1002 5237
f 5225 986 5223
f 998 999 5239
f 991 992 5227
f 993 994 5240
f 5229 991 5227
f 1022 5237 5238
f 3053 3054 5214
f 982 3112 5241
f 3057 3058 5215
f 1005 5225 1006
f 1006 5223 1007
f 5215 3058 5221
f 5222 1005 982
f 5214 3054 5212
f 5213 5216 3106
f 1008 5230 1009
f 5221 5217 3109
f 1010 5229 1011
f 1011 5227 1012
f 3060 3061 5218
f 5226 1010 1009
f 5217 3060 5218
f 5224 1008 1007
f 5216 3057 5215
f 3061 3062 5219
f 1013 5240 1014
f 5220 3052 5211
f 1015 5234 1016
f 1016 5232 1017
f 5209 5220 3101
f 5231 1015 1014
f 5219 3062 5241
f 5215 5221 3108
f 1018 5239 1019
f 1019 5235 1020
f 984 985 5222
f 986 987 5223
f 1021 5237 1022
f 1022 5238 898
f 5223 987 5224
f 5236 1021 1020
f 5222 985 5225
f 5233 1018 1017
f 5221 3059 5217
f 5228 1013 1012
f 5218 3061 5219
f 987 988 5224
f 5241 3062 984
f 5234 996 5232
f 5213 3056 5216
f 2051 5243 2050
f 5242 2052 5244
f 5244 2053 5246
f 5242 5243 2051
f 2055 5245 2054
f 2053 2054 5246
f 5247 2056 5248
f 4175 5280 4176
f 5271 5280 4135
f 5248 2057 5249
f 5275 5281 4141
f 2058 5249 2057
f 4181 5281 4182
f 2051 2052 5242
f 5250 2059 5253
f 4145 5279 4144
f 5251 2061 5252
f 4184 5278 4185
f 4142 4143 5277
f 5252 2062 5259
f 4143 4144 5278
f 5253 2060 5251
f 5254 2064 5255
f 4180 5276 4181
f 5281 5276 4140
f 5255 2065 5258
f 5256 2067 5257
f 4182 5275 4183
f 4136 4137 5274
f 5257 2068 5260
f 4141 4142 5275
f 5258 2066 5256
f 4183 5277 4184
f 5259 2063 5254
f 5279 4146 4147
f 5260 1959 5261
f 5243 2049 2050
f 2048 2049 5243
f 2052 2053 5244
f 5242 5244 2073
f 5244 5246 2074
f 5247 5245 2055
f 5242 2072 5243
f 2073 5244 2074
f 5245 5246 2054
f 5245 5247 2076
f 2076 5247 2077
f 5248 5249 2078
f 5249 5250 2079
f 2055 2056 5247
f 5248 2077 5247
f 2074 5246 2075
f 5245 2075 5246
f 2075 5245 2076
f 2056 2057 5248
f 5253 5251 2081
f 2078 5249 2079
f 5252 5259 2083
f 5259 5254 2084
f 2079 5250 2080
f 5252 2082 5251
f 5250 5249 2058
f 2081 5251 2082
f 5255 5258 2086
f 5258 5256 2087
f 2060 2061 5251
f 2061 2062 5252
f 5257 5260 2089
f 4166 1961 5261
f 2080 5253 2081
f 5257 2088 5256
f 2082 5252 2083
f 5255 2085 5254
f 2058 2059 5250
f 5253 2080 5250
f 2077 5248 2078
f 5262 5261 4125
f 2048 5243 2072
f 5262 4126 5265
f 4138 4139 5273
f 5263 4128 5264
f 4137 4138 5272
f 4178 5272 4179
f 5264 4129 5270
f 4179 5273 4180
f 5265 4127 5263
f 5266 4131 5269
f 4176 5271 4177
f 5267 4133 5268
f 4170 5270 4171
f 4131 4132 5269
f 5268 4134 5280
f 4129 4130 5270
f 5269 4132 5267
f 4135 4136 5271
f 5270 4130 5266
f 5271 4136 5274
f 4133 4134 5268
f 5272 4138 5273
f 4132 4133 5267
f 4173 5267 4174
f 5273 4139 5276
f 4174 5268 4175
f 5274 4137 5272
f 2072 5242 2073
f 4171 5266 4172
f 5275 4142 5277
f 4139 4140 5276
f 5277 4143 5278
f 4167 5265 4168
f 4128 4129 5264
f 5278 4144 5279
f 4126 4127 5265
f 5279 4145 4146
f 4130 4131 5266
f 4134 4135 5280
f 4172 5269 4173
f 4140 4141 5281
f 2084 5254 2085
f 5265 4167 5262
f 2085 5255 2086
f 5264 4169 5263
f 5270 4170 5264
f 2064 2065 5255
f 4168 5265 5263
f 2063 2064 5254
f 2066 2067 5256
f 5269 4172 5266
f 2067 2068 5257
f 5268 4174 5267
f 5280 4175 5268
f 2086 5258 2087
f 4173 5269 5267
f 2088 5257 2089
f 4171 5270 5266
f 2087 5256 2088
f 2083 5259 2084
f 5274 4177 5271
f 4179 5272 5273
f 5274 5272 4178
f 4180 5273 5276
f 2089 5260 1961
f 5271 4176 5280
f 2062 2063 5259
f 5260 5261 1961
f 5281 4181 5276
f 5275 4182 5281
f 4125 5261 1959
f 4125 4126 5262
f 5278 4184 5277
f 4185 5279 4147
f 4168 5263 4169
f 4183 5275 5277
f 4166 5262 4167
f 4127 4128 5263
f 2068 1959 5260
f 5279 4185 5278
f 2065 2066 5258
f 4169 5264 4170
f 4166 5261 5262
f 4177 5274 4178
f 2059 2060 5253
f 5284 5285 5287
f 5285 5283 5287
f 230 13 5282
f 5282 5285 230
f 5285 5284 5286
f 5283 5285 5282
f 5284 233 5286
f 230 5285 5286
f 233 5284 243
f 5287 243 5284
f 4300 879 5289