v -0.011053 -0.290815 0.132011
v -0.024006 -0.290789 0.129445
v -0.034167 -0.290570 0.127158
v -0.044203 -0.290028 0.123946
v -0.054349 -0.289656 0.122781
v -0.064834 -0.289389 0.124019
v -0.084395 -0.287474 0.122412
v -0.095623 -0.285921 0.121981
v -0.106009 -0.284214 0.122353
v -0.115653 -0.281673 0.118935
v -0.125281 -0.278987 0.116368
v -0.135443 -0.276121 0.114906
v -0.144026 -0.272995 0.108945
v -0.152404 -0.269462 0.103421
v -0.161606 -0.265865 0.098769
v -0.167487 -0.262417 0.090597
v -0.172593 -0.258449 0.082098
v -0.178965 -0.254726 0.073610
v -0.181987 -0.251672 0.063968
v -0.183433 -0.248773 0.054142
v -0.186780 -0.246570 0.043832
v -0.187654 -0.245178 0.033687
v -0.187301 -0.244521 0.023756
v -0.188610 -0.244390 0.013676
v -0.188575 -0.244617 0.008414
v -0.183302 -0.227852 0.000349
v -0.181742 -0.200206 0.009614
v -0.177770 -0.182470 0.008315
v -0.174402 -0.165634 0.009987
v -0.167676 -0.145934 0.005682
v -0.164682 -0.136134 0.000248
v -0.156882 -0.109682 0.004192
v -0.152159 -0.091934 0.001798
v -0.148455 -0.069438 0.004470
v -0.147227 -0.050226 0.006281
v -0.148275 -0.036155 0.004730
v -0.150979 -0.025591 0.003485
v -0.154235 -0.014311 0.004603
v -0.160631 0.001200 0.001810
v -0.172625 0.028538 0.000186
v -0.180607 0.051619 -0.003262
v -0.187390 0.069331 -0.003063
v -0.196340 0.088247 -0.007597
v -0.203815 0.100593 -0.008499
v -0.210925 0.110443 -0.012672
v -0.217034 0.118009 -0.013306
v -0.217102 0.118842 -0.001471
v -0.216444 0.121692 0.010115
v -0.214195 0.126271 0.021165
v -0.211276 0.133738 0.030781
v -0.208533 0.141939 0.037018
v -0.208529 0.153260 0.039529
v -0.204979 0.162884 0.042462
v -0.198913 0.173693 0.044495
v -0.195304 0.188114 0.043030
v -0.185244 0.208560 0.041342
v -0.182639 0.218267 0.040755
v -0.176834 0.231384 0.041811
v -0.175127 0.237601 0.040679
v -0.174056 0.247072 0.035666
v -0.165685 0.263002 0.030238
v -0.168338 0.269662 0.019582
v -0.166530 0.274249 0.014616
v -0.163833 0.282093 0.002353
v -0.158849 0.278999 0.008225
v -0.150330 0.278047 0.006705
v -0.146876 0.274249 0.015545
v -0.136458 0.272362 0.014820
v -0.126078 0.270537 0.008736
v -0.117162 0.270049 0.008727
v -0.107969 0.271082 0.008825
v -0.098113 0.270728 0.008370
v -0.089432 0.272426 0.002390
v -0.079766 0.265008 0.005133
v -0.069833 0.266394 0.007317
v -0.063926 0.271324 0.011845
v -0.064249 0.267898 0.021568
v -0.066567 0.264808 0.030527
v -0.070862 0.262786 0.038344
v -0.072152 0.258266 0.042695
v -0.080260 0.257871 0.054389
v -0.084075 0.255153 0.062934
v -0.087928 0.252918 0.071046
v -0.092554 0.250960 0.079333
v -0.097316 0.249054 0.086771
v -0.100972 0.246351 0.094572
v -0.105249 0.244439 0.102760
v -0.099676 0.237657 0.104296
v -0.098316 0.226977 0.104128
v -0.092896 0.219082 0.105832
v -0.086851 0.211406 0.108209
v -0.080290 0.204271 0.111275
v -0.069498 0.193157 0.116251
v -0.059478 0.183438 0.120841
v -0.052402 0.176737 0.123461
v -0.045021 0.169892 0.125572
v -0.037260 0.162831 0.127076
v -0.029373 0.155682 0.127827
v -0.021355 0.149521 0.127976
v -0.013041 0.143767 0.127990
v -0.005749 0.136864 0.128201
v 0.000635 0.129195 0.128970
v 0.003198 0.119715 0.131730
v 0.001747 0.111780 0.138467
v 0.000051 0.103421 0.143135
v -0.000668 0.094254 0.146579
v 0.001183 0.087008 0.142948
v 0.002714 0.078117 0.138548
v 0.004948 0.068612 0.138868
v 0.006318 0.058889 0.138045
v 0.007012 0.048871 0.137277
v 0.008665 0.034484 0.138010
v 0.010516 0.019807 0.139654
v 0.011391 0.010557 0.140617
v 0.012402 0.000297 0.141627
v 0.013903 -0.019066 0.142703
v 0.014747 -0.038882 0.144022
v 0.014711 -0.047798 0.147214
v 0.014239 -0.059111 0.145492
v 0.014019 -0.068406 0.149901
v 0.013823 -0.087995 0.150007
v 0.013606 -0.097486 0.154627
v 0.013628 -0.108263 0.156840
v 0.012550 -0.126102 0.160982
v 0.013040 -0.135531 0.162858
v 0.013132 -0.145304 0.163886
v 0.014332 -0.155328 0.162243
v 0.014542 -0.164669 0.166746
v 0.015466 -0.174858 0.162475
v 0.015942 -0.184284 0.167567
v 0.017102 -0.194098 0.158879
v 0.017861 -0.203777 0.162344
v 0.018851 -0.212994 0.153814
v 0.019700 -0.222337 0.153304
v 0.020918 -0.234427 0.146277
v 0.022771 -0.255279 0.140011
v 0.024595 -0.269219 0.139462
v 0.026150 -0.287384 0.130001
v 0.016887 -0.288724 0.132759
v 0.005403 -0.289514 0.131986
v -0.061226 0.232771 0.083517
v -0.088140 0.237223 0.032782
v -0.072366 0.238854 0.084776
v -0.067152 0.231098 0.049552
v -0.072135 0.247664 0.029734
v -0.082677 0.247264 0.078212
v -0.073083 0.244631 0.049822
v -0.066069 0.254967 0.033219
v -0.075662 0.252168 0.049962
v -0.068312 0.251773 0.042605
v -0.074894 0.248728 0.060474
v -0.076751 0.251683 0.056148
v -0.186117 -0.220132 0.021631
v -0.173789 -0.197271 0.056770
v -0.117820 0.031234 0.104912
v -0.200083 0.101442 0.011613
v -0.208343 0.109385 0.000963
v -0.115005 0.129432 0.112006
v -0.149659 0.265013 0.033279
v -0.160060 0.275525 0.015423
v -0.085088 -0.174607 0.141665
v -0.042235 -0.237136 0.141985
v -0.007826 -0.262894 0.139197
v -0.094075 0.239655 0.088557
v -0.098154 0.239231 0.093296
v -0.045778 0.200546 0.096307
v -0.062581 0.223619 0.099039
v -0.086626 0.252073 0.017973
v -0.112189 0.254985 0.033593
v -0.066025 0.259508 0.023803
v -0.069795 0.249618 0.036231
v -0.072895 0.236646 0.038802
v -0.067390 0.242970 0.041403
v -0.070880 0.242756 0.035053
v -0.078184 0.246390 0.027880
v -0.067961 0.235726 0.044121
v -0.070608 0.237522 0.050149
v -0.070309 0.246677 0.044912
v -0.072037 0.243337 0.074343
v -0.064547 0.235169 0.064584
v -0.066116 0.235149 0.056379
v -0.081045 0.249993 0.068704
v -0.069158 0.241401 0.061127
v -0.070861 0.243536 0.067096
v -0.061834 0.232691 0.076326
v -0.064024 0.235772 0.070803
v -0.186020 -0.233426 0.016082
v -0.159559 -0.137848 0.053181
v -0.173244 -0.168683 0.035569
v -0.179225 -0.220631 0.054658
v -0.184680 -0.223958 0.028641
v -0.185109 -0.236391 0.041165
v -0.046996 -0.084375 0.147310
v -0.129359 -0.039966 0.068865
v -0.184943 0.078904 0.022360
v -0.162220 0.035209 0.042336
v -0.187640 0.111588 0.047127
v -0.210184 0.114386 0.008961
v -0.200589 0.096969 0.000082
v -0.047969 0.128504 0.127307
v -0.132121 0.190066 0.067814
v -0.127799 0.263932 0.022131
v -0.150259 0.269970 0.026797
v -0.160485 0.266059 0.030368
v -0.156563 0.246597 0.039201
v -0.089281 -0.238400 0.125220
v -0.033239 -0.181536 0.158343
v -0.017613 -0.230879 0.151834
v -0.008529 -0.281188 0.133680
v 0.013060 -0.257032 0.141227
v 0.009445 -0.267522 0.142027
v -0.084230 0.239048 0.085743
v -0.089153 0.221402 0.101270
v -0.094988 0.227955 0.099078
v -0.037965 0.181662 0.107275
v -0.050754 0.192862 0.114278
v -0.075589 0.213957 0.104260
v -0.085700 0.259002 0.010809
v -0.103398 0.260856 0.021364
v -0.071649 0.255215 0.027510
v -0.079929 0.252596 0.024429
v -0.075892 0.260194 0.012364
v -0.087214 0.245862 0.026430
v -0.083087 0.233725 0.036798
v -0.116843 0.218759 0.063687
v -0.077399 0.230230 0.042568
v -0.076827 0.245318 0.077051
v -0.179099 -0.178124 0.017895
v -0.178097 -0.234823 0.067376
v -0.183471 -0.238724 0.048778
v -0.180884 -0.199498 0.035677
v -0.126872 -0.240809 0.112029
v -0.017838 -0.084284 0.146666
v -0.035364 -0.036235 0.140569
v -0.144342 -0.039507 0.033964
v -0.026025 0.008648 0.140548
v -0.017014 0.054154 0.143345
v -0.193272 0.085181 0.004606
v -0.171478 0.046210 0.026378
v -0.188783 0.135631 0.054123
v -0.203348 0.119528 0.029580
v -0.188454 0.073822 0.003491
v -0.190738 0.089033 0.018858
v -0.030191 0.135212 0.122442
v -0.038921 0.101752 0.142116
v -0.131862 0.269010 0.016454
v -0.160660 0.270638 0.024115
v -0.164612 0.267430 0.026457
v -0.152943 0.258919 0.035576
v -0.144459 0.269433 0.026037
v -0.161347 0.253639 0.036824
v -0.157152 0.226350 0.045085
v -0.100177 -0.260955 0.122829
v -0.023406 -0.200769 0.160306
v -0.018567 -0.170995 0.161439
v -0.003475 -0.227131 0.157379
v 0.008208 -0.249590 0.147600
v 0.000041 -0.271804 0.143096
v -0.001179 -0.249699 0.150803
v -0.080597 0.243157 0.082348
v -0.090898 0.243474 0.083453
v -0.080998 0.229958 0.093204
v -0.029733 0.164121 0.109937
v -0.041585 0.179119 0.118328
v -0.055573 0.189544 0.117232
v -0.063540 0.198735 0.113179
v -0.047648 0.187485 0.115844
v -0.084012 0.218338 0.101501
v -0.084987 0.263569 0.007068
v -0.095310 0.261807 0.012097
v -0.103225 0.267159 0.015155
v -0.113508 0.267320 0.016730
v -0.097791 0.251384 0.020990
v -0.182129 -0.211322 0.030737
v -0.183024 -0.195058 0.019296
v -0.162367 -0.122033 0.016495
v -0.153067 -0.098746 0.038212
v -0.158805 -0.117470 0.025447
v -0.181379 -0.235729 0.054315
v -0.174973 -0.240447 0.074606
v -0.168230 -0.250671 0.084994
v -0.153925 -0.242699 0.098732
v -0.133552 -0.262254 0.112233
v -0.002651 -0.086095 0.151976
v -0.030581 -0.121977 0.159805
v -0.016004 -0.054642 0.146909
v -0.012846 -0.029525 0.142902
v -0.147743 -0.039895 0.022994
v -0.148205 -0.070928 0.026864
v -0.005816 0.009659 0.142049
v -0.005337 0.038369 0.140784
v -0.010593 0.062528 0.145714
v -0.183575 0.064508 0.008793
v -0.171383 0.037129 0.014744
v -0.210320 0.119302 0.017952
v -0.196246 0.130851 0.045773
v -0.198199 0.123676 0.039725
v -0.011720 0.130575 0.125109
v -0.019286 0.114110 0.138767
v -0.021482 0.088827 0.143215
v -0.176021 0.201296 0.047429
v -0.164713 0.259869 0.032975
v -0.137252 0.263808 0.031691
v -0.171175 0.247659 0.037768
v -0.168909 0.240329 0.041894
v -0.169447 0.214126 0.047413
v -0.097018 -0.271633 0.123249
v 0.009754 -0.193367 0.158759
v 0.004779 -0.175261 0.161329
v 0.002393 -0.159026 0.162883
v 0.014301 -0.230616 0.152571
v -0.073244 -0.278542 0.126753
v -0.027056 -0.260999 0.136521
v -0.031182 -0.276980 0.132252
v -0.089705 0.230710 0.093534
v -0.075865 0.235922 0.088865
v -0.029992 0.162660 0.119826
v -0.024304 0.146059 0.115069
v -0.048534 0.181925 0.119661
v -0.071499 0.204955 0.109556
v -0.059738 0.216722 0.103674
v -0.041841 0.191981 0.107570
v -0.041129 0.184546 0.113312
v -0.081640 0.224263 0.096622
v -0.091471 0.256027 0.013869
v -0.122140 0.266210 0.015713
v -0.121654 0.262195 0.025053
v -0.105177 0.251910 0.027715
v -0.099328 0.241467 0.030734
v -0.091693 0.247866 0.021480
v -0.168774 -0.143649 0.012145
v -0.158966 -0.113632 0.010162
v -0.154202 -0.096141 0.019893
v -0.177346 -0.179780 0.027958
v -0.176099 -0.193800 0.050558
v -0.177271 -0.182848 0.038061
v -0.180826 -0.206220 0.045206
v -0.178739 -0.247587 0.069929
v -0.172697 -0.249591 0.079496
v -0.161870 -0.256681 0.095974
v -0.138087 -0.263783 0.110444
v -0.125978 -0.270578 0.115791
v 0.008345 -0.085360 0.149144
v 0.002792 -0.076185 0.150224
v 0.005420 -0.099211 0.152380
v -0.008961 -0.121331 0.157619
v -0.002680 -0.050058 0.148646
v 0.001162 -0.029918 0.145924
v -0.002803 -0.011247 0.143863
v -0.148300 -0.037411 0.011233
v -0.153601 -0.011157 0.023365
v -0.148188 -0.064577 0.017769
v 0.000530 0.042052 0.139628
v -0.004781 0.050633 0.142096
v -0.003061 0.023695 0.140663
v -0.000995 0.062833 0.142361
v -0.010316 0.072714 0.142129
v -0.003420 0.058405 0.144798
v -0.005084 0.067231 0.144753
v -0.183959 0.061994 0.003518
v -0.175338 0.039498 0.004930
v -0.162249 0.008503 0.008270
v -0.156214 -0.008099 0.008287
v -0.203613 0.145559 0.041911
v -0.198588 0.153287 0.046488
v -0.183185 0.163706 0.055605
v -0.198015 0.103641 0.020856
v -0.193327 0.105146 0.032231
v -0.185383 0.087814 0.030619
v -0.004743 0.132364 0.125585
v -0.012071 0.140066 0.121236
v -0.004879 0.123358 0.129830
v -0.011054 0.106996 0.138979
v -0.007923 0.088075 0.143670
v -0.173837 0.209727 0.046623
v -0.171837 0.230071 0.044283
v -0.150135 0.229207 0.045815
v -0.155184 0.237540 0.041792
v -0.177682 0.219254 0.043826
v -0.095935 -0.278912 0.123251
v -0.113185 -0.273852 0.119249
v 0.006837 -0.153352 0.161056
v -0.002041 -0.243071 0.147665
v -0.082934 -0.268496 0.125869
v -0.074698 -0.270746 0.128178
v -0.072100 -0.259661 0.129664
v -0.079651 -0.248729 0.129395
v -0.014158 -0.268222 0.140366
v -0.048056 -0.265283 0.133961
v -0.066502 0.235753 0.085285
v -0.036508 0.170358 0.120517
v -0.023711 0.155187 0.120604
v -0.052336 0.219314 0.098538
v -0.045217 0.200373 0.105383
v -0.053140 0.206433 0.107802
v -0.047639 0.207580 0.101478
v -0.053068 0.213300 0.103917
v -0.054105 0.208395 0.090666
v -0.048599 0.206735 0.094664
v -0.051017 0.213344 0.094789
v -0.067179 0.232660 0.091105
v -0.046678 0.185360 0.095851
v -0.124436 0.258606 0.036732
v -0.113151 0.261453 0.027863
v -0.119189 0.260016 0.032159
v -0.091270 0.241854 0.028499
v -0.092713 0.229108 0.041250
v -0.097952 0.235269 0.036570
v -0.094289 0.212344 0.058935
v -0.082822 0.220556 0.051124
v -0.070410 0.220559 0.061942
v -0.065529 0.227539 0.060558
v -0.070534 0.226668 0.050763
v -0.063135 0.223240 0.070370
v -0.083247 0.216016 0.056520
v -0.062929 0.228841 0.066437
v -0.171181 -0.149632 0.022448
v -0.154275 -0.091266 0.011099
v -0.162572 -0.237904 0.089714
v -0.174284 -0.228542 0.073218
v -0.160741 -0.244194 0.092808
v -0.156787 -0.251825 0.098350
v -0.131875 -0.250154 0.111341
v 0.005695 -0.064392 0.148414
v -0.015968 -0.104764 0.153548
v -0.004877 -0.099461 0.151590
v 0.002208 -0.121540 0.159982
v 0.007883 -0.034390 0.144009
v 0.004649 -0.005576 0.143418
v -0.151027 -0.025039 0.009407
v -0.148356 -0.065073 0.010609
v -0.147647 -0.047429 0.013279
v -0.151314 -0.078320 0.010162
v -0.150219 -0.080233 0.020829
v 0.001660 0.053415 0.139168
v -0.001680 0.072201 0.139499
v -0.006068 0.081729 0.141526
v -0.020448 0.081469 0.142044
v -0.177697 0.061375 0.023787
v -0.166967 0.029108 0.020494
v -0.156643 -0.002571 0.017319
v -0.195838 0.162945 0.047719
v -0.177397 0.173006 0.055979
v -0.020619 0.135204 0.121975
v -0.006788 0.120235 0.134267
v -0.019027 0.141547 0.117992
v -0.018143 0.149079 0.118876
v -0.030921 0.139736 0.118736
v 0.000890 0.123735 0.128414
v -0.005311 0.114092 0.133931
v -0.004011 0.107547 0.140501
v -0.006886 0.098436 0.143884
v -0.163418 0.205886 0.050534
v -0.162028 0.218952 0.047225
v -0.004338 -0.185399 0.167685
v -0.006416 -0.165508 0.166818
v -0.024819 -0.183053 0.165751
v 0.002554 -0.135368 0.163795
v -0.024177 -0.148576 0.161825
v -0.054779 -0.264537 0.132742
v -0.016790 -0.250923 0.147508
v -0.026982 -0.249863 0.142601
v -0.025391 -0.237969 0.143255
v -0.043136 -0.250606 0.138847
v -0.063501 -0.242973 0.134439
v -0.052718 -0.252229 0.137580
v -0.047063 -0.230124 0.143112
v -0.093293 -0.244272 0.123920
v -0.066003 0.237535 0.078746
v -0.059826 0.222728 0.080841
v -0.037100 0.174483 0.112656
v -0.036583 0.170136 0.102963
v -0.032530 0.168728 0.114453
v -0.033423 0.171065 0.107939
v -0.026037 0.159709 0.114886
v -0.030912 0.153982 0.108956
v -0.023560 0.152980 0.114101
v -0.041032 0.186578 0.101737
v -0.043025 0.194212 0.100344
v -0.041695 0.178205 0.098852
v -0.077948 0.163588 0.096780
v -0.037112 0.177152 0.103193
v -0.059838 0.162341 0.100637
v -0.043125 0.171297 0.099271
v -0.052451 0.177651 0.095469
v -0.060930 0.172771 0.095502
v -0.072287 0.185823 0.092734
v -0.071680 0.168251 0.095627
v -0.067408 0.178305 0.091570
v -0.137261 0.260621 0.039253
v -0.131556 0.257740 0.041942
v -0.143387 0.263162 0.035930
v -0.105544 0.242774 0.034497
v -0.166620 -0.222802 0.079578
v -0.175440 -0.214988 0.061388
v -0.160358 -0.204274 0.081531
v -0.171552 -0.211722 0.071601
v -0.154040 -0.260452 0.101585
v -0.155417 -0.233407 0.096665
v -0.010576 -0.097795 0.148522
v -0.008494 -0.109263 0.154693
v 0.003681 -0.113542 0.157891
v -0.013183 -0.041370 0.144061
v -0.006015 -0.023889 0.143691
v -0.017304 -0.036639 0.143143
v -0.008048 -0.037381 0.143118
v -0.146135 -0.052982 0.028357
v -0.140922 -0.048735 0.051136
v -0.143483 -0.049238 0.041425
v -0.150380 -0.027701 0.020856
v -0.150250 -0.086867 0.033545
v -0.144110 -0.070339 0.045590
v -0.146276 -0.065351 0.034594
v -0.142329 -0.059100 0.044431
v -0.021859 0.042935 0.141176
v -0.013830 0.028732 0.140433
v -0.037272 0.075942 0.146778
v -0.020784 0.069959 0.146061
v -0.161308 0.063383 0.060990
v -0.186124 0.150212 0.056100
v -0.182528 0.139205 0.059799
v -0.152315 0.139988 0.083180
v -0.172873 0.125018 0.069542
v -0.166150 0.145596 0.071764
v -0.173181 0.133093 0.068754
v -0.161696 0.169275 0.065208
v -0.184088 0.094543 0.039795
v -0.177187 0.093946 0.052629
v -0.172283 0.073250 0.046479
v -0.042921 0.120621 0.133725
v -0.011633 0.126084 0.129621
v -0.014043 0.145349 0.122511
v -0.012088 0.112516 0.135820
v -0.017274 0.104312 0.138830
v -0.021417 0.108040 0.138413
v -0.033859 0.113724 0.138217
v -0.026256 0.102829 0.138488
v -0.005378 -0.204505 0.163202
v -0.002136 -0.214096 0.154629
v -0.038358 -0.221731 0.150231
v -0.035221 -0.208258 0.153378
v -0.021964 -0.212994 0.154097
v -0.048331 -0.202646 0.151824
v -0.060863 0.226652 0.075041
v -0.061143 0.220802 0.090987
v -0.057896 0.214259 0.092724
v -0.072341 0.202626 0.079780
v -0.064019 0.207891 0.085219
v -0.092411 0.202958 0.073689
v -0.090542 0.208526 0.064000
v -0.035650 0.147319 0.114240
v -0.041083 0.152671 0.109313
v -0.037195 0.161004 0.104264
v -0.047099 0.147671 0.112754
v -0.116650 0.243703 0.045749
v -0.119518 0.248485 0.044566
v -0.104943 0.237083 0.039518
v -0.119569 0.231276 0.057752
v -0.118175 0.237944 0.052062
v -0.165701 -0.205926 0.077302
v -0.156556 -0.220527 0.092531
v -0.009715 -0.084741 0.147434
v -0.012737 -0.072508 0.148672
v -0.005366 -0.075920 0.148620
v -0.004628 -0.065455 0.149882
v -0.016648 -0.091819 0.150050
v -0.033374 -0.091144 0.152329
v -0.025107 -0.089350 0.152950
v -0.026599 -0.101998 0.155338
v -0.024757 -0.095541 0.156322
v -0.029071 -0.095569 0.155275
v -0.021629 -0.102482 0.152124
v -0.025508 -0.112656 0.153077
v -0.008417 -0.060180 0.145994
v -0.014222 -0.005739 0.141704
v -0.014631 0.009688 0.141207
v -0.013661 -0.016350 0.140768
v -0.142142 -0.037687 0.043798
v -0.131319 -0.075884 0.073833
v -0.134112 -0.061785 0.062829
v -0.139815 -0.061803 0.055451
v -0.051522 0.046727 0.140440
v -0.031401 0.080892 0.143114
v -0.024772 0.057262 0.143847
v -0.173153 0.061287 0.035538
v -0.157928 0.016525 0.036625
v -0.166233 0.159394 0.066964
v -0.152542 0.115874 0.091686
v -0.176262 0.182111 0.053268
v -0.177135 0.073553 0.036316
v -0.034897 0.129192 0.127369
v -0.016416 0.094371 0.144392
v -0.034966 0.093866 0.143296
v -0.045747 0.105757 0.142017
v -0.003567 -0.126387 0.162748
v -0.017386 -0.133947 0.164973
v -0.010696 -0.129592 0.159071
v -0.020676 -0.122669 0.160792
v -0.005124 -0.144685 0.164495
v -0.025433 -0.161969 0.165533
v -0.028353 -0.134795 0.158691
v -0.036265 -0.151296 0.158022
v -0.032043 -0.145132 0.162598
v -0.032266 -0.156140 0.159957
v -0.041723 -0.196755 0.155851
v -0.063327 -0.190636 0.147471
v -0.068533 -0.218394 0.137039
v -0.073149 -0.230049 0.132672
v -0.079417 -0.213739 0.135227
v -0.067823 0.213417 0.076614
v -0.100783 0.212043 0.061368
v -0.074893 0.205544 0.074356
v -0.078493 0.215847 0.066357
v -0.131226 0.243087 0.051239
v -0.124756 0.248610 0.047326
v -0.132132 0.234699 0.055333
v -0.124823 0.236335 0.055752
v -0.107803 0.221288 0.058574
v -0.157941 -0.117509 0.038513
v -0.125397 -0.205355 0.112847
v -0.017221 -0.113755 0.154711
v -0.033600 0.024159 0.139353
v -0.052985 -0.012910 0.139419
v -0.039575 -0.000008 0.142056
v -0.036982 0.008095 0.140627
v -0.028758 -0.007462 0.143612
v -0.023186 -0.004866 0.142240
v -0.054497 0.001036 0.139623
v -0.048342 0.006910 0.140600
v -0.062161 0.021270 0.136920
v -0.039990 -0.008750 0.143560
v -0.056773 0.027603 0.137500
v -0.060152 -0.009282 0.135521
v -0.072390 0.010675 0.132005
v -0.062757 0.007222 0.136445
v -0.081737 0.018427 0.127261
v -0.143296 -0.078782 0.056289
v -0.134749 -0.051850 0.060814
v -0.034355 0.047221 0.140763
v -0.049669 0.029741 0.138412
v -0.046187 0.069384 0.147049
v -0.034560 0.068696 0.146976
v -0.048449 0.057646 0.142741
v -0.168375 0.044566 0.034312
v -0.161500 0.019874 0.030021
v -0.153188 0.001121 0.035763
v -0.150041 -0.014714 0.030935
v -0.179495 0.121430 0.061857
v -0.152253 0.148985 0.079240
v -0.150020 0.128366 0.089744
v -0.168806 0.188934 0.053734
v -0.025699 0.094233 0.142813
v -0.043852 0.086627 0.144050
v -0.033647 0.107495 0.140717
v -0.000562 -0.135976 0.164363
v -0.024500 -0.128526 0.157008
v -0.083831 -0.134294 0.138694
v -0.063576 -0.142645 0.148945
v -0.056632 -0.159466 0.152061
v -0.041652 -0.173155 0.157564
v -0.048292 -0.166968 0.156655
v -0.063161 -0.201582 0.149268
v -0.063648 0.218931 0.075707
v -0.070651 0.218819 0.070266
v -0.073824 0.211500 0.071415
v -0.107924 0.207014 0.074346
v -0.097182 0.207051 0.067331
v -0.104150 0.203559 0.078796
v -0.101118 0.184458 0.082481
v -0.101944 0.197841 0.083370
v -0.087301 0.205128 0.069343
v -0.084375 0.211231 0.065986
v -0.120192 0.255329 0.039088
v -0.103598 0.223562 0.053032
v -0.097425 0.221362 0.050865
v -0.089001 0.219210 0.051585
v -0.140198 -0.209554 0.101395
v -0.029678 -0.022861 0.145430
v -0.022721 -0.028621 0.145259
v -0.019509 -0.017874 0.142006
v -0.031919 -0.014997 0.144638
v -0.088019 0.047989 0.136248
v -0.069475 0.064725 0.146074
v -0.081754 0.037917 0.135125
v -0.066285 0.054108 0.142938
v -0.071504 0.033290 0.136434
v -0.064603 0.042481 0.138619
v -0.076924 0.025350 0.132571
v -0.078837 0.042896 0.137346
v -0.088985 0.036603 0.130742
v -0.079099 0.050962 0.139313
v -0.088600 0.064191 0.143664
v -0.089005 0.057910 0.141907
v -0.146254 -0.085643 0.048076
v -0.148223 -0.099312 0.052635
v -0.136191 -0.040083 0.056313
v -0.139168 -0.027829 0.053884
v -0.184225 0.116112 0.054205
v -0.171200 0.102318 0.067914
v -0.081327 0.099590 0.143343
v -0.059712 0.109420 0.140335
v -0.055936 0.098799 0.144464
v -0.070035 0.119362 0.133984
v -0.064667 0.124703 0.131094
v -0.079564 0.107532 0.140040
v -0.101076 0.110900 0.132931
v -0.066616 0.104574 0.142915
v -0.088994 0.106090 0.139374
v -0.068675 0.085779 0.148675
v -0.092480 0.125205 0.125613
v -0.091999 0.112906 0.134624
v -0.102937 0.119998 0.124877
v -0.047448 -0.181656 0.159527
v -0.150237 -0.213199 0.096672
v -0.130741 -0.224155 0.110523
v -0.030691 -0.031260 0.145569
v -0.026962 -0.041829 0.147798
v -0.024746 -0.035288 0.146152
v -0.030737 -0.037436 0.144798
v -0.079613 0.069289 0.147374
v -0.091141 0.011546 0.117958
v -0.074911 -0.004212 0.126043
v -0.097993 0.008334 0.112424
v -0.094570 0.019648 0.116891
v -0.136242 -0.127301 0.089730
v -0.139713 -0.099987 0.069909
v -0.145642 -0.107111 0.063647
v -0.139782 -0.082577 0.063193
v -0.138195 0.144630 0.089398
v -0.135634 0.157758 0.083044
v -0.087374 0.137202 0.117758
v -0.118051 0.116188 0.118767
v -0.058669 -0.180946 0.151947
v -0.095995 0.044202 0.130852
v -0.142744 0.066816 0.098798
v -0.078618 0.058220 0.142882
v -0.075680 0.080260 0.147989
v -0.066111 -0.035806 0.130091
v -0.144485 0.159349 0.078325
v -0.155052 0.177499 0.064267
v -0.083811 0.132678 0.121537
v -0.082166 0.123595 0.129574
v -0.109882 0.136235 0.109200
v -0.109308 0.109282 0.129135
v -0.065718 -0.173670 0.151010
v -0.069151 -0.159046 0.150303
v -0.071999 -0.182139 0.144659
v -0.140035 -0.231577 0.104340
v -0.099934 0.056308 0.136231
v -0.157288 0.079395 0.079960
v -0.076002 0.071472 0.148178
v -0.086784 0.076392 0.146368
v -0.062726 -0.018804 0.131560
v -0.081643 -0.153241 0.141140
v -0.083444 -0.202695 0.136238
v -0.141185 -0.218525 0.102005
v -0.148755 -0.226849 0.098638
v -0.122453 0.085594 0.127826
v -0.108337 0.057856 0.132240
v -0.169590 0.088431 0.063455
v -0.087751 0.091031 0.145691
v -0.076974 0.092225 0.146899
v -0.153119 0.097553 0.093359
v -0.162293 0.100419 0.080796
v -0.066606 -0.112150 0.145900
v -0.109265 -0.209976 0.121517
v -0.095275 -0.219416 0.125926
v -0.091742 -0.199513 0.131023
v -0.106339 0.076180 0.139467
v -0.103717 0.068082 0.138393
v -0.083436 0.084318 0.147208
v -0.095880 0.084090 0.143775
v -0.046512 -0.022219 0.140703
v -0.037710 -0.027347 0.141187
v -0.039771 -0.018061 0.140980
v -0.046550 -0.012397 0.141629
v -0.158082 0.109411 0.086715
v -0.074105 -0.133429 0.139926
v -0.108216 -0.190613 0.124797
v -0.135842 -0.186170 0.102396
v -0.104048 0.097560 0.138178
v -0.094641 0.099277 0.140715
v -0.112653 0.099656 0.131872
v -0.106405 0.089131 0.138383
v -0.115184 0.084986 0.133520
v -0.098009 0.075276 0.143727
v -0.052208 -0.024357 0.137589
v -0.035347 -0.022474 0.142113
v -0.123916 -0.186581 0.113072
v -0.145149 -0.193015 0.096787
v -0.113573 0.072308 0.134897
v -0.113382 0.090316 0.135269
v -0.141030 -0.200147 0.100054
v -0.121351 0.069291 0.127715
v -0.114872 0.058811 0.127282
v -0.120706 0.057365 0.121465
v -0.123508 0.102786 0.122161
v -0.122228 0.092503 0.127476
v -0.137144 0.088368 0.112562
v -0.136800 0.094233 0.112051
v -0.137574 0.110431 0.107080
v -0.151420 -0.202368 0.093344
v -0.126557 0.060716 0.116582
v -0.126257 0.045195 0.104563
v -0.142379 0.102793 0.105399
v -0.150328 0.084009 0.093802
v -0.112658 -0.184671 0.119160
v -0.135515 -0.172079 0.099784
v -0.094322 -0.170474 0.130934
v -0.117283 -0.159370 0.114081
v -0.138076 0.080928 0.110198
v -0.125211 0.073748 0.124945
v -0.131480 0.069667 0.116951
v -0.095690 -0.156878 0.128606
v -0.100576 -0.141513 0.124721
v -0.099012 -0.126759 0.124419
v -0.071369 -0.110953 0.137750
v -0.118566 -0.140661 0.110719
v -0.051401 -0.132003 0.151108
v -0.063997 -0.126856 0.143999
v -0.040600 -0.113494 0.151853
v -0.037312 -0.102740 0.151010
v -0.088990 -0.104718 0.122293
v -0.069784 -0.098747 0.133930
v -0.117900 -0.122140 0.107394
v -0.033956 -0.115170 0.158523
v -0.029877 -0.108629 0.154822
v -0.039966 -0.124681 0.153129
v -0.038896 -0.118542 0.154105
v -0.036096 -0.108995 0.152292
v -0.101765 -0.095139 0.111310
v -0.109869 -0.096772 0.102935
v -0.115563 -0.068692 0.093731
v -0.128463 -0.096759 0.085561
v -0.101775 -0.074006 0.105589
v -0.118735 -0.083467 0.092906
v -0.128049 -0.119316 0.094022
v -0.121486 -0.102897 0.096576
v -0.120440 -0.063579 0.083101
v -0.166708 -0.153514 0.049286
v -0.165900 0.050267 0.043783
v -0.159253 0.046622 0.053166
v -0.153107 0.046259 0.064176
v -0.132534 0.016633 0.076355
v -0.151016 0.029212 0.056831
v -0.134045 0.029261 0.082594
v -0.145291 0.051313 0.082516
v -0.154525 0.015400 0.044646
v -0.134410 0.046426 0.095942
v -0.114457 0.016144 0.099035
v -0.127360 0.033240 0.094577
v -0.109790 0.024013 0.107780
v -0.106437 0.014900 0.106459
v -0.113087 0.041715 0.116827
v -0.107262 0.033123 0.116104
v -0.103482 0.040664 0.123642
v -0.093363 0.030562 0.125567
v -0.116113 -0.247525 0.115106
v -0.115308 -0.228379 0.115680
v -0.104019 -0.219542 0.122769
v -0.058724 0.197134 0.096123
v -0.052812 0.201159 0.096184
v -0.051374 0.192588 0.093786
v -0.054956 0.185232 0.092935
v -0.062109 0.189315 0.093673
v -0.074526 0.179462 0.090598
v -0.090804 0.170955 0.089003
v -0.080902 0.173149 0.089778
v -0.087852 0.187621 0.089174
v -0.074618 0.173256 0.091874
v -0.086785 0.179172 0.087250
v -0.081043 0.184461 0.089552
v -0.018684 -0.045416 0.147369
v -0.021857 -0.040765 0.145625
v -0.055734 0.225637 0.094865
v -0.070796 0.200654 0.091103
v -0.081374 0.195936 0.092482
v -0.045414 0.159839 0.102976
v -0.053939 0.153019 0.109484
v -0.054935 0.136805 0.122502
v -0.056273 0.143911 0.116046
v -0.070693 0.154300 0.106871
v -0.045745 0.134913 0.122631
v -0.088273 0.154034 0.103564
v -0.100859 0.159172 0.095038
v -0.105198 0.171832 0.084552
v -0.097974 0.177057 0.083556
v -0.114661 0.181865 0.076555
v -0.108233 0.182438 0.078932
v -0.117434 0.172402 0.080531
v -0.120304 0.157502 0.089951
v -0.084041 0.145944 0.110664
v -0.071450 0.134931 0.122343
v -0.097546 0.148473 0.103906
v -0.115422 0.146178 0.099461
v -0.110749 0.176747 0.079437
v -0.123324 0.179180 0.074264
v -0.141592 0.174943 0.070411
v -0.133333 0.170536 0.076384
v -0.145282 -0.027342 0.039969
v -0.148063 -0.027109 0.029047
v -0.070976 0.209676 0.082404
v -0.066245 0.215693 0.086396
v -0.083460 0.199529 0.079457
v -0.139246 0.241331 0.047503
v -0.145929 0.241971 0.043144
v -0.139290 0.252109 0.043177
v -0.145347 0.253903 0.039663
v -0.133239 0.252174 0.045250
v -0.137385 0.208277 0.061662
v -0.120433 0.198764 0.073577
v -0.111541 0.200647 0.078201
v -0.112251 0.190796 0.077571
v -0.105745 0.192739 0.081921
v -0.121388 0.189481 0.073225
v -0.167533 -0.148036 0.041542
v -0.151372 -0.113543 0.053083
v -0.158599 -0.156958 0.069956
v -0.165079 -0.158663 0.056258
v -0.155572 -0.138207 0.065923
v -0.059275 0.075394 0.148331
v -0.053482 0.080358 0.148039
v -0.063231 0.065771 0.145801
v -0.066687 0.075692 0.147162
v -0.042503 -0.059872 0.145008
v -0.032811 -0.073037 0.149484
v -0.024895 -0.075087 0.149806
v -0.030190 -0.082573 0.150750
v -0.024136 -0.083239 0.149373
v -0.025339 -0.062556 0.150065
v -0.018558 -0.063661 0.148031
v -0.024527 -0.068030 0.150681
v -0.028507 -0.076838 0.151485
v -0.037433 -0.080414 0.144378
v -0.025622 -0.052511 0.148897
v -0.042711 -0.069420 0.147751
v -0.040222 -0.088328 0.148950
v -0.051257 -0.099103 0.146858
v -0.038479 -0.095656 0.150028
v -0.047678 -0.093275 0.149399
v -0.043793 -0.101507 0.147002
v -0.051691 -0.110170 0.149508
v -0.058436 -0.112975 0.147055
v -0.057572 -0.104440 0.141505
v -0.021932 -0.057246 0.146902
v -0.035776 -0.049389 0.143581
v -0.032527 -0.042878 0.141739
v -0.036877 -0.073987 0.146374
v -0.035003 -0.063740 0.147762
v -0.063076 -0.076213 0.135745
v -0.045161 -0.076524 0.146352
v -0.049577 -0.067367 0.140813
v -0.054641 -0.076424 0.138288
v -0.047209 -0.070365 0.146074
v -0.048661 -0.077676 0.141529
v -0.053079 -0.105288 0.145554
v -0.062543 -0.099289 0.140318
v -0.061796 -0.085737 0.140939
v -0.054210 -0.089329 0.141955
v -0.051635 -0.090615 0.146449
v -0.030727 -0.047920 0.146730
v -0.030181 -0.067065 0.150567
v -0.030791 -0.057810 0.147648
v -0.039658 -0.063934 0.145235
v -0.097689 -0.022366 0.105792
v -0.091884 -0.007796 0.114773
v -0.082301 -0.009988 0.120408
v -0.081108 -0.025346 0.119830
v -0.098839 -0.006159 0.108150
v -0.115996 -0.007367 0.089592
v -0.108252 -0.004097 0.099253
v -0.119670 0.003189 0.088591
v -0.089997 -0.028744 0.113405
v -0.134851 -0.012796 0.066735
v -0.137003 -0.107846 0.079994
v -0.125872 0.112600 0.116047
v -0.127720 0.129894 0.104327
v -0.133249 0.128160 0.101706
v -0.142659 0.128695 0.095216
v -0.132322 -0.151571 0.099261
v -0.153069 -0.186748 0.085670
v -0.146258 -0.172869 0.092513
v -0.143652 -0.151781 0.090326
v -0.160445 -0.191038 0.078627
v -0.162412 -0.168741 0.070671
v -0.164039 -0.187132 0.074214
v -0.155627 -0.165717 0.077505
v -0.171530 -0.172711 0.049990
v -0.133332 -0.139962 0.096448
v -0.056762 -0.129366 0.148608
v -0.047888 -0.145044 0.156133
v -0.037754 -0.137024 0.158150
v -0.041087 -0.141806 0.158269
v -0.033015 -0.139084 0.160813
v -0.034139 -0.129043 0.158702
v -0.035890 -0.122319 0.159314
v -0.044370 -0.133311 0.154813
v -0.049263 -0.118886 0.153206
v -0.054341 -0.117072 0.150588
v -0.089682 -0.086702 0.117913
v -0.061892 0.204744 0.092726
v -0.097273 0.192963 0.086496
v -0.089658 0.196100 0.089084
v -0.095918 0.201060 0.082377
v -0.082949 0.197750 0.085177
v -0.068019 0.202057 0.084942
v -0.066314 0.196896 0.095726
v -0.074697 0.196008 0.094801
v -0.144005 0.221632 0.052768
v -0.147894 0.216448 0.051774
v -0.154523 0.214739 0.049686
v -0.144305 0.230817 0.048379
v -0.136596 0.226141 0.056589
v -0.151235 0.199128 0.056593
v -0.140990 0.185349 0.065561
v -0.138316 0.199977 0.062116
v -0.145996 0.206102 0.056660
v -0.129389 0.198601 0.067442
v -0.124040 0.206260 0.071250
v -0.124187 0.219367 0.066176
v -0.131088 0.225169 0.060909
v -0.126645 0.230364 0.059294
v -0.133801 0.214844 0.063109
v -0.121689 0.225649 0.062318
v -0.118810 0.212289 0.070737
v -0.129498 0.216268 0.065937
v -0.111632 0.211729 0.069660
v -0.116435 0.206200 0.074412
v -0.049790 -0.043773 0.137316
v -0.042872 -0.043318 0.143818
v -0.052406 -0.030760 0.136152
v -0.044097 -0.032811 0.142330
v -0.046323 -0.038157 0.139046
v -0.040350 -0.037909 0.142954
v -0.046278 -0.051459 0.143019
v -0.057637 -0.058959 0.135499
v -0.039999 -0.053728 0.145227
v -0.034327 -0.058411 0.142643
v -0.048661 -0.057971 0.138520
v -0.052114 -0.050764 0.136549
v -0.061782 -0.045802 0.133363
v -0.084260 -0.063908 0.118322
v -0.069426 -0.024661 0.127536
v -0.067705 -0.062002 0.129887
v -0.071322 -0.046955 0.126307
v -0.074137 -0.038943 0.123536
v -0.080324 -0.074752 0.123740
v -0.064619 -0.083038 0.136195
v -0.079274 -0.093466 0.129788
v -0.148612 0.004786 0.050306
v -0.145420 -0.016484 0.044960
v -0.141908 -0.002063 0.058029
v -0.127478 -0.003913 0.076478
v -0.133403 -0.027259 0.065549
v -0.124083 -0.018994 0.077890
v -0.138234 -0.017545 0.058265
v -0.123433 -0.029303 0.077157
v -0.105521 -0.024123 0.097516
v -0.111719 -0.047999 0.092432
v -0.106808 -0.037614 0.096038
v -0.119832 -0.037715 0.082008
v -0.101041 -0.057110 0.103450
v -0.089468 -0.054645 0.111858
v -0.087857 -0.041079 0.113739
v -0.127068 -0.048832 0.074629
v -0.097330 -0.038952 0.105389
v -0.117284 -0.053121 0.087984
v -0.128486 -0.059421 0.073298
v -0.124981 -0.077903 0.082263
v -0.146898 -0.143718 0.081200
v -0.133733 -0.089826 0.077406
v -0.150992 -0.139648 0.073610
v -0.142322 -0.125519 0.080426
v -0.167156 -0.170792 0.057025
v -0.075913 0.198323 0.085804
v -0.067611 0.262709 0.015771
v 0.211658 0.121186 -0.008360
v 0.203659 0.111416 -0.002578
v 0.200265 0.105354 -0.005093
v 0.191317 0.089928 0.001172
v 0.184085 0.072369 0.005386
v 0.180708 0.063434 0.001375
v 0.176047 0.051799 0.001328
v 0.175672 0.045303 0.014223
v 0.167211 0.030687 0.000961
v 0.164978 0.020724 0.013014
v 0.156768 0.001466 0.011269
v 0.152258 -0.012221 0.009873
v 0.149436 -0.022427 0.011012
v 0.147809 -0.033292 0.014535
v 0.146238 -0.044968 0.015206
v 0.145981 -0.056354 0.011427
v 0.148549 -0.075588 0.011800
v 0.152418 -0.094619 0.011810
v 0.160705 -0.124804 0.009734
v 0.167941 -0.145937 0.012965
v 0.177448 -0.178100 0.012554
v 0.181668 -0.197940 0.011776
v 0.184616 -0.211333 0.014491
v 0.186082 -0.230521 0.015696
v 0.188502 -0.238158 0.016020
v 0.186946 -0.238897 0.026823
v 0.187031 -0.239783 0.036792
v 0.186850 -0.241491 0.047360
v 0.183397 -0.244697 0.057457
v 0.179813 -0.251122 0.076252
v 0.173527 -0.255396 0.084006
v 0.168376 -0.259418 0.091429
v 0.162801 -0.263062 0.099628
v 0.154774 -0.266780 0.105182
v 0.146391 -0.270110 0.109415
v 0.138132 -0.273233 0.114835
v 0.128908 -0.276194 0.117945
v 0.119224 -0.278878 0.119373
v 0.110195 -0.281268 0.122579
v 0.099747 -0.283403 0.123897
v 0.090165 -0.284915 0.123444
v 0.080511 -0.286345 0.125849
v 0.070839 -0.287411 0.127814
v 0.060412 -0.288182 0.127623
v 0.050630 -0.288781 0.128026
v 0.040537 -0.289336 0.131244
v 0.030988 -0.289709 0.133965
v 0.017521 -0.289945 0.137502
v -0.004444 -0.289036 0.138902
v -0.028048 -0.286884 0.135332
v -0.027715 -0.277299 0.140324
v -0.026442 -0.259918 0.144655
v -0.026186 -0.249783 0.149003
v -0.025230 -0.240403 0.150328
v -0.025115 -0.227852 0.156103
v -0.024410 -0.212343 0.160197
v -0.024615 -0.203039 0.165106
v -0.023865 -0.193406 0.165066
v -0.024627 -0.183882 0.169954
v -0.023265 -0.174311 0.167877
v -0.023955 -0.164436 0.170723
v -0.023161 -0.154880 0.167786
v -0.023537 -0.144922 0.167903
v -0.022969 -0.125945 0.163066
v -0.023108 -0.116584 0.159219
v -0.023228 -0.106965 0.156815
v -0.023402 -0.096769 0.157502
v -0.022188 -0.087355 0.154209
v -0.021789 -0.077570 0.152626
v -0.021184 -0.067703 0.152922
v -0.020463 -0.058533 0.149850
v -0.021245 -0.048548 0.150491
v -0.020697 -0.038826 0.147814
v -0.020284 -0.028864 0.147608
v -0.019554 -0.019143 0.146284
v -0.017463 -0.000253 0.146452
v -0.015687 0.014539 0.146709
v -0.013424 0.033613 0.147648
v -0.011896 0.048817 0.150299
v -0.011059 0.058643 0.151872
v -0.009640 0.068444 0.151795
v -0.007248 0.078074 0.151673
v -0.005307 0.088959 0.151399
v -0.004160 0.097062 0.150236
v -0.003502 0.106614 0.148395
v -0.003483 0.116200 0.146221
v -0.004185 0.125360 0.141503
v -0.000168 0.133810 0.138036
v 0.004218 0.142275 0.134798
v 0.013208 0.153555 0.134912
v 0.022038 0.166492 0.133686
v 0.028593 0.175603 0.132033
v 0.033989 0.182750 0.130437
v 0.041561 0.190633 0.127241
v 0.047871 0.196765 0.124411
v 0.054931 0.202847 0.120523
v 0.061961 0.207907 0.116138
v 0.069370 0.213328 0.111156
v 0.076201 0.217465 0.105762
v 0.083835 0.221552 0.099684
v 0.090527 0.225345 0.093558
v 0.097394 0.229561 0.088094
v 0.103339 0.237293 0.088950
v 0.097846 0.242909 0.083397
v 0.092419 0.248034 0.078334
v 0.086626 0.253100 0.072713
v 0.083135 0.258828 0.065235
v 0.075233 0.265030 0.050982
v 0.070935 0.270594 0.042019
v 0.064907 0.268792 0.037521
v 0.061649 0.279656 0.024813
v 0.060603 0.281514 0.016087
v 0.060997 0.282665 0.012092
v 0.066089 0.275274 0.007178
v 0.074854 0.271477 0.006949
v 0.084068 0.268398 0.006614
v 0.093421 0.265936 0.006090
v 0.102904 0.266108 0.006162
v 0.107992 0.265778 0.009414
v 0.120351 0.269840 0.008161
v 0.133189 0.275291 0.011759
v 0.138725 0.280565 0.012235
v 0.147815 0.284519 0.011962
v 0.156846 0.286152 0.012687
v 0.162691 0.285464 0.010129
v 0.163811 0.280070 0.017437
v 0.164977 0.272785 0.024221
v 0.165927 0.265211 0.029768
v 0.167199 0.257140 0.033792
v 0.169476 0.245528 0.038018
v 0.168930 0.231164 0.044607
v 0.181765 0.226209 0.040069
v 0.184827 0.196114 0.048068
v 0.191767 0.183971 0.047702
v 0.194500 0.173600 0.048252
v 0.198989 0.167014 0.046186
v 0.204255 0.160252 0.043012
v 0.206686 0.149988 0.039379
v 0.209131 0.140926 0.033857
v 0.210169 0.132348 0.025758
v 0.211383 0.126040 0.015736
v 0.211827 0.122588 0.004180
v 0.053624 0.233390 0.077065
v 0.076174 0.259142 0.024075
v 0.057618 0.243732 0.053776
v 0.067204 0.245159 0.077178
v 0.063165 0.266096 0.024651
v 0.064315 0.256113 0.055058
v 0.072846 0.253385 0.065182
v 0.059390 0.271445 0.028794
v 0.061753 0.262465 0.035605
v 0.065111 0.276440 0.019954
v 0.060652 0.265670 0.030265
v 0.070855 0.260316 0.054907
v 0.067346 0.257850 0.044264
v 0.079660 0.254344 0.067373
v 0.058878 0.276506 0.019785
v 0.068529 0.264269 0.045617
v -0.000769 -0.252873 0.153440
v 0.094074 -0.067819 0.110541
v 0.114693 0.061064 0.127120
v 0.098167 0.235852 0.085445
v 0.091368 0.233416 0.085920
v 0.090777 0.240056 0.082027
v 0.164497 -0.182634 0.075759
v 0.180184 -0.208149 0.048783
v 0.124602 0.246585 0.048306
v 0.145300 0.267737 0.034320
v 0.161338 0.284000 0.015231
v 0.207243 0.117704 0.004565
v 0.058112 0.224429 0.099881
v 0.048530 0.187185 0.099692
v 0.098759 0.266370 0.024341
v 0.072195 0.276356 0.014223
v 0.080145 0.272588 0.021616
v 0.070540 0.274936 0.020043
v 0.062384 0.275665 0.013242
v 0.057743 0.246675 0.059948
v 0.062545 0.249432 0.064211
v 0.057353 0.238415 0.079207
v 0.059150 0.250850 0.054675
v -0.006097 -0.279886 0.140762
v 0.026646 -0.155159 0.161069
v 0.020582 -0.210067 0.160476
v 0.115996 -0.225661 0.118572
v 0.135378 -0.059389 0.059822
v 0.054063 -0.013238 0.136567
v 0.036882 -0.069011 0.148249
v 0.067714 0.090367 0.149811
v 0.141494 0.024888 0.067234
v 0.144908 0.163455 0.077605
v 0.052893 0.147197 0.114236
v 0.080945 0.230861 0.092175
v 0.080032 0.247601 0.077712
v 0.084114 0.243383 0.081724
v 0.170983 -0.223159 0.079781
v 0.175089 -0.176068 0.044727
v 0.184916 -0.226776 0.044393
v 0.183698 -0.216177 0.038225
v 0.147126 0.227425 0.047508
v 0.117923 0.265676 0.032767
v 0.156156 0.269190 0.030385
v 0.158424 0.277311 0.024745
v 0.144988 0.279481 0.019632
v 0.151700 0.255218 0.037272
v 0.184298 0.092150 0.028131
v 0.189658 0.108055 0.033740
v 0.047161 0.215360 0.104235
v 0.031260 0.186784 0.108163
v 0.100427 0.268877 0.016155
v 0.090935 0.271707 0.013335
v 0.081743 0.274475 0.014058
v 0.070081 0.263264 0.023555
v 0.067045 0.252281 0.031168
v 0.063802 0.258896 0.028127
v 0.065475 0.249848 0.044643
v 0.069999 0.256701 0.026234
v 0.059443 0.247922 0.048081
v 0.060172 0.255064 0.045494
v 0.061247 0.251953 0.037570
v 0.061390 0.256768 0.033342
v 0.058978 0.233660 0.089286
v 0.055171 0.238308 0.065949
v 0.055280 0.233889 0.061724
v 0.075026 0.208372 0.062247
v 0.062170 0.220894 0.059161
v 0.056032 0.220689 0.064730
v -0.006247 -0.227238 0.159937
v 0.006417 -0.275562 0.143692
v 0.010642 -0.130811 0.165511
v -0.000274 -0.196351 0.166620
v 0.130214 -0.245488 0.113534
v 0.146985 -0.122913 0.071951
v 0.147776 -0.086831 0.032821
v 0.145964 -0.042673 0.026560
v 0.023337 -0.012245 0.147045
v 0.017826 -0.045325 0.151004
v 0.011316 -0.078709 0.151845
v 0.022935 0.099845 0.146570
v 0.038759 0.050860 0.143744
v 0.154761 0.004791 0.029448
v 0.167848 0.180774 0.059682
v 0.159849 0.125767 0.081860
v 0.029247 0.157774 0.114538
v 0.026036 0.131324 0.127767
v 0.071032 0.218204 0.106030
v 0.073259 0.246957 0.076689
v 0.078788 0.239615 0.085875
v 0.175095 -0.234926 0.075944
v 0.177184 -0.178720 0.032744
v 0.184713 -0.236386 0.050410
v 0.185471 -0.230074 0.032510
v 0.182091 -0.231327 0.056595
v 0.185515 -0.211376 0.025037
v 0.182693 -0.205347 0.027812
v 0.186362 -0.226786 0.021985
v 0.181277 -0.204508 0.040022
v 0.176686 -0.221569 0.066097
v 0.179519 -0.211620 0.054225
v 0.183697 -0.224085 0.052246
v 0.127300 0.266356 0.021836
v 0.162697 0.270060 0.029154
v 0.163411 0.262325 0.033690
v 0.163009 0.277196 0.023243
v 0.153330 0.282143 0.019414
v 0.159567 0.281944 0.019357
v 0.151223 0.276538 0.025813
v 0.145832 0.273116 0.029127
v 0.140277 0.268868 0.031640
v 0.150987 0.269143 0.031317
v 0.149748 0.260265 0.035652
v 0.159368 0.244902 0.041561
v 0.187605 0.085316 0.010675
v 0.176436 0.067133 0.026183
v 0.204328 0.123546 0.024654
v 0.198463 0.111381 0.018618
v 0.200421 0.109030 0.006539
v 0.166505 0.029478 0.023670
v 0.061119 0.214217 0.110376
v 0.045331 0.206807 0.112255
v 0.033860 0.191645 0.118143
v 0.098218 0.265361 0.010548
v 0.108253 0.263711 0.015041
v 0.095151 0.270982 0.018201
v 0.086604 0.272487 0.018466
v 0.078035 0.265650 0.022467
v 0.067432 0.237368 0.088101
v 0.067472 0.226210 0.098985
v 0.051745 0.222905 0.071274
v 0.071306 0.230146 0.047079
v 0.065432 0.238641 0.046143
v 0.060367 0.235571 0.052562
v 0.068137 0.221064 0.055050
v -0.014084 -0.258159 0.148500
v -0.016685 -0.236791 0.154009
v -0.001526 -0.126216 0.164599
v -0.005797 -0.141936 0.168373
v -0.009504 -0.201702 0.166434
v 0.010820 -0.173369 0.167864
v 0.047345 -0.272813 0.136256
v 0.084201 -0.266207 0.127312
v 0.132119 -0.266852 0.117440
v 0.148775 -0.248366 0.104534
v 0.147634 -0.080423 0.026854
v 0.147309 -0.034958 0.020598
v -0.000688 -0.015475 0.146897
v 0.022579 0.025049 0.143269
v -0.001321 -0.043971 0.150869
v -0.008030 -0.076724 0.150214
v -0.005603 -0.092371 0.156050
v 0.012505 0.100079 0.146187
v 0.024579 0.073392 0.147075
v 0.156995 0.002756 0.021539
v 0.177148 0.160339 0.061020
v 0.022480 0.163368 0.121123
v 0.015779 0.141703 0.124360
v 0.005974 0.124252 0.131700
v 0.175752 -0.245026 0.079339
v 0.169402 -0.234610 0.083220
v 0.183597 -0.189134 0.020645
v 0.178991 -0.175527 0.025388
v 0.182284 -0.198505 0.030124
v 0.169948 -0.146492 0.018975
v 0.183250 -0.205172 0.018858
v 0.172434 -0.205463 0.068637
v 0.168043 -0.214223 0.079929
v 0.175322 -0.208148 0.061690
v 0.178026 -0.195559 0.053754
v 0.152597 -0.215391 0.097896
v 0.159307 -0.216045 0.089343
v 0.172812 -0.238860 0.080407
v 0.167545 -0.202220 0.078251
v 0.163453 -0.209314 0.083621
v 0.155800 -0.208054 0.091998
v 0.168836 -0.189296 0.065043
v 0.141746 -0.223667 0.104590
v 0.164359 0.230432 0.046193
v 0.173239 0.205914 0.049372
v 0.126507 0.269656 0.013956
v 0.117971 0.265489 0.015418
v 0.162666 0.249594 0.039271
v 0.129190 0.265255 0.032823
v 0.137786 0.255155 0.042812
v 0.176670 0.051619 0.018912
v 0.201277 0.116617 0.020821
v 0.197254 0.126488 0.038682
v 0.190327 0.100206 0.022696
v 0.193986 0.099089 0.010281
v 0.171286 0.036575 0.019449
v 0.052559 0.209152 0.113810
v 0.052673 0.216422 0.106512
v 0.047816 0.220534 0.096097
v 0.053240 0.222678 0.099678
v 0.034842 0.187476 0.125834
v 0.027860 0.179265 0.123036
v 0.038789 0.195976 0.119768
v 0.107145 0.267189 0.027515
v 0.103925 0.268746 0.021929
v 0.089110 0.257444 0.031562
v 0.083256 0.261930 0.027773
v 0.092225 0.263582 0.027912
v 0.100709 0.259192 0.035372
v 0.095236 0.256475 0.034493
v 0.052046 0.204315 0.078963
v 0.052790 0.213140 0.073111
v 0.079483 0.242447 0.037032
v 0.077813 0.248896 0.027991
v 0.086515 0.251029 0.029161
v 0.092688 0.243840 0.032841
v 0.097778 0.250800 0.033694
v 0.108423 0.234221 0.045564
v 0.108158 0.246910 0.038929
v 0.101209 0.238969 0.039473
v 0.111885 0.260033 0.039177
v -0.018419 -0.126981 0.164076
v -0.009325 -0.130671 0.162699
v -0.008974 -0.114150 0.157948
v -0.017361 -0.110875 0.159069
v -0.011274 -0.144856 0.168076
v -0.011949 -0.156061 0.168731
v -0.010264 -0.136662 0.166403
v -0.018399 -0.192927 0.166278
v -0.009969 -0.174157 0.169353
v 0.078878 -0.276533 0.126885
v 0.101259 -0.271927 0.125944
v 0.119074 -0.265395 0.119121
v 0.133765 -0.256053 0.114124
v 0.157806 -0.260836 0.103706
v 0.156308 -0.254324 0.103532
v 0.151236 -0.088053 0.016317
v 0.157714 -0.108541 0.022201
v 0.146194 -0.060981 0.015182
v 0.145888 -0.050438 0.021879
v 0.145961 -0.064730 0.019031
v -0.007510 0.001467 0.145498
v -0.007697 0.014004 0.145883
v -0.011971 -0.035478 0.147045
v -0.002432 -0.029053 0.148643
v -0.013529 -0.070236 0.151724
v -0.008976 -0.087195 0.152240
v -0.006681 -0.065210 0.150258
v -0.014432 -0.092540 0.152933
v -0.014702 -0.101675 0.154851
v -0.004967 -0.101683 0.157394
v -0.009809 -0.097134 0.153643
v 0.003115 0.105272 0.146382
v 0.007229 0.092306 0.149142
v 0.004373 0.113796 0.143049
v 0.005420 0.071513 0.146550
v 0.157327 0.001434 0.016373
v 0.020183 0.161358 0.129485
v 0.016650 0.151873 0.127132
v 0.010080 0.142484 0.129832
v 0.008578 0.133945 0.130298
v -0.000363 0.127375 0.134636
v 0.002514 0.119382 0.139392
v 0.167480 -0.249657 0.089296
v 0.165060 -0.239463 0.088508
v 0.159559 -0.249580 0.099377
v 0.178400 -0.188732 0.037608
v 0.176693 -0.184882 0.042798
v 0.174915 -0.198469 0.059519
v 0.167421 -0.140899 0.029619
v 0.167985 -0.139167 0.021827
v 0.125596 -0.200454 0.115982
v 0.150748 -0.236231 0.102277
v 0.155801 -0.242682 0.100185
v 0.156677 -0.227974 0.096557
v 0.149757 -0.223727 0.100924
v 0.155359 -0.235573 0.099697
v 0.152706 0.241271 0.043087
v 0.116201 0.263606 0.022055
v 0.123462 0.265625 0.029800
v 0.113548 0.263999 0.027126
v 0.110487 0.265199 0.033878
v 0.109192 0.264688 0.021732
v 0.132964 0.268780 0.022207
v 0.140455 0.273686 0.023174
v 0.143989 0.247839 0.041955
v 0.142987 0.261341 0.038283
v 0.135718 0.265800 0.037074
v 0.130468 0.260613 0.041629
v 0.137097 0.261386 0.040285
v 0.183239 0.078939 0.017548
v 0.180121 0.078875 0.026211
v 0.180285 0.060422 0.011822
v 0.205303 0.133183 0.032574
v 0.201681 0.141241 0.040939
v 0.163804 0.017923 0.016998
v 0.023491 0.170370 0.124953
v 0.028253 0.181931 0.114826
v 0.037448 0.163125 0.109247
v 0.032070 0.177833 0.108036
v 0.027813 0.174709 0.113396
v 0.038442 0.178078 0.104581
v 0.036585 0.184956 0.103132
v 0.042426 0.191341 0.100737
v 0.043980 0.203658 0.093373
v 0.042445 0.213644 0.096910
v 0.036800 0.196713 0.098693
v 0.046638 0.214130 0.083925
v 0.048983 0.197086 0.085539
v 0.036306 0.201145 0.104402
v 0.039913 0.205878 0.107766
v 0.033745 0.193025 0.103172
v 0.039076 0.206068 0.099845
v 0.044523 0.216637 0.091216
v 0.048751 0.223727 0.084752
v 0.051329 0.227380 0.089967
v 0.034245 0.195828 0.111576
v 0.061027 0.200833 0.074747
v 0.058794 0.208740 0.069999
v 0.068569 0.206461 0.065975
v 0.072356 0.244345 0.042501
v 0.075679 0.236426 0.040699
v 0.067350 0.248526 0.037913
v 0.083512 0.244065 0.030713
v 0.089034 0.222554 0.048122
v 0.079502 0.231541 0.041242
v 0.120585 0.255498 0.043332
v 0.076022 0.222254 0.050330
v -0.016604 -0.209263 0.163931
v 0.008034 -0.207857 0.164175
v 0.003181 -0.219160 0.159974
v 0.011195 -0.199974 0.166406
v 0.015633 -0.185197 0.170284
v 0.015852 -0.193797 0.164704
v -0.002199 -0.182796 0.172320
v 0.000390 -0.132099 0.166241
v -0.003363 -0.165451 0.171965
v 0.048245 -0.262599 0.138104
v 0.086835 -0.260501 0.127962
v 0.109418 -0.238541 0.119837
v 0.116247 -0.255033 0.118309
v 0.127514 -0.233503 0.113977
v 0.099132 -0.243184 0.123957
v 0.133199 -0.215555 0.109895
v 0.123994 -0.219784 0.116732
v 0.157796 -0.107749 0.018023
v 0.148284 -0.074927 0.017367
v 0.144685 -0.066449 0.033172
v 0.145644 -0.060935 0.025083
v 0.151951 -0.014631 0.016362
v -0.009954 -0.015516 0.146229
v -0.000484 0.009549 0.145247
v -0.003617 0.032767 0.145472
v 0.015063 0.004874 0.144892
v 0.014711 0.035998 0.143974
v 0.000472 -0.084198 0.155034
v -0.016038 -0.082931 0.150452
v -0.006653 -0.051957 0.149964
v 0.005442 -0.092372 0.155477
v 0.004508 0.083013 0.149184
v -0.001457 0.074671 0.148753
v 0.013673 0.078308 0.147129
v -0.003641 0.063031 0.146433
v 0.165135 0.194328 0.055711
v 0.174298 0.176424 0.058148
v 0.176398 0.167030 0.059851
v 0.020465 0.149929 0.121433
v 0.017134 0.131989 0.126945
v 0.037040 0.142491 0.117991
v 0.024443 0.144204 0.119996
v 0.028396 0.136405 0.123808
v 0.031073 0.152042 0.115454
v 0.037748 0.148050 0.115221
v 0.041591 0.154192 0.112034
v 0.050288 0.137462 0.122564
v 0.032086 0.167176 0.111130
v 0.010321 0.116605 0.136444
v 0.139699 -0.235847 0.106913
v 0.159382 0.234422 0.045394
v 0.153964 0.203770 0.056009
v 0.154357 0.216395 0.051564
v 0.162861 0.210440 0.051820
v 0.135865 0.247309 0.046540
v 0.145278 0.236644 0.044899
v 0.138061 0.240112 0.047417
v 0.123036 0.263742 0.039094
v 0.117885 0.260468 0.040806
v 0.130027 0.253169 0.045720
v 0.177405 0.060590 0.020828
v 0.199225 0.149908 0.045381
v 0.156622 0.020285 0.036177
v 0.162073 0.016416 0.021828
v 0.150015 -0.019648 0.022248
v 0.153500 -0.008330 0.021727
v 0.025279 0.174514 0.119835
v 0.047418 0.207028 0.083671
v 0.049960 0.224294 0.077646
v 0.064415 0.193644 0.080256
v 0.074591 0.196197 0.072906
v 0.103145 0.229452 0.045889
v 0.087044 0.235529 0.036329
v 0.117613 0.245743 0.046080
v 0.083064 0.212998 0.056297
v 0.111862 0.201549 0.067821
v 0.108934 0.206947 0.065575
v 0.093240 0.210566 0.058240
v 0.085766 0.200985 0.066915
v 0.113178 0.226062 0.053251
v 0.094199 0.204501 0.063807
v 0.102924 0.188479 0.076081
v 0.099762 0.198797 0.068873
v 0.096866 0.218202 0.052666
v 0.108919 0.217886 0.058640
v 0.081969 0.225457 0.046005
v 0.010486 -0.228214 0.159137
v 0.012506 -0.267212 0.147051
v 0.012845 -0.248272 0.153784
v 0.004089 -0.123640 0.165078
v 0.023803 -0.112456 0.154351
v 0.015566 -0.120798 0.161963
v 0.007968 -0.118567 0.163123
v 0.011498 -0.157500 0.168651
v 0.016590 -0.149986 0.166341
v 0.016537 -0.138304 0.165958
v 0.007202 -0.145055 0.166672
v 0.028058 -0.176187 0.162827
v 0.016798 -0.170142 0.168340
v 0.028649 -0.168214 0.161175
v 0.030752 -0.191979 0.158489
v 0.062040 -0.251709 0.136080
v 0.090395 -0.213750 0.130902
v 0.104672 -0.209002 0.125923
v 0.157695 -0.114375 0.029300
v 0.152075 -0.094977 0.023751
v 0.012473 -0.014661 0.146156
v 0.037770 0.006485 0.142078
v 0.027945 0.005937 0.144328
v -0.004515 0.043460 0.146808
v -0.006070 -0.039025 0.148894
v 0.005160 -0.037770 0.147233
v 0.010799 -0.030269 0.146644
v 0.005100 -0.076158 0.152828
v -0.000854 -0.078425 0.153509
v 0.020313 -0.067747 0.152379
v 0.014889 -0.070034 0.153686
v -0.013070 -0.056898 0.148918
v 0.007732 -0.053175 0.149263
v 0.002176 -0.063387 0.152878
v 0.002360 -0.069900 0.154315
v 0.009904 -0.067274 0.151149
v 0.006827 -0.061828 0.149446
v 0.001539 -0.094677 0.156603
v 0.003018 0.065573 0.144605
v 0.019116 0.091575 0.147757
v -0.003983 0.068623 0.148670
v -0.007157 0.063188 0.150192
v 0.026087 0.161559 0.116446
v 0.003241 0.118235 0.134803
v 0.013234 0.110880 0.140163
v 0.128238 0.197877 0.065954
v 0.144183 0.192330 0.063679
v 0.171391 0.069553 0.038791
v 0.169588 0.050121 0.029512
v 0.193198 0.152135 0.050467
v 0.148777 -0.003850 0.041281
v 0.056366 0.191190 0.088241
v 0.092892 0.232392 0.039900
v 0.084389 0.192620 0.074044
v 0.107232 0.193672 0.072079
v 0.122845 0.222689 0.059108
v 0.129560 0.242417 0.050384
v 0.137697 0.215879 0.056499
v 0.142798 0.219510 0.052233
v 0.139079 0.230681 0.049747
v 0.122383 0.234773 0.053300
v 0.116028 0.219293 0.060130
v 0.132324 0.224802 0.056069
v 0.138162 0.206095 0.059989
v 0.017393 -0.214831 0.158744
v 0.054831 -0.217313 0.146457
v 0.045802 -0.182383 0.154774
v 0.054685 -0.196749 0.154459
v 0.020786 -0.234407 0.152954
v 0.035855 -0.229964 0.150544
v 0.028932 -0.236309 0.149444
v 0.043198 -0.165516 0.157060
v 0.043460 -0.245883 0.144102
v 0.079621 -0.251771 0.130504
v 0.051556 -0.241765 0.141939
v 0.029832 -0.251548 0.147823
v 0.132178 -0.198286 0.108690
v 0.141452 -0.208843 0.104366
v 0.151038 -0.099918 0.038678
v 0.154747 -0.117916 0.048490
v 0.156668 -0.154366 0.072999
v 0.033756 0.032605 0.142331
v 0.039480 0.018518 0.142038
v 0.030260 -0.006246 0.144740
v 0.046811 0.038093 0.141996
v 0.002462 0.046654 0.145387
v -0.003528 0.053330 0.147702
v 0.008747 -0.043259 0.147718
v 0.028420 -0.019377 0.145089
v 0.023231 -0.092696 0.152958
v 0.001608 -0.051398 0.151834
v 0.012460 0.106332 0.144000
v 0.024660 0.117356 0.137354
v 0.139127 0.178106 0.072122
v 0.162772 0.037884 0.034969
v 0.158408 0.040232 0.046887
v 0.193237 0.140292 0.048962
v 0.058598 0.179803 0.098287
v 0.064019 0.163772 0.101647
v 0.050874 0.156901 0.107612
v 0.059178 0.157226 0.107293
v 0.049527 0.162239 0.105519
v 0.064650 0.146033 0.114896
v 0.061334 0.171617 0.100104
v 0.051070 0.180273 0.100660
v 0.061271 0.138385 0.123071
v 0.063989 0.131471 0.126698
v 0.088999 0.147794 0.109102
v 0.077390 0.148477 0.111050
v 0.092375 0.194339 0.071234
v 0.074908 0.184257 0.087178
v 0.106553 0.174180 0.085097
v 0.121931 0.209305 0.063643
v 0.027498 -0.218346 0.155352
v 0.062002 -0.204535 0.145127
v 0.046380 -0.152888 0.154454
v 0.068724 -0.240454 0.136148
v 0.060509 -0.229066 0.139023
v 0.093455 -0.227150 0.128190
v 0.086953 -0.235393 0.128294
v 0.114919 -0.196308 0.119929
v 0.167270 -0.152325 0.048470
v 0.170510 -0.163200 0.041908
v 0.012584 0.052920 0.144262
v 0.003970 0.055711 0.144322
v 0.015548 -0.035132 0.148722
v 0.019257 -0.022042 0.147879
v 0.022233 -0.037220 0.147566
v 0.039852 -0.012105 0.141184
v 0.045001 -0.014454 0.139891
v 0.020537 -0.079530 0.150059
v -0.001867 -0.057794 0.151296
v 0.020317 0.111843 0.138074
v 0.119026 0.176524 0.079725
v 0.146451 0.009826 0.054839
v 0.110712 0.128979 0.115340
v 0.075388 0.160227 0.102504
v 0.063573 0.185556 0.092371
v 0.081847 0.183227 0.084911
v 0.067946 0.177836 0.094420
v 0.090376 0.180184 0.084463
v 0.076686 0.169261 0.096105
v 0.097689 0.181941 0.081707
v 0.061259 -0.148701 0.148288
v 0.041905 -0.125268 0.152909
v 0.169947 -0.165812 0.050234
v 0.024431 -0.058930 0.146788
v 0.031528 -0.035495 0.142784
v 0.023361 -0.050499 0.148824
v 0.029167 -0.031604 0.144567
v 0.041658 -0.037957 0.140810
v 0.047925 -0.046336 0.139264
v 0.039771 -0.051046 0.144233
v 0.053766 -0.025616 0.135939
v 0.057397 -0.025617 0.134883
v 0.053076 -0.036154 0.135311
v 0.077523 0.022330 0.131008
v 0.052076 -0.000967 0.137005
v 0.048646 0.014510 0.139422
v 0.058857 0.016412 0.135785
v 0.015858 -0.081328 0.151995
v 0.015612 -0.096575 0.157456
v 0.026091 -0.072099 0.149187
v 0.155880 0.180774 0.064368
v 0.118022 0.190683 0.072332
v 0.148697 0.030991 0.059319
v 0.150441 0.010631 0.046785
v 0.079043 0.138407 0.120326
v 0.066347 0.127028 0.130698
v 0.081881 0.175724 0.090856
v 0.060096 -0.167724 0.149835
v 0.062188 -0.182768 0.149444
v 0.062044 -0.124957 0.142733
v 0.163414 -0.139536 0.045524
v 0.164492 -0.163771 0.061817
v 0.160346 -0.159061 0.066167
v 0.155880 -0.142684 0.066393
v 0.166285 -0.180364 0.065707
v 0.173489 -0.184137 0.055732
v 0.019253 -0.059591 0.150098
v 0.013089 -0.052059 0.151748
v 0.013197 -0.060388 0.152201
v 0.017330 -0.103623 0.156196
v 0.122832 0.157687 0.090417
v 0.130064 0.164374 0.083098
v 0.147038 0.150913 0.082594
v 0.160605 0.162747 0.070130
v 0.147548 0.059195 0.077214
v 0.121501 -0.014781 0.080461
v 0.140707 0.005610 0.061766
v 0.136069 0.011721 0.071031
v 0.144468 -0.010452 0.049175
v 0.141063 -0.009100 0.055501
v 0.143688 -0.020453 0.044023
v 0.132526 -0.029585 0.061680
v 0.137190 -0.024342 0.055656
v 0.142906 -0.031432 0.041281
v 0.144766 -0.028945 0.035516
v 0.100465 0.166816 0.091170
v 0.097008 0.157840 0.099223
v 0.073942 -0.213278 0.139849
v 0.045880 -0.065530 0.142357
v 0.144193 0.041448 0.070126
v 0.126494 -0.018501 0.073121
v 0.110262 -0.047116 0.091935
v 0.122416 -0.035757 0.075683
v 0.121347 -0.028019 0.077270
v 0.139450 -0.031783 0.049888
v 0.141220 -0.042375 0.041468
v 0.091962 0.133110 0.120434
v 0.110971 0.159206 0.093577
v 0.106253 0.143834 0.106926
v 0.090145 -0.190377 0.134187
v 0.036585 -0.138753 0.161681
v 0.033263 -0.110432 0.152926
v 0.025727 -0.124228 0.159552
v 0.021415 -0.120012 0.161808
v 0.051451 -0.112903 0.149409
v 0.152009 -0.127612 0.062736
v 0.162574 -0.170090 0.069559
v 0.159846 -0.163259 0.074856
v 0.071542 -0.046710 0.123613
v 0.058027 -0.058495 0.133548
v 0.061075 -0.043510 0.132202
v 0.116621 -0.045093 0.083269
v 0.133981 -0.040511 0.058258
v 0.094460 0.125075 0.126992
v 0.116061 0.140672 0.104777
v 0.075894 -0.189338 0.143685
v 0.151407 -0.134847 0.072501
v 0.126495 -0.046250 0.072899
v 0.131184 -0.048574 0.064095
v 0.125010 0.129349 0.107016
v 0.083273 0.126693 0.128368
v 0.089063 0.109760 0.139153
v 0.079806 0.115790 0.137285
v 0.100564 0.110120 0.134187
v 0.078008 -0.174739 0.147577
v 0.153699 -0.144223 0.075782
v 0.153728 -0.163019 0.081895
v 0.153751 0.049726 0.060099
v 0.156822 0.045518 0.052402
v 0.149341 0.052015 0.068476
v 0.132067 0.025574 0.078370
v 0.123617 -0.067102 0.082351
v 0.061904 0.113074 0.140202
v 0.129611 0.106500 0.115387
v 0.159279 -0.171125 0.077603
v 0.136508 0.035034 0.077508
v 0.127619 0.041687 0.096849
v 0.129110 0.035193 0.087587
v 0.067656 0.106956 0.143313
v 0.128329 0.120979 0.109331
v 0.074518 0.107472 0.142995
v 0.049856 0.110599 0.140192
v 0.109430 0.113393 0.127323
v 0.111037 0.093185 0.135789
v 0.109613 0.105223 0.131527
v 0.093119 0.103898 0.139922
v 0.054706 0.102095 0.144560
v 0.118004 0.100918 0.127138
v 0.099537 0.092705 0.142224
v 0.081051 0.088561 0.148575
v 0.081176 0.096390 0.147166
v 0.088115 0.088650 0.146583
v 0.090603 0.068373 0.144560
v 0.095530 0.077787 0.145210
v 0.085684 0.076900 0.148935
v 0.106406 0.085538 0.138875
v 0.134517 0.084092 0.113096
v 0.119076 0.110346 0.122465
v 0.105786 0.096659 0.138385
v 0.116459 0.070096 0.131253
v 0.099272 0.066802 0.140288
v 0.133253 0.092956 0.115117
v 0.136627 0.114232 0.105903
v 0.154864 0.101719 0.087911
v 0.142656 0.105051 0.102724
v 0.126064 0.097315 0.121731
v 0.140479 0.127091 0.097423
v 0.106643 0.073476 0.139097
v 0.096952 0.044811 0.130114
v 0.120050 0.092494 0.129057
v 0.115617 0.080825 0.132934
v 0.124837 0.084236 0.124041
v 0.125247 0.076343 0.124563
v 0.106748 0.063842 0.133856
v 0.124784 0.066598 0.120442
v 0.130424 0.072520 0.117197
v 0.121100 0.057232 0.120617
v 0.133571 0.067227 0.109285
v 0.143211 0.083379 0.101362
v 0.148723 0.104653 0.095897
v 0.105143 0.047090 0.127141
v 0.097955 0.024551 0.119867
v 0.115930 0.045459 0.115521
v 0.098405 0.035739 0.125596
v 0.109949 0.045081 0.121095
v 0.131456 0.060139 0.109442
v 0.134923 0.058799 0.101702
v 0.182577 0.099409 0.039339
v 0.184997 0.120393 0.051371
v 0.191130 0.128537 0.047247
v 0.187153 0.114958 0.044728
v 0.084503 0.268229 0.024719
v 0.171702 0.081602 0.046944
v 0.160601 0.065125 0.057490
v 0.159661 0.074202 0.065325
v 0.152246 0.080507 0.084671
v 0.136934 0.049240 0.088310
v 0.136433 0.042240 0.081689
v 0.142961 -0.071064 0.042229
v 0.048364 0.125787 0.131032
v 0.003919 -0.109180 0.160235
v -0.000520 -0.115381 0.161058
v 0.024783 -0.142222 0.162146
v 0.030792 0.082857 0.147506
v 0.185080 0.153084 0.056638
v 0.159303 0.144239 0.077374
v 0.167042 0.137436 0.073002
v 0.177455 0.139807 0.063912
v 0.152926 0.147561 0.080665
v 0.150224 0.121719 0.091249
v 0.137457 0.135669 0.095683
v 0.126534 0.144231 0.096960
v 0.127331 0.216679 0.060329
v 0.055794 0.033656 0.139395
v 0.060261 0.029485 0.137467
v 0.086251 0.039291 0.133564
v 0.074574 0.034124 0.135572
v 0.088932 0.049896 0.137433
v 0.090587 0.031459 0.128712
v 0.093372 0.024183 0.123593
v 0.075121 0.004632 0.129909
v 0.030037 0.104857 0.142299
v 0.040618 -0.111847 0.153485
v 0.056406 -0.092277 0.143634
v 0.020770 -0.107040 0.153376
v 0.014515 -0.109714 0.159276
v 0.011063 -0.103515 0.158484
v 0.038327 -0.096522 0.151232
v 0.034768 -0.085383 0.149081
v 0.041615 -0.084744 0.146320
v 0.017702 -0.115187 0.158799
v 0.142520 -0.052361 0.035893
v 0.140058 -0.052959 0.044592
v 0.137456 -0.049265 0.053301
v 0.139482 -0.063527 0.052420
v 0.131477 -0.064419 0.067270
v 0.140265 -0.076111 0.054775
v 0.141105 -0.097521 0.068417
v 0.144186 -0.101666 0.060466
v 0.146019 -0.114579 0.070304
v 0.143196 -0.088816 0.052106
v 0.135305 -0.112256 0.082337
v 0.084100 -0.140177 0.134341
v 0.081122 -0.160091 0.140189
v 0.138162 -0.079659 0.064827
v 0.147706 -0.101093 0.049774
v 0.125845 -0.085099 0.086230
v 0.132059 -0.079864 0.072658
v 0.128258 -0.069249 0.076892
v 0.112741 -0.067801 0.094352
v 0.114838 -0.056045 0.088144
v 0.107848 -0.081031 0.101955
v 0.142246 -0.136225 0.085583
v 0.135193 -0.098220 0.076021
v 0.099292 -0.053068 0.102498
v 0.111675 -0.034510 0.089676
v 0.112075 -0.023453 0.088940
v 0.134783 -0.120352 0.088697
v 0.139959 -0.141937 0.090682
v 0.118436 -0.095603 0.095250
v 0.125856 -0.100474 0.092228
v 0.130409 -0.098904 0.084306
v 0.127768 -0.127846 0.099056
v 0.120135 -0.137721 0.109403
v 0.120049 -0.124040 0.103943
v 0.112381 -0.121369 0.114065
v 0.115901 -0.014626 0.087592
v 0.084262 -0.014343 0.117771
v 0.098724 -0.103523 0.114248
v 0.136847 -0.145050 0.095753
v 0.092026 0.002981 0.114675
v 0.125181 -0.154829 0.107544
v 0.145650 -0.158139 0.088343
v 0.079639 -0.007071 0.123163
v 0.141949 -0.164944 0.096428
v 0.146999 -0.168403 0.090611
v 0.149614 -0.186807 0.093417
v 0.152236 -0.188221 0.089401
v 0.148135 -0.192882 0.098468
v 0.110561 0.024720 0.104790
v 0.105288 0.027694 0.114272
v 0.111308 0.018891 0.098772
v 0.119984 0.041335 0.108020
v 0.101622 -0.000269 0.103046
v 0.074211 -0.005678 0.128637
v 0.084038 -0.035613 0.114973
v 0.090208 -0.003462 0.113683
v 0.087583 -0.021120 0.111608
v 0.067605 -0.029044 0.128585
v 0.072732 -0.031988 0.122807
v 0.125264 -0.169014 0.110173
v 0.128020 -0.185654 0.110354
v 0.140383 -0.172964 0.101624
v 0.110648 0.011871 0.096461
v 0.065793 -0.001355 0.133411
v 0.064119 -0.014177 0.133171
v 0.102405 -0.007140 0.100848
v 0.067878 -0.020144 0.128947
v 0.103976 -0.167148 0.127171
v 0.118315 -0.175389 0.118302
v 0.094350 -0.026663 0.105640
v 0.099503 -0.038707 0.100698
v 0.090753 -0.156439 0.133304
v 0.086465 -0.178229 0.135861
v 0.105317 -0.186712 0.126333
v 0.081536 -0.198140 0.139307
v 0.018824 -0.128674 0.160894
v 0.119833 0.020387 0.089543
v 0.064520 0.072382 0.150112
v 0.025605 0.061486 0.145654
v 0.053079 0.055201 0.146274
v 0.056613 0.047520 0.143106
v 0.074625 0.045266 0.139947
v 0.038741 0.085407 0.148800
v 0.040383 0.096899 0.146980
v 0.048838 0.090066 0.148326
v 0.057329 0.082792 0.149514
v 0.076172 0.075361 0.149726
v 0.079044 0.080733 0.150421
v 0.154220 0.087415 0.085608
v 0.158406 0.098454 0.082503
v 0.170334 0.111046 0.068344
v 0.162644 0.119515 0.079260
v 0.174948 0.120641 0.064824
v 0.180519 0.132100 0.060495
v 0.174955 0.098575 0.053837
v 0.171691 0.103327 0.063037
v 0.156460 0.079575 0.076794
v 0.032027 0.125162 0.130305
v 0.035045 0.115932 0.137327
v 0.034659 0.108995 0.139614
v 0.042297 0.119802 0.136355
v 0.064092 -0.115061 0.140596
v 0.080591 -0.109824 0.129873
v 0.064465 -0.092712 0.134803
v 0.050695 -0.079157 0.139350
v 0.063749 -0.070352 0.132595
v 0.074561 -0.063213 0.124081
v 0.083740 -0.054602 0.114707
v 0.081065 -0.086692 0.122659
v 0.072023 -0.079051 0.126654
v 0.089022 -0.093706 0.119549
v 0.100759 -0.129116 0.123178
v 0.112329 -0.101362 0.104301
v 0.118205 0.012133 0.089018
v 0.127178 0.005863 0.079364
v 0.106838 -0.146134 0.121317
v 0.081056 -0.127719 0.135347
v 0.074681 -0.141758 0.141475
v 0.059434 0.061887 0.147749
v 0.073796 0.066268 0.148070
v 0.079887 0.056411 0.144031
v 0.068627 0.055814 0.143648
v 0.083199 0.066578 0.146349
v 0.064829 0.284713 0.004198
v 0.068790 0.286621 -0.002450
v 0.073336 0.288828 -0.008377
v 0.077154 0.286987 -0.017045
v 0.077847 0.293372 -0.020762
v 0.075931 0.294959 -0.027281
v 0.070025 0.295616 -0.035190
v 0.062506 0.295146 -0.042094
v 0.054594 0.294796 -0.047218
v 0.047522 0.295009 -0.053820
v 0.038786 0.294975 -0.059291
v 0.017258 0.297682 -0.072585
v 0.008539 0.297904 -0.077566
v -0.001041 0.299751 -0.080726
v -0.009862 0.300589 -0.081042
v -0.019761 0.298695 -0.078651
v -0.028025 0.297825 -0.073805
v -0.035342 0.296924 -0.067829
v -0.042539 0.295892 -0.060950
v -0.049008 0.297421 -0.053282
v -0.056029 0.295186 -0.046796
v -0.063187 0.295589 -0.040143
v -0.070132 0.296225 -0.033742
v -0.072738 0.291862 -0.023720
v -0.071686 0.289085 -0.018619
v -0.069391 0.284863 -0.012305
v -0.065398 0.277114 -0.000183
v -0.164126 0.286163 -0.006319
v -0.163098 0.288400 -0.015332
v -0.162592 0.288291 -0.024499
v -0.161958 0.287340 -0.033709
v -0.160854 0.285311 -0.042675
v -0.160292 0.281701 -0.050580
v -0.160637 0.276835 -0.058933
v -0.162103 0.271707 -0.066193
v -0.164196 0.265768 -0.072073
v -0.165751 0.258649 -0.076321
v -0.167442 0.249281 -0.080321
v -0.169768 0.235783 -0.083820
v -0.172488 0.228129 -0.083155
v -0.168170 0.226507 -0.091464
v -0.161607 0.223017 -0.096907
v -0.149508 0.219363 -0.099769
v -0.118143 0.210379 -0.103885
v -0.104154 0.206459 -0.106621
v -0.089915 0.201059 -0.109758
v -0.069442 0.201118 -0.111590
v -0.057447 0.195599 -0.112277
v -0.034866 0.195658 -0.111939
v -0.020746 0.189899 -0.112402
v -0.012254 0.191441 -0.111706
v -0.006663 0.190977 -0.112560
v -0.001008 0.190294 -0.112904
v 0.004614 0.191103 -0.112401
v 0.010238 0.191749 -0.111887
v 0.028953 0.194977 -0.112236
v 0.042195 0.196195 -0.111896
v 0.052436 0.198054 -0.111938
v 0.062674 0.199548 -0.110507
v 0.076978 0.201749 -0.110676
v 0.092704 0.206191 -0.108620
v 0.113601 0.213556 -0.105325
v 0.142979 0.221092 -0.099413
v 0.158722 0.225609 -0.097496
v 0.167712 0.228515 -0.094174
v 0.167509 0.230442 -0.084321
v 0.171150 0.239386 -0.085552
v 0.170247 0.249071 -0.085742
v 0.167727 0.258078 -0.083643
v 0.164468 0.265368 -0.078263
v 0.161259 0.271907 -0.071846
v 0.159545 0.277727 -0.064565
v 0.158801 0.282092 -0.056079
v 0.158639 0.286098 -0.047045
v 0.159435 0.288980 -0.037296
v 0.160860 0.291129 -0.027844
v 0.162080 0.292542 -0.018256
v 0.162048 0.292077 -0.008319
v 0.162229 0.289319 0.001140
v 0.002607 0.240484 -0.096482
v 0.000313 0.211322 -0.106162
v 0.010189 0.204517 -0.108853
v 0.084159 0.273477 -0.007026
v -0.104012 0.280740 -0.028610
v -0.086059 0.274357 -0.010874
v 0.084380 0.280937 -0.029548
v 0.075858 0.280236 -0.014742
v -0.075698 0.276866 -0.011655
v -0.083499 0.280192 -0.026594
v 0.080371 0.287918 -0.026873
v -0.076917 0.285457 -0.024356
v 0.099032 0.263175 -0.080460
v -0.153540 0.244016 -0.088948
v -0.132593 0.282809 -0.019164
v -0.078176 0.257024 -0.087082
v -0.156232 0.281685 0.000821
v -0.160687 0.288371 -0.011079
v -0.025024 0.258510 -0.085291
v 0.004614 0.271580 -0.084994
v 0.044882 0.266338 -0.078723
v 0.083133 0.287433 -0.051576
v -0.084131 0.285000 -0.051135
v 0.078947 0.280802 -0.023129
v 0.077689 0.286033 -0.039729
v -0.079706 0.288818 -0.039119
v -0.080126 0.279339 -0.019154
v -0.074744 0.282996 -0.017493
v -0.158782 0.240611 -0.090298
v -0.164582 0.243883 -0.085654
v -0.151725 0.258744 -0.073978
v -0.151457 0.287863 -0.020658
v -0.138566 0.275105 -0.050926
v -0.053654 0.273558 -0.073275
v -0.022894 0.276398 -0.078862
v 0.002337 0.281684 -0.083746
v 0.029302 0.275817 -0.072984
v 0.062157 0.279281 -0.071166
v 0.065871 0.290129 -0.056715
v -0.069947 0.290983 -0.050529
v 0.080904 0.278221 -0.017434
v 0.074442 0.289381 -0.033032
v 0.078490 0.283715 -0.032457
v 0.069696 0.289441 -0.044287
v -0.079705 0.284535 -0.032039
v -0.074553 0.290024 -0.033549
v -0.072138 0.293762 -0.043170
v -0.091943 0.276179 -0.022990
v -0.081090 0.275672 -0.014330
v -0.161395 0.252414 -0.082144
v -0.158841 0.289485 -0.019451
v -0.149497 0.269670 -0.051462
v -0.148989 0.281213 -0.036784
v -0.048159 0.282757 -0.062106
v -0.023863 0.290184 -0.077308
v 0.003002 0.292952 -0.080478
v 0.010504 0.284330 -0.079288
v -0.006029 0.292395 -0.081817
v 0.023691 0.283601 -0.070439
v 0.047614 0.282425 -0.064009
v 0.062287 0.293043 -0.050406
v -0.063085 0.291013 -0.046946
v -0.157566 0.264256 -0.072020
v -0.153748 0.273318 -0.049705
v -0.157470 0.284083 -0.036781
v -0.152723 0.287451 -0.029306
v -0.045796 0.289050 -0.057977
v 0.026123 0.292031 -0.068201
v -0.013706 0.291689 -0.081377
v 0.036598 0.287349 -0.063030
v 0.044528 0.288507 -0.058738
v 0.068848 0.292339 -0.050453
v 0.076868 0.291949 -0.047892
v 0.052654 0.290644 -0.053898
v -0.057200 0.286185 -0.054888
v -0.074812 0.287340 -0.055468
v -0.153047 0.279376 -0.039587
v -0.153831 0.289272 -0.024642
v -0.153296 0.283916 -0.033300
v -0.158100 0.287725 -0.028584
v -0.036650 0.285024 -0.065705
v -0.010136 0.275398 -0.085904
v -0.017651 0.284685 -0.081627
v 0.038106 0.273742 -0.073483
v 0.072956 0.288418 -0.058020
v -0.062316 0.287900 -0.053500
v -0.053780 0.290638 -0.051062
v -0.071589 0.272018 -0.074266
v -0.080871 0.290706 -0.046999
v -0.042299 0.285469 -0.061823
v 0.082392 0.272516 -0.069159
v 0.070303 0.282253 -0.066550
v 0.063182 0.285526 -0.063389
v -0.073564 0.280701 -0.062143
v -0.092950 0.285556 -0.038312
v -0.087330 0.280919 -0.034127
v -0.029761 0.279907 -0.072888
v 0.079642 0.278919 -0.059136
v 0.056567 0.280784 -0.066554
v -0.088129 0.287102 -0.045141
v -0.095145 0.280388 -0.031641
v 0.079844 0.284420 -0.055954
v 0.051623 0.271011 -0.074732
v 0.050814 0.277211 -0.068521
v 0.155911 0.242305 -0.093913
v 0.169495 0.234197 -0.089877
v 0.163221 0.234941 -0.094772
v 0.166310 0.241989 -0.091140
v 0.131826 0.279915 -0.026224
v 0.148738 0.290644 -0.009361
v 0.159435 0.288868 0.006099
v 0.157319 0.291113 -0.001141
v 0.152775 0.288572 0.005034
v 0.071460 0.276464 -0.002174
v -0.073872 0.271408 -0.001122
v -0.069586 0.275495 -0.003558
v -0.013846 0.209736 -0.107258
v 0.030636 0.215982 -0.106790
v 0.010409 0.199188 -0.110559
v -0.007909 0.198388 -0.110569
v 0.009799 0.211540 -0.105835
v 0.089181 0.274214 -0.001448
v -0.116174 0.273413 -0.005738
v -0.088382 0.275667 -0.003808
v 0.095265 0.230446 -0.100675
v 0.130098 0.265624 -0.062161
v -0.149645 0.233115 -0.096567
v -0.134923 0.282885 -0.009849
v -0.054406 0.228990 -0.101709
v -0.144904 0.281077 -0.005077
v -0.163554 0.231122 -0.092861
v -0.155455 0.227440 -0.097889
v -0.137030 0.222014 -0.101721
v -0.155456 0.255098 -0.080137
v -0.145179 0.247283 -0.084096
v -0.145373 0.242358 -0.089508
v -0.160435 0.260368 -0.076716
v -0.143162 0.236234 -0.094786
v -0.145375 0.287634 -0.030202
v -0.146973 0.276121 -0.043609
v -0.146135 0.285093 -0.035196
v -0.143049 0.270911 -0.051132
v -0.118625 0.259597 -0.074791
v -0.141882 0.261112 -0.064110
v -0.149522 0.265527 -0.058336
v -0.132608 0.266250 -0.062739
v -0.145241 0.265632 -0.056716
v -0.136432 0.264051 -0.062690
v 0.012189 0.262973 -0.084883
v -0.003579 0.280508 -0.085367
v 0.012885 0.272956 -0.080743
v -0.007974 0.256424 -0.090838
v -0.012516 0.267927 -0.086638
v -0.003891 0.268149 -0.088025
v 0.000321 0.253801 -0.092084
v -0.012628 0.241145 -0.096306
v -0.005643 0.240174 -0.097426
v 0.073315 0.274957 -0.069122
v 0.062380 0.268296 -0.082997
v 0.058347 0.271471 -0.077052
v 0.065734 0.274131 -0.077201
v 0.052851 0.262378 -0.083555
v -0.027561 0.269531 -0.079034
v -0.039680 0.272312 -0.074103
v -0.043073 0.280396 -0.065985
v -0.045140 0.272806 -0.073756
v -0.060370 0.279625 -0.066336
v -0.054849 0.281513 -0.061857
v -0.065593 0.284107 -0.061757
v -0.084347 0.285505 -0.040853
v -0.098036 0.276835 -0.024114
v -0.106524 0.276667 -0.019452
v -0.096884 0.273674 -0.013900
v 0.165535 0.253216 -0.087136
v 0.140329 0.235848 -0.099009
v 0.123546 0.283558 -0.008335
v 0.142771 0.289526 -0.018833
v 0.154331 0.292910 -0.011339
v 0.142701 0.283243 0.006055
v 0.147061 0.285831 0.002558
v 0.067469 0.279449 0.001936
v 0.070635 0.274069 0.003381
v 0.079256 0.270764 -0.002097
v 0.072956 0.281351 -0.007863
v 0.077024 0.274833 -0.008806
v -0.074491 0.267183 0.003412
v -0.080190 0.276172 -0.004630
v -0.082740 0.271818 0.001674
v 0.030678 0.208164 -0.109471
v 0.061499 0.225228 -0.103245
v -0.006582 0.210786 -0.106545
v -0.008104 0.229337 -0.100993
v -0.000724 0.226089 -0.101832
v 0.020550 0.234275 -0.094941
v 0.006757 0.227889 -0.098982
v 0.014811 0.221192 -0.101903
v 0.088883 0.268551 0.002062
v 0.098700 0.272871 0.000528
v -0.110253 0.272212 -0.004422
v 0.107202 0.223582 -0.105340
v 0.146678 0.269035 -0.058605
v -0.133360 0.279567 -0.001008
v -0.127964 0.276381 0.000882
v -0.142395 0.278751 0.002800
v -0.054504 0.217325 -0.106989
v -0.090755 0.224342 -0.103526
v -0.118922 0.229190 -0.098423
v -0.135233 0.227755 -0.099910
v -0.142658 0.285679 -0.024397
v -0.148572 0.282015 -0.007044
v -0.139445 0.283539 -0.014659
v -0.148318 0.285297 -0.016933
v -0.129218 0.282182 -0.010437
v -0.117031 0.281967 -0.021092
v -0.124818 0.281746 -0.015574
v -0.121356 0.276501 -0.007943
v -0.147476 0.258880 -0.069661
v -0.153118 0.264854 -0.065096
v -0.014998 0.257690 -0.089108
v -0.016944 0.276053 -0.083387
v -0.020818 0.268131 -0.083001
v 0.028941 0.269003 -0.077533
v -0.034814 0.275599 -0.072616
v -0.104297 0.273902 -0.012628
v -0.100593 0.272785 -0.004601
v 0.155689 0.256837 -0.087025
v 0.150047 0.228955 -0.098138
v 0.126260 0.276790 -0.000402
v 0.152651 0.292009 -0.018681
v 0.145555 0.278353 -0.039437
v 0.159242 0.293374 -0.013522
v -0.033919 0.202899 -0.110484
v 0.036071 0.200715 -0.111407
v 0.032013 0.223775 -0.103830
v 0.043974 0.218412 -0.106457
v 0.051663 0.208962 -0.111476
v 0.050026 0.214254 -0.109348
v 0.064296 0.214397 -0.110109
v 0.059388 0.205635 -0.111205
v 0.075256 0.209392 -0.111580
v 0.046601 0.243767 -0.097074
v 0.055178 0.238397 -0.099279
v 0.051478 0.225630 -0.104169
v 0.044337 0.231420 -0.102236
v 0.074374 0.226276 -0.103364
v 0.014719 0.232790 -0.096994
v 0.098270 0.268329 0.003976
v 0.107913 0.270945 -0.001385
v 0.097173 0.282529 -0.010107
v -0.112787 0.271705 0.004833
v 0.108814 0.216300 -0.106623
v 0.097226 0.218795 -0.108050
v 0.116638 0.223141 -0.104812
v 0.152345 0.277409 -0.060464
v -0.120883 0.272192 0.001204
v -0.054065 0.205483 -0.111018
v -0.075081 0.208820 -0.110214
v -0.097048 0.218226 -0.105698
v -0.075389 0.215803 -0.108644
v -0.105096 0.214697 -0.105697
v -0.112848 0.222205 -0.103167
v -0.131582 0.239037 -0.089767
v -0.130143 0.232562 -0.096109
v -0.122341 0.278891 -0.041383
v -0.132584 0.280974 -0.038116
v -0.114984 0.282075 -0.038841
v -0.124537 0.281301 -0.025319
v -0.138614 0.284976 -0.036073
v -0.135907 0.280870 -0.043999
v -0.130987 0.281859 -0.026090
v -0.127043 0.275337 -0.053605
v -0.132183 0.273239 -0.056566
v -0.116919 0.283184 -0.026731
v -0.110921 0.283849 -0.032889
v -0.129082 0.278102 -0.045119
v -0.133976 0.276936 -0.050815
v -0.125714 0.279420 -0.007861
v -0.144014 0.252456 -0.076760
v -0.026851 0.242896 -0.091755
v -0.035814 0.256023 -0.086055
v -0.046584 0.266768 -0.079585
v -0.035104 0.265349 -0.080499
v -0.106482 0.272851 0.002190
v -0.099167 0.274026 0.001681
v 0.163215 0.262109 -0.082872
v 0.155434 0.266896 -0.079414
v 0.137611 0.247211 -0.091763
v 0.126585 0.273742 0.004920
v 0.133407 0.281998 0.003639
v 0.141748 0.286262 -0.013507
v 0.150534 0.284706 -0.030807
v -0.036838 0.220833 -0.103652
v 0.021707 0.226820 -0.099146
v 0.052130 0.253314 -0.091255
v 0.038402 0.238118 -0.097112
v 0.011210 0.247887 -0.090489
v 0.117348 0.272978 -0.000598
v 0.095389 0.277904 -0.004065
v 0.103393 0.275747 -0.009370
v 0.090762 0.278903 -0.009905
v 0.089479 0.285167 -0.019470
v 0.085940 0.279042 -0.022771
v 0.089519 0.279269 -0.016808
v 0.089059 0.212457 -0.110350
v 0.087066 0.220892 -0.107182
v 0.080183 0.215861 -0.109833
v 0.128816 0.225773 -0.102745
v 0.127681 0.239157 -0.096375
v 0.119754 0.228982 -0.102640
v 0.156190 0.280691 -0.060961
v 0.149867 0.275363 -0.049606
v -0.040238 0.209640 -0.108506
v -0.065773 0.211901 -0.109378
v -0.122694 0.217683 -0.103660
v -0.126651 0.222929 -0.102573
v -0.122163 0.246623 -0.082263
v -0.123980 0.279609 -0.034390
v -0.127674 0.278817 -0.038322
v -0.101604 0.284499 -0.036236
v -0.138954 0.253194 -0.074030
v -0.127718 0.256871 -0.073005
v -0.132687 0.247519 -0.079618
v -0.133090 0.253985 -0.073313
v -0.020189 0.243545 -0.093242
v -0.032011 0.259339 -0.083884
v 0.160385 0.268784 -0.077195
v 0.148857 0.269514 -0.069875
v 0.145648 0.252962 -0.089760
v 0.143251 0.243186 -0.095707
v 0.128776 0.283344 -0.002875
v 0.129224 0.281128 -0.018408
v 0.150703 0.287863 -0.024965
v 0.156291 0.288499 -0.029801
v 0.155583 0.286092 -0.037117
v -0.029027 0.212415 -0.107031
v 0.063928 0.259709 -0.089438
v 0.121018 0.276852 -0.005921
v 0.112853 0.280451 -0.019003
v 0.112171 0.275998 -0.008706
v 0.117450 0.280095 -0.013506
v 0.123103 0.282934 -0.020310
v 0.121841 0.284894 -0.014322
v 0.106171 0.230101 -0.100357
v 0.131443 0.235009 -0.100160
v 0.127153 0.230001 -0.102418
v 0.150250 0.274129 -0.055830
v 0.154146 0.281720 -0.051155
v -0.076765 0.247404 -0.091937
v -0.083597 0.232986 -0.098261
v -0.072880 0.230717 -0.101341
v -0.124366 0.226893 -0.100917
v -0.126483 0.242783 -0.085405
v -0.092964 0.279267 -0.050452
v -0.094279 0.282360 -0.044858
v 0.149269 0.271899 -0.063299
v 0.154096 0.275672 -0.067564
v 0.154125 0.271368 -0.074070
v 0.152791 0.248164 -0.091888
v 0.149499 0.260693 -0.083402
v 0.156842 0.286809 -0.042494
v 0.150698 0.277990 -0.043417
v 0.150687 0.281273 -0.036677
v 0.070810 0.240516 -0.097095
v 0.103432 0.280862 -0.017486
v 0.116960 0.234210 -0.098160
v 0.111121 0.237906 -0.094222
v 0.125090 0.234489 -0.100027
v 0.135611 0.240592 -0.097143
v -0.052975 0.239415 -0.096317
v -0.084956 0.248140 -0.090987
v -0.063096 0.241496 -0.096684
v -0.116435 0.276367 -0.054110
v -0.088192 0.278849 -0.053908
v -0.102582 0.282164 -0.044215
v 0.141692 0.254705 -0.085325
v 0.148827 0.266149 -0.076454
v 0.138760 0.259884 -0.070741
v 0.144559 0.262171 -0.076073
v 0.143982 0.265403 -0.064704
v 0.137118 0.263593 -0.063082
v 0.137495 0.268554 -0.054349
v 0.141198 0.266577 -0.057634
v 0.075928 0.233798 -0.099454
v 0.104273 0.283905 -0.043212
v 0.097979 0.286526 -0.018046
v 0.107076 0.288350 -0.028776
v 0.094258 0.284018 -0.029935
v 0.086782 0.291073 -0.034399
v 0.104058 0.286112 -0.022330
v 0.109973 0.283043 -0.025001
v 0.100257 0.287616 -0.027863
v 0.117215 0.286303 -0.023026
v 0.102557 0.283810 -0.034850
v 0.094258 0.288378 -0.023918
v 0.086787 0.288481 -0.026322
v 0.084540 0.291348 -0.043468
v 0.091792 0.280052 -0.044991
v 0.087928 0.285753 -0.044498
v 0.093583 0.281671 -0.037680
v 0.098791 0.280040 -0.042288
v 0.090159 0.277334 -0.055155
v 0.102432 0.279026 -0.055709
v 0.097298 0.276872 -0.052778
v 0.103172 0.281422 -0.049363
v 0.123590 0.282339 -0.051280
v 0.113518 0.283239 -0.053555
v 0.100072 0.248311 -0.087806
v -0.033859 0.233902 -0.097203
v -0.121903 0.277508 -0.047519
v -0.108242 0.283437 -0.040489
v -0.089180 0.282169 -0.048577
v -0.080447 0.280200 -0.057296
v -0.077781 0.276118 -0.063949
v -0.092113 0.265376 -0.076493
v -0.087992 0.268826 -0.073023
v -0.079778 0.270410 -0.072702
v -0.086361 0.274870 -0.062104
v -0.094335 0.272608 -0.065138
v 0.130938 0.251157 -0.080046
v 0.135537 0.251686 -0.082812
v 0.126063 0.242856 -0.090561
v 0.130687 0.260055 -0.068676
v 0.091046 0.239658 -0.094550
v 0.105825 0.243137 -0.090263
v 0.117353 0.247593 -0.083862
v 0.122229 0.245764 -0.085524
v 0.108937 0.258764 -0.078912
v 0.117100 0.254600 -0.078103
v 0.096967 0.255057 -0.085080
v 0.121625 0.262949 -0.069396
v 0.126085 0.252331 -0.077944
v 0.083831 0.258154 -0.088447
v 0.088253 0.247989 -0.091011
v 0.085932 0.268982 -0.076467
v 0.092892 0.267376 -0.079625
v 0.094729 0.273796 -0.070916
v 0.087805 0.233849 -0.098544
v 0.072521 0.254905 -0.091656
v 0.070940 0.263713 -0.086242
v 0.070713 0.267685 -0.080383
v -0.034529 0.241693 -0.092547
v -0.052816 0.252557 -0.089085
v -0.025587 0.228805 -0.097640
v -0.014680 0.223249 -0.101887
v -0.069459 0.259800 -0.086103
v -0.073557 0.263551 -0.083308
v -0.078862 0.266490 -0.078265
v -0.060014 0.261174 -0.085765
v -0.106221 0.277435 -0.054514
v -0.124830 0.270684 -0.061793
v 0.106409 0.271017 -0.072542
v 0.102564 0.274738 -0.069405
v 0.064393 0.244347 -0.097019
v 0.058101 0.248714 -0.095361
v 0.032295 0.242572 -0.093250
v 0.042243 0.252804 -0.088553
v 0.083098 0.263050 -0.085571
v -0.059509 0.266157 -0.081424
v -0.060964 0.272412 -0.075133
v -0.120950 0.273704 -0.058663
v -0.109659 0.271659 -0.065107
v -0.102371 0.256030 -0.082392
v 0.114578 0.277409 -0.061889
v -0.068803 0.277902 -0.067945
v -0.104555 0.262571 -0.077155
v 0.110792 0.274388 -0.067286
v 0.107518 0.280143 -0.058972
v 0.096235 0.275617 -0.062902
v 0.090312 0.274831 -0.067490
v 0.021073 0.271387 -0.077007
v 0.013820 0.257788 -0.086439
v 0.028425 0.253580 -0.085922
v 0.036399 0.258827 -0.083990
v 0.019788 0.255922 -0.085229
v -0.113190 0.235216 -0.094070
v -0.102852 0.229043 -0.098806
v -0.110674 0.245988 -0.085881
v -0.108445 0.239648 -0.090936
v -0.098607 0.238232 -0.093598
v -0.090499 0.256638 -0.084535
v -0.119528 0.264869 -0.069904
v -0.108290 0.267293 -0.071496
v 0.143425 0.285000 -0.005383
v 0.138017 0.282293 -0.009818
v 0.135453 0.281822 -0.003433
v 0.137688 0.286041 -0.022012
v 0.141555 0.285133 -0.034020
v 0.135410 0.280901 -0.019290
v 0.142075 0.287756 -0.026688
v 0.134946 0.285447 -0.030069
v 0.132554 0.283868 -0.042788
v 0.128668 0.280940 -0.035869
v 0.135189 0.285573 -0.036928
v 0.138618 0.280216 -0.040525
v 0.125512 0.280802 -0.043654
v 0.121754 0.281274 -0.030521
v 0.142211 0.273939 -0.045582
v 0.117133 0.282066 -0.045537
v 0.126548 0.279523 -0.030363
v 0.122770 0.279992 -0.037230
v 0.145041 0.270653 -0.052240
v 0.135875 0.273215 -0.049165
v 0.130983 0.271099 -0.055322
v 0.110567 0.285272 -0.046853
v 0.112270 0.287554 -0.037010
v 0.117301 0.283270 -0.036326
v 0.116406 0.287507 -0.030214
v 0.135082 0.279115 -0.045595
v 0.122725 0.271344 -0.061809
v 0.127357 0.277429 -0.054724
v 0.121015 0.279258 -0.057306
v 0.130289 0.281727 -0.049134
v 0.132065 0.255638 -0.074124
v 0.086068 0.277231 -0.061937
v -0.184579 -0.245075 -0.002609
v -0.183501 -0.246032 -0.013420
v -0.180224 -0.248162 -0.023190
v -0.175817 -0.250809 -0.031496
v -0.168606 -0.257207 -0.048188
v -0.159393 -0.264492 -0.063782
v -0.153493 -0.268913 -0.074436
v -0.141028 -0.275285 -0.087975
v -0.132498 -0.278742 -0.094399
v -0.118346 -0.283584 -0.105340
v -0.107929 -0.286365 -0.109862
v -0.091791 -0.290289 -0.118231
v -0.079503 -0.292632 -0.119251
v -0.069451 -0.294323 -0.120607
v -0.059376 -0.295850 -0.122258
v -0.048946 -0.296587 -0.121069
v -0.038786 -0.297120 -0.120419
v -0.029047 -0.296987 -0.119831
v -0.019905 -0.296371 -0.117602
v -0.011643 -0.295933 -0.117048
v -0.004149 -0.295877 -0.119160
v 0.004136 -0.296325 -0.120251
v 0.013544 -0.296816 -0.119905
v 0.023469 -0.296808 -0.120038
v 0.033534 -0.296443 -0.119639
v 0.043684 -0.295718 -0.119079
v 0.054115 -0.294441 -0.120092
v 0.064833 -0.292833 -0.120735
v 0.072552 -0.291500 -0.119146
v 0.084175 -0.288994 -0.117430
v 0.094986 -0.286390 -0.115538
v 0.102965 -0.284303 -0.110426
v 0.112038 -0.281632 -0.106406
v 0.121951 -0.278507 -0.100845
v 0.129399 -0.275792 -0.095224
v 0.136792 -0.272733 -0.090295
v 0.143602 -0.269721 -0.082211
v 0.151407 -0.265964 -0.075029
v 0.160776 -0.260239 -0.059018
v 0.169805 -0.253697 -0.043747
v 0.174331 -0.249645 -0.033078
v 0.178458 -0.246250 -0.024042
v 0.182637 -0.243171 -0.014528
v 0.183502 -0.241409 -0.004163
v 0.186107 -0.239651 0.005655
v 0.212551 0.123289 -0.021272
v 0.212608 0.127821 -0.034067
v 0.212540 0.135339 -0.046134
v 0.212715 0.147120 -0.057991
v 0.211414 0.153773 -0.063205
v 0.199841 0.163323 -0.070683
v 0.201991 0.172062 -0.073577
v 0.194230 0.176658 -0.076146
v 0.193600 0.190588 -0.077691
v 0.187765 0.198394 -0.080024
v 0.183503 0.206753 -0.082422
v 0.178208 0.214637 -0.083729
v 0.171242 0.221407 -0.083517
v -0.174664 0.219861 -0.084269
v -0.178956 0.211758 -0.084336
v -0.184943 0.203408 -0.084054
v -0.191728 0.196058 -0.085666
v -0.192484 0.188725 -0.083960
v -0.202553 0.181182 -0.079443
v -0.205637 0.168993 -0.076061
v -0.212183 0.158403 -0.070873
v -0.215275 0.149472 -0.065955
v -0.216526 0.140740 -0.059361
v -0.218445 0.132503 -0.049548
v -0.218177 0.125391 -0.038534
v -0.217397 0.120089 -0.026012
v -0.000885 0.184417 -0.106436
v -0.005564 0.169661 -0.107838
v -0.000879 0.147532 -0.107990
v -0.001136 0.135079 -0.112169
v -0.003680 0.118722 -0.118942
v -0.000815 0.112140 -0.123883
v -0.000654 0.104407 -0.125970
v -0.011007 0.183556 -0.106617
v -0.010972 0.175056 -0.105804
v -0.010982 0.154562 -0.105246
v -0.011206 0.144661 -0.105942
v -0.011164 0.135588 -0.108590
v -0.011301 0.126384 -0.112276
v -0.011303 0.118463 -0.116816
v -0.013463 0.111374 -0.122254
v -0.010048 0.103294 -0.124398
v -0.008402 0.096728 -0.122648
v -0.001581 0.084950 -0.116558
v -0.009246 0.080732 -0.113379
v -0.016799 0.073993 -0.113435
v -0.016692 0.066467 -0.109855
v -0.010681 0.044636 -0.106340
v -0.005538 0.181260 -0.115174
v -0.009803 0.172314 -0.115761
v -0.012879 0.163441 -0.115441
v -0.015768 0.154907 -0.114581
v -0.018152 0.145889 -0.113925
v -0.019975 0.137534 -0.115414
v -0.021475 0.128453 -0.116902
v -0.023439 0.119046 -0.118209
v -0.023189 0.111037 -0.123837
v -0.023815 0.103512 -0.123623
v -0.022986 0.095756 -0.122467
v -0.022497 0.082268 -0.114283
v -0.031190 0.069428 -0.109399
v -0.024865 0.060924 -0.107651
v 0.009305 0.183633 -0.107226
v 0.009312 0.174956 -0.106027
v 0.009243 0.163544 -0.105100
v 0.009284 0.144462 -0.105767
v 0.009123 0.135504 -0.108678
v 0.009382 0.125382 -0.112996
v 0.009670 0.118033 -0.117270
v 0.010001 0.110947 -0.123634
v 0.009009 0.103228 -0.125709
v 0.010279 0.095494 -0.122150
v 0.013757 0.085822 -0.116181
v 0.008552 0.080677 -0.112458
v 0.013033 0.074462 -0.112723
v 0.003930 0.181395 -0.115179
v 0.007707 0.172755 -0.115881
v 0.011083 0.163392 -0.114946
v 0.014176 0.154723 -0.114820
v 0.016502 0.145659 -0.113057
v 0.017994 0.137172 -0.114242
v 0.019218 0.127788 -0.115059
v 0.020113 0.118819 -0.117530
v 0.021477 0.111611 -0.124045
v 0.021943 0.103072 -0.125787
v 0.021295 0.094154 -0.121150
v 0.026617 0.087231 -0.114106
v 0.022621 0.081187 -0.111849
v 0.028580 0.075478 -0.109493
v 0.015855 0.065036 -0.109054
v 0.010898 0.046379 -0.107026
v 0.182613 -0.213291 -0.005500
v 0.087721 -0.147149 -0.083074
v 0.076414 -0.027530 -0.078262
v 0.168232 0.076366 -0.047921
v -0.001396 0.065226 -0.109816
v 0.207984 0.116976 -0.013448
v 0.115562 0.123846 -0.104477
v 0.159355 0.174346 -0.090006
v 0.167396 0.213559 -0.094791
v 0.167527 0.224749 -0.088400
v 0.171756 0.218725 -0.090895
v 0.166528 0.220783 -0.096657
v 0.056438 0.157451 -0.120242
v 0.038791 0.170882 -0.117643
v 0.015714 0.099299 -0.124111
v 0.015650 0.107426 -0.126258
v 0.015111 0.114977 -0.121513
v 0.002712 0.097520 -0.123299
v 0.004984 0.114921 -0.120149
v 0.004442 0.108835 -0.124761
v -0.005815 0.109005 -0.125366
v 0.004803 0.122793 -0.115429
v 0.013820 0.131547 -0.111997
v 0.004726 0.185176 -0.110200
v 0.008882 0.168485 -0.110839
v 0.004826 0.137161 -0.109263
v 0.004601 0.168171 -0.106784
v 0.004562 0.149925 -0.106510
v 0.004245 0.186804 -0.106716
v -0.006059 0.126573 -0.115440
v -0.037940 -0.132966 -0.086852
v -0.078863 -0.020747 -0.079167
v -0.017535 0.099443 -0.122995
v -0.015901 0.131634 -0.112065
v -0.017208 0.107073 -0.124421
v -0.096712 0.131596 -0.113938
v -0.015116 0.141192 -0.111076
v -0.005858 0.141651 -0.109130
v -0.005786 0.154230 -0.108697
v -0.006107 0.186932 -0.106996
v -0.014748 0.150626 -0.109706
v -0.006460 0.185217 -0.110416
v -0.010183 0.177868 -0.111137
v -0.011926 0.168787 -0.110649
v -0.056232 0.164398 -0.117025
v -0.164176 0.183836 -0.091316
v -0.021872 0.178618 -0.113628
v -0.170494 0.211650 -0.096021
v -0.170281 0.218322 -0.094732
v -0.175317 0.214168 -0.090300
v 0.175008 -0.191932 -0.017029
v 0.180950 -0.205585 -0.003156
v 0.163778 -0.215144 -0.047003
v 0.118566 -0.108732 -0.047707
v 0.110548 -0.217342 -0.100646
v 0.136211 0.000727 -0.042201
v 0.005073 -0.032464 -0.078517
v 0.189267 0.092985 -0.028954
v 0.198937 0.108017 -0.028013
v 0.205751 0.115575 -0.022795
v 0.201125 0.107894 -0.019183
v 0.203355 0.117214 -0.033419
v 0.194753 0.097341 -0.019954
v 0.164927 0.050342 -0.032678
v 0.164074 0.103720 -0.067066
v -0.001608 0.074554 -0.114711
v 0.098595 0.050758 -0.091978
v 0.070258 0.094295 -0.112543
v 0.137559 0.199370 -0.097319
v 0.170361 0.182246 -0.085340
v 0.151986 0.216513 -0.097436
v 0.175149 0.204568 -0.088689
v 0.040885 0.145121 -0.115005
v 0.070281 0.178449 -0.114827
v 0.021128 0.170246 -0.118453
v 0.030058 0.182821 -0.112134
v -0.108919 -0.109080 -0.059473
v -0.130735 -0.022636 -0.036918
v -0.170784 -0.189477 -0.032537
v -0.178382 -0.232418 -0.021615
v -0.183383 -0.240871 -0.009409
v -0.182329 -0.218542 -0.011920
v -0.174034 -0.202741 -0.023040
v -0.150983 0.024645 -0.041579
v -0.173793 0.056481 -0.032182
v -0.189927 0.102697 -0.051939
v -0.198073 0.100515 -0.037702
v -0.209884 0.113397 -0.032046
v -0.096387 0.065561 -0.098809
v -0.095332 0.163925 -0.115763
v -0.065720 0.128680 -0.117392
v -0.041400 0.181140 -0.114059
v -0.027031 0.163628 -0.117963
v -0.173653 0.182912 -0.088161
v -0.139162 0.198234 -0.097728
v -0.169544 0.134869 -0.082381
v -0.013688 0.182158 -0.113833
v -0.016326 0.175761 -0.117695
v -0.027540 0.169989 -0.118865
v -0.029701 0.186809 -0.113303
v -0.178688 0.203649 -0.092121
v -0.156475 0.210798 -0.097745
v 0.172276 -0.168283 -0.012477
v 0.183096 -0.211978 0.009297
v 0.174950 -0.241084 -0.028105
v 0.181651 -0.224650 -0.007653
v 0.166171 -0.237334 -0.047875
v 0.141237 -0.084432 -0.012040
v 0.124507 -0.244579 -0.095783
v 0.065275 -0.243726 -0.121648
v 0.159449 0.021021 -0.020645
v 0.136120 -0.029115 -0.023002
v 0.194616 0.095323 -0.009573
v 0.190903 0.088757 -0.013120
v 0.177514 0.058270 -0.014803
v 0.187973 0.123333 -0.057739
v 0.189280 0.102486 -0.040839
v 0.053671 0.092463 -0.115256
v 0.149609 0.198756 -0.093187
v 0.119425 0.195921 -0.103795
v 0.180203 0.187940 -0.082532
v 0.173858 0.163615 -0.081768
v 0.141459 0.215351 -0.099139
v 0.175688 0.212620 -0.089365
v 0.030818 0.141885 -0.114915
v 0.035521 0.121677 -0.117756
v 0.059847 0.190270 -0.114659
v 0.071430 0.189371 -0.115866
v 0.014462 0.169152 -0.116618
v 0.014841 0.178979 -0.116848
v 0.023849 0.151841 -0.112500
v 0.028762 0.189324 -0.112848
v 0.017259 -0.246423 -0.122343
v -0.083337 -0.256044 -0.118931
v -0.141584 -0.129125 -0.039016
v -0.137746 -0.091118 -0.028947
v -0.161038 -0.243415 -0.056872
v -0.117942 -0.240595 -0.102593
v -0.173913 -0.182544 -0.017946
v -0.180092 -0.205459 -0.004687
v -0.169086 0.035173 -0.019472
v -0.181609 0.061492 -0.018872
v -0.200516 0.114365 -0.049229
v -0.197351 0.092566 -0.024396
v -0.209997 0.120086 -0.042383
v -0.209167 0.125652 -0.050906
v -0.205456 0.113059 -0.040721
v -0.192269 0.133694 -0.068619
v -0.197111 0.125595 -0.060975
v -0.190074 0.114190 -0.059897
v -0.207894 0.107805 -0.022705
v -0.067040 0.062264 -0.104669
v -0.092010 0.183509 -0.113524
v -0.044480 0.122360 -0.117631
v -0.061394 0.098998 -0.120090
v -0.038751 0.188489 -0.113919
v -0.060366 0.185150 -0.114812
v -0.048444 0.190442 -0.113788
v -0.022164 0.160117 -0.115398
v -0.031450 0.151048 -0.115051
v -0.182783 0.187542 -0.086513
v -0.181587 0.162413 -0.083885
v -0.150221 0.198037 -0.095479
v -0.116946 0.195341 -0.104461
v -0.035865 0.176924 -0.113187
v -0.029282 0.177455 -0.113066
v -0.181563 0.205623 -0.087285
v -0.183215 0.195198 -0.089852
v -0.156564 0.216523 -0.098559
v 0.184463 -0.224554 0.007384
v 0.182943 -0.221982 0.001203
v 0.178745 -0.196514 -0.008435
v 0.175813 -0.224656 -0.021843
v 0.171644 -0.243269 -0.041128
v 0.159708 -0.241837 -0.057541
v 0.147077 -0.253877 -0.075156
v 0.142757 -0.076721 -0.004079
v 0.102269 -0.261608 -0.111009
v 0.073809 -0.261960 -0.120394
v 0.163342 0.023310 -0.007069
v 0.150134 -0.008140 -0.010164
v 0.141346 -0.043265 -0.005879
v 0.182172 0.076763 -0.022503
v 0.183762 0.073377 -0.013728
v 0.183236 0.070447 -0.007475
v 0.187418 0.085009 -0.020304
v 0.172204 0.046209 -0.014323
v 0.203801 0.135306 -0.053298
v 0.042331 0.049406 -0.105740
v 0.123600 0.208677 -0.102545
v 0.186303 0.192564 -0.080887
v 0.178274 0.172957 -0.081659
v 0.100854 0.202394 -0.107251
v 0.155414 0.200851 -0.092578
v 0.167377 0.189098 -0.087219
v 0.021872 0.142027 -0.111995
v 0.027944 0.133125 -0.112734
v 0.042164 0.108760 -0.123145
v 0.045790 0.192391 -0.114389
v 0.065105 0.195226 -0.111528
v 0.080090 0.192681 -0.111791
v 0.008948 0.177505 -0.116028
v 0.010073 0.185068 -0.114379
v 0.019952 0.184214 -0.112378
v 0.026583 0.176945 -0.116414
v 0.044325 0.175897 -0.112914
v 0.027776 0.171568 -0.118454
v 0.015826 0.159885 -0.114093
v 0.018318 -0.268358 -0.122549
v -0.010106 -0.259655 -0.123557
v -0.142470 -0.100288 -0.022671
v -0.152578 -0.015986 -0.004238
v -0.136808 -0.044006 -0.021053
v -0.164399 -0.256642 -0.054478
v -0.143789 -0.246012 -0.079944
v -0.170852 -0.156073 -0.008316
v -0.174590 -0.223757 -0.028476
v -0.172352 -0.245719 -0.041564
v -0.179625 -0.192950 -0.008577
v -0.175757 0.044570 -0.014442
v -0.159185 0.014562 -0.018272
v -0.186118 0.067630 -0.011166
v -0.193131 0.083644 -0.017675
v -0.179598 0.050947 -0.010036
v -0.204351 0.101710 -0.014981
v -0.168673 0.109779 -0.072791
v -0.173797 0.099606 -0.065708
v -0.182996 0.114461 -0.065365
v -0.169729 0.100557 -0.069389
v -0.173594 0.089994 -0.057391
v -0.180792 0.129630 -0.074717
v -0.185797 0.091177 -0.047729
v -0.181488 0.095553 -0.054357
v -0.195030 0.101134 -0.044413
v -0.187002 0.081468 -0.031945
v -0.187547 0.089775 -0.043574
v -0.196519 0.094151 -0.030122
v -0.172792 0.074075 -0.053293
v -0.178394 0.083096 -0.051837
v -0.181464 0.074386 -0.034597
v -0.176424 0.071500 -0.039715
v -0.205134 0.138415 -0.063950
v -0.209264 0.132831 -0.057746
v -0.049055 0.057165 -0.106045
v -0.041286 0.118725 -0.118847
v -0.043048 0.108243 -0.121882
v -0.044921 0.097529 -0.121566
v -0.079514 0.171823 -0.116413
v -0.070300 0.179430 -0.116818
v -0.022279 0.151914 -0.113931
v -0.027305 0.141475 -0.113292
v -0.188375 0.177070 -0.082980
v -0.129931 0.209047 -0.101889
v -0.042271 0.159699 -0.120533
v -0.051074 0.169292 -0.113809
v -0.059530 0.169665 -0.114744
v -0.055120 0.179772 -0.116675
v -0.165836 0.197192 -0.092904
v 0.169755 -0.153659 -0.006859
v 0.172820 -0.179680 -0.016154
v 0.176764 -0.177602 -0.003104
v 0.172846 -0.231715 -0.031310
v 0.165031 -0.225240 -0.045930
v 0.171178 -0.227714 -0.034846
v 0.157272 -0.254164 -0.063490
v 0.165445 -0.245970 -0.049809
v 0.164811 -0.250465 -0.051189
v 0.141141 -0.259499 -0.083092
v 0.147927 -0.081151 0.007262
v 0.143613 -0.059076 0.001838
v 0.149294 -0.095189 0.001786
v 0.119414 -0.263180 -0.103066
v 0.136470 -0.255491 -0.087152
v 0.118600 -0.249176 -0.102072
v 0.068824 -0.272588 -0.121688
v 0.056084 -0.278074 -0.122666
v 0.155429 0.002178 -0.002288
v 0.149028 -0.015688 -0.002324
v 0.147333 -0.028305 0.005402
v 0.174128 0.048227 -0.006983
v 0.201197 0.143861 -0.061294
v 0.033886 0.070496 -0.110128
v 0.030663 0.098846 -0.122973
v 0.143021 0.187815 -0.095416
v 0.122305 0.201248 -0.101558
v 0.197094 0.152542 -0.068111
v 0.090616 0.197000 -0.111363
v 0.168130 0.206773 -0.092308
v 0.169731 0.198648 -0.088778
v 0.048740 0.135127 -0.117258
v 0.038300 0.132694 -0.114947
v 0.065802 0.184414 -0.115435
v 0.055068 0.173270 -0.113552
v 0.016717 0.189515 -0.111887
v 0.038093 0.180088 -0.111784
v 0.034704 0.158043 -0.118730
v 0.036601 0.163190 -0.119799
v 0.017787 -0.281445 -0.121624
v 0.003056 -0.274094 -0.123258
v -0.023989 -0.278460 -0.123688
v -0.099538 -0.268216 -0.114803
v -0.049915 -0.268185 -0.125659
v -0.160714 -0.129440 -0.007283
v -0.151654 -0.102339 -0.008413
v -0.148689 -0.085733 -0.005075
v -0.144099 -0.062600 -0.005758
v -0.153087 -0.017069 0.000829
v -0.158743 -0.003187 -0.002344
v -0.149428 -0.029158 -0.001381
v -0.147073 -0.045035 -0.001800
v -0.154954 -0.258575 -0.068958
v -0.141812 -0.261275 -0.083842
v -0.136421 -0.261380 -0.089684
v -0.175836 -0.175906 -0.005763
v -0.170354 -0.232376 -0.040190
v -0.171057 -0.220208 -0.040777
v -0.166993 -0.170130 -0.028886
v -0.163555 -0.167250 -0.038130
v -0.167654 -0.157660 -0.016449
v -0.160252 -0.136723 -0.016039
v -0.155896 -0.130496 -0.017651
v -0.154694 -0.150179 -0.039492
v -0.171442 0.026009 -0.003624
v -0.170116 0.025693 -0.007664
v -0.178515 0.060518 -0.026627
v -0.204235 0.145781 -0.068151
v -0.197526 0.156630 -0.076173
v -0.185936 0.147027 -0.077745
v -0.156176 0.115753 -0.083250
v -0.188693 0.077766 -0.022698
v -0.168128 0.082231 -0.058763
v -0.163752 0.087172 -0.066547
v -0.156889 0.070471 -0.063631
v -0.169687 0.063464 -0.041465
v -0.164712 0.063041 -0.053145
v -0.165700 0.066992 -0.056443
v -0.150769 0.057174 -0.063396
v -0.143224 0.039973 -0.059645
v -0.152109 0.053239 -0.059567
v -0.154528 0.050336 -0.053699
v -0.154340 0.042673 -0.047652
v -0.167177 0.054024 -0.038754
v -0.163565 0.054668 -0.042729
v -0.048221 0.075247 -0.111422
v -0.078092 0.194099 -0.112026
v -0.083437 0.180866 -0.114625
v -0.080818 0.175245 -0.116322
v -0.095442 0.175810 -0.114626
v -0.110277 0.178531 -0.110286
v -0.109294 0.194189 -0.107515
v -0.030923 0.107326 -0.121996
v -0.037074 0.099980 -0.121778
v -0.033258 0.114993 -0.120157
v -0.031601 0.099402 -0.121738
v -0.033205 0.092756 -0.119041
v -0.035477 0.080532 -0.112544
v -0.047629 0.084853 -0.112990
v -0.045981 0.138455 -0.116383
v -0.050343 0.152202 -0.120422
v -0.035192 0.146574 -0.115669
v -0.051512 0.131352 -0.119273
v -0.075993 0.143666 -0.118708
v -0.056660 0.144643 -0.119792
v -0.059705 0.113611 -0.120285
v -0.052452 0.104772 -0.120218
v -0.176648 0.172138 -0.087020
v -0.190105 0.170887 -0.081840
v -0.121199 0.203440 -0.102877
v -0.132162 0.197172 -0.099119
v -0.128674 0.188253 -0.102060
v -0.172260 0.199347 -0.093183
v 0.170986 -0.154256 0.004810
v 0.164419 -0.137492 -0.002730
v 0.164538 -0.157944 -0.019227
v 0.155894 -0.241228 -0.065983
v 0.143824 -0.241944 -0.077444
v 0.155804 -0.221963 -0.061793
v 0.155196 -0.228972 -0.061614
v 0.145771 -0.069490 0.005440
v 0.144697 -0.051267 0.006322
v 0.152770 -0.102664 0.005760
v 0.086409 -0.270630 -0.118488
v 0.111909 -0.270180 -0.107954
v 0.045055 -0.280193 -0.122754
v 0.145359 -0.037408 0.002479
v 0.181090 0.132153 -0.068171
v 0.061918 0.064749 -0.105285
v 0.049058 0.066288 -0.105216
v 0.046788 0.098251 -0.119810
v 0.037580 0.103583 -0.124814
v 0.034788 0.110726 -0.124041
v 0.049619 0.102414 -0.121918
v 0.059543 0.098137 -0.118285
v 0.044221 0.088164 -0.112951
v 0.056391 0.084699 -0.109903
v 0.055729 0.077440 -0.106918
v 0.038224 0.081885 -0.110588
v 0.109260 0.202034 -0.106433
v 0.179820 0.158446 -0.078067
v 0.092699 0.178997 -0.114719
v 0.023893 0.123303 -0.114387
v 0.037959 0.116271 -0.119666
v 0.027636 0.115283 -0.119663
v 0.065523 0.170149 -0.115563
v 0.047328 0.164879 -0.120001
v 0.048043 0.153183 -0.120023
v 0.077536 0.184202 -0.115354
v 0.081609 0.177645 -0.115168
v 0.078048 0.153764 -0.117858
v 0.075552 0.165020 -0.116616
v 0.100307 0.165212 -0.113481
v 0.089370 0.157611 -0.117613
v 0.106538 0.179603 -0.110410
v 0.104993 0.132027 -0.110550
v 0.098385 0.145189 -0.113588
v 0.106475 0.154050 -0.112068
v 0.067765 0.158680 -0.117634
v 0.081024 0.140914 -0.116920
v 0.067167 0.152190 -0.120891
v 0.089780 0.144084 -0.117456
v 0.114481 0.145338 -0.108144
v 0.090299 0.125299 -0.115377
v 0.032900 0.150447 -0.114779
v 0.018432 -0.289957 -0.121009
v 0.009284 -0.289924 -0.121835
v 0.025569 -0.286199 -0.121713
v -0.011966 -0.287587 -0.117748
v -0.019527 -0.287433 -0.118966
v -0.091917 -0.280440 -0.117440
v -0.114260 -0.271668 -0.108449
v -0.042373 -0.278289 -0.124723
v -0.157610 -0.115504 -0.000277
v -0.148575 -0.076125 0.000002
v -0.145374 -0.072683 -0.006166
v -0.146957 -0.057928 0.000565
v -0.144716 -0.053296 -0.003445
v -0.166482 0.015671 -0.004129
v -0.160196 0.003617 -0.007965
v -0.160721 -0.230816 -0.054637
v -0.172591 -0.238793 -0.038059
v -0.154213 -0.233128 -0.065757
v -0.156008 -0.246820 -0.067768
v -0.127056 -0.270108 -0.098017
v -0.170668 -0.204194 -0.032859
v -0.166901 -0.200468 -0.040895
v -0.146736 -0.128099 -0.033019
v -0.166234 0.025257 -0.015109
v -0.167316 0.150692 -0.087954
v -0.156294 0.135669 -0.088865
v -0.151498 0.076322 -0.071281
v -0.142072 0.062476 -0.071910
v -0.143087 0.046078 -0.065474
v -0.035825 0.050644 -0.109216
v -0.101103 0.199984 -0.107919
v -0.045843 0.147188 -0.117575
v -0.064945 0.154948 -0.118078
v -0.054240 0.157690 -0.119973
v -0.067685 0.172111 -0.116082
v 0.145888 -0.083267 -0.000057
v 0.140627 -0.065237 -0.004724
v 0.155860 -0.113560 -0.002089
v 0.148142 -0.096389 -0.003872
v 0.092840 -0.248930 -0.115132
v 0.093406 -0.265578 -0.117608
v 0.093484 -0.259125 -0.115337
v 0.057323 -0.261055 -0.124141
v 0.147832 -0.022646 -0.000263
v 0.158421 0.012781 -0.012431
v 0.141927 -0.051546 -0.001291
v 0.144383 -0.026505 -0.007784
v 0.176250 0.119526 -0.065629
v 0.028526 0.104850 -0.125731
v 0.119927 0.176902 -0.106868
v 0.057549 0.118499 -0.118848
v 0.056553 0.164724 -0.117321
v 0.000795 -0.289105 -0.121679
v 0.012630 -0.277423 -0.122300
v 0.025313 -0.274658 -0.122182
v -0.031728 -0.289406 -0.122732
v -0.015508 -0.283032 -0.119141
v -0.092474 -0.263551 -0.118441
v -0.061970 -0.284100 -0.123995
v -0.053943 -0.288243 -0.123973
v -0.039694 -0.287929 -0.123333
v -0.027143 -0.260427 -0.126469
v -0.029150 -0.275349 -0.125360
v -0.033151 -0.271606 -0.125919
v -0.022824 -0.263400 -0.126051
v -0.148721 -0.110948 -0.018051
v -0.150989 -0.125611 -0.023038
v -0.141821 -0.111400 -0.030211
v -0.145650 -0.087023 -0.014129
v -0.128124 -0.060691 -0.029983
v -0.130848 -0.083526 -0.034671
v -0.139161 -0.248827 -0.086839
v -0.115391 -0.259887 -0.105587
v -0.119463 -0.275222 -0.104992
v -0.157212 0.023068 -0.032313
v -0.169008 0.042898 -0.029589
v -0.148116 0.143302 -0.094577
v -0.127037 0.045371 -0.075286
v -0.051997 0.067294 -0.107182
v -0.137000 0.172096 -0.101299
v -0.117714 0.168286 -0.108193
v -0.127250 0.162304 -0.105148
v -0.058860 0.151035 -0.120997
v -0.066439 0.144489 -0.119745
v -0.063862 0.136123 -0.118387
v -0.070702 0.151230 -0.119271
v -0.087334 0.165276 -0.116687
v -0.080983 0.151051 -0.117624
v -0.085193 0.145042 -0.117800
v -0.078145 0.157916 -0.118060
v -0.097022 0.148600 -0.114952
v -0.105937 0.158562 -0.112728
v -0.105832 0.140879 -0.111726
v 0.151626 -0.110434 -0.008230
v 0.144368 -0.094113 -0.011084
v 0.151056 0.003765 -0.021656
v 0.137929 -0.039556 -0.013354
v 0.132794 0.172445 -0.100337
v 0.120429 0.161519 -0.106535
v 0.130047 0.143245 -0.101251
v 0.146748 0.119174 -0.085708
v 0.159684 0.119756 -0.076771
v 0.048490 0.114543 -0.119634
v 0.112644 0.076432 -0.092484
v 0.085506 0.102778 -0.113445
v -0.006614 -0.273841 -0.121620
v 0.005583 -0.282756 -0.122924
v 0.040958 -0.264716 -0.124360
v 0.039825 -0.283397 -0.122531
v 0.036528 -0.274828 -0.123455
v 0.019072 -0.255981 -0.122956
v 0.023040 -0.262534 -0.123483
v -0.131186 -0.101317 -0.038370
v -0.135918 -0.111123 -0.037313
v -0.118777 -0.095841 -0.048930
v -0.134368 -0.124408 -0.044873
v -0.125480 -0.106972 -0.047661
v -0.146336 -0.030593 -0.009236
v -0.144911 -0.038780 -0.006343
v -0.137095 -0.059144 -0.019912
v -0.135247 -0.071134 -0.022977
v -0.124976 -0.252845 -0.097355
v -0.147974 -0.004896 -0.021080
v -0.164287 0.172282 -0.092378
v -0.142069 0.111903 -0.091506
v -0.147320 0.081514 -0.078408
v -0.133647 0.065759 -0.080504
v -0.094525 0.038410 -0.095693
v -0.152470 0.160410 -0.095247
v -0.144294 0.182163 -0.097565
v -0.145706 0.189501 -0.095664
v -0.084345 0.117845 -0.114935
v -0.065552 0.118843 -0.117217
v 0.148308 -0.104705 -0.011454
v 0.137719 -0.100637 -0.026021
v 0.148385 -0.122001 -0.022079
v 0.133093 -0.090608 -0.027086
v 0.143078 -0.111567 -0.022012
v 0.124766 -0.096611 -0.035642
v 0.130157 -0.111744 -0.036120
v 0.108120 -0.058744 -0.050318
v 0.119829 -0.079907 -0.038174
v 0.137938 -0.135561 -0.046702
v 0.135566 -0.069110 -0.016722
v 0.143076 -0.013720 -0.020539
v 0.162803 0.025152 -0.015653
v 0.164453 0.032243 -0.021401
v 0.165173 0.037602 -0.024633
v 0.172983 0.055215 -0.022698
v 0.145594 0.004475 -0.032705
v 0.141046 -0.026127 -0.014632
v 0.136969 -0.018610 -0.030073
v 0.157136 0.160891 -0.089514
v 0.048264 0.120664 -0.117585
v 0.047915 0.127466 -0.118514
v 0.056393 0.111213 -0.121143
v 0.050474 0.107874 -0.122468
v 0.074790 0.110681 -0.116130
v 0.065144 0.102652 -0.117859
v 0.065053 0.113566 -0.117360
v 0.059922 0.105990 -0.120044
v 0.071366 0.120912 -0.118034
v 0.057876 0.128623 -0.118748
v 0.081899 0.115115 -0.115251
v 0.077804 0.102955 -0.115610
v 0.106378 0.103844 -0.103641
v 0.032794 -0.249182 -0.123731
v -0.015598 -0.275602 -0.121321
v -0.016517 -0.267366 -0.123623
v -0.061604 -0.254783 -0.123646
v -0.048382 -0.244207 -0.123604
v -0.053073 -0.258640 -0.125032
v -0.115231 -0.110494 -0.054479
v -0.145291 -0.229201 -0.074460
v -0.135124 -0.232431 -0.086114
v -0.091856 -0.242163 -0.116799
v -0.167727 0.188987 -0.090486
v -0.119940 0.149341 -0.106816
v -0.149932 0.099915 -0.082064
v -0.123741 0.070166 -0.088111
v -0.116864 0.057695 -0.090023
v -0.138593 0.147223 -0.099384
v 0.157363 -0.122545 -0.007922
v 0.157192 -0.137976 -0.017498
v 0.153596 -0.134361 -0.025676
v 0.141882 -0.125985 -0.032377
v 0.149151 0.004741 -0.026932
v 0.155138 0.054041 -0.049535
v 0.175119 0.055377 -0.018491
v 0.155200 0.023719 -0.031046
v 0.156524 0.020236 -0.026979
v 0.169662 0.142973 -0.079232
v 0.157794 0.147898 -0.086647
v 0.158899 0.185422 -0.089750
v 0.070369 0.138681 -0.119591
v 0.061797 0.141930 -0.117533
v 0.056204 0.152341 -0.120455
v 0.050091 0.147594 -0.119980
v 0.051793 0.140602 -0.116952
v 0.096765 0.103769 -0.108806
v 0.048474 -0.209132 -0.112965
v -0.072387 -0.266870 -0.122468
v -0.061349 -0.268075 -0.125886
v -0.055971 -0.240925 -0.123388
v -0.070385 -0.240576 -0.120568
v -0.035174 -0.248806 -0.123630
v -0.013064 -0.239189 -0.123544
v -0.135933 -0.216776 -0.085013
v -0.118283 -0.218308 -0.098732
v -0.140030 -0.196281 -0.074471
v -0.113345 -0.210929 -0.097867
v -0.090259 -0.222984 -0.112687
v -0.109244 -0.218919 -0.103048
v -0.100612 -0.242466 -0.111454
v -0.114464 -0.234316 -0.102511
v -0.128371 0.112387 -0.098475
v -0.110773 0.114249 -0.105992
v -0.110772 0.102456 -0.104635
v -0.095183 0.099780 -0.109509
v -0.093415 0.110410 -0.111715
v -0.088306 0.079504 -0.105028
v -0.111230 0.088453 -0.099033
v -0.093771 0.085345 -0.107894
v -0.128083 0.089745 -0.091554
v -0.110220 0.078196 -0.096788
v -0.143436 0.086457 -0.082445
v -0.162943 0.094621 -0.071951
v -0.104566 0.047908 -0.093933
v -0.076725 0.113258 -0.116446
v -0.078869 0.131259 -0.117227
v 0.133540 -0.122136 -0.038853
v 0.139142 0.016912 -0.046186
v 0.149909 0.035177 -0.043070
v 0.040793 -0.231897 -0.119922
v -0.045334 -0.223547 -0.118766
v -0.131987 -0.191927 -0.081874
v -0.125282 -0.192996 -0.085399
v -0.100899 -0.202483 -0.100521
v -0.096363 -0.229651 -0.110650
v -0.102833 0.072645 -0.099504
v -0.066254 0.094984 -0.118846
v -0.112413 0.063500 -0.093724
v 0.150848 -0.143648 -0.035867
v 0.123533 -0.010507 -0.051089
v 0.125353 -0.023947 -0.042750
v 0.150642 0.024106 -0.036856
v 0.163148 0.057985 -0.040315
v 0.173223 0.067740 -0.031926
v -0.069805 -0.222922 -0.116622
v -0.015861 -0.253543 -0.124630
v -0.023687 -0.248356 -0.124482
v -0.115177 -0.192857 -0.092610
v -0.094507 -0.199339 -0.103689
v -0.151723 -0.203798 -0.063370
v -0.158257 -0.204828 -0.053837
v -0.085682 -0.238541 -0.117256
v -0.071279 0.078166 -0.108285
v -0.105559 0.061813 -0.096579
v -0.076025 0.103292 -0.116419
v -0.078848 0.097803 -0.114972
v 0.142257 -0.137971 -0.040511
v 0.125043 -0.033686 -0.037853
v 0.180202 0.083170 -0.035750
v 0.028951 -0.239352 -0.122908
v 0.056993 -0.229951 -0.118367
v -0.082400 -0.213806 -0.111067
v -0.028402 -0.170397 -0.105577
v -0.114058 -0.174814 -0.085102
v -0.079140 0.087403 -0.108464
v -0.088470 0.071946 -0.101202
v 0.124051 -0.058711 -0.031240
v 0.111737 -0.046223 -0.049124
v 0.175329 0.080752 -0.041549
v 0.181450 0.095652 -0.044908
v 0.189886 0.098305 -0.035373
v 0.172611 0.095441 -0.055245
v 0.006655 -0.227497 -0.120201
v 0.026331 -0.216324 -0.117456
v -0.072704 -0.208220 -0.110647
v -0.048909 -0.195885 -0.110342
v -0.110215 -0.163595 -0.081005
v -0.104840 -0.178578 -0.091362
v -0.092570 -0.184962 -0.097311
v -0.074435 0.071254 -0.107246
v -0.085894 0.056283 -0.102226
v 0.132181 -0.040699 -0.024874
v 0.161283 0.065851 -0.049757
v 0.177270 0.109556 -0.059400
v 0.019853 -0.229881 -0.119910
v -0.046273 -0.205402 -0.113679
v -0.078386 0.060936 -0.102056
v -0.090611 0.046386 -0.101361
v 0.120721 -0.045087 -0.038115
v 0.115194 -0.064824 -0.043689
v 0.117500 -0.051560 -0.041775
v 0.190855 0.119088 -0.052309
v -0.005072 -0.226809 -0.120924
v -0.102208 0.050956 -0.096717
v 0.204743 0.126944 -0.044526
v 0.195964 0.116375 -0.044316
v -0.007144 -0.218172 -0.119383
v -0.009160 -0.241298 -0.124178
v -0.026657 -0.220671 -0.119572
v -0.027816 -0.231343 -0.121578
v -0.017157 -0.201498 -0.113796
v -0.036889 -0.204363 -0.114967
v -0.088461 0.039474 -0.101172
v 0.068969 -0.075294 -0.072680
v 0.100566 -0.036302 -0.061474
v 0.009405 -0.241826 -0.122618
v -0.002175 -0.250104 -0.124406
v -0.036255 -0.181994 -0.108319
v 0.093659 -0.064897 -0.064024
v 0.110506 -0.036620 -0.052843
v 0.003347 -0.182960 -0.109489
v 0.012479 -0.256197 -0.122875
v -0.009637 -0.266824 -0.122555
v -0.029186 -0.183343 -0.109276
v -0.008935 -0.172294 -0.105491
v -0.059588 0.006055 -0.097445
v -0.088756 0.019446 -0.087277
v -0.092648 0.029771 -0.091179
v -0.110833 0.035360 -0.082137
v -0.120727 0.048769 -0.080985
v 0.101099 -0.062965 -0.056369
v 0.117830 -0.029973 -0.047901
v 0.001668 -0.265930 -0.124234
v -0.084259 -0.178545 -0.099074
v -0.076343 -0.189987 -0.103314
v -0.013696 -0.186955 -0.109587
v -0.017852 0.168717 -0.117256
v 0.176603 -0.207929 -0.018779
v 0.175130 -0.201453 -0.018894
v 0.093157 -0.241951 -0.115230
v 0.083080 -0.241710 -0.116800
v 0.079214 -0.223531 -0.112256
v 0.071828 -0.235384 -0.117866
v 0.104093 -0.243753 -0.108329
v 0.091733 -0.219453 -0.110220
v 0.099836 -0.217920 -0.105716
v 0.065242 -0.218700 -0.115905
v 0.059408 -0.194463 -0.108573
v -0.148331 -0.174235 -0.060474
v -0.154495 -0.185759 -0.055681
v -0.160669 -0.187721 -0.047416
v -0.135805 -0.163345 -0.064229
v -0.130105 -0.174022 -0.076618
v -0.165600 -0.182575 -0.039080
v -0.155312 -0.166966 -0.045870
v -0.146311 -0.148901 -0.047044
v -0.138314 -0.175882 -0.068054
v -0.146051 -0.164795 -0.057786
v -0.120867 -0.140098 -0.064242
v -0.139569 -0.135752 -0.046495
v -0.126563 -0.157696 -0.069848
v -0.132860 -0.138532 -0.055299
v -0.127134 -0.127746 -0.052560
v -0.066729 0.085159 -0.110236
v -0.035813 0.138898 -0.115559
v 0.170538 -0.174609 -0.017033
v 0.159520 -0.165736 -0.038818
v 0.169288 -0.189183 -0.036209
v 0.160279 -0.156966 -0.030424
v 0.169975 -0.199324 -0.031857
v 0.172084 -0.210363 -0.032558
v 0.163694 -0.202439 -0.043343
v 0.157455 -0.212907 -0.057863
v 0.159944 -0.196873 -0.046635
v 0.149730 -0.177356 -0.056390
v 0.161226 -0.190951 -0.045084
v 0.143688 -0.156461 -0.053019
v 0.161135 -0.175435 -0.038753
v 0.165109 -0.182940 -0.038886
v 0.151037 -0.160833 -0.044768
v 0.134649 -0.147537 -0.056710
v 0.128732 -0.190093 -0.081489
v 0.143732 -0.182293 -0.063827
v 0.138345 -0.168194 -0.063116
v 0.149467 -0.197901 -0.063884
v 0.131779 -0.177302 -0.073626
v 0.125550 -0.171019 -0.076886
v 0.155106 -0.204738 -0.057045
v 0.147099 -0.212805 -0.069296
v 0.156325 -0.188797 -0.053099
v 0.137766 -0.206410 -0.076610
v 0.145690 -0.227971 -0.071774
v 0.137283 -0.242519 -0.087543
v 0.136663 -0.229601 -0.082864
v 0.135638 -0.194656 -0.078643
v 0.108865 -0.179273 -0.087800
v -0.151907 -0.011741 -0.010904
v -0.148074 -0.022607 -0.010004
v -0.137785 -0.026654 -0.027972
v -0.136416 -0.035909 -0.022781
v -0.140114 -0.016115 -0.027135
v -0.123106 -0.031271 -0.041930
v -0.166492 0.045250 -0.035956
v -0.143344 0.028051 -0.052141
v -0.156793 0.027111 -0.036405
v -0.130898 0.028601 -0.064732
v -0.143579 0.009715 -0.041842
v -0.130918 -0.009839 -0.043006
v -0.138857 0.012066 -0.048555
v -0.146629 0.002193 -0.031544
v -0.140117 -0.005333 -0.037621
v -0.118565 -0.010105 -0.055597
v -0.137595 0.028453 -0.058428
v -0.098467 -0.018838 -0.067826
v -0.123960 0.014479 -0.062252
v -0.104121 -0.024361 -0.061115
v -0.084590 -0.053508 -0.067249
v -0.089823 -0.036970 -0.067658
v -0.050106 0.044292 -0.106526
v -0.042992 0.152919 -0.119200
v -0.131724 -0.072737 -0.030157
v -0.115971 -0.053719 -0.044342
v -0.119161 -0.063635 -0.041223
v -0.123690 -0.079492 -0.039461
v -0.118801 -0.083342 -0.047795
v 0.184038 0.149158 -0.073357
v 0.140373 0.127173 -0.090960
v 0.123898 0.110032 -0.097201
v 0.126920 0.058382 -0.079176
v 0.139530 0.051672 -0.065391
v 0.125688 0.083640 -0.086745
v 0.138847 0.042972 -0.061809
v 0.136358 0.028508 -0.057142
v 0.101584 0.075472 -0.097048
v 0.117300 0.063434 -0.086304
v 0.130351 0.071693 -0.081212
v 0.148225 0.099625 -0.077021
v 0.154876 0.075529 -0.062250
v 0.131877 0.028246 -0.061739
v 0.123467 0.038428 -0.073524
v 0.143373 0.074876 -0.071745
v 0.131997 0.055060 -0.073905
v 0.162036 0.090129 -0.062872
v 0.102209 0.037221 -0.087325
v 0.075899 0.086664 -0.106994
v 0.108948 0.035495 -0.083152
v 0.087645 0.079285 -0.105229
v 0.073799 0.074533 -0.105217
v 0.089034 0.066443 -0.097574
v 0.070498 0.062276 -0.102894
v 0.080301 0.054722 -0.098007
v 0.099065 -0.097392 -0.059516
v 0.114968 -0.093629 -0.046098
v 0.116451 -0.101277 -0.048461
v 0.126430 -0.071962 -0.033151
v 0.131799 -0.080234 -0.023733
v 0.137062 -0.056583 -0.012841
v 0.132752 -0.049037 -0.020040
v 0.163151 -0.142704 -0.010813
v 0.107133 -0.024674 -0.059696
v 0.095473 -0.050298 -0.062735
v 0.103313 -0.051168 -0.056691
v 0.081560 -0.038044 -0.071765
v 0.088945 -0.040592 -0.068230
v 0.078428 -0.059194 -0.071583
v 0.085848 -0.053896 -0.067356
v 0.082813 -0.080189 -0.068617
v 0.076116 -0.087276 -0.070794
v 0.074083 -0.049403 -0.074381
v 0.074835 -0.038740 -0.075317
v 0.091205 -0.031246 -0.070406
v 0.099053 -0.004815 -0.073891
v 0.067602 -0.064444 -0.074077
v 0.105498 -0.011982 -0.067281
v 0.090517 -0.020027 -0.072537
v 0.115327 -0.006655 -0.059352
v 0.117858 0.004660 -0.062895
v -0.094340 -0.153258 -0.085152
v -0.114872 -0.156431 -0.076418
v -0.072648 -0.149970 -0.091207
v -0.110919 -0.138437 -0.069956
v -0.115498 -0.128716 -0.061706
v -0.082524 -0.141628 -0.084316
v -0.089830 -0.116382 -0.071458
v -0.102408 -0.121759 -0.066915
v -0.095950 -0.109149 -0.065288
v -0.095024 -0.123845 -0.071777
v -0.103485 -0.135342 -0.071355
v -0.076260 -0.164861 -0.094971
v -0.085107 -0.130855 -0.078571
v -0.077628 -0.133972 -0.083857
v -0.078453 0.041327 -0.104128
v 0.022594 -0.177973 -0.106454
v 0.012777 -0.192798 -0.112115
v 0.034134 -0.189617 -0.109459
v -0.058506 -0.181337 -0.103887
v -0.071539 -0.169304 -0.097282
v -0.040428 0.018918 -0.100989
v -0.108465 0.039882 -0.090054
v -0.099112 0.019460 -0.083013
v 0.100637 -0.230836 -0.106752
v 0.093225 -0.196363 -0.102211
v 0.108534 -0.200659 -0.095506
v 0.119779 -0.233272 -0.097284
v 0.115713 -0.207305 -0.093595
v 0.118674 -0.190040 -0.087290
v 0.127478 -0.208125 -0.085273
v 0.116511 -0.224329 -0.098879
v 0.072782 -0.198541 -0.107187
v 0.090560 -0.170523 -0.092120
v 0.075621 -0.178921 -0.098044
v 0.098694 -0.182070 -0.091160
v 0.030805 -0.122884 -0.084517
v 0.043366 -0.171534 -0.101887
v 0.021188 -0.159765 -0.100896
v 0.050765 -0.079630 -0.076634
v 0.061440 -0.161951 -0.095205
v 0.085737 -0.092870 -0.065061
v 0.063718 -0.112392 -0.075962
v 0.057602 -0.089897 -0.075446
v 0.097171 -0.080691 -0.061077
v 0.071942 -0.095345 -0.071215
v 0.062982 -0.096736 -0.074649
v 0.053692 -0.104719 -0.076600
v 0.058677 -0.055260 -0.077079
v 0.016243 -0.164384 -0.102719
v 0.039749 -0.097419 -0.078604
v 0.040508 -0.082968 -0.079325
v 0.105665 -0.087574 -0.052577
v 0.110306 -0.077531 -0.048211
v 0.103045 -0.077801 -0.054370
v 0.069489 -0.104230 -0.073601
v 0.091673 -0.112997 -0.067490
v 0.109257 -0.126773 -0.062034
v 0.127171 -0.127789 -0.049592
v 0.120937 -0.120301 -0.050450
v 0.127317 -0.138120 -0.054764
v 0.092382 -0.104262 -0.064448
v 0.078942 -0.104067 -0.070887
v 0.078660 -0.126452 -0.076831
v 0.080204 -0.115216 -0.072390
v 0.099567 -0.139100 -0.074983
v 0.086621 -0.127038 -0.074341
v 0.102652 -0.128832 -0.068104
v 0.098622 -0.114452 -0.063378
v 0.021943 -0.066194 -0.080026
v 0.040383 -0.070584 -0.079689
v 0.011368 -0.178324 -0.107638
v 0.044433 -0.125917 -0.083862
v 0.032370 -0.110652 -0.080425
v 0.046751 -0.116141 -0.080437
v 0.063179 -0.133827 -0.083353
v 0.070814 -0.117657 -0.076871
v 0.031882 -0.094889 -0.078948
v 0.029344 -0.086112 -0.079779
v 0.026871 -0.072612 -0.079801
v 0.033900 -0.063774 -0.082232
v 0.077115 -0.156334 -0.089706
v 0.097365 -0.143806 -0.077806
v 0.014272 -0.111873 -0.081207
v 0.020705 -0.116846 -0.083471
v 0.024781 -0.110742 -0.081270
v 0.023464 -0.099481 -0.080127
v 0.023030 -0.127272 -0.087347
v 0.112306 -0.144150 -0.069172
v 0.110609 -0.136425 -0.067936
v 0.028656 -0.147066 -0.095355
v 0.008228 -0.155066 -0.100128
v 0.103350 -0.111069 -0.058920
v 0.015486 -0.146704 -0.095906
v 0.125239 -0.144790 -0.064395
v 0.132345 -0.157169 -0.062673
v 0.127208 -0.158248 -0.067966
v 0.013812 -0.126972 -0.086646
v 0.105005 -0.155082 -0.081118
v 0.096054 -0.149775 -0.082055
v 0.112791 -0.154396 -0.074087
v 0.000935 -0.130291 -0.089039
v 0.121204 -0.163217 -0.074450
v 0.116076 -0.168821 -0.079562
v -0.009655 -0.158645 -0.099580
v -0.018881 -0.132776 -0.089512
v -0.014441 -0.141643 -0.092189
v -0.129104 0.036308 -0.073805
v -0.110611 -0.028342 -0.054939
v -0.122513 -0.023122 -0.049988
v -0.087734 -0.021039 -0.073580
v -0.074796 -0.048540 -0.076120
v -0.093760 -0.044398 -0.064033
v -0.100847 -0.041642 -0.058730
v -0.113287 -0.044038 -0.047636
v -0.111771 -0.035416 -0.051192
v -0.102329 -0.053967 -0.057304
v -0.098423 -0.078910 -0.059935
v -0.107320 -0.094038 -0.055310
v -0.098352 -0.099783 -0.062522
v -0.097312 -0.063533 -0.060250
v -0.106541 -0.066746 -0.053550
v -0.113702 -0.070162 -0.050485
v -0.093269 -0.090180 -0.063469
v -0.109430 -0.085129 -0.053153
v -0.133925 -0.050864 -0.022596
v -0.125680 -0.052796 -0.034242
v -0.125594 -0.043726 -0.034073
v -0.126524 -0.035455 -0.035717
v 0.123797 0.022428 -0.066536
v 0.121609 0.030280 -0.071848
v 0.078095 0.003758 -0.086175
v 0.091303 0.023091 -0.087494
v 0.101141 0.018507 -0.080496
v 0.091568 -0.005866 -0.078634
v 0.087388 0.031833 -0.092637
v 0.083323 0.022773 -0.091030
v 0.105402 0.060209 -0.091399
v 0.084019 0.042947 -0.094722
v 0.103390 0.010494 -0.076193
v 0.066027 0.011751 -0.093904
v 0.072927 0.035324 -0.096299
v 0.042451 0.030362 -0.100510
v 0.063107 0.039523 -0.100089
v 0.021306 0.040154 -0.104149
v 0.127683 0.012981 -0.057170
v 0.072708 0.009686 -0.091359
v 0.062384 0.029425 -0.097329
v 0.089442 0.009215 -0.083790
v 0.037537 -0.008726 -0.091282
v 0.062097 0.013838 -0.096004
v 0.113550 0.010822 -0.069707
v 0.045750 0.024322 -0.098927
v 0.081089 -0.004024 -0.082975
v 0.051008 0.016131 -0.098196
v 0.051222 -0.008560 -0.090339
v 0.031362 0.008517 -0.096790
v 0.027180 0.026070 -0.100016
v 0.062331 -0.005404 -0.088320
v 0.047211 0.011849 -0.096669
v 0.036968 0.019022 -0.099303
v 0.053039 0.003910 -0.095665
v 0.056324 -0.030710 -0.082359
v 0.045232 -0.048821 -0.081531
v -0.012872 0.003428 -0.093621
v 0.019029 0.013191 -0.097021
v 0.062505 -0.014359 -0.084967
v 0.045007 0.002492 -0.095332
v 0.040718 -0.023741 -0.087996
v 0.046849 -0.025406 -0.086442
v 0.012987 0.022517 -0.100784
v 0.043932 -0.007472 -0.091050
v 0.033324 -0.000375 -0.094498
v 0.002665 0.038029 -0.103875
v 0.012307 -0.021933 -0.082715
v 0.028825 -0.020458 -0.088388
v 0.036206 -0.019336 -0.090435
v 0.033089 -0.035734 -0.086245
v 0.038281 -0.045842 -0.084010
v -0.003650 0.020100 -0.099609
v 0.025309 -0.036581 -0.083962
v 0.027460 -0.007064 -0.089071
v 0.027730 -0.051263 -0.082017
v 0.005783 -0.055974 -0.076424
v 0.005486 -0.045097 -0.076465
v 0.013650 -0.027793 -0.081058
v -0.055877 -0.121085 -0.081498
v -0.070047 -0.077347 -0.071039
v -0.083361 -0.075708 -0.066445
v -0.086303 -0.097531 -0.067594
v -0.070392 -0.060553 -0.072561
v -0.078867 -0.091255 -0.069656
v -0.083875 -0.065498 -0.067091
v -0.060963 -0.093415 -0.073871
v -0.022354 -0.076713 -0.079637
v -0.043710 -0.070609 -0.078366
v -0.055015 -0.066957 -0.078120
v -0.061055 -0.055588 -0.076345
v -0.055477 -0.079897 -0.076015
v -0.052166 -0.049582 -0.080825
v -0.037500 -0.173276 -0.105700
v -0.049526 -0.170265 -0.100816
v -0.029206 -0.154548 -0.098491
v -0.041867 -0.149510 -0.093525
v -0.046187 -0.157972 -0.097020
v -0.061586 -0.173258 -0.101038
v -0.062319 -0.149418 -0.092965
v -0.059496 -0.141742 -0.090517
v -0.055924 -0.132350 -0.086662
v -0.040082 -0.123999 -0.083521
v -0.027758 -0.140639 -0.092350
v -0.048309 -0.113163 -0.079754
v -0.059712 -0.111715 -0.077422
v -0.065485 -0.141555 -0.089111
v -0.062667 -0.103237 -0.076174
v -0.073576 -0.117019 -0.076493
v -0.065426 -0.124790 -0.081688
v -0.050699 -0.106091 -0.078633
v -0.048419 -0.097743 -0.077552
v -0.083384 -0.104381 -0.070916
v -0.076230 -0.108912 -0.072216
v -0.029894 -0.098083 -0.079830
v -0.017613 -0.105012 -0.081091
v -0.027164 -0.083892 -0.079660
v -0.025571 -0.113122 -0.082926
v -0.023787 -0.099829 -0.080752
v -0.018805 -0.091177 -0.079227
v -0.027444 -0.072601 -0.079189
v -0.045622 -0.082651 -0.078413
v -0.025756 -0.063633 -0.080658
v -0.029268 -0.057046 -0.081209
v -0.044396 -0.059615 -0.080130
v -0.028353 -0.032635 -0.086582
v -0.031941 -0.045004 -0.084704
v -0.008798 -0.077875 -0.075694
v -0.018327 -0.071109 -0.078699
v -0.021160 -0.059961 -0.080947
v -0.018935 -0.051062 -0.080253
v -0.006375 -0.058616 -0.075328
v -0.010731 -0.060532 -0.076556
v -0.013312 0.028238 -0.103365
v -0.016560 0.035865 -0.104536
v -0.023210 0.012124 -0.095200
v -0.027862 0.032379 -0.103595
v -0.027439 0.039973 -0.105055
v -0.037537 0.026542 -0.105499
v -0.035439 0.042095 -0.106955
v -0.060712 0.020945 -0.105295
v -0.055047 0.027473 -0.105311
v -0.041691 0.032322 -0.105410
v -0.064125 0.039301 -0.107438
v -0.108483 0.001649 -0.073038
v -0.087777 0.012053 -0.086025
v -0.072314 0.001810 -0.088928
v -0.069679 0.006636 -0.090264
v -0.081662 0.018141 -0.093916
v -0.078099 0.028088 -0.100563
v -0.073729 -0.012800 -0.083680
v -0.089426 0.000194 -0.080597
v -0.068894 0.019568 -0.101639
v -0.070037 0.013367 -0.096307
v -0.056327 0.009417 -0.099713
v -0.043583 -0.013444 -0.092962
v -0.052445 -0.005163 -0.094966
v -0.044123 -0.037447 -0.083670
v -0.066200 0.031959 -0.104791
v -0.069248 0.026909 -0.103504
v -0.072281 0.042836 -0.105476
v -0.046309 -0.028604 -0.085322
v -0.062681 -0.039778 -0.079512
v -0.073840 -0.036776 -0.075304
v -0.061111 -0.013512 -0.086546
v -0.051880 -0.014536 -0.089563
v -0.071987 -0.025974 -0.083573
v -0.036148 -0.025851 -0.090665
v -0.056433 -0.032019 -0.082365
v 0.018737 -0.079693 -0.079330
v 0.001174 -0.098713 -0.077202
v -0.009084 -0.092494 -0.076411
v -0.005622 -0.098608 -0.076899
v -0.002683 -0.080664 -0.075130
v 0.013630 -0.101739 -0.079429
v -0.002992 -0.108562 -0.079322
v 0.003101 -0.070676 -0.075195
v 0.016667 -0.092575 -0.078464
v -0.000322 -0.055941 -0.076007
v 0.006380 -0.088568 -0.076286
v -0.001442 -0.040184 -0.076877
v -0.024528 -0.122283 -0.085881
v -0.014813 -0.118675 -0.083639
v -0.001025 -0.118864 -0.083552
v -0.106488 0.017221 -0.077126
v -0.097087 -0.005824 -0.075008
v -0.110372 0.014217 -0.074343
v -0.115368 0.012974 -0.070856
v 0.020101 0.001908 -0.094283
v 0.003142 0.008814 -0.095117
v 0.000865 -0.015908 -0.084833
v 0.010597 -0.011676 -0.086395
v 0.009108 -0.018415 -0.083313
v -0.023510 -0.043913 -0.083460
v -0.025917 -0.048103 -0.082698
v -0.031798 -0.034261 -0.087004
v -0.018865 -0.017709 -0.088846
v -0.030037 -0.021818 -0.091074
v -0.023507 -0.034306 -0.084682
v -0.014807 -0.006093 -0.087764
v -0.020516 -0.025680 -0.083866
v -0.007364 -0.002163 -0.088894
v -0.006328 -0.023533 -0.080018
v -0.008674 -0.032508 -0.078176
v -0.013535 -0.041109 -0.079881
v -0.007656 -0.044852 -0.076028
v 0.002183 -0.025033 -0.079070
v -0.020783 -0.002515 -0.090994
v -0.028230 -0.006846 -0.090117
v -0.029700 0.000703 -0.094040
v -0.052919 0.015393 -0.102322
v -0.044340 0.013405 -0.099118
v -0.028956 0.011965 -0.095049
v -0.041061 0.001070 -0.098820
v -0.042916 -0.002593 -0.097453
v -0.039018 -0.012453 -0.094379
v -0.033743 -0.010276 -0.093208
v -0.048235 -0.003035 -0.096672
v -0.035295 -0.018335 -0.094019
v -0.063494 0.018429 -0.103812
v -0.067074 0.051610 -0.105738
v -0.054951 0.036679 -0.106362
v 0.109216 0.242424 0.089716
v 0.114334 0.248600 0.090029
v 0.117719 0.255040 0.088562
v 0.113751 0.262946 0.082811
v 0.107984 0.267317 0.076552
v 0.102832 0.272127 0.069711
v 0.099060 0.276332 0.062145
v 0.089441 0.291066 0.040491
v 0.083601 0.300595 0.026954
v 0.076913 0.313984 0.010397
v 0.073063 0.321245 0.001705
v 0.065910 0.320496 -0.005361
v 0.059187 0.320405 -0.012708
v 0.052279 0.320821 -0.019875
v 0.044966 0.321408 -0.027197
v 0.037925 0.322414 -0.033936
v 0.027683 0.323924 -0.043680
v 0.015964 0.326239 -0.052446
v 0.000721 0.329207 -0.062602
v -0.007187 0.331154 -0.067550
v -0.015205 0.334109 -0.071781
v -0.019808 0.330125 -0.064147
v -0.024263 0.326391 -0.056023
v -0.031436 0.323785 -0.045587
v -0.037017 0.322320 -0.037278
v -0.046493 0.318381 -0.022347
v -0.051099 0.316825 -0.014313
v -0.056409 0.315980 -0.004850
v -0.060857 0.310554 0.002213
v -0.066211 0.305118 0.010122
v -0.075002 0.296591 0.024532
v -0.083435 0.289322 0.039094
v -0.090717 0.283073 0.052198
v -0.097331 0.278300 0.062950
v -0.102630 0.275594 0.070635
v -0.105950 0.272258 0.077721
v -0.110015 0.270506 0.084247
v -0.114335 0.268060 0.090867
v -0.116326 0.263360 0.097760
v -0.114081 0.256503 0.101154
v -0.109978 0.250394 0.101872
v 0.069602 0.303959 -0.001032
v 0.072912 0.309663 -0.017866
v -0.062287 0.306345 -0.012774
v 0.065563 0.295812 0.013518
v 0.074061 0.300457 -0.007064
v 0.076100 0.302364 -0.013761
v -0.062657 0.299115 -0.009700
v 0.063548 0.290184 0.009418
v 0.065867 0.295744 0.003755
v -0.061851 0.283771 0.013707
v -0.079475 0.270268 0.044266
v -0.096053 0.264200 0.070311
v -0.103601 0.258848 0.085899
v 0.074759 0.313309 -0.006215
v 0.097272 0.258684 0.075338
v -0.061957 0.286727 0.000346
v -0.062463 0.280615 0.007482
v -0.066361 0.272561 0.028188
v -0.085714 0.258839 0.061131
v -0.087492 0.268359 0.055190
v -0.105947 0.261656 0.086159
v -0.067442 0.286665 0.022156
v 0.068493 0.283156 0.030438
v 0.036406 0.312410 -0.052613
v 0.006723 0.318494 -0.070898
v 0.055887 0.309455 -0.036663
v 0.088156 0.267026 0.059287
v 0.081457 0.273726 0.047190
v -0.016230 0.311942 -0.077131
v -0.033641 0.317265 -0.061517
v -0.045519 0.311997 -0.047761
v 0.070004 0.312421 0.002385
v 0.070433 0.302784 0.014583
v 0.066475 0.301076 0.007008
v 0.071902 0.300546 -0.029046
v 0.066259 0.313097 -0.020485
v 0.070268 0.316970 -0.010172
v 0.059315 0.317438 -0.020128
v -0.058795 0.306394 -0.006109
v -0.061113 0.310000 -0.019943
v -0.070040 0.297752 -0.027513
v 0.097592 0.267225 0.068637
v -0.063624 0.295068 0.012920
v -0.059946 0.300946 0.003044
v -0.060349 0.293908 0.005081
v -0.060486 0.296483 -0.004064
v -0.073318 0.280990 0.031860
v -0.082126 0.281850 0.040947
v -0.064682 0.288252 -0.007292
v 0.065936 0.288059 0.023218
v 0.069356 0.294499 0.021250
v 0.083139 0.287394 0.036837
v 0.077226 0.294833 0.026551
v 0.092752 0.275624 0.055180
v 0.038833 0.305245 -0.054971
v 0.035304 0.317027 -0.049108
v 0.038789 0.318870 -0.043244
v -0.001350 0.321049 -0.073689
v 0.008172 0.323455 -0.066583
v 0.052795 0.305126 -0.042772
v 0.049473 0.317845 -0.032425
v -0.019753 0.325009 -0.072267
v -0.036807 0.317413 -0.055386
v -0.031371 0.321064 -0.057017
v -0.033565 0.305343 -0.068234
v -0.036673 0.308016 -0.064171
v -0.042516 0.306888 -0.056818
v -0.044938 0.317251 -0.038821
v -0.051910 0.306370 -0.043625
v -0.057482 0.310854 -0.003093
v -0.059613 0.305655 -0.035133
v -0.060887 0.308674 -0.027133
v -0.064924 0.301297 -0.034129
v -0.061060 0.306047 0.005200
v 0.019730 0.307383 -0.068214
v 0.025783 0.323640 -0.048439
v 0.019362 0.322293 -0.057270
v 0.044336 0.306774 -0.049697
v -0.001258 0.327952 -0.069621
v 0.006184 0.307364 -0.076248
v 0.049164 0.313925 -0.038827
v 0.062008 0.310508 -0.029047
v -0.019449 0.330617 -0.070116
v -0.010237 0.325955 -0.074519
v -0.035197 0.321565 -0.046332
v -0.026849 0.323400 -0.065444
v -0.030857 0.315981 -0.066774
v -0.024265 0.319429 -0.070814
v -0.054086 0.314077 -0.023991
v -0.050833 0.312439 -0.038618
v 0.022299 0.318342 -0.059351
v -0.007374 0.314825 -0.077294
v -0.010130 0.331426 -0.072338
v -0.014931 0.322380 -0.074560
v -0.024102 0.304728 -0.075388
v 0.011966 0.324315 -0.061684
v 0.022391 0.312590 -0.063625
v -0.108691 0.269226 0.067140
v -0.116622 0.266477 0.063375
v -0.125286 0.264212 0.060435
v -0.133964 0.263774 0.057299
v -0.142696 0.263362 0.054452
v -0.150304 0.263963 0.051041
v -0.146575 0.266403 0.043305
v -0.140028 0.268877 0.032632
v -0.130691 0.271464 0.018430
v -0.125156 0.272858 0.010249
v -0.119490 0.274490 0.002291
v -0.113526 0.276455 -0.005690
v -0.105655 0.279154 -0.015735
v -0.095602 0.284244 -0.028409
v -0.090236 0.287933 -0.035404
v -0.084099 0.292319 -0.042964
v -0.072195 0.300483 -0.055983
v -0.065626 0.304371 -0.062366
v -0.057758 0.308549 -0.068677
v -0.051019 0.311503 -0.073255
v -0.042251 0.314874 -0.078168
v -0.033508 0.317318 -0.082483
v -0.025283 0.319022 -0.085138
v -0.016344 0.320503 -0.087120
v -0.006860 0.321225 -0.088295
v 0.006485 0.321885 -0.088377
v 0.021956 0.320581 -0.085536
v 0.030803 0.319429 -0.082981
v 0.038567 0.318323 -0.080125
v 0.048742 0.316484 -0.075807
v 0.056461 0.314663 -0.072056
v 0.064822 0.312367 -0.067148
v 0.072590 0.309750 -0.062145
v 0.079518 0.306330 -0.056635
v 0.086875 0.301930 -0.049680
v 0.092963 0.298040 -0.043242
v 0.098649 0.294144 -0.036066
v 0.104899 0.291076 -0.028057
v 0.109980 0.288062 -0.020972
v 0.115004 0.285031 -0.013118
v 0.120120 0.282217 -0.005564
v 0.125706 0.279696 0.003237
v 0.130447 0.277619 0.011826
v 0.139756 0.273925 0.029049
v 0.144658 0.271511 0.038051
v 0.148630 0.268663 0.046320
v 0.150428 0.266003 0.053278
v 0.144413 0.264233 0.056363
v 0.135493 0.262923 0.058497
v 0.126512 0.262401 0.060665
v 0.117517 0.263724 0.063043
v 0.108775 0.266929 0.066422
v 0.125635 0.269173 0.040769
v 0.135537 0.267342 0.046274
v -0.138963 0.264953 0.050864
v -0.102424 0.274261 0.060102
v 0.120742 0.265321 0.054906
v 0.127165 0.265862 0.049455
v -0.123613 0.267588 0.048726
v 0.101214 0.282423 0.019320
v 0.091208 0.293844 -0.001766
v 0.054085 0.329035 -0.050654
v 0.024243 0.339350 -0.066630
v 0.077363 0.316272 -0.022245
v -0.002493 0.342649 -0.074006
v -0.028536 0.337566 -0.066640
v -0.047174 0.329209 -0.051099
v -0.065047 0.312015 -0.037208
v -0.078124 0.296464 -0.007172
v 0.133578 0.272270 0.032058
v -0.126613 0.269159 0.036822
v -0.101069 0.277139 0.037028
v 0.106764 0.274445 0.041147
v 0.114419 0.269726 0.046188
v -0.115705 0.269124 0.050490
v -0.109719 0.269625 0.058494
v -0.100473 0.276140 0.050777
v -0.107648 0.272233 0.050094
v -0.110928 0.273438 0.033299
v 0.113609 0.279900 0.008099
v 0.088803 0.292430 0.027244
v 0.102402 0.286734 -0.006063
v 0.094771 0.291670 -0.007547
v 0.033526 0.336298 -0.048986
v 0.049829 0.331035 -0.038161
v 0.026606 0.329043 -0.075619
v 0.008682 0.344075 -0.062537
v 0.087233 0.302630 -0.040758
v 0.067063 0.324789 -0.021677
v -0.010864 0.331231 -0.079648
v -0.007436 0.342813 -0.063866
v 0.007481 0.328208 -0.082987
v -0.029068 0.330455 -0.072253
v -0.032173 0.338471 -0.052313
v -0.053184 0.325706 -0.034721
v -0.067217 0.308724 -0.043417
v -0.062814 0.315438 -0.018887
v -0.089959 0.286465 -0.002031
v -0.078873 0.296986 -0.034054
v -0.104772 0.279080 -0.003894
v -0.090834 0.284543 0.020775
v -0.106889 0.276693 0.017736
v 0.098706 0.280941 0.036777
v 0.103726 0.273448 0.054218
v 0.118252 0.275237 0.022310
v -0.095010 0.279593 0.045838
v -0.092141 0.282515 0.032825
v -0.120915 0.271859 0.026917
v 0.094055 0.285182 0.036430
v 0.084333 0.300287 0.017693
v 0.097411 0.293401 -0.027271
v 0.089256 0.299666 -0.030341
v 0.076378 0.319593 -0.003953
v 0.080801 0.308189 0.006641
v 0.076663 0.319254 -0.008698
v 0.041432 0.326952 -0.068019
v 0.029957 0.330290 -0.045749
v 0.039489 0.331874 -0.040942
v 0.022573 0.335504 -0.052206
v 0.023795 0.330629 -0.049250
v 0.044735 0.327158 -0.032751
v 0.055536 0.327789 -0.028828
v 0.039598 0.327838 -0.036431
v 0.050676 0.328963 -0.032467
v 0.072797 0.314496 -0.049491
v 0.017169 0.326631 -0.081942
v 0.006187 0.335579 -0.060992
v 0.013892 0.335364 -0.055613
v 0.001200 0.340229 -0.068737
v 0.081260 0.307390 -0.047660
v 0.060719 0.324748 -0.021043
v 0.068790 0.322844 -0.012506
v 0.061104 0.326770 -0.026684
v 0.055340 0.324368 -0.023638
v 0.073684 0.320217 -0.025622
v 0.076951 0.313685 -0.038072
v 0.072617 0.321737 -0.019161
v 0.084008 0.305340 -0.023143
v 0.079190 0.312331 -0.032092
v 0.069348 0.321982 -0.035367
v 0.063434 0.326350 -0.036511
v -0.019301 0.332428 -0.076000
v -0.002191 0.328443 -0.083118
v -0.009323 0.338191 -0.069713
v -0.003348 0.336027 -0.069432
v -0.017742 0.340680 -0.063631
v -0.029542 0.331000 -0.052014
v -0.022107 0.336037 -0.055725
v -0.037817 0.331655 -0.041567
v -0.048190 0.323960 -0.026466
v -0.042152 0.328675 -0.036222
v -0.056415 0.321695 -0.024555
v -0.073455 0.301316 -0.048808
v -0.061439 0.313091 -0.051397
v -0.058632 0.317576 -0.013176
v -0.054992 0.320694 -0.017820
v -0.068748 0.305266 -0.003718
v -0.097293 0.282476 -0.003851
v -0.085355 0.291125 -0.032842
v -0.072457 0.299056 0.009872
v -0.079641 0.292729 0.017173
v -0.087310 0.286021 0.034657
v 0.097585 0.278464 0.054423
v 0.111578 0.267501 0.058157
v 0.125567 0.273439 0.026654
v 0.100129 0.286485 0.001167
v 0.111358 0.276946 0.022224
v 0.092728 0.291019 0.008534
v 0.085474 0.301498 -0.001991
v 0.043911 0.330234 -0.061525
v 0.059295 0.322239 -0.056053
v 0.042715 0.334625 -0.049472
v 0.054858 0.329430 -0.046098
v 0.034537 0.337102 -0.059933
v 0.018582 0.336330 -0.073541
v 0.020049 0.341321 -0.059112
v 0.027655 0.339615 -0.056791
v 0.016082 0.342236 -0.066289
v 0.013359 0.341336 -0.058951
v 0.007915 0.343156 -0.072826
v -0.002535 0.347747 -0.067776
v -0.001529 0.337784 -0.076862
v -0.018381 0.335433 -0.066903
v -0.036712 0.328047 -0.068414
v -0.021574 0.330948 -0.058494
v -0.022958 0.343991 -0.061811
v -0.047704 0.322688 -0.062100
v -0.045645 0.331768 -0.044668
v -0.040475 0.335185 -0.052032
v -0.052998 0.325431 -0.042128
v -0.036374 0.336306 -0.059816
v -0.048341 0.328838 -0.037877
v -0.029949 0.341497 -0.059376
v -0.062157 0.316621 -0.029198
v -0.074405 0.301304 -0.021655
v -0.073672 0.300403 -0.006412
v -0.084248 0.290664 -0.002141
v -0.115893 0.274062 0.016767
v -0.099575 0.279776 0.016371
v 0.117365 0.272478 0.032547
v 0.105498 0.277575 0.029754
v 0.096727 0.288248 0.005806
v 0.055671 0.329203 -0.039697
v 0.011494 0.334804 -0.077660
v 0.013752 0.341346 -0.071748
v 0.004596 0.347290 -0.067872
v -0.009603 0.346414 -0.069926
v -0.017215 0.344088 -0.068133
v -0.019952 0.340733 -0.058420
v -0.054284 0.318241 -0.057574
v -0.013553 0.345986 -0.062982
v 0.605610 0.174514 -0.026537
v 0.589039 0.173541 -0.028077
v 0.569950 0.172012 -0.027209
v 0.554583 0.171457 -0.026595
v 0.519862 0.169620 -0.025589
v 0.498781 0.168471 -0.024198
v 0.470276 0.165561 -0.022230
v 0.443556 0.162578 -0.021233
v 0.411722 0.157580 -0.019935
v 0.391692 0.153466 -0.020032
v 0.367609 0.147671 -0.018363
v 0.352941 0.146224 -0.013867
v 0.335852 0.143021 -0.012860
v 0.324183 0.141336 -0.016884
v 0.306052 0.140172 -0.014586
v 0.278021 0.137417 -0.012497
v 0.260641 0.135738 -0.012634
v 0.241623 0.132783 -0.011923
v 0.230549 0.130122 -0.010585
v 0.218354 0.125373 -0.005003
v 0.605601 0.172394 -0.033135
v 0.604811 0.171958 -0.038842
v 0.606273 0.173747 -0.047458
v 0.604326 0.177452 -0.055003
v 0.602046 0.184204 -0.060675
v 0.603632 0.193757 -0.064078
v 0.598843 0.206086 -0.066970
v 0.595255 0.208825 -0.067486
v 0.594515 0.215610 -0.067313
v 0.576668 0.212399 -0.069853
v 0.566009 0.210635 -0.071788
v 0.546674 0.206832 -0.074531
v 0.537129 0.205220 -0.075931
v 0.528336 0.204184 -0.076773
v 0.520752 0.204464 -0.076652
v 0.516855 0.205491 -0.076003
v 0.517578 0.206400 -0.075735
v 0.522330 0.206865 -0.075920
v 0.530040 0.206905 -0.076429
v 0.538768 0.206827 -0.076967
v 0.548131 0.206816 -0.077317
v 0.557735 0.207263 -0.077517
v 0.567085 0.208112 -0.077287
v 0.576673 0.209329 -0.076594
v 0.585989 0.210015 -0.074992
v 0.594387 0.209613 -0.073709
v 0.593918 0.217728 -0.070029
v 0.595878 0.227079 -0.064718
v 0.594812 0.238749 -0.052993
v 0.595131 0.239958 -0.051023
v 0.595002 0.241606 -0.048122
v 0.598188 0.243122 -0.044098
v 0.596725 0.244182 -0.040865
v 0.595671 0.244780 -0.039049
v 0.597548 0.244874 -0.037349
v 0.602216 0.245022 -0.032513
v 0.603172 0.243701 -0.023304
v 0.603310 0.237406 -0.014158
v 0.603259 0.227303 -0.007708
v 0.603714 0.215148 -0.003324
v 0.604436 0.203998 -0.002740
v 0.604954 0.193886 -0.006132
v 0.605005 0.185755 -0.011895
v 0.605537 0.179136 -0.019096
v 0.589909 0.239961 -0.052066
v 0.589301 0.237646 -0.055177
v 0.567963 0.241835 -0.054515
v 0.543982 0.243429 -0.057053
v 0.589448 0.241982 -0.049282
v 0.573499 0.245671 -0.048176
v 0.540071 0.247042 -0.052834
v 0.526455 0.247548 -0.051624
v 0.590244 0.245769 -0.038778
v 0.582517 0.248160 -0.039143
v 0.568363 0.250189 -0.038332
v 0.557241 0.251590 -0.038355
v 0.548679 0.252111 -0.036758
v 0.540340 0.253624 -0.036152
v 0.589461 0.245205 -0.037470
v 0.571960 0.248993 -0.034790
v 0.563173 0.250530 -0.032982
v 0.549232 0.252537 -0.031813
v 0.537622 0.254149 -0.030843
v 0.527795 0.253549 -0.029688
v 0.574715 0.231442 -0.062696
v 0.582050 0.222962 -0.068637
v 0.594354 0.181842 -0.014366
v 0.594627 0.176790 -0.021300
v 0.580828 0.240753 -0.015232
v 0.579641 0.247226 -0.043300
v 0.566002 0.248936 -0.043413
v 0.550782 0.249306 -0.046604
v 0.545815 0.251236 -0.042505
v 0.239813 0.138345 0.015362
v 0.303790 0.252503 -0.027822
v 0.220855 0.268516 -0.024300
v 0.582143 0.195779 -0.067047
v 0.578592 0.173032 -0.050072
v 0.523545 0.250794 -0.043780
v 0.595594 0.188220 -0.008867
v 0.587891 0.218943 -0.003370
v 0.590567 0.238757 -0.016003
v 0.580131 0.246171 -0.025865
v 0.564222 0.241232 -0.015006
v 0.533728 0.239109 -0.011018
v 0.536583 0.249863 -0.047235
v 0.231782 0.159610 0.030341
v 0.223909 0.134007 0.017188
v 0.222746 0.128827 0.004874
v 0.182697 0.276055 -0.005701
v 0.552383 0.234056 -0.063579
v 0.588045 0.193753 -0.065992
v 0.593760 0.179675 -0.057953
v 0.596946 0.172451 -0.043187
v 0.579628 0.235789 -0.058435
v 0.547918 0.239018 -0.060608
v 0.596991 0.197226 -0.004385
v 0.599199 0.224356 -0.006379
v 0.598898 0.241219 -0.018430
v 0.593731 0.233641 -0.010881
v 0.593366 0.244333 -0.025550
v 0.578554 0.247108 -0.032321
v 0.584956 0.243376 -0.030037
v 0.568229 0.244983 -0.027474
v 0.550510 0.250517 -0.027665
v 0.532905 0.248048 -0.019417
v 0.215393 0.160393 0.036735
v 0.216030 0.130847 0.019198
v 0.218406 0.128827 0.011962
v 0.216737 0.139246 0.027909
v 0.165464 0.277037 0.006250
v 0.181053 0.257061 0.023251
v 0.200669 0.234483 0.029028
v 0.235727 0.211215 0.027631
v 0.576955 0.202001 -0.068788
v 0.593424 0.174616 -0.050326
v 0.592829 0.186783 -0.062768
v 0.583903 0.171760 -0.035351
v 0.565502 0.195431 -0.001536
v 0.594506 0.244897 -0.034037
v 0.543240 0.251071 -0.023591
v 0.532576 0.252208 -0.024872
v 0.216542 0.171350 0.037272
v 0.161069 0.278626 0.010057
v 0.167628 0.268978 0.018006
v 0.174445 0.259403 0.024334
v 0.188695 0.219940 0.039203
v 0.204200 0.219739 0.033618
v 0.580878 0.171484 -0.042653
v 0.587823 0.194035 -0.004737
v 0.206793 0.177539 0.041514
v 0.215939 0.151521 0.034403
v 0.163324 0.274275 0.017819
v 0.166053 0.266912 0.024610
v 0.172173 0.253195 0.031693
v 0.179087 0.244151 0.033015
v 0.170133 0.260997 0.025836
v 0.201455 0.202195 0.039512
v 0.566012 0.183768 -0.064699
v 0.179355 0.238325 0.035920
v 0.168071 0.260680 0.029765
v 0.189260 0.235218 0.032629
v 0.573076 0.187588 -0.066019
v 0.575848 0.187937 -0.006553
v 0.192018 0.244255 0.027410
v 0.182148 0.250516 0.027628
v 0.206750 0.264360 0.005942
v 0.180399 0.263087 0.017850
v 0.196625 0.259140 0.015688
v 0.417353 0.253249 -0.013330
v 0.522970 0.174843 -0.059636
v 0.519879 0.231396 -0.067971
v 0.481457 0.179575 -0.064472
v 0.228338 0.132981 -0.027468
v 0.220039 0.127574 -0.021737
v 0.223858 0.132979 -0.032017
v 0.229496 0.130606 -0.017878
v 0.240276 0.141785 -0.039811
v 0.243136 0.135103 -0.021751
v 0.221550 0.136626 -0.040384
v 0.238849 0.138157 -0.033720
v 0.572887 0.219736 -0.070583
v 0.579610 0.217393 -0.072323
v 0.580329 0.177326 -0.017577
v 0.543893 0.185722 -0.003660
v 0.461997 0.217503 0.005255
v 0.501325 0.190214 0.002247
v 0.247203 0.134223 0.002358
v 0.291630 0.173785 0.020697
v 0.264938 0.217504 -0.072069
v 0.366622 0.214159 -0.067128
v 0.214448 0.242692 -0.065858
v 0.183795 0.263836 -0.050954
v 0.536006 0.225650 -0.070152
v 0.556398 0.170916 -0.048132
v 0.574419 0.171649 -0.046857
v 0.224736 0.127948 -0.003612
v 0.234694 0.131151 0.000838
v 0.169182 0.279474 -0.021371
v 0.568265 0.227457 -0.065919
v 0.555269 0.217362 -0.072171
v 0.584109 0.211482 -0.001475
v 0.588596 0.202415 -0.002389
v 0.576548 0.204194 -0.000946
v 0.597358 0.210131 -0.002830
v 0.584459 0.231616 -0.009169
v 0.590370 0.228056 -0.007275
v 0.584562 0.241618 -0.021320
v 0.568904 0.240627 -0.016426
v 0.584788 0.239687 -0.016146
v 0.158418 0.282536 -0.005176
v 0.544799 0.240665 -0.013520
v 0.159853 0.284425 0.004387
v 0.159476 0.288049 -0.004888
v 0.157868 0.286280 -0.013573
v 0.224674 0.148442 0.028896
v 0.232515 0.171832 0.032229
v 0.227110 0.178363 0.033687
v 0.556711 0.190712 -0.068900
v 0.558197 0.180066 -0.010503
v 0.213435 0.230950 0.026657
v 0.176776 0.270883 0.011007
v 0.191985 0.264811 0.011942
v 0.369983 0.205340 0.014557
v 0.528666 0.186351 -0.069413
v 0.526493 0.168584 -0.042526
v 0.520424 0.219872 -0.072732
v 0.503208 0.168201 -0.049621
v 0.471069 0.164114 -0.044769
v 0.418757 0.186775 -0.067947
v 0.270034 0.148023 -0.039403
v 0.241799 0.172322 -0.064784
v 0.571342 0.173731 -0.022135
v 0.574758 0.180385 -0.012552
v 0.569185 0.176691 -0.016362
v 0.557071 0.175142 -0.017250
v 0.525750 0.179643 -0.006592
v 0.546937 0.176061 -0.014156
v 0.429692 0.194161 0.009905
v 0.457247 0.180332 0.001827
v 0.496187 0.178038 -0.005345
v 0.250665 0.133567 -0.005203
v 0.239808 0.132208 -0.004808
v 0.295480 0.148459 0.011060
v 0.230550 0.198900 -0.073488
v 0.360523 0.168988 -0.057543
v 0.205141 0.217783 -0.074171
v 0.173838 0.260931 -0.064427
v 0.540184 0.213320 -0.074467
v 0.565520 0.170357 -0.035473
v 0.238845 0.133558 0.008278
v 0.232082 0.134782 0.013422
v 0.232209 0.132034 0.007214
v 0.157072 0.281582 -0.030058
v 0.565627 0.243530 -0.022275
v 0.560938 0.249348 -0.026891
v 0.562705 0.225617 -0.003643
v 0.550556 0.239257 -0.013789
v 0.540496 0.247586 -0.018738
v 0.161129 0.290124 -0.013621
v 0.162446 0.281148 -0.017476
v 0.159894 0.289146 -0.026439
v 0.157183 0.282676 -0.020209
v 0.229041 0.140704 0.022862
v 0.238368 0.182851 0.030589
v 0.217374 0.181907 0.036994
v 0.203585 0.188897 0.041842
v 0.552311 0.201463 -0.072408
v 0.170953 0.269112 0.015080
v 0.176484 0.275694 0.002203
v 0.186798 0.271735 0.004526
v 0.195365 0.268793 0.005558
v 0.369751 0.168889 0.010005
v 0.523849 0.196415 -0.074499
v 0.513029 0.192352 -0.072877
v 0.543571 0.188175 -0.069250
v 0.515800 0.198325 -0.074997
v 0.528287 0.168570 -0.035716
v 0.538642 0.168816 -0.039472
v 0.504550 0.167493 -0.032370
v 0.527783 0.213317 -0.074436
v 0.480039 0.164573 -0.035935
v 0.458159 0.162181 -0.033809
v 0.431016 0.163569 -0.049829
v 0.306012 0.150892 -0.037433
v 0.281953 0.141891 -0.027511
v 0.231732 0.153393 -0.054635
v 0.238735 0.147140 -0.048202
v 0.221453 0.143380 -0.050434
v 0.542882 0.173006 -0.019312
v 0.522338 0.171878 -0.018151
v 0.415855 0.171521 0.001513
v 0.455682 0.170849 -0.007644
v 0.509065 0.171577 -0.017339
v 0.479160 0.173932 -0.007094
v 0.275774 0.137292 -0.006706
v 0.259147 0.142591 0.014104
v 0.289471 0.139684 -0.000720
v 0.320305 0.146935 0.003414
v 0.219631 0.181849 -0.070067
v 0.210150 0.192161 -0.073849
v 0.359718 0.152987 -0.038499
v 0.196459 0.210141 -0.076259
v 0.179154 0.227187 -0.073171
v 0.169608 0.260696 -0.073466
v 0.165074 0.267208 -0.059132
v 0.170057 0.246184 -0.069757
v 0.538509 0.229336 -0.067955
v 0.521783 0.240877 -0.060984
v 0.526940 0.236584 -0.064217
v 0.531291 0.243934 -0.057195
v 0.553803 0.169845 -0.034143
v 0.563169 0.170406 -0.042153
v 0.158239 0.282325 -0.039665
v 0.558222 0.246530 -0.022597
v 0.576948 0.228776 -0.006349
v 0.562139 0.235468 -0.008719
v 0.542946 0.235057 -0.007575
v 0.158756 0.281982 -0.013322
v 0.251836 0.152798 0.021998
v 0.218870 0.202270 0.033968
v 0.224976 0.196387 0.033024
v 0.568028 0.192707 -0.068383
v 0.542008 0.177442 -0.061739
v 0.555929 0.184010 -0.065710
v 0.170237 0.279696 -0.013511
v 0.172137 0.274843 0.007036
v 0.200963 0.272140 -0.007984
v 0.373316 0.154114 -0.005003
v 0.503948 0.166936 -0.039257
v 0.515381 0.225676 -0.070952
v 0.493416 0.165849 -0.036536
v 0.482245 0.165373 -0.029192
v 0.464907 0.163396 -0.027961
v 0.427213 0.159116 -0.035765
v 0.400053 0.160394 -0.046106
v 0.305352 0.143802 -0.028680
v 0.279386 0.138579 -0.019631
v 0.265138 0.140251 -0.025959
v 0.294704 0.141086 -0.025981
v 0.260775 0.137783 -0.021021
v 0.244807 0.156656 -0.054020
v 0.215246 0.163004 -0.064987
v 0.226069 0.160212 -0.060956
v 0.518097 0.175332 -0.010969
v 0.550504 0.181619 -0.007792
v 0.391965 0.161794 -0.001951
v 0.460333 0.166579 -0.016608
v 0.471283 0.168801 -0.013992
v 0.440386 0.165447 -0.013345
v 0.491311 0.172907 -0.011681
v 0.259123 0.138146 0.007663
v 0.248050 0.137989 0.010507
v 0.252608 0.144736 0.017966
v 0.300219 0.139357 -0.009004
v 0.310456 0.141070 -0.007286
v 0.322485 0.144076 -0.002685
v 0.213094 0.172050 -0.069179
v 0.202793 0.196331 -0.074859
v 0.352370 0.145978 -0.027660
v 0.337553 0.149687 -0.035058
v 0.379054 0.152305 -0.036142
v 0.187872 0.205732 -0.076663
v 0.184263 0.215387 -0.075069
v 0.173304 0.229424 -0.073751
v 0.166062 0.259942 -0.077952
v 0.163405 0.264643 -0.070171
v 0.169307 0.265252 -0.067031
v 0.160446 0.274498 -0.060030
v 0.172680 0.253838 -0.078151
v 0.173773 0.255819 -0.070320
v 0.171603 0.245438 -0.078223
v 0.169586 0.237419 -0.074065
v 0.180370 0.240571 -0.066364
v 0.168875 0.231949 -0.077800
v 0.175487 0.235406 -0.069734
v 0.173727 0.241860 -0.066120
v 0.182066 0.234918 -0.070601
v 0.175198 0.252051 -0.059394
v 0.199091 0.241421 -0.067327
v 0.178596 0.247085 -0.063118
v 0.194137 0.235710 -0.069564
v 0.172963 0.247633 -0.063894
v 0.188424 0.252644 -0.060210
v 0.179366 0.258061 -0.054858
v 0.171522 0.254658 -0.063898
v 0.172971 0.259210 -0.057550
v 0.174089 0.268981 -0.055978
v 0.176762 0.264801 -0.051149
v 0.172978 0.266479 -0.061926
v 0.176471 0.275667 -0.040363
v 0.177059 0.271768 -0.048168
v 0.165587 0.271701 -0.044761
v 0.185527 0.272391 -0.037284
v 0.170508 0.272593 -0.047044
v 0.172235 0.275897 -0.032413
v 0.180708 0.267021 -0.046063
v 0.179739 0.272457 -0.041806
v 0.161395 0.274759 -0.039205
v 0.164008 0.276798 -0.032581
v 0.580228 0.234628 -0.009926
v 0.570076 0.233916 -0.009292
v 0.573264 0.218382 -0.001885
v 0.558789 0.239190 -0.012104
v 0.525531 0.227115 -0.002221
v 0.239034 0.153477 0.025796
v 0.240137 0.198460 0.028552
v 0.252021 0.191679 0.027873
v 0.282040 0.236598 0.008964
v 0.253160 0.231209 0.017746
v 0.247532 0.220273 0.022483
v 0.544216 0.170927 -0.051774
v 0.522499 0.180251 -0.065246
v 0.511717 0.177167 -0.063407
v 0.515334 0.185932 -0.069572
v 0.514112 0.169984 -0.054344
v 0.524579 0.170025 -0.051386
v 0.168961 0.278763 -0.003167
v 0.162285 0.281185 -0.007515
v 0.205515 0.268444 -0.000826
v 0.373390 0.151496 -0.010607
v 0.356544 0.149364 -0.005986
v 0.501603 0.167047 -0.043477
v 0.493156 0.166018 -0.043947
v 0.481471 0.166847 -0.047642
v 0.444864 0.161138 -0.027771
v 0.454097 0.164529 -0.048171
v 0.428560 0.158747 -0.028191
v 0.424118 0.158161 -0.031797
v 0.399577 0.154542 -0.032100
v 0.298131 0.139727 -0.019913
v 0.315796 0.142089 -0.024586
v 0.259567 0.144146 -0.039205
v 0.292843 0.147450 -0.034897
v 0.287605 0.149019 -0.037278
v 0.254508 0.158036 -0.053799
v 0.243645 0.163248 -0.059226
v 0.227196 0.173441 -0.066936
v 0.514046 0.182225 -0.002671
v 0.563768 0.187874 -0.004654
v 0.566699 0.183266 -0.008509
v 0.542208 0.202494 0.001733
v 0.420717 0.161181 -0.014406
v 0.491089 0.169935 -0.017246
v 0.438653 0.174861 0.000052
v 0.439669 0.169263 -0.006733
v 0.458826 0.175247 -0.002779
v 0.420991 0.168219 -0.003278
v 0.436139 0.189008 0.008084
v 0.424394 0.183193 0.007779
v 0.433590 0.179575 0.004416
v 0.446613 0.181103 0.003902
v 0.415863 0.186673 0.010001
v 0.444336 0.203421 0.008750
v 0.275830 0.140558 0.006308
v 0.296836 0.143139 0.004525
v 0.337233 0.144609 -0.007007
v 0.236685 0.185953 -0.070696
v 0.265050 0.193357 -0.071626
v 0.246309 0.181170 -0.068823
v 0.203666 0.206573 -0.074564
v 0.194234 0.201131 -0.076870
v 0.211075 0.181496 -0.072160
v 0.350255 0.144737 -0.021001
v 0.370051 0.148820 -0.029530
v 0.181525 0.211797 -0.080264
v 0.191323 0.227174 -0.072494
v 0.177360 0.221145 -0.075886
v 0.158483 0.279589 -0.048521
v 0.158154 0.276897 -0.042697
v 0.190415 0.242852 -0.066197
v 0.199078 0.230192 -0.071999
v 0.163021 0.269604 -0.050937
v 0.160235 0.272909 -0.046200
v 0.184418 0.278774 -0.025947
v 0.206754 0.264012 -0.046242
v 0.157798 0.278264 -0.036542
v 0.559260 0.205294 0.000689
v 0.569335 0.211292 0.000111
v 0.553468 0.198192 0.000324
v 0.241370 0.144869 0.021082
v 0.254640 0.181716 0.028511
v 0.533212 0.171873 -0.055413
v 0.533442 0.169262 -0.049110
v 0.548182 0.173582 -0.056658
v 0.557598 0.177912 -0.060413
v 0.539569 0.169299 -0.045524
v 0.196067 0.272473 -0.004163
v 0.191070 0.273711 -0.001626
v 0.393401 0.156735 -0.011702
v 0.489452 0.168694 -0.053378
v 0.461886 0.163803 -0.044005
v 0.461376 0.173107 -0.058712
v 0.461298 0.167553 -0.051744
v 0.409614 0.156341 -0.027180
v 0.383660 0.150945 -0.028405
v 0.315309 0.145687 -0.031886
v 0.333959 0.143678 -0.023134
v 0.323121 0.146693 -0.032172
v 0.337313 0.146139 -0.029777
v 0.258342 0.168969 -0.061976
v 0.290386 0.173252 -0.063252
v 0.292260 0.158153 -0.047698
v 0.279101 0.150322 -0.040659
v 0.299017 0.158606 -0.047364
v 0.263239 0.152999 -0.046984
v 0.318019 0.175880 -0.063718
v 0.310759 0.165257 -0.053853
v 0.308274 0.161461 -0.048200
v 0.301563 0.164867 -0.055420
v 0.322752 0.159637 -0.046765
v 0.325819 0.152007 -0.037601
v 0.314433 0.157982 -0.045118
v 0.317984 0.161924 -0.050626
v 0.318067 0.153422 -0.041043
v 0.321386 0.170068 -0.059164
v 0.340791 0.163071 -0.051060
v 0.333087 0.157847 -0.044093
v 0.343111 0.158040 -0.044265
v 0.354241 0.163045 -0.047599
v 0.348377 0.150013 -0.035451
v 0.511371 0.178069 -0.006404
v 0.501843 0.182758 -0.001766
v 0.491665 0.184606 0.000431
v 0.483617 0.179064 -0.002588
v 0.550994 0.190848 -0.001564
v 0.473345 0.183385 0.001846
v 0.264899 0.136695 0.001748
v 0.304109 0.141993 -0.000504
v 0.343730 0.164866 0.012728
v 0.340769 0.151922 0.004045
v 0.348558 0.150839 -0.000177
v 0.333581 0.146860 -0.000866
v 0.214826 0.218301 -0.073505
v 0.217207 0.228587 -0.071358
v 0.204874 0.183885 -0.074004
v 0.360298 0.148719 -0.032513
v 0.371099 0.159021 -0.044035
v 0.370868 0.152895 -0.037922
v 0.378198 0.149830 -0.023846
v 0.186204 0.222255 -0.074123
v 0.172700 0.224155 -0.077905
v 0.204542 0.253675 -0.058937
v 0.181518 0.277376 -0.034002
v 0.187641 0.266916 -0.045900
v 0.236133 0.167022 0.030768
v 0.255223 0.160864 0.023923
v 0.288670 0.214377 0.020915
v 0.260587 0.217844 0.021026
v 0.570907 0.176806 -0.058369
v 0.565239 0.173365 -0.052959
v 0.411259 0.163070 -0.007215
v 0.385280 0.173545 0.009214
v 0.377911 0.164381 0.005332
v 0.492289 0.166865 -0.048521
v 0.481166 0.172212 -0.057812
v 0.473655 0.168235 -0.053456
v 0.497110 0.176150 -0.061928
v 0.442831 0.160771 -0.035875
v 0.434988 0.161175 -0.043129
v 0.440152 0.165346 -0.050032
v 0.443822 0.162338 -0.042750
v 0.429531 0.179286 -0.064658
v 0.443300 0.173684 -0.060126
v 0.433734 0.169390 -0.057180
v 0.448359 0.168713 -0.054699
v 0.390992 0.154046 -0.038160
v 0.386285 0.152125 -0.033716
v 0.285439 0.161369 -0.052267
v 0.271509 0.166679 -0.059760
v 0.264479 0.161475 -0.054700
v 0.277729 0.159591 -0.052142
v 0.288714 0.187020 -0.069517
v 0.343091 0.180135 -0.064254
v 0.348060 0.165229 -0.053605
v 0.332926 0.169297 -0.056722
v 0.343235 0.174071 -0.060323
v 0.331494 0.175396 -0.062286
v 0.403827 0.175285 0.006656
v 0.270430 0.156602 0.020061
v 0.278251 0.138222 -0.001218
v 0.207813 0.231852 -0.070805
v 0.215312 0.250133 -0.061198
v 0.178995 0.279019 -0.022982
v 0.193822 0.270432 -0.038312
v 0.262456 0.178589 0.026191
v 0.268518 0.193173 0.025807
v 0.271754 0.176057 0.023419
v 0.259195 0.208992 0.023580
v 0.287036 0.185466 0.021724
v 0.271765 0.201905 0.024512
v 0.283702 0.204274 0.023334
v 0.271589 0.213683 0.021546
v 0.261815 0.166976 0.023786
v 0.280107 0.229342 0.014089
v 0.288092 0.220387 0.018826
v 0.264798 0.226304 0.017410
v 0.274431 0.222126 0.018224
v 0.265944 0.234032 0.013460
v 0.266063 0.246788 0.003385
v 0.264253 0.240397 0.009801
v 0.573521 0.181049 -0.061953
v 0.582213 0.185906 -0.063682
v 0.378932 0.158909 -0.000657
v 0.470676 0.179755 -0.064539
v 0.500052 0.171611 -0.056796
v 0.501333 0.188551 -0.070566
v 0.497918 0.182635 -0.067061
v 0.505356 0.199093 -0.073385
v 0.421695 0.173441 -0.060357
v 0.450231 0.188792 -0.069165
v 0.447132 0.179035 -0.064415
v 0.380915 0.157785 -0.043544
v 0.398809 0.156007 -0.039324
v 0.413183 0.158589 -0.041418
v 0.412471 0.157671 -0.037756
v 0.406087 0.158289 -0.043876
v 0.408622 0.167088 -0.053416
v 0.424328 0.161820 -0.046912
v 0.353836 0.169537 -0.057740
v 0.401717 0.182202 0.010278
v 0.389692 0.167387 0.004127
v 0.216662 0.258157 -0.052630
v 0.174523 0.278489 -0.020694
v 0.191378 0.273848 -0.030030
v 0.202654 0.273088 -0.021119
v 0.195222 0.274838 -0.014214
v 0.195795 0.274098 -0.023765
v 0.188357 0.276820 -0.008981
v 0.184019 0.279037 -0.017522
v 0.180283 0.277563 -0.011279
v 0.286309 0.165279 0.019913
v 0.291589 0.156608 0.016740
v 0.275254 0.149744 0.015948
v 0.285881 0.196584 0.022693
v 0.580477 0.176985 -0.056311
v 0.487897 0.189021 -0.070498
v 0.458037 0.185736 -0.067509
v 0.443254 0.184378 -0.067240
v 0.455735 0.177874 -0.062903
v 0.384822 0.155698 -0.040967
v 0.391850 0.158913 -0.045107
v 0.399029 0.176251 -0.061001
v 0.395722 0.165499 -0.051279
v 0.383869 0.166726 -0.050862
v 0.405321 0.171426 -0.057069
v 0.402296 0.163629 -0.051030
v 0.369533 0.165540 -0.049239
v 0.399199 0.183705 -0.065785
v 0.412548 0.180540 -0.064473
v 0.418422 0.162872 -0.050173
v 0.283501 0.145061 0.010623
v 0.200293 0.261236 -0.051124
v 0.240451 0.259871 -0.038634
v 0.214572 0.268770 -0.031513
v 0.207570 0.268033 -0.038113
v 0.264938 0.150564 0.018509
v 0.468345 0.186804 -0.068800
v 0.494030 0.195512 -0.072377
v 0.430640 0.233759 -0.058579
v 0.467583 0.202033 -0.072219
v 0.438601 0.182825 -0.066354
v 0.418657 0.159946 -0.044935
v 0.411531 0.162960 -0.048613
v 0.415260 0.167139 -0.054543
v 0.379632 0.190864 0.014865
v 0.403633 0.201487 0.013154
v 0.405306 0.191749 0.012329
v 0.368529 0.159866 0.003969
v 0.359263 0.154675 0.002214
v 0.354739 0.162412 0.009546
v 0.363468 0.183774 0.015505
v 0.360394 0.171336 0.012800
v 0.188883 0.260192 -0.054078
v 0.227778 0.262777 -0.040690
v 0.217118 0.262438 -0.046275
v 0.227154 0.257026 -0.052367
v 0.216682 0.269923 -0.016657
v 0.480198 0.185333 -0.068144
v 0.461599 0.193785 -0.070798
v 0.479264 0.193572 -0.071303
v 0.492333 0.221932 -0.071833
v 0.428846 0.213821 -0.069858
v 0.376329 0.183421 0.014376
v 0.383684 0.181540 0.012681
v 0.392897 0.186224 0.013004
v 0.372556 0.176549 0.013128
v 0.417598 0.209731 0.011332
v 0.338971 0.157950 0.009870
v 0.325012 0.152986 0.009085
v 0.350500 0.156392 0.006011
v 0.348782 0.173474 0.015012
v 0.229348 0.264524 -0.033932
v 0.231093 0.258828 -0.048075
v 0.255753 0.246105 -0.056422
v 0.236365 0.244320 -0.063523
v 0.251534 0.251831 -0.050435
v 0.229406 0.251706 -0.058132
v 0.240472 0.251927 -0.055133
v 0.247192 0.245788 -0.059491
v 0.272086 0.255853 -0.026677
v 0.262243 0.252174 -0.043660
v 0.260604 0.248884 -0.050854
v 0.250821 0.254861 -0.044781
v 0.466746 0.210088 -0.072480
v 0.509296 0.216295 -0.073404
v 0.498762 0.230576 -0.069481
v 0.506027 0.232501 -0.067087
v 0.502583 0.224709 -0.071515
v 0.508401 0.238443 -0.062653
v 0.492092 0.211957 -0.073106
v 0.430838 0.200046 -0.071665
v 0.365368 0.195417 0.015716
v 0.393350 0.192174 0.013822
v 0.386266 0.199697 0.014448
v 0.323375 0.195219 0.019279
v 0.221185 0.246837 -0.063263
v 0.259854 0.255677 -0.035866
v 0.210110 0.258507 0.011005
v 0.239870 0.258856 -0.003241
v 0.229717 0.258175 0.003748
v 0.227597 0.266629 -0.016223
v 0.226295 0.253401 0.010243
v 0.221939 0.266741 -0.009138
v 0.222643 0.263671 -0.001861
v 0.239682 0.262695 -0.026827
v 0.473375 0.248629 -0.048874
v 0.488235 0.247441 -0.050952
v 0.499600 0.243485 -0.057649
v 0.493576 0.203183 -0.073239
v 0.471708 0.220073 -0.071556
v 0.481007 0.216289 -0.072489
v 0.505359 0.207887 -0.074048
v 0.448826 0.197971 -0.071442
v 0.436487 0.193232 -0.070097
v 0.398870 0.234081 0.003157
v 0.387201 0.212887 0.011958
v 0.374045 0.233830 0.005631
v 0.375643 0.229250 0.008183
v 0.372629 0.220760 0.011413
v 0.338500 0.180763 0.016984
v 0.332289 0.164823 0.014515
v 0.328781 0.159193 0.012572
v 0.350131 0.193288 0.016731
v 0.284393 0.252242 -0.034833
v 0.269671 0.242873 -0.055661
v 0.277501 0.250630 -0.041989
v 0.272432 0.246462 -0.050428
v 0.255917 0.258827 -0.016623
v 0.221381 0.248365 0.015652
v 0.206621 0.252571 0.017053
v 0.242446 0.237269 0.017355
v 0.223086 0.224616 0.026824
v 0.222332 0.214880 0.030182
v 0.217157 0.239446 0.022120
v 0.247220 0.259997 -0.031914
v 0.243516 0.260079 -0.009938
v 0.248837 0.259985 -0.014353
v 0.240746 0.262612 -0.018761
v 0.246940 0.261014 -0.024355
v 0.257531 0.258266 -0.025267
v 0.477610 0.238342 -0.062208
v 0.451776 0.204054 -0.072444
v 0.436212 0.207663 -0.071943
v 0.402007 0.206573 -0.069306
v 0.417993 0.209343 -0.070089
v 0.401069 0.208671 0.012809
v 0.325686 0.171760 0.017188
v 0.341196 0.226586 0.011131
v 0.342626 0.214729 0.015788
v 0.315899 0.186062 0.019729
v 0.343707 0.206014 0.017364
v 0.266134 0.257270 -0.019340
v 0.285214 0.253320 -0.015562
v 0.490227 0.232381 -0.067595
v 0.483094 0.226662 -0.070223
v 0.498561 0.238666 -0.063144
v 0.486602 0.243207 -0.057322
v 0.473754 0.244937 -0.054310
v 0.468795 0.233203 -0.065163
v 0.476447 0.229691 -0.068757
v 0.356062 0.209176 0.015567
v 0.359509 0.223896 0.011250
v 0.354685 0.216011 0.014446
v 0.313238 0.163564 0.016045
v 0.298099 0.163156 0.017955
v 0.308778 0.154996 0.013046
v 0.249160 0.248951 0.008269
v 0.256533 0.246036 0.007815
v 0.256376 0.257189 -0.006334
v 0.270663 0.250359 -0.003336
v 0.288104 0.253633 -0.023030
v 0.494466 0.248857 -0.013418
v 0.341708 0.219787 0.014364
v 0.359606 0.230314 0.007846
v 0.312886 0.171873 0.018294
v 0.305534 0.196885 0.020244
v 0.297056 0.202305 0.020907
v 0.321720 0.224724 0.013501
v 0.320718 0.211423 0.018021
v 0.323382 0.204425 0.018817
v 0.301347 0.217933 0.018448
v 0.303692 0.210438 0.019343
v 0.317598 0.217556 0.016455
v 0.291165 0.225857 0.016158
v 0.309356 0.147439 0.006659
v 0.251386 0.243014 0.012063
v 0.233452 0.241499 0.017139
v 0.262409 0.257390 -0.012552
v 0.251774 0.254486 0.001052
v 0.278683 0.243060 0.004033
v 0.271491 0.254303 -0.011918
v 0.276895 0.255221 -0.020379
v 0.303280 0.241226 0.003232
v 0.295416 0.231999 0.012314
v 0.285637 0.247356 -0.002858
v 0.289188 0.241283 0.004072
v 0.285662 0.251324 -0.009723
v 0.287406 0.252934 -0.029750
v 0.311947 0.235169 -0.057799
v 0.290908 0.241094 -0.052883
v 0.283816 0.247838 -0.045307
v 0.307449 0.248324 -0.040184
v 0.292743 0.249635 -0.039368
v 0.302785 0.251148 -0.034064
v 0.298010 0.245256 -0.046997
v 0.489799 0.253868 -0.032072
v 0.360333 0.251631 -0.031772
v 0.248007 0.257304 -0.003537
v 0.244535 0.253491 0.003931
v 0.236673 0.248400 0.011267
v 0.296665 0.244654 -0.000445
v 0.299856 0.248106 -0.006431
v 0.300530 0.253041 -0.020479
v 0.315455 0.249989 -0.016502
v 0.315349 0.249770 -0.033594
v 0.492418 0.250924 -0.043934
v 0.365695 0.248870 -0.013145
v 0.473563 0.254535 -0.035960
v 0.472945 0.252616 -0.041227
v 0.368704 0.239215 0.000780
v 0.488470 0.253460 -0.036541
v 0.478240 0.253779 -0.017801
v 0.480827 0.254799 -0.025004
v 0.474029 0.255282 -0.028175
v 0.485802 0.252425 -0.017548
v 0.463263 0.254237 -0.036784
v 0.445081 0.252191 -0.012702
v 0.475803 0.237729 -0.001356
v 0.495998 0.253176 -0.024433
v 0.460986 0.254481 -0.017571
v 0.483004 0.247441 -0.009924
v 0.511100 0.250651 -0.018922
v 0.520155 0.248724 -0.015656
v 0.525684 0.237977 -0.008204
v 0.519575 0.234165 -0.005322
v 0.462252 0.251718 -0.042429
v 0.467877 0.254703 -0.021201
v 0.460299 0.256366 -0.028322
v 0.471059 0.246810 -0.007161
v 0.470546 0.252689 -0.015847
v 0.479867 0.241814 -0.004070
v 0.489549 0.227921 0.000996
v 0.484266 0.231837 0.000599
v 0.505640 0.253002 -0.032869
v 0.507543 0.249200 -0.014197
v 0.466707 0.255073 -0.030800
v 0.445751 0.252630 -0.039182
v 0.433766 0.255967 -0.032315
v 0.438719 0.254323 -0.036242
v 0.447914 0.256280 -0.023732
v 0.445710 0.255345 -0.031761
v 0.437217 0.256442 -0.027869
v 0.477245 0.229127 0.001399
v 0.498578 0.237094 -0.003724
v 0.511177 0.237651 -0.006335
v 0.498416 0.253205 -0.029658
v 0.500091 0.252037 -0.039345
v 0.456937 0.256696 -0.022802
v 0.452602 0.254322 -0.016089
v 0.455354 0.245486 -0.004074
v 0.457965 0.250827 -0.010518
v 0.450658 0.250182 -0.008590
v 0.426162 0.234672 0.002830
v 0.437934 0.241960 -0.001305
v 0.445589 0.238039 0.000234
v 0.426845 0.254651 -0.017041
v 0.478499 0.223502 0.002921
v 0.489785 0.205289 0.005230
v 0.482709 0.208799 0.005406
v 0.490772 0.194063 0.004080
v 0.496572 0.231282 -0.000795
v 0.503484 0.244678 -0.008907
v 0.493562 0.242595 -0.006160
v 0.509986 0.229648 -0.001954
v 0.504604 0.248806 -0.048087
v 0.519675 0.244554 -0.056839
v 0.430604 0.256454 -0.023510
v 0.439157 0.254768 -0.017867
v 0.481045 0.196391 0.005409
v 0.496197 0.215439 0.003392
v 0.474841 0.190447 0.004705
v 0.512301 0.247367 -0.013325
v 0.509903 0.251665 -0.039552
v 0.518168 0.252137 -0.036179
v 0.512248 0.252616 -0.027406
v 0.521416 0.253339 -0.023392
v 0.526844 0.251176 -0.020998
v 0.513956 0.248019 -0.050255
v 0.439106 0.247934 -0.005918
v 0.438198 0.251741 -0.010776
v 0.423143 0.250150 -0.010224
v 0.474469 0.204662 0.006193
v 0.458703 0.205873 0.007209
v 0.453523 0.194978 0.007434
v 0.455286 0.186094 0.004996
v 0.500395 0.198404 0.004418
v 0.483073 0.187249 0.002650
v 0.423103 0.256380 -0.024685
v 0.413200 0.240091 -0.001216
v 0.469052 0.177377 -0.001722
v 0.446002 0.186850 0.006524
v 0.515454 0.206633 0.003750
v 0.510351 0.215746 0.002644
v 0.505829 0.209431 0.003959
v 0.518582 0.220680 0.000887
v 0.531222 0.219352 0.000684
v 0.401798 0.245093 -0.046981
v 0.416838 0.245685 -0.005613
v 0.446766 0.235108 0.001915
v 0.443636 0.223172 0.006419
v 0.413231 0.251737 -0.038084
v 0.432772 0.249453 -0.043413
v 0.421445 0.255301 -0.031438
v 0.430081 0.253401 -0.037584
v 0.448778 0.239022 -0.057185
v 0.427535 0.244389 -0.048614
v 0.420564 0.237115 -0.054444
v 0.454700 0.243186 -0.053585
v 0.404370 0.241741 -0.051045
v 0.418661 0.249522 -0.042738
v 0.161855 0.280061 -0.025325
v 0.548984 0.219200 -0.000300
v 0.550559 0.227251 -0.003522
v 0.544347 0.211408 0.001460
v 0.558929 0.215154 -0.000065
v 0.549607 0.234429 -0.008276
v 0.547425 0.181622 -0.065455
v 0.516162 0.167939 -0.046928
v 0.255596 0.138811 -0.026660
v 0.244780 0.207108 -0.074167
v 0.238419 0.223824 -0.072555
v 0.234098 0.217790 -0.074859
v 0.250140 0.217387 -0.073384
v 0.220638 0.199120 -0.074187
v 0.224288 0.217152 -0.074782
v 0.220653 0.207795 -0.074500
v 0.251076 0.173520 -0.065931
v 0.261599 0.183099 -0.068459
v 0.276696 0.200098 -0.071761
v 0.261453 0.176815 -0.065613
v 0.274676 0.173518 -0.064260
v 0.282907 0.179691 -0.066779
v 0.306745 0.181736 -0.067373
v 0.290065 0.194063 -0.070976
v 0.306341 0.174273 -0.063144
v 0.296867 0.170960 -0.061825
v 0.292855 0.217752 -0.069314
v 0.291523 0.210184 -0.071197
v 0.264286 0.202040 -0.073852
v 0.272074 0.211125 -0.071657
v 0.258781 0.209150 -0.073145
v 0.278625 0.230121 -0.064434
v 0.279692 0.215177 -0.071046
v 0.274584 0.222357 -0.068856
v 0.292349 0.203538 -0.071862
v 0.264339 0.232221 -0.066084
v 0.268830 0.237568 -0.061069
v 0.268236 0.227212 -0.067697
v 0.260374 0.224709 -0.070298
v 0.290678 0.232010 -0.061788
v 0.291843 0.226131 -0.065630
v 0.302691 0.234496 -0.058840
v 0.280523 0.238080 -0.058092
v 0.361970 0.160143 -0.044888
v 0.359261 0.165931 -0.052470
v 0.368665 0.168690 -0.055611
v 0.360704 0.193336 -0.068524
v 0.384092 0.177620 -0.062878
v 0.373580 0.176851 -0.063204
v 0.357693 0.177472 -0.062884
v 0.384796 0.172251 -0.057304
v 0.375891 0.171635 -0.058833
v 0.386752 0.182511 -0.065565
v 0.367272 0.173160 -0.060983
v 0.349352 0.199460 -0.070114
v 0.356940 0.185494 -0.067169
v 0.375877 0.184199 -0.066141
v 0.387584 0.194356 -0.068025
v 0.334361 0.183755 -0.067640
v 0.324755 0.191645 -0.070858
v 0.322440 0.183597 -0.067700
v 0.391059 0.188095 -0.067214
v 0.377240 0.198074 -0.068386
v 0.361452 0.205675 -0.069346
v 0.403903 0.190111 -0.068768
v 0.347867 0.191688 -0.068859
v 0.382463 0.216981 -0.064525
v 0.377753 0.204067 -0.068110
v 0.379966 0.210195 -0.066783
v 0.337069 0.226508 -0.062981
v 0.395693 0.200495 -0.069154
v 0.389308 0.204214 -0.067946
v 0.412790 0.194332 -0.070457
v 0.413389 0.202376 -0.071110
v 0.401762 0.196400 -0.069914
v 0.350780 0.216210 -0.067518
v 0.349422 0.208149 -0.069763
v 0.429075 0.202072 0.010189
v 0.431420 0.219395 0.008703
v 0.433133 0.227145 0.006615
v 0.438116 0.233988 0.003315
v 0.420072 0.224162 0.007899
v 0.418445 0.215550 0.010497
v 0.410595 0.227823 0.005801
v 0.408924 0.215156 0.010917
v 0.392320 0.220164 0.009455
v 0.398393 0.227146 0.006415
v 0.397530 0.247498 -0.005880
v 0.388802 0.236595 0.002697
v 0.400181 0.244199 -0.003410
v 0.404244 0.250677 -0.009448
v 0.379544 0.244079 -0.004435
v 0.386786 0.242417 -0.001731
v 0.378377 0.247618 -0.010543
v 0.366638 0.243730 -0.004700
v 0.208451 0.245137 0.021398
v 0.451827 0.219425 -0.070964
v 0.462784 0.224829 -0.069409
v 0.446121 0.213996 -0.071701
v 0.437777 0.215226 -0.070969
v 0.446677 0.226254 -0.066745
v 0.428569 0.224547 -0.064584
v 0.418185 0.227326 -0.061318
v 0.417140 0.216714 -0.066946
v 0.453703 0.233014 -0.063835
v 0.459433 0.227080 -0.068110
v 0.461146 0.239015 -0.059221
v 0.455227 0.248737 -0.046548
v 0.434587 0.219394 -0.068880
v 0.410776 0.219552 -0.065453
v 0.403203 0.235520 -0.055541
v 0.390823 0.227265 -0.059571
v 0.405798 0.214259 -0.067627
v 0.372672 0.247611 -0.041947
v 0.393648 0.218830 -0.064099
v 0.391420 0.211850 -0.066358
v 0.391038 0.238582 -0.051823
v 0.387347 0.233617 -0.055405
v 0.385101 0.244328 -0.045937
v 0.383473 0.223813 -0.061355
v 0.388139 0.252788 -0.028116
v 0.396024 0.250799 -0.011228
v 0.390507 0.248055 -0.007780
v 0.381045 0.251026 -0.018563
v 0.376636 0.253374 -0.030853
v 0.374663 0.253041 -0.025355
v 0.390708 0.251720 -0.034006
v 0.368451 0.251666 -0.020320
v 0.380409 0.251035 -0.037127
v 0.389098 0.248803 -0.040286
v 0.354959 0.237474 -0.053295
v 0.362257 0.246935 -0.041839
v 0.369182 0.251516 -0.035207
v 0.365755 0.252951 -0.026782
v 0.402441 0.250003 -0.038435
v 0.411396 0.254687 -0.026373
v 0.400302 0.252917 -0.016407
v 0.403212 0.252643 -0.031123
v 0.411880 0.255079 -0.019507
v 0.403691 0.253810 -0.021305
v 0.408372 0.253541 -0.013894
v 0.352869 0.245823 -0.040961
v 0.352819 0.252016 -0.018695
v 0.355802 0.252629 -0.025414
v 0.351904 0.247433 -0.008330
v 0.352030 0.250646 -0.013807
v 0.358049 0.235456 0.004218
v 0.349627 0.243730 -0.003449
v 0.344457 0.237976 0.002611
v 0.418466 0.255658 -0.019187
v 0.359139 0.248821 -0.037937
v 0.339563 0.246659 -0.006978
v 0.341392 0.249552 -0.013334
v 0.322244 0.245069 -0.003304
v 0.329490 0.241817 0.000321
v 0.346195 0.250830 -0.022830
v 0.328064 0.247567 -0.008365
v 0.328243 0.237027 0.005017
v 0.336245 0.249892 -0.017546
v 0.327195 0.247383 -0.037734
v 0.328751 0.249831 -0.022582
v 0.312394 0.240191 0.004080
v 0.314373 0.247225 -0.007334
v 0.310164 0.244536 -0.001757
v 0.328565 0.249062 -0.013463
v 0.330724 0.231869 0.008467
v 0.303628 0.224958 0.016073
v 0.309252 0.235835 0.008889
v 0.307407 0.230763 0.012866
v 0.343940 0.248616 -0.031522
v 0.339271 0.249738 -0.025270
v 0.332133 0.248924 -0.030702
v 0.304584 0.250435 -0.012806
v 0.315883 0.250761 -0.025696
v 0.316925 0.245388 -0.044313
v 0.308867 0.239885 -0.053321
v 0.529556 0.193279 0.001038
v 0.522270 0.200706 0.003053
v 0.516478 0.187296 0.000035
v 0.515066 0.195389 0.002803
v 0.526715 0.185533 -0.002043
v 0.463152 0.234029 0.001809
v 0.460959 0.246472 -0.004715
v 0.467170 0.240008 -0.002735
v 0.250934 0.197804 -0.072928
v 0.238374 0.233641 -0.069628
v 0.249312 0.236670 -0.066243
v 0.242185 0.226821 -0.071460
v 0.256867 0.237375 -0.064144
v 0.232280 0.238665 -0.067319
v 0.309833 0.169769 -0.058940
v 0.306821 0.214167 -0.070084
v 0.305069 0.227264 -0.064327
v 0.309831 0.200627 -0.072443
v 0.314869 0.195546 -0.071373
v 0.325940 0.199639 -0.071964
v 0.315081 0.205095 -0.071685
v 0.333157 0.200525 -0.072952
v 0.305234 0.220853 -0.068031
v 0.319491 0.222840 -0.065792
v 0.328804 0.208830 -0.070505
v 0.320695 0.217512 -0.068166
v 0.338635 0.208332 -0.071112
v 0.339981 0.203150 -0.072073
v 0.334298 0.219301 -0.066939
v 0.325729 0.236913 -0.054512
v 0.328750 0.243361 -0.045837
v 0.319019 0.241579 -0.049743
v 0.321636 0.229699 -0.061124
v 0.352702 0.222753 -0.064893
v 0.341738 0.231987 -0.058494
v 0.353315 0.228028 -0.061879
v 0.355369 0.232961 -0.057953
v 0.374832 0.235678 -0.053649
v 0.343655 0.242432 -0.045613
v 0.370445 0.242566 -0.047542
v 0.336776 0.245838 -0.039759
v 0.342510 0.238009 -0.052034
v 0.353322 0.241231 -0.048367
v 0.375657 0.228065 -0.059095
v 0.347184 0.246726 -0.037442
v 0.366191 0.220064 -0.064799
v 0.445044 0.233626 -0.061390
v 0.624325 0.204928 -0.072796
v 0.631090 0.205212 -0.073562
v 0.637497 0.206182 -0.074372
v 0.642754 0.209068 -0.074192
v 0.643502 0.217407 -0.069643
v 0.644429 0.227691 -0.063970
v 0.646355 0.234036 -0.057141
v 0.646763 0.237522 -0.047669
v 0.647991 0.240654 -0.038710
v 0.650042 0.242812 -0.029756
v 0.651661 0.241213 -0.020588
v 0.653316 0.236642 -0.012111
v 0.654061 0.225704 -0.004536
v 0.655153 0.213714 -0.006999
v 0.655455 0.203832 -0.011169
v 0.656231 0.196310 -0.017055
v 0.657177 0.189341 -0.025072
v 0.658897 0.182906 -0.034677
v 0.659387 0.179730 -0.045062
v 0.655862 0.181554 -0.055041
v 0.652252 0.189813 -0.061017
v 0.649258 0.200357 -0.063949
v 0.646781 0.212088 -0.064647
v 0.645393 0.224734 -0.063606
v 0.638138 0.222690 -0.063068
v 0.632313 0.223175 -0.064141
v 0.617743 0.220272 -0.064272
v 0.610317 0.219065 -0.065170
v 0.602331 0.216753 -0.065930
v 0.601971 0.208616 -0.073236
v 0.609652 0.207273 -0.072765
v 0.617083 0.205693 -0.072527
v 0.624322 0.241259 -0.037151
v 0.627083 0.172372 -0.037747
v 0.617763 0.231846 -0.058916
v 0.615262 0.173978 -0.030033
v 0.603429 0.226655 -0.063618
v 0.634605 0.200056 -0.064347
v 0.619645 0.225190 -0.064355
v 0.638890 0.214779 -0.064643
v 0.621889 0.213449 -0.068642
v 0.612495 0.217845 -0.068053
v 0.616776 0.201055 -0.064702
v 0.635055 0.216465 -0.068882
v 0.622665 0.205459 -0.064868
v 0.607672 0.205115 -0.065742
v 0.626011 0.193452 -0.009346
v 0.628913 0.225972 -0.006067
v 0.615988 0.244276 -0.029944
v 0.615255 0.176501 -0.052638
v 0.616778 0.177251 -0.024120
v 0.642554 0.205245 -0.064825
v 0.609660 0.188450 -0.061918
v 0.634040 0.227603 -0.063300
v 0.612933 0.190244 -0.009541
v 0.619088 0.229530 -0.009219
v 0.604749 0.239798 -0.025420
v 0.617818 0.244107 -0.023468
v 0.616505 0.173206 -0.043845
v 0.635326 0.180692 -0.022728
v 0.610922 0.181612 -0.058564
v 0.639022 0.223315 -0.066584
v 0.613134 0.199615 -0.004575
v 0.613561 0.235771 -0.012104
v 0.603814 0.236512 -0.016255
v 0.632666 0.175704 -0.030308
v 0.614047 0.183372 -0.015822
v 0.620518 0.184547 -0.059222
v 0.621714 0.233579 -0.010300
v 0.630618 0.187005 -0.015017
v 0.618245 0.238853 -0.015952
v 0.628922 0.240512 -0.021298
v 0.622502 0.236174 -0.014818
v 0.635654 0.237010 -0.013233
v 0.620933 0.241155 -0.023763
v 0.630372 0.238922 -0.016187
v 0.625119 0.239554 -0.027699
v 0.620831 0.242570 -0.031722
v 0.610655 0.241287 -0.041804
v 0.608009 0.242405 -0.034270
v 0.616973 0.242251 -0.036924
v 0.638299 0.242422 -0.028916
v 0.634159 0.244114 -0.028743
v 0.634954 0.239367 -0.045845
v 0.634537 0.242907 -0.036504
v 0.644017 0.178202 -0.029082
v 0.645593 0.185822 -0.019899
v 0.643571 0.197583 -0.009738
v 0.643516 0.175529 -0.048983
v 0.643539 0.174357 -0.037546
v 0.640197 0.191116 -0.061559
v 0.624331 0.193933 -0.062505
v 0.641799 0.217173 -0.002920
v 0.627163 0.230011 -0.061956
v 0.627246 0.237695 -0.051572
v 0.620010 0.239809 -0.044822
v 0.634809 0.236108 -0.058839
v 0.625592 0.234592 -0.057210
v 0.618296 0.236223 -0.053405
v 0.639083 0.231546 -0.059104
v 0.640439 0.236118 -0.054354
v 0.603581 0.232534 -0.058710
v 0.604223 0.237003 -0.053172
v 0.639712 0.238060 -0.046089
v 0.629612 0.172582 -0.044177
v 0.632662 0.175799 -0.050548
v 0.624701 0.199925 -0.005642
v 0.622986 0.178587 -0.055429
v 0.621147 0.224259 -0.005519
v 0.620938 0.212139 -0.002867
v 0.613855 0.216730 -0.004872
v 0.614974 0.207539 -0.003479
v 0.627673 0.231911 -0.009214
v 0.641809 0.233594 -0.011285
v 0.640776 0.237604 -0.019187
v 0.637163 0.242070 -0.020110
v 0.640223 0.225734 -0.004349
v 0.639273 0.232281 -0.009270
v 0.645711 0.231319 -0.008170
v 0.643735 0.242099 -0.033450
v 0.651032 0.182562 -0.027010
v 0.651712 0.177192 -0.036536
v 0.652036 0.189576 -0.020063
v 0.650235 0.199431 -0.010905
v 0.642181 0.190614 -0.014452
v 0.649604 0.207394 -0.006750
v 0.650422 0.218352 -0.004896
v 0.640715 0.207482 -0.005252
v 0.632567 0.213147 -0.003646
v 0.651547 0.177310 -0.050006
v 0.649431 0.175400 -0.043500
v 0.643644 0.182334 -0.055899
v 0.645965 0.194433 -0.062923
v 0.631483 0.183877 -0.057704
v 0.629335 0.240073 -0.044065
v 0.604816 0.240017 -0.047541
v 0.602136 0.243205 -0.039852
v 0.639929 0.173786 -0.043765
v 0.638312 0.235757 -0.010735
v 0.636777 0.225034 -0.006300
v 0.647801 0.224604 -0.004655
v 0.626307 0.209157 -0.003822
v 0.648867 0.185228 -0.058299
v 0.638002 0.179343 -0.054254
v 0.614007 0.172689 -0.035982
v -0.596756 0.185508 -0.033671
v -0.575936 0.180904 -0.032165
v -0.556796 0.176711 -0.032730
v -0.540578 0.173355 -0.029226
v -0.527824 0.171087 -0.025086
v -0.512173 0.171425 -0.036116
v -0.487397 0.169435 -0.033289
v -0.448669 0.165524 -0.029364
v -0.425035 0.162610 -0.024449
v -0.403090 0.158415 -0.023095
v -0.384880 0.154108 -0.022505
v -0.367094 0.149798 -0.022304
v -0.340376 0.143451 -0.017549
v -0.329788 0.141195 -0.021505
v -0.308424 0.137684 -0.017227
v -0.295152 0.137113 -0.019930
v -0.276720 0.134286 -0.019241
v -0.252820 0.130761 -0.017767
v -0.234876 0.126145 -0.015215
v -0.225211 0.123079 -0.014718
v -0.606287 0.190063 -0.056301
v -0.598354 0.189563 -0.060142
v -0.597336 0.193260 -0.065691
v -0.596077 0.200350 -0.069138
v -0.590508 0.204967 -0.070940
v -0.590709 0.215953 -0.071580
v -0.592801 0.223372 -0.071056
v -0.583962 0.220496 -0.071936
v -0.575362 0.219460 -0.073549
v -0.566307 0.217086 -0.074903
v -0.558082 0.216570 -0.076733
v -0.549961 0.215852 -0.078524
v -0.541677 0.215797 -0.081076
v -0.533122 0.215350 -0.082616
v -0.524475 0.215241 -0.081760
v -0.518050 0.215215 -0.078905
v -0.518213 0.215474 -0.077992
v -0.525298 0.216275 -0.078828
v -0.534769 0.218748 -0.080137
v -0.543976 0.220474 -0.081318
v -0.553312 0.222792 -0.082207
v -0.562074 0.224119 -0.082628
v -0.571055 0.226313 -0.082938
v -0.579628 0.227549 -0.082600
v -0.587972 0.228352 -0.081481
v -0.595403 0.226937 -0.079619
v -0.597653 0.231770 -0.075846
v -0.596640 0.235772 -0.071849
v -0.596322 0.240592 -0.068364
v -0.597685 0.242775 -0.063887
v -0.597190 0.245667 -0.058990
v -0.596319 0.247346 -0.053612
v -0.595769 0.246980 -0.050777
v -0.595149 0.246336 -0.047608
v -0.595909 0.247670 -0.042889
v -0.596325 0.247172 -0.040602
v -0.596165 0.247450 -0.037650
v -0.596258 0.246811 -0.035119
v -0.596368 0.243743 -0.031237
v -0.596925 0.240472 -0.019094
v -0.596990 0.232642 -0.010650
v -0.595861 0.219708 -0.005567
v -0.599530 0.212547 -0.004252
v -0.601194 0.201778 -0.004400
v -0.602021 0.193331 -0.008012
v -0.602374 0.188227 -0.014950
v -0.599622 0.185613 -0.024779
v -0.587170 0.245907 -0.048741
v -0.580372 0.247926 -0.051367
v -0.573326 0.249216 -0.053957
v -0.565860 0.249297 -0.056399
v -0.559167 0.251154 -0.057792
v -0.551388 0.250088 -0.057405
v -0.586999 0.248457 -0.051789
v -0.578875 0.250835 -0.052211
v -0.570718 0.252272 -0.052478
v -0.562209 0.251521 -0.052471
v -0.554641 0.251438 -0.052646
v -0.547219 0.251676 -0.052840
v -0.539956 0.252429 -0.052922
v -0.531156 0.251506 -0.052485
v -0.588048 0.248582 -0.034689
v -0.580001 0.249339 -0.034518
v -0.572295 0.250257 -0.034290
v -0.564303 0.249830 -0.034030
v -0.557402 0.251182 -0.034304
v -0.549390 0.249444 -0.033493
v -0.543136 0.252268 -0.034255
v -0.587208 0.245934 -0.037955
v -0.579144 0.246868 -0.035629
v -0.570634 0.246976 -0.032054
v -0.558622 0.247059 -0.027855
v -0.554668 0.248952 -0.029533
v -0.546474 0.249653 -0.028943
v -0.538330 0.251055 -0.028794
v -0.529999 0.251578 -0.028265
v -0.584480 0.242574 -0.061993
v -0.571486 0.186399 -0.061155
v -0.580009 0.201148 -0.071583
v -0.550483 0.239535 -0.068610
v -0.232902 0.262789 -0.030658
v -0.533876 0.252045 -0.040772
v -0.537390 0.252234 -0.035497
v -0.543260 0.253931 -0.044675
v -0.588596 0.248118 -0.045813
v -0.574363 0.252217 -0.044335
v -0.565621 0.251511 -0.043807
v -0.580122 0.233389 -0.012548
v -0.554697 0.252839 -0.043513
v -0.570538 0.189442 -0.002356
v -0.312318 0.219613 0.012715
v -0.229715 0.124876 -0.000918
v -0.584118 0.244348 -0.054932
v -0.578852 0.246746 -0.059548
v -0.590703 0.245238 -0.058823
v -0.590680 0.187870 -0.056789
v -0.557356 0.236789 -0.070802
v -0.549441 0.246138 -0.064185
v -0.231158 0.230189 0.017329
v -0.201078 0.257287 0.008150
v -0.188270 0.275398 -0.029879
v -0.535098 0.252658 -0.047954
v -0.555621 0.238977 -0.018067
v -0.575847 0.242225 -0.023485
v -0.586404 0.234920 -0.013030
v -0.584233 0.212667 -0.003115
v -0.547657 0.251861 -0.041325
v -0.550210 0.251464 -0.047684
v -0.586086 0.193458 -0.003728
v -0.238708 0.141558 0.020079
v -0.242948 0.177528 0.027391
v -0.222443 0.123155 0.003092
v -0.228354 0.129454 0.012319
v -0.580188 0.208170 -0.072480
v -0.585320 0.191793 -0.066709
v -0.563996 0.247009 -0.061870
v -0.215732 0.198544 0.032062
v -0.188874 0.250365 0.021126
v -0.169842 0.275195 -0.033492
v -0.176574 0.261274 -0.055387
v -0.177979 0.273966 -0.002379
v -0.551258 0.242864 -0.021442
v -0.575828 0.244523 -0.030682
v -0.583360 0.242123 -0.027405
v -0.567344 0.242554 -0.025376
v -0.592779 0.236758 -0.014398
v -0.589382 0.241390 -0.021631
v -0.587987 0.227000 -0.008084
v -0.594363 0.195222 -0.004951
v -0.227730 0.145828 0.026980
v -0.226579 0.172566 0.032384
v -0.220152 0.126735 0.014730
v -0.224615 0.135524 0.021810
v -0.588555 0.195543 -0.068762
v -0.582496 0.187944 -0.061358
v -0.556412 0.248473 -0.062626
v -0.570843 0.243038 -0.063341
v -0.209566 0.228028 0.024827
v -0.180850 0.253328 0.024083
v -0.175866 0.263519 0.017990
v -0.189624 0.234411 0.029837
v -0.163803 0.278656 -0.035556
v -0.168387 0.272912 -0.048661
v -0.167466 0.280061 -0.021146
v -0.173272 0.255564 -0.065614
v -0.179776 0.238987 -0.071850
v -0.171865 0.276967 0.000000
v -0.533357 0.236763 -0.013005
v -0.543014 0.246116 -0.021941
v -0.580323 0.238811 -0.017909
v -0.590487 0.243537 -0.029431
v -0.585131 0.184244 -0.011762
v -0.593840 0.184922 -0.017835
v -0.593930 0.205075 -0.003159
v -0.218579 0.141841 0.029647
v -0.217514 0.153137 0.034445
v -0.211339 0.172606 0.038286
v -0.217757 0.132534 0.023906
v -0.574614 0.194559 -0.069968
v -0.592223 0.190122 -0.063617
v -0.578305 0.189240 -0.065055
v -0.571883 0.233617 -0.074991
v -0.572019 0.247399 -0.058717
v -0.202786 0.208511 0.034199
v -0.205508 0.181143 0.039736
v -0.190669 0.216952 0.036202
v -0.175756 0.254479 0.027476
v -0.180824 0.241491 0.031886
v -0.174739 0.269771 0.010786
v -0.162156 0.278723 -0.044547
v -0.163663 0.283366 -0.028475
v -0.162963 0.275674 -0.053136
v -0.167246 0.281973 -0.014856
v -0.168752 0.263647 -0.069979
v -0.171983 0.244056 -0.075869
v -0.175262 0.239957 -0.073833
v -0.167760 0.279515 0.002690
v -0.168587 0.281059 -0.005269
v -0.173000 0.273910 0.005703
v -0.577924 0.223764 -0.006167
v -0.567012 0.234967 -0.013849
v -0.588438 0.189207 -0.006629
v -0.595507 0.188780 -0.010177
v -0.583584 0.182067 -0.017359
v -0.589556 0.199121 -0.002884
v -0.218007 0.163228 0.035647
v -0.562286 0.207968 -0.074489
v -0.568574 0.189895 -0.067207
v -0.549911 0.230261 -0.074873
v -0.567084 0.235866 -0.070540
v -0.578071 0.241169 -0.067096
v -0.189195 0.243741 0.025374
v -0.166692 0.274485 -0.040787
v -0.166732 0.278148 -0.028294
v -0.170247 0.267770 -0.064019
v -0.170279 0.252484 -0.074260
v -0.175957 0.226926 -0.079369
v -0.176574 0.275867 -0.010193
v -0.172440 0.277754 -0.009063
v -0.182175 0.269078 0.003996
v -0.578066 0.180398 -0.023158
v -0.581895 0.236210 -0.073797
v -0.589997 0.238492 -0.070990
v -0.183945 0.228036 0.035988
v -0.164083 0.272910 -0.060149
v -0.173286 0.265245 -0.057676
v -0.172890 0.276472 -0.023379
v -0.591131 0.242843 -0.065924
v -0.178844 0.272214 -0.042379
v -0.175707 0.248671 -0.067721
v -0.184259 0.254280 -0.059637
v -0.177087 0.254553 -0.061675
v -0.180767 0.247896 -0.065904
v -0.176367 0.267883 -0.049376
v -0.174138 0.274530 -0.036835
v -0.173279 0.271530 -0.053750
v -0.179995 0.276408 -0.032307
v -0.175938 0.273649 -0.046716
v -0.168582 0.271423 -0.056066
v -0.178052 0.275623 -0.038642
v -0.528449 0.181611 -0.064695
v -0.520551 0.241541 -0.067925
v -0.442675 0.210141 -0.074678
v -0.251112 0.145651 -0.048952
v -0.233355 0.129457 -0.030354
v -0.225164 0.125306 -0.026769
v -0.225780 0.130465 -0.040015
v -0.243848 0.131548 -0.027522
v -0.232436 0.138062 -0.048412
v -0.234316 0.134017 -0.039871
v -0.247233 0.135320 -0.035111
v -0.264399 0.139871 -0.037388
v -0.264087 0.134646 -0.026388
v -0.249918 0.139622 -0.042385
v -0.264665 0.187615 -0.075991
v -0.252434 0.152523 -0.054883
v -0.436898 0.238363 -0.001942
v -0.543751 0.187295 -0.068078
v -0.557449 0.190599 -0.068314
v -0.557279 0.181270 -0.052540
v -0.558828 0.184849 -0.060527
v -0.561948 0.178158 -0.010308
v -0.263932 0.135026 0.003967
v -0.305750 0.154042 0.012302
v -0.251354 0.129912 -0.008492
v -0.560457 0.252160 -0.041011
v -0.239754 0.135668 0.014591
v -0.254266 0.137539 0.011434
v -0.255508 0.143402 0.016374
v -0.236239 0.129304 0.007082
v -0.573940 0.184168 -0.051615
v -0.588774 0.185047 -0.040978
v -0.525725 0.188704 0.003051
v -0.539441 0.241199 -0.016843
v -0.576277 0.232583 -0.078342
v -0.219889 0.187517 0.033347
v -0.584628 0.220424 -0.005389
v -0.564726 0.239281 -0.019870
v -0.231271 0.159994 0.030033
v -0.237566 0.166878 0.028737
v -0.227747 0.152342 0.029312
v -0.250077 0.174800 0.025849
v -0.251117 0.156785 0.023851
v -0.252660 0.148951 0.020346
v -0.237886 0.148961 0.024624
v -0.241288 0.158796 0.026719
v -0.250190 0.166604 0.025820
v -0.262295 0.166570 0.023918
v -0.272503 0.186917 0.022641
v -0.267052 0.175536 0.023910
v -0.257493 0.184395 0.024130
v -0.268209 0.200092 0.020252
v -0.557611 0.229564 -0.077026
v -0.544605 0.233397 -0.072764
v -0.546315 0.224105 -0.078162
v -0.584383 0.240162 -0.068178
v -0.185834 0.275821 -0.023729
v -0.183740 0.274238 -0.012281
v -0.178650 0.275745 -0.017273
v -0.189211 0.268773 -0.001617
v -0.195802 0.270641 -0.014556
v -0.183675 0.263850 0.010838
v -0.184526 0.258629 0.016632
v -0.184083 0.276558 -0.027914
v -0.179284 0.276068 -0.025550
v -0.215741 0.235105 -0.072843
v -0.183466 0.273946 -0.035998
v -0.182211 0.265005 -0.048256
v -0.190732 0.272179 -0.037020
v -0.183839 0.268985 -0.042690
v -0.182357 0.258841 -0.055464
v -0.515085 0.175212 -0.055069
v -0.527288 0.194698 -0.075083
v -0.481211 0.180922 -0.065251
v -0.519287 0.226057 -0.075212
v -0.530812 0.244191 -0.065812
v -0.538408 0.250134 -0.059957
v -0.542694 0.246701 -0.064921
v -0.539401 0.239467 -0.069706
v -0.530003 0.236692 -0.070652
v -0.409634 0.175401 -0.059869
v -0.224755 0.142444 -0.055460
v -0.237056 0.151414 -0.057716
v -0.237748 0.144791 -0.052142
v -0.269223 0.138063 -0.031968
v -0.285557 0.138184 -0.027573
v -0.223743 0.190195 -0.078246
v -0.233827 0.172509 -0.071740
v -0.461419 0.189651 0.006050
v -0.538567 0.199507 -0.075732
v -0.561672 0.201065 -0.073371
v -0.542700 0.178760 -0.053487
v -0.564015 0.176962 -0.018513
v -0.539465 0.173777 -0.011012
v -0.373972 0.165677 0.007333
v -0.263201 0.131893 -0.005543
v -0.280813 0.137289 0.002840
v -0.224238 0.122723 -0.005103
v -0.250533 0.130915 0.000708
v -0.247357 0.132570 0.007399
v -0.513432 0.172084 -0.007403
v -0.529735 0.244081 -0.018452
v -0.533598 0.247135 -0.023017
v -0.545786 0.240584 -0.018474
v -0.551457 0.235264 -0.014586
v -0.558455 0.227023 -0.006522
v -0.555484 0.231649 -0.010428
v -0.546794 0.226798 -0.006899
v -0.569324 0.224345 -0.005813
v -0.564508 0.213054 -0.001774
v -0.215790 0.219441 0.026129
v -0.233583 0.193653 0.028121
v -0.232313 0.182436 0.029859
v -0.539348 0.224221 -0.077868
v -0.194771 0.254420 0.014696
v -0.204583 0.249394 0.014199
v -0.214690 0.241108 0.016617
v -0.211550 0.235192 0.021180
v -0.214175 0.253267 0.007171
v -0.219872 0.263127 -0.011054
v -0.217392 0.257153 0.001495
v -0.215035 0.260618 -0.002201
v -0.200292 0.266452 -0.006503
v -0.198586 0.263285 0.001124
v -0.222274 0.264473 -0.017321
v -0.228624 0.246040 0.008245
v -0.199050 0.213628 -0.079573
v -0.199039 0.270196 -0.031120
v -0.186424 0.233119 -0.073677
v -0.179532 0.231437 -0.075662
v -0.536066 0.174722 -0.040810
v -0.528729 0.204745 -0.079839
v -0.484421 0.171408 -0.047798
v -0.454628 0.171136 -0.055650
v -0.529988 0.248170 -0.060155
v -0.519503 0.235855 -0.071502
v -0.529563 0.226065 -0.075263
v -0.420398 0.164370 -0.044710
v -0.309506 0.149577 -0.039830
v -0.216524 0.184904 -0.077713
v -0.224787 0.161577 -0.068250
v -0.229363 0.153130 -0.062461
v -0.239943 0.163665 -0.066073
v -0.461015 0.170129 -0.004329
v -0.424900 0.179109 0.006059
v -0.542668 0.206286 -0.077306
v -0.546867 0.192726 -0.071892
v -0.557184 0.197838 -0.072838
v -0.547238 0.181519 -0.058782
v -0.561121 0.176604 -0.025955
v -0.546821 0.173828 -0.023547
v -0.560813 0.176539 -0.014729
v -0.574633 0.180699 -0.014659
v -0.533378 0.171659 -0.016551
v -0.389510 0.160141 -0.004365
v -0.362433 0.153520 -0.002013
v -0.272753 0.132808 -0.014226
v -0.282775 0.134360 -0.008750
v -0.309057 0.140946 -0.000364
v -0.343955 0.144790 -0.012558
v -0.512205 0.170190 -0.016186
v -0.492594 0.170320 -0.009677
v -0.494848 0.229589 -0.002785
v -0.542134 0.226470 -0.006024
v -0.541350 0.208700 0.001074
v -0.523904 0.221530 -0.002297
v -0.541203 0.218986 -0.001813
v -0.531542 0.227611 -0.006811
v -0.531525 0.222922 -0.003631
v -0.569938 0.231985 -0.009999
v -0.229703 0.211424 0.024833
v -0.197412 0.206250 -0.080351
v -0.200490 0.251033 -0.062064
v -0.188916 0.248067 -0.064637
v -0.187341 0.219694 -0.078715
v -0.180252 0.219179 -0.080245
v -0.183081 0.225571 -0.076919
v -0.514042 0.173294 -0.045808
v -0.506181 0.174766 -0.054542
v -0.512182 0.199533 -0.076746
v -0.483987 0.170209 -0.041821
v -0.463828 0.168240 -0.042643
v -0.354236 0.153336 -0.039919
v -0.382360 0.156242 -0.036410
v -0.406330 0.159312 -0.030793
v -0.441899 0.167245 -0.047445
v -0.327706 0.144374 -0.032085
v -0.209530 0.177624 -0.078003
v -0.215579 0.169859 -0.074107
v -0.208786 0.193554 -0.080155
v -0.465854 0.167273 -0.016935
v -0.449837 0.168847 -0.005472
v -0.417341 0.166467 -0.005222
v -0.548148 0.184580 -0.064163
v -0.565019 0.193122 -0.069914
v -0.547972 0.174473 -0.015175
v -0.367660 0.150026 -0.015219
v -0.275021 0.134602 -0.002250
v -0.276062 0.141399 0.009425
v -0.520453 0.170355 -0.020770
v -0.486585 0.168934 -0.015712
v -0.501776 0.253841 -0.024985
v -0.549747 0.217469 -0.001752
v -0.557815 0.193976 0.000862
v -0.557025 0.204900 0.000259
v -0.543902 0.178955 -0.003652
v -0.566044 0.200865 0.000222
v -0.549576 0.196239 0.001878
v -0.552974 0.177716 -0.008262
v -0.551656 0.188707 0.000640
v -0.558420 0.184734 -0.002445
v -0.523452 0.238731 -0.011517
v -0.191020 0.203394 -0.083583
v -0.200887 0.197018 -0.080767
v -0.204814 0.261627 -0.049711
v -0.189151 0.240982 -0.069314
v -0.187368 0.211617 -0.080664
v -0.212866 0.228747 -0.075453
v -0.493870 0.177083 -0.061456
v -0.503689 0.177637 -0.061188
v -0.523224 0.199253 -0.077178
v -0.519578 0.207755 -0.079397
v -0.532431 0.190340 -0.071679
v -0.445152 0.165323 -0.035228
v -0.463233 0.172445 -0.055230
v -0.463665 0.169519 -0.048434
v -0.451437 0.168685 -0.049063
v -0.459904 0.189249 -0.070232
v -0.459880 0.180135 -0.064663
v -0.459053 0.173979 -0.059811
v -0.350986 0.148338 -0.033076
v -0.385201 0.154678 -0.028733
v -0.393020 0.157063 -0.033428
v -0.372387 0.152098 -0.030633
v -0.420822 0.161692 -0.031161
v -0.315742 0.141220 -0.026098
v -0.302268 0.144100 -0.034357
v -0.223391 0.175569 -0.074741
v -0.231758 0.181278 -0.075436
v -0.429133 0.164359 -0.017393
v -0.408685 0.160657 -0.016884
v -0.367625 0.151364 -0.009164
v -0.399573 0.160683 -0.009189
v -0.299591 0.138342 -0.003648
v -0.296651 0.136559 -0.011239
v -0.315192 0.140175 -0.006802
v -0.312940 0.138827 -0.011932
v -0.328706 0.144560 -0.002365
v -0.350265 0.147130 -0.008835
v -0.488969 0.168942 -0.022763
v -0.502800 0.170173 -0.012540
v -0.507648 0.175286 -0.001618
v -0.504925 0.171952 -0.006486
v -0.523862 0.171327 -0.011378
v -0.530647 0.173392 -0.008207
v -0.536336 0.179432 -0.001497
v -0.523022 0.172912 -0.006557
v -0.541732 0.185571 0.000670
v -0.511756 0.179841 0.001581
v -0.526652 0.180732 0.000611
v -0.538332 0.198628 0.002845
v -0.515735 0.174847 -0.002314
v -0.526176 0.175394 -0.003489
v -0.526336 0.201832 0.003295
v -0.520596 0.249416 -0.021958
v -0.578672 0.200938 -0.001355
v -0.577486 0.193096 -0.002557
v -0.574453 0.184898 -0.007006
v -0.564391 0.191278 -0.000546
v -0.522243 0.245102 -0.016704
v -0.511668 0.224851 -0.003161
v -0.513462 0.237775 -0.009969
v -0.513229 0.243417 -0.014439
v -0.506324 0.246427 -0.013916
v -0.510798 0.248962 -0.020076
v -0.498833 0.238856 -0.007778
v -0.214503 0.203403 -0.079716
v -0.195618 0.265109 -0.047579
v -0.193657 0.260968 -0.052931
v -0.209571 0.266524 -0.036019
v -0.199459 0.266880 -0.041313
v -0.495034 0.175077 -0.057512
v -0.509465 0.180812 -0.065350
v -0.522665 0.185026 -0.068766
v -0.532927 0.184708 -0.066953
v -0.531327 0.179045 -0.059233
v -0.429639 0.163967 -0.040328
v -0.354863 0.147699 -0.028358
v -0.404914 0.164059 -0.046656
v -0.406930 0.160975 -0.038545
v -0.363252 0.152366 -0.036307
v -0.422154 0.167045 -0.050196
v -0.333157 0.142959 -0.026922
v -0.442750 0.165495 -0.019862
v -0.463184 0.168209 -0.009008
v -0.416554 0.163914 -0.011037
v -0.293625 0.145942 0.009311
v -0.318952 0.144629 0.002084
v -0.355404 0.162862 0.008956
v -0.340409 0.150713 0.002752
v -0.520223 0.182987 0.002398
v -0.532636 0.187627 0.002355
v -0.570501 0.196214 -0.000551
v -0.504401 0.233556 -0.005570
v -0.469974 0.245437 -0.009167
v -0.511590 0.177175 -0.060499
v -0.513655 0.190386 -0.073064
v -0.408666 0.167619 -0.051694
v -0.393563 0.160031 -0.040694
v -0.432419 0.166828 -0.009871
v -0.451772 0.172431 0.000058
v -0.425364 0.170884 -0.000622
v -0.435288 0.169053 -0.004506
v -0.386175 0.162974 0.001571
v -0.302265 0.141791 0.003077
v -0.288915 0.139861 0.004371
v -0.307039 0.148200 0.009047
v -0.317427 0.151006 0.009158
v -0.339257 0.162519 0.010869
v -0.343797 0.155725 0.006598
v -0.331352 0.181733 0.015267
v -0.333727 0.168098 0.013036
v -0.352434 0.168441 0.011416
v -0.346242 0.175636 0.012955
v -0.353906 0.150617 -0.003403
v -0.520778 0.177180 -0.000762
v -0.480183 0.179315 0.002127
v -0.479219 0.169394 -0.011350
v -0.481808 0.172872 -0.003949
v -0.486072 0.234609 -0.003700
v -0.391781 0.174314 -0.058137
v -0.392511 0.166037 -0.050104
v -0.405505 0.194578 -0.070087
v -0.404898 0.185898 -0.067061
v -0.402406 0.179544 -0.062980
v -0.374713 0.157653 -0.041456
v -0.436986 0.175755 0.003637
v -0.369831 0.159625 0.003693
v -0.390067 0.194254 0.010704
v -0.405947 0.171583 0.003851
v -0.310849 0.144657 0.004901
v -0.471445 0.171644 -0.003281
v -0.463581 0.180187 0.003726
v -0.468700 0.174242 -0.000035
v -0.459339 0.174446 0.000889
v -0.446294 0.185831 0.006926
v -0.492932 0.239593 -0.008030
v -0.429759 0.191198 -0.070468
v -0.387609 0.185151 -0.065744
v -0.368210 0.162785 -0.047825
v -0.432308 0.173209 0.001496
v -0.444415 0.171033 -0.001391
v -0.444339 0.176426 0.003325
v -0.451619 0.178123 0.004114
v -0.383994 0.174705 0.009746
v -0.410647 0.168300 -0.000433
v -0.416696 0.175211 0.005039
v -0.322138 0.172842 0.015185
v -0.316044 0.197761 0.017881
v -0.325772 0.196194 0.016003
v -0.306774 0.177952 0.017415
v -0.313139 0.164211 0.014822
v -0.298606 0.165425 0.016591
v -0.276516 0.147432 0.014003
v -0.322617 0.157832 0.011899
v -0.422759 0.184825 -0.067310
v -0.385798 0.167791 0.006157
v -0.374159 0.174590 0.010675
v -0.300751 0.179902 0.018643
v -0.296328 0.155444 0.014341
v -0.354257 0.156116 0.004226
v -0.427426 0.178246 -0.062989
v -0.372005 0.188050 0.011577
v -0.279827 0.156572 0.017491
v -0.418711 0.172141 -0.056890
v -0.443911 0.186045 -0.068256
v -0.437753 0.181373 -0.065880
v -0.437477 0.173279 -0.058356
v -0.450332 0.176849 -0.062479
v -0.442743 0.194445 -0.071478
v -0.435948 0.176103 -0.061698
v -0.438842 0.168780 -0.052309
v -0.413490 0.191024 -0.070056
v -0.361244 0.178430 0.011999
v -0.283000 0.172113 0.020849
v -0.447950 0.172919 -0.056890
v -0.453201 0.183758 -0.068107
v -0.469602 0.183519 -0.067766
v -0.450685 0.195711 -0.072621
v -0.477088 0.232510 -0.071823
v -0.441435 0.199946 -0.073124
v -0.423832 0.200256 -0.072861
v -0.462801 0.205445 -0.074951
v -0.448158 0.214671 -0.075018
v -0.457353 0.234710 -0.068505
v -0.458577 0.226677 -0.073014
v -0.444611 0.220986 -0.073540
v -0.287010 0.187502 0.021880
v -0.418949 0.228365 -0.068215
v -0.433785 0.213552 -0.073808
v -0.423519 0.206748 -0.073268
v -0.411632 0.213819 -0.071180
v -0.433962 0.223052 -0.070906
v -0.471683 0.202076 -0.074704
v -0.473735 0.224441 -0.074355
v -0.457168 0.220688 -0.074859
v -0.448375 0.227085 -0.071449
v -0.437785 0.243364 -0.060032
v -0.449556 0.236621 -0.065920
v -0.295217 0.184798 0.020517
v -0.427561 0.225148 -0.069573
v -0.421173 0.215041 -0.071828
v -0.470977 0.213294 -0.075505
v -0.465428 0.231281 -0.071308
v -0.435892 0.234771 -0.065686
v -0.405754 0.231407 -0.066152
v -0.400697 0.205329 -0.071408
v -0.408877 0.206213 -0.071647
v -0.407308 0.222386 -0.069359
v -0.490759 0.217677 -0.076354
v -0.487912 0.255664 -0.048271
v -0.507987 0.253511 -0.052157
v -0.512341 0.254905 -0.036665
v -0.512728 0.252071 -0.028276
v -0.522775 0.254548 -0.032592
v -0.521810 0.252616 -0.054042
v -0.506304 0.255811 -0.030523
v -0.527230 0.251655 -0.055594
v -0.521055 0.247877 -0.061339
v -0.485422 0.255996 -0.024744
v -0.502435 0.256283 -0.042048
v -0.513974 0.249613 -0.057221
v -0.496479 0.245382 -0.064791
v -0.503968 0.249744 -0.059586
v -0.495239 0.253380 -0.025284
v -0.506942 0.256869 -0.037082
v -0.498086 0.256898 -0.034097
v -0.510076 0.254339 -0.044333
v -0.510239 0.241150 -0.067083
v -0.488178 0.246742 -0.012040
v -0.491048 0.256813 -0.030593
v -0.479501 0.259079 -0.036535
v -0.491664 0.257557 -0.040258
v -0.484810 0.258920 -0.031511
v -0.516165 0.253420 -0.048987
v -0.499249 0.248311 -0.015514
v -0.479276 0.202368 -0.074974
v -0.528935 0.253899 -0.036255
v -0.522749 0.253921 -0.042636
v -0.528741 0.253068 -0.045647
v -0.525323 0.254054 -0.049131
v -0.515665 0.253208 -0.042245
v -0.485230 0.246224 -0.062753
v -0.487142 0.230696 -0.073246
v -0.500340 0.254441 -0.051213
v -0.510185 0.246767 -0.061806
v -0.504073 0.244339 -0.065438
v -0.498482 0.238584 -0.069753
v -0.499136 0.230905 -0.073798
v -0.505736 0.234117 -0.072078
v -0.490374 0.253130 -0.020171
v -0.480697 0.250894 -0.014695
v -0.464871 0.254207 -0.049408
v -0.485160 0.258053 -0.041373
v -0.473242 0.254476 -0.049144
v -0.389483 0.201268 -0.071139
v -0.390493 0.193682 -0.069413
v -0.485343 0.209736 -0.076347
v -0.505499 0.197209 -0.075243
v -0.506504 0.205884 -0.076776
v -0.475926 0.239323 -0.067632
v -0.484774 0.237965 -0.069090
v -0.492537 0.252399 -0.053469
v -0.498945 0.223362 -0.075977
v -0.505543 0.255441 -0.047768
v -0.496307 0.255574 -0.045911
v -0.504679 0.215176 -0.077079
v -0.449346 0.242574 -0.060687
v -0.496429 0.182120 -0.067212
v -0.506663 0.223305 -0.075821
v -0.454104 0.241611 -0.062810
v -0.468465 0.244080 -0.062912
v -0.469262 0.249785 -0.056265
v -0.459777 0.247735 -0.057437
v -0.484395 0.252051 -0.055100
v -0.493450 0.187712 -0.070740
v -0.487093 0.198411 -0.074731
v -0.471757 0.192833 -0.072378
v -0.479154 0.190042 -0.070823
v -0.506069 0.187772 -0.070801
v -0.590975 0.234266 -0.076554
v -0.236454 0.239290 0.010600
v -0.256414 0.253284 -0.011517
v -0.246762 0.245993 0.002492
v -0.232800 0.251182 0.001782
v -0.277853 0.226818 0.010295
v -0.248474 0.213781 0.020207
v -0.248490 0.232119 0.012528
v -0.235327 0.223646 0.019054
v -0.247545 0.197669 0.024229
v -0.259223 0.201823 0.021100
v -0.255145 0.239571 0.006426
v -0.258643 0.244898 0.000647
v -0.269442 0.212517 0.016949
v -0.267551 0.222914 0.013740
v -0.252784 0.225595 0.015417
v -0.258651 0.233181 0.010684
v -0.287552 0.170839 -0.064962
v -0.201965 0.269959 -0.021796
v -0.207689 0.266969 -0.014240
v -0.215113 0.267062 -0.024647
v -0.252434 0.160100 -0.061093
v -0.244031 0.172453 -0.070681
v -0.247587 0.181415 -0.074752
v -0.218304 0.245950 -0.065635
v -0.216219 0.240678 -0.069658
v -0.217497 0.258597 -0.051026
v -0.208295 0.255761 -0.056593
v -0.224055 0.262846 -0.040662
v -0.211472 0.263323 -0.044302
v -0.340195 0.168584 -0.055245
v -0.345888 0.154095 -0.041774
v -0.334359 0.149349 -0.037617
v -0.341239 0.148548 -0.035635
v -0.287518 0.146672 -0.040332
v -0.316842 0.160013 -0.049722
v -0.328529 0.155622 -0.044385
v -0.289377 0.159200 -0.053699
v -0.269729 0.150662 -0.048750
v -0.350294 0.197805 -0.072278
v -0.348419 0.181702 -0.065507
v -0.336155 0.173984 -0.061031
v -0.337317 0.180446 -0.066046
v -0.308779 0.172958 -0.064471
v -0.308892 0.168354 -0.060000
v -0.349509 0.188951 -0.069467
v -0.360702 0.179309 -0.062931
v -0.365260 0.196162 -0.071053
v -0.362621 0.187433 -0.068202
v -0.378188 0.179892 -0.062787
v -0.374116 0.192417 -0.069657
v -0.317869 0.229119 -0.066143
v -0.305249 0.177795 -0.068467
v -0.329948 0.213027 -0.073514
v -0.283791 0.164527 -0.059861
v -0.266218 0.167049 -0.064831
v -0.337928 0.200759 -0.073882
v -0.338355 0.192498 -0.072785
v -0.313835 0.187106 -0.072801
v -0.326873 0.183982 -0.069738
v -0.299525 0.181835 -0.071289
v -0.326098 0.191217 -0.073270
v -0.342784 0.209923 -0.073172
v -0.289789 0.191243 -0.075511
v -0.297781 0.186852 -0.073690
v -0.279436 0.181528 -0.072185
v -0.278334 0.174165 -0.068575
v -0.306744 0.197811 -0.075596
v -0.325345 0.197304 -0.075394
v -0.325315 0.203653 -0.075201
v -0.314770 0.216798 -0.072460
v -0.312961 0.207893 -0.075001
v -0.286589 0.214347 -0.074857
v -0.299146 0.206798 -0.075801
v -0.294434 0.200511 -0.077700
v -0.308545 0.192689 -0.074659
v -0.311890 0.223411 -0.069652
v -0.281788 0.195578 -0.076938
v -0.284797 0.204911 -0.076293
v -0.271090 0.185450 -0.075290
v -0.263886 0.180108 -0.073291
v -0.250181 0.169431 -0.067876
v -0.566051 0.184287 -0.004426
v -0.561331 0.180168 -0.006915
v -0.220097 0.222765 -0.077209
v -0.480767 0.172864 -0.054011
v -0.485435 0.177229 -0.061224
v -0.537473 0.175674 -0.006000
v -0.533326 0.213309 0.000558
v -0.493984 0.199943 0.004446
v -0.501493 0.186081 0.003836
v -0.510900 0.191570 0.004594
v -0.509950 0.208863 0.002594
v -0.500599 0.224772 -0.001462
v -0.492759 0.215802 0.001397
v -0.484036 0.214231 0.002379
v -0.482522 0.227047 -0.000055
v -0.476985 0.192253 0.005442
v -0.473715 0.204957 0.004404
v -0.482250 0.185367 0.004471
v -0.471912 0.183589 0.004437
v -0.463767 0.198468 0.005764
v -0.458529 0.234990 -0.001302
v -0.464752 0.222013 0.001578
v -0.218922 0.196376 -0.079327
v -0.230738 0.205000 -0.080129
v -0.216229 0.213768 -0.080349
v -0.236507 0.223196 -0.076614
v -0.269880 0.237469 -0.063948
v -0.288658 0.230075 -0.067131
v -0.286715 0.222746 -0.071237
v -0.229819 0.215518 -0.079444
v -0.233099 0.231379 -0.073776
v -0.241292 0.243122 -0.065848
v -0.236222 0.236416 -0.070997
v -0.230409 0.254072 -0.055533
v -0.224475 0.249043 -0.062461
v -0.229135 0.258267 -0.049260
v -0.273041 0.216932 -0.074865
v -0.266363 0.202504 -0.077415
v -0.258996 0.196098 -0.078085
v -0.264699 0.210750 -0.076654
v -0.265504 0.224616 -0.072596
v -0.295845 0.235210 -0.062768
v -0.238712 0.248062 -0.061630
v -0.265318 0.230672 -0.069367
v -0.252014 0.221056 -0.075828
v -0.244295 0.228929 -0.073814
v -0.280678 0.241402 -0.058870
v -0.259948 0.236579 -0.066650
v -0.255030 0.229283 -0.071604
v -0.250841 0.235707 -0.069477
v -0.240176 0.195679 -0.078593
v -0.246133 0.188285 -0.077386
v -0.247406 0.203798 -0.078769
v -0.249507 0.212067 -0.077626
v -0.253668 0.239813 -0.066134
v -0.436709 0.190355 0.008132
v -0.433613 0.181001 0.006434
v -0.445894 0.206783 0.005177
v -0.448455 0.191771 0.007209
v -0.440113 0.198023 0.007368
v -0.454274 0.204939 0.005621
v -0.403508 0.179744 0.008949
v -0.397007 0.183807 0.010597
v -0.388251 0.185389 0.011064
v -0.467597 0.177704 -0.062081
v -0.293051 0.196459 0.020207
v -0.308019 0.199071 0.019352
v -0.314415 0.209735 0.016739
v -0.290998 0.204157 0.018380
v -0.313801 0.215064 0.014897
v -0.285021 0.236411 0.003078
v -0.271093 0.242290 0.001952
v -0.264757 0.237830 0.006814
v -0.299407 0.223381 0.010239
v -0.283997 0.231175 0.006805
v -0.296203 0.216384 0.013796
v -0.279568 0.217997 0.013820
v -0.294894 0.254260 -0.028811
v -0.284377 0.250358 -0.011319
v -0.284563 0.244290 -0.003916
v -0.276586 0.249361 -0.009176
v -0.295064 0.243918 -0.006109
v -0.293219 0.239464 -0.000767
v -0.285262 0.209548 0.016716
v -0.261853 0.250219 -0.006425
v -0.264089 0.256397 -0.026520
v -0.274719 0.245262 -0.002111
v -0.254084 0.257512 -0.030048
v -0.273038 0.251579 -0.017311
v -0.255734 0.256989 -0.022499
v -0.281729 0.253853 -0.029263
v -0.269797 0.250226 -0.009884
v -0.243832 0.256210 -0.011348
v -0.259080 0.256489 -0.034948
v -0.255747 0.250671 -0.053549
v -0.252268 0.245218 -0.061555
v -0.263390 0.243762 -0.059599
v -0.246947 0.253553 -0.051150
v -0.238694 0.257103 -0.047441
v -0.245724 0.250222 -0.057741
v -0.282482 0.252210 -0.019159
v -0.276336 0.253400 -0.024828
v -0.249894 0.256067 -0.015895
v -0.247508 0.252255 -0.005102
v -0.232726 0.256407 -0.005543
v -0.248847 0.258819 -0.025557
v -0.232352 0.260170 -0.012910
v -0.236406 0.261832 -0.021748
v -0.247337 0.256987 -0.042344
v -0.252545 0.254975 -0.046469
v -0.240374 0.259738 -0.037394
v -0.259524 0.254167 -0.044487
v -0.287996 0.254602 -0.024480
v -0.287727 0.253360 -0.017075
v -0.297471 0.248619 -0.013424
v -0.334890 0.247955 -0.015196
v -0.316271 0.245978 -0.011208
v -0.305493 0.245898 -0.010190
v -0.253757 0.249701 -0.003515
v -0.266209 0.248995 -0.052087
v -0.274413 0.253366 -0.034654
v -0.271640 0.251550 -0.044060
v -0.289377 0.249923 -0.044417
v -0.285089 0.253038 -0.035873
v -0.297757 0.246383 -0.050441
v -0.283669 0.245537 -0.053365
v -0.300797 0.252231 -0.037875
v -0.296554 0.241484 -0.056772
v -0.301081 0.250597 -0.042600
v -0.321525 0.247786 -0.045109
v -0.308844 0.243819 -0.053518
v -0.310134 0.240249 -0.057648
v -0.308805 0.233660 0.003074
v -0.297902 0.233209 0.003913
v -0.307123 0.227050 0.007995
v -0.306023 0.240747 -0.003666
v -0.326862 0.238280 -0.000430
v -0.322969 0.241714 -0.004886
v -0.275891 0.249297 -0.048937
v -0.313110 0.251046 -0.025211
v -0.300849 0.251655 -0.022282
v -0.303450 0.252502 -0.031670
v -0.307334 0.249480 -0.017198
v -0.321359 0.236245 0.000980
v -0.350125 0.216898 0.011046
v -0.340558 0.224983 0.009122
v -0.328684 0.205474 0.015385
v -0.333844 0.213816 0.013362
v -0.336963 0.234982 0.003253
v -0.346186 0.239824 -0.001298
v -0.335836 0.228655 0.007487
v -0.343769 0.210071 0.013147
v -0.346608 0.232692 0.004219
v -0.369063 0.215962 0.011222
v -0.356873 0.224195 0.007873
v -0.361251 0.200518 0.013937
v -0.355419 0.209083 0.013084
v -0.374979 0.203524 0.012790
v -0.375951 0.209301 0.012682
v -0.380320 0.231963 0.002754
v -0.365555 0.229788 0.004492
v -0.373068 0.222613 0.008703
v -0.409156 0.227714 0.006560
v -0.396087 0.229501 0.005611
v -0.383431 0.216771 0.011476
v -0.387554 0.223115 0.009146
v -0.397450 0.220318 0.010051
v -0.402697 0.218064 0.008652
v -0.384515 0.201408 0.011005
v -0.390408 0.215785 0.011606
v -0.396358 0.207808 0.009148
v -0.406854 0.212334 0.006720
v -0.422719 0.214505 0.004191
v -0.404706 0.200528 0.008799
v -0.405887 0.189858 0.010356
v -0.420884 0.194374 0.009232
v -0.426346 0.188466 0.008553
v -0.415570 0.180249 0.007932
v -0.422480 0.204056 0.007129
v -0.416267 0.216248 0.004855
v -0.432525 0.224678 0.001536
v -0.450359 0.234562 -0.001748
v -0.434453 0.214041 0.003674
v -0.422841 0.223485 0.003244
v -0.425400 0.237218 0.000356
v -0.415530 0.230523 0.004032
v -0.432587 0.231360 0.000669
v -0.407231 0.244061 -0.006800
v -0.444344 0.234580 -0.001178
v -0.405195 0.238653 -0.002449
v -0.391858 0.241680 -0.005029
v -0.385876 0.235862 -0.000523
v -0.396716 0.235838 -0.000913
v -0.372390 0.249003 -0.013829
v -0.380539 0.248788 -0.014544
v -0.372732 0.244605 -0.008495
v -0.383114 0.244057 -0.007846
v -0.370132 0.238532 -0.002183
v -0.370638 0.245926 -0.049189
v -0.378928 0.256926 -0.034919
v -0.350676 0.233337 -0.062596
v -0.379162 0.254453 -0.024185
v -0.332562 0.216255 -0.072562
v -0.389941 0.249444 -0.014257
v -0.392119 0.246575 -0.009474
v -0.417553 0.246380 -0.009391
v -0.407741 0.252088 -0.018802
v -0.410144 0.249343 -0.012698
v -0.401747 0.225698 0.008098
v -0.417397 0.239404 -0.001310
v -0.421714 0.240582 -0.062295
v -0.417315 0.233743 -0.066094
v -0.424205 0.246338 -0.057640
v -0.401837 0.253124 -0.048835
v -0.404648 0.243033 -0.059543
v -0.404674 0.237153 -0.063232
v -0.476780 0.243483 -0.008040
v -0.476367 0.234870 -0.003044
v -0.471535 0.223980 0.000532
v -0.465827 0.236189 -0.002724
v -0.470285 0.231558 -0.001145
v -0.456823 0.245878 -0.008111
v -0.461682 0.245475 -0.007423
v -0.469513 0.257483 -0.023295
v -0.475976 0.257273 -0.028583
v -0.476376 0.254320 -0.020340
v -0.473299 0.249571 -0.014348
v -0.221054 0.265249 -0.032791
v -0.365911 0.171844 -0.056195
v -0.376157 0.198883 -0.071021
v -0.503135 0.196263 0.004564
v -0.492938 0.187619 0.004847
v -0.499234 0.179059 0.001148
v -0.309934 0.247243 -0.048000
v -0.316421 0.250987 -0.033409
v -0.327180 0.250625 -0.024592
v -0.321025 0.235561 -0.061438
v -0.321929 0.250216 -0.037767
v -0.318994 0.249116 -0.018829
v -0.321486 0.244029 -0.051922
v -0.340008 0.236684 -0.059762
v -0.334453 0.222368 -0.069994
v -0.333675 0.230610 -0.064787
v -0.323796 0.239429 -0.057602
v -0.339222 0.246055 -0.048207
v -0.339974 0.242257 -0.053776
v -0.349961 0.243018 -0.053631
v -0.312400 0.249366 -0.042561
v -0.349155 0.250851 -0.031682
v -0.330328 0.251244 -0.031200
v -0.335590 0.249164 -0.041487
v -0.349761 0.246854 -0.047493
v -0.339090 0.250590 -0.035573
v -0.346105 0.249666 -0.039297
v -0.361825 0.254342 -0.037230
v -0.355147 0.251075 -0.039664
v -0.341068 0.249356 -0.019417
v -0.357327 0.244750 -0.052826
v -0.340035 0.250751 -0.026512
v -0.355349 0.251175 -0.019760
v -0.349228 0.250358 -0.022893
v -0.359825 0.251045 -0.044223
v -0.354952 0.239645 -0.057699
v -0.370259 0.250347 -0.041496
v -0.358732 0.253146 -0.031325
v -0.340435 0.244592 -0.008405
v -0.348555 0.247871 -0.014455
v -0.348344 0.245007 -0.007636
v -0.357406 0.248122 -0.008526
v -0.354373 0.248768 -0.011260
v -0.358531 0.252155 -0.015979
v -0.362266 0.255529 -0.027502
v -0.362743 0.252099 -0.014099
v -0.369921 0.253967 -0.019724
v -0.369473 0.253222 -0.031507
v -0.362905 0.254406 -0.020594
v -0.365283 0.254985 -0.031778
v -0.375089 0.253304 -0.034744
v -0.386957 0.250113 -0.046639
v -0.382239 0.253039 -0.039916
v -0.379638 0.248294 -0.046194
v -0.375121 0.250423 -0.041545
v -0.385824 0.256865 -0.039235
v -0.388924 0.254607 -0.044141
v -0.389663 0.254843 -0.028386
v -0.385291 0.251626 -0.021330
v -0.393767 0.251300 -0.049572
v -0.384708 0.257090 -0.031990
v -0.390632 0.257184 -0.034572
v -0.405403 0.257518 -0.032378
v -0.396773 0.255997 -0.030704
v -0.402023 0.255447 -0.024415
v -0.392748 0.251769 -0.022256
v -0.396131 0.255425 -0.044772
v -0.403854 0.255479 -0.041737
v -0.389357 0.235342 -0.060157
v -0.396232 0.219976 -0.069321
v -0.384528 0.255015 -0.025990
v -0.389232 0.242956 -0.054469
v -0.373267 0.256260 -0.027979
v -0.367154 0.254319 -0.025619
v -0.400083 0.251876 -0.017997
v -0.398263 0.257012 -0.037746
v -0.423678 0.251981 -0.051244
v -0.408691 0.249115 -0.054184
v -0.418686 0.256729 -0.042649
v -0.422613 0.256361 -0.021611
v -0.416043 0.255204 -0.021655
v -0.411689 0.257004 -0.039888
v -0.428102 0.255029 -0.046087
v -0.418302 0.257072 -0.028228
v -0.409278 0.256689 -0.025567
v -0.380051 0.238347 -0.056847
v -0.371287 0.239291 -0.056153
v -0.388092 0.225611 -0.065611
v -0.386731 0.216397 -0.069437
v -0.394674 0.212358 -0.071248
v -0.378649 0.216864 -0.069087
v -0.379081 0.209129 -0.070830
v -0.363115 0.209495 -0.071962
v -0.364444 0.203917 -0.072289
v -0.353527 0.208899 -0.072084
v -0.346883 0.203251 -0.073264
v -0.381720 0.244626 -0.051021
v -0.443057 0.249835 -0.052113
v -0.448780 0.253937 -0.047523
v -0.436557 0.255877 -0.043336
v -0.427938 0.257857 -0.039147
v -0.427710 0.258474 -0.029958
v -0.375138 0.231948 -0.061510
v -0.373744 0.221550 -0.067464
v -0.365651 0.226052 -0.065727
v -0.355378 0.218513 -0.069570
v -0.351939 0.225711 -0.066866
v -0.424322 0.257956 -0.035037
v -0.439562 0.258749 -0.025143
v -0.445336 0.258948 -0.037109
v -0.435817 0.256058 -0.019796
v -0.427846 0.248882 -0.011924
v -0.424463 0.252525 -0.016171
v -0.424595 0.244566 -0.005209
v -0.433816 0.243655 -0.005911
v -0.454909 0.258607 -0.040305
v -0.465923 0.258516 -0.040409
v -0.471982 0.258822 -0.038518
v -0.464895 0.259848 -0.031147
v -0.436222 0.258145 -0.036891
v -0.448712 0.253881 -0.016700
v -0.432840 0.257519 -0.025969
v -0.445745 0.257865 -0.022085
v -0.454634 0.257608 -0.026558
v -0.431492 0.257294 -0.035053
v -0.441918 0.254677 -0.016378
v -0.440522 0.243554 -0.005867
v -0.449156 0.257934 -0.040800
v -0.470814 0.258631 -0.031888
v -0.460973 0.260034 -0.035856
v -0.462276 0.258922 -0.023747
v -0.464184 0.253107 -0.015056
v -0.455937 0.255638 -0.019133
v -0.453801 0.250631 -0.013293
v -0.454922 0.259085 -0.032949
v -0.469822 0.254655 -0.017727
v -0.344604 0.190401 0.014576
v -0.341875 0.200211 0.014536
v -0.364958 0.244257 -0.006404
v -0.355329 0.239815 -0.001157
v -0.361011 0.246710 -0.007329
v -0.431751 0.240191 -0.062419
v -0.449740 0.240282 -0.005346
v -0.623192 0.221563 -0.079173
v -0.630151 0.221560 -0.079968
v -0.635832 0.221683 -0.080743
v -0.642485 0.223442 -0.082217
v -0.643583 0.232259 -0.076871
v -0.643413 0.238086 -0.068327
v -0.642612 0.240457 -0.057427
v -0.642441 0.240716 -0.046067
v -0.643340 0.240765 -0.035253
v -0.642729 0.240248 -0.023975
v -0.643310 0.235324 -0.014889
v -0.644457 0.227291 -0.006991
v -0.646896 0.217502 -0.001537
v -0.650802 0.208633 -0.004278
v -0.652563 0.204602 -0.012105
v -0.652865 0.202164 -0.020988
v -0.652538 0.199936 -0.030104
v -0.651641 0.197160 -0.039287
v -0.650350 0.194327 -0.048458
v -0.649007 0.192385 -0.057484
v -0.646540 0.195552 -0.065174
v -0.644128 0.205663 -0.070176
v -0.643178 0.218437 -0.070166
v -0.643941 0.230909 -0.070315
v -0.636868 0.230803 -0.068802
v -0.630971 0.231978 -0.069721
v -0.623518 0.230989 -0.069362
v -0.615767 0.229676 -0.069284
v -0.608105 0.228106 -0.069755
v -0.600178 0.225121 -0.069952
v -0.602277 0.226392 -0.079709
v -0.609789 0.226321 -0.080160
v -0.615970 0.222247 -0.078809
v -0.620976 0.243710 -0.050869
v -0.618902 0.188773 -0.033734
v -0.611700 0.245637 -0.048327
v -0.629006 0.236020 -0.070441
v -0.632562 0.205597 -0.068619
v -0.626034 0.228397 -0.074168
v -0.632031 0.217415 -0.069478
v -0.613418 0.234937 -0.070382
v -0.604910 0.239021 -0.066563
v -0.619922 0.210975 -0.068405
v -0.612623 0.228308 -0.074924
v -0.618378 0.224807 -0.073006
v -0.622404 0.237053 -0.013871
v -0.632242 0.201788 -0.005223
v -0.614460 0.190858 -0.059172
v -0.608856 0.187366 -0.030675
v -0.608524 0.188707 -0.044930
v -0.602782 0.207662 -0.069474
v -0.604152 0.216716 -0.069874
v -0.612303 0.216883 -0.069802
v -0.612539 0.238343 -0.015718
v -0.620415 0.216035 -0.003754
v -0.616017 0.199658 -0.006069
v -0.604088 0.192789 -0.063388
v -0.620612 0.189010 -0.022124
v -0.637061 0.228379 -0.076956
v -0.638487 0.234904 -0.071129
v -0.601158 0.236477 -0.015011
v -0.604193 0.241697 -0.024229
v -0.605407 0.229690 -0.008109
v -0.607254 0.198291 -0.006083
v -0.608476 0.208892 -0.004439
v -0.610419 0.192333 -0.011125
v -0.610710 0.188136 -0.020863
v -0.627808 0.191337 -0.014874
v -0.616754 0.190211 -0.015408
v -0.630088 0.243704 -0.046452
v -0.636089 0.191187 -0.026207
v -0.635410 0.199564 -0.066812
v -0.637785 0.211186 -0.070129
v -0.638047 0.222275 -0.068986
v -0.611813 0.241971 -0.063956
v -0.618304 0.238170 -0.065748
v -0.620258 0.231905 -0.070185
v -0.623744 0.241241 -0.060305
v -0.615292 0.243175 -0.057616
v -0.628630 0.242472 -0.028233
v -0.630548 0.231484 -0.008950
v -0.636030 0.209110 -0.002980
v -0.639171 0.195098 -0.011779
v -0.628914 0.191114 -0.048843
v -0.624696 0.197964 -0.065789
v -0.612820 0.241337 -0.022868
v -0.614623 0.231630 -0.009197
v -0.609231 0.223497 -0.005626
v -0.612071 0.215218 -0.004634
v -0.624758 0.210192 -0.004182
v -0.621024 0.194335 -0.009763
v -0.636826 0.240937 -0.050571
v -0.634283 0.242511 -0.040087
v -0.632690 0.241010 -0.059758
v -0.632352 0.238444 -0.067410
v -0.645757 0.194755 -0.033227
v -0.639428 0.192157 -0.040907
v -0.642565 0.193608 -0.024191
v -0.641640 0.199765 -0.067940
v -0.638993 0.193869 -0.061895
v -0.624311 0.243571 -0.041401
v -0.636208 0.241462 -0.028633
v -0.638249 0.237498 -0.018230
v -0.637672 0.230702 -0.009238
v -0.636315 0.221586 -0.003520
v -0.643000 0.210497 -0.001427
v -0.641858 0.200654 -0.005862
v -0.646825 0.197550 -0.014678
v -0.629660 0.190183 -0.019400
v -0.640881 0.192295 -0.051413
v -0.604015 0.199369 -0.067631
v -0.617061 0.193937 -0.064264
v -0.625624 0.193360 -0.060484
v -0.610902 0.244786 -0.038339
v -0.620724 0.241383 -0.024408
v -0.626351 0.240307 -0.020624
v -0.612630 0.244206 -0.032467
v -0.621846 0.228208 -0.006285
v -0.617095 0.243456 -0.039899
v -0.615426 0.206176 -0.004488
v -0.627462 0.219703 -0.003730
v -0.639862 0.241900 -0.040455
v -0.638218 0.239116 -0.062242
v -0.645815 0.193748 -0.042749
v -0.631663 0.190869 -0.041467
v -0.648745 0.197099 -0.024290
v -0.623607 0.242897 -0.032560
v -0.642338 0.222719 -0.003681
v -0.648794 0.202998 -0.006387
v -0.638321 0.192749 -0.017981
v -0.629423 0.189756 -0.026180
v -0.633623 0.191952 -0.058088
v -0.631935 0.194562 -0.064090
v -0.603360 0.243662 -0.034425
v -0.616795 0.226022 -0.005336
v -0.628636 0.224837 -0.004306
v -0.627127 0.192027 -0.056000
v -0.604420 0.232745 -0.073492
v -0.600180 0.237501 -0.068714
v -0.602267 0.242933 -0.058913
v -0.633957 0.196823 -0.008229
v -0.602429 0.244541 -0.048385
v -0.604731 0.243724 -0.041239
f 26 25 187
f 26 187 27
f 82 152 151
f 20 19 279
f 237 354 358
f 151 152 147
f 148 150 80
f 148 78 170
f 182 83 82
f 30 331 31
f 31 331 32
f 184 182 151
f 32 331 332
f 413 176 226
f 173 150 171
f 262 324 315
f 224 172 175
f 165 88 86
f 340 498 422
f 220 170 221
f 380 9 8
f 711 712 706
f 392 99 98
f 404 405 169
f 173 176 177
f 182 184 179
f 352 431 433
f 35 34 431
f 227 260 146
f 418 433 33
f 170 78 77
f 45 44 157
f 35 350 36
f 153 22 191
f 198 367 368
f 350 430 36
f 288 510 350
f 227 143 260
f 294 363 440
f 149 80 150
f 37 430 38
f 190 495 154
f 199 44 43
f 41 40 361
f 85 84 261
f 394 396 166
f 47 46 157
f 157 46 45
f 157 156 198
f 153 187 22
f 1076 170 77
f 85 165 86
f 178 177 147
f 198 48 47
f 157 199 156
f 147 152 149
f 341 13 12
f 148 80 79
f 50 49 241
f 145 171 148
f 178 173 177
f 149 150 178
f 365 53 52
f 138 137 139
f 137 136 210
f 304 305 251
f 217 324 262
f 54 53 442
f 134 311 135
f 63 62 247
f 379 56 375
f 149 81 80
f 205 305 378
f 166 396 399
f 252 376 454
f 270 218 269
f 65 64 160
f 160 64 63
f 164 315 214
f 171 145 174
f 250 303 68
f 89 88 165
f 68 246 69
f 72 71 271
f 173 174 172
f 51 364 52
f 332 333 418
f 55 589 651
f 175 174 145
f 176 173 172
f 633 623 628
f 284 343 344
f 129 309 130
f 3 2 314
f 340 421 281
f 308 132 131
f 602 661 604
f 458 124 427
f 540 467 162
f 601 603 459
f 191 22 192
f 123 122 345
f 121 343 122
f 21 20 230
f 124 123 427
f 429 348 116
f 21 192 22
f 22 187 23
f 932 563 931
f 187 25 24
f 24 23 187
f 349 504 348
f 111 353 112
f 211 258 140
f 261 146 260
f 261 164 85
f 146 84 83
f 416 180 412
f 104 451 105
f 186 179 184
f 141 390 469
f 143 469 390
f 106 452 592
f 186 185 469
f 104 103 450
f 145 148 220
f 74 73 269
f 1076 76 75
f 175 142 224
f 204 249 159
f 87 86 88
f 150 148 171
f 763 648 764
f 82 81 152
f 149 152 81
f 160 203 67
f 222 170 1076
f 608 467 607
f 211 139 137
f 171 174 173
f 79 78 148
f 222 75 74
f 172 174 175
f 787 633 753
f 450 103 449
f 177 151 147
f 370 372 449
f 151 183 184
f 370 102 101
f 102 449 103
f 186 184 180
f 317 98 391
f 182 179 227
f 151 182 82
f 94 265 95
f 183 180 184
f 473 317 391
f 93 265 94
f 413 411 412
f 144 413 412
f 183 151 181
f 227 179 143
f 213 89 214
f 150 173 178
f 149 178 147
f 214 89 165
f 177 144 181
f 176 144 177
f 181 151 177
f 146 83 182
f 92 268 217
f 183 181 180
f 471 323 215
f 226 224 410
f 176 172 226
f 271 404 219
f 203 159 250
f 247 160 63
f 302 61 60
f 247 204 203
f 59 376 305
f 559 555 615
f 767 206 608
f 456 309 310
f 457 254 538
f 461 313 163
f 314 2 388
f 210 311 257
f 258 211 163
f 140 258 209
f 211 140 139
f 316 262 212
f 164 214 165
f 478 215 322
f 322 215 323
f 91 90 268
f 270 73 72
f 168 222 218
f 330 329 406
f 325 218 270
f 170 220 148
f 222 168 170
f 221 168 223
f 220 221 175
f 269 222 74
f 218 325 168
f 142 175 223
f 172 224 226
f 408 407 142
f 481 483 488
f 407 675 676
f 182 227 146
f 27 187 153
f 695 728 637
f 28 27 275
f 229 279 338
f 338 339 280
f 192 21 230
f 340 281 17
f 381 11 10
f 500 570 572
f 627 577 575
f 287 504 577
f 109 356 110
f 291 354 237
f 238 242 293
f 39 362 40
f 50 241 297
f 49 295 241
f 47 157 198
f 199 157 44
f 238 199 43
f 242 238 43
f 43 42 242
f 368 243 369
f 238 156 199
f 156 238 243
f 371 298 370
f 536 701 594
f 54 443 55
f 326 246 202
f 67 66 65
f 67 203 250
f 67 65 160
f 62 248 247
f 61 248 62
f 247 248 204
f 203 160 247
f 203 204 159
f 492 249 908
f 250 492 303
f 246 303 202
f 205 249 251
f 379 58 57
f 858 423 342
f 607 467 543
f 127 310 128
f 455 309 456
f 384 380 312
f 140 209 1
f 1 209 388
f 2 1 388
f 311 136 135
f 311 210 136
f 210 211 137
f 259 163 211
f 259 211 210
f 210 257 259
f 256 383 311
f 461 259 383
f 258 163 209
f 316 260 143
f 261 260 212
f 146 261 84
f 212 315 164
f 85 164 165
f 212 164 261
f 212 260 316
f 324 268 213
f 482 478 480
f 447 532 99
f 264 471 391
f 93 92 320
f 266 320 321
f 216 322 267
f 264 96 319
f 266 265 93
f 395 265 266
f 320 266 93
f 265 216 267
f 265 267 319
f 268 92 91
f 320 92 217
f 90 213 268
f 315 324 213
f 270 269 73
f 222 269 218
f 271 270 72
f 325 270 273
f 272 71 70
f 270 271 219
f 70 69 326
f 272 326 327
f 328 273 219
f 404 169 219
f 223 168 330
f 272 271 71
f 404 271 272
f 220 175 145
f 223 175 221
f 170 168 221
f 274 153 191
f 153 274 275
f 334 228 275
f 275 27 153
f 231 275 274
f 418 33 32
f 228 29 28
f 338 19 18
f 339 18 17
f 280 339 281
f 337 230 190
f 338 279 19
f 279 230 20
f 340 16 15
f 341 342 283
f 341 282 498
f 343 424 344
f 345 122 343
f 949 930 963
f 344 564 284
f 433 34 33
f 578 509 508
f 291 237 515
f 359 356 436
f 436 437 357
f 360 42 41
f 239 294 440
f 39 363 362
f 50 296 51
f 520 524 366
f 49 48 295
f 367 198 156
f 698 296 297
f 364 51 240
f 241 295 368
f 50 297 296
f 298 531 372
f 244 591 445
f 592 300 374
f 292 358 359
f 56 55 301
f 306 375 453
f 68 67 250
f 302 60 304
f 68 303 246
f 304 60 59
f 302 304 251
f 251 305 205
f 453 375 301
f 253 381 307
f 308 455 538
f 310 127 382
f 458 382 126
f 311 134 133
f 538 132 308
f 5 4 314
f 314 4 3
f 5 389 6
f 7 6 312
f 314 388 313
f 5 314 389
f 313 389 314
f 214 315 213
f 212 262 315
f 217 262 167
f 97 96 391
f 475 392 317
f 444 298 371
f 95 265 319
f 391 96 264
f 319 267 323
f 95 319 96
f 320 167 321
f 875 321 167
f 395 394 216
f 216 394 322
f 479 402 478
f 319 323 264
f 322 323 267
f 213 90 89
f 316 401 262
f 268 324 217
f 316 143 401
f 330 325 273
f 219 273 270
f 326 272 70
f 246 326 69
f 404 327 405
f 223 406 142
f 325 330 168
f 29 331 30
f 417 278 276
f 231 336 334
f 231 334 275
f 335 336 337
f 337 154 335
f 337 336 231
f 154 337 190
f 231 274 337
f 192 230 274
f 331 29 417
f 339 338 18
f 229 338 280
f 499 419 421
f 279 190 230
f 230 337 274
f 192 274 191
f 340 17 16
f 339 17 281
f 15 14 498
f 281 421 419
f 381 10 9
f 498 282 422
f 342 341 12
f 423 283 342
f 12 11 342
f 381 342 11
f 423 341 283
f 424 121 120
f 424 120 119
f 562 563 233
f 424 343 121
f 123 345 502
f 599 595 597
f 347 119 118
f 586 645 646
f 288 350 432
f 290 429 355
f 435 111 110
f 353 435 354
f 435 356 358
f 435 353 111
f 353 354 291
f 355 353 291
f 436 109 108
f 356 359 358
f 437 108 107
f 438 357 437
f 237 358 292
f 358 354 435
f 436 356 109
f 360 242 42
f 242 360 293
f 361 360 41
f 361 294 293
f 361 40 362
f 363 39 38
f 294 362 363
f 365 364 240
f 366 587 443
f 198 295 48
f 243 367 156
f 367 243 368
f 195 243 238
f 195 238 293
f 195 369 243
f 372 370 298
f 475 477 392
f 444 445 531
f 533 450 445
f 537 534 535
f 452 534 592
f 106 105 452
f 443 589 55
f 651 1014 301
f 56 301 375
f 302 251 249
f 204 302 249
f 61 302 204
f 248 61 204
f 304 59 305
f 376 58 379
f 454 376 306
f 376 252 305
f 377 252 1011
f 252 378 305
f 378 377 906
f 377 1009 1012
f 376 379 306
f 56 379 57
f 306 379 375
f 381 380 307
f 384 312 385
f 308 131 130
f 129 128 309
f 458 126 125
f 427 595 458
f 126 382 127
f 311 133 132
f 539 132 538
f 256 539 208
f 257 383 259
f 8 312 380
f 460 385 312
f 386 460 466
f 386 387 384
f 307 384 387
f 380 384 307
f 388 209 163
f 388 163 313
f 462 389 313
f 141 875 401
f 391 98 97
f 392 98 317
f 323 471 264
f 475 317 263
f 318 446 447
f 167 320 217
f 185 186 416
f 394 395 396
f 265 395 216
f 479 394 166
f 393 400 397
f 397 396 395
f 545 546 393
f 395 321 397
f 870 868 488
f 266 321 395
f 393 397 321
f 396 397 400
f 398 1001 862
f 398 399 400
f 400 399 396
f 401 167 262
f 470 875 141
f 390 141 401
f 862 166 399
f 327 326 202
f 250 159 492
f 559 557 555
f 272 327 404
f 403 327 202
f 327 403 405
f 169 328 219
f 330 406 223
f 493 273 328
f 330 273 329
f 493 557 329
f 493 556 555
f 406 329 142
f 224 142 407
f 329 273 493
f 675 407 408
f 670 914 1002
f 180 181 412
f 186 180 416
f 415 413 410
f 415 411 413
f 672 415 550
f 144 412 181
f 411 414 416
f 1007 1001 876
f 141 185 544
f 176 413 144
f 410 413 226
f 415 410 676
f 411 416 412
f 414 544 416
f 409 667 550
f 415 613 411
f 228 28 275
f 417 29 334
f 417 334 189
f 29 228 334
f 988 189 336
f 334 336 189
f 495 497 154
f 494 281 419
f 560 494 496
f 190 229 420
f 340 422 421
f 421 422 282
f 340 15 498
f 14 13 341
f 498 14 341
f 565 563 564
f 574 119 347
f 426 501 502
f 566 233 568
f 284 500 426
f 426 500 501
f 347 118 428
f 348 503 347
f 347 428 348
f 428 117 116
f 348 429 349
f 115 114 429
f 115 429 116
f 432 431 352
f 432 350 35
f 431 432 35
f 352 433 434
f 433 418 434
f 333 511 434
f 434 289 352
f 355 114 113
f 429 114 355
f 237 292 584
f 435 110 356
f 291 516 355
f 437 436 108
f 359 436 357
f 107 374 437
f 437 300 438
f 106 374 107
f 593 653 583
f 195 293 439
f 293 360 361
f 239 439 294
f 439 239 644
f 294 439 293
f 644 239 645
f 239 440 645
f 361 362 294
f 430 363 38
f 430 441 363
f 364 365 52
f 520 442 365
f 54 442 366
f 443 54 366
f 198 368 295
f 532 101 100
f 370 101 371
f 371 446 444
f 444 244 445
f 101 532 371
f 448 446 318
f 446 371 532
f 99 392 447
f 318 477 476
f 474 263 473
f 444 446 448
f 591 244 448
f 448 318 551
f 444 448 244
f 370 449 102
f 450 449 372
f 450 372 445
f 451 450 373
f 450 451 104
f 452 451 373
f 373 534 452
f 1021 1023 1026
f 59 58 376
f 312 8 7
f 380 381 9
f 309 308 130
f 132 539 311
f 310 382 456
f 455 456 255
f 310 309 128
f 125 124 458
f 539 256 311
f 383 257 311
f 460 312 6
f 460 6 389
f 385 386 384
f 466 465 386
f 461 462 313
f 259 461 163
f 383 256 208
f 461 383 208
f 463 462 461
f 543 540 541
f 463 542 541
f 464 462 463
f 463 461 208
f 540 463 541
f 389 464 460
f 389 462 464
f 466 467 465
f 162 466 464
f 464 463 162
f 386 465 387
f 460 386 385
f 465 206 387
f 468 387 206
f 387 253 307
f 468 206 859
f 469 143 179
f 401 143 390
f 186 469 179
f 141 469 185
f 141 544 470
f 544 663 470
f 545 393 875
f 482 474 471
f 473 471 474
f 476 551 318
f 317 473 263
f 391 471 473
f 482 471 215
f 475 263 476
f 447 477 318
f 472 263 474
f 472 482 484
f 392 477 447
f 476 477 475
f 479 478 322
f 480 478 402
f 394 479 322
f 479 166 863
f 484 485 486
f 480 484 482
f 649 739 526
f 474 482 472
f 478 482 215
f 485 480 402
f 484 483 878
f 485 484 480
f 864 489 485
f 483 484 486
f 166 862 863
f 483 486 488
f 546 548 398
f 550 667 671
f 1003 1002 869
f 402 863 864
f 881 879 882
f 864 485 402
f 489 486 485
f 481 882 879
f 159 249 492
f 378 906 205
f 202 491 403
f 490 491 303
f 202 303 491
f 490 303 492
f 906 907 908
f 417 276 331
f 331 276 332
f 332 418 32
f 494 497 420
f 494 420 280
f 494 280 281
f 229 280 420
f 494 560 497
f 561 496 494
f 282 341 423
f 232 282 423
f 562 500 284
f 500 425 501
f 425 573 621
f 427 502 346
f 502 427 123
f 502 345 426
f 428 118 117
f 506 348 504
f 348 506 503
f 505 287 679
f 718 505 679
f 287 506 504
f 503 506 505
f 680 287 577
f 506 287 505
f 428 116 348
f 36 430 37
f 434 511 289
f 507 352 289
f 432 507 288
f 509 235 507
f 432 352 507
f 507 235 288
f 509 513 514
f 235 901 288
f 578 235 509
f 431 34 433
f 333 434 418
f 289 513 507
f 513 512 514
f 622 515 639
f 236 576 622
f 113 112 355
f 291 515 516
f 300 437 374
f 583 653 517
f 518 357 583
f 644 841 585
f 441 440 363
f 440 441 645
f 365 442 53
f 521 365 240
f 520 365 521
f 240 523 521
f 240 296 648
f 520 525 524
f 587 366 524
f 525 520 521
f 525 521 523
f 524 525 588
f 588 525 777
f 241 368 197
f 369 527 368
f 529 528 527
f 699 698 197
f 368 527 197
f 369 529 527
f 445 299 533
f 531 445 372
f 444 531 298
f 99 532 100
f 446 532 447
f 533 299 535
f 373 450 533
f 451 452 105
f 533 535 534
f 591 299 445
f 245 593 537
f 533 534 373
f 594 245 654
f 654 537 535
f 299 591 530
f 299 536 654
f 654 535 299
f 537 593 652
f 1012 1013 905
f 253 342 381
f 455 308 309
f 595 427 346
f 458 655 599
f 456 599 600
f 466 162 467
f 208 542 463
f 463 540 162
f 542 208 539
f 543 467 540
f 542 538 254
f 541 542 254
f 609 607 662
f 605 457 207
f 543 541 605
f 466 460 464
f 416 544 185
f 663 544 414
f 903 470 663
f 400 546 398
f 393 546 400
f 548 903 902
f 671 612 672
f 903 546 545
f 548 902 1006
f 671 667 549
f 667 668 549
f 667 409 611
f 904 612 671
f 476 552 551
f 878 552 553
f 553 552 476
f 551 552 554
f 472 484 553
f 878 483 879
f 880 883 881
f 448 551 554
f 476 472 553
f 329 408 142
f 169 493 328
f 556 493 169
f 909 615 491
f 559 674 557
f 557 493 555
f 673 169 405
f 556 615 555
f 408 557 674
f 329 557 408
f 558 618 559
f 559 618 674
f 332 276 333
f 278 333 276
f 511 333 278
f 278 277 511
f 229 190 279
f 495 190 420
f 497 495 420
f 858 468 232
f 756 757 748
f 282 232 748
f 757 499 748
f 419 499 561
f 419 561 494
f 499 421 282
f 284 426 345
f 343 284 345
f 566 562 233
f 344 424 565
f 962 933 927
f 564 562 284
f 927 932 962
f 564 344 565
f 564 563 562
f 574 424 119
f 566 500 562
f 567 568 928
f 500 566 570
f 822 939 941
f 568 570 566
f 948 934 926
f 571 570 568
f 998 941 942
f 572 573 425
f 571 568 567
f 572 570 569
f 571 567 822
f 569 570 571
f 573 572 569
f 500 572 425
f 826 573 827
f 621 285 598
f 621 501 425
f 346 502 501
f 503 873 347
f 347 286 574
f 286 945 931
f 563 565 574
f 424 574 565
f 576 349 290
f 576 236 575
f 576 575 349
f 429 290 349
f 626 627 625
f 627 680 577
f 349 577 504
f 349 575 577
f 510 351 430
f 350 510 430
f 578 901 235
f 511 277 694
f 513 289 511
f 511 694 512
f 513 509 507
f 512 694 637
f 514 512 581
f 514 581 508
f 836 833 839
f 581 580 638
f 237 584 639
f 353 355 112
f 290 516 576
f 515 622 516
f 300 652 593
f 518 292 359
f 642 518 517
f 584 292 642
f 587 526 443
f 524 649 587
f 522 978 729
f 589 526 651
f 585 195 439
f 195 590 369
f 529 369 590
f 585 590 195
f 590 585 529
f 299 530 536
f 883 200 591
f 592 374 106
f 652 592 534
f 438 593 583
f 597 595 346
f 599 655 595
f 597 598 596
f 599 459 600
f 598 597 346
f 597 596 599
f 598 285 656
f 596 459 599
f 456 382 599
f 458 599 382
f 603 604 459
f 598 656 596
f 602 604 603
f 596 601 459
f 993 994 992
f 995 828 997
f 662 606 755
f 604 661 660
f 541 254 605
f 733 660 661
f 465 467 608
f 608 607 609
f 767 609 755
f 608 206 465
f 609 767 608
f 875 470 545
f 414 664 663
f 902 547 1006
f 409 675 611
f 666 668 611
f 665 612 610
f 663 664 610
f 613 665 664
f 472 476 263
f 673 615 556
f 617 615 614
f 617 558 559
f 491 490 907
f 491 615 673
f 905 616 614
f 1010 1009 377
f 615 617 559
f 1022 616 1021
f 617 614 616
f 674 618 611
f 694 695 637
f 768 779 766
f 986 497 560
f 285 621 573
f 501 621 346
f 598 346 621
f 582 687 640
f 631 629 628
f 622 576 516
f 627 575 236
f 629 624 625
f 236 622 625
f 625 624 626
f 629 625 640
f 631 626 624
f 775 681 631
f 631 681 626
f 630 628 629
f 630 635 628
f 625 627 236
f 640 625 622
f 631 628 623
f 623 776 631
f 629 631 624
f 775 774 788
f 633 634 722
f 632 630 629
f 633 628 635
f 633 635 634
f 630 686 688
f 688 634 635
f 696 578 508
f 512 637 581
f 511 512 513
f 579 580 728
f 639 515 237
f 642 641 584
f 643 685 582
f 640 687 632
f 639 640 622
f 582 640 639
f 355 516 290
f 593 438 300
f 357 438 583
f 518 583 517
f 639 584 643
f 643 584 641
f 517 922 641
f 639 643 582
f 642 292 518
f 439 644 585
f 647 351 901
f 901 900 647
f 288 901 510
f 351 441 430
f 647 646 351
f 645 441 351
f 51 296 240
f 241 197 297
f 296 698 648
f 240 648 523
f 526 587 649
f 443 526 589
f 801 976 650
f 366 442 520
f 526 739 740
f 301 55 651
f 301 1014 453
f 529 585 519
f 592 652 300
f 537 652 534
f 653 593 245
f 752 772 786
f 654 245 537
f 536 594 654
f 591 200 530
f 707 701 705
f 683 751 720
f 595 655 458
f 995 656 285
f 596 656 601
f 733 747 606
f 207 660 713
f 602 993 991
f 604 600 459
f 600 604 255
f 255 604 457
f 600 255 456
f 604 207 457
f 455 255 457
f 660 207 604
f 662 607 543
f 664 414 411
f 903 663 610
f 411 613 664
f 665 613 612
f 610 664 665
f 612 547 902
f 415 409 550
f 667 611 668
f 1027 225 1025
f 888 889 913
f 486 489 488
f 668 912 670
f 1028 666 1027
f 668 670 1004
f 904 671 549
f 672 612 613
f 415 672 613
f 550 671 672
f 556 169 673
f 491 673 403
f 403 673 405
f 409 676 675
f 674 675 408
f 611 618 225
f 611 675 674
f 410 224 676
f 407 676 224
f 415 676 409
f 188 917 619
f 277 917 695
f 718 679 716
f 680 679 287
f 716 679 678
f 626 680 627
f 680 678 679
f 678 680 681
f 626 681 680
f 685 687 582
f 686 630 632
f 693 682 691
f 653 245 702
f 857 636 690
f 688 635 630
f 923 736 685
f 682 689 691
f 686 684 688
f 686 689 684
f 634 688 636
f 687 686 632
f 689 686 687
f 691 687 685
f 690 684 682
f 690 688 684
f 691 689 687
f 720 692 736
f 688 690 636
f 734 690 682
f 682 684 689
f 736 691 685
f 825 838 837
f 194 638 1065
f 508 638 696
f 514 508 509
f 581 638 508
f 1057 1054 194
f 629 640 632
f 518 359 357
f 645 351 646
f 698 297 197
f 857 724 636
f 197 527 528
f 699 197 528
f 522 649 524
f 524 650 522
f 588 650 524
f 536 530 701
f 701 702 594
f 704 703 701
f 707 702 701
f 708 705 742
f 245 594 702
f 705 701 703
f 892 893 882
f 782 711 706
f 707 705 700
f 704 893 742
f 701 530 704
f 200 704 530
f 706 712 744
f 769 791 770
f 752 737 771
f 653 702 922
f 702 707 709
f 742 705 703
f 708 742 711
f 881 554 879
f 711 710 712
f 712 732 744
f 605 254 457
f 457 538 455
f 277 278 619
f 561 499 757
f 775 788 681
f 716 234 719
f 1038 964 949
f 873 286 347
f 719 718 716
f 718 717 874
f 947 719 234
f 718 719 717
f 685 643 923
f 769 772 784
f 721 723 722
f 634 636 721
f 723 969 966
f 934 937 567
f 721 636 724
f 857 855 724
f 724 723 721
f 695 694 277
f 726 728 727
f 837 975 725
f 1069 834 836
f 579 726 1071
f 728 695 727
f 897 899 890
f 924 921 709
f 742 741 710
f 743 712 710
f 710 731 743
f 729 158 895
f 207 713 605
f 713 606 543
f 733 713 660
f 733 606 713
f 661 659 733
f 733 745 747
f 561 714 802
f 859 232 468
f 155 854 804
f 760 519 750
f 734 749 759
f 691 736 693
f 720 736 683
f 700 762 707
f 736 692 693
f 721 722 634
f 523 648 763
f 649 522 729
f 899 898 730
f 730 740 739
f 651 526 740
f 880 893 200
f 704 742 703
f 742 710 711
f 710 741 731
f 884 885 894
f 602 659 661
f 746 659 658
f 745 733 659
f 745 161 747
f 746 745 659
f 747 755 606
f 748 715 756
f 714 561 757
f 734 682 749
f 682 693 749
f 764 806 763
f 737 752 720
f 709 707 762
f 737 720 751
f 692 720 752
f 764 648 698
f 525 523 777
f 729 739 649
f 158 712 743
f 745 746 161
f 161 746 754
f 746 658 754
f 830 826 827
f 755 609 662
f 282 748 499
f 715 748 232
f 677 714 756
f 714 757 756
f 770 693 692
f 588 801 650
f 759 791 795
f 692 786 770
f 770 791 759
f 770 749 693
f 856 759 795
f 700 761 762
f 781 706 744
f 762 771 709
f 1040 1029 1041
f 723 967 722
f 523 763 777
f 698 699 764
f 657 754 778
f 768 747 161
f 766 860 767
f 768 766 767
f 768 755 747
f 755 768 767
f 859 767 860
f 772 752 771
f 782 781 761
f 769 784 785
f 749 770 759
f 519 847 750
f 841 842 519
f 529 519 760
f 528 529 760
f 772 771 761
f 771 737 709
f 761 771 762
f 782 761 700
f 772 769 786
f 708 700 705
f 722 753 633
f 753 722 967
f 1043 753 967
f 774 234 716
f 776 773 775
f 788 716 678
f 773 787 1032
f 776 775 631
f 774 775 773
f 787 773 623
f 760 750 699
f 760 699 528
f 806 811 763
f 161 779 768
f 677 756 620
f 620 789 793
f 780 793 789
f 781 784 772
f 700 708 782
f 708 711 782
f 781 783 784
f 761 781 772
f 744 783 781
f 758 791 785
f 784 783 792
f 798 792 783
f 781 782 706
f 752 786 692
f 1029 1031 1043
f 716 788 774
f 681 788 678
f 859 860 766
f 780 789 810
f 798 783 797
f 785 784 792
f 787 623 633
f 776 623 773
f 798 785 792
f 620 793 677
f 769 785 791
f 799 811 812
f 791 794 795
f 791 758 794
f 796 795 794
f 794 803 796
f 786 769 770
f 976 797 783
f 801 798 797
f 800 758 798
f 798 805 800
f 812 758 799
f 799 758 800
f 764 699 806
f 800 777 763
f 785 798 758
f 807 789 620
f 780 808 790
f 790 793 780
f 793 790 802
f 793 802 714
f 984 802 981
f 802 496 561
f 981 802 790
f 793 714 677
f 155 855 854
f 805 777 800
f 750 806 699
f 805 801 588
f 812 813 794
f 796 804 854
f 777 805 588
f 801 805 798
f 161 754 809
f 809 807 779
f 810 808 780
f 799 763 811
f 763 799 800
f 803 813 735
f 794 813 803
f 812 811 813
f 758 812 794
f 789 807 809
f 814 815 810
f 810 789 814
f 161 809 779
f 815 814 657
f 754 814 809
f 789 809 814
f 657 814 754
f 657 816 815
f 817 657 778
f 657 817 823
f 657 823 816
f 992 997 993
f 285 573 826
f 817 820 765
f 826 821 829
f 820 817 778
f 934 951 193
f 816 818 815
f 825 989 818
f 815 818 810
f 569 571 822
f 828 998 819
f 567 939 822
f 765 957 817
f 944 765 943
f 823 824 1049
f 817 824 823
f 573 569 827
f 998 828 829
f 569 822 827
f 830 827 822
f 991 997 819
f 829 996 826
f 998 829 821
f 828 995 996
f 831 816 823
f 941 830 822
f 826 830 821
f 816 831 825
f 831 823 1000
f 832 825 831
f 835 836 832
f 836 838 832
f 831 835 832
f 836 835 833
f 836 834 838
f 838 825 832
f 975 837 834
f 1062 1067 833
f 836 839 1069
f 988 335 154
f 196 644 586
f 841 196 842
f 841 519 585
f 586 644 645
f 644 196 841
f 843 842 845
f 842 843 519
f 848 845 196
f 842 196 845
f 843 844 846
f 843 845 844
f 155 804 851
f 849 847 843
f 847 519 843
f 849 803 735
f 851 849 846
f 735 847 849
f 849 804 803
f 806 813 811
f 735 813 806
f 852 155 850
f 851 846 844
f 844 850 851
f 723 724 853
f 851 850 155
f 849 851 804
f 850 853 852
f 969 853 850
f 848 196 586
f 750 735 806
f 856 854 855
f 735 750 847
f 795 854 856
f 804 796 803
f 155 852 855
f 734 857 690
f 734 856 857
f 724 855 852
f 759 856 734
f 796 854 795
f 855 857 856
f 852 853 724
f 206 767 859
f 715 620 756
f 253 858 342
f 253 387 468
f 807 620 779
f 858 253 468
f 766 779 620
f 859 766 715
f 715 232 859
f 620 715 766
f 232 423 858
f 548 1001 398
f 865 489 864
f 398 862 399
f 863 862 861
f 487 489 865
f 863 402 479
f 865 863 861
f 863 865 864
f 1007 865 861
f 869 669 871
f 489 866 870
f 872 871 868
f 867 868 871
f 887 886 867
f 867 481 868
f 488 868 481
f 872 869 871
f 877 869 487
f 489 870 488
f 866 868 870
f 872 868 866
f 1002 669 869
f 866 487 872
f 871 669 887
f 489 487 866
f 487 1007 1008
f 874 873 503
f 935 963 945
f 874 503 505
f 718 874 505
f 717 873 874
f 539 538 542
f 321 875 393
f 875 167 401
f 876 1008 1007
f 1075 876 1006
f 547 612 904
f 487 869 872
f 869 877 1003
f 878 553 484
f 481 879 483
f 878 879 552
f 880 881 893
f 200 883 880
f 882 884 892
f 883 591 448
f 448 554 883
f 881 883 554
f 879 554 552
f 884 882 481
f 894 892 884
f 889 896 887
f 889 887 669
f 912 913 914
f 914 913 669
f 889 888 896
f 871 887 867
f 891 885 886
f 886 890 891
f 895 743 894
f 867 885 481
f 886 885 867
f 890 886 896
f 888 897 890
f 893 731 741
f 882 893 881
f 893 892 731
f 742 893 741
f 200 893 704
f 731 894 743
f 892 894 731
f 899 730 891
f 730 895 891
f 481 885 884
f 896 886 887
f 888 890 896
f 915 897 888
f 897 1015 898
f 897 898 899
f 510 901 351
f 548 546 903
f 612 902 610
f 903 545 470
f 610 902 903
f 904 1005 1075
f 205 906 249
f 909 907 905
f 490 492 908
f 907 906 905
f 906 908 249
f 490 908 907
f 1012 906 377
f 905 614 909
f 615 909 614
f 491 907 909
f 888 913 915
f 713 543 605
f 662 543 606
f 910 1017 1016
f 666 912 668
f 913 911 915
f 669 913 889
f 911 913 912
f 912 914 670
f 1014 201 1016
f 915 201 897
f 277 619 917
f 916 278 417
f 188 619 916
f 916 417 189
f 278 916 619
f 840 916 189
f 188 916 840
f 1070 1073 1072
f 1074 919 840
f 727 917 920
f 1072 727 920
f 695 917 727
f 917 188 920
f 641 922 921
f 751 924 737
f 517 641 642
f 923 643 641
f 702 709 922
f 709 737 924
f 923 641 921
f 921 924 923
f 751 683 923
f 517 653 922
f 923 683 736
f 709 921 922
f 751 923 924
f 581 728 580
f 1039 952 925
f 928 568 929
f 233 563 927
f 563 574 931
f 568 233 929
f 934 928 926
f 233 927 929
f 933 929 927
f 286 873 945
f 949 936 948
f 286 931 574
f 932 931 930
f 932 930 962
f 563 932 927
f 926 928 933
f 929 933 928
f 962 949 926
f 934 193 937
f 717 935 945
f 935 717 961
f 953 952 1039
f 948 951 934
f 940 938 941
f 567 937 939
f 934 567 928
f 951 955 193
f 940 939 937
f 939 940 941
f 937 193 940
f 193 959 960
f 941 938 956
f 830 941 821
f 943 942 956
f 819 999 990
f 820 943 765
f 943 956 944
f 817 957 824
f 931 945 930
f 717 945 873
f 947 717 719
f 1034 1030 947
f 1030 1029 1035
f 947 946 961
f 949 948 926
f 951 948 936
f 945 963 930
f 954 964 925
f 1048 1049 824
f 954 951 936
f 952 953 955
f 925 952 954
f 1035 1039 925
f 1047 950 1044
f 957 959 958
f 954 936 964
f 955 951 954
f 959 955 953
f 941 956 942
f 938 944 956
f 765 944 957
f 957 944 959
f 959 944 938
f 957 958 824
f 960 938 940
f 193 955 959
f 959 953 958
f 938 960 959
f 193 960 940
f 947 961 717
f 963 961 946
f 962 926 933
f 930 949 962
f 961 963 935
f 946 1037 1038
f 936 949 964
f 1038 949 963
f 1045 1042 1044
f 723 966 967
f 723 853 969
f 969 973 966
f 967 968 1043
f 968 967 966
f 973 969 965
f 969 971 965
f 1058 965 971
f 971 969 850
f 844 972 850
f 971 850 972
f 974 1053 844
f 971 972 970
f 965 1066 973
f 966 973 968
f 845 974 844
f 1054 696 194
f 972 844 970
f 726 1072 975
f 728 726 579
f 1059 1061 1067
f 158 729 977
f 730 729 895
f 730 739 729
f 890 899 891
f 732 976 744
f 783 744 976
f 978 976 732
f 976 801 797
f 978 732 977
f 712 977 732
f 978 977 729
f 978 979 976
f 522 650 979
f 978 522 979
f 650 976 979
f 983 981 982
f 982 808 980
f 986 984 981
f 560 496 984
f 981 790 982
f 790 808 982
f 987 986 981
f 802 984 496
f 985 986 987
f 1074 840 988
f 985 987 918
f 985 1074 986
f 981 983 987
f 1072 920 918
f 988 840 189
f 154 1074 988
f 1074 154 986
f 497 986 154
f 560 984 986
f 988 336 335
f 810 818 808
f 818 980 808
f 989 725 983
f 818 989 980
f 818 816 825
f 980 989 983
f 659 602 991
f 778 990 820
f 754 658 778
f 990 658 819
f 778 658 990
f 658 991 819
f 658 659 991
f 602 994 993
f 999 819 998
f 995 992 601
f 997 828 819
f 994 602 603
f 601 994 603
f 601 992 994
f 656 995 601
f 996 995 285
f 826 996 285
f 828 996 829
f 993 997 991
f 997 992 995
f 942 943 999
f 943 820 999
f 990 999 820
f 941 998 821
f 999 998 942
f 958 950 1048
f 975 1071 726
f 843 846 849
f 1001 548 1006
f 862 1001 861
f 549 668 1004
f 877 1005 1003
f 1005 549 1004
f 1002 1003 1004
f 914 669 1002
f 1008 1075 877
f 549 1005 904
f 1003 1005 1004
f 1002 1004 670
f 1075 1006 547
f 1001 1006 876
f 865 1007 487
f 1001 1007 861
f 1075 1008 876
f 487 1008 877
f 891 894 885
f 895 894 891
f 900 901 578
f 1014 1017 1011
f 378 252 377
f 454 1011 252
f 454 306 453
f 1011 1017 1010
f 1011 453 1014
f 454 453 1011
f 1013 1012 1009
f 1012 905 906
f 1022 1021 1024
f 905 1013 616
f 1011 1010 377
f 1017 1009 1010
f 1013 1009 1023
f 201 1015 897
f 740 1015 651
f 898 1015 740
f 1017 1014 1016
f 730 898 740
f 1015 1014 651
f 1014 1015 201
f 1018 1019 910
f 1017 910 1009
f 911 1018 915
f 1016 201 1018
f 201 915 1018
f 666 611 1027
f 1024 225 618
f 558 1022 1024
f 558 617 1022
f 910 1023 1009
f 616 1022 617
f 1024 1021 1020
f 616 1013 1021
f 1021 1013 1023
f 225 1024 1020
f 618 558 1024
f 225 1020 1025
f 912 1028 911
f 1023 1019 1026
f 1025 1020 1026
f 1021 1026 1020
f 1028 1019 911
f 1025 1026 1019
f 225 1027 611
f 1028 1027 1025
f 666 1028 912
f 1019 1028 1025
f 911 1019 1018
f 1018 910 1016
f 1023 910 1019
f 983 1070 987
f 728 581 637
f 1035 1037 1030
f 946 947 1030
f 234 1034 947
f 773 1032 774
f 1033 1030 1034
f 1031 787 753
f 787 1031 1032
f 1032 1031 1033
f 234 774 1032
f 1029 1033 1031
f 1029 1030 1033
f 234 1032 1034
f 1033 1034 1032
f 1037 1035 925
f 925 964 1038
f 1030 1037 946
f 946 1038 963
f 1038 1037 925
f 1040 1035 1029
f 1036 1039 1040
f 1035 1040 1039
f 1045 1044 1036
f 1036 1040 1041
f 738 1041 1029
f 835 1063 1062
f 738 1029 1043
f 753 1043 1031
f 1043 968 1046
f 1045 1041 738
f 1047 1042 835
f 1044 1042 1047
f 1036 1044 950
f 1041 1045 1036
f 1043 1046 738
f 1036 950 953
f 1046 1064 1045
f 738 1046 1045
f 973 1064 968
f 1048 950 1047
f 835 1000 1047
f 823 1049 1000
f 950 958 953
f 831 1000 835
f 953 1039 1036
f 1063 1045 1064
f 1047 1000 1048
f 1048 1000 1049
f 952 955 954
f 848 1050 1052
f 848 586 646
f 1051 1050 646
f 647 900 1051
f 1050 848 646
f 646 647 1051
f 1052 1050 1056
f 1050 1051 1056
f 578 697 900
f 900 697 1051
f 848 1052 845
f 697 578 696
f 1052 974 845
f 697 696 1054
f 1053 1055 970
f 844 1053 970
f 1055 1053 974
f 1055 974 1054
f 1055 1057 1058
f 1062 833 835
f 970 1058 971
f 194 1061 1057
f 1067 1062 1059
f 1061 1058 1057
f 1066 1062 1063
f 1042 1063 835
f 1042 1045 1063
f 1066 1064 973
f 1064 1046 968
f 1059 1066 1060
f 1055 1054 1057
f 1056 1054 974
f 1054 1056 697
f 974 1052 1056
f 697 1056 1051
f 1055 1058 970
f 965 1058 1060
f 839 833 1067
f 1058 1061 1060
f 1059 1060 1061
f 1062 1066 1059
f 1066 1063 1064
f 1067 1061 1065
f 1065 1061 194
f 1068 1065 638
f 1068 638 580
f 839 1068 1069
f 1067 1065 1068
f 638 194 696
f 579 1068 580
f 1069 1068 579
f 1071 1069 579
f 1067 1068 839
f 834 837 838
f 837 989 825
f 837 725 989
f 1070 983 725
f 834 1071 975
f 727 1072 726
f 1073 1070 725
f 1072 1073 975
f 1073 725 975
f 920 188 919
f 840 919 188
f 987 1072 918
f 919 918 920
f 987 1070 1072
f 980 983 982
f 158 977 712
f 158 743 895
f 1074 985 919
f 919 985 918
f 1069 1071 834
f 904 1075 547
f 877 1075 1005
f 824 958 1048
f 965 1060 1066
f 76 1076 77
f 222 1076 75
f 1257 1254 1221
f 1127 1126 1258
f 1223 1289 1251
f 1370 1128 1127
f 1254 1299 1300
f 1225 1255 1224
f 1371 1304 1558
f 1192 1288 1287
f 1604 1268 1598
f 1134 1133 1458
f 1458 1135 1134
f 1455 1373 1457
f 1250 1253 1228
f 1253 1189 1188
f 1451 1455 1457
f 1452 1457 1565
f 1139 1455 1140
f 1255 1257 1224
f 1459 1135 1458
f 1232 1270 1225
f 1181 1240 1271
f 1355 1174 1173
f 1130 1370 1371
f 1804 1314 1805
f 1351 1421 1217
f 1476 1672 1385
f 1794 1799 1797
f 1948 1361 1251
f 1279 1278 1338
f 1475 1146 1145
f 1223 1252 1228
f 1239 1238 1178
f 1332 1100 1099
f 1200 1199 1341
f 1859 1648 1860
f 1472 1152 1471
f 1543 1534 1537
f 1221 1294 1257
f 1311 1469 1381
f 1153 1582 1154
f 1485 1590 1684
f 1230 1232 1225
f 1841 1694 1837
f 1177 1239 1178
f 1258 1126 1125
f 1154 1667 1155
f 1483 1387 1482
f 1406 1494 1272
f 1729 1667 1582
f 2070 2071 1683
f 1161 1160 1482
f 1402 1272 1334
f 1322 1355 1364
f 1254 1255 1256
f 1482 1162 1161
f 1285 1527 1529
f 1222 1255 1225
f 1165 1489 1166
f 1430 1170 1169
f 1256 1255 1222
f 1327 1328 1274
f 1541 1285 1532
f 1230 1184 1232
f 1219 1299 1256
f 1487 1167 1166
f 1259 1652 1657
f 1590 1485 1589
f 1180 1238 1240
f 1239 1269 1324
f 1174 1322 1175
f 4557 1208 1207
f 1177 1269 1239
f 1239 1240 1238
f 1261 1660 1762
f 1180 1179 1238
f 1239 1324 1240
f 1322 1269 1176
f 1096 1399 1097
f 1232 1183 1182
f 1355 1247 1364
f 1190 1253 1250
f 1230 1234 1184
f 1233 1226 1228
f 1187 1186 1226
f 1187 1233 1188
f 1233 1253 1188
f 1391 1488 1596
f 1393 1597 1490
f 1633 1698 1808
f 1550 1442 1552
f 1229 1223 1226
f 1181 1270 1182
f 1347 1515 1281
f 1341 1279 1342
f 1113 1112 1378
f 1343 1344 1346
f 1116 1115 1461
f 1504 1494 1406
f 1203 1202 1340
f 1342 1200 1341
f 1721 1573 1412
f 1394 1106 1105
f 1515 1507 1281
f 1587 1734 1384
f 1179 1178 1238
f 1242 1336 1274
f 1223 1251 1252
f 1104 1327 1105
f 1486 1579 1087
f 1275 1332 1330
f 1270 1232 1182
f 1224 1230 1225
f 1226 1233 1187
f 1186 1185 1234
f 1104 1103 1327
f 1107 1106 1394
f 1098 1097 1396
f 1205 1417 1206
f 1096 1095 1575
f 1192 1287 1193
f 1223 1291 1289
f 1252 1250 1228
f 1296 1231 1295
f 1361 1249 1360
f 1102 1101 1100
f 1572 1569 1763
f 1184 1183 1232
f 1226 1186 1229
f 1234 1185 1184
f 1181 1271 1270
f 1426 1356 1427
f 1326 1397 1499
f 1300 1221 1254
f 1093 1466 1094
f 1255 1254 1257
f 1324 1271 1240
f 1225 1323 1222
f 1186 1234 1227
f 1332 1103 1100
f 1249 1437 1439
f 1181 1180 1240
f 1288 1191 1250
f 1205 1204 1339
f 1234 1231 1227
f 1205 1339 1417
f 1229 1186 1227
f 1414 4557 1207
f 1233 1228 1253
f 1256 1222 1298
f 1249 1439 1433
f 1207 1417 1413
f 1358 1194 1193
f 1234 1230 1231
f 1286 1358 1287
f 1190 1250 1191
f 1340 1202 1342
f 1279 1341 1343
f 1305 1125 1124
f 1202 1201 1245
f 1195 1359 1196
f 1198 1514 1280
f 1908 1905 1902
f 1543 1545 1428
f 1514 1344 1280
f 1204 1203 1338
f 1353 1078 1246
f 1217 1421 1246
f 1197 1196 1415
f 1081 1080 1349
f 1081 1522 1082
f 1108 1107 1493
f 1595 1211 1210
f 1522 1349 1520
f 1231 1230 1224
f 1201 1200 1245
f 1257 1294 1295
f 1227 1297 1291
f 1944 1947 2082
f 1246 1077 1218
f 1293 1289 1291
f 1524 1422 1523
f 1351 1217 1216
f 1226 1223 1228
f 1253 1190 1189
f 1078 1077 1246
f 1631 1704 1243
f 1358 1359 1195
f 1378 1462 1113
f 1334 1329 1336
f 1431 1357 1430
f 1168 1526 1431
f 1511 1510 1433
f 1192 1191 1288
f 1287 1361 1360
f 1251 1250 1252
f 1251 1361 1288
f 1223 1229 1291
f 1362 1289 1220
f 1295 1224 1257
f 1296 1295 1292
f 1227 1291 1229
f 1291 1290 1293
f 1551 1367 1366
f 1367 1550 1292
f 1289 1293 1220
f 1300 1368 1221
f 1295 1294 1292
f 1292 1552 1296
f 1224 1295 1231
f 1297 1290 1291
f 1296 1297 1231
f 1231 1297 1227
f 1290 1297 1296
f 1368 1367 1221
f 1256 1299 1254
f 1549 1547 1628
f 1292 1294 1367
f 1365 1303 1300
f 1299 1219 1365
f 1367 1368 1369
f 1365 1300 1299
f 1368 1300 1303
f 1559 1307 1374
f 1129 1128 1370
f 1370 1127 1258
f 1258 1235 1370
f 1258 1305 1235
f 1235 1645 1646
f 1376 1121 1120
f 1141 1140 1451
f 1558 1132 1131
f 1460 1376 1120
f 1110 1464 1111
f 1991 1262 1993
f 1499 1662 1817
f 1473 1150 1149
f 1382 1471 1580
f 1143 1478 1144
f 1142 1141 1454
f 1159 1589 1483
f 1595 1594 1830
f 1431 1527 1357
f 1491 1164 1163
f 1176 1269 1177
f 1270 1323 1225
f 1323 1270 1363
f 1364 1269 1322
f 1329 1105 1327
f 1493 1107 1395
f 1411 1241 1408
f 1274 1329 1327
f 1328 1332 1275
f 1400 1099 1098
f 1275 1333 1242
f 1400 1330 1099
f 1328 1275 1274
f 1332 1328 1103
f 1275 1330 1331
f 1333 1331 1398
f 1275 1242 1274
f 1331 1333 1275
f 1496 1242 1333
f 1409 1410 1406
f 1402 1334 1403
f 1336 1335 1334
f 1336 1329 1274
f 1335 1336 1242
f 1418 1345 1513
f 1415 1337 1513
f 1338 1203 1340
f 1339 1338 1278
f 1346 1347 1278
f 1348 1417 1281
f 1342 1202 1245
f 1338 1340 1279
f 1199 1280 1341
f 1341 1280 1343
f 1340 1342 1279
f 1200 1342 1245
f 1198 1280 1199
f 1344 1343 1280
f 1278 1279 1343
f 1346 1344 1244
f 1508 1509 1337
f 1514 1345 1344
f 1346 1244 1347
f 1343 1346 1278
f 1079 1078 1424
f 1521 1350 1520
f 1523 1216 1215
f 1283 1421 1351
f 1283 1423 1352
f 1217 1246 1218
f 1352 1353 1246
f 1352 1424 1353
f 1079 1424 1080
f 1691 1739 1738
f 1322 1174 1355
f 1426 1173 1172
f 1430 1432 1170
f 1546 1285 1541
f 1287 1358 1193
f 1359 1358 1286
f 1359 1286 1434
f 1277 1509 1508
f 1286 1287 1360
f 1287 1288 1361
f 1250 1251 1288
f 1436 1948 1362
f 1289 1362 1251
f 1444 1220 1443
f 1256 1298 1545
f 1363 1222 1323
f 1364 1363 1324
f 1298 1222 1363
f 1363 1270 1324
f 1269 1364 1324
f 1219 1545 1544
f 1444 1446 1439
f 1221 1367 1294
f 1551 1550 1367
f 1368 1303 1302
f 1549 1302 1548
f 1367 1369 1366
f 1370 1130 1129
f 1304 1371 1235
f 1125 1305 1258
f 1460 1567 1376
f 1314 1585 1588
f 1451 1454 1141
f 1652 1654 1651
f 1460 1119 1118
f 1462 1461 1115
f 1395 1494 1493
f 1789 1273 1766
f 1093 1092 1468
f 1622 1090 1579
f 1580 1471 1152
f 1473 1675 1587
f 1672 1671 1678
f 1147 1146 1475
f 1479 1142 1454
f 1481 1480 1386
f 1482 1159 1483
f 1687 1606 1393
f 1483 1589 1683
f 1594 1210 1209
f 1961 1963 1964
f 1966 1921 1319
f 1357 1527 1285
f 1597 1321 1600
f 1488 1391 1487
f 1492 1162 1484
f 1322 1176 1175
f 1271 1324 1270
f 1394 1105 1329
f 1407 1394 1325
f 1107 1394 1395
f 1398 1396 1326
f 1397 1326 1396
f 1398 1326 1496
f 1400 1396 1331
f 1397 1396 1097
f 1396 1398 1331
f 1766 1499 1817
f 1500 1499 1397
f 1103 1102 1100
f 1327 1103 1328
f 1396 1400 1098
f 1330 1400 1331
f 1330 1332 1099
f 1325 1334 1272
f 1242 1403 1335
f 1272 1395 1325
f 1402 1403 1401
f 1465 1379 1464
f 1334 1335 1403
f 1333 1398 1496
f 1822 1411 1498
f 1242 1404 1403
f 1402 1409 1406
f 1494 1395 1272
f 1272 1402 1406
f 1394 1407 1395
f 1325 1395 1407
f 1401 1409 1402
f 2034 1883 2032
f 1408 1410 1409
f 1410 1408 2034
f 1408 1401 1411
f 1401 1408 1409
f 1403 1498 1401
f 1721 1720 1501
f 1405 1412 1505
f 1405 1406 1410
f 1417 1207 1206
f 1611 1207 1413
f 1610 1413 1608
f 1415 1513 1197
f 1337 1415 1416
f 1197 1513 1514
f 1338 1339 1204
f 1417 1339 1281
f 1616 1450 1448
f 1345 1418 1517
f 1515 1347 1516
f 1516 1517 1519
f 1278 1281 1339
f 1281 1278 1347
f 1417 1348 1608
f 1520 1349 1282
f 1349 1522 1081
f 1618 1692 1420
f 1351 1216 1523
f 1421 1352 1246
f 1524 1215 1214
f 1351 1422 1283
f 1424 1078 1353
f 1424 1282 1349
f 1080 1424 1349
f 1354 1525 1425
f 1426 1355 1173
f 1171 1426 1172
f 1355 1427 1247
f 1284 1429 1427
f 1426 1427 1355
f 1540 1284 1356
f 1545 1543 1544
f 1427 1429 1247
f 1545 1298 1429
f 1540 1535 1284
f 1429 1284 1428
f 1426 1171 1356
f 1430 1169 1168
f 1526 1168 1167
f 1529 1530 1605
f 1357 1285 1546
f 1171 1432 1356
f 1358 1195 1194
f 1196 1359 1416
f 1434 1360 1249
f 1434 1249 1433
f 1436 1362 1220
f 1434 1433 1512
f 1360 1434 1286
f 1443 1293 1290
f 1511 1438 1450
f 1437 1436 1435
f 1436 1437 1948
f 1437 1249 1948
f 1446 1450 1438
f 1439 1437 1435
f 1433 1439 1438
f 1363 1364 1247
f 1298 1363 1247
f 1303 1548 1302
f 1543 1428 1535
f 1219 1626 1365
f 1441 1440 1548
f 1557 1366 1369
f 1293 1443 1220
f 1436 1444 1435
f 1220 1444 1436
f 1553 1443 1442
f 1551 1366 1555
f 1439 1446 1438
f 1553 1444 1443
f 1444 1445 1446
f 1444 1439 1435
f 1449 1445 1696
f 1635 1641 1554
f 1243 1556 1631
f 1448 1556 1616
f 1630 1442 1551
f 1446 1445 1448
f 1450 1446 1448
f 1445 1449 1448
f 1448 1631 1556
f 1510 1511 1277
f 1368 1302 1369
f 1449 1629 1447
f 1558 1131 1371
f 1559 1374 1560
f 1132 1558 1133
f 1131 1130 1371
f 1123 1305 1124
f 1453 1454 1451
f 1453 1452 1372
f 1476 1481 1386
f 1372 1452 1565
f 1451 1452 1453
f 1650 1958 1647
f 1456 1138 1137
f 1565 1457 1373
f 1457 1452 1451
f 1139 1138 1455
f 1456 1455 1138
f 1558 1458 1133
f 1459 1136 1135
f 1460 1120 1119
f 1118 1117 1460
f 1121 1376 1122
f 1115 1114 1462
f 1461 1568 1377
f 1111 1378 1112
f 1463 1111 1464
f 1570 1378 1463
f 1113 1462 1114
f 1464 1110 1109
f 1463 1464 1379
f 1495 1109 1108
f 1503 1495 1494
f 1399 1500 1397
f 1575 1466 1663
f 1468 1091 1469
f 1091 1090 1381
f 1466 1576 1380
f 1091 1468 1092
f 1468 1469 1470
f 1468 1470 1576
f 1380 1470 1577
f 1381 1090 1622
f 1579 1089 1088
f 1381 1469 1091
f 1579 1090 1089
f 1580 1152 1151
f 1581 1471 1382
f 1667 1154 1582
f 1669 1670 1474
f 1586 1145 1144
f 1475 1586 1385
f 1586 1478 1476
f 1734 1775 1676
f 1473 1587 1384
f 1586 1475 1145
f 1672 1476 1585
f 1475 1385 1477
f 1475 1477 1675
f 1678 1671 1679
f 1479 1478 1143
f 1478 1481 1476
f 1142 1479 1143
f 1479 1453 1480
f 1585 1476 1386
f 1453 1479 1454
f 1372 1647 1958
f 1478 1479 1481
f 1480 1481 1479
f 1589 1159 1158
f 1387 1483 1683
f 1491 1492 1687
f 1159 1482 1160
f 1735 1482 1387
f 1685 1157 1156
f 4557 1414 1209
f 1209 1593 1318
f 1594 1209 1318
f 1211 1595 1390
f 1524 1619 1740
f 1526 1487 1391
f 1488 1166 1489
f 1686 1596 1320
f 1489 1165 1491
f 1489 1392 1596
f 1491 1165 1164
f 1392 1489 1490
f 1492 1491 1163
f 1491 1393 1490
f 1162 1492 1163
f 1687 1492 1688
f 1489 1491 1490
f 1334 1325 1329
f 1394 1329 1325
f 1495 1465 1464
f 1493 1494 1495
f 1108 1493 1495
f 1273 1497 1326
f 1397 1097 1399
f 1326 1497 1496
f 1242 1496 1404
f 1404 1496 1497
f 1822 1789 1818
f 1404 1498 1403
f 1500 1399 1575
f 1495 1379 1465
f 1506 1504 1502
f 1379 1495 1503
f 1502 1504 1505
f 1503 1494 1506
f 1608 1507 1276
f 1415 1196 1416
f 1337 1416 1508
f 1512 1508 1359
f 1615 1509 1277
f 1337 1509 1418
f 1277 1508 1510
f 1438 1511 1433
f 1277 1511 1450
f 1434 1512 1359
f 1433 1510 1512
f 1359 1508 1416
f 1510 1508 1512
f 1418 1513 1337
f 1514 1513 1345
f 1197 1514 1198
f 1348 1281 1507
f 1507 1613 1276
f 1516 1347 1244
f 1515 1419 1612
f 1517 1516 1244
f 1419 1515 1516
f 1345 1517 1244
f 1344 1345 1244
f 1509 1615 1418
f 1612 1617 1243
f 1518 1419 1519
f 1419 1516 1519
f 1615 1517 1418
f 1519 1517 1518
f 1521 1282 1949
f 1350 1618 1520
f 1521 1520 1282
f 1618 1522 1520
f 1522 1618 1420
f 1424 1423 1282
f 1522 1083 1082
f 1523 1215 1524
f 1351 1523 1422
f 1214 1213 1619
f 1946 2080 1945
f 1084 1086 1085
f 1525 1086 1425
f 1525 1087 1086
f 1427 1356 1284
f 1430 1168 1431
f 1487 1526 1167
f 1320 1605 1686
f 1624 1431 1526
f 1529 1527 1530
f 1532 1529 1531
f 1530 1527 1624
f 1531 1529 1528
f 1320 1528 1605
f 1532 1285 1529
f 1624 1527 1431
f 1528 1745 1531
f 1533 1531 1248
f 1532 1531 1533
f 1536 1533 1248
f 1536 1534 1542
f 1284 1535 1428
f 1538 1536 1248
f 1542 1535 1540
f 1440 1441 1625
f 1537 1625 1365
f 1432 1546 1540
f 1540 1539 1542
f 1533 1541 1532
f 1546 1541 1539
f 1542 1539 1536
f 1535 1542 1534
f 1534 1543 1535
f 1544 1543 1537
f 1256 1545 1219
f 1428 1545 1429
f 1429 1298 1247
f 1536 1538 1534
f 1538 1440 1625
f 1539 1541 1536
f 1533 1536 1541
f 1540 1546 1539
f 1546 1432 1357
f 1432 1540 1356
f 1430 1357 1432
f 1171 1170 1432
f 1441 1548 1303
f 1549 1548 1547
f 1549 1301 1369
f 1443 1290 1442
f 1290 1296 1552
f 1550 1552 1292
f 1290 1552 1442
f 1630 1553 1442
f 1444 1553 1445
f 1554 1555 1643
f 1630 1555 1554
f 1550 1551 1442
f 1617 1556 1243
f 1518 1517 1615
f 1366 1557 1643
f 1549 1369 1302
f 1557 1369 1301
f 1374 1558 1304
f 1458 1558 1374
f 1260 1561 1559
f 1560 1304 1235
f 1304 1560 1374
f 1307 1559 1561
f 1260 1563 1561
f 1563 1562 1561
f 1562 1564 1561
f 1658 1655 1562
f 1562 1375 1564
f 1564 1307 1561
f 1560 1235 1644
f 1305 1123 1645
f 1651 1654 1373
f 1565 1306 1647
f 1451 1140 1455
f 1459 1456 1137
f 1456 1459 1566
f 1137 1136 1459
f 1566 1651 1456
f 1564 1459 1458
f 1716 1567 1460
f 1377 1659 1716
f 1460 1116 1461
f 1572 1570 1308
f 1308 1379 1607
f 1570 1462 1378
f 1308 1570 1463
f 1261 1571 1574
f 1571 1569 1308
f 1572 1308 1569
f 1261 1569 1571
f 1717 1462 1570
f 1568 1461 1462
f 1573 1574 1412
f 1573 1501 1574
f 1574 1501 1764
f 1764 2061 1661
f 1378 1111 1463
f 1495 1464 1109
f 1500 1575 1467
f 1575 1095 1094
f 1096 1575 1399
f 1466 1575 1094
f 1576 1466 1093
f 1988 1311 1852
f 1988 1578 1469
f 1577 1470 1578
f 1576 1470 1380
f 1469 1578 1470
f 1663 1310 1722
f 1088 1087 1579
f 1389 1623 1486
f 1150 1473 1580
f 1472 1582 1153
f 1584 1472 1581
f 1472 1584 1582
f 1153 1152 1472
f 1581 1472 1471
f 1664 1583 1382
f 1727 1665 1666
f 1383 1581 1583
f 1388 1682 2066
f 1584 1581 1383
f 1675 1149 1148
f 1668 1473 1384
f 1681 1588 1585
f 1585 1314 1671
f 1586 1144 1478
f 1385 1586 1476
f 1473 1149 1675
f 1480 1453 1958
f 1590 1589 1158
f 1589 1485 1591
f 1158 1157 1590
f 1684 1590 1157
f 1683 1589 1591
f 1730 1155 1667
f 1485 1682 1388
f 1414 1593 1209
f 1414 1611 1593
f 1210 1594 1595
f 1961 1212 1211
f 1212 1961 1693
f 1487 1166 1488
f 1392 1490 1597
f 1393 1606 1321
f 1392 1597 1599
f 1601 1596 1599
f 1600 1599 1597
f 1596 1601 1320
f 1600 1598 1602
f 1599 1602 1601
f 1603 1602 1598
f 1600 1602 1599
f 1601 1528 1320
f 1602 1603 1601
f 1528 1601 1603
f 1603 1598 1268
f 1743 1745 1603
f 1751 1752 1811
f 1604 1598 1600
f 1268 1604 1749
f 1605 1528 1529
f 1530 1391 1686
f 1956 1604 1600
f 1482 1484 1162
f 1411 1401 1498
f 1412 1574 1607
f 1571 1308 1607
f 1308 1463 1379
f 1571 1607 1574
f 1379 1503 1502
f 1405 1504 1406
f 1412 1405 1721
f 1504 1405 1505
f 1504 1506 1494
f 1417 1608 1413
f 1507 1608 1348
f 1276 1610 1608
f 1702 1703 1701
f 1609 1611 1610
f 1276 1703 1702
f 1610 1276 1702
f 1515 1614 1613
f 1507 1515 1613
f 1515 1612 1614
f 1703 1614 1706
f 1613 1614 1703
f 1616 1277 1450
f 1556 1518 1615
f 1556 1615 1616
f 1277 1616 1615
f 1419 1518 1617
f 1556 1617 1518
f 1350 1692 1618
f 1084 1083 1522
f 1420 1692 1425
f 1425 1086 1084
f 1524 1214 1619
f 1692 1738 1354
f 1525 1354 1621
f 1738 1620 1621
f 1621 1354 1738
f 1317 1621 1620
f 1622 1623 1694
f 1623 1622 1579
f 1486 1623 1579
f 1389 1317 1623
f 1391 1624 1526
f 1624 1391 1530
f 1626 1537 1365
f 1219 1544 1626
f 1365 1625 1441
f 1544 1537 1626
f 1440 1538 1547
f 1627 1538 1695
f 1440 1547 1548
f 1547 1627 1628
f 1634 1638 1640
f 1696 1445 1630
f 1643 1632 1554
f 1696 1630 1554
f 1630 1445 1553
f 1630 1551 1555
f 1448 1447 1631
f 1632 1635 1554
f 1781 1754 1627
f 1634 1635 1638
f 1632 1636 1635
f 1641 1635 1642
f 1639 1698 1753
f 1642 1637 1641
f 1635 1636 1638
f 1638 1636 1753
f 1636 1301 1628
f 1642 1635 1634
f 1629 1641 1637
f 1696 1641 1629
f 1705 1699 1637
f 1366 1643 1555
f 1632 1643 1557
f 1632 1557 1301
f 1554 1641 1696
f 1564 1374 1307
f 1645 1235 1305
f 1235 1371 1370
f 1719 1712 1646
f 1646 1712 1644
f 1235 1646 1644
f 1650 1647 1306
f 1565 1647 1372
f 1652 1959 1653
f 1982 1981 1826
f 2063 1650 1306
f 1987 1650 1649
f 1564 1566 1459
f 1375 1566 1564
f 1456 1373 1455
f 1651 1373 1456
f 1566 1375 1651
f 1657 1652 1656
f 1651 1375 1656
f 1565 1654 1653
f 1565 1373 1654
f 1655 1657 1656
f 1656 1375 1562
f 1656 1562 1655
f 1658 1562 1563
f 1563 1260 1658
f 1374 1564 1458
f 1116 1460 1117
f 1460 1461 1377
f 1719 1567 1716
f 1261 1762 1569
f 1763 1569 1762
f 1661 1261 1574
f 1660 1261 1661
f 1722 1723 1662
f 1467 1499 1500
f 1662 1723 1817
f 1467 1662 1499
f 1663 1466 1380
f 1468 1576 1093
f 1663 1467 1575
f 1670 1382 1474
f 1664 1670 1770
f 1770 1312 1664
f 1583 1581 1382
f 1583 1664 1312
f 1666 1583 1312
f 1666 1383 1583
f 1730 1592 1685
f 1668 1384 1669
f 1382 1670 1664
f 1473 1668 1474
f 1669 1474 1668
f 1670 1731 1769
f 1774 1673 1674
f 1678 1679 1677
f 1585 1671 1672
f 1673 1774 1806
f 1731 1676 1824
f 1804 1774 1674
f 1676 1680 1825
f 1679 1314 1674
f 1148 1147 1675
f 1775 1477 1677
f 1680 1679 1825
f 1385 1678 1477
f 1678 1385 1672
f 1671 1314 1679
f 1477 1678 1677
f 1775 1680 1676
f 1823 1825 1674
f 1677 1679 1680
f 1673 1823 1674
f 1681 1585 1386
f 1386 1480 1681
f 1957 1681 1480
f 1485 1684 1682
f 1667 1729 1730
f 1682 1768 1767
f 1685 1684 1157
f 1684 1592 1682
f 1730 1685 1156
f 1684 1685 1592
f 1391 1596 1686
f 1489 1596 1488
f 1599 1596 1392
f 1491 1687 1393
f 1688 1492 1484
f 1315 1688 1735
f 1978 1736 1776
f 1688 1776 1606
f 2085 1736 2086
f 1393 1321 1597
f 1412 1607 1505
f 1503 1506 1502
f 1502 1505 1607
f 1379 1502 1607
f 1207 1611 1414
f 1610 1611 1413
f 1701 1707 1702
f 1593 1611 1609
f 1609 1702 1707
f 1617 1612 1419
f 1522 1420 1084
f 1084 1420 1425
f 1693 1619 1213
f 1693 1213 1212
f 1740 1693 2081
f 1317 1389 1621
f 1621 1389 1525
f 1841 1311 1381
f 1530 1686 1605
f 1303 1365 1441
f 1695 1538 1248
f 1547 1538 1627
f 1447 1448 1449
f 1449 1696 1629
f 1301 1636 1632
f 1628 1301 1549
f 1697 1782 1784
f 1737 1807 1690
f 1637 1704 1447
f 1612 1243 1700
f 1756 1969 1699
f 1276 1613 1703
f 1706 1614 1700
f 1702 1609 1610
f 1704 1699 1700
f 1634 1705 1642
f 1700 1614 1612
f 1706 1700 1699
f 1701 1703 1706
f 1634 1633 1705
f 1631 1447 1704
f 1699 1704 1637
f 1637 1642 1705
f 1690 1609 1707
f 1690 1707 1689
f 1629 1637 1447
f 1640 1698 1633
f 1560 1644 1708
f 1757 1260 1708
f 1658 1710 1655
f 1658 1260 1757
f 1658 1711 1710
f 1711 1815 1710
f 1714 1712 1719
f 1376 1567 1719
f 1713 1714 1716
f 1757 1712 1714
f 1708 1644 1712
f 1565 1653 1306
f 1653 1654 1652
f 1656 1652 1651
f 1715 1657 1655
f 1259 1715 1759
f 1377 1716 1460
f 1659 1377 1717
f 1659 1718 1716
f 1709 1713 1761
f 1716 1718 1713
f 1718 1659 1760
f 1661 1574 1764
f 2035 1405 1410
f 2047 2056 2048
f 1501 1573 1721
f 1991 1993 1955
f 1467 1663 1662
f 2009 1873 1309
f 1310 1663 1380
f 1150 1580 1151
f 1382 1580 1474
f 1580 1473 1474
f 1726 1725 1666
f 1383 1666 1725
f 1802 1665 1772
f 1666 1665 1726
f 1772 1665 1727
f 1727 1666 1312
f 1312 1732 1727
f 1728 1725 1726
f 1316 1767 1725
f 1768 1592 1730
f 1155 1730 1156
f 1384 1734 1676
f 1731 1313 1769
f 1263 1801 1773
f 1475 1675 1147
f 1587 1675 1477
f 1587 1477 1775
f 1825 1824 1676
f 1384 1676 1731
f 1768 1682 1592
f 1687 1688 1606
f 1735 1688 1484
f 1482 1735 1484
f 1315 1735 1387
f 1683 1315 1387
f 1736 1606 1776
f 1321 1606 2085
f 1691 1692 1350
f 1521 1949 1691
f 1691 1350 1521
f 1620 1738 1739
f 1739 1691 1885
f 1425 1692 1354
f 1693 1740 1619
f 1740 2081 1946
f 1087 1525 1486
f 1389 1486 1525
f 1694 1623 1317
f 1627 1782 1628
f 1742 1745 1744
f 1268 1743 1603
f 1745 1743 1744
f 1747 1741 1748
f 1747 1531 1745
f 1748 1531 1747
f 1268 1744 1743
f 1746 1268 1749
f 1744 1746 1752
f 1528 1603 1745
f 1745 1742 1747
f 1748 1741 1248
f 1781 1248 1741
f 1748 1248 1531
f 1749 1604 1750
f 1268 1746 1744
f 1746 1749 1811
f 1638 1753 1640
f 1753 1697 1784
f 1697 1753 1636
f 1786 1639 1753
f 1753 1698 1640
f 1690 1689 1737
f 1704 1700 1243
f 1633 1689 1756
f 1701 1969 1707
f 1640 1633 1634
f 1559 1708 1260
f 1560 1708 1559
f 1714 1713 1757
f 1713 1709 1757
f 1713 1718 1761
f 1712 1757 1708
f 1259 1657 1715
f 1710 1715 1655
f 1715 1710 1814
f 1759 1715 1814
f 1568 1462 1717
f 1377 1568 1717
f 1570 1572 1717
f 1760 1763 1761
f 1659 1717 1760
f 1714 1719 1716
f 1761 1718 1760
f 1844 1758 1709
f 1760 1717 1763
f 1762 1761 1763
f 1761 1762 1709
f 1645 1719 1646
f 1123 1376 1645
f 1123 1122 1376
f 1645 1376 1719
f 1662 1663 1722
f 1789 1819 1818
f 1766 1326 1499
f 1766 1765 1789
f 1725 1584 1383
f 1316 2066 1767
f 1729 1584 1767
f 1725 1767 1584
f 1584 1729 1582
f 1767 1768 1729
f 1730 1729 1768
f 1682 1767 2066
f 1384 1731 1669
f 1732 1770 1771
f 1770 1670 1769
f 1312 1770 1732
f 1313 1771 1769
f 1792 1771 1313
f 1793 1732 1771
f 1801 1772 1773
f 1772 1732 1793
f 1727 1732 1772
f 1674 1314 1804
f 1806 1774 1733
f 1775 1677 1680
f 1587 1775 1734
f 1978 1776 1688
f 1606 1736 2085
f 1738 1692 1691
f 1778 1885 1809
f 1620 1739 1810
f 1833 1778 1809
f 1778 1810 1739
f 1870 1880 1779
f 1754 1781 1783
f 1781 1627 1695
f 1782 1627 1754
f 1695 1248 1781
f 1781 1741 1783
f 1628 1782 1697
f 1813 1782 1754
f 1755 1808 1786
f 1628 1697 1636
f 1747 1783 1741
f 1785 1783 1742
f 1784 1786 1753
f 1780 1785 1742
f 1742 1783 1747
f 1784 1813 1842
f 1842 1786 1784
f 1705 1633 1756
f 1658 1709 1711
f 1709 1658 1757
f 1758 1711 1709
f 1759 1787 1788
f 1858 1733 1648
f 1273 1326 1766
f 1731 1670 1669
f 1770 1769 1771
f 1771 1791 1793
f 1792 1313 1823
f 1791 1771 1792
f 1790 1794 1792
f 1794 1791 1792
f 1773 1791 1263
f 1794 1790 1796
f 1793 1791 1772
f 1773 1772 1791
f 1794 1796 1795
f 1791 1794 1263
f 1794 1797 1263
f 1794 1795 1799
f 1236 2011 2095
f 1866 1867 1795
f 1799 1798 1797
f 1726 1802 1970
f 1772 1801 1802
f 1802 1801 1803
f 1973 1971 1803
f 1802 1803 1971
f 1801 2051 1803
f 1314 1588 1805
f 1689 1777 1737
f 1689 1633 1808
f 1267 1807 1737
f 1828 1777 1827
f 1689 1808 1777
f 1639 1786 1808
f 1698 1639 1808
f 1620 1810 1317
f 1811 1752 1746
f 1779 1853 1870
f 1744 1752 1780
f 1744 1780 1742
f 1754 1783 1813
f 1813 1785 1780
f 1752 1751 1780
f 1843 1780 1751
f 1787 1759 1814
f 1815 1814 1710
f 1815 1758 2062
f 1815 2062 1872
f 1814 1815 1881
f 1766 1817 1765
f 1820 1724 1819
f 1821 1241 1411
f 1819 1789 1765
f 1863 1818 1864
f 1819 1765 1820
f 1765 1817 1820
f 1822 1818 1821
f 1789 1822 1273
f 1404 1822 1498
f 1790 1823 1673
f 1823 1313 1824
f 1731 1824 1313
f 1674 1825 1679
f 1825 1823 1824
f 1790 1673 1806
f 1796 1790 1264
f 1823 1790 1792
f 1982 1826 1983
f 1733 1981 1648
f 1804 1805 1774
f 1733 1774 1805
f 1969 1689 1707
f 1737 1777 1828
f 1737 1828 1267
f 1830 1267 1829
f 1827 1854 1871
f 1828 1827 1968
f 1595 1830 1962
f 1318 1830 1594
f 1807 1267 1318
f 1755 1777 1808
f 1921 1919 1890
f 1885 1778 1739
f 1847 1832 1850
f 1841 1852 1311
f 1810 1694 1317
f 1834 1809 1266
f 1810 1778 1835
f 1834 1833 1809
f 1833 1836 1778
f 1839 1835 1836
f 1836 1835 1778
f 1694 1835 1837
f 1622 1841 1381
f 1839 1851 1837
f 1847 1836 1833
f 1839 1837 1835
f 1841 1622 1694
f 1871 1855 1779
f 1812 1877 1750
f 1749 1750 1811
f 1842 1813 1780
f 1782 1813 1784
f 1785 1813 1783
f 1843 1854 1842
f 1786 1842 1755
f 1844 1709 1762
f 1758 1844 2062
f 1821 1411 1822
f 1822 1497 1273
f 1404 1497 1822
f 1733 1985 1806
f 1845 1866 1795
f 1790 1806 1264
f 1796 1845 1795
f 1805 1588 1983
f 1805 1826 1981
f 1267 1830 1318
f 1593 1690 1807
f 1807 1318 1593
f 1809 1846 1266
f 1937 1941 1237
f 1937 1237 1930
f 2038 2036 2037
f 1835 1694 1810
f 1838 1839 1847
f 1839 1836 1847
f 1838 1847 1850
f 2012 1848 1868
f 1869 1849 1874
f 1840 1841 1837
f 1841 1840 1852
f 1852 1869 1990
f 1955 1577 1989
f 1854 1827 1755
f 1755 1842 1854
f 1842 1780 1843
f 1758 1815 1711
f 1881 1815 1872
f 1857 1788 1859
f 1649 1650 2063
f 1858 1859 1788
f 1987 1860 1648
f 2063 1860 1649
f 2089 1861 1816
f 1861 1984 1979
f 1862 1817 1723
f 1817 1862 1820
f 1864 1818 1819
f 1864 1891 1863
f 1724 1864 1819
f 1863 1891 1241
f 1796 1264 1845
f 2006 2007 2011
f 2092 1986 1980
f 1867 1799 1795
f 1799 1867 2045
f 2102 1834 1887
f 2023 2013 1832
f 1888 1874 1868
f 1840 1837 1851
f 1840 1851 1852
f 1851 1839 1838
f 1869 1851 1838
f 1751 1811 1853
f 1877 1853 1811
f 1812 1879 1877
f 1855 1751 1853
f 1751 1855 1843
f 1854 1843 1855
f 1816 1788 1787
f 1788 1816 1861
f 1723 2002 1862
f 1309 1873 1862
f 1873 1820 1862
f 1882 1724 1820
f 2048 2049 2047
f 1821 1818 1863
f 1950 1885 1691
f 1874 1849 1868
f 1838 1849 1869
f 1850 1849 1838
f 1868 1848 2007
f 1869 1874 1875
f 1876 1899 1896
f 1968 1779 1876
f 1811 1750 1877
f 1870 1853 1877
f 1908 1902 1907
f 1812 1889 1879
f 1878 1877 1879
f 1879 1897 1878
f 1919 1923 1896
f 1878 1880 1870
f 1878 1870 1877
f 1871 1854 1855
f 1827 1777 1755
f 1787 1814 2000
f 2059 2060 2055
f 2032 2029 2031
f 1814 1881 2000
f 1882 1820 1873
f 1846 1809 1884
f 1885 1884 1809
f 1884 1886 1846
f 1953 1893 1954
f 1955 1997 1310
f 1875 1874 1992
f 1875 1262 1990
f 1855 1853 1779
f 1904 1914 1901
f 1883 1891 1864
f 1891 1883 2034
f 1892 1266 1846
f 1834 1266 1887
f 1886 1831 1954
f 1266 1892 1887
f 1893 1953 1943
f 1887 2101 2102
f 1954 1892 1846
f 1897 1889 1895
f 1889 1897 1879
f 1779 1899 1876
f 1919 1896 1914
f 1915 1905 1912
f 1812 1750 1956
f 1899 1779 1880
f 1901 1899 1880
f 1901 1914 1899
f 1901 1880 1902
f 1901 1900 1904
f 1907 1895 1265
f 1905 1915 1902
f 1895 1898 1903
f 1889 1812 2088
f 1898 1895 1889
f 1895 1903 1265
f 1928 1926 1927
f 1904 1890 1914
f 1907 1902 1878
f 1905 1908 1910
f 1907 1897 1895
f 1902 1880 1878
f 1915 1912 1900
f 1897 1907 1878
f 1907 1906 1908
f 2110 1911 2074
f 1316 1725 1728
f 1910 1912 1905
f 1906 1907 1265
f 1910 1924 1912
f 1909 1910 1911
f 2074 1911 2075
f 1924 1917 1930
f 1910 1908 1911
f 1915 1900 1901
f 1929 1931 1932
f 1935 1920 1913
f 1899 1914 1896
f 1902 1915 1901
f 1910 1909 1917
f 1913 1928 1929
f 1904 1900 1926
f 1919 1914 1890
f 1922 1921 1890
f 1922 1918 1921
f 1876 1896 1967
f 1921 1918 1936
f 1935 1913 1932
f 1921 1936 2079
f 1922 1890 1904
f 1919 1966 1923
f 1924 1910 1917
f 2069 2068 1970
f 1912 1927 1900
f 1900 1927 1926
f 1904 1926 1922
f 1918 1922 1926
f 1924 1927 1912
f 1927 1924 1916
f 1927 1916 1929
f 1926 1928 1918
f 1929 1928 1927
f 1916 1931 1929
f 1913 1918 1928
f 1937 1930 1925
f 1933 1931 1237
f 1237 1916 1930
f 1929 1932 1913
f 1237 1931 1916
f 1931 1934 1932
f 1931 1933 1942
f 1932 1934 1935
f 1935 2076 2077
f 1913 1920 1936
f 1935 1934 2076
f 1924 1930 1916
f 1974 1917 1909
f 1925 1930 1917
f 1940 1976 1938
f 2038 2037 2027
f 1941 1933 1237
f 1925 1974 1972
f 1937 1940 1941
f 1941 1938 2037
f 1934 1931 1942
f 2039 1893 1942
f 1893 1943 1942
f 2079 1936 1920
f 1913 1936 1918
f 1352 1421 1283
f 1282 1423 1944
f 1424 1352 1423
f 1944 2082 1949
f 1423 1283 1944
f 1283 1422 1947
f 1946 1422 1524
f 1946 1524 1740
f 1945 1422 1946
f 1283 1947 1944
f 1361 1948 1249
f 1362 1948 1251
f 2084 1951 1949
f 1885 1950 1884
f 1884 1950 1886
f 1691 1949 1950
f 2084 1949 2082
f 1949 1282 1944
f 1951 2084 1831
f 2084 1943 1831
f 1950 1831 1886
f 1952 1934 1942
f 2076 1934 1952
f 1943 1953 1831
f 1894 1954 1893
f 1954 1831 1953
f 1951 1831 1950
f 1952 1943 2084
f 1942 1943 1952
f 1892 1954 1894
f 1954 1846 1886
f 1534 1625 1537
f 1538 1625 1534
f 1955 1989 1991
f 1380 1955 1310
f 1577 1955 1380
f 1988 1469 1311
f 1956 2088 1812
f 1604 1956 1750
f 1981 1982 1987
f 1480 1958 1957
f 1372 1958 1453
f 1957 1958 1650
f 1681 1957 1588
f 1259 1759 1857
f 1652 1259 1959
f 1857 1959 1259
f 1788 1857 1759
f 1388 1591 1485
f 1683 1591 1960
f 1690 1593 1609
f 1961 1390 1963
f 1390 1961 1211
f 1595 1962 1390
f 2081 1693 1964
f 1962 1963 1390
f 1946 2081 2080
f 1830 1829 1965
f 1967 1923 1965
f 1961 1964 1693
f 1962 1830 1965
f 1319 1963 1966
f 1966 1963 1962
f 1962 1923 1966
f 1967 1829 1876
f 1923 1962 1965
f 1966 1919 1921
f 1965 1829 1967
f 1829 1267 1968
f 1267 1828 1968
f 1896 1923 1967
f 1827 1871 1968
f 1968 1871 1779
f 1829 1968 1876
f 1969 1706 1699
f 1701 1706 1969
f 1756 1699 1705
f 1689 1969 1756
f 1802 1726 1665
f 1728 1726 1970
f 2065 2067 2106
f 1970 2068 1728
f 1800 1972 1973
f 1802 1971 1970
f 1975 1940 1925
f 1937 1925 1940
f 1803 1800 1973
f 1909 2110 2108
f 1917 1974 1925
f 2069 1973 1972
f 1975 1925 1972
f 1940 1938 1941
f 2069 1972 1974
f 1976 1975 1977
f 1975 1972 1800
f 1940 1975 1976
f 1977 1800 2051
f 1975 1800 1977
f 2030 2041 2054
f 2030 1938 2041
f 1938 2027 2037
f 1976 1977 2041
f 2051 1800 1803
f 1315 1978 1688
f 2071 1978 1315
f 1898 2086 2087
f 1315 1683 2071
f 1717 1572 1763
f 1844 1762 1660
f 1501 2056 1764
f 1984 1858 1979
f 1858 1648 1859
f 1788 1979 1858
f 1861 1979 1788
f 1805 1981 1733
f 1983 1826 1805
f 1650 1982 1957
f 1982 1650 1987
f 1957 1983 1588
f 1957 1982 1983
f 1986 1984 1980
f 1733 1858 1984
f 1980 1984 1861
f 1733 1984 1985
f 1806 1985 1264
f 1985 1984 1986
f 1861 2089 1980
f 1860 1987 1649
f 1981 1987 1648
f 1988 1852 1989
f 1988 1989 1577
f 1989 1990 1991
f 1988 1577 1578
f 1990 1989 1852
f 1874 2005 1992
f 1869 1852 1851
f 1990 1262 1991
f 1869 1875 1990
f 1874 1888 2005
f 1262 1875 1992
f 1262 1992 2001
f 1955 1993 1997
f 1862 1996 1309
f 2001 2004 1994
f 1997 1722 1310
f 1994 1997 2001
f 1994 1996 1995
f 1992 2005 2004
f 1993 2001 1997
f 1722 1997 2002
f 1995 1996 1862
f 1722 2002 1723
f 1995 1862 2002
f 1262 2001 1993
f 2004 2001 1992
f 2005 1888 2003
f 2003 2006 2016
f 1998 1996 2010
f 2003 1888 2006
f 1888 1868 2007
f 1888 2007 2006
f 1848 2011 2007
f 1236 2008 2006
f 1998 2018 2014
f 2100 2008 2025
f 1998 1309 1996
f 1873 2009 1882
f 2010 1996 1994
f 1994 2004 2010
f 1850 2013 2012
f 2012 1868 1849
f 1832 2013 1850
f 1847 1833 1834
f 1850 2012 1849
f 2094 2095 1865
f 1236 2006 2011
f 1309 1998 2009
f 2009 2014 2015
f 1236 2096 2008
f 2098 2008 2096
f 2009 1998 2014
f 2022 2099 2020
f 2016 2006 2008
f 2014 2019 2015
f 2017 2018 2003
f 1998 2010 2018
f 2010 2004 2018
f 2005 2003 2004
f 2003 2016 2017
f 2021 2017 2016
f 2021 2016 2100
f 2019 2021 2020
f 2015 2019 2026
f 1999 2059 2055
f 2022 2020 2021
f 2030 2024 2043
f 2003 2018 2004
f 2103 2055 2047
f 2048 1501 1720
f 2103 2028 2020
f 2029 2026 2031
f 2019 2020 2026
f 2025 2098 2090
f 1864 1724 2029
f 1976 2041 1938
f 1938 2030 2043
f 2026 2028 2031
f 2026 2029 2015
f 2031 2047 2049
f 2015 2029 1882
f 2031 2049 2032
f 2029 2032 1883
f 1882 2009 2015
f 2034 2032 2033
f 2035 1720 1721
f 1241 2034 1408
f 1891 2034 1241
f 1405 2035 1721
f 2035 2034 2033
f 2034 2035 1410
f 1939 2039 1942
f 2037 2036 2039
f 1939 2037 2039
f 1941 2037 1939
f 2101 1887 2064
f 1894 2039 2036
f 1894 2036 2038
f 2038 2027 2050
f 2039 1894 1893
f 1977 2051 2041
f 2051 1263 2052
f 2046 1865 2042
f 2027 1938 2043
f 2058 2042 2011
f 2053 2043 2024
f 2043 2040 2027
f 2054 2041 2052
f 2044 2024 2046
f 1798 1799 2045
f 2024 2045 2046
f 2054 2024 2030
f 2100 2022 2021
f 2047 2031 2028
f 2035 2049 2048
f 2029 1724 1882
f 1864 2029 1883
f 2032 2049 2033
f 2035 2048 1720
f 1933 1939 1942
f 1939 1933 1941
f 2050 2040 2101
f 2050 2101 2064
f 2052 1263 1797
f 2052 1797 1798
f 2041 2051 2052
f 1798 2045 2054
f 2049 2035 2033
f 2050 2027 2040
f 2053 2040 2043
f 1798 2054 2052
f 2046 1867 1865
f 1867 2046 2045
f 2047 2028 2103
f 2055 2056 2047
f 2101 2040 2053
f 2053 2024 2044
f 2055 2061 2056
f 1764 2056 2061
f 2013 2023 2053
f 2044 2057 2053
f 2057 2013 2053
f 2013 2057 2058
f 2024 2054 2045
f 2011 1848 2058
f 2057 2042 2058
f 2013 2058 2012
f 1848 2012 2058
f 2000 2060 2059
f 2000 1881 2060
f 2103 1999 2055
f 2061 2055 2060
f 2048 2056 1501
f 2042 2044 2046
f 1856 2060 1872
f 1872 2060 1881
f 2062 1661 1856
f 1661 2062 1660
f 2062 1844 1660
f 2042 2057 2044
f 2011 2042 2095
f 1661 2061 1856
f 2060 1856 2061
f 1856 1872 2062
f 2063 1959 1859
f 1859 1959 1857
f 1959 2063 1653
f 1306 1653 2063
f 1860 2063 1859
f 2102 2023 1832
f 1887 1892 2064
f 1892 1894 2064
f 2064 1894 2038
f 2065 2074 2073
f 2065 2070 2066
f 2069 2109 2068
f 1316 1728 2068
f 1971 2069 1970
f 2108 1974 1909
f 1316 2068 2067
f 2066 2067 2065
f 2067 2066 1316
f 1973 2069 1971
f 1591 1388 1960
f 2073 2072 2070
f 1898 1978 2071
f 2070 1388 2066
f 2072 2071 2070
f 2073 2070 2065
f 1898 2071 1903
f 1903 2071 2072
f 2108 2069 1974
f 2070 1960 1388
f 1683 1960 2070
f 1908 1906 2075
f 2075 1265 2074
f 2073 2074 1265
f 2073 1265 2072
f 1906 1265 2075
f 2072 1265 1903
f 1920 1935 2077
f 1921 2079 1319
f 2084 2083 2076
f 2083 2077 2076
f 1920 2077 2078
f 2080 2079 1920
f 2083 2078 2077
f 2079 1964 1319
f 1920 2078 2080
f 2080 2078 1945
f 2083 1945 2078
f 2079 2080 2081
f 1319 1964 1963
f 2079 2081 1964
f 1945 1947 1422
f 2083 2082 1945
f 2076 1952 2084
f 2083 2084 2082
f 1945 2082 1947
f 1949 1951 1950
f 1956 1600 2085
f 1321 2085 1600
f 2085 2086 2088
f 2088 2086 1898
f 2087 2086 1736
f 1978 2087 1736
f 1898 2087 1978
f 2088 1898 1889
f 2085 2088 1956
f 1999 2105 2000
f 2089 2091 1980
f 2104 2089 1816
f 2089 2090 2091
f 1264 1985 1986
f 1845 1264 1986
f 1845 1986 2092
f 1866 1845 2093
f 1866 1865 1867
f 2094 1865 1866
f 2092 2093 1845
f 2093 2094 1866
f 2042 1865 2095
f 2094 1236 2095
f 2094 2093 1236
f 2097 1236 2093
f 1236 2097 2096
f 1980 2093 2092
f 2096 2097 2091
f 2091 2090 2098
f 2097 2093 2091
f 2093 1980 2091
f 2091 2098 2096
f 2099 2025 2090
f 2099 2022 2025
f 2090 2104 2099
f 1997 1995 2002
f 1994 1995 1997
f 2014 2021 2019
f 2028 2026 2020
f 2016 2008 2100
f 2008 2098 2025
f 1863 1241 1821
f 2102 2101 2053
f 2050 2064 2038
f 2023 2102 2053
f 2102 1832 1834
f 1847 1834 1832
f 2051 1801 1263
f 1999 2103 2099
f 2104 1999 2099
f 2090 2089 2104
f 1816 1787 2105
f 2000 2105 1787
f 2000 2059 1999
f 1999 2104 2105
f 1816 2105 2104
f 2065 2106 2107
f 2108 2107 2109
f 2108 2109 2069
f 2107 2074 2065
f 2107 2106 2109
f 2067 2068 2109
f 1909 1911 2110
f 2108 2110 2107
f 1908 2075 1911
f 2067 2109 2106
f 2107 2110 2074
f 2021 2014 2017
f 2018 2017 2014
f 2100 2025 2022
f 2103 2020 2099
f 2396 2665 2450
f 2197 2213 2114
f 2295 2177 2176
f 2177 2295 2297
f 2416 2174 2173
f 2468 2208 2513
f 2175 2295 2176
f 2235 2234 2201
f 2294 2297 2296
f 65 66 2206
f 2363 2179 2178
f 2200 2232 2231
f 2201 2199 2216
f 2418 2187 2186
f 2183 2536 2184
f 2415 2474 2363
f 2373 2112 2303
f 2180 2179 2474
f 2136 2135 2217
f 2134 2133 2235
f 2474 2475 2515
f 2201 2217 2135
f 2422 2167 2166
f 2349 2292 2288
f 2426 2307 2424
f 2256 2279 2243
f 2422 2425 2168
f 2237 2216 2199
f 2289 2359 2278
f 2166 2165 2308
f 2256 2129 2279
f 2328 2255 2267
f 2131 2130 2276
f 65 2206 2207
f 2251 2132 2131
f 2428 2429 2169
f 2215 2234 2235
f 2322 2153 2321
f 2376 2238 2195
f 2169 2429 2170
f 2653 2283 2358
f 2251 2236 2132
f 2401 2221 2207
f 2301 2299 2302
f 2189 2300 1201
f 2239 2148 2147
f 1201 2300 1200
f 2198 2217 2216
f 1200 2300 2302
f 2299 2301 2367
f 2240 2207 2221
f 2369 1199 2302
f 2265 2278 2229
f 2477 2478 2417
f 1192 1193 2386
f 2125 2258 2126
f 1191 2371 1190
f 2303 2371 2372
f 2374 2230 2197
f 1190 2370 2111
f 2111 1189 1190
f 2362 2237 2360
f 2193 2230 2374
f 2114 2213 2200
f 1199 2368 1198
f 2238 2237 2195
f 2209 2246 2340
f 1197 2477 1196
f 2233 2118 2117
f 2249 2260 2263
f 2123 2245 2124
f 2230 2213 2197
f 2263 2250 2228
f 2123 2257 2246
f 2248 2257 2259
f 2119 2118 2250
f 2353 2355 2354
f 2112 2111 2370
f 2117 2231 2233
f 66 67 2393
f 2491 2213 2230
f 2303 2374 2373
f 2536 2443 2535
f 2309 2163 2162
f 2114 2200 2115
f 2200 2116 2115
f 2113 2197 2114
f 2399 66 2319
f 2492 2193 2489
f 2116 2231 2117
f 2121 2257 2122
f 2198 2216 2238
f 2448 2394 2502
f 2359 2285 2234
f 2277 2605 2602
f 2278 2236 2229
f 2203 2218 2239
f 2133 2236 2235
f 2218 2321 2320
f 2404 2403 2456
f 2263 2282 2288
f 2407 2252 2144
f 2191 2310 2192
f 2235 2201 2134
f 2250 2233 2261
f 2228 2261 2274
f 2221 2267 2240
f 2241 2329 2331
f 2158 2157 2445
f 2211 2274 2262
f 2149 2219 2151
f 2231 2232 2214
f 2219 2320 2151
f 2148 2219 2149
f 2274 2211 2291
f 2311 2489 2193
f 2150 2149 2151
f 2239 2218 2219
f 2145 2252 2146
f 2262 2274 2261
f 2241 2253 2329
f 2252 2220 2323
f 2311 2386 2387
f 2183 2182 2499
f 2142 2141 2254
f 2305 2376 2304
f 2139 2240 2140
f 2132 2236 2133
f 2222 2465 2461
f 2269 2240 2267
f 2138 64 2207
f 2203 2316 2218
f 2240 2139 2207
f 2124 2247 2125
f 2196 2200 2213
f 2590 2287 2291
f 2270 2129 2244
f 2200 2196 2232
f 2256 2130 2129
f 2354 2243 2279
f 2126 2244 2127
f 2215 2235 2236
f 2245 2246 2225
f 2357 2355 2223
f 2160 2309 2161
f 2198 2136 2217
f 2199 2201 2234
f 2217 2201 2216
f 68 2391 67
f 2198 2376 2305
f 2387 2487 2311
f 2134 2201 2135
f 2307 2310 2423
f 2285 2199 2234
f 2406 2467 2220
f 2120 2260 2121
f 2214 2232 2577
f 2317 2393 2391
f 2207 2139 2138
f 2233 2231 2214
f 2490 2583 2584
f 2473 72 73
f 75 76 2137
f 2375 75 2304
f 2244 2272 2224
f 2401 2398 2221
f 2377 2304 2376
f 2375 74 75
f 2147 2146 2326
f 74 2375 2377
f 2200 2231 2116
f 71 2439 70
f 65 2207 64
f 2239 2219 2148
f 2143 2253 2144
f 2254 2269 2268
f 2237 2238 2216
f 2125 2247 2258
f 2245 2225 2247
f 2247 2225 2339
f 2272 2244 2258
f 2248 2246 2257
f 2273 2249 2293
f 2226 2248 2259
f 2233 2250 2118
f 2243 2276 2256
f 2144 2252 2145
f 2334 2241 2336
f 2401 2207 2206
f 2266 2143 2254
f 2141 2140 2269
f 2268 2266 2254
f 2268 2242 2266
f 2257 2123 2122
f 2245 2123 2246
f 2245 2247 2124
f 2244 2126 2258
f 2259 2257 2121
f 2260 2259 2121
f 2273 2226 2259
f 2120 2119 2263
f 2259 2260 2249
f 2261 2233 2262
f 2228 2250 2261
f 2233 2214 2262
f 2585 2214 2577
f 2229 2251 2275
f 2276 2275 2251
f 2236 2251 2229
f 2265 2212 2278
f 2336 2241 2331
f 2328 2267 2221
f 2269 2267 2255
f 2269 2254 2141
f 2330 2268 2255
f 2240 2269 2140
f 2268 2269 2255
f 2128 2127 2244
f 2244 2286 2270
f 2271 2343 2342
f 2409 2272 2271
f 2259 2249 2273
f 2249 2288 2293
f 2574 2583 2490
f 2228 2274 2282
f 2263 2260 2120
f 2288 2249 2263
f 2263 2119 2250
f 2276 2251 2131
f 2358 2275 2264
f 2256 2276 2130
f 2275 2276 2264
f 2276 2243 2264
f 2243 2357 2264
f 2289 2278 2212
f 2236 2278 2215
f 2329 2253 2266
f 2254 2143 2142
f 2253 2143 2266
f 2329 2266 2242
f 2270 2412 2354
f 2244 2129 2128
f 2279 2129 2270
f 2244 2224 2286
f 2659 2248 2226
f 2258 2247 2339
f 2272 2258 2271
f 2282 2263 2228
f 2274 2291 2281
f 2281 2287 2347
f 2281 2227 2282
f 2264 2357 2358
f 2602 2601 2283
f 2453 2455 2598
f 2285 2284 2290
f 2359 2234 2215
f 2284 2508 2290
f 2272 2409 2224
f 2291 2211 2590
f 2282 2274 2281
f 2282 2227 2288
f 2358 2356 2653
f 2265 2283 2601
f 2562 2542 2600
f 2359 2284 2285
f 2360 2290 2194
f 2590 2211 2587
f 2291 2287 2281
f 2350 2227 2281
f 2210 2292 2351
f 2237 2290 2360
f 2199 2285 2237
f 2292 2293 2288
f 2296 2295 2175
f 2295 2296 2297
f 2175 2174 2296
f 2174 2416 2296
f 2363 2297 2294
f 2178 2177 2297
f 2522 2523 2480
f 2196 2213 2491
f 2420 2188 2187
f 2519 2365 2417
f 2301 2300 2189
f 2300 2301 2302
f 2189 2188 2301
f 2188 2420 2367
f 2369 2302 2299
f 1199 1200 2302
f 1191 1192 2372
f 2113 2373 2197
f 2136 2305 2137
f 2198 2238 2376
f 2198 2305 2136
f 75 2305 2304
f 2345 2341 2346
f 2191 2309 2306
f 2190 2384 2382
f 2307 2378 2192
f 2165 2164 2308
f 2309 2164 2163
f 2192 2308 2309
f 2309 2308 2164
f 2385 2191 2384
f 2307 2192 2310
f 2161 2309 2162
f 2192 2309 2191
f 2306 2380 2191
f 1194 2436 1193
f 2437 2387 2436
f 2402 2404 2204
f 2195 2237 2362
f 2413 2414 2362
f 2615 2555 2614
f 2657 2591 2656
f 2418 2521 2366
f 2325 2203 2324
f 2397 2327 2452
f 2400 2398 2401
f 2471 2631 2637
f 2154 2449 2155
f 2319 2400 2399
f 66 2399 2206
f 2327 2203 2325
f 2218 2316 2321
f 2152 2320 2321
f 2151 2320 2152
f 2219 2218 2320
f 2322 2321 2316
f 2321 2153 2152
f 2322 2316 2397
f 2239 2323 2203
f 2203 2323 2324
f 2326 2239 2147
f 2220 2467 2324
f 2323 2239 2326
f 2407 2406 2220
f 2220 2324 2323
f 2252 2326 2146
f 2326 2252 2323
f 2203 2327 2316
f 2328 2457 2330
f 2242 2330 2329
f 2329 2222 2331
f 2456 2459 2204
f 2222 2329 2330
f 2331 2337 2336
f 2407 2253 2334
f 2268 2330 2242
f 2328 2330 2255
f 2511 2512 2541
f 2406 2334 2333
f 2252 2407 2220
f 2330 2457 2458
f 2331 2222 2337
f 2333 2334 2336
f 2465 2222 2458
f 2222 2335 2337
f 2333 2336 2337
f 2241 2334 2253
f 2340 2246 2248
f 2209 2225 2246
f 2339 2225 2209
f 2339 2209 2343
f 2271 2258 2339
f 2659 2340 2248
f 2209 2340 2338
f 2341 2343 2344
f 2341 2408 2342
f 2224 2410 2352
f 2209 2344 2343
f 2342 2343 2341
f 2343 2271 2339
f 2409 2271 2342
f 2384 2485 2435
f 2485 2344 2209
f 2341 2344 2346
f 2624 2202 2621
f 2292 2349 2351
f 2626 2572 2612
f 2227 2349 2288
f 2349 2348 2351
f 2348 2349 2350
f 2227 2350 2349
f 2352 2471 2412
f 2270 2286 2412
f 2270 2354 2279
f 2243 2354 2355
f 2283 2265 2358
f 2355 2357 2243
f 2357 2356 2358
f 2265 2229 2358
f 2358 2229 2275
f 2357 2223 2356
f 2278 2359 2215
f 2284 2359 2289
f 2194 2361 2360
f 2195 2362 2414
f 2290 2237 2285
f 2388 2413 2312
f 2413 2362 2361
f 2312 2413 2361
f 2361 2362 2360
f 2547 2517 2415
f 2390 2535 2544
f 2294 2296 2364
f 2574 2490 2438
f 2486 1196 2477
f 2480 2551 2676
f 2368 2369 2672
f 2367 2420 2418
f 2366 2299 2418
f 2188 2367 2301
f 2417 2478 2519
f 2672 2369 2299
f 2371 2370 1190
f 2112 2370 2303
f 2372 2371 1191
f 2370 2371 2303
f 2386 2372 1192
f 2193 2372 2311
f 2112 2373 2113
f 2374 2303 2372
f 2374 2372 2193
f 2197 2373 2374
f 2377 2375 2304
f 2305 75 2137
f 2195 2313 2376
f 73 74 2377
f 2414 2313 2195
f 2313 73 2377
f 2376 2313 2377
f 73 2313 2473
f 2160 2421 2309
f 2501 2524 2306
f 2159 2421 2160
f 2306 2421 2501
f 2306 2309 2421
f 2525 2627 2643
f 2381 2346 2382
f 2380 2382 2191
f 2633 2380 2306
f 2380 2381 2382
f 2190 2346 2344
f 2485 2384 2190
f 2346 2190 2382
f 2645 2210 2351
f 2382 2384 2191
f 2423 2385 2482
f 2191 2385 2310
f 2386 1193 2436
f 2372 2386 2311
f 2437 1194 1195
f 2387 2488 2487
f 2472 72 2473
f 2440 2493 2441
f 2518 2364 2557
f 2546 2181 2515
f 2683 2697 2680
f 69 70 2444
f 2400 2317 2204
f 2319 2393 2317
f 66 2393 2319
f 67 2391 2393
f 2392 2391 68
f 2391 2392 2466
f 68 69 2392
f 2444 2392 69
f 2394 2524 2501
f 2157 2156 2446
f 2540 2396 2450
f 2450 2503 2504
f 2327 2397 2316
f 2398 2328 2221
f 2398 2204 2457
f 2400 2319 2317
f 2391 2402 2317
f 2400 2204 2398
f 2400 2401 2399
f 2405 2312 2361
f 2204 2317 2402
f 2403 2404 2405
f 2456 2204 2404
f 2194 2403 2361
f 2402 2466 2404
f 2403 2462 2456
f 2466 2405 2404
f 2467 2406 2509
f 2407 2144 2253
f 2406 2407 2334
f 2410 2408 2208
f 2408 2513 2208
f 2342 2408 2410
f 2286 2224 2352
f 2410 2208 2352
f 2342 2410 2409
f 2410 2224 2409
f 2350 2281 2347
f 2293 2292 2273
f 2338 2340 2659
f 2411 2273 2210
f 2412 2286 2352
f 2354 2412 2353
f 2353 2471 2470
f 2388 2472 2414
f 2180 2515 2181
f 2297 2363 2178
f 2296 2416 2364
f 2496 2172 2442
f 2567 2609 2566
f 1197 1198 2478
f 2486 2417 2526
f 2185 2523 2522
f 2390 2568 2571
f 2675 2366 2678
f 2418 2420 2187
f 2369 2368 1199
f 2489 2311 2487
f 2425 2422 2378
f 2422 2166 2378
f 2310 2385 2423
f 2192 2166 2308
f 2385 2435 2482
f 2425 2428 2168
f 2378 2307 2426
f 2378 2426 2425
f 2425 2427 2428
f 2379 2426 2424
f 2427 2425 2426
f 2428 2427 2429
f 2168 2428 2169
f 2427 2426 2379
f 2307 2423 2424
f 2379 2552 2572
f 2430 2483 2643
f 2432 2379 2424
f 2431 2430 2643
f 2532 2494 2314
f 2441 2389 2440
f 2346 2381 2345
f 2482 2435 2383
f 2384 2435 2385
f 2437 2436 1194
f 2386 2436 2387
f 1195 1196 2486
f 2438 2492 2489
f 2488 2438 2487
f 2488 2437 2528
f 2472 2439 71
f 2444 2439 2388
f 2493 2172 2171
f 2389 2442 2440
f 2493 2171 2170
f 2389 2494 2532
f 2173 2172 2496
f 2493 2440 2172
f 2172 2440 2442
f 2475 2565 2546
f 2544 2535 2443
f 2439 2444 70
f 2392 2444 2405
f 2312 2444 2388
f 2501 2445 2394
f 2156 2155 2449
f 2448 2447 2395
f 2449 2447 2446
f 2445 2502 2394
f 2449 2446 2156
f 2446 2447 2448
f 2449 2450 2447
f 2449 2503 2450
f 2154 2153 2503
f 2395 2447 2450
f 2503 2449 2154
f 2327 2325 2451
f 2324 2451 2325
f 2451 2396 2452
f 2452 2396 2540
f 2327 2451 2452
f 2504 2322 2397
f 2399 2401 2206
f 2405 2361 2403
f 2463 2455 2462
f 2453 2506 2455
f 2458 2222 2330
f 2463 2403 2194
f 2506 2456 2455
f 2328 2398 2457
f 2457 2454 2458
f 2459 2457 2204
f 2464 2454 2507
f 2222 2461 2335
f 2456 2506 2459
f 2454 2464 2458
f 2598 2455 2599
f 2561 2649 2460
f 2463 2462 2403
f 2456 2462 2455
f 2194 2508 2463
f 2599 2508 2563
f 2465 2464 2460
f 2464 2465 2458
f 2461 2465 2460
f 2391 2466 2402
f 2405 2466 2392
f 2509 2406 2333
f 2324 2467 2509
f 2631 2630 2597
f 2469 2631 2471
f 2471 2353 2412
f 2355 2353 2470
f 2413 2388 2414
f 2439 2472 2388
f 72 2472 71
f 2414 2473 2313
f 2472 2473 2414
f 2363 2474 2179
f 2475 2474 2415
f 2443 2499 2545
f 2416 2173 2496
f 2544 2516 2568
f 2478 2477 1197
f 2486 2477 2417
f 2368 2478 1198
f 2674 2519 2478
f 2366 2675 2479
f 2519 2520 2365
f 2418 2299 2367
f 2299 2479 2672
f 2521 2418 2522
f 2549 2185 2184
f 2597 2481 2558
f 2597 2632 2481
f 2192 2378 2166
f 2482 2484 2423
f 2422 2168 2167
f 2424 2433 2432
f 2432 2433 2431
f 2433 2423 2484
f 2383 2644 2482
f 2484 2482 2644
f 2314 2494 2434
f 2427 2495 2429
f 2662 2645 2644
f 2526 2417 2365
f 1195 2486 2437
f 2488 2387 2437
f 2489 2487 2438
f 2528 2437 2486
f 2365 2531 2529
f 2438 2490 2492
f 2438 2488 2553
f 2584 2583 2576
f 2193 2491 2230
f 2491 2490 2584
f 2490 2491 2492
f 2193 2492 2491
f 2429 2493 2170
f 2434 2495 2427
f 2441 2493 2494
f 2493 2429 2495
f 2427 2379 2434
f 2493 2495 2494
f 2494 2495 2434
f 2496 2442 2498
f 2556 2554 2497
f 2534 2533 2496
f 2389 2532 2498
f 2554 2556 2498
f 2545 2499 2182
f 2536 2499 2443
f 2686 2690 2570
f 2550 2523 2536
f 2444 2312 2405
f 2445 2421 2159
f 2446 2502 2445
f 2504 2503 2322
f 2540 2504 2397
f 2507 2453 2464
f 2506 2507 2459
f 2459 2507 2454
f 2453 2507 2506
f 2290 2508 2194
f 2289 2543 2284
f 2333 2512 2509
f 2337 2510 2512
f 2337 2512 2333
f 2509 2451 2324
f 2345 2513 2408
f 2513 2345 2633
f 2341 2345 2408
f 2471 2514 2469
f 2468 2469 2208
f 2514 2352 2208
f 2352 2514 2471
f 2469 2514 2208
f 2474 2515 2180
f 2546 2515 2475
f 2548 2475 2415
f 2516 2546 2565
f 2547 2363 2294
f 2548 2517 2564
f 2496 2533 2364
f 2476 2517 2518
f 2674 2672 2673
f 2672 2674 2368
f 2677 2479 2675
f 2520 2530 2531
f 2522 2418 2186
f 2678 2480 2676
f 2185 2522 2186
f 2480 2521 2522
f 2549 2536 2523
f 2551 2523 2550
f 2351 2348 2483
f 2645 2483 2430
f 2628 2629 2280
f 2643 2483 2525
f 2424 2423 2433
f 2661 2644 2383
f 2344 2485 2190
f 2529 2526 2365
f 2486 2526 2528
f 2695 2696 2685
f 2529 2528 2526
f 2488 2527 2553
f 2531 2365 2520
f 2528 2529 2527
f 2530 2298 2688
f 2529 2531 2527
f 2531 2530 2581
f 2555 2554 2532
f 2533 2556 2497
f 2496 2498 2534
f 2534 2498 2556
f 2690 2535 2390
f 2536 2535 2500
f 2536 2183 2499
f 2536 2500 2550
f 2445 2159 2158
f 2559 2537 2538
f 2539 2448 2395
f 2537 2560 2539
f 2394 2448 2318
f 2668 2559 2538
f 2445 2157 2446
f 2448 2539 2318
f 2322 2503 2153
f 2452 2540 2397
f 2450 2504 2540
f 2451 2509 2511
f 2451 2511 2541
f 2457 2459 2454
f 2453 2598 2464
f 2600 2289 2212
f 2543 2542 2563
f 2545 2544 2443
f 2568 2516 2567
f 2181 2545 2182
f 2544 2545 2516
f 2516 2545 2546
f 2181 2546 2545
f 2547 2415 2363
f 2548 2415 2517
f 2518 2547 2294
f 2517 2547 2518
f 2475 2548 2565
f 2294 2364 2518
f 2496 2364 2416
f 2533 2497 2557
f 2549 2523 2185
f 2536 2549 2184
f 2686 2550 2500
f 2551 2550 2419
f 2676 2551 2419
f 2523 2551 2480
f 2445 2501 2421
f 2483 2348 2525
f 2202 2618 2621
f 2575 2582 2580
f 2438 2553 2574
f 2389 2498 2442
f 2554 2498 2532
f 2441 2494 2389
f 2532 2314 2555
f 2626 2314 2434
f 2555 2314 2613
f 2534 2556 2533
f 2557 2476 2518
f 2533 2557 2364
f 2476 2557 2497
f 2481 2524 2394
f 2502 2446 2448
f 2560 2537 2634
f 2539 2560 2318
f 2461 2639 2335
f 2601 2562 2212
f 2606 2602 2605
f 2563 2638 2599
f 2599 2463 2508
f 2543 2563 2284
f 2563 2508 2284
f 2608 2609 2610
f 2567 2516 2565
f 2564 2567 2548
f 2390 2544 2568
f 2567 2566 2568
f 2548 2567 2565
f 2567 2564 2609
f 2566 2569 2568
f 2570 2571 2569
f 2569 2315 2570
f 2315 2611 2619
f 2686 2500 2690
f 2569 2571 2568
f 2690 2571 2570
f 2570 2315 2692
f 2524 2632 2306
f 2524 2481 2632
f 2572 2434 2379
f 2622 2612 2552
f 2527 2488 2528
f 2578 2574 2553
f 2580 2574 2578
f 2578 2553 2579
f 2575 2578 2579
f 2577 2587 2585
f 2262 2585 2211
f 2196 2577 2232
f 2587 2588 2586
f 2579 2553 2527
f 2580 2578 2575
f 2581 2527 2531
f 2581 2579 2527
f 2575 2694 2582
f 2580 2576 2583
f 2298 2681 2688
f 2581 2696 2579
f 2582 2589 2588
f 2576 2580 2582
f 2580 2583 2574
f 2584 2576 2577
f 2577 2196 2584
f 2491 2584 2196
f 2214 2585 2262
f 2576 2588 2587
f 2287 2590 2703
f 2576 2587 2577
f 2576 2582 2588
f 2589 2582 2573
f 2587 2586 2590
f 2585 2587 2211
f 2589 2592 2586
f 2586 2588 2589
f 2589 2573 2593
f 2589 2593 2592
f 2593 2595 2656
f 2592 2591 2657
f 2590 2586 2592
f 2687 2684 2594
f 2591 2592 2593
f 2581 2530 2685
f 2675 2679 2298
f 2693 2593 2573
f 2315 2698 2692
f 2617 2620 2614
f 2611 2566 2702
f 2318 2481 2394
f 2318 2558 2481
f 2668 2538 2395
f 2395 2538 2539
f 2539 2538 2537
f 2537 2205 2634
f 2463 2599 2455
f 2638 2563 2542
f 2561 2598 2599
f 2598 2460 2464
f 2460 2598 2561
f 2600 2542 2543
f 2607 2542 2562
f 2289 2600 2543
f 2212 2562 2600
f 2601 2212 2265
f 2283 2653 2602
f 2601 2602 2606
f 2607 2606 2604
f 2277 2636 2605
f 2606 2605 2604
f 2606 2562 2601
f 2639 2671 2670
f 2607 2562 2606
f 2476 2564 2517
f 2609 2476 2610
f 2569 2611 2315
f 2609 2564 2476
f 2609 2608 2702
f 2610 2476 2497
f 2554 2555 2615
f 2620 2615 2614
f 2566 2611 2569
f 2626 2434 2572
f 2379 2432 2552
f 2622 2621 2618
f 2596 2613 2612
f 2612 2613 2314
f 2626 2612 2314
f 2614 2613 2617
f 2617 2611 2620
f 2616 2617 2596
f 2614 2555 2613
f 2596 2617 2613
f 2554 2610 2497
f 2618 2616 2596
f 2617 2616 2619
f 2702 2620 2611
f 2640 2616 2202
f 2692 2699 2691
f 2617 2619 2611
f 2616 2618 2202
f 2624 2646 2623
f 2640 2619 2616
f 2615 2620 2608
f 2622 2618 2596
f 2624 2621 2646
f 2610 2615 2608
f 2621 2627 2628
f 2612 2622 2596
f 2627 2622 2552
f 2624 2623 2625
f 2657 2658 2703
f 2552 2612 2572
f 2622 2627 2621
f 2348 2629 2628
f 2525 2628 2627
f 2348 2350 2629
f 2350 2347 2629
f 2280 2629 2347
f 2628 2280 2623
f 2558 2318 2560
f 2597 2558 2631
f 2560 2637 2558
f 2468 2630 2469
f 2597 2630 2632
f 2633 2468 2513
f 2468 2633 2632
f 2381 2633 2345
f 2381 2380 2633
f 2306 2632 2633
f 2395 2665 2668
f 2653 2277 2602
f 2558 2637 2631
f 2635 2634 2205
f 2647 2637 2635
f 2559 2651 2669
f 2637 2647 2470
f 2223 2355 2470
f 2635 2637 2634
f 2561 2599 2638
f 2650 2607 2603
f 2542 2607 2638
f 2649 2561 2650
f 2510 2337 2335
f 2460 2639 2461
f 2335 2670 2332
f 2510 2335 2332
f 2505 2512 2510
f 2512 2511 2509
f 2512 2505 2541
f 2603 2607 2604
f 2554 2615 2610
f 2624 2641 2640
f 2656 2652 2655
f 2431 2433 2430
f 2431 2552 2432
f 2627 2642 2643
f 2552 2642 2627
f 2431 2643 2642
f 2552 2431 2642
f 2645 2351 2483
f 2484 2645 2430
f 2645 2484 2644
f 2433 2484 2430
f 2621 2628 2646
f 2623 2646 2628
f 2525 2348 2628
f 2632 2630 2468
f 2223 2648 2356
f 2470 2647 2648
f 2647 2635 2648
f 2635 2636 2277
f 2631 2469 2630
f 2561 2638 2650
f 2638 2607 2650
f 2639 2649 2650
f 2460 2649 2639
f 2636 2603 2604
f 2700 2595 2594
f 2619 2640 2655
f 2624 2640 2202
f 2655 2640 2641
f 2663 2435 2485
f 2470 2648 2223
f 2356 2648 2653
f 2653 2648 2277
f 2471 2637 2470
f 2671 2603 2654
f 2332 2670 2654
f 2654 2603 2669
f 2698 2655 2652
f 2656 2655 2641
f 2656 2641 2657
f 2641 2625 2657
f 2593 2656 2591
f 2652 2656 2595
f 2657 2590 2592
f 2624 2625 2641
f 2625 2623 2658
f 2280 2287 2703
f 2657 2625 2658
f 2338 2663 2660
f 2411 2659 2226
f 2273 2411 2226
f 2661 2663 2411
f 2411 2210 2662
f 2661 2662 2644
f 2645 2662 2210
f 2411 2662 2661
f 2383 2663 2661
f 2663 2383 2435
f 2485 2660 2663
f 2485 2209 2338
f 2663 2338 2659
f 2411 2663 2659
f 2280 2347 2287
f 2210 2273 2292
f 2451 2541 2396
f 2396 2541 2664
f 2665 2395 2450
f 2664 2665 2396
f 2667 2665 2664
f 2505 2666 2667
f 2505 2667 2664
f 2666 2668 2667
f 2541 2505 2664
f 2332 2666 2505
f 2668 2666 2651
f 2651 2654 2669
f 2559 2668 2651
f 2332 2505 2510
f 2635 2669 2603
f 2537 2559 2205
f 2332 2651 2666
f 2667 2668 2665
f 2651 2332 2654
f 2639 2650 2671
f 2639 2670 2335
f 2654 2670 2671
f 2603 2671 2650
f 2636 2635 2603
f 2669 2635 2205
f 2669 2205 2559
f 2673 2672 2479
f 2677 2673 2479
f 2674 2520 2519
f 2368 2674 2478
f 2520 2674 2673
f 2678 2521 2480
f 2677 2675 2298
f 2366 2479 2299
f 2681 2298 2679
f 2678 2679 2675
f 2520 2298 2530
f 2677 2520 2673
f 2298 2520 2677
f 2521 2678 2366
f 2678 2676 2679
f 2682 2679 2676
f 2682 2681 2679
f 2682 2676 2683
f 2680 2682 2683
f 2684 2680 2701
f 2680 2684 2681
f 2683 2676 2419
f 2681 2682 2680
f 2419 2686 2683
f 2691 2697 2686
f 2687 2594 2595
f 2687 2693 2694
f 2684 2689 2681
f 2685 2688 2689
f 2686 2419 2550
f 2686 2570 2691
f 2595 2693 2687
f 2694 2693 2573
f 2689 2688 2681
f 2530 2688 2685
f 2684 2687 2689
f 2695 2687 2694
f 2535 2690 2500
f 2571 2690 2390
f 2701 2691 2699
f 2315 2619 2698
f 2594 2701 2699
f 2593 2693 2595
f 2573 2582 2694
f 2575 2579 2696
f 2695 2685 2689
f 2687 2695 2689
f 2696 2695 2694
f 2696 2694 2575
f 2685 2696 2581
f 2686 2697 2683
f 2701 2697 2691
f 2692 2691 2570
f 2655 2698 2619
f 2698 2700 2699
f 2692 2698 2699
f 2700 2698 2652
f 2595 2700 2652
f 2594 2699 2700
f 2684 2701 2594
f 2697 2701 2680
f 2609 2702 2566
f 2620 2702 2608
f 2658 2623 2280
f 2604 2605 2636
f 2635 2277 2648
f 2637 2560 2634
f 2657 2703 2590
f 2280 2703 2658
f 2485 2338 2660
f 2820 2819 2854
f 2167 2168 3038
f 2748 2747 3009
f 1101 2748 1100
f 2851 2848 2910
f 2759 2963 2760
f 1098 1099 2943
f 2850 2849 2761
f 1097 3211 1096
f 3018 3221 3114
f 3871 3874 3876
f 3300 3356 3110
f 2760 2850 2761
f 2854 2855 2833
f 1092 1093 3218
f 2950 3307 3358
f 2966 2967 3131
f 2856 2816 2831
f 2821 2823 2822
f 2779 2858 2780
f 3224 1090 3219
f 2862 2814 2829
f 2165 2863 2811
f 1085 3116 3019
f 2779 2860 2789
f 2954 3119 3026
f 2819 2818 2855
f 3306 3309 3117
f 2795 2794 2844
f 2901 2749 2899
f 2902 2898 2900
f 2948 2738 3113
f 2898 2899 2900
f 3636 3633 3505
f 2899 2898 2901
f 2952 2902 2900
f 1078 1079 2845
f 3263 2727 2726
f 3267 3266 2722
f 3017 3111 3222
f 2750 2901 3561
f 3368 3369 3315
f 2861 2865 2816
f 3012 2746 2944
f 2902 2952 2953
f 2953 2952 3024
f 1081 3024 1080
f 2789 2787 2788
f 2804 2803 2787
f 2800 2799 2784
f 3104 2743 2742
f 2953 3025 2902
f 2838 2844 2823
f 2739 2738 3112
f 2878 2877 2785
f 2882 2883 2798
f 1078 2845 1077
f 2818 2817 2856
f 1077 2845 2749
f 2845 2900 2899
f 2792 2791 2857
f 2858 2859 2780
f 2752 2751 3027
f 2779 2780 2860
f 3746 3744 3743
f 2758 2757 3030
f 2794 2808 2793
f 2963 2850 2760
f 2776 2878 2784
f 2850 2963 2848
f 3031 2756 3238
f 2163 2868 2775
f 2806 2805 2874
f 3041 3042 2969
f 3042 2163 2164
f 2163 2863 2164
f 2749 2845 2899
f 2784 2785 2880
f 3473 3514 3500
f 2851 2910 2174
f 2805 2804 2789
f 2172 2173 3029
f 2176 2761 2849
f 2175 2849 2851
f 2784 2880 2800
f 2878 2777 2877
f 2850 2851 2849
f 2925 2989 3066
f 2775 2812 2783
f 2867 2866 2813
f 3134 2971 3038
f 3043 3044 2969
f 2171 2172 3032
f 3126 2171 3032
f 2163 2881 2797
f 3348 3350 3352
f 3242 2831 3240
f 2821 2835 2836
f 2833 2834 2854
f 2835 2820 2834
f 2831 2830 3240
f 2855 2832 2833
f 2829 2828 3035
f 2816 2830 2831
f 2831 2832 2856
f 2830 2829 3036
f 2857 2820 2821
f 2819 2855 2854
f 2820 2857 2819
f 2781 2819 2857
f 2817 2816 2856
f 2817 2818 2858
f 2781 2780 2859
f 2780 2781 2860
f 2861 2858 2779
f 2819 2781 2859
f 2818 2856 2855
f 2816 2817 2861
f 2970 3135 3262
f 2814 2828 2829
f 2828 2814 2827
f 2829 2830 2862
f 3047 2968 2970
f 2914 2968 2969
f 2863 2165 2164
f 2825 2863 2824
f 2863 2163 2824
f 2864 2825 2826
f 3043 2969 3042
f 2862 2815 2814
f 2968 2826 2825
f 2814 2867 2813
f 2815 2816 2865
f 2813 2827 2814
f 2812 2825 2864
f 2868 2163 2164
f 2812 2868 2811
f 2813 2812 2864
f 2868 2165 2811
f 2811 2863 2825
f 2813 2864 2827
f 2778 2865 2861
f 2807 2806 2872
f 2779 2869 2778
f 2827 2826 3047
f 2838 2823 2837
f 2839 3028 3877
f 2999 3089 3090
f 3321 3322 2718
f 2944 2746 2745
f 3321 2718 2717
f 2840 2943 3010
f 2716 2715 3464
f 2990 3064 45
f 2714 3336 3269
f 2940 2889 2887
f 2151 2152 2888
f 2762 2888 2889
f 3476 3438 3320
f 2152 3008 2887
f 3282 2712 2711
f 2763 2762 2889
f 2709 3150 2710
f 3585 3755 3584
f 3174 3175 3179
f 2809 2794 2795
f 2905 2794 2793
f 2810 2795 2844
f 2812 2811 2825
f 3036 3130 2965
f 3279 2706 2705
f 2709 2708 3053
f 2877 2778 2869
f 2783 2784 2883
f 32 3271 31
f 2823 2821 2836
f 2821 2820 2835
f 2175 2176 2849
f 33 34 3272
f 3143 3271 33
f 2850 2848 2851
f 2836 2837 2823
f 3597 3599 3598
f 2920 2921 2919
f 2802 2801 2876
f 2778 2861 2779
f 2790 2860 2781
f 2865 2867 2814
f 2978 2918 2922
f 2816 2862 2830
f 3273 3272 3274
f 2920 2919 2705
f 3015 3214 3104
f 3162 3276 40
f 2837 2836 2835
f 3146 3147 3051
f 2897 2898 2902
f 2174 2175 2851
f 3245 3135 3136
f 2984 2773 2985
f 43 44 3064
f 2820 2854 2834
f 3064 3062 43
f 2746 2945 2747
f 36 3148 3149
f 2743 3013 2744
f 3729 3772 3781
f 3256 3258 2852
f 2749 2901 2750
f 2859 2858 2818
f 2990 2774 2927
f 2858 2861 2817
f 38 3146 37
f 2883 2882 2783
f 2888 2762 2151
f 2792 2793 2808
f 2860 2790 2789
f 2790 2791 2872
f 2792 2807 2791
f 2781 2791 2790
f 2869 2788 2787
f 2877 2869 2786
f 2786 2787 2873
f 2869 2787 2786
f 2790 2874 2789
f 2779 2789 2788
f 2809 2808 2794
f 3341 2809 2810
f 3194 3196 3086
f 3341 2810 3292
f 2805 2789 2874
f 2803 2873 2787
f 2804 3084 2803
f 3093 2884 3004
f 2802 2876 2873
f 2805 2806 3190
f 2804 2787 2789
f 2806 2874 2872
f 2873 2876 2786
f 2867 2865 2777
f 2777 2778 2877
f 2776 2777 2878
f 2785 2877 2786
f 2866 2867 2777
f 2879 2783 2782
f 2879 2161 2162
f 2783 2879 2775
f 2879 2163 2775
f 2868 2812 2775
f 2784 2878 2785
f 2801 2800 2880
f 2785 2876 2880
f 2784 2799 2883
f 2881 2782 2882
f 2881 2163 2162
f 2783 2882 2782
f 2798 2883 2799
f 2777 2865 2778
f 2881 2161 2782
f 2998 2799 2800
f 2783 2776 2784
f 2786 2876 2785
f 2812 2866 2776
f 2803 3084 3090
f 2764 2763 3006
f 2880 2876 2801
f 2797 2881 2882
f 2936 2797 2937
f 2163 2879 2162
f 2798 2797 2882
f 2762 2150 2151
f 3610 3156 3157
f 2767 2766 3091
f 2855 2856 2832
f 46 2774 45
f 2803 2802 2873
f 2821 2822 2792
f 2869 2779 2788
f 2781 2857 2791
f 2159 2997 2158
f 3167 3165 3166
f 2819 2859 2818
f 2816 2815 2862
f 2776 2866 2777
f 3165 2770 2769
f 2923 3180 3660
f 2153 3008 2152
f 2810 2809 2795
f 2808 2807 2792
f 2156 3184 2992
f 2936 2162 2797
f 2938 3593 2932
f 2827 2864 2826
f 2937 2797 2798
f 2165 2868 2164
f 2807 2872 2791
f 2997 2159 2995
f 2783 2812 2776
f 2888 2887 2889
f 2161 2879 2782
f 2812 2813 2866
f 3208 3207 3003
f 3002 3092 2934
f 2814 2815 2865
f 2161 2881 2162
f 3006 2889 2940
f 2797 2162 2163
f 2872 2874 2790
f 2722 2721 3267
f 3630 3632 3624
f 2886 2936 2937
f 2900 1079 2952
f 2839 2844 2838
f 2905 2844 2794
f 2823 2905 2822
f 2844 2839 2796
f 2796 2810 2844
f 3031 2960 3030
f 3255 3260 3254
f 3244 3045 3314
f 3030 2759 2758
f 3036 2829 3035
f 2170 3039 2169
f 3040 2967 3039
f 3041 2825 2824
f 2970 3262 2964
f 3038 2166 2167
f 2792 2857 2821
f 2905 2792 2822
f 3140 3268 2714
f 3677 3680 3333
f 2977 3471 3477
f 2709 3053 3150
f 3280 3278 3517
f 2705 2704 2920
f 26 2921 2920
f 3056 2921 2922
f 2924 3173 3181
f 44 45 3064
f 2773 2927 2774
f 3066 3067 3068
f 3194 3191 3193
f 3294 3202 3198
f 2886 3005 2939
f 3088 3087 3186
f 3006 3007 2764
f 2935 3167 3288
f 3439 3002 2885
f 2935 3387 3168
f 2161 2162 2936
f 2886 2160 2936
f 2936 2160 2161
f 2799 3593 2798
f 2932 3593 2998
f 3004 2938 3093
f 2886 2937 2938
f 2939 2159 2160
f 2886 2939 2160
f 2152 2887 2888
f 2943 3011 1098
f 3099 2942 3100
f 3011 2943 2891
f 3009 1099 1100
f 3011 3100 1098
f 2746 3012 2945
f 2944 2745 2744
f 2747 2945 3009
f 2945 2840 3010
f 3014 3104 3214
f 3216 3102 3217
f 3399 3401 3404
f 3212 3211 3098
f 3223 2730 2729
f 3026 3409 3410
f 3399 2947 3357
f 2845 1079 2900
f 1079 1080 2952
f 1080 3024 2952
f 3451 3411 2954
f 3024 3023 2953
f 3023 3025 2953
f 3411 3022 2954
f 3525 3537 2897
f 2901 2898 3537
f 3562 2901 2956
f 2844 2905 2823
f 2796 3906 3974
f 3906 2796 2839
f 2908 3029 2958
f 3123 2959 3124
f 2959 3252 3237
f 3034 2911 2960
f 2754 2753 3125
f 2963 2911 3127
f 2963 2759 3030
f 3034 2960 2909
f 2827 3047 2970
f 3245 3459 3460
f 3122 3311 3229
f 3134 2853 3044
f 3032 3239 3126
f 2968 2825 3041
f 2970 2968 2914
f 2824 2163 3042
f 3044 3043 2915
f 3046 3136 2914
f 2827 2970 2828
f 2971 2166 3038
f 3043 2971 2915
f 2915 3134 3044
f 2792 2905 2793
f 3050 3331 2975
f 3276 3147 39
f 3268 3320 3464
f 3055 3153 29
f 3279 2705 2919
f 2707 3057 2708
f 25 2920 2704
f 25 26 2920
f 3056 2919 2921
f 2979 2922 2921
f 41 42 3061
f 3164 3338 2980
f 2982 2984 2985
f 3073 2986 2982
f 2925 3073 2982
f 3062 2981 3061
f 2984 2927 2773
f 2985 2773 2772
f 2986 2984 2982
f 2771 3082 2772
f 3081 3165 2987
f 2986 2926 2927
f 2984 2986 2927
f 2770 3165 3081
f 2982 2985 2989
f 3072 2925 3066
f 2987 2988 3081
f 2985 2988 2989
f 2925 2982 2989
f 3070 3065 3067
f 3076 2927 2926
f 3064 2990 2983
f 3292 3083 3341
f 3190 3192 2805
f 3294 3676 3199
f 3486 3487 3442
f 2997 2995 3096
f 2939 2995 2159
f 2931 2995 2939
f 3004 2931 2939
f 2158 3185 2157
f 3096 2995 2931
f 2158 2997 2996
f 3089 2800 2801
f 3090 2801 2802
f 2938 2937 3593
f 3089 2998 2800
f 3007 2765 2764
f 3205 3001 3206
f 3092 2153 2154
f 2884 3094 3004
f 3005 3004 2939
f 2938 3005 2886
f 2889 3006 2763
f 3007 3006 2940
f 3007 2940 3210
f 2766 3007 3000
f 2887 3008 2941
f 2941 3008 3092
f 3446 3447 3356
f 3211 3100 3098
f 1097 1098 3100
f 3009 2943 1099
f 3009 1100 2748
f 2943 3009 3010
f 2891 3594 3011
f 3594 3012 3103
f 3101 3103 3012
f 3012 2840 2945
f 2943 2840 2891
f 3106 2743 3104
f 3013 2946 3101
f 3214 3217 3014
f 3713 3308 3299
f 3218 1093 3108
f 2732 3114 2733
f 2954 3024 3119
f 1089 1090 3118
f 3219 1092 3218
f 3218 3109 3219
f 3411 3510 3022
f 3022 3025 3023
f 2897 2902 3025
f 2897 3025 3022
f 1082 3024 1081
f 1082 3119 3024
f 3408 3019 3307
f 3409 3026 3408
f 3027 3561 3558
f 2955 3120 3027
f 3122 2834 2833
f 3233 2835 2834
f 3029 2962 2958
f 3030 2757 2756
f 2911 3030 2960
f 2960 3031 2909
f 3120 2753 2752
f 2172 3029 3237
f 2910 2962 2173
f 2910 2173 2174
f 2911 3034 3128
f 2910 2958 2962
f 2963 3030 2911
f 3128 3033 3127
f 3031 2847 2909
f 3456 3034 2909
f 3033 3034 2958
f 2970 3035 2828
f 3036 3035 2964
f 3036 2965 3240
f 3416 2965 3417
f 3228 2834 3122
f 2168 2169 3039
f 3038 2966 3134
f 3038 2168 3039
f 2966 3039 2967
f 3126 2170 2171
f 3250 3239 3252
f 3042 3041 2824
f 2968 3041 2969
f 2164 2165 3042
f 3133 2165 2166
f 3133 3042 2165
f 2971 3043 2166
f 2969 3044 2914
f 3134 2915 2971
f 3046 3044 2853
f 3132 3045 3134
f 3046 2853 3136
f 2914 3044 3046
f 2968 3047 2826
f 3035 2970 2964
f 3316 3263 3264
f 2719 3322 3323
f 35 3274 34
f 3275 3145 3274
f 38 3147 3146
f 3149 3381 3052
f 3152 2711 3151
f 28 29 3153
f 3156 2918 2978
f 2978 3058 3153
f 3271 3142 31
f 2919 3154 3279
f 2976 3053 3057
f 26 27 2979
f 2921 26 2979
f 3058 2979 27
f 2979 3058 2922
f 3147 3277 3653
f 3061 42 43
f 3061 43 3062
f 41 3063 40
f 41 3061 3063
f 3062 3064 2983
f 2989 3070 3067
f 3066 2989 3067
f 3070 2989 2987
f 3065 3068 3067
f 3069 3072 3066
f 3170 3077 3078
f 2925 3072 3071
f 3073 2925 3071
f 2926 3073 3075
f 3073 2926 2986
f 3074 2926 3075
f 3075 3073 3071
f 3076 2926 3074
f 3078 3071 3072
f 2983 2990 3076
f 3075 3077 3080
f 3170 3078 3069
f 3077 3075 3078
f 3075 3071 3078
f 3080 3174 3173
f 3074 3079 3164
f 3078 3072 3069
f 3080 3074 3075
f 3077 3174 3080
f 3074 3080 3079
f 2987 2989 2988
f 2988 2985 3082
f 3082 2985 2772
f 2771 2770 3081
f 2774 2990 45
f 3076 2990 2927
f 2156 2157 3184
f 3189 3293 2992
f 2804 2805 3192
f 2993 2930 3200
f 3096 3088 2996
f 3198 3345 3296
f 2996 3088 3185
f 3090 3089 2801
f 2998 3089 2999
f 2802 2803 3090
f 3621 2993 3197
f 3007 2766 2765
f 3091 2766 3000
f 3091 3000 2933
f 2941 3092 3002
f 3093 2938 2932
f 3005 2938 3004
f 2999 2932 2998
f 2932 2999 3093
f 3294 3199 3197
f 3004 3094 2931
f 3095 2884 3297
f 3096 3095 3297
f 3295 3297 2884
f 3096 3094 3095
f 2997 3096 2996
f 3094 3096 2931
f 3210 3000 3007
f 3439 3000 3097
f 3092 3008 2153
f 3002 3097 2941
f 3208 3393 2934
f 3099 3622 2942
f 3099 3100 2890
f 3211 1097 3100
f 3010 3009 2945
f 3100 3011 2890
f 3013 2944 2744
f 3101 3012 2944
f 3103 3101 3102
f 3013 3101 2944
f 3102 3101 2946
f 3105 3104 3014
f 2743 3105 3013
f 3104 2742 2741
f 3104 3105 3106
f 3107 2739 3112
f 3112 2738 2948
f 2741 3015 3104
f 2740 3015 2741
f 3112 3649 3107
f 3108 1093 1094
f 1092 3219 1091
f 3298 3110 3301
f 3108 3110 3298
f 3212 1095 3211
f 3300 3110 3220
f 3222 2737 2736
f 2948 3649 3112
f 3113 2738 3111
f 2739 3107 2740
f 3015 2740 3107
f 3015 3215 3214
f 3222 3111 2737
f 2734 3222 2735
f 3113 3111 3017
f 3221 2734 2733
f 1085 1086 1087
f 3119 1085 3019
f 3117 1088 3306
f 1082 1083 3119
f 3561 3027 2751
f 2955 3225 3120
f 3121 2839 2838
f 3121 2838 2837
f 3121 3028 2839
f 2832 3230 3311
f 2834 3228 2957
f 3233 2834 2957
f 2962 3029 2173
f 3124 2908 3123
f 3360 3123 2847
f 3029 2908 3124
f 3030 2756 3031
f 3238 2756 2754
f 3415 2847 3031
f 3237 3032 2172
f 2170 3126 3040
f 3033 2910 2848
f 2958 2910 3033
f 2848 3127 3033
f 3127 2911 3128
f 2963 3127 2848
f 3128 3034 3033
f 3130 2912 3129
f 3457 3425 3458
f 3036 2964 3130
f 2912 3130 2964
f 3130 3129 3417
f 3242 3241 3230
f 3131 3246 2913
f 2966 3131 2913
f 2966 2913 3132
f 3243 3132 2913
f 3038 3039 2966
f 3039 2170 3040
f 2967 3246 3131
f 2166 3043 3133
f 3042 3133 3043
f 3134 3045 2853
f 3132 3134 2966
f 2914 3136 3135
f 2914 3135 2970
f 3264 2726 2725
f 3371 3265 3317
f 3266 2724 2723
f 3464 3321 2716
f 3141 3468 3324
f 3143 3331 3050
f 33 3144 3143
f 3051 3148 3146
f 3276 39 40
f 3147 3276 3277
f 3653 3654 3051
f 39 3147 38
f 37 3146 3148
f 3148 36 37
f 3057 3053 2708
f 2976 3279 3278
f 3281 3053 2976
f 3055 29 30
f 3158 2978 3055
f 3055 31 3158
f 3158 31 3142
f 3154 2919 3056
f 2706 3057 2707
f 2922 3058 2978
f 2918 3283 2922
f 3283 3155 3056
f 3056 3155 3154
f 3055 2978 3153
f 3158 3156 2978
f 3157 3161 3611
f 3156 3158 3159
f 3160 3156 3159
f 3159 3158 3142
f 3161 3160 3329
f 3159 3142 3160
f 3285 3161 3329
f 3156 3160 3157
f 3157 3160 3161
f 27 28 3058
f 3153 3058 28
f 3063 3162 40
f 3162 3059 3163
f 2980 3286 3163
f 3162 3063 3059
f 3059 2981 3164
f 3059 3063 2981
f 3059 3164 2980
f 3091 3206 2767
f 2987 3165 3167
f 3166 3165 2769
f 3070 3167 2935
f 3081 2988 3082
f 3387 2935 3478
f 2983 3169 3062
f 3169 2983 3076
f 3077 3170 3175
f 3441 3488 3489
f 3171 3069 3066
f 3170 3069 3171
f 3389 3443 3586
f 3175 3170 3172
f 3340 3176 3172
f 3176 3178 3175
f 3170 3171 3289
f 3175 3172 3176
f 2924 3079 3080
f 2924 3080 3173
f 3175 3174 3077
f 3179 3175 3178
f 3290 3586 3340
f 3176 3291 3178
f 3840 3176 3340
f 3180 3182 3179
f 3291 3176 3840
f 3174 3179 3173
f 3177 3179 3178
f 3337 3338 3659
f 3173 3179 3182
f 3181 3180 3659
f 3164 2924 3338
f 3081 3082 2771
f 2158 2996 3185
f 3186 3185 3088
f 2157 3185 3184
f 3186 3349 3185
f 2992 3185 3187
f 2992 3184 3185
f 3352 3087 3297
f 2929 3188 3187
f 3209 3188 3392
f 2992 3293 2156
f 3188 3189 3187
f 2992 3187 3189
f 3192 3190 3085
f 3085 3190 3191
f 3193 3190 2806
f 3192 3085 3084
f 2807 3193 2806
f 3191 3190 3193
f 3195 2807 2808
f 3191 3194 3086
f 3194 3195 3196
f 3195 2808 2809
f 2807 3194 3193
f 3195 3194 2807
f 3090 3084 2993
f 3346 3202 3347
f 3200 3197 2993
f 3199 3621 3197
f 3296 3093 3198
f 2999 3090 3199
f 3621 3199 3090
f 3676 3093 2999
f 3296 3295 2884
f 3492 3201 3347
f 3197 3200 3202
f 3085 3203 3084
f 2993 3084 3203
f 2929 3187 3349
f 3200 2930 3347
f 3346 3295 3345
f 3085 3191 3204
f 3086 3204 3191
f 3203 3085 3204
f 3206 3091 3205
f 3001 3166 3206
f 2933 3205 3091
f 3166 2768 3206
f 3206 2768 2767
f 3207 3092 2154
f 2155 3207 2154
f 3092 3208 2934
f 3207 3208 3092
f 3003 3209 3208
f 3393 3209 3392
f 3207 2155 3003
f 3210 2940 2887
f 3000 3210 3097
f 2941 3210 2887
f 3210 2941 3097
f 3439 3097 3002
f 2942 3622 3213
f 3015 3107 3215
f 3214 3648 3217
f 3645 3217 3648
f 3102 3014 3217
f 3102 3216 2892
f 3105 2946 3013
f 3105 3014 2946
f 3106 3105 2743
f 3220 3108 1094
f 3108 3298 3218
f 3224 3219 3308
f 1094 1095 3220
f 3220 1095 3212
f 2738 2737 3111
f 3222 2734 3303
f 3303 2734 3221
f 2735 3222 2736
f 3221 2733 3114
f 2728 2727 3265
f 3116 1085 1087
f 1088 3116 1087
f 3020 3116 1088
f 3116 3020 3307
f 1085 3119 1083
f 2950 3409 3408
f 3411 3026 3410
f 1085 1083 1084
f 3027 3120 2752
f 3225 3125 3120
f 3310 3225 2955
f 3236 2837 2835
f 3233 3234 3236
f 3227 3226 3028
f 3121 3227 3028
f 3121 3235 3227
f 3121 3236 3235
f 3122 3229 3228
f 3228 3229 3231
f 3122 2833 3311
f 3037 3419 3231
f 3242 2832 2831
f 3241 3365 3037
f 3228 3231 3232
f 3037 3231 3229
f 3423 3231 3419
f 3228 3232 2957
f 2957 2907 3234
f 3226 3227 3235
f 2837 3236 3121
f 2835 3233 3236
f 3236 3234 3235
f 2959 3237 3124
f 3237 3029 3124
f 2754 2756 2755
f 3031 3238 2961
f 3120 3125 2753
f 3237 3239 3032
f 3040 3126 3246
f 3036 3240 2830
f 3242 3240 2965
f 3416 3365 3241
f 3230 3037 3229
f 3230 2832 3242
f 3247 3249 2913
f 3132 3314 3045
f 3136 3244 3245
f 3314 2852 3244
f 3258 3459 2852
f 3247 2913 3246
f 3247 3239 3248
f 3040 3246 2967
f 3239 3247 3246
f 3248 3249 3247
f 3239 3251 3248
f 3255 3254 3250
f 3250 3251 3239
f 3252 3239 3237
f 3261 3259 3254
f 3250 3252 3312
f 3314 3256 2852
f 3243 3249 3256
f 3248 3251 3257
f 3261 3254 3253
f 3418 3419 3365
f 3256 3248 3258
f 3424 3457 3257
f 3256 3249 3248
f 3457 3458 3258
f 3257 3258 3248
f 3250 3254 3251
f 2913 3249 3243
f 3259 3251 3254
f 3251 3259 3257
f 3250 3361 3255
f 3462 3253 2846
f 3313 3422 3418
f 3254 3260 3253
f 3361 3260 3255
f 3362 2846 3253
f 3460 3262 3135
f 2912 2964 3262
f 3263 2726 3264
f 3263 3137 3265
f 3315 2725 2724
f 3137 3317 3265
f 3267 3319 3266
f 3318 2721 2720
f 2713 2712 3282
f 3270 3141 3326
f 3139 3318 3325
f 3160 3328 3329
f 3144 33 3272
f 3144 3272 3273
f 3273 3274 3145
f 3275 3274 3149
f 3163 3286 3276
f 3276 3286 3277
f 3653 3277 3060
f 3148 3381 3149
f 35 36 3149
f 3278 3280 2976
f 3053 3281 3150
f 3281 2976 3280
f 3282 2711 3152
f 2710 3151 2711
f 3282 3152 3384
f 2713 3282 3336
f 3055 30 31
f 2706 3279 3057
f 3155 3283 3284
f 3283 2918 3284
f 3154 3278 3279
f 3606 3607 3611
f 3278 3154 3155
f 2974 3161 3285
f 2974 3616 3612
f 3276 3162 3163
f 2987 3167 3070
f 3070 3168 3065
f 2935 3168 3070
f 3287 3339 3288
f 3178 3291 3177
f 3173 3182 3181
f 3906 3912 3974
f 3003 3189 3188
f 3003 2155 3293
f 3293 2155 2156
f 3293 3189 3003
f 3084 2804 3192
f 3195 2809 3183
f 3202 3294 3197
f 3198 3093 3676
f 3095 3094 2884
f 3296 2884 3093
f 3198 3202 3345
f 3348 3295 3346
f 2768 3166 2769
f 1095 1096 3211
f 3098 3100 2942
f 3715 3098 3213
f 3213 3098 2942
f 3014 3102 2946
f 3357 3298 3301
f 3299 3218 3016
f 3299 3109 3218
f 3110 3356 3301
f 3212 3300 3220
f 3301 3396 3357
f 3303 3221 3018
f 3597 3302 3018
f 3018 3302 3303
f 3302 3017 3304
f 3303 3302 3304
f 2949 3018 3305
f 3305 3018 3114
f 3597 3018 2949
f 3372 3371 3317
f 3222 3303 3017
f 3017 3303 3304
f 3223 2731 2730
f 3115 2731 3223
f 2728 3223 2729
f 3020 1088 3117
f 3224 3309 3306
f 3119 3019 3026
f 1089 3306 1088
f 3219 3109 3308
f 3224 3308 3021
f 3224 3021 3309
f 3359 3309 3021
f 3309 3020 3117
f 3219 1090 1091
f 3118 1090 3224
f 3550 2955 3558
f 3682 3364 3454
f 3703 3704 3701
f 2832 3311 2833
f 3229 3311 3230
f 3242 2965 3241
f 3425 3457 3424
f 3241 3037 3230
f 3132 3243 3314
f 2853 3045 3244
f 3256 3314 3243
f 3136 2853 3244
f 3245 3244 2852
f 3126 3239 3246
f 3261 3367 3426
f 3424 3257 3261
f 3261 3257 3259
f 3315 3264 2725
f 3266 3315 2724
f 3368 3315 3266
f 3589 3138 3579
f 3263 3265 2727
f 3265 3371 2728
f 3318 3267 2721
f 3323 3325 3318
f 3368 3266 3430
f 2722 3266 2723
f 3268 2715 2714
f 3438 2973 3320
f 2715 3268 3464
f 2716 3321 2717
f 3321 3464 3465
f 3323 3322 3270
f 3270 3322 3321
f 2719 2718 3322
f 2720 2719 3323
f 3327 3049 3431
f 3323 3270 3325
f 2720 3323 3318
f 3326 3141 3324
f 3326 3324 3327
f 3325 3270 3326
f 3336 2714 2713
f 3160 3142 3143
f 3328 3160 3143
f 3329 3328 3330
f 3330 3285 3329
f 2974 3285 3330
f 3328 3143 3050
f 3328 3050 3330
f 3376 2975 3375
f 2975 3331 3383
f 3273 3331 3144
f 3331 3273 3383
f 3050 2975 3330
f 3333 2975 3677
f 33 3271 32
f 3271 3143 3142
f 3274 3272 34
f 3149 3274 35
f 3677 3383 3332
f 3382 3145 3275
f 3383 3382 3332
f 3277 3286 3060
f 2976 3057 3279
f 3150 3281 3054
f 2710 3150 3151
f 3054 3151 3150
f 3334 3151 3054
f 3335 3282 3384
f 3282 3335 3336
f 3269 3336 3335
f 3269 3335 3140
f 2922 3283 3056
f 2980 3163 3059
f 2924 3659 3338
f 3166 3001 3287
f 3167 3166 3287
f 3288 3167 3287
f 3391 3444 3339
f 3391 3339 3287
f 3479 3339 3444
f 3172 3170 3289
f 3289 3290 3172
f 3388 3488 3442
f 3290 3340 3172
f 3290 3389 3586
f 3292 3675 3083
f 2810 3979 3292
f 3003 3188 3209
f 3342 3392 3188
f 3344 3342 3343
f 2929 3343 3188
f 3341 3183 2809
f 3196 3195 3183
f 3346 3345 3202
f 3295 3296 3345
f 3202 3200 3347
f 3346 3201 3348
f 3201 3350 3348
f 3295 3348 3352
f 2929 3351 3353
f 3351 3350 3201
f 3350 2929 3352
f 3492 3347 2930
f 3351 2929 3350
f 2929 3349 3352
f 3352 3349 3087
f 3492 3351 3201
f 3353 2875 3355
f 3354 3353 3355
f 3295 3352 3297
f 2875 3353 3351
f 3343 3354 3344
f 3354 3343 2929
f 3349 3187 3185
f 3354 2929 3353
f 3088 3297 3087
f 3096 3297 3088
f 3218 3298 3016
f 3220 3110 3108
f 3298 2947 3016
f 3396 3356 3398
f 3401 3402 2893
f 3115 3114 2732
f 2731 3115 2732
f 3118 3306 1089
f 3224 3306 3118
f 3309 3359 3413
f 2951 3414 3407
f 2959 3123 3312
f 3252 2959 3312
f 3415 3362 3260
f 3123 3360 3312
f 3360 3361 3312
f 3250 3312 3361
f 3260 3361 3415
f 3253 3260 3362
f 3362 3455 2846
f 3241 2965 3416
f 3365 3313 3418
f 2846 3428 3462
f 3369 3368 3138
f 3316 3369 3138
f 3264 3315 3369
f 3317 3137 3048
f 3263 3316 3137
f 3369 3316 3264
f 2949 3305 3429
f 3372 3374 3370
f 3372 3317 3374
f 3316 3048 3137
f 3048 3374 3317
f 3430 3267 3139
f 3267 3430 3319
f 3589 3579 3049
f 3318 3139 3267
f 3326 3327 3325
f 3331 3143 3144
f 2916 3738 3435
f 3375 2975 3333
f 3377 3379 3680
f 3333 3680 3375
f 3680 3681 3377
f 2975 3376 3330
f 3375 3379 3378
f 3378 3376 3375
f 2974 3376 3378
f 3680 3379 3375
f 3377 3435 3379
f 3149 3052 3858
f 3654 3380 3148
f 3148 3380 3381
f 3275 3858 3382
f 3858 3332 3382
f 3383 3145 3382
f 3280 3054 3281
f 3384 3152 3334
f 3152 3151 3334
f 2714 3269 3140
f 3140 3335 3320
f 3286 2980 3337
f 3060 3286 3337
f 3660 3665 2923
f 3663 3667 3666
f 3657 3655 3654
f 3386 3205 2933
f 3386 2885 3342
f 3479 3480 3478
f 3478 2935 3288
f 3483 3487 3485
f 3389 3290 3289
f 3388 3442 3389
f 3168 3387 3441
f 3553 3547 2928
f 3342 3188 3343
f 3342 3391 3386
f 3342 2885 3392
f 3205 3391 3001
f 2934 3393 3002
f 2885 3393 3392
f 3391 3342 3344
f 3391 3287 3001
f 3209 3393 3208
f 3395 2930 2993
f 3479 3481 3480
f 3203 3395 2993
f 3186 3087 3349
f 3396 3301 3356
f 3298 3357 2947
f 3400 3402 3397
f 3396 3398 3400
f 3357 3396 3400
f 3397 3399 3357
f 3723 3724 3721
f 3401 3399 3397
f 3401 3397 3402
f 3576 3588 3534
f 3709 3404 3401
f 3555 3557 3534
f 2947 3712 3406
f 3400 3397 3357
f 3401 2893 3710
f 3448 3405 3493
f 3493 3791 3792
f 3404 3712 3399
f 3299 3016 3406
f 3300 3445 3356
f 3020 3309 3413
f 3307 2950 3408
f 3026 3019 3408
f 3307 3019 3116
f 3453 2950 3449
f 3409 2950 3453
f 3535 3510 3509
f 3410 2903 3411
f 3409 3453 3452
f 3026 3411 3451
f 3411 2903 3510
f 3022 3023 2954
f 3358 3307 3020
f 2950 3358 3449
f 3359 2951 3413
f 3413 3407 3020
f 3020 3407 3358
f 2951 3407 3413
f 3360 2847 3361
f 2847 3415 3361
f 3455 3362 3415
f 3456 3123 2908
f 2958 3456 2908
f 2965 3130 3417
f 3365 3416 3313
f 3416 3417 3425
f 3232 3231 3423
f 3365 3419 3037
f 3419 3418 3423
f 3424 3426 3420
f 3423 3422 3420
f 3424 3422 3313
f 3422 3423 3418
f 3232 3423 3421
f 3416 3425 3313
f 3424 3261 3426
f 3417 3129 3425
f 3367 3261 3253
f 3462 3367 3253
f 3423 3420 3421
f 2907 3421 3427
f 3425 3424 3313
f 3424 3420 3422
f 3427 3420 3426
f 3427 3426 3367
f 3683 3684 2846
f 3223 3372 3370
f 3115 3305 3114
f 3305 3370 3429
f 3115 3223 3370
f 2728 3371 3223
f 3373 3370 3374
f 3115 3370 3305
f 2949 3429 3496
f 3430 3266 3319
f 3139 3325 3430
f 3325 3327 3431
f 3431 3049 3579
f 3430 3325 3431
f 3327 3324 3512
f 3141 3433 3468
f 3270 3465 3141
f 3432 3433 3434
f 3141 3434 3433
f 2973 3464 3320
f 3679 3855 3681
f 3275 3149 3858
f 3145 3383 3273
f 3613 3609 3498
f 3437 2977 3384
f 3280 3436 3054
f 3384 3334 3437
f 3268 3140 3320
f 3320 3335 3476
f 3438 3518 2973
f 3391 3205 3386
f 2885 2933 3439
f 3393 2885 3002
f 2933 2885 3386
f 3000 3439 2933
f 3441 3387 3486
f 3487 3502 3504
f 3390 3989 3584
f 3395 3394 2930
f 3394 3492 2930
f 3355 3479 3444
f 2875 3351 3394
f 3440 3355 3444
f 3356 3445 3446
f 3398 3356 3447
f 3445 3300 3212
f 3715 3212 3098
f 3212 3715 3445
f 3446 3445 3715
f 3712 3711 3406
f 3016 2947 3406
f 3358 3407 3449
f 3510 3525 3022
f 3452 2903 3410
f 3026 3451 2954
f 2954 3023 3024
f 3453 3449 3452
f 2895 3508 3412
f 3410 3409 3452
f 3452 3449 3412
f 2961 3455 3415
f 3682 3454 3238
f 3683 3454 3363
f 3456 2958 3034
f 2847 3123 3456
f 3421 3420 3427
f 3129 3461 3425
f 3257 3457 3258
f 2912 3460 3461
f 2852 3459 3245
f 3459 3458 3460
f 3258 3458 3459
f 3461 3460 3458
f 3425 3461 3458
f 2912 3461 3129
f 2912 3262 3460
f 3245 3460 3135
f 3462 3428 3690
f 3223 3371 3372
f 3370 3373 3429
f 2973 3432 3464
f 3432 3467 3466
f 3432 3434 3465
f 3465 3464 3432
f 3141 3465 3434
f 3432 2973 3467
f 2973 3518 3467
f 3435 3377 3851
f 3738 3379 3435
f 3436 3437 3054
f 3054 3437 3334
f 3436 3470 3437
f 3477 3471 3475
f 3471 2977 3470
f 3470 3498 3471
f 3437 3470 2977
f 3498 3470 3472
f 3475 3471 3473
f 3335 3384 2977
f 2977 3476 3335
f 3444 3391 3440
f 3479 3478 3288
f 3339 3479 3288
f 2875 3394 3482
f 3482 3481 3479
f 3482 3491 3521
f 3482 3479 3355
f 3484 3486 3480
f 3486 3484 3487
f 3481 3484 3480
f 3484 3481 3485
f 3503 3531 3522
f 3442 3488 3486
f 3289 3171 3489
f 3065 3168 3441
f 3388 3289 3489
f 3068 3489 3171
f 3289 3388 3389
f 3068 3171 3066
f 3489 3068 3065
f 3065 3441 3489
f 3441 3486 3488
f 3443 3389 3442
f 3443 3504 3560
f 3394 3395 3491
f 3204 3491 3203
f 3522 3521 3503
f 3440 3391 3344
f 3354 3440 3344
f 3493 3400 3448
f 3400 3398 3448
f 3505 3398 3447
f 3414 3449 3407
f 3412 3449 3414
f 3509 3510 2903
f 3450 2903 3495
f 2909 2847 3456
f 3429 2972 3526
f 3321 3465 3270
f 3466 3433 3432
f 3513 3324 3468
f 3433 3466 3497
f 3564 3512 3513
f 3471 3498 3499
f 3473 3471 3499
f 3514 3473 3499
f 3501 3500 3474
f 3477 3501 3476
f 3476 3501 3438
f 2977 3477 3476
f 2875 3482 3355
f 3487 3483 3502
f 3484 3485 3487
f 3502 2928 3520
f 3480 3486 3387
f 3086 2994 3204
f 3488 3388 3489
f 3504 3443 3442
f 3554 3560 3520
f 3522 3485 3481
f 3346 3347 3201
f 3351 3492 3394
f 3440 3354 3355
f 3400 3493 3402
f 3505 3448 3398
f 2893 3402 3792
f 3733 3732 3730
f 3588 2895 3507
f 3414 3524 3507
f 3507 2895 3412
f 3507 3412 3414
f 3495 3508 3494
f 2903 3508 3495
f 3508 3452 3412
f 3508 2903 3452
f 2961 3415 3031
f 3540 3527 3496
f 3466 3467 3511
f 3528 3511 3518
f 3327 3512 3049
f 3513 3512 3324
f 3468 3433 3566
f 3468 3566 3513
f 3513 3566 3469
f 3513 3469 3564
f 3472 3470 3516
f 3752 3934 3542
f 3544 3545 3500
f 3511 3541 3552
f 3475 3473 3500
f 3470 3436 3516
f 3517 3278 3155
f 3516 3436 3280
f 3516 3280 3517
f 3517 3606 3516
f 3502 3532 2928
f 3487 3504 3442
f 3504 3502 3520
f 3480 3387 3478
f 3620 3503 3086
f 3531 3483 3485
f 3546 3532 3483
f 3491 3482 3394
f 3481 3482 3521
f 3491 3204 3521
f 3521 3204 2994
f 3203 3491 3395
f 3521 3522 3481
f 3447 3446 3625
f 3213 3446 3715
f 3448 3505 3523
f 3505 3447 3625
f 3496 3429 3526
f 3526 3551 3496
f 3572 3551 2972
f 3496 3527 2949
f 3603 3599 3527
f 3590 3541 3528
f 3466 3511 3497
f 3498 3472 3613
f 3514 3499 3609
f 3474 3438 3501
f 2928 3532 3553
f 3414 2951 3524
f 3535 3525 3510
f 3537 3525 3535
f 3022 3525 2897
f 3549 2843 3535
f 2956 3537 3536
f 2901 3537 2956
f 2956 3536 3538
f 3538 3558 3562
f 2972 3429 3373
f 3551 3539 3540
f 3515 3500 3545
f 3544 3500 3514
f 3514 3530 3544
f 3438 3474 3518
f 3501 3475 3500
f 3475 3501 3477
f 3511 3528 3541
f 3467 3518 3511
f 3546 3483 3519
f 3483 3532 3502
f 3183 3546 3519
f 3548 2951 3359
f 3450 3509 2903
f 3535 2843 3536
f 2904 3310 3550
f 3526 2972 3551
f 3496 3551 3540
f 3544 3530 3543
f 3528 3518 3474
f 3183 3341 3546
f 2991 3553 3532
f 3546 2991 3532
f 3341 2991 3546
f 3547 3748 3554
f 3553 2991 4060
f 2928 3547 3554
f 3548 3524 2951
f 3555 3524 3548
f 3548 3714 3555
f 3555 3533 3557
f 3524 3555 3534
f 3556 3557 3533
f 3556 3404 3786
f 3403 3557 3556
f 3509 3549 3535
f 3694 3538 2843
f 2895 3494 3508
f 3495 3494 3878
f 3694 3549 3686
f 3538 3536 2843
f 3537 3535 3536
f 3310 2955 3550
f 3558 2955 3027
f 2956 3538 3562
f 3558 3538 3550
f 3551 3572 3539
f 3539 3559 3540
f 3564 3559 3539
f 3561 2751 2750
f 3558 3561 3562
f 3562 3561 2901
f 3567 3580 3592
f 3563 3559 3469
f 3563 3567 3577
f 3433 3497 3565
f 3552 3568 3497
f 3563 3565 3567
f 3567 3565 3568
f 3433 3565 3566
f 3540 3751 3463
f 3552 3497 3511
f 3568 3552 3542
f 3542 3933 3574
f 3541 3542 3552
f 3580 3568 3574
f 3574 3568 3542
f 3497 3568 3565
f 3443 3560 3490
f 3520 3560 3504
f 3554 3520 2928
f 3983 4000 3675
f 3403 3534 3557
f 3726 3719 3725
f 3507 3524 3588
f 3563 3540 3559
f 3564 3539 3572
f 3373 3578 2972
f 3564 3572 3573
f 3564 3573 3512
f 3469 3559 3564
f 3563 3469 3565
f 3469 3566 3565
f 3540 3563 3750
f 3528 3515 3590
f 3542 3541 3591
f 3752 3542 3591
f 3580 3567 3568
f 3390 3490 3569
f 3490 3560 3569
f 3716 3732 3506
f 3563 3577 3750
f 3048 3589 3578
f 3579 3138 3368
f 3572 2972 3578
f 3578 3573 3572
f 3579 3368 3430
f 3589 3573 3578
f 3573 3589 3049
f 3573 3049 3512
f 3431 3579 3430
f 3528 3474 3515
f 3500 3515 3474
f 3515 3545 3590
f 4034 3962 3963
f 3991 4024 3756
f 3584 3583 3585
f 3986 3985 3583
f 3586 3443 3490
f 3390 3755 3490
f 3534 3403 3718
f 3571 3716 3576
f 3588 3506 2895
f 3506 3588 3576
f 3534 3588 3524
f 3751 3750 3749
f 3589 3316 3138
f 3048 3578 3373
f 3374 3048 3373
f 3938 3591 3753
f 3591 3541 3590
f 3580 3581 3592
f 3048 3316 3589
f 3581 3580 3529
f 3577 3567 3592
f 3537 2898 2897
f 2798 3593 2937
f 2998 3593 2799
f 2840 3594 2891
f 2892 3627 3102
f 3594 3595 3011
f 3627 3595 3594
f 3012 3594 2840
f 3626 3624 3595
f 3011 3595 2890
f 3627 3626 3595
f 2981 3062 3169
f 3074 3169 3076
f 3169 3164 2981
f 3164 3079 2924
f 3169 3074 3164
f 3596 3757 3600
f 3597 2949 3599
f 2949 3527 3599
f 3603 3598 3599
f 3765 3601 3598
f 3597 3596 3302
f 3757 3764 3600
f 3600 3302 3596
f 3596 3597 3601
f 3597 3598 3601
f 3765 3598 3603
f 3527 3540 3463
f 3765 3603 3604
f 3527 3463 3603
f 3603 3463 3604
f 3607 3606 3517
f 3517 3284 3607
f 3516 3606 3472
f 3613 3614 3608
f 3617 3735 3543
f 3514 3609 3530
f 2918 3156 3610
f 3610 3611 3607
f 3610 3157 3611
f 3605 3613 3472
f 3610 3607 3284
f 3610 3284 2918
f 3614 3611 3612
f 3613 3605 3614
f 3609 3613 3608
f 3608 3617 3609
f 3606 3605 3472
f 3606 3611 3605
f 3614 3605 3611
f 3737 3734 3735
f 3161 3612 3611
f 3612 3161 2974
f 3617 3615 3735
f 3616 2974 3378
f 3608 3616 3618
f 3608 3614 3612
f 3617 3618 3615
f 3738 3615 3619
f 3608 3618 3617
f 3616 3608 3612
f 3378 3618 3616
f 3619 3618 3378
f 3379 3619 3378
f 3183 3620 3196
f 3086 3503 2994
f 3519 3620 3183
f 2994 3503 3521
f 3620 3086 3196
f 3483 3531 3519
f 3519 3531 3620
f 3522 3531 3485
f 3531 3503 3620
f 2993 3621 3090
f 3623 3625 3634
f 3622 3099 3635
f 3630 3624 3628
f 3623 3505 3625
f 3099 2890 3624
f 3627 2892 3628
f 3635 3632 3634
f 3595 3624 2890
f 3628 3624 3626
f 3628 3626 3627
f 3627 3594 3103
f 3216 3629 2892
f 3629 3628 2892
f 3629 3644 3628
f 3102 3627 3103
f 3651 3641 3647
f 3646 3630 3628
f 3634 3632 3631
f 3523 3405 3448
f 3646 3632 3630
f 3634 3631 3636
f 3635 3624 3632
f 3635 3099 3624
f 3636 3505 3623
f 3523 3505 3633
f 3623 3634 3636
f 3631 3633 3636
f 3625 3622 3634
f 3622 3625 3213
f 3635 3634 3622
f 3637 3633 3828
f 3828 3633 3640
f 3710 3708 3709
f 3523 3637 3405
f 3523 3633 3637
f 3639 3633 3631
f 3638 3761 3762
f 3829 3833 3827
f 3631 3641 3639
f 3639 3640 3633
f 3644 3646 3628
f 3640 3639 3642
f 3645 3644 3629
f 3639 3651 3642
f 3828 3640 3643
f 3642 3643 3640
f 3644 3641 3646
f 3217 3645 3216
f 3647 3650 3763
f 3645 3647 3641
f 3631 3646 3641
f 3631 3632 3646
f 3648 3647 3645
f 3107 3649 3215
f 3214 3215 3648
f 3650 3649 3760
f 3645 3641 3644
f 3648 3215 3650
f 3215 3649 3650
f 3763 3760 3764
f 3650 3647 3648
f 3647 3763 3651
f 3759 2894 3602
f 3645 3629 3216
f 3763 3638 3651
f 3651 3639 3641
f 3649 2948 3760
f 3642 3651 3638
f 3638 3643 3642
f 3836 3643 3762
f 3232 3421 2907
f 3234 3233 2957
f 3704 3226 3235
f 2907 2957 3232
f 3385 3653 3060
f 3147 3653 3051
f 3385 3657 3653
f 3654 3653 3657
f 3656 3052 3381
f 3380 3656 3381
f 3051 3654 3148
f 3380 3654 3655
f 3380 3655 3656
f 3657 2917 3655
f 3861 2917 3658
f 3061 2981 3063
f 2924 3181 3659
f 3180 3181 3182
f 3661 3337 3659
f 3661 3659 2923
f 3179 3177 3180
f 3659 3180 2923
f 2980 3338 3337
f 3291 3662 3177
f 3667 3664 2917
f 3177 3669 3180
f 2923 3337 3661
f 3660 3180 3669
f 3337 2923 3663
f 3663 2923 3665
f 3666 3337 3663
f 3667 2917 3657
f 3665 3664 3663
f 3657 3385 3667
f 3667 3385 3666
f 3667 3663 3664
f 3668 3665 3671
f 3842 3848 3658
f 3060 3337 3666
f 3060 3666 3385
f 3668 3664 3665
f 4024 3840 3340
f 3671 3660 3669
f 3662 3669 3177
f 3660 3671 3665
f 3984 3671 4027
f 3670 3672 3984
f 3668 3984 3672
f 3672 3841 3668
f 3848 3841 3846
f 3554 3569 3560
f 3675 4060 3083
f 2991 3341 3083
f 3199 3676 2999
f 3198 3676 3294
f 3700 3702 3865
f 3383 3677 2975
f 3859 3678 3679
f 3679 3680 3332
f 3678 3849 3854
f 3681 3680 3679
f 3677 3332 3680
f 3859 3679 3332
f 3310 3364 3225
f 3364 3682 3225
f 3364 3363 3454
f 3454 3455 3238
f 2754 3682 3238
f 3682 3125 3225
f 3125 3682 2754
f 2846 3455 3683
f 2904 3693 3364
f 3428 2846 3684
f 2961 3238 3455
f 3684 3366 3428
f 3701 3367 3703
f 3684 3687 3366
f 3462 3690 3367
f 3549 3509 3450
f 3450 3689 3695
f 3450 3688 3549
f 3689 3495 3878
f 3691 3692 3685
f 3686 3549 3688
f 3691 3687 3692
f 3366 3687 3691
f 3685 3692 3697
f 3550 3538 3699
f 3690 3428 3366
f 3695 3688 3450
f 3698 3686 3696
f 3686 3698 3694
f 3686 3688 3696
f 3450 3495 3689
f 3690 3705 3703
f 3697 3692 3687
f 3687 3684 3363
f 3693 2904 3697
f 3549 3694 2843
f 3697 3699 3694
f 3697 2904 3699
f 3550 3699 2904
f 3694 3699 3538
f 3693 3697 3687
f 3697 3694 3698
f 3363 3684 3683
f 3693 3687 3363
f 3363 3364 3693
f 3704 3235 3701
f 3701 2907 3367
f 3701 3234 2907
f 3226 3704 3706
f 3427 3367 2907
f 3685 3702 3700
f 3701 3235 3234
f 3690 3703 3367
f 3707 3704 3705
f 3706 3704 3707
f 2906 3707 3705
f 3705 3704 3703
f 3376 2974 3330
f 3493 3792 3402
f 3401 3710 3709
f 3708 3785 3709
f 3713 3406 3533
f 3556 3533 3711
f 3299 3308 3109
f 3021 3308 3713
f 2947 3399 3712
f 3713 3299 3406
f 3713 3714 3021
f 3548 3359 3714
f 3021 3714 3359
f 3681 3855 3857
f 2916 3435 3851
f 3446 3213 3625
f 3454 3683 3455
f 3506 3576 3716
f 3720 3722 3721
f 3571 3717 3720
f 3717 3571 3576
f 3718 3576 3534
f 3576 3718 3717
f 3587 3718 3403
f 3717 3718 3587
f 3717 3722 3720
f 3719 3721 3725
f 3575 3717 3587
f 3727 3716 3571
f 3723 3575 3777
f 3720 3721 3719
f 3717 3575 3722
f 3723 3722 3575
f 3721 3722 3723
f 3720 3719 3727
f 3570 3721 3724
f 3726 3725 3781
f 3729 3721 3570
f 3571 3720 3727
f 3729 3781 3725
f 2842 3719 3726
f 3727 3719 2842
f 3702 3698 3696
f 3721 3729 3725
f 3731 3727 2842
f 3731 2842 3867
f 3900 3904 3882
f 3730 3716 3727
f 3727 3731 3730
f 3730 3731 3728
f 3506 3733 3494
f 3732 3733 3506
f 3716 3730 3732
f 3284 3517 3155
f 3544 3543 3734
f 3745 3544 3734
f 3735 3615 3737
f 3619 3615 3618
f 3737 3615 3738
f 3543 3735 3734
f 3745 3734 3739
f 3738 3619 3379
f 2916 3741 3738
f 3741 3742 3743
f 3744 3738 3741
f 3742 2916 3852
f 3744 3746 3737
f 3744 3737 3738
f 3744 3741 3743
f 3545 3544 3590
f 3734 3737 3746
f 3736 3745 3739
f 3743 3740 3746
f 3734 3746 3739
f 3740 3948 3746
f 3544 3745 3590
f 3739 3746 3747
f 3804 3782 3749
f 3824 3782 3577
f 3804 3750 3577
f 3751 3540 3750
f 3752 3591 3938
f 3753 3591 3590
f 3745 3753 3590
f 3586 3490 3755
f 3340 3586 3585
f 3585 3586 3755
f 3755 3390 3584
f 3843 3991 2871
f 3756 3585 3583
f 3985 3756 3583
f 3764 3113 3600
f 3601 3757 3596
f 3602 3757 3601
f 3017 3600 3113
f 3302 3600 3017
f 2894 3759 3761
f 3758 3602 3601
f 3602 3758 3759
f 3760 2948 3113
f 3764 3760 3113
f 3759 3762 3761
f 3764 2894 3761
f 3767 3758 3765
f 3758 3767 3768
f 3759 3768 3652
f 3764 3757 2894
f 3638 3762 3643
f 3638 3763 3761
f 3760 3763 3650
f 3602 2894 3757
f 3763 3764 3761
f 3765 3758 3601
f 3604 3773 3765
f 3758 3768 3759
f 3759 3652 3762
f 3767 3765 3773
f 3751 3770 3604
f 3751 3604 3463
f 3770 3751 3771
f 3750 3804 3749
f 3604 3770 3773
f 3771 3751 3749
f 3824 3837 3834
f 3773 3770 3823
f 3823 3770 3771
f 3788 3778 3795
f 3724 3723 3774
f 3779 3776 3570
f 3776 3772 3729
f 3777 3774 3723
f 3779 3780 3776
f 3778 3779 3570
f 3570 3724 3778
f 3783 3772 3776
f 3575 3587 3777
f 3787 3785 3777
f 3786 3785 3787
f 3724 3774 3778
f 3788 3780 3779
f 3781 3772 3784
f 3782 3771 3749
f 3729 3570 3776
f 3780 3783 3776
f 3803 3784 3810
f 3774 3708 3794
f 3774 3777 3708
f 3403 3786 3787
f 3787 3777 3587
f 3403 3787 3587
f 3775 3809 3807
f 3790 3825 3792
f 3788 3795 3809
f 3797 3799 3796
f 3793 3791 3405
f 3801 3790 3800
f 3405 3791 3493
f 3793 3405 3637
f 3774 3795 3778
f 3795 3794 3789
f 3797 3795 3789
f 3774 3794 3795
f 3789 3800 3797
f 3809 3795 3797
f 3799 3800 3798
f 3800 3799 3797
f 3794 3708 3825
f 3789 3801 3800
f 3810 3784 3783
f 3911 3896 3803
f 3910 3913 3908
f 3803 3781 3784
f 3577 3782 3804
f 3807 3780 3775
f 3808 3773 3805
f 3807 3806 3780
f 3808 3805 3807
f 3788 3809 3775
f 3796 3809 3797
f 3775 3780 3788
f 3783 3784 3772
f 3802 3812 4009
f 4009 3812 3811
f 3911 3803 3813
f 3810 3811 3803
f 3810 3783 3806
f 3806 3783 3780
f 3810 3819 3811
f 3813 3811 3812
f 3813 3803 3811
f 3767 3814 3766
f 2841 3766 3814
f 3814 3767 3773
f 3808 3807 3809
f 2841 3832 3766
f 3796 3808 3809
f 3814 3773 3808
f 3796 3814 3808
f 3815 2841 3799
f 3796 2841 3814
f 3822 3821 3798
f 3815 3799 3798
f 3796 3799 2841
f 3806 3807 3769
f 3769 3817 3818
f 3806 3819 3810
f 3806 3769 3818
f 3818 3817 3816
f 3819 3818 3816
f 3818 3819 3806
f 3577 3592 3581
f 3821 3833 3798
f 3805 3769 3807
f 3773 3823 3805
f 3805 3823 3769
f 3782 3826 3771
f 3822 3798 3800
f 3793 3822 3790
f 3822 3800 3790
f 3769 3820 3817
f 3820 3823 3771
f 3769 3823 3820
f 3794 3825 3801
f 2893 3792 3825
f 3790 3792 3791
f 3782 3824 3826
f 3793 3790 3791
f 3827 3821 3822
f 3827 3822 3793
f 3793 3637 3827
f 3828 3643 3829
f 3637 3828 3827
f 3824 3830 3826
f 3826 3820 3771
f 3830 3824 3834
f 3816 3817 3830
f 3830 3817 3820
f 3832 3815 3831
f 3815 3832 2841
f 3815 3833 3831
f 3829 3835 3833
f 3824 3577 3581
f 3830 3820 3826
f 4023 3838 4022
f 3831 3835 3836
f 3831 3768 3832
f 3766 3768 3767
f 3652 3768 3831
f 3836 3652 3831
f 3652 3836 3762
f 3643 3836 3835
f 3829 3827 3828
f 3827 3833 3821
f 3835 3831 3833
f 3837 3824 3581
f 3643 3835 3829
f 3768 3766 3832
f 3935 3839 3837
f 3834 3837 3839
f 3581 3529 3837
f 3839 4023 3834
f 3498 3609 3499
f 3840 4027 3291
f 3664 3842 2917
f 3842 3664 3668
f 3672 3670 3674
f 3841 3842 3668
f 3674 3845 3846
f 3843 3674 3670
f 3845 3674 3673
f 3674 3843 4003
f 3674 3846 3672
f 3849 3845 3673
f 3849 3846 3845
f 3678 3854 3855
f 3672 3846 3841
f 3847 3848 3846
f 3849 3678 3847
f 3678 3859 3860
f 3847 3678 3860
f 3658 3848 3847
f 3861 3847 3860
f 2917 3842 3658
f 3847 3846 3849
f 3841 3848 3842
f 3921 3924 3856
f 3377 3857 3851
f 3851 3856 3852
f 3857 3377 3681
f 3856 3851 3850
f 3742 3741 2916
f 2916 3851 3852
f 3853 3854 3849
f 3853 3849 3673
f 3850 3854 3853
f 3851 3857 3850
f 3678 3855 3679
f 3856 3922 3852
f 3952 3742 3852
f 3925 3853 3673
f 3850 3921 3856
f 3850 3857 3854
f 3857 3855 3854
f 3876 3706 3707
f 3871 2906 3868
f 3870 2906 3705
f 3332 3858 3859
f 3860 3052 3656
f 3656 3655 3861
f 3860 3858 3052
f 2917 3861 3655
f 3858 3860 3859
f 3656 3861 3860
f 3847 3861 3658
f 3862 3863 3688
f 3881 3864 3879
f 3695 3862 3688
f 3863 3702 3696
f 3881 3879 3865
f 3886 3895 3899
f 3866 3865 3702
f 3863 3862 3872
f 3886 3881 3867
f 3867 3728 3731
f 2842 3886 3867
f 3870 3690 3366
f 3881 3865 3866
f 3702 3863 3866
f 3879 3873 3869
f 3702 3685 3698
f 3366 3691 3870
f 3691 3685 3700
f 2906 3700 3868
f 3700 3865 3869
f 3868 3700 3869
f 2906 3870 3691
f 3707 2906 3871
f 3707 3871 3876
f 3705 3690 3870
f 3872 3866 3863
f 3863 3696 3688
f 3880 3875 3876
f 3691 3700 2906
f 3891 3864 3886
f 3893 3885 3887
f 3906 3877 3890
f 3028 3226 3876
f 3875 3028 3876
f 3875 3877 3028
f 3706 3876 3226
f 3695 3689 3878
f 3730 3884 3733
f 3733 3862 3695
f 3868 3873 3883
f 3879 3869 3865
f 3873 3868 3869
f 3879 3864 3891
f 3883 3892 3887
f 3880 3874 3883
f 3881 3866 3872
f 3874 3868 3883
f 3874 3871 3868
f 3728 3867 3872
f 3867 3881 3872
f 3872 3884 3728
f 3872 3862 3884
f 3884 3862 3733
f 3878 3733 3695
f 3876 3874 3880
f 3887 3880 3883
f 3880 3885 3875
f 3728 3884 3730
f 3888 3894 3873
f 3886 2842 3895
f 3888 3873 3891
f 3892 3893 3887
f 3886 3864 3881
f 3887 3885 3880
f 3889 4028 3898
f 3893 3898 3890
f 3910 3908 3909
f 3883 3873 3894
f 3885 3893 3890
f 3875 3885 3890
f 3892 3898 3893
f 3879 3891 3873
f 2842 3726 3895
f 3803 3896 3781
f 3726 3781 3896
f 3895 3726 3896
f 3899 3891 3886
f 3888 3902 3901
f 3883 3894 3892
f 3900 3892 3894
f 3888 3901 3904
f 3895 3902 3899
f 3896 3911 3902
f 3902 3888 3899
f 3899 3888 3891
f 3906 2839 3877
f 3904 3900 3894
f 3900 3882 3905
f 3904 3894 3888
f 3904 3901 3882
f 3914 3882 3908
f 3900 3905 3889
f 3889 3892 3900
f 3892 3889 3898
f 3890 3898 3903
f 3890 3903 3906
f 4031 4030 4028
f 3908 3907 3914
f 3911 3901 3902
f 3911 3910 3901
f 3901 3910 3909
f 3901 3909 3882
f 3896 3902 3895
f 3889 3905 4028
f 3890 3877 3875
f 3912 3973 3974
f 3906 3903 3912
f 4028 4029 3898
f 3898 3912 3903
f 3978 3976 4052
f 3917 3913 3916
f 2896 3918 3917
f 3905 3914 4028
f 3909 3908 3882
f 3915 3911 3813
f 3915 3913 3910
f 3812 3802 3915
f 3915 3916 3913
f 3915 3910 3911
f 3915 3813 3812
f 3802 3916 3915
f 3802 4009 3916
f 3907 3918 2896
f 3908 3918 3907
f 3905 3882 3914
f 3908 3913 3918
f 3917 3918 3913
f 3310 2904 3364
f 3697 3698 3685
f 3786 3404 3709
f 3785 3786 3709
f 3556 3786 3403
f 3556 3711 3404
f 3785 3708 3777
f 3825 3708 2893
f 3708 3710 2893
f 3801 3825 3790
f 3794 3801 3789
f 3711 3712 3404
f 3713 3533 3714
f 3711 3533 3406
f 3555 3714 3533
f 3609 3543 3530
f 3543 3609 3617
f 3921 3850 3853
f 3922 3856 3924
f 3921 3920 3924
f 3920 3926 3924
f 3673 3674 3844
f 3925 3673 3923
f 3673 3844 3923
f 3920 3925 3923
f 3923 3931 3920
f 3925 3920 3921
f 4013 4010 4012
f 3923 3930 3929
f 3923 3929 3931
f 3844 3930 3923
f 3932 4008 3997
f 3929 3930 3932
f 3961 3929 3928
f 3853 3925 3921
f 3580 3574 3529
f 3934 3933 3542
f 3938 3934 3752
f 3529 3936 3935
f 3574 3933 3529
f 3935 3936 3943
f 3937 3938 3753
f 3938 3937 3934
f 3753 3745 3939
f 3529 3933 3936
f 3933 3937 3936
f 3937 3933 3934
f 3939 3940 3936
f 3753 3939 3937
f 3937 3939 3936
f 3939 3736 3946
f 3936 3941 2870
f 3941 3936 3940
f 3957 4021 3944
f 3941 3919 2870
f 3944 3919 3945
f 3942 2870 3919
f 3943 3936 2870
f 3944 3942 3919
f 3926 3920 3931
f 3926 3951 3950
f 3952 3926 3947
f 3736 3939 3745
f 3939 3946 3940
f 3924 3926 3952
f 3945 3947 3950
f 3948 3919 3949
f 3919 3948 3945
f 3736 3747 3946
f 3945 3953 3947
f 3949 3919 3941
f 3736 3739 3747
f 3949 3941 3940
f 3747 3746 3948
f 3949 3946 3747
f 3948 3949 3747
f 3953 3740 3952
f 3956 3958 3954
f 3950 3957 3944
f 3956 3954 3951
f 3954 3957 3950
f 3945 3950 3944
f 3926 3950 3947
f 3949 3940 3946
f 3740 3742 3952
f 3922 3924 3952
f 3948 3740 3953
f 3959 3955 3958
f 3743 3742 3740
f 3922 3952 3852
f 3947 3953 3952
f 3948 3953 3945
f 3950 3951 3954
f 3961 3928 3960
f 3959 3958 3956
f 4014 4017 3819
f 3962 3969 3927
f 3967 3959 3968
f 4011 4012 3955
f 3957 3954 3958
f 3927 3959 3956
f 3968 3959 3927
f 3960 3927 3956
f 3957 3958 3955
f 3927 3969 3968
f 3964 3928 3929
f 3961 3960 3956
f 3928 3962 3960
f 3963 3962 3964
f 3961 3956 3951
f 3951 3931 3961
f 3961 3931 3929
f 3931 3951 3926
f 3929 3932 3964
f 4006 2871 3990
f 3964 3962 3928
f 4034 4035 3965
f 3968 3969 3970
f 3962 3927 3960
f 3969 3962 4034
f 3967 3968 3972
f 4034 3963 3966
f 3967 3972 3971
f 4011 3967 4012
f 4013 3967 3971
f 3972 3968 3970
f 3975 3973 3912
f 3974 3973 3976
f 3976 3977 3974
f 3973 3975 3976
f 3976 3975 4052
f 2810 2796 3979
f 2796 3977 3979
f 3292 3979 3675
f 3977 2796 3974
f 3982 3977 3976
f 3982 4050 3981
f 3979 3977 3982
f 4061 3675 3979
f 3982 3976 3978
f 3981 3979 3982
f 4061 3979 3981
f 3982 3754 4050
f 3668 3671 3984
f 3582 3996 3987
f 3756 3985 3991
f 3985 3986 3991
f 3990 3991 3986
f 3584 3988 3583
f 3583 3988 3987
f 3748 4000 3983
f 3748 3569 3554
f 3390 3569 3989
f 3986 4005 4004
f 3583 3987 3986
f 3992 3993 3988
f 4054 3994 4050
f 4005 3986 3987
f 3987 3988 3993
f 3582 3992 3994
f 3582 3987 3993
f 3992 3582 3993
f 4047 4049 4052
f 3989 3988 3584
f 3992 3988 3989
f 3748 3999 3989
f 4057 3994 4054
f 4059 3980 3994
f 3989 3569 3748
f 3998 3999 3748
f 3748 3547 4000
f 4060 4000 3547
f 3997 3966 3963
f 3966 3997 4001
f 3963 3964 3932
f 3997 3963 3932
f 4001 3997 4008
f 4005 3995 4007
f 3844 4002 3930
f 2871 4003 3843
f 4006 4002 4003
f 3844 3674 4003
f 4002 3844 4003
f 3932 3930 4002
f 4005 3987 3996
f 3986 4004 3990
f 4001 4004 4005
f 2871 3991 3990
f 4006 3990 4002
f 2871 4006 4003
f 4008 4002 3990
f 4004 4008 3990
f 4001 4008 4004
f 3932 4002 4008
f 3788 3779 3778
f 4017 4009 3819
f 3819 3816 4014
f 4011 3959 3967
f 4011 3955 3959
f 4012 3967 4013
f 3838 4023 3839
f 4014 3816 4010
f 4022 4012 4015
f 4019 4013 4016
f 3971 4018 4013
f 4018 3916 4016
f 4019 4014 4010
f 4013 4019 4010
f 4018 4016 4013
f 4009 4016 3916
f 4020 3971 4045
f 4038 3970 4033
f 3965 4037 4038
f 4043 4020 4045
f 4019 4016 4017
f 4016 4009 4017
f 4009 3811 3819
f 4020 4018 3971
f 3916 4018 3917
f 3798 3833 3815
f 3935 3837 3529
f 3839 3935 3943
f 3839 3943 3838
f 4021 3838 2870
f 3942 4021 2870
f 2870 3838 3943
f 3957 3955 4022
f 3944 4021 3942
f 4022 3838 4021
f 4021 3957 4022
f 4022 3955 4012
f 4015 4023 4022
f 4010 4015 4012
f 3816 4023 4015
f 3816 3830 4023
f 3834 4023 3830
f 4024 3340 3585
f 4024 3991 4026
f 3756 4024 3585
f 3843 3670 4025
f 4025 3984 4026
f 3991 3843 4025
f 4025 3670 3984
f 4025 4026 3991
f 3669 3662 3671
f 3671 3662 4027
f 3291 4027 3662
f 3840 4024 4026
f 3840 4026 4027
f 3984 4027 4026
f 4029 4028 4041
f 4031 3914 3907
f 4032 4031 3907
f 3898 4029 3912
f 4046 4043 4042
f 4030 4041 4028
f 4029 4041 3897
f 4028 3914 4031
f 4030 4031 4032
f 4046 3907 2896
f 3733 3878 3494
f 3506 3494 2895
f 4033 3969 4034
f 3965 4033 4034
f 4033 3965 4038
f 4035 4034 3966
f 3969 4033 3970
f 4035 4001 4007
f 3965 4035 4007
f 4042 4036 4039
f 4038 4037 4040
f 3966 4001 4035
f 4005 4007 4001
f 4044 4045 3972
f 4039 4041 4030
f 4042 4043 4036
f 4039 4036 4047
f 4044 3970 4040
f 3970 4038 4040
f 4044 4043 4045
f 3971 3972 4045
f 4044 4040 4043
f 4020 3917 4018
f 4046 4042 4030
f 4020 4046 2896
f 4020 4043 4046
f 4036 4048 4047
f 4048 4040 4037
f 3912 4029 3897
f 4047 3897 4039
f 4058 3965 4007
f 3995 3996 4057
f 4037 4058 4056
f 4036 4043 4040
f 3970 4044 3972
f 4039 4030 4042
f 4046 4030 4032
f 3907 4046 4032
f 3897 4047 3975
f 4041 4039 3897
f 3912 3897 3975
f 4052 3975 4047
f 4048 4036 4040
f 4049 4047 4048
f 4061 3981 3998
f 4059 3994 3992
f 4050 3994 3980
f 4050 3754 4051
f 4048 4056 4053
f 3981 4050 3980
f 3754 4049 4051
f 4053 4051 4049
f 4052 4049 3754
f 4052 3754 3978
f 4051 4054 4050
f 4054 4051 4053
f 4053 4049 4048
f 4054 4056 4055
f 4057 3582 3994
f 3995 4055 4007
f 4056 4054 4053
f 4057 4054 4055
f 3995 4057 4055
f 3582 4057 3996
f 4058 4037 3965
f 4005 3996 3995
f 4007 4055 4058
f 4037 4056 4048
f 4055 4056 4058
f 3999 3981 3980
f 3981 3999 3998
f 3999 4059 3992
f 3999 3992 3989
f 3999 3980 4059
f 3983 3998 3748
f 3553 4060 3547
f 3083 4060 2991
f 3675 4000 4060
f 3816 4015 4010
f 4014 4019 4017
f 2896 3917 4020
f 3982 3978 3754
f 3983 4061 3998
f 3983 3675 4061
f 2113 4107 2112
f 4122 4096 4095
f 4104 2116 4137
f 2116 4104 2115
f 4121 4122 81
f 1189 4110 4106
f 2112 4107 4111
f 2111 4111 4110
f 4097 4114 4123
f 4120 79 4149
f 2122 2123 4182
f 4092 4091 4145
f 4182 4177 2122
f 4079 4078 4178
f 4163 4128 4183
f 2118 2119 4162
f 4117 1181 1182
f 4158 4178 4159
f 4065 4117 4066
f 4160 4181 4161
f 4121 84 4123
f 4183 4162 4180
f 4178 4179 4079
f 2120 2121 4157
f 4077 4159 4078
f 1180 4117 4065
f 4182 4160 4127
f 4065 4064 4063
f 2114 2115 4108
f 4109 2134 2135
f 1180 4065 4063
f 4072 4071 4134
f 4144 4067 4117
f 1180 4062 1179
f 4118 4119 4112
f 4130 4154 4156
f 4069 4154 4070
f 4155 4071 4070
f 1189 2111 4110
f 4121 83 84
f 4139 4138 4140
f 4150 4094 4093
f 4103 4107 4116
f 4149 4092 4124
f 4116 4139 4072
f 4075 4074 4140
f 4107 2113 2114
f 2111 2112 4111
f 4154 4069 4156
f 4154 4125 4155
f 1185 4125 4154
f 2114 4108 4107
f 4137 2116 2117
f 1186 1187 4125
f 2126 4131 2125
f 4112 4119 76
f 4167 2127 2128
f 4151 2137 4118
f 4169 4132 4168
f 4081 4080 4181
f 4082 4185 4083
f 4107 4108 4116
f 4083 4185 4188
f 79 80 4113
f 4165 4187 4166
f 4098 4123 4099
f 1180 4063 4062
f 2131 2132 4173
f 4131 4194 2125
f 4098 4097 4123
f 2133 2134 4143
f 2136 4109 2135
f 4099 4123 4100
f 2134 4105 4143
f 4123 84 4115
f 85 4123 4115
f 4091 4176 4145
f 4112 76 77
f 87 85 86
f 4113 4149 79
f 4096 4114 4097
f 4096 4122 4114
f 4120 4112 77
f 85 4102 4101
f 4143 4142 4174
f 4118 2137 4119
f 4175 4143 4174
f 2132 2133 4175
f 4134 4116 4072
f 4089 4172 4090
f 4105 4172 4089
f 4176 4172 4141
f 4088 4142 4089
f 4135 4071 4153
f 77 78 4120
f 4124 4145 4112
f 4117 1180 1181
f 4074 4073 4139
f 4092 4149 4093
f 4103 4134 4136
f 2137 76 4119
f 82 83 4121
f 4120 78 79
f 4121 4123 4114
f 2136 4151 4109
f 4113 80 81
f 85 87 4102
f 4103 4111 4107
f 81 82 4121
f 4123 4101 4100
f 4146 4147 4145
f 4123 85 4101
f 4122 4121 4114
f 4106 4110 4111
f 84 85 4115
f 4104 4116 4108
f 4124 4112 4120
f 4190 4197 4167
f 4186 4164 4185
f 4084 4166 4085
f 2128 2129 4168
f 4187 4086 4085
f 2131 4171 2130
f 4116 4134 4103
f 4106 4111 4136
f 4134 4135 4136
f 4103 4136 4111
f 2117 2118 4162
f 4140 4184 4163
f 4138 4104 4184
f 4138 4139 4104
f 4072 4139 4073
f 4104 4139 4116
f 4184 4104 4137
f 4074 4139 4140
f 4118 4147 4148
f 4088 4087 4191
f 4142 4143 4105
f 4067 4066 4117
f 4090 4176 4091
f 4148 4141 4109
f 4145 4147 4112
f 4124 4092 4145
f 4148 4147 4146
f 4118 4112 4147
f 4148 4109 4151
f 4146 4141 4148
f 4141 4105 4109
f 4149 4113 4150
f 4120 4149 4124
f 4093 4149 4150
f 2137 4151 2136
f 4148 4151 4118
f 4095 4094 4122
f 4122 4094 4150
f 4122 4150 4113
f 1188 1189 4106
f 4106 4135 4153
f 4152 1187 4106
f 4135 4106 4136
f 4125 4153 4155
f 4154 4130 1185
f 4070 4154 4155
f 4068 4156 4069
f 4125 4152 4153
f 4152 4106 4153
f 4071 4155 4153
f 2122 4177 2121
f 2121 4177 4157
f 4157 4199 4126
f 4077 4076 4163
f 4159 4183 4158
f 4183 4126 4158
f 4177 4182 4127
f 4131 4190 4196
f 4079 4179 4198
f 4157 4180 2120
f 4128 4163 4184
f 2120 4162 2119
f 4162 4128 2117
f 2117 4128 4137
f 4163 4075 4140
f 4162 4183 4128
f 1183 1184 4129
f 1183 4129 4144
f 1184 1185 4130
f 4144 4117 1182
f 1184 4130 4129
f 4197 2126 2127
f 4195 4082 4081
f 4190 4189 4188
f 4133 4165 4132
f 4165 4133 4170
f 4083 4188 4166
f 4166 4132 4165
f 4132 4189 4168
f 2129 2130 4168
f 4188 4132 4166
f 2128 4168 4167
f 2130 4169 4168
f 4170 4086 4187
f 4170 4192 4174
f 2132 4175 4173
f 4169 4171 4133
f 4134 4071 4135
f 4104 4108 2115
f 4105 4089 4142
f 4176 4141 4146
f 4172 4105 4141
f 4105 2134 4109
f 4191 4142 4088
f 4174 4142 4191
f 4175 4174 4173
f 4175 2133 4143
f 4156 4144 4129
f 4067 4144 4068
f 4172 4176 4090
f 4145 4176 4146
f 4122 4113 81
f 4106 1187 1188
f 4125 1187 4152
f 4144 4156 4068
f 4129 4130 4156
f 4125 1185 1186
f 4159 4178 4078
f 4179 4178 4158
f 4126 4199 4193
f 4126 4180 4157
f 4161 4181 4080
f 4186 4181 4160
f 4160 4161 4127
f 4183 4180 4126
f 4077 4163 4159
f 4137 4128 4184
f 4162 2120 4180
f 4184 4140 4138
f 4144 1182 1183
f 4185 4082 4195
f 4188 4185 4164
f 4186 4195 4181
f 4166 4187 4085
f 4170 4187 4165
f 4168 4189 4167
f 4188 4164 4190
f 4167 4189 4190
f 4132 4169 4133
f 4169 2130 4171
f 4086 4170 4191
f 4192 4170 4133
f 4173 4174 4192
f 4133 4171 4192
f 4192 4171 4173
f 4198 4161 4080
f 2124 4182 2123
f 4196 4194 4131
f 2124 4194 4182
f 4163 4076 4075
f 4159 4163 4183
f 4181 4195 4081
f 4185 4195 4186
f 4164 4186 4196
f 4194 4196 4186
f 4083 4166 4084
f 4132 4188 4189
f 4190 4164 4196
f 4197 4131 2126
f 4167 4197 2127
f 4131 4197 4190
f 4086 4191 4087
f 4174 4191 4170
f 4171 2131 4173
f 4199 4127 4161
f 4127 4199 4177
f 4161 4193 4199
f 4079 4198 4080
f 4161 4198 4193
f 4198 4179 4193
f 4179 4158 4193
f 4177 4199 4157
f 4186 4160 4194
f 4182 4194 4160
f 4194 2124 2125
f 4126 4193 4158
f 4401 4365 4260
f 4071 4070 4309
f 4304 4241 4240
f 4366 4399 4304
f 4367 4259 4401
f 4269 4253 4244
f 4073 4072 4312
f 4269 4244 4243
f 4252 4273 4257
f 4311 4235 4287
f 4282 4311 4260
f 4287 4338 4337
f 4255 4277 4275
f 4227 4285 4228
f 4094 4255 4095
f 4369 4230 4315
f 4255 4276 4277
f 4234 4287 4235
f 4277 4278 4274
f 4370 4231 4230
f 4374 4325 4403
f 4271 4276 4305
f 4319 4327 4079
f 4253 4246 4244
f 4247 4253 4248
f 4249 4248 4257
f 4257 4256 4249
f 4068 4362 4069
f 4280 4309 4070
f 4214 4358 4215
f 4256 4250 4249
f 4077 4076 4320
f 4238 4237 4239
f 4068 4067 4251
f 4303 4362 4251
f 4237 4236 4310
f 4302 4362 4303
f 4316 4319 4078
f 4257 4248 4253
f 4355 4087 4349
f 4094 4276 4255
f 4242 4364 4243
f 4274 4202 4201
f 4320 4284 4322
f 4246 4253 4247
f 4317 4284 4371
f 4258 4254 4203
f 4312 4071 4313
f 4254 4204 4203
f 4072 4071 4312
f 4363 4251 4250
f 4255 4275 4200
f 4378 4326 4327
f 4346 4084 4384
f 4223 4289 4224
f 4275 4274 4201
f 4303 4272 4302
f 4352 4353 4216
f 4215 4352 4216
f 4257 4253 4252
f 4221 4383 4292
f 4201 4200 4275
f 4358 4214 4213
f 4302 4272 4400
f 4211 4299 4212
f 4258 4278 4270
f 4278 4307 4270
f 4270 4207 4254
f 4269 4252 4253
f 4254 4207 4206
f 4208 4307 4209
f 4204 4254 4205
f 4328 4080 4326
f 4082 4081 4343
f 4275 4277 4274
f 4384 4382 4347
f 4085 4084 4346
f 4343 4345 4382
f 4272 4273 4399
f 4348 4350 4086
f 4087 4086 4349
f 4089 4088 4354
f 4090 4354 4356
f 4245 4244 4246
f 4086 4350 4349
f 4304 4240 4279
f 4360 4300 4361
f 4397 4301 4211
f 4258 4203 4202
f 4258 4202 4274
f 4092 4361 4093
f 4344 4080 4328
f 4096 4255 4200
f 4095 4255 4096
f 4237 4310 4281
f 4213 4297 4358
f 4206 4205 4254
f 4258 4270 4254
f 4364 4269 4243
f 4091 4090 4359
f 4079 4078 4319
f 4340 4288 4339
f 4075 4074 4330
f 4320 4323 4284
f 4335 4329 4324
f 4325 4226 4225
f 4377 4286 4378
f 4311 4287 4337
f 4339 4334 4338
f 4321 4402 4323
f 4341 4222 4221
f 4381 4406 4264
f 4406 4381 4289
f 4382 4083 4082
f 4404 4286 4377
f 4325 4285 4227
f 4293 4390 4388
f 4383 4265 4292
f 4266 4409 4353
f 4267 4389 4295
f 4357 4212 4299
f 4092 4091 4359
f 4298 4295 4352
f 4301 4278 4271
f 4399 4366 4400
f 4252 4399 4273
f 4276 4271 4277
f 4306 4271 4305
f 4361 4305 4094
f 4094 4305 4276
f 4361 4094 4093
f 4306 4305 4361
f 4278 4277 4271
f 4258 4274 4278
f 4279 4239 4237
f 4279 4237 4281
f 4069 4308 4280
f 4308 4302 4367
f 4280 4367 4368
f 4069 4280 4070
f 4282 4310 4311
f 4310 4236 4235
f 4314 4312 4368
f 4312 4313 4368
f 4331 4336 4288
f 4312 4314 4331
f 4230 4369 4370
f 4285 4374 4315
f 4324 4370 4261
f 4077 4322 4316
f 4283 4318 4319
f 4376 4283 4373
f 4286 4326 4378
f 4077 4316 4078
f 4283 4316 4317
f 4283 4319 4316
f 4076 4075 4333
f 4322 4284 4317
f 4321 4323 4076
f 4332 4333 4330
f 4316 4322 4317
f 4077 4320 4322
f 4076 4323 4320
f 4402 4321 4340
f 4334 4339 4288
f 4287 4234 4329
f 4227 4226 4325
f 4229 4228 4315
f 4325 4291 4403
f 4327 4326 4080
f 4328 4326 4286
f 4079 4327 4080
f 4327 4318 4375
f 4286 4379 4405
f 4290 4343 4344
f 4234 4233 4329
f 4338 4334 4263
f 4331 4330 4074
f 4330 4288 4332
f 4073 4331 4074
f 4334 4336 4263
f 4332 4288 4340
f 4333 4332 4321
f 4076 4333 4321
f 4075 4330 4333
f 4330 4331 4288
f 4263 4336 4314
f 4288 4336 4334
f 4314 4336 4331
f 4337 4314 4368
f 4263 4314 4337
f 4338 4335 4339
f 4338 4263 4337
f 4287 4329 4335
f 4287 4335 4338
f 4324 4339 4335
f 4232 4324 4233
f 4261 4339 4324
f 4232 4231 4370
f 4340 4321 4332
f 4289 4381 4342
f 4289 4223 4222
f 4224 4342 4225
f 4344 4343 4081
f 4343 4290 4345
f 4344 4081 4080
f 4290 4344 4328
f 4406 4290 4380
f 4347 4408 4392
f 4291 4225 4342
f 4341 4221 4292
f 4386 4219 4218
f 4084 4083 4384
f 4293 4348 4085
f 4392 4408 4385
f 4293 4346 4347
f 4348 4388 4387
f 4391 4387 4389
f 4293 4085 4346
f 4220 4219 4383
f 4295 4353 4352
f 4349 4294 4351
f 4387 4350 4348
f 4349 4350 4391
f 4393 4351 4294
f 4296 4354 4355
f 4349 4351 4355
f 4217 4216 4409
f 4298 4215 4358
f 4355 4354 4088
f 4354 4296 4356
f 4355 4088 4087
f 4296 4355 4351
f 4268 4359 4395
f 4297 4213 4357
f 4268 4360 4359
f 4394 4395 4356
f 4359 4356 4395
f 4360 4268 4396
f 4397 4210 4209
f 4301 4398 4299
f 4360 4361 4092
f 4306 4361 4300
f 4308 4362 4302
f 4251 4362 4068
f 4273 4363 4256
f 4256 4363 4250
f 4303 4363 4272
f 4273 4272 4363
f 4364 4242 4241
f 4399 4364 4304
f 4269 4364 4252
f 4208 4270 4307
f 4397 4278 4301
f 4270 4208 4207
f 4240 4239 4279
f 4310 4282 4281
f 4365 4259 4366
f 4364 4241 4304
f 4362 4308 4069
f 4260 4311 4337
f 4260 4368 4367
f 4281 4282 4365
f 4365 4282 4260
f 4260 4367 4401
f 4313 4309 4368
f 4310 4235 4311
f 4309 4313 4071
f 4230 4229 4315
f 4371 4373 4283
f 4372 4261 4371
f 4371 4284 4372
f 4284 4402 4372
f 4340 4339 4261
f 4261 4369 4373
f 4317 4371 4283
f 4375 4376 4262
f 4329 4233 4324
f 4228 4285 4315
f 4291 4325 4225
f 4381 4291 4342
f 4318 4327 4319
f 4376 4375 4318
f 4375 4262 4377
f 4283 4376 4318
f 4262 4376 4373
f 4374 4404 4262
f 4380 4405 4264
f 4327 4375 4378
f 4377 4378 4375
f 4262 4373 4315
f 4369 4315 4373
f 4404 4379 4286
f 4379 4404 4403
f 4290 4328 4380
f 4328 4286 4405
f 4312 4331 4073
f 4232 4370 4324
f 4341 4265 4407
f 4289 4222 4341
f 4406 4289 4341
f 4264 4379 4381
f 4403 4381 4379
f 4289 4342 4224
f 4343 4382 4082
f 4382 4345 4408
f 4221 4220 4383
f 4219 4386 4383
f 4390 4386 4266
f 4382 4384 4083
f 4346 4384 4347
f 4406 4407 4410
f 4265 4390 4392
f 4218 4217 4409
f 4393 4389 4267
f 4085 4348 4086
f 4388 4348 4293
f 4389 4387 4266
f 4392 4390 4293
f 4353 4389 4266
f 4391 4389 4294
f 4265 4383 4390
f 4387 4388 4266
f 4266 4388 4390
f 4349 4391 4294
f 4387 4391 4350
f 4347 4392 4293
f 4265 4392 4385
f 4216 4353 4409
f 4352 4215 4298
f 4298 4358 4268
f 4354 4090 4089
f 4213 4212 4357
f 4358 4297 4396
f 4298 4268 4394
f 4395 4394 4268
f 4268 4358 4396
f 4359 4090 4356
f 4397 4211 4210
f 4299 4211 4301
f 4307 4397 4209
f 4359 4360 4092
f 4360 4297 4300
f 4307 4278 4397
f 4363 4303 4251
f 4257 4273 4256
f 4399 4252 4364
f 4306 4300 4398
f 4271 4306 4398
f 4279 4281 4365
f 4304 4279 4366
f 4365 4366 4279
f 4399 4400 4272
f 4400 4259 4302
f 4259 4367 4302
f 4366 4259 4400
f 4365 4401 4259
f 4367 4280 4308
f 4280 4368 4309
f 4337 4368 4260
f 4369 4261 4370
f 4323 4402 4284
f 4340 4372 4402
f 4261 4372 4340
f 4261 4373 4371
f 4315 4374 4262
f 4374 4285 4325
f 4262 4404 4377
f 4403 4404 4374
f 4381 4403 4291
f 4264 4405 4379
f 4328 4405 4380
f 4265 4341 4292
f 4290 4410 4345
f 4264 4406 4380
f 4341 4407 4406
f 4385 4408 4410
f 4382 4408 4347
f 4410 4408 4345
f 4409 4386 4218
f 4266 4386 4409
f 4390 4383 4386
f 4351 4393 4296
f 4394 4393 4267
f 4393 4394 4296
f 4356 4296 4394
f 4294 4389 4393
f 4389 4353 4295
f 4295 4298 4394
f 4267 4295 4394
f 4357 4299 4398
f 4297 4360 4396
f 4398 4300 4297
f 4357 4398 4297
f 4406 4410 4290
f 4385 4410 4407
f 4407 4265 4385
f 4301 4271 4398
f 4480 4500 4479
f 4474 4498 4411
f 4726 4811 4812
f 4534 4490 4491
f 4529 4530 4468
f 4498 4594 4412
f 4510 4473 4472
f 4475 4460 4476
f 4489 4484 4533
f 4467 4529 4468
f 4489 4533 4550
f 4537 1214 4562
f 4464 4550 4465
f 4555 4554 4563
f 4550 4464 4489
f 4480 4481 4502
f 4513 4533 4532
f 4528 4530 4617
f 4643 4645 4646
f 4499 4513 4665
f 4542 4576 4579
f 4531 4512 4529
f 4489 4464 4463
f 4489 4463 4464
f 4411 4498 4412
f 4570 1206 1207
f 4510 4527 4560
f 4490 4484 4485
f 4490 4532 4484
f 4574 4644 4510
f 4547 4522 4436
f 4567 4571 4565
f 4513 4532 4534
f 4547 4436 4435
f 4500 4483 4462
f 4486 4485 4501
f 4465 4464 4483
f 4464 4465 4483
f 4484 4483 4500
f 4462 4464 4463
f 4484 4489 4483
f 4536 5318 5265
f 4479 4461 4460
f 4434 4523 4435
f 4479 4460 4459
f 4461 4479 4462
f 4480 4479 4476
f 4479 4500 4462
f 4459 4460 4479
f 4607 4430 4429
f 4490 4485 4491
f 4492 4491 4486
f 4666 4725 4665
f 4494 4552 4493
f 4493 4492 4488
f 4491 4485 4486
f 4534 4666 4665
f 4502 4501 4480
f 4487 4488 4492
f 4488 4487 4503
f 4502 4503 4486
f 4488 4503 4516
f 4481 4480 4478
f 4486 4487 4492
f 4501 4500 4480
f 4489 4464 4483
f 4484 4532 4533
f 4832 4421 4831
f 4469 4468 4530
f 2755 4946 4873
f 4560 4613 4614
f 4422 4421 4832
f 4551 4552 4669
f 4418 4417 4758
f 4551 4492 4493
f 4419 4418 4853
f 4522 4507 4545
f 4527 4510 4472
f 4608 4598 4661
f 4428 4427 4652
f 1077 4430 1218
f 4720 4526 4521
f 4518 4538 4539
f 4519 1218 4430
f 4516 4482 4509
f 4608 4661 4663
f 4615 4612 4613
f 4425 4765 4426
f 4662 4539 4663
f 1216 1217 4538
f 1216 4540 1215
f 4764 4504 4763
f 4509 5319 5306
f 4576 4542 4556
f 4575 4576 4566
f 4675 4627 4892
f 4759 4703 4758
f 1212 1213 4561
f 4626 1215 4540
f 1213 1214 4537
f 4486 4501 4502
f 4732 4561 4676
f 4531 4467 4466
f 4491 4492 4666
f 4519 4539 1218
f 4617 4511 4528
f 4565 4566 4576
f 1206 4565 1205
f 4567 4555 4564
f 4597 4849 5530
f 4623 1201 1202
f 1201 4623 2189
f 2189 4623 4624
f 4530 4528 4469
f 4670 4624 4625
f 4511 4813 4612
f 4559 4546 4524
f 4566 4565 1206
f 4548 4412 4413
f 4516 4503 4502
f 4556 4555 4567
f 4460 4459 4476
f 4499 4620 4618
f 4460 4461 4475
f 4475 4461 4460
f 4475 4476 4479
f 4458 4525 4476
f 4960 4508 4961
f 4458 4496 4495
f 4413 4414 4722
f 4525 4526 4477
f 4457 4456 4455
f 4501 4485 4500
f 4478 4480 4477
f 4721 4478 4720
f 4720 4478 4526
f 4451 4450 4659
f 4480 4476 4477
f 4594 4498 4497
f 4610 4718 4521
f 4474 4473 4497
f 4497 4498 4474
f 4457 4593 4496
f 4691 4449 4448
f 4437 4522 4438
f 4460 4475 4479
f 4462 4483 4464
f 4436 4522 4437
f 4522 4545 4438
f 4523 4547 4435
f 4488 4509 5315
f 1203 1204 4564
f 4431 4411 4412
f 4412 4432 4431
f 4548 4524 4432
f 4559 4508 4546
f 4533 4531 4550
f 4524 4546 4433
f 4524 4433 4432
f 4516 4502 4481
f 4829 4671 4729
f 4527 4472 4471
f 4528 4470 4469
f 4593 4455 4454
f 4678 4442 4545
f 4563 4554 1202
f 4513 4618 4533
f 4444 4684 4445
f 4414 4415 4688
f 4534 4532 4490
f 4626 4517 4562
f 4593 4454 4592
f 4434 4546 4523
f 4722 4414 4688
f 4733 4545 4507
f 4445 4684 4687
f 4538 4540 1216
f 4497 4473 4510
f 4547 4523 5013
f 4768 2754 2755
f 4446 4445 4687
f 4486 4503 4487
f 2758 2759 4773
f 4622 4668 4551
f 4484 4500 4485
f 4876 4878 4774
f 4653 4652 4598
f 4742 4833 4740
f 4842 4424 4425
f 4639 4692 4693
f 4769 4711 4946
f 4778 4715 4777
f 5318 4494 5317
f 4669 4515 4622
f 4465 4550 4466
f 2184 2185 4724
f 4724 2185 4672
f 4551 4535 4492
f 4552 4551 4493
f 4672 2187 4670
f 4780 4782 2178
f 2179 4780 2178
f 4779 4716 4777
f 4531 4529 4467
f 4780 2179 4776
f 2180 4776 2179
f 4412 4548 4432
f 4774 4877 4713
f 4785 4952 2176
f 4552 4536 4669
f 4950 4875 4906
f 4618 4531 4533
f 4540 4674 4626
f 4839 4745 4838
f 4905 4839 4838
f 4693 4902 4639
f 4488 4516 4509
f 4839 5026 4745
f 4421 4874 4875
f 4604 4718 4611
f 4525 4495 4526
f 4422 4874 4421
f 4842 4425 4841
f 4477 4476 4525
f 4770 4931 4947
f 4553 1213 4537
f 4616 4530 4620
f 4748 4749 4696
f 4494 4493 4488
f 4586 4585 2749
f 4589 4427 4428
f 4751 4427 4589
f 4615 4528 4511
f 1218 4539 1217
f 4509 4482 5319
f 4529 4512 4530
f 4585 4587 4430
f 4539 4538 1217
f 4438 4545 4440
f 1211 1212 4561
f 4585 4430 1077
f 4538 4518 4674
f 4590 4699 4698
f 4546 4434 4433
f 4526 4478 4477
f 4627 4628 4553
f 4482 4516 4481
f 4563 1202 1203
f 4466 4550 4531
f 4568 1209 1210
f 4521 4526 4495
f 5012 5046 4960
f 4439 4438 4440
f 4559 4524 4548
f 4546 4508 5046
f 4615 4527 4471
f 4628 4676 4553
f 4561 1213 4553
f 4623 1202 4554
f 4564 4563 1203
f 4554 4555 4541
f 1204 1205 4571
f 4563 4564 4555
f 4567 4565 4556
f 1208 4557 4572
f 4564 1204 4571
f 4677 1210 1211
f 4508 4559 4606
f 4660 4548 4413
f 4527 4615 4613
f 4510 4560 4574
f 1215 4562 1214
f 4679 4632 4737
f 4570 4566 1206
f 1207 1208 4570
f 4570 1208 4572
f 4565 4571 1205
f 4564 4571 4567
f 4677 4568 1210
f 4522 5013 4507
f 4678 4733 4629
f 4643 4413 4412
f 4543 4572 4557
f 4543 4557 4558
f 4572 4543 4575
f 4572 4575 4566
f 4507 4573 4733
f 4572 4566 4570
f 5036 5088 4506
f 4682 4577 4830
f 4565 4576 4556
f 4679 4556 4578
f 4579 4633 4578
f 4541 4555 4679
f 4576 5161 4579
f 4520 4680 4681
f 5161 4576 4575
f 5307 4721 4719
f 5003 5008 4959
f 4741 5118 4582
f 5069 5140 5019
f 4697 4699 2752
f 4750 4841 4748
f 4584 4585 4586
f 4428 4429 4587
f 4585 1077 2749
f 4586 2749 2750
f 4585 4584 4587
f 2751 4590 2750
f 4589 4584 4591
f 4430 4587 4429
f 4916 4588 4698
f 4586 4591 4584
f 4749 4641 4696
f 4586 2750 4590
f 4586 4588 4591
f 4428 4587 4589
f 4588 4586 4590
f 4458 4495 4525
f 4496 4592 4495
f 4592 4454 4453
f 4496 4593 4592
f 4497 4644 4594
f 4645 4594 4644
f 4644 4497 4510
f 4414 4646 4700
f 5272 5259 5274
f 4427 4426 4706
f 4939 4708 4765
f 5148 5498 5205
f 5127 4602 4993
f 4691 4450 4449
f 4734 4823 4635
f 4606 4961 4508
f 4428 4653 4429
f 4430 4607 4519
f 4519 4607 4608
f 4608 4607 4429
f 4954 4804 4808
f 4800 4797 4658
f 4610 4495 4592
f 4611 4610 4452
f 4452 4610 4592
f 4611 4452 4451
f 4718 4610 4611
f 4549 4560 4614
f 4527 4613 4560
f 4499 4811 4616
f 4471 4470 4615
f 4615 4470 4528
f 4812 4727 4667
f 4726 4617 4616
f 4499 4618 4513
f 4512 4531 4618
f 4665 4513 4534
f 4616 4620 4499
f 4512 4618 4620
f 4737 4828 4541
f 4670 2187 2188
f 4551 4668 4535
f 4627 4537 4517
f 4624 4623 4621
f 4829 4541 4828
f 4621 4623 4554
f 4624 4621 4625
f 2188 2189 4624
f 4621 4729 4625
f 4672 4625 4673
f 4627 4517 4956
f 4537 4562 4517
f 4996 4957 5004
f 4628 4627 4675
f 4628 4817 4732
f 4444 4443 4678
f 4549 4574 4560
f 4646 4630 4648
f 1209 4568 4557
f 4558 4557 4568
f 4568 4677 4731
f 4558 4631 4543
f 4542 4578 4556
f 4633 4577 4682
f 4632 4681 4680
f 5178 5195 5152
f 4636 4894 4897
f 4825 5018 5017
f 5359 4827 4636
f 4915 4919 4695
f 4591 4843 5360
f 4748 4751 4749
f 4587 4584 4589
f 4591 4588 4916
f 4594 4643 4412
f 4645 4643 4594
f 4574 4549 4850
f 4645 4644 4851
f 4646 4645 4630
f 4643 4646 4414
f 5355 5333 5529
f 5094 5097 5095
f 4855 4702 4858
f 4704 4701 4755
f 4651 4935 4761
f 4653 4598 4608
f 4991 4426 4765
f 4429 4653 4608
f 4428 4652 4653
f 4939 4765 4766
f 4763 4504 4661
f 4973 5020 5060
f 4774 4713 4773
f 4777 4715 4776
f 4786 4788 4775
f 4659 4450 4691
f 4582 4604 4637
f 4763 4598 4762
f 4662 4661 4504
f 4674 4662 4504
f 4539 4662 4518
f 4663 4519 4608
f 4662 4663 4661
f 4519 4663 4539
f 4672 2186 2187
f 4802 4805 4801
f 4610 4521 4495
f 4452 4592 4453
f 4611 4451 4659
f 4615 4511 4612
f 4813 4511 4726
f 4613 4612 4614
f 4620 4530 4512
f 4617 4530 4616
f 4499 4665 4619
f 4491 4666 4534
f 4619 4665 4514
f 4535 4666 4492
f 4725 4666 4535
f 4725 4668 4514
f 4622 4515 4728
f 4668 4622 5357
f 4515 4669 4536
f 4551 4669 4622
f 5318 4536 4552
f 4624 4670 2188
f 4672 4670 4625
f 4520 4828 4680
f 4671 4609 5352
f 4625 4729 4673
f 5352 4673 4671
f 4664 4672 4673
f 4724 4672 4664
f 2185 2186 4672
f 4626 4562 1215
f 4662 4674 4518
f 4764 4891 4504
f 4675 4892 4818
f 4628 4675 4817
f 4627 4553 4537
f 4553 4676 4561
f 4677 4732 4731
f 4561 4677 1211
f 4545 4442 4441
f 4678 4629 4444
f 4733 4569 4629
f 4735 4686 4629
f 4635 4684 4686
f 4543 4631 5165
f 4556 4679 4555
f 4632 4679 4578
f 4679 4737 4541
f 4579 4578 4542
f 4632 4578 4633
f 4632 4633 4681
f 4737 4632 4680
f 4682 4681 4633
f 4830 5134 4738
f 4898 4682 4830
f 4739 4831 4900
f 4685 4687 4684
f 4824 5018 4825
f 5018 4824 4968
f 4684 4444 4686
f 4685 4684 4635
f 4687 4685 5019
f 4689 4722 4688
f 4690 4415 4416
f 4740 4638 5359
f 4893 4734 4895
f 4690 4688 4415
f 4689 4688 4636
f 4894 4827 4893
f 4659 4691 4637
f 4447 5143 5116
f 4637 5116 4741
f 4743 4416 4417
f 4690 4740 4688
f 4835 4965 4834
f 4417 4836 4744
f 4639 4902 4904
f 4928 4929 4771
f 4844 4695 4750
f 2751 4699 4590
f 4699 2751 2752
f 4698 4699 4697
f 4590 4698 4588
f 4648 4700 4646
f 4755 4700 4648
f 4414 4413 4643
f 4415 4414 4701
f 4756 4648 4630
f 4647 4756 4595
f 4760 4962 4853
f 5032 4963 4964
f 4857 4703 4705
f 4416 4415 4704
f 4933 4934 4651
f 5331 4857 4705
f 4706 4652 4427
f 4426 4991 4706
f 4517 4626 4816
f 4708 4866 4865
f 4767 4939 4766
f 4847 4754 4642
f 4773 4872 2758
f 4711 4769 4871
f 5051 4977 4978
f 4876 2759 2760
f 4783 2177 4782
f 4792 4714 4788
f 4777 2180 2181
f 4781 4780 4715
f 4879 4779 2183
f 4799 4603 4795
f 4717 4793 4787
f 4714 4951 4878
f 4582 4637 4741
f 4604 4582 4718
f 4482 4481 4721
f 4720 4521 4718
f 4720 4719 4721
f 4478 4721 4481
f 4961 4723 4605
f 4723 4559 4660
f 4806 4810 4609
f 4604 4611 4659
f 4668 4725 4535
f 4665 4725 4514
f 4813 4614 4612
f 4811 4726 4616
f 4673 4729 4671
f 4538 4674 4540
f 4676 4628 4732
f 4561 4732 4677
f 4440 4545 4441
f 4569 4733 4573
f 4678 4545 4733
f 4678 4443 4442
f 4605 4897 4822
f 4635 5358 4734
f 4629 4569 4735
f 4735 4569 4896
f 5041 4736 4520
f 5034 4609 4736
f 4828 4737 4680
f 4603 4799 4807
f 4943 4867 4942
f 5116 4448 4447
f 4691 4448 4637
f 4834 4965 4833
f 4742 4743 4692
f 4743 4417 4744
f 4836 4417 4418
f 4692 4744 4693
f 4969 4902 4693
f 4969 4745 4970
f 4905 4906 4840
f 5057 5056 5028
f 4750 4748 4696
f 4695 4907 4747
f 4748 4426 4427
f 4845 4844 4696
f 4841 4750 4747
f 4426 4841 4425
f 2753 2754 4753
f 4848 4753 4768
f 4754 2752 2753
f 4700 4701 4414
f 4700 4755 4701
f 4936 4756 4850
f 5014 4739 4757
f 4703 4760 4758
f 4856 4703 4855
f 4856 4962 4760
f 4759 4758 4417
f 4418 4758 4760
f 4761 4705 4759
f 4854 4416 4704
f 4938 4652 4706
f 4730 4816 4891
f 4598 4763 4661
f 4763 4707 4764
f 4730 4764 5067
f 4766 4425 4424
f 4422 4832 4867
f 2755 2756 4946
f 2758 4872 2757
f 4874 4422 4423
f 4947 4875 4770
f 4424 4842 4908
f 4907 4695 4925
f 4949 4772 4875
f 4773 2759 4876
f 4872 4713 4871
f 4878 2761 4952
f 4877 4657 4713
f 4785 2177 4783
f 4775 4783 4786
f 4777 4776 2180
f 4780 4776 4715
f 4779 4777 2181
f 4715 4778 4658
f 2181 2182 4779
f 4777 4716 4778
f 4800 4716 4798
f 4879 2183 2184
f 5352 4810 4664
f 2183 4779 2182
f 4781 4715 4658
f 4782 4780 4717
f 4796 4781 4658
f 4717 4780 4781
f 4783 4782 4717
f 2177 2178 4782
f 4787 4786 4783
f 4783 4775 4785
f 4791 4787 4793
f 4785 4775 4952
f 2177 4785 2176
f 4787 4783 4717
f 4788 4786 4784
f 4793 4717 4796
f 4784 4786 4787
f 4795 4603 5084
f 4794 4791 4789
f 4791 4784 4787
f 5063 4953 5084
f 4794 4881 4791
f 4881 4788 4784
f 4796 4717 4781
f 4789 4791 4793
f 4807 4955 4603
f 4794 4789 4795
f 4797 4789 4796
f 4795 4789 4797
f 4796 4658 4797
f 4793 4796 4789
f 4658 4778 4800
f 4797 4798 4799
f 4799 4798 4802
f 4797 4799 4795
f 4716 4779 4883
f 4716 4800 4778
f 4797 4800 4798
f 4807 4802 4808
f 4802 4801 4808
f 4879 4724 4880
f 4805 4806 4801
f 4994 4885 4954
f 4805 4802 4798
f 4806 4805 4803
f 4798 4716 4805
f 4883 4805 4716
f 4806 4803 4809
f 4802 4807 4799
f 4955 4807 4804
f 4808 4801 4954
f 4807 4808 4804
f 4884 4880 4809
f 4664 4887 4724
f 4806 4809 4810
f 4810 4809 4887
f 4604 4659 4637
f 4499 4619 4812
f 4499 4812 4811
f 4514 4812 4619
f 4726 4511 4617
f 4814 4514 4668
f 4812 4514 4727
f 5357 5354 4727
f 4727 4514 4814
f 5357 4622 4728
f 4816 4730 4957
f 4626 4674 4816
f 4674 4504 4891
f 4675 4818 4817
f 4731 4732 4544
f 4817 4544 4732
f 4820 5163 4821
f 4821 4999 4959
f 4818 4999 4817
f 4629 4686 4444
f 4823 4734 4581
f 4723 4689 4897
f 4965 5016 4638
f 4635 4825 4685
f 4823 4825 4635
f 4825 4823 4824
f 4638 4740 4833
f 4581 4824 4823
f 4734 4893 4581
f 4581 4826 4824
f 4826 4581 4827
f 4688 4740 5359
f 4736 4829 4828
f 4554 4829 4621
f 4621 4829 4729
f 5041 5039 5040
f 4828 4520 4736
f 4738 5088 5037
f 4831 4421 4420
f 4739 4900 4757
f 4867 4767 4423
f 4739 4832 4831
f 4740 4690 4742
f 4742 4692 4834
f 4692 4639 4835
f 4722 4723 4660
f 4741 5119 5118
f 5319 5139 5306
f 4718 4582 4720
f 4743 4690 4416
f 4690 4743 4742
f 4967 4639 4904
f 4901 5016 4965
f 4743 4744 4692
f 4744 4836 4693
f 4838 4836 4418
f 4972 4969 4970
f 4694 4975 4971
f 4838 4418 4419
f 4838 4745 4969
f 5024 5026 4840
f 4747 4842 4841
f 4751 4748 4427
f 4752 4847 4846
f 4641 4749 5360
f 4696 4641 4845
f 4979 4913 4845
f 4748 4841 4426
f 4753 2754 4768
f 4753 4754 2753
f 4847 4752 4697
f 4754 4697 2752
f 4847 4697 4754
f 4753 4848 4754
f 4642 4754 4848
f 4647 4755 4756
f 4932 4755 4647
f 4595 4936 5528
f 4849 4933 4932
f 4932 4761 4755
f 4704 4415 4701
f 4761 4704 4755
f 4850 4756 4630
f 4630 4645 4851
f 4851 4644 4574
f 4630 4851 4850
f 4574 4850 4851
f 4549 4890 4936
f 4417 4854 4759
f 4416 4854 4417
f 4761 4759 4854
f 4760 4703 4856
f 4860 4649 4863
f 4856 4855 4858
f 4650 4862 4855
f 4703 4857 4855
f 4862 4861 4855
f 4860 4989 4861
f 4702 4855 4861
f 4860 4861 4859
f 4861 4989 4702
f 4937 5312 4650
f 4862 5332 4861
f 4860 4859 4649
f 5325 5312 5310
f 4855 4857 4650
f 4649 5078 4863
f 5256 5253 5262
f 4649 4859 5325
f 4864 5098 5429
f 4938 4598 4652
f 4762 4707 4763
f 4766 4765 4425
f 4423 4766 4424
f 4766 4423 4767
f 4422 4867 4423
f 5099 5101 5081
f 4873 4768 2755
f 4848 4768 4710
f 4868 4655 5536
f 4868 4848 4710
f 5368 4911 4847
f 4868 4642 4848
f 4868 4870 4642
f 4946 2757 4769
f 4713 4872 4773
f 4769 2757 4871
f 5365 4655 4710
f 4710 4768 4873
f 4875 4874 4770
f 4908 4423 4424
f 4931 4771 4929
f 4906 4875 4772
f 4878 4876 2760
f 4773 4876 4774
f 4774 4951 4877
f 4877 4714 4792
f 2761 4878 2760
f 4878 4952 4714
f 2184 4724 4879
f 4724 4887 4880
f 4884 4809 4803
f 4879 4880 4884
f 4881 4784 4791
f 4602 4882 4792
f 4779 4879 4884
f 4805 4883 4803
f 4803 4883 4884
f 4779 4884 4883
f 4520 4681 4899
f 4885 5038 5035
f 4810 4887 4664
f 4880 4887 4809
f 4667 4813 4726
f 4889 4813 5356
f 4812 4667 4726
f 5353 4667 5354
f 4888 4890 4549
f 5356 4813 4667
f 4889 4888 4614
f 4549 4614 4888
f 5356 5355 4888
f 4936 4890 4852
f 4936 4595 4756
f 4815 5337 5354
f 4730 4891 4764
f 4674 4891 4816
f 4892 4627 4956
f 4894 4893 4822
f 4827 4581 4893
f 4894 4822 4897
f 4827 4894 4636
f 4893 4895 4822
f 4896 4734 5358
f 4896 4569 4960
f 4897 4689 4636
f 4961 4605 4895
f 4541 4829 4554
f 4898 4738 5037
f 4682 4899 4681
f 5039 4899 4898
f 4682 4898 4899
f 4830 4738 4898
f 4900 4831 4420
f 4420 4419 4900
f 4853 4962 4900
f 5014 5079 4739
f 4942 4867 4832
f 4833 4742 4834
f 4835 4834 4692
f 4723 4722 4689
f 5120 4720 4582
f 4835 4966 4901
f 5016 4968 4824
f 4969 4693 4836
f 4837 4904 4902
f 4837 4972 4971
f 4904 4903 4967
f 4967 4966 4835
f 4905 4838 4419
f 4905 4840 5026
f 4419 4420 4905
f 4906 4905 4420
f 4923 4695 4919
f 4842 4909 4908
f 4909 4842 4907
f 4770 4874 4908
f 4910 4909 4922
f 4747 4907 4842
f 4908 4909 4910
f 4844 4750 4696
f 4844 4915 4695
f 4747 4750 4695
f 4698 4697 4752
f 4846 4698 4752
f 5368 5371 4911
f 4983 4869 5370
f 4922 4909 4907
f 4845 4915 4844
f 4914 4845 4641
f 4915 4845 4913
f 4641 4843 4916
f 4979 4845 4914
f 4846 4916 4698
f 5372 4980 4911
f 4930 4929 4985
f 4919 4915 4918
f 4924 4926 4921
f 4923 4919 4924
f 5376 5377 5374
f 4921 4923 4924
f 4928 4771 4922
f 4920 5376 5542
f 4979 4915 4913
f 4918 4915 4920
f 4910 4922 4771
f 4924 4919 4918
f 4921 4922 4925
f 4924 4918 4926
f 4695 4923 4925
f 4923 4921 4925
f 4921 4928 4922
f 4928 4927 4929
f 4907 4925 4922
f 4986 4985 4927
f 4929 4927 4985
f 5058 5396 5397
f 4930 4931 4929
f 4947 4931 4712
f 4910 4931 4770
f 4930 5395 4931
f 4756 4755 4648
f 4647 5532 4849
f 4849 4597 4933
f 4932 4651 4761
f 4933 4597 4934
f 4651 4932 4933
f 5302 5273 5311
f 5312 5328 5310
f 4935 4651 4934
f 4934 5328 4935
f 4761 4935 4705
f 4760 4853 4418
f 4853 4900 4419
f 4858 4757 4962
f 4761 4854 4704
f 4759 4705 4703
f 4937 5331 4935
f 5328 5301 5310
f 4762 4598 4938
f 4762 4865 5062
f 4991 4938 4706
f 4762 4938 4865
f 4939 4767 4709
f 4939 4709 5216
f 4866 4654 5062
f 4939 4866 4708
f 4938 4991 4865
f 5083 5081 4683
f 4739 5079 5080
f 4739 5080 4832
f 4942 4941 4943
f 4941 5101 5099
f 4657 4871 4713
f 4871 4944 5367
f 4657 4882 4992
f 4944 4871 4657
f 5537 5539 5362
f 4657 4945 4944
f 2757 4872 4871
f 4946 4711 4873
f 4946 2756 2757
f 4908 4874 4423
f 4950 4421 4875
f 4949 4712 4948
f 4875 4947 4949
f 5395 4948 4712
f 5052 4977 5051
f 4978 4772 5051
f 4712 4949 4947
f 4949 4948 5023
f 4420 4950 4906
f 4950 4420 4421
f 4878 4951 4774
f 4877 4951 4714
f 4877 4882 4657
f 4952 2761 2176
f 4714 4952 4775
f 4788 4714 4775
f 4881 4790 4792
f 4794 4790 4881
f 4788 4881 4792
f 4955 5063 5084
f 4602 4792 4790
f 4877 4792 4882
f 4794 4993 4790
f 4945 4992 4602
f 4614 4813 4889
f 4549 4936 4850
f 4517 4816 4957
f 4956 4996 4892
f 4996 4517 4957
f 4818 4892 4997
f 4997 5001 4818
f 5007 4820 4959
f 4817 4821 4544
f 4734 4896 4895
f 5012 4569 4573
f 4896 4961 4895
f 4896 4960 4961
f 4897 4605 4723
f 4895 4605 4822
f 4757 4900 4962
f 5076 5123 5082
f 4833 4965 4638
f 4835 4901 4965
f 4835 4639 4967
f 4968 4901 4966
f 4966 4583 4968
f 4902 4969 4972
f 4838 4969 4836
f 4971 4970 4694
f 4971 4972 4970
f 5020 4973 4975
f 4837 4971 4976
f 4902 4972 4837
f 5050 5015 4903
f 4903 4904 4976
f 4976 4975 4974
f 4974 4975 4973
f 4975 4976 4971
f 4976 4974 5050
f 4976 4904 4837
f 5024 4977 5052
f 4772 4978 4906
f 4840 4978 4977
f 4931 4910 4771
f 4770 4908 4910
f 5368 4847 4642
f 4846 4847 4911
f 4982 4914 4641
f 4916 4846 4981
f 4914 4982 4979
f 4911 4981 4846
f 4982 4981 4980
f 4916 4981 4982
f 4912 4979 4982
f 4916 4982 4641
f 5383 5391 5392
f 5542 5376 4917
f 4917 4926 5542
f 5374 5411 5412
f 4986 4927 4928
f 4985 5030 5396
f 4986 4928 4921
f 4921 4926 4986
f 4988 4926 4917
f 4985 4986 4987
f 4986 4988 4987
f 4988 5410 4984
f 4926 4988 4986
f 4917 5410 4988
f 4858 4962 4856
f 4989 5032 4702
f 5096 5095 4963
f 5031 4989 4863
f 4963 5032 4989
f 4989 4860 4863
f 4702 4757 4858
f 4996 5004 4998
f 4708 4991 4765
f 4865 4991 4708
f 4992 4882 4602
f 4657 4992 4945
f 4993 4794 4953
f 5063 5033 4953
f 4994 4806 5034
f 5034 4806 4609
f 4806 4994 4954
f 4995 4955 4804
f 5035 4954 4885
f 5035 4995 4804
f 5001 5003 4999
f 4996 4956 4517
f 4997 4892 4996
f 4998 5004 5042
f 5099 5153 5100
f 4997 5002 5001
f 5001 4958 5003
f 4990 5042 5004
f 5000 5045 4998
f 5003 4958 5006
f 4999 5003 4959
f 4818 5001 4999
f 5004 4957 4990
f 4990 5067 5044
f 4599 4998 5042
f 4599 5181 5207
f 5002 5045 5208
f 5215 5225 5005
f 5003 5006 5008
f 4999 4821 4817
f 5006 5005 5008
f 4959 5008 5007
f 5009 5007 5005
f 5011 5009 4819
f 5009 4820 5007
f 5108 5087 5104
f 5219 5222 5183
f 5012 4960 4569
f 4573 4507 5013
f 5012 5013 5046
f 5013 4523 5046
f 5013 5012 4573
f 5032 5014 4757
f 4964 5079 5014
f 4976 5050 4903
f 4446 5019 5143
f 4967 4903 4966
f 5015 4966 4903
f 4968 5016 4901
f 5016 4826 4638
f 5018 4583 5047
f 5016 4824 4826
f 4825 5017 4685
f 5018 5047 5017
f 4968 4583 5018
f 4583 4966 5015
f 4975 5061 5075
f 5061 5029 5073
f 4640 5424 5072
f 5072 4974 4973
f 5049 5048 5022
f 4978 4840 4906
f 5024 4840 4977
f 5020 5056 5060
f 5027 5026 5024
f 5074 5027 5057
f 5029 4694 4970
f 5027 5024 4746
f 4746 5057 5027
f 5025 5026 5027
f 5025 5073 4745
f 4905 5026 4839
f 5054 4746 5052
f 5057 5028 5074
f 4745 5029 4970
f 5027 5074 5025
f 5025 4745 5026
f 4979 4912 5377
f 4979 4920 4915
f 4985 4987 5030
f 5030 4987 5401
f 5032 4964 5014
f 5196 5195 5206
f 4602 4790 4993
f 4886 5033 5063
f 5033 4886 5086
f 4806 4954 4801
f 5039 5041 4520
f 5040 5039 5037
f 5035 4804 4954
f 4886 4955 4995
f 4506 5065 5036
f 5035 5065 5066
f 5037 5036 5038
f 5038 4885 5037
f 4899 5039 4520
f 4898 5037 5039
f 5040 5037 4885
f 4885 4994 5040
f 5041 5034 4736
f 5034 5041 5040
f 5034 5040 4994
f 5065 5035 5038
f 5036 5065 5038
f 4990 4957 4730
f 4707 5044 5067
f 4599 5000 4998
f 5043 4990 5044
f 5042 4990 5043
f 5044 4654 5043
f 4707 4762 5062
f 5002 4997 5045
f 5045 4996 4998
f 4997 4996 5045
f 4821 4959 4820
f 4546 5046 4523
f 4547 5013 4522
f 4687 5019 4446
f 5017 5019 4685
f 5089 5047 4583
f 4583 5015 5089
f 5091 5069 5047
f 5075 5056 5020
f 5174 5176 5093
f 5049 5021 5048
f 4973 4640 5072
f 5145 5072 5424
f 4974 5022 5050
f 5050 5022 5048
f 5023 5051 4772
f 5052 5051 5023
f 4949 5023 4772
f 4948 5058 5055
f 5054 5052 5055
f 5052 4746 5024
f 5055 5053 5054
f 4656 5405 5397
f 5055 5052 5023
f 5054 5053 5056
f 4948 5055 5023
f 5403 5402 5058
f 4746 5054 5057
f 5056 5057 5054
f 5058 4948 5395
f 5402 5053 5055
f 5060 4640 4973
f 5402 5055 5058
f 5053 5402 5399
f 5059 5416 4640
f 5056 5053 5060
f 5059 5060 5053
f 5061 5074 5075
f 5029 4975 4694
f 4964 4963 4683
f 5032 4757 4702
f 4866 5062 4865
f 4654 5044 5062
f 4993 4953 5033
f 4794 5084 4953
f 5105 5388 5540
f 4671 4829 4736
f 4995 5066 4886
f 5035 5066 4995
f 5086 5066 5085
f 4730 5067 4990
f 4707 5067 4764
f 5062 5044 4707
f 5199 5011 5010
f 5009 5011 5217
f 5015 5050 5068
f 5069 5091 5071
f 5260 5237 5256
f 5145 5049 5072
f 5068 5050 5048
f 5049 5145 5021
f 5072 5049 5022
f 4974 5072 5022
f 4745 5073 5029
f 5074 5073 5025
f 5075 5074 5028
f 5074 5061 5073
f 5056 5075 5028
f 4975 5075 5020
f 4975 5029 5061
f 5031 5078 5096
f 5031 4863 5078
f 5096 5124 5095
f 4964 4683 5079
f 5079 5081 5080
f 5101 4942 5080
f 4832 5080 4942
f 5081 5079 4683
f 5097 5082 5083
f 4940 5099 5081
f 5083 5102 4940
f 4683 4963 5097
f 5082 5102 5083
f 4795 5084 4794
f 5084 4603 4955
f 4886 5063 4955
f 5066 5086 4886
f 5085 5064 5104
f 5104 5033 5086
f 5104 5086 5085
f 5033 5087 5108
f 5087 5033 5104
f 5085 5065 5103
f 4671 4736 4609
f 5037 5088 5036
f 5091 5089 5068
f 5089 5015 5068
f 5090 5068 5048
f 5048 5021 5090
f 5021 5145 5144
f 5090 5071 5091
f 5089 5091 5047
f 5090 5091 5068
f 5140 5069 5071
f 5449 5457 5190
f 5017 5069 5019
f 5047 5069 5017
f 5450 5173 5174
f 5083 4683 5097
f 5094 5095 5076
f 5078 5077 5124
f 4963 5095 5097
f 5031 5096 4963
f 5078 4649 5077
f 5438 5437 5436
f 5177 5077 5098
f 5152 5153 5099
f 5195 5178 5206
f 5178 5152 5102
f 5100 4709 4941
f 5100 4941 5099
f 4767 4943 4709
f 4943 4767 4867
f 4941 4709 4943
f 4942 5101 4941
f 5081 5101 5080
f 4830 4577 5135
f 5066 5065 5085
f 4830 5135 5134
f 5136 5103 4506
f 5114 5104 5064
f 4993 5108 5127
f 5155 5157 5112
f 5104 5109 5108
f 5110 5106 5109
f 5166 5170 5171
f 5110 5109 5107
f 5104 5114 5109
f 5114 5107 5109
f 5106 5108 5109
f 5105 5110 5107
f 5112 5128 5155
f 5107 5114 5112
f 5157 5158 5112
f 5111 5155 5128
f 5107 5113 5105
f 5128 5112 5114
f 5113 5107 5112
f 5173 5450 5115
f 5142 5121 5115
f 5143 5019 5140
f 4741 5116 5119
f 5119 5092 5117
f 5116 4637 4448
f 5092 5121 5142
f 4582 5118 5120
f 5185 5092 5186
f 4720 5120 4719
f 5092 5119 5116
f 5118 5119 5117
f 5117 5092 5185
f 5120 5307 4719
f 5140 5071 5115
f 5121 5092 5116
f 5144 5145 5122
f 5123 5076 5125
f 5082 5097 5094
f 4989 5031 4963
f 5124 5077 5125
f 5096 5078 5124
f 4634 5123 5125
f 5151 5102 5082
f 5154 5082 5123
f 5083 4940 5081
f 5541 4602 5127
f 5166 5064 5136
f 5064 5085 5103
f 5129 4577 4579
f 5160 5241 5133
f 5131 4577 5129
f 4506 5103 5065
f 5129 5133 5131
f 5134 5130 5167
f 5133 5129 5160
f 4506 5132 5136
f 5165 5218 5160
f 5131 5135 4577
f 5064 5103 5136
f 5135 5131 5130
f 5134 5132 5088
f 5132 5167 5169
f 5283 5282 5280
f 5187 5120 5118
f 5306 5138 5247
f 5187 5118 5117
f 5307 5120 5139
f 5121 5140 5115
f 5188 5139 5187
f 5142 5141 5186
f 4447 4446 5143
f 5140 5121 5143
f 5116 5143 5121
f 5145 5424 5122
f 5021 5144 5090
f 5076 5082 5094
f 5177 5147 5125
f 5124 5125 5076
f 5077 5177 5125
f 5124 5076 5095
f 5501 4580 5297
f 4634 5125 5147
f 5437 5438 5149
f 5150 5437 5149
f 5150 5147 5437
f 5181 5206 5178
f 5152 5099 4940
f 5153 5152 5195
f 5108 5106 5127
f 4993 5033 5108
f 5111 5229 5155
f 5232 5155 5234
f 5112 5158 5113
f 5105 5113 5156
f 5383 5387 5388
f 5158 5157 5232
f 5229 5234 5155
f 5158 5156 5113
f 5390 5540 5387
f 4575 4543 5447
f 4558 5164 5163
f 4731 5164 4568
f 4544 5164 4731
f 4558 4568 5164
f 5163 4631 4558
f 5064 5128 5114
f 5169 5170 5136
f 5167 5239 5168
f 5132 5134 5167
f 5135 5130 5134
f 5132 5169 5136
f 5170 5169 5168
f 5167 5130 5239
f 5169 5167 5168
f 5159 5170 5168
f 5171 5159 5183
f 5136 5170 5166
f 5159 5171 5170
f 4506 5088 5132
f 5088 4738 5134
f 5189 5137 5138
f 5139 5188 5138
f 5071 5090 5173
f 5174 5093 5451
f 5462 5469 5468
f 5122 5424 5425
f 5425 5174 5122
f 5102 5151 5178
f 5082 5154 5151
f 5151 5126 5181
f 5207 5208 5000
f 5000 4599 5207
f 4599 5042 5196
f 5126 5151 5154
f 5182 5126 5154
f 5210 5211 5180
f 5123 5192 5154
f 5192 5182 5154
f 5181 5178 5151
f 5162 4631 5163
f 4544 4821 5164
f 5171 5128 5166
f 5128 5064 5166
f 5201 5200 5220
f 5010 5221 5201
f 5229 5223 5202
f 5183 5223 5111
f 5183 5222 5223
f 5128 5171 5111
f 5111 5171 5183
f 5092 5142 5186
f 5187 5185 5172
f 5186 5141 5191
f 5185 5186 5191
f 5187 5172 5188
f 5139 5120 5187
f 5185 5187 5117
f 5306 5139 5138
f 5172 5189 5188
f 5268 5253 5254
f 5191 5172 5185
f 5138 5188 5189
f 5191 5190 5172
f 5144 5173 5090
f 5102 5152 4940
f 5192 4634 5147
f 5150 5193 5194
f 5193 5148 5205
f 5204 5193 5179
f 5182 5192 5194
f 5150 5194 5192
f 5150 5192 5147
f 5150 5149 5193
f 5182 5194 5180
f 5042 5043 5196
f 5043 4654 5197
f 5195 5196 5197
f 5011 5199 5217
f 5199 5010 5220
f 5198 5217 5199
f 5165 5160 5447
f 5162 5165 4631
f 5219 5183 5159
f 5200 5159 5168
f 5010 5011 5221
f 5202 4505 5229
f 5192 5123 4634
f 5194 5193 5204
f 5214 5180 5204
f 5478 5480 5476
f 5446 5496 5499
f 4599 5206 5181
f 4599 5196 5206
f 5000 5208 5045
f 5213 5002 5208
f 5210 5214 5213
f 5179 5209 5214
f 5182 5211 5126
f 5180 5211 5182
f 5213 5214 5212
f 4958 5002 5212
f 5212 5002 5213
f 4958 5518 5006
f 5207 5210 5213
f 5519 5520 5509
f 5214 5209 5212
f 5001 5002 4958
f 5518 4958 5212
f 5513 5224 5519
f 5006 5215 5005
f 5197 5196 5043
f 4866 5216 4654
f 4939 5216 4866
f 4654 5216 5197
f 5216 4709 5100
f 5195 5197 5153
f 5197 5216 5100
f 5197 5100 5153
f 5217 5162 4820
f 5217 5218 5162
f 5217 4820 5009
f 5218 5217 5198
f 5218 5165 5162
f 5198 5240 5241
f 5241 5218 5198
f 5200 5219 5159
f 5222 5200 5201
f 5220 5239 5240
f 5200 5168 5239
f 5201 5220 5010
f 5221 5011 4819
f 4819 5225 5227
f 5226 5201 5221
f 5201 5228 5222
f 5222 5219 5200
f 5202 5223 5184
f 5223 5222 5184
f 5242 5227 5224
f 5244 4505 5202
f 5221 4819 5227
f 5184 5222 5228
f 5226 5221 5227
f 5243 5226 5242
f 5243 5228 5226
f 5244 5184 5228
f 5234 5236 5232
f 5235 5229 4505
f 5544 5392 5391
f 5155 5232 5157
f 5158 5232 5231
f 5235 5234 5229
f 5234 5235 5233
f 5234 5233 5236
f 5250 5247 5138
f 5204 5180 5194
f 5211 5207 5126
f 5211 5210 5207
f 5220 5198 5199
f 5240 5198 5220
f 5239 5130 5240
f 5200 5239 5220
f 5240 5130 5131
f 5240 5131 5241
f 5241 5131 5133
f 5241 5160 5218
f 5111 5223 5229
f 5225 4819 5005
f 5009 5005 4819
f 5005 5007 5008
f 5226 5227 5242
f 5226 5228 5201
f 5184 5244 5202
f 5228 5243 5524
f 5502 5238 5483
f 5524 5244 5228
f 4505 5244 5525
f 5516 5504 5510
f 5525 5244 5245
f 5235 4505 5246
f 5138 5137 5250
f 5287 5288 5252
f 5146 5330 5441
f 5181 5126 5207
f 5252 5254 5237
f 5250 5249 5252
f 5497 5248 5479
f 5207 5213 5208
f 5214 5210 5180
f 5250 5252 5247
f 5534 5291 5340
f 5255 5252 5249
f 5256 5254 5253
f 5444 5251 5148
f 5268 5269 5261
f 5256 5203 5260
f 5268 5254 5255
f 5252 5255 5254
f 5137 5189 5459
f 5267 5257 5250
f 5267 5250 5137
f 5250 5257 5249
f 5258 5321 5320
f 5253 5271 5262
f 5298 5273 5274
f 5276 5260 5203
f 5277 5249 5257
f 5308 5283 5279
f 5289 5261 5269
f 5277 5268 5255
f 5292 5270 5261
f 5253 5268 5271
f 5262 5203 5256
f 5256 5237 5254
f 5287 5237 5260
f 5304 5262 5272
f 5315 5316 4494
f 4515 5265 4815
f 4536 5265 4515
f 5305 4815 5266
f 4515 4815 4728
f 5266 5286 5305
f 4815 5265 5266
f 5282 5269 5278
f 5255 5249 5277
f 5261 5270 5271
f 5277 5257 5269
f 5261 5290 5292
f 5272 5262 5270
f 5261 5271 5268
f 5262 5271 5270
f 5304 5303 5203
f 5298 4596 5300
f 5274 5259 5284
f 5298 5311 5273
f 5288 5306 5247
f 5203 5262 5304
f 5263 5316 5260
f 5459 5267 5137
f 5268 5277 5269
f 5278 5267 5459
f 5257 5267 5278
f 5290 5289 5281
f 5344 5345 5342
f 5279 5344 5329
f 5283 5281 5282
f 5278 5459 5343
f 5289 5269 5281
f 5278 5280 5282
f 5283 5280 5279
f 5278 5269 5257
f 5282 5281 5269
f 5286 5266 5265
f 5265 5264 5286
f 5287 5275 5288
f 5263 5260 5276
f 5275 5287 5260
f 5288 5275 5314
f 5281 5309 5290
f 5293 5292 5290
f 5261 5289 5290
f 5291 5293 5296
f 5293 5290 5258
f 5292 5291 5534
f 5295 5296 5320
f 5291 5292 5293
f 5322 4580 5339
f 5429 5098 5077
f 5320 5293 5258
f 5322 5320 5321
f 5308 5309 5283
f 5284 5298 5274
f 5284 4596 5298
f 5312 4937 5328
f 5323 5300 4596
f 4934 4597 5301
f 5301 4597 5327
f 5533 5284 5259
f 5305 5286 5285
f 5264 5313 5286
f 5303 5304 5285
f 5305 5302 5334
f 5287 5252 5237
f 5247 5252 5288
f 5314 5306 5288
f 5308 5279 5329
f 5309 5308 5297
f 5297 4580 5322
f 4596 5324 5323
f 5301 5327 5299
f 5300 5323 5299
f 5274 5273 5302
f 5285 5274 5302
f 5304 5272 5274
f 5276 5203 5303
f 5285 5286 5303
f 5303 5286 5313
f 5263 5276 5313
f 5303 5313 5276
f 5274 5285 5304
f 4815 5305 5336
f 5300 5299 5311
f 5314 5275 5316
f 5275 5260 5316
f 5315 4509 5314
f 5316 5263 5317
f 5315 5314 5316
f 5264 5263 5313
f 5264 5265 5318
f 5263 5264 5317
f 4494 5318 4552
f 5264 5318 5317
f 4494 5316 5317
f 5314 4509 5306
f 5307 5319 4482
f 4721 5307 4482
f 4488 5315 4494
f 5139 5319 5307
f 5297 5322 5321
f 5320 5330 5295
f 5293 5320 5296
f 5321 5258 5309
f 5321 5309 5297
f 5322 5339 5320
f 5290 5309 5258
f 5310 5324 5325
f 4650 5312 5326
f 4650 4857 5331
f 4864 5325 5324
f 5326 4862 4650
f 5312 5325 5326
f 5298 5300 5311
f 4935 5328 4937
f 5301 5328 4934
f 5301 5299 5310
f 5310 5299 5323
f 5302 5305 5285
f 5302 5311 5334
f 5329 5297 5308
f 5329 5501 5297
f 5342 5489 5487
f 5330 5294 5295
f 5330 5320 5339
f 5330 5435 5294
f 5309 5281 5283
f 4650 5331 4937
f 5323 5324 5310
f 4864 4649 5325
f 4859 4861 5332
f 5332 4862 5326
f 5325 5332 5326
f 5332 5325 4859
f 5299 5327 5335
f 5335 5333 5334
f 5335 5334 5311
f 5334 5333 5336
f 5333 5335 5327
f 5305 5334 5336
f 5337 4815 5336
f 5333 5337 5336
f 5299 5335 5311
f 5432 5295 5294
f 5341 5324 4596
f 5324 5341 4864
f 5340 5533 5534
f 5296 5432 5340
f 5434 5098 5430
f 5284 5533 4596
f 5341 5430 4864
f 5532 5530 4849
f 5327 4597 5531
f 5279 5280 5345
f 5343 5345 5280
f 5345 5344 5279
f 5345 5343 5351
f 5280 5278 5343
f 5191 5449 5190
f 5347 5070 5348
f 5349 5343 5459
f 5347 5346 5574
f 5346 5347 5349
f 5343 5349 5347
f 5189 5172 5458
f 5348 5350 5347
f 5350 5351 5347
f 5348 5070 5454
f 5351 5350 5338
f 5342 5338 5486
f 5345 5351 5342
f 5347 5351 5343
f 4593 4457 4455
f 4458 4457 4496
f 4810 5352 4609
f 4673 5352 4664
f 4815 5354 4728
f 5357 4814 4668
f 4667 4727 5354
f 5356 5353 5355
f 4890 4888 4852
f 4889 5356 4888
f 4667 5353 5356
f 5354 5357 4728
f 4814 5357 4727
f 4852 4888 5355
f 5358 4686 4735
f 4896 5358 4735
f 4686 5358 4635
f 5359 4638 4826
f 4827 5359 4826
f 5359 4636 4688
f 5360 4749 4751
f 4843 4591 4916
f 4589 5360 4751
f 4641 5360 4843
f 4591 5360 4589
f 4710 4655 4868
f 4873 4711 5365
f 5363 5361 5367
f 4655 5361 5536
f 5537 5541 5106
f 5367 5361 4655
f 5362 5364 5363
f 5364 5361 5363
f 5365 4710 4873
f 5367 5365 4711
f 4871 5367 4711
f 5366 5367 4944
f 5367 5366 5363
f 5365 5367 4655
f 5366 4945 5362
f 4869 5369 4870
f 4870 5368 4642
f 5373 4912 4980
f 5380 5370 4869
f 5369 5373 5371
f 5385 5381 4600
f 4981 4911 4980
f 5373 4980 5372
f 4912 4982 4980
f 5374 4912 5373
f 5372 5371 5373
f 5373 4983 5374
f 5548 5386 5543
f 5546 4983 5375
f 5411 5374 4983
f 5376 5374 4917
f 4979 5377 4920
f 5374 5377 4912
f 5377 5376 4920
f 4983 5370 5375
f 5381 5386 5370
f 5370 5380 5381
f 4983 5373 4869
f 5369 4869 5373
f 5382 5364 4600
f 5380 5382 5381
f 4600 5381 5382
f 5536 5382 5380
f 5361 5364 5382
f 5394 5231 5391
f 4600 5390 5389
f 5384 5381 5385
f 5381 5384 5386
f 5384 5379 5386
f 5379 5384 5378
f 5368 4870 5369
f 4911 5371 5372
f 5387 5389 5390
f 5105 5156 5388
f 5389 5383 5385
f 4600 5389 5385
f 4600 5364 5390
f 5390 5538 5540
f 5156 5394 5388
f 5384 5385 5378
f 5392 5378 5385
f 5383 5392 5385
f 5370 5386 5375
f 5368 5369 5371
f 5236 5231 5232
f 5387 5383 5389
f 5394 5156 5158
f 5393 5391 5231
f 5230 5544 5393
f 5383 5388 5394
f 5231 5394 5158
f 5383 5394 5391
f 4935 5331 4705
f 4931 5395 4712
f 5396 5395 4930
f 5396 4656 5397
f 4985 5396 4930
f 4656 5396 5030
f 5405 5401 5400
f 5058 5397 5403
f 5395 5396 5058
f 5399 5059 5053
f 5403 5405 5400
f 4656 5030 5401
f 5407 5401 4984
f 5403 5397 5405
f 5402 5403 5399
f 5413 5408 5409
f 5408 5413 5404
f 5401 5405 4656
f 5401 4987 4984
f 5415 5398 5406
f 5401 5407 5400
f 5407 5408 5400
f 5399 5403 5400
f 5408 5398 5409
f 5399 5400 5408
f 5059 5404 5413
f 5059 5399 5404
f 4917 5412 5410
f 5407 4984 5410
f 4988 4984 4987
f 5375 5386 5545
f 5427 4601 5428
f 5374 5412 4917
f 5409 5426 5413
f 5412 5411 5410
f 5408 5404 5399
f 5407 5410 5417
f 5414 5398 5415
f 5407 5417 5398
f 5555 5554 5428
f 5398 5408 5407
f 5059 5413 5416
f 5398 5417 5406
f 5417 5410 5411
f 5547 5411 5546
f 5415 5419 5414
f 5422 5409 5423
f 5420 5419 5415
f 5414 5409 5398
f 5414 5419 5423
f 4601 5420 5415
f 5420 4601 5418
f 5414 5423 5409
f 5175 5425 5426
f 5419 5420 5423
f 5467 5423 5420
f 5467 5418 5466
f 5464 5425 5175
f 5425 5176 5174
f 5426 5425 5424
f 5059 4640 5060
f 5426 5424 5416
f 5175 5426 5422
f 5465 5470 5567
f 5549 5417 5411
f 5406 5417 5549
f 5413 5426 5416
f 5409 5422 5426
f 4640 5416 5424
f 5428 4601 5415
f 5427 5561 5573
f 5428 5415 5406
f 5430 5341 5431
f 5077 4649 5429
f 4649 4864 5429
f 5341 5432 5431
f 5098 4864 5430
f 5434 5436 5098
f 5434 5430 5433
f 5340 5432 5341
f 5340 5291 5296
f 5431 5432 5294
f 5432 5296 5295
f 5436 5177 5098
f 5431 5294 5433
f 5433 5430 5431
f 5434 5433 5436
f 5435 5438 5436
f 5147 5436 5437
f 5433 5294 5435
f 5147 5177 5436
f 5435 5436 5433
f 5435 5330 5146
f 5330 5339 5441
f 5438 5435 5146
f 5344 5487 5329
f 5441 5444 5440
f 5149 5438 5146
f 5442 5441 5339
f 5339 4580 5442
f 5491 5492 5490
f 5444 5441 5439
f 5146 5441 5440
f 5338 5481 5486
f 5148 5251 5498
f 5443 5445 5446
f 5442 4580 5492
f 5251 5444 5443
f 5440 5444 5148
f 5193 5149 5148
f 5444 5474 5443
f 5149 5146 5440
f 5148 5149 5440
f 5443 5446 5251
f 5446 5445 5248
f 4577 4633 4579
f 5161 5129 4579
f 5447 5161 4575
f 5447 4543 5165
f 5447 5160 5161
f 5161 5160 5129
f 4821 5163 5164
f 5162 5163 4820
f 5448 5115 5450
f 5457 5448 5452
f 5141 5449 5191
f 5449 5141 5448
f 5448 5141 5115
f 5142 5115 5141
f 5174 5173 5144
f 5173 5115 5071
f 5144 5122 5174
f 5070 5347 5574
f 5450 5452 5448
f 5174 5451 5450
f 5450 5460 5452
f 5460 5453 5452
f 5460 5450 5451
f 5453 5454 5070
f 5093 5176 5455
f 5458 5346 5349
f 5456 5458 5457
f 5456 5346 5458
f 5457 5449 5448
f 5190 5458 5172
f 5457 5458 5190
f 5349 5459 5189
f 5458 5349 5189
f 5460 5451 5093
f 5452 5453 5574
f 5453 5093 5455
f 5093 5453 5460
f 5454 5453 5455
f 5462 5348 5454
f 5463 5462 5461
f 5350 5462 5468
f 5462 5454 5461
f 5350 5348 5462
f 5463 5469 5462
f 5455 5461 5454
f 5176 5464 5455
f 5425 5464 5176
f 5464 5461 5455
f 5461 5464 5463
f 5466 5463 5464
f 5464 5175 5467
f 5466 5418 5471
f 5418 5467 5420
f 5464 5467 5466
f 5463 5466 5471
f 5468 5470 5338
f 5574 5346 5456
f 5471 5418 5573
f 5573 5563 5571
f 5423 5175 5422
f 5175 5423 5467
f 5481 5470 5465
f 5443 5474 5445
f 5474 5444 5439
f 5474 5473 5445
f 5475 5473 5488
f 5445 5473 5475
f 5477 5475 5472
f 5477 5485 5479
f 5472 5478 5476
f 5470 5481 5338
f 5476 5484 5485
f 5475 5248 5445
f 5472 5476 5477
f 5478 5481 5480
f 5477 5476 5485
f 5248 5475 5479
f 5479 5475 5477
f 5480 5481 5465
f 5483 5238 5484
f 5567 5565 5482
f 5483 5493 5502
f 5484 5465 5483
f 5476 5480 5484
f 5484 5480 5465
f 5495 5238 5507
f 5238 5485 5484
f 5468 5338 5350
f 5486 5481 5478
f 5487 5490 5501
f 5338 5342 5351
f 5342 5486 5489
f 5442 5488 5473
f 5342 5487 5344
f 5489 5486 5478
f 5491 5490 5487
f 5478 5472 5489
f 5488 5491 5472
f 5491 5487 5489
f 5492 5491 5488
f 5492 5488 5442
f 4580 5490 5492
f 5475 5488 5472
f 5564 5563 5562
f 5494 5479 5485
f 5494 5485 5495
f 5495 5485 5238
f 5504 5503 5497
f 5494 5497 5479
f 5499 5506 5509
f 5494 5507 5504
f 5499 5498 5251
f 5498 5179 5205
f 5193 5205 5179
f 5500 5179 5498
f 5499 5500 5498
f 5517 5500 5509
f 5487 5501 5329
f 4580 5501 5490
f 5473 5439 5442
f 5439 5473 5474
f 5472 5491 5489
f 5238 5502 5493
f 5446 5499 5251
f 5496 5446 5248
f 5497 5496 5248
f 5508 5503 5504
f 5499 5496 5503
f 5504 5497 5494
f 5497 5503 5496
f 5499 5509 5500
f 5494 5495 5507
f 5504 5516 5508
f 5507 5238 5521
f 5504 5507 5510
f 5505 5506 5508
f 5503 5508 5506
f 5506 5505 5513
f 5225 5215 5520
f 5522 5512 5510
f 5521 5522 5507
f 5482 5569 5570
f 5236 5527 5231
f 5245 5514 5508
f 5522 5510 5507
f 5514 5515 5505
f 5506 5513 5509
f 5515 5513 5505
f 5514 5524 5515
f 5510 5512 5516
f 5512 5245 5516
f 5243 5242 5515
f 5242 5224 5515
f 5517 5179 5500
f 5224 5513 5515
f 5224 5227 5519
f 5227 5225 5519
f 5520 5519 5225
f 5519 5509 5513
f 5518 5520 5215
f 5006 5518 5215
f 5179 5214 5204
f 5209 5179 5517
f 5209 5520 5518
f 5517 5520 5209
f 5212 5209 5518
f 5509 5520 5517
f 5499 5503 5506
f 5523 5512 5522
f 5523 5522 5521
f 5568 5523 5521
f 5508 5516 5245
f 5505 5508 5514
f 5238 5493 5572
f 5515 5524 5243
f 5514 5245 5524
f 5246 5523 5511
f 5245 5512 5525
f 5523 5525 5512
f 5558 5568 5566
f 5246 5233 5235
f 4505 5525 5246
f 5523 5246 5525
f 5233 5246 5526
f 5559 5527 5526
f 5246 5511 5526
f 5421 5551 5560
f 5527 5230 5393
f 5526 5236 5233
f 5559 5526 5558
f 5236 5526 5527
f 5231 5527 5393
f 5559 5230 5527
f 5244 5524 5245
f 5337 5333 5355
f 5531 5530 5528
f 5528 5530 5532
f 4936 4852 5528
f 4852 5355 5529
f 4852 5529 5528
f 5528 5529 5531
f 5529 5333 5531
f 5327 5531 5333
f 4597 5530 5531
f 4647 4595 5532
f 4647 4849 4932
f 5337 5355 5353
f 4595 5528 5532
f 5535 5534 5533
f 5535 5533 5259
f 5292 5534 5270
f 5272 5535 5259
f 5535 5270 5534
f 5354 5337 5353
f 5536 4869 4868
f 5382 5536 5361
f 4869 5536 5380
f 5106 5538 5537
f 5538 5106 5110
f 5540 5110 5105
f 5538 5390 5539
f 5364 5539 5390
f 5387 5540 5388
f 5539 5537 5538
f 5362 5539 5364
f 5366 4944 4945
f 5366 5362 5363
f 4945 5537 5362
f 5540 5538 5110
f 5127 5106 5541
f 4602 5537 4945
f 5537 4602 5541
f 4918 5542 4926
f 4920 5542 4918
f 5550 5392 5544
f 4983 5546 5411
f 5552 5548 5543
f 5546 5545 5548
f 5545 5386 5548
f 5549 5547 5552
f 5543 5379 5378
f 5375 5545 5546
f 5554 5549 5552
f 5547 5548 5552
f 5406 5549 5555
f 5543 5386 5379
f 5550 5543 5378
f 5392 5550 5378
f 5546 5548 5547
f 5543 5553 5552
f 5556 5561 5427
f 5551 5553 5543
f 5550 5551 5543
f 5544 5560 5551
f 5560 5544 5230
f 5550 5544 5551
f 5547 5549 5411
f 5551 5556 5553
f 5553 5556 5552
f 5555 5428 5406
f 5549 5554 5555
f 5428 5554 5427
f 5556 5427 5554
f 5556 5554 5552
f 5556 5421 5561
f 5526 5511 5558
f 5560 5230 5557
f 5558 5557 5559
f 5230 5559 5557
f 5563 5561 5421
f 5563 5421 5562
f 5557 5421 5560
f 5562 5421 5557
f 5562 5482 5564
f 5565 5564 5482
f 5561 5563 5573
f 5469 5571 5565
f 5564 5565 5571
f 5570 5483 5482
f 5465 5567 5483
f 5573 4601 5427
f 5563 5564 5571
f 5558 5569 5557
f 5567 5470 5565
f 5567 5482 5483
f 5511 5523 5568
f 5568 5521 5572
f 5569 5562 5557
f 5570 5569 5566
f 5566 5569 5558
f 5570 5566 5493
f 5471 5571 5463
f 5571 5471 5573
f 5572 5566 5568
f 5238 5572 5521
f 5566 5572 5493
f 5483 5570 5493
f 5569 5482 5562
f 5418 4601 5573
f 5463 5571 5469
f 5556 5551 5421
f 5511 5568 5558
f 5565 5470 5468
f 5341 4596 5533
f 5565 5468 5469
f 5441 5442 5439
f 5341 5533 5340
f 5272 5270 5535
f 4870 4868 4869
f 5393 5544 5391
f 4660 4413 4722
f 4559 4723 4606
f 4548 4660 4559
f 4961 4606 4723
f 4508 4960 5046
f 5070 5574 5453
f 5452 5456 5457
f 5574 5456 5452
f 5597 5614 5598
f 5638 5630 5643
f 5619 5600 5614
f 5623 5654 5631
f 5638 4468 4469
f 5626 5596 5707
f 5614 5599 5598
f 5640 5625 5610
f 5654 5711 4466
f 5633 5608 5719
f 5666 5642 5627
f 5679 5633 5624
f 5704 5594 5593
f 5632 5638 5645
f 5695 5592 5591
f 5716 5686 5681
f 5592 5695 5696
f 5644 5629 5641
f 5693 5586 5688
f 5577 5618 5578
f 5602 4437 5603
f 5698 5662 5699
f 4473 4474 5641
f 5639 4467 4468
f 5702 5662 5700
f 5603 4437 4439
f 4433 5633 4432
f 4438 4439 4437
f 5619 5620 5602
f 5626 5614 5597
f 5695 5660 5696
f 5671 5669 5658
f 5602 5620 4437
f 5610 5625 4411
f 5619 5602 5601
f 5679 5608 5633
f 5673 5677 5710
f 4435 4436 5627
f 4434 5635 5624
f 5624 5635 5682
f 5707 5596 5595
f 5577 5576 5618
f 4431 5719 5610
f 4473 5629 4472
f 5629 5637 4472
f 5615 5575 5606
f 5625 4474 4411
f 5600 5599 5614
f 5719 4432 5633
f 5628 5668 5671
f 5681 5637 5629
f 4471 4472 5637
f 5660 5640 5664
f 5651 5652 5649
f 5580 5628 5674
f 5678 5659 5694
f 4435 5635 4434
f 5668 5628 5613
f 5647 5632 5645
f 5611 5609 5613
f 5638 4469 5630
f 5672 5671 5668
f 5612 5614 5626
f 5652 5651 5607
f 5636 5579 5618
f 5619 5666 5617
f 4469 4470 5630
f 5615 5576 5575
f 5641 5625 5634
f 5576 5615 5618
f 5605 5616 5606
f 4467 5639 5631
f 5646 5650 5690
f 5676 5611 4458
f 5616 5615 5606
f 4435 5627 5635
f 5618 5628 5636
f 5706 5717 5704
f 5623 5655 5654
f 5618 5613 5628
f 4466 5631 5654
f 4467 5631 4466
f 5620 4436 4437
f 4465 4466 5711
f 4464 5711 4463
f 5711 5710 4462
f 5613 5615 5616
f 5578 5618 5579
f 5611 5613 5616
f 5677 5673 5609
f 5600 5619 5601
f 5710 5653 5670
f 4461 4462 5710
f 5613 5609 5668
f 5620 5617 4436
f 4458 4476 5676
f 4458 5616 4457
f 4456 4457 5604
f 5715 5701 5587
f 4458 5611 5616
f 5710 4460 4461
f 5614 5612 5619
f 4463 5711 4462
f 5619 5617 5620
f 5587 5586 5693
f 5615 5613 5618
f 5597 5596 5626
f 5612 5626 5707
f 5642 5635 5627
f 5628 5580 5636
f 5580 5579 5636
f 5629 4473 5641
f 5681 5629 5621
f 5685 5684 5630
f 5630 4470 5685
f 5643 5630 5683
f 5632 5639 5638
f 5638 5639 4468
f 5631 5639 5632
f 5610 5608 5640
f 5634 5644 5641
f 5634 5625 5640
f 5647 5650 5646
f 5638 5643 5645
f 5625 5641 4474
f 5645 5643 5647
f 5647 5649 5632
f 5647 5687 5650
f 5584 5694 5689
f 5643 5683 5687
f 5649 5647 5646
f 5691 5713 5714
f 5585 5688 5586
f 5649 5646 5651
f 5632 5649 5623
f 5687 5647 5643
f 5690 5688 5689
f 5657 5651 5646
f 5657 5659 5651
f 5631 5632 5623
f 5607 5655 5652
f 5649 5652 5623
f 5670 5655 5607
f 5655 5623 5652
f 5711 5653 5710
f 5607 5709 5670
f 5654 5655 5653
f 5648 5688 5690
f 5583 5694 5584
f 5657 5646 5690
f 5656 5694 5659
f 5671 5675 5674
f 5607 5651 5659
f 5656 5659 5657
f 5659 5658 5709
f 5697 5591 5590
f 5679 5712 5608
f 5640 5660 5634
f 5661 5634 5660
f 5644 5634 5661
f 5698 5661 5697
f 5700 5589 5588
f 5621 5644 5662
f 5661 5660 5695
f 5644 5661 5699
f 5705 5712 5663
f 5608 5664 5640
f 5705 5696 5664
f 5717 5595 5594
f 5612 5665 5666
f 4457 5616 5604
f 5604 5616 5605
f 5619 5612 5666
f 5708 5680 5682
f 5703 5714 5622
f 5666 4436 5617
f 5668 5609 5672
f 5655 5670 5653
f 5709 5669 5670
f 5673 5669 5672
f 5669 5673 5670
f 5669 5709 5658
f 5671 5658 5675
f 5672 5609 5673
f 5671 5672 5669
f 5676 5609 5611
f 5710 5677 4460
f 5675 5582 5581
f 5580 5674 5581
f 5628 5671 5674
f 5675 5658 5678
f 5581 5674 5675
f 5677 4476 4459
f 5609 5676 5677
f 5675 5678 5582
f 5679 5624 5680
f 5608 5610 5719
f 5712 5680 5663
f 5633 4433 5624
f 4434 5624 4433
f 5683 5684 5622
f 5635 5642 5682
f 5684 5683 5630
f 5687 5683 5622
f 5716 5681 5703
f 4471 5686 4470
f 5685 4470 5686
f 5681 5686 5637
f 5684 5685 5686
f 5713 5687 5622
f 5650 5687 5648
f 5689 5688 5585
f 5692 5688 5648
f 5584 5689 5585
f 5656 5657 5690
f 5648 5690 5650
f 5690 5689 5656
f 5691 5692 5713
f 5667 5701 5715
f 5713 5692 5648
f 5693 5692 5691
f 5692 5693 5688
f 5693 5691 5715
f 5678 5694 5583
f 5689 5694 5656
f 5678 5583 5582
f 5659 5678 5658
f 5591 5697 5695
f 5696 5660 5664
f 5705 5663 5704
f 5593 5592 5696
f 5698 5697 5590
f 5695 5697 5661
f 5698 5590 5589
f 5644 5699 5662
f 5661 5698 5699
f 5588 5701 5700
f 5700 5701 5702
f 5589 5700 5698
f 5662 5698 5700
f 5587 5701 5588
f 5702 5701 5667
f 5702 5667 5703
f 5702 5681 5662
f 5667 5691 5714
f 5703 5622 5716
f 5705 5593 5696
f 5706 5704 5663
f 5705 5664 5712
f 5593 5705 5704
f 5718 5680 5708
f 5707 5717 5665
f 5707 5595 5717
f 5612 5707 5665
f 4436 5666 5627
f 5706 5708 5665
f 5706 5663 5718
f 5666 5665 5708
f 5659 5709 5607
f 5673 5710 5670
f 4476 5677 5676
f 4460 5677 4459
f 4465 5711 4464
f 5653 5711 5654
f 5608 5712 5664
f 5680 5712 5679
f 5644 5621 5629
f 4471 5637 5686
f 5687 5713 5648
f 5713 5622 5714
f 5703 5667 5714
f 5693 5715 5587
f 5667 5715 5691
f 5662 5681 5621
f 5703 5681 5702
f 5716 5622 5684
f 5686 5716 5684
f 5704 5717 5594
f 5717 5706 5665
f 5680 5624 5682
f 5666 5708 5642
f 5682 5642 5708
f 5718 5708 5706
f 5680 5718 5663
f 4432 5719 4431
f 4431 5610 4411
f 5864 5862 5843
f 6951 5991 5720
f 5896 53 54
f 5741 5835 5740
f 5892 5891 5922
f 5743 5873 5742
f 6068 5919 6069
f 5771 5834 5770
f 5853 5744 5745
f 5772 5824 5793
f 5742 5899 5741
f 5899 5835 5741
f 5871 49 5897
f 5874 5854 5900
f 6091 6181 6180
f 5819 5875 5837
f 5725 5724 6137
f 5752 6105 5751
f 6012 5760 5761
f 5792 6036 6037
f 5751 5926 5750
f 6014 6013 6073
f 5758 5759 6073
f 2768 6148 6147
f 6091 5753 5754
f 6015 5941 5942
f 5996 5781 5845
f 6450 5765 5766
f 5872 5986 5852
f 6450 5767 5942
f 5985 5804 5805
f 5747 5745 5746
f 5846 5828 5806
f 6450 5941 5994
f 5834 5771 5787
f 5839 6081 6080
f 5834 5787 5832
f 5772 5787 5771
f 5787 5772 5773
f 5773 5772 5787
f 5895 6000 5894
f 5788 5787 5793
f 47 5851 6057
f 5834 5769 5770
f 5834 5832 5816
f 5787 5788 5832
f 5807 5822 5823
f 5823 5822 5821
f 5929 5930 5876
f 5815 5822 5814
f 6147 2767 2768
f 5836 5929 5876
f 5876 5902 5855
f 5798 5823 5799
f 6013 5819 6038
f 5768 5942 5767
f 5821 5841 5823
f 5833 5816 5832
f 5790 5855 5902
f 5789 5788 5794
f 5796 5791 5790
f 5875 5855 5791
f 6229 6224 6061
f 5800 6094 6036
f 5797 5792 5791
f 5798 5799 5792
f 5790 5789 5795
f 5947 5769 5834
f 6012 5928 5760
f 5772 5793 5787
f 5939 5860 6019
f 6013 6096 6073
f 6144 6192 6191
f 5778 5779 5866
f 5776 5890 5808
f 5946 6024 6018
f 5836 5855 5875
f 5756 5757 6034
f 5851 5871 5852
f 5869 6004 5849
f 6192 6249 6268
f 5853 5747 5748
f 5807 5846 5806
f 5728 6194 5729
f 6077 5877 5880
f 5909 2142 2143
f 5967 5972 5970
f 5971 5973 5970
f 2144 5944 5911
f 5872 5894 5869
f 5964 5739 5738
f 2773 2774 5966
f 5876 5833 5902
f 5867 5865 5780
f 5972 6045 6044
f 5790 5791 5855
f 5965 5966 2774
f 5933 5883 5910
f 5818 5744 5853
f 5909 5881 2141
f 6143 6191 6192
f 5889 5920 5997
f 2772 2773 5966
f 5788 5833 5832
f 2771 2772 6041
f 6041 6101 2770
f 5864 5843 5997
f 5905 56 57
f 5730 6191 6193
f 5774 5824 5773
f 5823 5841 5799
f 5847 5823 5798
f 6029 6026 5948
f 5951 5884 5949
f 5844 5889 5866
f 5932 5954 5858
f 2764 2765 6172
f 2148 5914 5935
f 5912 5938 5917
f 5913 2146 2147
f 5916 64 2138
f 5911 5944 5958
f 5915 5936 6089
f 5909 5932 5881
f 5955 5934 5945
f 5860 5938 5937
f 6149 2767 6147
f 5872 5897 5894
f 5945 5859 5953
f 5800 5799 5841
f 5783 5893 5782
f 5793 5771 5772
f 5833 5788 5789
f 5797 5796 5828
f 5772 5773 5824
f 5824 5774 5775
f 5826 5803 5804
f 5771 5793 5772
f 5801 5777 5776
f 5801 5802 5824
f 5825 5826 5795
f 5808 5776 5775
f 5775 5776 5801
f 5868 5848 5924
f 5801 5776 5777
f 5776 5808 5801
f 5801 5824 5775
f 5775 5776 5808
f 5802 5803 5825
f 5802 5801 5808
f 5793 5824 5825
f 5803 5802 5809
f 5794 5825 5795
f 5847 5846 5823
f 5798 5792 5797
f 5796 5795 5826
f 5795 5796 5790
f 5791 5796 5797
f 5825 5803 5826
f 5794 5795 5789
f 5803 5810 5804
f 5810 5803 5809
f 5843 5862 5863
f 5804 5810 5811
f 5805 5806 5828
f 5812 5806 5805
f 5811 5812 5805
f 5806 5813 5807
f 5805 5804 5811
f 5823 5846 5807
f 5810 5809 5862
f 5802 5808 5809
f 5822 5807 5814
f 5844 5866 5865
f 5793 5794 5788
f 6015 5947 5816
f 5844 5865 5867
f 5865 5779 5780
f 5778 5890 5777
f 5871 48 49
f 5923 5940 6112
f 5890 5778 5866
f 5889 5863 5866
f 5863 5809 5808
f 5802 5825 5824
f 5744 5818 5873
f 5786 5892 5785
f 5836 5875 5819
f 2143 2144 5911
f 5783 5784 5868
f 5891 5892 5923
f 5894 50 51
f 5810 5864 5811
f 5924 6225 5893
f 5873 5818 5898
f 6109 5721 5722
f 5812 5813 5806
f 5822 5815 6407
f 5814 5813 5888
f 5997 5811 5864
f 5813 5814 5807
f 5919 5867 5996
f 5848 5868 5921
f 51 5895 5894
f 5861 5813 5812
f 6110 6111 6052
f 6062 5993 6061
f 6123 5993 6067
f 6064 6067 5993
f 5861 5888 5813
f 5827 5844 5867
f 6113 6053 6155
f 5899 5873 5854
f 5864 5810 5862
f 6209 6160 6210
f 6112 6052 5981
f 5890 5776 5777
f 6000 5869 5894
f 6430 6349 6431
f 5793 5825 5794
f 5867 5780 5781
f 5907 5943 59
f 5797 5828 5847
f 6409 6407 6408
f 5856 55 5903
f 5863 5862 5809
f 5922 5784 5785
f 6269 6199 6255
f 5904 54 55
f 5779 5865 5866
f 5744 5873 5743
f 60 5907 59
f 5851 48 5871
f 2139 5917 2138
f 2139 2140 5912
f 5993 6062 5888
f 6063 5888 5861
f 5811 5861 5812
f 5886 5916 5917
f 2140 2141 5910
f 5863 5889 5843
f 5747 5853 5745
f 5866 5863 5890
f 60 5906 5907
f 5827 5889 5844
f 6035 5961 6039
f 6209 6150 6160
f 6378 6848 6377
f 6152 6271 6269
f 5899 5854 5874
f 5876 5855 5836
f 5860 5937 6017
f 5924 5893 5868
f 5734 6204 6206
f 5868 5922 5921
f 5985 5828 5826
f 6204 5735 6116
f 5897 49 50
f 6021 6022 5879
f 5849 6003 5988
f 5846 5847 5828
f 46 47 5739
f 5871 5872 5852
f 5737 6116 5736
f 5851 5852 5989
f 5872 5849 5986
f 5730 6193 5731
f 5831 5984 5738
f 5796 5826 5828
f 5817 5990 5874
f 5831 5738 5739
f 6057 5739 47
f 48 5851 47
f 5906 60 61
f 5930 5833 5876
f 5791 5792 5875
f 5991 5721 5720
f 5782 5893 5781
f 6254 6253 6269
f 5931 5907 5878
f 5808 5890 5863
f 5940 5923 5892
f 5798 5797 5847
f 5786 5720 5940
f 5925 52 53
f 5895 5925 5998
f 52 5895 51
f 5856 5995 5904
f 5894 5897 50
f 5871 5897 5872
f 5835 5990 5991
f 5991 5740 5835
f 5926 5818 5853
f 5899 5742 5873
f 5835 5899 5874
f 5854 5873 5898
f 5900 5898 5927
f 5837 5875 5792
f 5836 5819 5928
f 5762 5763 5994
f 5941 5930 5901
f 5833 5789 5902
f 5790 5902 5789
f 5903 55 56
f 5904 55 5856
f 6070 5903 5905
f 5907 5906 5878
f 5879 61 62
f 5931 5878 5857
f 63 5916 5918
f 5909 2141 2142
f 5910 2141 5881
f 5911 5909 2143
f 5932 5909 5882
f 5933 5910 5881
f 5912 5910 5883
f 2145 5934 5944
f 5909 5911 5882
f 5910 5912 2140
f 5935 2147 2148
f 5914 5949 5884
f 5935 5884 5913
f 5915 2150 5936
f 5918 5916 5886
f 5917 2139 5912
f 5886 5938 5860
f 5908 62 63
f 5889 5827 5920
f 6162 6068 6069
f 5997 5920 5842
f 5922 5868 5784
f 5892 5922 5785
f 5921 5922 5891
f 5845 5781 5893
f 5893 5783 5868
f 5896 5925 53
f 5870 5925 5896
f 5896 54 5904
f 5748 5749 5853
f 5926 5749 5750
f 5818 5926 6050
f 5900 5854 5898
f 5900 5927 5817
f 5819 6013 5928
f 5759 5760 6014
f 5929 5901 5930
f 6012 5836 5928
f 5901 5761 5762
f 5994 5941 5901
f 5816 5833 5930
f 5905 5903 56
f 5943 57 58
f 5943 5905 57
f 5906 5879 5878
f 5880 5907 5931
f 5879 62 5908
f 5957 5882 5955
f 5858 5881 5932
f 5881 5858 5933
f 5933 5858 5946
f 2145 2146 5934
f 5914 2148 2149
f 2150 5914 2149
f 5935 5914 5884
f 5935 5913 2147
f 5936 2150 2762
f 5914 2150 5915
f 6135 2763 6176
f 6134 6135 6176
f 5916 2138 5917
f 5938 5912 5883
f 5883 5946 5938
f 5938 5946 5937
f 5946 5883 5933
f 5938 5886 5917
f 6020 6019 5860
f 5916 63 64
f 63 5918 5908
f 5892 5786 5940
f 5891 5923 6112
f 5721 5940 5720
f 6225 5845 5893
f 5853 5749 5926
f 6105 6050 5751
f 5763 5764 5994
f 6450 5764 5765
f 5947 5768 5769
f 5930 6015 5816
f 5905 5943 5880
f 2145 5944 2144
f 5944 5934 5958
f 2146 5913 5934
f 5934 5913 5884
f 5934 5884 5945
f 5840 6023 6026
f 5958 5934 5955
f 5915 6089 5885
f 5915 5885 5949
f 5914 5915 5949
f 6023 6024 5956
f 5937 6018 6017
f 5918 5860 5939
f 5860 5918 5886
f 5918 5939 5908
f 5816 5947 5834
f 5768 5947 5942
f 5959 5954 5957
f 5957 5953 5948
f 5952 5949 5885
f 5952 5951 5949
f 6132 6133 6175
f 6030 5951 5950
f 5884 5859 5945
f 5951 5952 5950
f 5953 5859 6027
f 5959 5957 5948
f 5882 5954 5932
f 6026 5956 5959
f 5859 5884 5951
f 5958 5955 5882
f 5945 5953 5955
f 6016 6023 5840
f 5882 5957 5954
f 5953 5957 5955
f 5958 5882 5911
f 6026 5959 5948
f 5959 5956 5954
f 6062 5815 5814
f 5815 6224 6384
f 6238 6237 6027
f 46 5739 2774
f 5739 5964 5965
f 5967 5964 5738
f 5964 5969 5966
f 5739 5965 2774
f 5965 5964 5966
f 5967 5738 5737
f 5970 5969 5964
f 5967 5737 5972
f 5963 5968 5973
f 5968 5966 5969
f 5970 5964 5967
f 5969 5970 5973
f 2772 5968 6041
f 2772 5966 5968
f 5971 6488 5973
f 5972 5737 5736
f 5971 5970 5972
f 6043 5963 5975
f 5731 6247 5732
f 6025 6534 6562
f 6197 6198 6046
f 5973 6488 5963
f 6043 6041 5968
f 5963 6488 5975
f 6255 6202 6152
f 6137 6090 6031
f 6154 5927 5898
f 5817 5927 5980
f 5927 5978 5980
f 6109 6110 6052
f 5984 5737 5738
f 6059 5987 5982
f 6320 6369 6318
f 6055 5984 6058
f 5804 5985 5826
f 5828 5985 5805
f 5989 5852 5986
f 5849 5987 5986
f 5987 6059 5986
f 5849 6004 6003
f 5987 5849 5988
f 5835 5874 5990
f 5991 6951 5740
f 6214 6537 6053
f 6064 5861 5842
f 5761 5901 5929
f 5762 5994 5901
f 5896 5904 5995
f 61 5879 5906
f 5827 5867 5919
f 5996 5867 5781
f 5919 5996 5845
f 6064 5993 6063
f 5997 5842 5811
f 5889 5997 5843
f 52 5925 5895
f 6072 5896 5995
f 5998 5925 5999
f 6004 6002 6003
f 5999 5925 5870
f 5850 5870 6072
f 5870 5850 5999
f 6000 5998 6005
f 5895 5998 6000
f 5999 6005 5998
f 5869 6000 6004
f 6004 6000 6005
f 6005 5999 6006
f 6004 6005 6002
f 6006 6002 6005
f 6002 6006 6007
f 5869 5849 5872
f 6317 6321 6322
f 6009 6006 6001
f 6328 6320 6344
f 6001 5850 6010
f 6071 6459 6072
f 6008 6010 6011
f 6009 6001 6010
f 5761 5929 6012
f 5836 6012 5929
f 5837 6037 5819
f 6039 6013 6038
f 5760 5928 6014
f 6013 6014 5928
f 5880 5877 5905
f 59 5943 58
f 5880 5943 5907
f 5994 5764 6450
f 5941 6015 5930
f 5947 6015 5942
f 6022 5857 5878
f 5946 6018 5937
f 6016 6017 6018
f 5860 6017 6020
f 6017 6016 6020
f 6028 6087 5840
f 6019 6082 6083
f 5908 6021 5879
f 5939 6021 5908
f 6019 6083 5939
f 5879 6022 5878
f 6074 6022 6021
f 6024 6023 6016
f 6023 5956 6026
f 6018 6024 6016
f 5946 5858 5954
f 5956 6024 5954
f 5946 5954 6024
f 5953 6027 6029
f 6027 5859 6030
f 5840 6026 6028
f 6020 6016 5840
f 5953 6029 5948
f 6028 6029 6027
f 6029 6028 6026
f 6241 6536 6535
f 5977 6106 6182
f 6243 6182 6032
f 6331 6336 6325
f 5757 5758 6096
f 6388 6415 5961
f 6036 5792 5799
f 6039 6038 6035
f 5800 6036 5799
f 6037 6036 6035
f 6037 6035 6038
f 5792 6037 5837
f 5961 6095 6039
f 6037 6038 5819
f 6039 6095 6096
f 6247 5731 6193
f 6290 6040 6294
f 6043 5968 5963
f 6100 2769 2770
f 6471 6505 6531
f 6101 6042 6102
f 6484 6044 6045
f 5972 6044 5971
f 6045 5736 5735
f 6196 6484 6045
f 5736 6045 5972
f 5969 5973 5968
f 6472 6047 6102
f 6049 6105 6091
f 6049 6106 6050
f 6050 6106 6107
f 5721 5991 5990
f 6109 5940 5721
f 6110 5722 5723
f 6220 6167 6217
f 6157 6117 6055
f 5982 5987 6158
f 6257 6259 6207
f 6330 6279 6258
f 5831 6058 5984
f 6116 5984 6055
f 5831 6057 5851
f 5739 6057 5831
f 5831 5989 6058
f 5989 6059 6058
f 5986 6059 5989
f 5982 6055 6058
f 5851 5989 5831
f 5817 5874 5900
f 5980 5979 5817
f 5979 5722 5990
f 5979 5990 5817
f 6120 6159 6209
f 5993 5887 6061
f 6063 5993 5888
f 6127 5887 6123
f 5888 6062 5814
f 6224 6062 6061
f 6064 6063 5861
f 5842 6066 6064
f 6066 6067 6064
f 5842 6065 6066
f 6065 5842 5920
f 6066 6065 6067
f 5827 6129 5920
f 6068 5827 5919
f 6162 6126 6123
f 5887 5993 6123
f 6065 5920 6129
f 5919 5845 6069
f 6164 6166 6163
f 5896 6072 5870
f 5995 5856 6071
f 6072 5995 6071
f 6456 6459 6071
f 6459 5850 6072
f 5861 5811 5842
f 5850 6001 5999
f 6001 6006 5999
f 6014 6073 5759
f 6096 6013 6039
f 5857 6022 6074
f 5880 5931 6077
f 6075 5857 6074
f 6077 5931 6076
f 6075 6076 5931
f 6075 5931 5857
f 6075 5839 6078
f 6076 6075 6085
f 6080 6078 5839
f 6078 6085 6075
f 6019 6020 6082
f 6078 6080 6085
f 6081 5839 6083
f 6469 6082 6020
f 5840 6468 6020
f 6636 6624 6635
f 6451 5838 6077
f 6079 6081 6082
f 6082 6081 6083
f 6085 6080 6454
f 5839 6021 5939
f 6028 6237 6240
f 6084 6079 6469
f 5840 6087 6468
f 5951 6030 5859
f 6237 6028 6027
f 5936 6135 6136
f 6136 6177 6088
f 5936 2762 6135
f 6132 5950 6133
f 6136 6089 5936
f 5885 6089 6088
f 6090 5724 5723
f 5960 6265 6245
f 6137 6092 6140
f 6090 6137 5724
f 6180 6181 6139
f 6091 6180 6032
f 5726 5725 6140
f 6093 6184 6189
f 6096 6034 5757
f 6388 6094 6387
f 6036 6094 6035
f 6094 5800 6387
f 6095 6034 6096
f 6073 6096 5758
f 6190 6142 6483
f 5733 6195 5734
f 6098 6196 6146
f 6042 6043 5975
f 6197 6148 6100
f 6042 6041 6043
f 6471 6102 6042
f 6041 6042 6101
f 6101 6102 6100
f 6102 6531 6472
f 6100 6102 6047
f 6218 6541 6260
f 6200 5728 5729
f 6050 6105 6049
f 6154 5978 5927
f 6050 5898 5818
f 5722 6051 6090
f 5978 6153 5980
f 5940 6109 6052
f 6110 6109 5722
f 6110 5723 6113
f 6532 6533 6170
f 6532 6227 5981
f 6052 6111 5981
f 6052 6112 5940
f 6227 5829 6226
f 6227 6112 5981
f 6214 6053 6113
f 6152 6202 6315
f 6200 6156 6202
f 6208 6156 6119
f 6115 6208 6284
f 5984 6116 5737
f 6117 6116 6055
f 6157 6055 5982
f 6274 6118 6203
f 5982 6058 6059
f 5987 5988 6158
f 5721 5990 5722
f 6159 5725 5726
f 6120 6213 6159
f 6286 6288 6303
f 6553 6545 6548
f 6350 6348 5962
f 6223 6538 6220
f 6126 6162 6124
f 6167 6220 6164
f 6067 6065 6162
f 6128 6125 6127
f 6123 6128 6127
f 6162 6123 6067
f 6123 6126 6128
f 6230 6171 6125
f 5827 6068 6129
f 6065 6129 6068
f 6457 5838 6451
f 5856 6130 6071
f 6457 6451 6461
f 6070 6130 5856
f 6070 5856 5903
f 5839 6074 6021
f 6075 6074 5839
f 5939 6083 5839
f 6173 2765 2766
f 6133 5950 5952
f 6133 5952 6175
f 5885 6088 6175
f 6176 2763 2764
f 2763 6135 2762
f 6136 6135 6134
f 6136 6088 6089
f 6092 6137 6138
f 6137 6031 6138
f 6031 6265 6138
f 6137 6140 5725
f 6182 6049 6032
f 5753 6105 5752
f 6246 6144 6194
f 6290 6760 6309
f 6483 6482 6146
f 6142 6250 6295
f 6192 6144 6249
f 6141 6185 6186
f 6093 6189 6338
f 2768 2769 6148
f 6197 6100 6047
f 6099 6147 6148
f 6236 6149 6554
f 6173 6131 6172
f 6148 2769 6100
f 6041 2770 2771
f 2770 6101 6100
f 6160 6150 6287
f 6253 5727 5728
f 5730 6200 5729
f 5978 6106 5977
f 5978 5977 6153
f 5980 6153 6108
f 6108 5979 5980
f 5751 6050 5926
f 5978 6107 6106
f 6050 6154 5898
f 5978 6154 6107
f 6154 6050 6107
f 5722 5979 6051
f 6108 6051 5979
f 6110 6155 6111
f 6155 6053 6168
f 5724 6113 5723
f 6201 6202 6156
f 6208 6201 6156
f 5982 6158 6056
f 6333 6323 6003
f 6274 6256 6276
f 6157 6056 6203
f 5982 6056 6157
f 6056 6158 6275
f 6117 6157 6203
f 5736 6116 5735
f 6206 6203 6205
f 6206 5732 5733
f 6208 6115 6201
f 6120 6210 6060
f 6213 6120 6060
f 5724 6159 6113
f 6209 5726 5727
f 6235 6122 6306
f 6382 6386 6395
f 6068 6162 6065
f 6162 6069 6124
f 6164 6069 6166
f 6069 6164 6124
f 6533 5981 6168
f 6111 6155 6168
f 6163 6167 6164
f 6537 6165 6053
f 6168 6165 6170
f 6166 5845 6225
f 6228 6166 6262
f 6165 6537 6215
f 6164 6220 6124
f 6169 6167 6163
f 6169 6163 6170
f 6169 6170 6165
f 6111 6168 5981
f 6228 6170 6163
f 6532 5829 6227
f 6125 6171 6127
f 6232 6224 6229
f 6173 6172 2765
f 6176 6172 6131
f 2767 6173 2766
f 5950 6132 6238
f 6132 6475 6474
f 6087 6028 6240
f 5885 6175 5952
f 6172 6176 2764
f 6176 6131 6086
f 6176 6086 6134
f 6177 6134 6534
f 6134 6177 6136
f 5722 6090 5723
f 6241 6535 6092
f 6241 6138 6179
f 6178 6241 6179
f 6181 6091 5754
f 6139 6266 6032
f 5754 5755 6181
f 6429 6181 5755
f 6091 6032 6049
f 6243 6244 6182
f 6245 6153 6244
f 6182 6244 5977
f 6051 6153 6245
f 6105 5753 6091
f 6185 6535 6184
f 6141 6183 5726
f 5726 6183 5727
f 6246 6183 6141
f 6141 5726 6140
f 6185 6092 6535
f 6186 6185 6093
f 6596 6536 6033
f 6092 6185 6141
f 6342 6325 6307
f 6347 6187 6188
f 6093 6185 6184
f 6140 6092 6141
f 6186 6093 6345
f 6186 6145 6246
f 6339 6307 6336
f 6184 6596 6189
f 6189 6188 6338
f 6191 5730 5729
f 6193 6191 6143
f 6183 5728 5727
f 6246 6097 6249
f 6195 5733 6252
f 6252 5733 5732
f 6250 6142 6190
f 5735 6195 6045
f 6196 6045 6195
f 6197 6099 6148
f 6472 6473 6047
f 6473 6583 6198
f 6047 6198 6197
f 6173 2767 6149
f 6113 6159 6213
f 6155 6110 6113
f 6202 6201 6114
f 6200 6202 6255
f 6275 6274 6203
f 6203 6118 6205
f 6203 6204 6117
f 6204 6116 6117
f 6204 5734 5735
f 6119 5732 6206
f 5734 6206 5733
f 6119 6206 6205
f 6259 6208 6207
f 6207 6208 6119
f 6209 6159 5726
f 6209 6210 6120
f 6121 6288 6212
f 6287 6254 6288
f 6121 6212 6210
f 6159 5724 5725
f 6216 6213 6060
f 6214 6216 6222
f 6169 6217 6167
f 6053 6165 6168
f 6165 6215 6217
f 6214 6113 6213
f 6221 6216 6060
f 6285 6260 6219
f 6217 6169 6165
f 6215 6261 6217
f 6214 6213 6216
f 6540 6762 6541
f 6763 6547 6539
f 6261 5992 6223
f 6261 6223 6220
f 6060 6212 6211
f 6218 6260 6285
f 6218 6221 6211
f 6060 6211 6221
f 6285 6216 6221
f 6215 6222 6219
f 6210 6212 6060
f 6061 5887 6229
f 6234 6383 6224
f 6228 6262 5829
f 5924 5848 6225
f 6226 5829 6262
f 6225 5848 6226
f 5921 6226 5848
f 6112 6227 5891
f 5891 6227 5921
f 6226 5921 6227
f 6228 5829 6532
f 6163 6166 6228
f 6171 5887 6127
f 6229 5887 6171
f 6229 6231 6232
f 6224 6383 6384
f 6224 5815 6062
f 6223 6542 6538
f 6161 6234 6233
f 6263 6122 6235
f 6233 6234 6232
f 6231 6229 6171
f 6232 6231 6233
f 6231 6171 6230
f 6235 6231 6263
f 6235 6233 6231
f 6386 6382 6383
f 6224 6232 6234
f 6748 6289 6749
f 6306 6405 6235
f 6149 6099 6554
f 6149 6131 6173
f 6556 6131 6236
f 6238 6027 6030
f 6479 6240 6174
f 6238 6030 5950
f 6174 6240 6237
f 6087 6240 6239
f 6534 6134 6086
f 6138 6241 6092
f 6243 6242 6265
f 6049 6182 6106
f 6244 6243 5960
f 6153 5977 6244
f 6245 6265 6031
f 6090 6051 6031
f 6153 6051 6108
f 6051 6245 6031
f 6194 5728 6183
f 6252 6247 6190
f 6144 6191 5729
f 6194 6144 5729
f 6144 6246 6249
f 6267 6251 6334
f 6268 6143 6192
f 6268 6249 6248
f 6250 6247 6193
f 6193 6143 6295
f 6247 6250 6190
f 6183 6246 6194
f 6341 6097 6145
f 6145 6097 6246
f 6195 6252 6146
f 6247 6252 5732
f 6483 6142 6481
f 5734 6195 5735
f 6196 6195 6146
f 6253 6150 5727
f 6269 6253 6199
f 6151 6270 6103
f 6253 5728 6199
f 6255 6199 6200
f 6200 6199 5728
f 6297 6273 6114
f 6114 6201 6115
f 5731 6156 5730
f 6156 6200 5730
f 6326 6299 6273
f 6275 6203 6056
f 6204 6203 6206
f 6257 6205 6118
f 6300 6274 6276
f 6257 6300 6277
f 6119 6205 6207
f 6257 6207 6205
f 6282 6258 6278
f 5732 6156 5731
f 6208 6259 6284
f 6121 6287 6288
f 6210 6160 6121
f 6219 6222 6285
f 6222 6215 6214
f 6261 6215 6219
f 5992 6261 6219
f 6260 5992 6219
f 6220 6217 6261
f 6150 6209 5727
f 6301 6288 6254
f 6150 6254 6287
f 5845 6166 6069
f 6262 6166 6225
f 6226 6262 6225
f 6230 6263 6231
f 6263 6230 6543
f 6420 6389 6400
f 6131 6149 6236
f 6138 6265 6179
f 6243 6265 5960
f 6139 6032 6180
f 6243 6032 6266
f 6244 5960 6245
f 6248 6249 6097
f 6267 6040 6291
f 6295 6268 6291
f 6254 6269 6151
f 6150 6253 6254
f 6311 6272 6310
f 6271 6310 6272
f 6272 6151 6269
f 6588 6310 6104
f 6297 6326 6273
f 6202 6114 6315
f 6329 5983 6256
f 6256 6274 6275
f 6256 6158 6323
f 6277 6276 5983
f 6118 6300 6257
f 6156 5732 6119
f 6277 6278 6279
f 6324 6277 5983
f 6258 6279 6278
f 6277 6279 6259
f 6278 6283 6282
f 6257 6277 6259
f 6324 6278 6277
f 6282 6283 6343
f 6283 6278 6281
f 6283 6280 6895
f 6281 6280 6283
f 6216 6285 6222
f 6218 6285 6221
f 6539 6545 6544
f 6103 6301 6254
f 6160 6287 6121
f 6543 6544 6122
f 6389 6420 6421
f 6243 6266 6449
f 6291 6248 6267
f 6295 6291 6309
f 6309 6142 6295
f 6268 6248 6291
f 6267 6334 6040
f 6292 6293 6342
f 6290 6291 6040
f 6293 6294 6325
f 6325 6294 6040
f 6143 6268 6295
f 6193 6295 6250
f 6151 6103 6254
f 6304 6103 6270
f 6269 6271 6272
f 6152 6269 6255
f 6312 6588 6305
f 6272 6311 6151
f 6297 6114 6115
f 6326 6297 6054
f 6709 6593 6706
f 6274 6300 6118
f 6277 6300 6276
f 6281 6317 6280
f 6284 6330 6115
f 6330 6284 6259
f 6303 6301 6103
f 6288 6301 6303
f 6304 6303 6103
f 6048 6547 6550
f 6303 6302 6550
f 6302 6304 6313
f 6303 6304 6302
f 6312 6270 6311
f 6296 6588 6312
f 6313 6304 6270
f 6302 6305 6048
f 6122 6546 6289
f 6161 6405 6394
f 6760 6290 6499
f 6376 6425 6292
f 6486 6098 6482
f 6104 6310 6271
f 6311 6310 6296
f 6312 6311 6296
f 6151 6311 6270
f 6313 6312 6305
f 6302 6313 6305
f 6270 6312 6313
f 6054 6297 6258
f 6315 6114 6273
f 6316 6299 6593
f 6271 6316 6104
f 6299 6316 6315
f 6152 6315 6271
f 6324 6281 6278
f 6281 6321 6317
f 6280 6320 6319
f 6280 6317 6320
f 6281 6324 6321
f 6323 6333 6329
f 6329 6321 5983
f 6321 6324 5983
f 6283 6332 6343
f 6314 6054 6327
f 6292 6425 6426
f 6294 6293 6308
f 6054 6258 6327
f 6327 6282 6343
f 6315 6273 6299
f 6054 6314 6326
f 6327 6332 6595
f 6317 6322 6320
f 6256 5983 6276
f 6321 6329 6322
f 6158 6256 6275
f 6329 6256 6323
f 6327 6258 6282
f 6330 6258 6297
f 6115 6330 6297
f 6330 6259 6279
f 6338 6337 6345
f 6360 6377 6351
f 6679 6676 6683
f 6595 6298 6594
f 6344 6320 6322
f 6322 6329 6333
f 6331 6325 6040
f 6334 6331 6040
f 6334 6251 6337
f 6248 6097 6267
f 6251 6267 6097
f 6346 6335 6338
f 6335 6348 6339
f 6336 6335 6339
f 6340 6331 6337
f 6345 6145 6186
f 6346 6338 6188
f 6336 6338 6335
f 6335 6346 6348
f 6340 6336 6331
f 6338 6336 6337
f 6331 6334 6337
f 6337 6336 6340
f 6341 6337 6251
f 6336 6307 6325
f 6350 6307 6339
f 6097 6341 6251
f 6325 6342 6293
f 6351 6292 6342
f 6351 6342 6307
f 6332 6298 6595
f 6003 6323 5988
f 6333 6003 6002
f 6322 6333 6344
f 6009 6007 6006
f 6007 6344 6002
f 6002 6344 6333
f 6369 6009 6357
f 6337 6341 6345
f 6093 6338 6345
f 6188 6187 6346
f 6188 6596 6347
f 6364 6365 6372
f 6348 6346 6187
f 6445 6446 6448
f 6350 6339 6348
f 6035 6094 6388
f 6367 6368 6437
f 5962 6348 6352
f 5962 6351 6350
f 6350 6351 6307
f 6352 6348 6187
f 6372 6353 6352
f 6353 5962 6352
f 6364 6349 6373
f 6365 6353 6372
f 6355 6373 6354
f 6373 6365 6364
f 6354 6366 6355
f 6366 6362 6356
f 6374 6743 6358
f 6351 6359 6360
f 6359 6351 5962
f 6360 6359 6371
f 6356 5962 6353
f 6359 6356 6362
f 6356 6365 6366
f 6366 6365 6355
f 6353 6365 6356
f 6368 6366 6354
f 6424 6442 6444
f 6715 6716 6718
f 6366 6368 6374
f 6900 6374 6367
f 6440 6368 6354
f 6009 6369 6344
f 6008 6597 6357
f 6370 6358 6371
f 6359 6362 6370
f 6371 6358 6378
f 6361 6378 6377
f 6356 6359 5962
f 6352 6187 6447
f 5755 5756 6436
f 6363 6372 6352
f 6419 6417 6418
f 6437 6440 6443
f 6362 6374 6370
f 6369 6328 6344
f 6371 6361 6360
f 6370 6371 6359
f 6683 6676 6688
f 6606 6665 6605
f 6378 6361 6371
f 6292 6351 6377
f 6361 6377 6360
f 6292 6377 6376
f 6376 6377 6848
f 6372 6379 6364
f 6433 6413 6379
f 6379 6372 6427
f 6363 6406 6427
f 6373 6355 6365
f 6423 6402 6403
f 5821 6407 6409
f 6381 6415 6391
f 6383 6161 6386
f 6397 6381 6404
f 6161 6383 6234
f 6382 6384 6383
f 6411 6382 6397
f 5822 6407 5821
f 5800 5841 6409
f 6388 5961 6035
f 6390 6397 6395
f 5800 6409 6410
f 6387 6385 6388
f 6391 6385 6404
f 6391 6388 6385
f 6757 6421 6758
f 6402 6390 6396
f 6396 6395 6386
f 6414 6393 6381
f 6414 6432 6393
f 6430 6373 6349
f 6364 6379 6413
f 6434 6414 6381
f 6161 6233 6405
f 6395 6396 6390
f 6386 6161 6396
f 6390 6434 6397
f 6400 6394 6420
f 6396 6394 6400
f 6381 6391 6404
f 6382 6395 6397
f 6398 6415 6416
f 6396 6161 6394
f 6399 6306 6289
f 6403 6400 6389
f 6400 6403 6402
f 6432 6435 6380
f 6396 6400 6402
f 6421 6757 6389
f 6403 6401 6423
f 6387 5800 6410
f 6404 6408 6411
f 6415 6388 6391
f 6095 5961 6398
f 6235 6405 6233
f 6405 6399 6420
f 6405 6306 6399
f 6374 6362 6366
f 6367 6374 6368
f 6855 6845 6844
f 6378 6358 6743
f 6446 6406 6448
f 6536 6438 6033
f 5815 6384 6407
f 6407 6384 6408
f 6411 6384 6382
f 6404 6385 6410
f 5821 6409 5841
f 6409 6408 6410
f 6404 6410 6408
f 6387 6410 6385
f 6404 6411 6397
f 6384 6411 6408
f 6417 6413 6418
f 6431 6417 6412
f 6414 6434 6435
f 6432 6412 6392
f 6416 6415 6393
f 5961 6415 6398
f 6417 6416 6392
f 6417 6419 6416
f 6436 6439 6433
f 6418 6413 6433
f 6439 6419 6418
f 6398 6416 6419
f 6419 6095 6398
f 6405 6420 6394
f 6748 6421 6399
f 6757 6758 6894
f 6890 6889 6755
f 6737 6839 6871
f 6876 6887 6877
f 6380 6402 6423
f 6401 6424 6423
f 6874 6875 6888
f 6500 6308 6426
f 6293 6426 6308
f 6292 6426 6293
f 6428 6429 6446
f 6445 6033 6438
f 6178 6242 6438
f 6436 6429 5755
f 6446 6427 6406
f 6436 6427 6429
f 6363 6427 6372
f 6349 6413 6431
f 6430 6412 6441
f 6412 6430 6431
f 6417 6392 6412
f 6413 6417 6431
f 6392 6393 6432
f 6412 6432 6444
f 6380 6423 6424
f 6416 6393 6392
f 6432 6414 6435
f 6444 6432 6380
f 6364 6413 6349
f 6415 6381 6393
f 6397 6434 6381
f 6435 6434 6390
f 6390 6402 6435
f 6435 6402 6380
f 6379 6427 6436
f 6439 5756 6034
f 6419 6034 6095
f 6439 6418 6433
f 6738 6843 6839
f 6848 6828 6847
f 6179 6265 6242
f 6449 6445 6438
f 6379 6436 6433
f 6429 6139 6181
f 6139 6428 6266
f 5756 6439 6436
f 6419 6439 6034
f 6440 6437 6368
f 6373 6441 6354
f 6354 6441 6440
f 6441 6373 6430
f 6412 6442 6441
f 6442 6424 6422
f 6442 6412 6444
f 6422 6443 6442
f 6422 6857 6443
f 6380 6424 6444
f 6443 6441 6442
f 6441 6443 6440
f 6242 6178 6179
f 6242 6243 6449
f 6429 6427 6446
f 6447 6448 6406
f 6447 6406 6363
f 6363 6352 6447
f 6448 6347 6033
f 6347 6447 6187
f 6347 6448 6447
f 6033 6445 6448
f 6449 6266 6428
f 6445 6449 6428
f 6242 6449 6438
f 6429 6428 6139
f 6422 6424 6875
f 6446 6445 6428
f 5767 6450 5766
f 6450 5942 5941
f 6070 5905 5877
f 5838 5877 6077
f 5838 6070 5877
f 6458 6070 5838
f 6451 6077 6076
f 6476 6566 6565
f 6451 6076 6085
f 6458 6465 6456
f 6636 6454 6080
f 6621 6452 6634
f 5830 6607 6605
f 6635 6453 6454
f 6454 6453 6085
f 6085 6453 6451
f 6130 6458 6456
f 6011 6010 6460
f 6456 6465 6464
f 6457 6458 5838
f 6464 6463 6456
f 6010 5850 6459
f 6459 6456 6460
f 6461 6451 6453
f 6456 6071 6130
f 6459 6460 6010
f 6465 6457 6466
f 6650 6453 6635
f 6070 6458 6130
f 6460 6463 6011
f 6463 6460 6456
f 6464 6465 6466
f 6457 6465 6458
f 6462 6461 6453
f 6461 6604 6466
f 6461 6466 6457
f 6466 6455 6464
f 6494 6487 6485
f 6082 6469 6079
f 6084 6469 6470
f 6639 6470 5820
f 6470 6469 6468
f 5975 6471 6042
f 6198 6047 6473
f 6473 6472 6530
f 6583 5974 6570
f 6025 6175 6088
f 6177 6025 6088
f 6175 6475 6132
f 6477 6132 6474
f 6025 6475 6175
f 6474 6566 6477
f 6566 6474 6475
f 6479 6476 6478
f 6174 6477 6476
f 6476 6477 6566
f 6240 6479 6239
f 6239 6759 6470
f 6476 6479 6174
f 6479 6478 6239
f 6477 6174 6238
f 6174 6237 6238
f 6132 6477 6238
f 6098 6487 6484
f 6196 6098 6484
f 6142 6309 6481
f 6146 6252 6483
f 6480 6481 6309
f 6252 6190 6483
f 6483 6481 6482
f 6487 6098 6485
f 6481 6486 6482
f 6484 5971 6044
f 6488 6484 6487
f 6480 6486 6481
f 6760 6491 6480
f 6492 6491 6490
f 5971 6484 6488
f 6495 6492 6490
f 6491 6492 6493
f 6485 6486 6480
f 6485 6480 6491
f 6495 6507 6492
f 6487 6493 6504
f 6494 6485 6491
f 6491 6493 6494
f 6507 6495 6489
f 6494 6493 6487
f 6498 6497 6495
f 6746 6836 6818
f 6489 6495 6497
f 6490 6496 6498
f 6495 6490 6498
f 6761 6852 6497
f 6498 6496 6308
f 6760 6496 6491
f 6480 6309 6760
f 6490 6491 6496
f 6308 6496 6499
f 6497 6498 6500
f 6649 6613 6646
f 6509 6502 6493
f 6510 6516 6467
f 6504 6493 6502
f 6467 6504 6502
f 6488 6487 6504
f 5975 6504 6471
f 6505 6471 6504
f 6505 6504 6467
f 6504 5975 6488
f 6515 6529 6530
f 6425 6850 6761
f 6492 6507 6509
f 6489 6852 6853
f 6511 6507 6506
f 6506 6507 6489
f 6511 6508 6509
f 6509 6493 6492
f 6508 6511 6518
f 6516 6505 6467
f 6508 6502 6509
f 6512 6503 6519
f 6510 6467 6502
f 6514 6515 6510
f 6525 6518 6519
f 6527 6529 6515
f 6510 6515 6516
f 6515 6514 6513
f 6511 6506 6518
f 6519 6518 6506
f 6506 6512 6519
f 6519 6521 6517
f 6521 6519 6503
f 6521 6503 6520
f 6520 6523 6521
f 6525 6519 6517
f 6527 6524 6528
f 6517 6521 6523
f 6520 6526 6522
f 6517 6523 6524
f 6517 6514 6525
f 6513 6527 6515
f 6514 6517 6513
f 6513 6517 6524
f 6514 6510 6525
f 6508 6525 6510
f 6502 6508 6510
f 6525 6508 6518
f 6501 6520 6773
f 6526 6501 6559
f 6520 6522 6523
f 6528 6524 6523
f 6534 6025 6177
f 6524 6527 6513
f 6527 5974 6529
f 6529 5974 6530
f 5974 6473 6530
f 6472 6531 6530
f 6531 6102 6471
f 6530 6531 6516
f 6531 6505 6516
f 6530 6516 6515
f 6323 6158 5988
f 6228 6532 6170
f 6170 6533 6168
f 5981 6533 6532
f 6438 6536 6178
f 6535 6536 6184
f 6033 6347 6596
f 6536 6241 6178
f 6186 6246 6141
f 6215 6537 6214
f 6542 6230 6125
f 6260 6541 5992
f 6542 6125 6538
f 6220 6538 6124
f 6538 6128 6126
f 6128 6538 6125
f 6126 6124 6538
f 6543 6230 6542
f 6218 6211 6764
f 6540 6764 6763
f 6218 6540 6541
f 6541 6762 6542
f 6544 6543 6542
f 6541 6542 6223
f 6544 6542 6539
f 6541 6223 5992
f 6122 6544 6546
f 6763 6539 6762
f 6263 6543 6122
f 6289 6306 6122
f 6545 6546 6544
f 6749 6289 6546
f 6549 6286 6550
f 6539 6548 6545
f 6548 6539 6547
f 6286 6303 6550
f 6048 6550 6302
f 6547 6549 6550
f 6754 6264 6751
f 6553 6548 6551
f 6551 6547 6048
f 6548 6547 6551
f 6552 6592 6713
f 6551 6048 6590
f 6553 6751 6752
f 6554 6099 6046
f 6554 6555 6236
f 6147 6099 6149
f 6197 6046 6099
f 6582 6555 6046
f 6528 6571 6527
f 6556 6236 6555
f 6554 6046 6555
f 6561 6534 6556
f 6522 6526 6560
f 6558 6559 6573
f 6642 6637 5820
f 6534 6086 6556
f 6556 6086 6131
f 6561 6556 6555
f 6534 6557 6562
f 6557 6534 6561
f 6577 6581 6564
f 6576 6577 6557
f 6564 6566 6475
f 6586 6627 6563
f 6565 6567 6476
f 6564 6581 6563
f 6627 6631 6563
f 6565 6631 6630
f 6478 6476 6567
f 6569 6570 5974
f 6561 6555 6584
f 6569 5974 6527
f 6571 6569 6527
f 6564 6562 6577
f 6576 6571 6572
f 6561 6584 6585
f 6560 6559 6572
f 6571 6522 6568
f 6475 6025 6562
f 6564 6475 6562
f 6626 6631 6627
f 6565 6566 6574
f 6563 6574 6566
f 6566 6564 6563
f 6522 6571 6528
f 6572 6571 6568
f 6560 6568 6522
f 6572 6559 6575
f 6557 6577 6562
f 6526 6559 6560
f 6523 6522 6528
f 6568 6560 6572
f 6558 6573 6578
f 6559 6558 6575
f 6579 6575 6558
f 6580 6575 6579
f 6628 6627 6586
f 6576 6572 6580
f 6575 6580 6572
f 6555 6582 6584
f 6579 6581 6580
f 6585 6557 6561
f 6557 6585 6576
f 6569 6571 6585
f 5974 6583 6473
f 6582 6583 6570
f 6198 6582 6046
f 6570 6584 6582
f 6585 6571 6576
f 6569 6584 6570
f 6576 6580 6577
f 6581 6577 6580
f 6563 6581 6586
f 6582 6198 6583
f 6584 6569 6585
f 6593 6594 6706
f 6588 6587 6305
f 6310 6588 6296
f 6709 6708 6104
f 6591 6305 6587
f 6587 6707 6591
f 6592 6590 6591
f 6591 6589 6592
f 6305 6590 6048
f 6590 6592 6551
f 6592 6553 6551
f 6553 6592 6552
f 6713 6592 6589
f 6305 6591 6590
f 6299 6326 6593
f 6326 6314 6593
f 6594 6298 6706
f 6593 6314 6594
f 6315 6316 6271
f 6319 6320 6318
f 6332 6327 6343
f 6314 6595 6594
f 6327 6595 6314
f 6345 6341 6145
f 6189 6596 6188
f 6596 6184 6536
f 6007 6009 6344
f 6008 6009 6010
f 6357 6009 6008
f 6369 6598 6318
f 6328 6369 6320
f 6597 6598 6357
f 6598 6597 6599
f 6599 6600 6601
f 6357 6598 6369
f 6682 6677 6601
f 6607 6600 6615
f 6600 6607 6601
f 6600 6599 6597
f 5830 6601 6607
f 6466 6604 6455
f 6599 6679 6678
f 6603 6611 6602
f 6461 6462 6604
f 6612 6633 6632
f 6602 6606 6604
f 6667 6649 6648
f 6603 6604 6462
f 6610 6612 6632
f 6605 6665 6666
f 6615 6608 6607
f 6608 6463 6464
f 6464 6455 6608
f 6604 6603 6602
f 6455 6604 6606
f 6611 6613 6614
f 6611 6618 6610
f 6611 6610 6613
f 6618 6616 6623
f 6614 6665 6602
f 6618 6611 6603
f 6611 6614 6602
f 6614 6613 6667
f 6646 6610 6645
f 6463 6615 6011
f 6616 6462 6650
f 6618 6603 6462
f 6652 6625 6643
f 6455 6606 6607
f 6605 6607 6606
f 6610 6618 6612
f 6011 6615 6600
f 6600 6008 6011
f 6608 6455 6607
f 6463 6608 6615
f 6565 6630 6567
f 6617 6623 6452
f 6620 6612 6623
f 6634 6452 6635
f 6637 6619 6621
f 6617 6620 6623
f 6633 6620 6617
f 6622 6652 6655
f 6616 6618 6462
f 6618 6623 6612
f 6452 6623 6616
f 6617 6452 6621
f 6639 6638 6084
f 6631 6565 6574
f 6586 6579 6628
f 6558 6628 6579
f 6629 6631 6626
f 6578 6657 6628
f 6626 6627 6628
f 6629 6641 6640
f 6567 6630 6478
f 6629 6640 6630
f 6640 6642 6630
f 6631 6574 6563
f 6630 6631 6629
f 6619 6617 6621
f 6644 6632 6622
f 6632 6645 6610
f 6632 6633 6622
f 6452 6650 6635
f 6634 6624 6637
f 6635 6454 6636
f 6080 6081 6636
f 6081 6079 6638
f 6639 5820 6637
f 6634 6635 6624
f 6084 6470 6639
f 6624 6636 6638
f 6624 6639 6637
f 6617 6619 6625
f 6579 6586 6581
f 6617 6625 6652
f 6629 6626 6641
f 6642 6640 6619
f 6643 6641 6626
f 6641 6619 6640
f 6637 6642 6619
f 6630 6642 6478
f 6759 6478 6642
f 6651 6626 6628
f 6622 6633 6652
f 6633 6612 6620
f 6644 6609 6645
f 6609 6658 6673
f 6646 6613 6610
f 6658 6609 6655
f 6644 6645 6632
f 6646 6645 6672
f 6766 6673 6658
f 6616 6650 6452
f 6453 6650 6462
f 6634 6637 6621
f 6081 6638 6636
f 6084 6638 6079
f 6638 6639 6624
f 6628 6657 6651
f 6558 6578 6628
f 6643 6626 6651
f 6625 6619 6641
f 6641 6643 6625
f 6643 6651 6653
f 6652 6633 6617
f 6653 6652 6643
f 6653 6655 6652
f 6670 6651 6657
f 6644 6622 6655
f 6653 6651 6670
f 6654 6655 6653
f 6655 6609 6644
f 6656 6662 6765
f 6658 6654 6660
f 6670 6657 6654
f 6654 6656 6660
f 6578 6573 6659
f 6662 6656 6659
f 6646 6672 6674
f 6578 6659 6657
f 6654 6657 6656
f 6659 6656 6657
f 6654 6658 6655
f 6765 6660 6656
f 6573 6559 6501
f 6765 6771 6661
f 6663 6662 6659
f 6726 6725 6733
f 6768 6573 6501
f 6658 6660 6765
f 6663 6659 6573
f 6573 6768 6663
f 6797 6669 6648
f 6606 6602 6665
f 6669 6675 6667
f 6649 6667 6613
f 6664 6665 6667
f 6665 6614 6667
f 6664 6666 6665
f 6605 6666 5830
f 6319 6895 6280
f 6669 6667 6648
f 6680 6675 6668
f 6654 6653 6670
f 6609 6672 6645
f 6674 6672 6671
f 6671 6672 6673
f 6609 6673 6672
f 6671 6770 6674
f 6646 6674 6649
f 6669 6668 6675
f 6675 6664 6667
f 6666 6664 6675
f 6682 6601 5830
f 6682 5830 6666
f 6601 6677 6599
f 6677 6679 6599
f 6318 6598 6678
f 6598 6599 6678
f 6319 6683 6896
f 6680 6666 6675
f 6682 6666 6680
f 6677 6676 6679
f 6769 6781 6766
f 6681 6680 6668
f 6681 6668 6669
f 6682 6680 6684
f 6678 6319 6318
f 6319 6678 6683
f 6679 6683 6678
f 6688 6896 6683
f 6898 6681 6800
f 6728 6722 6723
f 6690 6700 6689
f 6681 6684 6680
f 6686 6677 6684
f 6684 6677 6682
f 6693 6685 6686
f 6686 6676 6677
f 6686 6685 6676
f 6688 6676 6685
f 6283 6895 6687
f 6688 6687 6896
f 6692 6691 6693
f 6700 6332 6689
f 6332 6283 6689
f 6687 6689 6283
f 6690 6688 6685
f 6687 6690 6689
f 6688 6690 6687
f 6717 6741 6716
f 6692 6686 6684
f 6686 6692 6693
f 6719 6741 6721
f 6698 6701 6697
f 6697 6693 6691
f 6698 6697 6695
f 6697 6691 6695
f 6685 6693 6696
f 6696 6693 6697
f 6685 6696 6690
f 6696 6701 6690
f 6711 6699 6694
f 6298 6700 6702
f 6690 6701 6700
f 6332 6700 6298
f 6701 6699 6702
f 6697 6701 6696
f 6701 6698 6699
f 6699 6703 6702
f 6701 6702 6700
f 6712 6714 6715
f 6589 6591 6714
f 6711 6704 6703
f 6708 6707 6587
f 6703 6705 6702
f 6702 6705 6298
f 6707 6706 6705
f 6593 6709 6316
f 6298 6705 6706
f 6708 6588 6104
f 6588 6708 6587
f 6707 6708 6706
f 6316 6709 6104
f 6706 6708 6709
f 6710 6707 6705
f 6703 6710 6705
f 6591 6710 6714
f 6715 6718 6712
f 6707 6710 6591
f 6714 6710 6704
f 6703 6704 6710
f 6699 6698 6740
f 6703 6699 6711
f 6712 6713 6589
f 6711 6694 6715
f 6715 6717 6716
f 6867 6880 6878
f 6717 6715 6694
f 6716 6872 5976
f 6695 6723 6724
f 6723 6695 6691
f 6720 6718 5976
f 6718 6720 6712
f 6724 6723 6722
f 6713 6712 6720
f 6695 6724 6721
f 6719 6737 6741
f 6728 6729 6727
f 6741 6694 6721
f 6723 6691 6729
f 6721 6724 6722
f 6694 6695 6721
f 6647 6767 6788
f 6736 6722 6728
f 6725 6726 6727
f 6728 6723 6729
f 6736 6728 6735
f 6727 6897 6725
f 6726 6728 6727
f 6780 6791 6792
f 6647 6770 6767
f 6512 6734 6503
f 6830 6810 6855
f 6854 6489 6853
f 6489 6854 6506
f 6725 6805 6733
f 6854 6512 6506
f 6733 6829 6817
f 6773 6865 6732
f 6819 6731 6814
f 6747 6375 6743
f 6735 6728 6726
f 6739 6736 6833
f 6721 6722 6719
f 6901 6720 5976
f 6754 6751 6552
f 5976 6885 6901
f 6715 6704 6711
f 6714 6704 6715
f 6719 6736 6739
f 6731 6811 6814
f 6859 6841 6858
f 6833 6736 6735
f 6839 6843 6842
f 6739 6737 6719
f 6740 6695 6694
f 6699 6740 6694
f 6695 6740 6698
f 6719 6722 6736
f 6741 6717 6694
f 6872 6737 6870
f 6731 6809 6811
f 6358 6370 6374
f 6900 6744 6742
f 6742 6743 6374
f 6743 6375 6378
f 6822 6823 6824
f 6840 6821 6826
f 6742 6744 6746
f 6825 6818 6745
f 6746 6743 6742
f 6748 6399 6289
f 6420 6399 6421
f 6758 6748 6264
f 6750 6749 6546
f 6750 6752 6749
f 6545 6750 6546
f 6553 6750 6545
f 6553 6552 6751
f 6748 6749 6264
f 6752 6264 6749
f 6553 6752 6750
f 6264 6752 6751
f 6901 6754 6713
f 6839 6737 6739
f 6403 6756 6401
f 6713 6754 6552
f 6860 6880 6838
f 6876 6424 6401
f 6389 6756 6403
f 6876 6877 6875
f 6755 6756 6757
f 6389 6757 6756
f 6748 6758 6421
f 6264 6890 6894
f 6468 6469 6020
f 6759 6239 6478
f 6468 6087 6470
f 6239 6470 6087
f 6482 6098 6146
f 6485 6098 6486
f 6294 6308 6290
f 6425 6761 6500
f 6308 6499 6290
f 6498 6308 6500
f 6425 6848 6850
f 6497 6500 6761
f 6425 6500 6426
f 6511 6509 6507
f 6539 6542 6762
f 6218 6764 6540
f 6540 6763 6762
f 6212 6288 6211
f 6763 6764 6286
f 6211 6288 6764
f 6764 6288 6286
f 6547 6763 6549
f 6286 6549 6763
f 6600 6597 6008
f 6759 6642 5820
f 6470 6759 5820
f 6661 6779 6765
f 6673 6766 6671
f 6779 6661 6769
f 6779 6658 6765
f 6769 6766 6779
f 6782 6781 6769
f 6771 6765 6662
f 6526 6520 6501
f 6775 6771 6663
f 6770 6671 6767
f 6767 6671 6766
f 6770 6648 6674
f 6797 6770 6647
f 6649 6674 6648
f 6773 6734 6864
f 6773 6520 6503
f 6773 6774 6501
f 6774 6768 6501
f 6772 6775 6774
f 6768 6774 6775
f 6773 6732 6774
f 6774 6732 6772
f 6777 6775 6772
f 6785 6782 6776
f 6784 6785 6780
f 6777 6778 6783
f 6658 6779 6766
f 6775 6663 6768
f 6662 6663 6771
f 6503 6734 6773
f 6771 6776 6661
f 6777 6783 6776
f 6782 6785 6784
f 6783 6787 6785
f 6781 6784 6790
f 6776 6771 6777
f 6771 6775 6777
f 6784 6780 6790
f 6782 6784 6781
f 6787 6783 6793
f 6805 6831 6733
f 6778 6789 6783
f 6786 6796 6787
f 6785 6776 6783
f 6766 6781 6767
f 6787 6793 6786
f 6790 6788 6767
f 6790 6767 6781
f 6790 6780 6792
f 6801 6799 6798
f 6785 6787 6780
f 6796 6780 6787
f 6792 6788 6790
f 6793 6783 6789
f 6789 6730 6793
f 6795 6786 6730
f 6815 6814 6811
f 6786 6808 6803
f 6794 6789 6778
f 6861 6794 6732
f 6778 6777 6772
f 6732 6794 6772
f 6772 6794 6778
f 6730 6786 6793
f 6806 6786 6795
f 6813 6730 6812
f 6489 6497 6852
f 6845 6794 6861
f 6796 6786 6803
f 6780 6796 6791
f 6788 6798 6647
f 6770 6797 6648
f 6801 6802 6800
f 6797 6799 6681
f 6669 6797 6681
f 6797 6798 6799
f 6798 6791 6801
f 6727 6729 6897
f 6801 6800 6799
f 6801 6791 6802
f 6899 6804 6725
f 6806 6808 6786
f 6805 6725 6804
f 6792 6791 6798
f 6800 6802 6804
f 6802 6803 6807
f 6807 6804 6802
f 6807 6832 6805
f 6791 6803 6802
f 6796 6803 6791
f 6795 6809 6806
f 6731 6733 6831
f 6832 6807 6803
f 6804 6807 6805
f 6832 6808 6806
f 6811 6809 6813
f 6831 6809 6731
f 6813 6795 6730
f 6812 6730 6855
f 6813 6809 6795
f 6825 6815 6818
f 6810 6811 6812
f 6811 6813 6812
f 6822 6821 6823
f 6733 6731 6819
f 6815 6811 6810
f 6820 6819 6814
f 6815 6810 6818
f 6820 6822 6816
f 6733 6817 6726
f 6824 6817 6816
f 6830 6818 6810
f 6816 6817 6829
f 6822 6820 6834
f 6816 6819 6820
f 6834 6825 6826
f 6821 6822 6834
f 6834 6820 6814
f 6833 6738 6739
f 6822 6824 6816
f 6833 6824 6823
f 6726 6817 6735
f 6735 6817 6824
f 6825 6745 6826
f 6815 6825 6814
f 6378 6828 6848
f 6827 6846 6747
f 6846 6828 6375
f 6733 6819 6829
f 6816 6829 6819
f 6855 6810 6812
f 6746 6830 6827
f 6832 6831 6805
f 6831 6806 6809
f 6808 6832 6803
f 6831 6832 6806
f 6824 6833 6735
f 6738 6833 6823
f 6825 6834 6814
f 6821 6834 6826
f 6745 6840 6826
f 6744 6836 6746
f 6746 6747 6743
f 6836 6744 6835
f 6745 6836 6835
f 6818 6836 6745
f 6840 6745 6837
f 6841 6835 6858
f 6871 6839 6838
f 6839 6739 6738
f 6871 6869 6870
f 6837 6745 6835
f 6840 6837 6821
f 6835 6367 6856
f 6842 6821 6837
f 6823 6843 6738
f 6821 6843 6823
f 6842 6843 6821
f 6838 6839 6842
f 6845 6730 6789
f 6794 6845 6789
f 6846 6375 6747
f 6378 6375 6828
f 6844 6827 6830
f 6852 6761 6850
f 6376 6848 6425
f 6851 6864 6853
f 6851 6850 6849
f 6850 6851 6852
f 6864 6851 6849
f 6734 6512 6864
f 6512 6854 6853
f 6830 6855 6844
f 6818 6830 6746
f 6856 6367 6437
f 6437 6443 6857
f 6837 6859 6866
f 6857 6856 6437
f 6856 6857 6858
f 6868 6878 6858
f 6859 6837 6841
f 6838 6842 6860
f 6842 6837 6866
f 6858 6857 6868
f 6827 6844 6861
f 6845 6855 6730
f 6827 6747 6746
f 6844 6845 6861
f 6850 6848 6847
f 6862 6846 6861
f 6849 6850 6847
f 6828 6846 6847
f 6846 6862 6849
f 6846 6849 6847
f 6861 6863 6862
f 6849 6862 6864
f 6864 6863 6865
f 6853 6864 6512
f 6863 6864 6862
f 6367 6835 6744
f 6858 6835 6856
f 6835 6841 6837
f 6883 6866 6859
f 6842 6866 6860
f 6857 6886 6868
f 6877 6889 6882
f 6846 6827 6861
f 6852 6851 6853
f 6422 6874 6886
f 6878 6868 6867
f 6884 6867 6881
f 6873 5976 6872
f 6873 6870 6884
f 6741 6872 6716
f 6871 6838 6880
f 6737 6871 6870
f 6737 6872 6741
f 6873 6872 6870
f 6884 6870 6869
f 6716 5976 6718
f 6885 5976 6873
f 6422 6875 6874
f 6867 6893 6882
f 6424 6876 6875
f 6756 6887 6401
f 6887 6755 6877
f 6882 6889 6891
f 6878 6880 6883
f 6880 6867 6869
f 6881 6867 6882
f 6880 6869 6871
f 6880 6860 6883
f 6893 6867 6868
f 6881 6879 6884
f 6889 6877 6755
f 6881 6882 6891
f 6866 6883 6860
f 6878 6859 6858
f 6869 6867 6884
f 6884 6879 6885
f 6892 6885 6879
f 6885 6892 6901
f 6874 6888 6893
f 6422 6886 6857
f 6868 6886 6874
f 6401 6887 6876
f 6755 6887 6756
f 6875 6877 6888
f 6893 6877 6882
f 6755 6894 6890
f 6879 6881 6891
f 6264 6754 6890
f 6890 6892 6891
f 6889 6890 6891
f 6892 6890 6753
f 6892 6753 6901
f 6879 6891 6892
f 6859 6878 6883
f 6884 6885 6873
f 6874 6893 6868
f 6877 6893 6888
f 6757 6894 6755
f 6264 6894 6758
f 6753 6890 6754
f 6896 6895 6319
f 6687 6895 6896
f 6712 6589 6714
f 6692 6729 6691
f 6897 6729 6898
f 6692 6684 6898
f 6729 6692 6898
f 6898 6800 6899
f 6897 6898 6899
f 6804 6899 6800
f 6899 6725 6897
f 6684 6681 6898
f 6800 6681 6799
f 6374 6900 6742
f 6291 6290 6309
f 6496 6760 6499
f 6865 6773 6864
f 6782 6769 6661
f 6776 6782 6661
f 6792 6798 6788
f 6797 6647 6798
f 6900 6367 6744
f 6861 6732 6863
f 6865 6863 6732
f 6754 6901 6753
f 6720 6901 6713
f 6903 6940 6902
f 6972 6997 6998
f 6905 6960 6904
f 6938 6940 6903
f 6906 6907 6961
f 6932 5766 5765
f 5778 5777 7035
f 6946 6902 6940
f 6963 6962 5779
f 6964 6962 6955
f 6933 6945 7039
f 6906 6960 6905
f 6907 7024 6961
f 6996 6961 7024
f 6907 6908 7024
f 6949 5740 6951
f 6933 6934 6945
f 6969 7010 6959
f 7017 7004 6947
f 6958 7012 5742
f 6968 5786 5785
f 7043 5772 5771
f 6961 6960 6906
f 6915 7007 6914
f 7039 7040 5767
f 5766 6932 7039
f 6949 6951 6985
f 6942 6945 6946
f 6943 7040 7039
f 6950 5720 5786
f 6980 6937 6976
f 5771 7041 7043
f 5770 7041 5771
f 5767 5766 7039
f 6993 6995 7024
f 6942 6978 6977
f 7043 5774 5773
f 6975 6941 6974
f 7044 5774 7043
f 5769 5768 7040
f 5775 7035 5776
f 6943 6976 7041
f 6962 6963 6955
f 5780 5779 6962
f 6953 6954 6930
f 6987 6955 6963
f 6976 6943 6942
f 7028 7020 7002
f 7041 6976 6937
f 5772 7043 5773
f 6904 6960 6903
f 6964 5780 6962
f 6943 7041 5769
f 7008 7042 6948
f 6970 6959 6968
f 6999 7027 6997
f 6990 6991 7021
f 5783 5782 6966
f 6916 6917 7009
f 6918 6919 6997
f 6988 6964 6955
f 6922 6923 7000
f 6929 6954 6944
f 6963 5779 5778
f 6922 7001 6921
f 7016 6981 7017
f 6974 6923 6924
f 6925 6926 6975
f 6954 6953 6952
f 5743 6952 5744
f 6927 6941 6926
f 6944 6941 6928
f 6936 6951 6950
f 6911 7003 6910
f 6974 6924 6975
f 6928 6929 6944
f 6958 5742 5741
f 6941 6927 6928
f 6953 6931 5745
f 6922 7000 7001
f 6986 6954 6952
f 6930 6954 6929
f 6946 6945 6934
f 5780 6964 5781
f 6902 6946 6934
f 5783 6965 5784
f 6989 5781 6964
f 6942 6943 7039
f 6957 6965 6966
f 6951 5720 6950
f 7005 6912 6913
f 6967 5784 6965
f 6940 6938 6978
f 7011 6920 6921
f 6986 6944 6954
f 5784 6967 5785
f 6939 6941 6944
f 6952 5745 5744
f 5746 5745 6931
f 6938 6960 6961
f 6952 5743 7012
f 6908 6909 6993
f 6967 6968 5785
f 6952 6953 5745
f 7008 6983 7007
f 7007 7022 7006
f 6939 6944 6986
f 6931 6953 6930
f 7018 7016 6987
f 6966 6965 5783
f 6967 6965 6957
f 6989 6966 5782
f 6957 6966 7021
f 6992 6969 6970
f 5786 6968 6950
f 5740 6958 5741
f 6936 6950 6959
f 6938 6903 6960
f 6970 6968 6967
f 6950 6968 6959
f 6992 6967 6957
f 6948 6991 6983
f 6992 6970 6967
f 6959 6970 6969
f 7023 6909 6910
f 6980 6935 6937
f 7025 6919 6920
f 6959 7010 7032
f 7013 6949 7014
f 6974 6939 7000
f 6925 6975 6924
f 6926 6941 6975
f 6942 6977 6976
f 6979 6980 6977
f 6978 6942 6946
f 6977 6938 6979
f 6940 6978 6946
f 6938 6977 6978
f 6935 6979 6995
f 6977 6980 6976
f 6979 6935 6980
f 6947 6955 6987
f 6971 6993 6994
f 7036 6988 7019
f 6957 6991 6948
f 7006 6982 7005
f 7027 6917 6918
f 6984 7031 6969
f 6936 7032 7026
f 6952 7012 6986
f 7012 6958 7013
f 6987 6963 7018
f 7017 6981 7004
f 6947 7019 6988
f 6988 7036 6989
f 5781 6989 5782
f 6988 6989 6964
f 6990 6989 6956
f 6966 6989 6990
f 7036 7022 6956
f 6956 6991 6990
f 6992 6957 6948
f 6993 6909 7023
f 6995 6993 6971
f 6994 7023 7003
f 6935 6995 6971
f 6996 6979 6938
f 6961 6996 6938
f 6979 6996 6995
f 6997 6919 7025
f 6999 6997 6972
f 6998 7025 7011
f 6999 7031 7009
f 6974 7000 6923
f 7001 7000 6973
f 6973 6939 6986
f 7001 7033 7011
f 7000 6939 6973
f 6941 6939 6974
f 7028 7002 6971
f 7016 7018 7028
f 6911 6912 7004
f 7003 6981 7028
f 6981 7003 7004
f 7003 6911 7004
f 7029 6913 6914
f 7004 7005 6982
f 7029 7005 6913
f 7006 7029 7007
f 7030 6915 6916
f 7007 6983 7022
f 7030 7007 6915
f 7008 7030 7009
f 7009 6917 7027
f 7008 7009 6984
f 7009 7031 6984
f 7031 6999 6972
f 7001 7011 6921
f 7011 6985 7026
f 7013 6958 6949
f 5742 7012 5743
f 6949 6985 7038
f 7012 7013 6986
f 6949 6958 5740
f 7033 7014 7038
f 6973 7034 7001
f 7038 7014 6949
f 6955 6947 6988
f 6963 7035 7018
f 5775 5774 7044
f 6947 6987 7016
f 6947 7004 6982
f 6947 7016 7017
f 7020 7018 7015
f 6947 6982 7019
f 7019 7037 7022
f 6989 7036 6956
f 6937 7020 7015
f 6935 7002 7020
f 6990 7021 6966
f 6957 7021 6991
f 6948 6983 7008
f 7019 6982 7037
f 7042 7008 6984
f 7003 7023 6910
f 6993 7023 6994
f 6993 7024 6908
f 7024 6995 6996
f 7011 7025 6920
f 6997 7025 6998
f 6972 6998 7026
f 7011 7026 6998
f 6985 6936 7026
f 6985 6951 6936
f 6997 7027 6918
f 7009 7027 6999
f 7028 6971 6994
f 6935 6971 7002
f 7003 7028 6994
f 6981 7016 7028
f 7028 7018 7020
f 7005 7004 6912
f 7007 7029 6914
f 7005 7029 7006
f 7009 7030 6916
f 7007 7030 7008
f 6969 7031 7010
f 7010 7031 6972
f 7026 7032 6972
f 6936 6959 7032
f 7014 6986 7013
f 6986 7014 7034
f 7011 7033 6985
f 7034 7033 7001
f 6986 7034 6973
f 7033 7034 7014
f 5778 7035 6963
f 5776 7035 5777
f 7015 7018 7035
f 7022 7036 7019
f 6991 6956 7022
f 6982 7006 7037
f 7022 7037 7006
f 6991 7022 6983
f 7033 7038 6985
f 6972 7032 7010
f 6933 7039 6932
f 6942 7039 6945
f 5769 7040 6943
f 5767 7040 5768
f 7041 6937 7043
f 5769 7041 5770
f 6984 6969 7042
f 7042 6969 6992
f 7042 6992 6948
f 7020 6937 6935
f 7015 7035 7044
f 7015 7044 6937
f 7044 7035 5775
f 6937 7044 7043