v 0.000819 -0.068155 0.161022
v 0.000953 -0.078165 0.161917
v 0.000062 -0.084383 0.163745
v 0.000899 -0.097527 0.166808
v 0.000558 -0.107014 0.170024
v 0.000573 -0.116584 0.172698
v 0.000266 -0.126090 0.175483
v 0.001304 -0.137102 0.177279
v -0.000803 -0.151564 0.178058
v 0.000357 -0.165093 0.178679
v 0.000853 -0.174988 0.177323
v 0.000585 -0.184586 0.178347
v 0.001050 -0.194375 0.175130
v -0.000957 -0.206915 0.173970
v 0.001846 -0.215218 0.170127
v 0.001723 -0.233795 0.165436
v 0.002634 -0.250530 0.161179
v 0.003378 -0.266502 0.154926
v 0.002402 -0.279436 0.150479
v 0.002691 -0.288666 0.147655
v -0.001508 -0.292968 0.145400
v 0.002949 -0.305940 0.138113
v 0.002210 -0.314800 0.133746
v 0.002406 -0.324735 0.132652
v 0.002881 -0.333891 0.133954
v -0.000948 -0.347671 0.136801
v 0.002773 -0.352540 0.138012
v 0.002673 -0.362235 0.137831
v 0.002569 -0.371747 0.135160
v 0.002675 -0.381510 0.132148
v 0.002355 -0.390759 0.129959
v 0.002467 -0.400609 0.128367
v 0.001907 -0.410812 0.127738
v 0.002572 -0.420509 0.127217
v 0.002227 -0.431637 0.126326
v 0.001183 -0.454931 0.124562
v 0.000916 -0.477332 0.123063
v 0.000826 -0.488222 0.122801
v 0.003934 -0.498686 0.122488
v 0.002660 -0.508641 0.122798
v 0.001248 -0.518358 0.123443
v 0.000299 -0.528343 0.124340
v 0.000454 -0.538607 0.125714
v -0.001425 -0.556050 0.128637
v 0.000059 -0.565116 0.129694
v 0.000888 -0.575928 0.130604
v 0.010436 -0.575792 0.128622
v 0.020038 -0.575715 0.125099
v 0.029321 -0.576455 0.120114
v 0.038373 -0.577323 0.114486
v 0.048611 -0.578399 0.110303
v 0.059371 -0.579432 0.108276
v 0.070182 -0.580397 0.107054
v 0.081085 -0.581013 0.105840
v 0.091967 -0.581387 0.104898
v 0.103111 -0.581923 0.104223
v 0.114265 -0.581789 0.103294
v 0.124772 -0.581315 0.102249
v 0.135372 -0.580736 0.100943
v 0.145937 -0.580100 0.099564
v 0.156125 -0.579276 0.098023
v 0.166214 -0.578603 0.096262
v 0.176630 -0.578462 0.094747
v 0.186789 -0.578871 0.091021
v 0.194354 -0.577214 0.084870
v 0.198008 -0.576190 0.075404
v 0.196346 -0.575650 0.065104
v 0.193369 -0.575454 0.055825
v 0.190270 -0.575884 0.046067
v 0.186234 -0.575326 0.036740
v 0.182676 -0.574860 0.027548
v 0.178936 -0.574793 0.018320
v 0.180244 -0.565513 0.017778
v 0.181026 -0.556457 0.016900
v 0.183566 -0.548362 0.023860
v 0.183026 -0.536766 0.016453
v 0.183874 -0.527376 0.016058
v 0.184737 -0.517772 0.015807
v 0.186106 -0.505517 0.014922
v 0.188392 -0.482870 0.014912
v 0.190409 -0.460839 0.013486
v 0.191311 -0.448995 0.012618
v 0.192711 -0.431841 0.012547
v 0.193476 -0.422126 0.012365
v 0.194587 -0.410280 0.013533
v 0.194815 -0.402748 0.011796
v 0.193655 -0.393409 0.011653
v 0.194115 -0.383597 0.011830
v 0.196372 -0.374003 0.011305
v 0.197314 -0.359847 0.014412
v 0.195465 -0.359545 0.003808
v 0.197745 -0.345293 0.009936
v 0.197541 -0.334677 0.008761
v 0.196776 -0.317187 0.008780
v 0.195911 -0.306902 0.008660
v 0.194902 -0.297266 0.008323
v 0.193647 -0.287989 0.007931
v 0.193030 -0.278098 0.007672
v 0.191936 -0.267704 0.007021
v 0.189441 -0.258992 0.006838
v 0.188677 -0.250153 0.006740
v 0.189313 -0.240912 0.006583
v 0.188675 -0.231423 0.007448
v 0.187829 -0.221820 0.006643
v 0.186295 -0.212397 0.006718
v 0.184989 -0.202982 0.007053
v 0.184140 -0.193626 0.007294
v 0.182741 -0.184325 0.007420
v 0.180668 -0.175061 0.008233
v 0.178497 -0.165994 0.008348
v 0.176509 -0.156843 0.009261
v 0.174565 -0.147630 0.009986
v 0.172026 -0.138111 0.010966
v 0.169125 -0.129436 0.011654
v 0.167322 -0.120284 0.012265
v 0.165847 -0.110667 0.013198
v 0.163138 -0.101522 0.013545
v 0.159437 -0.093037 0.013748
v 0.156409 -0.083903 0.013778
v 0.153805 -0.074628 0.013758
v 0.150985 -0.064959 0.013787
v 0.149904 -0.064594 0.024423
v 0.147642 -0.064298 0.035082
v 0.144673 -0.063636 0.045174
v 0.141746 -0.063404 0.055930
v 0.137333 -0.063075 0.065166
v 0.132096 -0.062817 0.074482
v 0.125946 -0.062869 0.083425
v 0.118799 -0.063277 0.091008
v 0.111198 -0.063410 0.099295
v 0.102850 -0.063751 0.105965
v 0.098565 -0.056594 0.108599
v 0.085979 -0.063655 0.120030
v 0.078032 -0.064806 0.128625
v 0.068721 -0.065444 0.134422
v 0.060501 -0.065366 0.142744
v 0.051187 -0.066061 0.146693
v 0.042174 -0.066234 0.152937
v 0.032136 -0.066898 0.155137
v 0.021833 -0.067177 0.158956
v 0.011739 -0.067773 0.160028
v 0.135237 -0.434102 0.123041
v 0.079936 -0.505752 0.129384
v 0.009110 -0.567243 0.128054
v 0.026133 -0.553217 0.118518
v 0.134796 -0.274202 0.120781
v 0.103867 -0.155586 0.134147
v 0.052930 -0.114031 0.160827
v 0.030317 -0.093709 0.162331
v 0.011707 -0.077557 0.161240
v 0.188298 -0.513485 0.080718
v 0.190673 -0.542105 0.050722
v 0.149212 -0.115798 0.071732
v 0.152013 -0.082206 0.034081
v 0.151218 -0.071139 0.020338
v 0.153404 -0.080326 0.023476
v 0.068200 -0.434424 0.130853
v 0.183475 -0.444393 0.079121
v 0.168732 -0.358969 0.098331
v 0.042674 -0.502102 0.120148
v 0.063993 -0.538967 0.115783
v 0.120749 -0.535544 0.122507
v 0.014812 -0.545953 0.122897
v 0.026206 -0.559938 0.119265
v 0.017913 -0.564535 0.124386
v 0.045906 -0.558596 0.111295
v 0.181405 -0.265322 0.074482
v 0.085033 -0.228598 0.139409
v 0.066535 -0.291680 0.140483
v 0.053320 -0.167608 0.165314
v 0.164469 -0.186383 0.081663
v 0.105875 -0.112568 0.121307
v 0.056325 -0.089992 0.152724
v 0.030791 -0.122389 0.169297
v 0.028581 -0.080189 0.158561
v 0.015260 -0.092837 0.166228
v 0.011653 -0.083441 0.161827
v 0.186980 -0.545416 0.089637
v 0.188953 -0.509610 0.050961
v 0.191534 -0.559606 0.050811
v 0.186208 -0.541309 0.033301
v 0.159335 -0.110295 0.042356
v 0.143289 -0.089385 0.065508
v 0.147735 -0.074707 0.041999
v 0.151065 -0.075210 0.029091
v 0.149928 -0.076983 0.035987
v 0.156429 -0.092966 0.028062
v 0.154632 -0.079516 0.017144
v 0.036267 -0.435395 0.127641
v 0.074377 -0.367263 0.138546
v 0.191036 -0.445299 0.046173
v 0.188084 -0.396854 0.064336
v 0.191124 -0.354454 0.058548
v 0.019596 -0.504141 0.119882
v 0.032692 -0.474358 0.123325
v 0.075993 -0.557637 0.112699
v 0.109286 -0.559029 0.116313
v 0.140867 -0.554183 0.111270
v 0.008790 -0.541856 0.124393
v 0.011195 -0.533213 0.122786
v 0.025281 -0.570178 0.121470
v 0.033481 -0.566911 0.115936
v 0.016526 -0.570654 0.126188
v 0.020128 -0.556803 0.122092
v 0.020315 -0.548702 0.120870
v 0.012123 -0.558541 0.125853
v 0.054735 -0.566885 0.109886
v 0.190773 -0.264604 0.042132
v 0.036204 -0.228318 0.161498
v 0.042389 -0.264463 0.150256
v 0.037002 -0.301329 0.140134
v 0.033480 -0.151546 0.171543
v 0.029244 -0.179648 0.174040
v 0.179711 -0.181749 0.046004
v 0.101355 -0.088354 0.115076
v 0.061910 -0.078716 0.142555
v 0.072948 -0.083801 0.138328
v 0.016079 -0.112174 0.170037
v 0.016048 -0.131243 0.174507
v 0.027807 -0.072678 0.158013
v 0.017798 -0.075735 0.161374
v 0.038570 -0.075765 0.156043
v 0.007015 -0.093053 0.165375
v 0.011181 -0.102477 0.168680
v 0.004976 -0.083133 0.162706
v 0.021082 -0.085837 0.162183
v 0.019917 -0.096858 0.166676
v 0.028500 -0.086908 0.160902
v 0.022055 -0.080200 0.160724
v 0.189276 -0.562557 0.089041
v 0.186866 -0.513174 0.032843
v 0.188792 -0.494046 0.032449
v 0.191489 -0.567869 0.051074
v 0.187669 -0.563352 0.039372
v 0.184520 -0.566483 0.031113
v 0.194637 -0.563927 0.062525
v 0.189732 -0.563523 0.046009
v 0.194014 -0.568904 0.057463
v 0.184352 -0.541711 0.024387
v 0.185269 -0.529769 0.028703
v 0.184793 -0.552876 0.029239
v 0.185343 -0.536722 0.028702
v 0.162907 -0.107745 0.027429
v 0.167127 -0.137106 0.041607
v 0.141728 -0.075946 0.063141
v 0.125793 -0.089526 0.092522
v 0.146681 -0.068484 0.040912
v 0.144579 -0.071379 0.052061
v 0.149261 -0.069178 0.030824
v 0.156871 -0.089165 0.020238
v 0.153792 -0.086305 0.028267
v 0.160524 -0.098172 0.021469
v 0.159183 -0.100894 0.030285
v 0.163740 -0.104319 0.020480
v 0.160126 -0.106937 0.035099
v 0.012151 -0.437075 0.126379
v 0.036093 -0.395969 0.131700
v 0.041516 -0.347902 0.140090
v 0.192237 -0.443541 0.024054
v 0.192593 -0.416678 0.042079
v 0.194486 -0.387983 0.038363
v 0.195985 -0.359466 0.033730
v 0.196605 -0.330550 0.036744
v 0.010571 -0.505405 0.121502
v 0.015050 -0.473405 0.122562
v 0.075229 -0.569435 0.109326
v 0.109170 -0.571209 0.110236
v 0.130241 -0.566822 0.109074
v 0.151877 -0.565925 0.104201
v 0.006585 -0.552496 0.126601
v 0.005939 -0.533047 0.124141
v 0.038366 -0.528937 0.115404
v 0.008733 -0.525041 0.122651
v 0.033786 -0.572943 0.116607
v 0.043983 -0.569966 0.111251
v 0.031558 -0.558765 0.116026
v 0.039243 -0.562405 0.112415
v 0.035282 -0.543717 0.114245
v 0.032090 -0.551687 0.115314
v 0.039464 -0.554595 0.112699
v 0.005250 -0.559878 0.128153
v 0.054282 -0.573507 0.109291
v 0.190931 -0.264461 0.024109
v 0.189021 -0.235554 0.037529
v 0.195024 -0.292533 0.038815
v 0.020297 -0.227643 0.166252
v 0.023382 -0.266342 0.153266
v 0.019685 -0.291752 0.145576
v 0.016015 -0.307225 0.137942
v 0.015723 -0.150206 0.176642
v 0.016707 -0.169994 0.177358
v 0.016710 -0.189411 0.176241
v 0.182546 -0.180431 0.026559
v 0.099925 -0.075687 0.111993
v 0.056269 -0.070700 0.146021
v 0.048034 -0.074544 0.150202
v 0.065452 -0.074008 0.139226
v 0.082882 -0.075672 0.125896
v 0.007155 -0.111875 0.171296
v 0.011346 -0.121336 0.174651
v 0.006893 -0.130926 0.176658
v 0.011411 -0.140735 0.176936
v 0.037520 -0.069935 0.155441
v 0.018197 -0.105628 0.167847
v 0.189310 -0.569798 0.089223
v 0.195447 -0.566166 0.078295
v 0.179616 -0.567478 0.095502
v 0.192522 -0.566253 0.085275
v 0.184332 -0.571963 0.093033
v 0.186087 -0.512885 0.023626
v 0.187883 -0.498105 0.028051
v 0.186088 -0.521351 0.028434
v 0.185680 -0.519599 0.022129
v 0.188076 -0.493977 0.022972
v 0.188938 -0.487487 0.027100
v 0.188672 -0.485508 0.020811
v 0.188448 -0.570673 0.041444
v 0.183083 -0.560731 0.024549
v 0.196915 -0.569206 0.070054
v 0.184415 -0.532060 0.021503
v 0.185033 -0.525821 0.023359
v 0.185699 -0.559536 0.032791
v 0.167024 -0.116271 0.022774
v 0.163562 -0.117792 0.034820
v 0.171001 -0.135123 0.025741
v 0.140685 -0.068756 0.061584
v 0.135619 -0.072061 0.071623
v 0.123981 -0.075919 0.089766
v 0.146269 -0.082882 0.053977
v 0.011197 -0.452896 0.124960
v 0.009370 -0.425182 0.127225
v 0.023055 -0.395946 0.130733
v 0.021905 -0.347805 0.138674
v 0.191922 -0.447772 0.020297
v 0.191431 -0.452551 0.028156
v 0.194312 -0.411462 0.027562
v 0.195382 -0.397673 0.026566
v 0.196596 -0.372477 0.026951
v 0.198078 -0.359544 0.021506
v 0.199895 -0.339792 0.025663
v 0.198039 -0.321081 0.024011
v 0.015995 -0.489242 0.121223
v 0.007371 -0.469020 0.123361
v 0.009771 -0.482353 0.122265
v 0.008730 -0.491064 0.122094
v 0.013350 -0.497057 0.121121
v 0.019753 -0.482118 0.121302
v 0.029541 -0.491702 0.120169
v 0.023225 -0.473303 0.122215
v 0.023452 -0.488354 0.120579
v 0.021697 -0.494876 0.119981
v 0.029156 -0.482969 0.121357
v 0.028920 -0.463903 0.124053
v 0.043633 -0.488459 0.123120
v 0.034894 -0.482060 0.122275
v 0.037465 -0.495616 0.120295
v 0.028579 -0.500025 0.119101
v 0.039755 -0.481166 0.123617
v 0.028990 -0.516853 0.117483
v 0.028035 -0.508544 0.118319
v 0.009936 -0.514401 0.121746
v 0.036006 -0.512582 0.117561
v 0.020517 -0.513496 0.119294
v 0.022618 -0.521814 0.118580
v 0.035780 -0.504679 0.118722
v 0.037165 -0.520586 0.116531
v 0.030257 -0.525082 0.116656
v 0.060942 -0.528084 0.117868
v 0.022538 -0.535954 0.118874
v 0.045460 -0.523997 0.116512
v 0.024476 -0.529038 0.118012
v 0.030962 -0.534356 0.115988
v 0.052505 -0.517884 0.118917
v 0.027631 -0.544145 0.117171
v 0.040405 -0.539569 0.114040
v 0.042951 -0.508775 0.118883
v 0.075391 -0.575370 0.107800
v 0.084836 -0.573314 0.108322
v 0.065354 -0.571899 0.108784
v 0.108852 -0.577652 0.106416
v 0.119748 -0.573477 0.107735
v 0.130266 -0.574712 0.105105
v 0.140757 -0.570125 0.105014
v 0.151089 -0.573266 0.101344
v 0.162381 -0.568771 0.100298
v 0.047673 -0.563464 0.110631
v 0.190645 -0.262621 0.014597
v 0.189514 -0.255544 0.020256
v 0.192414 -0.274759 0.019576
v 0.192267 -0.270006 0.015145
v 0.190276 -0.236963 0.021064
v 0.185507 -0.208717 0.037795
v 0.194565 -0.290360 0.015401
v 0.008883 -0.232806 0.165424
v 0.021655 -0.208651 0.170856
v 0.011629 -0.272722 0.153621
v 0.022141 -0.246382 0.159434
v 0.014207 -0.294659 0.144325
v 0.011482 -0.310372 0.136078
v 0.007633 -0.150634 0.176465
v 0.011529 -0.160362 0.177939
v 0.007863 -0.170102 0.177312
v 0.011973 -0.179718 0.178000
v 0.007827 -0.189535 0.175986
v 0.012262 -0.199805 0.174525
v 0.012489 -0.193931 0.174659
v 0.182812 -0.179973 0.016304
v 0.181545 -0.168600 0.021122
v 0.186222 -0.191102 0.020231
v 0.181488 -0.172076 0.014902
v 0.184675 -0.186607 0.014651
v 0.184949 -0.184892 0.021492
v 0.099345 -0.068878 0.110918
v 0.107876 -0.072070 0.104321
v 0.045360 -0.086651 0.155318
v 0.037072 -0.088499 0.160602
v 0.043390 -0.102181 0.158718
v 0.040112 -0.082417 0.156935
v 0.037927 -0.096003 0.161498
v 0.032157 -0.101452 0.162462
v 0.046462 -0.094693 0.156936
v 0.034045 -0.112268 0.166579
v 0.025278 -0.112950 0.168751
v 0.049741 -0.100675 0.154832
v 0.054982 -0.096058 0.152804
v 0.053886 -0.083785 0.150679
v 0.068494 -0.100406 0.145014
v 0.064668 -0.096797 0.146652
v 0.048634 -0.107522 0.158723
v 0.041413 -0.108912 0.162821
v 0.048042 -0.081029 0.151104
v 0.064536 -0.083368 0.142911
v 0.082499 -0.069164 0.125533
v 0.090900 -0.072687 0.118708
v 0.020522 -0.119079 0.172429
v 0.004432 -0.121276 0.174651
v 0.026130 -0.140591 0.173172
v 0.032866 -0.128392 0.168342
v 0.196011 -0.571552 0.080694
v 0.171263 -0.571415 0.097406
v 0.188192 -0.501850 0.038343
v 0.186823 -0.503438 0.020554
v 0.189061 -0.528017 0.048932
v 0.189844 -0.474799 0.021846
v 0.190807 -0.461647 0.020090
v 0.190549 -0.468129 0.045373
v 0.190287 -0.471740 0.033497
v 0.190667 -0.466165 0.038122
v 0.191321 -0.454138 0.035167
v 0.166996 -0.115790 0.016460
v 0.165888 -0.110189 0.020037
v 0.168867 -0.125420 0.020763
v 0.164478 -0.114004 0.028745
v 0.171365 -0.134252 0.017486
v 0.174112 -0.143903 0.020687
v 0.135119 -0.066289 0.070286
v 0.130317 -0.070394 0.080385
v 0.133219 -0.082865 0.080608
v 0.132943 -0.076211 0.078052
v 0.129373 -0.078522 0.084708
v 0.138303 -0.081456 0.071402
v 0.125465 -0.082794 0.090690
v 0.115663 -0.080490 0.099785
v 0.120176 -0.085843 0.096606
v 0.112357 -0.085128 0.105547
v 0.146163 -0.077509 0.049158
v 0.149746 -0.084449 0.044573
v 0.153869 -0.091389 0.038510
v 0.155931 -0.100811 0.042208
v 0.156573 -0.096548 0.034830
v 0.019855 -0.459012 0.124131
v 0.010672 -0.415379 0.127663
v 0.031280 -0.421780 0.128439
v 0.020648 -0.416724 0.128183
v 0.007345 -0.395821 0.129336
v 0.012640 -0.407886 0.128414
v 0.027257 -0.374311 0.135715
v 0.011539 -0.347916 0.137616
v 0.018415 -0.333036 0.134464
v 0.192592 -0.436478 0.017510
v 0.193422 -0.426664 0.020443
v 0.192954 -0.424055 0.032238
v 0.193037 -0.429172 0.026209
v 0.194561 -0.413083 0.019106
v 0.195406 -0.398018 0.018061
v 0.196105 -0.388229 0.022285
v 0.196503 -0.378394 0.018432
v 0.197164 -0.369002 0.020320
v 0.198594 -0.349818 0.019498
v 0.199084 -0.340011 0.016811
v 0.198750 -0.330358 0.020275
v 0.197619 -0.321466 0.015662
v 0.197499 -0.306345 0.023502
v 0.073184 -0.475118 0.131926
v 0.055793 -0.457945 0.129870
v 0.015004 -0.510172 0.120629
v 0.015512 -0.519388 0.120705
v 0.017180 -0.528653 0.120413
v 0.016455 -0.539493 0.121456
v 0.055061 -0.534790 0.115210
v 0.044003 -0.516098 0.117826
v 0.064451 -0.509192 0.123915
v 0.056335 -0.511027 0.121191
v 0.062300 -0.516994 0.121232
v 0.068401 -0.525076 0.120574
v 0.072593 -0.516381 0.124712
v 0.056520 -0.499628 0.123905
v 0.050284 -0.504717 0.121125
v 0.047217 -0.496343 0.122181
v 0.050886 -0.542292 0.113585
v 0.054349 -0.558692 0.110756
v 0.058371 -0.542378 0.114044
v 0.046998 -0.532255 0.115158
v 0.081696 -0.565475 0.110865
v 0.095698 -0.563599 0.113604
v 0.089536 -0.566735 0.111201
v 0.072420 -0.562319 0.110820
v 0.119649 -0.578678 0.104420
v 0.116943 -0.564895 0.112699
v 0.109831 -0.564971 0.113286
v 0.123195 -0.567474 0.110304
v 0.124190 -0.550744 0.117044
v 0.127600 -0.559799 0.112794
v 0.117428 -0.555877 0.116628
v 0.114495 -0.545484 0.120915
v 0.132215 -0.554267 0.113529
v 0.138392 -0.537168 0.116395
v 0.132275 -0.545142 0.116346
v 0.140934 -0.545779 0.113402
v 0.129459 -0.537042 0.119413
v 0.165794 -0.530182 0.105005
v 0.138653 -0.477565 0.121621
v 0.158547 -0.531233 0.108738
v 0.131128 -0.510302 0.123528
v 0.147756 -0.540568 0.112085
v 0.153419 -0.548687 0.108348
v 0.128291 -0.523903 0.122885
v 0.146502 -0.549295 0.110907
v 0.149011 -0.557237 0.107544
v 0.126579 -0.530866 0.121990
v 0.135970 -0.528664 0.119107
v 0.147174 -0.529099 0.114219
v 0.141533 -0.562237 0.108254
v 0.161133 -0.556941 0.103979
v 0.137445 -0.518275 0.120165
v 0.155346 -0.554906 0.106163
v 0.169440 -0.561840 0.100227
v 0.140910 -0.576500 0.102245
v 0.161233 -0.574645 0.098622
v 0.189340 -0.254989 0.014023
v 0.190647 -0.245015 0.014905
v 0.193572 -0.283163 0.016133
v 0.189248 -0.225538 0.017211
v 0.187901 -0.207679 0.021421
v 0.015183 -0.223603 0.168290
v 0.010913 -0.254197 0.159370
v 0.014996 -0.236132 0.163406
v 0.016351 -0.301537 0.141141
v 0.024882 -0.166000 0.175021
v 0.005083 -0.160246 0.177416
v 0.020848 -0.182124 0.176393
v 0.023432 -0.174963 0.174286
v 0.032987 -0.168644 0.172311
v 0.019005 -0.159549 0.177437
v 0.024459 -0.151291 0.173921
v 0.005255 -0.179825 0.177212
v 0.005513 -0.199226 0.174032
v 0.009786 -0.208802 0.172851
v 0.178762 -0.161623 0.016908
v 0.176843 -0.152640 0.018376
v 0.185905 -0.198232 0.015071
v 0.185556 -0.192478 0.013663
v 0.186422 -0.199451 0.025273
v 0.186712 -0.205185 0.014242
v 0.183483 -0.194598 0.039856
v 0.187849 -0.210115 0.027996
v 0.185004 -0.198958 0.034822
v 0.186036 -0.193164 0.028030
v 0.064428 -0.107053 0.149962
v 0.071615 -0.091740 0.141601
v 0.064956 -0.089949 0.145492
v 0.069271 -0.079518 0.137480
v 0.073170 -0.070337 0.133055
v 0.091239 -0.084126 0.123306
v 0.021653 -0.135894 0.174072
v 0.035505 -0.140249 0.172390
v 0.187998 -0.510578 0.042575
v 0.186719 -0.525856 0.036879
v 0.186915 -0.534047 0.036490
v 0.188188 -0.540985 0.042233
v 0.188201 -0.552180 0.041549
v 0.186665 -0.554465 0.035354
v 0.188482 -0.533131 0.045086
v 0.187365 -0.546452 0.038324
v 0.189394 -0.546503 0.046017
v 0.191873 -0.550760 0.054338
v 0.191512 -0.446271 0.037585
v 0.191951 -0.440239 0.038635
v 0.167236 -0.122300 0.028713
v 0.165332 -0.127296 0.038672
v 0.168960 -0.128839 0.027680
v 0.168725 -0.133942 0.033843
v 0.171602 -0.144783 0.033179
v 0.173861 -0.143328 0.014461
v 0.138831 -0.076169 0.068601
v 0.137924 -0.090974 0.075877
v 0.143034 -0.083032 0.063851
v 0.107630 -0.081168 0.107943
v 0.149497 -0.095293 0.052947
v 0.020891 -0.424099 0.127659
v 0.013034 -0.386254 0.131658
v 0.005357 -0.405442 0.128266
v 0.020197 -0.404004 0.129285
v 0.032833 -0.403688 0.130405
v 0.014753 -0.366959 0.137390
v 0.016412 -0.320390 0.132925
v 0.016421 -0.342433 0.136896
v 0.193710 -0.408653 0.034493
v 0.195784 -0.385515 0.030329
v 0.195320 -0.392751 0.032033
v 0.193273 -0.399656 0.043100
v 0.192715 -0.407906 0.043629
v 0.194325 -0.394575 0.038653
v 0.190651 -0.403065 0.054470
v 0.192056 -0.403454 0.047972
v 0.194843 -0.388385 0.015866
v 0.196594 -0.365464 0.028009
v 0.193896 -0.372822 0.043110
v 0.195172 -0.370446 0.034784
v 0.194556 -0.361609 0.039631
v 0.194822 -0.379036 0.036782
v 0.193965 -0.350027 0.047662
v 0.190130 -0.364979 0.057339
v 0.195873 -0.375599 0.031874
v 0.192226 -0.360435 0.050871
v 0.197900 -0.349207 0.030710
v 0.198626 -0.328064 0.028604
v 0.198509 -0.335124 0.031232
v 0.195652 -0.341917 0.040713
v 0.198125 -0.342152 0.032903
v 0.196901 -0.311789 0.012761
v 0.196544 -0.302015 0.016975
v 0.195349 -0.296319 0.014525
v 0.197679 -0.303055 0.031939
v 0.195802 -0.294087 0.028696
v 0.198063 -0.313037 0.030338
v 0.193511 -0.277961 0.026081
v 0.194548 -0.287227 0.033973
v 0.194296 -0.284519 0.025208
v 0.197393 -0.321544 0.035128
v 0.192965 -0.270323 0.032740
v 0.189287 -0.321950 0.067298
v 0.193636 -0.324685 0.050668
v 0.194360 -0.333501 0.047132
v 0.195127 -0.325155 0.042427
v 0.194623 -0.310868 0.045168
v 0.194473 -0.318587 0.045661
v 0.191982 -0.313761 0.057587
v 0.196731 -0.314400 0.038428
v 0.196884 -0.306915 0.038788
v 0.196328 -0.299613 0.038632
v 0.191309 -0.298165 0.054845
v 0.194337 -0.300541 0.044284
v 0.190518 -0.274295 0.049756
v 0.193327 -0.284638 0.043488
v 0.192922 -0.274223 0.043171
v 0.191070 -0.289660 0.051696
v 0.185514 -0.285994 0.074019
v 0.188460 -0.290730 0.063299
v 0.190167 -0.292668 0.057230
v 0.189640 -0.285404 0.057741
v 0.186749 -0.273110 0.063561
v 0.188620 -0.278335 0.058883
v 0.188562 -0.268909 0.052494
v 0.187027 -0.280290 0.067659
v 0.184183 -0.273572 0.073288
v 0.162843 -0.279590 0.103799
v 0.173344 -0.274681 0.089059
v 0.178998 -0.271675 0.081290
v 0.179152 -0.282818 0.083376
v 0.182306 -0.277259 0.079480
v 0.177387 -0.277413 0.084814
v 0.057609 -0.481111 0.128083
v 0.045029 -0.466633 0.126851
v 0.053619 -0.527242 0.116787
v 0.049043 -0.552900 0.111948
v 0.063177 -0.563285 0.110115
v 0.064445 -0.554847 0.112121
v 0.098003 -0.573622 0.108998
v 0.097925 -0.529445 0.126087
v 0.087500 -0.520426 0.127053
v 0.156687 -0.525307 0.110184
v 0.130823 -0.517255 0.123127
v 0.110596 -0.513077 0.129243
v 0.120370 -0.517426 0.126333
v 0.118008 -0.526979 0.125434
v 0.112621 -0.520920 0.127691
v 0.101291 -0.519537 0.128930
v 0.108213 -0.529443 0.126228
v 0.106464 -0.523424 0.127840
v 0.103475 -0.539968 0.123186
v 0.103223 -0.533518 0.125232
v 0.141480 -0.523895 0.117506
v 0.148384 -0.501909 0.115836
v 0.148031 -0.513631 0.115637
v 0.163347 -0.562748 0.101841
v 0.173216 -0.545556 0.100051
v 0.188693 -0.226589 0.012760
v 0.189080 -0.216868 0.015394
v 0.188334 -0.221414 0.036264
v 0.007364 -0.218336 0.168672
v 0.017591 -0.269815 0.153459
v 0.021098 -0.278893 0.149227
v 0.009034 -0.281137 0.149598
v 0.017619 -0.260158 0.155232
v 0.027098 -0.259827 0.153944
v 0.026620 -0.302483 0.139712
v 0.008656 -0.301609 0.140959
v 0.015947 -0.211785 0.171103
v 0.015697 -0.205397 0.173864
v 0.025003 -0.197769 0.170871
v 0.022615 -0.191979 0.173040
v 0.055803 -0.199377 0.163664
v 0.033475 -0.195738 0.170174
v 0.033695 -0.203985 0.170060
v 0.044447 -0.184882 0.167845
v 0.033620 -0.184954 0.172866
v 0.180451 -0.199650 0.056888
v 0.182197 -0.195048 0.050339
v 0.086678 -0.128382 0.143196
v 0.068879 -0.123668 0.152560
v 0.065396 -0.115506 0.153052
v 0.058664 -0.122451 0.158194
v 0.073491 -0.118768 0.149090
v 0.091606 -0.078317 0.119947
v 0.099801 -0.082033 0.114162
v 0.083884 -0.092660 0.131753
v 0.041175 -0.128797 0.166072
v 0.042988 -0.118513 0.166378
v 0.187488 -0.507690 0.036811
v 0.189327 -0.515569 0.054241
v 0.190519 -0.553334 0.048462
v 0.192972 -0.539652 0.070685
v 0.193288 -0.557506 0.058340
v 0.192566 -0.562697 0.055973
v 0.193892 -0.549177 0.065672
v 0.191770 -0.422695 0.046594
v 0.192383 -0.424853 0.040127
v 0.192069 -0.434305 0.039710
v 0.188660 -0.437047 0.063360
v 0.190349 -0.440110 0.054227
v 0.190065 -0.431220 0.056264
v 0.188539 -0.453932 0.064548
v 0.190806 -0.425448 0.052782
v 0.188877 -0.445550 0.061731
v 0.191418 -0.413353 0.050032
v 0.186721 -0.442576 0.070391
v 0.190229 -0.448602 0.053203
v 0.185881 -0.450924 0.073385
v 0.170011 -0.471383 0.100261
v 0.178465 -0.459206 0.088970
v 0.182513 -0.453611 0.082467
v 0.161512 -0.120346 0.046392
v 0.175795 -0.149910 0.026712
v 0.174192 -0.161635 0.046558
v 0.177241 -0.160583 0.028997
v 0.173300 -0.154383 0.038252
v 0.179461 -0.163180 0.022928
v 0.177128 -0.155515 0.024513
v 0.172271 -0.141363 0.027092
v 0.140188 -0.087067 0.070515
v 0.136314 -0.085439 0.075653
v 0.132534 -0.091088 0.084534
v 0.129991 -0.085878 0.086525
v 0.125987 -0.115221 0.103744
v 0.138189 -0.106534 0.082728
v 0.136183 -0.098295 0.081078
v 0.128986 -0.102920 0.094972
v 0.144982 -0.102162 0.069854
v 0.134046 -0.102479 0.087867
v 0.130389 -0.096551 0.090281
v 0.132866 -0.109704 0.092538
v 0.140840 -0.097550 0.074230
v 0.141520 -0.103770 0.076533
v 0.143844 -0.111744 0.078244
v 0.147002 -0.109032 0.070754
v 0.153808 -0.111693 0.057306
v 0.150646 -0.111964 0.064804
v 0.139762 -0.120460 0.088695
v 0.145430 -0.120024 0.080352
v 0.139379 -0.113584 0.085454
v 0.135468 -0.116055 0.093126
v 0.150570 -0.153824 0.088010
v 0.157938 -0.137781 0.067563
v 0.146694 -0.136676 0.086628
v 0.153187 -0.127302 0.072136
v 0.154791 -0.121366 0.062400
v 0.144526 -0.127891 0.085871
v 0.149716 -0.121927 0.074399
v 0.150912 -0.137357 0.080872
v 0.154543 -0.142239 0.078497
v 0.154772 -0.134219 0.073301
v 0.148245 -0.126130 0.079668
v 0.111169 -0.077156 0.103109
v 0.152924 -0.095383 0.045528
v 0.148437 -0.088772 0.050720
v 0.146197 -0.090921 0.058360
v 0.145578 -0.096356 0.064349
v 0.149033 -0.103775 0.060705
v 0.148280 -0.098126 0.059039
v 0.018131 -0.428687 0.127316
v 0.026465 -0.433945 0.127286
v 0.022515 -0.443372 0.126244
v 0.057160 -0.424268 0.130688
v 0.044356 -0.427726 0.129040
v 0.048280 -0.442808 0.128973
v 0.046702 -0.411083 0.130334
v 0.041048 -0.441407 0.127944
v 0.050483 -0.435079 0.129040
v 0.064629 -0.448310 0.131145
v 0.060016 -0.432377 0.130479
v 0.056458 -0.440815 0.129881
v 0.054559 -0.448765 0.129867
v 0.079984 -0.404452 0.131752
v 0.063353 -0.413267 0.131639
v 0.065646 -0.440091 0.130744
v 0.085035 -0.423254 0.131332
v 0.076508 -0.422506 0.131273
v 0.018143 -0.390566 0.131252
v 0.007114 -0.376295 0.133990
v 0.007431 -0.366976 0.136871
v 0.016704 -0.356728 0.138904
v 0.009948 -0.360315 0.138388
v 0.016384 -0.314217 0.134470
v 0.008861 -0.319975 0.132998
v 0.012297 -0.328806 0.133234
v 0.009641 -0.338102 0.135046
v 0.197650 -0.355755 0.027676
v 0.199651 -0.346157 0.025028
v 0.191265 -0.263177 0.033669
v 0.190557 -0.249599 0.041466
v 0.190150 -0.256460 0.038878
v 0.189386 -0.255984 0.027984
v 0.187066 -0.257169 0.055720
v 0.189283 -0.259817 0.046589
v 0.191202 -0.332397 0.059959
v 0.193429 -0.341476 0.051767
v 0.191243 -0.341531 0.062461
v 0.184133 -0.355711 0.074513
v 0.189318 -0.350186 0.067623
v 0.193702 -0.279509 0.039890
v 0.192576 -0.269552 0.039602
v 0.183583 -0.311582 0.079008
v 0.173169 -0.283145 0.091427
v 0.047960 -0.481006 0.125591
v 0.054279 -0.489882 0.125574
v 0.050776 -0.473420 0.127454
v 0.069583 -0.491748 0.129628
v 0.065044 -0.500116 0.126191
v 0.061867 -0.468715 0.130259
v 0.042429 -0.474079 0.125345
v 0.073853 -0.499411 0.129448
v 0.064241 -0.475031 0.130232
v 0.054148 -0.465793 0.128974
v 0.072388 -0.507175 0.127082
v 0.072547 -0.483360 0.131499
v 0.088510 -0.491357 0.132298
v 0.079236 -0.490038 0.132068
v 0.081849 -0.497889 0.131273
v 0.095954 -0.505028 0.131213
v 0.087784 -0.503401 0.131004
v 0.086580 -0.511989 0.129085
v 0.093550 -0.497579 0.131797
v 0.113615 -0.476781 0.130225
v 0.101544 -0.482265 0.132166
v 0.096240 -0.490632 0.132127
v 0.085998 -0.478563 0.132698
v 0.091507 -0.481909 0.132715
v 0.079747 -0.512377 0.127789
v 0.094053 -0.515733 0.129256
v 0.077826 -0.475860 0.132296
v 0.076169 -0.544121 0.116818
v 0.056524 -0.551752 0.112068
v 0.101963 -0.568213 0.111780
v 0.164547 -0.540442 0.104806
v 0.158139 -0.543498 0.107493
v 0.163688 -0.548750 0.104512
v 0.120368 -0.505395 0.127329
v 0.112134 -0.537693 0.123720
v 0.104357 -0.550181 0.119914
v 0.171526 -0.505161 0.101029
v 0.145744 -0.508430 0.116967
v 0.133717 -0.492371 0.123410
v 0.135335 -0.504587 0.121982
v 0.141558 -0.499828 0.119364
v 0.127801 -0.501662 0.125019
v 0.147974 -0.482519 0.116410
v 0.124061 -0.487339 0.127335
v 0.128064 -0.493873 0.125621
v 0.117779 -0.495498 0.128778
v 0.105953 -0.496465 0.131047
v 0.150115 -0.521677 0.113910
v 0.187972 -0.211174 0.013274
v 0.189670 -0.221335 0.022748
v 0.188668 -0.227429 0.031289
v 0.039954 -0.243649 0.155725
v 0.030885 -0.294598 0.143276
v 0.181787 -0.188597 0.043082
v 0.178538 -0.189179 0.054751
v 0.184001 -0.205789 0.048234
v 0.062803 -0.146652 0.159619
v 0.073765 -0.108466 0.148163
v 0.085502 -0.105614 0.135970
v 0.079252 -0.105050 0.140975
v 0.083058 -0.112199 0.140730
v 0.081858 -0.099250 0.134690
v 0.078036 -0.093959 0.138116
v 0.082561 -0.117964 0.142431
v 0.095003 -0.114529 0.132472
v 0.088871 -0.111425 0.136187
v 0.089459 -0.118027 0.136894
v 0.049634 -0.125416 0.161978
v 0.050275 -0.138547 0.165605
v 0.052191 -0.119768 0.161133
v 0.057507 -0.131026 0.162829
v 0.046448 -0.113494 0.162318
v 0.187608 -0.519509 0.042609
v 0.192435 -0.543772 0.059129
v 0.190975 -0.536148 0.055921
v 0.189746 -0.523949 0.054433
v 0.192774 -0.542445 0.065484
v 0.192259 -0.535935 0.064080
v 0.190849 -0.522209 0.069592
v 0.191698 -0.528600 0.064998
v 0.193592 -0.551002 0.078117
v 0.193410 -0.558366 0.082498
v 0.195002 -0.557389 0.072011
v 0.194708 -0.558185 0.065189
v 0.190151 -0.551156 0.085901
v 0.195491 -0.563210 0.073310
v 0.189571 -0.464544 0.057947
v 0.190840 -0.458102 0.046003
v 0.190388 -0.462637 0.050943
v 0.163624 -0.121645 0.040245
v 0.162998 -0.130618 0.050083
v 0.178983 -0.171466 0.035945
v 0.181570 -0.174109 0.028839
v 0.180512 -0.179930 0.036682
v 0.182885 -0.184668 0.032036
v 0.169663 -0.146519 0.044575
v 0.175481 -0.162032 0.038093
v 0.156326 -0.117201 0.056313
v 0.155330 -0.106535 0.049760
v 0.152306 -0.100537 0.050360
v 0.159606 -0.125068 0.055349
v 0.160137 -0.133207 0.059247
v 0.156641 -0.130728 0.066040
v 0.165049 -0.144864 0.057774
v 0.164681 -0.137872 0.053333
v 0.161953 -0.139539 0.061085
v 0.167387 -0.143499 0.050501
v 0.120059 -0.069605 0.091675
v 0.035121 -0.450185 0.126497
v 0.045232 -0.451667 0.128295
v 0.030115 -0.443731 0.126563
v 0.038172 -0.459364 0.126191
v 0.047265 -0.460065 0.128002
v 0.028557 -0.455718 0.124973
v 0.036743 -0.384869 0.133554
v 0.018583 -0.372108 0.135944
v 0.016733 -0.351103 0.138697
v 0.031709 -0.358287 0.139441
v 0.024354 -0.365073 0.138240
v 0.009473 -0.354081 0.138599
v 0.006574 -0.329190 0.133258
v 0.017607 -0.326124 0.133261
v 0.188990 -0.237582 0.029784
v 0.185921 -0.262591 0.061232
v 0.188114 -0.359811 0.066038
v 0.188828 -0.301390 0.067205
v 0.179937 -0.294852 0.082439
v 0.102042 -0.511089 0.130342
v 0.108263 -0.504870 0.130269
v 0.112297 -0.499339 0.129944
v 0.102060 -0.501766 0.131231
v 0.070446 -0.548157 0.114601
v 0.088582 -0.539802 0.121379
v 0.087883 -0.530409 0.124372
v 0.093441 -0.534878 0.123854
v 0.080445 -0.534882 0.120835
v 0.070084 -0.534330 0.118216
v 0.084505 -0.546754 0.117937
v 0.172062 -0.536064 0.101097
v 0.180443 -0.539996 0.095666
v 0.178151 -0.520005 0.096696
v 0.173754 -0.527632 0.100052
v 0.177630 -0.532403 0.097115
v 0.168054 -0.514574 0.103648
v 0.173046 -0.520742 0.100479
v 0.170592 -0.553075 0.100934
v 0.177484 -0.558484 0.097184
v 0.183775 -0.553136 0.092774
v 0.183237 -0.561995 0.093381
v 0.181554 -0.546279 0.094415
v 0.187885 -0.555294 0.089646
v 0.176645 -0.550628 0.097699
v 0.117447 -0.511500 0.127866
v 0.111632 -0.551807 0.119096
v 0.107801 -0.544867 0.121779
v 0.100345 -0.557151 0.117108
v 0.093058 -0.549294 0.118914
v 0.086392 -0.557372 0.114565
v 0.158937 -0.490433 0.109276
v 0.153645 -0.468799 0.113018
v 0.114510 -0.486295 0.129780
v 0.108486 -0.482075 0.131031
v 0.099218 -0.469009 0.132792
v 0.105436 -0.474349 0.131846
v 0.111616 -0.492366 0.130179
v 0.187831 -0.219878 0.044921
v 0.189081 -0.229587 0.022612
v 0.029648 -0.244662 0.158647
v 0.040645 -0.254265 0.153035
v 0.033570 -0.237504 0.158330
v 0.023253 -0.238870 0.160262
v 0.024555 -0.232664 0.162721
v 0.031104 -0.224561 0.164457
v 0.033611 -0.253642 0.155304
v 0.040666 -0.235275 0.156956
v 0.030052 -0.213960 0.165692
v 0.023485 -0.220187 0.166120
v 0.061384 -0.240550 0.149051
v 0.050376 -0.228965 0.155869
v 0.050391 -0.239970 0.153263
v 0.053782 -0.216237 0.157856
v 0.024915 -0.297162 0.142411
v 0.049749 -0.285941 0.142578
v 0.028421 -0.286161 0.145966
v 0.039539 -0.287021 0.144122
v 0.170712 -0.173536 0.062658
v 0.172419 -0.193156 0.069328
v 0.184872 -0.202649 0.041418
v 0.057532 -0.144277 0.163126
v 0.073610 -0.134452 0.155198
v 0.064684 -0.130851 0.157190
v 0.068199 -0.142051 0.156276
v 0.082434 -0.162984 0.149679
v 0.076674 -0.144646 0.153066
v 0.081709 -0.135142 0.149615
v 0.078276 -0.124104 0.148186
v 0.084941 -0.141306 0.146376
v 0.190538 -0.520550 0.061704
v 0.193458 -0.546065 0.072129
v 0.186355 -0.467995 0.074668
v 0.186846 -0.459318 0.071524
v 0.183960 -0.460882 0.079441
v 0.188617 -0.463791 0.064939
v 0.189002 -0.488294 0.066468
v 0.189424 -0.477556 0.059745
v 0.189397 -0.471111 0.060910
v 0.187972 -0.475951 0.069608
v 0.190069 -0.472884 0.052348
v 0.189805 -0.487401 0.047191
v 0.190223 -0.478110 0.042992
v 0.189800 -0.480046 0.035399
v 0.189970 -0.480767 0.052032
v 0.189881 -0.485975 0.058900
v 0.189893 -0.493075 0.053879
v 0.189572 -0.506477 0.058252
v 0.190129 -0.511778 0.067387
v 0.189793 -0.491618 0.061022
v 0.189265 -0.495338 0.045786
v 0.190033 -0.511240 0.061314
v 0.189230 -0.490037 0.039989
v 0.189973 -0.484042 0.040462
v 0.165060 -0.131647 0.043587
v 0.171945 -0.153959 0.046779
v 0.167989 -0.159512 0.061499
v 0.171855 -0.158362 0.053405
v 0.168810 -0.151126 0.054230
v 0.171704 -0.166242 0.057371
v 0.176837 -0.174264 0.052123
v 0.171424 -0.148732 0.038325
v 0.169171 -0.142545 0.039342
v 0.118898 -0.075941 0.094590
v 0.037528 -0.467565 0.125161
v 0.052954 -0.401344 0.131643
v 0.072539 -0.391618 0.134679
v 0.033869 -0.379219 0.134841
v 0.024318 -0.355054 0.139480
v 0.032048 -0.349501 0.139587
v 0.034372 -0.336861 0.137025
v 0.035703 -0.343459 0.138724
v 0.027031 -0.341465 0.137732
v 0.027160 -0.334840 0.135833
v 0.190272 -0.243397 0.039832
v 0.190112 -0.248972 0.034076
v 0.189781 -0.246308 0.024869
v 0.187020 -0.268305 0.058737
v 0.187358 -0.262786 0.054378
v 0.184296 -0.267083 0.067314
v 0.180601 -0.379327 0.080584
v 0.186001 -0.294772 0.072199
v 0.183615 -0.291567 0.077731
v 0.186428 -0.300771 0.073786
v 0.188962 -0.311529 0.070464
v 0.191297 -0.309295 0.060433
v 0.193235 -0.307724 0.051468
v 0.082249 -0.525216 0.124492
v 0.163903 -0.522343 0.106350
v 0.154897 -0.510740 0.112029
v 0.098773 -0.545175 0.121250
v 0.093752 -0.555432 0.116589
v 0.152346 -0.491397 0.113421
v 0.156635 -0.504969 0.110933
v 0.156304 -0.483766 0.111135
v 0.165718 -0.501281 0.104993
v 0.175120 -0.487981 0.096713
v 0.168693 -0.492213 0.102761
v 0.175070 -0.496807 0.097604
v 0.168227 -0.481732 0.102444
v 0.163152 -0.486856 0.106455
v 0.181287 -0.507846 0.091815
v 0.170553 -0.486903 0.100714
v 0.177106 -0.504078 0.096200
v 0.175387 -0.512397 0.098321
v 0.188324 -0.233073 0.044956
v 0.183534 -0.236896 0.064686
v 0.187657 -0.236711 0.051346
v 0.189356 -0.238887 0.044709
v 0.189336 -0.246078 0.049451
v 0.187695 -0.228531 0.049664
v 0.180844 -0.217366 0.062539
v 0.185215 -0.231643 0.058058
v 0.185517 -0.221024 0.054763
v 0.181216 -0.226900 0.067712
v 0.182753 -0.223776 0.061333
v 0.185425 -0.210276 0.044025
v 0.181639 -0.209561 0.057144
v 0.175497 -0.206970 0.071175
v 0.178589 -0.210575 0.064774
v 0.177151 -0.203097 0.064258
v 0.176328 -0.218275 0.074282
v 0.176290 -0.195744 0.062994
v 0.174184 -0.200017 0.070563
v 0.168496 -0.198448 0.079848
v 0.042318 -0.270507 0.148948
v 0.051997 -0.277444 0.145061
v 0.062832 -0.258557 0.146328
v 0.047897 -0.248577 0.153124
v 0.048643 -0.256574 0.151127
v 0.054451 -0.247436 0.151375
v 0.056186 -0.235582 0.151311
v 0.067056 -0.231174 0.147107
v 0.043509 -0.209431 0.162261
v 0.038482 -0.294535 0.142655
v 0.095365 -0.153527 0.141509
v 0.105379 -0.134828 0.129268
v 0.103590 -0.123735 0.128056
v 0.190346 -0.516714 0.073752
v 0.189331 -0.486388 0.033970
v 0.175119 -0.181449 0.059154
v 0.173774 -0.188492 0.063001
v 0.169479 -0.183669 0.071759
v 0.178440 -0.174275 0.043803
v 0.175608 -0.168577 0.047776
v 0.045978 -0.387632 0.133152
v 0.064798 -0.396119 0.133634
v 0.043475 -0.364841 0.138898
v 0.033416 -0.365791 0.138268
v 0.186057 -0.372994 0.069361
v 0.190730 -0.372293 0.056105
v 0.193101 -0.382939 0.047079
v 0.192080 -0.397001 0.049176
v 0.182543 -0.484531 0.086115
v 0.182514 -0.470148 0.083692
v 0.183623 -0.493931 0.085824
v 0.180271 -0.498202 0.091736
v 0.179815 -0.491407 0.091624
v 0.186792 -0.488861 0.077036
v 0.187537 -0.482714 0.073041
v 0.185423 -0.475806 0.077832
v 0.185164 -0.482752 0.079482
v 0.174901 -0.478502 0.095859
v 0.178821 -0.479040 0.091074
v 0.178421 -0.466411 0.089825
v 0.172024 -0.461571 0.097689
v 0.174607 -0.469597 0.095085
v 0.162438 -0.474153 0.106704
v 0.161071 -0.480543 0.107884
v 0.186193 -0.242099 0.058354
v 0.183940 -0.250495 0.072078
v 0.184927 -0.244645 0.066613
v 0.185903 -0.253108 0.062599
v 0.183997 -0.258628 0.069140
v 0.186762 -0.249145 0.057608
v 0.189850 -0.253239 0.045881
v 0.179626 -0.220662 0.068575
v 0.128257 -0.206947 0.118106
v 0.071311 -0.215258 0.150480
v 0.087377 -0.145840 0.145367
v 0.085094 -0.155652 0.148790
v 0.092070 -0.131125 0.141150
v 0.096015 -0.141768 0.139679
v 0.178261 -0.183072 0.052743
v 0.168744 -0.189987 0.075891
v 0.170643 -0.179819 0.065513
v 0.176144 -0.167629 0.041036
v 0.058975 -0.389803 0.134190
v 0.054105 -0.373099 0.136361
v 0.054342 -0.380964 0.134835
v 0.065414 -0.379884 0.135416
v 0.187709 -0.366721 0.064568
v 0.183619 -0.365086 0.073472
v 0.189080 -0.373212 0.061809
v 0.176140 -0.366732 0.086818
v 0.182357 -0.372444 0.076493
v 0.179865 -0.365472 0.080122
v 0.181414 -0.463545 0.084981
v 0.188425 -0.501683 0.076318
v 0.185295 -0.502749 0.085117
v 0.189915 -0.502380 0.066846
v 0.185432 -0.509352 0.085898
v 0.183545 -0.516622 0.090487
v 0.189064 -0.527630 0.082972
v 0.190311 -0.523334 0.076824
v 0.185129 -0.533272 0.090037
v 0.191718 -0.531990 0.075178
v 0.188822 -0.495539 0.071220
v 0.189559 -0.506799 0.072385
v 0.184110 -0.525603 0.090500
v 0.191309 -0.540333 0.080616
v 0.179715 -0.527226 0.095296
v 0.190459 -0.534373 0.081433
v 0.171534 -0.441684 0.097121
v 0.167240 -0.475873 0.103078
v 0.159550 -0.458422 0.108811
v 0.175401 -0.237765 0.082590
v 0.180838 -0.242210 0.075779
v 0.179400 -0.233427 0.074628
v 0.177790 -0.225799 0.075575
v 0.149548 -0.198742 0.101176
v 0.063524 -0.222757 0.151071
v 0.060938 -0.208523 0.156588
v 0.094067 -0.195400 0.140791
v 0.068029 -0.192493 0.156327
v 0.063664 -0.198084 0.157816
v 0.092847 -0.124682 0.139189
v 0.087142 -0.135587 0.143545
v 0.099520 -0.132010 0.135727
v 0.059962 -0.355963 0.140143
v 0.051338 -0.357650 0.139870
v 0.055068 -0.363760 0.138947
v 0.039234 -0.359874 0.139617
v 0.069094 -0.373214 0.136586
v 0.054201 -0.346885 0.140104
v 0.037820 -0.353039 0.140091
v 0.062847 -0.362331 0.139755
v 0.186770 -0.495639 0.079338
v 0.187377 -0.520342 0.084848
v 0.184929 -0.539239 0.091497
v 0.173467 -0.451630 0.095233
v 0.158907 -0.466622 0.109508
v 0.165216 -0.467412 0.104512
v 0.166343 -0.453704 0.102926
v 0.157828 -0.194991 0.090368
v 0.076763 -0.209501 0.148704
v 0.068659 -0.208874 0.152343
v 0.064324 -0.185154 0.159243
v 0.081311 -0.376130 0.134822
v 0.174740 -0.457554 0.094129
v 0.178171 -0.452062 0.088938
v 0.169045 -0.447704 0.099929
v 0.154778 -0.433519 0.111383
v 0.160007 -0.438042 0.107473
v 0.165257 -0.440920 0.102869
v 0.170201 -0.407470 0.098249
v 0.163817 -0.420986 0.105359
v 0.160496 -0.428544 0.107579
v 0.168916 -0.430178 0.100218
v 0.165333 -0.426928 0.103656
v 0.162891 -0.192782 0.084585
v 0.080009 -0.203919 0.148303
v 0.058665 -0.192467 0.161583
v 0.048613 -0.190879 0.164758
v 0.054393 -0.183571 0.165695
v 0.160864 -0.451400 0.107435
v 0.178888 -0.432734 0.087485
v 0.184394 -0.433765 0.076710
v 0.184751 -0.439445 0.075550
v 0.181950 -0.438426 0.082575
v 0.177232 -0.440581 0.090075
v 0.187607 -0.421215 0.067135
v 0.174096 -0.434199 0.094163
v 0.175150 -0.445924 0.092911
v 0.188951 -0.426131 0.061690
v 0.186672 -0.431429 0.070183
v 0.187188 -0.406280 0.067706
v 0.190030 -0.410909 0.057432
v 0.045810 -0.172116 0.167580
v 0.060463 -0.177638 0.164814
v 0.067045 -0.173806 0.158933
v 0.067586 -0.178486 0.158094
v 0.074840 -0.185725 0.153556
v 0.073713 -0.165870 0.155876
v 0.061353 -0.162793 0.163403
v 0.068595 -0.157369 0.158081
v 0.066858 -0.163782 0.158288
v 0.048523 -0.159891 0.167466
v 0.182136 -0.416630 0.080815
v 0.184342 -0.425646 0.075887
v 0.185025 -0.415845 0.074052
v 0.181420 -0.427394 0.082930
v 0.174243 -0.420246 0.094063
v 0.175484 -0.427350 0.092404
v 0.178451 -0.422003 0.087884
v 0.178138 -0.409709 0.087484
v 0.177174 -0.415800 0.089561
v 0.173893 -0.410434 0.093885
v 0.182185 -0.397511 0.078884
v 0.181124 -0.404719 0.081631
v 0.184618 -0.407023 0.074301
v 0.175874 -0.391341 0.090119
v 0.174083 -0.403570 0.092901
v 0.179137 -0.399426 0.085256
v 0.178597 -0.384173 0.085227
v 0.188946 -0.406593 0.061486
v 0.186328 -0.391983 0.069432
v 0.186416 -0.384939 0.069423
v 0.189909 -0.388537 0.059487
v 0.183214 -0.387732 0.076238
v 0.188390 -0.379845 0.064702
v 0.190449 -0.394734 0.056541
v 0.044403 -0.177271 0.168640
v 0.091104 -0.177589 0.143326
v 0.041058 -0.163980 0.171351
v 0.047336 -0.152419 0.166962
v 0.043060 -0.145029 0.169015
v 0.057363 -0.152382 0.165568
v 0.169696 -0.375277 0.097397
v 0.083290 -0.179031 0.150008
v 0.172875 -0.386819 0.094674
v 0.172166 -0.367420 0.092823
v 0.166824 -0.367805 0.099665
v 0.174958 -0.377897 0.090278
v 0.178740 -0.373144 0.083302
v 0.083348 -0.186016 0.147914
v 0.085948 -0.169662 0.148151
v 0.094931 -0.161579 0.142341
v 0.151757 -0.391225 0.114185
v 0.167553 -0.395677 0.100943
v 0.085361 -0.198378 0.145955
v 0.095834 -0.187490 0.141249
v 0.107936 -0.186237 0.132095
v 0.101623 -0.196910 0.135785
v 0.158129 -0.379114 0.109350
v 0.171757 -0.393417 0.095990
v 0.164408 -0.384883 0.104622
v 0.107471 -0.212766 0.130863
v 0.092977 -0.209905 0.139818
v 0.108872 -0.177387 0.130243
v 0.100837 -0.180312 0.137073
v 0.104346 -0.172744 0.135287
v 0.109334 -0.169400 0.130150
v 0.133929 -0.176607 0.110459
v 0.122152 -0.180485 0.122513
v 0.114136 -0.171307 0.126410
v 0.116035 -0.182943 0.126422
v 0.129163 -0.191430 0.115801
v 0.121705 -0.189166 0.121885
v 0.123799 -0.196120 0.121381
v 0.127939 -0.181391 0.116762
v 0.134499 -0.185565 0.110421
v 0.133732 -0.148729 0.106811
v 0.130912 -0.164635 0.111046
v 0.138951 -0.196128 0.108854
v 0.148827 -0.180749 0.097282
v 0.121065 -0.160041 0.122415
v 0.134479 -0.191660 0.111336
v 0.141642 -0.180835 0.105009
v 0.141993 -0.188852 0.106134
v 0.144095 -0.167180 0.100429
v 0.145027 -0.194685 0.104975
v 0.151952 -0.190165 0.097296
v 0.140466 -0.172998 0.105700
v 0.146601 -0.174070 0.099495
v 0.157435 -0.172009 0.085182
v 0.152049 -0.174880 0.091718
v 0.164896 -0.172904 0.074106
v 0.137527 -0.166296 0.106335
v 0.138427 -0.159368 0.104389
v 0.156045 -0.184039 0.089573
v 0.150475 -0.164461 0.090593
v 0.149144 -0.169450 0.094586
v 0.164527 -0.375996 0.103449
v 0.155686 -0.359597 0.111276
v 0.158505 -0.368282 0.107871
v 0.169310 -0.382268 0.099202
v 0.156982 -0.393928 0.109967
v 0.109204 -0.196900 0.129645
v 0.120517 -0.215514 0.123283
v 0.146776 -0.185832 0.101300
v 0.161313 -0.216650 0.093044
v 0.158818 -0.205721 0.093046
v 0.169630 -0.221927 0.085316
v 0.163197 -0.201139 0.086816
v 0.174335 -0.221841 0.079815
v 0.173029 -0.229586 0.083609
v 0.165315 -0.210207 0.087038
v 0.171545 -0.213915 0.080718
v 0.165891 -0.216786 0.087686
v 0.174628 -0.212232 0.074667
v 0.170276 -0.204992 0.080272
v 0.165322 -0.179752 0.077776
v 0.161366 -0.174736 0.080379
v 0.152250 -0.185075 0.094464
v 0.159313 -0.160723 0.079858
v 0.161956 -0.167589 0.078783
v 0.165433 -0.164678 0.069582
v 0.167061 -0.170832 0.067953
v 0.162093 -0.154690 0.070401
v 0.164689 -0.151650 0.062762
v 0.164438 -0.159309 0.067510
v 0.160492 -0.145999 0.069058
v 0.157648 -0.141790 0.072612
v 0.157773 -0.149979 0.076960
v 0.152977 -0.147992 0.083366
v 0.159103 -0.155631 0.076547
v 0.146814 -0.158220 0.094091
v 0.162836 -0.360673 0.104809
v 0.151732 -0.409528 0.113572
v 0.152095 -0.421741 0.113668
v 0.155148 -0.426998 0.111168
v 0.162590 -0.401231 0.105360
v 0.100939 -0.205957 0.136301
v 0.115414 -0.203026 0.126302
v 0.122283 -0.239622 0.121978
v 0.126156 -0.202120 0.120538
v 0.149943 -0.212765 0.103705
v 0.160398 -0.180606 0.084184
v 0.153710 -0.159736 0.085923
v 0.157030 -0.165526 0.084423
v 0.153938 -0.400149 0.112448
v 0.166730 -0.401977 0.101490
v 0.163630 -0.412139 0.105039
v 0.158514 -0.410839 0.108934
v 0.155123 -0.415669 0.111307
v 0.168467 -0.389191 0.100443
v 0.117153 -0.225805 0.124452
v 0.156158 -0.211626 0.098229
v 0.118498 -0.220017 0.124488
v 0.127338 -0.224225 0.119878
v 0.106525 -0.100321 0.116538
v 0.083201 -0.083989 0.128891
v 0.028403 -0.319286 0.133817
v 0.033730 -0.327635 0.134671
v 0.032980 -0.310124 0.136351
v 0.027671 -0.325355 0.133672
v 0.044388 -0.331314 0.136913
v 0.044304 -0.338617 0.138461
v 0.027112 -0.313129 0.135125
v 0.039206 -0.318751 0.135106
v 0.044588 -0.323791 0.135795
v 0.073728 -0.315880 0.138393
v 0.053610 -0.308195 0.137578
v 0.047971 -0.299711 0.140130
v 0.060524 -0.321340 0.135800
v 0.048005 -0.315099 0.136098
v 0.053532 -0.325222 0.136576
v 0.056328 -0.315325 0.135837
v 0.064905 -0.315534 0.137252
v 0.070968 -0.302854 0.138227
v 0.069774 -0.310122 0.138180
v 0.061894 -0.307359 0.137679
v 0.044491 -0.307292 0.137938
v 0.046965 -0.344228 0.139810
v 0.060587 -0.336324 0.138449
v 0.059410 -0.331840 0.137236
v 0.033568 -0.316020 0.134466
v 0.046231 -0.292521 0.141790
v 0.057933 -0.293788 0.140483
v 0.056192 -0.301252 0.138914
v 0.063223 -0.298730 0.139448
v 0.039856 -0.312078 0.136117
v 0.068278 -0.323123 0.137132
v 0.061833 -0.326641 0.136313
v 0.078850 -0.344972 0.139194
v 0.073183 -0.355819 0.140116
v 0.069533 -0.337625 0.139706
v 0.062925 -0.343201 0.139610
v 0.096283 -0.325378 0.136670
v 0.066274 -0.331274 0.138046
v 0.067374 -0.352371 0.140377
v 0.071849 -0.344278 0.139736
v 0.083039 -0.323974 0.136650
v 0.076832 -0.321549 0.137500
v 0.075333 -0.329927 0.138550
v 0.078101 -0.338604 0.139619
v 0.097063 -0.342239 0.136519
v 0.086662 -0.341701 0.137898
v 0.089628 -0.357830 0.137049
v 0.082205 -0.351282 0.138092
v 0.093487 -0.333662 0.136808
v 0.084465 -0.332392 0.137908
v 0.092428 -0.349562 0.137258
v 0.080833 -0.361122 0.138594
v 0.089084 -0.326606 0.136100
v 0.074042 -0.361164 0.139943
v 0.087626 -0.371104 0.135167
v 0.195705 -0.348808 0.038527
v 0.190736 -0.326731 0.061250
v 0.027053 -0.204024 0.170258
v 0.089284 -0.090194 0.127166
v 0.089378 -0.099727 0.130226
v 0.098619 -0.104032 0.124857
v 0.093129 -0.106008 0.132332
v 0.099749 -0.098188 0.119875
v 0.104322 -0.106119 0.120537
v 0.132780 -0.133713 0.104174
v 0.134492 -0.125004 0.098178
v 0.140117 -0.132730 0.094627
v 0.139811 -0.126626 0.091377
v 0.135914 -0.130431 0.099246
v 0.138950 -0.144241 0.099749
v 0.144491 -0.150124 0.095534
v 0.144056 -0.142741 0.092023
v 0.140558 -0.138762 0.096492
v 0.147729 -0.147869 0.089386
v 0.080880 -0.451244 0.132703
v 0.076251 -0.428390 0.131161
v 0.070587 -0.425520 0.131382
v 0.078634 -0.437972 0.131217
v 0.083685 -0.411970 0.131627
v 0.087542 -0.405209 0.131841
v 0.083745 -0.387442 0.133396
v 0.092510 -0.384997 0.134128
v 0.122858 -0.400658 0.126449
v 0.105973 -0.401328 0.131276
v 0.095551 -0.401984 0.132472
v 0.098843 -0.416372 0.131997
v 0.092089 -0.412445 0.131941
v 0.100265 -0.394790 0.134014
v 0.099993 -0.408537 0.131386
v 0.094415 -0.393231 0.133949
v 0.112153 -0.412666 0.128703
v 0.114297 -0.400240 0.129151
v 0.074510 -0.433764 0.131091
v 0.099984 -0.449006 0.132672
v 0.089459 -0.449602 0.133152
v 0.113762 -0.459446 0.130301
v 0.107844 -0.465938 0.131677
v 0.117700 -0.466851 0.129621
v 0.104418 -0.457295 0.132161
v 0.124629 -0.476070 0.127440
v 0.132163 -0.480492 0.124685
v 0.136319 -0.456144 0.123498
v 0.148873 -0.445254 0.115619
v 0.154941 -0.452953 0.111895
v 0.149642 -0.462702 0.115804
v 0.119795 -0.477747 0.128826
v 0.127616 -0.452702 0.127034
v 0.125332 -0.468109 0.127582
v 0.084436 -0.431689 0.131178
v 0.094939 -0.436425 0.131728
v 0.096354 -0.428238 0.131821
v 0.094599 -0.443949 0.132449
v 0.107000 -0.437044 0.130202
v 0.101750 -0.442104 0.131548
v 0.112185 -0.447990 0.130229
v 0.089730 -0.427883 0.131625
v 0.107391 -0.431489 0.130087
v 0.112570 -0.425862 0.128554
v 0.104047 -0.425244 0.131071
v 0.106417 -0.451088 0.131669
v 0.108587 -0.419084 0.129741
v 0.110109 -0.393180 0.131508
v 0.088919 -0.459866 0.133243
v 0.087702 -0.469964 0.132870
v 0.095949 -0.456207 0.133345
v 0.093129 -0.466557 0.133056
v 0.079201 -0.463737 0.132669
v 0.099462 -0.462241 0.132979
v 0.144714 -0.471621 0.118690
v 0.135650 -0.466775 0.123584
v 0.131396 -0.472902 0.124919
v 0.093474 -0.421519 0.132419
v 0.105218 -0.413643 0.130548
v 0.062838 -0.454644 0.131016
v 0.148962 -0.475326 0.115881
v 0.143200 -0.459652 0.119802
v 0.132129 -0.461029 0.125373
v 0.074760 -0.458505 0.132268
v 0.168706 -0.277694 0.096751
v 0.166060 -0.253462 0.098816
v 0.164607 -0.271294 0.099979
v 0.174049 -0.259483 0.087748
v 0.163474 -0.237974 0.096179
v 0.174364 -0.267078 0.086443
v 0.178453 -0.261188 0.080980
v 0.170053 -0.269296 0.093020
v 0.178234 -0.250706 0.082541
v 0.169262 -0.235856 0.089086
v 0.181751 -0.256289 0.075953
v 0.169478 -0.258985 0.095051
v 0.169967 -0.246941 0.091373
v 0.172526 -0.252989 0.089959
v 0.181290 -0.247839 0.077528
v 0.163814 -0.228806 0.093519
v 0.167605 -0.241199 0.092092
v 0.163449 -0.246105 0.098719
v 0.167983 -0.229293 0.088650
v 0.144511 -0.240074 0.109841
v 0.152005 -0.251301 0.108506
v 0.154745 -0.240543 0.104588
v 0.159153 -0.250670 0.104436
v 0.156865 -0.260928 0.107657
v 0.160045 -0.241339 0.100573
v 0.154678 -0.222844 0.101177
v 0.159649 -0.222245 0.096072
v 0.157792 -0.231563 0.100847
v 0.147733 -0.229620 0.107234
v 0.153150 -0.228131 0.103807
v 0.149638 -0.236170 0.106882
v 0.146735 -0.220854 0.106481
v 0.138247 -0.212264 0.110729
v 0.136388 -0.225969 0.113589
v 0.144151 -0.214852 0.107823
v 0.140569 -0.222888 0.110259
v 0.132926 -0.215946 0.115369
v 0.140129 -0.232572 0.111576
v 0.130323 -0.233993 0.117618
v 0.122868 -0.231026 0.121547
v 0.137399 -0.245457 0.114812
v 0.131989 -0.240418 0.117566
v 0.176185 -0.290047 0.087225
v 0.180210 -0.288586 0.082040
v 0.165495 -0.319024 0.104617
v 0.171867 -0.302971 0.093916
v 0.175795 -0.298099 0.087800
v 0.170558 -0.293559 0.095711
v 0.178391 -0.314028 0.085885
v 0.166972 -0.285758 0.100727
v 0.162412 -0.307409 0.106227
v 0.147960 -0.289867 0.116152
v 0.166547 -0.303279 0.101067
v 0.174324 -0.317947 0.092808
v 0.170786 -0.321789 0.098109
v 0.156836 -0.287522 0.109720
v 0.161202 -0.285781 0.106241
v 0.180395 -0.301335 0.082046
v 0.183291 -0.297543 0.077653
v 0.182172 -0.320219 0.080487
v 0.184196 -0.334410 0.076123
v 0.188600 -0.332000 0.069164
v 0.185609 -0.326148 0.074846
v 0.187824 -0.340140 0.071140
v 0.182485 -0.344855 0.078546
v 0.179282 -0.353361 0.082996
v 0.170923 -0.349166 0.096929
v 0.167488 -0.337782 0.100913
v 0.174209 -0.356074 0.091130
v 0.175728 -0.346329 0.089708
v 0.178097 -0.335972 0.086273
v 0.172908 -0.337162 0.093975
v 0.164097 -0.349388 0.104881
v 0.180576 -0.329236 0.081804
v 0.174693 -0.328465 0.091545
v 0.159294 -0.349843 0.109360
v 0.147435 -0.335153 0.118751
v 0.154906 -0.348865 0.112834
v 0.178453 -0.323353 0.086195
v 0.159500 -0.342543 0.108973
v 0.186773 -0.318126 0.074160
v 0.185197 -0.347873 0.074541
v 0.162487 -0.333826 0.105645
v 0.159026 -0.325466 0.109808
v 0.155414 -0.333250 0.111963
v 0.151726 -0.341968 0.115348
v 0.066773 -0.278566 0.141797
v 0.049958 -0.263760 0.148767
v 0.056969 -0.273257 0.145386
v 0.071033 -0.264658 0.143352
v 0.061622 -0.266605 0.145613
v 0.068782 -0.272262 0.143155
v 0.077620 -0.278714 0.139445
v 0.081433 -0.247068 0.140934
v 0.068049 -0.253630 0.145587
v 0.067479 -0.284533 0.140729
v 0.057546 -0.285591 0.141340
v 0.074530 -0.254770 0.143458
v 0.076033 -0.237026 0.143446
v 0.096777 -0.265853 0.134982
v 0.073071 -0.246741 0.144838
v 0.068548 -0.237885 0.146648
v 0.087836 -0.259202 0.138231
v 0.081997 -0.254289 0.140133
v 0.079586 -0.262241 0.140564
v 0.087886 -0.267768 0.137777
v 0.101535 -0.247914 0.132202
v 0.097853 -0.256827 0.134423
v 0.084563 -0.275895 0.137866
v 0.108135 -0.260800 0.130118
v 0.088501 -0.252362 0.138129
v 0.094568 -0.274933 0.135959
v 0.104140 -0.274312 0.133420
v 0.106191 -0.267877 0.132114
v 0.125609 -0.262509 0.123857
v 0.114839 -0.248131 0.125303
v 0.127342 -0.248361 0.120458
v 0.111923 -0.240302 0.126143
v 0.135933 -0.254673 0.117696
v 0.114768 -0.233569 0.124525
v 0.133152 -0.262620 0.120854
v 0.141878 -0.250799 0.113154
v 0.145880 -0.269301 0.114599
v 0.142409 -0.263218 0.116217
v 0.148938 -0.261793 0.111927
v 0.101756 -0.231390 0.132768
v 0.153107 -0.257012 0.109413
v 0.106357 -0.233447 0.129782
v 0.107281 -0.220177 0.129873
v 0.091935 -0.234508 0.136524
v 0.110698 -0.229338 0.127633
v 0.096944 -0.241120 0.133882
v 0.084183 -0.237720 0.138895
v 0.104705 -0.239417 0.130125
v 0.093354 -0.224021 0.136951
v 0.124590 -0.275052 0.124901
v 0.100025 -0.217695 0.134674
v 0.088278 -0.213496 0.140997
v 0.079232 -0.218956 0.145802
v 0.121525 -0.267624 0.125669
v 0.115241 -0.274117 0.128772
v 0.120238 -0.302337 0.128612
v 0.119630 -0.288314 0.127540
v 0.120482 -0.280637 0.126557
v 0.112266 -0.283717 0.129824
v 0.134248 -0.288869 0.123965
v 0.097382 -0.287846 0.133951
v 0.101952 -0.281620 0.133624
v 0.116869 -0.296215 0.129585
v 0.091579 -0.282552 0.135741
v 0.114232 -0.290376 0.129660
v 0.082059 -0.298377 0.137115
v 0.091043 -0.312434 0.134836
v 0.089705 -0.319567 0.135386
v 0.077690 -0.308684 0.138181
v 0.083213 -0.315317 0.137368
v 0.089187 -0.290597 0.135384
v 0.079364 -0.292663 0.138329
v 0.097250 -0.307217 0.134696
v 0.081913 -0.284192 0.138045
v 0.091846 -0.297675 0.135106
v 0.087786 -0.305103 0.135513
v 0.106416 -0.290273 0.132138
v 0.098958 -0.294429 0.134342
v 0.106603 -0.299212 0.134369
v 0.108739 -0.119755 0.123118
v 0.101610 -0.118745 0.127031
v 0.117810 -0.111839 0.110097
v 0.113031 -0.114518 0.116129
v 0.119187 -0.106135 0.105638
v 0.120960 -0.133030 0.115136
v 0.121291 -0.125426 0.112908
v 0.112921 -0.105556 0.113457
v 0.126770 -0.121755 0.105552
v 0.127053 -0.108910 0.099306
v 0.110427 -0.131334 0.124713
v 0.126328 -0.130322 0.108815
v 0.115314 -0.098274 0.106817
v 0.120542 -0.093955 0.099548
v 0.125574 -0.097547 0.096188
v 0.129933 -0.126830 0.103743
v 0.109747 -0.095569 0.111224
v 0.117155 -0.089477 0.101810
v 0.103853 -0.094216 0.114969
v 0.105985 -0.149521 0.131854
v 0.115107 -0.142589 0.124390
v 0.105887 -0.142201 0.130381
v 0.047752 -0.351250 0.140496
v 0.075181 -0.380420 0.134959
v 0.180117 -0.445983 0.085978
v 0.064584 -0.152884 0.160417
v 0.132165 -0.199638 0.114713
v 0.134619 -0.206399 0.112661
v 0.126357 -0.157817 0.115796
v 0.123258 -0.148182 0.116568
v 0.112835 -0.160053 0.128050
v 0.115062 -0.149698 0.124574
v 0.129727 -0.142666 0.108779
v 0.125716 -0.136926 0.111113
v 0.121417 -0.140061 0.117673
v 0.127688 -0.147915 0.111361
v 0.134671 -0.139895 0.103810
v 0.136529 -0.415860 0.122040
v 0.139635 -0.398643 0.121229
v 0.146410 -0.397799 0.117625
v 0.143652 -0.411546 0.118426
v 0.132062 -0.377809 0.125372
v 0.134985 -0.386757 0.125046
v 0.121268 -0.392121 0.127636
v 0.132457 -0.399773 0.123967
v 0.149115 -0.416332 0.115748
v 0.138237 -0.425362 0.121871
v 0.145958 -0.430061 0.117435
v 0.124730 -0.419495 0.125880
v 0.147282 -0.423866 0.116813
v 0.141009 -0.444361 0.120365
v 0.130467 -0.420147 0.124623
v 0.129504 -0.427408 0.125136
v 0.121194 -0.428780 0.126964
v 0.129212 -0.445093 0.125529
v 0.134376 -0.449520 0.124121
v 0.118621 -0.442127 0.128043
v 0.119691 -0.454617 0.128955
v 0.123033 -0.437792 0.126779
v 0.128241 -0.434647 0.125378
v 0.115191 -0.434993 0.128128
v 0.112393 -0.441134 0.129265
v 0.145302 -0.370255 0.118314
v 0.127555 -0.387825 0.126924
v 0.109753 -0.371418 0.131704
v 0.123177 -0.376633 0.127548
v 0.105907 -0.357517 0.136680
v 0.118205 -0.386472 0.128600
v 0.100513 -0.348960 0.136957
v 0.098644 -0.356128 0.137309
v 0.094589 -0.367631 0.135245
v 0.088252 -0.379732 0.134122
v 0.128764 -0.410368 0.124426
v 0.148502 -0.438021 0.115945
v 0.142920 -0.436282 0.119281
v 0.153580 -0.442364 0.112280
v 0.152683 -0.373159 0.112794
v 0.151083 -0.365730 0.114930
v 0.147486 -0.383696 0.117372
v 0.140988 -0.386263 0.121930
v 0.153561 -0.382246 0.112470
v 0.102911 -0.374503 0.132703
v 0.095499 -0.377594 0.133878
v 0.088489 -0.365574 0.136086
v 0.134769 -0.407808 0.122185
v 0.121087 -0.410511 0.126187
v 0.117791 -0.419283 0.127089
v 0.100093 -0.386546 0.134311
v 0.109906 -0.384991 0.131661
v 0.117282 -0.371049 0.129310
v 0.096058 -0.088755 0.121276
v 0.099909 -0.110641 0.126750
v 0.070598 -0.466682 0.131763
v 0.174625 -0.244832 0.085114
v 0.163448 -0.259629 0.102165
v 0.157537 -0.274283 0.107047
v 0.160333 -0.266854 0.104400
v 0.152899 -0.267948 0.110093
v 0.143841 -0.205312 0.106377
v 0.138663 -0.202220 0.109496
v 0.152520 -0.297475 0.112962
v 0.148842 -0.278736 0.113400
v 0.154046 -0.291066 0.111291
v 0.156384 -0.281452 0.109305
v 0.141900 -0.270016 0.117160
v 0.140527 -0.284139 0.119947
v 0.136189 -0.302838 0.123296
v 0.141042 -0.295706 0.121131
v 0.144810 -0.301727 0.118963
v 0.126104 -0.294673 0.126477
v 0.127276 -0.285726 0.125434
v 0.132727 -0.315294 0.126588
v 0.134690 -0.354463 0.126696
v 0.140033 -0.361073 0.123483
v 0.148388 -0.357994 0.118010
v 0.137295 -0.369654 0.122996
v 0.131531 -0.362819 0.126443
v 0.126322 -0.370653 0.126619
v 0.121259 -0.359299 0.129367
v 0.113859 -0.360874 0.132462
v 0.113383 -0.349513 0.133363
v 0.128991 -0.348820 0.128065
v 0.110559 -0.334937 0.135155
v 0.106410 -0.343756 0.135359
v 0.104731 -0.332920 0.137249
v 0.099649 -0.331109 0.137522
v 0.144548 -0.344225 0.121173
v 0.141578 -0.352697 0.123593
v 0.102081 -0.336808 0.136832
v 0.116994 -0.335912 0.132247
v 0.149471 -0.349343 0.117538
v 0.132417 -0.339750 0.126581
v 0.126678 -0.333640 0.128699
v 0.139844 -0.338366 0.123419
v 0.139594 -0.323288 0.125217
v 0.140216 -0.313138 0.123189
v 0.137155 -0.345914 0.125536
v 0.135658 -0.332291 0.126156
v 0.119999 -0.326433 0.131120
v 0.129428 -0.320901 0.128404
v 0.122306 -0.311286 0.128555
v 0.114014 -0.308276 0.131426
v 0.150382 -0.320333 0.117026
v 0.144294 -0.327723 0.121900
v 0.154253 -0.324815 0.113414
v 0.113309 -0.301197 0.131844
v 0.106640 -0.320569 0.135574
v 0.114432 -0.322679 0.133382
v 0.106952 -0.328515 0.137158
v 0.148939 -0.311332 0.117097
v 0.145245 -0.318369 0.121099
v 0.157807 -0.316601 0.111046
v 0.149429 -0.303402 0.115639
v 0.156221 -0.305172 0.110825
v 0.161009 -0.294589 0.106451
v 0.101907 -0.310632 0.134386
v 0.106467 -0.305885 0.134193
v 0.097160 -0.317557 0.134736
v 0.106972 -0.313062 0.133433
v 0.124917 -0.167502 0.118094
v 0.128480 -0.303604 0.125953
v 0.175421 -0.575087 0.008858
v 0.171943 -0.575156 -0.000733
v 0.168210 -0.574943 -0.010085
v 0.159835 -0.574804 -0.028544
v 0.155679 -0.574576 -0.037769
v 0.151278 -0.574471 -0.046888
v 0.146875 -0.574517 -0.055869
v 0.142401 -0.574603 -0.064924
v 0.137636 -0.574208 -0.073567
v 0.132516 -0.574535 -0.082266
v 0.127414 -0.575522 -0.091076
v 0.120632 -0.575079 -0.098290
v 0.113574 -0.576939 -0.105430
v 0.104054 -0.575565 -0.109832
v 0.095903 -0.577521 -0.113916
v 0.085441 -0.577267 -0.116071
v 0.075623 -0.577933 -0.117367
v 0.065972 -0.578545 -0.118403
v 0.054812 -0.579831 -0.118634
v 0.043975 -0.578720 -0.118090
v 0.034276 -0.579758 -0.118641
v 0.023395 -0.581421 -0.118311
v 0.012868 -0.581775 -0.118575
v 0.001955 -0.582284 -0.118173
v -0.008139 -0.582060 -0.117503
v -0.007173 -0.571955 -0.116555
v -0.007897 -0.561403 -0.114482
v -0.007855 -0.552646 -0.112253
v -0.006811 -0.543262 -0.111186
v -0.006818 -0.532911 -0.109742
v -0.006896 -0.523712 -0.108347
v -0.006830 -0.514379 -0.107517
v -0.006723 -0.505623 -0.106888
v -0.005967 -0.496803 -0.106293
v -0.006390 -0.485578 -0.105217
v -0.005960 -0.476412 -0.104367
v -0.005677 -0.467607 -0.103943
v -0.005651 -0.457768 -0.103063
v -0.005808 -0.447966 -0.103096
v -0.005204 -0.437362 -0.102921
v -0.004956 -0.428137 -0.102674
v -0.004432 -0.417754 -0.102874
v -0.004422 -0.408739 -0.103230
v -0.004257 -0.397957 -0.103281
v -0.004192 -0.386050 -0.103795
v -0.003892 -0.375773 -0.104943
v -0.003639 -0.366281 -0.105820
v -0.003377 -0.356290 -0.107775
v -0.003210 -0.346506 -0.109439
v -0.003095 -0.337023 -0.111422
v -0.004659 -0.326681 -0.113397
v -0.005004 -0.318158 -0.116278
v 0.000355 -0.307221 -0.120370
v -0.000617 -0.290173 -0.127261
v -0.002611 -0.281771 -0.129477
v 0.004629 -0.277514 -0.129685
v -0.002155 -0.263093 -0.130652
v -0.002158 -0.253543 -0.130514
v -0.000107 -0.244715 -0.130820
v -0.001939 -0.234369 -0.130167
v -0.002210 -0.222337 -0.127050
v -0.003328 -0.199747 -0.121577
v -0.003528 -0.187169 -0.118636
v -0.002018 -0.178627 -0.116732
v -0.001530 -0.169870 -0.116017
v -0.001515 -0.161113 -0.113020
v -0.001034 -0.152933 -0.109366
v -0.001010 -0.144955 -0.105822
v -0.001186 -0.136777 -0.102401
v 0.000317 -0.128478 -0.099352
v 0.002512 -0.119821 -0.096004
v -0.000104 -0.114396 -0.094267
v 0.000265 -0.107580 -0.092419
v 0.001316 -0.099238 -0.090758
v -0.007323 -0.090829 -0.090482
v -0.005196 -0.081716 -0.089471
v -0.001737 -0.073755 -0.087206
v -0.000683 -0.065237 -0.087137
v -0.000718 -0.056295 -0.090355
v 0.009798 -0.056100 -0.090340
v 0.020070 -0.056221 -0.090298
v 0.030788 -0.056434 -0.090063
v 0.040892 -0.056481 -0.088931
v 0.051160 -0.056747 -0.086608
v 0.061184 -0.056944 -0.083800
v 0.070919 -0.057406 -0.080199
v 0.080314 -0.057670 -0.076068
v 0.089297 -0.057965 -0.070536
v 0.098139 -0.058447 -0.065364
v 0.106362 -0.058858 -0.058192
v 0.113231 -0.059458 -0.050891
v 0.120087 -0.059790 -0.042572
v 0.126295 -0.060533 -0.033895
v 0.132045 -0.060859 -0.024694
v 0.137370 -0.062041 -0.016033
v 0.142755 -0.063105 -0.006220
v 0.148069 -0.063628 0.003291
v 0.171463 -0.541803 -0.016955
v 0.176062 -0.560998 0.002984
v 0.122499 -0.448636 -0.095459
v 0.175257 -0.568451 0.004965
v 0.178323 -0.561749 0.009958
v 0.126146 -0.278163 -0.100716
v 0.118878 -0.170748 -0.082927
v 0.131543 -0.114336 -0.045433
v 0.147329 -0.080513 -0.006647
v 0.151062 -0.070337 0.006383
v 0.060346 -0.516955 -0.116704
v 0.018560 -0.557238 -0.115605
v -0.003016 -0.577739 -0.117303
v 0.058280 -0.104727 -0.083496
v 0.023889 -0.080116 -0.088542
v 0.004361 -0.060789 -0.088829
v 0.177409 -0.513305 -0.013750
v 0.179276 -0.532355 -0.002022
v 0.171068 -0.557130 -0.011762
v 0.157138 -0.545998 -0.043999
v 0.061499 -0.441705 -0.114005
v 0.152985 -0.372897 -0.068279
v 0.166938 -0.436930 -0.045461
v 0.125739 -0.512402 -0.093795
v 0.064015 -0.277491 -0.125539
v 0.159165 -0.229785 -0.062732
v 0.172136 -0.294012 -0.053484
v 0.055021 -0.162350 -0.104040
v 0.156316 -0.165400 -0.045436
v 0.151339 -0.111967 -0.017983
v 0.100092 -0.097399 -0.064372
v 0.138828 -0.074719 -0.018820
v 0.154412 -0.090607 0.000690
v 0.070321 -0.546668 -0.117455
v 0.026722 -0.520740 -0.112482
v 0.028752 -0.566671 -0.117410
v 0.004891 -0.558099 -0.114307
v 0.001733 -0.568666 -0.115884
v 0.013261 -0.538400 -0.112249
v 0.028065 -0.110170 -0.090239
v 0.054283 -0.075256 -0.083743
v 0.015031 -0.076989 -0.088511
v 0.009646 -0.069359 -0.086730
v 0.025095 -0.067394 -0.088294
v 0.019285 -0.098030 -0.089889
v 0.180066 -0.489707 -0.014907
v 0.183086 -0.503932 -0.001145
v 0.182055 -0.532607 0.007462
v 0.169040 -0.568715 -0.010606
v 0.163879 -0.561411 -0.025569
v 0.153151 -0.559299 -0.047554
v 0.142458 -0.546333 -0.070192
v 0.174671 -0.550727 -0.006055
v 0.172993 -0.558082 -0.006515
v 0.033757 -0.470738 -0.109895
v 0.025160 -0.430746 -0.106928
v 0.066091 -0.371084 -0.113808
v 0.181769 -0.374937 -0.032327
v 0.183162 -0.437458 -0.019233
v 0.117298 -0.542947 -0.100678
v 0.030744 -0.277698 -0.129176
v 0.056750 -0.234469 -0.124671
v 0.044331 -0.324208 -0.114329
v 0.177845 -0.227668 -0.029582
v 0.180494 -0.263905 -0.030904
v 0.187171 -0.302823 -0.023829
v 0.027789 -0.166493 -0.111254
v 0.170489 -0.162079 -0.019848
v 0.159286 -0.106497 -0.001536
v 0.101579 -0.077893 -0.063399
v 0.140767 -0.067875 -0.013287
v 0.131807 -0.081529 -0.032547
v 0.135902 -0.068628 -0.020657
v 0.157468 -0.090079 0.008112
v 0.157967 -0.098122 0.002567
v 0.070332 -0.562333 -0.117217
v 0.009522 -0.520506 -0.109249
v 0.029490 -0.575086 -0.118011
v 0.018010 -0.570683 -0.117066
v 0.039650 -0.570200 -0.118351
v -0.001884 -0.560021 -0.114532
v 0.002252 -0.548389 -0.112226
v 0.012406 -0.566712 -0.116425
v 0.011748 -0.558405 -0.114925
v 0.015250 -0.549470 -0.114039
v 0.019213 -0.565434 -0.117404
v 0.009987 -0.573923 -0.117483
v 0.013133 -0.110670 -0.092062
v 0.029598 -0.135660 -0.099294
v 0.051873 -0.071687 -0.084934
v 0.077098 -0.079068 -0.076403
v 0.005059 -0.077665 -0.088119
v 0.014363 -0.083851 -0.089395
v 0.003122 -0.069878 -0.086250
v 0.014735 -0.062695 -0.088844
v 0.021404 -0.062049 -0.089199
v 0.017439 -0.069053 -0.087245
v 0.022411 -0.073476 -0.087841
v 0.035424 -0.064735 -0.088532
v 0.031289 -0.073524 -0.088048
v 0.043977 -0.071011 -0.086873
v 0.041291 -0.083273 -0.087348
v 0.038051 -0.069964 -0.087856
v 0.034155 -0.081794 -0.088195
v 0.039495 -0.076117 -0.087588
v 0.047521 -0.077627 -0.085815
v 0.048266 -0.087099 -0.085400
v 0.027788 -0.087033 -0.088816
v 0.057846 -0.089624 -0.082873
v 0.043594 -0.094314 -0.086554
v 0.019493 -0.088696 -0.089349
v 0.054167 -0.099112 -0.083975
v 0.079183 -0.105493 -0.076870
v 0.067496 -0.103711 -0.080765
v 0.038452 -0.098519 -0.087645
v 0.010533 -0.098781 -0.090373
v 0.185988 -0.475055 -0.002145
v 0.185802 -0.499780 0.008865
v 0.183005 -0.514896 0.003791
v 0.185271 -0.493056 0.002596
v 0.183872 -0.508722 0.003376
v 0.180912 -0.542071 0.007984
v 0.159351 -0.568937 -0.031910
v 0.156933 -0.565471 -0.038429
v 0.160635 -0.556674 -0.033550
v 0.150068 -0.565056 -0.051778
v 0.141125 -0.560765 -0.069602
v 0.176526 -0.549352 -0.001234
v 0.175369 -0.541911 -0.008111
v 0.179411 -0.538869 0.001336
v 0.175175 -0.531602 -0.013181
v 0.174259 -0.537907 -0.012925
v 0.014238 -0.471364 -0.105525
v 0.013122 -0.442184 -0.104644
v 0.013182 -0.423082 -0.104124
v 0.031400 -0.381574 -0.109469
v 0.191946 -0.369562 -0.010540
v 0.189181 -0.436771 -0.003174
v 0.187028 -0.407977 -0.016890
v 0.124793 -0.557821 -0.094469
v 0.109444 -0.559781 -0.107302
v 0.013572 -0.278479 -0.129464
v 0.033791 -0.251175 -0.128978
v 0.024113 -0.224988 -0.125750
v 0.028123 -0.325432 -0.115063
v 0.184482 -0.226426 -0.011011
v 0.177060 -0.199411 -0.023649
v 0.186024 -0.265000 -0.011849
v 0.191648 -0.292777 -0.009705
v 0.194759 -0.309618 -0.004836
v 0.015635 -0.165754 -0.113179
v 0.018055 -0.150910 -0.106638
v 0.032430 -0.197153 -0.118759
v 0.176602 -0.161582 -0.006951
v 0.178321 -0.179910 -0.014324
v 0.162353 -0.138219 -0.019063
v 0.162451 -0.106057 0.006573
v 0.164212 -0.117895 -0.000063
v 0.162716 -0.112123 0.001220
v 0.102464 -0.068236 -0.063394
v 0.118223 -0.072900 -0.045516
v 0.136909 -0.082316 -0.024544
v 0.160573 -0.097374 0.009521
v 0.151290 -0.092696 -0.007301
v 0.070528 -0.571252 -0.117643
v 0.058632 -0.568904 -0.118535
v 0.082062 -0.567057 -0.116368
v 0.065546 -0.567136 -0.117858
v 0.077354 -0.571816 -0.116864
v 0.000562 -0.520961 -0.109067
v 0.004634 -0.509744 -0.108005
v 0.004699 -0.531104 -0.110145
v 0.005129 -0.516295 -0.108523
v 0.000259 -0.528065 -0.110018
v 0.019045 -0.578081 -0.118254
v 0.038969 -0.575492 -0.118501
v 0.043429 -0.545142 -0.117199
v -0.004072 -0.548414 -0.112274
v 0.008849 -0.553887 -0.113832
v 0.007961 -0.543051 -0.112019
v 0.006373 -0.539724 -0.111456
v 0.008496 -0.578498 -0.117273
v 0.006428 -0.112068 -0.093240
v 0.007673 -0.105501 -0.091411
v 0.013484 -0.115336 -0.093416
v 0.015360 -0.134309 -0.100007
v 0.055850 -0.061933 -0.085193
v 0.047446 -0.064125 -0.087073
v 0.065539 -0.065988 -0.082032
v 0.083778 -0.069015 -0.073611
v 0.003249 -0.085416 -0.089557
v 0.032040 -0.092536 -0.088163
v 0.035414 -0.105991 -0.088283
v 0.033764 -0.100913 -0.088378
v 0.024703 -0.102564 -0.089666
v 0.015653 -0.104350 -0.090756
v 0.020645 -0.109784 -0.091036
v 0.006478 -0.091929 -0.089985
v 0.188223 -0.475249 0.006467
v 0.186844 -0.486053 0.007057
v 0.188246 -0.464607 0.001779
v 0.184138 -0.485605 -0.004621
v 0.188800 -0.468817 0.007068
v 0.185537 -0.487686 0.000841
v 0.184517 -0.513328 0.010574
v 0.182944 -0.522780 0.008097
v 0.180513 -0.522340 -0.002376
v 0.157587 -0.553425 -0.041103
v 0.153860 -0.551456 -0.049159
v 0.168066 -0.545875 -0.022849
v 0.164452 -0.546039 -0.030180
v 0.165072 -0.538456 -0.030984
v 0.169720 -0.550824 -0.017458
v 0.152480 -0.568369 -0.046630
v 0.149343 -0.570978 -0.051334
v 0.145679 -0.566324 -0.060785
v 0.140721 -0.568413 -0.069580
v 0.135752 -0.565013 -0.078988
v 0.003211 -0.473885 -0.105049
v 0.013338 -0.491938 -0.107419
v 0.003347 -0.444272 -0.103514
v 0.007840 -0.433790 -0.103690
v 0.006812 -0.454976 -0.104200
v 0.009091 -0.440274 -0.104262
v 0.008530 -0.449099 -0.103925
v 0.007510 -0.428450 -0.103762
v 0.008542 -0.413009 -0.103892
v 0.008446 -0.418405 -0.103440
v 0.002088 -0.416064 -0.103157
v 0.013147 -0.381047 -0.106029
v 0.194801 -0.369808 0.000419
v 0.189276 -0.388688 -0.007456
v 0.191434 -0.340719 -0.021197
v 0.191407 -0.436703 0.005473
v 0.190230 -0.442255 0.001265
v 0.191490 -0.425983 0.000351
v 0.191883 -0.430398 0.005687
v 0.191734 -0.407768 -0.002449
v 0.124266 -0.567137 -0.094579
v 0.108977 -0.568273 -0.107216
v 0.005579 -0.270566 -0.130107
v 0.008575 -0.287998 -0.127772
v 0.004452 -0.283431 -0.129227
v 0.020088 -0.249451 -0.129718
v 0.008041 -0.229410 -0.128261
v 0.013849 -0.214651 -0.124268
v 0.007798 -0.322468 -0.114809
v 0.014987 -0.304907 -0.121129
v 0.026934 -0.351417 -0.111293
v 0.186383 -0.227479 -0.001012
v 0.185926 -0.232234 -0.006909
v 0.185695 -0.215024 -0.007338
v 0.186463 -0.219697 -0.001080
v 0.182455 -0.198442 -0.008429
v 0.188699 -0.263845 -0.001974
v 0.193838 -0.292504 -0.000078
v 0.194201 -0.297347 -0.004326
v 0.190632 -0.281654 -0.005151
v 0.192294 -0.285936 0.000724
v 0.195496 -0.311762 0.000586
v 0.194822 -0.317280 -0.004123
v 0.004739 -0.165498 -0.115068
v 0.009217 -0.157302 -0.110929
v 0.008602 -0.174901 -0.116344
v 0.014497 -0.197080 -0.120109
v 0.177331 -0.161330 0.002190
v 0.179549 -0.170407 -0.002884
v 0.175085 -0.152225 -0.001106
v 0.168533 -0.134906 -0.004279
v 0.165275 -0.115431 0.007072
v 0.166878 -0.124358 0.003618
v 0.169334 -0.132076 0.003607
v 0.102537 -0.062276 -0.062506
v 0.110984 -0.067014 -0.056731
v 0.094033 -0.066221 -0.069183
v 0.123090 -0.071019 -0.040707
v 0.155644 -0.099082 -0.004009
v 0.155486 -0.107115 -0.009587
v 0.158670 -0.125013 -0.015345
v 0.155373 -0.114741 -0.014672
v 0.160546 -0.114329 -0.006548
v 0.141316 -0.096294 -0.023770
v 0.141880 -0.088528 -0.019164
v 0.151034 -0.085194 -0.002683
v 0.150433 -0.077071 0.001401
v 0.154324 -0.082966 0.006101
v 0.163481 -0.123588 -0.006674
v 0.146913 -0.095975 -0.015325
v 0.147486 -0.086953 -0.011270
v 0.144864 -0.073202 -0.007621
v 0.167187 -0.129173 -0.003153
v 0.165564 -0.134807 -0.011552
v 0.150394 -0.104168 -0.015479
v 0.147270 -0.069539 0.000262
v 0.145101 -0.138051 -0.043736
v 0.154948 -0.128822 -0.026695
v 0.149117 -0.114588 -0.024747
v 0.157870 -0.132793 -0.023936
v 0.060094 -0.573620 -0.118066
v 0.049200 -0.571404 -0.118221
v 0.049050 -0.557985 -0.117847
v 0.051813 -0.564647 -0.118283
v 0.044521 -0.565243 -0.118270
v 0.090444 -0.569289 -0.114640
v 0.093211 -0.550951 -0.113000
v 0.099680 -0.567371 -0.111109
v 0.089374 -0.560002 -0.114654
v -0.001489 -0.509741 -0.106975
v 0.002871 -0.502545 -0.107029
v 0.013027 -0.500790 -0.108172
v 0.007216 -0.503987 -0.107235
v 0.028940 -0.546604 -0.115746
v 0.036406 -0.555414 -0.117398
v 0.000391 -0.542994 -0.111554
v 0.009905 -0.124641 -0.097010
v 0.008044 -0.134490 -0.100952
v 0.008242 -0.141773 -0.104174
v 0.041217 -0.062285 -0.088409
v 0.065882 -0.060367 -0.082241
v 0.075309 -0.065576 -0.078721
v 0.062160 -0.075783 -0.081746
v 0.064734 -0.088741 -0.080886
v 0.084919 -0.062437 -0.074172
v 0.046450 -0.103834 -0.086191
v 0.189907 -0.456113 0.005278
v 0.182380 -0.493491 -0.007553
v 0.183237 -0.478718 -0.009437
v 0.173202 -0.462378 -0.032985
v 0.178182 -0.462393 -0.024316
v 0.180555 -0.477648 -0.016971
v 0.183352 -0.469590 -0.011965
v 0.186815 -0.456071 -0.006516
v 0.188723 -0.453648 -0.000705
v 0.186316 -0.481716 -0.000181
v 0.181403 -0.527474 0.002739
v 0.177943 -0.524774 -0.009182
v 0.175413 -0.523555 -0.015607
v 0.180635 -0.514343 -0.005270
v 0.180268 -0.506464 -0.009190
v 0.173206 -0.498940 -0.026789
v 0.181764 -0.501251 -0.006793
v 0.178139 -0.499175 -0.016846
v 0.177411 -0.506660 -0.016476
v 0.159614 -0.537504 -0.041979
v 0.148242 -0.559349 -0.057242
v 0.144935 -0.560365 -0.063532
v 0.142826 -0.553221 -0.067461
v 0.137494 -0.553866 -0.077984
v 0.149436 -0.543431 -0.058448
v 0.152976 -0.543997 -0.052255
v 0.140463 -0.551557 -0.072757
v 0.148490 -0.552615 -0.058122
v 0.135367 -0.570364 -0.078058
v 0.130501 -0.566793 -0.086660
v -0.002844 -0.471804 -0.104005
v 0.002538 -0.483403 -0.105052
v 0.002555 -0.491159 -0.105777
v 0.019389 -0.427845 -0.105814
v 0.000496 -0.433209 -0.103008
v 0.008960 -0.464699 -0.104904
v 0.000989 -0.465876 -0.104227
v 0.025299 -0.456003 -0.107420
v 0.016926 -0.452366 -0.105296
v 0.018647 -0.463016 -0.106471
v 0.027028 -0.443384 -0.107476
v 0.013304 -0.458595 -0.105397
v 0.027563 -0.464939 -0.108450
v 0.024092 -0.451466 -0.107280
v 0.020192 -0.444821 -0.106161
v 0.018672 -0.438232 -0.105850
v 0.024170 -0.475613 -0.108460
v 0.021274 -0.469579 -0.107104
v 0.028864 -0.469600 -0.108646
v 0.003388 -0.403970 -0.103513
v 0.019606 -0.397688 -0.105721
v 0.014793 -0.396207 -0.105334
v 0.003989 -0.389305 -0.104337
v 0.023592 -0.412603 -0.106045
v 0.016404 -0.415743 -0.104935
v 0.017162 -0.407721 -0.105148
v 0.023997 -0.423167 -0.106801
v 0.001580 -0.395225 -0.103367
v 0.004013 -0.380936 -0.104610
v 0.009216 -0.368902 -0.106617
v 0.008856 -0.385525 -0.105055
v 0.008838 -0.375843 -0.105675
v 0.196239 -0.369457 0.006782
v 0.193409 -0.379142 0.002499
v 0.193559 -0.355824 -0.005958
v 0.193332 -0.412781 0.004895
v 0.189492 -0.417929 -0.007479
v 0.192177 -0.398651 0.001873
v 0.117899 -0.563385 -0.101881
v 0.005949 -0.256787 -0.130602
v 0.025765 -0.260269 -0.130074
v 0.014293 -0.259302 -0.130130
v 0.020663 -0.241599 -0.129499
v 0.005560 -0.295123 -0.125121
v 0.024929 -0.296010 -0.124248
v 0.012018 -0.292795 -0.125829
v 0.007691 -0.239067 -0.130035
v 0.004648 -0.215816 -0.125484
v 0.007139 -0.315060 -0.117079
v 0.016045 -0.316486 -0.116809
v 0.006379 -0.332111 -0.112261
v 0.010262 -0.352493 -0.108906
v 0.186593 -0.245278 -0.001745
v 0.186907 -0.254664 -0.000936
v 0.185013 -0.207627 -0.001885
v 0.183220 -0.207178 -0.012888
v 0.183847 -0.200673 -0.000531
v 0.181453 -0.179576 -0.001754
v 0.191504 -0.303829 -0.014359
v 0.195739 -0.301913 0.003150
v 0.188632 -0.272473 -0.006612
v 0.195891 -0.321804 0.003388
v 0.195887 -0.331941 0.001096
v 0.192429 -0.333576 -0.018339
v 0.003905 -0.157028 -0.111210
v 0.021093 -0.158828 -0.109721
v 0.002537 -0.174641 -0.116445
v 0.020432 -0.174082 -0.114280
v 0.006301 -0.182608 -0.117568
v 0.006232 -0.194160 -0.120166
v 0.179693 -0.170583 0.004327
v 0.176031 -0.169528 -0.013738
v 0.175437 -0.152233 0.005739
v 0.172005 -0.154276 -0.012317
v 0.172986 -0.143308 0.000558
v 0.106279 -0.073307 -0.058178
v 0.111716 -0.073391 -0.053137
v 0.110973 -0.082213 -0.055047
v 0.106704 -0.079019 -0.058302
v 0.096093 -0.073122 -0.066882
v 0.084391 -0.086500 -0.073461
v 0.093060 -0.080318 -0.068306
v 0.098951 -0.088011 -0.065451
v 0.085565 -0.076263 -0.072509
v 0.093811 -0.087814 -0.067771
v 0.089872 -0.070663 -0.070469
v 0.124038 -0.064424 -0.039809
v 0.142111 -0.079936 -0.014568
v 0.137501 -0.090484 -0.026858
v 0.128376 -0.098385 -0.039961
v 0.133072 -0.086613 -0.033448
v 0.132888 -0.092695 -0.033813
v 0.135638 -0.098948 -0.033003
v 0.136293 -0.106505 -0.035265
v 0.140043 -0.101984 -0.030071
v 0.145086 -0.104098 -0.022693
v 0.104853 -0.564093 -0.109638
v 0.097672 -0.560881 -0.112227
v 0.078914 -0.554689 -0.116101
v 0.039409 -0.495768 -0.113063
v 0.016195 -0.511507 -0.109504
v 0.021338 -0.549371 -0.114718
v 0.021578 -0.540783 -0.113777
v 0.028578 -0.558103 -0.117241
v 0.022607 -0.529986 -0.112659
v 0.031896 -0.559580 -0.117084
v 0.025445 -0.562498 -0.116974
v 0.019842 -0.535860 -0.112790
v 0.013457 -0.531456 -0.112064
v 0.009629 -0.526437 -0.110364
v 0.018051 -0.523337 -0.110927
v 0.015474 -0.516560 -0.109950
v 0.025938 -0.125109 -0.095677
v 0.026233 -0.115784 -0.092072
v 0.018646 -0.123471 -0.095650
v 0.022241 -0.135306 -0.099878
v 0.008449 -0.149152 -0.107257
v 0.077783 -0.072225 -0.075893
v 0.069743 -0.071453 -0.079103
v 0.060979 -0.070022 -0.082630
v 0.068985 -0.079113 -0.079194
v 0.072669 -0.086580 -0.077890
v 0.183715 -0.497709 -0.001360
v 0.168608 -0.532900 -0.026533
v 0.171617 -0.534973 -0.019523
v 0.176850 -0.490347 -0.021787
v 0.175276 -0.485222 -0.025506
v 0.138065 -0.559628 -0.075599
v 0.128336 -0.563232 -0.090871
v 0.131540 -0.553671 -0.087139
v 0.008601 -0.477899 -0.105283
v 0.010332 -0.486889 -0.106805
v 0.019859 -0.484214 -0.108042
v 0.015136 -0.478079 -0.106530
v 0.033724 -0.484228 -0.111381
v 0.025725 -0.493795 -0.109653
v 0.027733 -0.481649 -0.109523
v 0.033653 -0.477323 -0.110119
v 0.028546 -0.486959 -0.109562
v 0.034433 -0.490886 -0.111451
v 0.018973 -0.496232 -0.108367
v 0.025232 -0.504464 -0.110161
v 0.008384 -0.495297 -0.106243
v 0.002217 -0.459090 -0.103667
v 0.052109 -0.414497 -0.112666
v 0.001851 -0.371734 -0.105755
v 0.004360 -0.361356 -0.106849
v 0.004148 -0.353492 -0.108028
v 0.015086 -0.362345 -0.107972
v 0.191243 -0.375474 -0.009227
v 0.190577 -0.382447 -0.003703
v 0.191255 -0.389956 0.001229
v 0.188829 -0.379767 -0.015309
v 0.192196 -0.393722 0.005667
v 0.193447 -0.363478 -0.005158
v 0.195909 -0.350737 0.001810
v 0.192805 -0.344346 -0.014871
v 0.194869 -0.337768 -0.003614
v 0.196786 -0.343459 0.002064
v 0.196715 -0.337088 0.003316
v 0.193557 -0.403733 0.005105
v 0.189841 -0.399237 -0.008739
v 0.112196 -0.563850 -0.105214
v 0.116766 -0.553893 -0.101929
v 0.121735 -0.562604 -0.097298
v 0.119070 -0.568614 -0.099532
v 0.024562 -0.231820 -0.127531
v 0.013228 -0.235857 -0.128941
v 0.012773 -0.243090 -0.129720
v 0.024681 -0.196140 -0.119083
v 0.025092 -0.211663 -0.122749
v 0.016988 -0.323049 -0.115093
v 0.021122 -0.310125 -0.119441
v 0.032034 -0.311933 -0.118553
v 0.025167 -0.318598 -0.116626
v 0.036527 -0.319814 -0.116043
v 0.000312 -0.332219 -0.111871
v 0.004569 -0.344046 -0.109923
v 0.185250 -0.257589 -0.008628
v 0.181110 -0.252691 -0.023683
v 0.184214 -0.251628 -0.014895
v 0.185610 -0.247249 -0.010437
v 0.183015 -0.236896 -0.021448
v 0.184968 -0.235967 -0.015358
v 0.181774 -0.229088 -0.021181
v 0.183387 -0.244787 -0.020397
v 0.175412 -0.247130 -0.039634
v 0.179461 -0.241529 -0.028549
v 0.180038 -0.216354 -0.022615
v 0.177830 -0.250262 -0.031577
v 0.176283 -0.234203 -0.034945
v 0.179747 -0.233978 -0.027371
v 0.179517 -0.223103 -0.023834
v 0.182802 -0.220948 -0.016713
v 0.182951 -0.213708 -0.015875
v 0.168900 -0.233211 -0.049952
v 0.172114 -0.223802 -0.042324
v 0.173307 -0.230390 -0.040656
v 0.174069 -0.218289 -0.038799
v 0.183630 -0.203959 -0.006943
v 0.180494 -0.201246 -0.016360
v 0.179733 -0.208303 -0.021176
v 0.179507 -0.190357 -0.016710
v 0.176610 -0.211637 -0.028840
v 0.183441 -0.188865 0.003089
v 0.188812 -0.295980 -0.018270
v 0.180831 -0.287258 -0.036110
v 0.186885 -0.283766 -0.018020
v 0.185242 -0.293377 -0.028174
v 0.188960 -0.289819 -0.015689
v 0.185821 -0.288801 -0.022898
v 0.190381 -0.272462 -0.001580
v 0.013900 -0.160806 -0.111722
v 0.013979 -0.171609 -0.115044
v 0.039288 -0.179878 -0.112736
v 0.015150 -0.179693 -0.115885
v 0.024904 -0.182583 -0.115109
v 0.015033 -0.187659 -0.117899
v 0.181601 -0.183539 -0.009265
v 0.178946 -0.175625 -0.007819
v 0.174457 -0.162918 -0.013369
v 0.174558 -0.155899 -0.006725
v 0.163877 -0.148382 -0.026876
v 0.159836 -0.141879 -0.030421
v 0.172890 -0.147591 -0.007463
v 0.167780 -0.147067 -0.015913
v 0.170709 -0.141109 -0.006446
v 0.117667 -0.067168 -0.048572
v 0.107488 -0.093152 -0.057540
v 0.122842 -0.086750 -0.043904
v 0.102806 -0.552855 -0.110166
v 0.083994 -0.561889 -0.116067
v 0.070900 -0.555118 -0.117407
v 0.061126 -0.558281 -0.118608
v 0.066637 -0.558900 -0.118070
v 0.064896 -0.551718 -0.117980
v 0.054255 -0.549048 -0.118167
v 0.087563 -0.555223 -0.115234
v 0.088011 -0.534321 -0.114448
v 0.088227 -0.547169 -0.114872
v 0.079246 -0.545599 -0.116614
v 0.101659 -0.537979 -0.110565
v 0.076472 -0.551546 -0.116855
v 0.096613 -0.544209 -0.111909
v 0.082572 -0.548817 -0.115288
v 0.093547 -0.537358 -0.113363
v 0.103865 -0.544547 -0.109294
v 0.082934 -0.517145 -0.115233
v 0.111379 -0.537027 -0.105347
v 0.109542 -0.548896 -0.105984
v 0.086677 -0.528591 -0.114928
v 0.016612 -0.143838 -0.103796
v 0.070611 -0.093443 -0.078582
v 0.163151 -0.532142 -0.036793
v 0.174457 -0.501041 -0.023887
v 0.175265 -0.475136 -0.027675
v 0.133658 -0.559014 -0.082683
v 0.125226 -0.547418 -0.094059
v 0.135558 -0.539672 -0.081430
v 0.138265 -0.545280 -0.076962
v 0.134272 -0.548115 -0.081937
v 0.130700 -0.544101 -0.087935
v 0.128689 -0.528239 -0.090219
v 0.131012 -0.535259 -0.087302
v 0.124271 -0.536828 -0.095358
v 0.128088 -0.540414 -0.091893
v 0.127299 -0.533232 -0.091364
v 0.024208 -0.512840 -0.111451
v 0.019535 -0.504167 -0.109378
v 0.032050 -0.497804 -0.111144
v 0.039498 -0.511028 -0.114149
v 0.038331 -0.503407 -0.112951
v 0.038752 -0.421559 -0.109994
v 0.031018 -0.423858 -0.107879
v 0.031474 -0.417023 -0.108449
v 0.034042 -0.400726 -0.109165
v 0.041856 -0.411039 -0.110778
v 0.031060 -0.408214 -0.108247
v 0.025706 -0.401130 -0.107352
v 0.027088 -0.391627 -0.107851
v 0.037981 -0.416687 -0.110151
v 0.019226 -0.354085 -0.110084
v 0.021637 -0.371431 -0.108396
v 0.026788 -0.366230 -0.109652
v 0.033444 -0.369186 -0.110552
v 0.027663 -0.375573 -0.109207
v 0.019095 -0.377329 -0.107152
v 0.018174 -0.389405 -0.106113
v 0.192439 -0.384806 0.005414
v 0.190293 -0.394355 -0.004007
v 0.191381 -0.401871 -0.003269
v 0.189601 -0.406568 -0.009812
v 0.188453 -0.414307 -0.011842
v 0.184785 -0.424529 -0.018288
v 0.184817 -0.415940 -0.019937
v 0.187234 -0.433058 -0.010640
v 0.175539 -0.423905 -0.034723
v 0.177673 -0.420345 -0.031768
v 0.186351 -0.392862 -0.021237
v 0.114820 -0.569802 -0.104131
v 0.046675 -0.224986 -0.123289
v 0.029137 -0.240441 -0.128945
v 0.037429 -0.232978 -0.126767
v 0.056568 -0.253982 -0.126920
v 0.019427 -0.200312 -0.120167
v 0.021091 -0.337709 -0.112582
v 0.016711 -0.331502 -0.113268
v 0.020808 -0.345949 -0.111431
v 0.013343 -0.343683 -0.110817
v 0.184103 -0.258723 -0.017500
v 0.184782 -0.266192 -0.021869
v 0.181184 -0.258795 -0.027244
v 0.172969 -0.259236 -0.045708
v 0.169920 -0.243997 -0.050512
v 0.175278 -0.224123 -0.035583
v 0.161700 -0.200737 -0.051093
v 0.170499 -0.206711 -0.041999
v 0.174361 -0.210758 -0.036845
v 0.170733 -0.215065 -0.044651
v 0.173517 -0.202379 -0.033174
v 0.164363 -0.222575 -0.053385
v 0.163801 -0.208777 -0.051297
v 0.168091 -0.191535 -0.042186
v 0.168672 -0.220810 -0.047693
v 0.166503 -0.204495 -0.046807
v 0.170541 -0.201198 -0.039140
v 0.181875 -0.191980 -0.010303
v 0.187723 -0.277868 -0.012673
v 0.185069 -0.275434 -0.021620
v 0.186418 -0.271068 -0.015136
v 0.182644 -0.271227 -0.028179
v 0.181758 -0.279259 -0.030273
v 0.184594 -0.282580 -0.024598
v 0.179959 -0.304893 -0.040574
v 0.031959 -0.174674 -0.113004
v 0.064117 -0.193506 -0.113037
v 0.041333 -0.187057 -0.114687
v 0.049366 -0.174092 -0.109002
v 0.043517 -0.193597 -0.116248
v 0.035069 -0.164841 -0.109578
v 0.038294 -0.195078 -0.117585
v 0.167264 -0.155392 -0.021310
v 0.154951 -0.153479 -0.040157
v 0.152766 -0.141304 -0.037319
v 0.122073 -0.078904 -0.042523
v 0.127412 -0.076046 -0.035730
v 0.132318 -0.074090 -0.027949
v 0.128345 -0.068188 -0.034754
v 0.126803 -0.083457 -0.037774
v 0.102284 -0.092915 -0.062051
v 0.105319 -0.085994 -0.060786
v 0.114371 -0.111218 -0.057863
v 0.127098 -0.090449 -0.038810
v 0.118279 -0.088647 -0.049886
v 0.122275 -0.094095 -0.044956
v 0.116157 -0.105947 -0.054300
v 0.114689 -0.098259 -0.052708
v 0.123622 -0.100411 -0.047596
v 0.097645 -0.555625 -0.112225
v 0.054320 -0.554161 -0.117862
v 0.047830 -0.551458 -0.117327
v 0.055314 -0.532179 -0.117159
v 0.107867 -0.516344 -0.106341
v 0.099012 -0.525252 -0.110557
v 0.098316 -0.531071 -0.111226
v 0.106447 -0.528473 -0.106899
v 0.072549 -0.534164 -0.117165
v 0.080335 -0.533562 -0.115892
v 0.076094 -0.539443 -0.116907
v 0.077151 -0.526219 -0.116454
v 0.083332 -0.524172 -0.115698
v 0.091690 -0.519695 -0.112935
v 0.066271 -0.524148 -0.116810
v 0.092827 -0.527176 -0.112905
v 0.099480 -0.516456 -0.110490
v 0.104894 -0.479536 -0.106873
v 0.104533 -0.498398 -0.107553
v 0.104749 -0.508145 -0.108598
v 0.064403 -0.097703 -0.081313
v 0.156785 -0.525124 -0.050013
v 0.167593 -0.513363 -0.033597
v 0.172973 -0.513267 -0.023604
v 0.127533 -0.553207 -0.092215
v 0.122392 -0.552947 -0.097314
v 0.122603 -0.542319 -0.096625
v 0.117939 -0.536320 -0.100838
v 0.032827 -0.505650 -0.111722
v 0.055697 -0.391326 -0.112974
v 0.035117 -0.392007 -0.109676
v 0.035574 -0.360943 -0.111649
v 0.187186 -0.444579 -0.007214
v 0.185223 -0.430731 -0.015732
v 0.189604 -0.430439 -0.003383
v 0.181142 -0.430229 -0.024342
v 0.174629 -0.444362 -0.033151
v 0.177483 -0.436530 -0.029474
v 0.179808 -0.444518 -0.024077
v 0.169185 -0.434492 -0.042275
v 0.174119 -0.430547 -0.035832
v 0.168249 -0.426541 -0.044531
v 0.188465 -0.393463 -0.013737
v 0.187765 -0.400461 -0.016419
v 0.187920 -0.386987 -0.016612
v 0.183824 -0.382204 -0.028499
v 0.186745 -0.382326 -0.021798
v 0.186307 -0.374487 -0.025111
v 0.189505 -0.371792 -0.017686
v 0.190443 -0.358747 -0.018990
v 0.190428 -0.365165 -0.016189
v 0.186374 -0.364401 -0.024752
v 0.192075 -0.359718 -0.011493
v 0.192164 -0.350974 -0.014475
v 0.176329 -0.348141 -0.041177
v 0.188381 -0.350117 -0.024156
v 0.180428 -0.358153 -0.034308
v 0.186615 -0.357290 -0.025628
v 0.182757 -0.363312 -0.030782
v 0.180169 -0.399600 -0.031748
v 0.183218 -0.403145 -0.025958
v 0.183085 -0.410969 -0.024366
v 0.185545 -0.398673 -0.022265
v 0.042613 -0.220057 -0.123173
v 0.011210 -0.328280 -0.113443
v 0.176450 -0.257831 -0.035730
v 0.174920 -0.269079 -0.043410
v 0.176311 -0.264573 -0.038046
v 0.144196 -0.208330 -0.075194
v 0.161112 -0.182155 -0.046424
v 0.172532 -0.183095 -0.030960
v 0.173976 -0.192851 -0.031697
v 0.182207 -0.296091 -0.037309
v 0.184868 -0.300120 -0.030774
v 0.176671 -0.297484 -0.045634
v 0.174847 -0.287888 -0.045973
v 0.178765 -0.291276 -0.041593
v 0.054877 -0.200089 -0.115825
v 0.039486 -0.156747 -0.105511
v 0.045855 -0.161357 -0.105564
v 0.164389 -0.158746 -0.033763
v 0.160187 -0.152968 -0.034335
v 0.133579 -0.158690 -0.067366
v 0.144982 -0.154482 -0.055700
v 0.149905 -0.156753 -0.049430
v 0.148786 -0.162348 -0.057921
v 0.145670 -0.145435 -0.052137
v 0.148872 -0.145247 -0.045486
v 0.148315 -0.127887 -0.034621
v 0.111854 -0.089230 -0.054634
v 0.109238 -0.105508 -0.060213
v 0.050898 -0.537061 -0.117240
v 0.062385 -0.538951 -0.117450
v 0.056987 -0.543381 -0.117982
v 0.069225 -0.540271 -0.116876
v 0.105309 -0.522391 -0.107741
v 0.057965 -0.525360 -0.117407
v 0.041141 -0.524281 -0.115374
v 0.049972 -0.518518 -0.116263
v 0.049317 -0.526269 -0.116294
v 0.041793 -0.535153 -0.116383
v 0.035308 -0.519915 -0.114092
v 0.032502 -0.537262 -0.115287
v 0.042130 -0.517651 -0.114696
v 0.029571 -0.526976 -0.113822
v 0.037267 -0.531641 -0.115664
v 0.071936 -0.515113 -0.116733
v 0.076487 -0.518738 -0.115957
v 0.090787 -0.506147 -0.112603
v 0.094228 -0.511034 -0.111421
v 0.117042 -0.503943 -0.100975
v 0.149689 -0.533087 -0.060254
v 0.167968 -0.523175 -0.030557
v 0.166221 -0.520999 -0.033906
v 0.170275 -0.517626 -0.027337
v 0.168956 -0.501407 -0.033550
v 0.157268 -0.493502 -0.053747
v 0.165711 -0.497096 -0.039748
v 0.162636 -0.501576 -0.044192
v 0.170488 -0.489542 -0.033348
v 0.050924 -0.402440 -0.112130
v 0.032535 -0.387743 -0.109494
v 0.049863 -0.378202 -0.112767
v 0.028367 -0.357198 -0.110747
v 0.040472 -0.337715 -0.113509
v 0.183909 -0.445311 -0.015932
v 0.185439 -0.450632 -0.011332
v 0.176533 -0.453757 -0.028730
v 0.181254 -0.453855 -0.019683
v 0.170563 -0.452338 -0.038041
v 0.144228 -0.421334 -0.075208
v 0.184187 -0.338265 -0.033223
v 0.177324 -0.414335 -0.033250
v 0.180486 -0.393313 -0.032021
v 0.171980 -0.246940 -0.046891
v 0.175514 -0.277554 -0.042097
v 0.178489 -0.272471 -0.035405
v 0.155847 -0.203590 -0.061003
v 0.162659 -0.191090 -0.047466
v 0.166931 -0.184144 -0.041662
v 0.175346 -0.184665 -0.022009
v 0.175948 -0.191302 -0.024057
v 0.172581 -0.174884 -0.023696
v 0.167994 -0.167246 -0.033914
v 0.175227 -0.178844 -0.019937
v 0.161214 -0.274406 -0.065381
v 0.046936 -0.209241 -0.119497
v 0.027196 -0.160558 -0.109363
v 0.033849 -0.147213 -0.102915
v 0.054730 -0.154995 -0.101572
v 0.141680 -0.160208 -0.062042
v 0.142351 -0.183924 -0.069243
v 0.144840 -0.168529 -0.063716
v 0.154267 -0.184717 -0.059497
v 0.137604 -0.166243 -0.068186
v 0.157877 -0.184514 -0.052894
v 0.150998 -0.174731 -0.058961
v 0.146941 -0.180488 -0.064213
v 0.152576 -0.197955 -0.064355
v 0.146807 -0.191935 -0.068828
v 0.138526 -0.175774 -0.070901
v 0.125533 -0.166901 -0.078681
v 0.154381 -0.166823 -0.051847
v 0.147853 -0.201860 -0.069231
v 0.131862 -0.171647 -0.076876
v 0.161135 -0.166343 -0.041075
v 0.142843 -0.199373 -0.074454
v 0.123630 -0.176721 -0.082404
v 0.166275 -0.176300 -0.036760
v 0.106826 -0.210878 -0.103608
v 0.170187 -0.173813 -0.029240
v 0.125906 -0.207994 -0.090721
v 0.135220 -0.205726 -0.083728
v 0.139561 -0.204733 -0.079009
v 0.136485 -0.121725 -0.043047
v 0.143058 -0.111851 -0.030823
v 0.140741 -0.123180 -0.038612
v 0.137053 -0.114115 -0.037440
v 0.105994 -0.098323 -0.060895
v 0.095413 -0.127756 -0.078053
v 0.093418 -0.107650 -0.070508
v 0.063041 -0.532615 -0.117485
v 0.054064 -0.506167 -0.115560
v 0.045457 -0.504100 -0.114761
v 0.048445 -0.510730 -0.115228
v 0.055569 -0.512313 -0.116494
v 0.065930 -0.505262 -0.116487
v 0.066657 -0.518481 -0.116764
v 0.080068 -0.508518 -0.115462
v 0.111595 -0.509271 -0.104483
v 0.110853 -0.503078 -0.105106
v 0.112788 -0.488902 -0.102567
v 0.115267 -0.497694 -0.102313
v 0.108700 -0.493544 -0.105194
v 0.100953 -0.488942 -0.108829
v 0.118609 -0.511579 -0.099120
v 0.121178 -0.522667 -0.098004
v 0.121506 -0.530616 -0.097976
v 0.114097 -0.524522 -0.103447
v 0.116199 -0.530684 -0.102302
v 0.122153 -0.516634 -0.097255
v 0.127553 -0.520499 -0.092117
v 0.142703 -0.507494 -0.073387
v 0.133990 -0.486163 -0.085250
v 0.126496 -0.495818 -0.093495
v 0.120834 -0.497513 -0.097878
v 0.125458 -0.504323 -0.093964
v 0.135705 -0.512693 -0.083043
v 0.120998 -0.506944 -0.097955
v 0.130736 -0.514971 -0.089120
v 0.131465 -0.506738 -0.088495
v 0.134145 -0.521407 -0.084391
v 0.136499 -0.497792 -0.082362
v 0.142282 -0.526513 -0.072483
v 0.138101 -0.525858 -0.079046
v 0.141304 -0.516902 -0.074941
v 0.139437 -0.533736 -0.076472
v 0.135843 -0.533657 -0.081765
v 0.144780 -0.535138 -0.068778
v 0.141319 -0.539772 -0.072804
v 0.154352 -0.530294 -0.052868
v 0.153327 -0.536972 -0.053472
v 0.148922 -0.520673 -0.063048
v 0.152674 -0.522538 -0.056736
v 0.153417 -0.510010 -0.057684
v 0.152132 -0.516414 -0.059020
v 0.147463 -0.512211 -0.066484
v 0.162820 -0.516248 -0.041047
v 0.157482 -0.506223 -0.051621
v 0.042436 -0.400485 -0.110841
v 0.048482 -0.395295 -0.112357
v 0.048760 -0.385592 -0.112532
v 0.056162 -0.376556 -0.113383
v 0.056311 -0.383632 -0.113200
v 0.038804 -0.382270 -0.110920
v 0.035797 -0.375822 -0.110498
v 0.042856 -0.359303 -0.112776
v 0.041272 -0.370895 -0.111824
v 0.037029 -0.348961 -0.112785
v 0.030266 -0.341956 -0.112849
v 0.176883 -0.447494 -0.028797
v 0.181122 -0.464101 -0.018245
v 0.184293 -0.457133 -0.012729
v 0.175645 -0.467678 -0.028144
v 0.173436 -0.456315 -0.032955
v 0.156007 -0.466958 -0.057604
v 0.159606 -0.460436 -0.053234
v 0.167976 -0.461430 -0.040968
v 0.161574 -0.447200 -0.051716
v 0.168718 -0.467287 -0.039031
v 0.163012 -0.471279 -0.047438
v 0.156262 -0.426881 -0.060783
v 0.183453 -0.350317 -0.031718
v 0.179253 -0.352213 -0.036781
v 0.180007 -0.408225 -0.030228
v 0.179421 -0.281425 -0.036384
v 0.171165 -0.188598 -0.037671
v 0.172211 -0.168713 -0.020577
v 0.168658 -0.161538 -0.027350
v 0.169611 -0.275532 -0.053571
v 0.066370 -0.217131 -0.119095
v 0.036015 -0.208651 -0.121194
v 0.024893 -0.145804 -0.103709
v 0.100622 -0.146859 -0.083689
v 0.114385 -0.157704 -0.080103
v 0.118657 -0.163785 -0.080065
v 0.124435 -0.156711 -0.074498
v 0.133239 -0.184971 -0.079995
v 0.133832 -0.178716 -0.076659
v 0.137431 -0.182918 -0.074726
v 0.138931 -0.190263 -0.077454
v 0.136063 -0.198060 -0.081971
v 0.129463 -0.200980 -0.087023
v 0.112275 -0.195353 -0.097302
v 0.129045 -0.191782 -0.085515
v 0.120536 -0.200079 -0.093221
v 0.101032 -0.103137 -0.065518
v 0.088266 -0.100854 -0.072566
v 0.089877 -0.093944 -0.069900
v 0.096656 -0.093298 -0.065643
v 0.082711 -0.095829 -0.073961
v 0.094621 -0.099336 -0.067705
v 0.108820 -0.116677 -0.064997
v 0.102255 -0.111637 -0.066314
v 0.095788 -0.116085 -0.072542
v 0.085920 -0.511136 -0.114267
v 0.073124 -0.507611 -0.116206
v 0.107111 -0.485819 -0.105786
v 0.098462 -0.500576 -0.110214
v 0.073015 -0.475160 -0.115412
v 0.077321 -0.490908 -0.115215
v 0.048952 -0.483450 -0.114110
v 0.076983 -0.499947 -0.115647
v 0.042542 -0.478811 -0.112663
v 0.043511 -0.488298 -0.113414
v 0.051564 -0.496340 -0.115210
v 0.066631 -0.495153 -0.116268
v 0.085237 -0.494753 -0.114385
v 0.059768 -0.486665 -0.114894
v 0.044812 -0.493726 -0.114121
v 0.083510 -0.500577 -0.114366
v 0.114147 -0.516152 -0.102678
v 0.138570 -0.508126 -0.078895
v 0.133259 -0.496835 -0.086366
v 0.128917 -0.499222 -0.090345
v 0.149659 -0.490467 -0.065075
v 0.144881 -0.520446 -0.069323
v 0.146239 -0.526517 -0.066711
v 0.144129 -0.512980 -0.071407
v 0.157845 -0.515446 -0.049840
v 0.050689 -0.370560 -0.113133
v 0.059606 -0.356961 -0.114343
v 0.052992 -0.363293 -0.113797
v 0.047999 -0.353364 -0.113630
v 0.060494 -0.365931 -0.113787
v 0.030513 -0.349146 -0.112198
v 0.024921 -0.331564 -0.113835
v 0.035002 -0.338215 -0.113368
v 0.162232 -0.429658 -0.052864
v 0.173874 -0.410070 -0.038655
v 0.161100 -0.394371 -0.057575
v 0.164955 -0.402966 -0.051896
v 0.168368 -0.409236 -0.046800
v 0.174448 -0.393801 -0.040254
v 0.174107 -0.417966 -0.037282
v 0.172232 -0.277651 -0.048826
v 0.171792 -0.267871 -0.051418
v 0.169166 -0.284655 -0.056492
v 0.165879 -0.272170 -0.058781
v 0.150190 -0.252761 -0.077900
v 0.157529 -0.262582 -0.071423
v 0.161656 -0.252797 -0.063017
v 0.166971 -0.256235 -0.055187
v 0.155856 -0.249571 -0.072119
v 0.158178 -0.254421 -0.068429
v 0.153589 -0.256947 -0.074990
v 0.146203 -0.273113 -0.083951
v 0.144599 -0.262387 -0.085356
v 0.143979 -0.232078 -0.080967
v 0.153131 -0.237178 -0.073185
v 0.053807 -0.213840 -0.119884
v 0.062960 -0.204461 -0.115753
v 0.085001 -0.205098 -0.109752
v 0.071330 -0.205783 -0.114306
v 0.115815 -0.148380 -0.075638
v 0.115940 -0.184926 -0.090530
v 0.125768 -0.184519 -0.084071
v 0.128584 -0.179950 -0.080473
v 0.119865 -0.181546 -0.085830
v 0.116704 -0.209056 -0.098369
v 0.124768 -0.196394 -0.088922
v 0.121696 -0.189716 -0.089062
v 0.116151 -0.190625 -0.093960
v 0.082205 -0.101615 -0.075248
v 0.085452 -0.106719 -0.074598
v 0.078153 -0.122210 -0.082344
v 0.080375 -0.111375 -0.077122
v 0.074392 -0.099851 -0.077732
v 0.076950 -0.092494 -0.076100
v 0.109130 -0.112099 -0.062673
v 0.104681 -0.125087 -0.070517
v 0.100584 -0.494611 -0.109618
v 0.046245 -0.466607 -0.112394
v 0.038172 -0.458964 -0.110702
v 0.034004 -0.464081 -0.110242
v 0.059455 -0.499292 -0.115690
v 0.057829 -0.492739 -0.115575
v 0.089335 -0.480036 -0.112662
v 0.092405 -0.488747 -0.112002
v 0.098007 -0.483231 -0.110423
v 0.069007 -0.487465 -0.115909
v 0.064514 -0.478729 -0.115579
v 0.076949 -0.481217 -0.115097
v 0.058953 -0.480910 -0.115130
v 0.060853 -0.464482 -0.114151
v 0.070178 -0.480461 -0.115376
v 0.082156 -0.473662 -0.113925
v 0.083951 -0.485466 -0.113614
v 0.066261 -0.473082 -0.115325
v 0.057990 -0.472507 -0.114958
v 0.089534 -0.500827 -0.113054
v 0.134211 -0.501930 -0.085195
v 0.130403 -0.490908 -0.088889
v 0.122556 -0.482879 -0.095665
v 0.128754 -0.483201 -0.090244
v 0.121730 -0.490289 -0.096628
v 0.126647 -0.465204 -0.092093
v 0.126390 -0.475319 -0.092870
v 0.139895 -0.492111 -0.078279
v 0.149378 -0.499921 -0.064685
v 0.160505 -0.509537 -0.045811
v 0.043751 -0.348279 -0.113234
v 0.159934 -0.438055 -0.054749
v 0.146121 -0.450917 -0.072054
v 0.158194 -0.432400 -0.057651
v 0.152902 -0.441812 -0.064184
v 0.151878 -0.450483 -0.064145
v 0.149250 -0.446177 -0.067675
v 0.141485 -0.436282 -0.077168
v 0.147376 -0.439805 -0.071301
v 0.148718 -0.464384 -0.068211
v 0.143009 -0.445003 -0.076007
v 0.146562 -0.430056 -0.072166
v 0.148427 -0.456056 -0.068168
v 0.153920 -0.459400 -0.061294
v 0.136516 -0.456914 -0.082688
v 0.142795 -0.458940 -0.075982
v 0.151132 -0.422967 -0.067661
v 0.157388 -0.452724 -0.056835
v 0.152114 -0.477971 -0.062723
v 0.133020 -0.449691 -0.086007
v 0.161858 -0.464697 -0.049760
v 0.138448 -0.442292 -0.081057
v 0.139273 -0.450292 -0.080120
v 0.158694 -0.413702 -0.059070
v 0.165178 -0.414551 -0.050676
v 0.163852 -0.423219 -0.051145
v 0.156034 -0.400707 -0.063237
v 0.152325 -0.412081 -0.066915
v 0.163558 -0.374724 -0.056346
v 0.177806 -0.383715 -0.037156
v 0.135384 -0.220132 -0.088328
v 0.057815 -0.227905 -0.122529
v 0.082274 -0.236557 -0.119449
v 0.068849 -0.231946 -0.121719
v 0.110606 -0.151059 -0.080148
v 0.129857 -0.143952 -0.064543
v 0.123991 -0.147103 -0.071787
v 0.131622 -0.151135 -0.067003
v 0.138083 -0.147041 -0.059574
v 0.138654 -0.153936 -0.061383
v 0.120694 -0.205992 -0.094146
v 0.108653 -0.203991 -0.099963
v 0.114585 -0.201428 -0.097073
v 0.097325 -0.205248 -0.105930
v 0.102521 -0.200218 -0.101672
v 0.105140 -0.186563 -0.096100
v 0.107057 -0.198166 -0.099760
v 0.089226 -0.121772 -0.078066
v 0.087975 -0.113551 -0.075651
v 0.082277 -0.116838 -0.078819
v 0.066063 -0.113741 -0.083276
v 0.054254 -0.109698 -0.084579
v 0.064916 -0.108968 -0.082237
v 0.050354 -0.121837 -0.089612
v 0.033690 -0.126284 -0.094866
v 0.040215 -0.131411 -0.095174
v 0.039651 -0.141070 -0.098937
v 0.051321 -0.114833 -0.087154
v 0.062741 -0.120568 -0.086185
v 0.031367 -0.120076 -0.092554
v 0.051041 -0.136714 -0.095432
v 0.039852 -0.117647 -0.090265
v 0.035439 -0.110792 -0.089027
v 0.042959 -0.110467 -0.087735
v 0.098171 -0.122538 -0.073626
v 0.102961 -0.118882 -0.069011
v 0.121578 -0.122808 -0.056243
v 0.109929 -0.122238 -0.066373
v 0.113709 -0.133816 -0.070674
v 0.116412 -0.128190 -0.066078
v 0.047536 -0.473960 -0.113431
v 0.115719 -0.474753 -0.100887
v 0.113251 -0.481817 -0.102397
v 0.118728 -0.480108 -0.098948
v 0.141573 -0.479916 -0.076406
v 0.142612 -0.498670 -0.073801
v 0.144015 -0.492067 -0.072455
v 0.142198 -0.486136 -0.075109
v 0.138387 -0.484177 -0.080001
v 0.134454 -0.474421 -0.084462
v 0.133041 -0.480650 -0.086251
v 0.145642 -0.502616 -0.069343
v 0.149740 -0.506336 -0.062994
v 0.153445 -0.501521 -0.058503
v 0.152045 -0.430233 -0.066505
v 0.150864 -0.435620 -0.066874
v 0.142643 -0.452891 -0.076225
v 0.155361 -0.419381 -0.062163
v 0.159803 -0.421915 -0.056660
v 0.126569 -0.387488 -0.092186
v 0.140491 -0.400552 -0.080132
v 0.146155 -0.406150 -0.074062
v 0.151703 -0.397170 -0.067956
v 0.152197 -0.404918 -0.067501
v 0.168498 -0.391022 -0.048644
v 0.173921 -0.371866 -0.042627
v 0.167517 -0.369407 -0.051633
v 0.172548 -0.357290 -0.045566
v 0.178041 -0.365104 -0.037401
v 0.181471 -0.387381 -0.032013
v 0.133015 -0.212337 -0.088207
v 0.139932 -0.212136 -0.082500
v 0.147938 -0.220685 -0.074616
v 0.152108 -0.215130 -0.070541
v 0.138936 -0.225780 -0.085712
v 0.159655 -0.220624 -0.062077
v 0.145840 -0.226191 -0.078007
v 0.152920 -0.228196 -0.070513
v 0.156475 -0.217671 -0.066758
v 0.119136 -0.229421 -0.101552
v 0.126879 -0.215417 -0.092694
v 0.087297 -0.224098 -0.115181
v 0.076700 -0.216450 -0.115904
v 0.088755 -0.217694 -0.113833
v 0.080352 -0.230439 -0.117912
v 0.102842 -0.242067 -0.113164
v 0.089622 -0.239459 -0.118754
v 0.089785 -0.231784 -0.116335
v 0.103166 -0.220944 -0.108256
v 0.097650 -0.236346 -0.114978
v 0.094923 -0.226567 -0.113256
v 0.096034 -0.216181 -0.111301
v 0.109685 -0.235500 -0.108591
v 0.132844 -0.139325 -0.058083
v 0.140341 -0.133838 -0.048233
v 0.125089 -0.129204 -0.059074
v 0.091345 -0.196918 -0.106475
v 0.083326 -0.193623 -0.107538
v 0.061267 -0.184175 -0.110074
v 0.089966 -0.182560 -0.100626
v 0.090348 -0.189246 -0.103962
v 0.057634 -0.191228 -0.113281
v 0.083676 -0.185229 -0.104315
v 0.072609 -0.181015 -0.105914
v 0.075436 -0.115235 -0.080826
v 0.043424 -0.124962 -0.092231
v 0.103772 -0.130523 -0.074757
v 0.122207 -0.471667 -0.096829
v 0.112871 -0.459218 -0.102177
v 0.120568 -0.461428 -0.096900
v 0.096957 -0.463491 -0.110038
v 0.099086 -0.473303 -0.109310
v 0.079072 -0.455202 -0.114185
v 0.072453 -0.463532 -0.115080
v 0.095914 -0.479372 -0.111416
v 0.077772 -0.467370 -0.114108
v 0.087704 -0.465610 -0.112327
v 0.093109 -0.469352 -0.111315
v 0.081628 -0.461638 -0.113893
v 0.088779 -0.459009 -0.112079
v 0.088925 -0.473767 -0.112912
v 0.141742 -0.468888 -0.076134
v 0.130500 -0.470003 -0.088345
v 0.132560 -0.463167 -0.086894
v 0.127667 -0.455959 -0.091572
v 0.137598 -0.463695 -0.080987
v 0.137935 -0.470571 -0.080972
v 0.134498 -0.409587 -0.085684
v 0.146859 -0.399099 -0.073610
v 0.147112 -0.382977 -0.074072
v 0.148652 -0.390700 -0.072165
v 0.142899 -0.389073 -0.078300
v 0.154701 -0.383941 -0.065859
v 0.155906 -0.391203 -0.063956
v 0.137376 -0.386098 -0.083548
v 0.161017 -0.348445 -0.062074
v 0.159691 -0.208559 -0.058250
v 0.163377 -0.215844 -0.053960
v 0.149474 -0.232000 -0.075151
v 0.115184 -0.217909 -0.102601
v 0.090979 -0.210425 -0.110922
v 0.109295 -0.223963 -0.106014
v 0.101643 -0.231771 -0.111145
v 0.127974 -0.137332 -0.061368
v 0.121633 -0.134509 -0.066310
v 0.123578 -0.140248 -0.067232
v 0.109749 -0.139526 -0.074092
v 0.105917 -0.144465 -0.079877
v 0.096732 -0.199375 -0.104668
v 0.091374 -0.203059 -0.107518
v 0.064818 -0.174505 -0.106355
v 0.093928 -0.139565 -0.083066
v 0.078678 -0.130051 -0.085762
v 0.087841 -0.134214 -0.083462
v 0.083781 -0.128057 -0.082621
v 0.090913 -0.128658 -0.080428
v 0.115190 -0.466276 -0.100948
v 0.108009 -0.471236 -0.105278
v 0.110299 -0.477747 -0.104552
v 0.109241 -0.452526 -0.104391
v 0.105511 -0.443447 -0.105247
v 0.114993 -0.446276 -0.100778
v 0.064270 -0.453474 -0.114580
v 0.144183 -0.463707 -0.073561
v 0.147097 -0.472534 -0.069160
v 0.128495 -0.448395 -0.090407
v 0.138659 -0.416023 -0.081569
v 0.132483 -0.402257 -0.087481
v 0.137391 -0.420360 -0.082696
v 0.151481 -0.377793 -0.069888
v 0.135539 -0.370718 -0.085458
v 0.144739 -0.374157 -0.076814
v 0.139532 -0.379760 -0.081859
v 0.168026 -0.349247 -0.053028
v 0.112814 -0.212584 -0.101910
v 0.119941 -0.216684 -0.099468
v 0.057699 -0.177097 -0.108582
v 0.077726 -0.165677 -0.098842
v 0.102792 -0.466547 -0.107309
v 0.109001 -0.464528 -0.104572
v 0.103678 -0.458323 -0.107045
v 0.097450 -0.455831 -0.109418
v 0.098157 -0.448097 -0.109080
v 0.102819 -0.452179 -0.107215
v 0.088712 -0.413238 -0.110905
v 0.095739 -0.431021 -0.109321
v 0.098985 -0.438784 -0.108381
v 0.084073 -0.440079 -0.112366
v 0.091501 -0.437027 -0.110786
v 0.090939 -0.445341 -0.111179
v 0.081441 -0.446305 -0.113366
v 0.065724 -0.460694 -0.114535
v 0.072152 -0.456407 -0.114946
v 0.074810 -0.445921 -0.114258
v 0.151441 -0.472140 -0.064347
v 0.147546 -0.480556 -0.068813
v 0.143624 -0.474713 -0.074161
v 0.129309 -0.396013 -0.090167
v 0.110664 -0.406954 -0.102175
v 0.119569 -0.399845 -0.096842
v 0.140245 -0.429315 -0.080117
v 0.134400 -0.434678 -0.084921
v 0.126232 -0.437693 -0.092587
v 0.172942 -0.351184 -0.045834
v 0.164054 -0.362537 -0.056711
v 0.161009 -0.353992 -0.061480
v 0.157028 -0.359322 -0.065124
v 0.153184 -0.363062 -0.068376
v 0.074438 -0.172180 -0.102232
v 0.082280 -0.176332 -0.101513
v 0.087186 -0.167419 -0.097237
v 0.100293 -0.177635 -0.094557
v 0.070750 -0.407394 -0.113465
v 0.072848 -0.388670 -0.112875
v 0.064883 -0.388980 -0.113558
v 0.069388 -0.380131 -0.113294
v 0.062362 -0.379906 -0.113479
v 0.068047 -0.397039 -0.112916
v 0.102898 -0.363144 -0.105491
v 0.060759 -0.404828 -0.113269
v 0.088860 -0.376604 -0.110018
v 0.079990 -0.380206 -0.111892
v 0.112349 -0.426007 -0.100945
v 0.107139 -0.434371 -0.104287
v 0.101663 -0.433147 -0.107190
v 0.072451 -0.430905 -0.113382
v 0.084740 -0.428912 -0.112092
v 0.124294 -0.409523 -0.093515
v 0.126521 -0.402864 -0.092133
v 0.130062 -0.432883 -0.089314
v 0.120275 -0.441530 -0.096703
v 0.114571 -0.437598 -0.100507
v 0.126786 -0.423499 -0.091742
v 0.159559 -0.366386 -0.061409
v 0.066644 -0.165926 -0.102890
v 0.060538 -0.160707 -0.102502
v 0.071669 -0.152837 -0.095985
v 0.064477 -0.153110 -0.098471
v 0.060811 -0.137477 -0.093066
v 0.082029 -0.138387 -0.087579
v 0.089867 -0.145406 -0.086715
v 0.066503 -0.143182 -0.093572
v 0.077453 -0.139299 -0.089616
v 0.079385 -0.154842 -0.094890
v 0.104470 -0.170744 -0.091448
v 0.110520 -0.164300 -0.085669
v 0.106136 -0.156513 -0.084864
v 0.096370 -0.150964 -0.086686
v 0.100683 -0.160661 -0.088329
v 0.090995 -0.161943 -0.093157
v 0.089029 -0.153251 -0.090799
v 0.082431 -0.146430 -0.090480
v 0.109310 -0.179353 -0.091890
v 0.063676 -0.416295 -0.113475
v 0.055081 -0.409177 -0.112831
v 0.056960 -0.398799 -0.113224
v 0.062216 -0.394482 -0.113228
v 0.077387 -0.364264 -0.112537
v 0.071426 -0.364154 -0.113432
v 0.074005 -0.373463 -0.112979
v 0.091901 -0.396025 -0.109622
v 0.076493 -0.437628 -0.113577
v 0.068936 -0.441555 -0.114196
v 0.067880 -0.447823 -0.114645
v 0.079084 -0.431789 -0.113183
v 0.129748 -0.408101 -0.089579
v 0.131774 -0.419256 -0.087625
v 0.133762 -0.427495 -0.085987
v 0.126571 -0.415836 -0.091803
v 0.119664 -0.421157 -0.097196
v 0.071909 -0.129096 -0.087279
v 0.068654 -0.119206 -0.084301
v 0.098743 -0.171133 -0.093354
v 0.065055 -0.409200 -0.113583
v 0.075876 -0.417854 -0.113206
v 0.056647 -0.429823 -0.113589
v 0.069813 -0.340299 -0.113618
v 0.088300 -0.351121 -0.110021
v 0.083047 -0.389992 -0.111189
v 0.078982 -0.399550 -0.112290
v 0.121017 -0.431092 -0.096485
v 0.111652 -0.418454 -0.102218
v 0.102095 -0.422611 -0.106309
v 0.070742 -0.414255 -0.113484
v 0.057170 -0.420876 -0.113220
v 0.065705 -0.424422 -0.113651
v 0.047447 -0.423665 -0.112156
v 0.072406 -0.423866 -0.113555
v 0.043875 -0.441436 -0.111554
v 0.039077 -0.431078 -0.110132
v 0.045371 -0.417324 -0.111074
v 0.048878 -0.432254 -0.111746
v 0.042773 -0.426094 -0.110915
v 0.056050 -0.437117 -0.113386
v 0.064498 -0.434585 -0.114157
v 0.065893 -0.354153 -0.114032
v 0.080749 -0.355406 -0.111846
v 0.086500 -0.383524 -0.110395
v 0.077930 -0.393943 -0.112288
v 0.090011 -0.405128 -0.110233
v 0.100924 -0.401462 -0.106014
v 0.081106 -0.408370 -0.112193
v 0.094822 -0.400822 -0.108544
v 0.097235 -0.410158 -0.108314
v 0.086116 -0.422057 -0.111796
v 0.094490 -0.420325 -0.109204
v 0.104589 -0.409010 -0.105416
v 0.102031 -0.415372 -0.106170
v 0.125468 -0.429307 -0.092503
v 0.117091 -0.410901 -0.098570
v 0.116260 -0.404687 -0.098722
v 0.120995 -0.415441 -0.096052
v 0.114369 -0.421756 -0.100561
v 0.108184 -0.423374 -0.103782
v 0.034431 -0.445095 -0.109149
v 0.038933 -0.449500 -0.110926
v 0.031444 -0.451364 -0.108376
v 0.073945 -0.353425 -0.113254
v 0.075805 -0.342865 -0.112804
v 0.092542 -0.358882 -0.109167
v 0.089146 -0.367505 -0.110004
v 0.095962 -0.364865 -0.108138
v 0.045955 -0.446763 -0.111723
v 0.056527 -0.339528 -0.114374
v 0.051154 -0.347013 -0.113966
v 0.103328 -0.348690 -0.105519
v 0.044583 -0.453793 -0.111697
v 0.053042 -0.458460 -0.113586
v 0.045382 -0.461045 -0.112470
v 0.100107 -0.355845 -0.106771
v 0.095158 -0.347976 -0.108344
v 0.057190 -0.454483 -0.113962
v 0.054001 -0.465907 -0.113823
v 0.036873 -0.549040 -0.116962
v 0.185957 -0.467993 -0.004507
v 0.186113 -0.462018 -0.006471
v 0.188183 -0.459724 -0.001451
v 0.039335 -0.262636 -0.128882
v 0.023603 -0.271603 -0.129559
v 0.029672 -0.256910 -0.129700
v 0.037768 -0.269438 -0.129075
v 0.021914 -0.277427 -0.129422
v 0.026380 -0.286738 -0.127699
v 0.051582 -0.271386 -0.127876
v 0.049706 -0.250358 -0.126906
v 0.048817 -0.259436 -0.128008
v 0.042150 -0.281491 -0.127319
v 0.050611 -0.242493 -0.126344
v 0.061689 -0.244820 -0.125823
v 0.038534 -0.276655 -0.128371
v 0.035404 -0.283719 -0.127927
v 0.051665 -0.302177 -0.119659
v 0.038269 -0.304599 -0.120632
v 0.029272 -0.304291 -0.121691
v 0.048924 -0.290863 -0.124225
v 0.037885 -0.291393 -0.125169
v 0.040971 -0.287306 -0.126105
v 0.016948 -0.286449 -0.128165
v 0.065421 -0.263815 -0.127020
v 0.080555 -0.251475 -0.121536
v 0.059236 -0.271267 -0.127303
v 0.054547 -0.265029 -0.128241
v 0.067539 -0.257488 -0.125748
v 0.069363 -0.242905 -0.124293
v 0.077774 -0.268691 -0.123033
v 0.068764 -0.269479 -0.125728
v 0.077167 -0.246175 -0.121938
v 0.074242 -0.262126 -0.124200
v 0.088566 -0.251266 -0.119730
v 0.088193 -0.260700 -0.121110
v 0.081177 -0.259125 -0.122298
v 0.101793 -0.258764 -0.115093
v 0.093994 -0.257405 -0.118763
v 0.096989 -0.250237 -0.116976
v 0.092255 -0.245477 -0.118854
v 0.096410 -0.280249 -0.116480
v 0.091428 -0.273886 -0.119649
v 0.095099 -0.265363 -0.119279
v 0.100061 -0.272911 -0.115980
v 0.103040 -0.266437 -0.114820
v 0.119447 -0.263174 -0.106848
v 0.112814 -0.275242 -0.110093
v 0.110223 -0.263238 -0.111410
v 0.107833 -0.271390 -0.112555
v 0.105602 -0.279467 -0.112363
v 0.110836 -0.251512 -0.110123
v 0.110765 -0.243374 -0.109980
v 0.122767 -0.270600 -0.104598
v 0.116430 -0.285257 -0.107472
v 0.115287 -0.256556 -0.107974
v 0.131972 -0.247639 -0.095730
v 0.124538 -0.255604 -0.101287
v 0.143016 -0.250737 -0.086576
v 0.108303 -0.256511 -0.111500
v 0.103967 -0.250646 -0.113280
v 0.119534 -0.239012 -0.104581
v 0.118682 -0.277879 -0.106417
v 0.135312 -0.269638 -0.095346
v 0.112635 -0.280957 -0.109351
v 0.118340 -0.248063 -0.106335
v 0.128947 -0.270843 -0.099416
v 0.132892 -0.260112 -0.095905
v 0.124938 -0.244825 -0.100836
v 0.125387 -0.264554 -0.102162
v 0.129765 -0.236205 -0.094889
v 0.129504 -0.223433 -0.092647
v 0.137439 -0.233272 -0.088261
v 0.086048 -0.267410 -0.121985
v 0.141538 -0.321251 -0.086034
v 0.136405 -0.344386 -0.085814
v 0.140991 -0.358160 -0.081064
v 0.145511 -0.360521 -0.076692
v 0.133508 -0.357550 -0.087487
v 0.139644 -0.350014 -0.082667
v 0.115586 -0.233811 -0.105166
v 0.138577 -0.250815 -0.091084
v 0.137197 -0.262065 -0.093201
v 0.140669 -0.266705 -0.090764
v 0.124035 -0.234896 -0.099429
v 0.132201 -0.228589 -0.091095
v 0.146697 -0.242923 -0.080943
v 0.130905 -0.299970 -0.095641
v 0.118487 -0.372232 -0.097385
v 0.121525 -0.357139 -0.095711
v 0.126778 -0.369322 -0.091948
v 0.128297 -0.356434 -0.091533
v 0.146474 -0.249755 -0.082205
v 0.143264 -0.237802 -0.084031
v 0.125850 -0.290535 -0.100339
v 0.125169 -0.343520 -0.094055
v 0.131873 -0.380704 -0.088092
v 0.121670 -0.366214 -0.095513
v 0.112486 -0.364068 -0.100824
v 0.109298 -0.355549 -0.102654
v 0.113715 -0.342271 -0.099979
v 0.114287 -0.355067 -0.100037
v 0.123215 -0.284788 -0.103013
v 0.134329 -0.278833 -0.095010
v 0.130653 -0.286247 -0.097438
v 0.136519 -0.293141 -0.093417
v 0.130278 -0.293738 -0.096884
v 0.142844 -0.304950 -0.087746
v 0.137546 -0.300401 -0.091341
v 0.132640 -0.309757 -0.094004
v 0.130127 -0.373904 -0.089697
v 0.120684 -0.381926 -0.095987
v 0.131229 -0.387284 -0.088753
v 0.140375 -0.311359 -0.089223
v 0.123411 -0.327192 -0.096745
v 0.123913 -0.375789 -0.093994
v 0.118306 -0.390166 -0.097172
v 0.111196 -0.396864 -0.101403
v 0.107447 -0.402372 -0.103909
v 0.104813 -0.380159 -0.104278
v 0.101506 -0.372057 -0.105889
v 0.095703 -0.382572 -0.107807
v 0.112719 -0.384012 -0.100646
v 0.107023 -0.368190 -0.103582
v 0.094697 -0.372383 -0.108454
v 0.102016 -0.390957 -0.105721
v 0.091560 -0.388687 -0.109457
v 0.111285 -0.375249 -0.101109
v 0.107235 -0.386964 -0.103516
v 0.130715 -0.320405 -0.093170
v 0.116851 -0.303627 -0.103969
v 0.135077 -0.316308 -0.091274
v 0.136093 -0.331304 -0.086737
v 0.115204 -0.295946 -0.106298
v 0.105776 -0.291826 -0.110632
v 0.100761 -0.287180 -0.113934
v 0.125032 -0.307374 -0.099851
v 0.135639 -0.324371 -0.088679
v 0.129026 -0.328728 -0.092950
v 0.130469 -0.338236 -0.090745
v 0.139237 -0.336201 -0.083691
v 0.152455 -0.333690 -0.073911
v 0.145414 -0.340283 -0.078010
v 0.130828 -0.344784 -0.090523
v 0.120005 -0.291073 -0.105006
v 0.123878 -0.298121 -0.100914
v 0.127898 -0.313988 -0.096678
v 0.120756 -0.339330 -0.096669
v 0.144856 -0.330503 -0.080791
v 0.152849 -0.345401 -0.070863
v 0.155049 -0.352065 -0.067541
v 0.148604 -0.352977 -0.073550
v 0.144525 -0.348065 -0.077838
v 0.109154 -0.286097 -0.110273
v 0.187009 -0.322169 -0.028770
v 0.187566 -0.316073 -0.026394
v 0.189684 -0.312798 -0.020187
v 0.179770 -0.318843 -0.041654
v 0.183263 -0.305773 -0.034165
v 0.187343 -0.308997 -0.025285
v 0.191591 -0.309886 -0.014905
v 0.192333 -0.320820 -0.013862
v 0.190105 -0.321904 -0.021336
v 0.192335 -0.327456 -0.016336
v 0.189687 -0.328671 -0.024601
v 0.188211 -0.335514 -0.027911
v 0.181446 -0.330689 -0.038200
v 0.185829 -0.328571 -0.031929
v 0.182550 -0.323852 -0.036665
v 0.179947 -0.312640 -0.040320
v 0.169638 -0.310616 -0.057415
v 0.174900 -0.308004 -0.049092
v 0.179376 -0.340863 -0.039216
v 0.173389 -0.301103 -0.051205
v 0.172828 -0.342343 -0.047576
v 0.166013 -0.339210 -0.057133
v 0.175274 -0.316769 -0.050546
v 0.177342 -0.313103 -0.046202
v 0.176163 -0.326787 -0.046879
v 0.166080 -0.326928 -0.059619
v 0.177397 -0.321087 -0.046490
v 0.170204 -0.318982 -0.056814
v 0.171639 -0.325686 -0.053540
v 0.167947 -0.332104 -0.056064
v 0.164100 -0.230165 -0.055392
v 0.164031 -0.240603 -0.057982
v 0.159356 -0.238460 -0.065905
v 0.127537 -0.106355 -0.044452
v 0.131789 -0.106241 -0.038887
v 0.124277 -0.112055 -0.050194
v 0.127772 -0.124111 -0.052812
v 0.132228 -0.121602 -0.048279
v 0.133359 -0.127691 -0.051620
v 0.119222 -0.116592 -0.055481
v 0.126784 -0.118511 -0.051637
v 0.172099 -0.481847 -0.032542
v 0.164391 -0.482587 -0.043840
v 0.168267 -0.477578 -0.038717
v 0.168222 -0.484271 -0.037571
v 0.161321 -0.488259 -0.048200
v 0.155349 -0.483904 -0.057141
v 0.153605 -0.490440 -0.059369
v 0.155699 -0.474202 -0.057984
v 0.151605 -0.485133 -0.063054
v 0.145746 -0.541346 -0.065860
v 0.052433 -0.487593 -0.114542
v 0.040896 -0.329802 -0.113983
v 0.157001 -0.289271 -0.073938
v 0.147044 -0.291712 -0.083278
v 0.143805 -0.297645 -0.086561
v 0.155533 -0.304731 -0.075738
v 0.149199 -0.302912 -0.082274
v 0.153041 -0.319124 -0.075930
v 0.148604 -0.323532 -0.080099
v 0.147403 -0.314481 -0.082702
v 0.153406 -0.326451 -0.074260
v 0.159687 -0.321456 -0.068271
v 0.164900 -0.315594 -0.063368
v 0.141933 -0.290015 -0.089073
v 0.140753 -0.276684 -0.089665
v 0.153152 -0.296363 -0.077707
v 0.146915 -0.308329 -0.083479
v 0.152653 -0.311770 -0.077701
v 0.159694 -0.311667 -0.070956
v 0.163799 -0.299921 -0.064676
v 0.168929 -0.299700 -0.058070
v 0.166388 -0.291627 -0.062456
v 0.165447 -0.307505 -0.063511
v 0.160825 -0.304464 -0.069952
v 0.158884 -0.296938 -0.071047
v 0.161220 -0.291363 -0.067537
v 0.158872 -0.281049 -0.069188
v 0.153588 -0.280519 -0.076327
v 0.155642 -0.270888 -0.074415
v 0.150757 -0.268707 -0.079490
v 0.163981 -0.284654 -0.063546
v 0.151081 -0.287878 -0.080273
v 0.160835 -0.332321 -0.065116
v 0.158016 -0.327561 -0.069325
v 0.161606 -0.339881 -0.062484
v 0.157581 -0.344605 -0.066032
v 0.072893 -0.108403 -0.079286
v 0.058913 -0.330678 -0.114817
v 0.050351 -0.336090 -0.114164
v 0.052318 -0.328584 -0.114556
v 0.054832 -0.278947 -0.126408
v 0.047080 -0.276612 -0.127315
v 0.057903 -0.286739 -0.125243
v 0.060587 -0.283363 -0.125582
v 0.074664 -0.310960 -0.114950
v 0.060729 -0.305051 -0.118957
v 0.061732 -0.296712 -0.121231
v 0.079649 -0.283651 -0.120429
v 0.071469 -0.291378 -0.120916
v 0.068245 -0.283650 -0.123908
v 0.047800 -0.283675 -0.126341
v 0.077309 -0.301410 -0.116095
v 0.069918 -0.303456 -0.117913
v 0.073196 -0.276639 -0.123199
v 0.082352 -0.275446 -0.121637
v 0.090278 -0.283453 -0.118518
v 0.096006 -0.299224 -0.112883
v 0.100765 -0.308457 -0.109561
v 0.086005 -0.299279 -0.115509
v 0.100675 -0.294061 -0.112490
v 0.090033 -0.327259 -0.109705
v 0.082795 -0.338516 -0.111227
v 0.107154 -0.329741 -0.103799
v 0.072364 -0.323894 -0.113627
v 0.091937 -0.338165 -0.109683
v 0.115424 -0.331274 -0.100014
v 0.112876 -0.321054 -0.102045
v 0.074132 -0.330894 -0.113247
v 0.066770 -0.330714 -0.114512
v 0.081128 -0.325364 -0.111445
v 0.077674 -0.318090 -0.112443
v 0.085923 -0.312307 -0.112803
v 0.082854 -0.307272 -0.113807
v 0.091189 -0.306215 -0.112874
v 0.087603 -0.333226 -0.110310
v 0.098500 -0.332213 -0.107937
v 0.101802 -0.319451 -0.106811
v 0.105850 -0.336737 -0.104536
v 0.096884 -0.324876 -0.108127
v 0.120253 -0.315692 -0.100772
v 0.119379 -0.322255 -0.098855
v 0.108127 -0.310234 -0.105606
v 0.094924 -0.314238 -0.110985
v 0.087115 -0.319613 -0.111059
v 0.108007 -0.344232 -0.103258
v 0.042058 -0.312184 -0.117308
v 0.151993 -0.244785 -0.076160
v 0.172652 -0.334994 -0.049866
v 0.106729 -0.299396 -0.108225
v 0.059910 -0.320404 -0.115039
v 0.064934 -0.312230 -0.117269
v 0.065408 -0.324257 -0.114654
v 0.069181 -0.317905 -0.114441
v 0.054327 -0.313170 -0.117022
v 0.052148 -0.320316 -0.114952
v 0.052090 -0.306638 -0.118664
v 0.045207 -0.317595 -0.115408
v 0.044795 -0.298108 -0.121609
v 0.002203 -0.024906 0.151939
v -0.008774 -0.024881 0.150993
v -0.019367 -0.024582 0.150768
v -0.030177 -0.024041 0.149346
v -0.040624 -0.023708 0.146730
v -0.051133 -0.023241 0.143438
v -0.062802 -0.022748 0.136750
v -0.070502 -0.022324 0.132869
v -0.079872 -0.022059 0.126248
v -0.088653 -0.021662 0.119794
v -0.097424 -0.021292 0.112440
v -0.105193 -0.020878 0.104488
v -0.112277 -0.020557 0.095913
v -0.127569 -0.020207 0.079077
v -0.134293 -0.020306 0.069951
v -0.139912 -0.020316 0.059913
v -0.145143 -0.020603 0.049776
v -0.149464 -0.020585 0.039137
v -0.152977 -0.020722 0.028357
v -0.154816 -0.020836 0.017157
v -0.155240 -0.020270 0.005806
v -0.152703 -0.019909 -0.005643
v -0.148313 -0.019149 -0.016510
v -0.142923 -0.018656 -0.026790
v -0.136267 -0.017969 -0.037021
v -0.129340 -0.017771 -0.046843
v -0.120786 -0.017440 -0.056149
v -0.112627 -0.017312 -0.065368
v -0.103124 -0.016881 -0.071959
v -0.093719 -0.016366 -0.078457
v -0.084050 -0.016036 -0.083209
v -0.073920 -0.016048 -0.088380
v -0.063176 -0.015870 -0.092831
v -0.052335 -0.015814 -0.096781
v -0.041398 -0.016054 -0.100433
v -0.029807 -0.015583 -0.101577
v -0.018440 -0.014898 -0.101082
v -0.006655 -0.014392 -0.100095
v 0.004969 -0.014322 -0.099503
v 0.016550 -0.014193 -0.099338
v 0.026744 -0.014328 -0.098620
v 0.039553 -0.014744 -0.097781
v 0.051008 -0.014797 -0.094784
v 0.062040 -0.014855 -0.091631
v 0.073187 -0.015438 -0.088196
v 0.083862 -0.015859 -0.083776
v 0.093919 -0.016069 -0.078380
v 0.103854 -0.016501 -0.071692
v 0.113056 -0.017107 -0.065290
v 0.121787 -0.017582 -0.057281
v 0.129846 -0.018225 -0.048363
v 0.135906 -0.018570 -0.038653
v 0.142153 -0.019130 -0.029154
v 0.147318 -0.019647 -0.018853
v 0.151123 -0.019986 -0.008155
v 0.154507 -0.020424 0.003032
v 0.156275 -0.020887 0.013977
v 0.154724 -0.020845 0.024933
v 0.151715 -0.020715 0.035664
v 0.147711 -0.020506 0.046310
v 0.142107 -0.020300 0.055833
v 0.135783 -0.020040 0.065414
v 0.129119 -0.019903 0.074769
v 0.122107 -0.020027 0.083697
v 0.114752 -0.020173 0.092187
v 0.106369 -0.020586 0.099866
v 0.098276 -0.020958 0.107582
v 0.091234 -0.021356 0.113874
v 0.081221 -0.021767 0.122025
v 0.072681 -0.022406 0.129055
v 0.063902 -0.022985 0.136173
v 0.055211 -0.023636 0.142164
v 0.044706 -0.023925 0.146770
v 0.034111 -0.024106 0.148767
v 0.023435 -0.024439 0.151780
v 0.012791 -0.024775 0.151583
v -0.003719 -0.036549 0.153187
v 0.002240 -0.045638 0.156010
v 0.001345 -0.059380 0.158216
v -0.010798 -0.056363 -0.090872
v -0.016023 -0.059446 -0.089795
v -0.027641 -0.054103 -0.089291
v -0.041525 -0.056687 -0.087278
v -0.051271 -0.056840 -0.084113
v -0.061000 -0.056744 -0.080815
v -0.070423 -0.057057 -0.076285
v -0.079213 -0.055449 -0.072173
v -0.088673 -0.057212 -0.067179
v -0.097779 -0.057499 -0.061215
v -0.114170 -0.058455 -0.047758
v -0.121119 -0.058688 -0.041515
v -0.128766 -0.059515 -0.032079
v -0.135409 -0.060207 -0.024822
v -0.141347 -0.061254 -0.014934
v -0.146183 -0.062162 -0.005419
v -0.150482 -0.063237 0.004626
v -0.150935 -0.064857 0.015862
v -0.150701 -0.064400 0.025500
v -0.148031 -0.063895 0.037502
v -0.145021 -0.063600 0.048117
v -0.141421 -0.063211 0.058233
v -0.136049 -0.063046 0.067817
v -0.131019 -0.062750 0.077370
v -0.123642 -0.062995 0.084889
v -0.116680 -0.063169 0.093865
v -0.109011 -0.063542 0.101421
v -0.102040 -0.065853 0.109613
v -0.093477 -0.064074 0.117106
v -0.085440 -0.064351 0.124761
v -0.077126 -0.064748 0.131408
v -0.068764 -0.064959 0.138613
v -0.059859 -0.065293 0.144614
v -0.050402 -0.065761 0.149426
v -0.040894 -0.066036 0.154495
v -0.030431 -0.066712 0.156573
v -0.020446 -0.067047 0.159648
v -0.009351 -0.068774 0.160120
v 0.017531 -0.049320 0.156679
v 0.048786 -0.038267 0.143425
v 0.070943 -0.050430 0.129949
v 0.105610 -0.042173 0.099721
v 0.132916 -0.041723 0.067380
v 0.150208 -0.042828 0.029058
v 0.013949 -0.031202 0.152699
v -0.150809 -0.042703 0.021388
v -0.133849 -0.041790 0.066776
v -0.118253 -0.042049 0.087528
v -0.096453 -0.042792 0.110862
v -0.063010 -0.048663 0.139934
v -0.034321 -0.045437 0.150762
v -0.010726 -0.053635 0.155976
v -0.020962 -0.040417 0.153077
v -0.005085 -0.030952 0.152510
v 0.008429 -0.054997 0.157215
v 0.008684 -0.061937 0.158120
v 0.012135 -0.045362 0.155690
v 0.018287 -0.039173 0.154098
v 0.026432 -0.059067 0.154490
v 0.046518 -0.056179 0.146826
v 0.059008 -0.052818 0.139674
v 0.081608 -0.052621 0.122684
v 0.106123 -0.053416 0.100822
v 0.120551 -0.045224 0.084732
v 0.138559 -0.051211 0.058939
v 0.149065 -0.054010 0.029328
v -0.150450 -0.054100 0.021302
v -0.137261 -0.053135 0.061797
v -0.145947 -0.045951 0.042269
v -0.119457 -0.053056 0.088914
v -0.088841 -0.052181 0.119616
v -0.104459 -0.051686 0.104503
v -0.054170 -0.053734 0.144416
v -0.072672 -0.052254 0.133090
v -0.034922 -0.056543 0.152571
v -0.014454 -0.061640 0.158140
v -0.006406 -0.061274 0.158600
v -0.024327 -0.057550 0.155801
v -0.015019 -0.045194 0.154651
v 0.025714 -0.040758 0.152825
v 0.037090 -0.058833 0.151887
v 0.046595 -0.062244 0.148275
v 0.055784 -0.057789 0.141988
v 0.072858 -0.056497 0.128956
v 0.089928 -0.055659 0.115279
v 0.106659 -0.059458 0.101809
v 0.114301 -0.055139 0.094001
v 0.127868 -0.052493 0.077338
v 0.142688 -0.054899 0.049515
v 0.134255 -0.054282 0.068445
v 0.149069 -0.060312 0.029594
v 0.150817 -0.056487 0.019037
v -0.149185 -0.055950 0.032111
v -0.138073 -0.059018 0.062480
v -0.132891 -0.054859 0.071782
v -0.142497 -0.055365 0.052765
v -0.119876 -0.058995 0.089093
v -0.112241 -0.055283 0.096757
v -0.097022 -0.055363 0.112339
v -0.089008 -0.059126 0.119800
v -0.080888 -0.056054 0.126750
v -0.104873 -0.058421 0.104764
v -0.063747 -0.056763 0.139975
v -0.054253 -0.060578 0.145011
v -0.044964 -0.057828 0.149527
v -0.072272 -0.059897 0.133634
v -0.035311 -0.062523 0.154371
v -0.025150 -0.063217 0.157120
v 0.024173 -0.047745 0.154981
v 0.020904 -0.032145 0.152797
v 0.128661 -0.058531 0.078234
v 0.034153 -0.042080 0.150445
v 0.032099 -0.051780 0.152175
v 0.029516 -0.030830 0.150553
v 0.147683 -0.041751 -0.001904
v 0.127345 -0.039312 -0.039776
v 0.105636 -0.037624 -0.063429
v 0.067903 -0.036139 -0.083445
v 0.036813 -0.035206 -0.091516
v 0.005403 -0.037219 -0.093395
v -0.027625 -0.036150 -0.095316
v -0.058943 -0.036426 -0.088165
v -0.087034 -0.036497 -0.073868
v -0.120070 -0.037624 -0.047715
v -0.140579 -0.039715 -0.019573
v 0.064028 -0.036159 0.135025
v 0.089989 -0.035509 0.114200
v 0.109805 -0.031410 0.095456
v 0.137374 -0.031512 0.060409
v 0.153859 -0.032844 0.019507
v 0.147467 -0.033354 0.040601
v -0.152647 -0.032842 0.011225
v -0.149464 -0.033401 0.033312
v -0.129730 -0.033558 0.073749
v -0.141202 -0.032064 0.054241
v -0.108216 -0.034864 0.099429
v -0.084056 -0.036771 0.122946
v -0.051840 -0.035532 0.143043
v -0.035573 -0.034153 0.148341
v -0.014101 -0.030326 0.151694
v -0.024888 -0.032848 0.151035
v 0.017221 -0.061566 0.158250
v 0.124646 -0.032861 0.078508
v -0.151405 -0.055715 0.010542
v -0.023172 -0.047158 0.154663
v 0.056665 -0.047480 0.140792
v 0.084685 -0.042077 0.118309
v 0.064188 -0.041669 0.134934
v 0.087705 -0.048080 0.116152
v 0.094816 -0.049650 0.110891
v 0.111140 -0.047742 0.095616
v 0.116697 -0.049310 0.090513
v 0.112263 -0.039277 0.092949
v 0.121495 -0.055583 0.085864
v 0.117473 -0.032289 0.087622
v 0.134892 -0.048012 0.064960
v 0.130842 -0.047479 0.072471
v 0.122875 -0.038767 0.081157
v 0.131554 -0.032827 0.069689
v 0.117823 -0.039512 0.087441
v 0.151092 -0.048381 0.022313
v 0.150503 -0.048116 0.009544
v 0.152588 -0.040652 0.020730
v 0.151498 -0.050588 0.015869
v 0.150779 -0.056818 0.009190
v 0.151945 -0.038026 0.009683
v 0.147976 -0.053751 0.001386
v -0.149989 -0.048186 0.028596
v -0.147673 -0.050069 0.035914
v -0.145400 -0.053738 0.043913
v -0.149969 -0.040656 0.030200
v -0.147031 -0.039050 0.038555
v -0.143578 -0.038838 0.048095
v -0.146030 -0.059591 0.042489
v -0.142876 -0.046860 0.052119
v -0.140387 -0.038574 0.055676
v -0.146242 -0.030208 0.043899
v -0.133958 -0.047423 0.068440
v -0.126207 -0.047284 0.079109
v -0.135606 -0.031985 0.064450
v -0.130061 -0.044538 0.073752
v -0.126186 -0.055740 0.080279
v -0.111061 -0.045131 0.096520
v -0.099246 -0.047704 0.109376
v -0.088482 -0.043641 0.118821
v -0.103578 -0.040833 0.104316
v -0.082931 -0.048264 0.124938
v -0.098565 -0.031993 0.109554
v -0.099416 -0.037826 0.108582
v -0.092041 -0.035652 0.116755
v -0.093883 -0.027701 0.114910
v -0.079842 -0.030085 0.126136
v -0.073471 -0.039703 0.130727
v -0.078487 -0.040230 0.126505
v -0.067471 -0.049275 0.137320
v -0.041449 -0.050461 0.150307
v 0.042473 -0.034955 0.146817
v 0.037102 -0.030216 0.148247
v 0.145107 -0.031798 -0.012441
v 0.124297 -0.050024 -0.038601
v 0.121878 -0.030245 -0.050715
v 0.135120 -0.030055 -0.032351
v 0.111935 -0.047324 -0.055631
v 0.095154 -0.046284 -0.069202
v 0.096377 -0.029284 -0.073335
v 0.076629 -0.026284 -0.083755
v 0.077139 -0.045473 -0.080053
v 0.057246 -0.044783 -0.087224
v 0.054796 -0.028045 -0.089988
v 0.036563 -0.046381 -0.091118
v 0.032963 -0.024521 -0.095010
v -0.000942 -0.025866 -0.095628
v -0.043471 -0.043577 -0.090224
v -0.034578 -0.025707 -0.097567
v -0.016496 -0.044527 -0.093462
v -0.066998 -0.045057 -0.081570
v -0.066524 -0.026288 -0.088100
v -0.094341 -0.045410 -0.066279
v -0.096110 -0.027230 -0.072377
v -0.126841 -0.047187 -0.036125
v -0.129280 -0.028744 -0.039044
v -0.113617 -0.029218 -0.056227
v -0.111285 -0.046186 -0.051716
v -0.144977 -0.049675 -0.009777
v -0.147345 -0.031446 -0.010913
v 0.058693 -0.028874 0.138483
v 0.050497 -0.031170 0.143159
v 0.044843 -0.029452 0.146190
v 0.076279 -0.031565 0.125616
v 0.067396 -0.030921 0.133090
v 0.094271 -0.031356 0.110210
v 0.110111 -0.024842 0.095632
v 0.138176 -0.024760 0.060537
v 0.133629 -0.026662 0.066809
v 0.143102 -0.029364 0.050380
v 0.155068 -0.025978 0.019333
v 0.153406 -0.028850 0.009685
v 0.150382 -0.032926 0.000676
v 0.151597 -0.029666 0.030345
v 0.151431 -0.036053 0.026708
v 0.149274 -0.037301 0.034294
v 0.144724 -0.044578 0.043448
v 0.148621 -0.026041 0.040989
v -0.152292 -0.030039 0.022294
v -0.150798 -0.036090 0.024467
v -0.154671 -0.025883 0.011312
v -0.150278 -0.026219 0.033324
v -0.130304 -0.026192 0.073935
v -0.134539 -0.026474 0.067956
v -0.122747 -0.029999 0.083289
v -0.142143 -0.025261 0.054450
v -0.108404 -0.026946 0.099565
v -0.115928 -0.028718 0.091652
v -0.104061 -0.031082 0.104350
v -0.055967 -0.027717 0.140618
v -0.065874 -0.031069 0.136127
v -0.073065 -0.031740 0.131463
v -0.035529 -0.027885 0.148073
v -0.046126 -0.031789 0.146159
v -0.044090 -0.041205 0.147381
v -0.053254 -0.044372 0.142957
v -0.024865 -0.027225 0.150814
v -0.029376 -0.039266 0.150918
v 0.124849 -0.025573 0.078621
v 0.119995 -0.026330 0.084528
v -0.150855 -0.048146 0.014301
v -0.151472 -0.040242 0.012815
v -0.150431 -0.038038 0.000135
v -0.151761 -0.037010 0.006923
v -0.152281 -0.028739 0.000613
v -0.151262 -0.047735 0.002894
v -0.029761 -0.050992 0.153435
v -0.020708 -0.052602 0.156015
v 0.050275 -0.050404 0.144385
v 0.123230 -0.050494 0.082706
v 0.126610 -0.046090 0.078190
v 0.134718 -0.036134 0.064275
v 0.140064 -0.041229 0.054449
v 0.136642 -0.042933 0.061008
v 0.152128 -0.043155 0.014130
v 0.149724 -0.042814 0.005178
v 0.141198 -0.053106 -0.011070
v -0.138991 -0.047614 0.058369
v -0.147049 -0.024198 0.044619
v -0.115956 -0.047615 0.091660
v -0.109033 -0.050574 0.098686
v -0.113485 -0.038347 0.093443
v -0.101105 -0.025808 0.107951
v 0.041750 -0.041282 0.147937
v 0.147429 -0.025120 -0.013254
v 0.150043 -0.027088 -0.005255
v 0.123329 -0.056141 -0.038675
v 0.117309 -0.051409 -0.046281
v 0.129568 -0.052514 -0.029078
v 0.124300 -0.023295 -0.052335
v 0.129742 -0.026700 -0.042357
v 0.116996 -0.029350 -0.055934
v 0.137758 -0.023572 -0.033667
v 0.141887 -0.027818 -0.022945
v 0.110147 -0.053980 -0.054834
v 0.103605 -0.050140 -0.062368
v 0.094186 -0.053059 -0.068253
v 0.097378 -0.021780 -0.073475
v 0.106748 -0.025000 -0.067379
v 0.087333 -0.025042 -0.078488
v 0.066217 -0.023464 -0.087819
v 0.077850 -0.020023 -0.085422
v 0.076296 -0.052351 -0.078999
v 0.085889 -0.049348 -0.074024
v 0.066841 -0.048588 -0.082761
v 0.056462 -0.051802 -0.086234
v 0.047042 -0.048293 -0.089896
v 0.055694 -0.020578 -0.092021
v 0.044829 -0.024101 -0.093056
v 0.036216 -0.052543 -0.090258
v 0.025816 -0.048184 -0.092225
v 0.033557 -0.018583 -0.097505
v 0.021918 -0.022211 -0.096446
v 0.004458 -0.052113 -0.091387
v -0.005910 -0.048009 -0.092334
v -0.000862 -0.019181 -0.097905
v -0.012112 -0.022796 -0.097764
v -0.026923 -0.047960 -0.091822
v -0.036742 -0.051445 -0.089297
v -0.047442 -0.048390 -0.088355
v -0.035299 -0.019709 -0.099657
v -0.045714 -0.023424 -0.095030
v -0.016247 -0.051443 -0.091485
v -0.066388 -0.051862 -0.079969
v -0.057449 -0.048267 -0.086024
v -0.075658 -0.048173 -0.078355
v -0.067666 -0.020141 -0.089232
v -0.083581 -0.026376 -0.079499
v -0.093650 -0.052039 -0.066541
v -0.085021 -0.048427 -0.070797
v -0.102232 -0.049009 -0.058914
v -0.097882 -0.020978 -0.072492
v -0.106253 -0.024916 -0.064960
v -0.118903 -0.050116 -0.044242
v -0.126338 -0.054247 -0.037154
v -0.132956 -0.051375 -0.028079
v -0.131136 -0.022221 -0.040456
v -0.122594 -0.025845 -0.050383
v -0.136392 -0.026843 -0.032540
v -0.115677 -0.022347 -0.057933
v -0.110746 -0.052792 -0.053097
v -0.144149 -0.056416 -0.009664
v -0.149248 -0.054959 -0.001541
v -0.139793 -0.052178 -0.019080
v -0.148901 -0.024672 -0.010871
v 0.076749 -0.026050 0.125383
v 0.070401 -0.037298 0.129836
v 0.077737 -0.038673 0.124051
v 0.101897 -0.028594 0.103612
v 0.099641 -0.037018 0.105324
v 0.105268 -0.035684 0.099551
v 0.091976 -0.040179 0.111624
v 0.100196 -0.043150 0.104744
v 0.147157 -0.035482 -0.005741
v 0.142693 -0.042970 -0.011875
v 0.152722 -0.026943 0.002635
v 0.152572 -0.023973 0.030223
v -0.153521 -0.024242 0.022789
v -0.123599 -0.024017 0.082877
v -0.123867 -0.038332 0.080046
v -0.127996 -0.039088 0.074736
v -0.118841 -0.034780 0.088433
v -0.062302 -0.037266 0.137600
v -0.075228 -0.026089 0.129978
v -0.046135 -0.026291 0.145685
v -0.037625 -0.039880 0.148936
v -0.048879 -0.049299 0.146999
v -0.153095 -0.023151 0.000120
v -0.149803 -0.032883 -0.003989
v -0.147811 -0.044216 -0.005281
v -0.144104 -0.042904 -0.012431
v -0.141020 -0.045996 -0.017782
v -0.146946 -0.037700 -0.008168
v 0.143554 -0.036445 0.047819
v 0.140394 -0.034544 0.054408
v 0.141404 -0.048126 0.051814
v 0.144438 -0.056310 -0.004511
v 0.140287 -0.058831 -0.011012
v 0.119966 -0.041167 -0.048821
v 0.129714 -0.044983 -0.032920
v 0.132694 -0.037641 -0.032310
v 0.136609 -0.045708 -0.022769
v 0.133014 -0.047402 -0.027434
v 0.130050 -0.032776 -0.038083
v 0.125200 -0.034177 -0.044965
v 0.116501 -0.020705 -0.060465
v 0.114069 -0.035587 -0.056733
v 0.143922 -0.022621 -0.023882
v 0.102628 -0.055548 -0.061521
v 0.101253 -0.043745 -0.064321
v 0.096971 -0.037674 -0.070286
v 0.107815 -0.043301 -0.059652
v 0.089889 -0.041971 -0.074148
v 0.102006 -0.032347 -0.067726
v 0.109233 -0.031067 -0.062847
v 0.107797 -0.019677 -0.068300
v 0.088256 -0.019248 -0.079836
v 0.067119 -0.017968 -0.088919
v 0.069378 -0.029377 -0.085418
v 0.061364 -0.032074 -0.086462
v 0.060864 -0.038697 -0.086000
v 0.085030 -0.054856 -0.073064
v 0.070476 -0.042424 -0.082293
v 0.043096 -0.040977 -0.090333
v 0.051855 -0.038421 -0.088579
v 0.038747 -0.028734 -0.092421
v 0.045394 -0.033577 -0.090162
v 0.044827 -0.018270 -0.095050
v 0.029453 -0.040828 -0.092268
v 0.018682 -0.040908 -0.092618
v 0.027081 -0.032214 -0.092698
v 0.010491 -0.021858 -0.097031
v -0.006967 -0.036511 -0.094479
v -0.023657 -0.022721 -0.098184
v -0.030584 -0.041790 -0.092892
v -0.022998 -0.041321 -0.093968
v -0.017229 -0.033858 -0.096075
v -0.047007 -0.053900 -0.086817
v -0.046987 -0.038137 -0.090439
v -0.037620 -0.035877 -0.093496
v -0.044534 -0.030922 -0.092604
v -0.032658 -0.031599 -0.095616
v -0.059570 -0.030752 -0.089445
v -0.046504 -0.018539 -0.097189
v -0.061300 -0.042428 -0.086398
v -0.056560 -0.053747 -0.083764
v -0.076385 -0.038431 -0.079211
v -0.068254 -0.036274 -0.084227
v -0.074676 -0.031311 -0.083755
v -0.081753 -0.033083 -0.077782
v -0.088137 -0.029547 -0.076879
v -0.090169 -0.022696 -0.077085
v -0.078565 -0.018931 -0.085568
v -0.097085 -0.036078 -0.066495
v -0.084296 -0.054065 -0.069977
v -0.101855 -0.054476 -0.059064
v -0.106899 -0.019895 -0.068468
v -0.117613 -0.055418 -0.044649
v -0.121825 -0.044023 -0.043374
v -0.128704 -0.037863 -0.036548
v -0.116209 -0.042802 -0.048402
v -0.114314 -0.036201 -0.052106
v -0.119539 -0.031709 -0.049028
v -0.105164 -0.035556 -0.063593
v -0.132551 -0.056852 -0.028405
v -0.123578 -0.021090 -0.054267
v -0.138330 -0.021593 -0.032537
v -0.142947 -0.026594 -0.020972
v -0.151156 -0.057637 0.004581
v -0.139070 -0.057618 -0.020089
v 0.145603 -0.046682 -0.005720
v 0.123504 -0.044400 -0.042804
v 0.139757 -0.047884 -0.015872
v 0.135282 -0.054057 -0.021133
v 0.139896 -0.037192 -0.020653
v 0.136985 -0.034804 -0.026925
v 0.119393 -0.035735 -0.051623
v 0.114774 -0.041329 -0.054320
v 0.081539 -0.028982 -0.079994
v 0.076859 -0.039051 -0.080454
v 0.075108 -0.032859 -0.082272
v 0.048474 -0.028584 -0.091252
v 0.016402 -0.049106 -0.092126
v 0.011842 -0.043619 -0.092555
v 0.026587 -0.026521 -0.094765
v 0.017731 -0.029997 -0.093972
v 0.010542 -0.028259 -0.094703
v -0.009578 -0.042367 -0.093529
v -0.001728 -0.041488 -0.093001
v 0.001647 -0.034758 -0.093958
v -0.008543 -0.029344 -0.095780
v -0.023955 -0.029788 -0.096905
v -0.017187 -0.027542 -0.096899
v -0.056336 -0.021915 -0.093452
v -0.052996 -0.042596 -0.089085
v -0.072939 -0.043440 -0.079959
v -0.081639 -0.042857 -0.074911
v -0.101128 -0.030295 -0.066038
v -0.125301 -0.033930 -0.042257
v -0.132433 -0.043537 -0.031486
v -0.137060 -0.043726 -0.025174
v -0.136394 -0.035172 -0.028098
v -0.140894 -0.032990 -0.021440
v -0.133072 -0.031479 -0.033625
v -0.107505 -0.029793 -0.062147
v -0.100646 -0.041320 -0.062109
v -0.107230 -0.041854 -0.057399
v 0.142253 -0.032012 -0.018509
v 0.142887 -0.037362 -0.013810
v 0.089539 -0.031470 -0.076588
v 0.003950 -0.029684 -0.094515
v 0.146301 -0.055919 0.039423
v 0.147310 -0.048621 0.035917
v 0.147453 -0.042545 0.037490
v 0.144607 -0.050921 0.043568
v 0.040771 -0.050875 0.150086
v -0.121234 -0.047501 0.085049
v -0.008824 -0.576200 0.131701
v -0.018408 -0.576488 0.131762
v -0.027985 -0.577263 0.130783
v -0.037841 -0.577760 0.128486
v -0.050804 -0.579187 0.125462
v -0.068014 -0.580734 0.121853
v -0.078218 -0.581399 0.119854
v -0.089356 -0.581837 0.118642
v -0.100113 -0.581561 0.116963
v -0.116090 -0.580861 0.113862
v -0.138794 -0.579526 0.108729
v -0.153842 -0.578778 0.105098
v -0.164217 -0.578364 0.102413
v -0.174899 -0.578010 0.099572
v -0.185653 -0.578904 0.095939
v -0.194766 -0.578156 0.090712
v -0.201134 -0.577693 0.083338
v -0.201182 -0.577013 0.072582
v -0.198619 -0.576488 0.062070
v -0.195243 -0.575814 0.052139
v -0.192469 -0.575601 0.042627
v -0.189534 -0.574772 0.032972
v -0.185735 -0.574334 0.023109
v -0.186611 -0.565290 0.022469
v -0.187640 -0.555738 0.022039
v -0.188392 -0.546121 0.021577
v -0.188471 -0.536448 0.020874
v -0.189417 -0.527331 0.020445
v -0.189503 -0.517367 0.020301
v -0.190172 -0.505654 0.023121
v -0.190674 -0.498212 0.019713
v -0.191303 -0.485584 0.019845
v -0.191590 -0.470707 0.019604
v -0.191670 -0.461430 0.021840
v -0.191845 -0.450865 0.019502
v -0.191788 -0.440605 0.016317
v -0.192376 -0.428564 0.017948
v -0.192991 -0.403239 0.018367
v -0.194006 -0.391481 0.015243
v -0.195720 -0.375985 0.015846
v -0.196839 -0.358235 0.014889
v -0.198266 -0.349565 0.018656
v -0.197640 -0.334624 0.011599
v -0.197098 -0.321172 0.013162
v -0.196953 -0.307306 0.012900
v -0.194535 -0.292855 0.011078
v -0.193600 -0.271610 0.012836
v -0.192034 -0.259923 0.011373
v -0.192961 -0.249831 0.011362
v -0.192659 -0.240375 0.009500
v -0.190734 -0.231512 0.008407
v -0.189336 -0.215863 0.009067
v -0.186144 -0.203266 0.009185
v -0.185315 -0.193825 0.009284
v -0.182909 -0.184464 0.010114
v -0.181113 -0.175690 0.009020
v -0.177479 -0.162977 0.011057
v -0.173975 -0.148405 0.012357
v -0.171463 -0.139927 0.013090
v -0.168011 -0.130127 0.011788
v -0.164733 -0.117611 0.013413
v -0.160399 -0.101893 0.016334
v -0.158561 -0.092804 0.015814
v -0.156087 -0.083856 0.015405
v -0.153672 -0.074526 0.015543
v -0.132457 -0.444903 0.119064
v -0.178770 -0.502968 0.094349
v -0.191405 -0.561780 0.037154
v -0.188368 -0.570337 0.027482
v -0.190067 -0.567744 0.035274
v -0.188993 -0.562120 0.029327
v -0.131024 -0.299265 0.125797
v -0.117477 -0.178528 0.124708
v -0.147727 -0.115804 0.073490
v -0.152616 -0.081948 0.035753
v -0.152010 -0.070526 0.022909
v -0.153734 -0.080310 0.025089
v -0.065688 -0.514736 0.112772
v -0.015236 -0.561100 0.129893
v -0.006013 -0.570043 0.131024
v -0.007791 -0.562870 0.130179
v -0.014659 -0.569066 0.131058
v -0.029854 -0.093487 0.164233
v -0.066125 -0.448269 0.120557
v -0.167315 -0.375889 0.094789
v -0.190124 -0.502171 0.058088
v -0.190391 -0.538786 0.086080
v -0.147710 -0.531379 0.117306
v -0.182680 -0.444107 0.078431
v -0.190097 -0.551175 0.031864
v -0.193974 -0.566770 0.047198
v -0.064297 -0.291746 0.137172
v -0.168478 -0.237070 0.087630
v -0.180210 -0.309234 0.080342
v -0.063673 -0.179486 0.163296
v -0.098174 -0.123304 0.133119
v -0.165752 -0.176741 0.072353
v -0.137626 -0.089972 0.076818
v -0.157908 -0.111281 0.044830
v -0.147909 -0.074159 0.044618
v -0.151798 -0.075005 0.030753
v -0.150908 -0.076373 0.038243
v -0.154527 -0.079427 0.018901
v -0.155950 -0.088533 0.023608
v -0.073648 -0.547095 0.117620
v -0.033277 -0.533197 0.121627
v -0.034427 -0.493410 0.119332
v -0.022162 -0.562297 0.129330
v -0.010927 -0.548840 0.128227
v -0.009599 -0.555452 0.129228
v -0.018180 -0.115520 0.171600
v -0.016306 -0.098269 0.166839
v -0.009850 -0.077740 0.161082
v -0.026710 -0.079986 0.160399
v -0.058316 -0.091512 0.153200
v -0.029330 -0.444164 0.123746
v -0.048898 -0.397391 0.127247
v -0.191300 -0.374698 0.053689
v -0.191013 -0.503069 0.038396
v -0.190099 -0.473198 0.047736
v -0.194959 -0.559177 0.087583
v -0.168352 -0.550882 0.105489
v -0.136112 -0.559179 0.114610
v -0.189369 -0.417527 0.055401
v -0.190122 -0.542754 0.031546
v -0.188735 -0.551337 0.025413
v -0.192739 -0.569747 0.041172
v -0.193568 -0.571508 0.047570
v -0.196467 -0.567676 0.057212
v -0.043387 -0.338064 0.134001
v -0.031017 -0.301757 0.136635
v -0.040292 -0.268404 0.148079
v -0.187693 -0.236625 0.048513
v -0.191838 -0.284976 0.047106
v -0.195031 -0.319630 0.046835
v -0.031682 -0.179976 0.172727
v -0.093015 -0.093753 0.126565
v -0.168627 -0.147814 0.048348
v -0.180856 -0.188175 0.038142
v -0.135174 -0.076057 0.074243
v -0.111750 -0.092627 0.108622
v -0.160662 -0.112355 0.031159
v -0.147150 -0.068031 0.043604
v -0.144649 -0.071410 0.054370
v -0.150077 -0.068925 0.033013
v -0.155805 -0.096972 0.038530
v -0.156776 -0.096883 0.032403
v -0.158512 -0.101536 0.025626
v -0.072982 -0.564648 0.119239
v -0.100882 -0.551820 0.120776
v -0.017301 -0.531470 0.125231
v -0.018600 -0.503740 0.123133
v -0.020110 -0.485159 0.122399
v -0.032383 -0.569404 0.128653
v -0.023368 -0.571682 0.130874
v -0.005514 -0.546753 0.127824
v -0.021177 -0.131323 0.174700
v -0.010089 -0.112075 0.170918
v -0.005703 -0.092738 0.165971
v -0.009913 -0.102148 0.168223
v -0.015882 -0.075655 0.161329
v -0.026402 -0.072480 0.159951
v -0.036975 -0.075705 0.157362
v -0.019365 -0.081087 0.161470
v -0.027265 -0.086798 0.162540
v -0.021983 -0.092326 0.165954
v -0.024610 -0.102539 0.166750
v -0.053742 -0.076669 0.149294
v -0.009724 -0.439042 0.125320
v -0.025164 -0.415359 0.125917
v -0.024073 -0.386238 0.129645
v -0.195073 -0.378559 0.035709
v -0.190173 -0.521592 0.040117
v -0.191150 -0.478896 0.035476
v -0.190917 -0.447820 0.043700
v -0.196245 -0.569720 0.087092
v -0.169199 -0.565344 0.103539
v -0.149825 -0.565547 0.109793
v -0.118114 -0.567933 0.116170
v -0.192858 -0.414636 0.036863
v -0.193183 -0.543406 0.055090
v -0.022676 -0.338637 0.133485
v -0.013636 -0.302505 0.139232
v -0.014779 -0.271200 0.152910
v -0.024240 -0.247430 0.158141
v -0.190250 -0.237247 0.031158
v -0.195390 -0.284687 0.028798
v -0.197173 -0.309847 0.032791
v -0.197265 -0.332250 0.033501
v -0.014997 -0.179973 0.176495
v -0.030285 -0.209111 0.167568
v -0.090465 -0.078822 0.122846
v -0.169934 -0.142344 0.029367
v -0.179836 -0.172442 0.026143
v -0.183367 -0.188120 0.026362
v -0.134921 -0.068703 0.073489
v -0.139322 -0.071094 0.064242
v -0.128225 -0.072291 0.083232
v -0.115651 -0.075689 0.098875
v -0.161580 -0.109006 0.021421
v -0.162847 -0.119677 0.028684
v -0.147086 -0.089521 0.057626
v -0.157946 -0.095225 0.022071
v -0.159810 -0.111797 0.038213
v -0.162282 -0.122169 0.039182
v -0.071642 -0.573919 0.120193
v -0.059266 -0.564613 0.120687
v -0.086238 -0.570226 0.120067
v -0.066367 -0.567793 0.120046
v -0.080215 -0.574421 0.119695
v -0.105201 -0.564369 0.119212
v -0.008280 -0.533774 0.125887
v -0.013561 -0.522903 0.124706
v -0.015615 -0.539212 0.126459
v -0.006350 -0.496703 0.123145
v -0.007812 -0.476437 0.123226
v -0.021887 -0.461208 0.123131
v -0.030801 -0.550569 0.125171
v -0.021107 -0.539019 0.125767
v -0.012206 -0.140903 0.176187
v -0.003353 -0.112003 0.170781
v -0.024238 -0.118735 0.170988
v -0.016223 -0.107095 0.169919
v -0.003180 -0.102312 0.168587
v -0.036089 -0.069894 0.156551
v -0.046779 -0.073534 0.154078
v -0.043366 -0.081275 0.156300
v -0.036824 -0.088486 0.160736
v -0.050235 -0.081635 0.153180
v -0.056691 -0.084911 0.151569
v -0.068287 -0.083513 0.144038
v -0.065097 -0.081736 0.146085
v -0.045872 -0.107180 0.162008
v -0.063563 -0.073314 0.144952
v -0.072261 -0.092071 0.143121
v -0.039284 -0.097919 0.161932
v -0.048049 -0.098431 0.159505
v -0.051311 -0.091719 0.157336
v -0.054820 -0.101467 0.155508
v -0.007753 -0.428938 0.126070
v -0.008833 -0.455748 0.124201
v -0.012056 -0.415641 0.126346
v -0.012311 -0.395782 0.128240
v -0.012233 -0.376641 0.132596
v -0.195517 -0.377900 0.028216
v -0.193233 -0.399942 0.036620
v -0.196689 -0.355635 0.035193
v -0.191067 -0.489574 0.033040
v -0.190731 -0.512792 0.033906
v -0.190146 -0.522236 0.029503
v -0.191650 -0.470841 0.025307
v -0.191312 -0.482632 0.027503
v -0.191459 -0.463744 0.032449
v -0.190958 -0.495879 0.029081
v -0.190307 -0.493323 0.044857
v -0.190941 -0.472717 0.040551
v -0.190493 -0.495665 0.041992
v -0.190033 -0.482692 0.047102
v -0.191007 -0.462435 0.041478
v -0.188214 -0.486327 0.064918
v -0.189406 -0.486924 0.055151
v -0.189723 -0.495053 0.055151
v -0.190315 -0.500923 0.048110
v -0.188381 -0.497175 0.070430
v -0.188744 -0.477774 0.059513
v -0.188897 -0.515767 0.078811
v -0.184885 -0.491655 0.081556
v -0.189435 -0.505689 0.069121
v -0.187834 -0.491531 0.072459
v -0.187574 -0.500610 0.077496
v -0.185444 -0.475626 0.076184
v -0.186736 -0.482591 0.071634
v -0.184838 -0.483107 0.080136
v -0.187628 -0.474582 0.065488
v -0.176193 -0.485253 0.095147
v -0.185556 -0.458918 0.071449
v -0.181460 -0.486541 0.087659
v -0.186204 -0.468081 0.071285
v -0.181704 -0.495440 0.088833
v -0.178376 -0.471689 0.089360
v -0.188996 -0.457636 0.056431
v -0.186069 -0.507751 0.083478
v -0.176920 -0.493664 0.095580
v -0.181709 -0.463002 0.082113
v -0.182369 -0.476138 0.083795
v -0.178661 -0.479162 0.090704
v -0.189871 -0.461998 0.051235
v -0.187439 -0.456912 0.063689
v -0.156347 -0.505274 0.113080
v -0.184401 -0.463117 0.076039
v -0.181402 -0.469382 0.084024
v -0.189207 -0.445515 0.054861
v -0.168964 -0.501758 0.104613
v -0.185325 -0.449641 0.071114
v -0.174116 -0.499863 0.099579
v -0.167195 -0.488164 0.106173
v -0.171600 -0.492737 0.101924
v -0.182573 -0.454486 0.079349
v -0.186491 -0.429619 0.065105
v -0.185167 -0.440930 0.070335
v -0.187410 -0.446289 0.063050
v -0.187446 -0.436810 0.061797
v -0.189962 -0.433746 0.051472
v -0.192104 -0.435584 0.033595
v -0.185166 -0.564395 0.095938
v -0.198121 -0.562352 0.074449
v -0.169289 -0.572844 0.102311
v -0.158816 -0.569359 0.106277
v -0.178428 -0.568658 0.100321
v -0.184958 -0.571759 0.096713
v -0.191092 -0.569361 0.092562
v -0.191152 -0.562077 0.092240
v -0.183107 -0.549665 0.097193
v -0.185112 -0.555694 0.096048
v -0.176384 -0.555019 0.101143
v -0.178570 -0.561540 0.099949
v -0.169893 -0.557758 0.103785
v -0.152477 -0.557970 0.110366
v -0.148724 -0.573142 0.108241
v -0.138029 -0.571989 0.110992
v -0.126209 -0.572702 0.113417
v -0.193224 -0.413274 0.025095
v -0.192165 -0.545093 0.042419
v -0.194474 -0.555972 0.052933
v -0.011160 -0.338427 0.133970
v -0.012354 -0.360695 0.136914
v -0.004581 -0.301474 0.139757
v -0.009288 -0.291873 0.145621
v -0.008606 -0.312373 0.134395
v -0.009276 -0.297359 0.141550
v -0.003993 -0.307497 0.136843
v -0.008838 -0.277649 0.150544
v -0.011999 -0.259052 0.156213
v -0.010807 -0.238936 0.161790
v -0.191383 -0.235376 0.016998
v -0.192297 -0.262311 0.032947
v -0.188453 -0.212800 0.023804
v -0.194824 -0.284002 0.019927
v -0.195418 -0.293214 0.025992
v -0.194815 -0.275189 0.024757
v -0.197917 -0.316958 0.021397
v -0.197733 -0.330613 0.020727
v -0.006602 -0.179852 0.177927
v -0.010804 -0.169609 0.177743
v -0.010607 -0.190183 0.175906
v -0.015518 -0.224124 0.167158
v -0.090137 -0.070703 0.121811
v -0.095617 -0.075931 0.118216
v -0.084575 -0.071064 0.127686
v -0.170796 -0.139286 0.021108
v -0.181369 -0.172656 0.017455
v -0.181999 -0.181503 0.021335
v -0.175784 -0.157975 0.026357
v -0.182702 -0.182818 0.015300
v -0.186002 -0.199512 0.023400
v -0.128138 -0.066475 0.081935
v -0.131389 -0.082862 0.084321
v -0.121574 -0.070531 0.090847
v -0.124041 -0.078756 0.089517
v -0.115450 -0.069403 0.097541
v -0.124894 -0.089130 0.092818
v -0.119005 -0.082964 0.098529
v -0.126748 -0.083989 0.089372
v -0.165619 -0.122206 0.020614
v -0.142033 -0.082154 0.065791
v -0.147000 -0.080585 0.052953
v -0.149414 -0.082313 0.044884
v -0.153169 -0.090169 0.041012
v -0.062558 -0.573157 0.121639
v -0.052692 -0.566793 0.122564
v -0.042282 -0.571097 0.126053
v -0.049529 -0.550081 0.119883
v -0.096452 -0.573519 0.118996
v -0.094507 -0.561303 0.120679
v -0.093454 -0.567083 0.120337
v -0.006878 -0.522656 0.124625
v -0.007105 -0.511655 0.123718
v -0.016212 -0.511016 0.123674
v -0.002899 -0.503811 0.123243
v -0.012046 -0.493140 0.123145
v -0.007076 -0.487415 0.123202
v -0.029995 -0.559778 0.127135
v -0.015940 -0.552799 0.128536
v -0.023091 -0.551227 0.127250
v -0.005012 -0.140656 0.177364
v -0.010060 -0.131386 0.175905
v -0.009674 -0.150601 0.177880
v -0.030492 -0.122531 0.171579
v -0.007245 -0.121427 0.174534
v -0.033954 -0.082116 0.158837
v -0.034831 -0.110406 0.166013
v -0.076620 -0.070857 0.133552
v -0.075753 -0.077244 0.134750
v -0.032102 -0.100559 0.164271
v -0.063934 -0.098853 0.150863
v -0.070488 -0.099219 0.145680
v -0.016962 -0.433350 0.125317
v -0.007526 -0.465637 0.123559
v -0.014539 -0.455512 0.124081
v -0.001899 -0.405194 0.127999
v -0.004053 -0.395805 0.128734
v -0.008165 -0.386197 0.130155
v -0.004030 -0.376554 0.133121
v -0.008148 -0.366398 0.136041
v -0.003670 -0.370829 0.134933
v -0.195380 -0.382281 0.023113
v -0.196670 -0.362222 0.023263
v -0.197946 -0.350218 0.027521
v -0.190646 -0.506705 0.033817
v -0.190319 -0.509881 0.026925
v -0.190079 -0.522471 0.023605
v -0.189756 -0.531841 0.029431
v -0.190418 -0.518284 0.034889
v -0.191688 -0.453564 0.030057
v -0.191524 -0.450645 0.036437
v -0.192069 -0.439746 0.025675
v -0.192546 -0.427856 0.029448
v -0.192723 -0.426155 0.024289
v -0.190240 -0.511992 0.045780
v -0.190488 -0.505871 0.044558
v -0.188618 -0.508545 0.076650
v -0.183183 -0.523597 0.092145
v -0.183053 -0.502730 0.088309
v -0.184221 -0.469404 0.078140
v -0.163015 -0.447409 0.104486
v -0.173399 -0.454513 0.094045
v -0.178613 -0.457056 0.086895
v -0.177847 -0.464024 0.088805
v -0.173982 -0.448844 0.092837
v -0.179760 -0.451138 0.084257
v -0.200043 -0.570229 0.077931
v -0.198082 -0.564266 0.081836
v -0.198627 -0.568273 0.066449
v -0.196424 -0.557797 0.064189
v -0.197082 -0.563477 0.062007
v -0.179744 -0.574514 0.098411
v -0.161794 -0.562565 0.106542
v -0.143303 -0.560133 0.112649
v -0.147241 -0.552501 0.113317
v -0.123206 -0.549865 0.118522
v -0.126557 -0.557998 0.116775
v -0.193228 -0.409032 0.031590
v -0.192068 -0.553697 0.040251
v -0.192443 -0.559430 0.044713
v -0.192921 -0.550567 0.047061
v -0.194794 -0.562150 0.052714
v -0.002850 -0.338755 0.134635
v -0.008322 -0.330451 0.133036
v -0.007297 -0.347257 0.136155
v -0.006360 -0.284514 0.148315
v -0.003593 -0.279046 0.150409
v -0.018707 -0.284369 0.146402
v -0.005245 -0.321789 0.132839
v -0.023068 -0.322817 0.131964
v -0.014632 -0.319208 0.132744
v -0.020876 -0.307976 0.135510
v -0.015736 -0.327340 0.132279
v -0.016105 -0.311452 0.134708
v -0.023466 -0.330433 0.132069
v -0.016185 -0.333848 0.132869
v -0.046975 -0.325131 0.132673
v -0.031255 -0.326165 0.132253
v -0.030299 -0.334267 0.133057
v -0.040441 -0.313858 0.133369
v -0.036478 -0.331123 0.132953
v -0.050137 -0.333028 0.133667
v -0.029377 -0.319245 0.131835
v -0.023656 -0.314633 0.133180
v -0.064130 -0.315762 0.133409
v -0.058322 -0.328785 0.132674
v -0.005299 -0.269162 0.154136
v -0.003456 -0.255007 0.159585
v -0.004015 -0.235118 0.164857
v -0.006890 -0.221231 0.168611
v -0.191192 -0.239456 0.024975
v -0.192363 -0.255976 0.018868
v -0.190708 -0.223279 0.017194
v -0.196397 -0.297991 0.020654
v -0.197268 -0.304338 0.028640
v -0.194195 -0.309940 0.048997
v -0.194536 -0.294004 0.038304
v -0.195556 -0.296401 0.033143
v -0.194433 -0.286063 0.037833
v -0.195458 -0.302278 0.038478
v -0.192256 -0.268712 0.040216
v -0.194736 -0.274531 0.031729
v -0.195147 -0.310943 0.042463
v -0.193029 -0.277300 0.041419
v -0.196261 -0.318386 0.038922
v -0.186997 -0.324230 0.068468
v -0.188032 -0.299570 0.064354
v -0.192751 -0.321553 0.055888
v -0.191916 -0.304725 0.055464
v -0.192920 -0.266760 0.019279
v -0.192694 -0.263466 0.025708
v -0.003882 -0.170012 0.178594
v -0.008597 -0.160354 0.178038
v -0.023420 -0.171222 0.175667
v -0.003863 -0.189496 0.177411
v -0.023646 -0.188717 0.175233
v -0.008113 -0.199286 0.174251
v -0.008544 -0.208906 0.172473
v -0.105991 -0.070855 0.106643
v -0.181024 -0.185924 0.031789
v -0.176467 -0.170130 0.035361
v -0.172056 -0.167853 0.054056
v -0.177777 -0.175412 0.044126
v -0.186440 -0.198491 0.016264
v -0.187479 -0.207703 0.017119
v -0.186370 -0.207889 0.026765
v -0.131670 -0.077338 0.080500
v -0.131892 -0.091645 0.085895
v -0.139484 -0.104751 0.081039
v -0.136736 -0.097134 0.081020
v -0.126749 -0.105291 0.096835
v -0.144502 -0.098155 0.068533
v -0.127555 -0.097156 0.092762
v -0.140414 -0.100109 0.075289
v -0.145388 -0.106960 0.071242
v -0.133921 -0.102267 0.088557
v -0.120990 -0.098658 0.101724
v -0.166315 -0.132742 0.030085
v -0.138894 -0.076709 0.068154
v -0.143402 -0.076462 0.060431
v -0.145710 -0.083829 0.059528
v -0.152410 -0.101231 0.049406
v -0.149331 -0.089039 0.049135
v -0.152065 -0.095284 0.047770
v -0.044951 -0.558716 0.122685
v -0.040188 -0.554853 0.123081
v -0.063566 -0.557728 0.118983
v -0.069049 -0.555008 0.118298
v -0.083831 -0.556998 0.120067
v -0.076876 -0.555434 0.118676
v -0.100055 -0.557792 0.120677
v -0.108260 -0.555086 0.120050
v -0.012734 -0.504406 0.123414
v -0.032551 -0.509720 0.120205
v -0.021629 -0.523320 0.123826
v -0.020039 -0.494117 0.122537
v -0.014675 -0.481738 0.122883
v -0.016352 -0.470310 0.123001
v -0.002769 -0.130983 0.176293
v -0.020690 -0.126056 0.173936
v -0.031431 -0.115719 0.169883
v -0.027345 -0.108722 0.166950
v -0.037855 -0.104949 0.162506
v -0.060297 -0.120965 0.158447
v -0.039155 -0.122692 0.168295
v -0.067456 -0.117922 0.155922
v -0.061719 -0.105277 0.154331
v -0.073571 -0.110092 0.148041
v -0.054982 -0.111076 0.159655
v -0.075484 -0.118631 0.147840
v -0.051843 -0.116063 0.163789
v -0.055662 -0.128652 0.160641
v -0.061784 -0.155639 0.163186
v -0.059515 -0.138544 0.161955
v -0.059196 -0.131252 0.160908
v -0.047222 -0.135011 0.168211
v -0.036772 -0.130249 0.169161
v -0.026870 -0.132389 0.172407
v -0.081875 -0.094306 0.137430
v -0.084558 -0.083939 0.131899
v -0.083388 -0.102965 0.138828
v -0.104863 -0.107731 0.123602
v -0.095505 -0.106318 0.130141
v -0.105992 -0.094273 0.115723
v -0.093128 -0.112507 0.133205
v -0.099940 -0.096184 0.121881
v -0.099241 -0.085656 0.119728
v -0.105631 -0.101560 0.118908
v -0.088547 -0.107191 0.137057
v -0.113094 -0.099872 0.110574
v -0.022594 -0.407608 0.126602
v -0.018409 -0.382477 0.130711
v -0.021926 -0.391729 0.128576
v -0.028169 -0.397321 0.127667
v -0.019402 -0.398181 0.127620
v -0.001546 -0.386260 0.130470
v -0.005706 -0.357261 0.137526
v -0.194231 -0.389971 0.031780
v -0.195508 -0.371988 0.032956
v -0.195071 -0.370694 0.038756
v -0.196045 -0.363616 0.032423
v -0.198120 -0.337216 0.027312
v -0.198525 -0.344095 0.021935
v -0.189858 -0.515927 0.026782
v -0.191019 -0.536339 0.038171
v -0.191749 -0.537000 0.047930
v -0.190324 -0.529233 0.036807
v -0.190931 -0.528807 0.045958
v -0.190435 -0.520261 0.049020
v -0.192463 -0.530050 0.061886
v -0.190446 -0.514614 0.051805
v -0.190415 -0.507598 0.051904
v -0.191139 -0.526830 0.053598
v -0.192809 -0.535704 0.055441
v -0.191206 -0.521013 0.060351
v -0.191494 -0.523810 0.072498
v -0.190662 -0.514468 0.065863
v -0.191729 -0.525018 0.065614
v -0.190304 -0.508579 0.062217
v -0.189951 -0.513065 0.072197
v -0.191491 -0.439862 0.038975
v -0.191265 -0.435235 0.043112
v -0.191300 -0.426813 0.045457
v -0.192288 -0.427228 0.037293
v -0.192922 -0.420622 0.032085
v -0.185861 -0.517758 0.086673
v -0.189406 -0.524665 0.081459
v -0.178451 -0.512201 0.095805
v -0.182470 -0.509820 0.090218
v -0.173533 -0.509344 0.100649
v -0.192399 -0.533576 0.078199
v -0.181928 -0.516672 0.092427
v -0.166846 -0.510142 0.106368
v -0.170452 -0.444366 0.096644
v -0.195276 -0.548084 0.075198
v -0.196581 -0.555593 0.078066
v -0.194291 -0.539914 0.066065
v -0.196852 -0.553022 0.070410
v -0.195513 -0.549837 0.061744
v -0.193905 -0.549499 0.055432
v -0.139658 -0.543098 0.117170
v -0.158217 -0.546743 0.110343
v -0.114804 -0.547604 0.119866
v -0.192262 -0.413139 0.042591
v -0.193305 -0.400356 0.028951
v -0.001832 -0.329646 0.133161
v -0.017302 -0.345006 0.135124
v -0.031037 -0.281382 0.145547
v -0.020449 -0.293602 0.142928
v -0.023222 -0.301856 0.138210
v -0.057316 -0.320321 0.132255
v -0.057534 -0.311239 0.132974
v -0.018656 -0.265463 0.152979
v -0.017268 -0.251048 0.159395
v -0.028182 -0.262852 0.151721
v -0.022182 -0.228633 0.165385
v -0.023091 -0.237501 0.161284
v -0.192339 -0.248982 0.034776
v -0.192633 -0.244628 0.018948
v -0.192148 -0.252874 0.026616
v -0.195831 -0.328381 0.042685
v -0.190278 -0.318143 0.062661
v -0.184710 -0.306298 0.072613
v -0.197423 -0.327780 0.028560
v -0.197430 -0.319409 0.031552
v -0.016116 -0.173686 0.175795
v -0.017989 -0.163399 0.176910
v -0.015314 -0.156197 0.175921
v -0.033159 -0.151884 0.171941
v -0.024395 -0.142127 0.175585
v -0.027024 -0.155695 0.174719
v -0.017695 -0.148333 0.175416
v -0.026498 -0.166889 0.176201
v -0.050215 -0.165839 0.168022
v -0.040799 -0.159164 0.171360
v -0.041372 -0.169464 0.169561
v -0.016406 -0.186392 0.176128
v -0.017313 -0.196472 0.173171
v -0.023941 -0.198329 0.172330
v -0.014850 -0.203814 0.172907
v -0.022837 -0.201799 0.172604
v -0.016046 -0.211120 0.170803
v -0.023790 -0.214933 0.167962
v -0.022168 -0.221699 0.166566
v -0.173621 -0.185060 0.060093
v -0.175553 -0.166088 0.039797
v -0.174943 -0.160044 0.030550
v -0.176807 -0.155873 0.019101
v -0.184327 -0.197561 0.030433
v -0.155577 -0.114356 0.052415
v -0.142171 -0.111374 0.078592
v -0.133253 -0.144778 0.105197
v -0.140700 -0.128610 0.091297
v -0.143544 -0.120768 0.083492
v -0.023821 -0.509786 0.122593
v -0.026248 -0.502042 0.121576
v -0.027818 -0.516527 0.122084
v -0.028392 -0.495485 0.121187
v -0.033839 -0.501282 0.119512
v -0.039703 -0.524393 0.118526
v -0.031983 -0.524278 0.121379
v -0.020839 -0.515927 0.123627
v -0.053024 -0.496936 0.114474
v -0.034942 -0.517138 0.119530
v -0.053327 -0.533224 0.116519
v -0.044432 -0.541162 0.119385
v -0.046348 -0.523439 0.116707
v -0.046142 -0.507395 0.115826
v -0.041711 -0.514483 0.117265
v -0.052229 -0.515424 0.114985
v -0.041342 -0.499414 0.116769
v -0.047327 -0.535463 0.117814
v -0.059440 -0.542527 0.117244
v -0.041170 -0.534091 0.119095
v -0.038857 -0.506672 0.117807
v -0.053588 -0.524940 0.115570
v -0.030570 -0.480976 0.120500
v -0.025870 -0.468504 0.122053
v -0.051773 -0.105849 0.158902
v -0.088535 -0.123757 0.140527
v -0.074143 -0.128441 0.151212
v -0.070682 -0.135870 0.157931
v -0.091680 -0.086409 0.125105
v -0.110033 -0.083764 0.107598
v -0.105193 -0.077863 0.109204
v -0.013626 -0.408724 0.126913
v -0.035805 -0.428691 0.124644
v -0.032400 -0.421700 0.125237
v -0.030650 -0.435668 0.124578
v -0.038046 -0.411841 0.125673
v -0.022395 -0.439636 0.124569
v -0.029272 -0.406039 0.126529
v -0.051155 -0.420631 0.125130
v -0.040328 -0.420299 0.124932
v -0.003551 -0.362951 0.137085
v -0.012123 -0.353181 0.136704
v -0.020372 -0.369917 0.134062
v -0.050224 -0.366585 0.133407
v -0.041240 -0.377746 0.131304
v -0.030965 -0.380830 0.130664
v -0.032923 -0.370422 0.133543
v -0.033235 -0.387190 0.129187
v -0.044315 -0.367322 0.133736
v -0.193813 -0.379891 0.043972
v -0.193578 -0.391757 0.040444
v -0.192449 -0.399028 0.043850
v -0.196419 -0.347860 0.040325
v -0.189276 -0.531237 0.085173
v -0.186828 -0.526011 0.087631
v -0.193098 -0.532478 0.069698
v -0.162489 -0.503919 0.109577
v -0.158695 -0.492228 0.112430
v -0.172901 -0.520667 0.102229
v -0.178673 -0.519758 0.096686
v -0.179516 -0.534666 0.098267
v -0.179225 -0.527484 0.097346
v -0.185271 -0.533573 0.092108
v -0.187184 -0.543844 0.092565
v -0.192553 -0.549102 0.086616
v -0.188033 -0.549499 0.092752
v -0.181713 -0.542012 0.097583
v -0.174998 -0.545398 0.102827
v -0.195135 -0.550987 0.081227
v -0.156290 -0.519941 0.113469
v -0.168061 -0.451760 0.099904
v -0.168568 -0.466860 0.101684
v -0.174029 -0.460966 0.093838
v -0.172398 -0.476465 0.098716
v -0.169687 -0.459400 0.099210
v -0.160541 -0.459243 0.108418
v -0.163570 -0.454229 0.104720
v -0.165354 -0.461297 0.103994
v -0.157979 -0.411192 0.105453
v -0.193674 -0.541384 0.079811
v -0.194072 -0.539131 0.072819
v -0.195763 -0.547030 0.068564
v -0.142057 -0.548340 0.115726
v -0.162099 -0.552131 0.108162
v -0.164008 -0.557132 0.106437
v -0.155160 -0.552401 0.110621
v -0.150314 -0.543037 0.114484
v -0.193971 -0.394057 0.023698
v -0.031693 -0.349797 0.135811
v -0.031130 -0.342728 0.134696
v -0.022363 -0.352852 0.136170
v -0.029595 -0.359779 0.135732
v -0.040117 -0.344419 0.135175
v -0.041093 -0.359969 0.135298
v -0.030911 -0.275983 0.148519
v -0.029004 -0.288600 0.143193
v -0.042990 -0.320374 0.132597
v -0.037728 -0.306453 0.135048
v -0.049450 -0.316862 0.133168
v -0.064300 -0.303356 0.134594
v -0.044992 -0.245262 0.152571
v -0.049923 -0.221704 0.156598
v -0.033790 -0.223710 0.162742
v -0.028169 -0.221147 0.164333
v -0.058646 -0.202968 0.160488
v -0.045202 -0.208419 0.163449
v -0.018338 -0.233797 0.164129
v -0.190156 -0.228466 0.024552
v -0.188426 -0.221650 0.033108
v -0.196699 -0.326942 0.036814
v -0.188683 -0.334774 0.063708
v -0.159292 -0.334793 0.104336
v -0.178593 -0.272726 0.079054
v -0.189578 -0.292544 0.060308
v -0.180819 -0.289812 0.079392
v -0.186261 -0.289177 0.069358
v -0.191608 -0.291917 0.051258
v -0.193235 -0.290867 0.043743
v -0.193042 -0.297327 0.045678
v -0.038489 -0.139713 0.170058
v -0.054060 -0.175124 0.164296
v -0.030369 -0.187275 0.172914
v -0.174582 -0.176827 0.054271
v -0.178744 -0.181801 0.047363
v -0.170094 -0.178561 0.064252
v -0.168435 -0.164627 0.060048
v -0.170269 -0.172039 0.060072
v -0.171990 -0.152623 0.034444
v -0.179927 -0.203750 0.056469
v -0.149741 -0.103542 0.061309
v -0.150158 -0.111734 0.066560
v -0.156460 -0.137136 0.071062
v -0.133494 -0.117353 0.095660
v -0.136041 -0.110684 0.088754
v -0.139051 -0.117218 0.089074
v -0.137723 -0.122760 0.093936
v -0.129016 -0.133331 0.106819
v -0.130800 -0.124019 0.101256
v -0.135346 -0.128563 0.097813
v -0.140160 -0.138542 0.096793
v -0.130549 -0.110921 0.095181
v -0.114673 -0.125340 0.118787
v -0.124878 -0.126955 0.110735
v -0.121364 -0.114353 0.107787
v -0.125607 -0.116185 0.103308
v -0.114528 -0.106289 0.112025
v -0.111550 -0.111652 0.115721
v -0.037758 -0.539778 0.120859
v -0.026868 -0.541071 0.124789
v -0.025259 -0.530810 0.123934
v -0.055108 -0.505824 0.113996
v -0.060001 -0.512845 0.113406
v -0.047769 -0.497780 0.115289
v -0.069928 -0.537899 0.116337
v -0.064110 -0.546661 0.117575
v -0.056117 -0.549333 0.118588
v -0.027353 -0.487477 0.121262
v -0.048482 -0.481759 0.116549
v -0.086384 -0.116341 0.141696
v -0.092537 -0.119083 0.135393
v -0.100124 -0.161440 0.138397
v -0.065308 -0.146346 0.159386
v -0.038069 -0.394785 0.127822
v -0.063267 -0.408728 0.126208
v -0.050362 -0.411991 0.125905
v -0.046351 -0.386842 0.128835
v -0.054917 -0.374753 0.130990
v -0.191759 -0.385637 0.051827
v -0.181818 -0.403289 0.074096
v -0.186263 -0.392081 0.065081
v -0.188974 -0.384257 0.059614
v -0.189399 -0.407754 0.055148
v -0.197038 -0.356363 0.030816
v -0.197529 -0.346032 0.033117
v -0.197005 -0.339064 0.036178
v -0.196404 -0.332739 0.038448
v -0.194827 -0.351722 0.047854
v -0.159799 -0.511831 0.111288
v -0.165241 -0.519597 0.107980
v -0.167785 -0.534361 0.106861
v -0.168376 -0.527298 0.106281
v -0.174099 -0.530790 0.102282
v -0.160717 -0.528758 0.111027
v -0.174835 -0.538210 0.102555
v -0.167389 -0.542419 0.106926
v -0.160192 -0.538239 0.110924
v -0.152602 -0.527026 0.115665
v -0.154736 -0.534189 0.114188
v -0.171342 -0.483622 0.101422
v -0.163266 -0.476275 0.108726
v -0.161690 -0.467768 0.108644
v -0.168378 -0.478146 0.103878
v -0.128503 -0.474383 0.119137
v -0.146034 -0.463775 0.117186
v -0.154311 -0.464166 0.113869
v -0.148032 -0.476868 0.116480
v -0.147376 -0.448727 0.115348
v -0.149617 -0.469624 0.116205
v -0.156448 -0.472653 0.113177
v -0.153393 -0.455055 0.113140
v -0.158328 -0.451129 0.108893
v -0.149076 -0.458191 0.115745
v -0.162096 -0.428695 0.103174
v -0.144983 -0.536742 0.117067
v -0.035325 -0.362824 0.135080
v -0.035425 -0.354947 0.135958
v -0.053204 -0.351754 0.135459
v -0.042517 -0.293259 0.138380
v -0.028761 -0.295064 0.140286
v -0.039478 -0.286946 0.141497
v -0.052335 -0.274717 0.144473
v -0.048942 -0.289740 0.138327
v -0.028400 -0.307709 0.134575
v -0.047324 -0.308942 0.134091
v -0.044985 -0.300851 0.136057
v -0.054615 -0.303483 0.133978
v -0.050696 -0.295612 0.136522
v -0.057906 -0.289592 0.137734
v -0.057430 -0.280279 0.141570
v -0.059351 -0.296882 0.135762
v -0.036761 -0.249314 0.155188
v -0.040446 -0.236584 0.156359
v -0.029126 -0.231811 0.161179
v -0.043298 -0.201636 0.166964
v -0.189716 -0.238708 0.040258
v -0.190424 -0.328091 0.060963
v -0.173506 -0.320190 0.092103
v -0.049467 -0.145726 0.167539
v -0.042211 -0.151366 0.169171
v -0.042242 -0.144966 0.169538
v -0.057428 -0.162083 0.163770
v -0.180564 -0.195690 0.051086
v -0.166665 -0.156805 0.059828
v -0.172785 -0.157715 0.047273
v -0.170549 -0.148709 0.039129
v -0.165590 -0.136415 0.045213
v -0.165260 -0.130313 0.036858
v -0.157323 -0.125341 0.057771
v -0.153547 -0.120894 0.065621
v -0.159412 -0.119370 0.045879
v -0.160738 -0.126364 0.050517
v -0.161081 -0.137775 0.059298
v -0.160252 -0.132029 0.055762
v -0.153659 -0.130296 0.072829
v -0.164697 -0.139565 0.051996
v -0.153219 -0.107020 0.052340
v -0.157134 -0.120634 0.053390
v -0.184662 -0.212002 0.043967
v -0.148914 -0.096236 0.057206
v -0.150739 -0.099989 0.055042
v -0.148129 -0.130352 0.080142
v -0.148577 -0.123773 0.076041
v -0.133763 -0.138336 0.102676
v -0.152263 -0.158805 0.086250
v -0.124552 -0.138693 0.113848
v -0.119870 -0.120757 0.113065
v -0.111709 -0.119221 0.118247
v -0.104097 -0.117727 0.126024
v -0.052434 -0.541447 0.117864
v -0.092003 -0.529824 0.118165
v -0.049272 -0.489117 0.115739
v -0.066359 -0.140074 0.160449
v -0.063345 -0.424156 0.125614
v -0.040367 -0.385331 0.129205
v -0.192307 -0.391639 0.048093
v -0.188159 -0.395359 0.060472
v -0.191033 -0.405970 0.049186
v -0.190871 -0.420293 0.049572
v -0.192258 -0.420570 0.040438
v -0.188423 -0.428434 0.058716
v -0.190230 -0.398121 0.053681
v -0.194944 -0.362175 0.042741
v -0.192884 -0.362054 0.051577
v -0.165581 -0.434033 0.100644
v -0.176292 -0.425693 0.087910
v -0.049320 -0.358809 0.135023
v -0.044029 -0.352152 0.136037
v -0.054663 -0.345469 0.135143
v -0.044389 -0.279589 0.144433
v -0.036240 -0.272892 0.148002
v -0.052780 -0.258627 0.147832
v -0.049802 -0.265157 0.146789
v -0.038818 -0.256113 0.152187
v -0.032757 -0.258816 0.152840
v -0.073016 -0.265779 0.141889
v -0.048335 -0.252064 0.150679
v -0.072617 -0.237353 0.144804
v -0.062187 -0.247463 0.147492
v -0.056055 -0.251616 0.148932
v -0.064014 -0.256586 0.145187
v -0.064292 -0.270129 0.143473
v -0.036750 -0.298286 0.138014
v -0.030399 -0.241487 0.157764
v -0.038941 -0.228617 0.160336
v -0.038327 -0.242478 0.155658
v -0.045530 -0.182492 0.170549
v -0.040331 -0.187930 0.169537
v -0.050929 -0.191141 0.164011
v -0.190090 -0.256843 0.048168
v -0.191173 -0.249637 0.044452
v -0.191969 -0.258390 0.040193
v -0.186042 -0.247702 0.057975
v -0.188680 -0.248670 0.051367
v -0.177388 -0.318832 0.085642
v -0.180054 -0.326277 0.079878
v -0.177117 -0.186500 0.053291
v -0.179896 -0.189200 0.044977
v -0.182840 -0.196923 0.045411
v -0.175817 -0.195212 0.059926
v -0.170981 -0.160041 0.053329
v -0.168628 -0.153546 0.053742
v -0.174628 -0.170273 0.048301
v -0.186169 -0.213354 0.034491
v -0.187688 -0.220012 0.039992
v -0.184740 -0.202975 0.037319
v -0.182827 -0.224534 0.057822
v -0.185032 -0.219645 0.050487
v -0.144714 -0.127154 0.084540
v -0.150908 -0.140589 0.080577
v -0.160529 -0.165815 0.077273
v -0.143719 -0.151297 0.096068
v -0.147836 -0.144797 0.087616
v -0.148744 -0.155788 0.091370
v -0.119992 -0.132346 0.116086
v -0.114986 -0.140697 0.121893
v -0.079613 -0.538062 0.117593
v -0.083353 -0.547130 0.119270
v -0.088657 -0.537904 0.118860
v -0.092866 -0.554112 0.120691
v -0.105878 -0.536522 0.120263
v -0.096630 -0.536263 0.119622
v -0.096302 -0.544670 0.120326
v -0.041517 -0.491267 0.117185
v -0.035250 -0.486024 0.119024
v -0.037130 -0.478494 0.118862
v -0.060606 -0.416334 0.126182
v -0.187804 -0.404981 0.059714
v -0.193939 -0.370779 0.044650
v -0.186288 -0.355888 0.067900
v -0.166232 -0.443688 0.100989
v -0.155386 -0.439603 0.109439
v -0.178461 -0.436290 0.085410
v -0.170032 -0.435118 0.096525
v -0.075649 -0.250892 0.143015
v -0.070818 -0.273411 0.141749
v -0.040676 -0.178139 0.171286
v -0.054110 -0.182151 0.164830
v -0.059095 -0.188163 0.161335
v -0.181388 -0.318159 0.078226
v -0.183918 -0.327917 0.073159
v -0.186368 -0.345592 0.068417
v -0.180597 -0.343201 0.077209
v -0.075622 -0.162400 0.155158
v -0.182734 -0.194472 0.039810
v -0.183380 -0.204219 0.048067
v -0.181799 -0.211239 0.053540
v -0.169710 -0.190035 0.072441
v -0.169201 -0.183318 0.069992
v -0.188139 -0.227664 0.045551
v -0.185215 -0.230745 0.054744
v -0.185776 -0.225466 0.052179
v -0.184398 -0.239257 0.058268
v -0.173110 -0.213455 0.074336
v -0.178468 -0.209800 0.061727
v -0.157131 -0.145369 0.074497
v -0.154287 -0.150204 0.080531
v -0.157392 -0.157979 0.078353
v -0.163404 -0.159364 0.069107
v -0.165129 -0.169941 0.072253
v -0.139290 -0.145480 0.099153
v -0.105080 -0.139292 0.131226
v -0.122075 -0.165255 0.121258
v -0.098936 -0.129454 0.135043
v -0.089722 -0.558856 0.120854
v -0.042445 -0.483793 0.117346
v -0.031453 -0.474284 0.120590
v -0.048740 -0.455387 0.120124
v -0.185185 -0.402866 0.066218
v -0.183096 -0.420758 0.073282
v -0.186397 -0.422119 0.064706
v -0.178026 -0.406737 0.081890
v -0.184470 -0.412596 0.068365
v -0.187757 -0.414988 0.060512
v -0.180800 -0.413373 0.077393
v -0.179233 -0.421097 0.082222
v -0.182338 -0.428457 0.076801
v -0.190328 -0.358189 0.059765
v -0.160500 -0.441236 0.105570
v -0.159104 -0.434561 0.105778
v -0.144044 -0.416848 0.113779
v -0.153699 -0.425958 0.109152
v -0.179761 -0.442160 0.084080
v -0.174505 -0.439938 0.091483
v -0.174777 -0.433112 0.090731
v -0.167636 -0.417076 0.097522
v -0.173902 -0.416916 0.090405
v -0.070926 -0.255169 0.143632
v -0.068414 -0.243629 0.145670
v -0.064676 -0.274596 0.142783
v -0.076942 -0.285620 0.137473
v -0.068552 -0.286319 0.138129
v -0.101374 -0.266171 0.133262
v -0.071112 -0.280026 0.139974
v -0.085502 -0.261704 0.138219
v -0.078698 -0.261929 0.140481
v -0.083339 -0.246641 0.140486
v -0.081033 -0.271219 0.139071
v -0.078902 -0.278540 0.138594
v -0.094414 -0.278292 0.135502
v -0.086585 -0.284055 0.135594
v -0.083380 -0.185463 0.149678
v -0.192806 -0.348829 0.055496
v -0.194125 -0.338616 0.050746
v -0.182511 -0.353543 0.073871
v -0.171903 -0.328323 0.093256
v -0.176038 -0.328070 0.086736
v -0.065673 -0.163243 0.161654
v -0.073147 -0.174619 0.157258
v -0.071392 -0.176766 0.159073
v -0.077760 -0.188451 0.152345
v -0.084354 -0.179100 0.151510
v -0.070091 -0.188712 0.156566
v -0.072157 -0.200259 0.153620
v -0.064742 -0.199320 0.159759
v -0.087730 -0.200105 0.146617
v -0.084730 -0.172171 0.152012
v -0.093724 -0.194258 0.142418
v -0.107571 -0.188983 0.134832
v -0.099811 -0.194284 0.138386
v -0.074787 -0.193905 0.153213
v -0.088599 -0.214708 0.142199
v -0.072743 -0.212684 0.149465
v -0.083754 -0.209733 0.145299
v -0.065920 -0.208366 0.154992
v -0.099379 -0.175689 0.139584
v -0.071301 -0.222015 0.148307
v -0.064297 -0.237256 0.147414
v -0.065588 -0.228815 0.149319
v -0.060922 -0.217554 0.154336
v -0.095261 -0.181637 0.141994
v -0.108701 -0.171498 0.134440
v -0.050415 -0.231217 0.153920
v -0.074316 -0.230464 0.145134
v -0.097044 -0.167182 0.140810
v -0.107433 -0.181340 0.133479
v -0.115600 -0.166553 0.126049
v -0.115024 -0.188469 0.127739
v -0.078475 -0.217050 0.147358
v -0.102486 -0.157890 0.136022
v -0.141920 -0.208984 0.107565
v -0.124365 -0.192208 0.120884
v -0.172199 -0.194946 0.068640
v -0.179283 -0.248098 0.074901
v -0.180150 -0.217335 0.059378
v -0.174453 -0.221633 0.073617
v -0.177040 -0.215523 0.067522
v -0.174216 -0.202399 0.068470
v -0.160541 -0.143218 0.065669
v -0.164407 -0.148090 0.058883
v -0.163682 -0.152951 0.065227
v -0.116646 -0.149424 0.122485
v -0.045769 -0.470681 0.117900
v -0.033691 -0.466468 0.120657
v -0.179021 -0.430320 0.083984
v -0.184808 -0.431156 0.070181
v -0.182058 -0.436543 0.078531
v -0.188233 -0.373425 0.061234
v -0.146732 -0.433279 0.113616
v -0.150797 -0.417250 0.110388
v -0.159720 -0.419917 0.104627
v -0.166846 -0.424387 0.098948
v -0.171983 -0.424405 0.093730
v -0.177308 -0.412969 0.084344
v -0.100164 -0.258109 0.134255
v -0.076932 -0.242346 0.143218
v -0.091107 -0.271430 0.136243
v -0.086422 -0.276984 0.137064
v -0.100285 -0.272340 0.134069
v -0.119125 -0.277978 0.127919
v -0.105725 -0.280667 0.132897
v -0.083484 -0.299061 0.134488
v -0.073996 -0.293829 0.137101
v -0.189693 -0.345857 0.062611
v -0.191778 -0.334996 0.056881
v -0.194445 -0.329364 0.048587
v -0.195722 -0.338575 0.044302
v -0.175297 -0.342521 0.085900
v -0.166674 -0.332619 0.098236
v -0.100434 -0.217535 0.136114
v -0.054425 -0.242965 0.150654
v -0.126842 -0.170839 0.117716
v -0.118452 -0.173283 0.123549
v -0.115553 -0.206044 0.126463
v -0.108555 -0.199497 0.132405
v -0.181603 -0.241254 0.066640
v -0.184725 -0.258856 0.067006
v -0.187138 -0.254612 0.057471
v -0.178915 -0.232450 0.071628
v -0.183031 -0.251787 0.069871
v -0.187728 -0.263292 0.055610
v -0.182074 -0.231046 0.063677
v -0.175206 -0.249470 0.081427
v -0.185116 -0.251638 0.063908
v -0.179627 -0.258551 0.077211
v -0.189897 -0.267577 0.047642
v -0.187690 -0.280252 0.063902
v -0.169194 -0.224139 0.081723
v -0.174486 -0.229500 0.077459
v -0.183124 -0.279111 0.073862
v -0.176610 -0.203372 0.063309
v -0.163283 -0.199449 0.082037
v -0.168612 -0.196984 0.075360
v -0.169985 -0.205502 0.076624
v -0.121859 -0.145505 0.118153
v -0.131892 -0.155664 0.109730
v -0.135950 -0.151418 0.103593
v -0.115156 -0.158804 0.124853
v -0.111398 -0.162283 0.129864
v -0.111216 -0.153159 0.129369
v -0.044108 -0.476821 0.117483
v -0.042054 -0.463932 0.119381
v -0.034639 -0.457776 0.121412
v -0.039005 -0.471411 0.118982
v -0.020597 -0.448670 0.124159
v -0.187401 -0.364281 0.064281
v -0.190596 -0.365729 0.056741
v -0.185778 -0.383747 0.066453
v -0.182471 -0.387888 0.072669
v -0.148079 -0.427313 0.112614
v -0.153348 -0.432563 0.109746
v -0.148533 -0.440288 0.113515
v -0.139927 -0.443010 0.117085
v -0.135883 -0.458078 0.119389
v -0.110438 -0.384865 0.126280
v -0.155000 -0.420369 0.108012
v -0.162928 -0.413956 0.101452
v -0.167917 -0.396354 0.095936
v -0.163129 -0.404702 0.100962
v -0.087093 -0.227285 0.140596
v -0.098289 -0.294046 0.132440
v -0.098464 -0.286018 0.133704
v -0.082270 -0.290956 0.135912
v -0.090237 -0.292168 0.133642
v -0.073834 -0.303391 0.134696
v -0.069178 -0.310179 0.133983
v -0.067191 -0.297873 0.136274
v -0.148350 -0.364208 0.112050
v -0.155489 -0.353579 0.105861
v -0.160597 -0.343617 0.101916
v -0.167124 -0.357297 0.096181
v -0.162692 -0.349914 0.100394
v -0.161343 -0.357501 0.101161
v -0.166598 -0.345607 0.096745
v -0.095478 -0.225247 0.136482
v -0.110379 -0.220923 0.130010
v -0.105784 -0.227910 0.131594
v -0.105313 -0.209813 0.134489
v -0.131875 -0.185483 0.115086
v -0.120502 -0.198862 0.123640
v -0.179410 -0.222917 0.065459
v -0.176354 -0.400016 0.084773
v -0.179523 -0.394511 0.078948
v -0.175457 -0.386225 0.085764
v -0.133770 -0.432209 0.118815
v -0.140564 -0.452108 0.118061
v -0.128642 -0.400174 0.119732
v -0.085469 -0.371052 0.131014
v -0.096879 -0.339698 0.133011
v -0.081936 -0.324075 0.134124
v -0.074187 -0.318864 0.135561
v -0.068108 -0.324869 0.133770
v -0.082703 -0.307893 0.133782
v -0.085804 -0.338696 0.134326
v -0.079823 -0.333376 0.134511
v -0.088732 -0.328873 0.132371
v -0.068070 -0.338214 0.135274
v -0.071581 -0.331747 0.134046
v -0.058906 -0.337957 0.133678
v -0.064557 -0.332392 0.133466
v -0.173199 -0.405549 0.089694
v -0.116276 -0.215571 0.126236
v -0.129028 -0.214338 0.118520
v -0.121034 -0.211591 0.123700
v -0.128205 -0.204879 0.119581
v -0.135340 -0.213404 0.114004
v -0.126968 -0.179608 0.118505
v -0.179244 -0.376211 0.078235
v -0.184429 -0.372613 0.068572
v -0.183365 -0.363254 0.071540
v -0.140559 -0.429835 0.116410
v -0.142146 -0.436534 0.116149
v -0.140241 -0.406102 0.115249
v -0.147965 -0.390020 0.111505
v -0.065809 -0.370304 0.133206
v -0.059765 -0.362151 0.134412
v -0.076012 -0.383269 0.129650
v -0.076608 -0.311519 0.134812
v -0.098687 -0.306320 0.133181
v -0.093327 -0.299489 0.132982
v -0.082933 -0.316251 0.134566
v -0.090997 -0.312367 0.132435
v -0.089177 -0.304950 0.132830
v -0.104816 -0.321159 0.131312
v -0.100962 -0.312000 0.132784
v -0.096973 -0.320476 0.131824
v -0.089532 -0.321132 0.132849
v -0.136128 -0.328076 0.123344
v -0.119107 -0.323770 0.127917
v -0.112648 -0.317985 0.129761
v -0.109776 -0.342070 0.131379
v -0.106341 -0.336187 0.133758
v -0.113990 -0.330578 0.130934
v -0.125322 -0.336896 0.125931
v -0.118592 -0.336397 0.129118
v -0.090186 -0.354188 0.132500
v -0.085397 -0.346321 0.134110
v -0.100846 -0.346252 0.131937
v -0.076433 -0.351965 0.134516
v -0.066064 -0.350334 0.135116
v -0.073395 -0.344517 0.136243
v -0.064339 -0.344447 0.135292
v -0.084046 -0.360591 0.132913
v -0.072783 -0.364376 0.135024
v -0.168198 -0.409968 0.096072
v -0.171314 -0.390255 0.091874
v -0.169793 -0.383096 0.092893
v -0.143736 -0.240850 0.114304
v -0.159063 -0.264031 0.106426
v -0.161783 -0.290375 0.106551
v -0.173385 -0.290826 0.092660
v -0.176975 -0.290927 0.085479
v -0.176181 -0.304334 0.087282
v -0.174386 -0.283609 0.088796
v -0.164664 -0.250706 0.097498
v -0.166552 -0.298537 0.102230
v -0.155546 -0.312156 0.110520
v -0.162388 -0.316388 0.104905
v -0.169747 -0.249598 0.088845
v -0.171990 -0.298573 0.095331
v -0.168837 -0.291205 0.099717
v -0.165957 -0.280174 0.100450
v -0.170077 -0.285094 0.096877
v -0.165683 -0.285637 0.102315
v -0.153737 -0.282944 0.111353
v -0.159932 -0.281375 0.106519
v -0.111572 -0.234767 0.128713
v -0.117456 -0.227959 0.125140
v -0.179391 -0.386247 0.078924
v -0.173456 -0.374982 0.087173
v -0.170676 -0.362482 0.091680
v -0.177461 -0.369608 0.081219
v -0.174933 -0.362236 0.086140
v -0.169949 -0.369564 0.091577
v -0.164005 -0.367637 0.098025
v -0.179094 -0.362065 0.079438
v -0.135635 -0.421872 0.117779
v -0.148524 -0.405348 0.111193
v -0.157364 -0.395492 0.105057
v -0.065231 -0.378661 0.130442
v -0.054955 -0.390073 0.128734
v -0.051922 -0.383552 0.129373
v -0.061679 -0.402079 0.127556
v -0.058472 -0.355557 0.134995
v -0.071819 -0.357446 0.135002
v -0.076308 -0.374122 0.131753
v -0.085884 -0.387458 0.128431
v -0.136082 -0.229963 0.116921
v -0.139579 -0.218475 0.111760
v -0.133700 -0.220786 0.116930
v -0.172287 -0.273937 0.089474
v -0.161947 -0.326277 0.104299
v -0.168010 -0.320011 0.099497
v -0.147896 -0.333586 0.114796
v -0.152008 -0.342989 0.108843
v -0.157178 -0.322452 0.108694
v -0.152337 -0.334317 0.110496
v -0.150596 -0.321248 0.113923
v -0.143718 -0.319837 0.119041
v -0.144148 -0.307054 0.119506
v -0.130273 -0.313849 0.124007
v -0.149656 -0.311497 0.115199
v -0.137947 -0.314601 0.121574
v -0.116634 -0.318050 0.128302
v -0.153441 -0.294303 0.112913
v -0.128171 -0.323498 0.125506
v -0.110505 -0.308673 0.131850
v -0.160876 -0.303971 0.106802
v -0.129364 -0.330983 0.125251
v -0.103185 -0.301146 0.132725
v -0.159479 -0.297278 0.108468
v -0.147087 -0.296356 0.118140
v -0.166878 -0.307179 0.100223
v -0.172415 -0.311220 0.093283
v -0.106989 -0.291677 0.130793
v -0.140530 -0.297171 0.122517
v -0.136742 -0.306120 0.123223
v -0.114984 -0.285380 0.129421
v -0.116110 -0.301908 0.129178
v -0.127129 -0.306203 0.125573
v -0.110966 -0.299537 0.130722
v -0.122366 -0.315521 0.126424
v -0.122369 -0.300264 0.126951
v -0.119395 -0.306857 0.127970
v -0.116951 -0.294063 0.128192
v -0.167528 -0.266086 0.097145
v -0.156377 -0.273181 0.108805
v -0.155370 -0.365019 0.105217
v -0.156735 -0.380080 0.104215
v -0.163740 -0.382549 0.098767
v -0.158076 -0.372650 0.102675
v -0.162059 -0.376039 0.099691
v -0.165785 -0.389777 0.097800
v -0.159136 -0.388705 0.103044
v -0.153630 -0.388239 0.107255
v -0.104321 -0.423521 0.124543
v -0.127317 -0.413255 0.119242
v -0.152352 -0.410444 0.109061
v -0.157356 -0.403178 0.105505
v -0.080776 -0.400258 0.127062
v -0.129819 -0.235272 0.120476
v -0.173284 -0.264539 0.087023
v -0.122340 -0.330299 0.127203
v -0.132858 -0.280214 0.124791
v -0.123840 -0.286356 0.126545
v -0.127197 -0.278873 0.126194
v -0.137203 -0.268708 0.122755
v -0.126677 -0.270761 0.126161
v -0.132548 -0.291302 0.125369
v -0.125350 -0.294200 0.126833
v -0.110656 -0.273368 0.130879
v -0.164057 -0.257784 0.100956
v -0.153163 -0.249821 0.108380
v -0.157566 -0.255953 0.106652
v -0.169542 -0.257741 0.092747
v -0.162650 -0.273253 0.103036
v -0.166821 -0.274204 0.098307
v -0.080848 -0.412353 0.124848
v -0.134260 -0.410661 0.117128
v -0.134035 -0.396441 0.118982
v -0.119218 -0.415181 0.120758
v -0.112427 -0.404941 0.123039
v -0.122637 -0.237862 0.123311
v -0.144024 -0.269620 0.118860
v -0.149637 -0.258010 0.112506
v -0.114758 -0.253879 0.127797
v -0.117100 -0.266362 0.127582
v -0.123008 -0.253576 0.125181
v -0.106026 -0.249237 0.131243
v -0.106974 -0.240789 0.131048
v -0.095579 -0.235926 0.136095
v -0.121909 -0.400998 0.121186
v -0.112410 -0.420744 0.122476
v -0.148230 -0.275725 0.115512
v -0.141692 -0.278142 0.120662
v -0.150032 -0.266907 0.113134
v -0.140125 -0.257605 0.118739
v -0.140234 -0.264842 0.120667
v -0.144922 -0.248863 0.114937
v -0.138057 -0.248952 0.119594
v -0.132109 -0.250953 0.122360
v -0.070445 -0.416167 0.125759
v -0.085912 -0.438867 0.122062
v -0.076593 -0.429101 0.123447
v -0.107277 -0.407671 0.123805
v -0.117166 -0.436412 0.120876
v -0.126267 -0.434271 0.120024
v -0.118890 -0.427696 0.121091
v -0.126929 -0.425371 0.120010
v -0.091796 -0.450969 0.122376
v -0.110811 -0.454942 0.121019
v -0.116405 -0.446194 0.120815
v -0.147576 -0.284898 0.116082
v -0.144879 -0.263330 0.116979
v -0.066003 -0.430371 0.124046
v -0.070758 -0.438121 0.121582
v -0.055636 -0.438143 0.122183
v -0.060740 -0.433390 0.123175
v -0.052684 -0.428276 0.124215
v -0.043850 -0.428672 0.124145
v -0.041363 -0.443441 0.122532
v -0.035334 -0.440637 0.123378
v -0.039357 -0.435214 0.123511
v -0.106600 -0.437311 0.122470
v -0.110512 -0.429811 0.122663
v -0.099527 -0.445542 0.122358
v -0.089291 -0.432942 0.123757
v -0.096289 -0.429803 0.125157
v -0.140262 -0.287700 0.121830
v -0.075932 -0.440340 0.121246
v -0.070108 -0.456122 0.118885
v -0.064821 -0.461869 0.118050
v -0.061269 -0.453327 0.120145
v -0.117243 -0.465324 0.120215
v -0.128970 -0.453928 0.120198
v -0.125766 -0.462648 0.120387
v -0.082296 -0.448435 0.121028
v -0.089988 -0.460262 0.121214
v -0.085891 -0.424885 0.124542
v -0.058730 -0.473498 0.116190
v -0.058579 -0.463643 0.117906
v -0.051434 -0.470168 0.117164
v -0.054345 -0.452374 0.120573
v -0.121564 -0.477481 0.118969
v -0.142425 -0.469989 0.117957
v -0.135131 -0.469918 0.119078
v -0.142565 -0.484160 0.117449
v -0.138077 -0.476723 0.118306
v -0.090467 -0.416000 0.125280
v -0.089802 -0.399273 0.126973
v -0.098231 -0.418456 0.125498
v -0.083935 -0.404564 0.125847
v -0.099535 -0.399536 0.127273
v -0.066538 -0.489415 0.113668
v -0.067358 -0.470243 0.116047
v -0.070665 -0.500003 0.111973
v -0.065368 -0.507548 0.112393
v -0.061507 -0.498682 0.113107
v -0.055938 -0.485305 0.115379
v -0.089979 -0.492608 0.115251
v -0.083544 -0.492809 0.114207
v -0.077859 -0.494111 0.113046
v -0.048065 -0.438500 0.122529
v -0.103226 -0.471308 0.119063
v -0.103916 -0.460443 0.121061
v -0.079625 -0.466425 0.117712
v -0.072041 -0.462285 0.117648
v -0.098083 -0.386259 0.128882
v -0.104280 -0.390535 0.128287
v -0.116699 -0.498897 0.117729
v -0.075968 -0.484371 0.114591
v -0.040775 -0.455193 0.120905
v -0.036068 -0.448406 0.122365
v -0.113197 -0.470176 0.119402
v -0.093998 -0.378851 0.128926
v -0.093282 -0.365843 0.131730
v -0.117130 -0.394156 0.123149
v -0.123292 -0.485357 0.118557
v -0.068218 -0.481142 0.114743
v -0.083691 -0.475788 0.116688
v -0.092912 -0.472927 0.117931
v -0.095750 -0.480984 0.117197
v -0.113476 -0.482517 0.118196
v -0.106586 -0.486556 0.117150
v -0.113597 -0.492377 0.117376
v -0.109703 -0.397008 0.125441
v -0.091846 -0.512311 0.114785
v -0.087902 -0.504179 0.113317
v -0.079354 -0.502197 0.112037
v -0.071970 -0.513588 0.112402
v -0.118743 -0.484755 0.118506
v -0.108390 -0.505012 0.116499
v -0.085107 -0.497518 0.113521
v -0.073533 -0.506976 0.111800
v -0.085932 -0.517457 0.114734
v -0.069184 -0.526817 0.114492
v -0.061197 -0.530175 0.115309
v -0.061637 -0.520620 0.114017
v -0.104024 -0.496821 0.115870
v -0.098277 -0.505813 0.114812
v -0.080894 -0.511229 0.113037
v -0.069332 -0.519461 0.113330
v -0.077898 -0.521738 0.114434
v -0.110373 -0.526945 0.119671
v -0.101520 -0.530214 0.119311
v -0.130169 -0.525429 0.119653
v -0.139535 -0.530271 0.118835
v -0.102486 -0.520593 0.117766
v -0.075562 -0.531080 0.115659
v -0.130432 -0.540332 0.118828
v -0.141630 -0.514098 0.118124
v -0.150844 -0.511355 0.115565
v -0.147713 -0.520337 0.117278
v -0.105582 -0.512291 0.116856
v -0.132421 -0.533180 0.119422
v -0.139343 -0.522043 0.118916
v -0.145229 -0.526433 0.118248
v -0.093354 -0.497917 0.114555
v -0.137450 -0.536658 0.118512
v -0.115977 -0.533377 0.120213
v -0.108862 -0.542940 0.120471
v -0.120386 -0.540411 0.119764
v -0.141530 -0.497962 0.117557
v -0.142831 -0.506123 0.117558
v -0.131119 -0.507950 0.118703
v -0.150327 -0.500728 0.115790
v -0.135276 -0.503039 0.118304
v -0.133047 -0.495273 0.118182
v -0.132321 -0.515273 0.119087
v -0.115722 -0.513218 0.118475
v -0.117379 -0.505502 0.117891
v -0.147754 -0.491403 0.116494
v -0.157823 -0.498567 0.112526
v -0.136674 -0.509469 0.118526
v -0.113134 -0.518131 0.118709
v -0.120431 -0.525052 0.119802
v -0.124698 -0.510208 0.118768
v -0.126279 -0.501818 0.118355
v -0.123657 -0.492287 0.118342
v -0.139435 -0.490755 0.117775
v -0.131692 -0.484996 0.118434
v -0.150159 -0.484184 0.116107
v -0.154119 -0.494244 0.114669
v -0.124829 -0.533010 0.119845
v -0.139163 -0.085173 0.071812
v -0.023747 -0.178771 0.176182
v -0.141922 -0.090140 0.068187
v -0.139866 -0.094300 0.073302
v -0.155493 -0.103343 0.043003
v -0.081033 -0.563856 0.119936
v -0.087732 -0.563432 0.120706
v -0.023542 -0.478149 0.121988
v -0.164283 -0.494809 0.108565
v -0.022819 -0.362021 0.135804
v -0.161732 -0.485856 0.110491
v -0.156288 -0.480454 0.113653
v -0.166004 -0.482562 0.107010
v -0.154222 -0.446044 0.111178
v -0.094549 -0.146284 0.140319
v -0.103175 -0.147174 0.135658
v -0.090035 -0.130191 0.143103
v -0.094869 -0.138451 0.139308
v -0.081364 -0.139290 0.149937
v -0.086487 -0.151350 0.149747
v -0.085593 -0.134384 0.148143
v -0.087703 -0.160297 0.148340
v -0.079009 -0.159829 0.152827
v -0.075123 -0.151421 0.154670
v -0.068713 -0.153636 0.160500
v -0.182774 -0.266416 0.071223
v -0.185859 -0.267257 0.062970
v -0.184360 -0.272891 0.068602
v -0.187397 -0.273561 0.060676
v -0.189855 -0.277663 0.052758
v -0.190121 -0.285796 0.056584
v -0.188367 -0.287231 0.064100
v -0.169379 -0.214800 0.079419
v -0.162778 -0.208321 0.085475
v -0.164974 -0.221230 0.086457
v -0.164246 -0.234122 0.093941
v -0.155570 -0.215506 0.098383
v -0.159913 -0.222401 0.094719
v -0.158941 -0.211458 0.092598
v -0.151613 -0.232102 0.106574
v -0.157347 -0.229227 0.100230
v -0.159384 -0.237110 0.101355
v -0.152499 -0.223734 0.103001
v -0.157716 -0.244604 0.104090
v -0.150922 -0.241111 0.109271
v -0.143205 -0.226666 0.110819
v -0.147283 -0.216760 0.105532
v -0.145292 -0.235093 0.111350
v -0.138234 -0.223732 0.114361
v -0.160277 -0.250707 0.102622
v -0.125263 -0.152529 0.115735
v -0.135329 -0.163278 0.107466
v -0.141262 -0.163775 0.101243
v -0.137276 -0.158315 0.104131
v -0.147803 -0.178907 0.098444
v -0.141288 -0.173240 0.103338
v -0.140393 -0.181224 0.104916
v -0.141509 -0.194222 0.106253
v -0.139777 -0.199996 0.108182
v -0.136443 -0.189507 0.110311
v -0.153923 -0.199359 0.096278
v -0.146965 -0.199618 0.102738
v -0.149159 -0.189342 0.098540
v -0.150367 -0.207881 0.100389
v -0.158771 -0.200202 0.089545
v -0.159700 -0.191578 0.085555
v -0.164356 -0.191072 0.079851
v -0.163085 -0.182445 0.078772
v -0.153464 -0.182918 0.091699
v -0.160075 -0.174201 0.080402
v -0.157549 -0.179914 0.085060
v -0.152178 -0.170114 0.090038
v -0.147453 -0.171773 0.096670
v -0.155919 -0.168903 0.083630
v -0.155560 -0.162813 0.082301
v -0.142695 -0.187647 0.104025
v -0.027836 -0.453250 0.123096
v -0.144299 -0.345494 0.115148
v -0.151989 -0.351935 0.109092
v -0.125171 -0.360852 0.124489
v -0.118821 -0.344953 0.127510
v -0.151570 -0.397559 0.109378
v -0.144365 -0.398440 0.113981
v -0.127472 -0.225028 0.120953
v -0.170014 -0.279342 0.094822
v -0.141385 -0.336246 0.119097
v -0.116209 -0.242855 0.126254
v -0.102516 -0.352661 0.131965
v -0.111813 -0.351450 0.129866
v -0.106793 -0.365737 0.131469
v -0.104131 -0.375705 0.128394
v -0.098890 -0.366226 0.131833
v -0.118214 -0.355926 0.127523
v -0.117310 -0.366051 0.126953
v -0.132932 -0.382416 0.119167
v -0.112901 -0.374224 0.126848
v -0.126887 -0.370707 0.122435
v -0.146459 -0.373585 0.112189
v -0.152312 -0.373350 0.107627
v -0.124356 -0.387325 0.121652
v -0.117131 -0.380940 0.124287
v -0.120707 -0.373962 0.123953
v -0.136441 -0.360952 0.120940
v -0.141885 -0.359851 0.117864
v -0.136208 -0.368371 0.119429
v -0.134575 -0.351975 0.121621
v -0.142770 -0.370038 0.115391
v -0.131157 -0.361859 0.122740
v -0.155032 -0.487979 0.114222
v -0.148380 -0.163182 0.093509
v -0.144441 -0.158012 0.097415
v -0.139599 -0.349411 0.118616
v -0.134280 -0.336188 0.122838
v -0.136687 -0.343123 0.120297
v -0.129190 -0.343480 0.123618
v -0.127231 -0.352328 0.124331
v -0.140996 -0.380236 0.115197
v -0.148526 -0.380686 0.110505
v -0.139558 -0.391223 0.116979
v -0.183183 -0.574643 0.013205
v -0.180367 -0.574788 0.003395
v -0.177416 -0.574877 -0.006571
v -0.174307 -0.574409 -0.015895
v -0.170915 -0.574240 -0.025867
v -0.167674 -0.574257 -0.035273
v -0.164277 -0.574710 -0.044593
v -0.160781 -0.574499 -0.053836
v -0.157027 -0.574610 -0.063445
v -0.152669 -0.574546 -0.072286
v -0.148551 -0.576187 -0.081343
v -0.142327 -0.575485 -0.088987
v -0.135135 -0.575785 -0.095713
v -0.127330 -0.576325 -0.101632
v -0.118585 -0.576577 -0.106156
v -0.109565 -0.576768 -0.110159
v -0.099559 -0.576727 -0.113013
v -0.089092 -0.576584 -0.114593
v -0.080512 -0.578368 -0.116009
v -0.069069 -0.576864 -0.116141
v -0.058675 -0.576853 -0.116700
v -0.048404 -0.578016 -0.116815
v -0.038990 -0.578180 -0.116888
v -0.029024 -0.580636 -0.117633
v -0.017352 -0.579888 -0.117221
v -0.042907 -0.545832 -0.114302
v -0.022222 -0.564783 -0.114986
v -0.126574 -0.459324 -0.098898
v -0.012329 -0.575803 -0.116530
v -0.021374 -0.574042 -0.116668
v -0.015505 -0.569981 -0.115981
v -0.127054 -0.330649 -0.095209
v -0.122759 -0.206622 -0.093168
v -0.083109 -0.126767 -0.082257
v -0.047539 -0.093782 -0.086431
v -0.026730 -0.076355 -0.087619
v -0.005576 -0.060519 -0.088946
v -0.166266 -0.502771 -0.051737
v -0.182296 -0.550515 -0.003099
v -0.185133 -0.570005 0.017573
v -0.142042 -0.105232 -0.032844
v -0.151779 -0.080956 -0.006493
v -0.152340 -0.070311 0.007819
v -0.037134 -0.517365 -0.111387
v -0.025750 -0.536835 -0.111026
v -0.043331 -0.562634 -0.116326
v -0.073739 -0.548507 -0.116403
v -0.033084 -0.568750 -0.116177
v -0.018433 -0.558299 -0.113908
v -0.068145 -0.466499 -0.113301
v -0.128356 -0.508926 -0.099259
v -0.170216 -0.419737 -0.049265
v -0.176916 -0.322632 -0.049083
v -0.083748 -0.268538 -0.124158
v -0.067415 -0.333422 -0.115930
v -0.164934 -0.204367 -0.049080
v -0.063585 -0.174023 -0.107751
v -0.041935 -0.129845 -0.096276
v -0.106523 -0.093085 -0.062093
v -0.026127 -0.103715 -0.091207
v -0.076285 -0.084532 -0.077389
v -0.025318 -0.066963 -0.085871
v -0.015172 -0.065101 -0.089090
v -0.012720 -0.078004 -0.088743
v -0.046329 -0.074951 -0.084043
v -0.165255 -0.539886 -0.051041
v -0.181949 -0.512812 -0.017563
v -0.177190 -0.561027 -0.012281
v -0.185465 -0.551122 0.009750
v -0.185020 -0.560843 0.012910
v -0.185840 -0.532089 0.001041
v -0.156771 -0.105270 -0.009269
v -0.134876 -0.076431 -0.033519
v -0.145844 -0.072455 -0.013793
v -0.156552 -0.089301 0.002282
v -0.027897 -0.498755 -0.108239
v -0.022772 -0.518831 -0.109034
v -0.015855 -0.537779 -0.110541
v -0.038884 -0.572428 -0.116828
v -0.056047 -0.567469 -0.116602
v -0.039756 -0.567308 -0.116507
v -0.048212 -0.565864 -0.116338
v -0.073501 -0.561817 -0.115670
v -0.104865 -0.547485 -0.111037
v -0.027371 -0.573717 -0.116875
v -0.031333 -0.554870 -0.114341
v -0.032480 -0.561743 -0.115334
v -0.036521 -0.458925 -0.107700
v -0.065153 -0.401783 -0.113317
v -0.138906 -0.546380 -0.092525
v -0.180665 -0.464781 -0.028147
v -0.186508 -0.422365 -0.016559
v -0.191505 -0.322356 -0.019499
v -0.177121 -0.274274 -0.041214
v -0.182636 -0.371158 -0.034583
v -0.036187 -0.268306 -0.130269
v -0.041868 -0.304317 -0.121615
v -0.035810 -0.341993 -0.113019
v -0.179130 -0.199720 -0.021563
v -0.160559 -0.149540 -0.034128
v -0.034666 -0.175780 -0.114410
v -0.023509 -0.129643 -0.099204
v -0.103136 -0.076793 -0.061053
v -0.017467 -0.095127 -0.090718
v -0.016715 -0.110982 -0.093130
v -0.074206 -0.070817 -0.073813
v -0.026008 -0.060765 -0.087847
v -0.035618 -0.064405 -0.086467
v -0.007866 -0.069821 -0.087962
v -0.008215 -0.075420 -0.088067
v -0.015430 -0.072409 -0.087708
v -0.019802 -0.076829 -0.088135
v -0.018709 -0.087994 -0.090297
v -0.055167 -0.067337 -0.081838
v -0.163685 -0.556793 -0.050117
v -0.187662 -0.512800 0.001168
v -0.176389 -0.568401 -0.011412
v -0.180013 -0.565010 -0.001889
v -0.173447 -0.564643 -0.021973
v -0.187105 -0.551373 0.016802
v -0.186963 -0.541326 0.012041
v -0.186057 -0.560189 0.018714
v -0.182924 -0.557594 0.003613
v -0.183907 -0.551609 0.003418
v -0.184240 -0.541813 0.000192
v -0.180891 -0.558309 -0.003736
v -0.182362 -0.564724 0.006395
v -0.160452 -0.107287 0.000717
v -0.163940 -0.124869 -0.006870
v -0.134758 -0.070813 -0.031847
v -0.145362 -0.065865 -0.011809
v -0.157728 -0.089528 0.009343
v -0.018009 -0.490544 -0.106424
v -0.012866 -0.518718 -0.108413
v -0.017335 -0.534412 -0.110532
v -0.017170 -0.509046 -0.107539
v -0.016659 -0.547133 -0.112184
v -0.053681 -0.572597 -0.116583
v -0.064079 -0.570912 -0.116491
v -0.071773 -0.570614 -0.116412
v -0.064432 -0.560413 -0.116015
v -0.084370 -0.567505 -0.115324
v -0.104282 -0.560744 -0.111913
v -0.024126 -0.550239 -0.113043
v -0.032483 -0.545316 -0.113450
v -0.022891 -0.543282 -0.111966
v -0.037745 -0.534536 -0.112464
v -0.037997 -0.541343 -0.113209
v -0.021077 -0.460388 -0.104805
v -0.034970 -0.431819 -0.107429
v -0.033712 -0.401343 -0.107629
v -0.131589 -0.560559 -0.098671
v -0.145777 -0.558482 -0.085389
v -0.188226 -0.464775 -0.006329
v -0.190484 -0.426659 0.001550
v -0.188601 -0.402012 -0.013829
v -0.195346 -0.318195 -0.001588
v -0.189310 -0.291659 -0.017439
v -0.186659 -0.264484 -0.017555
v -0.192224 -0.371953 -0.009226
v -0.022302 -0.267763 -0.131102
v -0.015844 -0.303928 -0.122364
v -0.019437 -0.333304 -0.113309
v -0.016242 -0.355510 -0.108791
v -0.183998 -0.198798 -0.006704
v -0.183309 -0.227528 -0.022315
v -0.172376 -0.168942 -0.021565
v -0.017181 -0.176256 -0.115770
v -0.031205 -0.202264 -0.121042
v -0.034400 -0.225808 -0.126461
v -0.012648 -0.120015 -0.095978
v -0.020548 -0.140400 -0.103178
v -0.015999 -0.149956 -0.107242
v -0.102554 -0.067266 -0.059204
v -0.120171 -0.075016 -0.047882
v -0.008097 -0.096891 -0.090947
v -0.015213 -0.082718 -0.089761
v -0.013860 -0.103473 -0.091891
v -0.007651 -0.110794 -0.093441
v -0.074267 -0.063046 -0.074911
v -0.065397 -0.067127 -0.077647
v -0.084679 -0.067510 -0.068670
v -0.080732 -0.062804 -0.072210
v -0.032681 -0.072720 -0.085571
v -0.039035 -0.083176 -0.088017
v -0.039657 -0.070464 -0.085425
v -0.039022 -0.076945 -0.086221
v -0.032344 -0.079619 -0.087855
v -0.032299 -0.086588 -0.089143
v -0.055705 -0.060810 -0.082362
v -0.163592 -0.567004 -0.049913
v -0.155714 -0.556394 -0.068584
v -0.189032 -0.512508 0.011261
v -0.188747 -0.494046 -0.000569
v -0.179298 -0.571262 -0.001872
v -0.173103 -0.570891 -0.021176
v -0.174816 -0.539538 -0.027561
v -0.170354 -0.565769 -0.030877
v -0.187940 -0.540931 0.018026
v -0.188027 -0.532019 0.011948
v -0.185206 -0.544857 0.006306
v -0.186223 -0.537310 0.005719
v -0.182140 -0.570742 0.008300
v -0.161841 -0.106765 0.008384
v -0.158990 -0.098233 0.004037
v -0.162913 -0.114799 0.002712
v -0.169237 -0.146235 -0.013715
v -0.133590 -0.064054 -0.029626
v -0.126926 -0.066942 -0.039022
v -0.140674 -0.068565 -0.022249
v -0.011023 -0.491062 -0.105709
v -0.015508 -0.479934 -0.105070
v -0.010403 -0.509104 -0.106845
v -0.028504 -0.509219 -0.108617
v -0.014481 -0.500757 -0.107073
v -0.021041 -0.501463 -0.106860
v -0.021379 -0.496035 -0.106945
v -0.067913 -0.564909 -0.116344
v -0.070772 -0.556012 -0.116785
v -0.053442 -0.554259 -0.116258
v -0.062776 -0.550811 -0.116188
v -0.078789 -0.570605 -0.115610
v -0.084320 -0.574122 -0.115649
v -0.093358 -0.568978 -0.114128
v -0.084333 -0.556056 -0.115500
v -0.077964 -0.554045 -0.115980
v -0.105324 -0.568437 -0.111535
v -0.113842 -0.571528 -0.108903
v -0.011237 -0.455907 -0.103423
v -0.015187 -0.470825 -0.104661
v -0.016421 -0.451234 -0.103943
v -0.019063 -0.431502 -0.104051
v -0.026515 -0.403025 -0.105559
v -0.131549 -0.569063 -0.099123
v -0.139463 -0.564027 -0.092834
v -0.125032 -0.571496 -0.103370
v -0.136216 -0.564004 -0.095515
v -0.145626 -0.569019 -0.085586
v -0.150979 -0.563251 -0.076320
v -0.143050 -0.564001 -0.088756
v -0.147782 -0.563527 -0.081710
v -0.190436 -0.462144 0.004436
v -0.191787 -0.422791 0.009024
v -0.191033 -0.409307 0.000658
v -0.191155 -0.438024 0.008357
v -0.191535 -0.397626 0.000603
v -0.195842 -0.316162 0.004397
v -0.195324 -0.309980 -0.001219
v -0.196433 -0.329970 0.004432
v -0.192902 -0.286774 -0.002032
v -0.191709 -0.275031 -0.005807
v -0.188409 -0.255456 -0.006291
v -0.194712 -0.366292 0.001467
v -0.193796 -0.347232 -0.010690
v -0.016806 -0.263522 -0.131154
v -0.022632 -0.248879 -0.130638
v -0.023477 -0.287453 -0.128733
v -0.013619 -0.329352 -0.113604
v -0.008639 -0.341557 -0.110774
v -0.017381 -0.320146 -0.116689
v -0.011476 -0.351088 -0.109094
v -0.016119 -0.362806 -0.107662
v -0.184751 -0.198665 0.001262
v -0.183591 -0.188977 -0.002448
v -0.186280 -0.208295 -0.002271
v -0.188346 -0.238442 -0.009523
v -0.179982 -0.176815 -0.006133
v -0.008260 -0.173852 -0.115967
v -0.013307 -0.185201 -0.117740
v -0.012848 -0.166176 -0.113944
v -0.008736 -0.180344 -0.116667
v -0.018940 -0.197024 -0.120387
v -0.018987 -0.224668 -0.127042
v -0.005616 -0.120374 -0.096434
v -0.009055 -0.131096 -0.100196
v -0.010128 -0.140760 -0.103645
v -0.008773 -0.157096 -0.110462
v -0.102120 -0.061461 -0.058341
v -0.110685 -0.065941 -0.053723
v -0.005672 -0.103618 -0.091745
v -0.020464 -0.106040 -0.092035
v -0.020663 -0.101143 -0.091276
v -0.025555 -0.097468 -0.090407
v -0.019824 -0.118974 -0.095430
v -0.034125 -0.114458 -0.092442
v -0.025455 -0.110935 -0.092595
v -0.026981 -0.119476 -0.095320
v -0.035758 -0.134295 -0.099247
v -0.030719 -0.129478 -0.098373
v -0.062620 -0.078334 -0.080686
v -0.065475 -0.060926 -0.078336
v -0.093261 -0.071492 -0.065875
v -0.046176 -0.064009 -0.085010
v -0.024316 -0.082914 -0.089307
v -0.039834 -0.089881 -0.088179
v -0.033042 -0.094493 -0.089401
v -0.037446 -0.100396 -0.089087
v -0.040477 -0.095685 -0.088098
v -0.033738 -0.106573 -0.090540
v -0.159737 -0.561958 -0.059275
v -0.188929 -0.502847 0.005769
v -0.190774 -0.492021 0.013732
v -0.173180 -0.549028 -0.028555
v -0.180091 -0.541754 -0.013582
v -0.165793 -0.567609 -0.042807
v -0.188494 -0.522083 0.011690
v -0.159723 -0.097825 0.010777
v -0.163736 -0.115461 0.008715
v -0.160778 -0.113619 -0.005298
v -0.165825 -0.123102 0.004989
v -0.172081 -0.144637 0.001431
v -0.130504 -0.075803 -0.038932
v -0.138834 -0.077063 -0.027386
v -0.009760 -0.481815 -0.104411
v -0.034547 -0.478147 -0.108191
v -0.028429 -0.487523 -0.107509
v -0.022092 -0.512014 -0.108526
v -0.029421 -0.516783 -0.109533
v -0.043050 -0.501999 -0.110915
v -0.057265 -0.559330 -0.116359
v -0.061640 -0.526486 -0.115330
v -0.055074 -0.545098 -0.115882
v -0.081257 -0.563061 -0.116167
v -0.089549 -0.561901 -0.114755
v -0.097399 -0.562196 -0.113474
v -0.099770 -0.554325 -0.112830
v -0.113839 -0.555969 -0.108326
v -0.092643 -0.546473 -0.114107
v -0.083490 -0.547027 -0.115442
v -0.109660 -0.559609 -0.110047
v -0.091302 -0.555530 -0.114780
v -0.013790 -0.441588 -0.103266
v -0.011780 -0.435247 -0.103624
v -0.014564 -0.422445 -0.103752
v -0.010635 -0.402119 -0.103517
v -0.014113 -0.411348 -0.103250
v -0.021345 -0.384500 -0.105815
v -0.139144 -0.556767 -0.092509
v -0.139282 -0.569477 -0.092862
v -0.119139 -0.568951 -0.106308
v -0.151002 -0.570944 -0.077246
v -0.155875 -0.567820 -0.068690
v -0.191298 -0.462464 0.012645
v -0.190744 -0.473180 0.007403
v -0.192246 -0.407548 0.008824
v -0.192841 -0.395136 0.007225
v -0.191278 -0.448472 0.009514
v -0.195111 -0.303497 0.003536
v -0.193787 -0.289340 0.003416
v -0.196949 -0.343459 0.004538
v -0.194456 -0.335890 -0.007912
v -0.195653 -0.339290 -0.002912
v -0.193843 -0.274045 0.002899
v -0.190840 -0.265066 -0.003360
v -0.191107 -0.255267 0.002758
v -0.189863 -0.246508 -0.003145
v -0.195582 -0.363255 0.007806
v -0.010768 -0.248805 -0.130757
v -0.015719 -0.278059 -0.130121
v -0.008030 -0.287240 -0.128427
v -0.025747 -0.343342 -0.112108
v -0.015490 -0.312441 -0.118840
v -0.011410 -0.371203 -0.106059
v -0.012608 -0.380786 -0.104964
v -0.183560 -0.189281 0.003818
v -0.181403 -0.180888 0.000791
v -0.181771 -0.197075 -0.015352
v -0.186540 -0.208064 0.003928
v -0.184890 -0.204765 -0.008126
v -0.187895 -0.217202 -0.000659
v -0.190557 -0.236701 0.000406
v -0.188964 -0.226874 -0.000843
v -0.179066 -0.170136 0.001102
v -0.176431 -0.161547 -0.000914
v -0.010921 -0.195135 -0.120189
v -0.024631 -0.190801 -0.118993
v -0.020767 -0.186241 -0.117864
v -0.027240 -0.197046 -0.120393
v -0.027074 -0.210541 -0.123933
v -0.025790 -0.166718 -0.113422
v -0.006000 -0.165557 -0.114697
v -0.009730 -0.219375 -0.126403
v -0.015500 -0.235174 -0.129815
v -0.027880 -0.140348 -0.102497
v -0.054914 -0.152105 -0.102086
v -0.041659 -0.145375 -0.101684
v -0.023766 -0.150836 -0.106983
v -0.022050 -0.162463 -0.111700
v -0.007423 -0.148810 -0.107315
v -0.106610 -0.072396 -0.056695
v -0.113529 -0.082737 -0.055699
v -0.114241 -0.073625 -0.052884
v -0.119680 -0.068587 -0.045194
v -0.108103 -0.078547 -0.058066
v -0.124505 -0.073009 -0.043523
v -0.025078 -0.090686 -0.090010
v -0.067486 -0.075042 -0.076735
v -0.059538 -0.073335 -0.079370
v -0.052454 -0.072764 -0.081570
v -0.068948 -0.081174 -0.079406
v -0.062569 -0.090737 -0.082535
v -0.075392 -0.077831 -0.075339
v -0.069020 -0.087484 -0.080101
v -0.090221 -0.083683 -0.070469
v -0.081504 -0.074647 -0.071331
v -0.083128 -0.080731 -0.073896
v -0.060871 -0.083793 -0.082855
v -0.051277 -0.082013 -0.084737
v -0.054334 -0.088893 -0.084604
v -0.044436 -0.080348 -0.086448
v -0.046206 -0.086405 -0.086883
v -0.080230 -0.106499 -0.077440
v -0.069732 -0.097404 -0.080349
v -0.099739 -0.072178 -0.061789
v -0.095002 -0.064364 -0.065021
v -0.031168 -0.100424 -0.089868
v -0.054513 -0.109274 -0.086655
v -0.042080 -0.105444 -0.089157
v -0.162041 -0.561911 -0.053808
v -0.160621 -0.549334 -0.058453
v -0.159161 -0.569037 -0.058518
v -0.186699 -0.503716 -0.006235
v -0.189025 -0.509659 0.005783
v -0.189720 -0.505735 0.012537
v -0.189543 -0.497527 0.004700
v -0.175499 -0.559008 -0.019171
v -0.172453 -0.558300 -0.028182
v -0.183069 -0.535870 -0.007559
v -0.178321 -0.551100 -0.013838
v -0.184107 -0.522834 -0.008900
v -0.184462 -0.529416 -0.005610
v -0.187700 -0.527700 0.006354
v -0.179599 -0.529523 -0.017900
v -0.164792 -0.561532 -0.046251
v -0.158566 -0.103767 -0.003509
v -0.156580 -0.095452 -0.001739
v -0.156744 -0.120250 -0.018503
v -0.163999 -0.121081 -0.002960
v -0.167950 -0.133683 -0.003624
v -0.172067 -0.144656 0.006986
v -0.142545 -0.090008 -0.026831
v -0.143474 -0.075147 -0.020591
v -0.143886 -0.083710 -0.022003
v -0.139590 -0.085209 -0.030153
v -0.134626 -0.092269 -0.038327
v -0.138917 -0.092254 -0.033281
v -0.149899 -0.086703 -0.014308
v -0.126098 -0.091067 -0.046561
v -0.130187 -0.098565 -0.043177
v -0.129741 -0.083797 -0.040794
v -0.124091 -0.080017 -0.045775
v -0.119112 -0.086891 -0.053118
v -0.118454 -0.079389 -0.051002
v -0.108138 -0.084075 -0.060461
v -0.137280 -0.099448 -0.035976
v -0.142788 -0.097531 -0.028168
v -0.147966 -0.101261 -0.021413
v -0.145927 -0.103999 -0.026603
v -0.024645 -0.473896 -0.105973
v -0.044042 -0.487917 -0.110472
v -0.034424 -0.501840 -0.109128
v -0.035575 -0.510627 -0.110306
v -0.038719 -0.496008 -0.109939
v -0.032791 -0.493503 -0.108366
v -0.056600 -0.548920 -0.116525
v -0.049309 -0.548501 -0.115337
v -0.041293 -0.553532 -0.114997
v -0.046900 -0.556626 -0.115785
v -0.065277 -0.541101 -0.115674
v -0.118274 -0.561258 -0.106507
v -0.008561 -0.423241 -0.103136
v -0.029785 -0.417139 -0.106223
v -0.007938 -0.412979 -0.103020
v -0.007867 -0.391811 -0.103744
v -0.026378 -0.392436 -0.106408
v -0.131510 -0.551530 -0.098360
v -0.125744 -0.546615 -0.101851
v -0.120457 -0.549593 -0.104931
v -0.112865 -0.547977 -0.108258
v -0.131058 -0.539550 -0.098593
v -0.133143 -0.544637 -0.097218
v -0.156930 -0.561114 -0.065072
v -0.153717 -0.561339 -0.070841
v -0.189353 -0.457207 -0.002256
v -0.188914 -0.441763 -0.004567
v -0.190175 -0.447109 0.001123
v -0.191357 -0.474327 0.014011
v -0.189481 -0.472450 -0.000835
v -0.185113 -0.480815 -0.015165
v -0.189879 -0.481090 0.002058
v -0.186982 -0.469334 -0.010930
v -0.190196 -0.395780 -0.007386
v -0.191404 -0.382290 -0.009337
v -0.188521 -0.422213 -0.008632
v -0.189705 -0.410708 -0.006419
v -0.187298 -0.431825 -0.011321
v -0.181410 -0.443842 -0.028185
v -0.186333 -0.438748 -0.014181
v -0.189249 -0.430859 -0.003176
v -0.185361 -0.413241 -0.023608
v -0.187483 -0.410958 -0.016544
v -0.187153 -0.404874 -0.020198
v -0.195025 -0.380840 0.007803
v -0.184349 -0.344234 -0.034368
v -0.194174 -0.282362 0.005062
v -0.190085 -0.282603 -0.011037
v -0.187787 -0.262017 -0.010437
v -0.188829 -0.269735 -0.011131
v -0.187399 -0.274035 -0.018833
v -0.192341 -0.264680 0.005046
v -0.187324 -0.245315 -0.016793
v -0.186763 -0.254946 -0.015299
v -0.192027 -0.245708 0.003634
v -0.193432 -0.363589 -0.005643
v -0.194656 -0.355055 -0.003500
v -0.011356 -0.258435 -0.130840
v -0.029685 -0.277279 -0.130128
v -0.016982 -0.293693 -0.126431
v -0.017801 -0.283016 -0.129607
v -0.029673 -0.335153 -0.113592
v -0.046736 -0.325347 -0.115908
v -0.040068 -0.331493 -0.114448
v -0.026506 -0.316056 -0.118054
v -0.027939 -0.322568 -0.116419
v -0.031027 -0.328923 -0.114882
v -0.183490 -0.192789 -0.008607
v -0.181526 -0.183760 -0.009424
v -0.177821 -0.174935 -0.013231
v -0.174983 -0.165503 -0.015239
v -0.175268 -0.181082 -0.021572
v -0.179210 -0.184416 -0.016778
v -0.178534 -0.213643 -0.029172
v -0.186360 -0.214282 -0.010110
v -0.183174 -0.216204 -0.020827
v -0.176563 -0.161766 0.005294
v -0.174189 -0.152859 0.003220
v -0.027895 -0.220231 -0.125932
v -0.019596 -0.168925 -0.114452
v -0.010849 -0.239341 -0.130326
v -0.025434 -0.237453 -0.129875
v -0.019119 -0.212759 -0.124565
v -0.016917 -0.130880 -0.099785
v -0.040885 -0.164929 -0.109675
v -0.117902 -0.062397 -0.044545
v -0.096639 -0.078630 -0.065725
v -0.088374 -0.076429 -0.068763
v -0.098074 -0.086061 -0.067304
v -0.103772 -0.082042 -0.063564
v -0.104817 -0.087908 -0.063723
v -0.055444 -0.077701 -0.082406
v -0.088993 -0.063231 -0.066739
v -0.039966 -0.110860 -0.090519
v -0.047289 -0.099651 -0.087259
v -0.057120 -0.096225 -0.083951
v -0.063849 -0.100928 -0.082826
v -0.064345 -0.095728 -0.081941
v -0.190209 -0.499370 0.012172
v -0.177399 -0.541728 -0.019991
v -0.177773 -0.536204 -0.021453
v -0.173585 -0.531772 -0.032908
v -0.168006 -0.550549 -0.041411
v -0.179003 -0.555918 -0.009424
v -0.186098 -0.517549 -0.004358
v -0.186418 -0.510886 -0.005692
v -0.184013 -0.516434 -0.011201
v -0.184152 -0.507102 -0.012536
v -0.180850 -0.521300 -0.017949
v -0.183960 -0.493919 -0.015917
v -0.186913 -0.495280 -0.008119
v -0.188295 -0.481522 -0.005309
v -0.186015 -0.488350 -0.012532
v -0.173409 -0.515089 -0.036612
v -0.176459 -0.510889 -0.030582
v -0.177397 -0.524154 -0.025410
v -0.175141 -0.521037 -0.031845
v -0.170120 -0.528243 -0.041035
v -0.171974 -0.522069 -0.038660
v -0.168167 -0.514824 -0.048106
v -0.170469 -0.516526 -0.042066
v -0.176727 -0.531382 -0.025873
v -0.158000 -0.114888 -0.012467
v -0.153178 -0.111628 -0.018609
v -0.161585 -0.121733 -0.010601
v -0.145410 -0.127023 -0.038557
v -0.129171 -0.112197 -0.048662
v -0.135334 -0.107319 -0.040353
v -0.125085 -0.098413 -0.048615
v -0.121075 -0.092307 -0.051748
v -0.127987 -0.106331 -0.048656
v -0.114442 -0.104264 -0.058523
v -0.120774 -0.110670 -0.055220
v -0.149660 -0.124320 -0.031895
v -0.146821 -0.112133 -0.028338
v -0.120670 -0.102009 -0.053432
v -0.153685 -0.125254 -0.025299
v -0.112711 -0.095428 -0.057527
v -0.165950 -0.127504 -0.002553
v -0.165576 -0.136254 -0.013201
v -0.160169 -0.128308 -0.016715
v -0.147246 -0.149237 -0.050733
v -0.155159 -0.136295 -0.032304
v -0.158891 -0.136432 -0.023983
v -0.149799 -0.137968 -0.040112
v -0.169529 -0.140825 -0.004397
v -0.169905 -0.137752 0.004414
v -0.147960 -0.079892 -0.014530
v -0.153996 -0.089661 -0.006213
v -0.146695 -0.091996 -0.021258
v -0.151688 -0.096566 -0.014655
v -0.017986 -0.474523 -0.104788
v -0.029409 -0.482550 -0.107347
v -0.033348 -0.469454 -0.107334
v -0.022103 -0.468811 -0.105332
v -0.051700 -0.560817 -0.116257
v -0.068035 -0.547780 -0.116615
v -0.076123 -0.538975 -0.115868
v -0.059316 -0.536584 -0.115876
v -0.048970 -0.528832 -0.114009
v -0.049645 -0.535293 -0.114738
v -0.055552 -0.530571 -0.115190
v -0.044321 -0.532520 -0.113490
v -0.039652 -0.525050 -0.112079
v -0.048581 -0.541549 -0.114742
v -0.033259 -0.522247 -0.110611
v -0.031805 -0.529550 -0.111088
v -0.020763 -0.423507 -0.104112
v -0.025073 -0.410859 -0.105131
v -0.049861 -0.371147 -0.112909
v -0.023892 -0.373121 -0.107558
v -0.017745 -0.368801 -0.106823
v -0.019035 -0.377923 -0.106075
v -0.020320 -0.395093 -0.105129
v -0.118367 -0.538677 -0.105399
v -0.189839 -0.489402 0.004246
v -0.185364 -0.468254 -0.016244
v -0.193004 -0.385128 -0.000637
v -0.183121 -0.432165 -0.025661
v -0.188229 -0.449054 -0.007003
v -0.187169 -0.455883 -0.011000
v -0.184772 -0.387855 -0.030638
v -0.193159 -0.375424 -0.004828
v -0.195190 -0.326107 -0.001043
v -0.193852 -0.323189 -0.009817
v -0.192254 -0.303994 -0.015936
v -0.192667 -0.316511 -0.015327
v -0.194597 -0.314097 -0.007423
v -0.194425 -0.304390 -0.007182
v -0.194163 -0.297827 -0.002342
v -0.192699 -0.295554 -0.009191
v -0.176036 -0.299447 -0.048393
v -0.186443 -0.309292 -0.029900
v -0.188646 -0.300885 -0.023099
v -0.186497 -0.301934 -0.028297
v -0.189487 -0.314452 -0.023523
v -0.184032 -0.303527 -0.035270
v -0.179450 -0.312298 -0.043291
v -0.180945 -0.306577 -0.040686
v -0.185211 -0.325212 -0.034327
v -0.190632 -0.326481 -0.023913
v -0.184165 -0.316428 -0.035039
v -0.191001 -0.333839 -0.025182
v -0.180642 -0.320503 -0.041596
v -0.193151 -0.331290 -0.016227
v -0.192535 -0.344681 -0.018752
v -0.192977 -0.338438 -0.018879
v -0.190488 -0.340682 -0.025832
v -0.188295 -0.248014 -0.010015
v -0.173909 -0.255041 -0.046545
v -0.190960 -0.358909 -0.018014
v -0.027555 -0.258342 -0.130942
v -0.019071 -0.256405 -0.131147
v -0.009837 -0.281437 -0.129650
v -0.025360 -0.296884 -0.125308
v -0.055882 -0.350887 -0.115220
v -0.033404 -0.306807 -0.121275
v -0.056427 -0.286683 -0.127742
v -0.043366 -0.289766 -0.127045
v -0.044789 -0.294926 -0.125539
v -0.032532 -0.292141 -0.126913
v -0.039278 -0.324654 -0.115659
v -0.177696 -0.165957 -0.007417
v -0.168310 -0.165051 -0.027177
v -0.176680 -0.190098 -0.023834
v -0.168291 -0.184181 -0.040311
v -0.172203 -0.201476 -0.037328
v -0.170647 -0.183119 -0.034557
v -0.175465 -0.197468 -0.029389
v -0.173033 -0.190926 -0.034200
v -0.176472 -0.205295 -0.029533
v -0.167641 -0.200882 -0.044716
v -0.173365 -0.184840 -0.028322
v -0.170746 -0.208589 -0.043868
v -0.175281 -0.210749 -0.036427
v -0.180604 -0.221280 -0.026909
v -0.177573 -0.233291 -0.036616
v -0.176114 -0.224739 -0.038835
v -0.179797 -0.228256 -0.030331
v -0.177525 -0.219754 -0.034708
v -0.183227 -0.241755 -0.027536
v -0.182259 -0.233930 -0.027057
v -0.185488 -0.241049 -0.022505
v -0.186285 -0.230613 -0.014152
v -0.188018 -0.230269 -0.006880
v -0.187347 -0.222240 -0.008716
v -0.185157 -0.224773 -0.016814
v -0.172681 -0.148480 -0.005841
v -0.174175 -0.157497 -0.008063
v -0.042118 -0.225794 -0.125059
v -0.036065 -0.216363 -0.124284
v -0.043360 -0.215540 -0.122676
v -0.064333 -0.201480 -0.115700
v -0.049074 -0.207908 -0.119793
v -0.037354 -0.199508 -0.119725
v -0.017130 -0.243795 -0.130808
v -0.031824 -0.161913 -0.110635
v -0.034095 -0.168970 -0.113040
v -0.037784 -0.153558 -0.105944
v -0.084569 -0.095369 -0.073851
v -0.083975 -0.087785 -0.074549
v -0.093412 -0.099613 -0.070210
v -0.049271 -0.104472 -0.087396
v -0.056373 -0.102941 -0.085163
v -0.178821 -0.501834 -0.027143
v -0.181645 -0.505635 -0.020290
v -0.181535 -0.498404 -0.021377
v -0.178735 -0.508991 -0.025950
v -0.176430 -0.482895 -0.034097
v -0.175114 -0.506674 -0.034756
v -0.178871 -0.486229 -0.029547
v -0.175521 -0.497993 -0.034006
v -0.171173 -0.501601 -0.042729
v -0.170849 -0.509671 -0.043099
v -0.105653 -0.121018 -0.069532
v -0.140862 -0.111754 -0.036076
v -0.136652 -0.116149 -0.042358
v -0.143580 -0.118267 -0.036451
v -0.153367 -0.155382 -0.045550
v -0.155381 -0.146415 -0.039512
v -0.149641 -0.145981 -0.044628
v -0.167720 -0.130711 0.003415
v -0.030760 -0.473434 -0.106820
v -0.050368 -0.464681 -0.111167
v -0.028479 -0.461959 -0.106464
v -0.028864 -0.450927 -0.106032
v -0.026862 -0.456963 -0.105365
v -0.022961 -0.443214 -0.104400
v -0.023204 -0.450107 -0.105057
v -0.033336 -0.440423 -0.106762
v -0.018883 -0.437526 -0.104281
v -0.027284 -0.435055 -0.105431
v -0.028984 -0.444468 -0.105588
v -0.028385 -0.428203 -0.105866
v -0.069410 -0.533229 -0.115992
v -0.095839 -0.507859 -0.112269
v -0.078092 -0.519859 -0.115401
v -0.070887 -0.523462 -0.115788
v -0.077741 -0.543702 -0.115395
v -0.043824 -0.538781 -0.114099
v -0.019707 -0.416022 -0.103946
v -0.038409 -0.414700 -0.108002
v -0.126825 -0.527156 -0.100713
v -0.190746 -0.483598 0.010908
v -0.183201 -0.475309 -0.020642
v -0.178978 -0.473985 -0.030301
v -0.183757 -0.438281 -0.022928
v -0.184487 -0.455323 -0.019292
v -0.185300 -0.447010 -0.017209
v -0.187079 -0.394708 -0.023627
v -0.190512 -0.379631 -0.015029
v -0.189304 -0.389597 -0.016166
v -0.192420 -0.351445 -0.016070
v -0.192692 -0.357201 -0.010565
v -0.191637 -0.364369 -0.013562
v -0.188625 -0.367214 -0.022842
v -0.181168 -0.261750 -0.032426
v -0.048940 -0.335848 -0.115280
v -0.042869 -0.339464 -0.114036
v -0.059852 -0.338927 -0.115960
v -0.060430 -0.325002 -0.116933
v -0.054681 -0.329838 -0.116430
v -0.061683 -0.330881 -0.116625
v -0.047721 -0.316474 -0.117884
v -0.046637 -0.309465 -0.119972
v -0.040089 -0.319308 -0.116777
v -0.170418 -0.159443 -0.018256
v -0.163167 -0.146035 -0.022936
v -0.166177 -0.150727 -0.021685
v -0.163331 -0.154543 -0.030522
v -0.171177 -0.178419 -0.028067
v -0.180379 -0.208402 -0.023409
v -0.184894 -0.250369 -0.023125
v -0.046039 -0.245763 -0.128390
v -0.031231 -0.150885 -0.106073
v -0.050315 -0.160956 -0.106024
v -0.099847 -0.092958 -0.066467
v -0.179265 -0.480832 -0.029205
v -0.183069 -0.488146 -0.019533
v -0.172300 -0.491005 -0.042268
v -0.175457 -0.491509 -0.035421
v -0.112335 -0.120456 -0.065803
v -0.126761 -0.128621 -0.057199
v -0.123258 -0.169140 -0.081440
v -0.151762 -0.166996 -0.055363
v -0.039686 -0.472481 -0.109092
v -0.039037 -0.449347 -0.108321
v -0.097768 -0.526536 -0.112360
v -0.060628 -0.509568 -0.114263
v -0.040390 -0.418673 -0.108471
v -0.033047 -0.410426 -0.107180
v -0.064184 -0.440088 -0.112758
v -0.051164 -0.422520 -0.110973
v -0.050469 -0.429405 -0.110820
v -0.125162 -0.535652 -0.101880
v -0.164346 -0.453045 -0.056845
v -0.187756 -0.398552 -0.019012
v -0.178363 -0.405055 -0.039276
v -0.188216 -0.381891 -0.023339
v -0.184092 -0.258757 -0.023856
v -0.181103 -0.253223 -0.030188
v -0.177856 -0.252130 -0.038385
v -0.182913 -0.269303 -0.031704
v -0.185132 -0.267207 -0.025686
v -0.028095 -0.271259 -0.130761
v -0.040720 -0.275116 -0.129307
v -0.036968 -0.280472 -0.129227
v -0.046641 -0.283874 -0.128012
v -0.063576 -0.267079 -0.128640
v -0.053389 -0.269655 -0.129517
v -0.088555 -0.303197 -0.116111
v -0.054582 -0.321092 -0.117111
v -0.074725 -0.311142 -0.116759
v -0.063589 -0.317276 -0.117838
v -0.165813 -0.169416 -0.038276
v -0.168074 -0.176804 -0.035032
v -0.161845 -0.170935 -0.043918
v -0.165015 -0.175850 -0.040726
v -0.034897 -0.240825 -0.129434
v -0.043305 -0.159622 -0.106634
v -0.051880 -0.170008 -0.108883
v -0.044639 -0.172395 -0.111323
v -0.181254 -0.492604 -0.023225
v -0.168564 -0.495450 -0.048076
v -0.164892 -0.477719 -0.055554
v -0.160010 -0.491874 -0.062964
v -0.166425 -0.483743 -0.052991
v -0.164069 -0.495657 -0.056096
v -0.166430 -0.491364 -0.052563
v -0.173055 -0.496312 -0.039669
v -0.115065 -0.113664 -0.060397
v -0.139088 -0.135125 -0.051337
v -0.129899 -0.123965 -0.053327
v -0.152580 -0.162932 -0.050619
v -0.156199 -0.190066 -0.059547
v -0.044042 -0.480786 -0.110324
v -0.037985 -0.482221 -0.108568
v -0.055041 -0.475731 -0.112202
v -0.053229 -0.457221 -0.111378
v -0.034166 -0.453748 -0.107270
v -0.098544 -0.541237 -0.112557
v -0.111969 -0.534301 -0.107820
v -0.084780 -0.524694 -0.114867
v -0.077001 -0.530031 -0.115412
v -0.068018 -0.515355 -0.115272
v -0.058236 -0.517998 -0.114158
v -0.066049 -0.522261 -0.115819
v -0.040440 -0.436485 -0.108342
v -0.054146 -0.442693 -0.111437
v -0.048325 -0.436374 -0.109854
v -0.047390 -0.447876 -0.110206
v -0.056796 -0.433387 -0.112047
v -0.070114 -0.410489 -0.113350
v -0.056795 -0.415060 -0.112214
v -0.066107 -0.421244 -0.113057
v -0.048544 -0.411239 -0.111013
v -0.041170 -0.406601 -0.108921
v -0.044620 -0.458414 -0.109689
v -0.058263 -0.446368 -0.112181
v -0.050633 -0.396135 -0.111239
v -0.060144 -0.466405 -0.112608
v -0.062117 -0.455803 -0.112592
v -0.071417 -0.452841 -0.113149
v -0.064325 -0.448291 -0.112796
v -0.062319 -0.407960 -0.112984
v -0.125083 -0.387916 -0.095663
v -0.047635 -0.403765 -0.110919
v -0.073155 -0.488245 -0.114363
v -0.080958 -0.433099 -0.112915
v -0.096958 -0.388546 -0.108924
v -0.057553 -0.396701 -0.112609
v -0.062996 -0.374409 -0.113922
v -0.063037 -0.481050 -0.113390
v -0.072647 -0.501376 -0.114962
v -0.075507 -0.423432 -0.113239
v -0.094358 -0.474820 -0.112090
v -0.072931 -0.433852 -0.113063
v -0.082370 -0.393520 -0.112512
v -0.066308 -0.392777 -0.113475
v -0.053861 -0.378722 -0.112914
v -0.055399 -0.484494 -0.112805
v -0.067717 -0.507233 -0.114863
v -0.075818 -0.508713 -0.115084
v -0.085922 -0.510013 -0.114081
v -0.091813 -0.449972 -0.111923
v -0.073837 -0.396991 -0.113263
v -0.072379 -0.385408 -0.113667
v -0.078747 -0.454221 -0.113260
v -0.086549 -0.408683 -0.111784
v -0.081697 -0.402602 -0.112597
v -0.078221 -0.409954 -0.113045
v -0.084773 -0.417755 -0.112159
v -0.081016 -0.421352 -0.112750
v -0.173045 -0.464660 -0.042834
v -0.182814 -0.407279 -0.031679
v -0.187140 -0.388786 -0.025242
v -0.189156 -0.374741 -0.021031
v -0.190763 -0.371365 -0.015478
v -0.186482 -0.372480 -0.027974
v -0.167657 -0.267028 -0.058395
v -0.174873 -0.266079 -0.046432
v -0.177834 -0.266309 -0.039201
v -0.179806 -0.240106 -0.033327
v -0.175834 -0.239463 -0.042802
v -0.157059 -0.233624 -0.067174
v -0.165443 -0.246358 -0.057977
v -0.171969 -0.243438 -0.050225
v -0.168209 -0.255154 -0.054683
v -0.184458 -0.276381 -0.028598
v -0.054765 -0.278412 -0.128322
v -0.070817 -0.280015 -0.125437
v -0.062527 -0.281513 -0.127361
v -0.065381 -0.274479 -0.127569
v -0.074680 -0.272066 -0.125461
v -0.058687 -0.273448 -0.128717
v -0.054411 -0.255177 -0.128309
v -0.067836 -0.325060 -0.116092
v -0.072633 -0.317408 -0.115812
v -0.091628 -0.327321 -0.111703
v -0.082689 -0.317158 -0.114620
v -0.079809 -0.330062 -0.113628
v -0.076502 -0.323453 -0.114190
v -0.073318 -0.329657 -0.115048
v -0.084750 -0.324637 -0.113127
v -0.056777 -0.304727 -0.121692
v -0.049636 -0.300244 -0.123057
v -0.060154 -0.300071 -0.122779
v -0.056033 -0.312751 -0.119838
v -0.068758 -0.288873 -0.125344
v -0.064503 -0.308242 -0.120273
v -0.071567 -0.306177 -0.118805
v -0.027451 -0.243250 -0.130203
v -0.030962 -0.251965 -0.129926
v -0.064887 -0.160086 -0.102294
v -0.172289 -0.481250 -0.042797
v -0.174019 -0.485901 -0.039101
v -0.175233 -0.476008 -0.037406
v -0.168829 -0.478812 -0.049139
v -0.168803 -0.464985 -0.050044
v -0.176541 -0.468224 -0.035819
v -0.142876 -0.136013 -0.046612
v -0.140242 -0.128996 -0.045190
v -0.140066 -0.122474 -0.041619
v -0.135590 -0.123011 -0.047404
v -0.131303 -0.117649 -0.049532
v -0.119121 -0.123559 -0.061076
v -0.124369 -0.118737 -0.055567
v -0.158164 -0.163471 -0.044175
v -0.144273 -0.154629 -0.057638
v -0.158896 -0.186580 -0.052257
v -0.103391 -0.534518 -0.110912
v -0.084434 -0.536377 -0.115095
v -0.090276 -0.530171 -0.113998
v -0.094134 -0.535209 -0.113366
v -0.092189 -0.522194 -0.113512
v -0.105306 -0.523077 -0.110026
v -0.102970 -0.508945 -0.110585
v -0.115008 -0.504941 -0.106167
v -0.110081 -0.512556 -0.108327
v -0.048692 -0.511293 -0.112703
v -0.041879 -0.511745 -0.111261
v -0.045332 -0.519081 -0.112755
v -0.051647 -0.516642 -0.113539
v -0.039001 -0.385748 -0.109728
v -0.029777 -0.384438 -0.107624
v -0.035105 -0.391444 -0.108471
v -0.041244 -0.397065 -0.109451
v -0.031362 -0.375423 -0.108506
v -0.045385 -0.387920 -0.110801
v -0.044920 -0.369141 -0.112021
v -0.075157 -0.480424 -0.114041
v -0.092353 -0.485564 -0.112529
v -0.082875 -0.384700 -0.112599
v -0.073592 -0.360257 -0.114381
v -0.070458 -0.352556 -0.114925
v -0.065421 -0.340286 -0.115670
v -0.076068 -0.342578 -0.114219
v -0.053955 -0.357570 -0.114546
v -0.044623 -0.351944 -0.113686
v -0.064178 -0.356512 -0.115274
v -0.080433 -0.462861 -0.113196
v -0.073862 -0.461429 -0.113443
v -0.085732 -0.443783 -0.112725
v -0.116631 -0.415143 -0.102485
v -0.185674 -0.401369 -0.026443
v -0.178624 -0.425187 -0.035741
v -0.158208 -0.372697 -0.065127
v -0.173796 -0.393337 -0.045914
v -0.181556 -0.274869 -0.034446
v -0.179307 -0.287715 -0.040868
v -0.186777 -0.283178 -0.021513
v -0.185780 -0.290622 -0.025953
v -0.183060 -0.289764 -0.033693
v -0.056435 -0.263079 -0.129430
v -0.039956 -0.258616 -0.129564
v -0.052708 -0.292322 -0.126445
v -0.061253 -0.290689 -0.126325
v -0.086481 -0.287266 -0.121586
v -0.082565 -0.279287 -0.123159
v -0.078051 -0.303888 -0.117825
v -0.066123 -0.296038 -0.123642
v -0.171819 -0.472347 -0.044586
v -0.174615 -0.453783 -0.040467
v -0.176999 -0.461287 -0.035831
v -0.169092 -0.452090 -0.049774
v -0.161489 -0.472149 -0.061074
v -0.134578 -0.129175 -0.052054
v -0.149706 -0.156579 -0.051029
v -0.134030 -0.144059 -0.059946
v -0.140966 -0.146748 -0.057132
v -0.164348 -0.186235 -0.046232
v -0.117076 -0.515194 -0.105622
v -0.112991 -0.522168 -0.107308
v -0.120320 -0.525964 -0.104060
v -0.123601 -0.515323 -0.102340
v -0.120551 -0.508969 -0.103900
v -0.140991 -0.489083 -0.088305
v -0.130231 -0.497785 -0.098024
v -0.123566 -0.501504 -0.102138
v -0.145798 -0.509446 -0.082851
v -0.137733 -0.510865 -0.091845
v -0.133038 -0.512019 -0.096021
v -0.069112 -0.480721 -0.113821
v -0.063416 -0.489196 -0.113993
v -0.061977 -0.498890 -0.114016
v -0.090956 -0.500349 -0.113078
v -0.082209 -0.500070 -0.114238
v -0.099593 -0.500831 -0.111301
v -0.077591 -0.494856 -0.114561
v -0.096979 -0.494957 -0.111830
v -0.108190 -0.485111 -0.108656
v -0.099405 -0.487718 -0.111016
v -0.083049 -0.486304 -0.113730
v -0.120277 -0.491000 -0.103606
v -0.112670 -0.493810 -0.106955
v -0.078087 -0.386970 -0.113323
v -0.090723 -0.392614 -0.110716
v -0.088537 -0.401036 -0.111431
v -0.100446 -0.409230 -0.108587
v -0.094817 -0.402587 -0.110149
v -0.092503 -0.416446 -0.110864
v -0.101701 -0.399031 -0.107909
v -0.105746 -0.424629 -0.107587
v -0.100989 -0.418788 -0.108828
v -0.107833 -0.416394 -0.106371
v -0.108710 -0.404859 -0.105303
v -0.070947 -0.371734 -0.114100
v -0.087704 -0.367340 -0.111830
v -0.079236 -0.350394 -0.113704
v -0.090188 -0.344201 -0.111761
v -0.031592 -0.354391 -0.111194
v -0.060442 -0.366733 -0.114589
v -0.085699 -0.455572 -0.112806
v -0.090047 -0.462996 -0.112429
v -0.075800 -0.470794 -0.113663
v -0.083613 -0.471057 -0.113296
v -0.088244 -0.477450 -0.112895
v -0.182434 -0.416449 -0.030408
v -0.184367 -0.425513 -0.023175
v -0.178572 -0.415692 -0.037458
v -0.181673 -0.426280 -0.029716
v -0.174240 -0.436621 -0.042196
v -0.173397 -0.426088 -0.043891
v -0.175043 -0.413319 -0.043058
v -0.179329 -0.386754 -0.039060
v -0.181345 -0.392661 -0.036104
v -0.182237 -0.399422 -0.033834
v -0.173451 -0.374894 -0.046912
v -0.178160 -0.375005 -0.040952
v -0.179645 -0.281698 -0.037442
v -0.188615 -0.283242 -0.015003
v -0.077279 -0.286182 -0.123408
v -0.074882 -0.295443 -0.121271
v -0.083683 -0.309745 -0.115691
v -0.181601 -0.456592 -0.026712
v -0.183668 -0.462135 -0.021309
v -0.186049 -0.461894 -0.014434
v -0.182556 -0.450334 -0.024993
v -0.179174 -0.450146 -0.032415
v -0.176724 -0.442177 -0.037514
v -0.133436 -0.135865 -0.056937
v -0.069871 -0.494596 -0.114528
v -0.054194 -0.492577 -0.112757
v -0.052738 -0.501889 -0.112986
v -0.046939 -0.495750 -0.111692
v -0.049021 -0.506128 -0.112098
v -0.058128 -0.503193 -0.113385
v -0.107106 -0.500965 -0.109001
v -0.103889 -0.494237 -0.109899
v -0.111298 -0.378359 -0.102842
v -0.105080 -0.388678 -0.106076
v -0.098579 -0.439053 -0.110262
v -0.097883 -0.424959 -0.109927
v -0.122002 -0.396369 -0.098125
v -0.069738 -0.378961 -0.113880
v -0.077627 -0.378913 -0.113387
v -0.086794 -0.377225 -0.111764
v -0.079373 -0.369410 -0.113296
v -0.086404 -0.353485 -0.112414
v -0.083301 -0.339510 -0.113403
v -0.087998 -0.332074 -0.112609
v -0.051509 -0.364056 -0.113932
v -0.036369 -0.348405 -0.112617
v -0.029778 -0.367320 -0.109009
v -0.059470 -0.360597 -0.114942
v -0.099106 -0.475255 -0.111129
v -0.079907 -0.443381 -0.113026
v -0.185193 -0.432597 -0.019162
v -0.169304 -0.403706 -0.051262
v -0.184793 -0.394478 -0.029795
v -0.081813 -0.293020 -0.121205
v -0.180153 -0.435049 -0.031814
v -0.112091 -0.393544 -0.103410
v -0.100199 -0.366913 -0.107801
v -0.093740 -0.368580 -0.110034
v -0.101935 -0.375468 -0.107028
v -0.089462 -0.436304 -0.111891
v -0.089183 -0.426209 -0.111786
v -0.116781 -0.401209 -0.101425
v -0.119344 -0.382407 -0.098842
v -0.079339 -0.357958 -0.113607
v -0.038618 -0.356980 -0.111967
v -0.023326 -0.365997 -0.108246
v -0.104356 -0.482509 -0.109811
v -0.110142 -0.466781 -0.107687
v -0.101546 -0.462446 -0.110162
v -0.093662 -0.456564 -0.111738
v -0.173838 -0.406521 -0.045410
v -0.174373 -0.399797 -0.045228
v -0.163946 -0.427806 -0.057768
v -0.166564 -0.437304 -0.053921
v -0.159303 -0.448143 -0.064032
v -0.093503 -0.359797 -0.110435
v -0.095372 -0.347777 -0.109986
v -0.116131 -0.392355 -0.101387
v -0.106953 -0.475322 -0.109047
v -0.122790 -0.482990 -0.102373
v -0.104821 -0.469078 -0.109530
v -0.115072 -0.470987 -0.105749
v -0.113457 -0.480097 -0.106659
v -0.122788 -0.468077 -0.101681
v -0.118924 -0.460379 -0.103758
v -0.119841 -0.438546 -0.101837
v -0.108681 -0.453444 -0.107843
v -0.121914 -0.449726 -0.101668
v -0.112573 -0.459857 -0.106599
v -0.116208 -0.453220 -0.104880
v -0.111695 -0.444730 -0.106647
v -0.099157 -0.450964 -0.110503
v -0.122109 -0.455196 -0.101396
v -0.105642 -0.446273 -0.108777
v -0.131446 -0.478550 -0.096003
v -0.117502 -0.444077 -0.103320
v -0.110704 -0.431745 -0.106169
v -0.126164 -0.476323 -0.100255
v -0.127222 -0.489461 -0.099578
v -0.132765 -0.462353 -0.094322
v -0.124779 -0.494856 -0.101349
v -0.134224 -0.489728 -0.094281
v -0.128831 -0.483932 -0.098499
v -0.127632 -0.469534 -0.098559
v -0.138981 -0.499829 -0.090321
v -0.134729 -0.505094 -0.094893
v -0.136592 -0.484058 -0.092461
v -0.147135 -0.477055 -0.081153
v -0.143418 -0.480228 -0.085717
v -0.135008 -0.495708 -0.093563
v -0.114339 -0.437681 -0.104669
v -0.120355 -0.424780 -0.100886
v -0.124154 -0.416397 -0.097897
v -0.121492 -0.409406 -0.099308
v -0.113394 -0.423971 -0.104519
v -0.102919 -0.432268 -0.108748
v -0.107429 -0.438840 -0.107669
v -0.151150 -0.489921 -0.076347
v -0.141877 -0.467477 -0.086150
v -0.137771 -0.474658 -0.090541
v -0.118155 -0.431517 -0.102543
v -0.146388 -0.486574 -0.082092
v -0.145371 -0.496380 -0.084178
v -0.151032 -0.481144 -0.076232
v -0.144632 -0.473479 -0.083839
v -0.140797 -0.494737 -0.088726
v -0.144008 -0.502770 -0.085272
v -0.140337 -0.506599 -0.089768
v -0.152166 -0.502237 -0.075355
v -0.148118 -0.500723 -0.080378
v -0.159138 -0.506725 -0.063999
v -0.163303 -0.512690 -0.056643
v -0.162314 -0.502203 -0.058350
v -0.159253 -0.499458 -0.064491
v -0.155137 -0.493505 -0.069936
v -0.155844 -0.503579 -0.069383
v -0.153849 -0.517952 -0.072746
v -0.156484 -0.511894 -0.069682
v -0.151129 -0.511382 -0.076691
v -0.159497 -0.519350 -0.063910
v -0.156987 -0.484679 -0.068380
v -0.151704 -0.495725 -0.075257
v -0.156911 -0.468412 -0.067853
v -0.167457 -0.521592 -0.048104
v -0.155468 -0.536059 -0.069805
v -0.153146 -0.485006 -0.073404
v -0.161594 -0.484104 -0.061209
v -0.156780 -0.458600 -0.067765
v -0.152151 -0.471514 -0.074469
v -0.165158 -0.517110 -0.053000
v -0.165427 -0.531056 -0.051197
v -0.167852 -0.534861 -0.044686
v -0.159969 -0.530132 -0.061117
v -0.162899 -0.528204 -0.056219
v -0.156576 -0.478350 -0.068303
v -0.156444 -0.526626 -0.069201
v -0.159972 -0.540913 -0.061292
v -0.159091 -0.524970 -0.063737
v -0.157867 -0.531898 -0.066696
v -0.156059 -0.546758 -0.069235
v -0.162529 -0.544431 -0.055175
v -0.162552 -0.536030 -0.056733
v -0.157466 -0.551073 -0.065315
v -0.157082 -0.541018 -0.066911
v -0.148491 -0.542830 -0.081780
v -0.152598 -0.541507 -0.074629
v -0.150930 -0.552589 -0.077668
v -0.149926 -0.530135 -0.078914
v -0.150449 -0.537465 -0.078593
v -0.148072 -0.521113 -0.082150
v -0.144286 -0.549427 -0.086927
v -0.148412 -0.548324 -0.081661
v -0.153632 -0.551094 -0.072052
v -0.152906 -0.530263 -0.073189
v -0.152002 -0.524710 -0.075785
v -0.142701 -0.516399 -0.087262
v -0.137148 -0.521863 -0.093240
v -0.132989 -0.532129 -0.096878
v -0.140228 -0.533078 -0.090828
v -0.136563 -0.539604 -0.094704
v -0.145424 -0.535633 -0.085330
v -0.143709 -0.526435 -0.087427
v -0.141417 -0.539762 -0.089837
v -0.146440 -0.530095 -0.083945
v -0.144511 -0.542831 -0.086181
v -0.150777 -0.071934 -0.003208
v -0.149432 -0.075816 -0.009441
v -0.154365 -0.077954 0.002639
v -0.155858 -0.082501 0.007797
v -0.154249 -0.083876 -0.000522
v -0.149866 -0.066223 -0.001637
v -0.043039 -0.191673 -0.116958
v -0.050530 -0.186969 -0.114037
v -0.043038 -0.180149 -0.113564
v -0.056929 -0.182497 -0.111378
v -0.065949 -0.185444 -0.110340
v -0.055485 -0.198440 -0.116393
v -0.032696 -0.190716 -0.118289
v -0.035687 -0.183610 -0.116164
v -0.027615 -0.182106 -0.116769
v -0.026553 -0.172903 -0.115015
v -0.068102 -0.194464 -0.112853
v -0.073289 -0.143733 -0.093142
v -0.050865 -0.123309 -0.092401
v -0.043243 -0.117553 -0.092075
v -0.035263 -0.121630 -0.094626
v -0.049097 -0.135942 -0.097381
v -0.061103 -0.122215 -0.088873
v -0.057695 -0.135477 -0.095187
v -0.052828 -0.116040 -0.089347
v -0.047008 -0.110456 -0.089132
v -0.071530 -0.105429 -0.081076
v -0.068867 -0.114346 -0.084010
v -0.062532 -0.107883 -0.084410
v -0.059879 -0.113842 -0.086403
v -0.080188 -0.117483 -0.080308
v -0.080206 -0.111612 -0.078464
v -0.071051 -0.121197 -0.085824
v -0.088576 -0.118228 -0.077694
v -0.089084 -0.108176 -0.074348
v -0.075720 -0.130441 -0.087414
v -0.100104 -0.129952 -0.076151
v -0.095924 -0.120750 -0.074847
v -0.092088 -0.128903 -0.079776
v -0.098564 -0.113900 -0.070615
v -0.085421 -0.136775 -0.085338
v -0.115246 -0.134852 -0.070099
v -0.121666 -0.130814 -0.062523
v -0.127725 -0.143579 -0.063425
v -0.093112 -0.136999 -0.083010
v -0.108717 -0.128415 -0.069903
v -0.105461 -0.134879 -0.074722
v -0.115309 -0.127881 -0.065876
v -0.080378 -0.141250 -0.089667
v -0.100615 -0.141885 -0.080845
v -0.093753 -0.145915 -0.086146
v -0.116604 -0.155988 -0.079072
v -0.109735 -0.142035 -0.075358
v -0.119553 -0.143821 -0.070642
v -0.106811 -0.152016 -0.083192
v -0.085272 -0.101834 -0.075012
v -0.077885 -0.099773 -0.077152
v -0.107694 -0.109999 -0.064656
v -0.098403 -0.107657 -0.069030
v -0.105185 -0.100349 -0.064599
v -0.124496 -0.136454 -0.063212
v -0.135954 -0.154059 -0.063761
v -0.122739 -0.155377 -0.075462
v -0.170155 -0.553897 -0.035402
v -0.167240 -0.543620 -0.044594
v -0.186085 -0.334558 -0.034050
v -0.180261 -0.330172 -0.042455
v -0.188082 -0.329939 -0.030093
v -0.184117 -0.329924 -0.037453
v -0.160942 -0.348832 -0.064007
v -0.167707 -0.340760 -0.055856
v -0.177260 -0.334638 -0.045152
v -0.030219 -0.284439 -0.129170
v -0.186425 -0.356122 -0.029182
v -0.189468 -0.349163 -0.025443
v -0.190063 -0.355317 -0.023404
v -0.053719 -0.233835 -0.125812
v -0.041764 -0.238621 -0.128033
v -0.157466 -0.173290 -0.049037
v -0.156071 -0.176831 -0.052535
v -0.161103 -0.178645 -0.046037
v -0.147140 -0.179820 -0.064893
v -0.153021 -0.181573 -0.058576
v -0.137770 -0.170694 -0.069691
v -0.141285 -0.200834 -0.077446
v -0.143566 -0.170390 -0.065892
v -0.146237 -0.193489 -0.071095
v -0.151274 -0.187906 -0.065209
v -0.154646 -0.203303 -0.063538
v -0.159144 -0.200107 -0.056708
v -0.171665 -0.267834 -0.053317
v -0.161826 -0.245301 -0.063949
v -0.171407 -0.260826 -0.051931
v -0.074870 -0.251060 -0.124039
v -0.081350 -0.258063 -0.123513
v -0.077806 -0.266839 -0.124952
v -0.067669 -0.262204 -0.127415
v -0.062649 -0.243759 -0.126886
v -0.067729 -0.236524 -0.124262
v -0.065964 -0.212754 -0.118870
v -0.064388 -0.220635 -0.121241
v -0.067019 -0.249631 -0.126248
v -0.054732 -0.243930 -0.127742
v -0.091127 -0.192857 -0.105935
v -0.076917 -0.207738 -0.113543
v -0.084189 -0.192925 -0.107833
v -0.088751 -0.210482 -0.112238
v -0.078754 -0.196148 -0.110179
v -0.082511 -0.225419 -0.117909
v -0.079777 -0.217095 -0.116443
v -0.075595 -0.223064 -0.118553
v -0.049755 -0.239497 -0.127488
v -0.109288 -0.231954 -0.108371
v -0.107653 -0.194318 -0.099419
v -0.092823 -0.171429 -0.097204
v -0.101371 -0.217512 -0.109651
v -0.102226 -0.204170 -0.103865
v -0.107703 -0.207619 -0.102693
v -0.100269 -0.211151 -0.107653
v -0.098010 -0.191615 -0.102052
v -0.102566 -0.181710 -0.096245
v -0.096911 -0.183210 -0.098799
v -0.079005 -0.171275 -0.102273
v -0.086632 -0.177499 -0.101781
v -0.074466 -0.181145 -0.106055
v -0.123006 -0.187723 -0.087098
v -0.113463 -0.177793 -0.090186
v -0.108080 -0.178027 -0.093374
v -0.071777 -0.172683 -0.104649
v -0.071233 -0.165053 -0.102007
v -0.081402 -0.151927 -0.094370
v -0.087940 -0.148594 -0.089529
v -0.072180 -0.154989 -0.098284
v -0.066773 -0.134580 -0.091878
v -0.116887 -0.168347 -0.083749
v -0.098664 -0.160073 -0.090414
v -0.113582 -0.161870 -0.082394
v -0.107958 -0.164124 -0.087531
v -0.121023 -0.163479 -0.079269
v -0.077892 -0.158743 -0.098144
v -0.079832 -0.164686 -0.099709
v -0.098665 -0.166534 -0.092657
v -0.086044 -0.159687 -0.095272
v -0.092907 -0.313083 -0.113878
v -0.091712 -0.321500 -0.112220
v -0.147783 -0.162621 -0.057377
v -0.134756 -0.162903 -0.067695
v -0.128280 -0.160622 -0.072703
v -0.140889 -0.160128 -0.062058
v -0.132410 -0.169370 -0.074942
v -0.111538 -0.330504 -0.103308
v -0.142079 -0.434925 -0.084257
v -0.145154 -0.459745 -0.082356
v -0.151124 -0.455036 -0.074979
v -0.155884 -0.446032 -0.068554
v -0.147445 -0.466147 -0.079954
v -0.131820 -0.441539 -0.093595
v -0.137641 -0.462328 -0.090016
v -0.125275 -0.442999 -0.098720
v -0.128903 -0.450383 -0.096328
v -0.127413 -0.434243 -0.096925
v -0.137273 -0.445367 -0.089203
v -0.141052 -0.460770 -0.086705
v -0.135334 -0.432161 -0.090460
v -0.129904 -0.427334 -0.094375
v -0.143129 -0.444846 -0.083583
v -0.125609 -0.427323 -0.097648
v -0.175326 -0.350739 -0.044682
v -0.174379 -0.364988 -0.045326
v -0.185300 -0.363840 -0.029880
v -0.188421 -0.361252 -0.024737
v -0.181377 -0.359129 -0.036264
v -0.179778 -0.365369 -0.038607
v -0.182784 -0.351068 -0.035031
v -0.177122 -0.357935 -0.042099
v -0.178394 -0.341726 -0.042350
v -0.136881 -0.183896 -0.075250
v -0.143664 -0.185553 -0.070174
v -0.140133 -0.178201 -0.070151
v -0.123200 -0.175379 -0.083387
v -0.129869 -0.187043 -0.083023
v -0.135436 -0.190502 -0.080767
v -0.117119 -0.180481 -0.088322
v -0.127326 -0.198707 -0.088524
v -0.140683 -0.191764 -0.075535
v -0.114152 -0.187245 -0.093275
v -0.133688 -0.207753 -0.085485
v -0.117325 -0.198271 -0.095792
v -0.129689 -0.208732 -0.088846
v -0.147790 -0.202698 -0.070698
v -0.149074 -0.212741 -0.072626
v -0.150757 -0.195927 -0.067814
v -0.144727 -0.211812 -0.075861
v -0.138728 -0.212282 -0.083351
v -0.134437 -0.223462 -0.090243
v -0.160883 -0.212667 -0.058604
v -0.169150 -0.226354 -0.049635
v -0.169512 -0.234766 -0.050831
v -0.163065 -0.227948 -0.057811
v -0.173482 -0.231498 -0.043637
v -0.144959 -0.223371 -0.078992
v -0.155923 -0.221545 -0.067928
v -0.173718 -0.222131 -0.043437
v -0.140236 -0.222023 -0.085123
v -0.133649 -0.218829 -0.090077
v -0.117146 -0.216705 -0.101983
v -0.121898 -0.214464 -0.096959
v -0.114930 -0.208979 -0.099455
v -0.126540 -0.220962 -0.094977
v -0.141001 -0.249245 -0.087730
v -0.152737 -0.234316 -0.072339
v -0.160161 -0.224986 -0.062232
v -0.158860 -0.212542 -0.062184
v -0.120600 -0.225044 -0.101444
v -0.140845 -0.239989 -0.086394
v -0.148587 -0.228212 -0.075076
v -0.114936 -0.223026 -0.104784
v -0.115198 -0.255651 -0.109063
v -0.146818 -0.243610 -0.079348
v -0.115175 -0.239971 -0.107730
v -0.103358 -0.275109 -0.115550
v -0.135527 -0.240670 -0.091836
v -0.151135 -0.256631 -0.076088
v -0.157311 -0.249372 -0.070098
v -0.124651 -0.228593 -0.098079
v -0.121160 -0.238873 -0.103022
v -0.115014 -0.231573 -0.105418
v -0.125788 -0.243786 -0.099620
v -0.095433 -0.274490 -0.120245
v -0.117821 -0.247783 -0.107460
v -0.087858 -0.273974 -0.122867
v -0.091262 -0.281096 -0.120616
v -0.102308 -0.297568 -0.112296
v -0.101625 -0.284851 -0.115284
v -0.095683 -0.289206 -0.117828
v -0.107345 -0.288895 -0.111723
v -0.088840 -0.294703 -0.119517
v -0.123611 -0.306977 -0.099579
v -0.125563 -0.275755 -0.101296
v -0.096122 -0.297651 -0.115619
v -0.098267 -0.305204 -0.112371
v -0.112326 -0.312497 -0.105434
v -0.106583 -0.305267 -0.108467
v -0.114645 -0.278764 -0.109582
v -0.103102 -0.312587 -0.108938
v -0.100974 -0.321274 -0.108612
v -0.108043 -0.321843 -0.105387
v -0.114703 -0.304309 -0.105114
v -0.108785 -0.279130 -0.112458
v -0.120388 -0.289216 -0.104549
v -0.117468 -0.266827 -0.109078
v -0.098295 -0.328059 -0.109708
v -0.120196 -0.329610 -0.099802
v -0.109412 -0.297430 -0.109507
v -0.117979 -0.296927 -0.105509
v -0.113178 -0.290726 -0.109156
v -0.119608 -0.274665 -0.106950
v -0.145123 -0.289752 -0.083504
v -0.132504 -0.276581 -0.095928
v -0.141288 -0.272305 -0.088592
v -0.136002 -0.258981 -0.091755
v -0.129601 -0.257607 -0.097319
v -0.147098 -0.267604 -0.081454
v -0.130937 -0.264422 -0.096934
v -0.125369 -0.260979 -0.101235
v -0.123249 -0.254387 -0.102955
v -0.105404 -0.262736 -0.114705
v -0.103378 -0.248020 -0.114575
v -0.110581 -0.248655 -0.111342
v -0.105110 -0.255291 -0.114103
v -0.090223 -0.254763 -0.120886
v -0.097976 -0.253055 -0.117827
v -0.110654 -0.270597 -0.112755
v -0.104836 -0.330066 -0.106719
v -0.095631 -0.334700 -0.110792
v -0.103780 -0.338887 -0.106846
v -0.135097 -0.253469 -0.093110
v -0.129371 -0.251424 -0.097579
v -0.124393 -0.267610 -0.103108
v -0.119727 -0.261267 -0.106493
v -0.138417 -0.276856 -0.091219
v -0.159294 -0.278536 -0.068658
v -0.112366 -0.262036 -0.111427
v -0.087464 -0.261754 -0.122958
v -0.153033 -0.275659 -0.076288
v -0.161889 -0.271994 -0.065293
v -0.170512 -0.284725 -0.054591
v -0.171210 -0.276347 -0.053435
v -0.166003 -0.278326 -0.060042
v -0.175035 -0.281350 -0.045985
v -0.157125 -0.262305 -0.071067
v -0.162211 -0.259043 -0.062893
v -0.148843 -0.284989 -0.080196
v -0.174948 -0.291533 -0.048648
v -0.174392 -0.273738 -0.047883
v -0.161581 -0.300584 -0.067230
v -0.173547 -0.304772 -0.051926
v -0.170267 -0.295629 -0.057607
v -0.166069 -0.287405 -0.062078
v -0.164316 -0.295455 -0.065136
v -0.155906 -0.301539 -0.073289
v -0.157886 -0.288863 -0.070930
v -0.168038 -0.302575 -0.060264
v -0.165445 -0.317880 -0.063003
v -0.169770 -0.325926 -0.057795
v -0.170277 -0.311758 -0.057550
v -0.155767 -0.316913 -0.073632
v -0.148458 -0.300785 -0.080988
v -0.160050 -0.313348 -0.070448
v -0.144730 -0.301784 -0.083894
v -0.139491 -0.314815 -0.087939
v -0.147861 -0.317069 -0.079992
v -0.138317 -0.301044 -0.089548
v -0.129332 -0.290077 -0.097058
v -0.131260 -0.315944 -0.093166
v -0.134603 -0.306431 -0.092225
v -0.157795 -0.329851 -0.069150
v -0.159496 -0.321194 -0.069030
v -0.144845 -0.322392 -0.083256
v -0.170923 -0.318925 -0.057783
v -0.175191 -0.312170 -0.050543
v -0.126246 -0.297830 -0.098214
v -0.119453 -0.312673 -0.102440
v -0.133155 -0.332059 -0.089720
v -0.163568 -0.327608 -0.063363
v -0.160021 -0.338874 -0.065320
v -0.166897 -0.348677 -0.056476
v -0.145917 -0.339831 -0.079644
v -0.153011 -0.338216 -0.074219
v -0.152596 -0.325210 -0.074735
v -0.155389 -0.349233 -0.069479
v -0.149553 -0.350474 -0.074774
v -0.175014 -0.318171 -0.051999
v -0.168152 -0.365055 -0.053532
v -0.164131 -0.388765 -0.058801
v -0.166065 -0.377338 -0.056561
v -0.172707 -0.339180 -0.049943
v -0.170493 -0.355866 -0.051132
v -0.163618 -0.359899 -0.060070
v -0.158255 -0.360436 -0.066163
v -0.153104 -0.389283 -0.070640
v -0.137697 -0.360149 -0.085099
v -0.158527 -0.389609 -0.065035
v -0.139456 -0.411667 -0.084897
v -0.150022 -0.362175 -0.073546
v -0.125063 -0.373515 -0.094941
v -0.133844 -0.408765 -0.089755
v -0.127931 -0.408741 -0.094523
v -0.137645 -0.395793 -0.085585
v -0.129583 -0.397605 -0.092598
v -0.143887 -0.401824 -0.079652
v -0.131612 -0.389065 -0.090936
v -0.154054 -0.367640 -0.069400
v -0.143369 -0.351301 -0.080179
v -0.135371 -0.381211 -0.087202
v -0.150549 -0.376181 -0.072974
v -0.145506 -0.389091 -0.077877
v -0.139787 -0.375746 -0.083082
v -0.144946 -0.375533 -0.078038
v -0.158635 -0.410308 -0.064855
v -0.139728 -0.428401 -0.086054
v -0.149206 -0.420402 -0.075823
v -0.153877 -0.407452 -0.070107
v -0.128875 -0.340587 -0.092994
v -0.168486 -0.413839 -0.052082
v -0.162499 -0.414429 -0.060220
v -0.144745 -0.419064 -0.080412
v -0.150089 -0.402525 -0.073952
v -0.156844 -0.426557 -0.067172
v -0.152372 -0.425065 -0.072394
v -0.150460 -0.443085 -0.075214
v -0.147337 -0.436688 -0.078743
v -0.137952 -0.348226 -0.085124
v -0.140084 -0.336574 -0.084176
v -0.132350 -0.346700 -0.090250
v -0.132308 -0.357345 -0.089468
v -0.074040 -0.240298 -0.123406
v -0.090242 -0.239792 -0.119949
v -0.092383 -0.247316 -0.120014
v -0.082441 -0.245524 -0.122346
v -0.082656 -0.238686 -0.121213
v -0.088471 -0.231329 -0.117918
v -0.101415 -0.234446 -0.113198
v -0.106234 -0.240798 -0.112154
v -0.093739 -0.223034 -0.114891
v -0.094696 -0.234956 -0.116933
v -0.098981 -0.241586 -0.116516
v -0.094491 -0.216279 -0.112927
v -0.087319 -0.218368 -0.115680
v -0.102121 -0.225298 -0.110885
v -0.096872 -0.229087 -0.114319
v -0.063832 -0.149954 -0.098848
v -0.109535 -0.215786 -0.105418
v -0.106790 -0.221560 -0.107937
v -0.100670 -0.268716 -0.117751
v -0.097147 -0.261170 -0.119100
v -0.092927 -0.267173 -0.121720
v -0.164396 -0.308441 -0.064710
v -0.138519 -0.290256 -0.090729
v -0.114672 -0.321628 -0.102880
v -0.122824 -0.320646 -0.098312
v -0.131306 -0.375478 -0.090489
v -0.128839 -0.367150 -0.092174
v -0.119795 -0.340042 -0.098843
v -0.107458 -0.351710 -0.104734
v -0.118950 -0.360296 -0.098528
v -0.123045 -0.366356 -0.096157
v -0.126087 -0.355676 -0.094166
v -0.124081 -0.345288 -0.096078
v -0.116785 -0.369479 -0.099678
v -0.100601 -0.355497 -0.107927
v -0.107291 -0.368146 -0.104723
v -0.112143 -0.360785 -0.102170
v -0.144137 -0.361396 -0.078950
v -0.113043 -0.339959 -0.101989
v -0.116007 -0.350128 -0.100197
v -0.075792 -0.092321 -0.077485
f 202 276 164
f 331 35 256
f 1146 1206 1282
f 282 51 52
f 40 264 39
f 223 177 225
f 73 74 318
f 537 693 695
f 39 264 346
f 344 347 265
f 468 470 187
f 346 264 194
f 211 717 1457
f 138 303 296
f 333 971 1090
f 31 611 30
f 475 611 31
f 582 216 432
f 1191 1196 1131
f 33 34 472
f 176 226 177
f 32 475 31
f 331 34 35
f 133 134 433
f 461 605 459
f 227 228 226
f 43 271 42
f 46 47 144
f 403 561 562
f 144 45 46
f 1270 190 1255
f 219 301 302
f 201 48 49
f 275 202 274
f 501 376 362
f 377 53 54
f 1200 1268 1244
f 277 275 386
f 281 144 206
f 202 164 201
f 13 404 12
f 686 511 883
f 203 144 47
f 360 362 365
f 47 48 203
f 270 199 43
f 512 986 161
f 8 301 7
f 381 519 267
f 539 543 269
f 184 247 248
f 144 165 206
f 382 58 59
f 362 376 365
f 1049 1050 1044
f 427 914 916
f 111 569 110
f 162 528 530
f 21 22 718
f 80 314 79
f 309 64 305
f 233 317 237
f 398 20 21
f 20 398 714
f 322 592 234
f 239 320 242
f 746 937 938
f 311 740 231
f 785 790 153
f 722 213 561
f 557 555 394
f 555 711 394
f 248 124 125
f 810 809 954
f 394 15 16
f 456 457 327
f 155 122 249
f 583 297 582
f 404 406 292
f 186 185 249
f 154 185 186
f 467 184 466
f 466 184 248
f 478 26 27
f 250 252 118
f 243 254 253
f 218 304 224
f 250 188 156
f 10 11 402
f 155 188 120
f 825 1087 817
f 3 4 223
f 2 225 150
f 300 219 435
f 403 292 561
f 917 427 916
f 1500 1503 1504
f 375 272 372
f 139 140 220
f 150 1 2
f 150 141 1
f 268 382 383
f 943 446 942
f 845 674 208
f 221 141 150
f 668 1636 1104
f 136 137 295
f 426 216 431
f 303 138 139
f 540 162 530
f 283 387 388
f 783 183 771
f 136 297 135
f 303 220 222
f 485 486 337
f 1633 1714 1612
f 480 481 259
f 478 617 837
f 154 186 467
f 384 60 61
f 220 221 229
f 143 862 865
f 195 352 355
f 524 519 523
f 402 403 291
f 309 63 64
f 236 319 67
f 299 300 218
f 230 308 936
f 421 415 416
f 932 931 928
f 238 68 233
f 746 931 1053
f 67 68 238
f 785 791 790
f 305 64 65
f 71 235 70
f 119 120 188
f 165 164 204
f 273 42 271
f 72 73 71
f 835 836 616
f 237 180 233
f 338 619 486
f 57 380 56
f 310 78 79
f 76 239 75
f 203 201 165
f 592 322 241
f 377 379 53
f 69 233 68
f 297 136 295
f 314 311 442
f 387 390 99
f 1239 1192 1193
f 5 6 299
f 311 315 232
f 3 225 2
f 326 327 605
f 156 154 251
f 78 310 313
f 86 87 485
f 1464 1485 1496
f 81 82 334
f 1156 1039 907
f 286 555 557
f 173 581 432
f 490 92 93
f 1173 631 628
f 556 17 18
f 94 492 93
f 979 1214 1213
f 550 551 388
f 883 510 686
f 650 655 263
f 721 724 722
f 274 49 50
f 242 240 589
f 23 399 22
f 638 491 637
f 118 119 250
f 497 361 273
f 156 251 250
f 350 347 342
f 155 156 188
f 266 378 514
f 450 452 115
f 254 451 116
f 450 115 116
f 689 515 516
f 377 378 266
f 525 1008 524
f 117 254 116
f 155 120 121
f 812 256 813
f 249 122 123
f 129 328 460
f 414 131 413
f 1085 464 462
f 941 1057 1060
f 637 491 341
f 414 130 131
f 771 606 783
f 247 186 249
f 154 156 185
f 124 247 123
f 155 185 156
f 839 838 489
f 155 121 122
f 126 326 125
f 200 271 199
f 490 491 340
f 114 454 113
f 205 204 145
f 708 551 103
f 208 852 840
f 553 708 709
f 201 203 48
f 164 276 145
f 144 203 165
f 99 100 387
f 45 281 44
f 99 390 98
f 98 389 552
f 374 205 145
f 270 206 163
f 1317 1325 1324
f 105 106 574
f 206 204 163
f 204 206 165
f 604 454 455
f 413 131 132
f 410 947 293
f 270 43 44
f 529 535 527
f 163 499 199
f 113 604 112
f 165 201 164
f 411 108 407
f 410 293 407
f 407 108 109
f 42 273 41
f 371 367 364
f 201 49 274
f 108 411 107
f 1021 904 905
f 205 163 204
f 275 50 51
f 393 96 97
f 268 543 523
f 993 885 707
f 558 1036 398
f 1213 633 979
f 428 173 425
f 434 735 294
f 223 224 176
f 290 565 437
f 438 435 219
f 221 220 140
f 220 175 222
f 141 221 140
f 177 226 229
f 416 418 228
f 296 295 137
f 223 4 5
f 177 223 176
f 224 223 299
f 223 225 3
f 225 177 150
f 227 226 176
f 226 228 229
f 228 227 149
f 422 420 423
f 430 926 429
f 176 224 227
f 304 227 224
f 228 149 416
f 229 228 175
f 220 229 175
f 177 229 221
f 305 439 308
f 887 544 1000
f 242 589 181
f 242 181 239
f 315 314 316
f 81 444 80
f 317 69 70
f 236 745 744
f 317 235 234
f 235 322 234
f 318 71 73
f 180 742 596
f 305 308 230
f 317 233 69
f 591 237 234
f 745 233 180
f 67 238 236
f 320 76 77
f 181 241 75
f 77 78 313
f 312 588 240
f 241 594 592
f 318 235 71
f 320 239 76
f 589 240 588
f 181 75 239
f 74 75 241
f 252 117 118
f 453 323 451
f 944 763 1076
f 946 408 768
f 456 326 126
f 466 245 329
f 1770 1771 1775
f 780 776 777
f 248 247 124
f 186 247 184
f 326 248 125
f 245 607 329
f 249 123 247
f 155 249 185
f 250 119 188
f 252 250 187
f 468 154 467
f 250 251 187
f 253 252 187
f 254 252 253
f 187 251 468
f 255 182 324
f 453 451 243
f 117 252 254
f 243 253 255
f 253 187 470
f 472 34 331
f 1091 1257 258
f 834 1455 1461
f 334 480 259
f 445 448 447
f 755 751 750
f 259 598 597
f 89 487 88
f 90 487 89
f 634 619 338
f 619 620 486
f 493 641 642
f 662 670 980
f 361 40 41
f 351 346 194
f 344 38 345
f 378 54 55
f 266 514 517
f 518 57 58
f 517 514 196
f 522 525 524
f 381 267 380
f 269 384 549
f 63 307 440
f 270 44 281
f 199 270 163
f 199 271 43
f 273 271 200
f 279 145 276
f 272 370 366
f 366 359 367
f 496 264 361
f 275 274 50
f 201 274 202
f 282 275 51
f 386 275 207
f 202 277 276
f 280 278 279
f 204 164 145
f 275 277 202
f 280 277 166
f 512 161 500
f 371 372 367
f 276 277 280
f 374 279 278
f 280 166 686
f 276 280 279
f 144 281 45
f 270 281 206
f 379 282 52
f 275 282 207
f 387 550 388
f 645 648 285
f 551 708 391
f 1042 575 729
f 663 665 667
f 722 406 405
f 716 1022 397
f 1458 616 976
f 617 478 971
f 291 559 564
f 565 564 559
f 401 290 400
f 406 404 567
f 567 568 405
f 576 573 577
f 133 433 434
f 462 328 1085
f 137 138 296
f 418 431 222
f 216 295 296
f 426 432 216
f 583 582 217
f 736 735 584
f 133 434 132
f 6 7 436
f 224 299 218
f 436 299 6
f 300 436 301
f 300 301 219
f 302 8 400
f 177 221 150
f 220 303 139
f 296 303 222
f 299 223 5
f 423 304 218
f 439 65 66
f 1003 309 230
f 67 319 66
f 746 744 596
f 1006 1000 1001
f 439 305 65
f 937 936 306
f 230 309 305
f 63 309 307
f 312 310 231
f 442 231 310
f 313 312 321
f 442 310 79
f 740 311 441
f 310 312 313
f 312 240 321
f 314 315 311
f 444 447 315
f 441 311 232
f 316 314 80
f 1161 315 1065
f 444 316 80
f 235 317 70
f 237 317 234
f 74 241 318
f 322 318 241
f 236 938 940
f 439 319 306
f 321 77 313
f 242 320 240
f 240 320 321
f 77 321 320
f 318 322 235
f 181 590 594
f 255 324 453
f 452 323 599
f 602 244 1084
f 325 452 601
f 452 114 115
f 764 455 770
f 456 126 127
f 248 326 245
f 457 127 128
f 327 457 459
f 962 414 804
f 457 460 459
f 182 255 469
f 186 184 467
f 256 35 36
f 331 256 811
f 36 37 343
f 349 471 265
f 474 331 610
f 613 475 476
f 813 256 330
f 476 612 472
f 831 833 28
f 480 82 83
f 481 83 84
f 335 449 448
f 315 316 444
f 480 334 82
f 335 334 259
f 334 335 445
f 481 483 259
f 618 337 620
f 634 338 629
f 489 91 92
f 339 627 488
f 636 839 640
f 489 339 90
f 94 641 492
f 493 341 492
f 348 357 356
f 265 343 344
f 344 343 37
f 265 471 343
f 38 344 37
f 344 342 347
f 39 345 38
f 342 344 345
f 342 345 346
f 39 346 345
f 348 350 351
f 350 352 347
f 348 355 352
f 352 349 347
f 195 353 349
f 265 347 349
f 351 350 342
f 350 348 352
f 346 351 342
f 351 194 357
f 356 354 355
f 195 349 352
f 1086 195 861
f 373 503 508
f 354 855 358
f 349 353 471
f 356 355 348
f 355 354 358
f 348 351 357
f 160 508 509
f 357 194 360
f 356 357 365
f 509 356 160
f 863 864 857
f 359 360 363
f 359 363 364
f 194 496 363
f 360 359 362
f 264 496 194
f 363 361 497
f 359 366 362
f 370 501 366
f 194 363 360
f 273 200 498
f 369 498 499
f 356 365 160
f 360 365 357
f 367 359 364
f 373 685 368
f 369 371 498
f 272 366 367
f 368 505 504
f 205 374 499
f 367 372 272
f 510 513 375
f 160 365 376
f 371 364 498
f 372 371 369
f 374 372 369
f 372 278 375
f 685 373 370
f 373 504 503
f 499 374 369
f 374 145 279
f 375 280 686
f 501 362 366
f 508 376 373
f 378 377 54
f 379 377 266
f 55 56 689
f 1010 520 197
f 688 511 687
f 207 282 379
f 53 379 52
f 379 266 687
f 380 57 518
f 689 380 267
f 381 518 382
f 520 519 197
f 548 59 60
f 382 268 521
f 548 382 59
f 383 548 384
f 549 61 62
f 383 384 269
f 63 440 62
f 886 887 885
f 549 384 61
f 269 385 706
f 386 207 511
f 277 386 166
f 550 100 101
f 551 101 102
f 840 843 842
f 550 387 100
f 283 390 387
f 98 390 389
f 708 103 104
f 1097 977 1096
f 572 571 107
f 1144 729 909
f 552 97 98
f 1031 286 1027
f 1027 286 1026
f 292 722 561
f 396 18 19
f 715 556 396
f 715 716 397
f 1025 397 1022
f 289 718 399
f 714 288 713
f 835 23 24
f 717 558 289
f 560 9 10
f 302 400 290
f 560 400 9
f 401 560 402
f 11 12 566
f 401 402 291
f 566 402 11
f 403 566 404
f 567 13 14
f 403 404 292
f 568 14 15
f 405 720 721
f 567 404 13
f 722 405 721
f 412 411 407
f 604 570 112
f 408 569 768
f 409 578 573
f 554 574 573
f 410 407 109
f 947 408 946
f 109 110 410
f 569 410 110
f 412 407 293
f 409 571 572
f 412 293 949
f 409 411 412
f 434 413 132
f 414 413 294
f 608 465 804
f 414 962 130
f 228 418 175
f 421 416 419
f 419 416 149
f 418 416 415
f 419 149 420
f 424 421 417
f 418 415 431
f 175 418 222
f 149 227 420
f 419 417 421
f 420 227 423
f 417 419 420
f 424 425 421
f 738 174 438
f 227 304 423
f 420 422 430
f 435 423 218
f 174 422 423
f 421 425 173
f 173 432 426
f 415 421 173
f 427 424 579
f 431 216 296
f 415 173 426
f 424 428 425
f 580 428 427
f 429 424 417
f 430 429 417
f 429 148 579
f 430 417 420
f 431 296 222
f 415 426 431
f 581 173 428
f 582 432 217
f 433 134 583
f 434 433 298
f 1454 735 298
f 413 434 294
f 438 219 585
f 174 423 435
f 300 435 218
f 301 436 7
f 299 436 300
f 435 438 174
f 290 585 302
f 586 437 212
f 585 437 438
f 400 8 9
f 301 8 302
f 319 439 66
f 308 439 306
f 706 547 544
f 549 440 385
f 1074 1072 441
f 441 179 587
f 442 79 314
f 231 442 311
f 740 587 231
f 179 741 587
f 81 445 444
f 448 445 335
f 334 445 81
f 755 753 758
f 1064 446 1062
f 1062 446 943
f 445 447 444
f 447 446 1065
f 597 449 335
f 597 942 449
f 451 450 116
f 452 450 323
f 243 451 254
f 450 451 323
f 323 453 599
f 454 452 325
f 255 453 243
f 599 453 324
f 452 454 114
f 454 325 455
f 602 603 770
f 408 410 569
f 457 456 127
f 326 456 327
f 129 457 128
f 774 460 462
f 774 773 458
f 607 605 461
f 457 129 460
f 459 458 461
f 462 460 328
f 458 459 460
f 772 461 458
f 607 461 771
f 130 962 129
f 246 773 774
f 608 414 294
f 462 464 246
f 465 608 215
f 465 1775 463
f 245 466 248
f 466 329 467
f 469 468 805
f 468 251 154
f 329 806 467
f 469 255 253
f 467 806 805
f 809 808 779
f 468 469 470
f 469 253 470
f 330 256 36
f 36 343 330
f 471 330 343
f 967 966 684
f 812 813 965
f 813 330 471
f 474 472 331
f 614 613 817
f 332 475 613
f 32 33 612
f 829 611 475
f 474 476 472
f 1089 611 829
f 29 831 28
f 28 833 974
f 1091 1093 1094
f 1094 333 1091
f 617 1095 479
f 481 480 83
f 84 484 481
f 483 336 482
f 85 484 84
f 336 481 484
f 482 748 749
f 336 483 481
f 598 483 482
f 484 85 485
f 482 618 260
f 87 88 626
f 484 485 337
f 626 485 87
f 486 626 487
f 486 487 338
f 339 838 627
f 487 488 338
f 489 90 91
f 488 90 339
f 490 489 92
f 839 636 838
f 490 340 839
f 491 490 93
f 641 94 95
f 491 492 341
f 642 95 96
f 493 642 645
f 358 195 355
f 868 866 858
f 815 819 814
f 358 861 195
f 361 264 40
f 363 496 361
f 273 361 41
f 498 497 273
f 363 497 364
f 200 499 498
f 497 498 364
f 199 499 200
f 500 513 510
f 280 375 278
f 373 501 370
f 376 501 373
f 503 504 502
f 507 859 856
f 376 508 160
f 504 373 368
f 502 507 503
f 991 505 368
f 502 504 506
f 1011 1113 1010
f 505 506 504
f 865 859 502
f 507 508 503
f 509 508 507
f 500 161 368
f 161 991 368
f 988 987 989
f 859 858 856
f 856 509 507
f 356 509 354
f 386 511 166
f 207 687 511
f 510 512 500
f 510 883 512
f 685 513 500
f 370 272 513
f 375 513 272
f 205 499 163
f 372 374 278
f 378 516 514
f 516 1012 514
f 516 378 689
f 890 1008 1009
f 378 55 689
f 1011 992 1012
f 382 518 58
f 380 518 381
f 381 521 519
f 1010 884 520
f 267 519 520
f 382 521 381
f 523 522 524
f 519 521 523
f 522 526 528
f 268 523 521
f 523 198 526
f 522 162 525
f 519 524 197
f 701 1009 889
f 525 162 889
f 528 526 529
f 522 523 526
f 268 383 543
f 527 528 529
f 867 876 878
f 529 526 198
f 530 528 527
f 538 198 539
f 541 545 537
f 999 996 995
f 762 759 158
f 894 892 895
f 528 162 522
f 535 529 538
f 705 892 545
f 540 541 537
f 868 877 881
f 538 529 198
f 535 533 542
f 269 544 546
f 539 546 536
f 535 536 886
f 530 541 540
f 699 700 690
f 198 543 539
f 535 538 536
f 536 538 539
f 541 530 527
f 696 537 695
f 527 535 542
f 692 542 533
f 892 534 545
f 693 545 534
f 523 543 198
f 269 543 383
f 547 385 440
f 547 1001 1000
f 541 703 545
f 703 527 542
f 269 546 539
f 546 544 887
f 440 307 547
f 1006 1002 1004
f 384 548 60
f 382 548 383
f 440 549 62
f 269 549 385
f 551 550 101
f 103 551 102
f 647 649 552
f 393 552 649
f 645 643 393
f 97 552 393
f 709 104 105
f 553 709 904
f 571 106 107
f 554 576 709
f 719 720 568
f 556 18 396
f 287 396 712
f 715 396 287
f 834 289 399
f 562 291 403
f 402 560 10
f 400 560 401
f 561 213 562
f 563 562 213
f 563 1334 1300
f 1336 1300 170
f 291 562 559
f 563 559 562
f 291 564 401
f 565 559 212
f 401 564 290
f 437 565 212
f 290 564 565
f 404 566 12
f 402 566 403
f 568 567 14
f 406 567 405
f 711 568 15
f 568 711 719
f 111 570 569
f 570 764 769
f 112 570 111
f 770 455 325
f 573 571 409
f 574 571 573
f 107 411 572
f 409 572 411
f 578 412 949
f 578 577 573
f 554 709 903
f 106 571 574
f 908 949 948
f 710 576 392
f 554 573 576
f 729 908 909
f 392 576 577
f 412 578 409
f 577 578 575
f 734 732 731
f 912 732 734
f 1454 584 735
f 295 216 297
f 428 580 581
f 217 581 580
f 217 1454 583
f 216 582 297
f 433 583 298
f 135 583 134
f 1454 298 583
f 217 580 917
f 290 437 585
f 585 219 302
f 927 588 312
f 590 589 593
f 593 588 443
f 588 593 589
f 231 587 312
f 587 741 927
f 742 591 595
f 181 589 590
f 152 595 590
f 591 742 237
f 594 241 181
f 234 592 591
f 152 590 593
f 595 594 590
f 592 594 591
f 595 152 596
f 594 595 591
f 928 746 596
f 745 236 238
f 597 335 259
f 942 597 191
f 483 598 259
f 324 944 599
f 452 599 601
f 763 944 182
f 599 944 600
f 599 600 601
f 600 1076 602
f 325 601 602
f 600 602 601
f 1083 950 1077
f 570 455 764
f 454 604 113
f 570 604 455
f 326 605 245
f 459 605 327
f 606 772 773
f 777 783 606
f 183 807 607
f 605 607 245
f 736 608 294
f 608 736 215
f 807 806 329
f 810 807 808
f 812 610 811
f 475 32 612
f 829 475 332
f 830 611 477
f 472 612 33
f 475 612 476
f 473 613 474
f 474 613 476
f 332 257 829
f 614 332 613
f 817 613 473
f 1091 1090 972
f 971 333 617
f 399 835 834
f 975 24 25
f 837 479 836
f 26 837 25
f 260 747 748
f 337 618 336
f 336 618 482
f 618 620 622
f 485 85 86
f 634 631 619
f 620 619 261
f 620 261 623
f 486 620 337
f 1174 623 261
f 618 622 260
f 621 623 1174
f 625 622 621
f 622 620 621
f 1174 261 1173
f 620 623 621
f 1311 1289 1297
f 754 747 756
f 625 624 1299
f 487 626 88
f 485 626 486
f 487 90 488
f 630 629 262
f 630 628 629
f 628 630 635
f 488 627 338
f 629 338 627
f 262 629 627
f 628 631 629
f 628 1172 1173
f 619 631 261
f 262 838 636
f 1510 639 632
f 193 848 850
f 629 631 634
f 1510 262 636
f 630 632 635
f 1213 1215 633
f 340 638 640
f 1510 630 262
f 650 341 646
f 638 637 263
f 263 639 638
f 491 638 340
f 654 639 263
f 639 847 632
f 263 655 654
f 639 1510 640
f 638 639 640
f 492 491 93
f 642 641 95
f 492 641 493
f 643 642 96
f 96 393 643
f 650 263 637
f 646 341 493
f 642 643 645
f 493 644 646
f 644 493 645
f 657 658 653
f 650 637 341
f 647 552 389
f 645 285 661
f 664 665 666
f 851 666 665
f 649 645 393
f 851 651 852
f 647 648 649
f 649 648 645
f 660 659 646
f 653 655 657
f 389 390 283
f 283 647 389
f 840 651 283
f 1106 1107 980
f 848 193 847
f 650 646 659
f 632 847 193
f 650 659 657
f 654 655 653
f 658 652 1511
f 650 657 655
f 657 656 658
f 660 663 656
f 1108 656 663
f 660 646 644
f 657 659 656
f 661 660 644
f 656 659 660
f 645 661 644
f 285 663 661
f 663 285 665
f 667 670 662
f 285 648 665
f 1108 662 1107
f 661 663 660
f 978 1099 1100
f 670 671 669
f 851 648 647
f 665 664 667
f 840 852 651
f 674 1099 673
f 671 673 675
f 663 667 662
f 676 167 679
f 681 676 679
f 671 667 664
f 669 1103 980
f 671 670 667
f 980 670 669
f 673 671 664
f 669 671 675
f 672 676 675
f 675 673 672
f 664 852 208
f 208 840 842
f 672 1101 676
f 675 668 669
f 1241 1240 1136
f 675 676 681
f 1644 1865 1866
f 1641 1646 1671
f 978 1194 1195
f 675 681 668
f 1598 679 1599
f 679 678 682
f 1593 854 678
f 682 681 679
f 668 681 680
f 854 682 678
f 681 682 680
f 855 354 856
f 683 863 857
f 855 857 861
f 684 864 967
f 513 685 370
f 368 685 500
f 686 510 375
f 166 511 686
f 379 687 207
f 687 266 517
f 688 517 196
f 380 689 56
f 884 689 267
f 696 540 537
f 1109 506 505
f 162 540 696
f 691 872 879
f 996 531 993
f 705 545 703
f 1007 534 888
f 537 545 693
f 899 900 896
f 872 691 880
f 534 695 693
f 697 696 695
f 695 1007 697
f 699 696 697
f 700 694 698
f 697 700 699
f 869 871 873
f 690 698 880
f 699 690 702
f 696 699 889
f 694 700 697
f 690 700 698
f 988 990 987
f 197 524 1008
f 989 690 988
f 889 702 701
f 527 703 541
f 999 1110 996
f 902 703 542
f 902 692 1111
f 706 544 269
f 385 547 706
f 531 885 993
f 531 533 885
f 708 553 1021
f 709 708 104
f 903 709 105
f 392 1138 710
f 708 1021 391
f 576 710 904
f 1031 555 286
f 711 15 394
f 711 555 719
f 712 396 713
f 907 288 1036
f 713 396 714
f 714 396 19
f 715 287 716
f 715 557 556
f 557 715 397
f 394 556 557
f 1026 557 1025
f 394 16 17
f 717 211 907
f 718 398 21
f 1036 558 717
f 399 718 22
f 398 718 558
f 718 289 558
f 1031 719 555
f 720 719 395
f 395 1512 720
f 405 568 720
f 725 1030 1155
f 1030 1027 1035
f 406 722 292
f 1301 1303 1302
f 213 722 727
f 724 1512 725
f 1247 1284 723
f 721 720 1512
f 1030 395 1031
f 723 1284 1285
f 1334 1286 1300
f 1512 724 721
f 724 727 722
f 1334 727 726
f 727 724 726
f 1041 1145 1144
f 577 1042 392
f 729 575 908
f 1042 729 910
f 424 427 428
f 912 427 579
f 429 579 424
f 733 732 148
f 730 1203 1248
f 733 731 732
f 1050 1049 730
f 422 739 430
f 586 212 1338
f 915 914 912
f 1050 734 731
f 581 217 432
f 297 583 135
f 735 434 298
f 584 1848 736
f 294 735 736
f 912 914 427
f 1515 1516 1849
f 437 586 438
f 925 733 922
f 924 739 922
f 922 739 738
f 926 739 924
f 441 587 740
f 1069 1072 1068
f 1228 932 934
f 742 180 237
f 595 596 742
f 928 152 929
f 934 933 1228
f 180 596 744
f 152 928 596
f 233 745 238
f 180 744 745
f 1228 1232 743
f 937 746 1053
f 747 754 752
f 749 751 191
f 260 748 482
f 749 748 747
f 482 749 598
f 751 749 752
f 191 597 598
f 752 750 751
f 752 749 747
f 753 755 757
f 1293 1312 1311
f 753 757 759
f 758 191 751
f 756 260 622
f 1298 1327 192
f 757 755 750
f 756 747 260
f 1299 622 625
f 1290 757 1297
f 757 158 759
f 753 1057 758
f 446 448 942
f 760 1187 1264
f 1055 759 1056
f 755 758 751
f 897 532 895
f 902 1111 705
f 1262 1265 1271
f 1124 1119 1118
f 1272 1782 1295
f 1054 1055 1056
f 952 763 182
f 952 788 797
f 603 1083 764
f 769 768 569
f 799 153 790
f 1205 1082 1162
f 766 769 767
f 1208 1165 946
f 1083 1084 950
f 767 765 951
f 769 569 570
f 946 768 766
f 767 769 764
f 768 769 766
f 602 770 325
f 764 770 603
f 607 771 183
f 772 771 461
f 773 772 458
f 771 772 606
f 1770 1774 1765
f 606 773 777
f 460 774 458
f 246 774 462
f 1159 1758 1759
f 1441 793 1429
f 782 780 778
f 785 153 786
f 780 781 778
f 784 783 777
f 777 781 780
f 1771 464 1775
f 784 785 786
f 809 786 788
f 781 777 773
f 778 1767 782
f 773 246 781
f 1772 246 1771
f 785 776 791
f 776 780 782
f 784 777 776
f 783 779 808
f 784 776 785
f 779 783 784
f 791 782 792
f 792 782 775
f 786 153 788
f 784 786 779
f 788 153 797
f 182 953 952
f 153 799 797
f 787 809 788
f 1521 795 798
f 767 1083 1077
f 790 789 798
f 1076 244 602
f 782 791 776
f 790 791 789
f 775 1760 1766
f 791 792 789
f 1791 1792 1790
f 1364 1361 1367
f 802 794 957
f 1428 793 1441
f 789 792 1520
f 1425 802 801
f 800 796 803
f 955 797 957
f 802 957 796
f 1523 1522 1520
f 800 798 795
f 803 790 798
f 797 799 796
f 803 796 799
f 1527 795 1521
f 1078 1081 1079
f 796 800 802
f 790 803 799
f 798 800 803
f 800 795 1528
f 802 800 801
f 1085 962 804
f 414 608 804
f 1776 215 1848
f 804 465 463
f 467 805 468
f 954 805 609
f 329 607 807
f 805 806 609
f 808 807 183
f 609 806 807
f 783 808 183
f 809 779 786
f 809 787 953
f 807 810 609
f 808 809 810
f 954 809 953
f 811 610 331
f 812 811 256
f 473 812 189
f 610 473 474
f 610 812 473
f 815 818 819
f 473 189 815
f 818 815 189
f 963 818 965
f 821 822 826
f 965 813 471
f 818 816 819
f 822 819 816
f 819 822 821
f 820 822 823
f 495 1850 1588
f 814 819 821
f 823 822 816
f 822 820 826
f 816 818 964
f 825 817 814
f 817 473 815
f 1209 1167 257
f 815 814 817
f 1087 614 817
f 1588 823 495
f 157 821 826
f 1530 828 1531
f 825 814 1531
f 1017 1580 878
f 1324 1351 1444
f 157 1547 1531
f 830 477 970
f 332 614 257
f 257 969 829
f 831 830 615
f 30 830 29
f 831 29 830
f 615 973 833
f 478 27 974
f 970 973 615
f 615 833 831
f 971 974 832
f 835 399 23
f 1455 834 616
f 835 24 975
f 834 835 616
f 975 837 836
f 976 836 479
f 1094 617 333
f 837 26 478
f 837 617 479
f 337 336 484
f 627 838 262
f 489 838 339
f 490 839 489
f 640 839 340
f 647 283 651
f 843 283 388
f 977 284 1096
f 1127 284 905
f 842 845 208
f 283 843 840
f 845 842 1197
f 388 551 1098
f 842 843 1097
f 841 1097 1096
f 978 1101 1099
f 1197 842 841
f 845 844 1100
f 1673 652 1106
f 848 847 846
f 639 654 847
f 846 847 654
f 635 632 193
f 653 846 654
f 1673 1655 652
f 193 850 979
f 1511 1654 846
f 1346 1217 1218
f 1654 1656 846
f 979 850 849
f 648 851 665
f 651 851 647
f 664 208 674
f 851 852 666
f 854 680 682
f 1650 1639 1641
f 852 664 666
f 673 664 674
f 1430 159 1665
f 1106 1105 853
f 354 509 856
f 857 855 683
f 683 855 856
f 861 857 684
f 863 866 494
f 863 683 866
f 507 502 859
f 865 862 859
f 1850 860 863
f 857 864 684
f 861 684 1086
f 855 861 358
f 869 868 862
f 858 859 862
f 864 863 860
f 863 494 1850
f 856 858 683
f 683 858 866
f 495 864 860
f 967 864 495
f 502 506 865
f 879 865 506
f 143 869 862
f 869 143 871
f 869 873 867
f 873 876 867
f 862 868 858
f 878 877 867
f 870 871 872
f 867 868 869
f 698 694 982
f 900 888 896
f 872 871 143
f 871 870 873
f 879 872 143
f 690 880 691
f 1019 984 900
f 694 697 1007
f 1561 1552 1562
f 1549 1564 1529
f 984 1019 901
f 494 866 881
f 985 982 983
f 1016 1018 875
f 876 875 878
f 1017 875 1018
f 867 877 868
f 865 879 143
f 879 506 1109
f 982 880 698
f 870 872 880
f 881 866 868
f 881 877 1578
f 687 517 688
f 1010 1113 515
f 702 989 701
f 511 688 883
f 688 986 512
f 520 884 267
f 515 689 884
f 902 542 692
f 535 886 533
f 1110 533 531
f 887 886 536
f 536 546 887
f 886 885 533
f 1000 544 547
f 707 885 887
f 534 892 894
f 984 888 900
f 690 691 988
f 696 889 162
f 702 889 699
f 987 1011 1112
f 884 1010 515
f 1178 1120 1125
f 704 1114 897
f 532 893 895
f 895 892 704
f 1552 874 1560
f 894 896 534
f 896 894 893
f 895 704 897
f 893 894 895
f 899 896 893
f 534 896 888
f 1111 892 705
f 899 893 898
f 1015 900 898
f 899 898 900
f 893 532 1555
f 898 1560 1015
f 875 876 901
f 876 873 901
f 985 873 870
f 1111 692 1110
f 703 902 705
f 105 574 903
f 554 903 574
f 576 904 709
f 904 710 905
f 977 905 284
f 20 714 19
f 714 398 288
f 1028 1022 716
f 906 1150 1034
f 394 17 556
f 1156 211 1466
f 288 907 1038
f 908 575 949
f 214 1205 908
f 1081 1082 1166
f 1162 909 1205
f 1128 1191 1134
f 710 1127 905
f 579 148 732
f 1048 1044 1046
f 925 1045 733
f 912 579 732
f 915 913 914
f 913 915 920
f 1517 1515 1518
f 915 912 734
f 916 914 913
f 734 918 915
f 1513 1514 1515
f 1514 916 913
f 916 737 917
f 217 917 737
f 427 917 580
f 918 734 1050
f 921 920 915
f 918 730 921
f 1201 1204 1249
f 921 915 918
f 1849 1516 919
f 1203 1250 1248
f 919 920 921
f 174 738 739
f 422 174 739
f 924 922 733
f 559 563 212
f 586 738 438
f 148 924 733
f 924 148 926
f 923 1043 925
f 1043 1045 925
f 429 926 148
f 430 739 926
f 930 929 443
f 741 443 927
f 588 927 443
f 587 927 312
f 443 929 593
f 1053 931 743
f 930 443 741
f 741 1073 1052
f 1052 930 741
f 746 928 931
f 928 929 932
f 934 932 929
f 743 931 932
f 1052 934 929
f 1226 151 1260
f 1052 929 930
f 1226 1228 933
f 593 929 152
f 1005 936 939
f 935 936 937
f 306 936 308
f 939 936 935
f 319 940 306
f 744 938 236
f 746 938 744
f 938 937 940
f 1232 939 935
f 939 178 1002
f 940 319 236
f 937 306 940
f 191 598 749
f 753 759 1055
f 758 942 191
f 1062 943 941
f 449 942 448
f 943 942 758
f 758 941 943
f 182 944 324
f 1076 763 945
f 763 952 955
f 959 956 960
f 951 766 767
f 947 946 948
f 408 947 410
f 946 1165 948
f 948 214 908
f 293 947 948
f 949 575 578
f 293 948 949
f 959 945 956
f 961 244 959
f 765 1166 1208
f 946 766 951
f 953 182 469
f 805 954 469
f 787 952 953
f 810 954 609
f 469 954 953
f 788 952 787
f 952 797 955
f 796 957 797
f 763 955 945
f 956 794 960
f 945 955 956
f 794 956 957
f 957 956 955
f 1426 1424 1425
f 767 1077 765
f 961 959 958
f 1076 959 244
f 1424 1422 958
f 959 960 958
f 961 958 1080
f 961 950 1084
f 1085 804 463
f 962 328 129
f 353 966 968
f 823 964 495
f 818 963 964
f 964 823 816
f 964 963 966
f 818 189 965
f 812 965 189
f 963 965 968
f 1086 353 195
f 495 964 967
f 966 967 964
f 968 965 471
f 963 968 966
f 1531 814 821
f 825 828 824
f 1167 969 257
f 477 1170 973
f 615 830 970
f 611 830 30
f 974 971 478
f 1090 971 832
f 833 973 832
f 970 477 973
f 973 972 1090
f 28 974 27
f 832 974 833
f 837 975 25
f 835 975 836
f 1095 617 1094
f 976 479 1458
f 616 836 976
f 977 1097 1098
f 841 1096 1131
f 1101 978 1195
f 1214 1171 1213
f 633 635 193
f 1103 669 668
f 1105 1106 980
f 981 1104 1636
f 981 1635 1639
f 983 982 694
f 880 982 870
f 983 694 1007
f 985 983 901
f 901 983 984
f 888 984 983
f 873 985 901
f 982 985 870
f 688 196 986
f 882 986 196
f 1011 1010 890
f 691 1109 988
f 988 1109 990
f 989 987 1112
f 702 690 989
f 505 991 990
f 882 991 161
f 161 986 882
f 987 990 992
f 882 990 991
f 882 992 990
f 512 883 688
f 1004 1002 178
f 993 707 994
f 933 1160 1226
f 1227 997 994
f 996 993 997
f 891 1125 1120
f 997 993 994
f 1126 998 999
f 1053 1232 935
f 996 997 1233
f 1117 1115 998
f 1110 692 533
f 1126 999 995
f 999 998 1110
f 1001 547 307
f 707 887 1000
f 307 1003 1001
f 1005 1002 1003
f 1261 1004 178
f 1002 1001 1003
f 309 1003 307
f 1003 230 1005
f 994 707 1004
f 707 1000 1006
f 936 1005 230
f 939 1002 1005
f 1002 1006 1001
f 707 1006 1004
f 534 1007 695
f 983 1007 888
f 1009 1008 525
f 197 1008 890
f 889 1009 525
f 1112 1009 701
f 197 890 1010
f 1112 890 1009
f 516 515 1012
f 882 196 1012
f 987 992 1011
f 882 1012 992
f 514 1012 196
f 1013 1117 1119
f 1116 1122 1190
f 1188 1187 760
f 874 1016 1015
f 1019 875 901
f 1016 874 1018
f 1019 1016 875
f 1551 1553 1582
f 878 1580 1578
f 1552 1551 874
f 875 1017 878
f 900 1015 1019
f 1019 1015 1016
f 1135 1132 1020
f 1096 284 1130
f 1021 977 391
f 904 1021 553
f 977 1021 905
f 288 1038 713
f 287 1147 716
f 716 210 1028
f 209 1029 1033
f 1022 1028 906
f 209 1026 1024
f 397 1025 557
f 1026 1025 1024
f 1024 1022 906
f 1024 1025 1022
f 1026 209 1027
f 557 1026 286
f 906 1028 1023
f 209 1024 1029
f 1034 1029 906
f 1033 1034 1153
f 209 1033 1035
f 1155 1030 1035
f 719 1031 395
f 906 1029 1024
f 1149 1150 1151
f 1035 1027 209
f 1153 1154 1033
f 1033 1243 1035
f 1150 906 1023
f 1034 1152 1153
f 1034 1033 1029
f 724 725 1155
f 398 1036 288
f 717 907 1036
f 210 716 1147
f 907 1039 1038
f 1156 907 211
f 1148 1147 1039
f 910 729 728
f 1077 1079 765
f 1041 1163 1164
f 1601 1596 1599
f 1192 1194 1193
f 575 1042 577
f 1138 1042 910
f 738 925 922
f 923 925 738
f 1043 923 1337
f 1046 1045 1043
f 1046 1783 1048
f 1050 730 918
f 1046 1043 911
f 1305 1047 1307
f 1044 1045 1046
f 1302 1305 1308
f 1247 723 1244
f 1349 1348 1335
f 1158 1159 1250
f 1783 1046 911
f 1045 1044 731
f 1049 1048 1051
f 1051 1249 1049
f 1044 1050 731
f 1048 1201 1051
f 1248 919 921
f 733 1045 731
f 1073 741 1069
f 934 1052 933
f 1232 1053 743
f 937 1053 935
f 1065 315 447
f 1056 759 762
f 1055 1054 1057
f 761 1219 762
f 1176 1175 1182
f 1060 1061 1059
f 1057 1061 1060
f 1057 941 758
f 1055 1057 753
f 1182 1175 1183
f 1069 741 179
f 1071 1068 1067
f 1060 1062 941
f 1061 1057 1054
f 1060 1059 1062
f 1236 1184 760
f 1062 1059 1066
f 1066 1064 1062
f 1066 1059 1067
f 1063 1068 1072
f 1072 1074 1063
f 446 1064 1065
f 1075 1063 1074
f 1059 1058 1067
f 1064 1066 1063
f 1067 1058 1071
f 1066 1067 1068
f 1180 1259 1229
f 1229 1222 1071
f 1052 1070 933
f 1222 1069 1068
f 1160 1070 1230
f 1071 1058 1229
f 1068 1063 1066
f 179 441 1072
f 1074 441 232
f 1069 179 1072
f 1222 1073 1069
f 1052 1073 1070
f 1161 232 315
f 1064 1075 1065
f 1063 1075 1064
f 1161 1075 1074
f 944 1076 600
f 959 1076 945
f 1080 950 961
f 1078 1079 1080
f 960 794 1424
f 1415 1418 1387
f 1080 1079 1077
f 1078 1419 1081
f 1080 1077 950
f 1080 958 1422
f 1082 1081 1040
f 765 1079 1081
f 1082 1040 1162
f 1082 214 1165
f 764 1083 767
f 1084 1083 603
f 602 1084 603
f 961 1084 244
f 1085 463 464
f 962 1085 328
f 684 966 1086
f 353 1086 966
f 1168 1087 825
f 828 1533 824
f 969 1167 1211
f 1170 477 1169
f 1090 832 973
f 1254 1257 972
f 1091 258 1093
f 333 1090 1091
f 1476 1780 1256
f 1457 717 1461
f 1093 1092 1094
f 1095 1094 1092
f 1095 1092 1456
f 1132 1127 1020
f 1130 1131 1096
f 842 1097 841
f 1098 1097 843
f 388 1098 843
f 391 1098 551
f 391 977 1098
f 673 1099 672
f 1100 1099 674
f 845 1100 674
f 676 1101 167
f 1099 1101 672
f 1278 1277 1445
f 1804 1832 1805
f 633 193 979
f 668 1104 1103
f 853 1651 1650
f 1636 668 680
f 981 1650 1651
f 980 1103 1105
f 1103 1104 1651
f 1641 1652 853
f 1107 652 658
f 658 656 1108
f 662 980 1107
f 662 1108 663
f 658 1108 1107
f 652 1107 1106
f 691 879 1109
f 990 1109 505
f 1110 531 996
f 1110 998 1111
f 1115 1114 704
f 1112 701 989
f 1011 890 1112
f 1011 1012 1113
f 515 1113 1012
f 892 1111 704
f 998 1115 1111
f 1013 1114 1115
f 1236 1190 1121
f 1111 1115 704
f 1117 998 891
f 1122 1013 1119
f 1013 1116 1114
f 1119 1117 1120
f 1115 1117 1013
f 1118 1119 1120
f 1182 1183 1181
f 1120 1117 891
f 1121 1124 1184
f 1126 1123 1125
f 1185 1179 1175
f 1190 1236 1189
f 1122 1116 1013
f 1124 1122 1119
f 1223 1123 1224
f 1180 1177 1259
f 1184 1124 1118
f 1122 1124 1121
f 1126 1125 891
f 1259 1221 1220
f 998 1126 891
f 1126 995 1224
f 1127 1129 1130
f 1020 1127 710
f 1042 1138 392
f 1135 1139 1133
f 1134 1136 1128
f 284 1127 1130
f 1191 1131 1129
f 1130 1129 1131
f 1129 1134 1191
f 1197 1131 844
f 1139 1135 1020
f 1129 1132 1134
f 1129 1127 1132
f 1141 1139 1142
f 1198 1141 1143
f 1135 1134 1132
f 1135 1137 1134
f 1135 1133 1137
f 1133 1139 1141
f 1136 1137 1198
f 1138 1020 710
f 1020 910 1139
f 1198 1137 1133
f 1134 1137 1136
f 910 1020 1138
f 910 728 1139
f 1141 1142 1140
f 1145 1140 1142
f 1406 1146 1282
f 1142 1139 728
f 1140 1412 1141
f 1144 1142 728
f 1142 1144 1145
f 1146 1413 1140
f 1595 677 1593
f 729 1144 728
f 1163 909 1162
f 1041 1164 1206
f 1364 147 1363
f 1406 1282 1266
f 1147 287 712
f 712 1039 1147
f 712 713 1038
f 1148 1037 1689
f 1150 1152 1034
f 712 1038 1039
f 1680 1147 1148
f 1028 210 1023
f 1030 725 1512
f 1030 1031 1027
f 1151 1150 1023
f 1152 1032 1153
f 210 1151 1023
f 1680 1151 210
f 1149 1152 1150
f 1032 1152 1687
f 1154 1153 1032
f 1693 1694 1687
f 1468 1465 1475
f 1039 1156 1480
f 1048 1049 1044
f 1201 1202 1157
f 172 1849 1759
f 1204 1201 1157
f 1248 921 730
f 1768 1159 1158
f 1059 1061 1058
f 1181 1058 1061
f 448 446 447
f 151 1223 1260
f 933 1070 1160
f 1075 1161 1065
f 232 1161 1074
f 171 1206 1164
f 1144 1163 1041
f 909 1163 1144
f 1162 1040 1207
f 1207 1163 1162
f 1207 1389 1164
f 948 1165 214
f 946 951 1208
f 1081 1166 765
f 1082 1165 1166
f 1168 1209 1087
f 1211 1167 1209
f 614 1087 257
f 1168 825 824
f 1211 1209 1212
f 1089 1169 477
f 1254 1170 1169
f 972 973 1170
f 611 1089 477
f 969 1089 829
f 1331 1102 1326
f 635 1172 628
f 1172 1215 1332
f 192 1333 1330
f 1172 635 633
f 1172 1332 1330
f 631 1173 261
f 1172 1330 1333
f 1333 624 1174
f 1116 897 1114
f 1589 1583 532
f 1589 1116 1014
f 1056 1176 1054
f 1179 1120 1178
f 1056 1219 1176
f 1176 1186 1185
f 1223 1220 1221
f 1180 1183 1175
f 1123 1178 1125
f 1179 1178 1177
f 1175 1179 1177
f 1120 1179 1118
f 1180 1175 1177
f 1177 1178 1221
f 1181 1061 1182
f 1058 1181 1180
f 1061 1054 1182
f 1176 1182 1054
f 1180 1181 1183
f 1118 1179 1185
f 1185 1175 1176
f 1118 1185 1184
f 1176 1219 1186
f 1184 1185 1188
f 1186 761 1271
f 1184 1188 760
f 1271 1272 1262
f 1187 1265 1264
f 1185 1186 1188
f 1187 1188 1186
f 1265 1187 1271
f 1014 1116 1190
f 1121 1190 1122
f 1190 1189 1014
f 1191 1128 1193
f 1194 1196 1193
f 1240 1239 1128
f 1604 1595 1600
f 1240 1128 1136
f 1192 1195 1194
f 978 844 1194
f 1603 1195 1192
f 1195 167 1101
f 1100 844 978
f 1196 844 1131
f 1193 1196 1191
f 844 1196 1194
f 845 1197 844
f 841 1131 1197
f 1141 1198 1133
f 1241 1198 1143
f 1148 1039 1037
f 1155 1244 723
f 1202 1201 1048
f 1307 1202 1048
f 1202 1047 1349
f 1249 1203 730
f 1349 147 1157
f 1250 1204 1158
f 1249 1204 1203
f 908 1205 909
f 1082 1205 214
f 1282 1206 171
f 1041 1206 1146
f 1440 1392 171
f 1163 1207 1164
f 765 1208 951
f 1165 1208 1166
f 1209 257 1087
f 824 1535 1088
f 1212 1255 1211
f 1253 1169 1210
f 1209 1088 1212
f 1781 1255 1212
f 1210 1169 1089
f 1088 1209 1168
f 1211 1210 969
f 969 1210 1089
f 1214 979 849
f 1215 1213 1171
f 1331 1217 1102
f 849 850 1674
f 1171 1214 1217
f 1218 1217 1214
f 1218 1214 849
f 849 1674 1658
f 633 1215 1172
f 762 1219 1056
f 1186 1219 761
f 1070 1222 1230
f 1222 1070 1073
f 1178 1123 1221
f 1223 1221 1123
f 1222 1068 1071
f 1222 1220 1230
f 1123 1126 1224
f 1220 1223 151
f 1227 1231 1233
f 1223 1224 1260
f 1224 995 1231
f 1261 1232 1234
f 151 1226 1160
f 1226 1225 1228
f 1261 1227 994
f 1260 1231 1225
f 1227 1261 1234
f 1228 743 932
f 1180 1229 1058
f 1220 1222 1229
f 1220 151 1230
f 1160 1230 151
f 1233 1231 995
f 1225 1231 1227
f 1234 1228 1225
f 939 1232 178
f 996 1233 995
f 1227 1233 997
f 1227 1234 1225
f 1232 1228 1234
f 1294 1235 1292
f 1263 1014 1189
f 1184 1236 1121
f 1264 1236 760
f 1276 1273 1235
f 1558 1237 1287
f 1409 1410 1413
f 1608 1609 1602
f 1136 1198 1241
f 1238 1239 1240
f 1193 1128 1239
f 1410 1409 1411
f 1240 1241 1408
f 1414 1415 1440
f 1241 1143 1407
f 1200 1267 1268
f 1243 1200 1035
f 1244 1035 1200
f 1243 1033 1154
f 1155 1035 1244
f 1247 1283 1246
f 1341 1302 1304
f 1247 1246 1284
f 1248 1159 919
f 1249 730 1049
f 1201 1249 1051
f 1248 1250 1159
f 1204 1250 1203
f 1258 1253 1255
f 1479 1484 1457
f 1476 1477 1460
f 1252 1169 1253
f 1252 1256 1780
f 1255 1253 1210
f 1252 1253 1251
f 1254 1169 1252
f 1252 1780 1257
f 1254 972 1170
f 1253 1258 1251
f 1251 1256 1252
f 1471 1485 1464
f 1484 1468 1475
f 972 1257 1091
f 1252 1257 1254
f 1255 190 1258
f 1494 1487 1498
f 1221 1259 1177
f 1229 1259 1220
f 1231 1260 1224
f 1226 1260 1225
f 1004 1261 994
f 1232 1261 178
f 1272 761 762
f 1264 1265 1237
f 1189 1236 1264
f 1558 1559 1237
f 1237 1263 1264
f 1263 1189 1264
f 1262 1273 1265
f 1273 1275 1287
f 1380 1365 1373
f 1384 1404 1266
f 1400 1355 1435
f 1347 1352 1245
f 1283 1268 1267
f 1247 1244 1268
f 168 1731 1243
f 1302 170 1301
f 1255 1210 1211
f 1212 1088 1781
f 1821 1825 1801
f 1186 1271 1187
f 1272 1271 761
f 158 1782 762
f 1292 1782 1291
f 1295 1273 1262
f 1276 1275 1273
f 1279 1281 1278
f 1395 1340 1344
f 1556 1590 1808
f 1237 1265 1287
f 1833 1275 1274
f 1281 1275 1280
f 1290 158 757
f 1274 1275 1279
f 1235 1280 1276
f 1445 1444 1434
f 1280 1275 1276
f 1291 1288 1292
f 1275 1281 1279
f 1294 1315 1280
f 1392 1282 171
f 1406 1266 1404
f 1268 1283 1247
f 1269 1246 1304
f 1246 1269 1284
f 1285 726 724
f 1286 1284 1269
f 1285 724 723
f 724 1155 723
f 1286 726 1285
f 1286 1285 1284
f 726 1286 1334
f 1301 1286 1269
f 1273 1287 1265
f 1291 1290 1289
f 1294 1288 1315
f 1296 750 752
f 1297 750 1296
f 1297 757 750
f 1289 1313 1291
f 1294 1292 1288
f 158 1290 1291
f 1295 1292 1235
f 1292 1295 1782
f 756 1299 754
f 1313 1316 1315
f 1235 1294 1280
f 1273 1295 1235
f 1272 1295 1262
f 752 754 1296
f 1297 1296 1293
f 1293 1296 1299
f 1297 1289 1290
f 1289 1311 1313
f 1299 1296 754
f 1312 1293 1298
f 1298 1293 1299
f 1299 756 622
f 192 1327 624
f 1309 170 1306
f 563 213 1334
f 1301 1269 1303
f 1300 1301 170
f 1303 1304 1302
f 1305 1302 1348
f 1304 1352 1347
f 1335 1341 1347
f 1307 1047 1202
f 1307 1308 1305
f 923 738 1338
f 1308 1306 1302
f 1303 1269 1304
f 1302 1306 170
f 1043 1339 911
f 1300 1336 563
f 1278 1281 1280
f 1293 1311 1297
f 1313 1311 1310
f 1322 1321 1310
f 1311 1312 1310
f 1313 1310 1316
f 1313 1288 1291
f 1314 1316 1318
f 1280 1277 1278
f 1277 1280 1314
f 1313 1315 1288
f 1280 1315 1314
f 1315 1316 1314
f 1314 1318 1319
f 1444 1445 1277
f 1318 1310 1317
f 1317 1310 1321
f 1310 1318 1316
f 1318 1317 1319
f 1319 1277 1314
f 1321 1325 1317
f 1298 1322 1312
f 1328 1322 1298
f 1328 1331 1320
f 1277 1319 1324
f 1310 1312 1322
f 1321 1320 1325
f 1320 1321 1322
f 1326 1325 1320
f 1102 1346 1345
f 1317 1324 1319
f 1324 1323 1357
f 1324 1325 1323
f 1346 1102 1217
f 1325 1326 1323
f 1328 1298 192
f 1299 1327 1298
f 624 1327 1299
f 1322 1328 1320
f 1328 1330 1329
f 1217 1331 1171
f 1328 192 1330
f 1328 1329 1331
f 1333 192 624
f 1173 1333 1174
f 1320 1331 1326
f 1171 1332 1215
f 1330 1332 1329
f 1172 1333 1173
f 1329 1332 1171
f 1329 1171 1331
f 1301 1300 1286
f 727 1334 213
f 1353 1335 1347
f 1349 1157 1202
f 1336 170 1309
f 212 1336 1309
f 212 1309 1337
f 1336 212 563
f 1339 1309 1306
f 1337 1338 212
f 1338 1337 923
f 586 1338 738
f 1339 1337 1309
f 1339 1043 1337
f 1339 1306 1783
f 1343 1344 1340
f 1343 1345 1216
f 1174 624 625
f 621 1174 625
f 1347 1341 1304
f 1348 1341 1335
f 1358 1351 1448
f 1661 1343 1216
f 1343 159 1344
f 1279 1446 1433
f 1398 1345 1340
f 1342 1323 1326
f 1102 1345 1326
f 1342 1326 1345
f 1218 1216 1346
f 1345 1346 1216
f 1347 1245 1353
f 1047 1305 1348
f 1355 1354 1362
f 1335 1363 1349
f 1348 1349 1047
f 1341 1348 1302
f 1363 1335 1362
f 1357 1323 1342
f 1430 1397 1344
f 1342 1345 1398
f 1358 1434 1351
f 1345 1343 1340
f 1352 1304 1246
f 1283 1360 1352
f 1246 1283 1352
f 1353 1362 1335
f 1373 1365 1372
f 1354 1361 1362
f 1355 1353 1245
f 1362 1353 1355
f 1397 1356 1395
f 1834 1356 1397
f 1342 1398 1448
f 1324 1357 1351
f 1358 1398 1395
f 1356 1399 1358
f 1360 1435 1352
f 1267 1731 1730
f 168 1730 1731
f 1730 1283 1267
f 1368 1354 1370
f 1363 147 1349
f 1363 1362 1361
f 1400 1354 1355
f 1363 1361 1364
f 1372 1366 1370
f 1378 1367 1917
f 1381 1380 1373
f 1372 1375 1917
f 1367 1361 1368
f 1372 1365 1375
f 1361 1354 1368
f 1366 1917 1367
f 1369 1370 1371
f 1367 1368 1366
f 1380 1381 1402
f 1370 1369 1372
f 1354 1400 1436
f 1438 1436 1401
f 1373 1372 1369
f 1354 1371 1370
f 1370 1366 1368
f 1379 1373 1369
f 1416 1402 1384
f 1526 795 1527
f 1380 1385 1365
f 1364 1367 1788
f 1784 1376 1379
f 1857 1784 1785
f 1386 1377 1388
f 1365 1385 1390
f 1391 1786 1375
f 1792 1791 1763
f 1784 1379 1369
f 1381 1379 1376
f 1373 1379 1381
f 1386 1385 1380
f 1376 1383 1381
f 1384 1402 1383
f 1388 1394 1386
f 1856 1383 1376
f 1383 1242 1384
f 1266 1282 1392
f 1386 1380 1377
f 1390 1385 1382
f 1388 1392 1440
f 1382 1385 1386
f 171 1164 1414
f 1382 1386 1394
f 1377 1416 1388
f 1388 1387 1393
f 1040 1420 1207
f 1081 1419 1420
f 1390 1382 1391
f 1365 1390 1375
f 1429 1382 1393
f 1528 795 1526
f 1402 1416 1377
f 1392 1416 1266
f 1387 1418 1442
f 1393 1441 1429
f 1388 1393 1394
f 1382 1394 1393
f 159 1430 1344
f 1358 1395 1356
f 1673 1106 853
f 1744 1750 1472
f 1344 1397 1395
f 1799 1821 1800
f 1395 1398 1340
f 1358 1399 1434
f 1359 1401 1436
f 1451 1401 1359
f 1380 1402 1377
f 1383 1402 1381
f 1625 1627 1856
f 1450 1403 1404
f 1450 1384 1242
f 1406 1404 1409
f 1604 1606 1594
f 1407 1408 1241
f 1404 1403 1409
f 1406 1409 1413
f 1407 1143 1410
f 1408 1407 1405
f 1611 1602 1408
f 1408 1238 1240
f 1403 1411 1409
f 1407 1410 1405
f 1143 1412 1410
f 1413 1146 1406
f 1411 1403 1619
f 1410 1411 1405
f 1141 1412 1143
f 1413 1412 1140
f 1412 1413 1410
f 1146 1140 1145
f 1041 1146 1145
f 1164 1389 1414
f 1415 1414 1389
f 1418 1415 1389
f 1387 1388 1440
f 1266 1416 1384
f 1388 1416 1392
f 1417 1418 1419
f 1419 1423 1417
f 1419 1418 1389
f 1418 1417 1442
f 1420 1419 1389
f 1419 1078 1423
f 1207 1420 1389
f 1081 1420 1040
f 1078 1080 1422
f 1426 1421 1424
f 1424 958 960
f 1422 1421 1423
f 1422 1423 1078
f 1423 1421 1428
f 1425 1424 794
f 1421 1422 1424
f 802 1425 794
f 1426 1425 801
f 1427 1426 801
f 1423 1428 1417
f 1427 801 800
f 793 1426 1427
f 1421 1426 1428
f 793 1428 1426
f 1391 1525 1524
f 1382 1429 1391
f 159 1661 1659
f 1396 1397 1430
f 1399 1356 1350
f 1798 1797 1796
f 1274 1279 1433
f 1803 1807 1432
f 1446 1279 1278
f 1433 1432 1807
f 1446 1431 1447
f 1448 1351 1357
f 1245 1435 1355
f 1435 1245 1352
f 1360 1729 1435
f 1400 1435 1359
f 1436 1371 1354
f 1359 1436 1400
f 1718 1722 1724
f 1614 1613 1615
f 1436 1438 1371
f 1401 1199 1438
f 1594 1605 1610
f 1414 1440 171
f 1387 1440 1415
f 1442 1393 1387
f 1428 1441 1417
f 1417 1441 1442
f 1393 1442 1441
f 1443 1431 1446
f 1324 1444 1277
f 1434 1444 1351
f 1443 1434 1399
f 1446 1445 1434
f 1443 1446 1434
f 1431 1803 1447
f 1446 1432 1433
f 1445 1446 1278
f 1446 1447 1432
f 1342 1448 1357
f 1358 1448 1398
f 1720 1710 1712
f 1618 1450 1439
f 1384 1450 1404
f 1450 1242 1856
f 1350 1443 1399
f 1632 1631 1452
f 1629 1626 1628
f 1199 1401 1452
f 1513 1517 1848
f 1760 1765 1761
f 968 471 353
f 217 737 1454
f 1513 1454 737
f 1458 1095 1456
f 1458 1456 1455
f 1093 1460 1092
f 1459 1092 1460
f 1462 1479 1456
f 1479 1457 1461
f 1458 1455 616
f 1095 1458 479
f 1469 1478 1486
f 1462 1463 1468
f 1093 258 1460
f 1476 1460 258
f 1461 717 289
f 834 1461 289
f 1479 1461 1455
f 1092 1459 1456
f 1469 1463 1459
f 1469 1470 1468
f 1462 1456 1463
f 1459 1463 1456
f 1486 1485 1467
f 1497 1495 1496
f 1473 1474 1471
f 1037 1480 1481
f 1474 1482 1465
f 1039 1480 1037
f 1459 1460 1477
f 1467 1471 1470
f 1468 1463 1469
f 1466 1475 1465
f 1478 1459 1477
f 1469 1467 1470
f 1467 1485 1471
f 1465 1468 1470
f 1473 1471 1464
f 1470 1471 1474
f 1748 1496 1495
f 1483 1482 1474
f 1473 1464 1747
f 1474 1473 1472
f 1474 1465 1470
f 1466 211 1475
f 211 1457 1484
f 1780 1476 258
f 1476 1256 1477
f 1478 1469 1459
f 1477 1256 1490
f 1493 1258 1488
f 1456 1479 1455
f 1484 1479 1462
f 1156 1466 1480
f 1481 1480 1466
f 1466 1465 1482
f 169 1481 1483
f 1483 1474 1472
f 1466 1482 1481
f 1472 1750 169
f 1481 1482 1483
f 1468 1484 1462
f 1484 1475 211
f 1492 1477 1489
f 1492 1485 1486
f 1469 1486 1467
f 1492 1486 1478
f 1505 1499 1500
f 1705 1692 1704
f 190 1508 1258
f 1506 1502 1488
f 1498 1500 1504
f 1256 1493 1490
f 1502 1500 1487
f 1668 1670 1396
f 1492 1478 1477
f 1497 1492 1489
f 1477 1490 1489
f 1493 1256 1251
f 1258 1493 1251
f 1489 1490 1494
f 1493 1494 1490
f 1508 1506 1488
f 1487 1494 1493
f 1485 1497 1496
f 1755 1757 1741
f 1485 1492 1497
f 1748 1495 1746
f 1498 1489 1494
f 1497 1489 1498
f 1500 1498 1487
f 1504 1497 1498
f 1846 1576 1825
f 1826 1505 1827
f 1487 1493 1502
f 1503 1500 1499
f 1509 1506 190
f 1781 1535 1270
f 1488 1502 1493
f 1502 1501 1505
f 1499 1881 1886
f 1507 1504 1503
f 1507 1503 1491
f 1495 1497 1504
f 1502 1505 1500
f 1826 1827 1824
f 1509 190 1270
f 1501 1502 1506
f 1915 1746 1491
f 1495 1504 1507
f 1258 1508 1488
f 190 1506 1508
f 1509 1828 1841
f 1506 1509 1841
f 630 1510 632
f 640 1510 636
f 653 658 1511
f 1663 1653 1666
f 653 1511 846
f 1030 1512 395
f 737 916 1514
f 1517 1776 1848
f 913 920 1516
f 913 1516 1514
f 1518 1515 1849
f 919 1516 920
f 1514 1516 1515
f 1453 1774 1776
f 1513 1515 1517
f 1761 172 1758
f 1517 1518 1453
f 1374 1391 1524
f 775 1520 792
f 1523 1521 1522
f 1522 798 789
f 1519 1794 1527
f 1520 1522 789
f 1521 798 1522
f 1773 1523 1520
f 1527 1523 1519
f 1794 1790 1374
f 1429 1525 1391
f 1429 793 1525
f 1528 793 1427
f 1524 1525 1526
f 1528 1526 1525
f 1527 1521 1523
f 1524 1526 1527
f 793 1528 1525
f 1528 1427 800
f 1578 877 878
f 1563 1570 827
f 1530 1531 1547
f 1547 157 1532
f 827 828 1530
f 825 1531 828
f 157 1531 821
f 157 1529 1532
f 1547 1563 1530
f 827 1541 828
f 1828 1839 1824
f 824 1088 1168
f 1544 1535 1534
f 1534 1535 824
f 1539 1544 1534
f 1536 1544 1845
f 1535 1536 1829
f 1534 824 1533
f 1534 1541 1539
f 1838 1834 1836
f 1539 1543 1538
f 1803 1432 1447
f 1535 1544 1536
f 1541 1534 1533
f 1539 1538 1542
f 1530 1563 827
f 1546 1538 1545
f 1541 1540 1543
f 1541 1543 1539
f 1538 1543 1587
f 828 1541 1533
f 1570 1586 827
f 1542 1544 1539
f 1544 1542 1845
f 1542 1538 1576
f 1587 1543 1540
f 1545 1843 1546
f 1563 1547 1532
f 1529 157 826
f 1553 1548 1579
f 1017 1018 1551
f 1565 1571 1573
f 1577 1549 1529
f 1550 1551 1552
f 1819 1568 1569
f 874 1551 1018
f 1553 1551 1550
f 1817 1811 1816
f 1574 1550 1569
f 1577 1579 1549
f 1555 898 893
f 1014 1583 1589
f 897 1589 532
f 898 1555 1554
f 1584 1591 1562
f 1014 1237 1559
f 1558 1275 1833
f 1833 1274 1831
f 1275 1558 1287
f 1558 1557 1559
f 1583 1584 532
f 1560 874 1015
f 1562 1560 1554
f 898 1554 1560
f 1556 1808 1813
f 1237 1014 1263
f 1583 1014 1559
f 1552 1560 1562
f 1815 1561 1814
f 1555 1585 1554
f 1584 1585 532
f 1564 1532 1529
f 1563 1532 1564
f 1548 1566 1549
f 1541 1586 1540
f 1549 1566 1564
f 1571 1564 1568
f 1568 1566 1548
f 1564 1565 1570
f 1574 1568 1548
f 1540 1573 1575
f 1564 1566 1568
f 1548 1553 1574
f 1568 1567 1571
f 1591 1556 1561
f 1564 1570 1563
f 1570 1565 1586
f 1565 1564 1571
f 1809 1810 1804
f 1575 1573 1572
f 1586 1573 1540
f 1550 1574 1553
f 1568 1574 1569
f 1819 1814 1818
f 1572 1573 1571
f 1844 1575 1572
f 1545 1538 1587
f 1838 1836 1350
f 1801 1825 1546
f 1802 1821 1537
f 1538 1546 1576
f 1581 1578 1577
f 1017 1551 1582
f 1549 1579 1548
f 1577 1580 1582
f 1580 1017 1582
f 1577 1578 1580
f 1581 1529 1592
f 881 1581 1850
f 1553 1579 1582
f 1582 1579 1577
f 1583 1590 1584
f 1590 1583 1559
f 1591 1584 1556
f 1562 1554 1585
f 532 1585 1555
f 1562 1585 1584
f 1586 1541 827
f 1573 1586 1565
f 1540 1575 1587
f 1545 1587 1575
f 1581 1577 1529
f 826 820 1529
f 820 823 1588
f 1850 495 860
f 820 1588 1592
f 1578 1581 881
f 1116 1589 897
f 1590 1559 1557
f 1556 1584 1590
f 1561 1556 1813
f 1562 1591 1561
f 820 1592 1529
f 1850 1592 1588
f 678 679 1598
f 1642 1593 677
f 1408 1602 1238
f 1853 1595 1854
f 1600 1595 1593
f 1616 1852 1615
f 1599 1596 1598
f 1607 1192 1239
f 1411 1608 1405
f 1623 1620 1622
f 1600 1593 678
f 1599 679 167
f 1600 1598 1596
f 1603 167 1195
f 1599 1603 1601
f 1604 1600 1596
f 1607 1239 1851
f 1851 1602 1609
f 1611 1405 1608
f 1605 1609 1610
f 1603 1192 1607
f 167 1603 1599
f 1606 1605 1594
f 1604 1594 1852
f 1606 1604 1596
f 1605 1606 1851
f 1596 1601 1606
f 1851 1606 1601
f 1598 1600 678
f 1851 1239 1238
f 1603 1607 1601
f 1450 1618 1619
f 1609 1608 1597
f 1609 1597 1610
f 1609 1605 1851
f 1617 1610 1597
f 1615 1594 1610
f 1405 1611 1408
f 1611 1608 1602
f 1411 1619 1608
f 1621 1624 1628
f 1634 1612 1630
f 1854 1852 1616
f 1608 1619 1620
f 1623 1612 1614
f 1615 1610 1617
f 1613 1719 1615
f 1717 1714 1711
f 1644 1860 1859
f 1620 1617 1597
f 1615 1617 1614
f 1630 1623 1621
f 1620 1597 1608
f 1450 1619 1403
f 1620 1619 1618
f 1620 1618 1622
f 1617 1620 1614
f 1439 1624 1618
f 1622 1624 1621
f 1624 1622 1618
f 1622 1621 1623
f 1623 1614 1620
f 1627 1624 1439
f 1628 1624 1627
f 1450 1856 1439
f 1629 1199 1452
f 1452 1451 1632
f 1628 1630 1621
f 1856 1627 1439
f 1628 1627 1625
f 1629 1628 1625
f 1629 1625 1785
f 1630 1628 1626
f 1631 1630 1626
f 1630 1612 1623
f 1631 1626 1452
f 1631 1437 1634
f 1629 1452 1626
f 1401 1451 1452
f 1632 1451 1449
f 1712 1632 1449
f 1437 1631 1632
f 1702 1708 1699
f 1633 1709 1711
f 1630 1631 1634
f 1709 1437 1708
f 680 854 1635
f 1640 1638 1639
f 680 1635 1636
f 981 1636 1635
f 1638 1640 1645
f 1635 1640 1639
f 1641 853 1650
f 1640 1635 854
f 1639 1638 1641
f 1642 854 1593
f 1640 854 1642
f 1637 1647 1645
f 1646 1638 1645
f 1717 1716 1715
f 1645 1640 1912
f 1649 1642 677
f 1860 1912 1648
f 1732 1733 1728
f 1908 1907 1893
f 1912 1640 1642
f 1647 1646 1645
f 1218 849 1658
f 1641 1638 1646
f 1637 1676 1675
f 1595 1853 677
f 1861 677 1853
f 1912 1649 1648
f 1651 853 1105
f 1639 1650 981
f 1103 1651 1105
f 981 1651 1104
f 1661 159 1343
f 848 846 1656
f 1660 1667 1647
f 1674 1656 1657
f 652 1654 1511
f 1654 1653 1656
f 1653 1654 1655
f 652 1655 1654
f 1656 1653 1657
f 850 848 1656
f 1667 1646 1647
f 1216 1218 1658
f 1662 1658 1657
f 1216 1658 1661
f 1663 1657 1653
f 1658 1674 1657
f 1663 1662 1657
f 1668 1430 1665
f 1667 1660 1664
f 1662 1661 1658
f 1661 1662 1659
f 1655 1666 1653
f 1662 1664 1659
f 1664 1662 1663
f 1664 1663 1667
f 1665 1659 1660
f 1660 1659 1664
f 1660 1672 1665
f 1655 1652 1666
f 1666 1671 1667
f 1663 1666 1667
f 1666 1652 1671
f 1659 1665 159
f 1678 1672 1677
f 1430 1668 1396
f 1911 1912 1858
f 1876 1878 1877
f 1668 1672 1670
f 1505 1826 1499
f 1820 1872 1871
f 1641 1671 1652
f 1646 1667 1671
f 1672 1660 1675
f 1655 1673 1652
f 1652 1673 853
f 1656 1674 850
f 1665 1672 1668
f 1909 1911 1907
f 1676 1677 1675
f 1637 1660 1647
f 1677 1902 1669
f 1660 1637 1675
f 1678 1677 1669
f 1675 1677 1672
f 1884 1678 1669
f 1672 1678 1670
f 1698 1697 1701
f 1149 1151 1680
f 1148 1681 1680
f 1680 1681 1683
f 1147 1680 210
f 1683 1681 1684
f 1689 1481 169
f 1679 1681 1148
f 1683 1684 1682
f 1243 1154 168
f 1684 1681 1679
f 1683 1682 1149
f 1679 1688 1685
f 1687 1682 1690
f 1149 1687 1152
f 1737 1705 1740
f 1696 1686 1690
f 1680 1683 1149
f 1697 1695 1696
f 1721 1723 1449
f 1148 1689 1679
f 1688 169 1752
f 1688 1679 1689
f 1481 1689 1037
f 1689 169 1688
f 1698 1695 1697
f 1690 1686 1693
f 1032 1694 1154
f 1686 1696 1703
f 1698 1701 1704
f 1732 1708 1702
f 1686 1691 1693
f 1693 1691 1694
f 1682 1687 1149
f 1693 1687 1690
f 168 1154 1691
f 1694 1032 1687
f 1154 1694 1691
f 1690 1697 1696
f 1697 1690 1682
f 1703 1696 1695
f 1701 1682 1684
f 1697 1682 1701
f 1706 1702 1700
f 1695 1698 1692
f 1692 1700 1695
f 1685 1684 1679
f 1744 1749 1750
f 1692 1698 1704
f 1732 1713 1707
f 1724 1726 1718
f 1700 1703 1695
f 1728 146 1732
f 1742 1704 1701
f 1704 1742 1740
f 1705 1733 1706
f 1692 1705 1706
f 1699 1700 1702
f 1700 1692 1706
f 1634 1437 1709
f 1732 1707 1708
f 1709 1708 1707
f 1708 1437 1710
f 1634 1709 1633
f 1712 1437 1632
f 1723 1720 1712
f 1713 1716 1711
f 1449 1451 1721
f 1437 1712 1710
f 1713 1709 1707
f 1709 1713 1711
f 1612 1714 1613
f 1633 1711 1714
f 1716 1713 1862
f 1862 1859 1715
f 677 1861 1649
f 1862 1713 146
f 1717 1715 1855
f 1616 1719 1717
f 1613 1717 1719
f 1708 1710 1726
f 1718 1729 1727
f 1725 168 1691
f 1615 1719 1616
f 1717 1613 1714
f 1710 1720 1726
f 1721 1451 1359
f 1723 1718 1720
f 168 1722 1727
f 1725 1686 1724
f 1449 1723 1712
f 1718 1723 1721
f 1703 1699 1724
f 1725 1724 1722
f 1686 1703 1724
f 1725 1722 168
f 1686 1725 1691
f 1700 1699 1703
f 1726 1699 1708
f 1718 1726 1720
f 1726 1724 1699
f 1722 1718 1727
f 168 1727 1730
f 1727 1729 1730
f 1685 1701 1684
f 1728 1733 1736
f 1614 1612 1613
f 1634 1633 1612
f 1716 1717 1711
f 1435 1729 1359
f 1730 1729 1360
f 1359 1729 1721
f 1718 1721 1729
f 1267 1200 1731
f 1730 1360 1283
f 1713 1732 146
f 1733 1732 1702
f 1706 1733 1702
f 1737 1735 1736
f 1742 1739 1740
f 1499 1826 1881
f 1733 1737 1736
f 1738 1865 1863
f 1737 1733 1705
f 1728 1736 1868
f 1735 1737 1743
f 1738 1867 1864
f 1859 1862 1863
f 1868 1736 1735
f 1728 1738 146
f 1742 1749 1739
f 1704 1740 1705
f 1740 1739 1755
f 1755 1741 1743
f 1753 1749 1744
f 1755 1743 1737
f 1472 1473 1747
f 1495 1507 1746
f 1880 1896 1905
f 1749 1753 1756
f 1491 1746 1507
f 1746 1745 1748
f 1464 1496 1748
f 1747 1748 1754
f 1754 1748 1745
f 1748 1747 1464
f 1742 1701 1752
f 1754 1751 1753
f 1749 1742 1752
f 1904 1916 1915
f 1755 1756 1757
f 1752 1701 1685
f 1749 1752 1750
f 1754 1753 1744
f 1753 1751 1756
f 1754 1745 1751
f 1243 1731 1200
f 1740 1755 1737
f 1756 1755 1739
f 1756 1739 1749
f 1756 1751 1757
f 1913 1914 1751
f 1914 1903 1757
f 1744 1472 1747
f 1472 169 1483
f 1754 1744 1747
f 1688 1752 1685
f 169 1750 1752
f 1758 1764 1760
f 919 1159 1759
f 172 1759 1758
f 775 1767 1762
f 1760 775 1762
f 172 1761 1765
f 1760 1761 1758
f 246 464 1771
f 172 1765 1518
f 1763 1764 1768
f 1760 1762 1765
f 1763 1769 1764
f 1773 1520 1766
f 1766 1760 1764
f 1770 1765 1762
f 1518 1765 1453
f 1766 1764 1769
f 1520 775 1766
f 782 1767 775
f 1762 1767 778
f 1768 1764 1758
f 1159 1768 1758
f 1778 1768 1779
f 1791 1769 1763
f 1523 1773 1519
f 778 1772 1762
f 1774 1770 465
f 1762 1771 1770
f 781 1772 778
f 246 1772 781
f 1762 1772 1771
f 1766 1769 1773
f 1519 1773 1769
f 215 1774 465
f 1765 1774 1453
f 1775 464 463
f 1770 1775 465
f 1453 1776 1517
f 215 1776 1774
f 1157 1779 1204
f 1786 1787 1378
f 1779 1768 1158
f 1768 1778 1792
f 1204 1779 1158
f 1779 1777 1789
f 1257 1780 258
f 1535 1781 1088
f 1255 1781 1270
f 762 1782 1272
f 1291 1782 158
f 911 1339 1783
f 1048 1783 1307
f 1307 1306 1308
f 1306 1307 1783
f 147 1777 1157
f 1371 1784 1369
f 1785 1784 1199
f 1199 1784 1438
f 1371 1438 1784
f 1629 1785 1199
f 1625 1856 1857
f 1786 1374 1793
f 1917 1786 1378
f 1793 1790 1792
f 1778 1789 1787
f 1789 1777 1788
f 1789 1788 1378
f 147 1788 1777
f 1364 1788 147
f 1378 1788 1367
f 1787 1789 1378
f 1789 1778 1779
f 1790 1793 1374
f 1519 1769 1791
f 1768 1792 1763
f 1791 1790 1794
f 1778 1787 1792
f 1792 1787 1793
f 1786 1793 1787
f 1794 1374 1524
f 1527 1794 1524
f 1791 1794 1519
f 1786 1391 1374
f 1390 1391 1375
f 1431 1443 1797
f 1806 1843 1844
f 1830 1842 1802
f 1797 1443 1350
f 1796 1842 1798
f 1800 1796 1837
f 1431 1797 1798
f 1872 1670 1888
f 1796 1800 1802
f 1537 1801 1546
f 1797 1350 1836
f 1800 1821 1802
f 1802 1537 1830
f 1795 1804 1798
f 1805 1807 1804
f 1798 1803 1431
f 1803 1798 1807
f 1809 1804 1795
f 1274 1433 1805
f 1832 1804 142
f 1842 1830 1795
f 1810 142 1804
f 1804 1807 1798
f 1433 1807 1805
f 1808 142 1813
f 1831 1274 1805
f 1830 1809 1795
f 1809 1806 1810
f 1811 1806 1844
f 1806 1811 1810
f 1571 1818 1572
f 1818 1571 1567
f 1557 1808 1590
f 1808 1832 142
f 142 1810 1817
f 1552 1815 1550
f 1561 1813 1812
f 1814 1561 1812
f 1816 1814 1812
f 1815 1569 1550
f 1561 1815 1552
f 1569 1815 1814
f 1812 142 1817
f 1572 1818 1811
f 1811 1817 1810
f 1812 1817 1816
f 1819 1818 1567
f 1811 1818 1816
f 1568 1819 1567
f 1834 1397 1835
f 1820 1834 1835
f 1823 1821 1799
f 1823 1825 1821
f 1873 1874 1875
f 1841 1828 1501
f 1876 1847 1875
f 1491 1503 1883
f 1799 1873 1875
f 1822 1839 1846
f 1827 1505 1501
f 1878 1824 1877
f 1822 1847 1877
f 1829 1840 1509
f 1270 1829 1509
f 1536 1840 1829
f 1535 1829 1270
f 1845 1840 1536
f 1828 1824 1827
f 1501 1828 1827
f 1840 1828 1509
f 1537 1821 1801
f 1830 1806 1809
f 1808 1557 1831
f 1808 1831 1832
f 1805 1832 1831
f 1557 1558 1833
f 1831 1557 1833
f 1818 1814 1816
f 1569 1814 1819
f 1835 1397 1396
f 1836 1834 1820
f 1396 1670 1872
f 1871 1872 1885
f 1350 1356 1838
f 1837 1796 1797
f 1836 1820 1837
f 1834 1838 1356
f 1797 1836 1837
f 1873 1837 1820
f 1800 1837 1799
f 1542 1846 1845
f 1824 1839 1822
f 1840 1839 1828
f 1546 1825 1576
f 1506 1841 1501
f 1798 1842 1795
f 1802 1842 1796
f 1843 1830 1537
f 1546 1843 1537
f 1843 1545 1844
f 1575 1844 1545
f 1811 1844 1572
f 1843 1806 1830
f 1840 1845 1839
f 1825 1823 1847
f 1846 1839 1845
f 1847 1846 1825
f 1576 1846 1542
f 1846 1847 1822
f 736 1848 215
f 1513 1848 584
f 1454 1513 584
f 1514 1513 737
f 1759 1849 919
f 1518 1849 172
f 881 1850 494
f 1850 1581 1592
f 1607 1851 1601
f 1851 1238 1602
f 1604 1852 1595
f 1615 1852 1594
f 1855 1853 1854
f 1855 1859 1853
f 1852 1854 1595
f 1855 1854 1616
f 1717 1855 1616
f 1859 1855 1715
f 1383 1856 1242
f 1857 1856 1376
f 1784 1857 1376
f 1625 1857 1785
f 1865 1644 1863
f 1907 1866 1893
f 1859 1860 1861
f 1862 1715 1716
f 1860 1644 1858
f 1861 1860 1648
f 1649 1861 1648
f 1853 1859 1861
f 146 1863 1862
f 1863 146 1738
f 1863 1644 1859
f 1865 1864 1866
f 1738 1868 1867
f 1864 1865 1738
f 1858 1910 1911
f 1741 1735 1743
f 1918 1867 1734
f 1858 1644 1866
f 1728 1868 1738
f 1735 1867 1868
f 1864 1867 1918
f 1899 1905 1898
f 1897 1892 1869
f 1734 1867 1741
f 1741 1867 1735
f 1779 1157 1777
f 1890 1896 1887
f 1847 1876 1877
f 1396 1872 1835
f 1874 1873 1871
f 1884 1888 1678
f 1872 1820 1835
f 1873 1820 1871
f 1874 1871 1870
f 1873 1799 1837
f 1799 1875 1823
f 1875 1874 1876
f 1874 1870 1879
f 1822 1877 1824
f 1884 1891 1894
f 1826 1824 1881
f 1881 1887 1880
f 1874 1879 1876
f 1887 1876 1890
f 1887 1896 1880
f 1878 1876 1887
f 1880 1882 1886
f 1886 1883 1503
f 1886 1503 1499
f 1906 1883 1882
f 1888 1885 1872
f 1894 1885 1884
f 1885 1870 1871
f 1875 1847 1823
f 1880 1886 1881
f 1883 1886 1882
f 1881 1878 1887
f 1889 1890 1879
f 1678 1888 1670
f 1885 1888 1884
f 1824 1878 1881
f 1884 1669 1891
f 1891 1895 1889
f 1879 1890 1876
f 1879 1870 1894
f 1901 1891 1669
f 1896 1890 1897
f 1895 1891 1901
f 1894 1891 1889
f 1900 1901 1669
f 1864 1893 1866
f 1869 1893 1864
f 1892 1901 1908
f 1879 1894 1889
f 1894 1870 1885
f 1892 1893 1869
f 1898 1897 1869
f 1734 1899 1898
f 1869 1918 1898
f 1741 1903 1734
f 1896 1897 1898
f 1883 1906 1491
f 1676 1637 1909
f 1892 1895 1901
f 1902 1677 1676
f 1901 1900 1908
f 1909 1902 1676
f 1900 1669 1902
f 1889 1895 1890
f 1897 1890 1895
f 1892 1897 1895
f 1757 1903 1741
f 1899 1734 1903
f 1906 1880 1905
f 1914 1913 1916
f 1906 1905 1904
f 1898 1905 1896
f 1905 1899 1916
f 1491 1906 1904
f 1906 1882 1880
f 1907 1900 1909
f 1909 1643 1911
f 1908 1893 1892
f 1900 1907 1908
f 1909 1900 1902
f 1643 1909 1637
f 1866 1910 1858
f 1866 1907 1910
f 1645 1643 1637
f 1912 1911 1643
f 1907 1911 1910
f 1813 142 1812
f 1645 1912 1643
f 1912 1642 1649
f 1858 1912 1860
f 1745 1746 1915
f 1916 1913 1915
f 1903 1914 1899
f 1751 1914 1757
f 1915 1751 1745
f 1904 1915 1491
f 1915 1913 1751
f 1905 1916 1904
f 1914 1916 1899
f 1372 1917 1366
f 1786 1917 1375
f 1898 1918 1734
f 1864 1918 1869
f 2136 2353 2062
f 2064 2138 2065
f 2491 2622 2337
f 1927 2232 1926
f 2063 77 76
f 2136 2133 2220
f 2136 2062 2133
f 2019 2034 2069
f 2137 75 74
f 2497 2232 2233
f 2143 2020 2017
f 2063 2137 2145
f 80 79 2133
f 2665 2153 2760
f 3090 2070 3092
f 2149 2240 2239
f 2767 3046 2769
f 82 2249 83
f 83 2249 2252
f 3139 2973 2974
f 2254 1930 2535
f 2252 84 83
f 3054 3060 2682
f 72 1919 73
f 2017 2019 2069
f 2033 2144 2147
f 2624 2751 2843
f 2172 2285 2174
f 2064 1921 1922
f 2179 2292 2293
f 2221 2134 2220
f 2747 2917 2732
f 2032 2353 2351
f 2089 119 118
f 2408 2669 2532
f 2229 2066 2139
f 3367 3582 3581
f 2519 2246 2403
f 2402 90 89
f 86 2530 2523
f 2081 2578 2575
f 3514 3513 3741
f 84 2251 2405
f 2196 2329 1948
f 2246 2524 91
f 2434 2486 2278
f 2489 2105 2202
f 1929 1930 2254
f 2765 2767 2768
f 3591 3590 3592
f 2017 2020 2019
f 2289 2175 2288
f 2256 2157 1974
f 2440 2427 2282
f 2428 2272 2165
f 2285 2286 2173
f 92 91 2525
f 2164 2271 2272
f 3675 3674 2902
f 3005 3009 2908
f 2270 100 99
f 2274 97 2271
f 100 2270 2423
f 2086 2088 2013
f 2457 2298 2177
f 96 2271 97
f 2122 2127 2125
f 2177 2298 2458
f 2048 2090 2292
f 2265 2268 104
f 2268 105 104
f 2424 105 2267
f 1952 2324 1951
f 2184 1935 2180
f 2265 2266 2161
f 2320 2613 2600
f 2471 2327 2473
f 2424 2426 106
f 110 2281 111
f 2294 2313 2311
f 2053 2052 2098
f 2193 1946 1947
f 2170 2572 2868
f 2095 2191 2093
f 103 2265 104
f 2821 2606 2819
f 2802 2803 2804
f 2178 118 117
f 2197 2028 2102
f 111 2442 112
f 2444 112 2442
f 3084 3253 3724
f 2604 2605 2602
f 2172 117 116
f 1949 2185 2189
f 2489 2202 2204
f 119 2301 120
f 2048 2089 2090
f 2299 2301 2048
f 2108 2030 2126
f 1995 1996 2109
f 2025 121 120
f 2117 2122 2125
f 2597 2176 2446
f 1989 2198 2200
f 121 2025 2015
f 74 73 2020
f 2305 2309 2300
f 2013 2014 2086
f 2430 2273 2697
f 2025 2309 2015
f 2373 2237 2241
f 2448 2085 2445
f 2010 2011 2456
f 2281 2283 2442
f 2143 2137 2020
f 2289 2597 2446
f 73 2019 2020
f 2012 2013 2088
f 2008 2288 2007
f 2141 2230 2231
f 2098 2052 2099
f 2499 2631 2630
f 3001 3161 3165
f 2401 2245 2400
f 1953 1954 2371
f 2609 2320 2607
f 2807 2043 2707
f 2305 2300 2024
f 1934 1935 2184
f 2180 1935 1936
f 119 2089 2301
f 2317 2603 2181
f 2574 108 107
f 2084 2172 2174
f 2093 1939 1940
f 1942 1943 2028
f 2314 2315 2181
f 1996 1997 2031
f 2191 1938 1939
f 2262 1969 1970
f 2053 1944 2096
f 1971 2415 2263
f 2053 2102 2028
f 2093 2094 2051
f 1998 1999 2110
f 1940 2190 2093
f 2237 2385 2239
f 1969 2546 1968
f 2420 2546 2262
f 2323 2324 2186
f 3107 3106 3099
f 1960 2241 1959
f 1968 2546 2547
f 2069 2068 2143
f 2540 2674 2539
f 2266 2265 2422
f 2194 2195 2100
f 1954 2370 2371
f 2185 2188 2092
f 2151 2656 2655
f 1949 1950 2185
f 2164 2272 2428
f 1945 1946 2096
f 2189 1948 1949
f 2096 2097 2052
f 2553 2161 2266
f 2565 2862 2683
f 94 2275 95
f 1954 1955 2370
f 2687 2689 2573
f 81 2216 2340
f 1963 1964 2398
f 2394 2150 2243
f 2399 2515 2516
f 2407 2659 2521
f 3279 3281 3282
f 3641 3638 3652
f 2242 2244 2389
f 2543 2545 2544
f 1957 1958 2236
f 2935 2937 2938
f 2148 2375 2379
f 2753 2534 2408
f 1932 2255 1931
f 2256 1975 2409
f 2470 2325 2638
f 1957 2236 2238
f 2861 2668 2790
f 1944 2028 1943
f 2278 2582 2277
f 2211 2131 2060
f 1993 1994 2206
f 2057 2112 2113
f 2107 2108 2206
f 2030 2115 2119
f 1994 1995 2107
f 76 75 2137
f 1991 2198 1990
f 1992 1993 2213
f 2007 2288 2290
f 2061 2217 2341
f 2348 2250 2340
f 2217 2342 2349
f 2108 2126 2213
f 2058 2109 2031
f 2496 2344 2345
f 81 80 2214
f 2335 2487 2488
f 1919 1920 2019
f 2202 2002 2003
f 2059 2115 2113
f 2019 73 1919
f 2204 2334 2335
f 2059 2111 2000
f 2105 2203 2202
f 2100 2471 2027
f 2112 2058 2110
f 1997 1998 2031
f 2076 3487 3489
f 2112 2110 2111
f 2079 2554 2561
f 2107 2058 2057
f 1920 1921 2064
f 2114 2000 2001
f 2536 2671 2412
f 2138 2140 2065
f 2230 1924 1925
f 2368 2369 2233
f 2076 3490 3487
f 1973 1974 2258
f 1978 1979 2260
f 2137 74 2020
f 1973 2258 1972
f 2439 1980 1981
f 2064 2019 1920
f 1987 2332 1986
f 2331 1987 1988
f 2166 2277 2582
f 2064 2065 2034
f 2138 1922 1923
f 2138 2064 1922
f 2277 1983 1984
f 2436 2277 2279
f 2436 1982 1983
f 2064 2034 2019
f 2438 1982 2436
f 2228 2065 2225
f 2544 2419 2542
f 2413 1971 1972
f 2221 2063 2350
f 2068 2144 2143
f 2467 2600 2466
f 2282 2169 2281
f 2110 2031 1998
f 2305 2086 2014
f 2088 2086 2047
f 2716 2177 2087
f 2906 2719 2598
f 2718 2715 2087
f 2089 118 2178
f 2301 2299 2300
f 2090 2178 2172
f 2180 2314 2183
f 2320 2322 2607
f 2185 2323 2188
f 2474 2478 2480
f 2190 1940 1941
f 2093 2051 2095
f 2098 2102 2053
f 2101 2094 2098
f 2316 2318 2328
f 2183 2091 2180
f 2096 1946 2193
f 2053 2096 2052
f 2187 2478 2196
f 2099 2052 2194
f 2096 1944 1945
f 2028 1944 2053
f 2101 2098 2027
f 2102 2098 2094
f 2194 2052 2097
f 2027 2098 2099
f 2833 2828 2830
f 2027 2099 2100
f 2476 2027 2473
f 2051 2094 2101
f 2190 2102 2094
f 1942 2197 1941
f 1992 2131 2199
f 2485 2484 2482
f 3170 3182 2339
f 2167 2621 2990
f 2334 2003 2004
f 2113 2115 2030
f 2338 2005 2006
f 2454 2450 2451
f 2107 1995 2109
f 2108 2107 2057
f 2126 2030 2123
f 2031 2109 1996
f 2107 2109 2058
f 2111 2110 1999
f 2031 2110 2058
f 2000 2111 1999
f 2112 2111 2059
f 2113 2112 2059
f 2057 2058 2112
f 2115 2059 2114
f 2057 2113 2030
f 2203 2002 2202
f 2118 2115 2114
f 2333 2114 2001
f 2120 2119 2115
f 2105 2056 2121
f 2119 2123 2030
f 2118 2114 2333
f 2120 2118 2116
f 2115 2118 2120
f 2119 2117 2207
f 2121 2120 2116
f 2119 2120 2117
f 2105 2121 2116
f 2121 2056 2122
f 2203 2105 2116
f 2489 2056 2105
f 2124 2122 2056
f 2120 2121 2117
f 2122 2117 2121
f 2130 2207 2125
f 2336 2124 2056
f 2449 2451 2455
f 2210 2207 2209
f 2123 2207 2060
f 2207 2123 2119
f 2060 2126 2123
f 2127 2122 2124
f 2127 2029 2339
f 2726 2818 2906
f 3386 3384 2877
f 2127 2748 2029
f 3082 3084 2128
f 2748 2127 2124
f 2029 3171 3170
f 2131 1992 2213
f 2207 2210 2060
f 2103 2198 2199
f 2030 2108 2057
f 2349 2342 2132
f 2214 2218 81
f 2220 79 78
f 78 77 2221
f 2134 2221 2222
f 2217 2219 2341
f 2214 2215 2349
f 2220 2133 79
f 2353 2136 2134
f 2492 2133 2062
f 2133 2135 2215
f 76 2137 2063
f 2139 2138 1923
f 2140 2138 2139
f 1923 1924 2139
f 2229 2139 1924
f 2223 2140 2139
f 2225 2140 2226
f 2231 1925 1926
f 2223 2224 2035
f 2368 2232 1927
f 2362 2364 2367
f 2069 2143 2017
f 2145 2143 2144
f 2147 2144 2016
f 2145 2144 2033
f 2063 2145 2033
f 2137 2143 2145
f 2228 2225 2016
f 2494 2147 2016
f 2033 2147 2146
f 2234 2376 2375
f 2324 2326 2186
f 2387 2382 2388
f 1956 1957 2238
f 2243 2241 2244
f 1961 1962 2389
f 3438 3441 3440
f 2241 2243 2150
f 2403 2246 2402
f 2524 2780 2404
f 2249 2340 2250
f 2661 2253 2662
f 2629 2363 2630
f 2366 2142 2497
f 2321 1933 2319
f 2182 2319 1934
f 2413 1972 2257
f 2158 2412 2671
f 2411 3487 2157
f 1980 2417 1979
f 2417 2280 2261
f 2964 3043 2966
f 2267 2563 2564
f 2560 2567 2684
f 2270 2581 2430
f 2551 2266 2422
f 2164 2428 2575
f 98 97 2274
f 2276 2275 2431
f 2432 2276 2431
f 2434 2277 1984
f 2279 2277 2583
f 2807 2707 2709
f 2585 2437 2586
f 2584 2706 2586
f 2440 2281 110
f 2283 2281 2591
f 2426 2427 2574
f 2689 2799 2162
f 2443 2595 2594
f 2174 2296 2084
f 2285 116 115
f 2090 2172 2084
f 2286 115 114
f 2293 2295 2045
f 2285 2172 116
f 2296 2174 2173
f 2289 2008 2009
f 2453 2455 2451
f 2445 2175 2289
f 2457 2024 2304
f 2304 2024 2299
f 2172 2178 117
f 2089 2178 2090
f 2308 2303 2179
f 2292 2179 2048
f 2314 1936 1937
f 2091 2182 2184
f 2315 1937 1938
f 2602 2605 2049
f 2182 2601 2322
f 1934 2319 1933
f 2314 2180 1936
f 2604 2181 2603
f 2091 2184 2180
f 1934 2184 2182
f 2323 1950 1951
f 2189 2185 2479
f 1953 2372 1952
f 2326 2470 2186
f 2480 2479 2092
f 2054 2195 2196
f 2323 2185 1950
f 2470 2188 2186
f 2479 2185 2092
f 1948 2189 2187
f 2190 1941 2197
f 2093 2190 2094
f 2093 2191 1939
f 2315 2191 2095
f 2471 2472 2327
f 2824 2826 2026
f 2329 2193 1947
f 2096 2193 2097
f 2195 2194 2097
f 2099 2194 2100
f 2193 2329 2097
f 2054 2100 2195
f 2195 2097 2329
f 1948 2187 2196
f 2028 2197 1942
f 2190 2197 2102
f 2199 2198 1991
f 2198 2103 2200
f 1992 2199 1991
f 2199 2131 2211
f 2212 2483 2200
f 2201 2330 2484
f 2330 1988 1989
f 2485 2990 2621
f 2202 2003 2334
f 2116 2118 2333
f 2001 2002 2203
f 2335 2004 2005
f 2007 2290 2006
f 2290 2175 2449
f 2107 2206 1994
f 2213 2206 2108
f 2000 2114 2059
f 2125 2207 2117
f 2339 2130 2125
f 2207 2130 2209
f 2208 2210 2209
f 3180 3178 2483
f 2210 2212 2211
f 2210 2208 2055
f 2126 2060 2131
f 2211 2060 2210
f 2212 2210 2055
f 2211 2103 2199
f 2212 2055 2483
f 2103 2211 2212
f 2213 1993 2206
f 2126 2131 2213
f 2215 2214 80
f 3483 2218 2132
f 2345 2346 2342
f 2249 2250 2153
f 2133 2215 80
f 2219 2215 2135
f 2341 2135 2492
f 2217 2061 2342
f 2132 2218 2214
f 81 2218 2216
f 2341 2219 2135
f 2349 2219 2217
f 2221 2220 78
f 2136 2220 2134
f 77 2063 2221
f 2350 2033 2222
f 2351 2222 2033
f 2353 2222 2351
f 2223 2139 2066
f 2141 2231 2360
f 2224 2360 2367
f 2066 2224 2223
f 2224 2367 2365
f 2140 2223 2226
f 2035 2359 2223
f 2227 2493 2494
f 2065 2140 2225
f 2227 2494 2225
f 2227 2225 2226
f 2034 2068 2069
f 2065 2228 2034
f 2034 2144 2068
f 2016 2144 2228
f 2034 2228 2144
f 2230 2229 1924
f 2229 2141 2066
f 2231 2230 1925
f 2229 2230 2141
f 2232 2231 1926
f 2360 2224 2066
f 2368 1927 1928
f 2232 2142 2361
f 2369 1928 1929
f 2362 2366 2067
f 2513 2375 2376
f 2500 2371 2234
f 2387 2148 2379
f 2502 2235 2501
f 2374 1958 1959
f 2240 2238 2236
f 2236 2374 2239
f 2378 2238 2240
f 2234 2375 2148
f 2374 2236 1958
f 2385 2237 2373
f 2236 2239 2240
f 2379 2381 2377
f 2243 2244 2242
f 2245 2656 2657
f 2242 2389 2391
f 2241 2150 2373
f 2241 2237 2374
f 2244 2241 1960
f 2391 2395 2242
f 1960 1961 2244
f 2389 2244 1961
f 2398 2515 2401
f 2403 89 88
f 2524 2404 91
f 86 2405 2530
f 2247 2770 2772
f 2786 3217 2784
f 3639 3643 3644
f 2252 2249 2762
f 81 2340 82
f 3483 2216 2218
f 2763 2761 2074
f 2405 2251 2253
f 2340 2249 82
f 2762 2249 2153
f 84 2252 2251
f 2405 85 84
f 2531 2770 2659
f 1931 2255 2669
f 2498 2369 2254
f 2321 1932 1933
f 2466 2532 2255
f 2157 2257 2258
f 2409 1975 1976
f 2256 2409 2411
f 2419 2262 2418
f 1975 2256 1974
f 2157 2258 1974
f 1972 2258 2257
f 2416 1978 2260
f 2412 2537 2536
f 2540 2159 2261
f 2418 1971 2263
f 2677 2264 2651
f 2542 3502 2543
f 2160 3689 3044
f 2265 103 102
f 2161 2267 2268
f 2422 102 101
f 2548 2679 2550
f 2554 2563 2161
f 2570 2569 2425
f 2551 2553 2266
f 2161 2268 2265
f 105 2268 2267
f 2424 106 105
f 2572 2696 2570
f 2423 2422 101
f 96 95 2429
f 2164 2273 2274
f 2271 2429 2272
f 2429 2275 2165
f 2164 2575 2579
f 2270 2430 2163
f 2429 2271 96
f 2164 2274 2271
f 2274 2273 2581
f 2431 94 93
f 2275 2276 2165
f 3645 3638 3639
f 2165 2272 2429
f 2431 2275 94
f 2434 1984 1985
f 2166 2583 2277
f 1986 2332 2486
f 2435 2875 2166
f 2166 2437 2583
f 2438 2279 2585
f 2438 1981 1982
f 2440 110 109
f 2169 2591 2281
f 2427 109 108
f 2441 2985 2590
f 2590 2443 2591
f 2444 2283 2594
f 2444 113 112
f 2302 2307 2294
f 2286 2285 115
f 2174 2285 2173
f 114 2287 2286
f 2302 2294 2296
f 113 2287 114
f 2306 2287 2284
f 2289 2288 2008
f 2290 2288 2175
f 2009 2010 2597
f 2175 2445 2085
f 2449 2175 2085
f 2290 2455 2338
f 2717 2012 2088
f 2715 2718 2714
f 2716 2047 2177
f 2292 2090 2084
f 2293 2292 2084
f 2179 2304 2299
f 2296 2294 2295
f 2293 2045 2308
f 2173 2286 2302
f 2296 2293 2084
f 2311 2295 2294
f 2296 2173 2302
f 2296 2295 2293
f 2905 3671 2463
f 2297 2464 2462
f 2298 2304 2303
f 2458 2298 2297
f 2300 2299 2024
f 2048 2179 2299
f 2024 2457 2305
f 120 2300 2025
f 2048 2301 2089
f 120 2301 2300
f 2286 2306 2302
f 2306 2284 2307
f 2179 2293 2308
f 2298 2303 2297
f 2303 2304 2179
f 2457 2304 2298
f 2086 2305 2047
f 2014 2015 2309
f 2287 2306 2286
f 2307 2284 2596
f 2307 2171 2294
f 2302 2306 2307
f 2303 2308 2465
f 2300 2309 2025
f 2014 2309 2305
f 2313 2294 2171
f 2593 2713 2311
f 2313 2593 2311
f 2311 2816 2312
f 2903 2464 2465
f 2045 2295 2312
f 2315 2314 1937
f 2183 2314 2181
f 2191 2315 1938
f 2318 2316 2317
f 2181 2315 2317
f 2315 2318 2317
f 2318 2315 2095
f 2604 2602 2091
f 2051 2475 2095
f 2471 2473 2027
f 2322 2319 2182
f 2321 2255 1932
f 2739 2740 2737
f 2466 2600 2156
f 2319 2322 2467
f 2532 2466 2156
f 2091 2468 2601
f 2467 2466 2321
f 2324 2323 1951
f 2188 2323 2186
f 2372 1953 2371
f 2372 2512 2324
f 2235 2502 2505
f 2481 2188 2470
f 2512 2326 2324
f 2470 2326 2325
f 2100 2472 2471
f 3482 2730 2328
f 2318 2095 2475
f 2328 2473 3482
f 1948 2329 1947
f 2195 2329 2196
f 2198 1989 1990
f 2330 1989 2200
f 2200 2484 2330
f 2331 2330 2201
f 2330 2331 1988
f 2621 2201 2485
f 2001 2203 2333
f 2333 2203 2116
f 2335 2334 2004
f 2202 2334 2204
f 2338 2335 2005
f 2487 2335 2205
f 2336 2489 2488
f 2490 2337 2336
f 2290 2338 2006
f 2335 2338 2205
f 2125 2127 2339
f 2209 2130 2208
f 3170 2339 2029
f 2208 2130 2339
f 3483 3484 2216
f 2353 2354 2062
f 2354 2357 2356
f 2342 2061 2345
f 2132 2342 2346
f 2343 2972 2344
f 2345 2969 2346
f 2855 2856 2344
f 3484 2347 3485
f 2969 2345 2344
f 2665 2760 2853
f 3485 2340 2216
f 2760 2348 2347
f 2214 2349 2132
f 2219 2349 2215
f 2033 2350 2063
f 2222 2221 2350
f 2033 2146 2351
f 2351 2146 2352
f 2147 2494 2146
f 2359 2227 2226
f 2353 2032 2354
f 2134 2222 2353
f 2032 2351 2352
f 2358 2357 2354
f 2492 2356 2341
f 2751 2358 2032
f 2971 2343 2344
f 2062 2354 2356
f 2032 2358 2354
f 2624 2495 2061
f 2341 2356 2357
f 2840 2842 2493
f 2360 2066 2141
f 2224 2365 2035
f 2361 2231 2232
f 2360 2231 2361
f 2142 2362 2361
f 2361 2362 2367
f 2142 2232 2497
f 2067 2364 2362
f 2626 2498 2499
f 2499 2630 2626
f 2947 3687 2067
f 2948 2749 2623
f 2142 2366 2362
f 2630 2363 2626
f 2367 2360 2361
f 2365 2367 2364
f 2369 2368 1928
f 2232 2368 2233
f 1929 2254 2369
f 2254 2534 2498
f 2376 2370 1955
f 2371 2370 2234
f 2500 2234 2148
f 1952 2372 2324
f 2501 2372 2371
f 2512 2372 2235
f 2394 2396 2373
f 2384 2385 2380
f 2374 1959 2241
f 2239 2374 2237
f 2234 2370 2376
f 2379 2375 2381
f 1955 1956 2376
f 2513 2376 1956
f 2384 2383 2378
f 2377 2378 2383
f 2240 2149 2378
f 2373 2380 2385
f 2375 2238 2381
f 2382 2379 2377
f 2071 2643 3438
f 3464 3471 3475
f 2238 2378 2381
f 2377 2381 2378
f 2377 3091 3092
f 3092 2388 2382
f 2384 2378 2149
f 2380 3463 3465
f 2385 2384 2149
f 2380 2383 2384
f 2239 2385 2149
f 2373 2071 2380
f 2508 2509 2505
f 2503 2501 2500
f 2382 2387 2379
f 2503 2387 2386
f 2388 2070 2507
f 2387 2388 2386
f 1963 2392 2397
f 2394 2242 2395
f 2397 2391 2389
f 2395 2390 2648
f 1962 2397 2389
f 2400 2392 2398
f 2758 2648 2649
f 3599 3348 3600
f 2242 2394 2243
f 2394 2393 2396
f 2390 2395 2391
f 2393 2394 2395
f 2644 2642 2643
f 2392 2400 2657
f 1963 2397 1962
f 2391 2397 2392
f 2515 1964 1965
f 2398 2401 2400
f 2516 1965 1966
f 2399 2656 2401
f 2400 2245 2657
f 1963 2398 2392
f 2515 2398 1964
f 2656 2399 2652
f 2403 2402 89
f 91 2402 2246
f 2523 2658 87
f 2246 2519 2152
f 2152 2776 2778
f 2154 2661 2662
f 2253 2660 2530
f 86 85 2405
f 2253 2251 2406
f 2407 2530 2660
f 2247 2520 2521
f 2408 2532 2533
f 2534 2155 2498
f 2259 2410 2411
f 1977 2409 1976
f 2411 2409 2259
f 3487 3490 2157
f 3487 2411 2410
f 2538 2259 1977
f 2259 2158 3488
f 2260 2159 2536
f 2538 2412 2259
f 2415 2413 2257
f 3506 3490 3491
f 3491 2076 3499
f 3506 2415 2257
f 2415 2414 2263
f 2544 2541 2419
f 2418 2262 1970
f 2415 1971 2413
f 2260 2536 2537
f 2417 2260 1979
f 2416 2537 2538
f 1977 1978 2416
f 2439 2417 1980
f 1970 1971 2418
f 2542 2418 2263
f 2541 2676 2792
f 2675 2678 2676
f 2547 1967 1968
f 2516 2518 2399
f 2422 2265 102
f 101 100 2423
f 2679 2548 2163
f 2270 2548 2423
f 2548 2550 2551
f 2425 2424 2267
f 2424 2569 2426
f 2562 2563 2554
f 2564 2571 2425
f 2427 2426 2269
f 107 106 2426
f 2696 2427 2269
f 2588 2589 2427
f 2428 2165 3643
f 2428 2081 2575
f 2429 95 2275
f 2581 2270 99
f 2579 2273 2164
f 2432 2431 93
f 2525 2528 92
f 2525 2526 2528
f 2433 3647 3646
f 2432 2433 3646
f 2486 2434 1985
f 2277 2434 2278
f 2167 2435 2582
f 2435 2990 2876
f 2277 2436 1983
f 2438 2436 2279
f 2704 2437 2082
f 2439 2587 2280
f 2279 2583 2585
f 2438 2587 2439
f 2438 2439 1981
f 2427 2440 109
f 2281 2440 2282
f 2574 2427 108
f 2441 2169 2589
f 2170 2868 2872
f 2281 2442 111
f 2444 2442 2283
f 2711 2443 2083
f 113 2596 2284
f 2283 2591 2594
f 113 2284 2287
f 2289 2446 2445
f 2446 2447 2448
f 2009 2597 2289
f 2446 2176 2447
f 2718 2460 2722
f 2598 2719 2720
f 2446 2448 2445
f 2448 2447 2720
f 2449 2085 2451
f 3004 3009 2046
f 2490 2491 2337
f 2452 2451 2085
f 2451 2450 2453
f 2720 2452 2085
f 3007 3009 3006
f 2106 2450 2491
f 2453 2106 2487
f 2720 2085 2448
f 2452 2454 2451
f 2452 2719 3007
f 2205 2455 2453
f 2717 2456 2011
f 2597 2456 2291
f 2047 2457 2177
f 2457 2047 2305
f 2087 2177 2460
f 2724 2726 2723
f 2177 2458 2460
f 2461 2460 2458
f 2297 2462 2458
f 2461 2459 2722
f 2461 2458 2462
f 2297 2465 2464
f 2459 2461 2462
f 2312 2816 2903
f 2303 2465 2297
f 2463 2462 2464
f 2903 2465 2312
f 2312 2295 2311
f 2255 2321 2466
f 2319 2467 2321
f 2320 2728 2322
f 2467 2728 2600
f 2091 2602 2468
f 2612 2468 2602
f 3089 3096 2922
f 2640 2050 2637
f 2511 2638 2510
f 2481 2050 2480
f 2472 2100 2054
f 2327 3482 2473
f 2054 2477 2472
f 2328 2475 2473
f 2101 2476 2051
f 2054 2478 2477
f 2832 2050 2829
f 2318 2475 2328
f 2476 2475 2051
f 2027 2476 2101
f 2475 2476 2473
f 2054 2196 2478
f 2479 2478 2187
f 2474 2477 2478
f 2189 2479 2187
f 2092 2481 2480
f 2480 2050 2832
f 2478 2479 2480
f 2188 2481 2092
f 2481 2470 2637
f 2212 2200 2103
f 3180 3172 3254
f 3181 3182 3180
f 2484 2483 2482
f 2483 2484 2200
f 2331 2332 1987
f 2104 2485 2482
f 1986 2486 1985
f 2486 2332 2621
f 2453 2487 2205
f 2488 2487 2106
f 2488 2106 2490
f 2204 2335 2488
f 2488 2489 2204
f 2056 2489 2336
f 2124 2336 2337
f 2488 2490 2336
f 2450 3006 3008
f 3085 2622 3086
f 2061 2341 2357
f 2133 2492 2135
f 2356 2492 2062
f 2623 2493 2227
f 2494 2016 2225
f 2494 2493 2352
f 2355 2843 2847
f 2345 2061 2495
f 2495 2355 2847
f 2344 2496 2625
f 2223 2359 2226
f 2626 2497 2233
f 2366 2497 2363
f 2498 2155 2752
f 2369 2498 2626
f 2752 2753 2627
f 2752 2499 2498
f 2386 2502 2503
f 2372 2501 2235
f 2371 2500 2501
f 2500 2148 2503
f 2506 2502 2386
f 2508 2502 2506
f 2503 2148 2387
f 2501 2503 2502
f 2506 2386 2507
f 3021 2504 2507
f 2050 2481 2637
f 2505 2510 2235
f 2386 2388 2507
f 2508 2506 2504
f 2504 2506 2507
f 2509 2508 2504
f 2504 3021 3022
f 2509 2469 2639
f 2508 2505 2502
f 2510 2505 2511
f 2235 2510 2325
f 2505 2639 2511
f 2637 2756 2640
f 2235 2325 2512
f 2512 2325 2326
f 2238 2513 1956
f 2375 2513 2238
f 2394 2373 2150
f 2071 2373 2396
f 2393 2647 2644
f 3331 3335 3309
f 2393 2644 2396
f 2516 2515 1965
f 2401 2515 2399
f 2517 2516 1966
f 2518 2516 2421
f 1966 1967 2517
f 2547 2517 1967
f 2651 2518 2421
f 2403 2520 2519
f 2520 2522 2519
f 88 2658 2403
f 2520 2247 2522
f 2520 2403 2658
f 86 2523 87
f 2659 2770 2247
f 2776 2519 2522
f 2407 2521 2523
f 2523 2521 2658
f 2776 2522 2775
f 91 90 2402
f 2525 91 2404
f 2246 2152 2524
f 2152 2778 2780
f 2526 2433 2527
f 2780 2781 2404
f 2433 2432 2527
f 93 2529 2432
f 2528 93 92
f 2781 2525 2404
f 2528 2526 2527
f 2527 2432 2529
f 93 2528 2529
f 2527 2529 2528
f 2253 2530 2405
f 2523 2530 2407
f 2661 2531 2660
f 2771 2770 2531
f 2533 2532 2156
f 2669 2408 2535
f 2619 2156 2600
f 2754 2753 2075
f 2535 2534 2254
f 2753 2408 2533
f 1931 2535 1930
f 2534 2535 2408
f 2259 2412 2158
f 2540 2261 2674
f 2261 2159 2260
f 2260 2417 2261
f 2538 2537 2412
f 2260 2537 2416
f 1977 2259 2409
f 2538 1977 2416
f 2417 2439 2280
f 2262 2419 2541
f 2418 2542 2419
f 2414 2415 3506
f 2544 2542 2543
f 2543 3501 3773
f 2544 2160 2541
f 3689 2852 3045
f 2544 2545 2160
f 2262 2546 1969
f 2547 2546 2420
f 2792 2676 2420
f 2547 2421 2517
f 2270 2163 2548
f 2679 2680 2681
f 2560 2079 2561
f 2552 2554 2553
f 2422 2423 2551
f 2550 2549 2555
f 2553 2551 2555
f 2552 2555 2557
f 2552 2561 2554
f 2551 2550 2555
f 2554 2079 2562
f 2161 2553 2554
f 2559 2557 2549
f 2552 2553 2555
f 2559 2556 2557
f 2557 2556 2560
f 2079 2568 2562
f 2571 2570 2425
f 2549 2681 2559
f 2793 2682 2556
f 2556 2862 2560
f 2862 2567 2560
f 2552 2557 2561
f 2560 2561 2557
f 2568 2079 2684
f 2562 2558 2563
f 2564 2563 2558
f 2267 2161 2563
f 2564 2558 2571
f 2267 2564 2425
f 2162 2799 2869
f 2565 2566 2567
f 2690 2565 3667
f 2562 2568 2558
f 2565 2567 2862
f 2567 2566 2684
f 2688 2686 2687
f 2558 2573 2571
f 2426 2569 2269
f 2424 2425 2569
f 2572 2570 2162
f 2569 2570 2269
f 2573 2558 2568
f 2162 2570 2571
f 2170 2588 2572
f 2687 2573 2568
f 2426 2574 107
f 2800 2576 2578
f 2575 2580 2579
f 2794 2863 3053
f 2700 2080 2680
f 2273 2577 2697
f 2801 2800 2578
f 2702 2576 2701
f 2580 2575 2578
f 2273 2579 2577
f 2576 2580 2578
f 2577 2579 2580
f 99 98 2581
f 2437 2166 2082
f 2167 2582 2278
f 2166 2582 2435
f 2486 2167 2278
f 2585 2583 2437
f 2709 2707 2584
f 2168 2586 2710
f 2704 2586 2437
f 2438 2585 2587
f 2585 2586 2587
f 2280 2587 2539
f 2586 2539 2587
f 2588 2427 2696
f 2589 2588 2170
f 2441 2589 2170
f 2282 2427 2589
f 2443 2590 2083
f 2589 2169 2282
f 2590 2169 2441
f 2590 2591 2169
f 2594 2591 2443
f 2808 2712 2809
f 2171 2593 2313
f 2712 2593 2809
f 2711 2595 2443
f 2444 2594 2596
f 2171 2595 2592
f 2594 2595 2596
f 2596 2595 2307
f 2171 2307 2595
f 113 2444 2596
f 2456 2597 2010
f 2176 2597 2291
f 2818 2726 2725
f 2338 2455 2205
f 2449 2455 2290
f 2598 2720 2817
f 2312 2465 2045
f 2308 2045 2465
f 2320 2609 2613
f 2619 2533 2156
f 2091 2601 2182
f 2607 2601 2468
f 2604 2183 2181
f 2612 2049 2610
f 2316 2729 2317
f 2730 2606 2729
f 2183 2604 2091
f 2605 2604 2603
f 2729 2605 2603
f 2606 2821 2605
f 2606 2605 2729
f 2606 2192 2819
f 2601 2607 2322
f 2736 2737 2738
f 2618 2611 2735
f 2613 2616 2600
f 2468 2612 2614
f 2613 2609 2615
f 2608 2609 2610
f 2609 2607 2614
f 2611 2613 2615
f 2049 2612 2602
f 2610 2609 2614
f 2615 2609 2608
f 2613 2611 2616
f 2468 2614 2607
f 2610 2614 2612
f 2608 2737 2620
f 2618 2616 2611
f 2619 2075 2533
f 3013 2916 3028
f 2039 2928 2923
f 2734 2735 2611
f 2755 2925 2634
f 2600 2616 2619
f 2737 2608 2738
f 2743 2741 2733
f 2616 2618 2619
f 2075 2619 2618
f 2610 2738 2608
f 2620 2741 2743
f 2484 2485 2201
f 2486 2621 2167
f 2201 2621 2332
f 2331 2201 2332
f 2450 2106 2453
f 2490 2106 2491
f 3086 2450 3008
f 2748 2129 2029
f 2494 2352 2146
f 2842 2352 2493
f 2948 2623 2359
f 2493 2623 2840
f 2624 2061 2357
f 2624 2357 2358
f 2355 2495 2624
f 2345 2495 2496
f 2497 2626 2363
f 2369 2626 2233
f 2944 2945 2942
f 2067 2366 2629
f 2634 2754 2755
f 2924 2929 2632
f 2363 2629 2366
f 2628 2945 2944
f 2499 2752 2631
f 2628 2629 2630
f 2635 2633 2631
f 2628 2630 2631
f 2628 2631 2633
f 2754 2627 2753
f 2627 2754 2635
f 2939 2632 2929
f 2755 2075 2618
f 2632 2633 2636
f 2627 2635 2631
f 2636 2635 2634
f 2635 2636 2633
f 2925 2636 2634
f 2638 2637 2470
f 2641 2756 2639
f 2510 2638 2325
f 2637 2638 2511
f 2509 2639 2505
f 2639 2469 2641
f 2640 2641 2911
f 2915 2824 2026
f 2756 2637 2511
f 2826 2825 2831
f 3022 3027 2469
f 2396 2644 2643
f 3433 2514 3402
f 2396 2643 2071
f 3438 3437 3463
f 2649 2648 2390
f 2642 2644 2650
f 2849 2962 2758
f 2514 3435 3439
f 2646 2650 2647
f 2393 2395 2648
f 2646 2647 2645
f 2645 2647 2648
f 2648 2647 2393
f 2390 2391 2657
f 2649 2151 2849
f 2647 2650 2644
f 2646 2514 3439
f 2517 2421 2516
f 2678 2421 2547
f 2264 2851 2651
f 2518 2651 2653
f 2759 2654 2653
f 2518 2653 2652
f 2399 2518 2652
f 2653 2851 2759
f 2654 2963 2655
f 2652 2653 2655
f 2654 2655 2653
f 2151 2649 2656
f 2657 2649 2390
f 2391 2392 2657
f 2649 2657 2656
f 2401 2656 2245
f 2655 2656 2652
f 2658 88 87
f 2520 2658 2521
f 2521 2659 2247
f 2660 2659 2407
f 2661 2660 2253
f 2659 2660 2531
f 2662 2253 2406
f 2771 2661 2154
f 2665 2251 2762
f 2154 2662 2664
f 2663 2763 2667
f 2664 2663 2667
f 2406 2251 2665
f 2664 2662 2663
f 2663 2662 2665
f 2665 2662 2406
f 2769 2666 2768
f 2774 2773 2775
f 2663 2761 2763
f 2154 2789 2788
f 2772 2774 2522
f 2532 2669 2255
f 2535 1931 2669
f 2672 2536 2159
f 2671 2536 2672
f 2077 2670 3150
f 3515 3508 3512
f 2672 2077 3496
f 3493 2673 3494
f 2158 2671 3496
f 2539 2674 2280
f 2674 2261 2280
f 2168 2539 2586
f 2791 2670 2159
f 2160 2676 2541
f 3044 2967 2675
f 2792 2420 2262
f 2421 2677 2651
f 2677 2675 2967
f 2678 2675 2677
f 2547 2420 2676
f 2421 2678 2677
f 2547 2676 2678
f 2679 2163 2680
f 2549 2550 2679
f 2699 2430 2697
f 2163 2699 2680
f 2548 2551 2423
f 2555 2549 2557
f 2549 2679 2681
f 2793 2681 2080
f 2864 2863 2794
f 3053 3054 2794
f 2873 3059 3056
f 3668 2683 3060
f 2684 2079 2560
f 2568 2684 2566
f 2686 2688 2694
f 2685 3285 2865
f 2689 2162 2573
f 2687 2686 2689
f 2693 2565 2690
f 2568 2693 2688
f 2695 2694 2692
f 2686 2695 2689
f 2693 2568 2566
f 2687 2568 2688
f 2694 2691 2685
f 2688 3286 2694
f 2571 2573 2162
f 2685 2866 2692
f 2170 2872 2441
f 2565 2693 2566
f 2693 2690 3286
f 3286 2688 2693
f 2694 2695 2686
f 2799 2695 2692
f 2570 2696 2269
f 2588 2696 2572
f 2698 2697 2577
f 2698 2680 2699
f 2577 2580 2702
f 2680 2698 2700
f 2430 2699 2163
f 2697 2698 2699
f 2698 2701 2700
f 2983 2864 2701
f 2698 2577 2702
f 2793 2795 2682
f 2576 2702 2580
f 2698 2702 2701
f 3642 3639 3638
f 2248 2526 2783
f 2274 2581 98
f 2430 2581 2273
f 2709 2704 2082
f 2586 2704 2584
f 2707 3325 3247
f 2708 2710 2706
f 3360 3401 3164
f 2878 2813 2880
f 3250 2805 2708
f 2584 2707 3247
f 3325 2707 2043
f 2706 2710 2586
f 2584 2704 2709
f 2595 2711 2592
f 2713 2310 2816
f 2815 2712 2812
f 2592 2593 2171
f 2714 2176 2291
f 2714 2291 2715
f 2714 2599 2723
f 2456 2717 2291
f 2716 2088 2047
f 2087 2715 2716
f 2291 2717 2715
f 2717 2011 2012
f 2717 2716 2715
f 2599 2714 2718
f 3007 2719 2046
f 2720 2719 2452
f 2817 2720 2447
f 2046 2719 2906
f 2722 2459 2724
f 2718 2722 2599
f 2724 2599 2722
f 2599 2724 2723
f 2727 2724 2459
f 2727 2726 2724
f 3670 2725 2727
f 3672 2725 3670
f 2817 2726 2598
f 3670 2727 2459
f 2726 2727 2725
f 2322 2728 2467
f 2320 2600 2728
f 2317 2729 2603
f 2730 2729 2316
f 2328 2730 2316
f 2192 2606 2730
f 2472 2830 2327
f 2835 2740 2739
f 2611 2615 2734
f 2744 2732 2823
f 2608 2620 2743
f 2620 2740 2741
f 2743 2615 2608
f 2734 2733 2735
f 2733 2823 2735
f 2735 2823 2926
f 2049 2605 2820
f 2824 2742 2909
f 2737 2736 2739
f 2610 2049 2738
f 2822 2738 2049
f 2736 2742 2739
f 2915 2835 2742
f 2740 2617 2741
f 2737 2740 2620
f 2837 2741 3013
f 2733 2741 2744
f 2736 2820 2909
f 2824 2915 2742
f 2733 2734 2743
f 2743 2734 2615
f 2747 2837 3016
f 2732 2744 2747
f 2835 2617 2740
f 3259 3266 3265
f 2923 2917 2838
f 2744 2741 2837
f 2918 2917 2747
f 2748 2337 2622
f 2337 2748 2124
f 2748 2622 3085
f 2623 2227 2359
f 2949 2365 2364
f 2840 2623 2841
f 2843 2846 2845
f 2352 2751 2032
f 2843 2751 2750
f 3678 2625 2496
f 2753 2752 2155
f 2631 2752 2627
f 2534 2753 2155
f 2075 2753 2533
f 2755 2754 2075
f 2635 2754 2634
f 2926 2927 2735
f 2928 2924 3029
f 2639 2756 2511
f 2640 2756 2641
f 2957 2848 2514
f 2963 2850 2962
f 2848 2957 2958
f 3043 2967 3045
f 2960 2850 3038
f 2250 2760 2153
f 2761 2665 2074
f 2348 2760 2250
f 2853 2766 2074
f 2663 2665 2761
f 2252 2762 2251
f 2665 2762 2153
f 2766 2765 2074
f 2667 2763 2666
f 2764 2765 2766
f 2763 2765 2666
f 2764 2767 2765
f 2857 2038 2764
f 2074 2665 2853
f 2856 2853 2854
f 2765 2768 2666
f 2668 2861 3218
f 2531 2661 2771
f 2772 2770 2668
f 2790 2154 2788
f 2668 2770 2771
f 2668 2773 2774
f 2247 2772 2522
f 2771 2790 2668
f 3051 2861 2787
f 2668 2774 2772
f 2773 2073 2775
f 2519 2776 2152
f 2522 2774 2775
f 2779 2775 2073
f 2783 2777 2785
f 2776 2779 2778
f 2526 2525 2781
f 2776 2775 2779
f 2778 2777 2780
f 2779 2073 2786
f 2777 2778 2779
f 2780 2524 2152
f 2780 2777 2781
f 2783 2781 2777
f 2526 2781 2783
f 2782 3216 3352
f 2785 2777 2779
f 2526 2248 2433
f 2980 2981 3655
f 2786 2785 2779
f 2980 2785 2784
f 2073 3148 3217
f 2785 2786 2784
f 2667 3052 2860
f 2787 2982 3047
f 2789 2154 2664
f 2982 2787 2788
f 2667 2789 2664
f 2789 2860 2982
f 2154 2790 2771
f 2790 2788 2787
f 2672 2159 2670
f 2708 2874 2710
f 2989 2539 2168
f 2541 2792 2262
f 2080 2681 2680
f 2559 2681 2793
f 2862 2556 2682
f 2793 2080 2795
f 2559 2793 2556
f 2576 2983 2701
f 2576 2800 2804
f 2795 2080 2864
f 2682 2795 2794
f 2692 2694 2685
f 3241 3544 3535
f 2995 3002 3074
f 2883 2886 2881
f 2799 2689 2695
f 2798 2868 2869
f 2801 2578 2081
f 2802 2800 2703
f 3643 3642 2081
f 2800 2801 3641
f 3660 3640 3663
f 2802 2042 2803
f 3055 2987 3053
f 2795 2864 2794
f 2802 2804 2800
f 2803 2576 2804
f 3055 2803 2042
f 3069 3068 2805
f 2874 2989 2710
f 2709 2875 2806
f 3171 2029 2129
f 2808 2809 2592
f 2713 2593 2712
f 2808 2592 2711
f 2808 2711 2986
f 2592 2809 2593
f 2808 2893 2712
f 3156 3158 2810
f 2993 2889 2022
f 3155 3156 2994
f 2712 2815 2713
f 2044 2890 2812
f 2815 2812 2814
f 2083 2986 2711
f 2898 2871 2985
f 2866 2883 2797
f 3157 2811 3158
f 2904 2902 2905
f 2044 2812 2712
f 2811 2812 2813
f 2814 2812 2811
f 2815 2814 2310
f 2311 2713 2816
f 3243 3242 3675
f 2716 2717 2088
f 2722 2460 2461
f 2087 2460 2718
f 2723 2817 2447
f 2726 2817 2723
f 2447 2176 2723
f 2176 2714 2723
f 2725 2721 2818
f 3011 2908 3004
f 2906 3004 2046
f 2827 2828 2825
f 2731 2820 2821
f 2909 2820 2731
f 2822 2736 2738
f 2731 2821 2819
f 2605 2821 2820
f 2049 2820 2822
f 2736 2822 2820
f 2744 2823 2733
f 2732 3029 2926
f 2827 2824 2731
f 2827 2826 2824
f 2731 2819 2827
f 2640 2829 2050
f 2831 2825 2829
f 2640 2911 2912
f 2826 2827 2825
f 2819 2192 2828
f 2828 2327 2830
f 2474 2832 2833
f 2827 2819 2828
f 2474 2472 2477
f 2480 2832 2474
f 2829 2640 2831
f 2912 2831 2640
f 2833 2829 2825
f 2474 2830 2472
f 2832 2829 2833
f 2828 2833 2825
f 2830 2474 2833
f 2912 2913 2826
f 3015 2922 2745
f 2742 2835 2739
f 2916 2835 2834
f 2916 2617 2835
f 2915 2914 2834
f 3013 2741 2617
f 3108 3016 2836
f 2744 2837 2747
f 2921 2920 2918
f 2838 2918 2920
f 2750 2955 2846
f 2946 3687 2947
f 2842 2840 2750
f 2750 2751 2842
f 2842 2751 2352
f 3037 2951 2953
f 2624 2843 2355
f 2943 3034 2941
f 3111 3113 2919
f 2751 2624 2358
f 2750 2841 2955
f 3137 3683 3686
f 2845 2847 2843
f 2843 2750 2846
f 2646 2645 2957
f 3375 3334 3337
f 2648 2758 2645
f 2849 2758 2649
f 2962 2849 2151
f 2961 2959 2850
f 2651 2851 2653
f 3043 2851 2264
f 3038 3042 2960
f 3041 3040 2964
f 2763 2074 2765
f 2347 2854 2760
f 2853 2760 2854
f 2970 2346 2969
f 2968 2856 2855
f 2764 2766 2968
f 2853 2856 2766
f 2970 2854 2347
f 2764 2968 2857
f 2975 2974 2857
f 3046 2767 2038
f 2768 2767 2769
f 3418 3417 3381
f 3647 3650 3637
f 3641 2801 3642
f 3052 2769 3143
f 3047 2982 2860
f 3050 2787 3047
f 2073 3218 3148
f 2540 2539 2989
f 2159 2540 2791
f 2803 2863 2983
f 3053 2803 3055
f 2080 2700 2864
f 2701 2864 2700
f 3286 3224 3285
f 2887 2885 2881
f 2867 2866 2797
f 2798 2799 2984
f 2866 2867 2692
f 2867 2798 2984
f 2869 2868 2572
f 2798 2870 2872
f 2162 2869 2572
f 2798 2869 2799
f 2590 2985 2083
f 2898 2798 2896
f 2890 2893 2797
f 2798 2872 2868
f 2441 2872 2870
f 2683 2862 3060
f 3250 2708 2706
f 2874 2708 2805
f 2874 2805 3068
f 3174 2104 3173
f 2709 2082 2875
f 3169 3724 3253
f 2811 2813 2878
f 2996 3075 2892
f 2882 2878 2880
f 2878 2882 2810
f 2880 2813 2884
f 2888 2880 2885
f 2882 2880 2888
f 2883 2866 2685
f 2884 2881 2885
f 2685 2865 2883
f 2883 2865 2886
f 3285 2685 2691
f 2881 2884 2883
f 2881 2886 2887
f 2813 2890 2884
f 2865 2891 2886
f 2887 2879 2885
f 2888 2885 2879
f 2885 2880 2884
f 2887 2891 2894
f 2887 2894 2998
f 2882 2892 2889
f 2022 3393 3394
f 2812 2890 2813
f 2893 2890 2044
f 2797 2883 2890
f 2891 2865 3222
f 2891 2796 2894
f 2892 2882 2888
f 2889 2993 2994
f 2997 2996 2888
f 2889 2892 2895
f 2893 2871 2896
f 2884 2890 2883
f 2894 2796 2901
f 2892 2888 2996
f 2999 2900 3000
f 2712 2893 2044
f 2871 2893 2808
f 2898 2896 2871
f 2798 2867 2896
f 2893 2896 2797
f 2867 2797 2896
f 2886 2891 2887
f 3223 3149 3220
f 2791 2989 2874
f 2871 2986 2985
f 2798 2898 2870
f 3003 3000 2899
f 3220 2796 3223
f 2998 3002 2995
f 3220 2901 2796
f 2999 2901 2900
f 2815 2310 2713
f 2310 2814 3243
f 3072 3155 2994
f 2904 2903 2816
f 2902 2023 2905
f 2904 2816 2310
f 3671 2023 3670
f 2903 2905 2463
f 2904 2905 2903
f 2464 2903 2463
f 2726 2906 2598
f 3004 2906 2818
f 3157 3242 3243
f 3072 2994 2992
f 3087 2818 2721
f 3166 3168 3167
f 2824 2909 2731
f 2736 2909 2742
f 2504 3022 2509
f 2913 2914 2026
f 2469 2911 2641
f 2912 2911 2910
f 2913 2912 2910
f 2912 2826 2831
f 2913 2910 2914
f 2826 2913 2026
f 3014 3020 2916
f 2828 2192 3482
f 2914 2915 2026
f 2835 2915 2834
f 2834 3014 2916
f 3025 3096 3016
f 2918 2747 2746
f 2838 2936 2923
f 3015 2921 2922
f 2838 2917 2918
f 3305 3256 3190
f 2921 2918 2746
f 3113 3112 3110
f 2746 3089 2921
f 2919 2920 2921
f 2921 3089 2922
f 2924 2928 2929
f 2917 2923 3029
f 2632 2636 2925
f 2755 2927 2925
f 2735 2927 2618
f 2632 2925 2924
f 2732 2926 2823
f 2927 2924 2925
f 2618 2927 2755
f 2924 2927 2926
f 2928 2039 2929
f 3029 2924 2926
f 2937 2929 2039
f 2939 2929 2937
f 2920 2933 2838
f 2749 2948 2951
f 2932 3113 3110
f 3123 3125 3127
f 2935 2938 3109
f 2934 2936 2933
f 3113 2920 2919
f 2934 2933 2932
f 3030 2940 2930
f 2039 2923 2936
f 2039 2938 2937
f 2941 2946 2944
f 2933 2936 2838
f 2039 2936 2934
f 2938 2039 2934
f 2937 2935 2939
f 2932 3032 2934
f 3031 2940 3109
f 2943 2935 3030
f 2934 3032 2938
f 2632 2939 2942
f 2633 2632 2945
f 2948 2839 2951
f 2942 2941 2944
f 2941 2942 2943
f 2942 2939 2935
f 3034 2950 3035
f 2628 2944 2947
f 2633 2945 2628
f 2942 2945 2632
f 2839 2364 3687
f 2947 2067 2629
f 2628 2947 2629
f 2944 2946 2947
f 2035 2365 2359
f 2948 2949 2839
f 2949 2359 2365
f 3035 2946 2941
f 2359 2949 2948
f 3036 2943 3030
f 3201 2952 2954
f 2950 2953 2951
f 3202 2956 2952
f 3035 2839 2946
f 2953 2954 2952
f 2844 2846 2956
f 2954 2953 2950
f 2952 2956 3037
f 2954 2950 3034
f 3194 2930 2940
f 2364 2067 3687
f 2839 2949 2364
f 2841 2749 2955
f 2952 3037 2953
f 3037 3118 2955
f 2955 2749 3037
f 2847 2496 2495
f 3678 2496 2847
f 2957 2514 2646
f 3403 2514 2848
f 2645 2758 2957
f 2958 2757 3404
f 2758 2959 2957
f 2757 2958 2959
f 2957 2959 2958
f 2959 2758 2962
f 2963 2965 2850
f 2959 2961 2757
f 2961 2850 2960
f 3365 2072 3364
f 2961 3365 3363
f 2963 2962 2151
f 2962 2850 2959
f 2655 2963 2151
f 2759 2965 2654
f 3119 2964 2966
f 3040 3042 3038
f 2654 2965 2963
f 3038 2965 2964
f 2677 2967 3043
f 3039 3040 3041
f 2676 3044 2675
f 3119 3045 2852
f 2856 2968 2766
f 2857 2968 2855
f 2969 2344 2856
f 2856 2854 2970
f 2970 2347 3484
f 2856 2970 2969
f 2625 2971 2344
f 2977 2971 2625
f 2764 2038 2767
f 2976 2038 2857
f 2855 2972 2857
f 2975 2977 3139
f 2344 2972 2855
f 2972 2343 2975
f 3201 3202 2952
f 3134 3131 3312
f 2857 2972 2975
f 2976 2857 2974
f 2977 2343 2971
f 2975 2343 2977
f 3204 3122 3123
f 3680 3678 3681
f 2625 3678 3680
f 2977 3680 3679
f 3680 2977 2625
f 2977 2978 3139
f 3046 2038 3120
f 3212 3210 3277
f 2783 2785 2980
f 3648 2783 2859
f 2981 2980 2784
f 2859 2783 2980
f 3214 3217 3148
f 2981 2782 3655
f 3052 2667 2666
f 2789 2667 2860
f 2769 3046 3144
f 3051 3049 3213
f 2789 2982 2788
f 2790 2787 2861
f 2803 2983 2576
f 2864 2983 2863
f 2692 2984 2799
f 2867 2984 2692
f 2441 2870 2985
f 2898 2985 2870
f 2985 2986 2083
f 2808 2986 2871
f 2987 3056 3054
f 2540 2989 2791
f 2710 2989 2168
f 2166 2875 2082
f 2435 2167 2990
f 2709 2806 2807
f 2876 2806 2875
f 2435 2876 2875
f 2104 2990 2485
f 2806 3175 2807
f 2043 2807 2877
f 3384 2043 2877
f 3401 3393 2022
f 2889 2895 2022
f 2882 2994 2810
f 2882 2889 2994
f 2992 2994 2993
f 2879 2998 2997
f 2998 2894 2999
f 2997 2888 2879
f 2995 3074 3075
f 2998 2879 2887
f 2995 2996 2997
f 2894 2901 2999
f 2997 2998 2995
f 3000 2900 2899
f 2998 2999 3002
f 3159 3077 3161
f 2999 3000 3002
f 3165 3161 3160
f 3401 2895 3076
f 3078 3002 3000
f 3079 3073 3076
f 3159 3003 2899
f 3078 3080 3079
f 2818 3087 3011
f 3082 3081 3005
f 3008 3081 3085
f 2454 3006 2450
f 3007 3006 2454
f 3006 3005 3008
f 2452 3007 2454
f 3007 2046 3009
f 3081 3008 3005
f 3008 3085 3086
f 2908 3009 3004
f 3009 3005 3006
f 3295 3294 3072
f 3010 3184 3011
f 2818 3011 3004
f 3088 3183 3184
f 3183 3166 3012
f 2908 3011 3012
f 2837 3013 2836
f 2617 2916 3013
f 2834 2914 3014
f 2914 3093 3024
f 2745 3307 3191
f 2921 3015 2919
f 3025 3028 3020
f 2914 3024 3018
f 2469 3027 2911
f 3114 3256 3258
f 3096 3097 2922
f 2916 3020 3028
f 2070 3090 3189
f 3024 3026 3098
f 2914 3020 3014
f 3025 3020 3018
f 2070 3021 2507
f 3022 2469 2509
f 3019 3021 3189
f 2911 3023 2910
f 3021 3019 3022
f 3093 2914 2910
f 3688 3026 3094
f 3105 3018 3100
f 3022 3019 3688
f 3017 3100 3103
f 3024 3093 3094
f 3688 3027 3022
f 2911 3027 3023
f 2914 3018 3020
f 3098 3018 3024
f 3108 3025 3016
f 3013 3028 2836
f 2917 3029 2732
f 2928 3029 2923
f 3030 2930 3036
f 2935 2940 3030
f 3110 3031 3032
f 2940 2931 3116
f 3110 3032 2932
f 3032 3031 3109
f 3198 3193 3197
f 3345 3344 3193
f 2942 2935 2943
f 3034 2943 3036
f 3035 2950 2951
f 3035 2951 2839
f 2941 3034 3035
f 2930 2954 3036
f 3034 3036 2954
f 2840 2841 2750
f 2623 2749 2841
f 3037 2749 2951
f 3037 2956 3118
f 2965 3038 2850
f 3038 2964 3040
f 3445 3466 3467
f 3042 3040 3039
f 3045 3119 2966
f 3425 3444 3472
f 3042 3039 3407
f 2960 3042 2072
f 2965 2759 2964
f 2964 2759 3043
f 2851 3043 2759
f 2677 3043 2264
f 2545 2078 3689
f 2160 3044 2676
f 3043 3045 2966
f 2967 3044 3045
f 3120 2038 2976
f 3207 3206 3142
f 3052 3047 2860
f 3048 3213 3049
f 2979 3203 3135
f 3050 3051 2787
f 3050 3047 3143
f 3050 3049 3051
f 3144 3143 2769
f 3050 3143 3049
f 2861 3051 3218
f 2769 3052 2666
f 3047 3052 3143
f 3053 2863 2803
f 3054 3053 2987
f 2794 3054 2682
f 3055 3718 3056
f 3056 3059 3060
f 3061 3063 3057
f 2899 3324 3159
f 3716 3714 3715
f 2873 3058 3059
f 3059 3062 3061
f 3060 2862 2682
f 3059 3668 3060
f 3667 3668 2041
f 3062 3059 3058
f 3059 3061 3668
f 3063 3062 3058
f 3062 3063 3061
f 3056 3060 3054
f 2873 3716 3058
f 3717 3063 3058
f 3718 3713 3714
f 3653 3700 3710
f 3536 3549 2021
f 3288 3323 3324
f 3717 3058 3716
f 3569 3774 3575
f 3057 3575 3774
f 3541 3575 3057
f 2900 3220 3219
f 3225 3226 3287
f 3067 3226 3669
f 3069 2805 2705
f 3068 3069 2988
f 2670 3068 3150
f 2874 2670 2791
f 3245 3246 3249
f 3497 3493 3496
f 2705 3071 3069
f 3069 3071 2988
f 3150 3068 2988
f 2874 3068 2670
f 3163 3297 3245
f 2705 3246 3071
f 3088 3255 3183
f 2895 3075 3074
f 3001 3164 3080
f 3079 3074 3002
f 3076 3074 3079
f 2892 3075 2895
f 2995 3075 2996
f 2895 3074 3076
f 3219 2899 2900
f 3323 3160 3077
f 3000 3003 3078
f 3001 3080 3003
f 3002 3078 3079
f 3078 3003 3080
f 3001 3165 3164
f 3073 3079 3080
f 3082 3005 2908
f 3085 3081 2128
f 3167 2908 3012
f 2128 3081 3082
f 3175 2806 2876
f 3082 2908 3167
f 3168 3253 3084
f 3724 3085 2128
f 2748 3085 2129
f 2622 2491 3086
f 2450 3086 2491
f 2721 3676 3010
f 3011 3087 3010
f 3016 3089 2746
f 3096 3089 3016
f 2747 3016 2746
f 2836 3016 2837
f 2388 3092 2070
f 3099 3106 3017
f 3465 2377 2383
f 2377 3092 2382
f 3092 3091 3477
f 2910 3023 3093
f 3094 3093 3023
f 3688 3094 3023
f 3024 3094 3026
f 3098 3100 3018
f 3100 3104 3095
f 3105 3025 3018
f 2922 3097 2745
f 3096 3095 3097
f 3269 3095 3104
f 3099 3098 3026
f 3098 3103 3100
f 3026 3101 3099
f 3481 3107 3189
f 3104 3100 3017
f 3105 3100 3095
f 3101 3026 3688
f 3101 3019 3107
f 3477 3090 3092
f 3260 3266 3259
f 3098 3099 3103
f 3017 3103 3099
f 3262 3017 3106
f 3268 3259 3265
f 3095 3096 3105
f 3025 3105 3096
f 3099 3101 3107
f 3264 3104 3017
f 3107 3019 3189
f 3102 3106 3107
f 2836 3028 3108
f 3025 3108 3028
f 2935 3109 2940
f 3032 3109 2938
f 2932 2933 3113
f 2931 3031 3110
f 2919 3015 3191
f 2931 3110 3112
f 3192 3115 3111
f 3115 3112 3111
f 3113 2933 2920
f 3112 3113 3111
f 3130 3127 3126
f 3199 3115 3271
f 3191 3192 2919
f 3134 3312 3274
f 3116 3197 3196
f 3117 3194 3195
f 3200 2954 2930
f 3033 3684 3202
f 2846 3118 2956
f 2955 3118 2846
f 2852 3726 3473
f 2964 3119 3041
f 3689 2160 2545
f 3121 3125 3124
f 2979 3046 3122
f 3124 3131 3121
f 3129 3140 3126
f 3046 3120 3122
f 3123 3122 3120
f 3123 3120 2976
f 3121 3129 3125
f 3123 2976 3136
f 3132 3128 3131
f 3127 3125 3129
f 3123 3124 3125
f 3129 3126 3127
f 3349 3350 3416
f 3126 3349 3130
f 3130 3203 3204
f 3195 3196 3033
f 3121 3134 3205
f 3138 3140 3141
f 3135 3130 2858
f 3130 3135 3203
f 3132 3131 3124
f 3141 3205 3133
f 3123 3136 3124
f 3132 2973 3128
f 3121 3131 3134
f 3273 3138 3272
f 3128 3312 3131
f 3270 3312 3313
f 3145 3048 3049
f 3143 3145 3049
f 2974 3136 2976
f 3124 3136 3132
f 2973 3132 2974
f 3136 2974 3132
f 2973 3685 3343
f 3343 3313 3128
f 3683 3685 2978
f 3138 3273 3314
f 3350 3138 3378
f 3139 2974 2975
f 2973 3139 2978
f 3141 3140 3129
f 3140 3138 3350
f 3129 3121 3205
f 3141 3133 3138
f 3143 3144 3142
f 2979 3135 3206
f 3146 3145 3142
f 3143 3142 3145
f 3046 2979 3207
f 3142 3206 3146
f 3210 3146 3135
f 2782 2981 3216
f 3148 3213 3214
f 3569 3575 3541
f 3219 3229 2899
f 3152 2988 3231
f 2988 3152 3150
f 3070 3232 3071
f 3236 3235 3151
f 3497 3496 2077
f 2077 3150 3152
f 2670 2077 2672
f 3153 3072 2992
f 3155 3072 3294
f 3395 2992 3394
f 3153 2991 3296
f 3088 3186 3188
f 2811 2878 3158
f 3156 3155 3154
f 3156 3154 3157
f 2994 3156 2810
f 3242 3157 3154
f 2810 3158 2878
f 3156 3157 3158
f 3324 2899 3229
f 3161 3077 3160
f 3160 3163 3165
f 3001 3003 3161
f 3159 3161 3003
f 3239 3240 3237
f 3245 3297 3298
f 3162 3297 3163
f 3164 3073 3080
f 3245 3249 3163
f 3249 3248 3163
f 3163 3160 2897
f 3164 3165 3163
f 3168 3084 3167
f 3166 3167 3012
f 3082 3167 3084
f 3166 3083 3168
f 3168 3083 3253
f 2104 2482 3173
f 3171 3169 3170
f 2129 3085 3724
f 2483 3178 2482
f 3174 3175 2104
f 3175 2876 2104
f 3169 3176 3170
f 3170 3176 3182
f 3083 3420 3253
f 3180 3176 3172
f 3181 2055 2208
f 2807 3179 3387
f 2807 3175 3179
f 2990 2104 2876
f 3176 3169 3177
f 3176 3177 3172
f 2482 3178 3173
f 3173 3178 3180
f 3180 2483 3181
f 3387 3172 3177
f 3182 3181 2208
f 3179 3175 3174
f 2055 3181 2483
f 3182 2208 2339
f 3180 3182 3176
f 3166 3183 2907
f 3184 3183 3012
f 3011 3184 3012
f 3186 3184 3010
f 2725 3676 2721
f 3244 3673 3675
f 2721 3010 3087
f 3186 3010 3185
f 3188 3186 3185
f 3186 3088 3184
f 3293 3188 3244
f 2907 3183 3255
f 3187 3255 3088
f 2070 3189 3021
f 3189 3090 3481
f 2745 3097 3260
f 3114 3115 3256
f 2745 3191 3015
f 3192 3191 3190
f 3192 3190 3256
f 2919 3192 3111
f 2931 2940 3031
f 3194 2940 3116
f 2931 3199 3197
f 3345 3193 3275
f 3195 3194 3116
f 3117 3200 3194
f 3196 3195 3116
f 3197 3116 2931
f 3196 3193 3344
f 2931 3112 3199
f 3193 3196 3197
f 3115 3114 3271
f 3274 3275 3271
f 3115 3199 3112
f 3197 3199 3198
f 3200 3117 3201
f 2930 3194 3200
f 3200 3201 2954
f 3202 3201 3117
f 3202 3117 3033
f 3202 2844 2956
f 3122 3203 2979
f 3127 3204 3123
f 3130 3204 3127
f 3122 3204 3203
f 3133 3205 3134
f 3129 3205 3141
f 3146 3206 3135
f 3207 3142 3144
f 2979 3206 3207
f 3207 3144 3046
f 3369 3370 3469
f 3315 3135 2858
f 3210 3209 3277
f 3277 3279 3211
f 3212 3145 3146
f 3211 3279 3282
f 3210 3212 3146
f 3211 3145 3212
f 3213 3147 3214
f 3048 3145 3282
f 3213 3148 3051
f 3147 3215 3214
f 3322 3352 3216
f 2784 3216 2981
f 3353 3216 3215
f 3353 3382 3355
f 3215 3216 3214
f 3217 3216 2784
f 2073 3217 2786
f 3216 3217 3214
f 3147 3353 3215
f 2668 3218 2773
f 3148 3218 3051
f 2900 2901 3220
f 3149 3554 3229
f 3149 3219 3220
f 3221 3226 3225
f 2796 2891 3222
f 2796 3221 3223
f 3222 2865 3227
f 3221 2796 3222
f 3221 3225 3223
f 3223 3066 3555
f 3224 3227 3285
f 3224 2041 3227
f 3223 3225 3066
f 3285 3227 2865
f 2041 3226 3227
f 3226 3221 3222
f 2041 3668 3669
f 3287 3226 3067
f 3224 2690 3667
f 3226 3222 3227
f 3564 3555 3541
f 3323 3288 2897
f 3149 3229 3219
f 2897 3237 3240
f 3230 3239 3236
f 3231 2988 3071
f 3233 3231 3230
f 3289 3240 3232
f 3230 3231 3232
f 3523 3238 3234
f 3233 3151 3152
f 3528 3532 3527
f 3514 2040 3509
f 3512 3152 3151
f 3233 3236 3151
f 3233 3152 3231
f 3236 3233 3230
f 3515 3151 3235
f 3232 3239 3230
f 3235 3236 3238
f 2897 3290 3237
f 3291 3234 3238
f 3239 3238 3236
f 3241 3234 3291
f 3239 3237 3291
f 3289 3232 3070
f 3240 3162 2897
f 3540 3529 3538
f 3238 3239 3291
f 3234 3241 3535
f 3188 3293 3187
f 2904 3243 2902
f 2904 2310 3243
f 3188 3185 3244
f 3185 3676 3677
f 2811 3157 2814
f 3243 2814 3157
f 3246 3070 3071
f 3358 3248 3251
f 3247 2705 3250
f 3249 3246 3251
f 3070 3246 3245
f 3299 3325 2043
f 3252 3357 3358
f 3249 3251 3248
f 3247 3252 2705
f 2805 3250 2705
f 3250 2706 3247
f 3246 2705 3252
f 3251 3246 3252
f 3299 3357 3252
f 3248 3358 3360
f 3163 3248 3164
f 3420 3083 3419
f 3724 3169 3171
f 3174 3254 3172
f 3180 3254 3173
f 3174 3172 3179
f 3302 3303 3304
f 3295 3187 3294
f 3192 3256 3115
f 3305 3258 3256
f 3306 2745 3260
f 3328 3305 3306
f 3257 3308 3258
f 3258 3308 3273
f 3262 3264 3017
f 3332 3330 3331
f 3095 3263 3097
f 3260 3327 3306
f 3340 3341 3262
f 3334 3335 3337
f 3106 3102 3262
f 3340 3262 3102
f 3269 3265 3266
f 3260 3097 3263
f 3261 3267 3262
f 3268 3265 3267
f 3104 3264 3265
f 3267 3265 3264
f 3260 3263 3266
f 3269 3263 3095
f 3262 3267 3264
f 3339 3268 3261
f 3337 3336 3375
f 3261 3268 3267
f 3265 3269 3104
f 3263 3269 3266
f 3198 3275 3193
f 3271 3272 3274
f 3272 3271 3114
f 3199 3271 3198
f 3273 3272 3114
f 3274 3272 3133
f 3258 3273 3114
f 3273 2018 3314
f 3134 3274 3133
f 3275 3274 3270
f 3275 3270 3345
f 3271 3275 3198
f 3317 3415 3315
f 3279 3277 3280
f 3212 3277 3211
f 3280 3278 3279
f 3280 3321 3278
f 3280 3277 3209
f 3279 3278 3281
f 3209 3283 3280
f 3595 3579 3283
f 3278 3318 3281
f 2037 3356 3382
f 3211 3282 3145
f 3048 3282 3281
f 3321 3283 3579
f 3213 3048 3147
f 3278 3321 3320
f 2802 3656 2042
f 2073 2773 3218
f 3286 3285 2691
f 3286 2691 2694
f 3224 3286 2690
f 3569 3287 3067
f 3225 3287 3066
f 3071 3232 3231
f 3239 3232 3240
f 3298 3289 3070
f 3162 3240 3289
f 3290 2897 3288
f 3324 3290 3288
f 3228 3563 3290
f 3237 3290 3291
f 3291 3290 3241
f 3292 3242 3154
f 3242 3292 3244
f 3244 3292 3293
f 3154 3294 3292
f 3187 3293 3294
f 3292 3294 3293
f 3296 3295 3072
f 3187 3295 3255
f 3155 3294 3154
f 3153 3296 3072
f 3298 3297 3162
f 3289 3298 3162
f 3070 3245 3298
f 3299 3252 3325
f 3254 3174 3173
f 2907 3255 3296
f 3187 3088 3188
f 3392 3326 3385
f 3083 3166 3303
f 3296 2991 3300
f 3296 3300 2907
f 3295 3296 3255
f 2907 3300 3302
f 3303 3302 3301
f 3166 2907 3304
f 3302 3304 2907
f 3166 3304 3303
f 3306 3305 3190
f 3257 3258 3305
f 3190 3191 3307
f 3260 3259 3327
f 2745 3306 3307
f 3190 3307 3306
f 3329 3332 3308
f 3273 3308 2018
f 3308 3332 3309
f 2018 3308 3310
f 3309 3335 3372
f 3350 3378 3416
f 3481 3477 3476
f 3339 3336 3338
f 3313 3312 3128
f 3274 3312 3270
f 3313 3137 3344
f 3314 2018 3351
f 3138 3133 3272
f 3315 3209 3210
f 3315 3276 3209
f 3135 3315 3210
f 3315 2858 3317
f 2018 3379 3351
f 3283 3316 3346
f 2858 3349 3317
f 3350 3349 3126
f 3283 3209 3316
f 3209 3276 3316
f 3318 2037 3147
f 3048 3281 3147
f 3281 3318 3147
f 3604 3607 3603
f 3320 3560 3356
f 3283 3321 3280
f 3321 3319 3320
f 3320 3318 3278
f 2037 3320 3356
f 3320 2037 3318
f 3160 3323 2897
f 3324 3323 3077
f 3324 3077 3159
f 3554 3553 3567
f 3290 3324 3228
f 3162 3163 2897
f 3325 3252 3247
f 3247 2706 2584
f 3383 3357 3299
f 2992 3395 3153
f 3329 3328 3327
f 3308 3257 3329
f 3305 3328 3257
f 3306 3327 3328
f 3257 3328 3329
f 3309 3310 3308
f 3327 3259 3329
f 3330 3329 3259
f 3268 3330 3259
f 3330 3268 3331
f 3337 3335 3338
f 3402 2514 3403
f 3330 3332 3329
f 3309 3332 3331
f 3405 3363 3366
f 3208 3595 3346
f 3427 3362 3370
f 3337 3338 3336
f 3462 3372 3373
f 3261 3341 3342
f 3410 3336 3339
f 3338 3335 3331
f 3410 3413 3336
f 3331 3268 3338
f 3339 3338 3268
f 3261 3342 3339
f 3476 3340 3102
f 3341 3340 3311
f 3411 3412 2036
f 3262 3341 3261
f 3412 3341 3311
f 3411 3374 3410
f 2973 3343 3128
f 3137 3313 3343
f 3686 3344 3137
f 3344 3033 3196
f 3270 3313 3345
f 3344 3345 3313
f 3346 3316 3377
f 3208 3346 3348
f 3414 3316 3276
f 3454 3456 3431
f 3316 3414 3377
f 3362 3364 3370
f 3130 3349 2858
f 3126 3140 3350
f 3378 3314 3351
f 2018 3310 3379
f 3380 3309 3372
f 3416 3381 3415
f 3657 3352 3322
f 3322 3216 3354
f 3322 3354 3284
f 3216 3353 3354
f 3382 3353 3147
f 3634 3356 3560
f 3633 3354 3355
f 3353 3355 3354
f 3383 3299 2043
f 3252 3358 3251
f 3326 3358 3357
f 3248 3360 3164
f 3359 3358 3326
f 3360 3358 3359
f 3421 3360 3359
f 3164 3401 3073
f 3404 3405 3368
f 2757 2961 3363
f 3408 3370 3364
f 3362 3447 3366
f 2961 2960 3365
f 3366 3363 3362
f 3362 3363 3364
f 2072 3365 2960
f 3363 3365 3364
f 3447 3362 3427
f 3366 3361 3368
f 3368 3361 3422
f 3368 3403 3404
f 3608 3611 3600
f 3408 3364 2072
f 3446 3427 3370
f 3458 3430 3347
f 3458 3460 3461
f 3334 3373 3335
f 3380 3379 3310
f 3334 3431 3373
f 3372 3335 3373
f 3410 3339 3342
f 3434 3424 3433
f 3432 3436 3434
f 3413 3436 3375
f 3315 3415 3276
f 3376 3458 3459
f 3376 3348 3377
f 3348 3346 3377
f 3314 3378 3138
f 3310 3309 3380
f 3379 3380 3429
f 3372 3371 3380
f 3418 3429 3371
f 3379 3429 3351
f 3414 3276 3417
f 2037 3382 3147
f 3355 3382 3356
f 3386 3385 3384
f 3387 3386 2877
f 2043 3384 3383
f 3301 3302 3388
f 3383 3385 3326
f 2877 2807 3387
f 3386 3387 3390
f 3388 3302 3389
f 3300 2991 3389
f 3395 3396 2991
f 3385 3391 3400
f 3386 3390 3385
f 3301 3388 3391
f 3389 3302 3300
f 3387 3419 3390
f 3389 3399 3400
f 3390 3391 3385
f 3400 3391 3388
f 3399 3392 3400
f 3397 3398 3396
f 2993 3394 2992
f 3394 2993 2022
f 3153 3395 2991
f 3393 3397 3394
f 3395 3397 3396
f 3398 3397 3393
f 2991 3396 3389
f 3394 3397 3395
f 3393 3421 3398
f 3396 3399 3389
f 3398 3399 3396
f 3400 3392 3385
f 3400 3388 3389
f 3393 3401 3360
f 3421 3393 3360
f 2895 3401 2022
f 3073 3401 3076
f 3402 3422 3432
f 3411 3443 3374
f 3404 3403 2848
f 3403 3368 3422
f 2958 3404 2848
f 2757 3363 3405
f 3368 3405 3366
f 2757 3405 3404
f 3406 3408 3407
f 3041 3119 3473
f 3444 3407 3039
f 3407 3408 2072
f 3408 3406 3370
f 3042 3407 2072
f 3606 3603 3367
f 3333 3448 3452
f 3411 3410 3342
f 3413 3410 3374
f 3412 3411 3342
f 3411 2036 3443
f 3341 3412 3342
f 2036 3412 3311
f 3413 3374 3436
f 3336 3413 3375
f 3417 3276 3415
f 3377 3414 3376
f 3416 3415 3317
f 3417 3415 3381
f 3349 3416 3317
f 3381 3429 3418
f 3414 3417 3376
f 3418 3371 3461
f 3417 3418 3460
f 3457 3351 3429
f 3381 3416 3378
f 3357 3383 3326
f 3384 3385 3383
f 3169 3253 3420
f 3390 3419 3391
f 3301 3391 3419
f 3419 3177 3420
f 3083 3303 3301
f 3169 3420 3177
f 3083 3301 3419
f 3398 3421 3359
f 3398 3359 3326
f 3399 3398 3392
f 3392 3398 3326
f 3432 3422 3361
f 3403 3422 3402
f 3450 3361 3428
f 3333 3453 3423
f 3438 3463 2071
f 3433 3435 2514
f 3406 3445 3469
f 3503 3734 3500
f 3445 3468 3469
f 3585 3627 3537
f 3470 3478 3367
f 3446 3370 3369
f 3366 3428 3361
f 3427 3409 3428
f 3448 3450 3428
f 3429 3381 3457
f 3371 3429 3380
f 3462 3373 3431
f 3462 3430 3461
f 3454 3334 3453
f 3451 3452 3448
f 3387 3179 3172
f 3419 3387 3177
f 3450 3432 3361
f 3432 3423 3436
f 3434 3433 3402
f 3435 3433 3424
f 3434 3402 3432
f 3374 3443 3434
f 3424 3440 3435
f 3441 3439 3435
f 3436 3423 3375
f 3374 3434 3436
f 3437 3440 3442
f 3471 3464 3437
f 2642 3441 2643
f 3441 2642 3439
f 2642 2650 3439
f 2646 3439 2650
f 3442 3440 3424
f 3438 3440 3437
f 3440 3441 3435
f 2643 3441 3438
f 3424 3434 3443
f 2036 3442 3443
f 3443 3442 3424
f 3041 3473 3039
f 3444 3467 3466
f 3445 3406 3466
f 3607 3604 3369
f 3427 3446 3609
f 3428 3447 3427
f 3366 3447 3428
f 3448 3428 3409
f 3451 3448 3409
f 3448 3333 3450
f 3605 3610 3594
f 3455 3452 3449
f 3450 3423 3432
f 3608 3451 3409
f 3452 3451 3449
f 3449 3601 3455
f 3452 3456 3454
f 3423 3450 3333
f 3453 3333 3454
f 3423 3453 3375
f 3452 3454 3333
f 3334 3454 3431
f 3347 3430 3455
f 3430 3462 3456
f 3452 3455 3456
f 3430 3456 3455
f 3375 3453 3334
f 3381 3378 3457
f 3351 3457 3378
f 3459 3458 3347
f 3460 3458 3376
f 3600 3459 3347
f 3376 3459 3348
f 3417 3460 3376
f 3460 3418 3461
f 3462 3461 3371
f 3461 3430 3458
f 3462 3371 3372
f 3456 3462 3431
f 3463 3437 3464
f 2036 3437 3442
f 3091 2377 3465
f 2380 3465 2383
f 3091 3465 3464
f 3465 3463 3464
f 3466 3406 3407
f 3444 3466 3407
f 3444 3425 3467
f 3755 3757 3749
f 3468 3479 3478
f 3469 3470 3607
f 3406 3469 3370
f 3470 3469 3468
f 3478 3470 3468
f 3470 3367 3603
f 3311 3480 2036
f 3480 3340 3476
f 2852 3473 3119
f 3472 3444 3039
f 3749 3445 3467
f 3445 3426 3468
f 3771 3758 3759
f 3585 3537 3545
f 2036 3471 3437
f 3475 3471 3476
f 3464 3475 3091
f 3480 3476 3471
f 3481 3476 3102
f 3091 3475 3477
f 3476 3477 3475
f 3468 3426 3479
f 3478 3474 3582
f 3479 3426 3752
f 3474 3478 3479
f 3480 3471 2036
f 3340 3480 3311
f 3107 3481 3102
f 3477 3481 3090
f 2828 3482 2327
f 2730 3482 2192
f 2346 3483 2132
f 3484 3483 2346
f 2970 3484 2346
f 2347 2348 3485
f 2340 3485 2348
f 2216 3484 3485
f 3463 2380 2071
f 3492 3489 3510
f 2411 2157 2256
f 2410 2259 3488
f 2410 3486 3489
f 3486 2410 3488
f 3498 3489 3729
f 3489 3487 2410
f 3491 3490 2076
f 2414 3506 3491
f 3489 3498 2076
f 3504 2414 3491
f 3493 2158 3496
f 3486 3488 2158
f 3494 3510 3489
f 2076 3498 3499
f 3496 2671 2672
f 3494 3489 3486
f 3489 3492 3729
f 2673 3507 3510
f 3728 3492 3509
f 3493 3497 2673
f 3512 2077 3152
f 3498 3495 3499
f 3505 3499 3495
f 3491 3499 3504
f 3731 3730 3728
f 3741 3513 3742
f 3499 3505 3504
f 2542 2263 3502
f 3738 3729 3728
f 3785 3500 3501
f 3504 3501 2414
f 3501 3502 2414
f 2263 2414 3502
f 3495 3729 3738
f 3504 3505 3503
f 2257 2157 3506
f 3490 3506 2157
f 3486 2158 3494
f 3493 3494 2158
f 3512 3511 2673
f 2673 3511 3507
f 3523 3234 3522
f 3516 3519 3513
f 3728 3509 2040
f 3510 3509 3492
f 2673 3510 3494
f 3509 3510 3507
f 3512 2673 3497
f 3511 3508 3516
f 3508 3511 3512
f 3556 3513 3519
f 3509 3507 3514
f 3507 3511 3516
f 3512 3497 2077
f 3512 3151 3515
f 3235 3523 3508
f 3517 3519 3508
f 3514 3516 3513
f 3517 3521 3518
f 3519 3516 3508
f 3516 3514 3507
f 3235 3508 3515
f 3519 3517 3518
f 3522 3520 3521
f 3525 3526 3527
f 3519 3518 3556
f 3531 3538 3529
f 3532 3533 3527
f 3522 3521 3517
f 3526 3525 3556
f 3523 3522 3517
f 3522 3234 3543
f 3508 3523 3517
f 3523 3235 3238
f 3777 3725 3727
f 3518 3521 3526
f 3742 3525 3743
f 3521 3520 3526
f 3525 3527 3524
f 3520 3528 3526
f 3527 3526 3528
f 3531 3528 3520
f 3532 3531 3530
f 3542 3531 3520
f 3536 2021 3545
f 3530 3536 3545
f 3533 3524 3527
f 3542 3520 3543
f 3530 3531 3529
f 3531 3532 3528
f 3532 3530 3533
f 3533 3530 3547
f 3535 3534 3543
f 3563 3544 3241
f 3530 3529 3536
f 3550 3552 3540
f 3702 3546 3566
f 3589 3588 3570
f 3619 3592 3629
f 3542 3538 3531
f 3534 3535 3548
f 3548 3540 3538
f 3551 3553 3539
f 3538 3534 3548
f 3565 3550 3564
f 3541 3057 3065
f 3553 3555 3539
f 3543 3520 3522
f 3538 3542 3534
f 3535 3543 3234
f 3542 3543 3534
f 3551 3567 3553
f 3551 3540 3548
f 3585 3545 2021
f 3547 3545 3537
f 3552 3549 3536
f 3546 3565 3566
f 3545 3547 3530
f 3617 3636 3616
f 3535 3544 3548
f 3551 3548 3544
f 3536 3529 3552
f 3702 3586 3546
f 3550 3540 3539
f 3546 3549 3550
f 3544 3563 3567
f 3540 3551 3539
f 3540 3552 3529
f 3549 3552 3550
f 3228 3324 3554
f 3555 3066 3576
f 3324 3229 3554
f 3567 3551 3544
f 3569 3576 3287
f 3223 3568 3149
f 3526 3556 3518
f 3742 3556 3525
f 3632 3634 3635
f 3592 3619 3628
f 3320 3319 3559
f 3623 3615 3631
f 3319 3561 3559
f 3559 3560 3320
f 3634 3633 3356
f 3561 3562 3559
f 3562 3561 3558
f 3290 3563 3241
f 3567 3563 3228
f 3539 3564 3550
f 3555 3564 3539
f 3564 3541 3565
f 3566 3565 3065
f 3550 3565 3546
f 3065 3565 3541
f 3064 3566 3065
f 3566 3064 3702
f 3554 3567 3228
f 3568 3555 3553
f 3554 3568 3553
f 3149 3568 3554
f 3568 3223 3555
f 3569 3541 3576
f 3774 3569 3067
f 3586 3587 2021
f 3626 3578 3622
f 3573 3561 3319
f 3574 3573 3580
f 3598 3594 3571
f 3571 3573 3598
f 3580 3571 3581
f 3626 3561 3574
f 3593 3573 3319
f 3580 3573 3571
f 3573 3574 3561
f 3576 3541 3555
f 3287 3576 3066
f 3549 3586 2021
f 3613 3628 3619
f 3572 3584 3630
f 3574 3578 3626
f 3319 3321 3579
f 3208 3594 3598
f 3606 3610 3603
f 3574 3580 3572
f 3367 3478 3582
f 3580 3581 3584
f 3584 3582 3772
f 3580 3584 3572
f 3752 3426 3749
f 3581 3582 3584
f 3772 3582 3474
f 3584 3583 3630
f 3587 3585 2021
f 3627 3585 3577
f 3588 3589 3587
f 3546 3586 3549
f 3587 3586 3588
f 3587 3577 3585
f 3719 3691 3702
f 3570 3588 3591
f 3628 3589 3570
f 3587 3589 3577
f 3702 3691 3701
f 3590 3692 3694
f 3588 3701 3692
f 3592 3590 3596
f 3620 3621 3612
f 3612 3629 3614
f 3579 3593 3319
f 3598 3593 3579
f 3348 3599 3208
f 3208 3599 3594
f 3346 3595 3283
f 3590 3694 3704
f 3614 3596 3557
f 3627 3577 3628
f 3593 3598 3573
f 3208 3598 3579
f 3595 3208 3579
f 3348 3459 3600
f 3369 3604 3446
f 3347 3601 3600
f 3609 3608 3409
f 3455 3601 3347
f 3608 3601 3449
f 3599 3605 3594
f 3601 3608 3600
f 3606 3367 3581
f 3603 3602 3604
f 3608 3604 3602
f 3609 3604 3608
f 3600 3605 3599
f 3605 3602 3610
f 3571 3610 3581
f 3571 3594 3610
f 3469 3607 3369
f 3470 3603 3607
f 3611 3602 3605
f 3608 3449 3451
f 3427 3609 3409
f 3446 3604 3609
f 3603 3610 3602
f 3581 3610 3606
f 3600 3611 3605
f 3608 3602 3611
f 3612 3614 3620
f 3767 3619 3629
f 3753 3597 3630
f 3779 3751 3756
f 3596 3614 3592
f 3620 3614 3557
f 3631 3624 3625
f 3622 3621 3615
f 3524 3533 3618
f 3636 3537 3616
f 3613 3769 3776
f 3636 3533 3547
f 3618 3617 3747
f 3592 3614 3629
f 3621 3620 3615
f 3615 3623 3622
f 3612 3621 3597
f 3626 3622 3623
f 3623 3631 3625
f 3626 3623 3558
f 3596 3697 3557
f 3654 2703 3652
f 3722 3632 3624
f 3625 3635 3562
f 3626 3558 3561
f 3577 3589 3628
f 3628 3570 3592
f 3616 3627 3628
f 3636 3617 3618
f 3537 3627 3616
f 3591 3592 3570
f 3768 3612 3597
f 3768 3597 3753
f 3628 3613 3616
f 3765 3583 3772
f 3578 3621 3622
f 3597 3621 3630
f 3557 3615 3620
f 3696 3557 3697
f 3697 3695 3696
f 3615 3557 3631
f 3284 3354 3633
f 3559 3634 3560
f 3356 3633 3355
f 3633 3632 3723
f 3635 3634 3559
f 3632 3633 3634
f 3562 3635 3559
f 3632 3635 3625
f 3625 3562 3558
f 3533 3636 3618
f 3537 3636 3547
f 3621 3578 3630
f 3630 3578 3572
f 3632 3625 3624
f 3558 3623 3625
f 3637 3645 3647
f 3650 3649 3651
f 3637 3651 3652
f 2800 3641 2703
f 2165 2276 3644
f 3652 3638 3637
f 3659 3660 3663
f 3284 3633 3723
f 3642 2801 2081
f 3641 3642 3638
f 3643 2081 2428
f 3644 3643 2165
f 3642 3643 3639
f 2432 3644 2276
f 3638 3645 3637
f 3645 3639 3644
f 3644 3646 3645
f 3646 3647 3645
f 2432 3646 3644
f 3648 2248 2783
f 3648 2433 2248
f 2859 3650 3648
f 3648 3647 2433
f 3649 2859 3655
f 3648 3650 3647
f 3649 3661 3651
f 3652 3651 3640
f 3637 3650 3651
f 3654 3660 3659
f 3641 3652 2703
f 3655 3775 3661
f 3624 3631 3698
f 3653 3710 3708
f 2703 3654 3656
f 3650 2859 3649
f 3657 2782 3352
f 3655 2782 3657
f 2703 3656 2802
f 3655 2859 2980
f 3322 3284 3658
f 3720 3666 3658
f 3653 3659 3664
f 3659 3653 3654
f 3775 3658 3666
f 3661 3663 3651
f 3664 3659 3665
f 3654 3652 3660
f 3640 3660 3652
f 3655 3661 3649
f 3775 3322 3658
f 3721 3624 3698
f 3557 3696 3631
f 3651 3663 3640
f 3663 3661 3665
f 3775 3655 3657
f 3659 3663 3665
f 3700 3662 3699
f 3662 3664 3665
f 3662 3665 3666
f 3661 3775 3665
f 3668 3667 2565
f 3224 3667 2041
f 3668 2565 2683
f 3668 3061 3669
f 3067 3669 3061
f 2041 3669 3226
f 3671 2459 2462
f 3672 3670 2023
f 2463 3671 2462
f 3670 2459 3671
f 2023 3671 2905
f 3674 3677 2023
f 2023 2902 3674
f 2902 3243 3675
f 3674 3673 3677
f 3244 3675 3242
f 3673 3674 3675
f 3676 2725 3672
f 3677 3676 3672
f 3676 3185 3010
f 2023 3677 3672
f 3185 3677 3673
f 3244 3185 3673
f 3678 2847 3681
f 3682 3681 2847
f 3682 2847 2845
f 3680 3681 3679
f 3679 3681 3682
f 3682 2845 2844
f 3683 2978 3679
f 2977 3679 2978
f 3682 2844 3683
f 2844 2845 2846
f 2844 3202 3684
f 3684 3033 3686
f 3343 3685 3137
f 2978 3685 2973
f 3683 3679 3682
f 3683 2844 3684
f 3195 3033 3117
f 3344 3686 3033
f 3137 3685 3683
f 3684 3686 3683
f 2839 3687 2946
f 3688 3023 3027
f 3101 3688 3019
f 2078 3727 3689
f 3727 3726 3689
f 2545 3773 3784
f 3689 3045 3044
f 2987 3055 3056
f 3708 3709 2042
f 3586 3701 3588
f 3591 3692 3590
f 3588 3692 3591
f 3712 3690 3713
f 2042 3709 3055
f 3691 3694 3692
f 3697 3704 3705
f 3653 3664 3700
f 3696 3698 3631
f 3696 3695 3698
f 3704 3596 3590
f 3694 3705 3704
f 3698 3695 3699
f 3698 3699 3721
f 3705 3706 3699
f 3700 3664 3662
f 3711 3710 3706
f 3702 3701 3586
f 3692 3701 3691
f 3064 3715 3719
f 3693 3694 3703
f 3691 3703 3694
f 3705 3694 3693
f 3596 3704 3697
f 3705 3693 3706
f 3695 3697 3705
f 3706 3693 3711
f 3699 3706 3700
f 3690 3712 3703
f 3656 3708 2042
f 3653 3708 3656
f 3708 3707 3709
f 3654 3653 3656
f 3713 3707 3712
f 3055 3709 3718
f 3706 3710 3700
f 3710 3707 3708
f 3712 3693 3703
f 3710 3711 3707
f 3707 3711 3712
f 3712 3711 3693
f 3714 3713 3690
f 3707 3713 3709
f 3715 3714 3690
f 2873 3056 3718
f 3690 3703 3719
f 3717 3715 3064
f 3057 3717 3065
f 3063 3717 3057
f 3713 3718 3709
f 3718 3714 2873
f 3064 3719 3702
f 3719 3715 3690
f 2873 3714 3716
f 3715 3717 3716
f 3717 3064 3065
f 3691 3719 3703
f 3720 3662 3666
f 3705 3699 3695
f 3662 3721 3699
f 3624 3721 3720
f 3721 3662 3720
f 3624 3720 3722
f 3720 3658 3722
f 3658 3284 3722
f 3723 3722 3284
f 3632 3722 3723
f 2129 3724 3171
f 3084 3724 2128
f 3781 3733 3778
f 3689 3726 2852
f 3726 3727 3472
f 3727 2078 3782
f 3472 3727 3725
f 3472 3725 3756
f 3473 3726 3472
f 3472 3039 3473
f 3728 2040 3731
f 3505 3495 3738
f 3729 3495 3498
f 3492 3728 3729
f 3737 2040 3741
f 3747 3776 3744
f 3731 2040 3737
f 3503 3505 3738
f 3733 3500 3734
f 3503 3500 3785
f 3734 3730 3736
f 3734 3503 3730
f 3777 3778 3780
f 3730 3737 3736
f 3740 3736 3739
f 3733 3734 3740
f 3730 3731 3737
f 3736 3735 3739
f 2040 3514 3741
f 3736 3737 3735
f 3728 3730 3738
f 3738 3730 3503
f 3736 3740 3734
f 3740 3739 3732
f 3779 3780 3751
f 3513 3556 3742
f 3737 3741 3735
f 3746 3739 3735
f 3743 3525 3524
f 3735 3742 3743
f 3618 3744 3743
f 3741 3742 3735
f 3616 3776 3617
f 3735 3744 3746
f 3618 3743 3524
f 3735 3743 3744
f 3754 3768 3753
f 3760 3739 3746
f 3761 3744 3745
f 3618 3747 3744
f 3747 3617 3776
f 3754 3769 3613
f 3749 3426 3445
f 3749 3467 3755
f 3757 3762 3749
f 3753 3630 3583
f 3748 3766 3763
f 3755 3467 3425
f 3755 3425 3756
f 3748 3762 3757
f 3752 3762 3763
f 3754 3753 3750
f 3583 3584 3772
f 3753 3583 3765
f 3754 3613 3767
f 3764 3754 3750
f 3425 3472 3756
f 3755 3751 3757
f 3779 3725 3777
f 3751 3755 3756
f 3758 3751 3780
f 3757 3751 3758
f 3759 3758 3732
f 3732 3760 3759
f 3746 3761 3760
f 3760 3732 3739
f 3771 3759 3770
f 3761 3746 3744
f 3770 3761 3745
f 3760 3761 3759
f 3763 3762 3748
f 3749 3762 3752
f 3770 3759 3761
f 3765 3763 3750
f 3763 3766 3750
f 3766 3748 3771
f 3750 3766 3764
f 3479 3765 3474
f 3752 3763 3479
f 3479 3763 3765
f 3619 3767 3613
f 3629 3612 3768
f 3754 3767 3768
f 3768 3767 3629
f 3754 3764 3769
f 3745 3769 3764
f 3745 3764 3770
f 3745 3776 3769
f 3766 3770 3764
f 3771 3748 3757
f 3758 3771 3757
f 3766 3771 3770
f 3753 3765 3750
f 3474 3765 3772
f 2543 3773 2545
f 3783 3733 3781
f 3061 3774 3067
f 3057 3774 3061
f 3574 3572 3578
f 3322 3775 3657
f 3775 3666 3665
f 3776 3616 3613
f 3776 3745 3744
f 3784 3781 3782
f 3778 3733 3740
f 3732 3778 3740
f 3781 3778 3777
f 3725 3779 3756
f 3780 3779 3777
f 3778 3732 3780
f 3758 3780 3732
f 3782 3781 3777
f 3781 3773 3783
f 3727 3782 3777
f 3782 2078 3784
f 3500 3773 3501
f 3733 3783 3500
f 2543 3502 3501
f 3504 3785 3501
f 3773 3781 3784
f 2545 3784 2078
f 3773 3500 3783
f 3503 3785 3504
f 141 3920 1
f 4006 3920 141
f 3976 3944 3977
f 4006 3973 3903
f 3919 3920 3903
f 3925 4138 3947
f 3954 3975 127
f 3909 3860 3861
f 4094 3856 4090
f 4018 3975 3952
f 3948 3926 3905
f 3922 3903 3973
f 3973 4006 3923
f 3977 3973 3923
f 130 3950 131
f 3927 4014 132
f 3974 3922 3944
f 4016 3951 4018
f 3926 133 3949
f 3951 4015 3927
f 3971 3972 3942
f 3969 3971 3939
f 3971 3900 3972
f 3954 4020 4021
f 3940 3972 3901
f 4139 4016 4018
f 3921 3919 3903
f 3908 4363 4362
f 3978 3974 3944
f 3923 3945 3977
f 123 122 3955
f 3967 3970 3896
f 3994 4103 4104
f 3939 4136 4060
f 3967 3968 3937
f 4145 4031 3979
f 3937 3968 3969
f 3956 4025 3930
f 2012 2011 4158
f 3970 3967 3938
f 2011 2010 4156
f 3966 3936 4150
f 3963 3966 3892
f 4166 4165 4258
f 3914 3967 3937
f 2011 4156 4158
f 3898 3899 3969
f 4357 4324 4325
f 4161 4255 4159
f 3894 3965 3964
f 2005 2004 4172
f 3923 140 139
f 3909 3862 3922
f 4165 4259 4261
f 138 137 3946
f 4321 4248 3980
f 4171 3830 3831
f 135 3948 3925
f 4175 2002 4176
f 4178 4277 4177
f 3927 3950 3951
f 3852 4218 3851
f 4332 4183 4333
f 4270 4272 4174
f 4023 4098 4128
f 4175 4174 2003
f 3970 3965 3895
f 123 3955 4361
f 3965 3970 3938
f 4180 4278 4074
f 3909 3861 3786
f 3956 3955 122
f 3952 3975 3954
f 3921 3863 3919
f 129 128 4018
f 3864 3919 3863
f 3939 3971 3942
f 3978 3860 3974
f 4090 4091 3990
f 3965 3935 3964
f 3858 4092 4091
f 3927 4015 3906
f 3908 4027 4104
f 3856 3857 4090
f 4215 4093 3854
f 127 126 3954
f 4014 4222 4221
f 4093 3991 3854
f 4230 3911 4045
f 3946 3945 138
f 4218 3852 4095
f 4059 4057 3938
f 4019 4129 4096
f 3850 4096 4129
f 3957 3883 3884
f 4096 3850 3851
f 3900 3901 3972
f 4128 4098 3848
f 133 3948 134
f 4097 3846 3847
f 3931 4032 3910
f 3945 139 138
f 4097 4099 4107
f 4005 4126 4122
f 3844 4226 3843
f 3842 3843 4100
f 3899 3900 3971
f 4107 3844 3845
f 4021 4022 4140
f 4101 4225 3841
f 4365 3976 3977
f 3840 4154 3839
f 4066 4162 4163
f 4225 4155 3841
f 3949 133 132
f 3951 130 129
f 3970 3895 3896
f 4162 4160 3836
f 4265 4167 3833
f 4255 4168 4265
f 3924 4138 4365
f 4159 3835 3836
f 3910 4130 3931
f 3917 3943 3862
f 4266 4167 4169
f 4267 3829 3830
f 1 3920 3864
f 3948 133 3926
f 3829 4177 3828
f 3826 3827 4181
f 3947 3946 137
f 3953 125 124
f 3832 3833 4167
f 3939 4060 3969
f 4171 4170 4267
f 4361 3955 3930
f 4183 1998 1997
f 3959 3958 3887
f 4333 3984 4279
f 3960 4039 4034
f 4337 4338 4184
f 126 125 3954
f 3868 4188 3867
f 4103 3994 4100
f 3921 3922 3863
f 4189 4077 4188
f 3930 3955 3956
f 3871 4193 3870
f 4288 4077 4344
f 3958 3959 3932
f 4115 3801 3802
f 3874 4198 3873
f 3931 3883 3957
f 4195 4080 4193
f 3786 3862 3909
f 4187 4284 4285
f 4348 4207 4312
f 4114 4228 4112
f 3877 4204 3876
f 3963 3893 3964
f 4120 4002 4119
f 4205 4084 4204
f 4118 4152 4116
f 4307 3875 3876
f 3880 4211 3879
f 4137 4136 3942
f 3920 3919 3864
f 4135 4212 4318
f 4008 3882 3883
f 3956 122 121
f 4110 3805 3806
f 3974 3909 3922
f 4008 3881 3882
f 3790 4122 3789
f 4203 4308 4310
f 3892 3966 3891
f 4296 4345 4346
f 3885 4038 3884
f 4121 4056 4058
f 3887 3958 3886
f 3945 3923 139
f 3948 135 134
f 4366 4046 3934
f 3942 3916 4137
f 3958 3960 3886
f 3890 3961 3889
f 4020 3954 3929
f 3947 3924 3946
f 3894 3964 3893
f 3893 3963 3892
f 4008 3883 3931
f 4042 3932 3959
f 132 3950 3927
f 4149 3962 4150
f 3795 4055 3794
f 125 3953 3929
f 3898 3968 3897
f 4125 4236 4124
f 3864 3863 3916
f 3968 3898 3969
f 4032 3931 3957
f 3967 3896 3897
f 3940 3942 3972
f 135 3925 3947
f 3951 3950 130
f 3902 3940 3901
f 1 3864 3941
f 3966 3963 3936
f 3940 3941 3916
f 4362 4106 4364
f 3914 4059 3967
f 3859 3978 4062
f 3965 3894 3895
f 3960 3885 3886
f 3962 3890 3891
f 3916 3941 3864
f 3941 3940 3902
f 3823 3824 4185
f 3959 3887 3888
f 4283 3822 3823
f 3820 3821 4190
f 3975 128 127
f 4186 3823 4185
f 4050 4047 4150
f 141 140 4006
f 3863 3862 3943
f 4302 4196 4197
f 3967 3897 3968
f 3818 4196 3817
f 3918 3787 4004
f 4190 4191 4293
f 3947 137 136
f 3954 125 3929
f 4306 4201 4202
f 3945 3946 3924
f 3811 3812 4315
f 4206 3810 3811
f 3813 4209 3812
f 3962 3934 3961
f 4316 4317 3809
f 4109 3910 4035
f 3933 4039 4037
f 4365 4153 3976
f 4110 4108 4227
f 3804 3805 4227
f 3922 3973 3944
f 3807 3808 4214
f 4128 3848 3849
f 4316 4206 4208
f 3942 3940 3916
f 3814 3815 4201
f 4026 4029 4031
f 4036 4041 3997
f 3949 4014 4013
f 4044 3801 4115
f 3799 3800 4112
f 135 3947 136
f 4040 4044 3999
f 4361 124 123
f 3798 4116 3797
f 3966 4150 3962
f 4228 4117 3798
f 3915 4136 4009
f 1 3941 3902
f 3966 3962 3891
f 4117 4116 3798
f 3804 4111 3803
f 3922 3921 3903
f 4055 3796 4152
f 4012 4010 3925
f 4049 3913 4048
f 4055 4056 3794
f 3922 3862 3863
f 4119 3791 3792
f 4003 4122 4123
f 3934 4149 4366
f 3786 3787 3918
f 3933 4033 4034
f 4126 4004 3788
f 4004 3787 3788
f 3962 3961 3890
f 3862 3786 3918
f 3932 4042 4147
f 3899 3971 3969
f 4046 3961 3934
f 4046 3888 3889
f 4026 4028 4029
f 4048 3963 3935
f 3825 3826 4281
f 3963 3964 3935
f 3960 3958 3932
f 4365 3945 3924
f 3976 4061 4062
f 3860 3978 3859
f 3909 3974 3860
f 3977 3944 3973
f 4320 4246 4146
f 4100 3994 4101
f 2008 4164 2009
f 4162 3837 3838
f 2008 2007 4258
f 2007 2006 4166
f 2003 2002 4175
f 2001 2000 4179
f 4074 4179 4180
f 3824 3825 4281
f 4182 3826 4181
f 3822 4283 3821
f 3867 4188 4187
f 4343 3818 3819
f 4193 4194 4295
f 3816 4197 4301
f 4198 4199 4304
f 4207 4085 4206
f 4307 4204 4203
f 3809 4317 3808
f 4211 4213 4319
f 3904 4138 4010
f 4215 4094 4093
f 4011 3926 4013
f 4017 3906 4015
f 4017 4016 4024
f 4243 4106 4363
f 4143 4245 4142
f 4025 3908 3930
f 4101 3842 4100
f 3846 4107 3845
f 4141 4244 3993
f 4214 4238 4134
f 4213 4241 4350
f 4108 4109 3997
f 4035 4036 3997
f 3911 4147 4042
f 4228 3798 3799
f 3802 3803 4148
f 4044 4040 3911
f 4149 4047 4151
f 4118 4050 4053
f 4049 3935 4051
f 3938 4051 3965
f 3915 4235 4124
f 3790 3791 4234
f 4127 4005 4003
f 3788 3789 4126
f 3917 3862 3918
f 4003 4235 4127
f 4004 4005 3917
f 3917 3918 4004
f 4006 140 3923
f 3903 3920 4006
f 4140 3928 4139
f 4022 3907 4023
f 4130 4008 3931
f 4131 3996 4133
f 3943 3916 3863
f 3917 4005 4127
f 3925 3905 4012
f 4010 4012 3904
f 4011 3905 3926
f 4013 3926 3949
f 4093 4217 3991
f 3948 3905 3925
f 4012 3905 4216
f 4013 4221 4011
f 3906 4222 3927
f 4220 4219 3906
f 132 4014 3949
f 132 131 3950
f 3951 4016 4015
f 4017 3992 4220
f 129 4018 3951
f 4016 3928 4024
f 4016 4017 4015
f 4019 4017 4024
f 3975 4018 128
f 4139 4018 3952
f 4007 4128 4129
f 3992 4017 4019
f 4245 4143 3929
f 4021 4020 3907
f 4021 3907 4022
f 3954 4021 3952
f 4023 3907 4141
f 4097 4098 3993
f 4007 4022 4023
f 4019 4022 4007
f 4140 4022 3928
f 3928 4022 4024
f 4019 4024 4022
f 4028 4025 3956
f 3908 4025 4027
f 4029 4028 3956
f 4027 4030 3994
f 4144 4025 4028
f 4030 4027 4144
f 4029 3956 121
f 4028 4026 4144
f 121 2015 4029
f 4031 2015 4246
f 4145 4030 4144
f 4102 4101 4030
f 2015 4031 4029
f 4247 2014 2013
f 3957 4033 4032
f 4036 4035 4033
f 3884 4038 3957
f 4033 3933 4036
f 4034 4033 3957
f 3960 4034 4038
f 3910 4032 4035
f 4035 4032 4033
f 3933 4037 4036
f 4036 4037 4041
f 4034 4039 3933
f 4037 3999 4041
f 3960 4038 3885
f 3957 4038 4034
f 4147 3960 3932
f 4039 4147 4040
f 3999 4037 4040
f 4039 4040 4037
f 4041 3999 4115
f 4041 4148 4111
f 4045 3959 4043
f 3911 3998 4044
f 3888 4046 3959
f 3912 4231 4229
f 4045 3911 4042
f 4113 3998 4112
f 4044 4113 3801
f 3959 4045 4042
f 4043 4229 4230
f 4046 3889 3961
f 3959 4046 4043
f 3936 4048 4050
f 4151 4047 4000
f 4049 4048 3935
f 4051 3935 3965
f 4049 4001 4054
f 4048 3913 4050
f 3963 4048 3936
f 4053 4050 3913
f 4047 4050 4000
f 4049 4051 4058
f 3913 4049 4054
f 4152 3796 3797
f 4054 4053 3913
f 4053 4052 4118
f 4055 4054 4001
f 4054 4052 4053
f 4055 4001 4056
f 4055 3795 3796
f 4058 4056 4001
f 4056 4121 4233
f 4125 4232 3914
f 4001 4049 4058
f 4121 4057 4120
f 3937 4236 4125
f 4057 4059 3914
f 3967 4059 3938
f 4123 4124 4235
f 3969 4060 4236
f 4061 3904 4091
f 3858 3859 4062
f 3976 3978 3944
f 4062 4061 4092
f 4320 4146 4224
f 4253 4254 4160
f 4157 2010 2009
f 4158 4064 4249
f 4255 3834 3835
f 4257 3838 3839
f 4224 4358 4223
f 4264 4256 3981
f 4157 4064 4156
f 4172 4173 4271
f 4268 4269 4170
f 4260 3981 4259
f 4260 4068 4262
f 4266 3831 3832
f 4359 4169 4069
f 4330 4268 4070
f 2005 4271 2006
f 2001 4179 4176
f 4274 4270 4072
f 4170 4269 4073
f 4280 4275 3983
f 4180 2000 1999
f 4074 4273 4176
f 3827 3828 4277
f 4075 4275 4280
f 3865 4184 1997
f 4192 3865 3866
f 4338 4339 3984
f 4287 3868 3869
f 4077 4289 4284
f 3820 4293 3819
f 4337 4286 4282
f 4184 3984 4183
f 4195 4345 4080
f 4080 4297 4294
f 3817 4302 3816
f 4210 3874 3875
f 4303 3987 4199
f 4313 4356 4311
f 4314 3877 3878
f 4309 4085 4348
f 3988 4308 4309
f 3810 4316 3809
f 3814 4306 3813
f 4354 4347 4313
f 4310 3988 4311
f 4200 4082 4198
f 3881 4008 4318
f 4135 4130 4131
f 3989 4241 4240
f 4132 4133 4134
f 4091 4090 3857
f 4094 3990 4216
f 3858 4091 3857
f 4153 3904 4061
f 4062 4092 3858
f 4061 4091 4092
f 3990 4091 3904
f 4215 3854 3855
f 3853 3854 3991
f 3856 4094 3855
f 4011 4217 3905
f 4220 4218 4219
f 3852 3853 4095
f 4218 4096 3851
f 4019 4096 3992
f 4098 4097 3847
f 4099 4097 3993
f 3848 4098 3847
f 3993 4098 4023
f 4244 4141 4143
f 4107 4099 3995
f 4100 3843 4226
f 4101 3994 4030
f 4030 4145 4102
f 3841 3842 4101
f 3979 4223 4102
f 4154 4155 4063
f 4103 4226 4107
f 4103 4105 4104
f 3994 4104 4027
f 4105 4103 3995
f 3995 4243 4363
f 3908 4104 4105
f 3995 4099 4243
f 4364 4106 4245
f 4103 4107 3995
f 3996 4131 4109
f 4111 4108 3997
f 3997 4109 4035
f 3996 4109 4108
f 3806 4237 4110
f 4108 4110 3996
f 4111 3804 4227
f 4041 4111 3997
f 4113 4112 3800
f 4112 3998 4114
f 3801 4113 3800
f 3998 4113 4044
f 4229 4114 3998
f 4149 4151 3912
f 4115 3802 4148
f 4044 4115 3999
f 4118 4116 4000
f 4231 4117 4114
f 4000 4116 4117
f 4118 4000 4050
f 4118 4052 4152
f 4123 4119 4002
f 3793 3794 4233
f 4232 4057 3914
f 4057 4121 4058
f 4121 4120 3792
f 4122 3790 4234
f 4005 4122 4003
f 4123 4234 4119
f 3915 4124 4060
f 4123 4002 4124
f 4232 4125 4002
f 3937 4125 3914
f 4125 4124 4002
f 4122 4126 3789
f 4004 4126 4005
f 3915 4009 4127
f 4127 4009 3917
f 3943 3917 4009
f 3943 4009 4137
f 4129 4128 3849
f 4023 4128 4007
f 3850 4129 3849
f 4007 4129 4019
f 3910 4131 4130
f 4135 4131 4133
f 4109 4131 3910
f 3996 4110 4134
f 3989 4240 4242
f 4135 4008 4130
f 4134 4133 3996
f 4133 4132 4135
f 3806 3807 4237
f 4237 4214 4134
f 4132 4239 4135
f 4088 4211 4212
f 4060 4136 3915
f 3942 4136 3939
f 3943 4137 3916
f 4136 4137 4009
f 4365 4138 3904
f 3947 4138 3924
f 4138 3925 4010
f 3904 4012 3990
f 3952 4021 4140
f 4016 4139 3928
f 3952 4140 4139
f 3907 4020 4143
f 3993 4023 4141
f 4141 3907 4143
f 4245 3929 3953
f 3929 4143 4020
f 4143 4142 4244
f 4144 4027 4025
f 4145 4144 4026
f 4031 4145 4026
f 4102 4145 3979
f 4246 2015 2014
f 4158 4252 4323
f 4224 4223 3979
f 4040 4147 3911
f 3960 4147 4039
f 4111 4148 3803
f 4115 4148 4041
f 4366 4149 3912
f 3962 4149 3934
f 4050 4150 3936
f 4149 4150 4047
f 4000 4117 4151
f 4231 4151 4117
f 4152 3797 4116
f 4055 4152 4052
f 3976 4153 4061
f 3978 3976 4062
f 4155 4154 3840
f 4154 4063 4357
f 3841 4155 3840
f 4155 4102 4223
f 4157 4156 2010
f 4158 4156 4064
f 4164 4157 2009
f 4064 4321 4249
f 2012 4158 4323
f 4065 4161 4159
f 4253 4160 4066
f 4065 4159 4160
f 4264 4161 4256
f 3981 4260 4263
f 4162 3838 4257
f 4160 4162 4066
f 4163 4257 4154
f 4322 4324 4224
f 4164 2008 4258
f 4164 4067 4157
f 4259 4165 4068
f 4164 4165 4067
f 4166 2006 4271
f 4165 4166 4068
f 3833 3834 4265
f 4169 4167 4069
f 4168 4264 4263
f 4069 4167 4168
f 4260 4262 4359
f 4070 4171 4169
f 4268 4170 4070
f 4177 4170 4073
f 4171 3831 4266
f 4170 4171 4070
f 4172 2004 2003
f 4173 4172 4071
f 4328 4359 4262
f 4166 4173 4068
f 4174 4072 4270
f 4172 4174 4071
f 2002 2001 4176
f 4174 4175 4072
f 4273 4074 3983
f 4072 4175 4176
f 4177 3829 4267
f 4177 4073 4331
f 4276 4331 4274
f 4075 4181 4178
f 4180 4179 2000
f 4176 4179 4074
f 4332 4279 4180
f 4074 4278 3983
f 4181 3827 4277
f 4182 4181 4075
f 4280 3983 4278
f 4360 4281 4336
f 4184 4183 1997
f 4183 3984 4333
f 4192 4184 3865
f 4337 4184 4079
f 4281 4185 3824
f 4186 4185 4076
f 4186 4076 4340
f 4078 4341 4291
f 4284 4187 4077
f 4192 4187 4079
f 4188 3868 4287
f 4187 4188 4077
f 3869 3870 4295
f 4294 4344 4194
f 4283 4190 3821
f 4191 4190 4078
f 3985 4284 4289
f 4192 3866 3867
f 4184 4192 4079
f 4193 3871 3872
f 4194 4193 4080
f 4294 4194 4080
f 4287 4295 4189
f 3872 3873 4304
f 4196 3818 4343
f 4197 4196 4081
f 3986 4294 4297
f 4299 3987 4300
f 4198 3874 4305
f 4199 4198 4082
f 3872 4304 4195
f 4200 4305 4210
f 4356 4355 4200
f 4201 3815 4301
f 4202 4201 4083
f 4300 4303 4083
f 4202 4354 4209
f 4308 4203 4084
f 4210 4203 4087
f 4204 3877 4314
f 4203 4204 4084
f 3878 3879 4319
f 4084 4349 4309
f 4206 3811 4315
f 4208 4206 4085
f 4207 4315 4209
f 4086 4311 4312
f 4353 4309 4351
f 4352 4089 4317
f 4209 3813 4306
f 4207 4209 4086
f 4210 3875 4307
f 4200 4210 4087
f 4212 4211 3880
f 4213 4211 4088
f 4318 3880 3881
f 4212 4135 4239
f 4088 4240 4241
f 4314 4319 4205
f 4317 4214 3808
f 4214 4089 4238
f 4094 4215 3855
f 4217 4216 3905
f 4094 4216 4093
f 4217 4011 3991
f 4216 4217 4093
f 4216 3990 4012
f 4090 3990 4094
f 4218 4095 4219
f 4096 4218 3992
f 4221 4219 4095
f 3927 4222 4014
f 4017 4220 3906
f 4218 4220 3992
f 3991 4221 4095
f 4221 4013 4014
f 3906 4219 4222
f 4221 4222 4219
f 3853 3991 4095
f 3991 4011 4221
f 4097 4107 3846
f 3979 4031 4320
f 4155 4223 4063
f 2012 4323 2013
f 4322 4224 4146
f 4101 4102 4225
f 4155 4225 4102
f 4107 4226 3844
f 4100 4226 4103
f 4110 4227 3805
f 4111 4227 4108
f 4112 4228 3799
f 4117 4228 4114
f 4230 4229 3998
f 4366 4229 4043
f 3911 4230 3998
f 4043 4230 4045
f 4229 4231 4114
f 4151 4231 3912
f 3792 3793 4233
f 4119 3792 4120
f 4002 4120 4232
f 4057 4232 4120
f 4056 4233 3794
f 3792 4233 4121
f 4119 4234 3791
f 4122 4234 4123
f 4127 4235 3915
f 4123 4235 4003
f 3969 4236 3937
f 4124 4236 4060
f 4214 4237 3807
f 4110 4237 4134
f 4238 4089 4242
f 4132 4134 4238
f 4132 4238 4242
f 4212 4239 4088
f 4088 4239 4240
f 4242 4240 4239
f 4241 3989 4350
f 4088 4241 4213
f 4242 4239 4132
f 4242 4089 4352
f 4244 4099 3993
f 4106 4243 4142
f 4142 4243 4244
f 4099 4244 4243
f 4364 4245 3953
f 4106 4142 4245
f 4247 4246 2014
f 4323 4247 2013
f 4246 4247 4146
f 4261 4256 4327
f 4248 4326 4254
f 4250 3980 4253
f 4249 3980 4250
f 4163 4357 4325
f 4325 4250 4066
f 4158 4249 4252
f 4251 4252 4250
f 4250 4252 4249
f 4323 4252 4251
f 4162 3836 3837
f 4159 3836 4160
f 4250 4253 4066
f 4254 4253 3980
f 4248 4254 3980
f 4160 4254 4065
f 4159 4255 3835
f 4168 4255 4161
f 4326 4256 4161
f 4256 4326 4327
f 4154 4257 3839
f 4162 4257 4163
f 4166 4258 2007
f 4164 4258 4165
f 4260 4259 4068
f 4261 4259 3981
f 4262 4068 4173
f 4260 4069 4263
f 4256 4261 3981
f 4165 4261 4067
f 4173 4071 4262
f 4328 4070 4169
f 4069 4168 4263
f 4264 4168 4161
f 3981 4263 4264
f 4255 4265 3834
f 4167 4265 4168
f 4167 4266 3832
f 4171 4266 4169
f 4171 4267 3830
f 4177 4267 4170
f 4330 4328 4329
f 4268 3982 4269
f 3982 4270 4269
f 4269 4270 4274
f 4270 3982 4272
f 4176 4274 4072
f 4172 4271 2005
f 4166 4271 4173
f 4172 2003 4174
f 4268 4330 3982
f 4071 4174 4272
f 4274 4273 4276
f 4176 4273 4274
f 4276 4273 3983
f 4269 4274 4073
f 4075 4178 4275
f 4331 4276 4275
f 3983 4275 4276
f 4275 4178 4331
f 4177 4277 3828
f 4181 4277 4178
f 4180 4279 4278
f 4279 4335 4278
f 1999 4332 4180
f 4335 4334 4280
f 4182 4075 4334
f 4281 3826 4182
f 4281 4182 4335
f 4185 4281 4076
f 4285 4286 4079
f 4283 3823 4186
f 4340 4342 4186
f 4190 4283 4078
f 4192 3867 4187
f 4285 4284 3985
f 4285 3985 4286
f 4187 4285 4079
f 4341 4286 3985
f 4286 4342 4340
f 4287 3869 4295
f 4188 4287 4189
f 4290 4288 4292
f 4078 4291 4290
f 4290 4289 4288
f 4291 4289 4290
f 4288 4344 4292
f 4078 4290 4191
f 4341 4078 4283
f 3985 4289 4291
f 4290 4292 4343
f 4297 4292 3986
f 4196 4343 4081
f 4190 4293 3820
f 4343 4293 4191
f 4080 4345 4297
f 3986 4292 4344
f 4193 4295 3870
f 4295 4194 4189
f 4193 3872 4195
f 4298 4296 4299
f 4298 4081 4297
f 4298 4297 4296
f 4292 4297 4081
f 4296 4346 4299
f 4081 4298 4197
f 3987 4303 4300
f 4298 4299 4197
f 4083 4201 4301
f 4299 4300 4197
f 4083 4301 4300
f 4302 4197 3816
f 3816 4301 3815
f 4300 4301 4197
f 4196 4302 3817
f 4199 4082 4303
f 3987 4299 4346
f 4355 4313 4303
f 4202 4083 4347
f 4198 4304 3873
f 4304 4199 4195
f 4210 4305 3874
f 4198 4305 4200
f 4201 4306 3814
f 4209 4306 4202
f 4204 4307 3876
f 4210 4307 4203
f 4308 4084 4309
f 4310 4308 3988
f 4349 4084 4205
f 4349 4351 4309
f 3988 4312 4311
f 4203 4310 4087
f 4313 4311 4086
f 4087 4310 4311
f 4312 3988 4348
f 4086 4312 4207
f 4354 4313 4086
f 4303 4082 4355
f 4314 3878 4319
f 4204 4314 4205
f 4209 4315 3812
f 4206 4315 4207
f 4206 4316 3810
f 4317 4316 4208
f 4208 4351 4352
f 4214 4317 4089
f 4135 4318 4008
f 3880 4318 4212
f 4211 4319 3879
f 4319 4213 4205
f 4320 4031 4246
f 4224 3979 4320
f 4249 4321 3980
f 4157 4321 4064
f 4327 4157 4067
f 4321 4157 4248
f 4146 4247 4323
f 4324 4322 4251
f 4251 4322 4323
f 4323 4322 4146
f 4324 4357 4358
f 4325 4251 4250
f 4163 4325 4066
f 4251 4325 4324
f 4326 4161 4065
f 4254 4326 4065
f 4327 4326 4248
f 4157 4327 4248
f 4261 4327 4067
f 4071 4329 4262
f 4329 4071 4272
f 3982 4329 4272
f 4262 4329 4328
f 4330 4070 4328
f 3982 4330 4329
f 4177 4331 4178
f 4274 4331 4073
f 1999 1998 4332
f 4332 1998 4183
f 4279 4332 4333
f 4335 4279 3984
f 4075 4280 4334
f 4280 4278 4335
f 4336 4335 3984
f 4182 4334 4335
f 3984 4339 4360
f 4281 4335 4336
f 4286 4337 4079
f 4338 4337 4282
f 4338 4282 4339
f 4184 4338 3984
f 4340 4339 4282
f 4360 4339 4076
f 4339 4340 4076
f 4286 4340 4282
f 4291 4341 3985
f 4342 4283 4186
f 4286 4341 4342
f 4283 4342 4341
f 4344 4077 4189
f 4289 4077 4288
f 4343 3819 4293
f 4343 4292 4081
f 4194 4344 4189
f 3986 4344 4294
f 4346 4345 4195
f 4297 4345 4296
f 4199 4346 4195
f 3987 4346 4199
f 4083 4303 4347
f 4313 4347 4303
f 4348 4085 4207
f 3988 4309 4348
f 4205 4213 4350
f 4350 3989 4351
f 3989 4352 4351
f 4205 4350 4349
f 4351 4208 4353
f 4349 4350 4351
f 4352 3989 4242
f 4208 4352 4317
f 4208 4085 4353
f 4309 4353 4085
f 4209 4354 4086
f 4347 4354 4202
f 4082 4200 4355
f 4356 4200 4087
f 4311 4356 4087
f 4313 4355 4356
f 4154 4357 4163
f 4358 4357 4063
f 4223 4358 4063
f 4224 4324 4358
f 4359 4328 4169
f 4359 4069 4260
f 4281 4360 4076
f 3984 4360 4336
f 4290 4343 4191
f 4361 3930 4362
f 124 4361 3953
f 3930 3908 4362
f 4363 3908 4105
f 3995 4363 4105
f 4106 4362 4363
f 3953 4361 4364
f 4362 4364 4361
f 4365 3904 4153
f 3945 4365 3977
f 4229 4366 3912
f 4046 4366 4043
f 4054 4055 4052
f 4051 3938 4058
f 4058 3938 4057
f 4431 4430 4469
f 4484 5212 5215
f 4399 4398 4617
f 4778 4957 4616
f 4456 4437 4434
f 4508 4566 4567
f 4816 4694 21
f 4396 4485 4620
f 4397 4396 4620
f 4886 4880 4879
f 4406 4773 4407
f 4772 4773 4406
f 4732 4466 4733
f 4880 4884 4879
f 4772 4948 4611
f 4937 4934 4936
f 4781 4782 4780
f 4709 4710 5016
f 4688 4404 4403
f 4563 3886 4510
f 4562 4877 4564
f 4780 4782 4401
f 4393 4392 4491
f 4491 4809 4689
f 4678 4542 4677
f 4542 4383 4382
f 4470 4443 4469
f 4675 4673 4543
f 4443 4467 4442
f 4489 4686 4545
f 5862 5305 5202
f 4380 4379 4673
f 4651 4643 4652
f 5129 4543 4803
f 4850 4848 4845
f 43 4522 44
f 4435 4390 4389
f 36 35 4607
f 4619 4780 4400
f 4767 32 31
f 4492 4392 4391
f 4542 4798 4797
f 4435 4437 4390
f 4457 4494 4495
f 4437 4456 4492
f 4434 4437 4436
f 5015 4554 4707
f 5437 5386 5436
f 4494 4387 4386
f 4389 4388 4435
f 4368 4367 4448
f 4388 4387 4436
f 4493 4434 4436
f 4392 4492 4491
f 4722 4562 4564
f 4420 4720 4421
f 4441 4468 4467
f 4468 4441 4733
f 4707 4411 4410
f 4409 4708 4410
f 4509 4511 4468
f 4470 4469 4430
f 4412 4704 4413
f 4413 4704 4860
f 4441 4443 4470
f 4569 4428 4514
f 4442 4469 4443
f 4468 4466 4509
f 4576 4373 4572
f 4417 4701 4843
f 5169 5170 5171
f 4843 4701 5152
f 4518 4903 4906
f 4445 4447 4476
f 4417 4416 4701
f 5199 4471 4898
f 4505 4873 4871
f 4561 4721 5039
f 4520 4737 4370
f 5059 5058 5060
f 5373 5376 4516
f 4749 4476 4475
f 4423 4422 4717
f 4423 4717 5038
f 4424 4716 4425
f 4864 5017 5023
f 4449 4602 4760
f 4479 3902 4527
f 4427 4566 4428
f 4513 4470 4569
f 4532 4530 4531
f 4591 4528 3900
f 4443 4441 4467
f 4870 4718 4561
f 4431 4442 3882
f 4511 4442 4467
f 4442 3883 3882
f 4447 4446 45
f 4511 3884 3883
f 4589 4912 4477
f 4446 4447 4448
f 3884 4509 3885
f 3888 3887 4562
f 4722 3889 3888
f 5 4587 6
f 4470 4430 4429
f 4506 4562 4889
f 3902 3901 4527
f 3885 4510 3886
f 4395 4394 4777
f 4933 4938 4932
f 3895 3894 4715
f 5777 5788 5776
f 44 4476 4447
f 4374 4574 4739
f 4509 4510 3885
f 4520 4370 4369
f 5239 5120 5235
f 4575 4515 4572
f 4481 4598 4597
f 4520 4369 4521
f 5559 6001 5999
f 4367 46 4446
f 4712 5151 4840
f 44 4522 4476
f 4448 4367 4446
f 46 45 4446
f 5555 6012 6013
f 4714 4558 4713
f 4368 4521 4369
f 4372 4572 4373
f 4883 4887 4727
f 4686 4489 4804
f 4649 4661 4663
f 4576 4374 4373
f 4448 4474 4521
f 4448 4447 4445
f 4474 4448 4445
f 43 42 4578
f 4378 4377 4685
f 4435 4436 4437
f 4495 4386 4385
f 4745 40 39
f 4436 4435 4388
f 4579 4742 4743
f 4493 4436 4387
f 4391 4390 4437
f 5297 5184 5414
f 4747 38 37
f 5172 4719 5037
f 5068 5955 4908
f 5177 5180 5182
f 4442 4431 4469
f 5194 5051 4472
f 4907 4906 4746
f 4768 4610 4942
f 5441 5329 5334
f 4400 4399 4617
f 4479 4478 4525
f 45 44 4447
f 4768 4609 4767
f 5396 5531 5349
f 4819 23 4695
f 4825 4548 4826
f 4501 4853 4855
f 5076 4608 33
f 22 4697 23
f 4813 26 25
f 4813 4815 26
f 4415 4414 4842
f 5327 5328 5265
f 5353 5035 5350
f 4536 5078 4763
f 4717 4718 4560
f 4579 4744 5052
f 9 4863 10
f 4697 22 4693
f 4808 4995 4688
f 3 2 4479
f 4486 4624 4631
f 4525 4 3
f 3902 2 1
f 3892 4869 4714
f 4524 4526 4589
f 4525 4526 4590
f 4621 4540 4614
f 4615 4779 4785
f 4627 4631 4624
f 4713 3894 3893
f 4726 3890 4724
f 4809 4434 4810
f 6 4755 7
f 3894 4713 4715
f 4600 4534 3897
f 4789 4645 4633
f 4534 4598 4596
f 4999 4694 4816
f 4529 4480 4528
f 4479 4530 4478
f 4769 4771 4610
f 4778 4393 4491
f 4529 4591 4592
f 3901 3900 4528
f 5197 5305 5053
f 4383 4797 4384
f 4495 4494 4386
f 4700 4699 4838
f 4494 4493 4387
f 4491 4492 4456
f 4493 4457 4810
f 18 17 4838
f 4942 5090 4537
f 4799 4672 4988
f 4384 4797 4799
f 18 4837 4817
f 14 4840 15
f 4493 4494 4457
f 4376 4687 4377
f 4724 3889 4722
f 4477 4755 4524
f 4752 4586 4751
f 5222 5101 4983
f 4491 4955 4778
f 4680 5110 4678
f 8 7 4909
f 4396 4775 4485
f 12 4865 13
f 4751 9 8
f 4711 4865 4709
f 4538 5095 5094
f 5508 5430 5510
f 4457 4495 4812
f 12 11 4709
f 4867 13 4865
f 4437 4492 4391
f 22 21 4693
f 5579 5123 5514
f 4677 4382 4676
f 4661 4980 4659
f 4730 4566 4427
f 4509 3884 4511
f 4510 4509 4466
f 4510 4466 4732
f 4563 4562 3887
f 4442 4511 3883
f 4468 4511 4467
f 4513 4734 4470
f 4513 4570 5952
f 4882 5174 4885
f 4429 4569 4470
f 4512 4734 4513
f 4566 4514 4428
f 4513 4514 4508
f 4572 4735 4575
f 5373 4899 5371
f 5198 5370 4471
f 5130 5131 4992
f 4578 4742 4579
f 4580 4517 4585
f 4518 5045 4744
f 4579 4517 4578
f 4607 4764 36
f 4474 4748 4520
f 4448 4521 4368
f 4520 4521 4474
f 4476 4522 4475
f 4475 4522 4578
f 4580 4585 4749
f 4449 4760 4533
f 5016 4556 4709
f 5 4 4590
f 4524 4589 4477
f 4526 4525 4478
f 4533 4478 4532
f 4587 4590 4524
f 4479 2 3902
f 4525 3 4479
f 4528 4527 3901
f 4527 4528 4530
f 4591 3900 3899
f 4528 4480 4530
f 4592 3899 3898
f 4529 4592 4593
f 4530 4479 4527
f 4531 4530 4480
f 4756 4480 4529
f 4532 4531 4449
f 4532 4449 4533
f 4478 4530 4532
f 4449 4594 4602
f 4534 4600 4598
f 4592 4595 4593
f 5077 5078 5084
f 29 4769 30
f 4768 4942 4943
f 4777 4954 4395
f 4623 4620 4485
f 4786 4629 4485
f 4618 4398 4620
f 4622 4619 4540
f 4640 4644 4654
f 4972 4670 4971
f 4382 4381 4676
f 4542 4487 4798
f 4544 4684 4803
f 4671 4680 4678
f 4543 5129 4683
f 4674 4543 4673
f 4577 4901 4902
f 4807 4489 4545
f 5095 5096 5309
f 4812 4801 4690
f 4966 4632 4970
f 4814 4691 4813
f 4610 5087 4942
f 4693 21 4696
f 4998 4818 4550
f 4696 4549 4693
f 14 4867 4868
f 5004 5007 4551
f 5008 4841 5010
f 4721 4561 4720
f 4704 4844 4705
f 5152 4841 4552
f 4850 4554 4853
f 4705 4553 4704
f 4862 4709 11
f 4709 5027 4711
f 4713 3892 4714
f 4715 4930 4759
f 4721 4720 4874
f 4721 4874 4875
f 3887 3886 4563
f 4506 4877 4562
f 4890 4732 4891
f 4562 4563 4889
f 4877 5948 4723
f 4724 4564 4725
f 4724 3890 3889
f 4514 4566 4508
f 4730 4427 4426
f 4888 5279 5281
f 4733 4441 4734
f 5952 4894 4512
f 4428 4569 4429
f 4513 4569 4514
f 4570 4513 4508
f 4570 4465 5952
f 5281 4571 4567
f 4508 4571 4570
f 4735 4372 4371
f 5953 4576 4515
f 4573 4735 4736
f 4900 4515 4898
f 4577 4739 4741
f 4735 4572 4372
f 4515 4576 4572
f 4374 4576 4574
f 4739 4375 4374
f 4742 42 41
f 4580 4578 4517
f 4743 41 40
f 4579 4743 4744
f 4475 4578 4580
f 4742 4578 42
f 4747 4907 4746
f 4744 4743 4903
f 6024 5068 4583
f 5048 5201 4473
f 4445 4749 4474
f 5192 5193 4472
f 4749 4585 4750
f 4578 4522 43
f 4753 9 4751
f 4587 5 4590
f 4755 4587 4524
f 4911 4477 4912
f 4478 4589 4526
f 4912 4589 4533
f 4525 4590 4
f 4590 4526 4524
f 4592 4591 3899
f 4528 4591 4529
f 3898 4534 4592
f 4604 4595 4596
f 3897 4534 3898
f 4594 4603 4602
f 4531 4594 4449
f 4531 4480 4756
f 4592 4534 4595
f 4756 4593 4594
f 4596 4595 4534
f 4598 4600 4758
f 4596 4481 4604
f 4929 4601 4930
f 4596 4598 4481
f 4481 4601 4761
f 4911 4915 4754
f 3897 3896 4600
f 4600 3896 4758
f 4603 4605 5069
f 4603 4594 4593
f 4602 4599 4913
f 4481 4597 4601
f 4593 4604 4603
f 4603 4599 4602
f 4604 4593 4595
f 4604 4481 4605
f 4761 4605 4481
f 4605 4761 4917
f 4605 4603 4604
f 4589 4478 4533
f 4765 4607 4535
f 4606 35 34
f 4764 4765 4908
f 4535 4607 35
f 4535 4606 4763
f 4766 33 32
f 4536 5076 4941
f 4769 29 4771
f 5085 4947 4692
f 4772 4406 4405
f 4949 4773 4611
f 4808 4688 4975
f 4950 5316 4951
f 4621 4629 4628
f 4540 4617 4618
f 4776 4954 4615
f 4616 4777 4778
f 4616 4957 4779
f 4618 4617 4398
f 4540 4619 4617
f 4618 4614 4540
f 4780 4401 4400
f 4397 4620 4398
f 4614 4618 4620
f 4621 4624 4540
f 4400 4617 4619
f 4621 4627 4624
f 4624 4622 4540
f 4623 4621 4614
f 4620 4623 4614
f 4485 4629 4623
f 4628 4626 4627
f 4486 4622 4624
f 4640 4653 4631
f 4541 4625 4653
f 4630 4626 4628
f 4626 4630 4635
f 4619 4622 4625
f 4628 4627 4621
f 4627 4626 4631
f 4621 4623 4629
f 4628 4452 4630
f 4786 4775 4615
f 4452 4628 4629
f 4634 4630 4452
f 4626 4635 4638
f 4959 4785 4539
f 4632 4976 4648
f 4790 4657 4650
f 4638 4640 4626
f 4785 4959 4961
f 4635 4636 4633
f 4638 4635 4639
f 4452 4962 4969
f 4634 4636 4630
f 4634 4787 4636
f 4636 4648 4633
f 4637 4638 4639
f 4626 4640 4631
f 4636 4635 4630
f 4639 4635 4633
f 4638 4637 4640
f 4645 4649 4643
f 4639 4633 4643
f 4651 4637 4639
f 4640 4637 4644
f 4643 4649 4641
f 4793 4796 4664
f 4660 4667 4654
f 4486 4653 4625
f 4645 4643 4633
f 4643 4641 4652
f 4657 4790 4651
f 4642 4654 4644
f 4645 4433 4649
f 5118 5116 5117
f 4642 4644 4656
f 4787 4648 4636
f 4977 4976 4632
f 4645 4789 4433
f 5103 5225 5223
f 4649 4433 4661
f 4650 4793 4664
f 4642 4664 4660
f 4643 4651 4639
f 4657 4651 4646
f 5117 4646 5118
f 4651 4652 4646
f 4653 4640 4647
f 4631 4653 4486
f 4640 4654 4647
f 5375 5908 5374
f 4641 4649 4663
f 4790 4644 4637
f 4664 4656 4650
f 4794 4657 4646
f 4650 4656 4790
f 4622 4486 4625
f 4654 4658 4647
f 4642 4660 4654
f 4660 4666 4667
f 4781 4541 4971
f 4625 4541 4781
f 4982 4979 4976
f 5101 5936 5956
f 4647 4658 4653
f 4642 4656 4664
f 4455 4666 4660
f 4980 4433 4978
f 4659 5956 4663
f 5956 5102 5958
f 5120 5122 5235
f 4659 4663 4661
f 4663 4662 5233
f 5115 4792 5119
f 4455 4660 4664
f 4984 5384 5387
f 4972 4658 4669
f 5436 5510 4455
f 4654 4667 4658
f 4668 4666 5509
f 4667 4666 4668
f 4668 4665 5314
f 4658 4541 4653
f 5424 4490 5314
f 5311 4994 5312
f 4667 4668 4658
f 4669 4658 4668
f 4808 4975 4546
f 4802 4381 4380
f 4488 5112 4681
f 4678 5110 4487
f 4385 4799 4495
f 4543 4683 4682
f 4674 4379 4685
f 4676 4675 4671
f 4673 4675 4802
f 4676 4671 4677
f 4802 4676 4381
f 4678 4677 4671
f 4382 4677 4542
f 4679 4680 4681
f 4542 4678 4487
f 4680 4679 5110
f 4675 4682 4671
f 5108 5109 5110
f 4680 4671 4682
f 4683 4681 4682
f 4543 4682 4675
f 4680 4682 4681
f 4803 4543 4674
f 4488 4681 4683
f 4684 4804 4805
f 4805 5130 4684
f 4674 4685 4544
f 4544 4685 4686
f 4685 4377 4686
f 4686 4687 4545
f 4545 4687 4375
f 4403 4782 4784
f 4809 4456 4434
f 4689 4956 4955
f 4495 4799 4801
f 4811 4547 4689
f 4996 25 24
f 4997 4815 4691
f 5134 4548 4829
f 4549 4695 4697
f 4816 20 19
f 4821 4824 4834
f 4826 4691 4814
f 4999 4696 4694
f 4549 4697 4693
f 23 4697 4695
f 4816 4817 4698
f 5003 4699 5004
f 4837 4699 4550
f 4415 4842 5009
f 4852 4851 4702
f 5352 5359 5399
f 4706 4860 4704
f 4844 4412 4411
f 4705 4844 4845
f 4844 4704 4412
f 4845 4848 4705
f 4706 4704 4553
f 4861 4860 4706
f 4707 4708 5014
f 4862 11 10
f 4556 5027 4709
f 4710 4863 5017
f 4866 5949 5166
f 13 4867 14
f 5004 4700 5007
f 4839 4840 4700
f 4715 4713 4930
f 4869 3892 3891
f 4565 4728 5074
f 4503 4931 5073
f 4597 4598 4758
f 3892 4713 3893
f 4930 4713 4558
f 4560 4719 5038
f 4422 4720 4717
f 4716 4719 4559
f 4421 4720 4422
f 4718 4717 4720
f 4560 5038 4717
f 4874 4420 4419
f 4718 4720 4561
f 4875 4419 4418
f 4876 4721 4875
f 4874 4720 4420
f 4562 4722 3888
f 4724 4722 4564
f 4507 5074 4728
f 4564 4877 4725
f 4724 4565 4726
f 4725 4723 4729
f 4726 4565 4869
f 3891 3890 4726
f 4464 4878 4723
f 4729 4878 4727
f 4724 4725 4565
f 4729 4728 4725
f 4725 4728 4565
f 4727 4507 4728
f 4878 4729 4723
f 4728 4729 4727
f 4566 4730 4567
f 4508 4567 4571
f 4510 4890 4563
f 5293 5950 4568
f 4466 4468 4733
f 4891 4732 4568
f 4470 4734 4441
f 4732 4733 4893
f 4894 5952 4892
f 4732 4893 4568
f 4736 4735 4371
f 4575 4735 4573
f 4737 4371 4370
f 4736 4371 4737
f 4895 4737 4896
f 4896 4738 4895
f 4575 4897 4515
f 4738 5200 4573
f 4741 4739 4574
f 4375 4739 4577
f 4576 5953 4574
f 4901 4740 5373
f 4545 4375 4577
f 4899 5954 5953
f 4577 4741 4740
f 4743 4742 41
f 4745 4743 40
f 4903 4518 4744
f 5045 4518 5046
f 4905 4517 4579
f 4581 4745 39
f 4743 4745 4581
f 4582 4747 37
f 4764 37 36
f 4580 4749 4475
f 4585 5193 4750
f 4584 4748 4750
f 4751 8 4909
f 4753 4751 4586
f 4909 4755 4752
f 4863 4710 4862
f 4755 4477 4588
f 4915 4599 4921
f 4755 6 4587
f 4755 4588 4910
f 4593 4756 4529
f 4531 4756 4594
f 5069 4917 4919
f 4477 4911 4588
f 4758 3896 3895
f 4601 4597 4930
f 4597 4758 4759
f 4913 4760 4602
f 4912 4760 4757
f 4601 4762 4761
f 4921 4914 4922
f 4931 4762 4929
f 5964 5965 5968
f 4929 4762 4601
f 4920 4916 4918
f 4606 4535 35
f 34 33 4606
f 4608 4606 33
f 5081 4763 5079
f 4608 4763 4606
f 5081 4535 4763
f 4764 4607 4765
f 4582 37 4764
f 4908 4765 4583
f 4609 4941 5076
f 4946 31 30
f 4766 4767 4609
f 4946 4767 31
f 4768 4946 4769
f 28 5085 4771
f 4768 4769 4610
f 4947 28 27
f 4770 4692 5087
f 28 4771 29
f 4610 4771 4770
f 4773 4772 4611
f 4404 4995 5132
f 4611 4948 4538
f 4949 4611 4538
f 4774 4613 5218
f 4952 4555 5014
f 4776 4775 4396
f 4786 4615 4785
f 4395 4776 4396
f 4775 4776 4615
f 4778 4777 4394
f 4954 4777 4616
f 4393 4778 4394
f 4785 4779 4539
f 4954 4779 4615
f 4619 4781 4780
f 4625 4781 4619
f 4670 4782 4781
f 4402 4401 4782
f 4971 4670 4781
f 4783 4782 4670
f 4402 4782 4403
f 4972 4974 4670
f 4403 4784 4688
f 4782 4783 4784
f 4958 4539 4957
f 4786 4962 4629
f 4775 4786 4485
f 4785 4961 4962
f 4970 4787 4634
f 4648 4787 4632
f 5111 5107 5108
f 4433 4789 4979
f 4633 4648 4789
f 4979 4789 4648
f 4644 4790 4656
f 4651 4790 4637
f 5115 4791 5384
f 4793 4650 4794
f 4455 4664 4796
f 4650 4657 4794
f 4796 4793 4795
f 5117 4794 4646
f 4793 4794 5117
f 4795 5115 4984
f 4795 4793 4792
f 4796 4795 5436
f 4542 4797 4383
f 4799 4797 4672
f 5109 5113 4487
f 4797 4798 4672
f 4384 4799 4385
f 4798 4986 4672
f 4800 4989 4990
f 4690 4801 4800
f 4988 4672 4986
f 4801 4799 4800
f 4685 4379 4378
f 4673 4379 4674
f 4673 4802 4380
f 4676 4802 4675
f 4544 4803 4674
f 4684 5128 5129
f 4804 4489 4805
f 4686 4804 4544
f 5127 4805 4489
f 4992 5229 5128
f 4687 4686 4377
f 4577 4807 4545
f 4993 4806 4902
f 4375 4687 4376
f 4995 4612 4948
f 4809 4491 4456
f 4955 4491 4689
f 4434 4493 4810
f 4811 4809 4810
f 4812 4810 4457
f 4811 4810 4690
f 4811 4690 4990
f 4689 4809 4811
f 4801 4812 4495
f 4810 4812 4690
f 4813 25 4996
f 4815 4813 4691
f 23 4819 24
f 5086 4692 4947
f 4816 21 20
f 4696 21 4694
f 19 4817 4816
f 4698 4550 4818
f 18 4817 19
f 4999 4549 4696
f 4999 4816 4818
f 4819 4695 4821
f 4996 4819 4814
f 4695 4824 4821
f 4829 4548 4825
f 4824 4549 4822
f 4821 4820 4823
f 4549 5000 4822
f 4822 5000 5257
f 4825 4823 4820
f 4549 4824 4695
f 4824 4822 4834
f 4814 4819 4823
f 4821 4823 4819
f 4828 4825 4820
f 4829 4828 4831
f 4814 4823 4826
f 4823 4825 4826
f 4828 4820 4833
f 4827 5143 5001
f 4548 4997 4691
f 4496 4831 4832
f 4830 4833 4834
f 4831 4828 4827
f 4828 4829 4825
f 5134 5133 4997
f 5002 4835 5001
f 4833 5141 4828
f 4831 4827 4832
f 4829 4831 4496
f 4827 4836 4832
f 4834 4833 4820
f 4833 4830 5141
f 4834 4820 4821
f 4834 4822 5257
f 5589 5614 4835
f 5612 5649 5647
f 4836 5623 5622
f 5615 4835 5614
f 4838 4837 18
f 4699 5003 4550
f 4838 17 16
f 4700 4838 4839
f 4839 16 15
f 4416 5009 4701
f 5010 4841 5009
f 4860 4414 4413
f 4842 4861 5010
f 4418 4417 4843
f 4876 4875 4703
f 4411 4707 4844
f 4850 4853 4846
f 4848 4553 4705
f 4844 4707 4845
f 4554 4845 4707
f 5163 4859 5161
f 4848 4850 4847
f 4848 4847 4849
f 4847 5162 4849
f 4849 4500 4854
f 4553 4848 4849
f 4554 4850 4845
f 5161 5162 5163
f 5540 5974 5973
f 4553 4852 4706
f 4849 4852 4553
f 4855 4853 4554
f 4846 4853 4501
f 5544 5540 5541
f 4852 4854 4851
f 4702 5010 4861
f 4852 4702 4861
f 4854 4852 4849
f 4858 4846 4501
f 4859 4858 5012
f 5015 4855 4554
f 5270 5012 4858
f 4857 5012 5013
f 5528 5270 4858
f 4858 4859 4846
f 4842 4414 4860
f 4852 4861 4706
f 4410 4708 4707
f 4952 5014 4708
f 4863 4862 10
f 4709 4862 4710
f 5023 5949 4864
f 5018 4863 4753
f 4709 4865 12
f 4867 4865 4711
f 5028 5031 5030
f 4711 5028 4867
f 4711 5027 5028
f 5032 4868 5030
f 4867 5028 5030
f 4840 4868 5032
f 4726 4869 3891
f 5075 4565 5074
f 4870 5039 4505
f 4870 4505 4871
f 4872 5356 5167
f 4718 4870 4560
f 4871 4560 4870
f 4872 5167 5171
f 4719 5172 4559
f 5168 5167 4873
f 5038 4719 4716
f 4871 5037 4560
f 4875 4874 4419
f 4418 4843 4875
f 5350 5035 5167
f 4721 4876 5039
f 5948 4877 4506
f 4725 4877 4723
f 5951 4884 4880
f 4878 4464 4880
f 5044 5041 4440
f 4883 4727 4878
f 4886 4883 4878
f 5041 4879 4885
f 4887 4507 4727
f 5294 5293 4894
f 4884 4885 4879
f 4886 4878 4880
f 4883 4881 4887
f 5951 4880 4464
f 4885 4884 4882
f 5040 5175 5174
f 4885 4440 5041
f 5044 5179 5041
f 4881 4883 4886
f 5189 5177 5182
f 4426 4716 4730
f 4567 4730 4888
f 4888 4559 5279
f 4716 4888 4730
f 4890 4889 4563
f 4889 4731 5948
f 4732 4890 4510
f 4889 4890 4731
f 5950 4891 4568
f 4890 4891 4731
f 5290 4465 5040
f 5293 4893 4894
f 4733 4734 4893
f 4894 4893 4734
f 4512 4894 4734
f 4736 4737 4895
f 4520 4896 4737
f 4896 5056 4738
f 4573 4897 4575
f 4897 5199 4898
f 4738 4573 4736
f 4900 4898 4471
f 4515 4897 4898
f 4900 4471 5371
f 5954 4574 5953
f 4900 4899 5953
f 4902 4901 4516
f 4577 4740 4901
f 4902 4516 5924
f 4902 4806 4577
f 4743 4581 4903
f 5046 5049 4904
f 5051 4905 5047
f 5045 5047 5052
f 5194 4472 5193
f 5201 4906 4519
f 4904 5045 5046
f 4906 4903 4746
f 38 4581 39
f 4903 4581 4746
f 4906 4907 4519
f 4747 4746 4581
f 4582 4908 4907
f 4907 4908 5955
f 4764 4908 4582
f 4583 5068 4908
f 4445 4476 4749
f 4750 4748 4474
f 4750 4474 4749
f 4755 4909 7
f 4751 4909 4752
f 4752 4910 4523
f 4755 4910 4752
f 4863 9 4753
f 4928 4754 4927
f 4754 4910 4588
f 4599 5069 4919
f 4754 4588 4911
f 4760 4912 4533
f 4911 4912 4757
f 4760 4913 4757
f 4715 4758 3895
f 4759 4758 4715
f 4918 5203 4920
f 4913 4599 4757
f 4915 4921 4922
f 4757 4915 4911
f 4917 4761 4918
f 4757 4599 4915
f 4761 4762 4918
f 4917 4916 4919
f 4916 4917 4918
f 4599 4919 4921
f 4914 4921 4919
f 4916 4914 4919
f 4914 5072 4925
f 4922 4914 4925
f 4502 5949 5023
f 5016 5017 4864
f 4916 5071 4914
f 5017 5018 5021
f 4914 5071 5072
f 4926 4922 4924
f 5206 5272 4926
f 4754 4915 4927
f 4924 4922 4925
f 4922 4926 4915
f 5022 5018 4753
f 4910 4928 4523
f 4754 4928 4910
f 4926 5164 4927
f 4931 4918 4762
f 4930 4597 4759
f 4558 4937 5073
f 4931 4929 5073
f 4931 4503 4933
f 4935 5203 4939
f 4938 4933 4936
f 5189 5187 5300
f 4936 4933 4503
f 4932 5302 4933
f 4937 4936 4503
f 4887 4940 4507
f 5204 5070 5203
f 4918 4931 4939
f 4936 4934 4938
f 4714 4937 4558
f 4714 4869 5075
f 4934 4940 4938
f 4933 4935 4939
f 4939 4931 4933
f 4507 4940 4934
f 5189 5190 4881
f 33 4766 5076
f 4767 4766 32
f 4945 4609 4943
f 4609 4945 4941
f 4943 4942 4537
f 4768 4943 4609
f 4943 4537 5092
f 5080 5082 5207
f 5082 4945 4944
f 5092 4537 5090
f 4945 4943 4944
f 4769 4946 30
f 4767 4946 4768
f 26 4947 27
f 5086 4947 4815
f 4772 4405 5132
f 4612 5095 4948
f 4949 4538 4950
f 4951 5217 4773
f 5094 5382 4950
f 4773 4949 4951
f 4950 4951 4949
f 4773 4408 4407
f 4953 4774 4952
f 4708 4409 4953
f 5217 4613 4774
f 4774 4953 4408
f 4954 4616 4779
f 4776 4395 4954
f 4956 4689 4547
f 4957 4539 4779
f 4959 4958 4963
f 4958 4957 4955
f 4778 4955 4957
f 4958 4955 4956
f 4956 4547 4964
f 4539 4958 4959
f 4958 4964 4963
f 4452 4629 4962
f 4989 4987 4547
f 4967 4961 4965
f 4959 4963 4965
f 4967 4634 4969
f 4785 4962 4786
f 4962 4961 4969
f 4964 4958 4956
f 4963 4960 4965
f 4989 4547 4990
f 4963 4964 4960
f 4965 4961 4959
f 4968 4965 4960
f 5098 4981 4453
f 4981 5098 4977
f 4967 4965 4968
f 4787 4970 4632
f 5100 4968 4960
f 4967 4968 4966
f 4452 4969 4634
f 4961 4967 4969
f 4634 4967 4970
f 4966 4970 4967
f 4541 4972 4971
f 4658 4972 4541
f 4669 4973 4972
f 4974 5313 4975
f 4974 4972 4973
f 4974 4973 5313
f 4670 4974 4783
f 4784 4975 4688
f 4974 4975 4783
f 4975 4784 4783
f 4977 4632 4966
f 4976 4788 4982
f 4977 4966 4981
f 4976 4977 5099
f 5224 5226 5228
f 4980 4661 4433
f 4976 4979 4648
f 4433 4979 4978
f 4978 5104 4980
f 4659 4980 4983
f 5100 4966 4968
f 4960 4964 4987
f 4982 4788 5104
f 4979 4982 4978
f 5920 4454 5910
f 5387 5384 5318
f 4455 4796 5436
f 4453 4981 5124
f 4966 5100 4981
f 4487 4986 4798
f 4988 4986 4985
f 4547 4987 4964
f 4985 5124 5125
f 4985 5125 5126
f 4799 4988 4800
f 4800 4988 4989
f 4988 4985 5126
f 4811 4990 4547
f 4800 4990 4690
f 4804 4684 4544
f 4807 4991 4489
f 4805 5127 5131
f 5227 5114 5223
f 4577 4806 4807
f 4899 4900 5371
f 5909 5947 5939
f 4612 4808 4546
f 5216 5311 4490
f 4484 5094 5212
f 4612 4995 4808
f 4948 4772 5132
f 4404 4688 4995
f 4819 4996 24
f 4813 4996 4814
f 4947 26 4815
f 4548 5134 4997
f 4997 5135 5086
f 4816 4698 4818
f 5256 5254 5323
f 4497 5253 5336
f 4999 5253 5000
f 4999 5000 4549
f 5257 5000 4497
f 5257 5142 4830
f 5258 5002 5143
f 4836 4827 5001
f 4827 5141 5143
f 5260 5002 5258
f 4817 4837 4698
f 5007 4700 5151
f 4700 5004 4699
f 5328 4551 5265
f 5003 5005 5139
f 4839 4838 16
f 4840 4839 15
f 5032 5033 4712
f 5147 5267 5006
f 5148 5006 5034
f 4551 5337 5265
f 5345 4702 4851
f 5009 4841 4701
f 4552 4841 5008
f 4415 5009 4416
f 5008 5010 4702
f 4701 4841 5152
f 4952 5218 5219
f 4555 4952 5219
f 5013 5012 4856
f 4859 5012 4857
f 4860 4861 4842
f 5154 5014 4555
f 4707 5014 5015
f 5015 5014 5154
f 5017 5016 4710
f 5949 5016 4864
f 5017 4863 5018
f 5022 5021 5018
f 5020 5022 4586
f 4752 5020 4586
f 4926 5274 5164
f 5021 5025 5023
f 4928 4752 4523
f 5021 5022 5020
f 5017 5021 5023
f 5164 4928 4927
f 4752 4928 5020
f 4586 5022 4753
f 5164 5021 5020
f 5019 5273 5025
f 5275 5165 5024
f 5023 5025 5026
f 5019 5025 5021
f 5274 5019 5164
f 4502 5023 5026
f 5027 4556 5949
f 5028 5027 4866
f 5029 5028 4866
f 4867 5030 4868
f 5028 5029 5031
f 5032 4712 4840
f 5029 4557 5031
f 5032 5031 5033
f 4712 5034 5006
f 5166 5029 4866
f 4712 5033 5034
f 4557 5147 5148
f 4712 5006 5151
f 4840 14 4868
f 5169 5402 4463
f 4872 5354 5278
f 5277 5354 5170
f 5036 4871 4873
f 5037 4871 5036
f 4873 5167 5356
f 5036 5172 5037
f 4560 5037 4719
f 4716 4424 5038
f 4423 5038 4424
f 4875 4843 4703
f 4876 4703 5357
f 5352 5276 5351
f 5351 5350 5168
f 5039 4870 4561
f 4440 4885 5175
f 4463 5413 5170
f 5178 5041 5179
f 5186 5187 5368
f 5178 4886 4879
f 5296 5283 5288
f 4886 5178 5185
f 5040 5291 5175
f 5180 5179 5044
f 4426 4425 4716
f 4888 4716 4559
f 4748 4896 4520
f 4748 4584 4896
f 4584 5192 4896
f 5050 4472 5051
f 4736 4895 4738
f 5046 4518 4906
f 5047 5045 4904
f 4906 5048 5046
f 5048 5049 5046
f 5047 4904 5054
f 5052 5047 4905
f 5048 4906 5201
f 5048 4473 5049
f 5061 5049 4473
f 5065 4904 5049
f 5061 5058 5065
f 5054 5051 5047
f 4579 5052 4905
f 5045 5052 4744
f 5377 5305 5197
f 4904 5065 5059
f 5051 5054 5050
f 5050 5064 4472
f 5198 4471 5199
f 5062 5064 5057
f 5064 5062 5056
f 5059 5060 5057
f 5057 5055 5062
f 5058 5195 5060
f 5054 5059 5050
f 4904 5059 5054
f 5195 5058 5197
f 5057 5066 5055
f 5057 5050 5059
f 5419 5305 5377
f 5055 5063 5303
f 5303 4738 5056
f 5063 5199 5200
f 5064 5056 5192
f 5050 5057 5064
f 5061 5065 5049
f 5059 5065 5058
f 5901 5060 5196
f 5899 5900 5901
f 5060 5066 5057
f 5955 5068 5420
f 5202 5419 5564
f 4907 4747 4582
f 4581 38 4747
f 4603 5069 4599
f 4917 5069 4605
f 5302 4935 4933
f 5186 5417 4462
f 4924 4925 5072
f 4924 5072 5306
f 4920 5071 4916
f 4926 4927 4915
f 5073 4930 4558
f 4929 4930 5073
f 4934 4937 5074
f 5074 4507 4934
f 5074 4714 5075
f 4565 5075 4869
f 4714 5074 4937
f 4609 5076 4766
f 4608 5076 4536
f 4608 4536 4763
f 5825 5079 5826
f 5077 5079 5078
f 5081 5079 4482
f 5080 5078 4536
f 5826 5077 5823
f 5568 4482 6024
f 5209 5083 5084
f 5079 4763 5078
f 5082 5080 4536
f 4941 5082 4536
f 5082 4944 5207
f 5084 5083 5823
f 5080 5084 5078
f 5823 5083 5822
f 5380 5805 5307
f 4771 5085 4770
f 28 4947 5085
f 4997 5086 4815
f 5085 4692 4770
f 5134 5137 5133
f 5090 5091 5089
f 4770 5087 4610
f 5088 5093 5320
f 5615 5001 4835
f 5207 5210 4483
f 4944 4943 5092
f 4942 5087 5091
f 5092 5090 5308
f 5957 5135 5136
f 5207 5308 5210
f 5091 5090 4942
f 5093 5089 5091
f 5249 5091 5136
f 5211 5089 5088
f 5091 5087 5957
f 5308 5090 5089
f 4948 5095 4538
f 4612 5096 5095
f 5422 5214 5310
f 5217 4951 4613
f 4408 4773 4774
f 4953 4952 4708
f 5316 4613 4951
f 4408 4953 4409
f 5107 5098 4453
f 5098 5107 5099
f 4976 5099 4788
f 4977 5098 5099
f 4960 4987 5100
f 5125 5100 4987
f 4655 5936 5101
f 4659 4983 5101
f 5908 5304 5911
f 4791 5115 5121
f 4788 5106 5104
f 5223 5225 5227
f 4978 4982 5104
f 5107 5106 4788
f 5103 4980 5104
f 5111 4679 5112
f 5104 5106 5103
f 4788 5099 5107
f 5106 5105 5226
f 5108 5107 4453
f 5106 5107 5105
f 5108 4453 5109
f 5111 5108 4679
f 5109 5124 5113
f 4986 5113 4985
f 5108 5110 4679
f 4487 5110 5109
f 4679 4681 5112
f 5107 5111 5105
f 5229 5224 5228
f 5111 5112 5228
f 4487 5113 4986
f 5124 5109 4453
f 5101 5222 4655
f 5222 4983 5223
f 5115 4795 4792
f 5437 4795 4984
f 5117 4792 4793
f 5121 5119 5122
f 4641 5118 4652
f 5116 5235 5122
f 5118 4646 4652
f 5117 5116 5119
f 4641 5233 5118
f 5118 5233 5236
f 5119 4792 5117
f 5119 5116 5122
f 5116 5118 5236
f 5239 5244 5120
f 5119 5121 5115
f 5245 5120 5244
f 5235 5116 5234
f 5121 5122 5120
f 5634 5573 5512
f 5247 5433 5435
f 4981 5100 5125
f 5113 5124 4985
f 5125 4987 5126
f 4981 5125 5124
f 4987 4989 5126
f 4988 5126 4989
f 4991 5127 4489
f 5131 5127 4991
f 4807 4806 4991
f 5910 5918 5909
f 4806 4993 5925
f 5129 4488 4683
f 5130 5128 4684
f 4684 5129 4803
f 4488 5129 5128
f 5131 5130 4805
f 5128 5130 4992
f 4991 5248 5131
f 5227 5232 5231
f 5096 4612 4994
f 4404 5132 4405
f 4948 5132 4995
f 4548 4691 4826
f 4496 5137 5134
f 4692 5957 5087
f 4829 4496 5134
f 5135 4997 5133
f 5136 5135 5133
f 5135 4692 5086
f 5138 5249 5250
f 5320 5321 5251
f 5250 5136 5133
f 5137 5322 5321
f 5249 5093 5091
f 5320 5093 5138
f 5139 4550 5003
f 5324 5139 5005
f 5254 5253 5140
f 5000 5253 4497
f 4550 5139 4998
f 4998 5140 4818
f 4999 4818 5140
f 5143 5141 4830
f 5141 4827 4828
f 4830 5142 5258
f 5258 5143 4830
f 5001 5143 5002
f 4458 5445 5526
f 5526 5588 5590
f 4550 4698 4837
f 4838 4699 4837
f 5146 5483 5480
f 5335 5255 5326
f 5148 5033 4557
f 5338 5147 5146
f 5006 5148 5147
f 5033 5148 5034
f 5389 5447 5443
f 5468 5478 5149
f 5150 5147 4557
f 5029 5268 4557
f 4557 5268 5150
f 5151 4700 4840
f 5006 5007 5151
f 5010 5009 4842
f 5153 5152 4552
f 4843 5152 4703
f 4552 5269 5153
f 5292 5358 5361
f 4501 4855 5011
f 5154 5011 4855
f 5154 4855 5015
f 5220 5154 4555
f 5431 5527 5456
f 5701 5761 5434
f 5013 5159 5160
f 5161 4859 5158
f 5269 5347 4499
f 5013 5160 4857
f 5978 5161 5158
f 5679 5684 5683
f 5157 5975 5553
f 4460 5159 5013
f 4859 4857 5158
f 5158 4857 5160
f 5162 4500 4849
f 4847 4850 5163
f 5674 5675 5676
f 5163 5162 4847
f 4500 5162 5161
f 4850 4846 5163
f 4859 5163 4846
f 4502 5026 5390
f 5033 5031 4557
f 5030 5031 5032
f 5168 4873 4505
f 5169 5167 5035
f 5167 5168 5350
f 5035 5496 5402
f 5169 4463 5170
f 5184 5043 5295
f 5171 5170 4872
f 5169 5171 5167
f 5279 5036 5278
f 5359 4876 5357
f 4876 5359 5039
f 5399 5292 5400
f 5293 5174 4882
f 5174 5294 5290
f 5174 5175 4885
f 5291 5283 5175
f 5043 5044 5362
f 5180 5043 5183
f 5183 5182 5180
f 5041 5178 4879
f 5185 5178 5177
f 5180 5044 5043
f 5177 5178 5179
f 5297 5183 5184
f 5177 5179 5180
f 5416 5561 5505
f 4938 5190 4932
f 5187 5182 5181
f 4881 5185 5189
f 5183 5043 5184
f 5182 5183 5181
f 5043 5362 5295
f 5363 5176 5409
f 5182 5187 5189
f 4886 5185 4881
f 5302 5191 5301
f 5297 5299 5181
f 5186 5300 5187
f 5190 4887 4881
f 5189 5185 5177
f 5189 5188 5190
f 5188 5191 5190
f 4940 4887 5190
f 5300 5191 5188
f 5191 5300 5301
f 5190 4938 4940
f 5302 4932 5191
f 4932 5190 5191
f 5193 5192 4584
f 4750 5193 4584
f 4585 4517 5194
f 5194 4517 4905
f 5194 4905 5051
f 5193 4585 5194
f 5064 5192 4472
f 4896 5192 5056
f 5303 5056 5062
f 4738 5303 5200
f 5857 5861 5862
f 5901 5196 4444
f 5060 5195 5196
f 5053 5861 5195
f 5195 5197 5053
f 5058 5061 5197
f 5900 5055 5066
f 5063 5900 5198
f 5200 5199 4897
f 4573 5200 4897
f 5955 5201 4519
f 5067 5378 5201
f 5379 5564 5419
f 4918 4939 5203
f 4920 5203 5070
f 5204 5203 4935
f 4920 5070 5964
f 5302 5204 4935
f 5417 5070 4462
f 4461 5275 5461
f 4503 5073 4937
f 4945 5082 4941
f 5092 5207 4944
f 5706 5209 4483
f 5080 5207 4483
f 4483 5704 5706
f 5307 5807 5818
f 5084 5080 5209
f 4483 5209 5080
f 5704 5705 5703
f 5209 5706 5208
f 5088 5089 5093
f 5089 5211 5705
f 4538 5094 4950
f 5309 5094 5095
f 5214 5215 5310
f 5428 5429 5517
f 5094 5309 5212
f 5215 5214 5571
f 5311 5096 4994
f 5215 5212 5310
f 5309 5315 5212
f 4774 4773 5217
f 4613 5316 5097
f 4613 5097 5218
f 5218 5097 5219
f 4774 5218 4952
f 5097 5221 5530
f 5220 5219 5530
f 5154 5220 5011
f 4555 5219 5220
f 5317 5431 5456
f 5456 5221 5317
f 4983 5103 5223
f 5114 5916 5915
f 5225 5226 5224
f 5114 5222 5223
f 4980 5103 4983
f 5229 5112 4488
f 5131 5248 5232
f 5226 5225 5103
f 5225 5224 5227
f 5106 5226 5103
f 5226 5105 5228
f 5227 5224 5230
f 5227 5230 5232
f 5111 5228 5105
f 5228 5112 5229
f 5128 5229 4488
f 5230 5229 4992
f 5229 5230 5224
f 5131 5230 4992
f 5916 5920 5919
f 5114 5227 5231
f 5131 5232 5230
f 4454 5231 5232
f 4663 5233 4641
f 5236 5233 5960
f 5958 4662 5956
f 5851 5849 5848
f 5242 5238 5239
f 5239 5243 5242
f 5960 5233 4662
f 5116 5236 5234
f 5851 5237 5849
f 5121 5245 4791
f 5242 5243 5240
f 5246 5244 5239
f 5236 5960 5234
f 5946 5935 6056
f 5576 5609 4432
f 5385 5575 5574
f 5243 5239 5235
f 5848 5242 5240
f 5235 5234 5243
f 5959 5234 5958
f 5246 5239 5238
f 5961 5245 5244
f 5120 5245 5121
f 5961 5244 5241
f 5577 5609 5238
f 5241 5244 5246
f 5384 5432 5318
f 5913 5918 5922
f 5232 5248 4454
f 5250 5249 5136
f 5093 5249 5138
f 5250 5133 5321
f 5133 5137 5321
f 4832 4836 5622
f 5623 5615 5621
f 5003 5004 5005
f 5324 5005 4498
f 5254 5252 5253
f 5260 5144 5002
f 4999 5140 5253
f 5254 5140 4998
f 5252 5259 5336
f 5323 4998 5324
f 5323 5254 4998
f 5262 5256 5263
f 5264 5261 5262
f 5257 4830 4834
f 4497 5142 5257
f 5142 5259 5258
f 5260 5264 5144
f 5336 5142 4497
f 5261 5260 5259
f 5258 5259 5260
f 5259 5252 5261
f 5252 5256 5261
f 5256 5262 5261
f 5254 5256 5252
f 5256 5323 5263
f 5262 4458 5264
f 5255 4498 5326
f 5452 5389 5451
f 5264 4458 5590
f 5261 5264 5260
f 5447 5263 5443
f 5589 5144 5588
f 5337 4551 5007
f 5265 5330 5327
f 5339 5145 5265
f 5006 5267 5007
f 5338 5267 5147
f 5337 5267 5266
f 5166 5342 5029
f 5149 5150 5268
f 5342 5268 5029
f 5269 4499 5403
f 5393 5348 4460
f 5272 5274 4926
f 5275 5273 5272
f 5275 5272 4923
f 5025 5024 5026
f 5272 5273 5274
f 5019 5274 5273
f 5025 5275 5024
f 5275 5025 5273
f 5165 5275 4461
f 5021 5164 5019
f 4928 5164 5020
f 4866 5027 5949
f 5398 4505 5039
f 5413 5412 5170
f 5503 5504 5502
f 5278 5354 5355
f 4559 5172 5279
f 5036 5279 5172
f 4504 5279 5278
f 5288 5287 5286
f 5279 5280 5281
f 5279 4504 5280
f 5289 5286 5287
f 5281 5280 4571
f 5285 4571 5280
f 5284 4465 4570
f 4888 5281 4567
f 5282 5285 5287
f 5175 5283 4440
f 5287 5288 5282
f 5285 5284 4571
f 5289 5287 5280
f 5285 5282 5291
f 4504 5355 5503
f 5280 5287 5285
f 5288 5286 5176
f 5176 5363 5288
f 5283 5282 5288
f 5280 4504 5289
f 5503 5289 4504
f 4571 5284 4570
f 4465 5284 5040
f 5291 5040 5284
f 5174 5290 5040
f 5290 4892 5952
f 5285 5291 5284
f 5282 5283 5291
f 4703 5153 5357
f 5292 5357 5358
f 5950 5293 4882
f 4893 5293 4568
f 5294 4894 4892
f 5290 5294 4892
f 5293 5294 5174
f 5044 4440 5296
f 5296 5288 5295
f 5296 5295 5362
f 5283 5296 4440
f 5297 5042 5558
f 5183 5297 5181
f 6004 5602 5535
f 5297 5414 5042
f 5300 5186 5301
f 5189 5300 5188
f 5368 5369 5186
f 5186 5302 5301
f 4462 5302 5186
f 5055 5303 5062
f 5200 5303 5063
f 5900 5063 5055
f 5199 5063 5198
f 5860 5195 5861
f 5860 5893 4444
f 5377 5061 4473
f 5882 5843 5858
f 5272 5206 4923
f 5306 5206 4924
f 5207 5092 5308
f 5781 5805 5208
f 5821 5307 5818
f 5089 5210 5308
f 5315 5309 5096
f 5315 5311 5216
f 5313 4994 4546
f 4546 4994 4612
f 4994 5313 5312
f 5312 4973 4669
f 4490 5311 5312
f 5313 4546 4975
f 4973 5312 5313
f 5314 5312 4669
f 4668 5314 4669
f 5423 5509 5430
f 5311 5315 5096
f 5315 5216 5381
f 5316 4950 5382
f 5097 5316 5221
f 4484 5317 5382
f 5961 5432 5245
f 5515 5387 5318
f 5381 5422 5310
f 5321 5320 5138
f 5251 5707 5320
f 5321 5138 5250
f 4496 5322 5137
f 5322 4496 5622
f 5251 5321 5322
f 4998 5139 5324
f 5263 5323 5255
f 5330 5326 5327
f 5255 5323 4498
f 5323 5324 4498
f 5333 5334 5325
f 5326 4498 5327
f 4498 5005 5328
f 5328 5005 4551
f 4498 5328 5327
f 5330 5333 5325
f 5521 5451 5520
f 5330 5265 5145
f 5480 5486 5146
f 5330 5325 5326
f 5332 5442 5441
f 5534 5330 5145
f 5334 5333 5332
f 5442 5388 5441
f 5325 5329 5335
f 5443 5335 5389
f 5443 5263 5255
f 5252 5336 5253
f 5142 5336 5259
f 5443 5255 5335
f 5004 4551 5005
f 5267 5337 5007
f 5339 5337 5266
f 5486 5338 5146
f 5267 5338 5266
f 5337 5339 5265
f 5483 5150 5149
f 5166 5341 5342
f 4502 5390 5341
f 4502 5341 5166
f 5342 5341 5340
f 5340 5391 5342
f 5342 5392 5468
f 5269 4552 5008
f 5008 5345 5344
f 5269 5008 5344
f 4854 5549 4851
f 5542 5604 5545
f 5345 5008 4702
f 5344 5343 5347
f 5343 5344 5345
f 5406 5539 5545
f 5344 5347 5269
f 5406 5347 5346
f 5543 5547 5540
f 5012 5270 4856
f 5529 4501 5011
f 5457 5528 5529
f 5393 5013 4856
f 5683 5674 5676
f 5348 5460 5271
f 5390 5026 5165
f 5461 4923 5972
f 5461 5462 4461
f 5351 5168 4505
f 5353 5350 5276
f 5351 4505 5398
f 5350 5351 5276
f 5398 5359 5352
f 5276 5352 5399
f 5400 5408 5173
f 5035 5353 5496
f 5277 5355 5354
f 4872 5170 5354
f 5504 5277 5412
f 5278 5355 4504
f 5036 4873 5356
f 4872 5278 5356
f 5036 5356 5278
f 4703 5152 5153
f 5359 5357 5292
f 5403 5153 5269
f 5405 5403 5404
f 5359 5292 5399
f 5357 5153 5358
f 5405 5404 5360
f 5353 5173 5554
f 5358 5153 5403
f 5399 5400 5173
f 5296 5362 5044
f 5295 5288 5363
f 5365 5414 5366
f 5502 5409 5176
f 5365 5366 5367
f 6006 6009 5494
f 5410 5411 5298
f 5184 5295 5366
f 5363 5366 5295
f 6057 6058 5367
f 5367 5366 5410
f 5409 5410 5363
f 5181 5368 5187
f 5368 5299 5369
f 5998 5505 5558
f 5415 5186 5369
f 5368 5181 5299
f 5302 4462 5204
f 5905 4444 5893
f 5372 5371 5370
f 5370 5912 5372
f 5418 5373 4740
f 5370 5371 4471
f 5375 5372 5304
f 5376 5372 5375
f 5376 5371 5372
f 4901 5373 4516
f 5907 5923 5374
f 5376 5375 5374
f 5376 5374 5924
f 5376 5373 5371
f 5377 5197 5061
f 4473 5378 5377
f 5379 5419 5378
f 5201 5378 4473
f 5378 5067 5379
f 5067 5420 5379
f 5565 5421 5845
f 5209 5208 5380
f 5822 5307 5821
f 5307 5083 5380
f 5380 5083 5209
f 5214 5213 5572
f 5315 5310 5212
f 5314 4665 5424
f 5214 5422 5213
f 4484 5382 5094
f 5316 5382 5317
f 5570 5431 5317
f 5396 5349 5394
f 5115 5384 4984
f 5432 5384 4791
f 5608 5634 5635
f 5432 5433 5318
f 5508 5429 5430
f 5514 5439 5515
f 5437 5438 5386
f 5329 5389 5335
f 5329 5325 5334
f 5326 5325 5335
f 5329 5441 5449
f 5445 4458 5262
f 5341 5390 5340
f 5390 5165 5391
f 5391 5340 5390
f 4461 5391 5165
f 5342 5149 5268
f 5342 5391 5392
f 5463 4461 5462
f 4461 5392 5391
f 5549 5345 4851
f 5393 4460 5013
f 4460 5348 5676
f 5394 5393 4856
f 4856 5155 5394
f 5349 5393 5394
f 5349 5531 5460
f 5155 5528 5527
f 5395 5394 5155
f 5393 5349 5348
f 5155 4856 5270
f 5395 5458 5396
f 5395 5396 5394
f 5456 5527 5528
f 5971 5970 5397
f 5465 5484 5455
f 5359 5398 5039
f 5351 5398 5352
f 5400 5292 5361
f 5276 5399 5173
f 5360 5498 5361
f 5500 5408 5498
f 5353 5276 5173
f 5554 5408 5501
f 5401 5496 5556
f 5035 5402 5169
f 5401 6014 6015
f 5403 4499 5404
f 5361 5358 5403
f 5406 4499 5347
f 5404 4499 5406
f 5360 5361 5405
f 5403 5405 5361
f 5539 5406 5346
f 5500 5407 5501
f 5495 5491 4439
f 5498 5408 5400
f 5409 5412 5411
f 5298 5367 5410
f 5363 5410 5366
f 5410 5409 5411
f 5503 5277 5504
f 5364 6021 6022
f 5412 5277 5170
f 5364 5411 5412
f 6017 5413 4463
f 5412 5413 5364
f 5366 5414 5184
f 5042 5560 5559
f 5963 5563 5493
f 5417 5964 5070
f 5998 5559 5416
f 5630 5536 5535
f 5369 5505 5415
f 5417 5186 5415
f 5954 4740 4741
f 4899 5373 5418
f 5305 5419 5202
f 5378 5419 5377
f 5955 5420 5067
f 5420 5068 5507
f 5506 5564 5567
f 4482 5079 5825
f 5426 5422 5381
f 5213 5426 5428
f 5424 5423 5426
f 5516 5319 5438
f 5668 5580 5582
f 5427 5426 5381
f 5428 5426 5423
f 5426 5213 5422
f 5425 5605 5606
f 5427 5381 5216
f 5424 5426 5427
f 5429 5428 5423
f 5213 5428 5425
f 5429 5423 5430
f 5516 5387 5515
f 5423 5424 5509
f 4666 5510 5509
f 5315 5381 5310
f 5427 5216 4490
f 5570 4484 5511
f 5383 5395 5527
f 5245 5432 4791
f 5433 5432 5385
f 5574 5512 5573
f 5433 5247 5318
f 5760 5610 5782
f 5435 5573 5513
f 5514 5435 5579
f 5437 5436 4795
f 5510 5436 5386
f 5387 5437 4984
f 5437 5387 5438
f 5516 5438 5387
f 5508 5438 5319
f 5515 5318 5247
f 5123 5582 5580
f 5319 5440 5429
f 5581 5668 5582
f 5428 5517 5425
f 5441 5334 5332
f 5534 5481 5332
f 5442 5331 5519
f 5452 5454 5444
f 5263 5445 5262
f 5454 5586 5444
f 5522 5524 5453
f 5444 5445 5447
f 5263 5447 5445
f 5450 5448 5388
f 5444 5447 5452
f 5449 5448 5451
f 5522 5520 5446
f 5452 5447 5389
f 5520 5451 5448
f 5451 5521 5452
f 5453 5520 5522
f 5588 5144 5590
f 5585 5453 5524
f 5586 5526 5444
f 5449 5441 5388
f 5518 5448 5450
f 5449 5388 5448
f 5449 5451 5329
f 5389 5329 5451
f 5165 5026 5024
f 5479 5489 5472
f 5457 5221 5456
f 5527 5431 5383
f 5528 5457 5456
f 5530 5011 5220
f 5569 5383 5431
f 5460 5348 5349
f 4923 5461 5275
f 5206 5972 4923
f 5205 5969 5967
f 5397 5462 5461
f 5464 5463 5465
f 4461 5463 5466
f 5463 5462 5465
f 5466 5463 5464
f 5462 5470 5465
f 5479 5484 5470
f 4461 5466 5392
f 5474 5466 5464
f 5468 5466 5467
f 5464 5455 5471
f 5464 5465 5455
f 5471 5469 5464
f 5474 5464 5469
f 5474 5467 5466
f 5470 5462 5397
f 5484 5473 5455
f 5471 5455 5473
f 5472 5489 5491
f 5477 5476 5467
f 5475 5492 5477
f 5331 5482 5487
f 5331 5481 5482
f 5468 5467 5478
f 5474 5469 5477
f 5476 5478 5467
f 5474 5477 5467
f 5475 5469 5533
f 5483 5478 5476
f 5149 5478 5483
f 5970 5971 5967
f 5470 5969 5488
f 5491 5538 5472
f 5487 5480 5492
f 5331 5442 5481
f 5150 5146 5147
f 5482 5486 5480
f 5534 5332 5333
f 5534 5266 5486
f 5332 5481 5442
f 5473 5484 5472
f 5479 5488 5485
f 5479 5485 5489
f 5470 5484 5465
f 5483 5476 5480
f 5534 5486 5481
f 5338 5486 5266
f 5486 5482 5481
f 5475 5598 5583
f 5150 5483 5146
f 5470 5488 5479
f 5485 4439 5489
f 5489 4439 5491
f 5492 5480 5476
f 5480 5487 5482
f 5479 5472 5484
f 5490 4439 5485
f 5485 5488 5205
f 5561 5416 5490
f 5535 6003 6004
f 5477 5492 5476
f 5487 5492 5475
f 5505 5561 5563
f 5551 5980 5499
f 5205 5967 5493
f 5485 5205 5493
f 5485 5493 5562
f 5630 5602 5495
f 5598 5533 5600
f 5496 5353 5501
f 5402 5496 5401
f 5497 5539 5543
f 5361 5498 5400
f 5500 5498 5604
f 5360 5404 5545
f 5499 5542 5552
f 5604 5498 5360
f 5407 5500 5499
f 5502 5176 5286
f 5289 5503 5286
f 5277 5503 5355
f 5286 5503 5502
f 5412 5409 5504
f 5502 5504 5409
f 5558 5369 5299
f 5420 5507 5567
f 5875 5565 5566
f 5438 5508 5386
f 5429 5508 5319
f 5424 4665 5509
f 4668 5509 4665
f 4666 4455 5510
f 5508 5510 5386
f 5509 5510 5430
f 5316 5317 5221
f 5571 5511 5215
f 5633 5569 5632
f 5575 5512 5574
f 5576 5635 5575
f 5573 5634 5434
f 5702 5582 5762
f 5580 5514 5123
f 5247 5435 5514
f 5514 5515 5247
f 5516 5439 5440
f 5439 5516 5515
f 5440 5319 5516
f 5429 5440 5517
f 5624 5517 5440
f 5793 5450 5794
f 5446 5520 5448
f 5521 5520 5453
f 5518 5446 5448
f 5453 5454 5521
f 5452 5521 5454
f 5774 5741 5524
f 5774 5524 5522
f 5749 5775 5778
f 5738 5524 5741
f 5522 5446 5774
f 5524 5738 5585
f 5454 5453 5585
f 5587 5525 5586
f 5444 5526 5445
f 5526 5525 5588
f 5270 5528 5155
f 5529 5528 4858
f 4501 5529 4858
f 5529 5011 5530
f 5219 5097 5530
f 5529 5530 5457
f 5457 5530 5221
f 5383 5458 5395
f 5458 5699 5396
f 5595 5592 5593
f 5156 5715 5532
f 5271 5460 5459
f 5468 5149 5342
f 5466 5468 5392
f 5471 5473 5538
f 5266 5534 5145
f 5534 5333 5330
f 5339 5266 5145
f 5416 5559 5999
f 4439 5490 5536
f 5416 5536 5490
f 5628 5626 5627
f 5472 5538 5473
f 5541 5547 5346
f 5541 5346 5347
f 5549 5544 5343
f 5347 5343 5541
f 5345 5549 5343
f 5542 5546 5552
f 5539 5346 5547
f 5548 5540 5973
f 5549 4854 5977
f 5550 5977 5978
f 5406 5545 5404
f 5542 5539 5497
f 5545 5539 5542
f 5542 5497 5546
f 5543 5548 5497
f 5540 5547 5541
f 5539 5547 5543
f 5983 5678 5989
f 5343 5544 5541
f 5977 4854 4500
f 5160 5553 5550
f 5977 5550 5976
f 5552 5546 4459
f 5981 5555 5557
f 5499 5552 5551
f 5540 5548 5543
f 5553 5160 5159
f 5550 5978 5979
f 5159 5675 5677
f 5973 5974 5975
f 5408 5554 5173
f 5501 5353 5554
f 5500 5501 5408
f 5557 5501 5407
f 5980 5407 5499
f 6007 6004 6023
f 5501 5556 5496
f 5555 6013 6014
f 5555 5556 5557
f 5501 5557 5556
f 5558 5505 5369
f 5559 5998 5558
f 5297 5558 5299
f 5558 5042 5559
f 5560 5042 5414
f 5414 5365 5560
f 6001 5560 6058
f 5490 5562 5561
f 5563 5415 5505
f 5562 5490 5485
f 5563 5562 5493
f 5562 5563 5561
f 5567 5564 5379
f 5845 5564 5506
f 5567 5565 5506
f 5565 5507 5566
f 5876 5825 5824
f 5420 5567 5379
f 5565 5567 5507
f 5568 4583 4765
f 5566 5068 6024
f 5081 5568 4535
f 6024 4482 5876
f 5507 5068 5566
f 4583 5568 6024
f 4482 5568 5081
f 5570 5569 5431
f 4484 5570 5317
f 5569 5570 5511
f 5214 5572 5571
f 5692 5572 5606
f 5513 5573 5434
f 5574 5573 5435
f 5435 5433 5574
f 5385 5574 5433
f 5961 5575 5385
f 5576 5575 5241
f 4432 5608 5576
f 5848 5849 5577
f 5593 5156 5532
f 5435 5513 5579
f 5123 5579 5513
f 5439 5514 5580
f 5606 5605 5607
f 5668 5440 5439
f 5513 5761 5123
f 5519 5450 5388
f 5442 5519 5388
f 5690 5794 5600
f 5583 5331 5487
f 5794 5331 5583
f 5730 5733 5744
f 5619 5649 5612
f 5585 5584 5587
f 5587 5586 5454
f 5525 5526 5586
f 5585 5587 5454
f 5587 5584 5643
f 4835 5002 5589
f 5589 5002 5144
f 5589 5641 5614
f 5650 5644 5645
f 5264 5590 5144
f 4458 5526 5590
f 5155 5527 5395
f 5531 5459 5460
f 5694 5459 5531
f 5592 5595 5596
f 5756 5582 5757
f 5655 5612 5647
f 5532 5459 5597
f 5656 5655 5647
f 5694 5597 5459
f 5593 5592 5718
f 5751 5592 5596
f 5594 5595 5597
f 5597 5593 5532
f 5595 5594 5596
f 5594 5698 5596
f 5594 5597 5694
f 5593 5597 5595
f 5715 5681 5716
f 5475 5477 5469
f 5475 5533 5598
f 5601 5469 5471
f 5533 5601 5599
f 5625 5599 5601
f 5475 5583 5487
f 6031 5764 5691
f 5794 5583 5598
f 5600 5533 5599
f 5794 5598 5600
f 5538 5537 5601
f 5601 5537 5625
f 5625 5691 5599
f 5536 5416 5535
f 5535 5416 5999
f 4463 6015 6017
f 5629 5494 5712
f 5604 5542 5499
f 5500 5604 5499
f 5545 5604 5360
f 5215 5511 4484
f 5632 5511 5571
f 5425 5606 5213
f 5607 5624 5669
f 5213 5606 5572
f 5699 5695 5696
f 5607 5692 5606
f 5307 5805 5807
f 5609 5576 5241
f 5837 5814 5839
f 5609 5241 5246
f 5577 4432 5609
f 5434 5700 5782
f 5880 5578 6048
f 5639 5638 5211
f 5646 5645 5616
f 5718 5592 6026
f 5525 5616 5588
f 5615 5613 5618
f 5641 5588 5616
f 5001 5615 4836
f 5613 5615 5614
f 5587 5643 5525
f 5613 5614 5644
f 5617 5618 5619
f 5619 5618 5613
f 5616 5645 5644
f 5619 5612 5617
f 5659 5662 5660
f 4832 5622 4496
f 5618 5621 5615
f 5623 5621 5620
f 5664 5663 5665
f 5622 5623 5620
f 5615 5623 4836
f 5665 5622 5620
f 5621 5618 5620
f 5624 5425 5517
f 5469 5601 5533
f 5538 5601 5471
f 5625 5537 5627
f 5988 5985 5983
f 6031 5626 5713
f 5712 5713 5629
f 5691 5625 6031
f 5625 5627 5626
f 5603 5495 5628
f 5603 5628 5537
f 5627 5537 5628
f 5626 5628 5629
f 5630 5495 4439
f 5602 6004 6007
f 5536 5630 4439
f 5538 5603 5537
f 5491 5603 5538
f 5495 5603 5491
f 5607 5670 5693
f 5632 5569 5511
f 5693 5631 5607
f 5569 5633 5383
f 5632 5571 5572
f 5631 5633 5632
f 5699 5633 5631
f 5458 5383 5633
f 5635 5634 5512
f 5700 5634 5608
f 5575 5635 5512
f 5635 5576 5608
f 4432 5809 5810
f 6030 5636 5783
f 5592 5751 5591
f 5088 5320 5639
f 5663 5251 5322
f 5618 5664 5620
f 5709 5640 5703
f 5710 5640 5709
f 5704 4483 5210
f 5588 5641 5589
f 5644 5641 5616
f 5738 5744 5733
f 5649 5645 5648
f 5733 5643 5584
f 5643 5642 5646
f 5641 5644 5614
f 5525 5646 5616
f 5645 5642 5648
f 5643 5646 5525
f 5642 5645 5646
f 5721 5725 5680
f 5649 5648 5647
f 5619 5613 5650
f 6028 5654 5658
f 5650 5649 5619
f 5644 5650 5613
f 5645 5649 5650
f 5740 4438 5739
f 5720 5718 5717
f 5745 5729 5652
f 5654 5656 5658
f 5653 5652 5656
f 5656 5766 5658
f 5878 5611 5879
f 5656 5647 5653
f 5732 5766 5729
f 5655 5656 5654
f 5766 5656 5652
f 6061 6062 6060
f 5660 5661 5659
f 5662 5666 5708
f 6028 6036 5654
f 5878 6039 6038
f 5663 5708 5707
f 5664 5617 5660
f 5322 5622 5665
f 5617 5664 5618
f 5663 5664 5662
f 5612 5660 5617
f 5666 5662 5659
f 5660 5662 5664
f 5664 5665 5620
f 5322 5665 5663
f 5708 5663 5662
f 5666 5611 5667
f 5709 5667 5611
f 5668 5581 5624
f 5624 5581 5669
f 5440 5668 5624
f 5668 5439 5580
f 5756 5757 5753
f 5693 5670 4451
f 5624 5607 5605
f 5607 5669 5670
f 5754 5755 5752
f 4459 5546 5682
f 5792 5789 5518
f 5159 5677 5157
f 5771 5767 5769
f 5159 5676 5675
f 5674 5684 5686
f 5676 5159 4460
f 5674 5677 5675
f 5736 5683 5737
f 5687 5684 5673
f 5546 5548 5765
f 5159 5157 5553
f 5714 5157 5677
f 5997 5775 5777
f 5737 5683 5676
f 5459 5716 5271
f 5681 5719 5680
f 5725 5721 5722
f 5716 5532 5715
f 5731 5736 5681
f 5714 5765 5157
f 5682 5546 5778
f 5684 5679 5673
f 5687 5686 5684
f 5674 5683 5684
f 5685 5687 5689
f 5672 5775 5749
f 6032 5686 5685
f 5677 5674 5686
f 5688 5673 5728
f 5685 5686 5687
f 5734 5728 5673
f 5773 5772 4438
f 5673 5689 5687
f 5750 5689 5688
f 5548 5546 5497
f 5793 6034 5792
f 5690 5600 5691
f 5599 5691 5600
f 5632 5572 5631
f 5607 5631 5692
f 5692 5631 5572
f 5697 5696 5693
f 5631 5693 5695
f 5697 5698 5694
f 5694 5531 5696
f 5693 4451 5697
f 5695 5693 5696
f 5697 4451 5698
f 5694 5696 5697
f 5699 5696 5531
f 4451 5670 5753
f 5596 5698 5751
f 5698 5594 5694
f 5699 5531 5396
f 5458 5633 5699
f 5699 5631 5695
f 5434 5634 5700
f 5701 5434 5636
f 5434 5782 5636
f 5636 5782 5783
f 6029 5702 5762
f 5582 5123 5762
f 5639 5211 5088
f 5667 5709 5638
f 5703 5638 5709
f 5211 5638 5703
f 5705 5704 5210
f 5089 5705 5210
f 5703 5705 5211
f 5640 5704 5703
f 5706 5704 5640
f 5795 5610 5760
f 5320 5707 5639
f 5251 5663 5707
f 5661 5612 5655
f 5660 5612 5661
f 5666 5667 5708
f 5638 5639 5667
f 5639 5707 5708
f 5764 5786 5691
f 5981 5982 5986
f 5994 5993 5712
f 5712 5996 5713
f 5764 6031 5711
f 5626 5629 5713
f 5677 6032 5714
f 5750 5672 5779
f 5718 5720 5156
f 5681 5715 5719
f 5532 5716 5459
f 5156 5593 5718
f 5721 5680 5719
f 5651 5722 6033
f 5156 5719 5715
f 5719 5717 5721
f 5717 5719 5720
f 5156 5720 5719
f 5721 5717 5722
f 5726 5722 5651
f 5726 5723 5722
f 5724 5726 5729
f 5652 5653 5727
f 5729 5726 5651
f 5647 5648 5730
f 5740 5743 4438
f 5679 5731 5734
f 5732 5729 5651
f 5727 5745 5652
f 5730 5642 5733
f 5740 5726 5724
f 5725 5723 5735
f 5725 5728 5680
f 5728 5731 5680
f 5734 5731 5728
f 5731 5679 5736
f 6060 5732 5651
f 5657 5658 5766
f 5642 5643 5733
f 5730 5648 5642
f 5738 5584 5585
f 5733 5584 5738
f 5722 5723 5725
f 5740 5723 5726
f 5679 5734 5673
f 5735 5728 5725
f 5735 5723 5739
f 5679 5683 5736
f 5731 5681 5680
f 5681 5736 5716
f 5676 5348 5737
f 5348 5271 5737
f 5716 5737 5271
f 5738 5748 5744
f 5772 5773 5768
f 5816 5832 5798
f 5740 5724 5743
f 5723 5740 5739
f 5768 5523 5769
f 5743 5745 5747
f 5773 5746 5748
f 5730 5742 5747
f 5724 5745 5743
f 5747 5746 5743
f 5748 5738 5741
f 5730 5744 5742
f 5745 5724 5729
f 5745 5727 5747
f 5748 5746 5742
f 4438 5743 5746
f 5730 5747 5727
f 5742 5746 5747
f 5744 5748 5742
f 5748 5741 5768
f 5749 5778 5765
f 5749 5780 5779
f 5688 5797 5750
f 5672 5749 5779
f 5754 5751 5698
f 6044 6055 6052
f 5755 5698 4451
f 5669 5756 5670
f 5581 5756 5669
f 5754 5698 5755
f 5752 6065 6046
f 4451 5753 5755
f 5755 5753 5752
f 5756 5581 5582
f 5670 5756 5753
f 5758 5757 5702
f 5752 5753 5757
f 6029 5758 5702
f 5637 6065 5758
f 5759 5808 5796
f 5763 5855 5781
f 5812 5760 5700
f 5784 5795 5760
f 5434 5761 5513
f 5762 5761 5701
f 5582 5702 5757
f 5761 5762 5123
f 6029 5762 5701
f 5706 5640 5763
f 5639 5708 5667
f 5802 5776 5788
f 5786 5690 5691
f 5157 5765 5548
f 5749 5765 5714
f 5647 5730 5653
f 5727 5653 5730
f 5729 5766 5652
f 5657 5766 5732
f 5673 5688 5689
f 5816 5688 5728
f 5737 5716 5736
f 5523 5771 5769
f 5797 5816 5798
f 5523 5768 5741
f 5768 5767 5772
f 5767 5768 5769
f 5802 5671 5992
f 5770 5798 5767
f 5774 5523 5741
f 5832 5772 5767
f 5739 4438 5772
f 5746 5773 4438
f 5748 5768 5773
f 5518 5790 5774
f 5771 5523 5790
f 5777 5775 5672
f 5778 5775 5678
f 5787 5799 5797
f 5987 5988 5989
f 5750 5799 5672
f 5991 5997 5776
f 5682 5778 5678
f 5765 5778 5546
f 5780 5749 5714
f 5689 5779 5685
f 6032 5780 5714
f 5779 5780 5685
f 5208 5805 5380
f 5782 5610 5783
f 5637 6029 6030
f 5760 5782 5700
f 5808 5784 5796
f 5880 5785 5889
f 5804 5791 5786
f 5790 5791 5771
f 5788 5817 5800
f 5672 5788 5777
f 5770 5801 5787
f 5523 5774 5790
f 5518 5774 5446
f 5790 5789 5791
f 5789 5790 5518
f 5771 5791 5770
f 5450 5519 5794
f 5793 5690 6034
f 5804 5786 5764
f 5690 5793 5794
f 5331 5794 5519
f 5750 5779 5689
f 5781 5208 5763
f 5781 5842 5805
f 5812 5700 5608
f 5785 5795 5784
f 5812 5810 5811
f 5812 5811 5784
f 5787 5817 5799
f 5787 5797 5798
f 5672 5799 5788
f 5750 5797 5799
f 5801 5770 5800
f 5798 5770 5787
f 5803 5671 5802
f 5817 5801 5800
f 5788 5800 5802
f 5803 5764 5711
f 5800 5803 5802
f 5803 5800 5804
f 5764 5803 5804
f 5804 5800 5770
f 5791 5789 6034
f 5690 5786 6034
f 5450 5792 5518
f 5793 5792 5450
f 5763 5208 5706
f 5811 5828 5796
f 5821 5819 4450
f 5784 5808 5785
f 4432 5810 5608
f 5810 5809 5811
f 5809 5838 5815
f 5828 5811 5809
f 5796 5784 5811
f 5760 5812 5784
f 5608 5810 5812
f 5865 5874 5864
f 5815 5839 5814
f 5814 5829 5827
f 5815 5814 5827
f 5735 5832 5816
f 5770 5767 5771
f 5799 5817 5788
f 5801 5817 5787
f 5791 5804 5770
f 5819 5818 5807
f 5807 5833 5819
f 5083 5307 5822
f 5821 5818 5819
f 5822 5821 5820
f 5084 5823 5077
f 5820 5866 5822
f 4450 5836 5820
f 5826 5079 5077
f 5866 5826 5823
f 5825 5826 5824
f 5809 5815 5827
f 5831 5829 5830
f 5827 5828 5809
f 5828 5827 5759
f 5806 5813 5840
f 5829 5806 5830
f 5807 5842 5830
f 5829 5831 5827
f 5688 5816 5797
f 5739 5772 5832
f 5728 5735 5816
f 5832 5767 5798
f 5739 5832 5735
f 5807 5806 5833
f 5806 5840 5833
f 5564 5845 5202
f 5819 5833 5834
f 5836 4450 5834
f 5868 5837 5877
f 5844 5836 5835
f 5836 5844 5846
f 5820 5821 4450
f 5828 5759 5796
f 5831 5759 5827
f 5814 5868 5829
f 5814 5837 5868
f 4432 5838 5809
f 4432 5577 5838
f 5837 5237 5847
f 5815 5838 5839
f 5833 5840 5834
f 5806 5829 5813
f 5836 5834 5835
f 5840 5813 5841
f 5805 5842 5807
f 5842 5852 5831
f 5506 5565 5845
f 5858 5843 5844
f 5834 4450 5819
f 5868 5867 5813
f 5841 5869 5840
f 5844 5835 5858
f 5845 5844 5843
f 5421 5844 5845
f 5866 5421 5824
f 5421 5846 5844
f 5935 5943 5850
f 4444 5196 5860
f 5577 5238 5848
f 5839 5838 5577
f 5238 5609 5246
f 5242 5848 5238
f 5851 5240 5850
f 5237 5839 5849
f 5577 5849 5839
f 5929 5915 5927
f 5114 5231 5916
f 5240 5851 5848
f 5944 5851 5850
f 5807 5830 5806
f 5831 5830 5842
f 5852 5842 5781
f 5831 5854 5759
f 5853 5852 5855
f 5763 5710 5853
f 5856 5808 5759
f 5831 5852 5854
f 5854 5853 5856
f 5855 5852 5781
f 5854 5852 5853
f 5578 5889 5872
f 5856 5759 5854
f 5862 5843 5857
f 5865 5859 5857
f 5869 5870 5840
f 5867 5869 5841
f 5857 5859 5861
f 5897 5860 5859
f 5195 5860 5196
f 5859 5865 5892
f 5862 5861 5053
f 5859 5860 5861
f 5305 5862 5053
f 5857 5882 5874
f 5896 5863 5921
f 5874 5865 5857
f 5865 5896 5892
f 5820 5836 5846
f 5875 5421 5565
f 5824 5875 5876
f 5846 5421 5866
f 5866 5823 5822
f 5826 5866 5824
f 5237 5837 5839
f 5877 5837 5847
f 5887 5885 5867
f 5834 5870 5835
f 5835 5870 5858
f 5840 5870 5834
f 5858 5870 5869
f 5763 5640 5710
f 5709 5611 5710
f 5872 5889 5856
f 5763 5853 5855
f 5856 5853 5871
f 5872 5856 5871
f 5710 5611 5878
f 5862 5202 5845
f 5845 5843 5862
f 5915 5929 4655
f 5869 5874 5858
f 5876 5875 5566
f 5875 5824 5421
f 6024 5876 5566
f 5825 5876 4482
f 5846 5866 5820
f 5877 5847 5886
f 5867 5868 5877
f 5829 5868 5813
f 5813 5867 5841
f 5611 5666 5879
f 5872 5871 5578
f 5878 5871 5710
f 5878 5879 6039
f 6035 5659 5661
f 6035 6039 5879
f 5879 5666 5659
f 6038 6043 5578
f 5880 5795 5785
f 6048 5578 6043
f 5889 5785 5808
f 5944 5850 5943
f 5863 5885 5887
f 5843 5882 5857
f 5874 5882 5858
f 5874 5869 5883
f 5884 5869 5867
f 5883 5869 5884
f 5867 5885 5884
f 5885 5883 5884
f 5886 5867 5877
f 5888 5894 5942
f 5864 5885 5863
f 5883 5885 5864
f 5886 5887 5867
f 5886 5888 5887
f 5887 5888 5902
f 5894 5888 5886
f 5889 5578 5880
f 5889 5808 5856
f 5944 5847 5237
f 5902 5903 5921
f 5888 5873 5902
f 5911 5890 5917
f 5893 5897 5904
f 5865 5864 5896
f 5891 5903 5890
f 5859 5892 5897
f 5890 5904 5891
f 5912 5898 5304
f 5883 5864 5874
f 5894 5881 5942
f 5248 5910 4454
f 5903 5902 5895
f 5863 5896 5864
f 5891 5892 5896
f 5904 5897 5892
f 5860 5897 5893
f 5912 5906 5898
f 5905 5893 5906
f 5899 5906 5912
f 5901 5900 5066
f 5198 5900 5899
f 5060 5901 5066
f 5901 4444 5905
f 5847 5894 5886
f 5881 5894 5847
f 5902 5873 5895
f 5917 5903 5895
f 5902 5863 5887
f 5921 5903 5891
f 5891 5904 5892
f 5906 5904 5898
f 5904 5890 5898
f 5893 5904 5906
f 5901 5905 5899
f 5899 5905 5906
f 5304 5372 5912
f 5898 5890 5911
f 5895 5873 5934
f 5375 5304 5908
f 5895 5933 5917
f 4655 5222 5915
f 5922 5248 4991
f 5909 5919 5910
f 5890 5903 5917
f 5908 5911 5907
f 5911 5304 5898
f 5370 5198 5912
f 5198 5899 5912
f 4806 5913 4991
f 5930 5928 5941
f 5931 5926 5930
f 5114 5915 5222
f 5927 5915 5914
f 5920 5231 4454
f 5915 5916 5914
f 5934 5941 5940
f 5911 5917 5938
f 5922 5918 5910
f 5913 5925 5947
f 5928 5930 5937
f 5916 5919 5914
f 5919 5920 5910
f 5231 5920 5916
f 5921 5891 5896
f 5902 5921 5863
f 5248 5922 5910
f 4991 5913 5922
f 5924 5925 4993
f 5907 5374 5908
f 5924 5374 5923
f 5925 5924 5923
f 5923 5939 5947
f 5925 5913 4806
f 4902 5924 4993
f 5924 4516 5376
f 5927 5930 5926
f 5926 5935 5929
f 5930 5927 5937
f 5927 5926 5929
f 5932 5914 5919
f 5938 5917 5933
f 5926 5943 5935
f 5936 5929 5946
f 5937 5927 5914
f 5930 5941 5931
f 5942 5931 5941
f 5851 5944 5237
f 5919 5909 5932
f 5907 5938 5939
f 5928 5932 5940
f 5932 5909 5939
f 5934 5873 5941
f 5945 5935 5850
f 5936 5946 5102
f 5936 5102 5956
f 4655 5929 5936
f 5914 5932 5937
f 5928 5937 5932
f 5934 5933 5895
f 5939 5938 5933
f 5938 5907 5911
f 5939 5933 5940
f 5939 5940 5932
f 5934 5940 5933
f 5947 5909 5918
f 5907 5939 5923
f 5941 5928 5940
f 5942 5941 5873
f 5942 5873 5888
f 5942 5881 5944
f 5926 5931 5943
f 5931 5942 5944
f 5944 5943 5931
f 5847 5944 5881
f 5850 5240 5945
f 5243 5959 5240
f 5929 5935 5946
f 6056 5935 5945
f 5913 5947 5918
f 5923 5947 5925
f 5948 4506 4889
f 4464 4723 5948
f 5166 5949 4502
f 5016 5949 4556
f 5950 4731 4891
f 5951 4882 4884
f 4731 5950 5948
f 4464 5948 5950
f 4464 5950 5951
f 4882 5951 5950
f 5952 4512 4513
f 5290 5952 4465
f 4900 5953 4515
f 5954 4899 5418
f 4740 5954 5418
f 4574 5954 4741
f 5201 5955 5067
f 5955 4519 4907
f 4663 5956 4662
f 5101 5956 4659
f 5135 5957 4692
f 5957 5136 5091
f 6056 5102 5946
f 5959 5945 5240
f 5234 5959 5243
f 5959 5958 6056
f 4662 5958 5960
f 5234 5960 5958
f 5206 4926 4924
f 5575 5961 5241
f 5432 5961 5385
f 5963 5493 5962
f 5962 5965 5415
f 5563 5963 5415
f 5962 5415 5963
f 5965 5964 5417
f 5968 5965 5962
f 4462 5070 5204
f 5965 5417 5415
f 5971 5072 5966
f 5962 5493 5967
f 5962 5966 5968
f 5071 4920 5964
f 5397 5970 5470
f 5969 5205 5488
f 5972 5971 5397
f 5470 5970 5969
f 5072 5971 5206
f 5966 5962 5967
f 5970 5967 5969
f 5971 5966 5967
f 5306 5072 5206
f 5072 5071 5966
f 5964 5968 5071
f 5071 5968 5966
f 5314 4490 5312
f 5427 4490 5424
f 5971 5972 5206
f 5461 5972 5397
f 5540 5544 5974
f 5157 5548 5973
f 5544 5976 5974
f 5975 5550 5553
f 5973 5975 5157
f 5975 5974 5976
f 5977 5976 5544
f 5975 5976 5550
f 5549 5977 5544
f 5977 4500 5978
f 5161 5978 4500
f 5978 5158 5979
f 5160 5979 5158
f 5550 5979 5160
f 5981 5980 5982
f 5557 5407 5980
f 5982 5980 5551
f 5557 5980 5981
f 5983 5982 4459
f 6011 5494 6009
f 5682 5678 4459
f 5985 5988 5990
f 5997 5678 5775
f 5992 5987 5989
f 5994 5984 5990
f 4459 5982 5551
f 5985 5982 5983
f 5552 4459 5551
f 4459 5678 5983
f 5988 5983 5989
f 5985 5984 5986
f 5985 5986 5982
f 6011 5984 5994
f 5711 5993 5995
f 5990 5984 5985
f 5988 5987 5990
f 5678 5991 5989
f 5991 5992 5989
f 5993 5990 5987
f 5990 5993 5994
f 5991 5678 5997
f 5992 5991 5776
f 5802 5992 5776
f 5671 5995 5992
f 5995 5993 5987
f 5711 5996 5993
f 5712 5494 5994
f 6011 5994 5494
f 5992 5995 5987
f 5803 5711 5671
f 5713 5996 5711
f 5712 5993 5996
f 5997 5777 5776
f 5505 5998 5416
f 5560 6001 5559
f 6017 6021 5364
f 6058 5560 5365
f 6001 6000 5999
f 5535 5999 6003
f 5602 5630 5535
f 6020 6000 6057
f 6057 6019 6020
f 5556 6014 5401
f 6000 6003 5999
f 6003 6002 6004
f 6010 6012 6008
f 6006 5628 5495
f 6023 6002 6010
f 5629 5628 6006
f 6007 5495 5602
f 6005 6006 6007
f 6007 6006 5495
f 6009 6006 6005
f 5629 6006 5494
f 6009 6005 6010
f 5986 6012 5981
f 6005 6023 6010
f 6009 6008 6011
f 6012 5986 6008
f 6017 5364 5413
f 6008 6009 6010
f 6008 5986 6011
f 5984 6011 5986
f 6002 6016 6010
f 5981 6012 5555
f 6010 6016 6012
f 5402 5401 6015
f 5555 6014 5556
f 6014 6013 6015
f 6013 6012 6016
f 5402 6015 4463
f 6017 6018 6002
f 6013 6016 6018
f 6018 6015 6013
f 6002 6018 6016
f 6015 6018 6017
f 6020 6002 6003
f 5298 5411 6022
f 6002 6019 6021
f 6000 6020 6003
f 6002 6020 6019
f 6002 6021 6017
f 6022 6019 5298
f 5364 6022 5411
f 6019 6022 6021
f 6007 6023 6005
f 6002 6023 6004
f 5568 4765 4535
f 5591 6025 6026
f 5591 5751 6046
f 5657 5732 6060
f 5591 6026 5592
f 5718 6026 6025
f 5425 5624 5605
f 6025 6059 6061
f 6052 6054 6064
f 5657 6028 5658
f 6030 6029 5701
f 5758 6029 5637
f 5636 6030 5701
f 6030 5783 6066
f 5626 6031 5625
f 5711 6031 5713
f 5686 6032 5677
f 5780 6032 5685
f 6025 6033 5717
f 6050 6053 6051
f 5717 6033 5722
f 5791 6034 5786
f 5792 6034 5789
f 5853 5710 5871
f 5871 5878 6038
f 5659 6035 5879
f 6036 6035 5654
f 6028 6063 6040
f 6035 6037 6039
f 6043 6038 6037
f 5578 5871 6038
f 6037 6038 6039
f 6036 6040 6037
f 6037 6040 6041
f 6028 6040 6036
f 6041 6040 6027
f 6044 6041 6027
f 6037 6041 6043
f 6042 6066 5783
f 6049 6043 6041
f 6047 6048 6049
f 6052 6055 6050
f 5754 6046 5751
f 6064 6065 5637
f 5752 6046 5754
f 5591 6046 6045
f 6052 6051 6054
f 6047 5880 6048
f 6047 6044 6042
f 5610 6047 5783
f 5880 6047 5795
f 6041 6044 6049
f 6047 5610 5795
f 6049 6048 6043
f 5654 6035 5661
f 6037 6035 6036
f 5655 5654 5661
f 6028 6062 6063
f 6054 5591 6045
f 6044 6052 6042
f 6050 6051 6052
f 6059 6051 6053
f 5591 6051 6025
f 6053 6062 6061
f 5591 6054 6051
f 6054 6045 6064
f 6044 6027 6055
f 6055 6063 6053
f 6049 6044 6047
f 5959 6056 5945
f 5102 6056 5958
f 5671 5711 5995
f 6058 6057 6000
f 5298 6019 6057
f 6001 6058 6000
f 6057 5367 5298
f 5365 5367 6058
f 6025 5717 5718
f 6051 6059 6025
f 6059 6053 6061
f 6033 6060 5651
f 6061 6060 6033
f 6061 6033 6025
f 6063 6062 6053
f 6028 5657 6062
f 6060 6062 5657
f 6063 6027 6040
f 6063 6055 6027
f 6050 6055 6053
f 6066 6064 5637
f 6042 6064 6066
f 6064 6042 6052
f 6065 6064 6045
f 6046 6065 6045
f 5758 6065 5752
f 5757 5758 5752
f 6030 6066 5637
f 5783 6047 6042
f 6111 6211 6214
f 6115 1945 6097
f 6145 6204 6148
f 6095 6097 1944
f 6293 6083 6082
f 6144 1948 1947
f 1950 6279 1951
f 6203 1946 1945
f 6114 6147 6153
f 1950 1949 6200
f 6966 6958 7109
f 6096 6097 6095
f 6144 6203 6212
f 1953 1952 6277
f 6281 1951 6279
f 6404 6301 6306
f 6971 7179 6956
f 6281 1952 1951
f 6215 6296 6679
f 1957 1956 6295
f 6400 6537 6399
f 6398 6399 1958
f 7150 6706 7149
f 6398 1957 6297
f 6312 6702 6558
f 6202 6279 6200
f 1944 1943 6095
f 6093 6114 6153
f 6900 6902 6750
f 1997 1996 6103
f 6148 6112 6147
f 6146 6204 6205
f 6607 6444 6338
f 6200 1949 1948
f 6206 6288 6149
f 6873 7047 6930
f 6687 6824 6685
f 4398 4399 6553
f 6346 1992 1991
f 1995 6175 1996
f 6389 6149 6288
f 6080 6079 6300
f 6400 6825 6402
f 6186 6136 6188
f 6207 6386 6146
f 6405 6304 6306
f 6123 7336 7337
f 1962 1961 6401
f 6155 6949 6937
f 6540 6401 6403
f 6329 6330 6592
f 6164 6588 6586
f 6145 6089 6088
f 1962 6540 1963
f 6509 6379 6510
f 7207 7188 7135
f 6998 6893 6997
f 6151 6093 6096
f 6151 6096 6090
f 7073 6986 6160
f 6335 1981 6441
f 6453 6859 6450
f 6452 6124 6354
f 1972 6426 1973
f 6507 6510 6512
f 6659 6107 6800
f 6340 6245 1990
f 1975 6321 6582
f 7404 6236 6606
f 6480 6611 6169
f 1974 6321 1975
f 6127 6466 6469
f 6324 1969 1968
f 1990 6245 1991
f 6175 6103 1996
f 6441 1980 6448
f 1978 6448 1979
f 6128 6177 6178
f 6775 6445 6603
f 6175 6129 6103
f 6469 6466 6473
f 1982 6334 1983
f 1984 1983 6447
f 6486 7391 7302
f 7314 6258 7304
f 6337 6234 6334
f 6264 6071 6262
f 6252 6253 6131
f 6327 6427 6325
f 6250 6174 6128
f 6495 6105 6370
f 6352 6126 6347
f 6256 3870 3869
f 6341 6237 6340
f 6136 6135 6189
f 6265 4392 4393
f 6340 1989 1988
f 6185 6262 6183
f 6269 6106 6193
f 6255 6251 6254
f 6130 6243 6178
f 6244 6346 6245
f 6749 6165 6433
f 6105 6494 6370
f 6176 1994 6130
f 4395 6259 6372
f 6239 6238 6342
f 6189 6135 6190
f 6129 6175 6177
f 6103 6129 3866
f 7612 7617 7608
f 3865 1997 6103
f 6173 6129 6128
f 6104 6908 6912
f 6741 6228 6428
f 6274 6275 6196
f 6545 6393 6544
f 6247 6463 6172
f 1943 6091 6095
f 3867 3866 6173
f 3867 6173 6174
f 6090 6096 6091
f 6115 6097 6093
f 3868 3867 6174
f 6359 3868 6174
f 6090 6089 6145
f 6374 6270 6272
f 6267 6268 6191
f 1986 6342 1987
f 1993 1992 6242
f 6266 6187 6265
f 6074 6073 6257
f 6485 6487 6257
f 6071 6070 6262
f 6371 6264 7390
f 6523 6675 6674
f 6431 6432 6330
f 7332 3881 3880
f 6261 6183 6069
f 6070 6069 6183
f 6500 6181 6485
f 6106 6136 6193
f 6225 6573 6578
f 7327 7329 6109
f 6184 6134 6183
f 6174 6252 6359
f 7218 7602 7601
f 6219 6306 6307
f 4389 4390 6106
f 4408 4409 6416
f 4410 6315 4409
f 6153 6152 6115
f 6112 6153 6147
f 1953 6380 1954
f 4406 4407 6423
f 6257 6500 6485
f 6152 6211 6210
f 6106 4390 6188
f 6504 6375 6649
f 4398 6368 4397
f 6409 6410 6553
f 7501 7664 7495
f 7599 7575 7570
f 6567 6158 6560
f 4395 4396 6259
f 6186 4391 4392
f 6197 3880 3879
f 6629 6498 6182
f 6186 6187 6135
f 7011 7080 7010
f 1966 6327 1967
f 4390 4391 6188
f 6489 6488 6182
f 6793 7021 7019
f 6221 6309 6310
f 6558 6561 6310
f 6797 6914 6908
f 6077 6304 6078
f 6303 6404 6218
f 6411 6412 6312
f 6838 6839 6580
f 4403 6309 6311
f 4399 4400 6409
f 6705 6704 6833
f 6309 6411 6310
f 6313 6414 6314
f 4402 6311 6413
f 4403 6311 4402
f 6639 6792 6794
f 6106 6067 4389
f 6939 6937 6949
f 7329 7330 4431
f 3878 6274 6276
f 6109 7329 4431
f 6509 6508 6379
f 4431 3882 6109
f 6280 6142 6282
f 6194 6270 6271
f 4428 6270 4427
f 6809 6679 6678
f 6382 6283 6530
f 6144 6201 1948
f 6198 4429 4430
f 3882 3881 6109
f 6194 6271 6501
f 6344 6345 3874
f 6284 6206 6149
f 6249 3872 6246
f 6480 6358 6611
f 6210 6203 6115
f 6096 6095 6091
f 6469 6479 7743
f 7327 7332 6197
f 1945 1944 6097
f 6274 3878 3877
f 7328 7327 6140
f 6313 6315 4410
f 6096 6093 6097
f 3879 3878 6276
f 6345 6459 6610
f 7034 6756 7095
f 6208 6289 6290
f 6246 3872 3871
f 6302 6080 6300
f 4417 6438 6437
f 6733 6318 6422
f 6289 6085 6084
f 6146 6386 6680
f 6205 6207 6146
f 6434 6436 4418
f 6203 1945 6115
f 6436 6438 4418
f 6419 6420 6317
f 6093 6151 6114
f 6145 6151 6090
f 4419 6434 4418
f 6205 6087 6086
f 6663 6505 6806
f 6671 6377 6506
f 6747 6594 6333
f 6204 6088 6087
f 6145 6148 6147
f 4427 6374 6376
f 6439 4422 4423
f 6440 6601 6602
f 6439 6440 6747
f 6145 6147 6114
f 6533 6153 6112
f 6145 6114 6151
f 4420 6329 4419
f 6434 6329 6331
f 6534 6112 6680
f 6204 6145 6088
f 6573 6420 6318
f 1947 1946 6203
f 6533 6112 6534
f 1956 1955 6295
f 6665 6668 6664
f 6345 3875 3874
f 6448 6449 6339
f 6168 6355 6353
f 6347 6348 6244
f 6343 1985 1984
f 3873 3872 6249
f 6477 6474 6476
f 1993 6242 6170
f 6171 6350 6352
f 6247 6357 6256
f 6248 6471 6612
f 6174 6173 6128
f 6250 6128 6102
f 3869 3868 6359
f 6103 3866 3865
f 6173 3866 6129
f 1995 6176 6175
f 6175 6176 6177
f 1994 6176 1995
f 6177 6176 6130
f 6178 6177 6130
f 6128 6129 6177
f 6243 1994 1993
f 6128 6178 6102
f 6348 6349 6170
f 6243 6360 6178
f 6463 6466 6468
f 6464 6463 6247
f 7314 7304 7301
f 6488 6367 6491
f 6629 6496 6498
f 6261 6069 6068
f 6183 6134 6185
f 6189 6193 6136
f 6192 6184 6189
f 6185 6134 6492
f 6071 6264 6072
f 6186 4392 6265
f 6136 6186 6135
f 6266 4393 4394
f 6190 6135 6267
f 6186 6188 4391
f 6106 6188 6136
f 6192 6189 6105
f 6193 6189 6184
f 6267 6135 6187
f 6105 6189 6190
f 6494 6497 6499
f 6105 6190 6191
f 6628 6105 6495
f 6134 6184 6192
f 6261 6193 6184
f 6067 6269 6068
f 4428 4429 6373
f 6375 6272 6194
f 6506 4424 4425
f 6275 3877 3876
f 6196 6379 6276
f 6276 6197 3879
f 7327 6197 6140
f 7330 6198 4430
f 6271 6198 6141
f 6382 6199 6283
f 6278 6380 6277
f 6143 6383 6200
f 6111 6201 6144
f 6200 6201 6143
f 6282 6383 6280
f 6283 6281 6282
f 1947 6203 6144
f 6205 6204 6087
f 6148 6204 6146
f 6206 6205 6086
f 6207 6205 6284
f 6086 6085 6206
f 6288 6206 6085
f 6285 6207 6284
f 6286 6386 6287
f 6290 6084 6083
f 6292 6113 6285
f 6294 6293 6082
f 6390 6291 6389
f 6153 6115 6093
f 6115 6152 6210
f 6152 6533 6211
f 6212 6210 6211
f 6214 6211 6092
f 6212 6211 6111
f 6144 6212 6111
f 6203 6210 6212
f 6533 6532 6092
f 6384 6143 6690
f 6092 6689 6824
f 6111 6214 6213
f 1954 6380 6296
f 6813 6215 6811
f 6878 6216 6932
f 6693 6875 6299
f 1959 6537 1960
f 6541 7050 7049
f 6393 6536 6544
f 6396 6293 6294
f 6549 7308 6305
f 6407 6408 6305
f 6631 6632 6133
f 7194 6834 6980
f 6416 4409 6315
f 6722 7659 6728
f 4415 6421 4414
f 6574 6420 6573
f 6559 6226 6835
f 6583 6425 6585
f 7016 7017 6903
f 6323 7399 6583
f 6229 6427 6586
f 6230 6327 1965
f 1964 6429 1965
f 6431 6329 4420
f 6329 6435 6331
f 6599 6435 6600
f 6232 6771 6760
f 6233 6748 6855
f 6231 6329 6592
f 1982 6337 6334
f 6454 6453 6239
f 6235 6445 6779
f 6605 6449 1978
f 1977 1976 6424
f 6341 1988 1987
f 6450 6355 6168
f 6447 6334 6336
f 6336 6234 6604
f 6617 6358 6481
f 6456 6345 6240
f 6457 6519 6458
f 6378 6196 6275
f 6242 1992 6346
f 1993 6170 6179
f 6243 1993 6179
f 6243 6179 6360
f 1994 6243 6130
f 6347 6244 6171
f 6242 6244 6170
f 1990 1989 6340
f 6244 6245 6171
f 6237 6608 6350
f 6171 6245 6237
f 3871 3870 6357
f 6172 6248 6249
f 6172 6246 6247
f 6246 3871 6357
f 6463 6468 6172
f 6481 6358 6480
f 6172 6249 6246
f 6249 6248 6617
f 6250 6254 6253
f 6252 6250 6253
f 6360 6254 6102
f 6474 6477 6475
f 6131 6465 6359
f 6174 6250 6252
f 6254 6250 6102
f 6253 6251 6476
f 6254 6360 6255
f 6251 6253 6254
f 6462 6170 6349
f 6362 6363 6364
f 6359 6256 3869
f 6247 6256 6180
f 6366 6485 6486
f 6366 7304 6548
f 7298 7302 7303
f 6368 6623 4397
f 6489 6498 6372
f 6556 6828 6410
f 6261 6068 6269
f 6183 6261 6184
f 6183 6262 6070
f 6264 6262 6185
f 6492 6493 6185
f 6257 6073 6371
f 6266 6265 4393
f 6186 6265 6187
f 4394 4395 6372
f 6266 6498 6268
f 6268 6267 6187
f 6190 6267 6191
f 6266 6268 6187
f 6137 6191 6268
f 6106 6269 6067
f 6261 6269 6193
f 6270 4428 6373
f 6272 6270 6194
f 6271 6373 6198
f 6271 6141 6502
f 6375 6194 6501
f 4427 6376 4426
f 6665 6195 6649
f 6754 6756 6751
f 6275 6274 3877
f 6276 6274 6196
f 6459 6345 6458
f 6196 6139 6379
f 6197 6276 6140
f 6281 6277 1952
f 6278 6277 6199
f 6676 6382 6525
f 6296 6295 1955
f 6200 1948 6201
f 6690 6691 6688
f 6200 6279 1950
f 6281 6279 6202
f 6384 6280 6383
f 6528 6385 6527
f 6282 6281 6202
f 6277 6281 6199
f 6282 6202 6383
f 6283 6282 6142
f 6382 6677 6525
f 6281 6283 6199
f 6206 6284 6205
f 6285 6284 6149
f 6149 6389 6292
f 6113 6681 6285
f 6207 6285 6287
f 6532 6533 6534
f 6388 6531 6535
f 6286 6287 6531
f 6289 6288 6085
f 6288 6208 6389
f 6290 6289 6084
f 6288 6289 6208
f 6293 6290 6083
f 6397 6392 6394
f 6390 6208 6290
f 6291 6390 6397
f 6149 6292 6285
f 6291 6397 6395
f 6294 6082 6081
f 6293 6209 6391
f 6081 6080 6302
f 6536 6294 6406
f 1955 1954 6296
f 6215 6297 6295
f 6296 6278 6676
f 6215 6295 6296
f 6215 6809 6811
f 6398 6297 6812
f 1957 6295 6297
f 6398 1958 1957
f 6692 6400 6298
f 6537 6402 6539
f 6079 6078 6405
f 6302 6300 6218
f 6218 6300 6303
f 6405 6303 6300
f 6396 6150 6392
f 6536 6406 6302
f 6405 6300 6079
f 6404 6303 6301
f 6407 6077 6076
f 6304 6307 6306
f 6304 6407 6307
f 6408 6076 6075
f 6404 6306 6219
f 6306 6301 6405
f 6407 6304 6077
f 7308 6307 6305
f 6409 4400 4401
f 6554 6410 6308
f 6221 6311 6309
f 6221 6310 6561
f 4403 4404 6309
f 6411 6309 4404
f 6552 6311 6221
f 6569 4405 4406
f 6313 4410 4411
f 6315 6313 6708
f 6414 4411 4412
f 6709 6711 6159
f 6712 6223 6314
f 6708 6313 6223
f 6571 4412 4413
f 6713 6715 6710
f 6715 6572 6224
f 6332 6577 6733
f 6437 4416 4417
f 6320 6418 6417
f 6729 6731 6417
f 6426 6738 1973
f 6424 6582 6737
f 6737 6322 6424
f 6236 6339 6606
f 6584 6739 6323
f 6889 6227 6425
f 1968 1967 6325
f 6324 6325 6229
f 6325 6324 1968
f 6427 6229 6325
f 1969 6326 1970
f 6590 6591 6746
f 6326 1969 6324
f 6540 6430 1963
f 6328 6429 6696
f 6427 6327 6230
f 1965 6327 1966
f 6431 4420 4421
f 6231 6435 6329
f 6432 4421 4422
f 6573 6318 6578
f 6422 6318 6421
f 6601 6439 4423
f 6593 6433 6592
f 6337 1981 6335
f 6336 6334 6234
f 6441 1981 1980
f 6335 6441 6443
f 6604 6234 7342
f 6336 6239 6343
f 1981 6337 1982
f 6234 6337 6335
f 6441 6338 6443
f 6445 6607 6603
f 6448 6339 6607
f 6341 6340 1988
f 6342 6341 1987
f 6455 1986 1985
f 6342 6238 6608
f 6455 6342 1986
f 6239 6455 6343
f 6343 1984 6447
f 6481 6344 3874
f 6345 6344 6240
f 6240 6480 6456
f 6241 6459 6458
f 6245 6346 1991
f 6242 6346 6244
f 6363 6482 6365
f 6348 6347 6126
f 6349 6348 6126
f 6244 6348 6170
f 6349 6126 6482
f 6255 6360 6462
f 6245 6340 6237
f 6350 6168 6353
f 7383 7353 6478
f 6364 6101 6361
f 6347 6171 6352
f 6171 6237 6350
f 6352 6353 6351
f 6483 6787 7352
f 6355 7347 6353
f 6352 6350 6353
f 6355 6354 7347
f 6464 6465 6616
f 6356 6616 6473
f 6256 6357 3870
f 6246 6357 6247
f 6240 6344 6481
f 6172 6471 6248
f 6131 6359 6252
f 6256 6359 6180
f 6178 6360 6102
f 6462 6360 6179
f 6251 6255 6361
f 6362 6361 6255
f 6462 6362 6255
f 6362 6349 6482
f 6365 6126 6352
f 6363 6365 6484
f 6362 6364 6361
f 6619 6363 6484
f 6352 6351 6365
f 7352 6618 7346
f 6548 6549 6408
f 6074 6487 6075
f 4396 6490 6259
f 6490 6623 6367
f 6368 6700 6491
f 6134 6192 6628
f 6500 6627 6181
f 6191 6494 6105
f 6369 6495 6624
f 6185 6493 6264
f 4394 6372 6266
f 6198 6373 4429
f 6270 6373 6271
f 6513 6673 6108
f 6672 6513 6108
f 6270 6374 4427
f 6376 6374 6272
f 6647 6375 6138
f 6375 6647 6649
f 6504 6376 6272
f 6376 6504 6663
f 6376 6806 4426
f 6602 6377 6772
f 6461 6275 6459
f 6516 6139 6378
f 6511 6510 6139
f 6140 6276 6508
f 6277 6380 1953
f 6296 6380 6278
f 6529 6527 6385
f 6678 6870 6154
f 6142 6530 6283
f 6142 6280 6527
f 6200 6383 6202
f 6384 6383 6143
f 6528 6384 6110
f 6111 6691 6201
f 6691 6213 6688
f 6683 6685 6388
f 6677 6382 6921
f 6287 6386 6207
f 6286 6534 6680
f 6395 6113 6292
f 6682 6819 6535
f 6531 6681 6535
f 6685 6683 6686
f 6390 6389 6208
f 6292 6389 6291
f 6290 6391 6390
f 6392 6397 6391
f 6293 6391 6290
f 6392 6391 6209
f 6209 6293 6396
f 6925 6392 6150
f 6302 6542 6543
f 6542 6218 6404
f 6395 6292 6291
f 6681 6823 6535
f 6209 6396 6392
f 6545 6396 6393
f 6397 6390 6391
f 6395 6397 6394
f 6406 6294 6081
f 6812 6297 6813
f 6398 6815 6399
f 6400 6399 6298
f 1959 1958 6399
f 6298 6818 6692
f 6401 1961 6539
f 1961 1960 6539
f 6299 6698 6401
f 6538 6693 6825
f 6299 6541 6698
f 6328 1965 6429
f 7322 7324 7326
f 6404 6156 6542
f 6405 6078 6304
f 6303 6405 6301
f 6302 6406 6081
f 6408 6407 6076
f 6307 6407 6305
f 6487 6408 6075
f 6408 6487 6548
f 6410 6409 6308
f 4402 6413 4401
f 6308 6550 6220
f 6554 6308 6220
f 6412 6411 4404
f 4404 4405 6412
f 6312 6558 6310
f 6567 6560 6561
f 6311 6552 6413
f 6409 6413 6308
f 6707 6702 6319
f 6414 6313 4411
f 6223 6313 6314
f 4412 6415 6414
f 6713 6710 6712
f 6714 6415 6316
f 6418 6416 6315
f 6423 6416 6319
f 6417 6315 6708
f 6709 6729 6417
f 6417 6418 6315
f 6316 6571 6419
f 6316 6317 6572
f 6576 4413 4414
f 6316 6419 6317
f 6576 6419 4413
f 6420 6576 6421
f 6579 4415 4416
f 6420 6421 6318
f 6579 6421 4415
f 6422 6579 6437
f 4407 4408 6416
f 6707 6580 6226
f 6581 6416 6418
f 1974 6425 6321
f 1972 1971 6584
f 6585 6426 6323
f 6230 7135 7187
f 6427 6164 6586
f 6325 1967 6327
f 6428 6228 1971
f 6324 6590 6326
f 6230 1965 6328
f 1964 6430 6429
f 6430 6403 6697
f 1963 6430 1964
f 6698 6403 6401
f 6432 6431 4421
f 6329 6431 6330
f 6439 6432 4422
f 6597 6594 6596
f 6593 6330 6432
f 6433 6593 6597
f 6329 6434 4419
f 6436 6434 6331
f 6165 6755 6856
f 6331 6599 6436
f 6331 6435 6599
f 6232 6767 6768
f 4417 4418 6438
f 6422 6437 6332
f 6436 6599 6770
f 6437 6438 6769
f 4423 4424 6602
f 6594 6595 6233
f 6779 7339 6444
f 7340 6167 7341
f 6442 7341 6443
f 6442 6443 6338
f 6607 6338 6448
f 6607 6445 6444
f 6604 6454 6336
f 6334 6447 1983
f 6343 6447 6336
f 6339 6603 6607
f 1978 1977 6605
f 6603 6339 6236
f 1980 1979 6448
f 6238 6453 6450
f 6355 6450 6354
f 6859 6453 6454
f 7450 7449 7451
f 6859 6452 6354
f 7718 7350 6451
f 6859 6354 6450
f 7350 7348 6451
f 6238 6450 6168
f 6609 6906 6905
f 6783 6859 6781
f 6239 6453 6238
f 6343 6455 1985
f 6342 6455 6239
f 6460 6456 6169
f 6456 6460 6458
f 6611 6613 6614
f 6241 6461 6459
f 6345 6456 6458
f 3876 6610 6275
f 3875 6610 3876
f 6614 6460 6169
f 6458 6460 6457
f 6461 6241 6517
f 6275 6461 6378
f 6170 6462 6179
f 6362 6462 6349
f 6464 6247 6180
f 6466 6463 6356
f 6465 6464 6180
f 6356 6463 6464
f 6359 6465 6180
f 6474 6616 6131
f 6469 6473 6467
f 6466 6127 6468
f 6484 6787 6619
f 6467 6479 6469
f 6468 6127 6472
f 6172 6468 6471
f 6473 6466 6356
f 6479 6467 6622
f 7743 6784 6785
f 6169 6611 6614
f 6472 6471 6468
f 6470 6611 6612
f 6127 7743 6785
f 6472 6470 6612
f 6616 6356 6464
f 6620 6101 6619
f 6476 6131 6253
f 6477 6476 6251
f 6467 6473 6475
f 6474 6475 6473
f 6477 6251 6361
f 6131 6476 6474
f 6361 6101 6477
f 6475 6477 6101
f 7358 7361 6478
f 6861 6470 6786
f 6622 6620 6621
f 6456 6480 6169
f 6481 6480 6240
f 3874 3873 6481
f 6617 6481 3873
f 6365 6482 6126
f 6362 6482 6363
f 6351 7346 6618
f 6618 6484 6365
f 7352 6787 6484
f 6486 6485 6181
f 6485 6366 6487
f 7292 7295 7303
f 6487 6074 6257
f 6487 6366 6548
f 6635 6260 6636
f 6182 6630 6629
f 6490 6489 6259
f 6488 6489 6367
f 4397 6490 4396
f 6489 6490 6367
f 6828 6368 4398
f 6488 6491 6260
f 6623 6491 6367
f 6492 6134 6628
f 6493 6492 6369
f 6624 6263 6369
f 6627 6371 7390
f 7390 6493 6369
f 6494 6191 6137
f 6495 6370 6624
f 6137 6497 6494
f 6499 6625 6494
f 6495 6369 6492
f 6497 6498 6496
f 6497 6137 6498
f 6496 6633 6499
f 6259 6489 6372
f 6633 6496 6631
f 6133 6639 6633
f 6496 6499 6497
f 6371 6500 6257
f 6627 6500 6371
f 6072 6371 6073
f 6182 6498 6489
f 6502 6501 6271
f 6673 6502 6141
f 6501 6502 6138
f 6138 6375 6501
f 6503 6648 6661
f 6273 6670 6664
f 6504 6195 6663
f 6272 6375 6504
f 6663 6195 6505
f 6670 6273 6772
f 6671 6506 4425
f 6602 6506 6377
f 6196 6378 6139
f 6507 6512 6522
f 6672 6508 6509
f 6276 6379 6508
f 6139 6510 6379
f 6509 6507 6674
f 6509 6513 6672
f 6511 6512 6510
f 6507 6509 6510
f 6378 6517 6516
f 6515 6655 6652
f 6511 6521 6512
f 6512 6521 6522
f 6674 6522 6523
f 6673 6141 7331
f 6517 6378 6461
f 6241 6519 6517
f 6514 6517 6518
f 6516 6511 6139
f 6514 6515 6516
f 6516 6515 6511
f 6241 6458 6519
f 6514 6516 6517
f 6614 6520 6460
f 6518 6457 6520
f 6457 6518 6519
f 6517 6519 6518
f 6660 6657 6655
f 6515 6514 6653
f 6522 6521 6107
f 6522 6107 6524
f 6523 6522 6524
f 6524 6659 6523
f 6138 6648 6647
f 6524 6107 6659
f 6523 6648 6675
f 6278 6199 6382
f 6525 6807 6678
f 6822 6387 6819
f 6528 6527 6280
f 6385 7169 6529
f 6384 6528 6280
f 6528 6110 7045
f 6530 6529 6526
f 6527 6529 6530
f 6526 6920 6921
f 6531 6287 6681
f 6388 6689 6532
f 6286 6531 6532
f 6388 6532 6531
f 6211 6533 6092
f 6153 6533 6152
f 6680 6112 6148
f 6532 6534 6286
f 6823 6113 6395
f 6683 6535 6819
f 6536 6396 6294
f 6218 6542 6302
f 6396 6536 6393
f 6399 6537 1959
f 6402 6537 6400
f 6299 6402 6693
f 6537 6539 1960
f 6401 6539 6402
f 6401 6540 1962
f 6430 6540 6403
f 6941 6951 7051
f 6543 6542 6547
f 6547 6542 6156
f 6150 6396 6545
f 6543 6544 6302
f 6302 6544 6536
f 6544 6543 6699
f 6150 7035 6925
f 6544 6699 6545
f 6156 7324 7321
f 6547 6546 6543
f 7304 6366 6486
f 6549 6548 6258
f 6549 6258 7314
f 6305 6408 6549
f 6413 6409 4401
f 6308 6552 6550
f 6221 6565 6552
f 6562 6564 6551
f 6562 6565 6560
f 6158 7143 7192
f 6413 6552 6308
f 6552 6551 6704
f 6409 6553 4399
f 6828 6553 6410
f 6557 6554 6220
f 6700 6260 6491
f 6791 6907 6789
f 6410 6554 6556
f 6636 6556 6554
f 6637 6636 6555
f 6636 6554 6557
f 6828 6556 6700
f 6312 6310 6411
f 6312 6412 6702
f 6319 6702 6569
f 6883 6706 6980
f 6562 6560 6158
f 6221 6561 6560
f 6561 6222 6567
f 6562 7192 6564
f 6565 6562 6551
f 6563 6833 6831
f 7023 7087 7089
f 6832 7160 7161
f 6551 6564 6704
f 6565 6551 6552
f 6221 6560 6565
f 6567 6568 6566
f 6567 6222 6568
f 6158 6567 6566
f 6836 6222 6558
f 6222 6881 6568
f 7143 6566 7142
f 6569 6412 4405
f 6423 6569 4406
f 6418 6320 6581
f 6709 6417 6708
f 6720 6725 6159
f 7400 7500 7498
f 6571 6415 4412
f 6419 6571 4413
f 6415 6571 6316
f 6572 6317 6574
f 6318 6733 6578
f 6574 6573 6225
f 6574 6225 6575
f 6420 6574 6317
f 6225 6884 6888
f 6993 6575 6888
f 6574 6575 6572
f 7155 6572 6575
f 6421 6576 4414
f 6419 6576 6420
f 6767 6232 6766
f 6766 6232 6763
f 6577 6767 6857
f 6857 6578 6577
f 6437 6579 4416
f 6421 6579 6422
f 6416 6423 4407
f 6581 6580 6319
f 6320 6837 6838
f 6581 6320 6838
f 6319 6416 6581
f 6582 6424 1976
f 1975 6582 1976
f 6739 6745 6323
f 6890 6162 6889
f 6425 6227 6321
f 6889 6425 6583
f 1973 6425 1974
f 6584 6426 1972
f 1971 6228 6584
f 6583 6585 6323
f 6738 6585 6425
f 6587 6588 6842
f 6587 6842 6846
f 6843 6842 6588
f 6850 6746 6587
f 1971 1970 6428
f 6589 6326 6590
f 6746 6591 6588
f 6229 6591 6324
f 6586 6591 6229
f 6591 6586 6588
f 6324 6591 6590
f 6435 6433 6165
f 6592 6433 6231
f 6593 6592 6330
f 6432 6333 6593
f 6333 6594 6593
f 6439 6333 6432
f 6333 6439 6747
f 6233 6596 6594
f 6773 6440 6602
f 6853 6273 6852
f 6752 6757 6855
f 6597 6749 6433
f 6594 6597 6593
f 6749 6597 6596
f 6433 6435 6231
f 6165 6753 6755
f 6578 6884 6225
f 6435 6856 6600
f 6232 6768 6771
f 6760 6600 6598
f 6602 6601 4423
f 6439 6601 6440
f 6506 6602 4424
f 6377 6670 6772
f 6444 6445 6235
f 7342 6234 7341
f 6604 6446 6454
f 6448 1978 6449
f 6424 6605 1977
f 6780 6424 6322
f 6424 6780 6605
f 6322 7017 7016
f 6448 6338 6441
f 6350 6608 6168
f 6341 6608 6237
f 6342 6608 6341
f 6238 6168 6608
f 6454 6239 6336
f 6781 6454 6446
f 6904 6860 6451
f 6345 6610 3875
f 6275 6610 6459
f 6612 6611 6358
f 6613 6611 6470
f 6248 6612 6358
f 6612 6471 6472
f 6785 6470 6472
f 6613 6615 6614
f 6613 6861 6615
f 6125 6520 6615
f 6131 6616 6465
f 6473 6616 6474
f 6249 6617 3873
f 6358 6617 6248
f 6365 6351 6618
f 6124 7346 7347
f 6787 6788 6619
f 6475 6620 6467
f 6101 6620 6475
f 6619 6788 6620
f 7355 6483 7356
f 6479 6621 7353
f 6620 6622 6467
f 6479 6622 6621
f 6623 6368 6491
f 6490 4397 6623
f 6625 6624 6370
f 6625 6370 6494
f 6499 6646 6625
f 6640 6499 6633
f 6640 6633 6639
f 6263 6627 6369
f 7391 6627 6626
f 6105 6628 6192
f 6492 6628 6495
f 6630 6182 6488
f 6633 6631 6133
f 6632 6630 6488
f 6630 6632 6631
f 6496 6629 6631
f 6630 6631 6629
f 6635 6632 6488
f 6792 6133 6790
f 6637 6863 6634
f 6635 6634 6791
f 6635 6488 6260
f 6791 6790 6635
f 6260 6700 6636
f 6863 6555 6862
f 6634 6635 6637
f 6636 6637 6635
f 6555 6636 6557
f 7292 6132 7293
f 6640 6646 6499
f 6632 6790 6133
f 6640 6639 6641
f 6640 6626 6646
f 6643 6641 6638
f 6643 6642 6641
f 6645 6643 6638
f 6644 7273 7291
f 6640 6641 6626
f 6794 6798 6638
f 6912 7275 7274
f 6645 7285 6643
f 6641 6642 6626
f 6798 6794 6797
f 6645 6644 7285
f 6626 6263 6646
f 6625 6646 6263
f 6268 6498 6137
f 6372 6498 6266
f 6371 6072 6264
f 6138 6675 6648
f 6649 6647 6503
f 6661 6659 6658
f 6503 6647 6648
f 6649 6503 6665
f 6504 6649 6195
f 6521 6652 6107
f 7028 7027 6801
f 6804 6669 6805
f 6515 6521 6511
f 6652 6801 6800
f 6654 6514 6518
f 6662 6660 6654
f 6660 6662 6656
f 6655 6515 6653
f 6515 6652 6521
f 6653 6654 6660
f 7366 7384 7385
f 6651 6655 6657
f 6799 7384 7366
f 6657 6656 6915
f 6659 6648 6523
f 6661 6667 6668
f 6800 6107 6652
f 6658 6659 6802
f 6653 6514 6654
f 6518 6520 6662
f 6654 6518 6662
f 6660 6656 6657
f 6659 6661 6648
f 6520 6125 6662
f 6662 6125 7386
f 6806 6505 6671
f 6195 6665 6664
f 6665 6503 6661
f 6505 6195 6664
f 7030 7031 6915
f 6122 6756 7034
f 6166 6668 6667
f 6661 6658 6667
f 7026 6916 7025
f 6650 7025 6669
f 6661 6668 6665
f 6669 6667 6658
f 6650 6669 6658
f 6671 6670 6377
f 6664 6670 6505
f 4426 6671 4425
f 6670 6671 6505
f 7328 6672 6108
f 6508 6672 6140
f 6513 6674 6675
f 6502 6673 6138
f 6509 6674 6513
f 6522 6674 6507
f 6382 6676 6278
f 6679 6676 6525
f 6921 6382 6530
f 6677 6381 6807
f 6809 6678 6154
f 6676 6679 6296
f 6678 6679 6525
f 6527 6530 6142
f 6146 6680 6148
f 6286 6680 6386
f 6285 6681 6287
f 6681 6113 6823
f 6683 6819 6387
f 6683 6387 6686
f 6388 6535 6683
f 6931 6387 6822
f 6687 6684 6688
f 6684 6687 6685
f 6689 6685 6824
f 6930 6686 6387
f 6685 6686 6684
f 7044 7045 7046
f 6824 6213 6214
f 6690 6688 6110
f 6213 6687 6688
f 6532 6689 6092
f 6388 6685 6689
f 6384 6690 6110
f 6690 6143 6691
f 6201 6691 6143
f 6111 6213 6691
f 6818 6298 6816
f 6825 6692 6538
f 6693 6538 6875
f 7048 7051 7053
f 6697 6696 6429
f 6970 6155 6937
f 6847 6846 6844
f 7049 6403 6541
f 6697 6429 6430
f 6695 7188 7207
f 7049 6697 6403
f 6696 6697 6695
f 6403 6698 6541
f 6879 6699 6543
f 7039 6872 7041
f 6636 6700 6556
f 6552 6704 6550
f 6557 6701 6555
f 6558 6702 6559
f 7143 6158 6566
f 7196 7070 7146
f 7162 6833 6563
f 6550 6705 6220
f 6704 6564 6833
f 7161 6557 6220
f 6704 6705 6550
f 6558 6222 6561
f 6569 6702 6412
f 6709 6708 6223
f 6712 6710 6711
f 6729 6709 6159
f 6314 6414 6713
f 6712 6709 6223
f 6710 6718 6720
f 6712 6314 6713
f 6712 6711 6709
f 6414 6714 6713
f 6714 6316 6715
f 6415 6714 6414
f 6316 6572 6715
f 6715 6224 6710
f 6713 6714 6715
f 6718 6719 6717
f 7417 6984 7614
f 6717 6721 6723
f 6711 6710 6720
f 6718 6710 6224
f 6718 6717 6720
f 7076 6719 6718
f 6724 6725 6726
f 6711 6720 6159
f 6719 7074 6721
f 6723 6721 6716
f 6717 6719 6721
f 7076 6224 7075
f 6716 7074 7620
f 6726 6722 6728
f 6722 6726 6717
f 6732 7392 6570
f 6726 6720 6717
f 7394 7392 6727
f 6720 6726 6725
f 6725 6729 6159
f 6728 6119 7393
f 6724 6726 6728
f 7394 6725 6724
f 6725 6727 6729
f 6729 6727 6731
f 6730 6731 6732
f 7402 7497 6735
f 6732 6731 6727
f 6731 6730 6320
f 7392 6732 6727
f 7500 7401 6570
f 6332 6733 6422
f 6578 6733 6577
f 6755 6759 6598
f 6319 6580 6707
f 6732 6570 7401
f 6839 6735 6840
f 6737 6227 6736
f 6227 6162 6736
f 6894 7078 6162
f 6737 6582 6321
f 6738 6426 6585
f 6425 1973 6738
f 6739 6584 6228
f 6426 6584 6323
f 6741 6739 6228
f 7062 7189 7064
f 6428 1970 6326
f 6428 6326 6589
f 6739 6741 6745
f 6898 6897 7014
f 6994 6999 6894
f 6890 6891 6892
f 7012 6896 6898
f 6892 6743 7080
f 6741 6163 6744
f 6745 6743 7399
f 6587 6848 6850
f 6746 6850 6590
f 6773 6747 6440
f 6594 6747 6595
f 6773 6595 6747
f 6757 6749 6596
f 6754 6753 6749
f 6669 6804 6667
f 6759 6751 6758
f 6165 6749 6753
f 6855 6596 6233
f 6749 6757 6754
f 6755 6753 6751
f 6751 6753 6754
f 6751 6756 6758
f 6600 6856 6598
f 6754 6750 6756
f 6855 6757 6596
f 6754 6757 6752
f 7034 6919 7416
f 6577 6332 6767
f 6751 6759 6755
f 6764 6762 6763
f 6764 6759 7529
f 6232 6760 6763
f 6760 6598 6764
f 6988 6734 6886
f 6758 7529 6759
f 7522 6122 7416
f 6763 6760 6764
f 6987 6766 6761
f 6759 6764 6598
f 7529 7526 6762
f 6761 6763 6762
f 6987 6988 6886
f 6761 6766 6763
f 6767 6766 6765
f 6767 6332 6768
f 6332 6769 6768
f 6769 6770 6768
f 6437 6769 6332
f 6770 6769 6438
f 6436 6770 6438
f 6770 6599 6771
f 6599 6600 6771
f 6600 6760 6771
f 6770 6771 6768
f 6772 6273 6773
f 6668 6852 6664
f 6851 6748 6233
f 6772 6773 6602
f 6851 6773 6273
f 6775 6603 6236
f 6445 6775 6779
f 6776 6774 7403
f 6775 6774 6776
f 6776 6779 6775
f 6123 6906 7336
f 6778 6776 7403
f 6779 6776 6778
f 7016 6780 6322
f 6449 6780 6606
f 6780 6449 6605
f 6339 6449 6606
f 6446 7342 6782
f 6781 6609 6904
f 6609 6781 6782
f 6446 6782 6781
f 7382 7383 6478
f 6125 6615 6861
f 6127 6785 6472
f 6470 6785 6784
f 6470 6784 6786
f 6478 7361 7382
f 6460 6520 6457
f 6615 6520 6614
f 6101 6364 6619
f 6363 6619 6364
f 6788 6787 6483
f 7351 7356 6483
f 6620 6788 6621
f 6627 6263 6626
f 6639 6794 6638
f 6635 6790 6632
f 6792 6790 6789
f 6789 6907 6795
f 6789 6790 6791
f 6792 6789 6794
f 6133 6792 6639
f 7024 6978 7086
f 6796 6794 6789
f 6789 6795 6796
f 6798 6644 6645
f 6907 6634 6863
f 6796 6914 6797
f 6641 6639 6638
f 6793 7020 6865
f 6797 6644 6798
f 6794 6796 6797
f 6796 6795 6865
f 6638 6798 6645
f 6644 6797 6104
f 6104 7274 7273
f 6624 6625 6263
f 7371 7363 7365
f 6801 6652 6651
f 6658 6802 6650
f 7029 6801 6651
f 6801 7027 6802
f 6659 6800 6802
f 6801 6802 6800
f 6653 6660 6655
f 6669 6666 6805
f 6803 6166 6804
f 6166 6852 6668
f 6804 6805 6803
f 6663 6806 6376
f 6671 4426 6806
f 6138 6673 6675
f 6513 6675 6673
f 6677 6807 6525
f 6870 6807 6381
f 6920 6870 6381
f 6966 7109 7171
f 6811 6809 6924
f 6679 6809 6215
f 6816 6298 6815
f 6216 6818 6816
f 6924 6809 6154
f 6811 6810 6813
f 6813 6817 6812
f 6399 6815 6298
f 6813 6297 6215
f 6817 6813 6810
f 6924 6871 6810
f 6817 6871 6814
f 6398 6812 6815
f 6812 6817 6816
f 6812 6816 6815
f 6814 6216 6816
f 6871 6817 6810
f 6816 6817 6814
f 6874 6818 6216
f 6692 6818 6538
f 6931 6822 6929
f 6928 6819 6682
f 6929 6822 6821
f 7036 6823 6395
f 6823 6682 6535
f 6213 6824 6687
f 6092 6824 6214
f 6401 6402 6299
f 6825 6400 6692
f 6402 6825 6693
f 6826 6874 6940
f 6541 6299 6217
f 6879 6543 6546
f 6547 7321 6546
f 6828 4398 6553
f 6368 6828 6700
f 7161 6220 6705
f 6829 6701 7160
f 6157 6830 6829
f 6829 6830 6862
f 7021 6862 6830
f 7192 6831 6564
f 7196 6831 6703
f 7163 7159 7162
f 7159 7160 6832
f 6833 6564 6831
f 6705 6833 6832
f 6559 6836 6558
f 6979 7069 7151
f 6423 6319 6569
f 6981 6835 6982
f 6980 6836 6883
f 6836 6835 6883
f 6881 6836 6834
f 6559 6702 6707
f 6722 6717 6723
f 6731 6320 6417
f 6837 6320 6730
f 7401 6837 6730
f 6837 6735 6838
f 6839 6838 6735
f 6838 6580 6581
f 7401 7402 6837
f 6580 6839 6226
f 6983 6161 6706
f 6839 6840 6982
f 6841 6885 6886
f 6575 6225 6888
f 6889 6162 6227
f 6162 7078 7079
f 6227 6737 6321
f 6737 6736 7017
f 6843 6588 6164
f 6844 6842 6740
f 7060 6844 7059
f 6844 6121 6847
f 6898 7001 7002
f 6741 6849 6163
f 6844 6846 6842
f 6896 6846 6845
f 7001 6847 6121
f 6846 6847 6845
f 6428 6589 6741
f 6587 6746 6588
f 6896 6587 6846
f 6896 6848 6587
f 6741 6589 6849
f 6589 6590 6850
f 6848 6849 6850
f 6589 6850 6849
f 6851 6233 6595
f 6773 6851 6595
f 6851 6273 6853
f 6667 6804 6166
f 6273 6664 6852
f 6854 6853 6852
f 6853 6748 6851
f 6166 6854 6852
f 6166 6899 6854
f 6752 6855 6900
f 6853 6854 6748
f 6752 6900 6750
f 6165 6856 6435
f 6598 6856 6755
f 6752 6750 6754
f 6884 6857 6885
f 6775 6236 6774
f 6894 6162 6890
f 6774 6236 7404
f 6781 6859 6454
f 6452 6783 6904
f 6470 6861 6613
f 7386 6861 6786
f 6701 6829 6555
f 6555 6863 6637
f 6862 6795 6907
f 6555 6829 6862
f 7022 6911 7019
f 6797 6908 6104
f 6914 6865 6864
f 7361 7366 7385
f 6917 7031 6867
f 6655 6651 6652
f 7363 7364 7365
f 6666 7094 7033
f 7476 7506 7507
f 6678 6807 6870
f 6945 6923 6808
f 6935 6942 6923
f 6932 6934 6878
f 6927 6968 6821
f 6958 6967 7111
f 6873 7044 7047
f 6538 6818 6874
f 6875 6538 6826
f 6877 6874 6878
f 6826 6538 6874
f 6941 6826 6940
f 6299 6875 6217
f 6936 6878 6934
f 6933 6943 6876
f 6877 6878 6936
f 6940 6874 6877
f 6878 6874 6216
f 6877 6938 6940
f 6932 6216 6814
f 6933 6936 6934
f 6546 7321 7319
f 7098 6879 6827
f 7089 7215 6880
f 7288 6912 6913
f 6836 6881 6222
f 7069 6881 6834
f 6835 6836 6559
f 6226 6559 6707
f 6835 6981 6883
f 6981 6840 6983
f 6857 6884 6578
f 6841 6887 6888
f 6857 6765 6885
f 6841 6884 6885
f 6765 6886 6885
f 6886 6765 6987
f 6841 6888 6884
f 6888 6887 6993
f 6890 6889 6583
f 6583 6891 6890
f 7399 6891 6583
f 6892 6891 6743
f 6742 6994 6892
f 6996 6997 6999
f 7000 6858 7079
f 6994 6894 6890
f 7078 6894 6893
f 7158 7084 6897
f 7001 6898 6845
f 6896 6845 6898
f 6995 6996 7013
f 7012 6848 6896
f 6845 6847 7001
f 7012 6898 7014
f 6899 6166 7032
f 6902 6899 6901
f 6855 6748 6900
f 6166 6803 7032
f 6869 7406 7405
f 6900 6748 6899
f 7405 7407 6901
f 6737 7017 6322
f 7404 7438 6774
f 6452 6904 7348
f 6783 6452 6859
f 6781 6904 6783
f 6906 6609 6782
f 6782 6167 6906
f 6860 6905 7018
f 6609 6860 6904
f 6795 6862 6793
f 6865 6795 6793
f 6634 6907 6791
f 6907 6863 6862
f 7019 6911 6864
f 6908 6864 6911
f 7090 6909 7023
f 7042 7100 7103
f 7090 7296 7288
f 7264 7271 7283
f 7019 6864 7020
f 6911 7288 6913
f 6913 6912 6908
f 7274 7275 7272
f 6908 6911 6913
f 6865 6914 6796
f 6908 6914 6864
f 7384 6915 6656
f 6657 6915 7031
f 6867 7165 7091
f 6803 6805 6666
f 6918 6869 7405
f 7034 7409 6919
f 7409 7414 6919
f 6381 6921 6920
f 6870 6922 6808
f 6677 6921 6381
f 6526 6921 6530
f 6870 6920 6922
f 6871 6942 6935
f 6811 6924 6810
f 6154 6871 6924
f 7039 7037 6872
f 6699 6879 7098
f 6928 6822 6819
f 6395 6394 7036
f 6823 7036 6682
f 6928 6927 6821
f 7107 7108 6952
f 6929 6873 6930
f 6873 7171 7170
f 6930 7047 6686
f 6929 6930 6931
f 6387 6931 6930
f 6871 6935 6814
f 6934 6932 6935
f 6933 6935 6943
f 6932 6814 6935
f 6933 6876 6936
f 6933 6934 6935
f 6942 6871 6154
f 6935 6923 6943
f 6939 6936 6876
f 6940 6951 6941
f 7197 7219 7204
f 6877 6936 6938
f 6951 6949 6944
f 6875 6941 6217
f 6939 6938 6936
f 6826 6941 6875
f 6154 6870 6942
f 6923 6946 6943
f 6946 6948 6943
f 6962 6970 6974
f 6977 6937 6959
f 6963 6955 6155
f 6694 7048 7053
f 6923 6942 6808
f 6870 6808 6942
f 6922 6957 6945
f 6945 6116 6946
f 6945 6946 6923
f 6948 6946 6947
f 6939 6959 6937
f 6947 6946 6116
f 6948 6947 6876
f 6939 6949 6938
f 7121 6954 7181
f 7212 7148 6882
f 6949 6951 6940
f 7051 6944 7053
f 6938 6949 6940
f 6949 6155 6955
f 6873 6929 6966
f 7114 7056 7110
f 6969 7067 7137
f 7125 7123 7124
f 6961 6876 6947
f 6944 6949 6955
f 6956 6955 6963
f 7179 7180 7131
f 6956 6964 6955
f 6964 7053 6944
f 6116 6945 7107
f 6966 6929 6967
f 6958 6966 6967
f 6961 6939 6876
f 6959 6953 6977
f 7111 7113 6958
f 7191 6947 6972
f 6953 6959 6961
f 6948 6876 6943
f 6963 6971 6956
f 6970 6963 6155
f 7179 7131 6956
f 6922 6945 6808
f 6945 6957 7107
f 7167 6526 7169
f 6922 6965 6957
f 7210 7211 7138
f 6967 6929 6821
f 6958 7166 7109
f 6821 6968 6967
f 6968 7110 7111
f 6820 7110 6968
f 7138 6960 7210
f 7127 7257 7238
f 7057 7180 7120
f 6844 7064 7059
f 7167 6920 6526
f 6922 6920 6965
f 7066 6972 6947
f 7137 7067 6972
f 6976 6973 6975
f 7122 6962 6974
f 7120 6970 6962
f 6971 6963 6970
f 6975 6970 6937
f 6974 6973 7122
f 6973 6974 6975
f 6975 6974 6970
f 7124 6954 7121
f 6977 6975 6937
f 6953 7201 7202
f 6975 6977 6976
f 7088 7159 7163
f 7022 7023 6909
f 7069 6568 6881
f 7144 7142 6979
f 7194 6980 6706
f 6836 6980 6834
f 6835 6226 6982
f 6840 7496 6983
f 6839 6982 6226
f 6840 6981 6982
f 6883 6981 6983
f 7072 7149 7152
f 6706 6161 7149
f 6841 6886 6986
f 6988 6991 6734
f 7419 7417 6985
f 6986 6886 6734
f 6767 6765 6857
f 6766 6987 6765
f 6987 6761 6988
f 7415 7517 7539
f 7524 6990 6991
f 7525 6989 7418
f 7418 7618 6990
f 7526 7524 6988
f 6992 6984 7419
f 6992 7419 6734
f 6993 7073 7154
f 6224 7076 6718
f 6744 6743 6745
f 6743 6744 7080
f 6892 6994 6890
f 6994 6742 6996
f 7011 7081 7080
f 7156 6995 7013
f 6742 7080 7081
f 6997 6996 6995
f 6998 6997 6995
f 6893 6894 6999
f 6998 6120 7422
f 6996 6999 6994
f 6893 6999 6997
f 7423 6998 7422
f 7079 7078 7000
f 7001 6121 7007
f 6897 6898 7002
f 7006 7002 7001
f 7002 7004 6897
f 7005 7008 7006
f 7158 7470 6895
f 7001 7007 7006
f 7008 7471 7004
f 7061 6121 7060
f 7061 7184 7005
f 7005 7185 7008
f 7004 7002 7006
f 7061 7007 6121
f 7006 7007 7005
f 7471 7008 7003
f 7004 7006 7008
f 7195 7156 7157
f 6163 7010 6744
f 7010 7009 7011
f 7009 7010 6849
f 6163 6849 7010
f 7014 7015 7011
f 6996 6742 7081
f 7009 6849 7012
f 7012 6849 6848
f 7156 7013 7157
f 6897 7015 7014
f 7009 7012 7014
f 7081 7085 7013
f 6899 6748 6854
f 6900 6899 6902
f 6606 6780 7016
f 7404 6606 6903
f 6903 6606 7016
f 6162 7079 6736
f 6123 6905 6906
f 7373 7363 7376
f 6905 6860 6609
f 6451 6860 7018
f 6793 6862 7021
f 7022 6909 6911
f 6865 7020 6864
f 6793 7019 7020
f 7024 7021 6830
f 7086 6978 7023
f 7086 7019 7021
f 7022 7086 7023
f 6830 6157 7024
f 7087 6978 7088
f 6669 7025 6666
f 7026 7025 6650
f 7027 7026 6650
f 7026 7028 7091
f 6802 7027 6650
f 6801 7029 7028
f 6917 6867 7091
f 7026 7027 7028
f 7031 7029 6651
f 7028 7029 6917
f 7363 7372 6799
f 6867 7031 7030
f 7029 7031 6917
f 6657 7031 6651
f 7372 7368 7374
f 7092 6803 6666
f 6803 6918 7032
f 7405 7032 6918
f 6901 6899 7032
f 7025 6916 6666
f 7412 7472 7475
f 6756 6750 7095
f 7416 6919 7415
f 6392 6925 6394
f 6926 6150 6545
f 7035 6872 7038
f 6545 6699 6926
f 6926 7035 6150
f 7043 7097 7096
f 6872 7037 7038
f 7036 6927 6928
f 6682 7036 6928
f 6394 6925 7038
f 6927 7036 7037
f 7036 6394 7038
f 7038 6925 7035
f 7036 7038 7037
f 6928 6821 6822
f 6927 7037 7039
f 6968 6927 7039
f 7040 7035 6926
f 6968 7039 6820
f 7096 7042 7043
f 7040 6872 7035
f 6872 7040 7041
f 6820 7039 7041
f 6117 7106 7247
f 6960 7140 7141
f 7043 7041 7040
f 7056 7114 7116
f 7045 6385 6528
f 7046 7045 6110
f 7046 6110 6688
f 7045 7044 7170
f 6688 6684 7046
f 6684 6686 7047
f 7044 7046 7047
f 6684 7047 7046
f 6939 6961 6959
f 6695 7049 7052
f 6695 6697 7049
f 7050 6541 6217
f 7049 7048 7052
f 6941 7051 6217
f 7049 7050 7048
f 6944 7051 6951
f 6217 7051 7050
f 7052 7048 7054
f 6694 7053 6964
f 7063 7206 7054
f 6964 6944 6955
f 6952 7113 7117
f 6960 7138 7140
f 6820 7112 7110
f 7132 7182 7181
f 6844 7060 6121
f 7005 7007 7061
f 7059 7061 7060
f 6740 7064 6844
f 7061 7059 7133
f 7180 7182 7131
f 6843 6164 7187
f 6740 6842 6843
f 6740 7062 7064
f 6164 6427 7187
f 7186 7136 7189
f 7059 7064 7058
f 6116 7066 6947
f 7139 6116 7107
f 7065 7137 6972
f 7238 7257 7258
f 7125 7128 7123
f 7148 7212 7691
f 7069 6566 6568
f 7142 6566 6979
f 7194 7150 7151
f 6566 7069 6979
f 6983 6706 6883
f 7494 7663 7653
f 7733 7672 7729
f 7073 6993 6887
f 6986 7073 6887
f 7154 7073 6160
f 6986 6887 6841
f 6160 6986 6985
f 7621 6985 7417
f 7074 6719 7077
f 7155 7075 6224
f 6993 7075 6575
f 7075 6993 7076
f 6993 7154 7077
f 6719 7076 7077
f 6993 7077 7076
f 7074 6716 6721
f 6741 6744 6745
f 7078 6893 7423
f 6736 7079 7017
f 7080 6742 6892
f 7010 7080 6744
f 7085 7081 7011
f 6996 7081 7013
f 7562 7575 7560
f 7083 6120 6998
f 6995 7083 6998
f 7555 7557 7558
f 7083 6995 7156
f 7014 7011 7009
f 7085 7011 7015
f 7084 7015 6897
f 7084 7195 7157
f 7157 7085 7015
f 6903 7017 6858
f 7079 6858 7017
f 7019 7086 7022
f 7024 7086 7021
f 7023 6978 7087
f 7145 7070 7196
f 6880 7023 7089
f 7088 6978 7024
f 7146 7089 7087
f 7088 6157 7159
f 6157 7088 7024
f 7261 7241 7236
f 7026 7091 6916
f 6917 7091 7028
f 6666 6916 7094
f 6803 7092 6918
f 6666 7033 7092
f 7472 7092 7033
f 7372 7374 6866
f 6901 7407 6902
f 7096 7098 7099
f 7040 6926 7097
f 7098 7097 6926
f 7099 6827 6117
f 7098 6827 7099
f 7096 7099 7100
f 7097 7098 7096
f 7251 7243 7102
f 7096 7100 7042
f 7249 7265 7290
f 7043 7040 7097
f 7100 6117 7103
f 7225 6094 7226
f 7100 7099 6117
f 7118 7242 7240
f 7102 7103 6117
f 7322 7306 7310
f 7274 6104 6912
f 7318 7323 7317
f 7263 7264 7259
f 7318 7106 6117
f 7105 7269 7247
f 7051 7048 7050
f 7054 7048 6694
f 7139 7107 7055
f 7055 7107 6952
f 7109 7108 7167
f 7113 7166 6958
f 7108 6965 7167
f 7168 7109 7167
f 7112 6820 7041
f 7166 7113 6952
f 6968 7111 6967
f 7111 7110 7056
f 7119 7172 7042
f 7118 7119 7042
f 7113 7111 7117
f 7110 7112 7114
f 7172 7119 7173
f 7042 7103 7118
f 7208 7220 7190
f 7173 7114 7112
f 6960 7056 7190
f 7117 7111 7056
f 7117 7056 7141
f 7244 7243 7248
f 7220 7223 7209
f 7242 7103 7102
f 7118 7224 7119
f 7112 7041 7172
f 6970 7120 6971
f 6962 7057 7120
f 7121 6962 7122
f 7121 7122 7124
f 6973 7124 7122
f 6973 7125 7124
f 7123 7130 7126
f 6973 6976 7125
f 7202 6977 6953
f 7127 7129 7128
f 7123 7129 7130
f 7124 7126 6954
f 7177 7125 7202
f 7177 7128 7125
f 7127 7256 7129
f 7129 7068 7130
f 7123 7128 7129
f 7203 7130 7068
f 7197 7204 7174
f 6971 7120 7180
f 7005 7184 7185
f 7199 6954 7200
f 7063 7054 7186
f 7187 7135 7206
f 7206 7188 7054
f 7064 7131 7058
f 7059 7058 7205
f 7138 7137 7065
f 7065 6972 7066
f 7140 7065 7139
f 7190 7220 7222
f 7141 7140 7117
f 7065 7140 7138
f 7139 7055 7140
f 7190 7116 7208
f 6116 7139 7066
f 7065 7066 7139
f 7191 6961 6947
f 7201 6953 7067
f 7191 7067 6953
f 7144 6979 6882
f 7145 7142 7070
f 7142 7145 7143
f 7144 6882 7148
f 6703 6831 7192
f 7147 7146 7070
f 6703 7143 7145
f 7147 7089 7146
f 7164 7163 6563
f 7146 7164 7196
f 7070 7142 7144
f 7070 7144 7147
f 7213 7212 6882
f 7691 6118 7148
f 7153 7152 7149
f 7150 7149 7072
f 6834 7194 7069
f 7150 6882 7151
f 6979 7151 6882
f 7499 7498 7501
f 7153 7149 6161
f 7152 7660 7662
f 7499 7496 7498
f 7616 7154 6160
f 7077 7154 7074
f 6572 7155 6224
f 6575 7075 7155
f 7013 7085 7157
f 7156 7082 7083
f 7015 7084 7157
f 7084 6895 7195
f 7158 6897 7004
f 7470 7158 7004
f 6895 7084 7158
f 7160 7159 6157
f 7162 7159 6832
f 6829 7160 6157
f 7160 6701 7161
f 6557 7161 6701
f 6832 7161 6705
f 6833 7162 6832
f 7162 6563 7163
f 6563 7196 7164
f 7088 7163 7087
f 7087 7163 7164
f 6880 7090 7023
f 6916 7091 7165
f 7094 6916 7093
f 6867 7369 7387
f 7093 6916 7165
f 6926 6699 7098
f 6965 7108 6957
f 7107 6957 7108
f 6952 7108 7166
f 7109 7166 7108
f 6920 7167 6965
f 7167 7169 7168
f 7170 7168 6385
f 6966 7171 6873
f 6529 7169 6526
f 6385 7168 7169
f 7045 7170 6385
f 6873 7170 7044
f 7109 7168 7171
f 7170 7171 7168
f 7172 7041 7043
f 6952 7117 7055
f 7140 7055 7117
f 7116 7114 7173
f 7224 7115 7119
f 7042 7172 7043
f 7173 7119 7115
f 7116 7173 7115
f 7112 7172 7173
f 6962 7121 7057
f 7130 7197 7175
f 6954 7126 7175
f 7738 7200 7174
f 7127 7128 7177
f 7202 7125 6976
f 7177 7176 7257
f 7124 7123 7126
f 7068 7129 7256
f 7254 7674 7255
f 7180 7179 6971
f 6956 7131 7136
f 6956 7136 6964
f 7186 6964 7136
f 7181 7180 7057
f 7180 7181 7182
f 7121 7181 7057
f 7198 7217 7199
f 7205 7132 7183
f 7058 7131 7182
f 7184 7061 7133
f 7132 7181 7199
f 7185 7184 7134
f 7185 7134 7601
f 7185 7003 7008
f 7186 7054 6694
f 7186 6694 6964
f 7063 7186 7062
f 6740 7063 7062
f 7187 7063 6843
f 6230 7187 6427
f 7052 7188 6695
f 6230 6328 7135
f 6328 6696 7207
f 7054 7188 7052
f 7206 7135 7188
f 7186 7189 7062
f 7064 7189 7136
f 7131 7064 7136
f 7190 7056 7116
f 7067 7191 6972
f 6961 7191 6953
f 6158 7192 6562
f 6703 7192 7143
f 7147 7144 7148
f 7150 7194 6706
f 7069 7194 7151
f 7566 7561 7563
f 7156 7195 7082
f 6831 7196 6563
f 7196 6703 7145
f 7178 7219 7203
f 7130 7175 7126
f 7641 7727 6098
f 7183 7132 7217
f 7181 6954 7199
f 7200 6954 7175
f 7174 7200 7175
f 7198 7199 7200
f 7201 7067 6969
f 7201 7176 7202
f 7177 7202 7176
f 6977 7202 6976
f 7211 7233 6969
f 7231 7232 7228
f 7068 7253 7254
f 7130 7203 7197
f 7676 7178 7674
f 7178 6950 7204
f 7197 7174 7175
f 7059 7205 7133
f 7058 7182 7205
f 7132 7205 7182
f 7187 7206 7063
f 6328 7207 7135
f 6695 7207 6696
f 7115 7208 7116
f 7220 7208 7115
f 7226 7230 7223
f 7223 7230 7209
f 7138 7211 7137
f 7233 7210 7228
f 6969 7137 7211
f 7056 6960 7141
f 7213 6882 7150
f 7072 7213 7150
f 7193 7212 7213
f 7164 7146 7087
f 6118 7214 7215
f 7193 7072 7686
f 6118 7215 7147
f 7216 6880 7215
f 7147 7215 7089
f 7254 7255 7068
f 7245 6094 7225
f 7216 7215 7214
f 7289 6880 7216
f 7133 7205 7183
f 7736 7204 7672
f 7183 7184 7133
f 7218 7134 7183
f 7183 7134 7184
f 7217 7132 7199
f 7218 7183 7217
f 7201 6969 7176
f 7203 7219 7197
f 7178 7204 7219
f 7222 7220 7209
f 7240 7221 7118
f 7209 7210 7222
f 7190 7210 6960
f 7224 7220 7115
f 7223 7221 7225
f 7221 7223 7224
f 7220 7224 7223
f 7224 7118 7221
f 7221 7239 7225
f 7239 7245 7225
f 7210 7190 7222
f 7226 6094 7234
f 7230 7210 7209
f 7225 7226 7223
f 7238 7256 7127
f 7226 7231 7230
f 7176 6969 7233
f 7485 7486 7483
f 7231 7229 7237
f 7226 7234 7231
f 7210 7230 7228
f 7229 7485 7237
f 7228 7230 7231
f 7232 7237 7252
f 7228 7235 7233
f 7210 7233 7211
f 7228 7232 7235
f 7486 7234 6094
f 7231 7234 7229
f 7258 7235 7232
f 7176 7233 7235
f 7248 7101 7250
f 7252 7237 7227
f 7231 7237 7232
f 7252 7262 7238
f 7177 7257 7127
f 7236 7241 7245
f 7239 7221 7244
f 7243 7240 7102
f 7239 7244 7236
f 7244 7248 7236
f 7479 7489 7260
f 7103 7242 7118
f 7102 7240 7242
f 6117 7247 7102
f 7243 7101 7248
f 7221 7240 7244
f 7243 7244 7240
f 7236 7245 7239
f 6094 7245 7241
f 7269 7104 7268
f 7251 7267 7243
f 7105 7247 7106
f 7247 7246 7251
f 7265 7249 7263
f 7266 7261 7250
f 7236 7248 7261
f 7263 7250 7101
f 7249 7266 7250
f 7247 7251 7102
f 7251 7246 7267
f 7262 7252 7227
f 7258 7252 7238
f 7485 7227 7237
f 7178 7203 7255
f 7485 7487 7227
f 7072 7193 7213
f 7068 7255 7203
f 7254 7491 7674
f 7262 7256 7238
f 7253 7068 7256
f 7258 7232 7252
f 7257 7176 7258
f 7235 7258 7176
f 7264 7263 7101
f 7259 7287 7265
f 7289 7480 7290
f 7250 7261 7248
f 7261 7260 7484
f 7487 7262 7227
f 7256 7262 7253
f 7264 7101 7267
f 7263 7259 7265
f 7268 7264 7267
f 7264 7268 7271
f 7276 7282 7287
f 7266 7249 7482
f 7261 7266 7260
f 7267 7101 7243
f 7268 7267 7246
f 7269 7268 7246
f 7280 7271 7104
f 7247 7269 7246
f 7269 7105 7317
f 7273 7279 7281
f 7277 7276 7270
f 7104 7271 7268
f 7271 7270 7283
f 7271 7280 7270
f 7273 6644 6104
f 7272 7277 7279
f 7285 7291 7281
f 7275 6912 6910
f 7273 7274 7272
f 7276 7275 6910
f 7277 7275 7276
f 7276 6910 7282
f 7283 7276 7259
f 7311 7280 7104
f 7272 7275 7277
f 7280 7277 7270
f 7279 7278 7281
f 7278 7279 7280
f 7280 7279 7277
f 7300 7299 7297
f 6910 7288 7282
f 6909 7090 7288
f 7283 7259 7264
f 7270 7276 7283
f 7263 7249 7250
f 7265 7296 7290
f 7278 7297 7281
f 6132 7391 7293
f 7279 7273 7272
f 7307 7310 7306
f 7304 7298 7305
f 7276 7287 7259
f 7296 7287 7282
f 6912 7288 6910
f 7296 7090 7284
f 7265 7287 7296
f 7285 6642 6643
f 7291 7285 6644
f 7281 7291 7273
f 7285 7292 6642
f 7295 7292 7285
f 6642 7293 6626
f 6642 7292 7293
f 7285 7299 7295
f 7300 7298 7294
f 7299 7285 7281
f 7295 7294 7303
f 7288 6911 6909
f 7290 7296 7284
f 7288 7296 7282
f 7290 7284 7289
f 7480 7479 7482
f 7316 7315 7297
f 7300 7297 7315
f 7305 7301 7304
f 7302 7298 6486
f 7295 7299 7294
f 7281 7297 7299
f 7300 7286 7305
f 7299 7300 7294
f 7301 7305 7307
f 7308 7314 7307
f 7303 7302 6132
f 6181 6627 6486
f 6486 6627 7391
f 7303 6132 7292
f 7294 7298 7303
f 6548 7304 6258
f 7298 7304 6486
f 7300 7305 7298
f 7307 7305 7286
f 7300 7315 7286
f 6156 6404 7312
f 7286 7315 7310
f 7306 7313 7307
f 6219 7313 7312
f 7308 6219 6307
f 7311 7278 7280
f 7311 7309 7316
f 7286 7310 7307
f 7323 7325 7311
f 7317 7104 7269
f 7104 7317 7311
f 6404 6219 7312
f 7313 6219 7308
f 7307 7313 7308
f 7326 7313 7306
f 7307 7314 7301
f 6549 7314 7308
f 7316 7297 7278
f 7310 7315 7309
f 7311 7316 7278
f 7309 7315 7316
f 7318 7105 7106
f 7317 7105 7318
f 6117 7319 7318
f 6827 7319 6117
f 6879 6546 7319
f 7326 7312 7313
f 7309 7325 7322
f 6156 7321 6547
f 7318 7319 7320
f 7309 7322 7310
f 7320 7321 7324
f 7318 7320 7323
f 7325 7320 7322
f 7317 7323 7311
f 7326 6156 7312
f 7320 7324 7322
f 7311 7325 7309
f 7320 7325 7323
f 7322 7326 7306
f 6156 7326 7324
f 7329 7327 6108
f 6109 3881 7332
f 6672 7328 6140
f 6108 7327 7328
f 6108 7331 7329
f 6141 6198 7330
f 4431 7330 4430
f 7330 7329 7331
f 6673 7331 6108
f 7330 7331 6141
f 6197 7332 3880
f 6109 7332 7327
f 6167 7335 6906
f 7334 7333 7338
f 7335 6167 7340
f 6906 7335 7334
f 7336 7338 7343
f 7336 7343 7337
f 6777 7338 7426
f 7343 7434 7337
f 7018 6905 6123
f 7334 7336 6906
f 7343 7338 6777
f 7334 7338 7336
f 7339 6779 7333
f 7335 7340 7333
f 6444 7339 6442
f 7342 7341 6167
f 7333 7340 7339
f 7333 6779 6778
f 6444 6442 6338
f 6779 6444 6235
f 6443 6234 6335
f 7339 7341 6442
f 6234 6443 7341
f 7334 7335 7333
f 6782 7342 6167
f 6604 7342 6446
f 7340 7341 7339
f 6778 7338 7333
f 7355 7353 6621
f 7348 7345 6124
f 7345 7348 7350
f 7347 7346 6351
f 7351 7346 7345
f 7347 6351 6353
f 6124 7347 6354
f 7345 7346 6124
f 6124 6452 7348
f 7367 7362 7375
f 7354 7357 7358
f 7354 7356 7349
f 7349 7345 7350
f 7352 7351 6483
f 6618 7352 6484
f 7351 7352 7346
f 6788 7355 6621
f 7358 6478 7353
f 7349 7351 7345
f 6483 7355 6788
f 7353 7355 7354
f 7375 7362 7344
f 7349 7356 7351
f 7354 7355 7356
f 7359 7354 7349
f 7357 7360 7358
f 7354 7358 7353
f 7359 7362 7357
f 7366 7364 6799
f 7361 7358 7360
f 7357 6100 7360
f 7360 7364 7366
f 7361 6786 7382
f 7359 7357 7354
f 6100 7357 7362
f 7365 7360 6100
f 7365 7367 7371
f 7093 7165 7370
f 7364 7360 7365
f 6866 6915 7384
f 7366 7361 7360
f 7372 7363 7373
f 6799 7364 7363
f 7456 7459 7018
f 7450 7432 7430
f 7368 7372 7373
f 6867 7387 7165
f 7030 7369 6867
f 7387 7368 7380
f 7368 7379 7380
f 7367 7365 6100
f 7377 7376 7371
f 7368 7369 7374
f 7362 7367 6100
f 7377 7371 7367
f 7379 7376 7381
f 7369 7030 7374
f 7374 7030 6866
f 7344 7457 7375
f 7379 7368 7373
f 7359 7460 7362
f 7371 7376 7363
f 7359 7349 7460
f 7367 7375 7458
f 7454 7468 7447
f 7370 7387 7380
f 7376 7379 7373
f 7379 7378 7380
f 7389 7370 7380
f 7033 7094 7388
f 7376 7377 7381
f 7379 7381 7378
f 6786 6784 7382
f 7383 6479 7353
f 7382 6784 7383
f 7743 7383 6784
f 7384 6799 6866
f 6866 6799 7372
f 6866 7030 6915
f 7386 6656 6662
f 7386 6786 7385
f 7386 7385 7384
f 6786 7361 7385
f 7386 7384 6656
f 7386 6125 6861
f 7165 7387 7370
f 7389 7380 7378
f 7412 7473 7410
f 7368 7387 7369
f 7094 7093 7388
f 7474 7370 7389
f 7370 7388 7093
f 6493 7390 6264
f 6369 6627 7390
f 7293 7391 6626
f 7391 6132 7302
f 7395 6728 7393
f 7394 7395 7392
f 6119 7398 7393
f 7393 7398 7392
f 6725 7394 6727
f 7395 7394 6724
f 6728 7395 6724
f 7393 7392 7395
f 7398 7631 7397
f 7654 7658 7655
f 7623 7629 7632
f 7632 7630 7646
f 6745 7399 6323
f 6891 7399 6743
f 6983 7496 6161
f 7402 7401 7400
f 6730 6732 7401
f 7400 7496 7497
f 6837 7402 6735
f 7423 7428 7429
f 6903 6858 7404
f 6858 7429 7438
f 7403 7429 7425
f 7408 7409 6869
f 7032 7405 6901
f 7034 7406 7409
f 6750 7407 7095
f 7034 7407 7406
f 6902 7407 6750
f 7406 7407 7405
f 6869 7412 7408
f 7511 7508 7411
f 7407 7034 7095
f 6869 7409 7406
f 7414 7409 7408
f 7414 7504 7413
f 7411 7508 7513
f 7416 6122 7034
f 7412 6869 7472
f 7505 7412 7410
f 7504 7408 7505
f 7413 7516 7518
f 7412 7505 7408
f 7414 7413 7518
f 7415 7516 7517
f 7522 7523 6122
f 6919 7414 7518
f 7589 7611 7549
f 7616 7621 7614
f 7550 7618 7418
f 7417 7419 6984
f 6985 6986 6734
f 7597 7598 7705
f 7422 6120 7610
f 7422 7421 7423
f 7420 7428 7423
f 7423 7000 7078
f 7703 7424 7428
f 7429 6858 7000
f 7445 7433 7714
f 7403 7425 7427
f 7427 6778 7403
f 7423 6893 6998
f 7420 7423 7421
f 7703 7428 7420
f 7429 7428 7424
f 7423 7429 7000
f 7425 7429 7424
f 7438 7429 7403
f 6778 7427 7426
f 7426 7338 6778
f 6777 7431 7343
f 7432 7433 7430
f 7431 6777 7426
f 7436 7426 7437
f 7434 7431 7433
f 7434 7451 7337
f 7436 7431 7426
f 7433 7431 7436
f 7434 7343 7431
f 7598 7722 7596
f 7437 7426 7427
f 7436 7435 7715
f 7437 7427 7425
f 7435 7436 7437
f 6774 7438 7403
f 6858 7438 7404
f 7537 7550 6989
f 7433 7432 7434
f 7446 7448 7430
f 7715 7711 7714
f 7445 7719 7444
f 7445 7444 7443
f 7543 7719 7720
f 7514 7444 7534
f 7445 7443 7430
f 7433 7445 7430
f 7445 7442 7719
f 7430 7443 7446
f 7448 7450 7430
f 7443 7440 7446
f 7440 7447 7446
f 7447 7448 7446
f 7432 7450 7451
f 6123 7451 7455
f 7441 7450 7448
f 7455 7451 7449
f 7451 6123 7337
f 7434 7432 7451
f 7512 7453 7454
f 7514 7512 7440
f 7514 7510 7452
f 7510 7515 7513
f 7503 7476 7507
f 7512 7447 7440
f 7453 7509 7506
f 7462 7469 7468
f 7456 7455 7449
f 6123 7456 7018
f 7469 7467 7441
f 7457 7344 7459
f 6123 7455 7456
f 7466 7457 7459
f 7457 7466 7469
f 7454 7464 7468
f 7459 7456 7466
f 7458 7377 7367
f 7458 7462 7377
f 7457 7458 7375
f 7344 7460 7718
f 7460 7350 7718
f 7448 7447 7441
f 7463 7461 7465
f 7464 7461 7463
f 7381 7464 7463
f 7465 7378 7463
f 7463 7378 7381
f 7464 7381 7462
f 6868 7465 7461
f 7468 7464 7462
f 7464 7454 7453
f 7474 7465 6868
f 7378 7465 7389
f 7460 7344 7362
f 7349 7350 7460
f 7449 7467 7456
f 7456 7467 7466
f 7441 7449 7450
f 7449 7441 7467
f 7468 7469 7441
f 7441 7447 7468
f 7458 7457 7469
f 7381 7377 7462
f 7469 7466 7467
f 7458 7469 7462
f 7718 7018 7459
f 7464 7453 7461
f 7573 7571 7572
f 7547 7555 7560
f 7471 7003 7578
f 7004 7471 7470
f 7092 7472 6918
f 7473 7475 7388
f 7475 7472 7033
f 7388 7370 7474
f 7476 7473 7474
f 7388 7474 7473
f 7465 7474 7389
f 7474 6868 7476
f 6918 7472 6869
f 7388 7475 7033
f 7412 7475 7473
f 7410 7473 7476
f 6740 6843 7063
f 7741 7731 7742
f 7214 7481 7216
f 7491 7254 7493
f 7489 7492 7488
f 7249 7290 7482
f 7481 7480 7289
f 7486 7488 7483
f 7260 7266 7482
f 7480 7482 7290
f 7482 7479 7260
f 7229 7486 7485
f 7262 7487 7493
f 7489 7488 7484
f 7229 7234 7486
f 7485 7483 7487
f 6094 7241 7486
f 7486 7241 7488
f 7490 7483 7488
f 7487 7483 7490
f 7488 7241 7484
f 7261 7484 7241
f 7489 7484 7260
f 7669 7667 7694
f 7487 7490 7491
f 7490 7673 7491
f 7492 7489 7479
f 7490 7488 7478
f 7480 7697 7479
f 7478 7488 7492
f 7493 7254 7253
f 7262 7493 7253
f 7491 7493 7487
f 7090 6880 7284
f 7481 7289 7216
f 6880 7289 7284
f 6879 7319 6827
f 7320 7319 7321
f 7397 7653 7663
f 7495 7152 7153
f 7153 7499 7495
f 7664 7494 7653
f 7499 7153 6161
f 7497 7496 6840
f 7496 7400 7498
f 6735 7497 6840
f 7400 7497 7402
f 7400 7401 7500
f 7501 7494 7664
f 7496 7499 6161
f 7392 7502 6570
f 7501 7500 7494
f 7499 7501 7495
f 7500 7501 7498
f 7500 6570 7494
f 7663 7398 7397
f 7392 7398 7502
f 7494 6570 7502
f 7476 7505 7410
f 7408 7504 7414
f 7511 7504 7503
f 7504 7505 7503
f 7476 6868 7506
f 7505 7476 7503
f 7506 7461 7453
f 7506 7452 7507
f 7508 7507 7510
f 7413 7511 7411
f 7461 7506 6868
f 7512 7509 7453
f 7452 7506 7509
f 7452 7512 7514
f 7510 6099 7515
f 7504 7511 7413
f 7508 7511 7503
f 7512 7452 7509
f 7447 7512 7454
f 7515 7533 7535
f 7524 7525 6990
f 7507 7508 7503
f 7444 7514 7440
f 7510 7514 6099
f 7444 7440 7443
f 7507 7452 7510
f 7510 7513 7508
f 7518 7415 6919
f 7411 7516 7413
f 7516 7519 7517
f 7531 7521 7530
f 7415 7518 7516
f 7519 7516 7411
f 7520 7411 7513
f 7519 7411 7520
f 7520 7530 7519
f 7540 7551 7535
f 7517 7519 7527
f 7513 7531 7520
f 7527 7519 7530
f 7528 6989 7538
f 6122 7523 6758
f 7415 7522 7416
f 6761 7526 6988
f 6988 7524 6991
f 7523 7525 7524
f 6762 7526 6761
f 7524 7526 7523
f 6989 7528 7537
f 7539 7528 7522
f 6756 6122 6758
f 7525 7523 7522
f 7538 7525 7522
f 7526 7529 7523
f 7529 6762 6764
f 6758 7523 7529
f 7531 7513 7515
f 6099 7533 7515
f 7515 7535 7531
f 7533 7534 7532
f 7534 7533 6099
f 7533 7532 7540
f 7534 6099 7514
f 7534 7444 7719
f 7521 7531 7535
f 7548 7536 7541
f 7555 7547 7721
f 7517 7527 7542
f 7530 7542 7527
f 7522 7528 7538
f 7525 7538 6989
f 7528 7517 7542
f 7539 7522 7415
f 7530 7520 7531
f 7540 7553 7552
f 7521 7548 7530
f 7545 7542 7541
f 7528 7542 7537
f 7528 7539 7517
f 7533 7540 7535
f 7543 7540 7532
f 7534 7719 7532
f 7553 7543 7439
f 7595 7596 7544
f 6120 7083 7557
f 7530 7541 7542
f 7540 7552 7551
f 7720 7716 7439
f 7603 7548 7604
f 7558 7082 7561
f 7559 7561 7566
f 7541 7530 7548
f 7536 7545 7541
f 7605 7591 7606
f 6723 7623 6722
f 7542 7545 7537
f 7545 7549 7550
f 7549 7545 7536
f 7545 7550 7537
f 7553 7540 7543
f 7521 7535 7551
f 7551 7552 7554
f 7546 7552 7553
f 7556 7554 7552
f 7585 7590 7605
f 7556 7552 7546
f 7558 7083 7082
f 7593 7721 7599
f 7554 7548 7521
f 7587 7549 7536
f 7549 7587 7589
f 7551 7554 7521
f 7594 7595 7710
f 7606 7592 7544
f 7558 7557 7083
f 7557 7555 7723
f 7561 7082 7563
f 7555 7558 7560
f 7580 7569 7574
f 7561 7560 7558
f 7082 7195 7563
f 7561 7559 7560
f 7470 7571 7567
f 7195 6895 7563
f 7563 6895 7566
f 7562 7560 7559
f 7644 7630 7635
f 7575 7599 7547
f 7470 7567 6895
f 7566 6895 7567
f 7567 7571 7569
f 7559 7567 7569
f 7572 7571 7470
f 7574 7569 7568
f 7567 7559 7566
f 7580 7559 7569
f 7470 7471 7572
f 7568 7569 7571
f 7572 7471 7578
f 7571 7573 7568
f 7578 7600 7572
f 7573 7600 7477
f 7649 7568 7726
f 7581 7580 7574
f 7560 7575 7547
f 7570 7575 7562
f 7591 7605 7590
f 7606 7609 7577
f 7601 7003 7185
f 7600 7602 7477
f 7581 7574 7564
f 7562 7580 7582
f 7648 7581 7564
f 7582 7581 7576
f 7559 7580 7562
f 7580 7581 7582
f 7570 7576 7583
f 7576 7570 7582
f 7582 7570 7562
f 7627 7635 7724
f 7640 7583 7576
f 7536 7548 7603
f 7587 7586 7589
f 7554 7556 7592
f 7587 7590 7586
f 7603 7587 7536
f 7590 7587 7588
f 7590 7588 7591
f 7586 7590 7585
f 7604 7592 7588
f 7609 7606 7544
f 7586 7585 7607
f 7619 7586 7607
f 7544 7592 7556
f 7588 7592 7591
f 7605 7583 7565
f 7599 7583 7577
f 7556 7595 7544
f 7721 7593 7722
f 7439 7546 7553
f 7594 7598 7596
f 7595 7556 7546
f 7596 7595 7594
f 7420 7706 7703
f 7596 7593 7609
f 7421 7610 7597
f 7713 7594 7710
f 7597 7610 7722
f 7583 7599 7570
f 7599 7577 7609
f 7572 7600 7573
f 7602 7600 7578
f 7601 7578 7003
f 7134 7218 7601
f 7601 7602 7578
f 7218 7737 7602
f 7726 7477 7579
f 7604 7548 7554
f 7587 7603 7588
f 7592 7604 7554
f 7588 7603 7604
f 7583 7605 7577
f 7585 7605 7565
f 7605 7606 7577
f 7592 7606 7591
f 7632 7647 7623
f 7616 7614 7613
f 7596 7609 7544
f 7599 7609 7593
f 7421 7422 7610
f 7597 7705 7706
f 7723 6120 7557
f 7721 7722 7723
f 7725 7607 7585
f 7607 7584 7619
f 7625 7608 7628
f 7617 7549 7611
f 7589 7586 7619
f 7608 7615 7612
f 7618 7617 7612
f 7625 7615 7608
f 7620 7613 7624
f 7616 7620 7074
f 7615 6984 7612
f 7613 7614 7615
f 7615 7614 6984
f 7154 7616 7074
f 7621 7616 6160
f 7608 7617 7611
f 7612 6984 7618
f 7618 6984 6992
f 7550 7617 7618
f 7549 7617 7550
f 7589 7619 7611
f 7613 7625 7624
f 6985 7621 6160
f 7614 7621 7417
f 7613 7620 7616
f 7626 7622 7629
f 7623 6716 7624
f 7629 7622 7724
f 7613 7615 7625
f 7624 7626 7629
f 7628 7627 7622
f 7624 7625 7626
f 7622 7626 7628
f 7611 7619 7628
f 7638 7633 7634
f 7628 7626 7625
f 7608 7611 7628
f 7627 7628 7619
f 7624 6716 7620
f 6723 6716 7623
f 7630 7724 7635
f 7623 7624 7629
f 7631 7651 7397
f 6119 7631 7398
f 7646 7630 7631
f 7623 7647 6722
f 7633 7627 7634
f 7652 7397 7651
f 7635 7627 7633
f 7619 7584 7627
f 7396 7397 7652
f 7630 7632 7724
f 7584 7607 7725
f 7639 7642 7637
f 7584 7636 7634
f 7638 7636 7639
f 7637 7638 7639
f 7584 7634 7627
f 7656 7633 7638
f 7634 7636 7638
f 7725 7636 7584
f 7585 7565 7640
f 7583 7640 7565
f 7648 7640 7576
f 7564 7574 7649
f 7725 7639 7636
f 7640 7648 7642
f 7637 7645 7638
f 7637 7641 7650
f 7655 7656 7654
f 7631 6119 7646
f 7659 7646 6119
f 7659 7632 7646
f 7581 7648 7576
f 7564 7641 7648
f 7573 7726 7568
f 7727 7641 7564
f 7650 7641 6098
f 7642 7641 7637
f 7564 7649 7727
f 7651 7631 7630
f 7651 7643 7652
f 7630 7644 7651
f 7643 7651 7644
f 7656 7655 7643
f 7652 7643 7655
f 7397 7396 7653
f 7660 7664 7665
f 7494 7502 7663
f 7657 7396 7652
f 7658 7654 7680
f 7668 7728 7684
f 7656 7645 7654
f 7654 7645 7700
f 7656 7638 7645
f 7650 7700 7637
f 7655 7657 7652
f 7655 7658 7657
f 7635 7633 7644
f 6119 6728 7659
f 7632 7659 7647
f 7647 7659 6722
f 7640 7642 7639
f 7641 7642 7648
f 7568 7649 7574
f 7669 7662 7071
f 7152 7495 7660
f 7661 7072 7662
f 7662 7660 7665
f 7152 7662 7072
f 7663 7502 7398
f 7643 7644 7656
f 7656 7644 7633
f 7664 7660 7495
f 7666 7665 7396
f 7666 7396 7657
f 7396 7665 7653
f 7072 7661 7686
f 7673 7676 7674
f 7688 7696 7689
f 7664 7653 7665
f 7666 7679 7071
f 7666 7071 7665
f 7671 7657 7658
f 7654 7699 7680
f 7686 7661 7669
f 7478 7687 7490
f 7675 7673 7670
f 7666 7671 7679
f 6950 7678 7728
f 7672 7728 7729
f 7662 7669 7661
f 7669 7071 7667
f 7683 7667 7682
f 7255 7674 7178
f 7677 7683 7675
f 7675 7678 7676
f 7676 7673 7675
f 6950 7178 7676
f 7675 7670 7677
f 7675 7681 7678
f 7677 7694 7683
f 7671 7666 7657
f 7682 7679 7671
f 7658 7740 7671
f 7650 7701 7700
f 7740 7658 7680
f 7672 7733 7736
f 7676 7678 6950
f 7672 7204 6950
f 7683 7684 7675
f 7681 7684 7728
f 7662 7665 7071
f 7682 7071 7679
f 7685 7682 7671
f 7685 7740 7684
f 7681 7675 7684
f 7685 7671 7740
f 7685 7683 7682
f 7686 7692 7193
f 7674 7491 7673
f 7490 7687 7670
f 7677 7670 7693
f 7694 7689 7669
f 7579 7730 6098
f 7680 7699 7668
f 7700 7701 7699
f 7678 7681 7728
f 7682 7667 7071
f 7696 7686 7689
f 7147 7148 6118
f 7193 7691 7212
f 7214 6118 7691
f 7692 7686 7695
f 7691 7193 7692
f 7478 7696 7688
f 7490 7670 7673
f 7693 7670 7687
f 7693 7688 7677
f 7479 7697 7492
f 7694 7677 7688
f 7478 7693 7687
f 7698 7696 7478
f 7480 7481 7697
f 7689 7694 7688
f 7478 7688 7693
f 7481 7214 7695
f 7686 7696 7695
f 7214 7692 7695
f 7691 7692 7214
f 7695 7697 7481
f 7492 7697 7698
f 7697 7695 7696
f 7492 7698 7478
f 7667 7683 7694
f 7699 7654 7700
f 7690 7650 6098
f 7689 7686 7669
f 7696 7698 7697
f 7637 7700 7645
f 7650 7690 7701
f 6098 7730 7735
f 7701 7690 7735
f 7702 7668 7699
f 6991 6990 6992
f 7525 7418 6990
f 7550 7418 6989
f 6992 6734 6991
f 6734 7419 6985
f 7425 7424 7703
f 7706 7421 7597
f 7442 7711 7716
f 7594 7705 7598
f 7705 7704 7706
f 7706 7704 7707
f 7421 7706 7420
f 7435 7425 7703
f 7707 7703 7706
f 7435 7707 7708
f 7708 7707 7704
f 7703 7707 7435
f 7425 7435 7437
f 7708 7704 7712
f 7714 7711 7442
f 7713 7710 7709
f 7709 7710 7439
f 7713 7709 7712
f 7546 7439 7710
f 7435 7708 7711
f 7708 7712 7717
f 7704 7705 7713
f 7709 7716 7717
f 7704 7713 7712
f 7705 7594 7713
f 7546 7710 7595
f 7445 7714 7442
f 7433 7436 7715
f 7711 7715 7435
f 7433 7715 7714
f 7717 7716 7711
f 7439 7716 7709
f 7708 7717 7711
f 7709 7717 7712
f 6904 6451 7348
f 7018 7718 6451
f 7718 7459 7344
f 7442 7716 7720
f 7532 7719 7543
f 7543 7720 7439
f 7442 7720 7719
f 7599 7721 7547
f 7596 7722 7593
f 7597 7722 7598
f 7723 7722 7610
f 7723 7610 6120
f 7721 7723 7555
f 7618 6992 6990
f 7629 7724 7632
f 7627 7724 7622
f 7640 7725 7585
f 7639 7725 7640
f 7477 7726 7573
f 7727 7579 6098
f 7649 7726 7727
f 7579 7727 7726
f 7729 7728 7668
f 7728 7672 6950
f 7668 7702 7729
f 7683 7685 7684
f 7741 7602 7731
f 7734 7732 7733
f 7737 7218 7217
f 7738 7198 7200
f 7741 7742 7730
f 7738 7731 7198
f 7734 7729 7702
f 7733 7732 7736
f 7734 7702 7701
f 7734 7735 7742
f 7579 7477 7741
f 6098 7735 7690
f 7735 7730 7742
f 7735 7734 7701
f 7736 7732 7739
f 7204 7736 7174
f 7729 7734 7733
f 7739 7742 7731
f 7174 7736 7738
f 7738 7736 7739
f 7732 7742 7739
f 7738 7739 7731
f 7731 7737 7198
f 7217 7198 7737
f 7602 7737 7731
f 7740 7668 7684
f 7680 7668 7740
f 7702 7699 7701
f 7602 7741 7477
f 7579 7741 7730
f 7742 7732 7734
f 7743 6127 6469
f 7383 7743 6479