v -0.051424 -0.014952 -0.090304
v -0.056105 -0.042795 -0.081986
v -0.102859 -0.028737 -0.069867
v -0.060799 0.258523 0.043578
v -0.145303 0.265052 0.009188
v 0.139419 0.108741 -0.086765
v 0.116940 0.071677 -0.088997
v 0.116672 0.115696 -0.104831
v -0.192382 0.122665 -0.044208
v -0.182749 0.138520 -0.061592
v -0.155072 0.083474 -0.064409
v -0.116537 0.073048 0.132254
v -0.137010 0.052240 0.101775
v -0.101106 0.052938 0.144942
v -0.140634 0.269398 -0.034660
v -0.223394 0.192135 -0.077840
v -0.016277 0.105051 0.143085
v 0.534678 0.183887 -0.011943
v 0.146302 0.121070 0.089651
v -0.172918 -0.050848 0.047868
v -0.173034 -0.070045 0.054416
v -0.135570 -0.037002 0.102651
v -0.233629 0.259671 -0.021245
v -0.231400 0.235568 -0.068111
v -0.270437 0.240589 -0.064116
v 0.607242 0.242140 -0.048548
v -0.531972 0.162492 -0.033160
v 0.180841 0.034736 0.013998
v 0.598682 0.167138 -0.031424
v -0.188900 0.159256 0.035597
v -0.226219 0.146830 0.022871
v -0.194418 0.140630 0.027410
v 0.055406 0.202198 -0.104410
v 0.097870 0.197334 -0.104427
v 0.053587 0.176234 -0.113251
v 0.020386 -0.050745 -0.083884
v 0.056240 -0.031796 -0.080513
v 0.079699 -0.039290 -0.070874
v 0.229921 0.264579 0.003813
v 0.194179 0.223755 0.046048
v 0.242991 0.248607 0.015413
v -0.070999 0.070300 -0.108476
v -0.117509 0.065206 -0.089327
v -0.073988 0.082168 -0.110277
v -0.300449 0.175198 0.021753
v -0.470683 0.165832 -0.014581
v 0.147139 -0.005043 0.098256
v -0.155153 0.026897 0.068999
v 0.171922 -0.024072 0.049197
v 0.355521 0.157888 0.007842
v -0.173039 -0.034787 0.042679
v -0.173223 -0.020843 0.038331
v -0.166716 -0.026662 0.004015
v 0.024006 0.020616 -0.105880
v -0.068527 -0.123485 -0.075770
v 0.179811 0.189901 0.046083
v -0.063027 0.285368 -0.012010
v 0.156363 -0.095050 0.024195
v 0.154765 -0.057001 0.008751
v -0.199377 0.256945 0.010783
v 0.141157 -0.107411 -0.016218
v 0.164158 0.223762 -0.075803
v 0.156634 0.212665 -0.076532
v -0.125340 -0.000336 -0.062820
v -0.086948 -0.003512 -0.084222
v -0.201067 0.114211 -0.000344
v 0.196121 0.120086 -0.032318
v -0.179219 0.044551 0.019341
v -0.169721 0.044181 0.043539
v 0.159947 0.005755 -0.036099
v 0.163511 -0.015313 -0.021653
v 0.148543 -0.015841 -0.041583
v -0.078988 0.026678 0.155897
v -0.030324 0.027498 0.151086
v -0.042387 0.049191 0.150994
v -0.115469 0.164643 -0.103718
v 0.604820 0.207601 -0.071975
v -0.083480 0.201923 -0.104346
v 0.123206 0.273565 -0.043435
v 0.111347 0.262870 0.009129
v 0.130813 0.270129 -0.039360
v -0.200648 0.136022 -0.052053
v -0.197317 0.115958 -0.028909
v -0.225457 0.123990 -0.004624
v 0.603445 0.188771 -0.063747
v -0.082355 0.251470 -0.078832
v -0.058947 0.278050 -0.060850
v -0.089459 -0.047989 -0.069837
v -0.071096 0.116409 0.133477
v -0.098958 0.102755 0.134062
v -0.011815 0.092652 0.151785
v -0.051768 0.084922 0.151384
v -0.136269 0.227742 -0.083453
v -0.162426 0.225472 -0.073259
v -0.200254 0.179824 0.036449
v -0.172191 0.208805 0.044141
v -0.212672 0.247266 0.022370
v 0.155391 0.252029 -0.051674
v 0.160659 0.237877 -0.062654
v -0.247981 0.126281 -0.007258
v 0.049292 -0.013646 -0.087978
v 0.069620 -0.001283 -0.083746
v 0.110651 -0.010520 -0.060452
v -0.021848 -0.037476 -0.088859
v 0.030348 -0.029746 -0.089030
v -0.167409 -0.007641 -0.021923
v -0.173068 -0.000677 0.032172
v -0.175091 0.024179 0.025007
v 0.464342 0.158934 -0.051930
v 0.578107 0.165857 -0.039521
v -0.175508 0.020063 -0.013208
v -0.031670 -0.067839 -0.076434
v -0.062819 -0.089326 -0.071920
v -0.094122 -0.067938 -0.066221
v -0.086075 0.287936 -0.051893
v 0.067715 0.058494 -0.101743
v 0.091036 0.091310 -0.107538
v -0.188140 0.068705 -0.002637
v -0.173104 0.083838 -0.047646
v -0.163155 0.048800 -0.046262
v 0.443727 0.220064 -0.068555
v 0.577735 0.242176 -0.051507
v 0.606358 0.231443 -0.063175
v -0.100788 -0.051163 0.168757
v -0.099752 -0.025909 0.163326
v -0.118340 -0.056408 0.151945
v 0.151983 0.271231 0.021924
v -0.116125 0.017343 -0.069999
v -0.118901 0.039001 -0.077563
v -0.078314 0.008181 -0.089539
v -0.124315 0.132337 -0.099022
v -0.174466 0.166708 -0.075974
v -0.130111 0.113913 -0.093385
v -0.085857 0.137937 -0.117492
v 0.449234 0.235080 0.000948
v 0.493879 0.186058 -0.008479
v 0.603898 0.198748 -0.010043
v -0.186259 0.188574 -0.077143
v 0.131600 0.247524 -0.068568
v 0.116327 0.281079 -0.052142
v -0.009194 0.123598 0.132654
v -0.041071 0.148635 0.114951
v -0.059221 0.148375 0.111557
v -0.056592 0.083413 -0.114600
v -0.038427 0.040658 -0.109116
v -0.153365 0.004158 0.072625
v 0.104710 0.162872 -0.109545
v 0.141411 0.158695 -0.090360
v 0.330960 0.254886 -0.020022
v -0.168717 -0.061663 0.027381
v 0.172533 0.277907 -0.021954
v 0.173492 0.264590 0.016302
v -0.602815 0.193272 -0.076927
v -0.603723 0.205687 -0.077357
v -0.507612 0.183303 -0.068536
v 0.059484 -0.095619 -0.068242
v 0.093819 -0.111596 -0.062338
v 0.076782 -0.121255 -0.071153
v 0.201940 0.117788 0.004573
v -0.268335 0.128621 -0.028763
v -0.395092 0.142199 -0.020659
v -0.170191 0.187722 -0.081052
v -0.170310 -0.090786 0.042119
v -0.142003 0.270780 -0.011276
v -0.117706 0.267923 0.015767
v -0.069957 0.004495 0.160027
v -0.040637 -0.008261 0.155238
v 0.065120 0.282297 -0.055183
v 0.083645 0.285798 -0.060222
v -0.063162 0.283826 -0.049130
v -0.280024 0.215711 -0.076499
v -0.237896 0.173036 -0.073184
v 0.257202 0.256734 -0.043263
v 0.191797 0.081172 -0.007853
v 0.166221 0.081071 -0.042702
v -0.161495 0.016209 -0.041447
v 0.089719 0.029048 -0.088730
v 0.061798 0.040382 -0.102730
v 0.600765 0.171520 -0.048774
v -0.152699 0.143162 0.067095
v -0.149988 0.191992 0.051719
v 0.191455 0.082326 0.015725
v 0.178155 0.051551 -0.026430
v -0.154181 0.248276 -0.056682
v 0.168619 0.030210 0.051916
v 0.174134 0.026769 0.031408
v 0.166956 0.048524 0.058148
v 0.066653 -0.068148 -0.069699
v 0.115871 -0.037862 -0.054634
v 0.081860 -0.072083 -0.065443
v -0.155488 0.074993 0.075207
v -0.157675 0.114873 0.076347
v -0.172198 0.087170 0.049001
v 0.396401 0.143427 -0.020924
v 0.505391 0.156875 -0.034984
v 0.150022 -0.040358 0.098082
v 0.158434 -0.070061 0.095064
v -0.011972 0.071623 0.153150
v -0.006098 0.045854 0.151212
v 0.044724 0.065164 0.152515
v 0.057541 0.110918 0.138251
v 0.085713 0.138587 0.114854
v 0.026531 0.116044 0.136164
v -0.606170 0.232562 -0.064681
v -0.514296 0.235259 -0.067681
v -0.605450 0.226473 -0.071278
v 0.233908 0.194557 0.038492
v 0.171571 0.015399 0.035073
v 0.149346 0.026256 0.092884
v 0.191620 0.245146 -0.066650
v 0.027974 -0.081560 -0.070701
v 0.146180 0.273053 -0.010655
v -0.141567 0.045957 0.093474
v -0.022221 0.160992 0.112993
v -0.531337 0.213961 -0.074962
v -0.124585 0.015181 0.125053
v -0.110329 0.039545 0.140427
v -0.602163 0.181653 -0.072909
v -0.141499 0.079876 0.098681
v -0.110334 0.106326 0.125396
v 0.169360 0.033665 -0.032240
v 0.137190 0.051976 -0.056655
v -0.139235 -0.016968 0.095507
v -0.001050 0.262440 -0.124319
v -0.005809 0.241646 -0.095274
v -0.015587 0.254273 -0.084295
v 0.607310 0.233752 -0.013647
v 0.607736 0.243004 -0.028326
v -0.131745 0.214441 0.046727
v -0.161293 0.233676 0.036518
v -0.109963 0.113842 0.120258
v -0.602218 0.181709 -0.021326
v -0.599693 0.169969 -0.034840
v 0.167594 0.225350 0.044478
v -0.301303 0.129348 -0.011935
v 0.197133 0.100352 0.010154
v 0.179711 0.044851 0.026165
v 0.598089 0.166764 -0.038592
v -0.105778 0.009902 0.151361
v -0.001311 0.199221 -0.131595
v -0.157193 -0.077497 0.082787
v -0.140538 -0.072278 0.097209
v 0.189312 0.159680 0.037550
v 0.184068 0.175084 0.042904
v 0.053087 0.268048 -0.072528
v -0.111268 0.230661 -0.087603
v -0.052310 0.207468 -0.101423
v -0.136687 0.025079 0.100660
v -0.173720 -0.085273 0.059516
v -0.119336 -0.117546 -0.051719
v -0.123913 -0.101759 -0.042491
v 0.115223 0.247170 -0.077319
v 0.088127 0.240900 -0.090257
v 0.076053 0.232193 0.043951
v 0.180316 0.205021 -0.071713
v 0.168330 0.196118 -0.086088
v -0.074931 0.144140 0.110446
v 0.056205 0.171291 0.102500
v 0.145914 0.013082 -0.046325
v -0.116134 0.268682 -0.040210
v -0.123524 0.267553 -0.038650
v -0.046951 0.135759 -0.129124
v 0.136810 0.017211 0.117706
v 0.182126 0.146745 -0.062222
v 0.149428 0.267258 -0.033562
v 0.184976 0.139305 -0.057478
v 0.186461 0.067249 0.020243
v -0.116970 -0.021848 0.146591
v 0.083257 0.106618 0.140028
v 0.067499 0.080680 0.151910
v 0.117617 0.086887 0.132803
v 0.050368 0.101371 0.144955
v 0.309692 0.235681 -0.059462
v -0.155625 -0.101853 0.009302
v -0.606094 0.212215 -0.010558
v -0.604487 0.196635 -0.013698
v 0.183868 0.058771 0.022598
v -0.153721 0.247531 0.029517
v -0.115661 0.273509 -0.042054
v 0.155463 -0.047875 0.093090
v -0.135370 -0.056803 -0.047893
v 0.023138 -0.048552 0.153046
v -0.514155 0.250199 -0.040732
v -0.373307 0.244964 -0.011202
v 0.005254 0.043920 -0.106528
v 0.054070 0.138892 0.118514
v 0.098297 0.172833 0.094815
v 0.092684 0.198610 0.086075
v 0.050039 0.108473 -0.131885
v -0.101932 0.272750 -0.002282
v -0.102658 0.289266 -0.051275
v -0.192871 0.087849 0.007202
v 0.174164 -0.056931 0.060513
v -0.478780 0.211474 -0.000978
v -0.277095 0.244926 -0.001829
v -0.055713 0.211970 0.105254
v -0.063852 0.196816 -0.105981
v 0.025498 0.168928 0.110070
v 0.019954 -0.124926 -0.077794
v -0.013741 -0.125141 -0.079050
v -0.005401 -0.098285 -0.070108
v -0.599103 0.168666 -0.038368
v 0.109830 0.284993 -0.057123
v 0.137138 0.150406 0.080231
v 0.172280 0.125522 0.056717
v 0.208445 0.177683 -0.069443
v 0.175791 0.170697 -0.078896
v 0.008545 0.069734 -0.113893
v 0.009370 0.099655 -0.132749
v 0.114998 -0.116343 -0.052462
v 0.136311 -0.079745 -0.032404
v 0.132829 -0.112199 -0.033449
v -0.601710 0.174116 -0.063205
v -0.180606 0.039446 -0.006725
v -0.184737 0.064263 0.013935
v 0.262162 0.210774 0.031875
v 0.038691 0.192355 0.098882
v -0.181477 0.105908 0.037431
v 0.172357 0.096376 0.056093
v 0.046255 0.262222 -0.079387
v -0.073034 0.068768 0.151457
v -0.095038 -0.119969 -0.066818
v 0.147919 0.110565 0.091330
v 0.155812 0.073264 0.082819
v 0.104989 0.124082 0.119534
v -0.181609 0.183197 0.042812
v 0.183409 0.114667 -0.044837
v 0.211911 0.253765 -0.054620
v 0.044091 -0.123943 -0.076338
v -0.141973 -0.110268 -0.020360
v -0.009283 -0.013131 -0.097012
v -0.035639 0.009855 -0.100887
v 0.033500 0.006803 -0.101201
v -0.600425 0.169900 -0.049011
v 0.078270 -0.008558 0.163001
v 0.111885 -0.047378 0.169977
v 0.124007 -0.009870 0.149019
v 0.292994 0.138344 -0.034615
v 0.515263 0.197212 -0.071253
v 0.032271 0.038386 0.151240
v 0.031548 0.005606 0.150945
v 0.065675 0.024641 0.153437
v 0.240435 0.130028 -0.001905
v -0.121035 0.182551 0.079526
v -0.087367 0.212012 0.058446
v 0.197323 0.132672 0.021980
v 0.017693 0.205157 -0.149995
v 0.070840 0.048184 0.151669
v 0.158193 0.249415 0.036171
v 0.117155 0.233709 0.038968
v 0.126282 0.027768 -0.057298
v 0.031233 0.259892 -0.122279
v -0.067683 0.029257 -0.100210
v -0.199146 0.122413 0.012791
v 0.230333 0.165532 0.030100
v 0.282566 0.132261 -0.005833
v 0.104713 0.020852 0.154541
v 0.605888 0.217559 -0.008720
v -0.071071 0.215237 0.099193
v 0.064643 0.125500 -0.132794
v 0.245538 0.216241 -0.071923
v 0.127826 0.187937 0.064485
v -0.151531 -0.059802 -0.024105
v -0.129431 -0.065098 0.121417
v -0.607807 0.239559 -0.029620
v -0.607332 0.230234 -0.014657
v 0.147645 0.060015 0.097984
v -0.607347 0.239493 -0.046747
v 0.107965 0.011022 -0.066830
v 0.134284 0.098070 0.111658
v 0.601549 0.180033 -0.016616
v 0.004584 0.154344 0.115399
v 0.009561 -0.005336 0.149893
v -0.125339 0.143321 0.086356
v -0.079889 0.141550 0.111640
v -0.177555 0.247374 -0.074395
v 0.040387 0.085473 0.152642
v -0.037792 -0.124799 -0.078919
v 0.077445 -0.046232 0.171033
v 0.065007 0.289100 -0.019333
v 0.033954 -0.048312 0.154450
v -0.009512 -0.049085 0.152620
v 0.175619 -0.078823 0.067929
v -0.010027 0.174648 -0.126105
v 0.016192 0.140927 -0.149209
v -0.059611 -0.048944 0.168063
v 0.171107 -0.002929 0.041700
v 0.161226 -0.030167 0.017938
v -0.206677 0.257058 -0.044842
v 0.146374 0.048903 0.099227
v 0.103367 0.065703 0.144746
v 0.128374 0.038498 0.128084
v 0.299914 0.170178 -0.065360
v -0.249009 0.212888 0.023987
v 0.138653 -0.047758 -0.042284
v 0.135525 -0.056273 0.139946
v 0.141577 -0.062992 0.117086
v 0.053931 0.240017 0.074189
v 0.172669 -0.074875 0.080844
v -0.148594 0.009639 -0.050579
v -0.157370 -0.015792 -0.036190
v 0.005282 0.013388 0.150431
v 0.323783 0.244256 -0.052538
v 0.249794 0.153828 -0.055369
v 0.171554 0.004849 0.004747
v -0.137320 -0.026989 0.099032
v 0.174040 0.021368 -0.021289
v 0.161348 0.271854 -0.014219
v -0.250094 0.175480 0.031618
v 0.185173 0.046828 -0.000798
v -0.093426 0.046558 -0.096364
v 0.020616 0.107678 0.141138
v 0.128726 0.206167 -0.094162
v -0.075267 0.167786 -0.113567
v -0.155460 -0.053249 0.078705
v -0.120796 -0.003336 0.135834
v -0.092392 0.166791 0.099537
v -0.137017 0.061129 -0.071116
v -0.077917 -0.022530 -0.082358
v -0.149125 0.097299 0.087391
v -0.055153 0.164870 -0.113854
v 0.342712 0.236294 0.008326
v -0.095717 -0.096720 -0.062259
v 0.165005 -0.003104 0.072201
v -0.146278 0.063617 0.088653
v -0.391468 0.149302 -0.050162
v -0.021225 0.115495 -0.140336
v 0.135170 -0.036187 0.133937
v -0.149729 -0.034248 -0.040873
v -0.443430 0.255876 -0.023423
v -0.209531 0.214498 0.038888
v -0.007295 0.030217 -0.108583
v -0.139619 0.032902 -0.058292
v -0.158759 -0.018467 0.068135
v 0.091708 -0.053196 -0.062635
v 0.058632 0.084077 -0.115548
v -0.024070 0.090222 -0.126062
v 0.044508 -0.007149 0.153294
v 0.115272 0.263964 -0.064234
v 0.090156 0.268746 -0.005152
v 0.199584 0.268536 -0.006916
v -0.100310 0.130969 0.112695
v -0.124036 0.046147 0.121566
v 0.468230 0.258131 -0.022944
v -0.419762 0.206612 -0.072750
v 0.173760 0.046562 0.042122
v 0.166475 -0.009034 0.010196
v -0.245561 0.245875 0.006690
v 0.106520 0.285575 -0.020113
v 0.108874 0.164770 0.091482
v 0.104403 0.049624 -0.090534
v -0.168856 0.001537 -0.025654
v -0.154069 0.048263 0.072884
v -0.092177 0.270858 -0.065753
v 0.157076 -0.041073 -0.014483
v -0.158505 0.237683 -0.065823
v -0.171899 0.069613 0.045104
v -0.156158 -0.043428 0.076024
v 0.110974 -0.060305 -0.055443
v -0.126260 0.196452 -0.095273
v 0.140775 0.104162 0.101176
v -0.076300 0.095414 0.146849
v -0.076984 0.190479 0.101347
v -0.001203 0.007485 -0.103717
v -0.376159 0.230664 0.005911
v 0.062367 0.017106 -0.097164
v -0.392915 0.196570 -0.070588
v 0.078718 0.014688 -0.084689
v 0.097982 0.226290 0.044801
v 0.143167 0.075386 -0.067399
v -0.236655 0.125459 -0.006084
v 0.179265 0.077193 0.040064
v 0.574841 0.173642 -0.058139
v 0.075608 0.093812 0.146925
v 0.081184 -0.012899 -0.076940
v 0.111609 -0.076870 -0.053238
v -0.090385 0.040128 0.151723
v 0.167436 -0.031233 0.076523
v 0.084593 -0.021826 -0.072854
v 0.058052 0.023554 -0.101079
v -0.180252 0.270888 -0.038052
v -0.086994 0.081739 0.150082
v 0.164231 0.012323 0.068268
v -0.099523 0.023066 -0.084636
v -0.016396 0.136996 -0.142593
v 0.017443 0.189160 -0.151586
v -0.103547 0.097086 -0.105311
v 0.153802 -0.055297 0.096181
v -0.073707 0.109038 -0.122315
v 0.006752 0.057795 -0.107086
v -0.152659 -0.080715 -0.007150
v -0.026777 -0.052829 -0.083126
v -0.373121 0.173776 -0.067559
v 0.170932 0.065475 0.053033
v 0.212588 0.209477 -0.075259
v 0.214990 0.247262 0.030350
v 0.003571 0.234340 -0.141802
v 0.378377 0.202075 0.014349
v -0.252720 0.146499 -0.055272
v 0.086927 0.226719 -0.095813
v 0.187987 0.206126 0.048329
v 0.218433 0.130632 0.009593
v 0.103795 0.045814 0.148588
v -0.209520 0.212453 -0.079213
v 0.588156 0.165922 -0.039330
v -0.117987 -0.039090 0.149460
v -0.156567 0.094965 0.076030
v 0.129032 0.064003 0.124946
v -0.142813 -0.008402 -0.051239
v 0.051827 -0.109730 -0.071139
v -0.153284 0.135204 -0.081016
v 0.173754 0.042605 -0.029311
v -0.168606 0.111264 -0.063205
v -0.162677 0.032488 -0.044087
v -0.147176 0.223390 0.042025
v 0.137210 -0.025003 0.123585
v 0.101283 0.180118 -0.107217
v 0.039520 0.159506 -0.138135
v -0.145018 -0.085388 -0.021356
v -0.218760 0.248974 -0.059201
v 0.219661 0.126871 0.000896
v -0.167420 -0.044171 0.015743
v -0.049560 0.127811 0.125863
v -0.174633 0.268640 -0.007606
v -0.061355 -0.058812 -0.077405
v 0.017089 0.173038 -0.152108
v 0.547661 0.182986 -0.013143
v 0.130618 0.003732 0.133484
v 0.104607 0.102815 -0.107752
v -0.092892 0.018660 0.155379
v -0.172881 0.034199 0.034410
v -0.144673 -0.058687 -0.036879
v 0.152572 0.092005 0.087704
v 0.163602 0.156017 0.059267
v -0.274700 0.250657 -0.035536
v 0.195496 0.107296 -0.018892
v 0.056086 0.072925 0.152527
v -0.141224 0.028966 0.092803
v 0.035706 0.229046 -0.107835
v -0.110293 0.215143 -0.094812
v -0.349594 0.151736 0.003057
v 0.521799 0.161865 -0.047773
v -0.183257 0.051669 0.003724
v -0.129421 -0.079280 -0.045119
v 0.157174 0.165288 -0.079457
v -0.108924 0.088654 0.135117
v -0.398686 0.224985 -0.063610
v 0.129218 0.281489 0.004997
v 0.055692 -0.028258 0.160067
v 0.425697 0.223024 -0.065593
v 0.146893 -0.083448 -0.002810
v -0.066470 0.136784 -0.123633
v -0.490528 0.244576 -0.011828
v -0.123937 0.256863 -0.070324
v -0.080195 -0.049354 0.171833
v 0.233018 0.156296 -0.057674
v 0.243389 0.133536 -0.029317
v 0.146170 0.242315 -0.065177
v 0.094750 -0.046272 0.172808
v 0.097217 -0.038396 -0.061430
v -0.142174 0.176089 -0.090399
v -0.129946 0.270123 0.004356
v 0.292928 0.173572 0.024530
v 0.019140 0.055524 0.151895
v 0.000922 0.032969 0.150896
v -0.069934 -0.016085 0.164163
v 0.041981 0.113320 0.137088
v 0.344905 0.137927 -0.027559
v -0.164781 -0.021887 -0.017072
v 0.112992 -0.024071 -0.056815
v 0.019298 0.096945 0.148800
v -0.540563 0.195627 -0.008622
v 0.605590 0.220372 -0.069971
v 0.252951 0.263772 -0.012151
v 0.143647 -0.031830 -0.041971
v 0.072013 0.125487 0.128062
v -0.361195 0.209283 0.015550
v -0.001878 -0.075610 -0.075718
v 0.047462 0.181748 0.100238
v 0.602340 0.179263 -0.057299
v 0.022883 0.131102 0.126340
v -0.006030 0.014539 -0.105697
v 0.058993 0.091399 0.149387
v 0.471946 0.210186 0.000912
v -0.389258 0.246646 -0.051827
v 0.160490 0.162345 0.059965
v 0.190706 0.128914 -0.045620
v -0.068298 0.239179 0.073173
v 0.253126 0.230802 0.025922
v -0.132562 0.182675 0.061544
v -0.192184 0.097802 -0.026529
v -0.186689 0.194648 0.044966
v 0.136471 -0.094499 -0.023302
v -0.560329 0.233887 -0.066091
v -0.163317 -0.096378 0.025629
v -0.091133 0.116038 0.128976
v 0.029609 0.149694 0.116846
v 0.548849 0.192319 -0.009783
v -0.056896 0.008891 -0.095094
v -0.078673 -0.079221 -0.070469
v -0.035560 0.009568 0.152385
v -0.114334 -0.014676 -0.066750
v -0.043421 -0.002484 -0.095242
v -0.069308 -0.009619 -0.088200
v 0.029324 0.088279 -0.124497
v -0.063422 -0.068939 -0.075114
v -0.101869 0.287694 -0.024368
v -0.234562 0.204606 -0.078139
v 0.158012 -0.043608 0.013342
v -0.171276 0.017481 -0.028572
v 0.175881 0.218699 -0.086277
v -0.010440 0.142612 0.117343
v 0.221133 0.268419 -0.027427
v 0.154248 -0.005057 -0.038853
v 0.012049 -0.003425 -0.099948
v 0.253739 0.172310 -0.068120
v 0.156751 0.183319 0.054690
v 0.037947 0.064487 -0.107022
v -0.173433 0.007903 0.001457
v -0.186771 0.248946 -0.054895
v 0.085888 0.073932 0.149238
v -0.126249 0.241133 0.030417
v 0.408608 0.181377 -0.067550
v 0.115186 -0.097011 -0.046271
v 0.050382 0.232389 -0.092797
v 0.169676 0.260839 -0.064177
v -0.116983 0.028381 -0.073321
v 0.115092 0.039624 -0.074468
v 0.031854 0.022020 0.150996
v -0.186073 0.075214 -0.027307
v 0.161559 0.127620 -0.074584
v 0.050291 -0.045466 -0.078502
v 0.196984 0.159515 -0.060229
v 0.013135 0.042150 0.151226
v -0.078261 0.232165 0.039491
v 0.121030 0.111862 0.117605
v 0.140067 0.080484 0.109860
v -0.103305 0.195857 0.069137
v -0.005447 0.102175 0.145001
v 0.554062 0.167496 -0.026046
v -0.158257 -0.040582 -0.021997
v -0.226035 0.133319 0.010957
v -0.171865 0.125814 0.055861
v -0.475088 0.187775 -0.005713
v -0.554789 0.182563 -0.070344
v 0.043306 -0.059401 -0.075847
v 0.294782 0.252769 -0.031258
v -0.086121 0.190299 0.099397
v 0.180647 0.065802 -0.027196
v -0.136005 0.115000 0.100821
v 0.101881 0.209817 0.056741
v -0.008981 0.058796 0.151902
v 0.121237 0.287195 -0.011047
v -0.072377 0.052044 0.151221
v 0.037720 0.111423 -0.135734
v -0.177326 0.042838 -0.029268
v -0.138066 0.009720 0.098309
v 0.188752 0.261632 -0.036928
v -0.015580 -0.025357 -0.093087
v 0.144229 0.131417 0.087592
v 0.163794 0.084725 0.069233
v -0.162661 0.035530 0.056426
v 0.135993 -0.007357 0.123847
v -0.047523 0.062477 -0.108352
v 0.186165 0.065836 -0.017530
v -0.162851 0.059720 0.059415
v -0.136594 0.038707 0.101029
v -0.083422 0.271966 -0.011685
v 0.048575 0.015179 0.152172
v 0.157511 0.054292 0.078054
v -0.171151 -0.004142 0.004995
v -0.154225 0.015541 0.070793
v -0.051656 0.019497 -0.100738
v -0.103656 0.143183 0.101056
v 0.034182 0.189796 -0.131030
v -0.223871 0.126392 -0.030123
v -0.130548 0.250524 -0.064208
v 0.135439 0.073870 0.117196
v -0.224245 0.196136 0.029047
v 0.083818 0.142766 -0.117268
v 0.118513 0.030359 0.143610
v 0.163388 0.110685 -0.067560
v 0.056616 0.127560 0.126926
v 0.344517 0.213295 -0.070499
v 0.117662 0.052648 0.138172
v 0.076236 -0.103688 -0.065410
v 0.479430 0.209608 -0.071605
v -0.128379 -0.019362 0.121170
v -0.205764 0.268916 -0.016550
v 0.354573 0.219028 0.017471
v -0.003265 0.220287 -0.113290
v -0.158259 0.066605 -0.054172
v 0.113912 0.249484 0.025362
v -0.082092 0.220088 -0.097179
v -0.060856 0.037963 0.152264
v -0.094865 0.241945 0.026958
v -0.035186 0.182458 -0.108398
v 0.065709 0.236628 0.058892
v 0.020566 -0.014522 -0.095796
v -0.027281 0.060499 0.151774
v 0.108419 0.028305 -0.073459
v -0.167910 0.066403 -0.046636
v 0.137706 0.043872 0.113975
v -0.106751 0.022575 0.147441
v -0.193279 0.227913 0.033503
v 0.112040 0.144635 0.098626
v 0.186583 0.113149 0.034183
v -0.183945 0.218083 -0.082449
v 0.527392 0.226929 -0.004210
v -0.120192 0.148404 -0.101895
v -0.025118 -0.028754 0.153058
v 0.072006 0.008004 0.158086
v -0.170997 -0.013765 0.017954
v -0.193729 0.160806 -0.067783
v -0.560822 0.244308 -0.043860
v -0.042473 0.070222 0.152266
v -0.104249 0.237059 0.032780
v 0.091231 -0.006417 -0.074383
v -0.166571 0.161368 0.050507
v -0.252058 0.252926 -0.041449
v -0.124487 0.089432 -0.092018
v -0.021206 -0.111990 -0.073782
v 0.043626 -0.088634 -0.069501
v 0.161672 0.060944 0.070536
v -0.108772 0.212669 0.052189
v 0.183017 0.187695 -0.077425
v 0.148526 0.030471 -0.045667
v 0.103245 -0.007627 0.162284
v -0.036755 -0.026381 -0.090168
v -0.128658 0.093610 0.114690
v -0.132220 0.013499 -0.060367
v 0.021915 -0.026914 0.150525
v -0.426687 0.232685 -0.000947
v 0.136029 -0.002680 -0.049472
v -0.113518 0.274164 -0.011316
v -0.096522 0.072300 0.146652
v -0.029434 0.187995 -0.106869
v -0.102991 -0.007934 0.157709
v 0.111260 0.104088 0.130113
v 0.014119 0.078567 0.153956
v 0.091620 0.006558 0.160673
v 0.167085 -0.047781 0.081890
v 0.171570 -0.013507 0.045448
v -0.165933 0.013405 0.051193
v 0.441376 0.242373 -0.053898
v -0.173872 0.011757 0.028575
v -0.146108 0.039633 0.085243
v -0.181745 0.057183 -0.027227
v 0.164535 -0.056832 0.034619
v -0.096831 0.241059 -0.083388
v 0.100514 0.265554 -0.077789
v 0.010631 -0.021930 -0.094471
v -0.130409 0.020140 0.112751
v -0.536178 0.174679 -0.019342
v -0.500225 0.174004 -0.063028
v -0.132299 -0.000844 0.110426
v -0.108405 0.063223 0.138457
v 0.147889 0.271995 0.006055
v -0.095383 0.066934 -0.102086
v -0.172671 0.262984 0.010612
v -0.100105 0.183786 -0.106836
v -0.163223 0.096512 -0.062225
v 0.032071 0.218391 -0.128209
v -0.157537 -0.030302 0.071896
v 0.040008 0.147951 0.115699
v -0.149894 -0.000424 -0.047203
v -0.155215 0.109078 -0.073543
v -0.050032 -0.030530 -0.086575
v 0.175052 0.012388 -0.008623
v 0.202379 0.227102 0.040876
v -0.533593 0.169369 -0.059946
v 0.163499 0.095224 -0.056642
v 0.078249 0.061068 0.150779
v 0.380290 0.191559 0.013507
v 0.084832 0.035716 0.154179
v 0.147698 -0.060511 -0.024044
v -0.146618 0.167576 0.067386
v -0.101832 0.251484 -0.078199
v 0.117627 0.228475 -0.089093
v 0.149141 0.006343 0.094059
v 0.168306 0.001926 0.023360
v -0.019384 0.066649 -0.109917
v -0.073149 0.123936 0.127668
v 0.223390 0.219849 0.031392
v -0.077266 0.107539 0.138838
v 0.034908 0.099042 0.146859
v -0.303166 0.230580 0.009876
v -0.033842 -0.094231 -0.071801
v 0.069899 0.139075 0.117445
v 0.111357 0.076871 0.140719
v -0.567234 0.165152 -0.048587
v 0.130359 -0.033006 0.144811
v -0.020628 0.197967 -0.104813
v 0.033445 0.041833 -0.104962
v 0.108036 0.224127 -0.095170
v -0.028149 0.222713 -0.093262
v 0.167102 -0.076016 0.041654
v 0.124305 0.114812 0.112488
v 0.184968 0.250333 0.037906
v 0.098581 0.020397 -0.077238
v -0.121995 -0.035677 -0.056816
v -0.025327 0.134660 0.121957
v 0.125770 0.257693 0.022277
v -0.254270 0.138436 0.010968
v 0.172760 0.066303 -0.035117
v 0.041651 -0.003783 -0.095458
v -0.066664 0.043727 -0.105934
v -0.604546 0.216359 -0.075333
v 0.155937 0.047192 -0.043407
v 0.272250 0.191581 -0.074009
v 0.149424 0.088907 0.092826
v 0.256432 0.143883 0.016967
v 0.533280 0.173777 -0.062000
v -0.174805 0.143582 0.048694
v 0.148594 0.204255 0.052362
v 0.083601 0.214280 0.064466
v 0.160032 0.028387 0.072920
v -0.084596 0.173219 0.100309
v -0.057566 0.059038 0.151277
v -0.062554 0.128756 0.125020
v 0.035535 0.104824 0.142859
v 0.158300 0.039700 0.075793
v 0.156262 0.011507 0.081934
v -0.211918 0.180390 -0.074483
v 0.171741 0.253538 -0.072846
v -0.509603 0.203618 -0.004847
v 0.128603 0.061050 -0.074445
v 0.073837 0.168641 0.101904
v -0.146136 -0.006407 0.083983
v -0.047806 0.111941 -0.132619
v 0.004360 -0.034327 -0.090925
v -0.043799 -0.055334 -0.079272
v 0.016634 0.067015 0.152904
v -0.219608 0.153758 -0.063563
v -0.234221 0.132178 -0.039388
v 0.096779 0.287998 -0.039624
v -0.158485 0.053990 0.066202
v -0.153473 0.208474 -0.083390
v 0.142490 0.230041 0.043533
v -0.117626 0.259605 -0.072423
v 0.160534 -0.028334 -0.018191
v -0.113257 -0.004594 0.147671
v -0.102019 0.137026 0.106776
v 0.121092 0.004346 -0.056539
v 0.003704 0.094876 0.150520
v -0.169983 -0.011265 0.007463
v -0.011905 0.082235 0.153774
v -0.096950 0.208689 -0.100185
v -0.027071 0.153713 -0.124591
v -0.110136 -0.054824 -0.059699
v 0.045098 0.052025 0.151810
v 0.162741 -0.025461 -0.002116
v 0.040530 0.127081 0.127025
v 0.038487 0.134680 0.122071
v 0.116364 0.094124 -0.095770
v -0.333000 0.228518 -0.066142
v 0.066822 0.168258 -0.112976
v 0.158439 0.051543 -0.042478
v -0.057222 0.018821 0.154879
v -0.351165 0.192506 0.016758
v 0.059478 0.148945 -0.124087
v -0.144066 -0.057552 0.090779
v -0.555447 0.194244 -0.074552
v -0.143289 0.098430 -0.079488
v -0.043778 0.110301 0.138433
v -0.180637 0.248210 0.026684
v 0.198001 0.240680 0.039289
v 0.085266 0.113567 -0.121995
v -0.144184 0.020963 -0.054498
v -0.128485 -0.011577 -0.058821
v 0.141312 0.133422 -0.089222
v -0.260531 0.135970 -0.043009
v 0.009303 -0.063428 -0.080407
v 0.118412 -0.028521 0.160049
v 0.255625 0.263724 -0.028499
v 0.055213 -0.001602 0.155593
v 0.076680 0.200115 -0.105550
v -0.190178 0.267246 -0.012703
v -0.126510 -0.090508 -0.043747
v 0.020875 -0.068561 -0.077013
v -0.141211 -0.070142 -0.035916
v -0.001972 0.159164 -0.146343
v 0.222966 0.257237 0.018337
v -0.013038 0.002795 0.150536
v -0.131867 0.102113 0.108365
v -0.038425 0.186384 0.106688
v -0.000519 0.138395 -0.148592
v -0.083021 0.219611 0.080922
v 0.115418 0.005904 0.153283
v -0.094067 0.290381 -0.038054
v 0.227859 0.235669 -0.064700
v -0.034915 -0.049247 0.158536
v 0.133523 0.010460 0.125509
v 0.039924 -0.110459 -0.072010
v -0.080045 -0.036248 -0.077508
v 0.092832 0.064480 -0.097056
v -0.176881 0.255152 0.021638
v 0.109373 0.000257 -0.063599
v -0.259394 0.193622 -0.077637
v -0.137471 0.045807 -0.063001
v -0.390337 0.235187 -0.061939
v 0.148363 -0.022727 0.098050
v -0.230076 0.230230 0.022996
v 0.135032 0.171246 0.075239
v -0.136585 0.260528 0.026608
v -0.129805 0.076515 0.116028
v -0.100123 0.164292 0.098126
v -0.055185 -0.012100 0.160112
v 0.146204 -0.023846 -0.041835
v -0.063028 -0.079226 -0.072980
v 0.099212 0.007643 -0.072203
v -0.170644 0.056897 0.044297
v -0.165526 -0.008000 0.056497
v 0.094472 0.115715 0.130661
v 0.095339 0.131644 0.117677
v 0.031729 -0.107256 -0.070342
v -0.160862 -0.060166 0.003210
v 0.040621 0.134820 -0.143310
v -0.582297 0.190287 -0.074541
v 0.187655 0.058804 -0.003763
v 0.122828 0.211358 0.053267
v 0.167587 0.075120 0.061290
v -0.000549 0.248378 -0.133537
v -0.117909 0.125627 0.105053
v -0.124678 -0.060700 0.136973
v 0.228932 0.212407 -0.072388
v -0.145270 0.126961 0.085455
v -0.000697 -0.044586 -0.087625
v -0.078636 -0.063576 -0.073036
v 0.140672 -0.049828 0.117155
v 0.576300 0.224902 -0.068228
v -0.073860 0.095695 -0.116166
v -0.105424 0.199684 -0.101579
v -0.238483 0.160251 0.028355
v 0.148495 -0.069263 -0.012699
v 0.168645 -0.001745 -0.019000
v -0.187983 0.162293 -0.075150
v 0.168305 -0.086679 0.045356
v 0.235822 0.143359 0.019285
v 0.216812 0.147633 -0.052337
v 0.173190 -0.040531 0.054838
v 0.121968 0.169566 -0.100385
v -0.159615 0.166031 -0.082511
v -0.022464 0.002137 -0.100501
v 0.194539 0.259638 0.026497
v -0.090768 0.208817 0.086665
v -0.127313 -0.038093 0.126272
v -0.016824 -0.071955 -0.076680
v -0.176802 0.096514 0.043223
v 0.292716 0.159056 0.020782
v 0.044829 -0.038291 0.157215
v -0.144106 0.071760 0.093788
v 0.251632 0.238700 -0.060843
v 0.001230 0.190055 -0.141786
v -0.067266 0.254950 0.020836
v -0.156259 0.181925 -0.085806
v 0.373065 0.191877 -0.067388
v 0.135836 0.182377 -0.094368
v 0.111399 0.139131 -0.108138
v 0.382209 0.161630 -0.058313
v -0.029689 0.024688 -0.106739
v -0.306584 0.205204 0.022013
v 0.186082 0.190631 0.043861
v -0.284813 0.134404 0.001150
v -0.037166 0.074333 0.152504
v 0.398153 0.254105 -0.020694
v -0.262679 0.235746 0.019293
v 0.209495 0.184272 0.039784
v -0.243620 0.243146 -0.059392
v -0.127350 -0.029344 0.125077
v -0.187081 0.263556 0.001559
v -0.223838 0.255777 0.001941
v 0.129702 -0.013241 -0.051152
v -0.451330 0.242254 -0.057685
v -0.452548 0.159774 -0.053926
v 0.067940 -0.056999 -0.071287
v 0.524309 0.222270 -0.071063
v -0.124827 0.032535 0.121408
v -0.040415 0.086836 -0.120412
v 0.094171 -0.091679 -0.058917
v -0.561613 0.225768 -0.010627
v -0.095876 0.117368 -0.113745
v -0.026157 0.133559 -0.138801
v -0.010812 0.183196 -0.120820
v 0.592085 0.237365 -0.057766
v 0.494089 0.156071 -0.040073
v 0.154833 -0.076008 0.016702
v 0.107603 -0.027426 0.166413
v -0.198341 0.232720 -0.069568
v -0.109150 0.279454 -0.056275
v 0.160384 0.118010 0.074184
v 0.111004 0.060526 -0.090155
v -0.022887 0.035370 -0.109059
v -0.086234 0.124218 0.124167
v -0.174679 0.026920 -0.025456
v 0.086450 -0.027345 0.168312
v -0.138565 0.259685 -0.050179
v 0.173512 0.165412 0.049296
v 0.127778 0.141231 0.091328
v 0.151575 0.066487 -0.049533
v 0.150472 -0.045169 -0.029905
v -0.330836 0.135664 -0.040162
v -0.036315 0.038365 0.151080
v -0.072582 0.019027 -0.093609
v 0.017094 0.152131 0.116486
v -0.148054 -0.072550 -0.022645
v -0.271746 0.195245 0.024391
v -0.064703 -0.018797 -0.086609
v 0.076122 0.022971 -0.093168
v 0.127305 0.260958 -0.056376
v 0.081901 0.118930 0.132005
v 0.098920 -0.023070 -0.065092
v 0.147781 0.200948 -0.083578
v 0.105138 -0.031259 -0.059220
v -0.067055 -0.032758 -0.082452
v -0.139243 -0.022773 -0.050437
v 0.261843 0.184251 0.024842
v 0.025368 -0.040262 -0.086547
v 0.150624 0.153254 0.069995
v -0.257486 0.258491 -0.011102
v -0.030448 0.123339 0.129597
v -0.054780 0.027202 0.153136
v 0.164646 0.004612 0.070254
v -0.069433 0.083605 0.150868
v -0.161883 0.266531 -0.052515
v -0.088076 0.218297 0.049559
v -0.102423 0.006749 -0.077958
v -0.410443 0.158134 -0.006378
v -0.100977 -0.009206 -0.075954
v -0.287848 0.147208 0.012498
v -0.183365 0.087385 0.028345
v 0.065612 0.008261 -0.089538
v -0.130224 0.264406 -0.045391
v -0.169357 0.023878 0.042744
v -0.141702 0.124545 -0.087257
v -0.136396 0.074177 -0.077064
v -0.510405 0.215701 -0.075077
v -0.005915 0.107338 -0.137075
v 0.250708 0.184009 0.029389
v -0.165758 0.002041 0.053562
v -0.218596 0.262587 -0.019230
v -0.026470 0.205035 -0.100711
v -0.177003 0.034340 0.022161
v 0.147747 0.037601 0.095943
v -0.046941 -0.078837 -0.073649
v -0.176432 0.057349 0.032431
v 0.075033 0.211916 0.086994
v -0.105687 0.055716 -0.093247
v 0.510455 0.236313 -0.064811
v -0.168329 -0.026249 0.056491
v -0.165461 0.101121 0.062847
v 0.142381 -0.096498 -0.008574
v -0.152596 0.086170 0.081410
v 0.164941 0.211233 -0.084690
v -0.020867 0.011985 -0.103822
v 0.321439 0.251575 -0.043821
v 0.162338 0.051433 0.068129
v -0.214615 0.196732 0.033817
v -0.132053 0.157014 -0.094484
v 0.163667 0.180400 -0.080162
v 0.142453 0.041379 -0.050421
v -0.050817 0.149722 -0.120281
v 0.077501 0.178293 -0.110831
v 0.138839 0.225204 -0.080637
v 0.211821 0.231735 -0.065811
v -0.157231 0.104945 0.076249
v 0.179700 0.142518 0.045058
v -0.182777 0.102958 -0.045957
v -0.055557 0.181380 0.104361
v -0.319954 0.217559 0.018396
v -0.080752 0.037719 -0.098713
v -0.108917 0.271139 0.007617
v 0.066018 0.250089 0.030068
v 0.016688 0.156885 -0.151748
v -0.119287 0.269570 -0.016239
v 0.068714 -0.022365 -0.078686
v 0.260138 0.144050 -0.044237
v -0.190052 0.114395 0.025233
v -0.076312 -0.053664 -0.075213
v 0.166243 -0.015781 0.073946
v -0.001729 -0.027892 0.149785
v -0.165058 0.266314 -0.032948
v 0.183198 0.080100 -0.028034
v -0.576231 0.222560 -0.010839
v 0.182809 0.089221 0.036339
v 0.162256 0.036525 -0.039113
v -0.003192 -0.052357 -0.084915
v -0.174737 0.013907 -0.005915
v 0.123063 0.058407 0.131416
v -0.167755 -0.051372 0.065346
v 0.094293 0.099211 0.140732
v -0.462551 0.150953 -0.042730
v -0.167988 0.075400 0.053610
v -0.130538 -0.018692 -0.056148
v -0.175422 0.125045 -0.062716
v 0.234085 0.253902 -0.047464
v -0.396483 0.187301 0.007686
v -0.484837 0.228793 -0.002062
v -0.178743 0.031995 0.003167
v 0.140101 0.062100 0.112645
v -0.318002 0.248220 -0.020484
v -0.206040 0.196354 0.040709
v -0.130315 -0.010105 0.115788
v -0.273428 0.252028 -0.051934
v 0.012893 0.119613 -0.142332
v -0.086808 -0.001254 0.161095
v 0.424767 0.172514 -0.003536
v 0.052660 -0.022646 -0.083959
v 0.104141 0.193382 0.080480
v 0.180702 0.033516 -0.011190
v 0.183391 0.093995 -0.032762
v 0.218611 0.129676 -0.028654
v 0.079411 0.074806 -0.104794
v -0.075113 0.157077 0.103106
v 0.055627 -0.047288 0.162926
v -0.119034 0.090992 0.125469
v 0.511102 0.242234 -0.008253
v -0.114940 -0.062626 -0.057615
v 0.535033 0.210162 -0.005258
v 0.142153 0.091737 -0.077707
v -0.142452 0.249092 -0.060416
v -0.546891 0.178632 -0.067225
v 0.077783 -0.027336 0.167375
v -0.309762 0.220955 0.016635
v 0.065053 -0.013227 -0.082077
v -0.160233 0.267880 0.000652
v 0.165955 -0.016483 0.029899
v -0.145633 0.050266 0.087369
v 0.229648 0.127827 -0.014442
v 0.125388 -0.054260 -0.049875
v -0.112829 -0.074101 -0.057668
v 0.075478 0.186224 0.098150
v 0.070640 -0.083816 -0.066537
v 0.070392 0.108896 0.139521
v -0.573427 0.203619 -0.009304
v 0.091170 -0.030279 -0.067666
v 0.114750 0.095728 0.131956
v -0.162177 0.046234 0.058367
v 0.174518 0.124666 -0.063204
v -0.419640 0.210228 0.003159
v 0.108769 0.134247 0.108978
v -0.095969 0.166579 -0.110924
v 0.189475 0.097079 0.025437
v -0.160069 -0.052076 -0.004359
v 0.154371 0.124867 0.079878
v -0.542327 0.211646 -0.006016
v -0.082898 0.057995 -0.104549
v -0.067217 0.168745 0.102125
v -0.012476 0.020472 0.150696
v -0.505571 0.181127 -0.012336
v -0.170059 0.110382 0.057072
v 0.025479 -0.022209 -0.092586
v 0.151758 -0.098740 0.014620
v 0.163318 -0.019473 0.014031
v 0.153458 0.093249 -0.067832
v 0.135586 0.020522 -0.050772
v 0.213142 0.149444 0.026268
v 0.100631 0.265308 0.001600
v -0.103956 -0.038512 -0.065699
v -0.057145 0.092789 0.149358
v 0.027129 -0.006258 0.150661
v 0.045568 0.167219 -0.124674
v -0.104302 0.096019 0.135355
v -0.560525 0.240947 -0.055217
v -0.111088 0.080905 -0.098154
v -0.120478 0.008594 -0.066180
v -0.049404 0.253617 -0.082499
v 0.124952 -0.078685 -0.044057
v 0.096045 -0.066204 -0.059770
v 0.166265 0.262987 -0.036110
v -0.019041 -0.059495 -0.081458
v 0.014649 0.032266 -0.107454
v -0.230491 0.247911 0.016495
v 0.089601 0.004445 -0.077178
v 0.161173 0.103591 0.074247
v -0.031682 0.154865 0.114024
v -0.147443 0.231377 -0.073802
v -0.042517 -0.038944 0.160081
v -0.065028 0.135010 0.119667
v 0.011406 -0.090014 -0.070118
v -0.451444 0.252493 -0.045645
v 0.460742 0.222863 0.001964
v -0.278722 0.235665 -0.063207
v -0.030943 0.167759 -0.115854
v 0.382792 0.196395 -0.067711
v -0.144659 0.014642 0.086373
v -0.313595 0.158506 -0.061604
v -0.159125 0.177027 0.050839
v 0.541920 0.208897 -0.072217
v 0.176859 0.035863 0.028701
v -0.058071 0.168887 0.103893
v -0.167724 0.136910 -0.071560
v 0.158457 0.023094 -0.040383
v 0.457259 0.177295 -0.060533
v 0.083733 0.044749 -0.098684
v 0.147017 -0.102389 0.005041
v -0.115006 0.114693 -0.103899
v -0.106449 -0.002065 -0.073688
v 0.098086 0.091855 0.143365
v -0.067680 0.230766 -0.093212
v 0.104744 0.255804 -0.081522
v -0.196931 0.100911 0.003219
v 0.245922 0.252794 -0.046714
v -0.132452 0.269427 -0.023658
v 0.131892 0.039794 -0.057127
v 0.084054 0.285828 -0.041487
v -0.145399 -0.035324 0.086512
v 0.474995 0.255054 -0.037961
v 0.389594 0.247255 -0.006054
v -0.568357 0.220513 -0.074079
v 0.303737 0.149798 -0.048752
v -0.163806 0.081084 0.062077
v 0.115861 0.192844 -0.101080
v -0.382789 0.201724 0.011495
v 0.291224 0.253804 -0.015287
v -0.050781 0.101266 0.144975
v 0.049059 0.031552 0.151585
v -0.167459 -0.061100 0.068425
v 0.145279 -0.051721 0.107291
v 0.012294 -0.048644 0.152563
v 0.022609 0.248238 -0.141842
v -0.245286 0.157616 -0.067287
v -0.135865 0.232863 0.037541
v 0.205566 0.263711 -0.032732
v 0.226825 0.247443 0.019184
v -0.163613 -0.007184 -0.031171
v 0.051549 0.043369 0.151663
v -0.145956 0.032839 0.084983
v 0.075888 0.269729 0.003728
v -0.065385 -0.106287 -0.071645
v -0.114843 0.163455 0.093512
v 0.254736 0.130748 -0.016953
v 0.164787 -0.033735 0.031378
v 0.092461 0.212287 -0.101058
v 0.174544 0.098119 -0.043549
v -0.212015 0.232042 0.033524
v -0.085017 -0.020627 0.165400
v -0.109222 0.176024 0.093899
v 0.086551 0.053684 -0.098460
v -0.120441 0.261304 -0.054655
v -0.342857 0.248547 -0.028677
v 0.495025 0.167244 -0.017891
v -0.030479 -0.014360 -0.094507
v 0.118052 0.042827 0.140482
v -0.031818 0.088847 0.152014
v -0.548683 0.235429 -0.015470
v -0.113434 -0.088556 -0.054888
v -0.135630 0.131513 0.086897
v 0.132523 -0.061891 -0.043299
v -0.127081 0.158842 0.086248
v -0.133654 0.064384 0.109049
v 0.021987 0.090356 0.152237
v 0.138380 0.254609 0.032964
v 0.119547 0.270128 -0.052665
v -0.116945 0.027738 0.135343
v 0.112770 0.190576 0.074915
v 0.284269 0.153986 -0.053537
v 0.126745 0.127405 0.102880
v 0.092286 0.083239 0.147768
v -0.021302 0.050118 -0.107067
v -0.083899 0.136441 0.114747
v -0.073047 0.203489 0.101156
v -0.019182 -0.011382 0.151113
v 0.166273 0.223078 -0.085452
v -0.017834 -0.085154 -0.071878
v 0.072378 0.097464 -0.119585
v 0.099189 0.057805 0.147507
v -0.100419 0.038088 -0.089076
v 0.031695 0.239142 -0.125138
v 0.122463 0.016585 0.143223
v 0.141395 -0.015075 0.110586
v 0.166789 0.003076 -0.024890
v -0.031479 0.139740 -0.131495
v 0.169579 0.014152 0.052027
v -0.255636 0.225091 -0.072220
v 0.035049 0.075803 0.153398
v 0.047274 -0.075076 -0.070472
v 0.169209 -0.055248 0.081157
v -0.502108 0.198719 -0.073833
v 0.065013 0.169944 0.102139
v 0.141339 0.277626 -0.025916
v 0.281053 0.253550 0.003113
v -0.098541 0.012003 -0.081526
v -0.158082 -0.087932 0.008937
v 0.126433 -0.106157 -0.036984
v 0.559432 0.192045 -0.069817
v 0.121245 0.241052 -0.078175
v 0.029004 0.182081 -0.144925
v 0.139658 0.032501 0.110965
v 0.115930 -0.003107 -0.058617
v -0.105792 0.135139 -0.109787
v 0.175373 0.019212 0.011406
v -0.011247 -0.065982 -0.079294
v 0.171504 0.271657 -0.043540
v -0.082491 -0.110468 -0.068678
v 0.592849 0.244834 -0.040117
v -0.184335 0.054351 -0.012049
v 0.151330 -0.038541 -0.031414
v 0.186019 0.225355 -0.067067
v -0.087427 0.061275 0.148883
v -0.007687 0.079695 -0.120555
v 0.015479 0.263322 -0.142844
v -0.226589 0.256963 -0.041461
v 0.178083 0.231110 -0.069796
v -0.188615 0.076053 0.010598
v -0.010704 0.126725 -0.144678
v -0.094862 -0.082335 -0.064051
v 0.039104 0.094523 0.149407
v 0.346651 0.184754 -0.067349
v 0.154337 -0.052380 -0.005643
v -0.269266 0.167545 0.022933
v -0.181849 0.054477 0.016642
v 0.170902 0.006204 0.038352
v -0.173078 -0.010802 0.035235
v 0.113489 -0.049090 -0.055037
v -0.123966 0.229616 -0.086540
v -0.203216 0.248210 -0.056619
v 0.459025 0.250804 -0.006677
v 0.101560 0.075844 -0.096986
v -0.194691 0.213286 -0.075770
v 0.141047 0.281794 -0.002510
v 0.238519 0.191885 -0.073034
v 0.201571 0.228188 -0.072758
v -0.167015 0.207216 -0.079915
v -0.533267 0.161856 -0.047575
v 0.150998 -0.070283 0.002955
v -0.152236 0.211781 0.045890
v -0.082352 0.236316 -0.088890
v -0.139889 0.086295 -0.078332
v 0.180894 0.268406 0.011365
v 0.031872 0.060388 0.152240
v 0.142879 0.021750 0.105222
v -0.111473 0.282423 -0.019663
v 0.196000 0.116720 0.015900
v 0.093282 0.246666 0.025545
v 0.178158 0.023577 0.002680
v -0.210348 0.158833 0.032719
v 0.147796 0.256788 -0.050515
v 0.050515 0.050195 -0.102500
v -0.294460 0.160671 0.018185
v 0.045895 0.032496 -0.104585
v 0.070434 0.254104 -0.081242
v 0.133105 0.027890 0.123190
v 0.111493 0.038259 0.146576
v -0.075085 -0.032325 0.168035
v -0.123813 0.194218 0.059507
v 0.268227 0.136284 -0.031557
v -0.177495 0.078061 0.036791
v 0.071659 0.150729 0.109346
v -0.131522 0.167641 0.081035
v 0.150974 0.142908 -0.082056
v 0.122304 0.254758 -0.065266
v 0.274513 0.180669 -0.072296
v 0.005102 -0.119086 -0.074715
v 0.205408 0.213271 0.038647
v 0.013032 0.103550 0.144092
v 0.232131 0.139506 -0.041424
v -0.194233 0.092674 -0.009756
v -0.121749 0.109099 0.115018
v 0.144304 0.070278 0.104099
v 0.172700 0.110975 0.056656
v -0.464103 0.223061 -0.072396
v -0.061401 0.122634 -0.129045
v -0.125856 0.054522 0.119561
v 0.188515 0.272703 0.006675
v -0.028895 0.053699 -0.107413
v -0.123064 -0.071281 -0.052868
v -0.162575 0.086833 0.065198
v -0.130544 0.243274 -0.078737
v -0.198298 0.199731 -0.079413
v 0.052406 0.209405 0.095795
v 0.125944 0.148934 -0.098334
v -0.083465 0.026191 -0.092391
v -0.182053 0.133845 0.040922
v -0.325868 0.193791 -0.075764
v 0.319661 0.142086 0.003240
v 0.071817 0.221769 -0.098225
v -0.107937 -0.045378 -0.061705
v -0.073644 -0.000713 -0.089391
v 0.178739 0.052299 0.032286
v 0.136222 0.053876 0.116309
v -0.110040 0.282034 -0.046724
v 0.102463 0.238734 -0.090143
v 0.043549 0.018412 -0.103191
v -0.155823 -0.007184 0.070227
v -0.146390 -0.096001 -0.013204
v 0.088431 0.014990 0.158868
v -0.138740 0.133709 -0.090024
v -0.096730 -0.018899 -0.075705
v -0.226863 0.141017 -0.053225
v 0.016571 0.035689 0.151060
v -0.163298 0.150848 -0.076528
v -0.497191 0.236701 -0.007484
v 0.008989 0.084340 -0.123932
v 0.158909 -0.035748 0.087465
v 0.096624 -0.074528 -0.059265
v 0.185679 0.079490 0.028183
v -0.360912 0.191311 0.015084
v 0.076645 0.033820 -0.098341
v 0.140246 0.278164 0.015416
v 0.014610 0.130095 -0.146167
v 0.091203 0.170743 -0.110911
v 0.117274 0.065451 0.136390
v -0.033810 0.120421 0.131410
v -0.162112 0.269713 -0.018711
v 0.126047 -0.051373 0.156714
v -0.154583 -0.037631 -0.031764
v 0.139584 0.064055 -0.061578
v -0.525755 0.247277 -0.027883
v 0.038369 0.162811 0.109677
v 0.053801 0.001722 -0.092838
v -0.382302 0.159646 -0.061597
v 0.163715 0.203218 0.050899
v -0.583514 0.236140 -0.060428
v 0.131899 -0.017286 0.136886
v 0.248543 0.258109 0.002881
v -0.161745 0.008312 -0.038876
v -0.166288 -0.079094 0.026376
v -0.168082 -0.052924 0.021540
v -0.043847 0.194549 -0.103722
v -0.007226 0.055123 -0.107187
v 0.239380 0.260070 -0.033064
v 0.131652 -0.031091 -0.049522
v -0.104757 0.257784 0.008930
v 0.301784 0.224128 -0.067474
v 0.228822 0.164564 -0.063737
v 0.087577 0.047491 0.152064
v -0.017647 0.035647 0.150941
v -0.132084 -0.051076 0.111893
v -0.170864 -0.027755 0.023869
v 0.168946 -0.005609 -0.008532
v 0.124499 0.075716 0.129945
v -0.011663 0.191816 -0.115638
v 0.000209 0.216766 -0.137036
v 0.172686 -0.043859 0.068985
v 0.099298 0.125978 -0.116279
v -0.220485 0.224669 -0.075093
v 0.144507 0.029377 0.101924
v 0.088836 0.125310 0.124951
v 0.029212 0.233788 -0.135114
v -0.116557 0.012796 0.139244
v 0.009953 0.220010 -0.147882
v -0.176682 0.024114 0.008188
v 0.302228 0.224193 0.022832
v 0.194462 0.191273 -0.069857
v -0.163663 -0.039425 -0.000213
v -0.091764 -0.057807 -0.067873
v 0.523025 0.175145 -0.015516
v -0.187946 0.096786 0.022533
v -0.420573 0.163394 -0.005716
v -0.025779 0.054023 0.151375
v -0.157291 0.129929 0.073455
v 0.003119 0.023195 0.150674
v 0.162162 0.016651 -0.036088
v 0.180075 0.027393 -0.003901
v 0.376433 0.226539 -0.064301
v 0.107562 0.229734 0.041509
v -0.147405 -0.023701 0.082984
v 0.128954 0.088714 0.122100
v 0.059545 -0.007502 -0.085840
v -0.035612 -0.109562 -0.073876
v -0.055918 -0.027592 0.163159
v 0.167785 0.039440 0.054949
v -0.079922 0.075282 0.150823
v -0.122430 0.057671 -0.083555
v -0.048847 0.026808 -0.104524
v -0.013754 0.118262 0.135211
v -0.440396 0.180827 -0.064190
v -0.274747 0.147904 0.014888
v -0.114079 0.049889 0.134703
v 0.009564 0.139137 0.121144
v -0.039000 -0.040295 -0.085669
v -0.123341 -0.020203 -0.059861
v 0.142983 -0.082042 -0.018162
v 0.211681 0.165998 0.035631
v 0.486597 0.172513 -0.061272
v 0.061758 0.056753 0.152049
v 0.236946 0.267801 -0.019349
v -0.046970 0.121016 0.130411
v 0.168887 0.140971 0.058379
v -0.157488 -0.004043 -0.039906
v -0.544561 0.224893 -0.071913
v 0.057047 0.154276 0.109839
v -0.191066 0.081394 -0.010187
v 0.282881 0.244248 -0.052017
v 0.469785 0.232558 -0.065827
v 0.276265 0.224817 -0.068942
v 0.096843 -0.119154 -0.063801
v -0.486163 0.161990 -0.053199
v 0.180256 0.039505 -0.017690
v -0.046348 -0.063461 -0.077092
v 0.086832 -0.062629 -0.064138
v -0.167991 -0.040075 0.061240
v -0.451155 0.192699 -0.001837
v 0.080189 0.160595 -0.113694
v 0.366395 0.158714 0.006174
v 0.000151 0.174518 -0.143747
v -0.171765 -0.048301 0.034879
v 0.276101 0.192264 0.022039
v 0.241501 0.216063 0.034140
v 0.029133 0.047110 0.151535
v 0.150393 0.101318 0.089652
v 0.145668 0.173913 -0.086965
v -0.147592 0.259411 -0.045742
v -0.140232 0.246691 0.035695
v -0.139214 0.143251 0.077164
v 0.597437 0.215821 -0.071454
v 0.559421 0.244337 -0.017793
v -0.248252 0.230722 0.018535
v 0.167016 0.013538 -0.028678
v 0.561085 0.166207 -0.050043
v -0.052453 0.097299 -0.124393
v -0.036070 0.100588 -0.130329
v 0.093025 0.208054 0.061690
v 0.013126 -0.103877 -0.069675
v 0.127465 -0.003042 0.141334
v 0.184929 0.049701 0.014667
v 0.121794 0.050354 -0.074476
v -0.170919 0.096832 -0.055189
v 0.368414 0.173946 0.012779
v 0.022020 0.123195 0.132703
v 0.054540 0.096038 -0.124171
v 0.183505 0.040280 0.006681
v -0.100833 0.112018 0.127215
v 0.119430 0.287119 -0.032369
v -0.169491 0.224552 -0.089075
v -0.148360 0.150039 -0.083815
v 0.066471 -0.037210 0.165815
v -0.161695 0.122890 -0.072855
v 0.062858 0.097623 0.146065
v 0.172502 0.056065 0.047620
v 0.190062 0.070548 0.006174
v 0.482950 0.197761 -0.003251
v 0.211714 0.263247 0.005396
v -0.015857 -0.005511 -0.098796
v -0.274383 0.175369 0.023270
v -0.224759 0.176717 0.032587
v -0.249235 0.195173 0.032633
v -0.022255 0.102283 0.145083
v 0.092984 -0.017641 0.166318
v -0.106917 -0.107043 -0.056608
v -0.077899 -0.044745 -0.075910
v 0.050219 0.006830 -0.097066
v 0.166783 0.275196 0.002058
v -0.150794 -0.012268 -0.044437
v -0.571510 0.188027 -0.013825
v -0.050086 0.148335 0.112894
v 0.108248 0.213481 -0.098478
v -0.178660 0.262372 -0.057610
v 0.066977 0.033633 0.152763
v 0.114321 0.277142 -0.009398
v -0.081535 0.011835 0.158999
v 0.138066 0.124977 -0.091962
v -0.053960 0.134651 0.120595
v -0.355380 0.165423 0.008871
v 0.030341 0.128722 0.127252
v 0.121411 0.033331 -0.066288
v -0.078702 0.184840 -0.109481
v -0.181337 0.120566 0.040769
v 0.191378 0.111218 -0.032783
v 0.197181 0.207054 -0.070781
v 0.127983 -0.043013 -0.049964
v 0.193697 0.094490 -0.013031
v 0.011425 0.013962 -0.105080
v 0.054449 0.189076 -0.108476
v -0.062230 0.019152 -0.097465
v -0.024229 0.047532 0.151124
v -0.170592 -0.023761 0.021049
v -0.567492 0.209795 -0.076195
v -0.052789 0.007055 0.156136
v 0.171365 -0.014221 0.060115
v -0.040116 -0.020659 0.156706
v -0.243912 0.248613 -0.053155
v -0.099653 0.081912 -0.103707
v -0.132543 -0.114036 -0.037023
v 0.140199 0.002723 0.111814
v 0.131526 0.260217 -0.055189
v 0.442921 0.151693 -0.045013
v -0.088672 0.103292 -0.113686
v 0.086629 0.026189 0.156300
v -0.178381 0.196996 -0.091455
v -0.255607 0.261564 -0.027656
v 0.153182 0.065618 0.087355
v 0.121181 -0.019211 0.154515
v 0.005037 0.086479 0.153515
v -0.136782 -0.099693 -0.028916
v 0.022372 0.061074 -0.107165
v 0.138301 0.119468 0.098258
v -0.105272 0.034669 0.145750
v 0.164601 -0.019061 -0.003985
v -0.067123 0.146299 0.111102
v 0.031895 0.165954 0.109920
v 0.033208 -0.017025 0.151824
v 0.186790 0.056748 0.009913
v -0.429923 0.195488 0.001180
v 0.186269 0.172762 -0.067198
v -0.142749 0.111376 -0.083617
v 0.174614 0.208395 0.047552
v -0.166365 0.188445 0.048047
v -0.059040 0.174188 -0.111407
v -0.134929 -0.061375 0.105220
v -0.125372 0.005394 0.125533
v 0.035575 0.052762 -0.104610
v 0.330396 0.252749 -0.009843
v -0.043708 0.075005 -0.111889
v 0.134525 -0.070867 -0.038003
v 0.128703 0.023972 0.131329
v 0.165545 0.144834 -0.070560
v -0.065236 0.059583 -0.107084
v -0.143651 0.106746 0.094830
v 0.149090 -0.095848 0.007908
v 0.160128 -0.009205 -0.031422
v -0.026995 -0.002789 0.151845
v 0.200612 0.117448 -0.014098
v -0.128367 0.036405 -0.066802
v -0.177417 0.232542 0.038041
v 0.167390 -0.045045 0.039229
v 0.002176 0.106332 0.142159
v 0.075523 0.086739 -0.111085
v -0.060793 0.150901 -0.118989
v -0.080614 0.152800 -0.115261
v 0.026897 0.126983 -0.143576
v -0.145210 0.020322 0.085562
v -0.170098 0.029931 0.041167
v -0.118943 -0.012589 0.141238
v 0.116853 0.019429 -0.061629
v -0.099559 0.197491 0.087991
v -0.128004 0.050064 -0.074371
v -0.146014 0.072271 -0.067805
v -0.090637 -0.025763 -0.076633
v 0.552033 0.207621 -0.071894
v -0.256664 0.223993 0.019544
v -0.145210 0.088541 0.092869
v 0.013081 -0.078828 -0.073712
v 0.183822 0.127271 0.039968
v -0.111878 0.047525 -0.086954
v 0.066786 -0.018289 0.162220
v -0.131078 -0.049819 -0.051243
v -0.210405 0.120441 -0.015563
v 0.292456 0.243106 0.014667
v 0.395640 0.235420 0.006615
v -0.079661 -0.093356 -0.068494
v 0.161962 0.020479 0.070438
v -0.131782 0.085554 0.113091
v 0.308775 0.251806 -0.015902
v 0.172689 0.032861 0.040192
v 0.067413 0.067142 0.152874
v -0.114968 0.098506 0.125946
v -0.182443 0.047104 -0.013122
v -0.155923 0.255165 -0.065118
v 0.182787 0.266994 -0.052316
v 0.155979 -0.004078 0.085167
v 0.170567 -0.002704 0.057423
v -0.150937 0.069293 0.081954
v -0.450042 0.166678 -0.058505
v -0.035283 0.125797 -0.137631
v 0.151645 0.228180 -0.072222
v 0.140490 -0.038409 0.115144
v 0.065085 0.187829 -0.108297
v 0.073850 -0.048208 -0.071478
v 0.178102 0.099854 0.046819
v -0.368043 0.201743 0.014568
v 0.162605 0.094182 0.071849
v -0.153755 -0.025106 -0.038669
v -0.345682 0.248385 -0.017881
v 0.210807 0.230420 0.036221
v -0.228248 0.213494 0.028478
v -0.191006 0.211154 0.039661
v 0.008367 0.025311 -0.107451
v -0.127485 0.025175 -0.063840
v -0.151556 0.040782 -0.052490
v -0.148283 -0.017749 0.081317
v 0.103649 -0.045542 -0.058299
v 0.062807 0.071950 -0.107092
v 0.033728 0.076145 -0.116161
v -0.007405 0.094618 -0.130022
v 0.090513 0.183533 0.094732
v 0.218922 0.202628 0.033022
v -0.148003 0.056139 -0.058741
v 0.039153 -0.027716 0.154016
v 0.019930 0.049257 -0.105009
v -0.240769 0.258979 -0.004543
v 0.132961 0.056603 -0.065637
v 0.105469 0.084968 0.143536
v 0.168981 -0.001892 0.007410
v -0.029825 0.076206 -0.114754
v -0.136496 -0.035097 -0.049917
v -0.159423 -0.073962 0.006048
v 0.097265 0.285475 -0.029707
v 0.082443 0.253450 0.020913
v 0.029789 0.150286 -0.147982
v -0.121869 0.134159 0.095345
v 0.130971 0.279243 -0.017012
v 0.069155 0.110790 -0.127880
v -0.034135 0.134348 0.121665
v 0.122207 0.269539 0.004878
v 0.188023 0.276365 -0.014931
v 0.056127 0.265186 0.029600
v -0.077527 0.280834 -0.030274
v 0.039536 0.245518 -0.093287
v -0.056514 0.001470 -0.093123
v 0.165704 0.058889 -0.038941
v 0.144876 -0.105376 -0.005988
v 0.537796 0.249026 -0.026341
v 0.369102 0.205425 0.016109
v 0.296197 0.184111 0.024732
v -0.051743 -0.115847 -0.075518
v 0.048304 0.079199 0.152918
v -0.182873 0.235328 -0.065757
v 0.166858 -0.005485 0.026216
v -0.057791 0.034216 -0.104932
v -0.276207 0.250792 -0.017852
v -0.261902 0.248952 0.004733
v 0.038226 0.208257 -0.111612
v -0.080606 0.123405 -0.121643
v 0.181092 0.217070 -0.077654
v 0.123101 0.157565 0.086027
v 0.097016 0.150921 0.102100
v 0.120858 0.178628 0.081348
v 0.164672 -0.017288 0.004028
v -0.214849 0.234984 -0.070600
v 0.138363 -0.018373 -0.047358
v 0.432348 0.209572 0.006449
v -0.431217 0.247708 -0.010465
v 0.097265 0.039183 -0.089915
v -0.373500 0.183333 0.011131
v -0.105298 0.121548 0.117679
v -0.296099 0.249083 -0.039683
v 0.041313 0.194181 -0.113827
v -0.118202 0.245125 -0.081402
v -0.100231 0.151629 -0.111212
v 0.449942 0.155036 -0.019070
v 0.370253 0.144440 -0.040255
v 0.033767 0.201894 -0.128751
v 0.128261 0.048424 0.126510
v 0.071145 0.214660 -0.100781
v 0.157532 -0.019215 0.086175
v 0.172091 0.027388 -0.027107
v 0.159392 -0.035615 0.001709
v -0.196535 0.246129 0.022556
v -0.073726 -0.016088 -0.085492
v -0.165349 0.238183 -0.082951
v -0.163937 0.072379 0.060134
v -0.179107 0.066857 0.029785
v -0.166971 -0.016889 0.056444
v -0.375944 0.137980 -0.031818
v 0.128296 0.012158 -0.053518
v 0.174579 0.236848 -0.081447
v -0.522231 0.246965 -0.051383
v 0.160352 -0.049597 0.024124
v -0.389786 0.209797 -0.070514
v 0.026397 -0.062008 -0.078657
v -0.090153 -0.037379 0.168699
v -0.131207 0.212147 -0.089428
v -0.120909 0.180652 -0.099906
v -0.148230 0.192201 -0.088087
v -0.328574 0.237853 -0.057127
v 0.190376 0.253085 -0.051617
v -0.097951 0.085211 0.142509
v -0.101364 0.154263 0.097597
v 0.129570 0.081657 -0.083324
v 0.016182 0.006964 -0.102917
v 0.040970 -0.036258 -0.084115
v -0.427415 0.221721 0.000590
v -0.324870 0.236566 0.002298
v 0.137819 -0.047827 0.127636
v -0.226265 0.240176 0.023634
v -0.315764 0.182518 -0.073612
v 0.006884 0.127526 0.129978
v 0.288116 0.238806 -0.060011
v 0.074147 0.006710 -0.084374
v 0.104227 0.245336 0.027922
v 0.086666 0.228616 0.043763
v 0.153953 0.135327 0.076620
v 0.153836 0.078673 -0.054333
v -0.052950 0.181952 -0.108910
v 0.137324 0.089286 0.110839
v 0.141050 0.005190 -0.047902
v 0.010197 0.114082 0.137431
v -0.049445 -0.101030 -0.072064
v -0.209606 0.136300 0.018464
v 0.181875 0.067741 0.031526
v -0.056735 0.136307 -0.126528
v 0.043597 0.177711 -0.120949
v -0.322084 0.145927 -0.051933
v 0.217267 0.267351 -0.011260
v -0.057127 0.052087 -0.107359
v 0.171120 0.010105 0.019824
v -0.565519 0.165776 -0.035855
v 0.158624 0.062654 -0.044220
v 0.096626 -0.012047 -0.069767
v -0.095880 0.046606 0.148674
v 0.172258 -0.027369 0.063322
v -0.081199 0.221786 0.048371
v 0.070560 -0.026953 -0.077052
v -0.144558 -0.044272 -0.043168
v 0.144315 -0.054465 -0.033969
v -0.192063 0.261090 -0.038686
v -0.088076 0.130844 0.118129
v -0.006899 0.205707 -0.114121
v -0.093213 0.092395 0.142237
v 0.170021 0.005017 0.055396
v -0.148101 -0.106608 -0.005102
v -0.109091 0.031034 -0.081041
v 0.064172 0.211000 0.092889
v 0.129565 0.124521 -0.097753
v -0.012958 0.155568 -0.133844
v -0.117279 0.105343 -0.100155
v -0.088990 0.089303 -0.108874
v -0.388275 0.179963 0.007338
v 0.380313 0.146470 -0.041950
v 0.426933 0.145238 -0.031490
v 0.396447 0.251403 -0.039519
v -0.463049 0.160414 -0.053716
v -0.461436 0.208079 -0.073089
v 0.424883 0.163116 -0.008273
v -0.464336 0.151236 -0.026700
v 0.509356 0.245657 -0.054799
v 0.442380 0.232810 -0.063250
v 0.375013 0.237683 -0.057101
v 0.146031 0.150735 -0.086037
v -0.397279 0.143423 -0.040404
v 0.384748 0.148494 -0.008716
v 0.430706 0.181042 -0.001696
v 0.530619 0.251734 -0.031867
v -0.154909 -0.050220 -0.023056
v -0.451234 0.236867 -0.063128
v -0.330564 0.246447 -0.043013
v -0.329469 0.242655 -0.050170
v -0.348508 0.144804 -0.002206
v -0.339008 0.220064 -0.075385
v -0.332332 0.131952 -0.024763
v 0.156268 0.135242 -0.078413
v -0.158935 0.238737 -0.075200
v -0.021796 0.085573 0.153044
v -0.249902 0.185220 0.034811
v 0.021357 0.160820 0.114059
v -0.352594 0.158351 0.006385
v -0.224516 0.186409 0.029966
v -0.334460 0.211913 -0.076742
v 0.313995 0.206628 0.024108
v -0.396286 0.252797 -0.037720
v -0.447075 0.199618 -0.071114
v 0.340044 0.136961 -0.012637
v -0.139084 0.167521 0.074256
v 0.451607 0.148911 -0.028412
v 0.461806 0.191165 -0.066561
v 0.426281 0.200539 -0.070538
v 0.354318 0.175424 -0.062828
v 0.407395 0.219761 0.007144
v 0.434670 0.169125 -0.055382
v 0.328337 0.190394 0.023403
v 0.420704 0.207492 0.008146
v 0.431607 0.195290 0.003429
v -0.128925 0.112078 0.108020
v -0.323703 0.243594 -0.006102
v -0.083636 0.161950 0.100853
v -0.392316 0.252244 -0.026705
v 0.394015 0.215261 -0.065192
v 0.294713 0.213146 -0.071809
v 0.322759 0.190694 -0.072884
v 0.473839 0.174306 -0.010830
v 0.307234 0.213983 0.024242
v 0.559069 0.237939 -0.012156
v 0.076796 0.134556 0.120136
v 0.007598 0.189928 -0.149646
v 0.322804 0.197517 0.024341
v 0.414897 0.213381 0.007446
v 0.426573 0.200817 0.007076
v 0.513949 0.250813 -0.020880
v 0.007163 0.174029 -0.151062
v -0.316659 0.201256 0.022037
v -0.348534 0.134872 -0.016133
v -0.316329 0.192297 0.021842
v 0.337024 0.181767 0.020330
v -0.419510 0.145394 -0.036663
v 0.300376 0.133896 -0.021711
v -0.491747 0.169034 -0.058715
v 0.358944 0.251289 -0.031710
v 0.423362 0.161389 -0.052834
v -0.004954 0.174542 -0.134931
v -0.484856 0.253727 -0.025770
v -0.566769 0.242345 -0.029027
v 0.483932 0.226148 -0.069967
v 0.551284 0.236510 -0.061282
v 0.565571 0.229945 -0.066085
v -0.469685 0.200293 -0.002211
v 0.194469 0.270428 -0.000749
v 0.564957 0.220779 -0.069424
v -0.103901 -0.078255 -0.061048
v 0.428225 0.254259 -0.011851
v 0.567276 0.230443 -0.009433
v 0.447587 0.179031 -0.059335
v -0.504284 0.224926 -0.073408
v -0.063583 0.240296 0.080042
v 0.488477 0.231712 0.000190
v 0.566518 0.222157 -0.007783
v 0.436536 0.257588 -0.029168
v -0.275344 0.164795 -0.068530
v -0.169704 -0.046255 0.025280
v -0.276836 0.176795 -0.074842
v 0.303712 0.236048 0.011444
v -0.523184 0.227264 -0.007081
v -0.308417 0.247279 -0.016261
v -0.426458 0.216185 -0.070894
v 0.522728 0.182898 -0.065993
v -0.123368 0.067949 0.125894
v 0.094730 0.232828 -0.093236
v 0.408405 0.205135 -0.068737
v 0.443999 0.196156 -0.067822
v 0.308651 0.201521 -0.073794
v 0.336663 0.180907 -0.066685
v 0.578590 0.190505 -0.068083
v -0.498124 0.161455 -0.050483
v -0.073694 0.199480 -0.105500
v 0.079086 0.220754 -0.098506
v 0.034690 0.213280 -0.119777
v 0.541588 0.162065 -0.038262
v -0.003897 0.008089 0.150357
v 0.607565 0.243656 -0.038484
v -0.407812 0.250502 -0.017021
v 0.568371 0.180626 -0.064313
v -0.497899 0.157501 -0.044459
v 0.310442 0.217888 -0.069827
v 0.459886 0.169724 -0.010855
v -0.109524 -0.098111 -0.054870
v 0.362807 0.244970 0.000368
v -0.486558 0.250404 -0.048691
v -0.231339 0.256962 -0.006678
v -0.497558 0.154711 -0.037808
v 0.112207 0.025880 0.150061
v 0.498594 0.165103 -0.054630
v 0.109781 -0.037368 0.168335
v 0.475695 0.241491 -0.060068
v 0.166321 0.063216 0.061788
v 0.409684 0.221720 -0.062631
v -0.011043 0.009635 -0.104080
v -0.429318 0.145340 -0.031416
v 0.459402 0.179393 -0.006660
v -0.175744 0.106641 -0.054532
v 0.364193 0.252211 -0.020076
v 0.424033 0.248271 -0.006833
v 0.572695 0.245193 -0.027140
v -0.188248 0.073259 -0.016773
v 0.432726 0.257258 -0.020906
v 0.569399 0.204473 -0.008109
v 0.225457 0.134397 -0.035044
v 0.566943 0.169922 -0.054709
v 0.311117 0.240950 0.005361
v -0.394427 0.214718 0.008070
v -0.276947 0.217463 0.019344
v -0.343064 0.225009 0.011336
v -0.292747 0.236070 0.006063
v 0.032304 0.119073 -0.139887
v -0.114166 0.119929 0.112889
v 0.121366 -0.018710 -0.053956
v 0.031816 0.228741 -0.126610
v -0.567665 0.171272 -0.061657
v -0.359401 0.195389 -0.072534
v -0.279382 0.158201 -0.063938
v -0.356971 0.146346 -0.051698
v -0.416071 0.164460 -0.057894
v -0.473964 0.182535 -0.066291
v -0.407197 0.176382 -0.067797
v -0.295586 0.135495 -0.041304
v -0.292554 0.192688 -0.079752
v -0.347943 0.158885 -0.060664
v -0.287375 0.146309 -0.053111
v 0.428243 0.229000 0.003868
v -0.380327 0.143393 -0.013542
v -0.497740 0.218940 -0.074244
v -0.300942 0.233342 -0.064008
v -0.365892 0.228847 -0.068163
v -0.162442 0.210476 0.044994
v 0.515761 0.195314 -0.006987
v -0.503348 0.170588 -0.017583
v -0.569124 0.178270 -0.020324
v -0.507574 0.192370 -0.008684
v -0.534731 0.204312 -0.075421
v -0.357981 0.201665 -0.073426
v -0.191467 0.106526 0.019109
v -0.458369 0.240384 -0.004983
v -0.078971 0.227021 0.070302
v -0.091119 0.250792 0.016196
v -0.471140 0.189919 -0.069681
v 0.573745 0.214554 -0.071328
v -0.317584 0.142145 0.002701
v 0.174737 0.022907 0.021363
v -0.420703 0.243491 -0.051976
v -0.482629 0.240353 -0.063806
v -0.358990 0.238579 -0.062261
v -0.572556 0.195871 -0.010887
v -0.079341 0.254228 0.014620
v -0.574211 0.211772 -0.008988
v 0.102285 0.080424 0.144844
v -0.541483 0.203498 -0.006478
v 0.164167 0.088690 -0.048984
v -0.141987 0.213002 0.046290
v -0.013248 -0.105451 -0.071039
v 0.112330 0.256758 0.018140
v 0.081863 -0.036668 0.170243
v -0.088281 0.159778 -0.113608
v -0.164303 -0.052206 0.009422
v 0.419473 0.242286 -0.001334
v 0.077446 -0.060075 -0.068731
v 0.261329 0.169202 0.024118
v 0.133248 -0.104175 -0.027111
v 0.288124 0.142718 0.010045
v -0.177550 0.025938 -0.005027
v 0.510598 0.209834 -0.072922
v 0.156239 -0.047980 0.003834
v 0.314088 0.134328 -0.016570
v -0.330756 0.182822 0.018576
v 0.261611 0.133031 -0.024348
v -0.300514 0.242606 -0.052232
v 0.224477 0.143114 -0.047226
v -0.062498 -0.003734 0.160443
v -0.352434 0.152194 -0.056704
v -0.420918 0.157710 -0.054443
v -0.361494 0.141877 -0.045409
v 0.115115 0.171831 0.086843
v -0.411470 0.170689 -0.062347
v 0.117252 0.150822 0.091817
v 0.102910 0.157812 0.096691
v -0.478799 0.175477 -0.063191
v -0.343507 0.166074 -0.063622
v -0.440710 0.161854 -0.010592
v -0.256777 0.146490 0.017049
v -0.217069 0.123251 -0.023015
v -0.088971 -0.103816 -0.064366
v 0.125354 0.227471 0.044531
v -0.108145 0.158171 -0.107906
v -0.390650 0.209142 0.009803
v -0.449116 0.211045 -0.000527
v 0.188856 0.153276 -0.059857
v -0.134164 0.223504 0.042398
v -0.287452 0.187258 -0.078588
v 0.524490 0.167113 -0.021985
v -0.147057 0.082974 0.089981
v 0.158902 0.073776 -0.046124
v -0.578016 0.232578 -0.015504
v 0.045515 0.204294 -0.105744
v 0.144225 0.059249 -0.052978
v -0.324781 0.174721 -0.069704
v 0.149515 0.161952 -0.085153
v -0.065290 0.089411 -0.115759
v 0.048741 0.219331 0.094061
v -0.456025 0.225603 -0.000919
v 0.397117 0.172566 0.006045
v 0.061899 0.103300 -0.126245
v -0.058653 0.271113 0.015890
v -0.072975 0.271795 -0.003124
v -0.000958 -0.064809 -0.080088
v -0.382883 0.161615 0.001329
v -0.322022 0.155668 0.011119
v 0.142796 0.040732 0.105017
v 0.565281 0.246061 -0.033084
v 0.243192 0.172395 -0.067766
v 0.073067 0.224520 0.070351
v 0.477903 0.154621 -0.026345
v 0.305071 0.249035 -0.005057
v -0.162314 -0.083543 0.017611
v -0.092988 0.144677 -0.114085
v 0.277479 0.227758 0.025108
v 0.067439 0.028593 -0.100012
v 0.327836 0.219612 0.017622
v -0.170099 0.198510 0.047023
v -0.171145 0.041497 -0.038089
v 0.316871 0.238753 0.011711
v -0.140990 0.121134 0.093412
v -0.037429 0.267382 -0.075013
v 0.124145 0.263685 0.013513
v 0.520719 0.184639 -0.011024
v -0.066833 0.246518 0.046978
v 0.190569 0.100450 -0.026478
v 0.143294 0.089026 0.101745
v -0.299199 0.254292 -0.024501
v -0.401838 0.225732 0.003807
v -0.168947 0.094149 0.055988
v -0.007429 0.116658 0.136162
v 0.088516 0.017577 -0.081141
v -0.528730 0.196631 -0.073904
v -0.365820 0.248657 -0.040937
v -0.089502 0.184552 -0.108706
v 0.088843 0.059618 0.149877
v -0.302301 0.204344 -0.078911
v -0.518375 0.242922 -0.060380
v -0.132512 0.057429 0.109687
v -0.156691 0.075039 -0.059294
v 0.164451 0.025428 0.063839
v -0.179216 0.037027 -0.017171
v -0.105551 0.187674 0.092487
v -0.190530 0.078485 0.000219
v 0.085021 0.083289 -0.105686
v -0.454276 0.203644 -0.001179
v -0.274896 0.127327 -0.009632
v 0.370749 0.139521 -0.023978
v 0.319030 0.137436 -0.031229
v 0.104773 0.097715 0.136941
v 0.166159 0.168679 -0.076007
v 0.577897 0.173219 -0.020975
v 0.061207 0.279636 0.007623
v 0.055425 0.253022 0.052421
v -0.088244 0.105367 0.137205
v -0.579505 0.199932 -0.076517
v -0.090652 -0.050072 0.171211
v 0.535085 0.242470 -0.014402
v 0.583616 0.243398 -0.023094
v -0.467192 0.252069 -0.017029
v 0.148623 0.084167 -0.067763
v 0.199648 0.124942 0.013521
v 0.136614 0.182186 0.064115
v -0.001041 0.256345 -0.100891
v -0.026548 0.246371 -0.086078
v 0.066414 0.192487 0.097615
v 0.083851 0.205284 0.086596
v 0.513639 0.158538 -0.041566
v 0.090574 -0.036766 0.170788
v 0.080053 0.280464 -0.018566
v -0.583986 0.240080 -0.050961
v 0.326037 0.179475 0.021790
v -0.063641 0.077116 -0.110751
v 0.056091 0.066166 0.152659
v 0.063260 0.208369 -0.102408
v -0.196745 0.223084 -0.073106
v 0.135401 -0.046219 0.136964
v -0.385516 0.139611 -0.026141
v 0.029012 0.243837 -0.134415
v 0.490025 0.251474 -0.014366
v -0.073249 0.284100 -0.034470
v -0.537483 0.247168 -0.042339
v -0.057742 -0.038256 0.165685
v 0.171085 0.266109 -0.053800
v 0.071134 0.241795 0.037651
v -0.110683 0.182252 -0.103654
v 0.078111 0.260378 0.012724
v -0.026170 -0.025930 -0.091764
v 0.276724 0.170838 -0.067136
v 0.230816 0.174264 -0.069487
v 0.161120 -0.038652 0.022454
v -0.045593 0.032765 0.151599
v 0.082169 0.085836 0.150401
v -0.582897 0.229994 -0.068596
v -0.067386 0.008587 -0.092170
v 0.155577 -0.036785 -0.024095
v 0.255348 0.193060 0.031194
v 0.533121 0.215551 -0.072267
v -0.157109 0.222536 0.041607
v 0.003693 0.031210 -0.107993
v 0.375062 0.226586 0.010971
v 0.484958 0.157095 -0.043843
v 0.035637 0.260721 -0.100076
v -0.108958 0.251835 0.017148
v -0.090263 0.226492 0.042477
v 0.040377 0.045243 0.151495
v -0.079067 0.224323 0.059439
v 0.326849 0.225235 -0.068084
v -0.055336 0.200914 0.105544
v 0.184796 0.189258 -0.070362
v 0.576317 0.167797 -0.029482
v 0.100273 0.218192 -0.098144
v 0.511719 0.253374 -0.030349
v -0.081404 0.046151 0.151775
v 0.014900 -0.037455 -0.089163
v -0.075654 0.039345 0.153375
v 0.275484 0.258703 -0.030593
v 0.151732 0.048852 0.089099
v 0.137375 0.077971 -0.076443
v 0.071563 0.286218 -0.041848
v -0.104323 -0.085508 -0.059852
v -0.246161 0.128080 -0.028916
v 0.550966 0.174094 -0.018193
v -0.541369 0.241336 -0.059178
v -0.090689 0.037845 -0.094067
v 0.163287 0.039582 0.065477
v 0.312354 0.252387 -0.027322
v 0.301867 0.249060 -0.048671
v -0.141062 0.187291 0.055876
v 0.111448 0.198234 0.063055
v -0.437978 0.147000 -0.037831
v 0.078015 0.268787 -0.069110
v -0.015184 0.146595 -0.138713
v 0.555041 0.224961 -0.068605
v 0.251761 0.162727 -0.062204
v 0.145674 -0.032165 0.104106
v 0.114398 -0.106916 -0.048381
v 0.191488 0.216387 -0.069652
v 0.580877 0.168678 -0.049987
v -0.244804 0.132655 -0.038755
v -0.047914 0.227008 -0.094004
v -0.259328 0.171514 0.026653
v -0.169927 -0.009337 0.046067
v 0.077113 0.189246 -0.108545
v 0.063788 0.153373 0.109368
v 0.084227 0.184659 0.096918
v 0.261655 0.130888 -0.003800
v -0.001669 0.244889 -0.114172
v -0.070742 0.265030 -0.070438
v -0.015900 0.049944 0.151285
v 0.069318 0.236461 -0.091175
v 0.115081 0.119684 0.116636
v 0.500920 0.185159 -0.065754
v 0.005781 0.256058 -0.140814
v 0.458241 0.250615 -0.046922
v 0.086909 0.036526 -0.094050
v -0.170121 0.000720 0.043094
v -0.508153 0.246620 -0.019179
v 0.085331 -0.098254 -0.062885
v -0.549751 0.162759 -0.040806
v 0.153500 0.169796 0.062676
v -0.083239 0.207797 0.096196
v -0.488174 0.173569 -0.013425
v -0.492344 0.195864 -0.004918
v -0.553788 0.181479 -0.016637
v -0.523003 0.188459 -0.010747
v 0.131012 0.004744 -0.052042
v 0.497350 0.203520 -0.072004
v 0.390588 0.186368 -0.068078
v 0.461628 0.215032 -0.070762
v 0.274684 0.150862 0.019269
v 0.301362 0.136305 -0.000993
v 0.337703 0.149525 0.006020
v 0.037646 -0.098263 -0.068962
v -0.047642 0.164350 0.106544
v -0.065718 0.186197 0.103378
v -0.072949 0.235035 0.055468
v -0.586025 0.213174 -0.076509
v -0.126965 0.264827 0.022047
v -0.549802 0.217287 -0.074460
v 0.085101 0.161969 0.102541
v -0.150169 0.055962 0.080710
v -0.026581 0.233571 -0.090033
v 0.293348 0.230904 -0.066066
v 0.264143 0.252296 0.001317
v -0.358062 0.249811 -0.019221
v 0.358895 0.202550 -0.071090
v 0.285966 0.180001 -0.071445
v 0.258742 0.203737 -0.073591
v 0.250059 0.137891 -0.036306
v 0.266744 0.254730 -0.006748
v 0.306232 0.150165 0.012511
v 0.183280 0.215202 -0.070138
v 0.191718 0.267173 0.017388
v -0.186365 0.081605 0.019616
v 0.246210 0.174872 0.027782
v 0.374413 0.182658 0.013589
v -0.586471 0.218405 -0.074919
v -0.068036 0.022877 0.156013
v 0.122806 0.088025 -0.089226
v -0.284964 0.127239 -0.020519
v -0.132382 0.198440 0.054053
v 0.052405 0.158702 0.108452
v -0.105513 0.267080 -0.069363
v -0.550466 0.165968 -0.054913
v -0.286126 0.184950 0.024428
v -0.124094 0.160830 -0.099523
v -0.094300 0.195056 0.096057
v -0.260786 0.205693 0.032489
v -0.064384 0.248759 0.058446
v -0.070777 0.228336 0.087164
v 0.026307 0.138397 0.121288
v -0.075474 0.272049 -0.060475
v 0.054234 0.248769 -0.084565
v 0.042781 0.254009 -0.086555
v 0.036958 0.237191 -0.100296
v -0.094644 0.205650 0.073467
v 0.220454 0.264195 0.005006
v -0.236162 0.149006 -0.060512
v -0.005651 -0.038566 0.150629
v -0.217392 0.133598 -0.045617
v 0.112137 0.288589 -0.036801
v 0.360493 0.219847 -0.066767
v 0.267571 0.243742 -0.058480
v -0.086595 0.153435 0.101326
v 0.124920 0.282992 -0.028151
v -0.015845 0.212776 -0.100790
v -0.550940 0.169390 -0.026957
v 0.116582 0.198379 0.061721
v -0.438157 0.189225 -0.001246
v 0.096143 0.202137 0.069594
v 0.105841 0.237945 0.035397
v -0.001914 0.234338 -0.123420
v -0.374739 0.237506 -0.002751
v 0.297132 0.253926 -0.004316
v -0.089113 0.277656 -0.027271
v 0.117718 0.272746 -0.002637
v 0.173562 -0.065246 0.076298
v -0.141890 0.001662 0.091016
v -0.030120 -0.039036 0.155485
v 0.267050 0.153867 -0.054433
v 0.223472 0.184265 -0.072731
v -0.588031 0.192187 -0.013541
v 0.075206 0.030211 0.154052
v -0.065943 0.252285 -0.080194
v -0.589800 0.207895 -0.010035
v -0.525897 0.207658 -0.005594
v 0.024513 -0.016586 0.150559
v -0.582286 0.167260 -0.037120
v -0.548719 0.164529 -0.034710
v -0.012959 0.219660 -0.099589
v -0.036472 0.201876 -0.100794
v 0.168900 -0.066458 0.044353
v -0.153323 0.018454 -0.048677
v -0.583852 0.167357 -0.048841
v -0.154700 0.061666 0.074059
v 0.154262 0.114267 0.082832
v 0.238077 0.226095 0.030426
v -0.137022 0.166531 -0.092124
v 0.548693 0.247126 -0.021999
v 0.189147 0.234879 -0.064773
v 0.057813 0.116534 -0.133665
v -0.516656 0.206365 -0.075121
v 0.546317 0.182668 -0.066757
v 0.395549 0.170935 -0.063726
v 0.261094 0.220415 -0.070535
v 0.304027 0.175316 0.024121
v 0.025738 0.219908 -0.143455
v 0.200327 0.143565 -0.052735
v -0.115219 0.133711 -0.104719
v 0.212710 0.161504 -0.062705
v 0.110180 0.260007 -0.073116
v -0.004450 0.135275 0.123295
v 0.057110 0.119242 0.132704
v 0.041702 0.121338 0.131124
v 0.055281 0.133191 0.122720
v -0.118630 0.266962 -0.057170
v 0.085531 0.259253 -0.079042
v 0.248126 0.202539 0.035362
v 0.001619 0.126674 0.130474
v 0.160685 0.257569 -0.043870
v 0.282299 0.218066 0.022852
v -0.114629 0.245760 -0.081413
v 0.519235 0.234674 -0.006010
v 0.221893 0.157216 0.028745
v -0.224787 0.222401 0.028966
v -0.096793 0.225572 -0.092897
v -0.067207 0.214179 -0.100457
v -0.054405 0.267222 -0.073230
v 0.212125 0.220595 -0.070378
v 0.130748 0.274357 -0.027968
v 0.052909 0.217295 -0.098534
v -0.114930 0.150518 0.092698
v 0.199865 0.171134 0.039792
v -0.021325 0.177323 -0.114868
v -0.049513 0.189361 -0.106353
v -0.494246 0.207584 -0.002488
v 0.033470 0.223603 -0.117918
v 0.207339 0.131654 0.014657
v -0.169959 0.029372 -0.035702
v -0.181518 0.207622 -0.087447
v -0.047878 0.239430 -0.088776
v -0.557913 0.207551 -0.007263
v 0.229615 0.130128 0.004004
v 0.128493 0.243309 0.034492
v 0.107259 0.289245 -0.041383
v 0.276392 0.144140 -0.043205
v 0.164699 0.239774 -0.079022
v -0.529465 0.230391 -0.070338
v 0.508449 0.180506 -0.011753
v 0.027451 -0.089417 -0.068871
v 0.225391 0.200359 -0.073626
v 0.130126 0.070815 -0.079983
v -0.284910 0.171141 0.022500
v -0.359788 0.219145 -0.072425
v -0.147134 0.177838 0.056729
v 0.171809 0.007501 -0.017078
v 0.041221 0.188051 -0.116939
v -0.243080 0.262161 -0.033035
v -0.262383 0.246351 -0.052355
v 0.187445 0.085686 0.026205
v 0.176532 0.066535 0.042295
v 0.284064 0.253837 -0.030052
v 0.555021 0.183078 -0.066558
v 0.003078 -0.125401 -0.078000
v 0.210467 0.193285 -0.073805
v -0.257600 0.209922 -0.077033
v -0.236321 0.188499 -0.077170
v -0.232859 0.220654 -0.074350
v -0.210691 0.196636 -0.077122
v 0.107327 0.183332 0.087550
v 0.063772 0.289936 -0.038674
v 0.216742 0.262768 -0.042025
v 0.225741 0.269446 -0.011580
v -0.197061 0.105767 -0.013805
v -0.184031 0.090352 -0.038013
v -0.114144 0.140197 0.096930
v 0.048036 0.159491 0.108873
v 0.127132 -0.096141 -0.035907
v -0.024762 -0.076520 -0.074240
v 0.079901 0.001436 -0.080809
v -0.182572 0.096672 0.032938
v -0.106493 0.225037 0.042835
v 0.361798 0.212175 0.016827
v 0.169250 0.250638 -0.052794
v -0.154933 -0.066459 -0.009882
v 0.177407 0.216511 0.047170
v -0.033257 0.141748 0.118766
v 0.094361 0.274542 -0.019227
v -0.180608 0.116397 -0.053794
v 0.104929 0.272628 -0.011456
v -0.188965 0.086517 -0.026845
v 0.150733 0.005422 -0.042333
v 0.438768 0.232226 0.002749
v 0.096612 0.256984 0.014641
v -0.111382 0.007660 -0.071955
v 0.037609 -0.078291 -0.070334
v -0.144454 0.271297 -0.000163
v 0.092041 0.276805 -0.070449
v 0.450169 0.153729 -0.046363
v -0.116148 0.179868 0.087835
v 0.296378 0.241649 -0.057543
v 0.270546 0.251670 -0.048683
v 0.307296 0.254306 -0.038503
v 0.581730 0.182114 -0.015258
v 0.148220 0.076843 0.096369
v -0.161802 0.262915 0.011864
v 0.018398 0.234969 -0.146210
v 0.099265 0.141887 0.107388
v -0.047148 0.199177 0.106591
v -0.029956 0.173561 0.108400
v -0.063296 0.289011 -0.030221
v 0.114463 0.127383 -0.107191
v 0.030295 0.032284 -0.106294
v -0.058384 0.241898 -0.087222
v 0.111911 0.174951 -0.104506
v 0.136879 0.112945 0.102587
v -0.213700 0.187023 0.031540
v -0.238884 0.202990 0.026762
v 0.019376 0.093853 -0.128861
v 0.172322 0.247989 0.033858
v -0.184441 0.175136 -0.083478
v -0.046818 0.141605 0.117231
v 0.150782 0.117988 -0.081075
v -0.092042 0.144977 0.104858
v 0.458189 0.169270 -0.058624
v 0.184250 0.274966 -0.031209
v 0.210668 0.266732 -0.017767
v 0.194162 0.267203 -0.022857
v -0.235766 0.253588 -0.052541
v 0.023298 0.067004 -0.110727
v 0.052711 0.061497 -0.104496
v 0.044134 0.085922 -0.120522
v 0.154434 -0.066456 0.012844
v -0.150326 0.047288 -0.054628
v -0.520592 0.176031 -0.064784
v -0.058805 0.119504 0.132149
v 0.096586 0.288345 -0.049957
v 0.163837 0.267812 -0.025541
v 0.072827 0.042481 -0.101144
v 0.051202 0.142415 -0.135247
v 0.035433 -0.048282 -0.081634
v 0.065062 -0.042484 -0.075053
v -0.163335 -0.033764 -0.009161
v -0.340993 0.245538 -0.044673
v -0.150683 -0.046795 -0.033938
v 0.213814 0.123943 -0.013584
v -0.114495 0.278352 -0.030611
v 0.023558 0.105402 -0.134540
v 0.060646 -0.122668 -0.074485
v 0.085968 0.128654 -0.122690
v -0.151771 0.171170 0.057430
v -0.013752 -0.048861 -0.085759
v -0.131332 0.012476 0.111687
v -0.013508 -0.028345 0.150838
v -0.072273 0.243793 0.030591
v -0.163475 0.256089 0.020516
v 0.102830 0.034030 -0.082092
v 0.127167 0.045317 -0.066575
v 0.220156 0.174271 0.036777
v -0.171098 -0.074633 0.040125
v 0.080623 0.146553 0.109797
v -0.461678 0.160926 -0.016340
v -0.211678 0.123477 0.003258
v 0.036176 0.174395 -0.134115
v 0.028551 0.197779 -0.142571
v -0.113071 -0.024482 -0.064811
v 0.029580 0.166278 -0.147150
v -0.213361 0.263960 -0.033281
v 0.147936 0.166811 0.067889
v -0.110554 0.150027 -0.107104
v -0.167945 -0.081052 0.072790
v 0.074623 0.134338 -0.125615
v 0.094309 0.152879 -0.113632
v 0.140858 -0.041187 -0.042130
v 0.206640 0.198479 0.035565
v -0.150239 -0.067620 0.086376
v 0.176212 0.238300 0.043830
v 0.065521 0.194485 -0.106672
v -0.108600 0.281396 -0.004324
v -0.116877 0.277680 0.003617
v -0.178667 0.152227 -0.069795
v 0.070180 0.279935 -0.006793
v -0.278590 0.156774 0.019014
v 0.179047 0.225784 -0.079025
v -0.193008 0.270537 -0.027228
v -0.177321 0.270567 -0.022782
v -0.202610 0.264579 -0.002151
v -0.206420 0.263088 -0.030453
v -0.093881 0.275324 -0.021457
v 0.028012 0.212132 -0.141392
v 0.003531 0.113349 -0.139866
v -0.227146 0.214802 -0.076346
v -0.135275 0.145367 -0.092067
v -0.150863 0.171091 -0.086680
v 0.151625 0.109536 -0.077376
v 0.173732 0.112456 -0.056460
v 0.003818 0.202688 -0.145284
v 0.138082 0.195198 0.056734
v 0.158932 0.214201 0.048566
v 0.133262 0.220017 0.047974
v 0.105851 0.275681 -0.067838
v 0.094371 0.253358 -0.084406
v 0.112593 0.236689 -0.087886
v 0.303307 0.255596 -0.029593
v 0.547063 0.167433 -0.054586
v -0.162652 0.025404 0.056072
v -0.171230 -0.060625 0.060127
v -0.170309 0.180302 0.046854
v 0.165871 0.174696 0.052701
v -0.248760 0.183130 -0.076029
v -0.383081 0.185106 -0.068912
v -0.269934 0.204494 -0.076912
v 0.039715 0.098233 -0.128516
v 0.048335 0.073967 -0.111801
v 0.018925 0.078713 -0.119711
v -0.093537 0.025064 0.153694
v 0.489250 0.195623 -0.070123
v 0.005655 -0.014050 -0.097075
v 0.026981 -0.003832 -0.098489
v 0.035273 -0.014543 -0.093128
v 0.047885 0.144491 0.116135
v -0.447544 0.256229 -0.034972
v -0.057466 0.050715 0.151196
v 0.056282 0.162356 -0.118225
v 0.153879 -0.030551 -0.031260
v -0.133088 -0.106772 -0.031879
v -0.219269 0.214071 0.034556
v 0.061030 -0.009972 0.158776
v -0.016064 0.231305 -0.092145
v -0.159414 0.189928 -0.084690
v 0.592479 0.241876 -0.049878
v 0.172809 0.133258 -0.065535
v -0.182597 0.203220 -0.078931
v -0.181306 0.233044 -0.079446
v 0.031836 0.179918 0.102631
v -0.032378 -0.081888 -0.072123
v -0.017323 0.128927 0.127106
v 0.089227 0.217766 0.052452
v -0.109570 -0.023573 0.156273
v 0.197377 0.175568 -0.066417
v 0.148084 0.272292 -0.023356
v 0.095548 0.237133 0.036264
v -0.486440 0.225994 -0.072746
v 0.138933 0.170475 -0.093151
v 0.043512 0.001948 0.152530
v 0.113386 -0.086967 -0.049811
v -0.215736 0.166877 -0.069266
v -0.190182 0.174223 -0.073711
v -0.197023 0.147608 -0.061080
v -0.185628 0.260878 -0.047666
v -0.151558 0.236724 0.038486
v -0.003241 -0.087775 -0.071464
v 0.173991 -0.082555 0.056006
v -0.070999 0.123010 -0.125337
v -0.022708 0.102644 -0.133613
v -0.027282 0.070953 0.152681
v -0.042415 0.059718 0.151541
v -0.057788 0.069527 0.151723
v -0.004834 -0.008342 0.150016
v -0.119928 0.082658 0.126078
v -0.306793 0.176099 -0.071774
v 0.191843 0.106640 0.022250
v 0.179995 0.119527 0.045589
v 0.164979 0.258139 0.026189
v 0.128272 0.112025 -0.096208
v -0.198480 0.124934 -0.041752
v 0.170648 0.158053 -0.072872
v -0.008762 0.039577 -0.107827
v -0.138010 -0.082592 -0.033871
v 0.003279 0.147585 0.117403
v 0.217195 0.233319 0.029551
v 0.225509 0.233926 0.027010
v 0.528604 0.203205 -0.072652
v 0.024251 0.028880 0.150961
v -0.237546 0.175637 0.034426
v 0.071146 0.073578 0.152037
v 0.213203 0.255228 0.017967
v -0.195058 0.237351 0.028982
v -0.087760 -0.013063 -0.081988
v -0.137989 -0.000492 -0.055560
v 0.124146 0.005069 0.144217
v -0.114987 0.269336 -0.024650
v 0.509055 0.171167 -0.016691
v -0.258275 0.125949 -0.018087
v 0.175096 0.087365 -0.038035
v 0.180380 0.225374 0.047114
v -0.175670 0.050714 0.032039
v 0.066507 -0.000975 0.158466
v -0.177051 0.115910 0.046814
v -0.164322 0.135404 0.063377
v 0.169842 0.276719 -0.009725
v 0.228596 0.206989 0.033512
v 0.197957 0.105802 -0.004013
v 0.183690 0.263552 0.022043
v 0.214414 0.216443 0.034667
v -0.156322 -0.060009 -0.010511
v 0.000805 0.089458 -0.127042
v 0.148467 -0.066716 0.104973
v 0.158765 0.198167 -0.079784
v 0.005310 -0.038332 0.150609
v 0.193469 0.145910 0.030210
v 0.155601 0.023384 0.081615
v 0.122297 -0.027584 -0.053107
v 0.116861 0.104648 -0.100885
v -0.134427 -0.013531 0.105493
v -0.166339 0.051975 0.051472
v 0.183109 0.104355 -0.038267
v -0.165814 0.075213 -0.051035
v -0.058408 0.158268 0.106711
v -0.076767 0.179529 0.101435
v 0.113157 0.274686 -0.060779
v -0.063993 -0.026567 -0.084678
v 0.142795 0.011783 0.105782
v -0.167216 0.249318 0.028909
v -0.053308 -0.124070 -0.077886
v -0.050784 -0.022701 -0.088639
v -0.110826 -0.053505 0.161562
v -0.008860 0.156206 0.110766
v -0.035982 -0.034107 -0.088031
v -0.144791 -0.046433 0.088709
v 0.190920 0.121985 0.028422
v 0.123572 0.101382 0.121822
v 0.108515 0.114327 0.125210
v 0.097690 0.105777 0.136190
v 0.149209 0.016624 0.093360
v -0.236874 0.129140 0.002019
v 0.087721 0.187915 -0.108038
v 0.280670 0.137404 -0.033017
v 0.543584 0.219421 -0.071076
v -0.113110 -0.004802 -0.069269
v -0.128137 0.204096 0.052959
v 0.018563 -0.113366 -0.072377
v -0.209683 0.123188 -0.028649
v -0.403114 0.148910 -0.012446
v 0.240849 0.263171 -0.004964
v 0.136812 0.142115 0.085073
v 0.163863 0.130659 0.067177
v 0.049955 0.195602 0.098151
v -0.150634 0.033282 0.077091
v 0.105029 -0.094524 -0.053208
v -0.140933 0.203313 0.049656
v -0.171241 -0.000056 -0.010340
v -0.174934 0.015960 0.013253
v -0.173077 0.003777 0.016814
v -0.033399 0.064480 -0.109470
v -0.005446 0.068047 -0.112218
v -0.048267 -0.091844 -0.072507
v 0.081679 0.152897 0.106675
v 0.042806 0.171960 0.104230
v 0.114870 0.287928 -0.018725
v -0.026591 0.094677 0.150233
v 0.167897 0.049175 -0.036037
v 0.058230 0.257925 -0.079486
v 0.035805 0.247609 -0.102727
v 0.201936 0.259546 0.015774
v 0.142527 -0.009338 -0.046056
v 0.123161 -0.006653 -0.054612
v -0.000912 0.225558 -0.130220
v -0.117307 -0.044127 -0.058021
v 0.230928 0.246321 -0.057789
v -0.537486 0.242861 -0.020895
v -0.275386 0.228653 -0.071605
v 0.144705 0.264726 0.029417
v 0.292155 0.161692 -0.059867
v 0.138774 0.267323 0.025219
v 0.098687 0.037472 0.152280
v -0.171046 0.242409 0.033889
v -0.151019 0.220371 -0.079432
v 0.179112 0.258996 0.027591
v -0.224615 0.158873 0.031397
v 0.177590 0.276211 -0.006517
v -0.004407 0.230888 -0.104187
v 0.041602 -0.026320 -0.086816
v -0.002813 0.209819 -0.122569
v 0.248659 0.135855 0.008208
v -0.152454 -0.092023 -0.002218
v 0.019330 0.042801 -0.105748
v 0.047583 0.041031 -0.103895
v 0.569728 0.165471 -0.044907
v -0.096586 0.028433 -0.087330
v -0.086021 0.020965 -0.089382
v -0.185344 0.059149 0.000980
v -0.080223 0.044954 -0.101608
v 0.141921 -0.023910 0.110429
v -0.151541 0.268824 -0.043242
v -0.178409 0.070391 -0.038071
v -0.186021 0.062655 -0.015053
v -0.173956 0.052596 -0.038034
v -0.123015 -0.029905 0.136820
v -0.150640 0.105783 0.085754
v 0.079100 0.222238 0.053578
v -0.197228 0.131260 0.020501
v -0.005775 0.195297 -0.123224
v 0.105829 0.015711 -0.069631
v -0.460080 0.249681 -0.049653
v 0.169597 0.090509 0.060074
v -0.052561 0.042056 -0.107839
v -0.123341 -0.020552 0.134184
v 0.180666 0.199577 -0.082599
v 0.002358 0.069333 0.153107
v -0.212227 0.259078 0.007703
v -0.144357 0.137333 0.077164
v 0.084071 -0.079411 -0.063618
v 0.140856 0.270695 -0.037830
v -0.537693 0.246699 -0.031143
v -0.159595 0.152046 0.058506
v -0.038181 0.099972 0.146491
v -0.177890 0.087261 0.038716
v -0.196160 0.113664 0.012406
v -0.184556 0.142659 0.037955
v 0.187366 0.255784 -0.059382
v -0.139732 0.057392 0.098208
v -0.136852 0.106141 -0.086544
v -0.039934 0.002125 0.153776
v 0.348469 0.228197 0.014309
v 0.027102 0.261993 -0.135373
v 0.002838 0.263233 -0.137616
v 0.156187 -0.019925 -0.032704
v -0.128422 -0.055890 0.124449
v -0.246966 0.199094 -0.078338
v -0.268034 0.220114 -0.073095
v -0.243435 0.230068 -0.069938
v -0.001912 -0.004646 -0.099913
v 0.246072 0.181937 -0.071054
v -0.265177 0.249626 -0.006983
v -0.236137 0.254294 0.006569
v 0.433419 0.149747 -0.043481
v -0.170966 -0.037427 0.052084
v 0.466473 0.151024 -0.033588
v 0.358122 0.248292 -0.040748
v 0.324324 0.153574 -0.052367
v -0.105433 0.116045 -0.108800
v -0.498221 0.156468 -0.029911
v -0.430082 0.145983 -0.023420
v -0.167250 0.214910 -0.085812
v 0.408463 0.239465 -0.054479
v 0.342243 0.234558 -0.058866
v 0.499481 0.254575 -0.027696
v 0.427167 0.252501 -0.042934
v -0.568128 0.242686 -0.047853
v -0.368951 0.222829 -0.069971
v 0.557117 0.247287 -0.027498
v 0.456271 0.150548 -0.038069
v 0.347780 0.242944 -0.050379
v -0.351144 0.210081 0.016401
v -0.362166 0.210681 -0.073062
v -0.326433 0.166187 0.014816
v -0.424630 0.233421 -0.059953
v 0.287176 0.208604 0.021330
v 0.502821 0.253695 -0.035600
v 0.399106 0.142375 -0.027595
v 0.349697 0.151148 -0.050726
v 0.368513 0.140075 -0.016477
v 0.311638 0.134186 -0.009084
v 0.578845 0.233781 -0.062093
v -0.477675 0.231658 -0.069336
v 0.456872 0.189614 -0.003277
v 0.478540 0.153023 -0.031755
v 0.424238 0.145423 -0.024664
v 0.406414 0.185270 0.009495
v -0.325905 0.138662 -0.003080
v -0.039680 0.159613 0.110348
v 0.103951 -0.071573 -0.056898
v -0.291216 0.254743 -0.032680
v -0.374232 0.148249 -0.005179
v 0.394801 0.206231 0.011209
v 0.457052 0.196925 -0.001241
v -0.068927 0.278122 -0.055430
v -0.348512 0.246031 -0.007370
v -0.358982 0.135716 -0.025449
v 0.375602 0.142074 -0.033233
v 0.511723 0.220828 -0.001656
v -0.418459 0.150528 -0.014485
v -0.205999 0.252632 0.016852
v 0.187583 0.163062 -0.063793
v 0.285480 0.136633 0.002602
v 0.109541 -0.000745 0.158250
v -0.119898 0.123485 -0.101786
v 0.583249 0.235756 -0.012999
v 0.361543 0.148416 -0.000687
v 0.299310 0.194704 0.024729
v 0.437964 0.218385 0.005283
v -0.291576 0.215863 0.018297
v -0.003611 0.119733 -0.143066
v 0.448852 0.206042 0.001500
v -0.103076 0.198459 0.078778
v -0.338715 0.195939 0.018794
v 0.334801 0.208402 -0.072524
v -0.274024 0.140993 -0.048139
v 0.402038 0.152940 -0.048367
v -0.381917 0.251033 -0.029012
v -0.189462 0.255847 -0.047322
v -0.325017 0.132084 -0.014043
v -0.371878 0.138495 -0.018402
v 0.502276 0.212738 -0.000648
v -0.308754 0.129273 -0.022558
v -0.294086 0.193313 0.024469
v 0.113793 0.015879 0.151645
v 0.069887 0.245373 -0.086399
v -0.585133 0.181019 -0.071244
v -0.447942 0.181890 -0.003225
v -0.168289 -0.084936 0.034256
v -0.587189 0.241831 -0.037743
v -0.409338 0.187426 0.005056
v 0.315053 0.177246 0.023261
v -0.296629 0.208690 0.019607
v -0.297723 0.169839 -0.069770
v 0.040484 -0.068905 -0.073298
v 0.267281 0.241128 0.013286
v -0.417048 0.195604 -0.073944
v -0.319647 0.227154 -0.070956
v 0.083059 -0.050699 -0.067187
v -0.446493 0.150158 -0.043894
v -0.167653 -0.071094 0.070558
v 0.530397 0.241685 -0.058906
v 0.024559 0.077205 0.153762
v 0.334477 0.212457 0.021065
v -0.181502 0.210197 0.041166
v -0.404714 0.194890 0.008490
v 0.110601 0.059231 0.141523
v -0.097293 0.231662 0.037747
v -0.458129 0.174525 -0.007493
v 0.380573 0.250716 -0.009604
v -0.420567 0.176147 -0.000501
v -0.481669 0.203599 -0.073687
v -0.442031 0.159045 -0.054216
v 0.246129 0.143606 0.018003
v -0.319663 0.250432 -0.033769
v -0.181159 0.080378 -0.037995
v 0.378371 0.253243 -0.026299
v 0.339808 0.250172 -0.037417
v 0.404962 0.155666 -0.008465
v -0.057747 0.228897 -0.093654
v -0.374836 0.194312 0.012848
v -0.158306 0.083638 0.071775
v 0.402857 0.161666 -0.055449
v 0.585520 0.191916 -0.011249
v 0.061728 0.242659 -0.087959
v -0.414177 0.254363 -0.036687
v 0.593543 0.185906 -0.013773
v -0.131603 -0.095102 -0.036315
v 0.463828 0.223281 -0.069570
v 0.368467 0.219515 0.014215
v -0.150220 0.023635 0.077309
v 0.531377 0.235347 -0.008134
v 0.545140 0.229070 -0.067321
v 0.346239 0.200303 0.020879
v -0.076170 0.137360 -0.120591
v 0.588718 0.200790 -0.070916
v 0.408858 0.250013 -0.009736
v 0.448223 0.256749 -0.017202
v 0.085363 0.274815 -0.011374
v -0.402037 0.141218 -0.029557
v 0.466938 0.175416 -0.061709
v 0.481334 0.188205 -0.066544
v -0.112918 -0.037078 -0.061185
v -0.061983 0.228272 0.096184
v -0.062894 0.250028 0.062176
v -0.433480 0.198304 -0.070645
v -0.101183 -0.113763 -0.062141
v -0.314006 0.131949 -0.033546
v 0.346949 0.252274 -0.008612
v 0.507910 0.229117 -0.001504
v 0.546935 0.224393 -0.006166
v 0.586195 0.219849 -0.007998
v -0.417482 0.251017 -0.045674
v 0.455958 0.257391 -0.033116
v 0.332113 0.138442 -0.032128
v 0.030656 0.251878 -0.128477
v 0.353231 0.193470 0.018976
v -0.431976 0.255893 -0.040419
v -0.422073 0.154867 -0.011078
v 0.129242 0.164515 0.080909
v 0.290479 0.150424 0.016016
v -0.468145 0.255466 -0.036023
v -0.409966 0.205695 -0.070357
v 0.175891 0.133944 0.050773
v -0.504019 0.228791 -0.004602
v 0.600050 0.171701 -0.022399
v -0.293003 0.252115 -0.007537
v -0.200274 0.213670 0.042153
v -0.011394 0.165036 -0.129835
v -0.445216 0.219847 -0.071518
v -0.408384 0.211833 -0.068999
v 0.540964 0.246263 -0.048105
v -0.391323 0.244779 -0.009316
v -0.265936 0.134878 0.005229
v -0.550822 0.237364 -0.062657
v -0.529667 0.181402 -0.014653
v 0.425489 0.232359 -0.059097
v -0.351633 0.244672 -0.046188
v 0.377154 0.159769 0.004182
v 0.115376 0.242235 0.032549
v 0.550547 0.174832 -0.061808
v 0.425997 0.212519 -0.069137
v 0.318382 0.175468 -0.066198
v 0.232341 0.217945 0.032235
v -0.327185 0.250328 -0.024267
v -0.153898 0.157946 -0.082862
v -0.480468 0.155561 -0.047043
v -0.187743 0.218469 -0.074437
v -0.584881 0.176004 -0.067663
v -0.065424 -0.029882 0.165977
v -0.575827 0.168357 -0.055634
v 0.590076 0.223591 -0.068677
v -0.359154 0.232345 0.005862
v -0.292352 0.254094 -0.015773
v -0.252941 0.245202 -0.056217
v -0.172937 -0.060462 0.051147
v -0.468929 0.247363 -0.054044
v -0.502646 0.250360 -0.025649
v 0.584874 0.175138 -0.057737
v 0.559687 0.164385 -0.039294
v 0.523454 0.159702 -0.036850
v -0.329990 0.213486 0.017650
v -0.506847 0.236099 -0.008653
v -0.261150 0.167169 -0.071376
v 0.041787 -0.017423 0.153760
v -0.515311 0.157421 -0.039050
v 0.133475 0.153846 -0.093996
v -0.352922 0.171587 -0.065721
v -0.123703 0.165680 0.088023
v -0.086766 0.261206 0.001910
v 0.430579 0.184079 -0.064476
v -0.500358 0.243882 -0.059104
v -0.347076 0.135267 -0.035557
v -0.222917 0.255280 -0.051363
v 0.585989 0.184341 -0.064643
v -0.080445 0.280576 -0.057006
v 0.166332 0.121760 0.065439
v 0.172048 0.275661 -0.032886
v 0.411084 0.152191 -0.013736
v 0.327257 0.215975 -0.072402
v -0.159265 -0.046322 -0.013202
v 0.477428 0.168428 -0.014377
v 0.442284 0.171019 -0.007308
v 0.337798 0.164745 0.015128
v -0.103289 0.073870 -0.100196
v -0.088353 0.010025 -0.086121
v 0.571131 0.196993 -0.070703
v -0.046205 0.262509 -0.077653
v -0.480045 0.153017 -0.040279
v 0.166970 0.107266 0.065495
v 0.259179 0.258435 -0.005582
v 0.417854 0.217251 -0.066446
v -0.334689 0.179686 -0.070340
v 0.060297 0.244622 0.055588
v -0.508727 0.217831 -0.003411
v 0.047815 0.113879 -0.134914
v 0.062734 0.224180 0.084535
v 0.251553 0.158446 0.025023
v 0.493055 0.238916 -0.062912
v 0.392194 0.236336 -0.058727
v -0.157025 0.162234 0.059153
v -0.221470 0.259762 -0.008064
v 0.197247 0.265100 0.007526
v 0.134427 0.035542 0.119784
v -0.412356 0.142922 -0.025830
v 0.070736 0.015730 -0.091194
v -0.480991 0.152608 -0.032262
v 0.292130 0.221048 0.020417
v 0.573741 0.187827 -0.012020
v -0.476484 0.161709 -0.019280
v -0.371904 0.172573 0.008278
v 0.491150 0.177437 -0.011307
v -0.051687 0.043622 0.151365
v 0.476615 0.182913 -0.007943
v -0.138783 0.236773 -0.075794
v -0.164991 0.216422 -0.077155
v 0.144341 0.247568 0.038015
v -0.591252 0.240264 -0.048116
v 0.441436 0.249493 -0.006526
v -0.029303 -0.118256 -0.076900
v 0.520531 0.251205 -0.025623
v -0.124564 0.273851 0.011786
v 0.450397 0.258444 -0.020907
v 0.415328 0.255567 -0.020874
v -0.058714 0.143445 -0.122417
v 0.586643 0.201588 -0.009019
v 0.078961 0.234899 0.040923
v 0.375059 0.209716 -0.069611
v -0.142973 0.158096 -0.088417
v 0.267919 0.157902 -0.058281
v -0.584510 0.173641 -0.027117
v 0.166185 -0.072335 0.088547
v -0.213918 0.144340 0.023530
v -0.046336 0.009282 -0.098228
v 0.322081 0.253408 -0.023728
v 0.473893 0.241283 -0.002635
v 0.033197 0.234041 -0.116366
v -0.326610 0.223522 0.015808
v -0.007580 0.184894 -0.124447
v -0.279108 0.236683 0.015466
v -0.308962 0.238569 0.007366
v -0.212330 0.253713 -0.052523
v 0.146568 0.182681 0.059094
v -0.399311 0.168874 0.000792
v -0.050113 0.217325 -0.097917
v -0.203882 0.242088 0.025524
v -0.019896 -0.013807 -0.095902
v 0.173752 0.076869 -0.036370
v 0.286874 0.256734 -0.005611
v 0.459018 0.237600 -0.062190
v -0.490386 0.186881 -0.069105
v -0.121768 -0.076913 -0.052272
v -0.550627 0.170392 -0.060638
v 0.151583 0.257390 0.033762
v -0.270695 0.139725 0.009670
v -0.284668 0.240586 -0.056760
v 0.377457 0.176096 -0.065276
v 0.144159 0.170381 0.068788
v -0.019717 0.189223 -0.109866
v -0.457267 0.181865 -0.064643
v -0.399218 0.162217 -0.059761
v -0.423422 0.179751 -0.063775
v -0.069739 -0.048970 0.170857
v -0.278096 0.135872 -0.041993
v -0.304694 0.146166 -0.052312
v -0.270038 0.146445 -0.054034
v 0.159923 -0.033281 -0.008312
v 0.391569 0.223512 0.011003
v 0.491117 0.186684 -0.066385
v -0.100977 0.126212 -0.111982
v -0.218400 0.152379 0.028515
v -0.572479 0.238292 -0.021733
v -0.349298 0.230342 -0.069449
v -0.306079 0.150801 0.011308
v -0.152315 0.264147 -0.049797
v -0.178181 0.255270 -0.066275
v -0.351507 0.180437 -0.068759
v 0.340737 0.196724 -0.071521
v 0.304461 0.184868 -0.073007
v 0.290496 0.196392 -0.073280
v -0.118708 -0.095167 -0.048758
v -0.593058 0.237229 -0.021615
v 0.278669 0.259496 -0.013210
v -0.374726 0.202302 -0.071853
v -0.517759 0.165752 -0.024662
v -0.118999 0.230147 0.037413
v -0.001143 0.252454 -0.117229
v 0.485806 0.214393 0.000816
v 0.558432 0.244314 -0.048306
v -0.344587 0.238715 -0.055871
v 0.532309 0.193774 -0.008350
v 0.161521 -0.027596 0.007869
v 0.113302 0.166224 -0.104849
v -0.585668 0.179914 -0.020746
v 0.094182 0.047097 -0.094793
v -0.255465 0.195356 0.034340
v 0.013628 -0.032634 0.150226
v -0.318383 0.207962 -0.077520
v -0.341912 0.197826 -0.074502
v -0.009182 -0.018353 0.150165
v 0.274340 0.208384 -0.073069
v 0.276945 0.163614 0.023940
v 0.352630 0.177838 0.016324
v -0.086050 0.217316 0.073031
v -0.555099 0.243433 -0.028411
v 0.033367 0.249890 -0.112548
v -0.241626 0.139392 0.014288
v 0.571534 0.244826 -0.042450
v -0.595951 0.222534 -0.073292
v -0.161719 0.107931 0.069780
v 0.109861 0.243961 -0.085460
v -0.405470 0.239235 -0.056672
v 0.220031 0.142590 0.021013
v -0.374081 0.242804 -0.057055
v -0.474404 0.242917 -0.007680
v -0.442457 0.236419 -0.002785
v 0.099896 0.190864 0.086787
v -0.076797 0.222842 0.085943
v 0.168969 -0.028954 0.040087
v 0.248581 0.257205 -0.037707
v 0.059385 0.200910 0.096423
v -0.405212 0.239693 -0.004397
v 0.237717 0.205263 0.036407
v 0.081803 0.022631 0.156575
v -0.113035 0.259321 0.016321
v -0.001475 0.148883 -0.148189
v -0.234996 0.127614 -0.029331
v -0.194811 0.170713 0.034803
v -0.301274 0.137993 0.002009
v 0.531549 0.162812 -0.030214
v 0.449475 0.163343 -0.055019
v -0.302170 0.219079 -0.072032
v 0.170489 0.018932 0.044805
v 0.510586 0.173413 -0.061352
v 0.117946 0.285150 -0.042727
v 0.256281 0.187635 -0.072939
v -0.115863 0.198190 -0.098671
v -0.343096 0.173894 0.014206
v -0.575977 0.172274 -0.027163
v -0.436021 0.242602 -0.054191
v -0.597513 0.240651 -0.033613
v -0.225148 0.242875 -0.064501
v -0.374654 0.237080 -0.062144
v 0.131208 -0.048742 0.147085
v -0.556562 0.195668 -0.009489
v 0.363551 0.248743 -0.009829
v 0.044968 0.150755 -0.136251
v -0.168689 0.197566 -0.081357
v 0.196292 0.250513 0.033482
v 0.210038 0.128817 -0.032710
v 0.118708 0.144064 -0.103303
v 0.368100 0.167795 -0.061624
v 0.409390 0.166377 -0.058061
v 0.421603 0.175253 -0.061559
v -0.257251 0.128421 -0.028803
v -0.067954 0.159086 -0.115298
v 0.175147 0.175276 0.047692
v 0.474662 0.251289 -0.010343
v -0.071110 0.238066 0.042360
v -0.107068 0.014916 -0.075747
v -0.380957 0.250898 -0.039451
v -0.314945 0.245150 -0.053281
v -0.120846 -0.052404 -0.055912
v 0.123900 0.065777 -0.083017
v 0.076910 0.285145 -0.051224
v 0.013555 0.109326 -0.137366
v -0.369641 0.250780 -0.025526
v -0.489571 0.218341 -0.001676
v 0.272332 0.142948 0.013588
v -0.212725 0.263149 -0.004710
v 0.117718 0.130771 0.105990
v 0.141619 0.051401 0.107949
v 0.329525 0.135946 -0.022011
v -0.262059 0.221669 0.027518
v 0.121440 0.221150 0.047904
v -0.315569 0.178971 0.020056
v -0.301352 0.188425 0.023740
v 0.401116 0.241913 0.000380
v -0.332884 0.155468 -0.058576
v -0.362820 0.162518 -0.062981
v -0.372061 0.149848 -0.054287
v -0.341749 0.143075 -0.049136
v -0.430666 0.169134 -0.059654
v 0.161659 -0.055238 0.088824
v 0.300744 0.256287 -0.017522
v -0.531113 0.181996 -0.068924
v -0.236041 0.125032 -0.016854
v -0.136212 0.175734 0.067418
v -0.408499 0.250787 -0.046435
v 0.417829 0.224302 0.005511
v 0.206669 0.152675 -0.057350
v 0.511827 0.184149 -0.065730
v 0.519878 0.244138 -0.056838
v 0.558566 0.193514 -0.009844
v 0.497369 0.217999 -0.071930
v -0.491904 0.201218 -0.073771
v 0.122705 0.135895 0.098541
v 0.135552 0.129454 0.095312
v -0.221959 0.231776 0.029800
v 0.038735 0.181185 -0.125533
v 0.502108 0.159617 -0.045407
v -0.068348 -0.047829 -0.078129
v -0.115376 -0.104835 -0.049479
v 0.196677 0.209897 0.043428
v 0.520038 0.250261 -0.044494
v 0.385859 0.244852 -0.048834
v -0.132718 0.150999 0.081124
v 0.275223 0.132136 -0.019060
v -0.409751 0.234436 -0.058445
v -0.452654 0.155934 -0.017939
v -0.018805 0.077785 -0.117907
v 0.391245 0.159820 -0.000504
v -0.315074 0.237694 -0.062410
v -0.085616 0.285479 -0.033950
v -0.477441 0.164787 -0.056119
v -0.125966 -0.006690 0.125992
v -0.406256 0.153254 -0.052484
v 0.576760 0.225185 -0.008605
v 0.288338 0.170441 -0.066214
v -0.040803 0.021883 -0.104336
v -0.100859 0.276533 -0.062800
v -0.129065 0.173561 -0.096199
v -0.262583 0.241002 -0.058428
v -0.310364 0.230206 -0.067198
v 0.103077 0.205400 -0.101505
v -0.420433 0.149341 -0.046999
v -0.402113 0.253197 -0.027129
v -0.290414 0.224067 -0.070180
v 0.382547 0.238159 0.004126
v 0.524659 0.247612 -0.017254
v -0.186189 0.235024 0.033428
v -0.455700 0.163959 -0.012737
v 0.150852 -0.079742 0.006977
v -0.241409 0.146755 0.019553
v -0.337359 0.156873 0.008829
v -0.367776 0.159903 0.003996
v 0.299798 0.160907 0.020517
v -0.453361 0.213987 -0.073614
v 0.202513 0.254456 0.020724
v 0.246300 0.265487 -0.023782
v -0.375814 0.209084 0.012270
v -0.405649 0.209755 0.008549
v -0.591975 0.208297 -0.077467
v -0.455222 0.214502 -0.000649
v -0.037232 0.236563 -0.089857
v -0.216548 0.259692 -0.044421
v -0.105884 -0.039521 0.163226
v -0.145035 0.252820 0.028334
v 0.197929 0.131665 -0.043507
v 0.258053 0.219750 0.026775
v 0.237938 0.136587 0.011082
v 0.147241 0.249906 -0.058126
v 0.103779 -0.089396 -0.054382
v -0.273188 0.190232 -0.079352
v -0.023671 -0.099888 -0.070828
v 0.562159 0.206457 -0.071475
v 0.539255 0.167178 -0.023926
v -0.389785 0.194356 0.010685
v -0.592711 0.231422 -0.015208
v 0.065571 0.261498 0.019947
v 0.240238 0.163566 -0.062860
v 0.088836 0.073929 -0.101291
v 0.073465 0.066813 -0.102859
v 0.102394 -0.051129 -0.058344
v 0.251472 0.212950 0.032066
v -0.343924 0.140652 -0.046067
v 0.385654 0.220984 -0.066133
v 0.227582 0.130153 -0.025073
v -0.282100 0.131795 -0.035143
v 0.338983 0.142344 -0.002710
v 0.357633 0.202784 0.018270
v -0.408389 0.143891 -0.038580
v -0.361322 0.185368 -0.069623
v -0.237071 0.190317 0.030848
v 0.297502 0.234273 0.020063
v 0.052357 0.230996 0.085865
v 0.043754 0.205913 0.097030
v -0.561439 0.181512 -0.070187
v -0.172397 0.177137 -0.079078
v -0.470396 0.227671 -0.001407
v -0.151292 0.269876 -0.005030
v 0.381310 0.153208 -0.050905
v 0.121018 0.213758 -0.094635
v 0.410947 0.172575 0.001336
v 0.112250 0.210705 0.055037
v 0.474609 0.227462 0.001197
v 0.096051 0.083890 -0.101630
v 0.227024 0.137127 0.014395
v 0.228337 0.224331 -0.069322
v -0.517802 0.219449 -0.074313
v -0.059225 0.264579 0.029806
v -0.061599 0.279151 0.002194
v -0.524773 0.239541 -0.015073
v 0.281399 0.132571 -0.019817
v -0.572228 0.238003 -0.059066
v -0.070045 0.263852 0.009243
v 0.486606 0.160450 -0.021656
v 0.074385 0.218616 0.078938
v -0.598694 0.219181 -0.010489
v -0.019011 0.126207 -0.142639
v 0.497209 0.231672 -0.067729
v 0.157288 -0.058008 0.018529
v 0.219991 0.228295 -0.067998
v -0.137936 -0.005943 0.098140
v -0.479880 0.249420 -0.015678
v 0.156807 0.097787 0.080913
v 0.078028 -0.091089 -0.064887
v 0.392536 0.200540 -0.067452
v 0.356572 0.188716 -0.067787
v 0.146367 0.049659 -0.049705
v 0.323691 0.246557 0.001567
v -0.425354 0.185665 0.001069
v 0.116978 0.055076 -0.082950
v -0.500378 0.250659 -0.044817
v 0.170735 0.255833 -0.051019
v 0.468979 0.161394 -0.017653
v 0.437394 0.158964 -0.013582
v 0.073860 0.227381 0.056535
v 0.128459 0.013596 0.134631
v -0.193683 0.203897 0.043943
v -0.511287 0.250146 -0.029812
v -0.213439 0.128185 -0.037363
v -0.149962 0.118046 0.085487
v -0.530754 0.238329 -0.064100
v 0.158380 0.088412 0.078501
v -0.575572 0.243199 -0.040101
v -0.536128 0.232136 -0.010420
v 0.265534 0.192822 0.026170
v 0.262524 0.250800 -0.051320
v 0.318205 0.249284 -0.007888
v 0.196038 0.194856 0.039266
v -0.584051 0.220728 -0.010704
v 0.303526 0.135196 -0.025890
v 0.536984 0.174576 -0.016809
v 0.272105 0.131541 -0.015138
v -0.245231 0.215031 -0.076005
v -0.264537 0.256814 -0.039763
v -0.245320 0.262765 -0.015988
v -0.264208 0.253831 -0.024162
v 0.160674 -0.075984 0.029326
v 0.170443 -0.056867 0.047159
v -0.057303 0.072583 -0.110240
v -0.181767 0.071017 0.025637
v -0.133811 -0.068724 0.108775
v 0.018567 0.017725 0.150619
v 0.557142 0.227502 -0.007496
v -0.224793 0.176571 -0.073703
v -0.206476 0.157512 -0.064358
v -0.199176 0.184222 -0.075726
v 0.162490 0.246912 -0.066947
v 0.012925 -0.021765 0.149774
v -0.029720 -0.004150 -0.097505
v 0.040438 0.261476 -0.089674
v 0.237166 0.148602 -0.051065
v -0.097042 0.261196 -0.072030
v -0.139217 0.095363 0.101201
v 0.020547 0.000129 0.150420
v -0.167522 -0.033640 0.011780
v -0.154727 0.122063 -0.077725
v 0.146614 0.187330 -0.085800
v 0.052662 0.130028 -0.138250
v -0.393107 0.154683 -0.004796
v 0.565165 0.167319 -0.027794
v -0.360352 0.137215 -0.035857
v -0.084754 0.074476 -0.106355
v -0.166823 0.222014 0.041522
v 0.162779 0.237539 0.039881
v 0.112101 0.203197 -0.100088
v -0.149423 0.258122 0.020266
v 0.151914 -0.056720 -0.015054
v -0.559843 0.172361 -0.025105
v -0.593385 0.177485 -0.024033
v 0.450302 0.242131 -0.055842
v -0.470476 0.213106 -0.074421
v -0.095777 0.257278 0.008498
v -0.151291 0.270267 -0.026094
v -0.142839 0.155346 0.071959
v 0.005068 0.057171 0.151906
v 0.025784 -0.116237 -0.073843
v -0.451270 0.250887 -0.012713
v -0.243567 0.138912 -0.047636
v -0.210177 0.144745 -0.057882
v -0.202833 0.170429 -0.071244
v -0.228848 0.163182 -0.068754
v -0.030005 0.107694 0.140995
v 0.179405 0.259834 -0.062507
v -0.057483 0.113233 0.135991
v 0.074253 0.282316 -0.057012
v -0.060859 0.110451 -0.127735
v 0.127178 -0.021449 0.146931
v 0.115575 0.155904 -0.104401
v 0.475471 0.165371 -0.057239
v 0.097064 0.139488 -0.115311
v -0.034565 0.113553 -0.136771
v -0.493499 0.232913 -0.069214
v 0.233264 0.174499 0.032497
v -0.591154 0.196577 -0.076962
v -0.070722 0.151898 -0.117280
v 0.088614 0.101986 -0.115666
v -0.147589 0.063868 -0.062597
v -0.155357 0.096300 -0.069064
v 0.058611 0.275416 -0.064217
v 0.173435 0.206366 -0.088030
v 0.197686 0.258890 -0.042318
v -0.546404 0.246239 -0.035327
v -0.180152 0.170552 0.041530
v 0.096747 0.285483 -0.059030
v -0.385185 0.222532 0.006576
v -0.147435 0.002903 0.081714
v 0.264742 0.226188 0.021466
v 0.001419 -0.048756 0.152982
v 0.341199 0.219708 0.018455
v 0.315414 0.222242 0.021455
v 0.361816 0.227777 0.013597
v 0.329640 0.236812 0.009242
v 0.185225 0.231394 0.045933
v -0.368973 0.220368 0.012090
v -0.386674 0.140301 -0.036235
v -0.269677 0.238972 0.007925
v -0.238384 0.239180 0.016225
v -0.256096 0.239524 0.010333
v -0.284866 0.226847 0.013521
v 0.000458 0.074669 -0.117335
v 0.460160 0.237400 0.000522
v 0.537436 0.192650 -0.070220
v 0.051786 0.085829 0.151959
v 0.280738 0.173262 0.024068
v 0.336497 0.244359 -0.000784
v 0.133574 0.141109 -0.093758
v 0.042177 0.222109 -0.100559
v 0.219285 0.243926 -0.059024
v 0.242723 0.246880 -0.054894
v -0.041869 0.174374 -0.111043
v -0.065066 0.270982 0.005867
v 0.268794 0.180680 0.023250
v -0.477388 0.253233 -0.042552
v -0.040810 0.158559 -0.117641
v 0.146675 0.071356 -0.057913
v -0.008648 0.147861 -0.143914
v -0.467464 0.218985 -0.000765
v 0.033562 0.099753 -0.130312
v 0.090433 0.204194 0.078299
v -0.177607 0.196376 0.045188
v -0.131169 -0.033170 0.113758
v -0.167988 -0.016650 -0.004852
v 0.154167 0.177213 -0.082138
v -0.169373 -0.009589 -0.007341
v 0.596141 0.194518 -0.067886
v -0.063549 0.208183 0.103442
v 0.595595 0.239180 -0.018153
v -0.151392 0.032627 -0.051543
v 0.179014 0.158627 -0.070794
v 0.279752 0.236726 -0.062932
v -0.595147 0.236816 -0.058006
v -0.078605 0.113299 0.134552
v -0.111477 0.132702 0.104466
v -0.258055 0.158873 0.022139
v 0.388870 0.181739 0.010892
v -0.026438 0.260792 -0.079570
v -0.048244 0.273296 -0.068783
v 0.564414 0.174004 -0.020103
v 0.122491 -0.039888 0.158574
v 0.068646 0.269352 0.009672
v 0.500467 0.160500 -0.025350
v 0.122400 -0.069533 -0.048835
v -0.135494 0.244066 -0.068666
v 0.544108 0.195441 -0.071092
v -0.038000 0.224822 -0.093683
v -0.464758 0.195664 -0.002748
v -0.358260 0.178193 0.012563
v -0.549055 0.244552 -0.049000
v 0.132448 0.268444 0.019730
v 0.036285 0.198968 -0.121328
v -0.119160 0.220065 0.045098
v -0.555056 0.225957 -0.071031
v 0.510486 0.223777 -0.071035
v -0.106596 0.244336 0.024760
v 0.240666 0.238233 0.024173
v 0.021471 -0.098968 -0.069032
v -0.382687 0.171766 -0.067452
v -0.314793 0.169760 -0.069104
v -0.080867 0.277345 -0.021022
v 0.103194 0.146126 -0.111705
v 0.013673 0.026042 0.150787
v 0.048903 0.153913 -0.130496
v -0.180632 0.041889 0.006384
v 0.104170 -0.114273 -0.058602
v 0.367752 0.228615 -0.061690
v -0.295659 0.180498 -0.074331
v 0.278099 0.251799 -0.040901
v -0.046370 0.014216 0.153725
v -0.414971 0.224243 0.004318
v 0.055625 0.259032 0.041058
v 0.270882 0.259227 -0.017925
v -0.542066 0.195435 -0.074412
v -0.064047 0.104329 0.142081
v -0.265631 0.183396 0.025964
v -0.192413 0.127432 0.026156
v -0.090846 0.124807 -0.116932
v 0.547115 0.240271 -0.013296
v -0.121544 0.104233 0.117268
v -0.305642 0.163951 -0.065954
v -0.284670 0.249372 -0.013285
v -0.115495 0.238747 0.030851
v 0.049218 0.125574 -0.138669
v -0.117992 0.058990 0.129670
v 0.082208 0.243828 0.031255
v 0.088939 0.261698 0.006205
v -0.377384 0.248285 -0.046719
v -0.354561 0.248282 -0.034481
v 0.102724 0.251395 0.021626
v 0.150751 0.239629 0.040767
v -0.092162 -0.037415 -0.071821
v 0.248669 0.197802 -0.073914
v 0.080520 0.278335 -0.066412
v 0.189447 0.086988 -0.020930
v -0.120061 0.184746 0.066489
v -0.104954 0.202625 0.059160
v -0.200398 0.114220 -0.014950
v 0.135191 0.236940 0.039830
v 0.194865 0.090741 0.001230
v 0.202804 0.239760 -0.068943
v -0.171603 -0.073142 0.064447
v 0.201105 0.154169 0.031482
v -0.239624 0.258312 -0.043093
v -0.371231 0.190061 -0.070545
v -0.304073 0.187737 -0.076122
v 0.581231 0.207645 -0.071850
v -0.346241 0.206772 -0.075330
v -0.290824 0.208739 -0.075704
v -0.280934 0.198561 -0.079699
v -0.459164 0.194838 -0.070235
v -0.395049 0.180082 -0.070823
v -0.545647 0.224159 -0.009058
v -0.131814 -0.028181 0.111848
v 0.260429 0.258816 -0.017386
v -0.221209 0.253198 0.012320
v -0.096716 0.004568 0.157335
v 0.131144 0.098375 -0.088007
v 0.096531 0.248691 -0.086659
v 0.145801 0.143056 0.078669
v -0.128419 0.144677 -0.096945
v 0.069196 0.153989 -0.116781
v 0.033164 0.260271 -0.111153
v 0.160657 0.192978 0.053005
v 0.060375 0.011560 0.154762
v 0.146011 0.217185 0.048359
v -0.113118 0.269611 -0.064467
v 0.551148 0.165376 -0.049731
v 0.033614 -0.032692 0.152884
v -0.181772 0.185876 -0.088080
v 0.104746 0.220120 0.049356
v -0.192598 0.098651 0.012955
v -0.022476 -0.049311 0.154145
v 0.037081 0.218671 -0.109800
v -0.047158 -0.049070 0.163565
v -0.419358 0.249782 -0.013403
v 0.288508 0.145471 -0.044562
v 0.247736 0.129900 -0.009386
v 0.006894 0.166059 -0.151338
v 0.080005 0.231130 -0.093858
v 0.015081 0.161963 0.113684
v -0.186197 0.249920 0.021661
v -0.008754 -0.036025 -0.090241
v -0.002464 -0.023782 -0.094150
v 0.201857 0.249996 -0.061647
v 0.105111 0.067936 -0.093634
v -0.117942 0.246205 0.023068
v -0.107497 -0.118965 -0.060890
v 0.079132 0.105153 -0.121578
v -0.100184 0.281534 -0.012497
v -0.102744 0.289380 -0.037794
v 0.221738 0.189249 0.038952
v 0.407007 0.148054 -0.042660
v -0.320055 0.136801 -0.041924
v 0.489248 0.250256 -0.048950
v -0.133763 0.269678 -0.013575
v 0.412632 0.255674 -0.032416
v 0.360152 0.142632 -0.038575
v 0.334605 0.143071 -0.041574
v 0.343043 0.165745 -0.059033
v -0.305670 0.253407 -0.033406
v 0.376721 0.248205 -0.043375
v -0.412706 0.143949 -0.021949
v -0.481207 0.154140 -0.028519
v -0.447267 0.148730 -0.025096
v -0.514965 0.159973 -0.031869
v 0.358429 0.237920 -0.059666
v 0.325969 0.236462 -0.060758
v 0.365926 0.156048 -0.054562
v 0.308162 0.157863 -0.055652
v 0.322167 0.157125 0.014243
v 0.305534 0.141991 -0.040296
v 0.552790 0.208835 -0.006933
v -0.098628 -0.046619 -0.065594
v -0.518021 0.164261 -0.053672
v 0.311950 0.162124 -0.058352
v 0.252738 0.248533 -0.052803
v 0.162650 -0.066415 0.031939
v 0.310204 0.227175 -0.065685
v -0.429990 0.207171 -0.073351
v -0.422732 0.254387 -0.023067
v 0.483894 0.255923 -0.025393
v -0.428387 0.189011 -0.067268
v -0.346450 0.190493 -0.072904
v -0.409949 0.172479 0.000090
v -0.273067 0.185281 0.023832
v 0.353109 0.169305 0.013847
v 0.123502 0.034453 0.135890
v 0.365522 0.151981 -0.050724
v -0.567098 0.232854 -0.015202
v -0.383769 0.223833 -0.066372
v -0.157794 0.247048 -0.070238
v -0.301206 0.157420 -0.061779
v -0.324280 0.168664 -0.066772
v -0.509307 0.168386 -0.058029
v -0.341099 0.210846 0.016536
v -0.292653 0.157419 -0.062350
v 0.441693 0.147476 -0.034876
v 0.381856 0.212853 0.013832
v -0.100565 -0.056288 -0.062866
v 0.333826 0.245502 -0.046134
v 0.540165 0.200909 -0.007141
v 0.476756 0.173923 -0.061648
v -0.311982 0.167008 0.017402
v 0.299575 0.198915 -0.073253
v 0.313639 0.187734 -0.072909
v 0.313806 0.192334 0.025132
v 0.594610 0.226877 -0.010003
v -0.388661 0.148653 -0.008919
v -0.100647 0.262433 0.000569
v -0.310936 0.216073 -0.075825
v 0.240018 0.231985 -0.066126
v 0.350605 0.209699 0.019828
v 0.258467 0.250398 0.009539
v -0.441674 0.254735 -0.042778
v -0.360309 0.141025 -0.009837
v 0.007458 0.152740 -0.151175
v -0.516535 0.175843 -0.015901
v -0.265559 0.156323 -0.063169
v 0.343296 0.252527 -0.021882
v 0.498130 0.199243 -0.003934
v -0.345989 0.236875 0.003572
v 0.439268 0.251791 -0.042868
v -0.339466 0.162134 0.010750
v -0.288299 0.247994 -0.045143
v -0.479662 0.217989 -0.073940
v -0.411918 0.228538 -0.061135
v 0.541095 0.236573 -0.062372
v -0.251363 0.131959 0.003395
v -0.543234 0.188092 -0.071993
v 0.274844 0.209563 0.026486
v -0.388593 0.234988 0.000611
v -0.461532 0.184883 -0.004453
v -0.434247 0.178995 -0.002172
v -0.295635 0.142105 0.006701
v 0.488852 0.254760 -0.037120
v 0.516672 0.252529 -0.034206
v -0.418263 0.243516 -0.007782
v -0.177368 0.156566 0.043823
v 0.454856 0.214354 0.001946
v 0.385022 0.141125 -0.025681
v -0.434743 0.227392 -0.067467
v -0.135600 0.269555 -0.002947
v -0.337626 0.249096 -0.015329
v -0.260198 0.179655 -0.077719
v -0.135731 0.078228 0.107559
v -0.186228 0.105550 0.029092
v 0.347384 0.142780 -0.040048
v 0.321768 0.144107 -0.042820
v 0.534941 0.228827 -0.068271
v 0.382498 0.141711 -0.018603
v 0.297106 0.133372 -0.007538
v 0.354344 0.138532 -0.014509
v 0.325824 0.135466 -0.010860
v 0.213491 0.137513 -0.043210
v -0.464485 0.234635 -0.067068
v 0.266447 0.178530 -0.072087
v -0.249862 0.152655 0.021126
v 0.531626 0.163092 -0.048584
v -0.494954 0.253158 -0.037744
v 0.530568 0.248777 -0.046080
v 0.443770 0.185359 -0.002892
v 0.419126 0.190141 0.006646
v 0.469932 0.193787 -0.003422
v 0.279290 0.242411 0.014420
v 0.204766 0.168241 -0.065102
v 0.172048 -0.069716 0.051664
v 0.326432 0.170947 0.019302
v 0.465119 0.150928 -0.030157
v 0.491982 0.154705 -0.033434
v 0.438000 0.147122 -0.026594
v 0.410330 0.144369 -0.022774
v 0.604211 0.197794 -0.068769
v -0.187454 0.112746 -0.045074
v 0.543849 0.249222 -0.029974
v 0.437256 0.150127 -0.021886
v -0.257044 0.156270 -0.064000
v -0.430682 0.168682 -0.004983
v -0.337887 0.144662 0.000472
v -0.313743 0.133492 -0.007247
v -0.333808 0.167351 -0.064924
v -0.285615 0.207529 0.021191
v 0.568663 0.239971 -0.055854
v -0.297489 0.223424 0.013892
v -0.570448 0.190399 -0.074297
v 0.366409 0.245190 -0.050642
v 0.321237 0.164511 -0.059198
v -0.267289 0.178269 -0.076507
v 0.281254 0.258478 -0.017960
v 0.358917 0.159043 -0.056768
v -0.062000 0.254365 0.052952
v -0.059632 0.220728 0.102375
v 0.453780 0.221726 -0.069268
v -0.363524 0.153085 0.000982
v -0.541469 0.165923 -0.030044
v -0.457875 0.255910 -0.035302
v -0.206112 0.146855 0.026736
v -0.406123 0.187640 -0.072812
v 0.440702 0.194172 0.000878
v 0.434549 0.247302 -0.048481
v -0.428643 0.208615 0.001265
v 0.264287 0.166759 -0.064775
v 0.464769 0.151902 -0.027522
v 0.168487 0.186606 0.050361
v 0.321077 0.213289 0.021165
v 0.577458 0.198141 -0.009443
v 0.143882 0.213396 -0.083344
v -0.166786 0.254009 -0.072038
v -0.239691 0.221933 0.024239
v -0.457574 0.256829 -0.026265
v -0.509308 0.164450 -0.024007
v -0.414284 0.229405 0.002311
v 0.154973 0.260939 0.030023
v -0.164384 -0.067864 0.016613
v -0.582796 0.239423 -0.025568
v -0.097702 0.201259 0.064877
v -0.542945 0.233643 -0.066545
v 0.499807 0.237312 -0.004297
v 0.099078 0.056874 -0.095002
v 0.080311 0.061320 -0.099547
v 0.329856 0.139124 -0.004527
v -0.374090 0.142467 -0.043800
v 0.553438 0.214841 -0.070862
v 0.264407 0.232297 -0.064720
v 0.131314 0.108112 0.109807
v -0.033915 -0.033885 0.156279
v -0.164958 0.120219 0.066121
v -0.509395 0.171010 -0.060524
v 0.415528 0.178844 0.002962
v 0.068946 -0.113259 -0.070395
v -0.099556 0.177467 0.097583
v -0.211985 0.178337 0.031111
v 0.415099 0.163713 -0.005381
v 0.111435 -0.017745 0.162329
v -0.102626 0.047064 -0.091634
v -0.151367 0.153730 0.065446
v 0.355804 0.237638 0.008570
v 0.135412 0.236595 -0.075062
v 0.513815 0.207746 -0.003284
v -0.186544 0.123970 0.033417
v 0.095087 0.108101 -0.115138
v 0.240279 0.184418 0.033959
v -0.174990 0.044340 0.031623
v -0.445950 0.223809 -0.000772
v 0.097061 -0.027273 0.167867
v 0.209486 0.121688 -0.005482
v -0.076338 0.262496 0.005908
v -0.360890 0.244567 -0.009831
v -0.335788 0.245267 -0.006745
v -0.309256 0.137798 -0.043840
v -0.139919 0.202280 -0.089215
v -0.134426 0.186358 -0.093479
v 0.343618 0.226107 -0.068320
v -0.292980 0.131729 -0.005361
v 0.184581 0.054819 -0.015652
v -0.398884 0.248504 -0.049002
v -0.065745 0.183652 -0.109957
v 0.407083 0.195984 0.009730
v -0.230100 0.259431 -0.031442
v 0.549120 0.247894 -0.037836
v 0.155160 0.227863 0.044557
v 0.135794 0.207818 0.052807
v -0.337283 0.136502 -0.009420
v 0.074126 0.261370 -0.074964
v 0.389344 0.252337 -0.015202
v -0.350041 0.202557 0.017438
v -0.547223 0.188282 -0.012123
v 0.474632 0.158356 -0.047789
v -0.121865 -0.049863 0.143437
v 0.020526 -0.025939 -0.092011
v 0.084912 -0.000914 0.162277
v -0.114384 0.093066 -0.099348
v 0.407513 0.238781 0.002450
v -0.212296 0.121136 -0.002963
v 0.006814 0.211340 -0.146708
v -0.350599 0.215412 -0.074469
v 0.028487 0.137746 -0.146742
v 0.058073 0.050213 0.151763
v -0.412211 0.185778 -0.071319
v -0.471543 0.206018 -0.073504
v -0.518110 0.189625 -0.072370
v -0.038408 0.020840 0.151935
v 0.181411 0.166875 -0.070825
v -0.382706 0.249180 -0.018663
v 0.352897 0.252949 -0.020159
v 0.233025 0.153936 0.025605
v 0.258989 0.136303 0.007273
v -0.159092 -0.064318 0.077644
v 0.413653 0.196277 0.009378
v 0.065611 0.268497 -0.070116
v -0.301489 0.246289 0.000134
v -0.493296 0.164410 -0.020979
v -0.396779 0.236039 -0.001763
v 0.062728 0.137752 -0.129600
v -0.190529 0.083840 -0.018618
v 0.054763 -0.063693 -0.072201
v -0.173142 0.144349 -0.069894
v -0.379250 0.216169 -0.069366
v 0.368199 0.251228 -0.033815
v 0.284466 0.182859 0.023319
v 0.269170 0.201504 0.027131
v -0.082379 0.176191 -0.111318
v -0.180780 0.060787 0.023238
v -0.025770 -0.124986 -0.079364
v 0.069817 0.115106 0.135696
v 0.452112 0.224786 0.002042
v -0.404257 0.178245 0.002674
v -0.512052 0.194491 -0.072948
v 0.062716 0.246716 0.044263
v -0.024065 0.015029 0.151029
v -0.379655 0.229259 -0.066252
v -0.072583 0.277995 -0.012043
v -0.094583 0.268546 -0.010437
v -0.024489 0.078275 0.153228
v 0.129115 0.175997 -0.097882
v 0.108547 0.186471 -0.104082
v 0.571415 0.240372 -0.014977
v 0.162231 -0.090853 0.034877
v -0.185395 0.171224 0.039240
v -0.114188 0.003454 0.144326
v 0.183617 0.271120 -0.041862
v 0.434995 0.239838 -0.000085
v -0.588201 0.168519 -0.052457
v -0.074187 0.284772 -0.050140
v 0.383231 0.170360 0.008390
v -0.128880 0.124608 0.098040
v -0.074785 0.050854 -0.105169
v -0.017867 0.019518 -0.106514
v 0.124624 0.183769 0.073112
v -0.094462 0.056712 -0.099283
v 0.406684 0.229741 0.005734
v 0.446147 0.162765 -0.012787
v -0.087400 0.260154 -0.070942
v -0.443698 0.190000 -0.067906
v -0.126320 0.252998 0.027259
v 0.134105 0.216036 -0.088172
v 0.143282 -0.074790 -0.022948
v 0.151847 -0.063209 -0.002010
v -0.081665 -0.122208 -0.072309
v -0.446263 0.209677 -0.073225
v 0.011738 0.245688 -0.144960
v 0.151940 -0.012174 0.091928
v 0.435000 0.210248 -0.070494
v 0.452808 0.205369 -0.070056
v 0.399613 0.195716 -0.068837
v 0.417544 0.190810 -0.069674
v 0.363735 0.183657 -0.065391
v 0.470639 0.200111 -0.069903
v 0.172305 0.183323 -0.083149
v 0.158956 0.272709 0.011568
v 0.064165 -0.104236 -0.068522
v -0.288065 0.128274 -0.010798
v -0.261477 0.126869 -0.008476
v -0.254246 0.235635 -0.064848
v 0.525630 0.192884 -0.069452
v 0.001120 0.080396 0.153923
v -0.172450 -0.031261 0.033198
v -0.137233 -0.054341 0.100871
v 0.404838 0.209630 0.008788
v 0.227547 0.260140 -0.036672
v 0.222200 0.252902 -0.049813
v -0.526953 0.170348 -0.022210
v 0.417079 0.235062 -0.055101
v 0.232040 0.263278 -0.027592
v -0.383762 0.238264 -0.001212
v 0.114798 -0.008255 0.157418
v 0.104011 0.006612 0.158490
v 0.090788 -0.007798 0.163910
v 0.515186 0.161081 -0.028074
v -0.287495 0.232789 -0.064190
v -0.360413 0.221627 0.012516
v 0.130845 0.203401 0.055607
v 0.068887 0.079712 -0.109629
v 0.078242 0.119486 -0.126585
v 0.058877 -0.079738 -0.068956
v -0.592756 0.171658 -0.058832
v 0.141985 0.093432 0.102288
v 0.137163 0.029147 -0.051055
v -0.399994 0.207533 -0.070153
v -0.035944 0.148832 -0.124006
v 0.003923 -0.016617 0.149672
v -0.127372 0.101660 -0.092753
v -0.121116 0.077242 -0.090856
v 0.575305 0.245045 -0.039572
v -0.202163 0.150146 0.029113
v -0.251435 0.251354 -0.003680
v 0.207079 0.218907 -0.074290
v 0.325119 0.203294 -0.074469
v 0.369140 0.236956 0.007521
v -0.404914 0.195872 -0.071465
v 0.160498 0.147497 0.064938
v 0.172202 0.149517 0.052693
v -0.207038 0.131203 -0.045234
v 0.357873 0.138557 -0.025723
v -0.491073 0.177561 -0.064584
v 0.411735 0.143537 -0.026037
v -0.202472 0.229900 0.033899
v 0.337004 0.152487 -0.051338
v -0.015876 0.084925 -0.123371
v 0.471737 0.216377 -0.071125
v 0.231533 0.251339 0.013550
v 0.141035 0.191620 -0.088038
v 0.155960 0.089736 -0.062102
v 0.596284 0.209549 -0.008456
v 0.326460 0.254159 -0.032169
v 0.288717 0.250113 -0.042713
v 0.315580 0.244136 -0.052282
v -0.018082 -0.038854 0.152058
v 0.510334 0.163173 -0.051433
v -0.353890 0.239403 -0.000577
v -0.123139 -0.038560 0.138062
v -0.281410 0.253312 -0.040888
v 0.250056 0.145302 -0.046326
v -0.288605 0.163696 -0.067382
v 0.589717 0.176405 -0.018479
v 0.341711 0.190938 0.021136
v 0.063524 0.232342 0.072294
v 0.141860 -0.065924 -0.031546
v -0.021099 0.148773 0.115903
v 0.049785 -0.103031 -0.069020
v -0.438162 0.216460 -0.000453
v -0.063139 0.234652 0.088441
v 0.161853 0.266304 0.017730
v 0.189235 0.068114 -0.005826
v -0.118278 0.036148 0.131425
v -0.130836 0.028823 0.111078
v 0.135953 0.068164 -0.070969
v -0.130430 0.042459 0.111360
v -0.070403 0.239190 -0.088277
v 0.499308 0.247691 -0.051933
v 0.475350 0.249316 -0.049961
v 0.063781 0.284923 -0.005467
v 0.057840 0.271863 0.018514
v 0.054755 0.246662 0.063455
v 0.151595 0.130387 -0.082241
v 0.022974 0.114100 -0.138840
v -0.271385 0.227783 0.023026
v -0.334130 0.233203 0.009363
v -0.317647 0.231398 0.012639
v -0.078578 0.130411 0.121552
v 0.171215 0.001207 -0.007177
v -0.285204 0.244922 0.006056
v 0.109931 0.044499 -0.082689
v 0.480349 0.198520 -0.069948
v 0.152696 0.260326 -0.043412
v 0.352172 0.143123 -0.005462
v -0.290371 0.130482 -0.031215
v -0.192525 0.240940 -0.062691
v 0.263100 0.154222 0.022689
v 0.417799 0.245498 -0.048555
v 0.242037 0.204035 -0.073690
v 0.391909 0.193872 0.011397
v 0.506111 0.250863 -0.045483
v 0.204695 0.258501 -0.049710
v -0.560579 0.236955 -0.018567
v -0.132820 -0.070915 -0.045093
v 0.079848 -0.033084 -0.072366
v 0.210247 0.240651 -0.061669
v -0.431044 0.150116 -0.046705
v -0.160857 -0.020161 -0.029541
v 0.175623 0.015658 0.001398
v -0.161964 0.103785 -0.066138
v 0.206577 0.243969 0.034959
v -0.084889 0.113164 -0.118251
v -0.238558 0.213049 0.026024
v 0.028010 -0.037650 0.152092
v 0.139728 0.265279 -0.046520
v -0.048279 0.124184 -0.133309
v -0.460136 0.170606 -0.060162
v -0.314039 0.249131 -0.025499
v -0.159904 0.008820 0.062075
v -0.170179 0.006388 0.041890
v -0.003959 0.182268 -0.133707
v 0.075712 0.199578 0.093787
v 0.080628 0.214478 0.076365
v 0.001051 0.122885 -0.144256
v -0.324620 0.247630 -0.042334
v 0.503234 0.189885 -0.008023
v 0.088298 0.146110 0.107922
v -0.101848 0.246757 0.021912
v 0.172688 -0.052085 0.071793
v 0.502081 0.252112 -0.018029
v 0.274183 0.245968 0.007364
v 0.290452 0.135370 -0.027350
v -0.506818 0.158165 -0.045359
v -0.130556 0.081750 -0.084629
v 0.401494 0.228898 -0.060833
v 0.434566 0.226840 -0.065186
v 0.272179 0.233442 0.018169
v -0.141140 0.269769 -0.022960
v -0.145501 0.240642 -0.067220
v -0.130650 -0.029256 -0.053706
v -0.249439 0.169416 -0.073414
v 0.296910 0.211310 0.023237
v 0.138163 -0.059658 0.128413
v -0.099519 0.219786 0.047687
v -0.187655 0.130103 -0.053346
v 0.165778 0.156646 -0.073406
v 0.363758 0.187995 0.016156
v 0.238468 0.259145 0.001575
v 0.197844 0.182902 0.040061
v -0.204773 0.169528 0.032258
v 0.424659 0.153551 -0.015715
v -0.128343 0.178785 0.073317
v -0.216506 0.202271 -0.078134
v -0.331858 0.147120 0.003659
v -0.044678 0.090898 0.151102
v -0.164172 0.083655 -0.056110
v 0.088883 0.267972 -0.074720
v 0.289949 0.251164 0.005323
v -0.485583 0.203645 -0.002503
v -0.247192 0.125774 -0.017417
v -0.414816 0.198947 0.005406
v 0.525440 0.202595 -0.005513
v -0.439373 0.203272 -0.000446
v 0.061095 0.227215 -0.095717
v 0.227776 0.181494 0.037069
v 0.142993 0.162277 0.072729
v -0.532756 0.219402 -0.006240
v -0.171258 0.267077 -0.045187
v -0.311291 0.197758 -0.077173
v -0.065754 0.250293 0.036395
v -0.206268 0.223061 0.038589
v 0.132142 0.194260 -0.094255
v 0.352579 0.241116 0.005199
v -0.171611 -0.061059 0.039132
v -0.320628 0.130597 -0.023654
v 0.371718 0.247951 -0.004536
v -0.271607 0.126731 -0.019295
v 0.075717 0.284519 -0.029569
v -0.352061 0.182573 0.014823
v -0.112587 0.189577 0.074299
v -0.431457 0.158573 -0.054084
v 0.009868 -0.047814 -0.086118
v -0.020382 0.165702 -0.121577
v 0.349578 0.250475 -0.033885
v -0.120178 0.048669 -0.080892
v -0.018652 0.113381 0.137829
v 0.076547 0.051977 -0.099892
v -0.532244 0.195880 -0.008243
v 0.052459 -0.054498 -0.074962
v 0.065488 0.177061 -0.111253
v -0.037903 0.257453 -0.081410
v 0.012928 0.006772 0.150300
v -0.172344 -0.080502 0.048200
v 0.204828 0.122281 -0.022487
v 0.142558 0.234043 -0.073206
v 0.273611 0.133286 -0.000402
v 0.071747 0.143928 -0.120793
v 0.119981 -0.087824 -0.045053
v -0.433088 0.255493 -0.023102
v -0.158378 0.041918 0.064638
v 0.349636 0.148910 0.002709
v 0.373207 0.148327 -0.004581
v -0.222630 0.260765 -0.030493
v -0.156928 -0.070481 -0.002019
v 0.155527 -0.085544 0.020479
v 0.183889 0.098472 0.036215
v 0.387201 0.253483 -0.032874
v 0.392084 0.157239 -0.053375
v 0.124637 -0.114500 -0.044475
v 0.298722 0.245116 0.004433
v -0.199683 0.158908 0.033619
v -0.118408 0.205947 -0.095687
v -0.004964 0.253827 -0.089778
v -0.000858 0.259423 -0.112587
v -0.231150 0.167210 0.032659
v 0.094838 0.163687 0.098642
v -0.149221 -0.019524 -0.044306
v 0.173449 0.076116 0.050644
v 0.307487 0.169023 0.021993
v 0.161742 0.074172 0.072032
v 0.422295 0.255291 -0.034266
v 0.177703 0.271932 0.002940
v -0.015311 0.242941 -0.088030
v -0.037971 0.250206 -0.084777
v -0.170289 0.262381 -0.060436
v 0.061318 0.181827 0.099694
v -0.117000 0.222138 -0.090055
v 0.153104 0.038672 0.085923
v -0.141349 0.216320 -0.084809
v 0.590825 0.169899 -0.049614
v 0.330530 0.249526 -0.039822
v -0.063202 0.102998 -0.123806
v 0.588226 0.169442 -0.025889
v -0.383495 0.140348 -0.019479
v -0.110463 0.124842 -0.106941
v -0.000280 -0.108935 -0.071412
v 0.334604 0.230486 -0.063909
v 0.138059 0.203507 -0.088479
v -0.282909 0.194113 0.024124
v 0.311598 0.250480 -0.046271
v 0.244790 0.193683 0.035364
v -0.524296 0.159765 -0.043271
v -0.083612 0.241802 0.027968
v -0.441187 0.169699 -0.059735
v 0.182814 0.126709 -0.054458
v 0.335330 0.227977 0.013516
v 0.292230 0.246293 -0.050214
v 0.153716 0.154147 -0.080220
v 0.389700 0.143643 -0.035027
v -0.077142 0.226742 0.048628
v -0.069627 0.283337 -0.022070
v -0.167223 0.245125 -0.078234
v -0.381667 0.186996 0.010715
v -0.326876 0.219854 -0.075316
v -0.042879 0.175319 0.105820
v 0.000208 0.002524 0.150141
v 0.582767 0.244733 -0.033647
v 0.154475 0.272554 -0.004597
v 0.401143 0.163783 -0.000772
v -0.145719 0.078790 -0.070771
v -0.127210 0.069583 -0.083483
v -0.133965 0.093887 -0.085901
v -0.075378 0.208088 -0.102517
v -0.212155 0.224144 -0.076166
v -0.472993 0.176483 -0.009475
v -0.111794 0.190191 0.079204
v -0.490338 0.184495 -0.008833
v 0.262855 0.258752 -0.023821
v -0.143634 0.141871 -0.086961
v -0.194335 0.186544 0.043659
v -0.531836 0.244166 -0.055227
v -0.042993 0.051573 -0.107902
v -0.040988 -0.014735 -0.092601
v 0.051372 -0.013685 0.156392
v 0.233444 0.267094 -0.007782
v 0.088380 0.278341 -0.026464
v -0.397341 0.170520 -0.066410
v 0.119117 0.181236 -0.101217
v 0.307186 0.185891 0.024960
v 0.184060 0.151100 0.040718
v 0.209457 0.124993 0.006865
v -0.172288 0.007586 -0.015861
v -0.104240 -0.065301 -0.061294
v 0.079267 0.247700 -0.086173
v 0.116166 0.083219 -0.091339
v -0.127448 0.123095 -0.096519
v -0.137488 0.267574 0.018025
v -0.573275 0.181116 -0.070941
v 0.242195 0.129444 -0.015588
v -0.326956 0.202755 0.019664
v -0.156505 0.200785 0.048666
v 0.201051 0.249250 0.031304
v -0.435059 0.228993 -0.001473
v 0.420249 0.148794 -0.043063
v 0.146793 0.100700 -0.077513
v 0.256171 0.241379 0.018907
v -0.311776 0.242309 -0.003828
v -0.141144 -0.044838 0.093595
v 0.250568 0.226206 -0.068538
v 0.407110 0.249370 -0.045262
v 0.105930 0.111881 -0.110025
v -0.190065 0.105144 -0.035961
v 0.346613 0.161230 0.011502
v 0.287899 0.193280 0.021842
v 0.334514 0.198811 0.022717
v 0.461660 0.203007 -0.070030
v 0.408568 0.193239 -0.069031
v 0.443839 0.207801 -0.069964
v 0.534513 0.182762 -0.066517
v -0.454876 0.148786 -0.035912
v -0.552586 0.205756 -0.075326
v -0.472311 0.150977 -0.033467
v -0.323687 0.191934 0.020533
v -0.269512 0.212076 0.027003
v -0.069531 0.090879 0.149079
v 0.394818 0.152120 -0.008685
v 0.131150 0.284810 -0.006417
v 0.141717 0.281069 -0.014541
v 0.466834 0.246051 -0.053871
v 0.437577 0.203575 0.003605
v -0.362426 0.244199 -0.051897
v -0.029765 -0.016062 0.153428
v -0.274606 0.206464 0.022532
v 0.070710 0.274673 -0.062370
v -0.111951 -0.010047 0.150365
v -0.138798 0.272156 0.008294
v 0.318737 0.167022 0.019233
v 0.269952 0.219184 0.028602
v 0.284692 0.236310 0.020879
v 0.310182 0.231945 0.018632
v -0.233703 0.245250 -0.061334
v -0.098570 0.062603 0.145197
v -0.107104 0.072911 0.140176
v 0.204764 0.141647 0.023278
v 0.100457 -0.003111 -0.069043
v 0.152219 0.038970 -0.044562
v -0.032323 0.212218 -0.096829
v 0.177728 0.092844 0.046230
v -0.186735 0.258004 0.013039
v 0.107356 0.194960 0.070875
v -0.095904 0.123610 0.120911
v -0.187400 0.148363 -0.065937
v -0.418973 0.222605 -0.066090
v 0.127975 0.226416 -0.084343
v -0.120386 0.213474 0.049280
v -0.116469 0.203586 0.056103
v -0.097325 0.211273 0.054391
v -0.112454 0.193581 0.063349
v -0.212561 0.205363 0.037359
v 0.314878 0.150494 -0.049652
v -0.097140 0.135469 -0.113234
v -0.397781 0.201994 0.009784
v -0.499877 0.208627 -0.075192
v -0.267743 0.151424 0.018295
v 0.084627 0.173179 0.099276
v -0.086393 0.237216 0.033084
v -0.525780 0.248780 -0.041565
v -0.470962 0.167800 -0.058615
v 0.188353 0.136629 0.034026
v -0.249202 0.203867 0.027610
v 0.589366 0.212419 -0.072062
v -0.160471 -0.029922 -0.024735
v -0.099804 0.107226 -0.109588
v 0.485874 0.163622 -0.053572
v 0.106262 0.088972 -0.098910
v 0.303908 0.142527 0.006455
v 0.125932 0.187661 -0.097948
v 0.329057 0.172518 -0.063301
v -0.094215 -0.014115 0.162333
v 0.162099 0.230695 -0.068535
v 0.424525 0.218264 0.006341
v -0.253895 0.167084 0.026874
v 0.433676 0.160938 -0.052017
v -0.507347 0.248755 -0.050316
v 0.044865 -0.047834 0.158473
v 0.066379 -0.046696 0.167411
v 0.066638 -0.027752 0.164014
v 0.297927 0.155635 -0.054402
v 0.072162 0.255964 0.021783
v 0.521772 0.171249 -0.060048
v -0.140023 0.064025 0.098908
v -0.071997 0.175801 -0.112343
v 0.176816 0.153882 0.047357
v 0.310942 0.159092 0.017270
v -0.502283 0.235484 -0.067564
v -0.180376 0.245190 -0.066219
v 0.415257 0.154207 -0.048302
v -0.177874 0.093376 -0.046769
v 0.282386 0.202379 -0.073993
v -0.114549 -0.046263 0.155635
v -0.305328 0.194971 0.023638
v 0.520680 0.217230 -0.002848
v 0.175573 0.244697 -0.067160
v 0.174905 -0.067863 0.064289
v 0.318019 0.208655 -0.073351
v -0.171718 0.207065 -0.090744
v -0.179334 0.221170 0.039306
v 0.280483 0.161686 -0.061212
v -0.457667 0.230242 -0.068604
v -0.341013 0.184786 0.017204
v -0.097422 0.192145 -0.105385
v 0.303227 0.204321 0.024849
v 0.594324 0.243551 -0.028726
v -0.043241 0.209555 -0.099386
v 0.084238 0.195161 0.092142
v -0.489630 0.211338 -0.074725
v 0.520619 0.236521 -0.064063
v 0.499662 0.174413 -0.061503
v 0.221774 0.167807 -0.066177
v -0.362290 0.177192 -0.067749
v 0.489510 0.242909 -0.005307
v 0.222896 0.156014 -0.058139
v -0.154130 0.057009 -0.054161
v -0.287201 0.173257 -0.072333
v 0.127864 0.161711 -0.097462
v -0.462406 0.207452 -0.001023
v 0.098924 -0.103913 -0.056506
v 0.322844 0.229810 0.015912
v 0.383741 0.205197 -0.067860
v 0.391239 0.149413 -0.045364
v -0.444474 0.171515 -0.006153
v 0.084562 0.206236 -0.103452
v -0.283840 0.251382 -0.025817
v 0.132045 -0.005158 0.132740
v -0.594169 0.228238 -0.069981
v -0.571614 0.231834 -0.067224
v -0.435548 0.153100 -0.016178
v 0.398048 0.251179 -0.010251
v -0.263230 0.232543 -0.067836
v 0.107983 0.120823 -0.110584
v 0.402422 0.246256 -0.047717
v 0.561519 0.183231 -0.013968
v -0.446473 0.248313 -0.050647
v -0.524462 0.197910 -0.007617
v 0.393578 0.225925 -0.063432
v 0.032043 -0.124423 -0.077141
v 0.081775 0.094372 -0.113679
v 0.351018 0.232085 -0.064072
v 0.014223 -0.016603 0.149849
v 0.124148 0.134253 -0.100587
v 0.240801 0.162079 0.027021
v -0.313170 0.130829 -0.013027
v -0.336768 0.133712 -0.015172
v -0.360152 0.137038 -0.017368
v 0.333708 0.159603 -0.055820
v 0.285568 0.219013 -0.070857
v -0.473204 0.240876 -0.062719
v 0.495346 0.222394 -0.000006
v 0.187626 0.076436 -0.019079
v -0.124127 0.268533 -0.005458
v 0.577800 0.212151 -0.007967
v -0.302279 0.131135 -0.032375
v -0.296854 0.128121 -0.021529
v -0.175850 0.108196 0.047237
v -0.551819 0.215921 -0.007711
v 0.471594 0.189476 -0.066812
v 0.266878 0.259573 -0.038143
v -0.063812 0.245634 0.071356
v -0.103624 0.174592 -0.107894
v -0.088943 0.280153 -0.059733
v -0.208905 0.242544 -0.064371
v -0.310159 0.250268 -0.043830
v -0.004104 -0.112462 -0.072457
v -0.217609 0.167728 0.032196
v 0.147622 0.220749 -0.077774
v -0.126063 -0.047209 0.131351
v 0.149300 0.194126 0.054504
v -0.148582 -0.074956 0.089704
v -0.411013 0.253607 -0.026791
v -0.078372 -0.008532 0.163271
f 2915 4197 931
f 1434 2668 497
f 2176 2998 3889
f 1525 2660 2275
f 108 2653 746
f 666 2305 1743
f 719 2964 1188
f 1209 3141 4264
f 684 2943 3737
f 2807 4075 3666
f 1815 3337 1362
f 3608 2757 3101
f 1774 1145 2647
f 1252 1585 740
f 2688 178 1341
f 3034 2996 3681
f 3340 777 3720
f 269 1134 474
f 2882 2783 1028
f 646 2818 1752
f 1128 213 2722
f 92 965 3991
f 333 2529 1762
f 2854 1623 2649
f 1363 3352 2564
f 967 1632 3384
f 1921 3520 3085
f 409 4208 934
f 1247 2170 1926
f 2368 3488 720
f 3342 916 894
f 505 4069 2160
f 3798 965 2566
f 2325 789 286
f 1469 3018 4190
f 2751 3782 3795
f 663 1271 1576
f 2739 3752 2768
f 1249 1606 3428
f 3886 1013 3323
f 2188 2689 1948
f 2617 1235 327
f 870 1473 1094
f 4244 2202 3097
f 311 2388 1168
f 2712 1248 1506
f 2000 2072 80
f 768 2622 2626
f 2333 2855 3193
f 1106 4306 166
f 4286 735 1075
f 280 196 488
f 1380 2371 1531
f 3441 589 4132
f 3233 2222 3705
f 2122 144 3305
f 3762 851 1227
f 250 1575 251
f 112 2389 2546
f 2746 3934 3847
f 3418 785 89
f 75 1567 1451
f 1475 2343 3487
f 1012 1014 1136
f 2335 903 1667
f 2960 3901 3239
f 996 1540 1123
f 373 4028 4092
f 582 1564 464
f 1066 507 420
f 3518 539 3393
f 2262 87 2198
f 1051 507 3073
f 249 2481 3486
f 90 220 1163
f 374 2386 2342
f 2595 175 1235
f 947 3407 1429
f 2430 3330 2487
f 1292 28 1988
f 1480 3875 2647
f 105 2683 1763
f 1159 2866 3
f 3399 2885 2920
f 1123 1528 2001
f 3536 4001 207
f 579 2545 2659
f 3161 660 999
f 4169 12 757
f 1517 1523 410
f 1946 1897 3557
f 3082 1233 1127
f 2893 3201 4235
f 945 3112 4128
f 1701 1379 2144
f 153 3360 218
f 2515 3512 1918
f 970 2699 688
f 2731 1275 2376
f 3447 402 3308
f 2466 897 2624
f 2864 3355 2435
f 3475 3745 3330
f 208 1313 781
f 3832 4142 3884
f 3369 2518 326
f 963 501 56
f 2145 841 455
f 1696 548 2286
f 2348 2111 4117
f 3424 4268 2172
f 3342 894 4272
f 2070 3810 1248
f 3409 1503 3323
f 4259 2774 2917
f 1016 429 4053
f 1416 3598 2954
f 2482 4033 680
f 2439 2937 4167
f 1507 2915 573
f 46 2472 3195
f 1524 2104 596
f 2992 2504 2308
f 2399 1940 1068
f 542 3893 4216
f 3966 2748 2129
f 1007 3460 3059
f 2120 3289 3258
f 1464 482 736
f 553 2207 1393
f 2508 4303 815
f 2786 356 2221
f 1240 2326 554
f 3361 2858 1621
f 2848 2263 2809
f 3551 2747 2754
f 2737 4130 1880
f 3222 2041 3045
f 722 2983 1461
f 991 2306 1175
f 1814 3953 1655
f 2137 659 104
f 2715 2131 3368
f 1428 199 1567
f 3094 2409 1578
f 2399 3981 1095
f 326 4106 3803
f 4249 120 702
f 1002 3145 1785
f 2062 1418 3698
f 2129 4247 3702
f 2494 611 1748
f 1006 519 491
f 2335 2537 3162
f 1114 1148 1857
f 1606 311 1168
f 1185 3271 2218
f 2205 1725 177
f 3627 4286 3540
f 2923 1918 3512
f 80 2286 1158
f 3141 1641 3757
f 1775 3401 2110
f 49 941 3082
f 2467 177 1725
f 3789 201 1134
f 1730 246 1316
f 2109 3694 2885
f 692 4249 702
f 424 1571 1653
f 2930 1821 3392
f 2441 116 1339
f 2771 3747 2803
f 1411 1460 101
f 2318 3639 3212
f 1366 4108 2655
f 1839 2427 679
f 229 2036 1998
f 1559 643 1374
f 185 1463 2090
f 784 2605 1678
f 1743 1093 666
f 792 428 1415
f 1916 1736 1377
f 3311 714 2559
f 2890 3466 2917
f 130 2144 1379
f 176 2349 514
f 1808 133 1197
f 3413 227 228
f 2387 765 2252
f 3931 4289 4288
f 2185 2694 1658
f 4041 58 1611
f 2030 423 1642
f 780 2623 47
f 1453 3447 565
f 1365 1330 2243
f 1047 2116 3959
f 3465 1187 3444
f 903 1767 3383
f 998 586 534
f 1461 1707 1780
f 2738 1493 1050
f 1561 2187 3871
f 2300 2539 2682
f 605 2525 2429
f 1958 3241 3016
f 591 1358 2384
f 1512 1513 979
f 2750 3289 715
f 889 337 2591
f 4305 1921 3190
f 2870 3532 1541
f 783 89 2446
f 1389 2589 419
f 2592 1075 735
f 4299 1354 300
f 1589 1255 704
f 1857 2274 1114
f 347 2475 486
f 1517 277 237
f 2092 3715 2257
f 2391 949 318
f 765 2261 854
f 2236 2272 2991
f 592 3283 4106
f 2857 2880 3597
f 1681 1587 1603
f 1356 1618 845
f 1581 4232 3111
f 2902 1496 4038
f 2796 4102 2092
f 2865 4292 3832
f 216 1255 978
f 2599 643 1559
f 2372 647 3453
f 3366 256 1054
f 3004 1765 3923
f 1206 2447 3128
f 4037 3930 2790
f 3290 3497 4003
f 1022 695 2248
f 976 1660 2005
f 37 1108 1076
f 949 2391 2718
f 1219 930 397
f 544 2579 3940
f 641 1407 2455
f 2416 1126 760
f 610 4118 111
f 1483 2194 1280
f 536 1560 67
f 3303 797 3802
f 2489 1333 735
f 3387 1318 135
f 3654 2060 2768
f 2732 24 2378
f 3006 2112 3021
f 3705 1376 3638
f 2397 142 1695
f 494 1531 2371
f 3372 146 829
f 499 2268 3344
f 169 3351 3128
f 2107 3193 2855
f 2747 4073 3552
f 2674 4234 3182
f 773 1427 2085
f 1283 2949 1027
f 1362 4235 3201
f 21 3486 2517
f 3023 3495 3818
f 1141 3134 706
f 877 4258 2637
f 4055 2815 2316
f 1552 530 3501
f 1175 2306 1502
f 2979 838 1324
f 2560 481 1549
f 2408 3993 3478
f 1430 1568 3321
f 3288 661 1663
f 335 1123 1540
f 520 4167 2937
f 84 2473 642
f 2661 91 1539
f 1120 2110 2168
f 1047 1805 3958
f 1410 2387 2659
f 365 3104 368
f 682 1155 2505
f 2392 3980 2831
f 3784 1706 4140
f 3527 831 928
f 1862 1939 1925
f 874 3425 792
f 1458 1672 764
f 388 1127 1233
f 2187 1561 255
f 439 2621 1254
f 88 1447 3558
f 3298 2014 3171
f 1662 2844 1398
f 1526 2544 1742
f 1488 158 157
f 3253 215 2358
f 911 1174 2081
f 2334 355 1475
f 37 1763 2683
f 3738 964 3092
f 1040 913 3955
f 1231 2342 1760
f 2706 661 922
f 1289 1438 2056
f 84 471 3150
f 4073 2157 3552
f 879 2579 544
f 4165 1640 3649
f 3813 1719 904
f 1073 3456 3793
f 13 2722 213
f 4303 3508 815
f 746 1034 108
f 3055 1154 388
f 4190 2028 3420
f 3215 1338 98
f 739 2634 2099
f 2280 3405 1109
f 2609 63 1054
f 123 985 26
f 136 2977 2975
f 1687 429 1016
f 3386 308 2656
f 809 2662 1086
f 2791 4238 3978
f 487 1579 1809
f 3613 804 2897
f 2450 3778 3324
f 1853 3773 1869
f 2200 2809 253
f 526 486 1288
f 340 1217 2155
f 1454 259 1193
f 271 1432 1459
f 4060 1167 4027
f 1294 2941 3805
f 439 1352 2321
f 4046 1640 1902
f 1201 3074 3503
f 2770 3647 3773
f 685 1244 1735
f 2920 2705 974
f 3337 3610 1362
f 4025 976 3780
f 754 3846 2899
f 546 1163 1116
f 1012 1791 103
f 3278 626 2394
f 1422 3848 3203
f 103 1791 898
f 3165 525 1079
f 1274 1802 1313
f 538 1228 1623
f 2227 3206 2247
f 1251 1907 906
f 3901 2059 698
f 2089 2618 11
f 549 1680 951
f 2614 8 2575
f 229 2651 2641
f 1391 340 634
f 475 1125 102
f 2179 2278 3248
f 496 3947 1666
f 2804 4070 1746
f 3106 1991 1973
f 44 1809 932
f 3883 437 1676
f 664 1609 3305
f 3368 2131 3434
f 74 1149 1428
f 2176 2514 3148
f 3763 1964 3025
f 1656 3357 3952
f 630 3779 2401
f 2567 819 75
f 397 2608 1219
f 3992 762 11
f 672 1186 2854
f 2298 302 2304
f 2949 1283 484
f 3937 1818 3914
f 1107 1824 3713
f 3170 1250 1845
f 1835 1245 3798
f 3514 1581 162
f 3996 2594 2171
f 1047 3261 2960
f 120 2444 1671
f 1039 2245 1017
f 1445 2159 255
f 2841 4020 2754
f 3873 1927 3721
f 4148 2952 1092
f 263 1607 893
f 3986 4047 3091
f 551 1474 935
f 1807 2892 882
f 351 1626 1557
f 452 4118 610
f 612 2580 2628
f 3498 22 3407
f 3684 745 2900
f 500 1908 2161
f 2522 3494 171
f 3889 1056 2176
f 1136 3941 479
f 2282 923 497
f 1191 2619 2224
f 2721 1651 1758
f 1010 79 81
f 4099 78 694
f 2777 3683 2767
f 2395 1006 491
f 3646 1824 2946
f 1600 421 3119
f 1358 292 1202
f 2376 2522 2731
f 3915 1208 3539
f 4227 2807 962
f 1587 490 308
f 3690 1946 2972
f 1149 1919 1453
f 587 4081 266
f 1099 314 2009
f 628 1557 701
f 3033 4187 3462
f 3160 3134 1258
f 758 1321 1400
f 3866 4098 2723
f 895 1542 3476
f 11 3364 4096
f 1848 3827 1910
f 1993 1984 4079
f 198 700 652
f 2665 2966 2243
f 805 649 183
f 3522 343 1129
f 2708 688 2699
f 697 1420 737
f 511 3322 1529
f 2405 1027 1198
f 177 1009 1399
f 4062 258 1280
f 110 2188 505
f 68 1312 3449
f 70 1510 1272
f 375 1261 1179
f 47 1576 1271
f 554 1730 1369
f 2222 4037 4139
f 3034 1337 2680
f 4210 283 3277
f 1009 466 2065
f 637 1459 678
f 447 1720 1431
f 45 2363 2255
f 2113 4050 3050
f 2488 1565 33
f 4003 1146 2296
f 635 4086 3122
f 467 3874 3863
f 2091 656 995
f 412 1618 1356
f 315 1305 118
f 131 2788 4122
f 741 1387 3755
f 244 963 56
f 1042 4173 2276
f 3551 2754 3670
f 515 1998 2036
f 1203 3395 1096
f 3174 1301 2656
f 823 2635 780
f 472 1782 1397
f 4012 1927 3873
f 3753 4302 925
f 2872 3109 3769
f 707 2573 1661
f 1086 221 1193
f 1051 1151 2079
f 1052 551 1611
f 2666 614 72
f 2553 3358 2766
f 1893 1194 2435
f 62 1054 63
f 4080 1468 3146
f 2505 4131 6
f 53 1568 713
f 1122 3149 771
f 3928 687 2527
f 620 2560 1549
f 2242 1299 2187
f 3911 827 2362
f 713 846 53
f 932 1809 1579
f 3714 2459 510
f 2480 1731 1291
f 4117 159 521
f 4168 14 1300
f 775 348 2293
f 259 1778 1747
f 360 2482 3858
f 384 3002 3957
f 1503 2045 2554
f 2632 370 3709
f 841 1590 852
f 1537 3716 2427
f 1368 2845 507
f 162 3242 3514
f 873 1752 880
f 1759 482 1801
f 3894 2779 3732
f 3211 1505 905
f 1025 3038 1650
f 2073 1975 2359
f 634 199 565
f 167 1570 908
f 2173 3287 3701
f 3925 405 1431
f 587 67 327
f 23 2368 3301
f 161 4070 3593
f 2351 3208 2190
f 978 753 216
f 2029 1639 84
f 3153 1850 1868
f 2834 3275 3618
f 387 1710 1313
f 307 2577 2100
f 1880 3116 3117
f 1304 2494 1748
f 145 1366 1260
f 836 2447 1206
f 78 848 694
f 452 1417 1481
f 1243 3010 659
f 1180 2562 1634
f 2998 1645 3293
f 1765 3922 3923
f 272 821 786
f 1028 2644 3325
f 3065 950 563
f 935 3821 776
f 674 1760 2342
f 2401 3779 591
f 1712 4259 3466
f 3963 202 2418
f 2749 3934 4057
f 356 3257 3636
f 1438 209 1044
f 1977 1546 3057
f 570 189 1014
f 4206 99 3313
f 4137 3725 1436
f 210 2310 4229
f 969 1573 4167
f 1500 2907 3086
f 2346 3131 2958
f 1495 3506 857
f 3349 2721 4229
f 1230 1780 1707
f 565 1428 1149
f 1763 37 632
f 881 3940 2579
f 1343 3572 1607
f 3428 476 459
f 2575 3502 2614
f 3444 2044 1768
f 2235 3473 3130
f 1728 2774 3609
f 1870 2162 3966
f 1792 1300 14
f 3006 617 4303
f 3309 1892 1864
f 584 3051 3249
f 2374 300 1354
f 686 156 3270
f 680 3356 2460
f 1589 704 2526
f 2367 1784 3163
f 783 3924 994
f 1183 25 2672
f 1173 2736 3383
f 1096 2670 3845
f 298 1837 1592
f 525 1491 606
f 622 1505 1223
f 305 2940 1361
f 1953 3926 3775
f 2925 4126 1872
f 1174 718 2390
f 939 2837 3770
f 55 1295 1230
f 903 2335 3162
f 3991 2717 1216
f 3649 1640 1282
f 2064 4165 3973
f 119 4224 1519
f 2311 360 1694
f 3044 1247 1926
f 749 1617 3304
f 962 1872 4227
f 1483 2531 286
f 3310 172 2377
f 53 3321 1568
f 1423 2613 1956
f 1091 2099 2634
f 3029 499 872
f 1265 301 3218
f 1268 2174 2690
f 1410 1592 597
f 3484 174 1563
f 2412 4293 3453
f 559 1933 2118
f 2321 1201 751
f 2300 691 2276
f 409 2585 1836
f 3184 291 4296
f 633 2318 2035
f 3201 2893 3824
f 1412 3143 3144
f 1713 3384 3870
f 1755 3185 3736
f 2613 570 1956
f 2505 6 2433
f 28 1455 1523
f 2265 1700 625
f 101 1125 1108
f 1773 2990 254
f 3308 629 2584
f 3125 2015 3176
f 3293 1604 2998
f 1518 3276 3127
f 3562 749 2302
f 3411 2859 3657
f 3389 377 1708
f 3609 3896 1104
f 234 2509 1598
f 622 3819 1505
f 332 2997 3183
f 3344 2189 872
f 812 3132 3933
f 780 2635 2623
f 363 2606 1826
f 337 1584 3353
f 3394 3942 328
f 3009 97 1236
f 220 90 1524
f 3784 3390 563
f 2319 131 710
f 433 1670 869
f 3073 3711 1151
f 2778 170 87
f 816 3959 3405
f 782 2656 1421
f 3580 2755 3750
f 673 3183 2997
f 625 2848 4000
f 4163 4055 4220
f 571 1308 786
f 3147 742 280
f 1232 3298 2196
f 1994 1084 3295
f 1984 3338 2153
f 1332 1289 263
f 2076 1777 637
f 1092 4146 1817
f 4086 635 1794
f 328 3529 3938
f 404 3897 3317
f 212 2551 4154
f 605 2523 2442
f 1242 2593 2975
f 45 3588 1340
f 614 70 1612
f 2198 2338 2294
f 138 2431 2558
f 585 3740 1842
f 1299 2242 1304
f 3990 3198 3663
f 1052 61 593
f 2314 3116 2846
f 4033 861 3506
f 216 2463 1602
f 773 1477 348
f 4245 2139 1426
f 3017 2980 349
f 550 2900 3972
f 3077 3472 4157
f 1001 2145 455
f 3134 1141 2201
f 480 1384 1341
f 1424 2153 3338
f 1210 2247 2143
f 176 610 2349
f 4078 1325 3559
f 2678 4065 838
f 1563 2603 3484
f 1813 3169 4043
f 2909 2504 2992
f 125 1753 1237
f 2206 1040 744
f 1396 190 1169
f 1371 1805 2047
f 349 3475 3330
f 1592 2659 2545
f 3063 2569 1263
f 2565 427 1038
f 2880 3900 3066
f 3833 256 726
f 2625 55 1707
f 2447 836 2355
f 3034 3681 1337
f 2821 3595 4090
f 320 2663 2263
f 309 1676 1038
f 2602 784 1678
f 164 3339 3244
f 4264 3749 1209
f 807 2707 1711
f 549 1637 4110
f 654 1300 2163
f 2851 1586 2579
f 843 1799 1261
f 2742 982 4199
f 1377 1736 4000
f 2516 1034 744
f 1815 3201 3824
f 2097 2781 3625
f 4301 3691 1064
f 1625 3179 2708
f 2394 98 2330
f 51 2738 1050
f 413 4008 1213
f 1766 3979 930
f 1549 4004 4061
f 307 3833 726
f 1726 2974 3433
f 3094 2435 109
f 1981 1078 2719
f 750 778 86
f 3618 2279 2811
f 3662 1450 2834
f 3137 3921 4150
f 3501 1106 1552
f 315 3787 3306
f 347 2500 2475
f 4208 409 2191
f 1898 4057 1945
f 2094 3250 3225
f 3263 983 485
f 510 329 894
f 1020 3302 2735
f 1032 1771 102
f 1787 4108 2707
f 2006 3398 1017
f 1620 421 1062
f 2101 4069 3899
f 1004 2691 1373
f 1757 856 3053
f 481 2495 2496
f 2606 917 1144
f 1293 1171 1087
f 871 3919 1553
f 73 530 1552
f 2173 2898 3434
f 484 2690 2691
f 4219 998 3876
f 1715 3462 134
f 2693 807 1071
f 1576 893 663
f 1904 2077 3954
f 2714 265 3951
f 495 2339 926
f 765 2531 2252
f 530 704 239
f 1202 2384 1358
f 2905 550 3972
f 2062 1284 595
f 1774 2647 3875
f 298 1592 2545
f 457 912 666
f 800 2081 177
f 3874 467 3682
f 194 2942 2842
f 521 1129 343
f 142 2397 1176
f 997 1121 1504
f 314 1099 3449
f 2356 1077 2290
f 1767 3162 97
f 1148 2225 2620
f 2602 3086 2907
f 3508 4303 617
f 1917 2347 1714
f 4225 1860 3043
f 3709 636 2632
f 4086 2156 2226
f 2884 950 2220
f 1582 3301 2368
f 1056 403 3891
f 3740 585 3075
f 716 2566 965
f 4204 3671 2906
f 1726 2844 4089
f 1336 28 1292
f 1379 604 65
f 2865 3587 4292
f 1405 524 1126
f 206 3072 808
f 3842 862 1601
f 988 2118 1933
f 4201 855 4121
f 1142 4295 2084
f 2277 754 2214
f 432 1669 582
f 617 2210 2519
f 589 2307 1500
f 1718 4052 2230
f 1242 2945 3260
f 2838 3954 3545
f 2197 225 2113
f 3184 454 2253
f 2203 923 2727
f 2471 789 202
f 1468 3818 3567
f 604 1741 65
f 2348 346 2111
f 1380 277 1782
f 862 2630 415
f 1720 447 1154
f 2027 3173 4263
f 3125 3961 4298
f 223 1458 406
f 109 2409 3094
f 3358 2553 1971
f 1046 3787 2597
f 1489 1878 3178
f 2274 2434 375
f 1818 3156 1049
f 3182 2138 2237
f 3930 3637 2790
f 433 3414 1671
f 188 2005 190
f 2350 1526 4232
f 4175 971 60
f 1508 1864 3801
f 1740 2588 3526
f 898 369 844
f 3382 967 1713
f 1675 2440 2525
f 3391 1604 3274
f 1772 2552 2281
f 644 4103 4101
f 1470 3469 443
f 71 1431 1590
f 1879 4020 3769
f 1032 1411 1543
f 1762 464 1564
f 3720 2716 180
f 694 1328 1200
f 560 1136 1014
f 1189 2639 3707
f 513 3946 762
f 508 1100 678
f 2459 329 510
f 3835 3714 510
f 403 3552 3891
f 1941 3769 3109
f 2944 1144 2453
f 2770 3742 3936
f 3132 3771 4032
f 2758 3626 3103
f 948 2053 578
f 1965 3027 3232
f 375 1179 257
f 2081 800 911
f 2082 3765 3149
f 47 1652 780
f 2140 609 388
f 265 2551 2448
f 190 1492 1169
f 225 4059 4049
f 532 881 363
f 2945 1242 2975
f 2435 3094 1893
f 848 933 540
f 12 2570 1907
f 3239 2047 2960
f 2607 1301 1676
f 1323 2310 3485
f 2595 3011 175
f 2211 2257 648
f 1273 1656 262
f 2039 219 1633
f 1050 1745 52
f 863 4147 3458
f 1756 561 956
f 1538 3237 2428
f 1180 3442 1515
f 195 3654 986
f 130 1379 65
f 2437 441 1786
f 2089 11 1629
f 1298 2484 575
f 1745 1050 434
f 3420 4208 2191
f 195 3853 3427
f 2383 613 1786
f 1365 2243 1888
f 693 803 2000
f 2556 476 1168
f 109 2435 3355
f 3535 291 1382
f 1714 3518 3393
f 2169 2381 4014
f 2478 3209 4039
f 3578 3665 2044
f 1595 2279 3275
f 1190 1646 186
f 91 2661 1835
f 677 1121 997
f 2207 3256 2926
f 52 1314 1568
f 215 2312 1979
f 3521 1211 3556
f 3341 199 634
f 4186 3554 2741
f 3089 3601 887
f 262 1783 2988
f 2134 3470 1073
f 419 1630 1389
f 1348 457 193
f 823 2612 2635
f 1252 377 1308
f 2782 2873 2805
f 813 2313 2904
f 180 1452 2712
f 1490 221 512
f 1016 3976 1687
f 509 1545 1481
f 400 869 731
f 627 1670 1615
f 1326 551 935
f 3376 1444 1863
f 196 1219 488
f 1404 523 1479
f 1699 3177 2285
f 844 2216 2667
f 1624 108 1034
f 52 1745 2192
f 4120 253 2809
f 3168 3645 3156
f 106 3944 569
f 1290 844 2667
f 2247 3072 4261
f 2126 3107 396
f 3610 2766 1362
f 988 1933 874
f 872 2189 3118
f 103 570 1012
f 2482 680 2460
f 886 2419 1069
f 241 3772 2824
f 2965 1929 972
f 2078 3455 3205
f 2268 834 1390
f 1678 2485 3536
f 2312 3792 3765
f 2215 1978 4270
f 145 2707 4108
f 463 2211 648
f 286 854 853
f 2359 2975 2593
f 2711 3500 2784
f 936 1612 1272
f 1004 1566 2144
f 106 569 3410
f 1409 4193 2715
f 68 3449 1043
f 1019 534 586
f 650 1610 885
f 2836 4017 3943
f 677 997 1240
f 1382 2457 3535
f 356 3298 3171
f 395 2484 1001
f 610 111 995
f 931 1986 1886
f 833 1331 2826
f 1266 3533 4273
f 1718 3963 2418
f 3442 916 1515
f 617 3006 2210
f 1673 435 560
f 1096 1422 1203
f 1783 552 2988
f 1478 3203 3848
f 1841 4238 3591
f 3448 518 1162
f 2800 4044 2846
f 2067 3406 1599
f 3584 4119 850
f 2954 574 1416
f 2715 2671 1409
f 3666 4075 4159
f 611 3366 1054
f 1309 1912 3041
f 3336 1819 745
f 494 922 1935
f 2251 590 1346
f 3912 1364 2088
f 1218 2824 3772
f 764 1493 458
f 601 3794 3766
f 873 880 1634
f 2983 722 3788
f 3290 1903 3256
f 2377 608 16
f 1483 2252 2531
f 1364 1907 1251
f 1562 1423 2484
f 3779 1944 1484
f 835 2270 676
f 1399 2065 2449
f 838 2540 1324
f 590 3151 3480
f 2780 2936 1873
f 139 1577 3215
f 122 3868 1296
f 3213 3228 316
f 434 764 1672
f 621 391 1995
f 1903 2296 2958
f 236 3484 2603
f 1213 34 3331
f 3898 1960 3581
f 2570 906 1907
f 2570 546 1116
f 1125 475 1076
f 1919 884 4092
f 3307 364 1601
f 1857 417 2274
f 2544 2911 1709
f 1514 651 2548
f 1138 69 662
f 1485 4083 1770
f 4105 1527 2503
f 2097 2763 3878
f 1661 1361 319
f 528 2591 1516
f 657 1186 2288
f 3044 251 879
f 3993 2327 2181
f 245 3774 2663
f 3497 1146 4003
f 1443 2009 1088
f 1747 1156 259
f 841 2145 2535
f 303 2447 2355
f 2275 79 1525
f 1586 2851 251
f 178 2449 2065
f 2542 266 1139
f 4056 1935 922
f 2836 4080 3146
f 708 1526 2350
f 51 1498 20
f 1625 4161 842
f 1743 191 1212
f 930 1219 1658
f 3823 322 1295
f 221 1490 1738
f 789 2325 576
f 1327 2148 1974
f 2172 4268 527
f 766 1481 1417
f 1904 3954 1101
f 779 3246 795
f 72 1722 2666
f 1213 3800 34
f 18 3054 2073
f 1530 474 1134
f 484 3123 1804
f 3742 2770 3773
f 2357 825 1748
f 1195 3058 1725
f 3035 3289 3699
f 1088 619 1443
f 1566 1004 353
f 566 1462 908
f 3799 958 2554
f 39 2383 2267
f 884 1613 1263
f 1615 129 627
f 2346 3995 3131
f 392 1735 1244
f 1199 1091 2142
f 3329 2148 230
f 2861 1318 2986
f 2825 2895 3612
f 337 1415 1516
f 2448 2941 1170
f 605 2429 3404
f 246 2336 540
f 2794 1038 427
f 914 269 2634
f 860 3750 1398
f 2128 1269 1440
f 3962 2359 1975
f 1800 2276 691
f 766 2590 509
f 504 3989 2502
f 1347 2014 2239
f 173 875 4293
f 1376 2222 3555
f 1649 656 2091
f 2604 2679 945
f 2378 3299 2732
f 3408 53 846
f 3064 4225 810
f 942 4251 3354
f 2008 2786 2221
f 492 112 832
f 1705 3983 498
f 1033 997 15
f 1110 1738 1490
f 71 2728 1612
f 1955 924 1855
f 994 89 783
f 3574 981 3939
f 268 2708 2699
f 2937 3209 3005
f 1664 4198 3944
f 270 2586 2142
f 3761 385 1691
f 2630 862 4134
f 1082 2496 1405
f 670 1583 2167
f 2855 2874 3463
f 1227 2155 1217
f 197 2995 3147
f 2172 3297 3220
f 2023 1717 450
f 2125 1320 504
f 308 2525 2440
f 3111 162 1581
f 755 3879 1878
f 1171 492 2462
f 776 1797 1001
f 2564 489 1715
f 1836 3237 1538
f 488 1219 2608
f 1530 583 474
f 1511 1948 2689
f 1247 3044 879
f 2392 3437 725
f 3554 2674 393
f 3651 3304 293
f 3548 2743 2970
f 2493 1469 4190
f 888 2211 3081
f 974 3103 1827
f 466 1543 1384
f 820 2446 1479
f 3230 1456 4271
f 4147 2229 1979
f 288 3080 1109
f 2019 3943 4017
f 775 1580 2676
f 4064 1044 209
f 602 870 64
f 632 2451 1763
f 2838 3961 1828
f 2083 3473 2901
f 3564 2869 3824
f 1853 4207 3153
f 3224 2058 616
f 1132 2195 3958
f 731 1670 128
f 1373 2691 2690
f 2156 4086 1794
f 1334 2111 2631
f 3124 2801 3130
f 1536 2255 2363
f 92 1160 1024
f 297 3741 1915
f 882 3402 1807
f 4127 2067 1599
f 3277 283 2921
f 265 1170 3929
f 2746 4267 4136
f 1744 457 1348
f 1762 1564 54
f 1 4109 2626
f 2256 76 710
f 2403 135 3806
f 2763 3635 4038
f 2125 1709 2911
f 218 2912 313
f 3983 2880 3066
f 1776 3396 1600
f 3679 27 754
f 2126 396 1766
f 4176 1109 1256
f 2099 1137 739
f 409 1836 2191
f 805 1702 1790
f 738 4161 2549
f 1609 1147 42
f 2834 1450 3569
f 2976 695 2141
f 2710 3341 833
f 3654 2768 2151
f 3616 3371 465
f 4153 548 1321
f 404 2290 1077
f 1128 2722 425
f 3948 489 1579
f 3367 1224 3938
f 10 1192 1095
f 469 2281 2552
f 3559 3579 3969
f 1775 1997 2040
f 1087 2462 928
f 2811 3617 2832
f 3384 1713 967
f 1816 3717 2942
f 183 2662 805
f 304 1717 999
f 1079 525 929
f 1692 374 1248
f 1207 406 1458
f 1806 1553 2575
f 4291 3497 981
f 1708 377 1276
f 979 1605 144
f 1750 1617 749
f 3475 2980 3483
f 2031 2510 3483
f 253 2512 3503
f 1742 94 1526
f 1504 15 997
f 3895 4302 3753
f 1798 2498 2495
f 1333 2489 3534
f 341 669 629
f 1699 3445 4087
f 1255 3909 978
f 668 2933 2052
f 2251 2641 2651
f 913 1385 3955
f 1055 332 961
f 1845 3340 3170
f 618 1603 1587
f 2947 3555 2222
f 847 198 3840
f 3726 1039 4077
f 2513 795 1383
f 3451 2272 4274
f 1830 3600 1873
f 4225 3043 810
f 138 2543 3514
f 639 845 1618
f 1583 2415 367
f 231 1359 220
f 3911 470 1408
f 3445 1699 2285
f 533 1502 811
f 759 3328 1147
f 1794 345 2156
f 342 1217 669
f 1000 2043 3401
f 1695 142 2432
f 602 1389 3
f 13 2088 1251
f 1455 407 1110
f 3252 926 2339
f 2815 2121 1852
f 2845 1212 191
f 2477 518 1691
f 686 157 158
f 585 3472 3077
f 3362 4273 3533
f 4241 2195 288
f 3178 1814 2910
f 1797 395 1001
f 3263 485 1306
f 1030 2493 1340
f 3363 418 1679
f 824 3312 3346
f 351 1205 3862
f 433 1615 1670
f 418 1628 900
f 1828 2908 2838
f 3316 320 2264
f 3068 3368 715
f 2503 3505 1388
f 3604 2841 149
f 781 1313 1710
f 700 2567 75
f 1427 348 775
f 942 3799 4251
f 299 2374 1354
f 1758 3938 3529
f 2643 3285 2576
f 551 1052 1474
f 1464 321 1024
f 3605 3962 1975
f 2444 4249 1679
f 309 2429 1394
f 961 3183 145
f 2695 1025 1082
f 2697 1944 630
f 1043 108 531
f 721 3866 1808
f 3930 4037 3233
f 3367 3938 1758
f 1828 1829 2454
f 1135 1992 2352
f 915 202 1439
f 192 3286 1452
f 1932 3893 3164
f 2622 768 1015
f 1168 3428 1606
f 1073 3470 4215
f 1616 2677 3194
f 3061 4090 3595
f 1290 103 898
f 2734 1322 3099
f 586 2519 2210
f 837 2616 1138
f 2788 131 2319
f 606 929 525
f 354 1781 2473
f 50 4139 4037
f 261 1033 15
f 34 2637 4258
f 756 657 3267
f 2638 3257 3171
f 1038 1676 2565
f 2719 66 1202
f 2036 1223 515
f 131 4122 1388
f 2460 3858 2482
f 1450 1028 3569
f 507 1051 1368
f 326 2518 1599
f 1541 3166 1926
f 617 2519 3688
f 1094 509 870
f 1471 1005 2580
f 2861 1945 2982
f 1207 458 2630
f 3546 3670 3783
f 1298 2535 2145
f 3643 4216 813
f 1611 3196 4041
f 2242 1716 2494
f 2872 3604 149
f 1189 1631 3430
f 1107 3717 1816
f 482 1464 1024
f 3962 3605 136
f 1583 724 324
f 357 3851 2808
f 242 3307 1601
f 4212 379 1528
f 3429 2978 3975
f 1062 3864 262
f 64 2590 731
f 864 2723 4098
f 558 99 1657
f 1177 94 456
f 3519 1178 2132
f 3618 4257 3662
f 1718 2024 4052
f 734 2667 2216
f 416 3179 1625
f 1333 607 2457
f 3479 1083 1111
f 76 4295 2032
f 3245 3573 3553
f 3885 41 3984
f 887 1306 485
f 2536 251 1575
f 2683 1108 37
f 2330 3278 2394
f 405 1788 781
f 541 3663 3198
f 1857 1148 818
f 3251 3214 939
f 2313 3430 1286
f 1278 3147 2995
f 3094 1578 4209
f 636 2201 2633
f 1558 4218 3786
f 1399 2205 177
f 1928 3644 3399
f 3261 2059 2960
f 2923 110 3326
f 3410 671 2652
f 1053 507 2845
f 1217 1550 1227
f 1405 3244 3339
f 2740 3670 2754
f 689 2497 878
f 635 4192 2831
f 1593 438 1161
f 3298 356 2196
f 1827 3103 3626
f 1120 4131 1155
f 104 3527 2462
f 1207 2630 4134
f 659 3528 3527
f 657 2463 248
f 698 254 3793
f 3994 3012 1282
f 654 695 2533
f 2370 1085 1397
f 1884 3264 3158
f 2901 3473 2454
f 19 323 2306
f 1119 4228 3998
f 4093 1296 3868
f 59 609 3265
f 2946 3816 1925
f 790 1995 391
f 656 2698 2068
f 1076 1108 1125
f 1258 3134 2201
f 661 3288 4056
f 184 1650 3038
f 162 956 3242
f 448 3383 2736
f 913 2192 1745
f 470 2168 2110
f 1457 3515 3138
f 257 1179 1591
f 1241 2454 3473
f 452 1226 106
f 3901 398 3239
f 1437 2502 2378
f 2835 3159 4242
f 479 1795 1076
f 858 809 2043
f 402 3447 1453
f 940 2016 3639
f 2324 683 853
f 2329 141 2080
f 191 1654 1053
f 474 2142 1091
f 1031 2244 3306
f 1477 2123 851
f 1267 2085 1427
f 1118 850 4119
f 200 851 2123
f 1094 1473 3976
f 1550 2293 348
f 1433 984 3022
f 219 2039 952
f 1648 3464 1116
f 2412 1485 2273
f 473 2188 1948
f 2332 246 1730
f 2000 3474 693
f 3947 496 4128
f 439 1254 1352
f 1281 2714 2340
f 1902 3238 4166
f 3202 4128 496
f 1055 3812 1937
f 1254 79 1010
f 1179 143 1591
f 3516 1981 2719
f 601 3454 2724
f 4040 491 1688
f 3123 627 1804
f 2083 4157 3472
f 1036 4097 418
f 904 2112 3813
f 818 417 1857
f 853 2325 286
f 655 3404 2458
f 176 2303 400
f 1327 1998 515
f 1689 836 1206
f 20 2919 2517
f 1995 790 1684
f 1100 508 1381
f 3389 583 272
f 4231 2943 3872
f 1900 1498 3841
f 504 4100 2125
f 2702 32 1781
f 1729 2367 3436
f 3972 2900 1819
f 1184 3400 3396
f 4029 21 2470
f 711 2464 1263
f 2299 1789 2209
f 2961 3770 2837
f 1361 1661 2573
f 2563 938 797
f 1487 3708 3416
f 1739 3055 388
f 2196 3771 2685
f 394 4196 2428
f 2065 480 178
f 2390 102 1771
f 1741 419 2589
f 23 3743 2368
f 1053 2845 191
f 3669 4124 919
f 440 2862 1229
f 1031 1449 2244
f 1552 166 2248
f 3630 906 1644
f 4235 1362 3640
f 3148 1215 2284
f 699 2528 615
f 704 1255 1441
f 1534 1786 441
f 4017 2836 3146
f 1386 2686 491
f 1951 4150 3921
f 3910 978 3912
f 861 4033 3778
f 3679 2277 2299
f 2629 104 1472
f 461 1502 323
f 3860 2912 3807
f 1953 3385 3003
f 4217 425 2722
f 258 2387 2252
f 117 2094 4273
f 2612 817 822
f 1566 673 599
f 1531 446 1380
f 3054 1975 2073
f 1734 2475 2500
f 1574 1809 3328
f 2008 2884 2220
f 483 1023 1802
f 2974 1726 4089
f 2082 3458 1979
f 2200 2848 2809
f 290 3797 3534
f 723 2360 2406
f 2180 1938 2744
f 596 1727 231
f 3291 3785 2146
f 520 3005 4297
f 922 4054 2706
f 1653 1802 1023
f 1233 2140 388
f 437 979 1513
f 2558 3346 3312
f 3715 818 648
f 3673 1215 2372
f 548 1400 1321
f 2755 3580 1952
f 2198 3817 2262
f 695 2165 2248
f 995 2349 610
f 323 19 1588
f 636 3709 798
f 1341 2423 794
f 1971 4242 4189
f 588 2226 1983
f 247 297 2337
f 522 1900 1430
f 2587 3202 496
f 957 1185 2218
f 1369 2978 3429
f 3994 4046 2284
f 937 2558 2431
f 892 2289 1178
f 423 1926 2170
f 4294 2868 588
f 1913 2938 1922
f 3271 1185 4255
f 2389 1265 2546
f 1654 425 952
f 883 3885 39
f 27 2299 2209
f 2179 4176 1256
f 1666 770 1355
f 2171 2189 835
f 899 2730 2520
f 1031 2718 2391
f 2550 3650 633
f 3803 30 3369
f 842 738 239
f 1902 1949 4046
f 748 2698 656
f 1777 370 1459
f 1925 3279 1862
f 3097 4216 3893
f 3710 711 1572
f 1021 1695 1404
f 2160 3326 110
f 2215 4024 2899
f 3571 1520 3066
f 181 1599 1188
f 750 1328 2336
f 3295 2041 3222
f 3864 3400 849
f 163 2812 595
f 2199 1451 1567
f 2685 3214 343
f 692 2089 1629
f 1255 1589 217
f 3846 754 27
f 1521 203 1556
f 3390 3065 563
f 765 597 2261
f 931 2765 2915
f 894 3904 510
f 2574 349 2430
f 575 2484 1423
f 3754 752 1152
f 93 1316 1754
f 220 1648 1163
f 2043 222 1408
f 1245 1835 2661
f 2212 1150 1976
f 769 3945 405
f 279 260 2457
f 1072 2489 2490
f 2262 2778 87
f 1915 2337 297
f 223 1672 1458
f 1949 3274 3293
f 462 482 1024
f 2959 655 1954
f 849 2182 1273
f 712 3755 1387
f 1782 277 267
f 2015 4298 1728
f 128 1670 627
f 907 1238 1231
f 3214 3251 2353
f 4235 1827 2893
f 1644 1116 730
f 2984 2162 1870
f 662 1624 2516
f 3012 2284 1215
f 400 731 2590
f 149 2998 1604
f 1547 2432 142
f 3742 2776 3936
f 1873 4279 3747
f 430 3343 1724
f 776 3902 1797
f 4180 3246 779
f 1712 2735 3302
f 2842 2942 3717
f 1041 2965 3133
f 1090 2517 1218
f 74 3766 3794
f 148 2554 2045
f 62 4206 2357
f 230 2677 1616
f 524 1405 2496
f 3133 2497 689
f 3015 544 1367
f 4088 376 3692
f 3318 778 2253
f 2640 64 1166
f 281 881 532
f 2676 1931 1344
f 549 4213 1637
f 1068 3658 2399
f 2852 3884 2219
f 658 1758 1651
f 2070 3286 1610
f 1273 262 3864
f 1892 3309 1897
f 1633 420 1053
f 115 4296 291
f 3467 3440 3531
f 7 3530 1319
f 868 3533 3858
f 1788 208 781
f 512 1086 2662
f 184 1504 1121
f 3553 3573 3674
f 890 115 291
f 641 2453 4198
f 2001 996 1123
f 2847 3690 2972
f 1533 3605 3051
f 1607 263 1343
f 612 2628 3903
f 214 3903 2628
f 570 1014 1012
f 329 4272 894
f 2864 1194 1847
f 1138 4036 837
f 524 971 760
f 2929 4078 3559
f 2090 2175 817
f 475 1791 479
f 1558 2084 78
f 3067 946 888
f 1086 512 221
f 3939 3035 3574
f 2197 2282 2682
f 2752 3744 3659
f 516 2694 1271
f 1476 3032 4244
f 3467 717 3440
f 382 3374 2269
f 1648 220 3464
f 1510 70 1454
f 1569 2227 1210
f 2154 1026 1794
f 951 1115 549
f 2597 912 1046
f 1137 2099 1684
f 2816 962 2807
f 743 1571 49
f 1572 4158 167
f 972 2711 2965
f 718 475 2390
f 606 910 600
f 910 113 600
f 1397 1085 472
f 647 2372 1215
f 4081 1139 266
f 1505 2561 1223
f 447 1710 1154
f 3789 2323 201
f 3441 1225 2582
f 699 2529 2530
f 1440 2417 2128
f 1594 267 277
f 1889 2183 1886
f 471 84 2636
f 1894 3358 1971
f 766 1417 400
f 2990 2552 3470
f 1306 3960 2794
f 2546 1265 788
f 665 649 1083
f 951 3513 381
f 3729 996 2118
f 1413 1598 2509
f 954 2507 1866
f 1509 1632 394
f 1664 4053 429
f 3100 4048 933
f 1013 63 2609
f 1418 2062 595
f 1359 1855 885
f 3090 676 3150
f 3181 2875 2789
f 3446 959 3356
f 784 2581 2605
f 2439 4167 1573
f 1941 3109 2833
f 866 3526 2588
f 1755 2135 76
f 3091 3803 95
f 1481 1545 1226
f 141 2329 2322
f 2706 1663 661
f 1521 1556 581
f 2554 958 1503
f 144 1512 979
f 867 3112 799
f 512 183 1490
f 2329 1769 2322
f 2048 3403 3207
f 941 3304 1617
f 1537 4300 3716
f 411 2693 1071
f 2293 3087 1580
f 620 3932 1317
f 2491 132 1392
f 2228 2985 4123
f 2214 3108 1546
f 240 2684 1434
f 763 2317 1440
f 4209 1880 1851
f 72 1612 2728
f 1943 3801 2108
f 858 1702 2662
f 2143 4262 1210
f 565 1391 634
f 1392 132 943
f 3740 3152 1842
f 1243 4109 3315
f 39 4111 2383
f 182 1532 3484
f 1262 359 2211
f 352 3069 2879
f 4022 17 2080
f 120 2068 2698
f 1293 2053 948
f 324 2415 1583
f 349 2574 3697
f 1508 2309 1864
f 3468 918 3324
f 292 2244 1449
f 2935 2087 4210
f 1449 3631 1981
f 958 4203 4008
f 1075 3540 4286
f 66 2384 1202
f 1059 2256 710
f 772 2506 1235
f 2703 3002 1433
f 2050 1694 1266
f 942 3056 2425
f 100 471 2636
f 101 1460 1125
f 2218 3829 623
f 1062 2988 1620
f 3933 2220 3065
f 3017 3697 2673
f 420 3319 1610
f 3368 3068 2671
f 665 3739 649
f 103 2667 1956
f 1239 3703 3058
f 1948 1511 2904
f 654 2533 819
f 2338 2951 1167
f 311 1474 593
f 2501 2794 1105
f 317 2648 3240
f 3350 89 3459
f 437 2565 1676
f 2874 3557 1897
f 217 1589 1792
f 612 3903 802
f 1827 3640 974
f 321 654 819
f 4249 2444 120
f 968 2343 1475
f 495 2375 1561
f 2917 3466 4259
f 326 1599 3406
f 268 2699 506
f 25 3186 4265
f 971 524 878
f 1693 2340 2275
f 3839 1906 339
f 3284 283 1409
f 1090 458 1493
f 1273 983 1656
f 3364 3946 767
f 1277 3780 3859
f 435 3227 1169
f 3024 4113 1412
f 646 3780 1277
f 3586 3054 598
f 175 2040 1997
f 653 2286 548
f 1701 599 603
f 545 2045 1503
f 1685 405 781
f 190 1133 188
f 438 2555 1161
f 1146 2352 1996
f 2771 1987 3990
f 844 1290 898
f 1153 1196 1611
f 1659 35 1565
f 3954 2838 1101
f 1394 2429 2525
f 2542 264 266
f 338 3521 3556
f 3614 1122 645
f 1733 3542 3573
f 1437 24 1721
f 3269 1663 1175
f 1674 2441 2524
f 2512 253 4120
f 1274 1313 3096
f 3685 3905 3999
f 1895 4294 588
f 1466 145 3183
f 1280 2252 1483
f 1275 2732 3299
f 581 1769 1521
f 1725 451 2467
f 281 3126 1367
f 145 993 961
f 961 3812 1055
f 785 3418 2104
f 2996 3034 31
f 2956 2044 3665
f 1308 3389 272
f 3968 1877 3257
f 2253 3511 3184
f 2865 3928 2527
f 954 1866 1497
f 244 998 243
f 1265 2562 301
f 2783 2882 2744
f 304 3504 1019
f 2117 542 2924
f 850 3126 2669
f 2033 1214 3204
f 1310 3333 455
f 536 2075 1560
f 3774 3365 4160
f 1022 2141 695
f 3454 3766 1022
f 2012 3136 3638
f 1465 418 4097
f 3604 3769 4020
f 421 3396 3400
f 3967 2819 3649
f 1006 363 881
f 1200 2843 2337
f 3993 2408 751
f 1 1008 604
f 378 2625 1707
f 2968 1938 1876
f 2302 797 3562
f 4200 2151 3355
f 3281 2059 2701
f 1156 727 259
f 1856 1765 4133
f 1636 4021 1465
f 1080 1793 1571
f 3984 39 3885
f 3348 17 4022
f 560 1014 189
f 2779 1665 2235
f 2 1015 768
f 140 1254 2621
f 2728 71 841
f 685 2830 503
f 1492 190 2005
f 439 2321 2511
f 1058 1102 4185
f 1018 2164 105
f 2793 3668 2816
f 3847 3934 2900
f 4224 1068 1519
f 2474 1288 675
f 267 1397 1782
f 345 1026 4183
f 2248 73 1552
f 1603 794 1681
f 424 1023 823
f 1023 483 823
f 1648 1116 1163
f 830 1513 1512
f 1576 263 893
f 908 1462 1572
f 1417 610 176
f 3893 542 2117
f 3650 2320 633
f 2249 1761 4121
f 2860 4264 3141
f 2806 4011 2871
f 1527 511 1392
f 3446 147 3354
f 618 2440 1675
f 3072 206 4261
f 1335 3470 2552
f 3018 1469 1030
f 2141 1022 3766
f 3694 3680 2885
f 1969 3806 2004
f 1952 3922 3606
f 3236 3489 1959
f 744 3956 2206
f 7 4121 1761
f 1407 641 4198
f 2414 2847 2972
f 865 1404 1479
f 2074 3122 2226
f 516 1415 428
f 552 2564 1715
f 436 2524 2442
f 3292 2273 3561
f 1928 3399 2920
f 672 2516 3955
f 1314 107 713
f 658 2436 2438
f 2477 526 1288
f 3094 4209 1851
f 139 3722 1287
f 1043 1099 1443
f 412 821 203
f 200 1331 851
f 3760 1831 3492
f 949 2079 4290
f 1045 113 910
f 457 1046 912
f 234 2596 2487
f 1520 3809 2246
f 1271 663 516
f 2692 1297 543
f 1165 2948 43
f 275 276 2295
f 999 3160 3161
f 51 1050 52
f 434 1050 764
f 3441 2307 589
f 318 4290 2599
f 151 2941 2448
f 1007 4159 4075
f 546 2570 12
f 1053 420 507
f 1869 3773 3647
f 2306 1145 19
f 332 1055 944
f 1859 1936 1909
f 1531 1935 187
f 724 1057 1935
f 30 3091 4047
f 25 1183 3019
f 1828 2454 1241
f 492 104 2462
f 1476 3587 2865
f 718 4171 1791
f 1352 1287 252
f 1066 3073 507
f 562 3627 2407
f 2076 3861 1777
f 596 3418 994
f 1891 2987 1942
f 1923 2910 1930
f 2096 2897 964
f 97 2784 3500
f 1183 3854 3019
f 1167 2294 2338
f 539 2265 3393
f 3711 192 1452
f 895 3165 1542
f 3374 1220 2610
f 1634 211 1180
f 7 3127 992
f 2154 2831 3980
f 632 4025 646
f 916 2223 894
f 2115 2648 4062
f 928 2462 3527
f 353 1071 807
f 315 2692 543
f 3594 1424 3338
f 163 4029 2470
f 2058 2734 616
f 767 1597 864
f 2323 576 683
f 2476 1473 602
f 2080 1618 1779
f 260 2592 2457
f 396 3979 1766
f 1076 475 479
f 1092 2952 2910
f 2450 3110 861
f 264 3415 2785
f 2701 816 2548
f 918 3468 1954
f 4262 594 1210
f 3427 3853 2593
f 1792 14 217
f 394 3949 3693
f 2316 563 3200
f 211 880 2818
f 1798 2495 481
f 189 1423 1562
f 1221 3825 1302
f 997 1033 1240
f 2341 2042 3393
f 650 2070 1610
f 3203 1478 574
f 2957 3918 698
f 1422 3203 3083
f 2019 4017 3146
f 928 831 4018
f 619 2652 671
f 1109 4176 2280
f 3791 2814 3569
f 1316 1369 1730
f 672 3955 146
f 1090 415 458
f 3865 4275 373
f 325 2633 2201
f 681 1607 3572
f 572 2899 4024
f 2590 64 870
f 1178 3519 892
f 1472 104 492
f 2817 2571 3490
f 2287 3965 1278
f 449 2400 1551
f 782 1421 1260
f 168 2381 2169
f 619 1088 2652
f 642 2473 1781
f 3602 2899 3846
f 4176 2179 2280
f 2829 2814 1097
f 1941 2833 2840
f 4271 2963 3971
f 78 1915 1558
f 593 1474 1052
f 526 1871 486
f 2891 1668 705
f 1627 2257 946
f 1120 1761 3502
f 1602 1441 216
f 1700 2664 2152
f 796 2539 2300
f 289 2311 2050
f 2096 4013 2594
f 2807 3666 2816
f 1912 4204 2906
f 3133 2965 2711
f 650 1855 3810
f 4250 3452 2037
f 225 2682 2539
f 508 1089 1735
f 2510 3138 921
f 407 1738 1110
f 1339 1603 2441
f 3836 2096 964
f 1535 2733 331
f 1177 3975 2978
f 2464 3063 1263
f 451 3058 3703
f 794 1603 2688
f 1154 3055 1720
f 1143 2572 4042
f 3620 2760 3539
f 1375 3062 1840
f 3565 4035 1724
f 2260 588 1983
f 1989 3103 2881
f 2751 2364 2756
f 1344 503 2676
f 4279 2803 3747
f 2772 1176 2420
f 2249 3502 1761
f 1239 1195 4023
f 986 3164 195
f 554 1369 677
f 2434 674 843
f 3646 2767 3683
f 889 2808 3851
f 2083 3130 3473
f 2760 3621 3937
f 1126 3244 1405
f 4035 430 1724
f 2462 1087 1171
f 4162 562 2407
f 1126 524 760
f 2875 4287 2989
f 1127 387 743
f 1253 2354 2980
f 2844 1214 3221
f 1357 1947 2016
f 1677 2195 287
f 534 3876 998
f 1242 3260 3427
f 3654 3427 3260
f 1366 782 1260
f 3088 1424 1072
f 1019 3875 534
f 3270 1133 2713
f 2825 3156 3645
f 2178 2365 590
f 1045 910 606
f 4121 1319 4201
f 1992 1135 2292
f 1136 479 1012
f 1136 560 38
f 250 1541 3532
f 3076 4170 2348
f 666 2616 837
f 4180 779 1287
f 26 2541 1296
f 1139 682 631
f 277 1517 1594
f 646 1752 2451
f 325 1141 915
f 706 2418 1141
f 134 2858 1715
f 3118 160 872
f 157 2208 4253
f 1143 182 236
f 2880 3983 3234
f 109 3752 2739
f 1726 1398 2844
f 1145 1774 660
f 241 4304 2486
f 1117 3966 3702
f 42 1147 3328
f 362 3813 2112
f 2214 1977 3334
f 1114 1591 2619
f 1428 1003 74
f 2134 3793 254
f 527 598 18
f 455 3333 1001
f 653 2275 2660
f 192 3073 1066
f 699 1152 752
f 615 1762 2529
f 914 325 1439
f 1101 2908 1856
f 388 1154 1127
f 1710 447 781
f 4171 718 1174
f 1155 682 772
f 391 1403 790
f 370 1777 3861
f 3211 3332 278
f 2007 593 61
f 1334 236 159
f 803 693 2354
f 2292 1546 1992
f 801 2866 2669
f 1967 3142 2018
f 2411 273 2233
f 730 3319 1644
f 876 2555 438
f 1565 2367 1729
f 4178 714 937
f 4151 462 1024
f 1800 1433 793
f 1401 3960 887
f 2125 4100 989
f 207 4077 2328
f 546 1801 1163
f 128 1166 731
f 1166 64 731
f 772 1997 3887
f 2902 3175 3809
f 341 1161 2555
f 624 2388 1285
f 941 1435 293
f 2224 1547 2772
f 2202 3155 3097
f 3254 2051 955
f 522 1446 2003
f 814 2600 2716
f 480 1341 178
f 274 2686 1803
f 1236 3162 2537
f 1713 2735 3382
f 3752 109 3355
f 1071 2174 411
f 191 1743 2305
f 1794 635 2154
f 3821 311 3902
f 505 2160 110
f 1288 486 2475
f 2660 1551 653
f 1436 4266 4137
f 49 1793 941
f 523 1179 820
f 2294 3913 86
f 454 3318 2253
f 536 1563 2075
f 2352 4291 981
f 4282 1487 2233
f 472 4054 2371
f 450 4052 2024
f 2174 1268 411
f 1622 1401 3761
f 501 3294 3167
f 683 2324 2323
f 3408 569 2453
f 369 898 911
f 248 1186 657
f 829 223 2288
f 1804 129 1636
f 806 1411 101
f 3749 966 4043
f 436 3857 1674
f 2947 3652 3555
f 111 1088 2009
f 237 1190 28
f 1190 237 446
f 2472 3173 3195
f 1262 2225 2158
f 1855 1359 1955
f 1722 909 1423
f 2010 977 2583
f 1080 1652 1737
f 676 2029 3150
f 1082 3339 2695
f 729 2137 2629
f 228 1920 1296
f 2725 3721 422
f 4188 2829 3221
f 147 3446 2483
f 3235 2863 2968
f 1111 2075 3479
f 1484 2093 1358
f 1259 2142 621
f 3935 361 3477
f 848 540 2336
f 1932 4244 3097
f 751 2511 2321
f 1905 2894 445
f 1786 2267 2383
f 224 2727 923
f 575 2535 1298
f 1944 3779 630
f 1204 261 15
f 351 3862 1156
f 1205 222 1061
f 909 1722 72
f 2538 2598 876
f 406 1207 22
f 458 1207 764
f 3557 3586 598
f 518 3110 1691
f 3576 1650 456
f 2105 919 3360
f 1744 3306 3787
f 713 1568 1314
f 3021 2210 3006
f 260 2326 1240
f 1246 3939 981
f 403 1056 3585
f 2769 3987 2942
f 2846 4223 2800
f 2770 3713 3647
f 4154 1321 212
f 3967 1282 2234
f 273 3891 3552
f 180 2716 2600
f 720 2369 3300
f 629 669 1217
f 1217 340 629
f 48 2516 672
f 1218 415 1090
f 2971 3978 1444
f 2608 197 488
f 1237 4205 125
f 4225 3064 4282
f 2915 1507 4197
f 834 2268 3347
f 4022 1021 1404
f 2784 97 1740
f 60 2784 1740
f 2436 151 1697
f 3423 2071 2338
f 496 1225 883
f 1406 3425 336
f 494 2371 4054
f 40 770 867
f 1501 634 340
f 918 3761 1691
f 3351 168 3128
f 1228 667 747
f 1631 1189 3707
f 2136 4215 1690
f 1666 2605 2581
f 2241 3200 2884
f 2009 2091 111
f 482 1759 736
f 285 2578 1421
f 2221 2764 1376
f 359 3081 2211
f 2339 3266 3252
f 770 1666 867
f 640 3326 2172
f 1093 1212 193
f 1560 327 67
f 3525 372 1837
f 3104 365 3045
f 2675 1253 2673
f 3763 2820 3682
f 417 3715 907
f 3369 3623 719
f 2151 4200 986
f 294 3131 3995
f 1240 554 677
f 1240 261 260
f 1834 4088 3692
f 2102 3426 1229
f 143 2619 1591
f 3558 1378 1159
f 182 1397 267
f 955 4006 3254
f 503 1244 685
f 703 1381 1735
f 1392 3781 2491
f 3869 32 30
f 1876 3235 2968
f 2421 170 2130
f 2811 4257 3618
f 1963 3014 1985
f 4173 796 2276
f 3499 875 574
f 2733 1535 1937
f 1130 395 1249
f 871 3392 1821
f 1038 2794 2501
f 2959 1954 3468
f 1640 4046 3994
f 1147 3814 759
f 845 1252 571
f 1400 127 758
f 1170 3278 2330
f 79 1254 140
f 2621 303 140
f 2175 1057 822
f 3479 4285 1083
f 2379 824 16
f 3226 116 1674
f 3424 2172 3326
f 1753 125 3210
f 796 4173 3431
f 1931 2808 1270
f 621 2586 1647
f 519 2579 1586
f 1032 1543 466
f 1260 993 145
f 3001 3923 3922
f 907 2274 417
f 2419 296 2158
f 2112 3006 2508
f 69 1138 2616
f 756 1602 2463
f 33 1565 2042
f 1510 407 2366
f 578 1265 948
f 515 1223 2561
f 2652 106 3410
f 540 4063 246
f 1267 503 2830
f 4015 860 1398
f 1936 2955 1909
f 1373 2690 2174
f 1067 2887 1635
f 2808 889 1270
f 3261 1047 3959
f 254 3281 2701
f 767 3322 1597
f 1035 1597 3322
f 1833 3919 1351
f 2226 3122 4086
f 435 1169 1492
f 2035 2785 633
f 1312 315 543
f 90 1163 2104
f 1445 1561 2375
f 2769 3660 3987
f 1230 1707 55
f 1882 3268 2109
f 1358 591 3779
f 211 2406 2360
f 2019 3146 1962
f 85 3411 3657
f 3143 2018 3144
f 1163 1801 2104
f 3958 2115 1132
f 1280 828 1132
f 8 2422 1806
f 1776 1600 3741
f 3490 3452 2817
f 859 3454 1022
f 759 1048 2948
f 43 2948 1048
f 595 1284 274
f 845 91 1585
f 1973 2364 2751
f 457 666 1093
f 2281 2903 1772
f 1371 3084 1805
f 1287 1352 139
f 1194 2864 2435
f 2271 3098 2355
f 3187 2821 3176
f 1888 2966 441
f 279 990 2326
f 973 2666 1722
f 973 1956 2667
f 3698 1419 2003
f 4138 1068 2385
f 3759 1434 1442
f 2180 3943 1938
f 594 3258 1164
f 1770 2233 3416
f 1321 4154 4153
f 1462 2132 1178
f 1635 2631 4195
f 1310 3822 3333
f 248 3910 667
f 2186 1285 4045
f 3176 1757 3125
f 929 1447 1079
f 35 2534 1162
f 3595 3187 3095
f 430 3694 3343
f 3590 2906 3042
f 1457 469 3515
f 679 1058 4185
f 561 2308 2504
f 1949 1902 2069
f 979 1686 1605
f 2138 1353 2237
f 1697 2438 2436
f 3748 1342 2663
f 360 3324 3778
f 1016 4053 509
f 538 248 667
f 2811 2279 1494
f 366 3262 3222
f 3980 4183 1026
f 1307 114 600
f 927 2712 1452
f 1308 571 1252
f 1185 957 4255
f 2455 1796 532
f 3646 3683 1824
f 875 3083 3203
f 2780 3327 2936
f 2918 969 3838
f 1182 3387 3790
f 1312 68 3787
f 387 1802 1653
f 3545 2077 2774
f 3024 3180 1962
f 3593 1970 2775
f 787 3668 1953
f 431 4007 2537
f 2820 3874 3682
f 4239 3413 228
f 3845 328 2382
f 269 914 1011
f 3028 3734 1785
f 1307 1890 114
f 3942 3485 3529
f 511 1192 1392
f 2264 1700 2152
f 15 2695 3339
f 212 1321 758
f 3283 2891 1102
f 199 2199 1567
f 1886 2183 1885
f 213 747 667
f 306 2375 2291
f 162 2540 956
f 1191 1069 1148
f 2316 2815 4115
f 543 3449 1312
f 2193 1063 1659
f 605 2442 1675
f 769 2366 407
f 2110 3887 1775
f 86 1328 750
f 694 2336 1328
f 3247 4095 3717
f 1914 3969 3579
f 347 3759 1442
f 637 2415 2076
f 564 1331 833
f 1589 477 1792
f 1534 441 2966
f 419 2622 1015
f 290 3534 2489
f 3466 2890 295
f 786 412 571
f 1905 3564 2893
f 3219 1631 3707
f 4242 1971 3610
f 3189 1938 3943
f 1754 4063 4048
f 799 945 2679
f 244 3985 963
f 3335 2994 3057
f 152 2574 2679
f 1172 2687 2423
f 1339 116 178
f 1702 858 1790
f 1229 2492 2102
f 794 2423 2687
f 466 1384 480
f 504 1320 1370
f 2019 1962 3180
f 2456 1129 521
f 2947 3571 3066
f 503 1344 1244
f 1344 681 1244
f 754 2899 3751
f 1345 566 1237
f 2968 2863 3547
f 1560 2075 2617
f 2810 4124 2912
f 429 1687 1796
f 3200 4220 4055
f 1228 538 667
f 3820 3246 4180
f 286 2194 1483
f 1798 2802 389
f 2350 1581 2543
f 2350 4232 1581
f 1967 3143 2026
f 139 1352 1010
f 1010 1352 1254
f 1699 2130 3177
f 1168 4034 2556
f 1606 3902 311
f 1515 301 1180
f 287 2380 1677
f 479 1791 1012
f 884 1919 1149
f 2324 203 567
f 307 2100 1060
f 4246 2931 3143
f 1152 2530 105
f 2398 440 2400
f 255 1561 1445
f 624 2650 2556
f 3748 2663 3774
f 1360 637 678
f 2572 236 1334
f 2304 302 3807
f 2135 1755 3100
f 3276 992 3127
f 2922 473 2938
f 1227 1550 3762
f 822 670 2167
f 1220 3950 3060
f 621 2142 2586
f 2144 599 1701
f 2653 619 2654
f 1329 4096 3364
f 2835 1985 3014
f 1367 1118 1131
f 3552 403 3585
f 1212 2845 1368
f 93 1369 1316
f 2189 3344 835
f 631 2542 1139
f 22 1429 3407
f 2647 305 1480
f 489 4068 932
f 58 4041 3802
f 1821 1351 871
f 353 1373 1071
f 1373 353 1004
f 1617 1750 1233
f 1374 643 814
f 1371 3240 2648
f 564 833 3341
f 818 2620 648
f 3941 2452 1795
f 732 3513 1593
f 526 3523 1871
f 597 765 1410
f 3387 1182 3249
f 610 1417 452
f 769 1455 3945
f 277 1380 237
f 1380 446 237
f 325 2201 1141
f 703 1735 392
f 279 1382 990
f 1382 291 990
f 751 2512 2327
f 3610 2553 2766
f 54 1384 333
f 991 2647 1145
f 146 1385 829
f 62 2357 1264
f 847 1585 91
f 1386 491 519
f 4291 2352 1146
f 335 3755 712
f 511 1388 1035
f 4122 133 1035
f 42 3305 1609
f 1389 602 1029
f 1534 2267 1786
f 3079 1724 3343
f 2147 2583 977
f 1391 2584 340
f 1733 1811 2781
f 330 1803 1386
f 2504 2909 943
f 1973 3795 3106
f 1675 2442 2524
f 3386 1301 1394
f 196 1395 902
f 478 1737 1395
f 142 2772 1547
f 2556 3216 476
f 891 3266 1065
f 316 2146 3785
f 2154 635 2831
f 104 2629 2137
f 232 3057 2292
f 2952 1930 2910
f 2377 2520 2730
f 803 2072 2000
f 1969 4207 2792
f 4207 1969 3153
f 147 1402 517
f 604 1379 1701
f 1045 606 1491
f 1491 112 1045
f 3186 2918 3838
f 1449 3516 292
f 2364 3760 2756
f 1905 3626 4179
f 878 2496 2495
f 2578 1260 1421
f 166 2017 1570
f 1729 2042 1565
f 3618 3275 2279
f 4 3254 4006
f 36 873 4018
f 958 3886 3323
f 1349 2658 828
f 2668 2282 497
f 400 1417 176
f 2234 2954 3598
f 1966 2037 3490
f 408 2448 2551
f 1171 1293 948
f 2120 1414 3417
f 3196 987 4041
f 1415 516 663
f 489 2564 3352
f 2852 1486 3884
f 1731 2002 2063
f 88 3476 1542
f 293 3965 2287
f 3649 3973 4165
f 2230 4191 828
f 3288 533 324
f 1621 2002 414
f 1564 582 1669
f 1669 54 1564
f 285 1421 490
f 2202 4244 3032
f 1617 3082 941
f 2180 4146 2823
f 189 1562 1315
f 1423 909 575
f 168 4160 3365
f 3879 3014 2025
f 231 1955 1359
f 2964 3720 777
f 569 3408 3410
f 229 3437 2036
f 503 1427 2676
f 1427 503 1267
f 1866 486 1871
f 1428 565 199
f 911 2704 369
f 235 3738 3092
f 1052 1611 1196
f 1257 3521 2356
f 1261 1799 3924
f 2927 3603 1899
f 678 1432 508
f 3039 4061 3692
f 697 2344 1184
f 1211 4186 3556
f 327 1235 2506
f 1601 862 242
f 2036 3049 1223
f 3966 2162 2748
f 1495 1402 2483
f 3647 3713 1824
f 1463 187 2175
f 401 1226 1545
f 2207 3284 1409
f 1765 3004 4133
f 3749 2833 1209
f 1439 325 915
f 763 2347 1917
f 2510 3746 3510
f 326 3803 3369
f 1441 239 704
f 497 1442 1434
f 66 3758 1639
f 654 321 1300
f 1043 1443 108
f 1621 2063 2002
f 2749 3684 3934
f 1503 3409 545
f 2815 4055 4163
f 757 12 3469
f 632 37 2452
f 195 3164 2117
f 1447 88 1079
f 2593 1448 2359
f 1696 80 2072
f 552 3361 2988
f 2646 999 660
f 2163 1792 477
f 1792 2163 1300
f 75 1451 700
f 1451 652 700
f 711 3710 2289
f 318 2599 1559
f 402 1919 4092
f 1453 565 1149
f 259 1454 70
f 2114 4060 4027
f 932 4068 2046
f 1455 28 1336
f 999 2646 304
f 3943 2019 3189
f 1256 2278 2179
f 982 3948 1579
f 433 1671 900
f 1458 764 1207
f 1360 367 2415
f 1459 1137 271
f 1345 1237 1753
f 1031 3306 1348
f 1891 2982 1945
f 788 3218 1461
f 908 1572 167
f 2304 2914 791
f 1400 548 3435
f 2963 4267 2746
f 2228 3819 3088
f 1860 4225 4282
f 3081 1983 888
f 1048 1465 43
f 353 1466 673
f 393 3182 2237
f 1368 2079 1212
f 319 2953 2706
f 3896 3609 2774
f 2410 344 2932
f 2436 3805 2941
f 2055 3990 1987
f 443 3912 978
f 3514 2431 138
f 2967 392 1343
f 425 1654 2231
f 372 2628 2580
f 1472 2 768
f 3151 3988 3480
f 1473 870 602
f 732 3314 3060
f 1044 2056 1438
f 1683 222 2468
f 2107 1704 3193
f 2149 432 285
f 2582 1225 2581
f 200 2123 537
f 2298 3102 2994
f 861 3778 2450
f 2776 3843 3031
f 124 2106 1753
f 1479 523 820
f 724 1935 4056
f 3227 1315 459
f 1481 1226 452
f 1481 766 509
f 1864 3463 3309
f 3088 165 2228
f 1029 2640 1198
f 286 789 2194
f 2093 1305 292
f 118 2697 1297
f 684 2272 2236
f 187 1057 2175
f 462 4151 3459
f 547 3575 1751
f 2811 1494 3617
f 509 1094 1016
f 597 1005 2261
f 1068 4138 3658
f 4033 2482 3778
f 407 1454 1738
f 1490 410 1110
f 4194 2025 3953
f 1491 525 832
f 2970 4148 3548
f 675 2475 1734
f 2124 2341 1736
f 1493 20 1090
f 390 2167 367
f 2810 218 3360
f 147 2483 1402
f 1495 1063 1402
f 1496 50 2790
f 3723 3998 4228
f 3422 226 2114
f 173 3083 875
f 150 1498 1419
f 4010 2919 20
f 471 100 3150
f 2761 3880 3656
f 323 1502 2306
f 459 1169 3227
f 671 3410 846
f 81 2340 2714
f 168 3351 4160
f 131 1388 3505
f 16 3310 2377
f 3 2476 602
f 1028 1450 2882
f 80 2404 2000
f 670 1057 724
f 905 1505 3819
f 3321 1446 522
f 207 2602 1678
f 3678 2775 3600
f 193 1212 2079
f 246 2332 750
f 1199 1684 2099
f 2819 3967 2234
f 295 3382 2735
f 407 1510 1454
f 1272 2366 936
f 2452 1660 976
f 2038 3853 3093
f 2232 3208 2114
f 1056 4067 3585
f 2742 4071 3033
f 4187 3033 1291
f 349 3697 3017
f 2666 2402 614
f 1811 3245 4256
f 1346 2641 2251
f 1818 3937 3168
f 429 1407 1664
f 2721 3349 1651
f 824 2379 3312
f 1205 1557 2468
f 2890 3775 3926
f 513 2399 1095
f 2301 4240 4173
f 675 3436 2367
f 771 1325 2254
f 2261 1471 581
f 854 2261 1556
f 436 1522 1266
f 1299 2310 1323
f 410 1523 1110
f 1110 1523 1455
f 220 1524 231
f 1524 596 231
f 1328 86 3913
f 9 2576 3981
f 3008 247 2337
f 1370 1320 2543
f 402 4092 4028
f 248 538 1623
f 4211 1115 951
f 1528 549 1115
f 513 1529 767
f 1529 513 1095
f 1845 1350 3151
f 2713 1396 980
f 773 1647 1477
f 4074 413 3820
f 684 3737 2272
f 1532 182 267
f 3241 863 645
f 96 2828 3406
f 668 3445 2285
f 229 4181 3437
f 608 2730 3299
f 83 1639 2643
f 2209 2254 1325
f 3134 3160 706
f 843 674 3419
f 1588 1258 2426
f 2499 3534 3797
f 1238 907 3715
f 3991 2661 2717
f 91 845 639
f 1423 189 2613
f 2896 3849 284
f 4139 2947 2222
f 1230 1295 1642
f 401 3944 1226
f 1542 1079 88
f 333 1543 806
f 3078 3243 1982
f 4021 1636 129
f 3394 3845 2670
f 135 2403 2792
f 588 2259 2226
f 523 1554 1179
f 2978 1369 93
f 3010 331 659
f 1947 3639 2016
f 3602 1976 1150
f 2025 1963 3953
f 1903 4003 2296
f 3293 2061 1949
f 1167 2424 2294
f 1550 1217 342
f 3297 18 1448
f 125 2549 3210
f 166 1552 1106
f 2059 3261 3959
f 3555 4220 2241
f 1003 1428 1567
f 297 2345 1776
f 2810 919 4124
f 2789 3592 3413
f 772 3887 1155
f 2130 1699 2421
f 1844 3638 3136
f 351 1557 1205
f 628 2468 1557
f 3048 3846 27
f 2445 3712 3559
f 1759 546 4169
f 1559 1078 318
f 851 1331 2155
f 1331 564 1501
f 2790 4038 1496
f 709 2874 2855
f 1562 395 1130
f 1130 1315 1562
f 2181 3478 3993
f 1951 4159 4150
f 374 1506 1248
f 793 1042 2276
f 2825 3645 2895
f 3379 40 867
f 1400 2675 2673
f 681 1931 1270
f 1838 3678 541
f 1567 75 1003
f 52 1568 1430
f 2240 3499 574
f 2293 342 3087
f 520 3105 4167
f 166 1570 859
f 3935 1322 2361
f 1080 1571 424
f 424 1653 1023
f 1519 1940 513
f 1178 1572 1462
f 3792 155 3765
f 3755 335 3852
f 3816 1732 1925
f 2801 3124 1858
f 487 1574 1165
f 1271 902 47
f 1598 56 501
f 81 1577 1010
f 1577 139 1010
f 4135 953 3708
f 1620 2988 3361
f 487 1809 1574
f 1579 489 932
f 3546 4043 3169
f 1580 1387 357
f 714 2558 937
f 918 1691 3110
f 2940 991 2953
f 2284 3012 3994
f 402 1453 1919
f 811 2076 2415
f 1884 3158 687
f 2153 1424 3088
f 2583 3839 339
f 1585 1252 845
f 1386 1586 330
f 1586 1386 519
f 1886 1885 3667
f 1221 2128 2417
f 517 2425 147
f 2426 323 1588
f 1104 3300 2369
f 2363 1340 2493
f 2449 4023 1195
f 1590 841 71
f 257 1591 1114
f 1148 1114 2619
f 317 2545 579
f 2230 828 2658
f 670 724 1583
f 102 1125 1460
f 235 4278 2806
f 1594 410 920
f 410 1594 1517
f 2180 3549 4146
f 726 1596 307
f 187 1935 1057
f 1692 1248 3810
f 2992 1527 2909
f 56 1598 1413
f 2509 815 1413
f 402 4028 3308
f 583 3389 270
f 3368 3434 715
f 2508 3006 4303
f 51 3841 1498
f 1601 364 1429
f 1441 1602 416
f 753 248 2463
f 877 2193 1659
f 917 4040 1688
f 2200 4000 2848
f 2273 3292 2412
f 671 2654 619
f 447 1685 781
f 1796 2455 429
f 1407 429 2455
f 392 3572 1343
f 1607 681 1270
f 2871 1832 1002
f 2100 3982 545
f 561 2504 956
f 1224 2438 2437
f 1633 219 3319
f 924 3810 1855
f 161 3547 2863
f 2017 908 1570
f 871 1351 3919
f 1612 72 614
f 2703 1433 1800
f 240 2703 1800
f 67 1614 536
f 2034 3728 2048
f 1663 2706 2953
f 1615 433 900
f 44 3328 1809
f 3444 2571 3465
f 2493 4190 1311
f 3594 3338 2933
f 4022 1404 3348
f 1922 473 1948
f 1266 1619 436
f 2508 3856 362
f 2471 3963 2658
f 2860 1942 2987
f 379 2001 1528
f 1687 3976 801
f 412 1779 1618
f 2146 1039 1017
f 248 1623 1186
f 48 2854 2649
f 108 1624 531
f 2196 4032 3771
f 416 1625 842
f 1103 3179 756
f 2344 384 4019
f 1107 2946 1824
f 785 2104 462
f 995 111 2091
f 988 3718 1540
f 1628 418 1465
f 418 1629 1036
f 2842 3717 4095
f 106 1226 3944
f 1630 3 1389
f 1988 28 1190
f 802 1695 1021
f 1545 509 4053
f 19 660 1588
f 1851 3117 2934
f 1633 3319 420
f 211 1634 880
f 2121 2815 3652
f 1218 2517 3486
f 1733 3245 1811
f 728 1540 3718
f 1636 1465 1048
f 335 1637 1123
f 1115 4212 1528
f 1638 3126 281
f 344 3988 1350
f 2801 3768 3130
f 1332 2623 2635
f 3273 222 2043
f 1930 2970 2743
f 2239 1357 3897
f 1172 2149 285
f 113 1642 600
f 1642 113 1230
f 238 505 4066
f 446 1531 187
f 1116 1644 906
f 899 3629 3217
f 2705 1181 974
f 3222 3262 3295
f 185 1646 1463
f 446 187 1463
f 1537 1839 2585
f 1647 773 621
f 856 1757 2821
f 435 1492 2822
f 543 1649 314
f 1649 543 1297
f 456 1650 184
f 1504 3038 2695
f 416 3804 1441
f 427 2565 3357
f 424 1652 1080
f 902 1395 1737
f 387 1653 743
f 743 1653 1571
f 425 2231 1128
f 1654 2305 2231
f 2011 1310 1739
f 747 213 1128
f 2189 2171 3118
f 1436 2460 3356
f 63 1657 62
f 2456 4030 3113
f 1658 1219 196
f 1658 516 428
f 2061 3148 2284
f 2908 1101 2838
f 1018 1763 2451
f 1670 731 869
f 305 2573 1635
f 867 3947 4128
f 569 3944 4198
f 2859 4197 77
f 498 774 3936
f 134 3462 4187
f 401 4053 1664
f 2185 196 902
f 3417 2981 2120
f 627 3123 128
f 590 2365 3151
f 3287 4107 2087
f 1265 2389 948
f 330 2536 1575
f 383 4230 2287
f 1993 3731 2933
f 54 1669 1172
f 3947 867 1666
f 2033 4188 3221
f 3610 3337 3764
f 1529 1095 1192
f 3283 592 1668
f 2918 1573 969
f 1672 223 829
f 189 1673 560
f 1673 189 1315
f 515 2561 2148
f 2278 362 3856
f 1522 2442 2523
f 618 2441 1603
f 2762 3882 3544
f 4036 2649 453
f 828 1280 2194
f 2021 1719 2380
f 1705 498 3583
f 1544 2681 2601
f 900 1679 418
f 665 4285 3908
f 2037 1966 3217
f 3214 2685 939
f 490 1681 285
f 1386 1803 2686
f 3838 4265 3186
f 1020 2735 1713
f 292 1358 2093
f 117 4273 3362
f 1135 2295 2292
f 1684 1199 1259
f 405 1685 1431
f 1685 447 1431
f 143 1554 2432
f 1686 979 437
f 1158 2400 440
f 89 994 3418
f 1284 1688 491
f 1303 4039 3209
f 380 4014 2381
f 2355 140 303
f 3155 1906 3097
f 556 1426 3224
f 952 4217 3630
f 1691 385 1074
f 1357 2239 557
f 3988 3151 1350
f 1374 3724 1559
f 3725 868 1436
f 174 3908 4285
f 868 2460 1436
f 113 2657 1780
f 1868 1853 3153
f 2265 3000 3069
f 2999 3387 3249
f 2541 122 1296
f 613 2437 1786
f 180 2600 1452
f 3185 1755 2256
f 2184 2993 404
f 1197 4199 1808
f 1535 3010 3315
f 200 537 1708
f 1972 3176 2015
f 1532 3908 174
f 3196 551 1326
f 1702 805 2662
f 92 1024 2568
f 3656 2769 2942
f 4189 4242 1279
f 2320 4245 1426
f 1049 2962 1818
f 712 2598 335
f 1222 3347 2268
f 378 1707 1461
f 1780 788 1461
f 3847 3971 2746
f 1708 537 270
f 4051 2680 1537
f 450 2021 287
f 1127 1154 1710
f 1710 387 1127
f 807 1711 353
f 1711 1466 353
f 297 247 2345
f 4159 1007 4150
f 140 2355 3098
f 2704 911 800
f 525 2 832
f 500 1916 1377
f 293 3304 941
f 2128 2879 1269
f 786 1308 272
f 1157 2334 1475
f 688 2708 3179
f 582 1937 3812
f 915 1141 2418
f 2694 2185 902
f 490 1587 1681
f 708 2543 1320
f 1905 4179 2894
f 3313 2357 4206
f 3003 3382 3926
f 1067 4195 4116
f 1427 773 348
f 1192 511 1529
f 1642 423 1307
f 600 1642 1307
f 520 4297 3105
f 1167 4060 2351
f 1576 47 2623
f 177 2467 800
f 464 1937 582
f 3757 2004 2860
f 1493 764 1050
f 3734 3538 1785
f 2729 925 4302
f 1088 4118 2652
f 4028 3320 3308
f 2472 46 1817
f 1463 1646 446
f 1190 446 1646
f 3126 1638 2669
f 960 3020 2314
f 1845 3151 777
f 1279 3014 155
f 3016 1122 771
f 875 3203 574
f 3266 2339 1065
f 2856 1885 2183
f 1124 1070 962
f 346 2631 2111
f 2373 2904 2313
f 152 3907 2574
f 1080 1737 478
f 2203 1302 3825
f 221 1738 1193
f 1193 1738 1454
f 455 1739 1310
f 1739 388 609
f 2840 4043 3546
f 298 3525 1837
f 419 1741 1008
f 1741 604 1008
f 1833 1351 1608
f 631 1833 1608
f 837 453 2305
f 1212 1093 1743
f 457 1744 1046
f 135 3790 3387
f 3841 51 52
f 2710 3840 198
f 3799 942 4114
f 2012 2764 1877
f 2064 3973 3373
f 2892 4019 384
f 34 517 2637
f 2631 707 2572
f 3584 3558 1447
f 685 1735 1089
f 2443 3265 987
f 59 2443 1326
f 3733 2779 3606
f 2029 2643 1639
f 36 2451 1752
f 1752 873 36
f 1950 2078 3205
f 1753 555 1345
f 1177 2678 94
f 1814 4194 3953
f 1026 2154 3980
f 1495 857 1063
f 529 4201 117
f 483 1643 823
f 1689 1206 4112
f 784 2907 2307
f 2115 3084 2648
f 32 2720 30
f 354 2702 1781
f 544 3015 879
f 924 1955 3419
f 1760 907 1231
f 73 2248 2165
f 367 2167 1583
f 464 1762 615
f 806 2529 333
f 1108 2683 101
f 1763 1018 105
f 3531 2153 3088
f 1274 3096 185
f 896 3225 1319
f 1516 2591 337
f 2337 4099 694
f 1766 1658 428
f 481 4004 1549
f 1383 3503 3074
f 2347 1957 3000
f 2026 3040 2956
f 2760 3937 3914
f 1005 1471 2261
f 2351 2424 1167
f 468 1771 1032
f 2297 4275 3314
f 1411 806 1543
f 722 1461 3218
f 2458 3404 2429
f 2891 3283 1668
f 3053 2454 1829
f 133 1597 1035
f 1178 3710 1572
f 1994 2352 981
f 1654 952 2039
f 232 3335 3057
f 468 2081 1174
f 114 1447 929
f 3093 2924 1918
f 3373 2819 4132
f 2346 2958 826
f 171 3494 3493
f 2080 1779 2329
f 490 1421 2656
f 1780 1230 113
f 642 1781 31
f 67 3212 3113
f 3729 988 1540
f 182 2370 1397
f 124 1753 3210
f 3125 4298 2015
f 4022 2080 1467
f 1467 1021 4022
f 796 2300 2276
f 1029 2589 1389
f 1850 3031 3843
f 2204 4155 3336
f 664 1787 1609
f 1787 807 1609
f 1446 2453 1144
f 390 3135 703
f 2406 211 2818
f 904 3021 2112
f 3975 1177 456
f 3975 184 1121
f 49 1571 1793
f 1791 475 718
f 3452 3490 2037
f 3431 2190 3208
f 478 1793 1080
f 1435 941 1793
f 2549 125 738
f 2537 2335 1667
f 774 498 3983
f 1795 37 1076
f 2366 769 936
f 532 363 2455
f 395 1797 1249
f 1249 1797 3902
f 2030 1295 2870
f 60 971 2497
f 1056 2413 2176
f 1799 843 442
f 4063 1316 246
f 557 2239 2014
f 2063 4187 1291
f 1801 546 1759
f 483 1802 1274
f 387 1313 1802
f 1543 333 1384
f 2217 687 3158
f 129 1804 627
f 3626 2893 1827
f 2366 1272 1510
f 1296 4239 228
f 152 2679 2604
f 631 3919 1833
f 864 1329 3364
f 2238 3477 361
f 3538 3734 2871
f 1790 858 1000
f 1731 2032 1142
f 2212 2973 46
f 2696 2839 119
f 3251 3076 502
f 3846 3048 3602
f 84 3150 2029
f 2260 359 2867
f 1507 77 4197
f 3549 4263 3173
f 3204 3380 3371
f 2157 3563 3552
f 1956 570 103
f 3079 4129 733
f 1619 4273 2094
f 2296 4270 826
f 4185 2537 679
f 1533 3051 584
f 4267 1813 4136
f 3461 32 2702
f 3313 99 2394
f 2963 2746 3971
f 1134 269 3789
f 4076 1056 3891
f 252 2321 1352
f 406 3498 2615
f 874 1584 3718
f 1877 3636 3257
f 1989 2876 3152
f 560 2822 38
f 2945 3279 3260
f 703 2056 390
f 1825 3659 2895
f 1826 2455 363
f 641 2455 1826
f 3171 1347 2638
f 797 2302 3651
f 3019 2015 3609
f 2638 1347 2356
f 1169 2773 1396
f 2060 3654 3260
f 4119 114 1890
f 972 1929 2736
f 2610 3060 1081
f 3124 1842 1858
f 2797 4236 2013
f 239 3501 530
f 631 2433 3919
f 2103 3918 2957
f 1742 1834 94
f 1834 456 94
f 445 2886 2820
f 1835 847 91
f 2386 3419 674
f 3136 568 1844
f 1005 1837 372
f 3524 253 500
f 2973 1817 46
f 1975 3723 3605
f 1102 2427 95
f 798 2426 1258
f 215 1979 2229
f 773 2085 621
f 1497 1871 882
f 152 2604 1330
f 1383 3074 2513
f 1113 3226 3857
f 1779 203 1521
f 1751 3863 547
f 1950 2033 3371
f 609 2011 1739
f 1350 1845 1250
f 1820 3169 2963
f 2951 4027 1167
f 528 3282 2591
f 1060 2100 3409
f 1830 3678 3600
f 1737 3826 902
f 1908 500 253
f 3101 1555 3608
f 947 3895 2699
f 1885 3612 2895
f 2798 3872 2943
f 2458 3920 655
f 2829 4188 3205
f 2309 1704 2107
f 4191 2195 828
f 3234 2393 3597
f 410 3739 920
f 815 3510 3746
f 3030 852 1739
f 1855 650 885
f 1727 442 1955
f 3704 4023 116
f 3768 284 3130
f 907 1760 2274
f 648 2620 463
f 3385 2793 1951
f 1920 26 1296
f 867 799 3379
f 1383 1908 253
f 3042 3589 1911
f 4142 1847 3828
f 449 2271 1689
f 2859 3411 2938
f 2283 284 3849
f 4107 1749 2087
f 2738 51 20
f 480 2065 466
f 966 2860 2987
f 2150 3031 3192
f 735 2490 2489
f 2656 782 3174
f 486 1866 347
f 2507 240 1434
f 2826 740 833
f 3591 1852 1867
f 3031 2150 3583
f 411 3719 3814
f 3405 3959 2116
f 1486 2852 3013
f 2106 555 1753
f 1843 3824 2869
f 1958 2912 4124
f 1871 1497 1866
f 539 3000 2265
f 2257 1627 2092
f 620 1317 2802
f 2853 3583 2150
f 1980 3492 3062
f 1934 1486 3013
f 572 1996 3108
f 3381 426 3706
f 2860 3141 3757
f 1558 1915 3741
f 390 367 3135
f 2014 1232 557
f 706 2023 2024
f 1674 3857 3226
f 1137 1459 2632
f 3637 3930 1844
f 555 3026 1345
f 2753 109 2739
f 746 3956 1034
f 1881 1497 882
f 4092 2569 373
f 2192 2206 1314
f 3433 1555 3101
f 2812 1418 595
f 1456 2991 2272
f 355 2469 1475
f 3863 1751 467
f 249 3486 21
f 3790 135 2792
f 130 65 2949
f 369 1626 844
f 1887 4252 294
f 1365 1888 1697
f 1888 441 1697
f 4101 46 2832
f 1889 1886 1986
f 1131 1890 1247
f 1668 4233 705
f 3317 556 404
f 1288 2474 2477
f 3412 359 1262
f 923 3050 224
f 2713 980 3270
f 1847 1893 1910
f 1257 2356 2290
f 985 2765 122
f 205 2358 2087
f 2924 195 2117
f 778 750 2332
f 1898 3607 2749
f 2766 4283 3640
f 284 2283 3732
f 1269 3000 1957
f 2769 1812 3655
f 1644 3319 3630
f 1498 1900 1419
f 1900 522 1419
f 3743 23 4039
f 1620 3119 421
f 1274 185 2090
f 1274 2090 483
f 107 1314 2206
f 2887 305 1635
f 2865 3032 1476
f 2907 1500 2307
f 1087 4018 873
f 3085 3622 3696
f 2750 1164 3258
f 2201 798 1258
f 757 3469 1470
f 443 1364 3912
f 2161 1548 1234
f 1908 1383 795
f 1910 4144 3828
f 2515 2904 1511
f 2217 2527 687
f 3899 4069 2889
f 3378 4254 4082
f 1860 1924 1911
f 493 3143 1412
f 2031 350 3138
f 1216 3459 1160
f 1160 3991 1216
f 1059 2503 2992
f 2995 399 1278
f 1251 3630 4217
f 2337 694 1200
f 210 3485 2310
f 1916 500 1234
f 763 1917 1734
f 3436 1714 1729
f 2457 2592 1333
f 4167 24 969
f 2655 664 1605
f 2656 308 490
f 2858 3361 552
f 690 3375 3597
f 3084 2115 1805
f 1815 3495 3764
f 1754 4065 93
f 729 2626 4109
f 816 1514 2548
f 2225 1148 1069
f 2064 2331 2971
f 692 3363 4249
f 2606 1144 2944
f 1541 1926 423
f 1307 2170 1890
f 3496 3682 467
f 2352 3108 1996
f 2872 3391 4009
f 4220 3200 2241
f 1162 2534 3448
f 1896 4284 2873
f 1187 3578 3444
f 4161 738 842
f 1501 2155 1331
f 681 1344 1931
f 1682 1929 23
f 208 3096 1313
f 336 1933 559
f 2951 2338 2071
f 24 3105 1721
f 1440 2317 2417
f 4066 505 2188
f 494 1935 1531
f 1943 4093 3868
f 2760 3620 2748
f 1055 1937 944
f 961 993 3812
f 2759 2331 3615
f 4044 4256 3245
f 2946 1107 1816
f 75 2976 2141
f 2273 3416 3708
f 399 2287 1278
f 3494 1966 3493
f 2839 2385 119
f 1936 3971 3847
f 1144 2003 1446
f 2056 1044 390
f 1548 3188 1234
f 1756 3735 3736
f 2983 378 1461
f 3960 1401 1105
f 1898 2986 2877
f 1859 4255 3230
f 3560 393 2906
f 1947 1357 557
f 3292 173 2412
f 1339 2688 1603
f 693 1772 2903
f 3033 3462 982
f 809 3273 2043
f 371 2850 3899
f 3997 1140 1595
f 3619 964 1030
f 1113 3225 3704
f 2013 3101 2757
f 2805 3051 3605
f 1124 3923 1070
f 959 3446 3354
f 1622 1954 1105
f 1954 1622 918
f 3419 442 843
f 1955 231 1727
f 1722 1423 1956
f 1956 973 1722
f 3970 1036 1329
f 2743 3550 2929
f 1247 879 3015
f 852 1720 3055
f 1009 177 2081
f 2756 1980 3047
f 872 3027 2799
f 3628 2908 1241
f 3188 34 1234
f 1961 3144 2018
f 2553 3610 1971
f 3142 1785 3145
f 450 2024 2023
f 3022 737 793
f 2888 1393 2926
f 1256 2380 1719
f 322 2870 1295
f 3625 2781 4085
f 4126 2925 2797
f 391 621 2085
f 1190 186 1988
f 3541 4057 3934
f 3007 1028 3325
f 1901 1899 4250
f 2927 3629 3977
f 2900 1936 3847
f 3054 18 598
f 3564 445 2820
f 1860 4282 2233
f 2082 1979 2312
f 4123 2985 4162
f 3068 715 1883
f 2015 3019 1972
f 203 2324 1556
f 3329 230 1616
f 1331 200 1276
f 709 2333 2782
f 3036 3053 856
f 2257 2211 946
f 3782 1751 3575
f 709 4228 1119
f 2290 404 2993
f 4140 2791 2759
f 4077 2146 2328
f 4072 301 1515
f 2874 3309 3463
f 1959 3047 1980
f 208 1988 186
f 4260 663 528
f 1992 1546 3108
f 1682 2736 1929
f 3243 1098 294
f 776 1001 3333
f 2074 2226 2259
f 584 3624 2777
f 2010 3439 977
f 454 2262 3817
f 1433 3022 793
f 1958 2914 2912
f 123 2915 985
f 4236 2797 860
f 4277 2961 2245
f 41 3441 4132
f 2981 2813 2120
f 2119 4112 4014
f 4247 2129 3121
f 422 4009 3391
f 1851 2934 1893
f 3492 1980 3760
f 3567 2869 2820
f 3107 1406 396
f 2223 916 2360
f 521 3730 2456
f 1350 2932 344
f 1769 2329 1779
f 3913 2424 1200
f 1259 1995 1684
f 1995 1259 621
f 17 3348 1539
f 2343 3985 244
f 175 1997 1235
f 1997 772 1235
f 157 3450 1488
f 2178 2251 2651
f 3493 2086 3095
f 3208 2232 3431
f 3008 4240 247
f 3474 1335 1772
f 352 3507 3069
f 2001 379 559
f 1142 2002 1731
f 134 2063 1621
f 917 2003 1144
f 522 2003 1419
f 385 1401 887
f 535 3896 2774
f 435 2822 560
f 976 2005 188
f 2947 4139 3571
f 2051 3397 3259
f 2266 3700 638
f 818 3715 417
f 4143 1909 3830
f 1698 3456 1073
f 314 2091 2009
f 1099 2009 1443
f 2216 1778 734
f 339 2010 2583
f 1310 2011 59
f 2011 609 59
f 3637 2763 2790
f 2763 2097 3635
f 350 1457 3138
f 460 3100 1755
f 1241 1665 3628
f 2645 574 1478
f 408 4094 1544
f 1972 3187 3176
f 3049 2036 3437
f 2152 3316 2264
f 554 840 1730
f 2322 612 2547
f 3577 3028 1187
f 2018 3145 1961
f 2022 1964 3024
f 1954 655 3920
f 3229 1002 2936
f 4246 493 3489
f 2883 904 1719
f 2021 450 1717
f 3279 1732 3687
f 830 3952 3357
f 1717 2023 999
f 2023 706 999
f 2452 3941 38
f 2024 1718 706
f 2939 3808 2778
f 3327 2020 2936
f 3443 2521 493
f 3001 1070 3923
f 1303 3488 3743
f 3025 3567 3763
f 3865 1081 3314
f 2633 914 2634
f 4054 472 4174
f 916 2642 1515
f 423 2030 1541
f 1295 2030 1642
f 357 1931 2676
f 801 2669 1638
f 76 2032 710
f 2479 586 2210
f 2408 3370 2511
f 2828 1668 592
f 3403 294 4252
f 943 3242 956
f 264 2035 266
f 266 2035 2318
f 684 2798 2943
f 1766 930 1658
f 3180 426 1822
f 476 3216 1396
f 2950 3219 1986
f 1626 701 1557
f 1053 2039 1633
f 2039 1053 1654
f 2040 1000 1775
f 2040 175 805
f 3683 2795 4156
f 3680 2532 1181
f 79 2275 2340
f 1714 2042 1729
f 470 2110 3401
f 2043 1000 858
f 3940 1367 544
f 1989 3152 3075
f 148 2045 1821
f 4084 545 3982
f 932 2046 44
f 42 2122 3305
f 144 2046 1512
f 1174 911 4171
f 3343 1982 3079
f 3175 4152 4095
f 2765 3667 122
f 1694 2050 2311
f 2050 1522 289
f 1522 2050 1266
f 2468 1518 1683
f 3699 2813 3045
f 873 2053 1087
f 2053 1293 1087
f 4229 825 3349
f 3543 3632 2878
f 1128 453 747
f 1493 2738 20
f 209 1438 1332
f 2056 703 1289
f 2636 3613 100
f 1943 2057 1508
f 1813 4267 3169
f 4267 2963 3169
f 2960 2047 1805
f 2229 3438 1482
f 2060 3687 3653
f 3259 955 2051
f 3011 805 175
f 150 1419 3698
f 127 2673 3697
f 3052 3667 1885
f 1731 2063 1291
f 2319 4071 1197
f 146 3372 672
f 2759 3978 2971
f 4023 3704 1239
f 2065 1399 1009
f 2422 959 4276
f 2724 1613 601
f 96 2067 1974
f 2139 4245 2291
f 748 2696 2698
f 1584 874 3353
f 4276 1806 2422
f 2150 3377 2853
f 927 2070 1248
f 2084 3786 1142
f 2049 3809 3175
f 3173 2472 1817
f 803 3435 2072
f 735 1333 2592
f 3700 3481 638
f 2465 955 1993
f 3058 451 1725
f 2588 3194 866
f 2678 1177 93
f 3213 3373 589
f 334 3860 3807
f 2077 2917 2774
f 1945 2987 1891
f 303 2511 3370
f 1395 280 742
f 193 2079 949
f 1051 2079 1368
f 810 1353 3641
f 531 1624 69
f 656 2068 2349
f 2081 468 1009
f 688 2615 3498
f 2215 3602 1150
f 3754 105 2164
f 2527 2217 2202
f 2414 2101 3899
f 2792 1723 4156
f 2085 1267 391
f 2088 1364 1251
f 3768 2801 1858
f 1840 3492 1831
f 1910 1893 2934
f 3488 2439 720
f 13 3912 2088
f 795 2161 1908
f 692 2618 2089
f 1560 2617 327
f 2987 4057 3541
f 2090 817 1643
f 271 1684 790
f 2091 314 1649
f 1164 3434 2898
f 1627 2796 2092
f 1305 2093 118
f 2093 1484 118
f 2094 1113 1619
f 3249 1182 584
f 3076 3770 2334
f 485 2182 3402
f 1924 1425 3563
f 3903 1176 2397
f 624 4034 2388
f 1496 2902 1520
f 2295 3295 3262
f 1100 3135 367
f 2439 3488 1303
f 2099 1091 1199
f 10 1095 3981
f 2642 1354 1515
f 2103 3793 3456
f 2159 726 255
f 1889 1986 3219
f 2069 3274 1949
f 90 2104 1524
f 462 1801 482
f 2245 3359 355
f 3241 3669 863
f 2156 1983 2226
f 1641 3192 3031
f 2066 4082 4254
f 2158 3412 1262
f 1867 1841 3591
f 4272 299 3342
f 2136 1690 3471
f 1155 2110 1120
f 2168 1761 1120
f 159 2111 1334
f 2631 1635 707
f 2210 3021 2479
f 3005 389 1317
f 347 1866 2507
f 1329 4098 3970
f 4110 2538 438
f 1025 4061 4004
f 2996 1781 3681
f 1514 816 3405
f 288 2195 1677
f 382 3892 3517
f 2367 3163 675
f 559 2118 2001
f 2118 996 2001
f 172 3347 1222
f 827 1518 3127
f 1487 3416 2233
f 3257 356 3171
f 150 3698 1418
f 2326 260 279
f 2298 1789 3102
f 2994 233 2298
f 1647 2123 1477
f 2123 1647 537
f 2117 3164 3893
f 270 474 583
f 376 1742 2544
f 2125 989 1709
f 428 2126 1766
f 2126 428 792
f 465 3371 3380
f 1951 3921 3385
f 2124 877 2488
f 1302 2726 1221
f 807 3811 1609
f 570 2613 189
f 334 3807 302
f 2266 2796 946
f 1723 2792 4207
f 4192 696 2831
f 4301 1657 63
f 188 3859 3780
f 626 2133 1651
f 2133 1294 1651
f 1364 443 3469
f 2957 698 3793
f 2084 4237 78
f 460 4048 3100
f 366 3222 3045
f 4213 1123 1637
f 659 2137 1243
f 2137 729 1243
f 3099 616 2734
f 2673 127 1400
f 615 2733 464
f 1439 1865 576
f 609 2140 1750
f 2140 1233 1750
f 1003 2141 74
f 1003 75 2141
f 1929 2965 23
f 2142 1259 1199
f 206 204 4261
f 3417 204 368
f 673 1566 353
f 2144 130 1004
f 2129 3566 3121
f 2145 1001 1298
f 3320 4028 373
f 304 4002 2883
f 784 2582 2581
f 3879 755 155
f 4063 540 4048
f 3364 11 762
f 432 2149 1669
f 2149 1172 1669
f 455 3030 1739
f 69 3727 531
f 448 2736 1682
f 3163 2474 675
f 3114 959 3354
f 712 3087 342
f 1258 3161 3160
f 219 3630 3319
f 2830 685 1403
f 2155 1227 851
f 2155 1501 340
f 2857 3900 2880
f 4023 2449 116
f 185 3096 1646
f 4050 224 3050
f 2080 141 1467
f 2838 4298 3961
f 726 2159 1596
f 1445 2550 2159
f 227 3413 3592
f 1512 2046 4068
f 795 1548 2161
f 2161 1234 500
f 2041 1084 981
f 670 822 1057
f 264 2542 1608
f 2315 4135 3708
f 928 4018 1087
f 1018 36 2164
f 4222 3039 376
f 2163 2165 654
f 3012 3673 3046
f 3457 4104 3499
f 102 2390 475
f 390 1044 2167
f 2361 495 926
f 1118 1367 3126
f 3727 69 2597
f 1005 597 1837
f 2170 1247 1890
f 2170 1307 423
f 3426 2136 1229
f 712 3509 2598
f 2012 3296 2098
f 87 3423 2338
f 95 3803 4106
f 3811 1147 1609
f 2690 1804 1268
f 2174 1071 1373
f 1463 2175 2090
f 822 817 2175
f 316 3785 3615
f 2989 3888 2875
f 2846 4044 2314
f 3890 1485 3453
f 752 831 3528
f 1129 2456 3231
f 2280 651 1514
f 2049 3247 2770
f 1906 3839 4145
f 1327 4127 2651
f 2509 3510 815
f 2859 3491 4197
f 1807 2182 849
f 1732 3816 3280
f 3338 1984 2933
f 2183 1889 3707
f 3223 1698 1073
f 723 3904 2223
f 637 1777 1459
f 678 1459 1432
f 2186 624 1285
f 2327 2512 4120
f 495 3871 2339
f 2187 1299 1323
f 110 2689 2188
f 2997 599 673
f 3642 3197 934
f 2689 2923 1511
f 1420 2301 737
f 54 2423 1384
f 1311 2191 1536
f 3483 2980 2354
f 2192 1314 52
f 2192 913 1040
f 636 739 2632
f 739 636 2633
f 828 2194 1349
f 1349 2194 789
f 828 2195 1132
f 4245 306 2291
f 707 4042 2572
f 3521 338 2356
f 2601 2681 151
f 1457 350 2281
f 854 1556 853
f 3438 2229 1210
f 1451 2199 652
f 2199 199 652
f 2034 3999 3905
f 3523 882 1871
f 798 2201 636
f 3912 667 3910
f 3854 1183 2672
f 3154 2320 940
f 2727 1302 2203
f 1221 2726 2128
f 2362 2168 3911
f 3235 1822 2863
f 1725 2205 1195
f 2205 1399 1195
f 1040 2206 2192
f 146 3955 1385
f 1269 3069 3000
f 3255 57 2052
f 686 2208 157
f 980 4253 2208
f 27 2209 1325
f 791 2209 1789
f 1823 4038 3635
f 2218 2314 3020
f 2211 463 1262
f 2211 888 946
f 1420 2345 247
f 1721 989 4100
f 2213 644 3995
f 2213 826 1978
f 2214 1546 1977
f 3750 577 1398
f 891 2670 3596
f 2215 1150 1978
f 1778 2216 1747
f 2216 844 1747
f 339 2217 2010
f 2217 339 2202
f 1838 3608 1555
f 3828 4144 3677
f 2851 879 251
f 3831 957 3020
f 1717 2883 2021
f 2888 2958 3131
f 869 2303 3414
f 181 4127 1599
f 1892 3801 1864
f 1291 2319 2480
f 136 3605 1533
f 2360 723 2223
f 1547 2619 143
f 4091 2224 2420
f 1069 2158 2225
f 2225 1262 463
f 1874 3140 4227
f 1398 1726 3433
f 1764 3455 733
f 2227 1569 2105
f 1035 1388 4122
f 2760 2162 3621
f 215 2229 1482
f 1210 2229 1569
f 2680 4051 934
f 788 2657 2546
f 1654 191 2305
f 48 2649 4036
f 975 2836 2823
f 4129 3079 3728
f 3544 4281 4204
f 2932 1231 2410
f 1752 2818 880
f 2767 1939 3648
f 3666 1951 2793
f 4157 2083 2901
f 1376 3705 2222
f 1323 3871 2187
f 2953 1175 1663
f 644 4101 3617
f 1425 1924 1860
f 179 4066 2922
f 1347 2239 1077
f 3668 2793 3385
f 1282 2240 2234
f 2233 273 1425
f 2563 4230 383
f 1719 2021 2883
f 255 2242 2187
f 2061 2284 4046
f 2603 159 236
f 836 1689 2355
f 1305 2244 292
f 3065 2006 3933
f 1017 2245 2006
f 2837 939 2685
f 3099 3641 616
f 115 3177 3808
f 154 3206 153
f 2247 1210 2227
f 859 2248 166
f 2248 859 1022
f 1342 4120 2809
f 1476 4200 3355
f 3843 1853 1868
f 2661 3991 1245
f 590 2251 2178
f 2651 229 1998
f 674 2342 2386
f 2252 1280 258
f 815 3746 2508
f 2253 778 840
f 791 2254 2209
f 2254 791 1958
f 470 3911 2168
f 243 3487 2343
f 76 2256 1755
f 2208 3270 980
f 3691 4074 3820
f 2823 4146 1092
f 1330 1365 4058
f 308 3386 1394
f 3115 3674 1849
f 2868 3675 2259
f 588 2260 1895
f 3080 2380 1109
f 2331 2759 2971
f 2788 1197 4122
f 86 778 3817
f 2922 2938 580
f 1700 2263 625
f 679 2428 3237
f 1700 2264 2263
f 2264 320 2263
f 1714 3393 2042
f 3248 651 2179
f 3246 413 3331
f 181 2651 4127
f 39 2267 883
f 2267 1534 883
f 2557 3347 3310
f 2268 499 1222
f 2298 233 302
f 3059 1836 1538
f 82 3345 2559
f 2270 835 1390
f 1690 4215 3470
f 2271 449 1525
f 831 752 2164
f 2849 2876 2881
f 3842 4134 862
f 4083 1485 3890
f 257 2274 375
f 257 1114 2274
f 1487 3064 2315
f 2275 653 1693
f 247 2301 1420
f 2276 1800 793
f 2904 2373 1922
f 2913 1462 566
f 1721 4297 989
f 2278 1256 362
f 3509 712 342
f 755 3712 155
f 651 2280 2179
f 288 1109 3405
f 693 2903 2354
f 2281 469 1457
f 923 2282 2197
f 2682 691 2300
f 1921 2896 1858
f 397 930 3979
f 2569 3063 3865
f 65 1029 1027
f 689 2495 2498
f 2285 890 607
f 2286 80 1696
f 2286 653 1551
f 987 3196 1326
f 27 3679 2299
f 2615 3267 223
f 1103 2615 688
f 1940 2399 513
f 2705 2920 2885
f 3432 3617 1494
f 1975 3998 3723
f 1353 2138 3641
f 2291 1322 2139
f 2095 3999 2034
f 2292 276 232
f 775 2293 1580
f 342 2293 1550
f 2294 86 2198
f 1341 1384 2423
f 2292 2295 276
f 2295 1135 1994
f 904 2883 4002
f 2296 1146 1996
f 1161 2297 1593
f 2297 732 1593
f 1789 2298 791
f 58 1153 1611
f 1789 2299 2277
f 2373 1286 1922
f 1697 151 2681
f 2928 438 1593
f 809 4172 3273
f 793 737 2301
f 176 514 2303
f 663 4260 1415
f 2303 869 400
f 1308 377 3389
f 1345 2913 566
f 2304 791 2298
f 837 2305 666
f 2231 2305 453
f 991 1175 2953
f 3478 4160 3351
f 2581 496 1666
f 2934 3117 3830
f 1059 2308 2256
f 2939 2262 4296
f 3148 1645 2176
f 2521 467 3047
f 3663 1830 3747
f 2310 1299 1304
f 1013 2609 3323
f 826 2958 2296
f 1573 2918 720
f 1285 2388 2007
f 1369 3429 677
f 2904 2515 813
f 623 2314 2218
f 3020 957 2218
f 361 2315 2238
f 2238 2315 3064
f 3643 813 2515
f 2515 1918 3643
f 1442 2317 347
f 3105 24 4167
f 266 2318 587
f 1112 2456 3113
f 3668 787 1124
f 3236 3040 4246
f 1596 2159 2550
f 4247 1896 3702
f 1201 2321 252
f 169 3370 2408
f 3425 1933 336
f 554 2326 840
f 121 3677 4144
f 743 49 3082
f 1127 743 3082
f 567 201 2323
f 576 1865 789
f 2325 853 683
f 917 3698 2003
f 3943 2823 2836
f 1768 2571 3444
f 1873 3747 1830
f 316 2328 2146
f 2177 4076 3891
f 2580 612 2322
f 2322 1471 2580
f 1355 2605 1666
f 2121 1875 1852
f 1769 581 1471
f 1784 1162 3163
f 840 2332 1730
f 2332 840 778
f 3660 1732 3280
f 2873 2782 2333
f 4031 558 1657
f 2008 3132 2786
f 2977 1862 2975
f 2945 2975 1862
f 2336 694 848
f 2336 246 750
f 721 3970 4098
f 3324 918 2450
f 87 2338 2198
f 4026 35 1659
f 1065 2339 1323
f 448 3870 3384
f 2340 1693 1281
f 2340 81 79
f 33 2341 2124
f 2341 33 2042
f 1250 2342 1231
f 2342 1250 374
f 243 2343 244
f 1197 2788 2319
f 1881 882 2892
f 2344 697 737
f 697 2345 1420
f 2345 697 1776
f 1640 3994 1282
f 2346 826 2213
f 2403 1969 2792
f 2791 3591 4238
f 736 4169 4168
f 3251 502 2353
f 1530 272 583
f 514 2349 2068
f 1911 4231 3872
f 2543 138 1370
f 203 1779 412
f 1521 1769 1779
f 1135 2352 1994
f 3497 1246 981
f 343 2353 521
f 2353 502 521
f 3482 83 2384
f 2354 1253 803
f 140 3098 79
f 2355 1689 2271
f 3464 885 730
f 2356 1347 1077
f 1370 3312 2379
f 4085 4256 3537
f 1482 2358 215
f 2086 3595 3095
f 2359 1448 2073
f 761 2135 4237
f 4224 119 2385
f 2360 1180 211
f 1187 3465 3577
f 2361 1322 2291
f 1761 2362 7
f 2362 1761 2168
f 2363 45 1340
f 1432 1403 508
f 3996 3150 100
f 2840 3749 4043
f 181 2365 2178
f 2365 181 1188
f 184 3975 456
f 269 474 1091
f 1734 1917 3436
f 2367 1565 35
f 1020 3301 1582
f 2368 720 1582
f 1582 3302 1020
f 2369 25 1104
f 1085 2370 1143
f 2370 182 1143
f 1813 4043 966
f 2371 1782 472
f 802 1021 2547
f 1624 662 69
f 127 3697 3907
f 2396 501 40
f 3907 3697 2574
f 18 3297 527
f 2375 306 1445
f 1429 2729 947
f 171 2731 2522
f 3136 2878 568
f 2204 3336 745
f 169 3128 2447
f 2378 24 1437
f 714 3311 3346
f 2379 504 1370
f 2380 287 2021
f 2380 1256 1109
f 68 3727 2597
f 613 2382 1224
f 1224 3367 658
f 613 2383 1478
f 2538 4110 1637
f 591 2384 83
f 2813 3699 3289
f 498 2776 3583
f 29 4069 505
f 2386 374 1692
f 1692 3419 2386
f 765 2387 1410
f 258 2659 2387
f 593 2388 311
f 2007 312 1285
f 1652 424 823
f 780 1652 823
f 1268 1804 1636
f 2372 2166 3673
f 2718 193 949
f 2391 1449 1031
f 1089 1403 685
f 3627 3540 164
f 296 3676 3412
f 3786 414 2002
f 98 2394 99
f 656 2349 995
f 1006 2395 363
f 4216 3643 542
f 501 2396 1598
f 2396 234 1598
f 802 2397 1695
f 1286 2373 2313
f 1689 2398 449
f 4111 1478 2383
f 77 3657 2859
f 5 4162 2407
f 506 3210 2549
f 2400 449 2398
f 630 2401 2385
f 2401 591 2385
f 70 2402 259
f 2402 1778 259
f 4252 3207 3403
f 3060 3314 1081
f 1335 2404 1690
f 1158 2404 80
f 1027 2405 128
f 2405 1166 128
f 2406 1277 723
f 3378 4082 422
f 5 2407 1126
f 2048 1982 3243
f 2900 3934 3684
f 3696 733 3455
f 252 1287 3074
f 2409 2753 1578
f 1238 2410 1231
f 2410 1238 2092
f 273 2411 2177
f 4076 2177 2413
f 1325 771 3559
f 2864 4292 3587
f 647 2413 2177
f 1058 679 2427
f 820 1179 3924
f 4177 442 1727
f 2415 324 811
f 2415 637 1360
f 1718 2658 3963
f 2658 1718 2230
f 497 2417 1442
f 1442 2417 2317
f 2418 706 1718
f 2418 202 915
f 2466 2416 760
f 2158 1069 2419
f 214 2420 1176
f 959 2422 1436
f 2672 4265 2731
f 1172 2423 54
f 794 2687 1681
f 2781 2097 3542
f 975 1814 1655
f 3443 1412 4113
f 4223 2846 3116
f 323 2426 461
f 4162 5 4123
f 1537 2427 1839
f 2116 4241 288
f 1667 2428 679
f 1839 3237 2585
f 1954 3920 1105
f 2985 2490 562
f 3771 812 2685
f 770 40 1355
f 645 3016 3241
f 2431 132 937
f 1074 2477 1691
f 3844 1096 3845
f 1957 2347 763
f 2433 631 682
f 1760 2434 2274
f 2434 1760 674
f 1539 91 17
f 639 17 91
f 4115 1706 2316
f 3804 239 1441
f 441 2437 2438
f 2437 613 1224
f 2438 1224 658
f 2438 1697 441
f 1832 1873 2936
f 566 4306 1237
f 308 2440 1587
f 2440 618 1587
f 116 2441 1674
f 618 2524 2441
f 436 2442 1522
f 289 2523 655
f 1301 3883 1676
f 2443 987 1326
f 900 2444 1679
f 2444 900 1671
f 3614 863 3458
f 2514 647 3148
f 783 2446 820
f 2446 3350 1479
f 3128 2169 1206
f 3622 1724 733
f 2448 1170 265
f 2448 408 151
f 2449 1195 1399
f 2449 178 116
f 1060 3323 2609
f 2896 3777 3616
f 2451 36 1018
f 2451 632 646
f 1407 4198 1664
f 2452 38 1660
f 4065 3735 838
f 53 2453 1446
f 3224 404 556
f 1472 492 832
f 1638 1796 1687
f 801 1638 1687
f 1947 3231 1112
f 988 3729 2118
f 279 2457 1382
f 1075 2592 1204
f 309 2458 2429
f 3207 4252 2095
f 3129 2501 1105
f 1037 2312 3253
f 1436 3356 959
f 1188 2461 2365
f 2461 777 2365
f 1645 2998 2176
f 373 4275 1161
f 2463 657 756
f 2463 216 753
f 1081 2464 2269
f 2224 4091 1191
f 3061 4005 1375
f 3140 1874 3139
f 2466 760 897
f 3188 3331 34
f 701 800 2467
f 2467 628 701
f 2468 628 1518
f 2468 222 1205
f 607 3535 2457
f 2469 968 1475
f 1418 2470 150
f 1289 1343 263
f 789 2471 1349
f 1045 2546 2657
f 164 3974 3339
f 333 1762 54
f 354 2473 66
f 1869 1723 1853
f 2109 3343 3694
f 2474 1162 518
f 2500 763 1734
f 2475 675 1288
f 696 3964 3440
f 1159 1378 2866
f 526 2477 1074
f 3192 4012 3873
f 878 2497 971
f 2478 1041 689
f 586 2479 1019
f 3726 207 4001
f 1731 2480 2032
f 2480 710 2032
f 2344 3022 984
f 3278 1170 1294
f 3777 2078 3616
f 762 1519 513
f 2483 680 1495
f 1562 2484 395
f 1298 1001 2484
f 1604 3293 3274
f 1355 2485 1678
f 862 2486 242
f 2486 862 415
f 839 3483 2510
f 2487 799 2430
f 1565 2488 1659
f 2488 877 1659
f 3534 607 1333
f 2489 1072 290
f 4286 562 2490
f 2490 165 1072
f 132 2491 937
f 4275 3865 3314
f 380 2492 2119
f 4082 3375 422
f 1971 4189 1894
f 964 3018 1030
f 660 19 1145
f 2494 1304 2242
f 878 2495 689
f 389 2498 1798
f 524 2496 878
f 481 2496 1082
f 3840 740 1585
f 1506 3170 3340
f 689 2498 2478
f 2498 389 2478
f 607 2499 2285
f 2499 668 2285
f 763 2500 2317
f 2500 347 2317
f 1038 2501 309
f 1272 1612 70
f 2502 608 2378
f 2502 1437 504
f 131 3505 710
f 4171 898 1791
f 4141 2857 2827
f 2857 3597 2827
f 3304 2302 749
f 682 2505 2433
f 682 2506 772
f 2506 682 1139
f 240 2507 954
f 3758 84 1639
f 1846 3687 1732
f 2508 362 2112
f 669 3509 342
f 3052 3744 2057
f 3483 839 3475
f 234 3330 3745
f 2511 751 2408
f 463 2620 2225
f 855 2614 3502
f 2512 751 1201
f 795 2513 779
f 950 2884 3200
f 3643 2924 542
f 3643 1918 2924
f 1517 237 28
f 990 3184 3511
f 1034 2516 1624
f 2516 48 662
f 1129 3231 4125
f 2517 1090 20
f 1188 2518 719
f 2518 1188 1599
f 998 2519 586
f 2308 3185 2256
f 172 2520 2377
f 2730 899 2376
f 790 1432 271
f 1985 3495 3023
f 899 2522 2376
f 980 1396 3216
f 969 2732 3838
f 2523 289 1522
f 2524 618 1675
f 2524 436 1674
f 2525 308 1394
f 2525 605 1675
f 73 2526 530
f 2526 704 530
f 1245 3991 965
f 965 3798 1245
f 654 2165 695
f 2528 699 752
f 615 2529 699
f 806 2530 2529
f 101 2530 806
f 699 2530 1152
f 854 2531 765
f 2531 854 286
f 2319 1291 4071
f 1875 3066 3900
f 2533 75 819
f 2542 631 1608
f 2288 3267 657
f 2534 35 857
f 2748 3566 2129
f 575 909 2535
f 251 2536 1586
f 2536 330 1586
f 2537 1667 679
f 3881 4007 705
f 2538 876 438
f 2538 1637 335
f 4058 1544 152
f 2836 975 1655
f 1756 2540 838
f 2540 1756 956
f 122 2541 985
f 2541 26 985
f 2849 4305 3190
f 1070 2925 1872
f 2431 3514 3242
f 2543 708 2350
f 708 2544 1526
f 376 2544 1709
f 2125 2911 1320
f 3479 2075 1563
f 2546 1045 112
f 802 2547 612
f 2547 141 2322
f 4214 1211 3521
f 2548 469 1773
f 572 3751 2899
f 2549 268 506
f 306 2550 1445
f 1596 2550 633
f 2551 265 1281
f 2551 212 408
f 2552 1772 1335
f 2552 1773 469
f 2717 865 1216
f 12 4169 546
f 2241 2884 4202
f 2930 148 1821
f 341 2555 669
f 2555 876 669
f 558 3215 99
f 1228 2649 1623
f 3310 824 2557
f 2559 3345 3311
f 3877 3285 2270
f 834 3311 3345
f 82 2559 10
f 1390 3344 2268
f 481 2560 1798
f 4226 506 126
f 278 2561 1505
f 2561 278 230
f 2562 1180 301
f 2562 1265 578
f 578 1634 2562
f 4067 2841 3585
f 2564 552 1363
f 427 3357 1656
f 2565 437 1513
f 198 2566 700
f 2566 716 700
f 819 2567 716
f 2567 700 716
f 716 2568 819
f 2568 321 819
f 1263 2569 884
f 1069 1191 4091
f 879 2851 2579
f 906 2570 1116
f 412 1356 571
f 2578 993 1260
f 236 2572 1143
f 1143 4042 1085
f 2573 707 1635
f 2573 305 1361
f 2654 671 846
f 1641 3031 3815
f 3160 999 706
f 2575 8 1806
f 83 2576 9
f 9 3981 2399
f 1608 2577 264
f 514 3414 2303
f 993 2578 432
f 2578 285 432
f 222 1683 1408
f 786 821 412
f 1279 3159 3014
f 2580 1005 372
f 496 2581 1225
f 2605 1355 1678
f 461 2426 3709
f 2582 784 2307
f 383 2287 399
f 1189 2583 2147
f 2584 629 340
f 1703 61 1052
f 2916 3894 3732
f 2585 409 934
f 537 2586 270
f 2586 537 1647
f 1534 2587 883
f 2587 496 883
f 3475 349 2980
f 2769 3880 1812
f 1741 2589 65
f 2589 1029 65
f 2132 386 3519
f 2590 766 400
f 889 2591 1270
f 893 3282 528
f 261 1204 2592
f 260 261 2592
f 1448 2593 2038
f 638 4184 4016
f 2856 2183 2639
f 2219 4142 3828
f 1111 2595 1235
f 2595 1111 1083
f 40 2596 2396
f 2596 234 2396
f 912 2597 69
f 4001 3359 3726
f 1160 3459 4151
f 626 3313 2394
f 643 2599 1151
f 2806 4288 4289
f 643 2600 814
f 1961 3229 2020
f 1544 2601 408
f 2601 151 408
f 3589 1860 1911
f 457 1093 193
f 3728 3079 2048
f 2603 1563 536
f 152 1330 4058
f 2604 945 2243
f 1502 3269 1175
f 3043 2237 810
f 917 2606 2395
f 2606 363 2395
f 1301 2607 1394
f 2607 309 1394
f 309 2607 1676
f 3323 1503 958
f 2609 256 1060
f 4196 394 2258
f 2610 1081 2269
f 757 4168 4169
f 808 3072 3206
f 1643 2612 823
f 2612 1643 817
f 2603 536 1614
f 159 2603 1614
f 8 2614 529
f 2614 855 529
f 2615 1103 756
f 2615 223 406
f 69 2616 912
f 2616 666 912
f 1235 2617 1111
f 1111 2617 2075
f 119 2618 702
f 2618 692 702
f 1148 2619 1191
f 1547 2224 2619
f 312 2007 61
f 2930 4251 148
f 303 2621 2511
f 2621 439 2511
f 2626 1008 1
f 2622 419 1008
f 263 2623 1332
f 2623 263 1576
f 278 2624 230
f 2624 278 2466
f 866 2624 897
f 603 3315 4109
f 2626 729 768
f 1008 2626 2622
f 389 3005 3209
f 768 2629 1472
f 2629 768 729
f 865 1479 3350
f 865 3348 1404
f 1897 4287 3181
f 4196 1538 2428
f 370 2632 1459
f 2632 739 1137
f 201 567 272
f 46 3195 2832
f 2634 269 1091
f 2193 877 2637
f 1332 2635 209
f 209 2635 2612
f 642 2636 84
f 3914 1818 2962
f 2323 3789 576
f 1926 3166 3044
f 338 2638 2356
f 2090 1643 483
f 3008 2337 2843
f 2190 3008 2843
f 64 2640 602
f 2640 1029 602
f 2044 3444 3578
f 4181 725 3437
f 1354 2642 299
f 652 199 3341
f 83 2643 2576
f 676 2643 2029
f 2994 3102 3057
f 845 571 1356
f 574 2645 1416
f 2246 774 3983
f 1970 3593 4070
f 315 3306 1305
f 170 2778 3808
f 1145 2306 991
f 579 2648 317
f 2047 3240 1371
f 747 2649 1228
f 1287 3722 4180
f 98 99 3215
f 2650 624 2186
f 1998 1327 2651
f 2651 181 2178
f 106 2652 452
f 159 4117 2111
f 619 2653 1443
f 2653 108 1443
f 746 2654 107
f 2654 746 2653
f 3071 2057 1943
f 2655 782 1366
f 4170 1157 3487
f 4045 310 2186
f 2657 788 1780
f 2657 113 1045
f 2658 1349 2471
f 37 1795 2452
f 579 2659 258
f 1410 2659 1592
f 1551 2660 449
f 2660 1525 449
f 3766 3454 601
f 804 3613 3070
f 2662 809 858
f 2662 183 512
f 2663 1342 2263
f 2663 320 245
f 3264 1049 3439
f 3158 3264 3439
f 945 2665 2243
f 1534 2665 2587
f 1701 603 1
f 2666 973 734
f 2667 103 1290
f 2667 734 973
f 70 614 2402
f 604 1701 1
f 1580 357 2676
f 2669 1378 850
f 1795 479 3941
f 625 3393 2265
f 714 4178 2559
f 626 3349 825
f 1972 3191 3095
f 3190 1921 1858
f 1958 3016 2254
f 3016 771 2254
f 1468 3025 3146
f 3329 4233 96
f 1253 2675 803
f 853 1556 2324
f 2900 550 1936
f 775 2676 1427
f 866 2677 2624
f 2677 230 2624
f 929 606 600
f 114 929 600
f 799 2679 2430
f 2430 2679 2574
f 2680 934 31
f 300 722 4299
f 1697 2681 1365
f 155 2445 3765
f 691 2682 2282
f 2682 225 2197
f 2530 101 2683
f 2683 105 2530
f 691 2684 1800
f 2684 240 1800
f 355 2334 3770
f 2685 343 2196
f 1284 2686 274
f 2686 1284 491
f 285 2687 1172
f 2687 285 1681
f 178 2688 1339
f 794 2688 1341
f 2054 3325 2775
f 1623 2854 1186
f 1804 2690 484
f 3377 3873 3721
f 1894 1037 3253
f 1004 130 2691
f 1297 2692 118
f 2692 315 118
f 2504 943 956
f 2693 411 1147
f 2694 902 1271
f 2694 516 1658
f 3037 1340 3588
f 2695 15 1504
f 702 2696 119
f 630 2696 748
f 748 2697 630
f 2697 748 1297
f 120 2698 702
f 702 2698 2696
f 947 2699 970
f 2878 3136 2098
f 1610 2700 420
f 2700 1066 420
f 816 2701 2059
f 1816 3280 2946
f 1836 3059 3460
f 2702 354 1078
f 3003 3385 3921
f 3351 169 3478
f 1105 1401 1622
f 2704 1626 369
f 2728 2535 909
f 841 2535 2728
f 319 1361 2953
f 3156 1818 3168
f 2823 1092 975
f 2707 807 1787
f 1602 756 3179
f 2708 268 1625
f 256 2709 726
f 2709 255 726
f 2710 833 740
f 2710 198 652
f 105 3754 1152
f 2711 60 2497
f 1248 2712 927
f 180 2712 1506
f 1396 2713 190
f 2713 1133 190
f 265 2714 1281
f 3951 81 2714
f 2717 1539 3348
f 3348 865 2717
f 2716 719 814
f 2461 1188 2964
f 3766 74 2141
f 1650 3692 4061
f 193 2718 1348
f 2718 1031 1348
f 66 2719 354
f 2719 1078 354
f 814 2720 1374
f 2720 32 1374
f 210 2721 1758
f 563 1706 3784
f 1251 2722 13
f 13 213 667
f 133 2723 1597
f 2723 864 1597
f 1613 2724 167
f 2724 1570 167
f 2610 2269 3374
f 3375 2066 2827
f 1863 1841 3376
f 444 2877 2986
f 3603 1960 1899
f 2728 909 72
f 925 2729 364
f 2729 1429 364
f 2376 3299 2730
f 2730 608 2377
f 25 4265 2672
f 2731 171 2672
f 24 2732 969
f 2096 3837 2897
f 3526 4175 60
f 4264 2860 966
f 1322 2734 2139
f 2184 3224 616
f 295 2735 1712
f 1582 3300 3302
f 1173 3500 2736
f 3383 448 1509
f 1927 4012 3109
f 1680 1593 3513
f 3292 3561 173
f 2190 3431 3008
f 262 3952 1783
f 3438 594 1482
f 1968 3581 1960
f 2751 2756 3782
f 3621 1825 3168
f 2761 4085 3537
f 2910 1489 3178
f 2729 4302 947
f 3781 10 2491
f 466 2969 1032
f 1989 3172 2758
f 1736 4258 877
f 1842 3190 1858
f 2745 1526 94
f 4034 1168 2388
f 2755 577 3750
f 2105 1569 3669
f 3670 1820 3551
f 501 3167 40
f 589 3373 4132
f 1208 2877 444
f 33 2124 2488
f 2773 476 1396
f 3773 1853 3843
f 1991 3053 3036
f 3068 1883 3939
f 2057 2752 1508
f 2752 2309 1508
f 3317 3897 1357
f 2739 1846 2753
f 647 3890 3453
f 3497 4291 1146
f 1627 946 2796
f 3197 31 934
f 1282 3046 2240
f 3688 2519 3120
f 3872 2798 3041
f 745 3607 2204
f 1903 2926 3256
f 1977 3057 3102
f 3199 1838 1555
f 1354 4072 1515
f 3566 2748 3620
f 444 3121 3566
f 1294 1170 2941
f 4012 2833 3109
f 127 3834 758
f 1812 3880 4130
f 3625 2761 194
f 2856 3634 3612
f 4037 2790 50
f 3625 3635 2097
f 3666 2793 2816
f 2765 985 2915
f 1513 3357 2565
f 3113 3212 3639
f 3645 1825 2895
f 2393 2853 690
f 6 4131 3502
f 825 4229 1748
f 747 453 2649
f 3655 1846 1732
f 3421 774 2246
f 2184 3686 2993
f 389 2802 1317
f 451 3276 3927
f 1176 2772 142
f 2224 2772 2420
f 476 2773 459
f 2773 1169 459
f 2906 3671 3560
f 3854 3191 1972
f 2852 3677 3013
f 16 608 3989
f 1856 4133 1904
f 2150 3873 3377
f 3623 814 719
f 2777 3648 584
f 2262 2939 2778
f 85 580 2938
f 3731 2052 2933
f 1119 3998 3586
f 1500 3228 589
f 2881 3103 3599
f 1649 1297 748
f 656 1649 748
f 2513 3074 1287
f 2780 2804 1746
f 2885 3680 2705
f 4104 4293 875
f 972 2736 3500
f 2784 60 2711
f 2785 1596 633
f 2785 2035 264
f 3691 4301 63
f 1126 2416 5
f 771 2445 3559
f 2787 3850 889
f 1660 38 2822
f 2019 3180 3189
f 3800 517 34
f 421 1600 3396
f 779 2513 1287
f 3232 160 2250
f 1911 3590 3042
f 2740 3783 3670
f 2795 2777 3624
f 3266 891 3252
f 2269 3892 382
f 1784 2367 35
f 2639 1189 2147
f 2631 346 4195
f 2946 1939 3646
f 3013 3336 4155
f 638 2796 2266
f 2744 3549 2180
f 2833 3749 2840
f 1817 4148 1092
f 742 1278 3965
f 1318 3121 444
f 1856 3733 1765
f 3898 4250 1899
f 2998 149 3889
f 4285 3479 174
f 4075 2807 2255
f 2044 2956 1768
f 620 2802 2560
f 2802 1798 2560
f 676 3090 835
f 4278 235 3664
f 2644 3593 3325
f 29 2889 4069
f 4300 1337 3716
f 4049 2113 225
f 3090 2171 835
f 4288 2871 1965
f 2627 4226 126
f 3551 4274 2747
f 4126 4149 1872
f 2808 1931 357
f 1342 2809 2263
f 4149 4126 2797
f 2105 3360 3206
f 3359 2469 355
f 3452 4250 2817
f 2537 4185 431
f 1418 2812 2470
f 2812 163 2470
f 811 324 533
f 3563 1425 273
f 3999 2279 1595
f 96 3406 2067
f 2008 4202 2884
f 1414 2120 3258
f 3142 3665 3578
f 962 2816 1124
f 1412 3443 493
f 1834 3576 456
f 2406 2818 1277
f 2818 646 1277
f 2977 3648 1939
f 1186 672 3372
f 2259 588 2868
f 3818 1468 3023
f 562 4162 2985
f 1872 962 1070
f 1660 2822 2005
f 2005 2822 1492
f 3168 3937 3621
f 2819 3973 3649
f 2486 3772 241
f 2824 2481 241
f 3611 547 2894
f 3167 1355 40
f 3719 1636 1048
f 2826 1276 377
f 2634 739 2633
f 3689 2066 3376
f 892 3517 2289
f 3329 1974 2148
f 1950 3371 2078
f 752 3754 2164
f 391 2830 1403
f 2830 391 1267
f 717 2831 696
f 2831 717 2392
f 3844 3848 1422
f 1832 4011 2803
f 2368 3743 3488
f 1209 3192 1641
f 3662 2027 2882
f 2956 3040 3568
f 1822 3381 2863
f 954 3957 240
f 2331 2064 3615
f 3481 4182 4184
f 812 2837 2685
f 1805 1047 2960
f 3054 3586 3998
f 3545 3954 2077
f 2385 2839 630
f 2839 2696 630
f 1106 4205 4306
f 3783 2840 3546
f 4305 2849 3565
f 3888 358 2875
f 1865 202 789
f 1817 3548 4148
f 2424 2351 2843
f 2843 1200 2424
f 3251 939 3076
f 1548 3246 3331
f 3420 3642 4208
f 934 4208 3642
f 1581 3514 2543
f 3537 4223 4130
f 3335 232 233
f 4269 974 1181
f 2263 2848 625
f 2341 4000 1736
f 777 3151 2365
f 1876 1938 3189
f 3451 1820 1456
f 460 3736 3735
f 611 1716 3366
f 2709 3366 1716
f 359 3412 3676
f 88 3558 1159
f 1203 3083 3561
f 2853 2393 1705
f 1063 2637 1402
f 1264 611 1054
f 709 2855 2333
f 1704 1825 3193
f 62 1264 1054
f 2856 2639 2147
f 324 4056 3288
f 3395 3596 2670
f 2858 552 1715
f 2858 134 1621
f 1027 2949 65
f 1303 2937 2439
f 3083 1203 1422
f 4170 3076 1157
f 1318 2861 2982
f 3174 782 1686
f 2119 2862 2398
f 2862 440 2398
f 2979 94 2678
f 2678 838 2979
f 1471 2322 1769
f 2497 3133 2711
f 1894 4221 3358
f 1194 1893 1847
f 2669 2866 1378
f 3983 1520 2246
f 3 2866 2476
f 4 2074 3675
f 56 1413 3688
f 273 3552 3563
f 322 3532 2870
f 2870 1541 2030
f 20 1498 4010
f 3931 4288 1965
f 1610 3286 2700
f 2872 149 1604
f 3701 1482 594
f 2333 1117 2873
f 3463 1864 2309
f 2874 709 1119
f 1863 4238 1841
f 4178 2491 10
f 4287 1946 2989
f 3932 620 1709
f 2986 1898 2861
f 2877 1208 2204
f 3533 868 3362
f 3728 3905 4129
f 352 2879 2726
f 2879 2128 2726
f 545 4084 2045
f 1628 4021 129
f 430 2881 2532
f 4243 3634 977
f 2644 1028 2783
f 499 3661 1222
f 904 4002 2479
f 2883 1717 304
f 3200 563 950
f 2221 4202 2008
f 2359 3962 136
f 2885 1882 2109
f 1595 3275 3997
f 2897 804 3018
f 305 2887 1480
f 2887 1067 1480
f 3226 1113 3704
f 1301 3386 2656
f 2083 3124 3130
f 936 3925 1431
f 1765 3733 3922
f 2813 3104 3045
f 2891 431 1102
f 2892 384 1881
f 202 3963 2471
f 55 3823 1295
f 3635 194 1823
f 445 3564 1905
f 615 2528 2733
f 2921 3644 3277
f 1049 3156 4243
f 3767 2785 3415
f 3849 2896 3616
f 733 3696 3622
f 996 3729 1540
f 2749 4057 1898
f 2725 422 3375
f 2214 3751 3108
f 1996 4024 2296
f 2900 745 1819
f 208 1788 1988
f 510 3904 3835
f 2514 2176 2413
f 2646 3504 304
f 2611 4170 3487
f 2903 2281 350
f 2903 350 2354
f 2904 1922 1948
f 3159 1279 4242
f 1909 2905 1848
f 3826 47 902
f 1912 2906 1861
f 2166 2372 3453
f 1500 3086 2328
f 2907 784 2602
f 1986 931 4197
f 2908 1828 1241
f 943 2909 1392
f 2909 1527 1392
f 1092 2910 1814
f 1914 2910 1923
f 708 2911 2544
f 2911 708 1320
f 3241 4124 3669
f 2912 218 2810
f 1462 2913 2132
f 3026 386 2132
f 2914 1958 791
f 1942 2004 3806
f 2915 123 573
f 1122 3016 645
f 723 3859 156
f 2916 2283 465
f 2817 3465 2571
f 2917 1904 2890
f 4230 293 2287
f 2918 2369 720
f 21 2919 2470
f 2919 21 2517
f 3245 1733 3573
f 1928 2920 1990
f 553 2921 2207
f 2921 553 1882
f 179 2922 580
f 415 2630 458
f 1918 2923 640
f 110 2923 2689
f 3852 335 1540
f 3220 640 2172
f 2013 3139 4149
f 643 1151 3711
f 2302 3304 3651
f 2926 1903 2888
f 2927 3672 3629
f 899 3217 2522
f 1680 2928 1593
f 2928 1680 549
f 1930 2743 2929
f 3969 2929 3559
f 2153 3964 1984
f 539 3518 2347
f 484 2691 2949
f 2949 2691 130
f 1231 2932 1250
f 2932 1350 1250
f 3797 668 2499
f 2933 1984 1993
f 2566 198 3798
f 2934 1848 1910
f 2935 205 2087
f 2935 1928 1990
f 1832 2936 1002
f 3816 2946 3280
f 2020 3327 3706
f 2232 2539 796
f 2188 473 2922
f 1999 3218 301
f 761 2084 4295
f 4296 454 3184
f 991 2940 2647
f 2940 305 2647
f 1294 3805 1651
f 2941 151 2436
f 2847 2414 2850
f 2752 3659 2309
f 2943 1924 2157
f 3041 684 2236
f 641 2944 2453
f 2944 641 1826
f 2138 3686 3641
f 3480 4016 4184
f 2060 3260 3279
f 2946 1925 1939
f 3397 2052 3259
f 3361 1621 3119
f 759 2948 1574
f 2948 1165 1574
f 2931 4246 3040
f 2026 2931 3040
f 3144 3706 426
f 2950 1922 1286
f 742 3965 1435
f 1976 3602 3695
f 2969 468 1032
f 2880 3234 3597
f 563 2316 1706
f 2953 1361 2940
f 574 2954 2240
f 2954 2234 2240
f 2952 4148 2970
f 1282 3967 3649
f 3576 1834 3692
f 2956 1375 1768
f 3552 3585 2747
f 2754 2747 3585
f 1903 2958 2888
f 3131 1098 2888
f 655 2959 289
f 2959 2311 289
f 2064 2971 4165
f 1411 1032 1460
f 2245 2961 2006
f 812 2961 2837
f 1934 2962 1884
f 4114 4203 3799
f 1820 2963 1456
f 826 4270 1978
f 2716 2964 719
f 2461 2964 777
f 4214 2674 3554
f 2965 1041 23
f 2966 1888 2243
f 2966 2665 1534
f 392 2967 703
f 2967 1289 703
f 1938 2968 2744
f 1237 4306 4205
f 468 2969 1009
f 2969 466 1009
f 1817 4146 3549
f 2970 1930 2952
f 2520 3977 3629
f 4033 3506 680
f 2827 3689 1867
f 2202 3032 2527
f 3547 2744 2968
f 4132 3598 41
f 1750 3265 609
f 2974 1810 2054
f 1533 584 3648
f 2975 2359 136
f 695 2976 2533
f 2976 75 2533
f 2977 1939 1862
f 2977 136 1533
f 3102 3334 1977
f 1789 3334 3102
f 94 2979 2745
f 2979 1324 2745
f 3750 860 2797
f 3786 2084 1558
f 721 3756 1165
f 1942 2860 2004
f 1318 2982 135
f 1942 2982 1891
f 414 3786 4218
f 3788 378 2983
f 1117 2333 3193
f 2984 3193 1825
f 165 2985 2228
f 2985 165 2490
f 1945 2861 1898
f 444 2986 1318
f 966 3541 1813
f 877 2124 1736
f 1922 2938 473
f 2988 1062 262
f 137 2989 2847
f 1841 1867 3689
f 2990 2134 254
f 2990 1773 2552
f 2936 2020 3229
f 2991 957 2236
f 1527 2992 2503
f 2992 2308 1059
f 2828 96 4233
f 2993 1257 2290
f 1438 1289 1332
f 3056 147 2425
f 2877 2204 3607
f 3557 2874 1119
f 3553 960 3245
f 599 2997 603
f 2997 332 603
f 701 1626 2704
f 4065 2678 93
f 3120 244 56
f 53 3408 2453
f 1440 1957 763
f 3000 539 2347
f 2648 579 4062
f 3001 1952 2925
f 2674 4214 1257
f 3002 2703 240
f 3920 3129 1105
f 1632 3137 394
f 1775 3887 1997
f 3606 3922 3733
f 389 3209 2478
f 3005 520 2937
f 1391 565 3447
f 293 4230 3651
f 1810 3007 2054
f 3489 3236 4246
f 3201 1815 1362
f 927 1452 3286
f 97 3009 1740
f 3009 2588 1740
f 331 3010 1535
f 944 3315 332
f 805 3011 649
f 3011 2595 1083
f 3894 2916 3606
f 1901 3672 1899
f 3677 121 1819
f 1164 2750 715
f 2025 3014 1963
f 3637 3878 2763
f 1131 3015 1367
f 3015 1131 1247
f 3388 4145 3839
f 2143 1414 4262
f 2752 2057 3744
f 3017 2673 1253
f 2028 804 3070
f 3018 964 2897
f 25 3019 1104
f 3019 3609 1104
f 623 3830 3117
f 1372 3392 3114
f 3021 904 2479
f 4230 2563 3651
f 737 3022 2344
f 984 384 2344
f 3023 1963 1985
f 3023 1468 1655
f 3024 1412 426
f 3024 1962 2022
f 1273 2182 983
f 3025 1964 2022
f 1964 3763 3682
f 1112 3231 2456
f 3027 872 160
f 3028 1968 1965
f 3028 1785 1187
f 1968 3029 2799
f 3029 1968 1960
f 852 3030 841
f 3030 455 841
f 3843 1868 1850
f 3153 3815 1850
f 2999 4247 3121
f 3189 3180 3235
f 1002 3538 2871
f 982 2742 3033
f 31 3034 2680
f 2474 518 2477
f 1883 3289 3035
f 2762 3674 3573
f 3036 1973 1991
f 3036 856 1831
f 1987 3037 2055
f 1340 3037 1030
f 3038 1025 2695
f 3038 1504 184
f 1549 3039 620
f 2905 2955 550
f 2521 3489 493
f 3568 1980 3062
f 983 3263 1656
f 3041 1912 1861
f 393 3042 2906
f 3042 393 2237
f 2237 3043 3042
f 3037 3588 2055
f 732 3060 3950
f 3951 1338 1577
f 1173 3383 1767
f 3045 365 366
f 2927 1899 3672
f 3046 1282 3012
f 1751 3047 467
f 1712 3466 295
f 1854 1824 3683
f 2744 4263 3549
f 717 3049 2392
f 3465 2817 3577
f 2113 3050 2197
f 3050 923 2197
f 4283 2920 3640
f 2255 3570 4075
f 4012 3192 2833
f 3052 1885 2895
f 3053 1991 2901
f 3053 1829 1757
f 2829 3205 3997
f 398 3901 3918
f 1720 852 1590
f 3055 1739 852
f 3353 792 1415
f 3354 1372 3114
f 551 3196 1611
f 1033 261 1240
f 992 3703 3530
f 3058 1195 1239
f 2191 3460 1536
f 3059 2258 1007
f 3988 344 3480
f 3060 2610 1220
f 1840 3061 1375
f 4304 242 2486
f 2869 3567 3818
f 3062 1375 2956
f 832 112 1491
f 3063 2464 1081
f 3671 4204 4281
f 3064 810 2238
f 950 3065 2220
f 3320 373 1161
f 1536 3570 2255
f 3066 1875 2947
f 1478 3848 613
f 3067 888 1983
f 2898 2173 3701
f 3068 1246 2671
f 385 3761 1401
f 1269 2879 3069
f 642 3070 2636
f 3070 642 31
f 2057 3071 3052
f 3071 122 3052
f 578 2053 873
f 578 873 1634
f 1051 3073 1151
f 1940 1519 1068
f 252 3074 1201
f 2357 1748 1264
f 901 3075 585
f 3075 901 547
f 913 1745 434
f 1385 913 434
f 585 3077 901
f 4121 7 1319
f 3078 553 1098
f 3078 1982 2109
f 3079 1982 2048
f 3079 733 1724
f 2380 3080 1677
f 3080 288 1677
f 1983 3081 2260
f 3081 359 2260
f 1233 3082 1617
f 2917 2077 1904
f 3395 1203 3561
f 1882 3399 3644
f 1716 255 2709
f 3084 1371 2648
f 1921 3085 2896
f 2973 3776 3548
f 207 3086 2602
f 3086 207 2328
f 1387 3087 712
f 3087 1387 1580
f 165 3088 1072
f 4087 57 2421
f 1074 3601 3523
f 1408 3401 2043
f 1150 4103 1978
f 3707 2639 2183
f 2944 1826 2606
f 150 4010 1498
f 1987 3092 3037
f 2886 3863 3874
f 186 3096 208
f 3096 186 1646
f 2753 2409 109
f 3094 1851 1893
f 1408 1683 3911
f 827 3911 1683
f 2987 1945 4057
f 3093 3220 2038
f 2289 3517 3892
f 2318 3154 940
f 1525 3098 2271
f 3098 1525 79
f 2920 974 3640
f 3099 2238 810
f 1337 4047 3986
f 3100 933 2135
f 2811 2832 4257
f 1827 4235 3640
f 1029 1198 1027
f 893 528 663
f 2585 4051 1537
f 3103 1989 2758
f 195 3427 3654
f 128 3123 1027
f 1088 111 4118
f 1319 3250 4201
f 1991 3106 3077
f 3106 901 3077
f 1196 1703 1052
f 3107 2126 792
f 4015 1398 3433
f 1992 3108 2352
f 1927 3109 2872
f 4020 1879 2740
f 2755 3855 577
f 3110 2450 918
f 162 3111 2540
f 3111 1324 2540
f 1381 508 1735
f 2061 3293 1645
f 3332 3211 905
f 3113 1947 1112
f 337 3353 1415
f 3056 942 3354
f 960 3115 3020
f 4221 2935 3358
f 2737 4209 1578
f 3116 2314 623
f 623 3117 3116
f 847 3798 198
f 160 3118 2594
f 3118 2171 2594
f 414 3119 1621
f 2994 3335 233
f 244 3120 998
f 3120 2519 998
f 1972 3095 3187
f 3121 1318 2999
f 635 3122 2465
f 2465 3122 4006
f 1283 3123 484
f 3123 1283 1027
f 1842 3124 585
f 2404 3471 1690
f 1829 3125 1757
f 492 1171 112
f 350 2031 3483
f 3126 850 1118
f 827 3127 2362
f 3127 7 2362
f 2169 3128 168
f 3208 2351 4060
f 2501 3129 309
f 3129 2458 309
f 307 3767 3415
f 3130 284 2235
f 1098 3131 294
f 1887 3995 644
f 4248 2016 940
f 3132 2008 2220
f 316 4164 3213
f 2416 3332 5
f 3447 2584 1391
f 3248 921 3138
f 1381 3135 1100
f 3135 1381 703
f 2588 3009 3881
f 3136 2012 2098
f 3129 3920 2458
f 3137 2258 394
f 1336 3945 1455
f 1220 282 3950
f 1874 4149 3139
f 3139 2013 2757
f 2255 3140 45
f 3140 2255 2807
f 3582 1812 2737
f 1812 3582 3655
f 1785 3142 1187
f 2026 3142 1967
f 2018 3143 1967
f 1412 3144 426
f 2020 3144 1961
f 3327 2780 1746
f 1509 3384 1632
f 3145 2018 3142
f 2465 4079 635
f 344 4016 3480
f 3147 1278 742
f 3147 488 197
f 2219 3884 4142
f 3148 647 1215
f 771 3149 2445
f 1985 3764 3495
f 3150 2171 3090
f 3539 3914 2962
f 3152 3740 3075
f 1716 611 2494
f 1842 3152 2849
f 3033 4071 1291
f 3756 487 1165
f 3153 1969 2004
f 2320 3154 633
f 3154 2318 633
f 1906 3155 339
f 3155 2202 339
f 4174 319 2706
f 4174 2706 4054
f 527 3157 598
f 1946 3157 2972
f 958 3799 4203
f 3158 2010 2217
f 2397 802 3903
f 1292 3945 1336
f 3138 3515 3248
f 1553 3919 2433
f 660 3161 1588
f 3161 1258 1588
f 611 1264 1748
f 3162 1236 97
f 2474 3163 1162
f 1353 810 2237
f 1878 1489 1914
f 2151 3752 3355
f 2410 2092 4102
f 4102 344 2410
f 251 3166 250
f 3166 1541 250
f 1355 3167 2485
f 2485 3167 3294
f 3268 3078 2109
f 3644 1928 3277
f 3047 3782 2756
f 3238 1902 1640
f 1250 3170 374
f 3170 1506 374
f 1347 3171 2014
f 2804 1970 4070
f 547 3172 3075
f 3172 1989 3075
f 2277 3679 754
f 866 3194 2677
f 4280 1873 3600
f 3174 1686 437
f 1823 3175 2902
f 3421 2246 3809
f 1757 3176 2821
f 2393 3234 1705
f 890 3177 115
f 3177 890 2285
f 2671 2715 3368
f 3178 1878 2025
f 3179 416 1602
f 3179 1103 688
f 426 3180 3024
f 984 1433 3002
f 3025 2022 1962
f 3025 1962 3146
f 2138 4234 2993
f 3182 393 2674
f 3183 673 1466
f 3183 961 332
f 990 3511 2326
f 3184 990 291
f 3736 561 1756
f 3185 2308 561
f 469 2548 3515
f 3515 2548 651
f 896 3704 3225
f 2055 3588 2757
f 1548 3331 3188
f 234 2487 3330
f 2055 2757 3198
f 1635 4195 1067
f 2876 1989 2881
f 3190 1842 2849
f 171 3191 2672
f 1979 3458 4147
f 1276 200 1708
f 1209 2833 3192
f 1870 3193 2984
f 3193 1870 1117
f 4233 1668 2828
f 3194 2588 705
f 2027 3195 3173
f 1790 2040 805
f 1904 1101 1856
f 1063 2193 2637
f 31 3197 3070
f 3197 2028 3070
f 3198 1838 541
f 946 3067 2266
f 1819 3013 3677
f 3199 2054 2775
f 1875 2121 3652
f 3555 2241 1376
f 3837 100 3613
f 2897 3837 3613
f 945 3202 2665
f 3202 2587 2665
f 2400 1158 2286
f 1551 2400 2286
f 4188 2033 3205
f 2487 3379 799
f 2127 2863 3381
f 3205 2033 1950
f 808 3206 154
f 2105 3206 2227
f 2048 3207 2034
f 3207 2095 2034
f 1489 2910 1914
f 226 4049 4059
f 1303 3209 2937
f 4039 1041 2478
f 1709 4222 376
f 3210 2627 124
f 1773 254 2701
f 2548 1773 2701
f 2318 3212 587
f 3212 67 587
f 811 1502 3861
f 461 3861 1502
f 2799 3027 1968
f 3027 1965 1968
f 1338 3215 1577
f 3215 558 139
f 980 3216 2650
f 3216 2556 2650
f 2037 3217 1901
f 4203 1213 4008
f 3218 788 1265
f 3218 1999 722
f 1286 3219 2950
f 2127 1746 4070
f 640 3220 1918
f 2038 3220 3297
f 1214 2033 3221
f 161 2863 2127
f 1416 3984 41
f 736 1300 1464
f 3916 2102 2492
f 2981 3417 368
f 3224 1426 2139
f 3224 2184 404
f 2094 3225 1113
f 1932 986 4200
f 2707 145 1466
f 1523 1517 28
f 1315 3227 1673
f 3227 435 1673
f 316 3228 2328
f 3228 1500 2328
f 1002 3229 3145
f 3229 1961 3145
f 1456 3230 2991
f 3271 4255 1859
f 4125 1232 3522
f 3231 1947 557
f 160 3232 3027
f 345 2266 3067
f 662 48 4036
f 82 3877 3345
f 3567 3025 1468
f 1892 3181 2789
f 1822 3235 3180
f 3235 1876 3189
f 882 3089 3402
f 3402 2182 1807
f 679 3237 1839
f 1836 2585 3237
f 1444 3238 2971
f 4164 316 3615
f 2069 4254 3378
f 3039 4222 620
f 3258 4262 1414
f 905 4123 3332
f 132 3242 943
f 3242 132 2431
f 1098 3243 3078
f 4097 1036 3970
f 164 3244 2407
f 3244 1126 2407
f 1067 4116 4219
f 2270 3345 3877
f 183 3739 1490
f 3739 410 1490
f 3716 95 2427
f 860 4015 4236
f 651 3248 3515
f 769 407 1455
f 3545 1728 4298
f 3249 1896 2999
f 117 3250 2094
f 1319 3225 3250
f 2584 3447 3308
f 3373 3213 4164
f 926 3252 361
f 2483 3446 3356
f 215 3253 2312
f 2931 2026 3143
f 2955 2905 1909
f 2074 4006 3122
f 1409 3256 2207
f 3256 1409 2671
f 356 3636 2221
f 1811 4085 2781
f 144 2122 2046
f 3417 4261 204
f 955 3259 1993
f 3730 1614 2456
f 616 3641 3686
f 1270 2591 3282
f 1300 736 4168
f 321 1464 1300
f 2295 3262 275
f 3262 366 275
f 4021 1628 1465
f 3263 427 1656
f 1049 3264 2962
f 3264 1884 2962
f 3265 2443 59
f 3265 1750 749
f 1696 2072 3435
f 548 1696 3435
f 3267 2288 223
f 3267 2615 756
f 2133 626 3278
f 3650 2550 306
f 533 3288 3269
f 3269 1502 533
f 1133 3270 156
f 3270 2208 686
f 2219 3828 3677
f 3271 1859 1909
f 2236 3272 3041
f 3272 2236 957
f 222 3273 1061
f 2814 3275 2834
f 919 2810 3360
f 690 2853 3377
f 1837 597 1592
f 384 984 3002
f 992 3276 451
f 3927 628 2467
f 1880 4209 2737
f 3277 1928 2935
f 3078 3268 553
f 4171 911 898
f 2945 1862 3279
f 3279 1925 1732
f 1704 2309 3659
f 3899 2850 2414
f 2059 3281 698
f 3281 254 698
f 1270 3282 1607
f 3282 893 1607
f 1937 464 2733
f 1937 1535 944
f 3268 1882 553
f 1085 4174 472
f 2270 3285 676
f 3285 2643 676
f 2040 1790 1000
f 3286 2070 927
f 1061 3273 4172
f 1781 2996 31
f 647 2514 2413
f 1663 3269 3288
f 3289 2120 2813
f 3289 1883 715
f 1246 3290 2671
f 3023 3953 1963
f 1499 3291 1017
f 3291 2146 1017
f 1096 3395 2670
f 953 3561 2273
f 1645 3148 2061
f 2361 926 3935
f 963 3294 501
f 2485 3294 968
f 2795 3683 2777
f 3295 2295 1994
f 338 3296 1877
f 3296 2012 1877
f 3297 1448 2038
f 3297 2172 527
f 2244 1305 3306
f 3749 4264 966
f 3299 2376 1275
f 3299 2378 608
f 535 3300 1104
f 720 3300 1582
f 23 3301 1682
f 3870 1020 1713
f 1712 3302 535
f 535 3302 3300
f 173 3561 3083
f 3303 3562 797
f 3265 3562 987
f 2162 2984 3621
f 1605 3305 144
f 3305 1605 664
f 3504 2646 660
f 3741 1600 4218
f 1348 3306 1744
f 629 3308 341
f 4302 3895 947
f 3317 2016 556
f 4248 556 2016
f 824 3310 16
f 3280 3987 3660
f 714 3346 2558
f 3311 834 2557
f 138 3312 1370
f 3312 138 2558
f 2991 3230 4255
f 3313 825 2357
f 689 1041 3133
f 3069 2664 2265
f 1535 3315 944
f 603 332 3315
f 1243 3315 3010
f 3309 2874 1897
f 2016 3317 1357
f 86 3817 2198
f 594 3438 1210
f 885 3319 730
f 885 1610 3319
f 341 3320 1161
f 3320 341 3308
f 1446 3321 53
f 1430 3321 522
f 3322 767 1529
f 3322 511 1035
f 3594 1072 1424
f 4107 3287 2173
f 3530 896 1319
f 3324 360 2311
f 121 3972 1819
f 3325 2054 3007
f 3326 640 2923
f 3326 2160 2101
f 523 1695 2432
f 523 1404 1695
f 3328 759 1574
f 3328 44 42
f 4013 2096 2250
f 3329 96 1974
f 349 3330 2430
f 1772 693 3474
f 1213 3331 413
f 2129 3702 3966
f 278 3332 2466
f 2791 4140 1706
f 776 3333 935
f 935 3822 1326
f 2214 3334 2277
f 3334 1789 2277
f 523 2432 1554
f 822 4064 2612
f 1819 3336 3013
f 4155 1934 3013
f 1064 4031 4301
f 3020 3115 3831
f 3341 634 564
f 634 1501 564
f 801 2476 2866
f 1405 3339 1082
f 777 3340 1845
f 1506 3340 180
f 652 3341 2710
f 3408 846 3410
f 916 3342 2642
f 3342 299 2642
f 1982 3343 2109
f 3694 2532 3680
f 499 3344 872
f 835 3344 1390
f 834 3345 1390
f 1390 3345 2270
f 824 3346 2557
f 2557 3346 3311
f 834 3347 2557
f 172 3310 3347
f 3313 626 825
f 4295 1142 2032
f 385 887 3601
f 2015 1728 3609
f 2594 3996 100
f 1216 865 3350
f 1214 2844 3204
f 567 203 821
f 830 3352 1363
f 3352 830 1512
f 792 3353 874
f 4238 1863 3978
f 3518 1714 2347
f 3354 147 3056
f 1363 1783 3952
f 487 1808 4199
f 2483 3356 680
f 1546 2292 3057
f 830 3357 1513
f 3952 262 1656
f 1990 3358 2935
f 3358 1990 2766
f 968 3536 2485
f 4136 3934 2746
f 3360 153 3206
f 3390 3784 3398
f 4190 3420 1311
f 986 3654 2151
f 117 3362 529
f 3724 1078 1559
f 418 3363 1629
f 3363 692 1629
f 3364 767 864
f 119 3992 2618
f 4096 1036 1629
f 256 3366 2709
f 255 1716 2242
f 1130 1249 3428
f 3367 1758 658
f 978 3909 443
f 321 2568 1024
f 2518 3369 719
f 938 3802 797
f 303 3370 2447
f 3370 169 2447
f 465 3380 2916
f 3204 3371 2033
f 2288 3372 829
f 3372 2288 1186
f 1037 1894 4189
f 1484 1944 118
f 1505 3211 278
f 3450 4253 2186
f 3375 690 2725
f 3238 4165 2971
f 2650 2186 4253
f 3710 1178 2289
f 3377 2725 690
f 2069 3378 3274
f 1851 1880 3117
f 40 3379 2596
f 3379 2487 2596
f 577 3380 3204
f 3848 3844 613
f 3381 1746 2127
f 3381 1822 426
f 967 3382 3003
f 3926 295 2890
f 903 3383 1509
f 1173 1767 97
f 1682 3301 3870
f 3384 1509 448
f 2876 2849 3152
f 3921 967 3003
f 683 576 2325
f 908 2017 566
f 1318 3387 2999
f 3349 626 1651
f 3429 1121 677
f 3388 2583 1189
f 1097 1810 3221
f 3789 1011 576
f 2539 2232 2114
f 2323 2324 567
f 1604 3391 2872
f 4009 422 3721
f 3392 1372 2930
f 3392 871 1806
f 4013 160 2594
f 2341 3393 625
f 891 3394 2670
f 3394 891 1065
f 2528 331 2733
f 3252 3596 361
f 1184 3396 697
f 3396 1776 697
f 2052 3397 3255
f 3397 2051 3255
f 3398 1499 1017
f 3398 2006 3065
f 1156 3862 727
f 727 1193 259
f 3400 1062 421
f 3400 1184 849
f 3401 1775 1000
f 3401 1408 470
f 485 3402 887
f 3089 887 3402
f 294 3403 3243
f 3403 2048 3243
f 605 3404 2523
f 3404 655 2523
f 3405 2116 288
f 3405 2280 1514
f 326 3406 592
f 592 3406 2828
f 970 3407 947
f 3407 970 688
f 1393 2888 1098
f 553 1393 1098
f 1665 1241 2235
f 77 1507 573
f 3162 1767 903
f 1688 1284 2062
f 3449 1099 1043
f 1060 3409 3323
f 3676 2867 359
f 3412 2158 296
f 3592 358 227
f 3413 2108 2789
f 3414 514 1671
f 3414 433 869
f 307 3415 2577
f 3415 264 2577
f 1485 3416 2273
f 2315 3708 1487
f 1708 270 3389
f 44 2046 2122
f 596 2104 3418
f 1216 3350 3459
f 442 3419 1955
f 3419 1692 924
f 2241 4202 1376
f 3420 2191 1311
f 361 3935 926
f 3421 2049 2770
f 2130 3808 3177
f 1063 4026 1659
f 2101 3424 3326
f 3424 2101 2972
f 1078 3461 2702
f 3425 874 1933
f 2136 3426 3223
f 3917 1698 3223
f 1242 3427 2593
f 728 3852 1540
f 476 3428 1168
f 3529 328 3942
f 3974 15 3339
f 2924 3093 3853
f 1189 3430 3388
f 3430 2313 3388
f 727 4172 1086
f 727 1086 1193
f 644 3432 1887
f 3432 2095 1887
f 1555 3433 2974
f 933 4237 2135
f 3434 2131 2173
f 3434 1164 715
f 1400 3435 2675
f 3435 803 2675
f 1714 3436 1917
f 3436 675 1734
f 1064 4180 3722
f 3437 2392 3049
f 1830 541 3678
f 1665 2779 3628
f 2138 3182 4234
f 3439 2010 3158
f 3946 3364 762
f 3440 717 696
f 798 3709 2426
f 3441 41 1225
f 916 3442 2360
f 3442 1180 2360
f 2521 3496 467
f 4113 3024 1964
f 1959 3568 3236
f 2073 1448 18
f 57 3796 2052
f 3575 3795 3782
f 3199 1555 2974
f 2054 3199 2974
f 4019 2892 1807
f 849 4019 1807
f 518 3448 3110
f 3448 861 3110
f 314 3449 543
f 2938 1913 2859
f 310 3450 2186
f 3450 310 1488
f 2272 3451 1456
f 4011 2806 4278
f 741 728 3851
f 337 889 3850
f 2166 4293 4104
f 3453 1485 2412
f 3454 859 1570
f 1570 2724 3454
f 3550 3695 3048
f 3455 1764 1140
f 1140 3205 3455
f 2166 3457 3046
f 3457 2240 3046
f 876 2598 3509
f 3458 2082 3149
f 2358 3701 3287
f 1970 2804 2775
f 3569 1028 3007
f 3460 2191 1836
f 32 3461 1374
f 3140 2807 4227
f 1628 129 1615
f 900 1628 1615
f 2107 3463 2309
f 3463 2107 2855
f 885 3464 1359
f 3464 220 1359
f 2375 495 2361
f 2291 2375 2361
f 1311 1536 2363
f 1311 2363 2493
f 717 3467 3049
f 3467 622 3049
f 2311 3468 3324
f 3468 2311 2959
f 1364 3469 1907
f 1907 3469 12
f 3470 1335 1690
f 3470 2134 2990
f 1158 3471 2404
f 3471 1158 440
f 2083 3472 3124
f 3472 585 3124
f 1241 3473 2235
f 2901 2454 3053
f 1335 3474 2404
f 3474 2000 2404
f 66 3482 2384
f 2509 3745 3510
f 1159 3476 88
f 3476 1159 3
f 1322 3477 3099
f 3477 2238 3099
f 2327 3993 751
f 3478 169 2408
f 1721 3105 4297
f 3479 1563 174
f 345 4183 3700
f 3480 1346 590
f 3481 3700 4183
f 725 4181 4182
f 83 3482 1639
f 3482 66 1639
f 282 381 3950
f 3483 2354 350
f 174 3484 1532
f 3484 236 182
f 3485 1065 1323
f 3527 3528 831
f 1218 3486 2824
f 2824 3486 2481
f 3487 243 2611
f 3487 1157 1475
f 1089 508 1403
f 1432 790 1403
f 1959 3489 3047
f 3489 2521 3047
f 827 1683 1518
f 1966 3490 2086
f 1852 4141 1867
f 56 3688 3120
f 3492 1840 3062
f 4179 3611 2894
f 2086 3493 1966
f 2133 3278 1294
f 1966 3494 3217
f 3494 2522 3217
f 1843 3495 1815
f 3764 2835 3610
f 4014 4112 1206
f 2521 3443 3496
f 1246 3497 3290
f 3738 235 3836
f 22 3498 406
f 688 3498 3407
f 2213 1978 4103
f 3499 2240 3457
f 3500 1173 97
f 3500 2711 972
f 1106 3501 738
f 3501 239 738
f 6 3502 2575
f 2249 855 3502
f 253 3503 1383
f 1201 3503 2512
f 1774 3504 660
f 3504 1774 1019
f 1059 3505 2503
f 3505 1059 710
f 413 4074 3886
f 3506 1495 680
f 948 112 1171
f 112 948 2389
f 2918 3186 2369
f 3508 1413 815
f 2598 2538 335
f 3509 669 876
f 2510 3510 839
f 839 3745 3475
f 840 3511 2253
f 3511 840 2326
f 1511 3512 2515
f 3512 1511 2923
f 3949 1667 3693
f 3513 951 1680
f 2402 2666 1778
f 734 1778 2666
f 2534 861 3448
f 3521 1257 4214
f 1202 3516 2719
f 3516 1202 292
f 3855 2755 1952
f 1747 1626 351
f 1156 1747 351
f 1324 3111 4232
f 3824 1843 1815
f 3565 2849 2881
f 338 3556 3296
f 3586 3557 1119
f 343 3522 2196
f 3522 1232 2196
f 3601 1074 385
f 3523 526 1074
f 253 3524 2200
f 3524 1377 2200
f 1377 3524 500
f 1740 3526 60
f 897 3526 866
f 331 2528 3528
f 3527 104 659
f 752 3528 2528
f 3528 659 331
f 210 3529 3485
f 3529 210 1758
f 3703 992 451
f 3530 7 992
f 2153 3531 3440
f 3531 622 3467
f 1843 3818 3495
f 1875 3900 1852
f 4285 665 1083
f 607 3534 2499
f 3594 2933 3797
f 291 3535 890
f 3535 607 890
f 3536 968 2469
f 3536 207 1678
f 3982 1608 4084
f 3337 1815 3764
f 3712 755 3579
f 3653 2768 2060
f 1934 3539 2962
f 3037 3619 1030
f 2382 3844 3845
f 3595 2086 3061
f 1764 4129 3905
f 966 2987 3541
f 1128 2231 453
f 2391 3631 1449
f 3632 2762 3542
f 1981 3516 1449
f 1236 3881 3009
f 3544 1912 1849
f 251 3044 3166
f 1317 4297 3005
f 1820 3546 3169
f 863 3669 1569
f 2744 3547 2783
f 3421 3936 774
f 2743 3776 1976
f 3548 1817 2973
f 1817 3549 3173
f 1388 4105 2503
f 27 3550 3048
f 3550 27 2929
f 4278 2803 4011
f 3551 1820 3451
f 1924 3563 2157
f 430 4035 2881
f 960 3553 3115
f 29 505 238
f 4186 1211 3554
f 3633 2098 3556
f 1067 4219 3876
f 348 3762 1550
f 568 3878 3637
f 2098 3296 3556
f 3157 3557 598
f 3557 3157 1946
f 4020 2841 3604
f 965 92 716
f 2638 3968 3257
f 3040 3236 3568
f 393 3560 3554
f 3560 2741 3554
f 3395 3561 953
f 698 3918 3901
f 749 3562 3265
f 3303 987 3562
f 2233 1425 1860
f 1486 1934 1884
f 2869 3564 2820
f 2028 3018 804
f 3520 1921 3565
f 3565 1724 3520
f 45 3140 3139
f 444 3566 1208
f 954 1497 3957
f 744 1034 3956
f 1980 3568 1959
f 2956 3568 3062
f 1518 3927 3276
f 3569 2814 2834
f 1007 3570 3460
f 3570 1536 3460
f 1520 3571 1496
f 1620 3361 3119
f 681 3572 1244
f 3572 392 1244
f 2762 3573 3542
f 3537 4130 3880
f 981 3574 2041
f 3574 3035 2041
f 601 1613 3794
f 3575 547 901
f 2955 1936 550
f 3692 376 3039
f 3028 3577 1968
f 2916 3855 1952
f 2771 3664 1987
f 3578 1187 3142
f 3712 2445 155
f 1923 1930 3969
f 1952 3580 2925
f 3580 2797 2925
f 2817 3581 3577
f 3581 1968 3577
f 1527 4105 511
f 3582 2753 1846
f 3583 2853 1705
f 3583 2776 3031
f 3584 1447 114
f 3584 850 1378
f 1162 1784 35
f 2754 3585 2841
f 3223 3426 3917
f 2821 3187 3595
f 2864 3587 3355
f 3587 1476 3355
f 3588 45 3139
f 3139 2757 3588
f 1860 3589 3043
f 3589 3042 3043
f 2906 3590 1861
f 3590 1911 1861
f 1852 3591 2815
f 1662 577 3204
f 358 3592 2875
f 3592 2789 2875
f 3593 2775 3325
f 3593 2644 161
f 1072 3594 290
f 2926 1393 2207
f 1840 1831 4090
f 3602 2215 2899
f 953 3596 3395
f 3596 3252 891
f 3811 807 2693
f 690 3597 2393
f 3598 1416 41
f 3598 2819 2234
f 2881 3599 2532
f 3599 1181 2532
f 2804 3600 2775
f 1850 3815 3031
f 882 3523 3601
f 3601 3089 882
f 3695 3550 2743
f 1204 3974 3540
f 1334 2631 2572
f 3603 3029 1960
f 3964 696 1984
f 1921 4305 3565
f 1140 3997 3205
f 1007 4075 3570
f 1952 3606 2916
f 568 2878 3632
f 1275 2731 4265
f 3607 1898 2877
f 2757 3608 3198
f 3608 1838 3198
f 2758 4179 3626
f 3289 2750 3258
f 1679 4249 3363
f 593 2007 2388
f 547 3611 3172
f 3611 2758 3172
f 2147 977 3634
f 3612 1885 2856
f 557 4125 3231
f 3613 2636 3070
f 863 3614 645
f 3149 3614 3458
f 2759 3615 1499
f 2146 4077 1039
f 3371 3616 2078
f 2743 3548 3776
f 644 3617 3432
f 1494 2095 3432
f 3661 2927 1222
f 3718 1584 3850
f 964 3619 3092
f 3619 3037 3092
f 1208 3620 3539
f 3620 1208 3566
f 1825 3621 2984
f 3542 1733 2781
f 1724 3622 3520
f 3622 3085 3520
f 2038 2593 3853
f 3623 3369 30
f 1182 3624 584
f 2795 3624 2792
f 1351 4084 1608
f 3867 4097 3970
f 2893 3626 1905
f 3611 4179 2758
f 3627 164 2407
f 3986 3091 95
f 2908 3628 1856
f 2916 3732 2283
f 3977 172 1222
f 3629 899 2520
f 906 3630 1251
f 3630 219 952
f 1078 3631 318
f 3631 2391 318
f 2762 3632 3543
f 3543 2878 2098
f 2098 3633 3543
f 3633 2741 3543
f 4131 2505 1155
f 3634 2856 2147
f 194 3635 3625
f 4038 1823 2902
f 2764 3636 1877
f 3636 2764 2221
f 568 3632 3878
f 3637 1844 568
f 2764 3638 1376
f 3638 2764 2012
f 3113 3639 1947
f 940 3639 2318
f 2766 3640 1362
f 2664 3069 2152
f 4034 624 2556
f 3641 3099 810
f 3197 3642 2028
f 3642 3420 2028
f 1711 2707 1466
f 687 3928 3832
f 2885 3399 1882
f 3644 2921 1882
f 1825 3645 3168
f 545 3409 2100
f 3683 4156 1854
f 2767 3646 1939
f 1854 3647 1824
f 3647 1854 1869
f 2767 3648 2777
f 1533 3648 2977
f 2064 4164 3615
f 2697 118 1944
f 6 1553 2433
f 1553 6 2575
f 4025 3780 646
f 3651 2563 797
f 2180 2823 3943
f 3652 2947 1875
f 2768 3653 2739
f 3653 1846 2739
f 1878 1914 755
f 1914 3579 755
f 1846 3655 3582
f 4105 1388 511
f 1120 3502 4131
f 3656 194 2761
f 194 3656 2942
f 9 3658 83
f 3658 9 2399
f 1303 3743 4039
f 3659 1825 1704
f 1732 3660 3655
f 3660 2769 3655
f 2927 3661 3603
f 3661 499 3603
f 576 1011 1439
f 3662 2834 3618
f 2502 3989 608
f 3663 541 1830
f 355 4277 2245
f 3664 2771 2803
f 2956 3665 2026
f 3665 3142 2026
f 167 4158 1613
f 4274 3737 2747
f 3667 3052 122
f 3667 2765 1886
f 3668 3385 1953
f 3668 1124 2816
f 3065 3390 3398
f 5 3332 4123
f 1820 3670 3546
f 1879 1941 3783
f 2804 4280 3600
f 3671 2741 3560
f 3217 3672 1901
f 3672 3217 3629
f 3673 2166 3046
f 3673 3012 1215
f 3674 2762 3544
f 3674 3115 3553
f 3544 1849 3674
f 2259 3675 2074
f 1910 3828 1847
f 3677 2852 2219
f 2775 3678 3199
f 3678 1838 3199
f 3906 1895 2260
f 3907 152 3834
f 903 3693 1667
f 1042 793 2301
f 32 3681 1781
f 3538 1002 1785
f 485 983 2182
f 3682 3496 1964
f 4133 3775 1904
f 4094 758 3834
f 745 3684 3607
f 3684 2749 3607
f 1764 3685 1140
f 3685 1595 1140
f 3686 2138 2993
f 3686 2184 616
f 3687 1846 3653
f 3687 2060 3279
f 617 3688 3508
f 3508 3688 1413
f 2066 3689 2827
f 1841 3689 3376
f 1946 3690 2989
f 3690 2847 2989
f 1013 3691 63
f 3531 3088 3819
f 3796 4087 3445
f 3692 1650 3576
f 394 3693 1509
f 3693 903 1509
f 2532 3694 430
f 4173 1042 2301
f 14 1470 217
f 14 757 1470
f 2078 3696 3455
f 3696 2078 3085
f 443 3909 1470
f 1976 3695 2743
f 1688 3698 917
f 2829 1097 3221
f 2041 3699 3045
f 3699 2041 3035
f 4183 725 3481
f 3700 2266 345
f 1482 3701 2358
f 2358 3287 2087
f 1117 3702 2873
f 3702 1896 2873
f 896 3530 3703
f 3703 1239 896
f 230 2148 2561
f 3704 896 1239
f 1844 3705 3638
f 3705 1844 3233
f 3706 3144 2020
f 3706 1746 3381
f 796 3431 2232
f 3707 1889 3219
f 2273 3708 953
f 2233 1770 2411
f 461 3709 370
f 2307 3441 2582
f 2826 377 1252
f 740 2826 1252
f 192 3711 3073
f 1151 4290 2079
f 3579 3559 3712
f 1197 2742 4199
f 1107 3713 3247
f 3713 2770 3247
f 2459 3714 158
f 3714 686 158
f 648 2257 3715
f 3715 2092 1238
f 3294 963 3985
f 1999 4299 722
f 2842 4152 194
f 3717 1107 3247
f 874 3718 988
f 2898 594 1164
f 1636 3719 1268
f 3719 411 1268
f 1043 3727 68
f 3727 1043 531
f 2353 343 3214
f 3721 2725 3377
f 4030 67 3113
f 3722 139 558
f 2805 3605 3723
f 3723 2782 2805
f 1078 3724 3461
f 3724 1374 3461
f 868 3725 3362
f 3725 529 3362
f 2245 3726 3359
f 1078 1981 3631
f 3340 3720 180
f 2716 3720 2964
f 1694 3858 3533
f 894 2223 3904
f 1532 267 1594
f 920 1532 1594
f 1614 3730 159
f 3730 521 159
f 2052 3731 3259
f 3731 1993 3259
f 284 3732 2235
f 3732 2779 2235
f 2779 3733 3628
f 3733 1856 3628
f 2871 3734 1965
f 3734 3028 1965
f 3735 1754 460
f 3735 1756 838
f 561 3736 3185
f 3736 460 1755
f 4035 3565 2881
f 2157 3737 2943
f 3253 2358 205
f 1894 3253 205
f 920 3739 665
f 1083 649 3011
f 2655 1605 1686
f 782 2655 1686
f 1776 3741 297
f 1657 4301 4031
f 884 3794 1613
f 2432 1547 143
f 1100 367 1360
f 678 1100 1360
f 2895 3744 3052
f 3744 2895 3659
f 234 3745 2509
f 839 3510 3745
f 921 3746 2510
f 1084 2041 3295
f 2803 4278 3664
f 3747 2771 3663
f 1342 3748 2327
f 3748 2181 2327
f 2027 4257 3195
f 4257 2832 3195
f 1705 3234 3983
f 3750 2797 3580
f 3751 572 3108
f 3751 2214 754
f 1618 2080 639
f 17 639 2080
f 506 3753 126
f 3753 925 126
f 939 3770 3076
f 3076 2334 1157
f 741 3755 3852
f 202 1865 1439
f 487 3756 1808
f 3756 721 1808
f 2004 3757 3153
f 1048 3814 3719
f 84 3758 2473
f 3758 66 2473
f 1434 3759 2507
f 3759 347 2507
f 1831 3760 3036
f 2756 3760 1980
f 1253 2980 3017
f 3761 918 1622
f 851 3762 1477
f 3762 348 1477
f 240 3957 3002
f 1304 1748 4229
f 2835 3764 1985
f 4202 2221 1376
f 1810 1097 3791
f 3765 2082 2312
f 2122 42 44
f 1539 2717 2661
f 2785 3767 1596
f 3767 307 1596
f 284 3768 2896
f 3768 1858 2896
f 1879 3769 1941
f 2872 3769 3604
f 594 2898 3701
f 3332 2416 2466
f 812 3771 3132
f 4032 2196 356
f 1218 3772 415
f 3772 2486 415
f 1912 1309 1849
f 3834 1544 4094
f 3774 245 3365
f 3774 2181 3748
f 3775 3004 1953
f 3775 2890 1904
f 2212 3776 2973
f 3776 2212 1976
f 2078 3777 3085
f 3777 2896 3085
f 360 3778 2482
f 4074 1013 3886
f 1358 3779 1484
f 3946 513 767
f 188 3780 976
f 3019 3854 1972
f 10 3781 1192
f 3781 1392 1192
f 1751 3782 3047
f 901 3795 3575
f 2840 3783 1941
f 3783 2740 1879
f 2131 2715 4193
f 3784 1499 3398
f 1499 3785 3291
f 3785 1499 3615
f 325 914 2633
f 1011 914 1439
f 3624 3790 2792
f 3787 315 1312
f 272 1530 201
f 821 272 567
f 3787 1046 1744
f 3790 3624 1182
f 3795 1973 2751
f 3795 901 3106
f 3007 3791 3569
f 3791 3007 1810
f 155 3792 1279
f 3792 2312 1279
f 3793 2103 2957
f 3793 2134 1073
f 1149 3794 884
f 3794 1149 74
f 1554 143 1179
f 3272 1309 3041
f 668 3796 3445
f 3796 668 2052
f 668 3797 2933
f 3797 290 3594
f 1011 3789 269
f 3798 847 1835
f 1211 4214 3554
f 4223 3116 1880
f 517 3800 2425
f 3800 1213 2425
f 2789 3801 1892
f 1508 3801 1943
f 2789 2108 3801
f 4166 2069 1902
f 4207 1853 1723
f 239 3804 842
f 3804 416 842
f 658 3805 2436
f 3805 658 1651
f 2982 3806 135
f 3806 2982 1942
f 2914 3807 2912
f 3807 2914 2304
f 115 3808 2939
f 170 3808 2130
f 2902 3809 1520
f 3421 3809 2049
f 1692 3810 924
f 650 3810 2070
f 1957 1440 1269
f 2827 3597 3375
f 582 3812 432
f 432 3812 993
f 1719 3813 1256
f 3813 362 1256
f 3814 1048 759
f 3814 1147 411
f 1641 3815 3757
f 3815 3153 3757
f 846 713 2654
f 107 2654 713
f 454 3817 3318
f 3318 3817 778
f 2820 3763 3567
f 3818 1843 2869
f 3819 622 3531
f 3819 2228 905
f 1538 4196 3059
f 3820 1064 3691
f 311 3821 1474
f 3821 935 1474
f 59 3822 1310
f 3822 59 1326
f 935 3333 3822
f 2243 1330 2604
f 3824 2893 3564
f 2417 3825 1221
f 3825 2417 497
f 47 3826 1652
f 3826 1737 1652
f 121 3827 2905
f 3827 1848 2905
f 1867 4141 2827
f 623 4143 3830
f 1909 3829 3271
f 3829 2218 3271
f 1848 3830 1909
f 3830 1848 2934
f 957 3831 3272
f 3831 1849 3272
f 687 3832 3884
f 1147 3811 2693
f 256 3833 1060
f 3833 307 1060
f 1544 3834 152
f 2867 3906 2260
f 2776 3742 3843
f 3843 3742 3773
f 2096 3836 2250
f 2250 3836 4289
f 100 3837 2594
f 3837 2096 2594
f 1275 3838 2732
f 116 3226 3704
f 2313 4145 3388
f 3839 2583 3388
f 740 3840 2710
f 847 3840 1585
f 1430 3841 52
f 3841 1430 1900
f 1429 3842 1601
f 3842 1429 22
f 3835 156 686
f 1723 1869 4156
f 3844 1422 1096
f 3844 2382 613
f 328 3845 3394
f 98 1338 3929
f 3664 235 3092
f 1987 3664 3092
f 2177 4083 3890
f 2961 3933 2006
f 3623 30 2720
f 814 3623 2720
f 465 3849 3616
f 3849 465 2283
f 728 3850 2787
f 3850 728 3718
f 889 3851 2787
f 2787 3851 728
f 2620 818 1148
f 3852 728 741
f 3220 3093 1918
f 3853 195 2924
f 3859 723 1277
f 3859 1133 156
f 577 3855 3380
f 3855 2916 3380
f 921 3856 3746
f 3856 2508 3746
f 1113 3857 1619
f 3857 436 1619
f 3858 2460 868
f 3858 1694 360
f 1133 3859 188
f 3191 3854 2672
f 2912 3860 313
f 3860 334 313
f 370 3861 461
f 811 3861 2076
f 727 3862 1061
f 1061 3862 1205
f 2491 4178 937
f 3275 2814 3997
f 3400 3864 1062
f 1273 3864 849
f 1081 3865 3063
f 3865 373 2569
f 133 3866 2723
f 3866 133 1808
f 43 3867 1165
f 3867 721 1165
f 1943 3868 3071
f 3868 122 3071
f 32 3869 3681
f 3869 1337 3681
f 1020 3870 3301
f 3870 448 1682
f 3871 1323 2339
f 3871 495 1561
f 1861 3872 3041
f 3872 1861 1911
f 3863 2886 2894
f 3873 2150 3192
f 2894 547 3863
f 3874 2820 2886
f 3875 1480 534
f 3875 1019 1774
f 1067 3876 1480
f 3876 534 1480
f 3285 3877 2576
f 3877 82 2576
f 2097 3878 3542
f 3542 3878 3632
f 3014 3879 155
f 1878 3879 2025
f 3880 2769 3656
f 3880 2761 3537
f 2891 4007 431
f 3881 705 2588
f 2741 3882 3543
f 3882 2762 3543
f 437 3883 3174
f 3883 1301 3174
f 848 78 4237
f 933 848 4237
f 41 3885 1225
f 3885 883 1225
f 2157 4073 3737
f 1236 2537 4007
f 2289 3892 711
f 3892 2464 711
f 358 3888 137
f 3888 2989 137
f 4066 2188 2922
f 3889 149 2841
f 1056 4076 2413
f 3890 647 2177
f 1102 1058 2427
f 3891 273 2177
f 936 71 1612
f 2269 2464 3892
f 1906 813 4216
f 3893 1932 3097
f 2779 3894 3606
f 270 2142 474
f 506 3895 3753
f 3895 506 2699
f 405 3945 1292
f 405 1292 1788
f 2239 3897 1077
f 3897 404 1077
f 1960 3898 1899
f 2817 3898 3581
f 371 3899 2889
f 3599 4269 1181
f 102 1460 1032
f 3896 535 1104
f 2059 3901 2960
f 4222 1709 620
f 3902 776 3821
f 3902 1606 1249
f 1176 3903 214
f 3159 2835 3014
f 156 3904 723
f 3714 3835 686
f 1764 3905 3685
f 3999 1595 3685
f 2034 3905 3728
f 127 3907 3834
f 3909 217 1470
f 665 3908 920
f 3908 1532 920
f 217 3909 1255
f 667 3912 13
f 978 3910 753
f 3910 248 753
f 1261 375 2434
f 1261 2434 843
f 256 2609 1054
f 1084 1994 981
f 2424 3913 2294
f 1328 3913 1200
f 2612 4064 209
f 3233 1844 3930
f 1208 3915 2204
f 1281 4154 2551
f 1934 3915 3539
f 380 3916 2492
f 2102 3917 3426
f 3431 4173 4240
f 4240 3008 3431
f 3887 2110 1155
f 1431 71 936
f 967 3921 3137
f 1263 1613 4158
f 3914 3539 2760
f 3922 1952 3001
f 3004 3923 1124
f 2925 1070 3001
f 1261 3924 1179
f 3924 783 820
f 405 3925 769
f 3925 936 769
f 295 3926 3382
f 3926 1953 3003
f 628 3927 1518
f 451 3927 2467
f 210 4229 2721
f 1450 3662 2882
f 98 3929 2330
f 2330 3929 1170
f 2644 2783 3547
f 161 2644 3547
f 2250 3931 3232
f 3931 1965 3232
f 989 3932 1709
f 3490 1768 4005
f 2220 3933 3132
f 3933 2961 812
f 2348 502 3076
f 4135 3596 953
f 1322 3935 3477
f 3112 867 4128
f 1799 994 3924
f 3936 3421 2770
f 459 1315 1130
f 459 1130 3428
f 328 3938 2382
f 2382 3938 1224
f 3035 3939 1883
f 3939 1246 3068
f 1367 3940 281
f 3940 881 281
f 1519 762 3992
f 3941 1136 38
f 3485 3942 1065
f 3942 3394 1065
f 3476 3 1630
f 895 3476 1630
f 1664 3944 401
f 3698 1688 2062
f 895 1630 419
f 1015 895 419
f 3951 3929 1338
f 265 3929 3951
f 581 1556 2261
f 599 2144 1566
f 489 3948 1715
f 982 3462 3948
f 1667 3949 2428
f 3949 394 2428
f 732 3950 3513
f 3950 381 3513
f 81 3951 1577
f 2671 3290 3256
f 552 1783 1363
f 3952 830 1363
f 3953 3023 1655
f 283 4193 1409
f 1198 2640 2405
f 1166 2405 2640
f 1040 3955 744
f 744 3955 2516
f 107 3956 746
f 3956 107 2206
f 384 3957 1881
f 1881 3957 1497
f 2115 3958 1805
f 3958 2116 1047
f 2842 4095 4152
f 3959 816 2059
f 3960 1105 2794
f 3960 1306 887
f 478 1395 742
f 1435 478 742
f 2151 2768 3752
f 1276 2826 1331
f 3961 1829 1828
f 478 1435 1793
f 2760 2748 2162
f 3049 622 1223
f 4027 2951 2071
f 3965 293 1435
f 1870 3966 1117
f 2819 3373 3973
f 3459 89 785
f 3246 1548 795
f 1877 3968 338
f 3968 2638 338
f 2929 3969 1930
f 3969 1914 1923
f 577 1662 1398
f 3970 721 3867
f 1292 1988 1788
f 3971 1936 1859
f 2510 2031 3138
f 3972 121 2905
f 801 3976 1473
f 1473 2476 801
f 15 3974 1204
f 1204 3540 1075
f 1177 2978 93
f 3975 1121 3429
f 1520 3983 3066
f 1016 1094 3976
f 172 3977 2520
f 2927 3977 1222
f 1590 1431 1720
f 3978 2759 2791
f 1863 1444 3978
f 725 3980 2392
f 2641 4182 4181
f 10 3981 82
f 82 3981 2576
f 1608 3982 2577
f 3982 2100 2577
f 3147 280 488
f 196 280 1395
f 39 3984 2645
f 3984 1416 2645
f 3294 3985 968
f 3985 2343 968
f 1337 3986 3716
f 3986 95 3716
f 1816 3987 3280
f 3987 1816 2942
f 1638 281 1796
f 281 532 1796
f 16 3989 2379
f 3989 504 2379
f 3198 3990 2055
f 2771 3990 3663
f 1025 1650 4061
f 3991 1160 92
f 3992 11 2618
f 3992 119 1519
f 1142 3786 2002
f 1469 2493 1030
f 4073 2747 3737
f 312 4045 1285
f 294 3995 1887
f 2213 3995 2346
f 3999 1494 2279
f 2095 1494 3999
f 4185 1102 431
f 3997 2814 2829
f 2319 710 2480
f 3998 1975 3054
f 3150 3996 2171
f 730 1116 3464
f 625 4000 2341
f 1377 4000 2200
f 3359 4001 2469
f 4001 3536 2469
f 1019 4002 304
f 4002 1019 2479
f 964 3738 3836
f 4003 1903 3290
f 1025 4004 1082
f 4004 481 1082
f 3490 4005 2086
f 4005 3061 2086
f 4 4006 2074
f 2465 4006 955
f 1236 4007 3881
f 2891 705 4007
f 958 4008 3886
f 4008 413 3886
f 1927 4009 3721
f 4009 1927 2872
f 2919 4010 2470
f 4010 150 2470
f 4011 1832 2871
f 3803 3091 30
f 2027 3662 4257
f 337 3850 1584
f 1616 3194 4233
f 705 4233 3194
f 2119 4014 380
f 2169 4014 1206
f 3101 4015 3433
f 2664 1700 2265
f 638 4016 2796
f 2832 3617 4101
f 3004 787 1953
f 243 4116 2611
f 36 4018 2164
f 2164 4018 831
f 1184 4019 849
f 4019 1184 2344
f 1626 1747 844
f 716 92 2568
f 3263 1306 427
f 2794 427 1306
f 3350 2446 89
f 2101 2414 2972
f 1896 3051 4284
f 3051 1896 3249
f 4051 2585 934
f 4024 1996 572
f 3303 4041 987
f 4041 3303 3802
f 35 4026 857
f 4026 1063 857
f 3422 4027 2071
f 4027 3422 2114
f 1840 4090 3061
f 4089 1810 2974
f 21 4029 249
f 4029 163 249
f 67 4030 1614
f 4030 2456 1614
f 558 4031 3722
f 4031 1064 3722
f 2786 4032 356
f 4032 2786 3132
f 1771 468 2390
f 1174 2390 468
f 994 1799 4177
f 442 4177 1799
f 3149 1122 3614
f 1309 3272 1849
f 662 4036 1138
f 453 837 4036
f 4139 50 3571
f 4037 2222 3233
f 50 1496 3571
f 4038 2790 2763
f 1041 4039 23
f 1553 1806 871
f 491 4040 2395
f 4040 917 2395
f 566 2017 4306
f 2017 166 4306
f 1661 4042 707
f 4042 1661 1085
f 2132 2913 3026
f 1345 3026 2913
f 960 4044 3245
f 2800 3537 4256
f 960 2314 4044
f 2061 4046 1949
f 1378 3558 3584
f 30 4047 3869
f 4047 1337 3869
f 4056 324 724
f 4048 460 1754
f 540 933 4048
f 4059 2114 226
f 1984 696 4079
f 4266 8 4137
f 287 4052 450
f 4052 287 2230
f 2571 1768 3490
f 4053 401 1545
f 4054 922 494
f 283 3284 2921
f 3137 1632 967
f 2590 870 509
f 238 4066 179
f 4056 922 661
f 2445 3149 3765
f 1499 4140 2759
f 1544 4058 2681
f 4058 1365 2681
f 2114 4059 2539
f 4059 225 2539
f 2190 2843 2351
f 4060 2114 3208
f 2297 1161 4275
f 4061 3039 1549
f 258 4062 579
f 3582 1578 2753
f 1316 4063 1754
f 687 3884 1884
f 1044 4064 2167
f 4064 822 2167
f 3250 117 4201
f 4065 1754 3735
f 591 4138 2385
f 800 701 2704
f 2841 4067 3889
f 4067 1056 3889
f 1512 4068 3352
f 4068 489 3352
f 515 2148 1327
f 2101 2160 4069
f 3411 85 2938
f 4070 161 2127
f 4297 1317 3932
f 3932 989 4297
f 301 4072 1999
f 2774 1728 3545
f 3104 2813 2981
f 368 3104 2981
f 1013 4074 3691
f 2258 3059 4196
f 976 4025 2452
f 4025 632 2452
f 2492 1229 2862
f 2119 2492 2862
f 2245 1039 3726
f 4077 207 3726
f 1325 4078 27
f 4078 2929 27
f 3157 527 4268
f 4079 2465 1993
f 1468 4080 1655
f 4080 2836 1655
f 1426 556 4248
f 4081 587 327
f 3375 4082 2066
f 2069 4166 4254
f 2821 4090 856
f 4090 1831 856
f 1821 2045 4084
f 4084 1351 1821
f 1181 2705 3680
f 4085 2761 3625
f 4205 738 125
f 4206 62 1657
f 57 4087 3796
f 1699 4087 2421
f 376 4088 1742
f 4088 1834 1742
f 1810 4089 3221
f 4089 2844 3221
f 1343 1289 2967
f 4083 2177 2411
f 886 4091 2420
f 4091 886 1069
f 2569 4092 884
f 1969 2403 3806
f 1296 4093 2108
f 4093 1943 2108
f 758 4094 212
f 4094 408 212
f 2049 4095 3247
f 4095 2049 3175
f 1036 4096 1329
f 11 4096 1629
f 43 4097 3867
f 4097 43 1465
f 721 4098 3866
f 864 4098 1329
f 78 4099 1915
f 4099 2337 1915
f 1721 4100 1437
f 4100 504 1437
f 46 4101 2212
f 2212 4101 4103
f 344 4102 4016
f 4102 2796 4016
f 2213 4103 644
f 2212 4103 1150
f 4104 875 3499
f 4104 3457 2166
f 4108 1366 145
f 4108 664 2655
f 592 4106 326
f 95 4106 1102
f 1749 4107 2131
f 4107 2173 2131
f 664 4108 1787
f 1092 1814 975
f 4109 1243 729
f 4109 1 603
f 2928 4110 438
f 4110 2928 549
f 1478 4111 2645
f 4111 39 2645
f 1689 4112 2398
f 4112 2119 2398
f 3496 4113 1964
f 4113 3496 3443
f 1213 4114 2425
f 4114 942 2425
f 2791 4115 3591
f 4115 2815 3591
f 1131 4119 1890
f 4119 1131 1118
f 502 4117 521
f 4117 502 2348
f 2 525 3165
f 4118 452 2652
f 114 4119 3584
f 4116 243 4219
f 2854 48 672
f 4120 1342 2327
f 4121 855 2249
f 1684 271 1137
f 133 4122 1197
f 787 3004 1124
f 3491 1986 4197
f 2228 4123 905
f 919 2105 3669
f 4124 3241 1958
f 1232 4125 557
f 1129 4125 3522
f 741 3851 1387
f 3851 357 1387
f 1974 4127 1327
f 4127 1974 2067
f 1485 1770 3416
f 4128 3202 945
f 3900 2857 4141
f 4141 1852 3900
f 2526 73 477
f 4130 2737 1812
f 977 3439 4243
f 3156 2825 4243
f 3598 4132 2819
f 2312 1037 4189
f 3775 4133 3004
f 1746 3706 3327
f 1207 4134 22
f 4134 3842 22
f 3596 4135 361
f 4135 2315 361
f 3934 4136 3541
f 4136 1813 3541
f 3725 4137 529
f 4137 8 529
f 3658 4138 83
f 4138 591 83
f 477 1589 2526
f 300 3788 722
f 2791 1706 4115
f 4140 1499 3784
f 4129 1764 733
f 3114 4276 959
f 1847 4142 3832
f 1884 3884 1486
f 1909 4143 3829
f 4143 623 3829
f 121 4144 3827
f 4144 1910 3827
f 1906 4145 813
f 4145 2313 813
f 3191 171 3493
f 3095 3191 3493
f 2229 4147 1569
f 4147 863 1569
f 1385 434 1672
f 829 1385 1672
f 1872 4149 1874
f 2013 4149 2797
f 2258 4150 1007
f 4150 2258 3137
f 1160 4151 1024
f 1782 2371 1380
f 268 4161 1625
f 4161 268 2549
f 548 4153 653
f 4153 1693 653
f 1693 4153 4154
f 4154 1281 1693
f 1934 4155 3915
f 4155 2204 3915
f 4156 2795 2792
f 4156 1869 1854
f 1991 4157 2901
f 4157 1991 3077
f 1263 4158 711
f 4158 1572 711
f 183 649 3739
f 4159 1951 3666
f 2181 4160 3478
f 4160 2181 3774
f 4152 1823 194
f 1823 4152 3175
f 1913 2950 2859
f 3048 3695 3602
f 2815 4163 3652
f 4163 3555 3652
f 3228 3213 589
f 4164 2064 3373
f 1640 4165 3238
f 3964 2153 3440
f 1444 4166 3238
f 4166 1444 3376
f 2611 4116 4195
f 2439 1573 720
f 4168 757 14
f 3283 1102 4106
f 1578 3582 2737
f 4169 736 1759
f 346 4170 2611
f 4170 346 2348
f 4174 1085 1661
f 3298 1232 2014
f 1061 4172 727
f 1086 4172 809
f 3165 895 1015
f 4240 2301 247
f 319 4174 1661
f 3284 2207 2921
f 2559 4178 10
f 4175 3526 897
f 760 971 4175
f 897 760 4175
f 596 4177 1727
f 4177 596 994
f 2490 735 4286
f 196 2185 1658
f 462 2104 1801
f 785 462 3459
f 3246 3820 413
f 4180 1064 3820
f 4184 1346 3480
f 4181 229 2641
f 4182 2641 1346
f 4182 3481 725
f 725 4183 3980
f 1026 345 1794
f 1346 4184 4182
f 4184 638 3481
f 2547 1021 1467
f 2547 1467 141
f 3633 4186 2741
f 4186 3633 3556
f 1715 3948 3462
f 4187 2063 134
f 4198 2453 569
f 1542 3165 1079
f 2835 4242 3610
f 4189 1279 2312
f 2028 4190 3018
f 2886 445 2894
f 2195 4191 287
f 4191 2230 287
f 696 4192 4079
f 4192 635 4079
f 2131 4193 1749
f 4193 283 1749
f 2025 4194 3178
f 4194 1814 3178
f 2611 4195 346
f 2875 3181 4287
f 923 2203 3825
f 497 923 3825
f 2765 931 1886
f 2950 1913 1922
f 2 1472 832
f 2844 1662 3204
f 487 4199 1579
f 4199 982 1579
f 3164 986 1932
f 4200 1476 1932
f 855 4201 529
f 3507 2152 3069
f 1066 2700 192
f 3286 192 2700
f 1213 4203 4114
f 2554 4251 3799
f 4281 2741 3671
f 4204 1912 3544
f 738 4205 1106
f 2411 1770 4083
f 99 4206 1657
f 1134 201 1530
f 2740 2754 4020
f 1255 216 1441
f 3378 422 3391
f 3274 3378 3391
f 1229 2136 3471
f 440 1229 3471
f 283 4210 1749
f 2935 4210 3277
f 1749 4210 2087
f 381 4211 951
f 1123 4213 1528
f 4213 549 1528
f 4218 1600 414
f 414 1600 3119
f 1073 4215 3223
f 4215 2136 3223
f 3928 2865 3832
f 4216 3097 1906
f 425 4217 952
f 1251 4217 2722
f 3115 1849 3831
f 4218 1558 3741
f 998 4219 243
f 2247 3206 3072
f 3200 4055 2316
f 4220 3555 4163
f 2935 4221 205
f 4221 1894 205
f 477 2165 2163
f 477 73 2165
f 4223 1880 4130
f 4223 3537 2800
f 4081 327 2506
f 1139 4081 2506
f 3634 4243 2825
f 2825 3612 3634
f 506 4226 3210
f 4226 2627 3210
f 1874 4227 1872
f 2798 684 3041
f 3723 4228 2782
f 4228 709 2782
f 1304 4229 2310
f 3314 732 2297
f 3491 2859 2950
f 1986 3491 2950
f 2943 4231 1924
f 4231 1911 1924
f 1324 4232 2745
f 2745 4232 1526
f 1616 4233 3329
f 160 4013 2250
f 1257 4234 2674
f 4234 1257 2993
f 4062 1280 1132
f 2115 4062 1132
f 3101 4236 4015
f 4236 3101 2013
f 3112 945 799
f 4237 2084 761
f 3425 1406 3107
f 792 3425 3107
f 3413 4239 2108
f 4239 1296 2108
f 2320 3650 4245
f 306 4245 3650
f 2195 4241 3958
f 4241 2116 3958
f 2554 148 4251
f 2637 517 1402
f 2 3165 1015
f 1049 4243 3439
f 3032 2865 2527
f 4244 1932 1476
f 2776 498 3936
f 1068 4224 2385
f 493 4246 3143
f 1641 3141 1209
f 1896 4247 2999
f 156 3835 3904
f 1426 4248 2320
f 4248 940 2320
f 499 3029 3603
f 2799 3029 872
f 1901 4250 2037
f 2817 4250 3898
f 2156 3067 1983
f 3067 2156 345
f 1234 4258 1916
f 4258 1736 1916
f 2650 4253 980
f 157 4253 3450
f 2066 4254 3376
f 3376 4254 4166
f 2991 4255 957
f 68 2597 3787
f 1811 4256 4085
f 2800 4256 4044
f 514 2068 120
f 514 120 1671
f 4252 1887 2095
f 4258 1234 34
f 2774 4259 535
f 4259 1712 535
f 1516 4260 528
f 4260 1516 1415
f 2143 4261 3417
f 4261 2143 2247
f 594 4262 3258
f 1414 2143 3417
f 2027 4263 2882
f 4263 2744 2882
f 2534 857 3506
f 3506 861 2534
f 1275 4265 3838
f 3186 25 2369
f 8 4266 2422
f 4266 1436 2422
f 2058 3224 2139
f 2734 2058 2139
f 3157 4268 2972
f 4268 3424 2972
f 4274 2272 3737
f 3451 4274 3551
f 2215 4270 4024
f 4270 2296 4024
f 1859 4271 3971
f 4271 1859 3230
f 2963 4271 1456
f 1266 4273 1619
f 3533 1266 1694
f 4269 3599 3103
f 974 4269 3103
f 3760 2364 3036
f 2364 1973 3036
f 1806 4276 3392
f 4276 3114 3392
f 2961 4277 3770
f 4277 355 3770
f 2850 371 137
f 2847 2850 137
f 2803 4279 1832
f 4279 1873 1832
f 1873 4280 2780
f 4280 2804 2780
f 2741 4281 3882
f 4281 3544 3882
f 1487 4282 3064
f 3791 1097 2814
f 2920 4283 1990
f 4283 2766 1990
f 2805 4284 3051
f 4284 2805 2873
f 3711 1452 2600
f 643 3711 2600
f 562 4286 3627
f 164 3540 3974
f 1946 4287 1897
f 3181 1892 1897
f 2871 4288 2806
f 235 4289 3836
f 2806 4289 235
f 2250 4289 3931
f 4290 1151 2599
f 4290 318 949
f 1286 1631 3219
f 1631 1286 3430
f 1847 4292 2864
f 4292 1847 3832
f 173 4293 2412
f 2166 3453 4293
f 1372 4251 2930
f 4251 1372 3354
f 2135 4295 76
f 4295 2135 761
f 454 4296 2262
f 4296 115 2939
f 4071 2742 1197
f 1768 1375 4005
f 3545 4298 2838
f 1829 3961 3125
f 1354 4299 4072
f 4299 1999 4072
f 1337 4300 2680
f 4300 1537 2680
f 2579 519 1006
f 881 2579 1006
f 921 2278 3856
f 2278 921 3248
f 691 2668 2684
f 2668 1434 2684
f 2668 691 2282