v -0.151646 -0.678855 0.030053
v -0.150286 -0.716134 -0.046734
v -0.145909 -0.722150 0.027961
v 0.004030 -0.270514 0.147206
v 0.002412 -0.247676 0.155225
v -0.066466 -0.238513 0.138096
v -0.189760 -0.267662 0.035318
v -0.155344 -0.229427 0.089182
v -0.185322 -0.232103 0.024248
v -0.113096 -0.232742 0.116708
v -0.128033 -0.300288 0.117477
v -0.191463 -0.288616 0.035714
v -0.100025 -0.710712 -0.076908
v -0.121149 -0.663609 -0.058467
v -0.038827 -0.711989 -0.030592
v -0.025538 -0.663919 0.014350
v -0.025642 -0.707060 0.013300
v 0.003885 -0.285272 0.140146
v -0.194149 -0.307317 0.033749
v 0.116482 -0.233114 0.117169
v 0.133253 -0.300136 0.119356
v 0.163525 -0.229715 0.081612
v 0.069444 -0.239277 0.138834
v 0.096672 -0.710248 -0.075458
v 0.120087 -0.665062 -0.058044
v 0.148938 -0.717262 -0.046747
v 0.144699 -0.723182 0.025594
v 0.152295 -0.680704 0.029180
v 0.037309 -0.712152 -0.027991
v 0.023092 -0.664355 0.014638
v 0.192454 -0.289902 0.034959
v 0.189815 -0.270108 0.033739
v 0.014137 -0.593055 0.019849
v 0.016423 -0.624380 0.017656
v 0.090210 -0.613141 0.105050
v 0.019835 -0.707334 0.015474
v 0.003147 -0.312073 0.124747
v 0.062464 -0.309850 0.129434
v -0.180798 -0.443220 0.036750
v -0.148806 -0.474882 -0.044946
v -0.176460 -0.490530 0.037035
v 0.185489 -0.233521 0.021988
v 0.094904 -0.615641 -0.057270
v -0.014970 -0.624421 0.016436
v -0.159964 -0.641546 0.031128
v -0.097450 -0.616010 -0.055438
v -0.014791 -0.592919 0.018577
v -0.056966 -0.311949 0.123902
v 0.001742 -0.352838 0.104324
v 0.003002 -0.331653 0.138364
v -0.193508 -0.377053 0.035909
v -0.098633 -0.390024 0.132361
v -0.176351 -0.544348 0.037407
v -0.009764 -0.530053 0.019669
v 0.002099 -0.369067 0.072585
v -0.086785 -0.466631 0.119772
v 0.002801 -0.399543 0.024415
v -0.003352 -0.363714 0.036586
v -0.186883 -0.405193 0.035766
v 0.196208 -0.308618 0.031898
v 0.194836 -0.330012 0.032162
v 0.101212 -0.390473 0.133328
v 0.153171 -0.476148 -0.051962
v 0.009438 -0.529824 0.021789
v 0.056465 -0.465838 -0.059691
v 0.159415 -0.642441 0.031672
v 0.169748 -0.544766 0.034115
v 0.173476 -0.491439 0.034938
v -0.005437 -0.477176 0.022326
v 0.191666 -0.377967 0.033533
v 0.088840 -0.467009 0.121071
v 0.002949 -0.398651 0.026247
v 0.002630 -0.442234 0.025533
v 0.156641 -0.401737 -0.054759
v 0.138637 -0.343561 -0.085233
v 0.006856 -0.477027 0.022771
v -0.090273 -0.612797 0.105218
v -0.165848 -0.602699 0.034085
v 0.163028 -0.603960 0.032965
v -0.001597 -0.442804 0.024221
v -0.000994 -0.351127 -0.072901
v 0.075063 -0.366920 -0.086683
v -0.195767 -0.328498 0.034120
v -0.138830 -0.344024 -0.083136
v -0.159091 -0.400906 -0.052507
v 0.185610 -0.405903 0.033443
v -0.036196 -0.391635 -0.056192
v -0.000357 -0.360150 -0.048470
v -0.001591 -0.363495 -0.014882
v 0.179977 -0.443738 0.035661
v 0.129795 -0.285682 -0.093592
v -0.130756 -0.286325 -0.093169
v -0.000473 -0.327297 -0.106546
v -0.130928 -0.226288 -0.088180
v -0.086612 -0.228360 -0.111478
v -0.160648 -0.226347 -0.058023
v -0.093748 -0.723006 0.090384
v -0.138051 -0.725300 0.072904
v 0.000457 -0.264171 -0.125564
v -0.000426 -0.294720 -0.126229
v 0.000002 -0.240892 -0.117673
v -0.044220 -0.715005 0.055680
v 0.090811 -0.723551 0.089117
v 0.158052 -0.226772 -0.060656
v 0.086871 -0.228249 -0.110652
v 0.128139 -0.225390 -0.091604
v 0.138770 -0.727007 0.072884
v 0.037512 -0.714833 0.060703
v 0.037650 -0.390558 -0.056401
v -0.054977 -0.464616 -0.055544
v 0.058670 -0.508277 -0.059291
v -0.059802 -0.507388 -0.056381
v -0.000847 -0.361013 -0.030972
v -0.082004 -0.381875 -0.078519
v -0.086062 -0.373230 -0.084166
v -0.033433 -0.576959 -0.039351
v 0.033539 -0.577074 -0.037454
v 0.044346 -0.646944 -0.048453
v -0.161427 -0.582523 -0.026585
v -0.046336 -0.646490 -0.049147
v 0.158259 -0.584224 -0.029254
v 0.023909 -0.403293 0.105353
v -0.022892 -0.403352 0.102490
v -0.093607 -0.433951 -0.065600
v -0.146347 -0.506739 0.096248
v 0.124784 -0.547731 -0.055330
v 0.148224 -0.507239 0.096219
v 0.005050 -0.459531 0.024429
v 0.182327 -0.424771 0.034649
v -0.000853 -0.341533 -0.092459
v 0.001322 -0.421480 0.024396
v -0.035206 -0.573377 0.072594
v -0.151899 -0.436552 0.098144
v 0.036005 -0.573242 0.072930
v 0.187526 -0.251066 0.028004
v -0.000940 -0.380896 0.005747
v 0.003308 -0.299008 0.133089
v -0.110088 -0.226771 -0.101878
v -0.178656 -0.466894 0.037224
v -0.176173 -0.228753 0.059947
v 0.179567 -0.230401 0.054621
v 0.020254 -0.644374 0.015487
v 0.028881 -0.475472 0.086390
v 0.161515 -0.623224 0.032447
v -0.163873 -0.622292 0.032968
v -0.142392 -0.724056 0.050608
v -0.003476 -0.362591 0.011890
v 0.151197 -0.456031 0.096620
v -0.149947 -0.700793 0.029046
v -0.014830 -0.608774 0.017576
v -0.027854 -0.475492 0.085384
v -0.020798 -0.644092 0.014961
v -0.156213 -0.611742 -0.026692
v 0.141492 -0.230877 0.102049
v 0.141424 -0.649805 0.087709
v 0.098777 -0.399690 -0.080515
v -0.089959 -0.235132 0.128157
v -0.160104 -0.383142 0.098347
v -0.139881 -0.648415 0.087821
v 0.071669 -0.332374 -0.106221
v 0.161906 -0.384080 0.098046
v -0.072614 -0.333426 -0.107331
v 0.147902 -0.631508 -0.026073
v 0.159830 -0.398309 0.097819
v 0.000813 -0.380757 0.004896
v -0.035570 -0.606595 -0.041351
v 0.003034 -0.385046 0.049922
v 0.034240 -0.606718 -0.040097
v 0.182699 -0.322794 -0.036285
v -0.184286 -0.322285 -0.035195
v 0.148476 -0.372204 -0.069440
v -0.182649 -0.293267 -0.037027
v 0.174405 -0.339534 0.083576
v -0.179801 -0.226906 -0.020554
v 0.002090 -0.360697 0.088374
v 0.179493 -0.282934 -0.037724
v 0.093412 -0.235904 0.128313
v 0.182998 -0.246143 0.052608
v -0.185221 -0.334477 -0.033711
v 0.120011 -0.726785 0.095741
v -0.012766 -0.377716 -0.038625
v -0.012129 -0.561435 0.019723
v -0.047824 -0.639884 0.068890
v 0.050159 -0.639562 0.066589
v 0.109818 -0.436827 -0.073229
v 0.186960 -0.364477 -0.017475
v -0.188869 -0.363619 -0.015653
v -0.171811 -0.573703 0.035990
v -0.069025 -0.718839 0.073119
v -0.144920 -0.254003 -0.078780
v 0.111207 -0.254048 -0.105675
v 0.143228 -0.725714 0.049487
v 0.037920 -0.243463 0.149696
v 0.144838 -0.611149 0.089051
v 0.135578 -0.690865 -0.053833
v -0.183438 -0.424042 0.036320
v 0.066204 -0.286447 -0.119998
v -0.111314 -0.255121 -0.104830
v -0.143262 -0.609919 0.088896
v -0.001734 -0.380756 0.029886
v -0.006810 -0.503725 0.020850
v 0.134989 -0.314445 -0.089737
v -0.069477 -0.269190 -0.119968
v 0.062671 -0.719830 0.077814
v -0.179282 -0.440421 -0.009994
v -0.119355 -0.263586 0.113805
v 0.022149 -0.499068 -0.024543
v -0.062768 -0.289355 0.124595
v 0.001416 -0.420426 0.025789
v -0.178005 -0.509788 -0.008659
v 0.069211 -0.289465 0.126141
v 0.173501 -0.511127 -0.011515
v 0.029740 -0.689585 0.038450
v 0.089531 -0.669033 0.100146
v -0.090861 -0.668514 0.100363
v 0.070895 -0.688956 -0.058412
v -0.186226 -0.253372 -0.009516
v -0.072404 -0.686923 -0.060514
v 0.049496 -0.371473 0.124440
v -0.046008 -0.371650 0.123594
v -0.152387 -0.655158 -0.015409
v 0.089389 -0.542614 0.108722
v -0.088050 -0.542377 0.109372
v 0.157345 -0.417158 0.097621
v -0.112018 -0.546111 -0.054801
v -0.152829 -0.621182 -0.026577
v -0.005869 -0.490451 0.021450
v -0.001509 -0.392410 0.036895
v 0.065289 -0.300355 0.124230
v 0.002854 -0.319400 0.135132
v 0.132434 -0.299926 -0.091952
v -0.159386 -0.597223 -0.026897
v -0.019966 -0.498762 -0.024720
v -0.159534 -0.555158 0.067036
v -0.005160 -0.439905 0.063253
v 0.137346 -0.328915 -0.087912
v 0.155200 -0.529997 -0.039331
v 0.053306 -0.271828 -0.121693
v 0.018834 -0.455778 -0.023304
v 0.077534 -0.721083 0.081687
v 0.175956 -0.313903 0.083008
v -0.016456 -0.455555 -0.024285
v -0.105446 -0.471175 -0.062500
v -0.172419 -0.312710 0.082709
v 0.177829 -0.423170 -0.012141
v -0.155033 -0.672980 -0.020550
v -0.041141 -0.295484 -0.120707
v 0.105019 -0.471436 -0.061524
v 0.146930 -0.559194 0.092892
v 0.008687 -0.417645 -0.020834
v -0.145129 -0.558412 0.092933
v -0.135137 -0.230827 0.104447
v 0.076297 -0.563206 -0.060093
v 0.104651 -0.725579 0.095589
v -0.025008 -0.383802 -0.047038
v 0.152639 -0.386851 -0.061830
v 0.186857 -0.257790 0.042635
v 0.183352 -0.389587 -0.014480
v -0.186993 -0.388916 -0.012715
v -0.188444 -0.349230 -0.025570
v -0.179125 -0.460083 -0.009507
v 0.065102 -0.682151 0.085181
v -0.066898 -0.682244 0.084895
v 0.108240 -0.226316 -0.102407
v -0.031651 -0.524207 0.078365
v 0.173862 -0.303043 0.082409
v 0.032118 -0.524282 0.079270
v -0.003909 -0.459970 0.023579
v -0.081437 -0.346954 0.130608
v 0.085915 -0.347184 0.132150
v -0.001219 -0.379797 -0.018701
v 0.058743 -0.486932 -0.057673
v -0.184622 -0.243128 -0.007651
v -0.179267 -0.471306 -0.009375
v 0.172519 -0.293270 0.082791
v -0.161667 -0.540461 0.067555
v -0.169450 -0.292520 0.083598
v -0.090979 -0.261384 -0.115882
v -0.054434 -0.255165 -0.120418
v -0.183345 -0.403320 -0.012224
v 0.009713 -0.406355 -0.020486
v 0.015016 -0.608859 0.019045
v 0.194310 -0.371668 0.007700
v -0.020016 -0.621199 -0.019444
v 0.055393 -0.435161 0.117705
v -0.118619 -0.686863 0.101732
v -0.175897 -0.406589 0.069241
v -0.052768 -0.435474 0.116422
v 0.151290 -0.341795 0.111399
v 0.143559 -0.674421 -0.032416
v -0.147463 -0.341015 0.110205
v -0.044623 -0.354015 -0.088275
v 0.188133 -0.391640 0.033476
v 0.143183 -0.630476 0.088415
v -0.182894 -0.442340 0.013317
v -0.123418 -0.392705 -0.076983
v -0.138590 -0.239619 -0.083541
v 0.004974 -0.421823 0.066453
v 0.112915 -0.264491 0.117836
v -0.003666 -0.422903 0.065257
v 0.147374 -0.262038 0.101859
v -0.108357 -0.264882 0.117375
v -0.138468 -0.658652 -0.038895
v 0.177677 -0.501032 0.011718
v -0.039800 -0.626733 -0.045610
v -0.181276 -0.354403 0.069217
v -0.002481 -0.371347 0.020685
v -0.140243 -0.262610 0.103900
v 0.118771 -0.239227 -0.098392
v 0.013624 -0.502249 0.055667
v 0.050980 -0.701479 -0.049335
v -0.026537 -0.337469 0.134326
v 0.031909 -0.337871 0.132186
v 0.149573 -0.481597 0.096422
v -0.098013 -0.675125 -0.063963
v -0.050995 -0.700530 -0.052120
v 0.053311 -0.679694 0.075648
v -0.104847 -0.248967 0.118681
v -0.055381 -0.680063 0.074900
v 0.185095 -0.238520 0.037618
v 0.039638 -0.503746 -0.042217
v 0.036419 -0.312044 -0.115161
v 0.177285 -0.477778 0.012146
v 0.035490 -0.363569 -0.071536
v 0.032217 -0.702056 0.050366
v 0.061915 -0.243133 -0.118596
v 0.025890 -0.360983 0.114216
v 0.108975 -0.689661 -0.066630
v -0.175542 -0.238856 -0.032766
v -0.034104 -0.264136 -0.121576
v 0.028303 -0.538133 -0.029906
v 0.079178 -0.433147 -0.068227
v 0.037662 -0.351039 -0.088050
v 0.131212 -0.688452 0.092313
v 0.049240 -0.427888 -0.053774
v -0.015079 -0.555383 -0.011151
v -0.062608 -0.597524 -0.056817
v 0.092512 -0.528119 -0.058195
v 0.015880 -0.555061 -0.009190
v -0.099669 -0.240781 -0.108968
v -0.004763 -0.375311 0.041719
v -0.128407 -0.413343 0.120652
v 0.081548 -0.656284 -0.061220
v 0.018880 -0.636345 -0.019718
v -0.177626 -0.564161 0.004342
v -0.130062 -0.599281 -0.040752
v -0.046635 -0.427908 -0.054584
v 0.148171 -0.703142 0.039386
v 0.176476 -0.528579 0.011281
v 0.135891 -0.239160 -0.086251
v -0.118638 -0.590459 0.108624
v 0.094613 -0.428747 0.128640
v -0.166699 -0.487050 0.069041
v 0.032726 -0.319469 0.137513
v 0.130528 -0.601065 -0.050962
v 0.171853 -0.565310 0.001000
v 0.014165 -0.381094 0.095191
v -0.140646 -0.687167 0.080948
v -0.129587 -0.418853 -0.068884
v 0.060571 -0.397998 0.125470
v 0.002601 -0.403434 0.069198
v 0.008490 -0.471619 -0.000879
v -0.057275 -0.398099 0.124305
v 0.033567 -0.591845 -0.038935
v 0.046144 -0.233361 -0.116337
v -0.184359 -0.272292 -0.025872
v -0.064308 -0.413300 -0.066549
v -0.125034 -0.455654 -0.066490
v -0.028308 -0.260936 0.145618
v -0.164155 -0.492157 -0.027348
v -0.161458 -0.303317 -0.066345
v -0.081382 -0.720884 0.081743
v -0.022440 -0.361717 0.113361
v -0.119164 -0.486763 0.113596
v -0.155975 -0.409799 0.098395
v 0.109965 -0.582413 -0.051416
v 0.139660 -0.512332 -0.055576
v 0.044170 -0.542591 -0.049867
v 0.020224 -0.583833 0.048885
v 0.162603 -0.526249 0.066527
v 0.120773 -0.487103 0.112749
v -0.169598 -0.546366 -0.017239
v -0.045507 -0.541972 -0.049198
v -0.024157 -0.439154 0.094350
v 0.166859 -0.474744 0.067803
v -0.195527 -0.345797 0.008301
v 0.153869 -0.608118 -0.028391
v -0.177151 -0.517528 0.037338
v -0.123218 -0.281494 0.115272
v -0.060939 -0.593399 0.091470
v 0.157940 -0.283321 -0.068884
v 0.020373 -0.373212 -0.051054
v -0.172091 -0.367210 -0.043669
v 0.104244 -0.323015 -0.102968
v 0.061574 -0.593508 0.091345
v -0.012641 -0.489768 0.054570
v -0.023944 -0.656681 -0.021623
v -0.060948 -0.712652 -0.063455
v -0.010751 -0.381294 0.094235
v 0.055587 -0.379023 -0.072486
v -0.152142 -0.645080 0.060284
v 0.040825 -0.664777 0.051891
v -0.154496 -0.438203 -0.048701
v -0.064715 -0.611960 -0.054446
v -0.054612 -0.340335 0.130556
v -0.103297 -0.309668 -0.107316
v 0.102012 -0.308922 -0.106748
v 0.166378 -0.619072 -0.000044
v -0.150190 -0.710424 -0.007153
v 0.059886 -0.712568 -0.060742
v 0.059661 -0.338032 0.125744
v 0.155260 -0.439084 -0.053176
v 0.183993 -0.254429 -0.013327
v 0.037551 -0.680410 -0.040929
v -0.174604 -0.559109 0.036866
v 0.176993 -0.402316 0.067529
v 0.168584 -0.252559 -0.048426
v -0.178837 -0.244353 0.058954
v 0.055607 -0.472228 0.109607
v 0.010102 -0.477352 0.056815
v -0.148368 -0.471417 0.096635
v 0.009455 -0.468045 0.057979
v -0.151416 -0.720843 -0.007657
v 0.167799 -0.346893 -0.055800
v -0.174919 -0.593984 0.003175
v -0.138072 -0.269744 -0.087116
v -0.079756 -0.353945 -0.097592
v 0.193399 -0.353609 0.032963
v 0.034375 -0.338755 -0.103775
v 0.056746 -0.509885 0.101820
v -0.118904 -0.576807 0.109436
v 0.119998 -0.577419 0.107793
v -0.149476 -0.528007 -0.038124
v -0.071336 -0.562165 -0.058444
v -0.056070 -0.496286 0.104143
v 0.126758 -0.442666 0.119112
v -0.028138 -0.538021 -0.030177
v 0.152753 -0.610488 0.076902
v -0.008530 -0.417117 -0.020174
v -0.130458 -0.510637 -0.050764
v -0.138804 -0.519199 -0.042499
v 0.151716 -0.699741 -0.006332
v 0.190478 -0.368112 -0.004852
v 0.160953 -0.660838 -0.002236
v 0.159485 -0.582074 0.064614
v -0.109434 -0.509342 -0.064621
v -0.087445 -0.504221 0.113166
v 0.089214 -0.504443 0.112835
v -0.090337 -0.425384 0.127504
v -0.018822 -0.419878 -0.035635
v -0.123300 -0.449788 0.117047
v -0.024440 -0.423463 -0.041449
v -0.105849 -0.582160 -0.058173
v -0.016217 -0.543285 0.051284
v -0.167490 -0.347550 0.092130
v 0.120889 -0.525586 0.110241
v 0.060395 -0.558378 0.094589
v -0.059412 -0.558281 0.094381
v -0.119532 -0.525154 0.111589
v -0.129467 -0.606628 -0.041463
v -0.173025 -0.261532 0.074236
v -0.145224 -0.656977 -0.026330
v 0.172286 -0.556829 -0.010610
v 0.172259 -0.430251 0.067488
v 0.132969 -0.403789 0.122077
v 0.168221 -0.449711 -0.033472
v 0.171958 -0.477010 -0.022413
v -0.144930 -0.546115 -0.042453
v -0.079143 -0.544769 -0.059465
v 0.090044 -0.577855 0.106656
v -0.089234 -0.577563 0.107195
v 0.161794 -0.310465 -0.067013
v 0.024911 -0.429983 0.097257
v 0.148938 -0.685540 0.063205
v -0.171838 -0.430288 0.069297
v -0.139658 -0.564133 -0.045989
v -0.086291 -0.527376 -0.063089
v 0.164701 -0.500247 0.067036
v 0.145610 -0.714406 0.044379
v -0.044717 -0.706519 -0.041582
v 0.150284 -0.691856 0.034302
v -0.038749 -0.671938 0.045772
v -0.124511 -0.365557 0.124877
v -0.022780 -0.591667 0.046428
v -0.169100 -0.588281 0.035165
v 0.149218 -0.721274 -0.009079
v 0.128059 -0.366020 0.125910
v 0.021500 -0.591999 0.048157
v 0.119048 -0.372047 -0.086081
v -0.053865 -0.472164 0.108538
v -0.173081 -0.608824 0.002659
v -0.016352 -0.392535 0.098637
v -0.187986 -0.376239 -0.014285
v 0.177450 -0.252707 -0.031346
v 0.049433 -0.495296 -0.049736
v -0.125017 -0.262242 -0.096111
v 0.192851 -0.295338 -0.003282
v -0.173830 -0.555272 -0.006549
v 0.058630 -0.534056 0.097644
v 0.023974 -0.237271 -0.116951
v 0.118110 -0.632115 0.104181
v 0.047525 -0.314098 0.134040
v -0.041497 -0.606789 0.070752
v 0.176322 -0.506076 -0.000023
v -0.057893 -0.533844 0.097012
v -0.132599 -0.386361 0.121571
v -0.150580 -0.664347 0.060243
v -0.117933 -0.631351 0.106026
v 0.025144 -0.554166 0.064748
v 0.106225 -0.337032 -0.099235
v 0.180465 -0.381191 0.067210
v 0.129938 -0.263201 0.112108
v -0.036727 -0.330492 -0.108557
v 0.049433 -0.505954 -0.050490
v 0.123237 -0.622624 -0.046469
v 0.133083 -0.412298 -0.071111
v 0.026500 -0.689103 -0.007150
v 0.127521 -0.678250 -0.056205
v -0.062060 -0.693990 -0.056616
v 0.144194 -0.291117 0.111726
v -0.154108 -0.423163 0.098433
v -0.170455 -0.623641 0.001281
v -0.173698 -0.374437 -0.039395
v 0.144610 -0.284283 -0.082241
v 0.017312 -0.600398 -0.012274
v 0.062491 -0.611994 -0.053096
v 0.008117 -0.479657 -0.001925
v -0.156300 -0.643254 0.045811
v -0.195145 -0.313760 -0.002227
v 0.110613 -0.323528 0.129634
v -0.105795 -0.323260 0.127974
v 0.176417 -0.484392 0.023767
v -0.126311 -0.405499 -0.071856
v -0.116289 -0.343542 0.126806
v 0.120577 -0.344104 0.127992
v -0.150696 -0.372084 -0.068212
v 0.027495 -0.368221 -0.061483
v -0.146086 -0.666070 -0.028740
v -0.054160 -0.423374 0.119326
v -0.119195 -0.550975 0.110508
v -0.034024 -0.366629 0.118701
v -0.146679 -0.702442 0.051293
v -0.043174 -0.310156 -0.116412
v -0.011016 -0.545748 0.019884
v -0.028322 -0.624035 -0.033419
v -0.017888 -0.585463 -0.012255
v -0.146648 -0.646821 0.074295
v 0.068209 -0.262613 0.129934
v -0.050763 -0.385387 0.126853
v 0.165674 -0.621270 0.016459
v 0.097318 -0.304447 0.127057
v -0.091937 -0.304660 0.125355
v -0.063126 -0.262411 0.130544
v 0.046169 -0.652231 0.058845
v -0.194678 -0.331556 -0.000553
v -0.164637 -0.338562 -0.061183
v 0.132405 -0.455915 -0.062361
v 0.186698 -0.264333 -0.008306
v -0.168322 -0.640823 0.007691
v -0.193988 -0.289858 0.004081
v 0.105077 -0.515075 0.112542
v 0.053455 -0.584735 -0.053008
v -0.080999 -0.614131 -0.054716
v -0.158060 -0.524207 0.078994
v -0.103537 -0.514725 0.113405
v -0.030741 -0.632731 0.042890
v 0.193092 -0.326642 -0.002647
v -0.181204 -0.488435 0.014405
v -0.066282 -0.626905 0.090805
v -0.021231 -0.639078 -0.020733
v 0.066724 -0.626918 0.090179
v 0.174286 -0.326698 0.082885
v 0.077628 -0.413293 0.128415
v -0.133514 -0.641713 -0.039997
v -0.164900 -0.272735 -0.058281
v 0.082291 -0.452344 -0.072604
v -0.172679 -0.481840 -0.019012
v -0.097007 -0.646546 -0.058684
v -0.003518 -0.438464 -0.001413
v 0.159725 -0.478269 0.083002
v -0.137248 -0.689284 -0.053722
v 0.030818 -0.633083 0.043278
v 0.011732 -0.556879 0.036298
v -0.027233 -0.681327 -0.003962
v -0.113369 -0.360175 -0.091145
v 0.011169 -0.561492 0.021527
v 0.171956 -0.382418 -0.036795
v 0.194402 -0.346987 0.006473
v -0.047781 -0.601985 -0.051272
v 0.018852 -0.392337 0.100203
v -0.122390 -0.725468 0.099238
v 0.000771 -0.252429 -0.119672
v -0.073115 -0.257867 -0.119347
v 0.119173 -0.622469 0.104717
v 0.156884 -0.617531 0.062057
v -0.153810 -0.616042 0.060973
v -0.019055 -0.482739 0.070644
v 0.016173 -0.340764 -0.098831
v 0.081905 -0.700727 -0.068478
v -0.066880 -0.654567 0.087755
v 0.120101 -0.591843 -0.047902
v -0.016428 -0.263222 -0.122850
v 0.074871 -0.568197 0.101359
v -0.149702 -0.705750 0.011031
v -0.147358 -0.721669 0.010032
v -0.073900 -0.568036 0.101592
v -0.152300 -0.582673 0.078418
v -0.125057 -0.247033 -0.095174
v 0.067310 -0.406159 -0.070276
v 0.069461 -0.631598 -0.055409
v 0.153640 -0.646404 0.060786
v -0.000146 -0.279137 -0.119745
v 0.039697 -0.663575 -0.045728
v -0.021195 -0.660969 -0.003773
v 0.046274 -0.711957 -0.045874
v -0.056687 -0.323968 0.136371
v 0.173963 -0.267286 -0.043036
v -0.181758 -0.310009 -0.038957
v 0.048569 -0.583438 0.082341
v -0.148323 -0.597333 0.082186
v -0.003499 -0.395810 0.078375
v 0.002266 -0.410305 0.036090
v 0.177623 -0.228303 -0.022598
v 0.064997 -0.701284 -0.061611
v -0.029575 -0.293778 0.131624
v -0.110984 -0.349420 -0.096748
v -0.023307 -0.421107 0.098310
v 0.087144 -0.320952 -0.108936
v -0.135555 -0.315049 -0.088822
v 0.085587 -0.590220 -0.054001
v 0.117747 -0.660086 0.101830
v -0.102300 -0.276634 -0.110202
v -0.073064 -0.301830 -0.117743
v 0.165347 -0.574315 0.033514
v -0.169945 -0.515838 0.052589
v 0.195275 -0.362563 0.020205
v 0.146683 -0.520956 -0.046597
v -0.171168 -0.420616 -0.032097
v 0.035615 -0.292204 0.131933
v 0.096971 -0.697431 0.098324
v 0.037168 -0.482604 -0.044176
v 0.081922 -0.489912 -0.060402
v 0.010156 -0.515469 -0.003271
v -0.095506 -0.293641 0.123429
v -0.141276 -0.629149 0.088231
v -0.060651 -0.382612 -0.070989
v 0.067010 -0.230128 -0.115263
v -0.045768 -0.233734 -0.117178
v -0.167577 -0.262373 -0.052970
v -0.035114 -0.679290 -0.038027
v 0.178345 -0.450473 0.000071
v -0.181481 -0.527198 0.014505
v 0.173360 -0.257638 0.076438
v -0.035022 -0.482033 -0.043314
v -0.007026 -0.515516 -0.004827
v -0.082718 -0.489564 -0.059985
v -0.176572 -0.579093 0.003684
v -0.016221 -0.527041 -0.018424
v 0.099132 -0.499612 -0.058057
v 0.091486 -0.447879 0.125326
v 0.011771 -0.403666 0.087935
v 0.101450 -0.292993 0.125309
v 0.107021 -0.280788 -0.108165
v 0.051501 -0.299792 -0.120166
v -0.081743 -0.267916 0.122370
v -0.139464 -0.706299 0.076834
v 0.165295 -0.493587 -0.032755
v 0.144938 -0.566100 -0.046596
v 0.002407 -0.381077 0.017017
v -0.110010 -0.669456 -0.063492
v 0.175975 -0.519912 -0.000300
v 0.106887 -0.640564 -0.059807
v -0.140555 -0.667814 0.084552
v -0.026921 -0.318275 0.127747
v 0.033040 -0.303380 0.124759
v -0.160353 -0.668633 0.005556
v -0.033663 -0.520592 -0.035609
v 0.000676 -0.400030 0.004418
v 0.001417 -0.420803 0.045760
v -0.156409 -0.483443 -0.036046
v -0.087333 -0.408924 -0.076518
v 0.088547 -0.688397 -0.065886
v -0.006522 -0.487665 -0.003446
v 0.123133 -0.491877 -0.059278
v 0.144507 -0.357902 -0.078034
v 0.080775 -0.394363 0.130965
v 0.089925 -0.641132 0.102670
v 0.127408 -0.712565 -0.068800
v -0.005263 -0.458507 0.042844
v -0.103206 -0.476514 0.116465
v -0.146305 -0.226284 -0.073846
v 0.054635 -0.447101 -0.054320
v -0.091544 -0.696118 0.096777
v -0.090429 -0.640721 0.103415
v 0.023302 -0.698299 0.027532
v -0.017690 -0.651138 -0.003440
v 0.152910 -0.502904 -0.044583
v 0.060831 -0.553047 -0.052987
v 0.021508 -0.513461 0.068358
v 0.057683 -0.416618 0.122104
v 0.014335 -0.436568 -0.021533
v -0.193149 -0.279938 0.005492
v 0.009022 -0.380335 -0.030393
v 0.030196 -0.343933 0.115660
v 0.133391 -0.648143 -0.041593
v -0.129886 -0.712252 -0.068880
v 0.172816 -0.239405 -0.035883
v -0.194920 -0.301699 0.000669
v -0.099646 -0.692915 -0.070884
v -0.071264 -0.381138 0.129630
v 0.146643 -0.260297 -0.077335
v 0.040871 -0.474243 0.099543
v 0.136804 -0.484608 0.107403
v 0.054278 -0.616894 0.080428
v 0.004434 -0.384580 0.050632
v -0.179311 -0.380509 0.070027
v 0.182346 -0.413718 0.050973
v 0.082460 -0.261628 -0.118887
v 0.002189 -0.386193 0.071081
v -0.149331 -0.683594 0.056060
v 0.168331 -0.409760 0.083341
v 0.026855 -0.423305 -0.040299
v 0.176689 -0.494497 0.000123
v 0.006542 -0.449809 -0.000403
v 0.000641 -0.421818 0.044096
v 0.172201 -0.518142 0.034484
v -0.113689 -0.401567 0.126543
v 0.006083 -0.465641 0.011878
v 0.005884 -0.463847 0.041591
v -0.132114 -0.706445 0.090344
v 0.165017 -0.630925 0.016221
v -0.174247 -0.528191 -0.013091
v -0.035245 -0.619989 0.057433
v -0.009707 -0.509402 0.036891
v -0.034287 -0.367542 -0.066726
v -0.191995 -0.269090 0.006226
v 0.088354 -0.328037 -0.107405
v 0.187819 -0.321970 0.058184
v 0.187758 -0.346988 0.059538
v 0.157604 -0.306366 0.103413
v 0.001170 -0.377009 0.061411
v 0.007688 -0.503339 0.021914
v 0.162758 -0.626206 -0.016585
v -0.130469 -0.474251 -0.063201
v -0.179285 -0.350902 -0.039552
v -0.067769 -0.432326 -0.068797
v -0.031539 -0.460701 -0.045213
v -0.079897 -0.468010 -0.060145
v -0.153287 -0.305933 0.102792
v -0.186446 -0.320217 0.059185
v -0.195233 -0.352680 0.035170
v -0.146605 -0.712526 0.039805
v -0.028703 -0.586673 0.059659
v 0.169246 -0.412335 -0.034499
v -0.008041 -0.387001 0.088392
v 0.052560 -0.684650 -0.053884
v 0.042420 -0.588299 -0.047516
v 0.126045 -0.707705 0.094719
v 0.120896 -0.269583 -0.099647
v -0.051439 -0.402211 -0.061111
v 0.036727 -0.683379 0.051038
v 0.080264 -0.470161 -0.068718
v -0.147508 -0.489088 0.096556
v -0.179791 -0.254696 -0.028805
v -0.137320 -0.245701 0.102770
v -0.122164 -0.326541 -0.096161
v -0.132421 -0.368720 -0.082039
v -0.184826 -0.300087 0.060761
v -0.169017 -0.449196 -0.030650
v -0.187821 -0.414271 0.011914
v -0.150135 -0.695293 -0.032124
v -0.134143 -0.496897 0.107239
v 0.146056 -0.585204 0.091166
v 0.147578 -0.533197 0.094424
v 0.058378 -0.668221 -0.051838
v 0.026308 -0.658647 -0.031234
v 0.139403 -0.232291 -0.081672
v -0.150193 -0.286116 -0.076799
v 0.003890 -0.430379 0.002358
v -0.179023 -0.490541 -0.009022
v -0.145773 -0.532579 0.094599
v 0.169103 -0.575136 -0.015695
v -0.108411 -0.413527 -0.071878
v 0.088199 -0.247734 -0.113867
v 0.031393 -0.664510 0.033718
v -0.189118 -0.390648 0.035741
v -0.139235 -0.465914 -0.058942
v 0.039192 -0.696400 -0.033640
v -0.031413 -0.709842 -0.008660
v -0.061413 -0.699767 0.075100
v -0.146320 -0.410307 -0.063704
v -0.073296 -0.701955 0.084566
v 0.101059 -0.555886 -0.060329
v 0.116536 -0.520333 -0.061995
v -0.060416 -0.667481 -0.053373
v 0.182230 -0.273456 0.065900
v -0.187993 -0.366025 0.052662
v 0.097938 -0.409550 0.131254
v 0.188985 -0.390907 0.009010
v -0.010194 -0.464539 0.058759
v 0.024800 -0.573720 -0.023742
v -0.196265 -0.370790 0.009953
v 0.154273 -0.337521 -0.073181
v 0.168480 -0.431044 -0.033724
v -0.174674 -0.599027 0.019694
v -0.020937 -0.312131 -0.114886
v 0.036069 -0.540366 -0.040002
v -0.016543 -0.622662 -0.001465
v -0.174008 -0.394564 -0.033525
v 0.007856 -0.444423 0.061696
v 0.164407 -0.614099 -0.016293
v -0.004917 -0.458061 -0.001644
v -0.048451 -0.446536 -0.058786
v 0.174169 -0.458895 0.052305
v 0.076323 -0.390162 -0.079758
v 0.006478 -0.382262 -0.023943
v 0.097065 -0.351692 -0.098693
v 0.114411 -0.416321 0.126778
v 0.040266 -0.592875 0.070820
v 0.035913 -0.274222 0.139060
v -0.168847 -0.458513 0.069464
v -0.072157 -0.519192 0.106257
v 0.065473 -0.654579 0.088572
v -0.118263 -0.659218 0.103982
v 0.161117 -0.554161 0.065653
v -0.118523 -0.604123 0.108143
v -0.161335 -0.450820 0.084445
v 0.012787 -0.541968 0.044772
v -0.119997 -0.629630 -0.051419
v -0.014878 -0.516448 0.052543
v 0.037166 -0.266290 0.141753
v 0.037856 -0.604432 0.064199
v 0.026922 -0.288297 -0.123396
v 0.069518 -0.587823 -0.055504
v -0.071198 -0.645884 -0.057633
v -0.008281 -0.451959 0.060865
v 0.120526 -0.551508 0.108829
v -0.160973 -0.511694 0.076029
v -0.084433 -0.508361 -0.061450
v -0.029184 -0.689147 0.030466
v -0.175616 -0.448777 0.053601
v -0.150840 -0.323488 -0.076171
v -0.027393 -0.710491 0.037834
v 0.025946 -0.710799 0.039086
v 0.184449 -0.414695 0.009870
v 0.083773 -0.370583 0.132540
v 0.162228 -0.435051 -0.043717
v -0.031251 -0.304168 -0.118470
v -0.192530 -0.383889 0.010467
v -0.077904 -0.647831 0.096902
v -0.033020 -0.548864 0.075738
v -0.030395 -0.499646 0.081372
v -0.033977 -0.243441 0.149994
v 0.187048 -0.305982 0.058935
v 0.033480 -0.548891 0.076470
v 0.030917 -0.499695 0.082303
v 0.150307 -0.468783 0.096571
v 0.191282 -0.315314 0.045688
v -0.119057 -0.563890 0.109897
v -0.147273 -0.283421 0.103503
v -0.018728 -0.567719 0.049374
v 0.152978 -0.282875 0.103344
v 0.168402 -0.253066 0.081263
v -0.068016 -0.342401 0.128499
v 0.002986 -0.436636 0.013802
v -0.191104 -0.293095 -0.014628
v 0.034656 -0.451689 -0.041903
v -0.090089 -0.368075 0.131545
v 0.045674 -0.371119 -0.071975
v 0.075930 -0.327441 0.135296
v 0.185861 -0.296334 0.059500
v 0.195203 -0.313363 0.013938
v -0.046432 -0.274707 0.133699
v 0.168525 -0.361576 0.091107
v -0.160525 -0.577974 0.056514
v 0.012980 -0.573825 0.005492
v 0.176139 -0.467488 0.035552
v -0.181798 -0.513514 0.014379
v -0.189412 -0.255107 0.015068
v 0.072120 -0.342450 0.130024
v 0.027005 -0.452466 0.091792
v 0.175057 -0.523353 0.022993
v 0.169213 -0.509331 0.050891
v 0.185402 -0.291478 0.059803
v 0.029491 -0.259544 -0.121572
v 0.027544 -0.710169 -0.006530
v -0.139084 -0.580140 0.097763
v 0.071007 -0.615145 0.094870
v 0.128703 -0.516568 -0.060732
v 0.182772 -0.424164 0.010908
v 0.007112 -0.477041 0.040600
v 0.009561 -0.443225 -0.011314
v 0.022456 -0.398504 -0.039713
v -0.121292 -0.700728 -0.068962
v -0.071801 -0.605659 -0.054515
v 0.033059 -0.379004 -0.058239
v -0.141839 -0.302896 0.110472
v 0.015080 -0.622699 -0.000489
v 0.161193 -0.561770 -0.030517
v 0.018347 -0.662465 -0.009092
v 0.045507 -0.541563 0.087788
v 0.072904 -0.526273 0.105462
v 0.041957 -0.492870 0.095079
v 0.072249 -0.488392 0.112095
v -0.190697 -0.324280 0.046496
v 0.039669 -0.419089 0.112168
v 0.105132 -0.595441 0.107994
v 0.021567 -0.647629 -0.025872
v -0.104934 -0.705604 0.100713
v -0.192154 -0.367072 -0.002822
v -0.195142 -0.373922 0.022958
v -0.145240 -0.398077 0.110452
v -0.081553 -0.315579 0.128067
v 0.177056 -0.403086 -0.025068
v 0.003669 -0.401865 0.002162
v -0.069862 -0.451104 0.119236
v 0.178038 -0.283448 0.075331
v -0.038131 -0.455926 0.102988
v 0.144295 -0.320382 0.116424
v 0.156327 -0.362796 0.104690
v 0.029216 -0.501592 -0.035100
v -0.146253 -0.237551 0.096507
v 0.163753 -0.513238 0.066760
v 0.019971 -0.564470 -0.016636
v -0.144029 -0.374157 0.113475
v 0.146387 -0.374850 0.113773
v -0.128133 -0.331826 0.122296
v 0.078665 -0.268970 0.125342
v 0.037187 -0.426078 -0.048554
v -0.039021 -0.410333 0.113851
v 0.046437 -0.384786 -0.064584
v -0.103373 -0.559696 0.111322
v 0.113000 -0.551803 -0.058076
v -0.053333 -0.657020 -0.051251
v 0.134138 -0.594511 0.101218
v 0.030697 -0.654870 0.033244
v 0.147429 -0.695150 -0.041151
v 0.146205 -0.653820 -0.030854
v -0.139712 -0.320012 0.115444
v -0.154049 -0.361981 0.104710
v -0.176898 -0.333595 0.076179
v 0.153562 -0.663662 0.045145
v -0.022645 -0.346518 -0.089106
v -0.165394 -0.243875 0.079510
v -0.023888 -0.382001 0.107043
v 0.007810 -0.433563 -0.010214
v 0.059741 -0.530445 -0.054589
v -0.055706 -0.420563 -0.060187
v 0.186878 -0.378633 -0.009637
v 0.025260 -0.382153 0.110078
v 0.089828 -0.276673 0.123902
v -0.181235 -0.465372 0.014244
v -0.152123 -0.688886 -0.000825
v 0.172618 -0.533981 -0.010898
v -0.187417 -0.248841 0.029754
v 0.176505 -0.496015 0.023479
v -0.156752 -0.276283 0.095983
v -0.176713 -0.532627 -0.007854
v -0.038173 -0.693447 0.053115
v 0.188456 -0.334371 0.059894
v -0.165144 -0.519142 -0.024514
v -0.130963 -0.537211 -0.046892
v -0.092569 -0.555023 -0.061754
v -0.084142 -0.589922 -0.060101
v -0.147132 -0.501245 -0.038753
v -0.050867 -0.569368 -0.051822
v 0.123519 -0.464848 0.115761
v -0.192332 -0.364731 0.035020
v 0.097087 -0.370893 -0.091612
v -0.145642 -0.691860 -0.044390
v 0.072726 -0.460426 0.119640
v -0.070967 -0.481424 0.112399
v -0.043188 -0.510246 0.091648
v 0.193996 -0.374915 0.020732
v 0.016087 -0.651263 -0.003087
v -0.143325 -0.396915 -0.067813
v -0.102548 -0.388586 -0.083051
v 0.126811 -0.392293 -0.079456
v 0.000350 -0.377188 0.063055
v 0.087295 -0.237467 -0.112765
v 0.169288 -0.452388 0.067859
v 0.120665 -0.644199 -0.052000
v -0.161669 -0.655191 -0.005876
v -0.074334 -0.387694 0.129545
v -0.163318 -0.243589 -0.054813
v 0.123145 -0.280923 0.118058
v 0.103244 -0.249900 0.120768
v 0.186221 -0.343769 -0.027581
v -0.186179 -0.408806 -0.000294
v -0.180452 -0.281292 0.069337
v 0.156873 -0.244816 0.092454
v 0.168430 -0.603356 -0.008066
v -0.036334 -0.540025 -0.040105
v 0.041750 -0.580887 -0.047531
v 0.132688 -0.434078 -0.066283
v -0.105060 -0.383859 -0.084609
v 0.148880 -0.494424 0.096255
v 0.136866 -0.707941 0.083763
v -0.115080 -0.710810 -0.074806
v 0.143448 -0.706275 0.067817
v 0.020487 -0.477392 -0.023993
v -0.191197 -0.345996 0.046953
v -0.161380 -0.326601 0.098735
v 0.094865 -0.673622 -0.062259
v -0.017198 -0.477117 -0.025221
v -0.057270 -0.486068 -0.056026
v 0.192598 -0.282088 0.014586
v 0.018567 -0.304963 0.125603
v 0.146529 -0.667829 0.076081
v 0.188588 -0.367179 0.051066
v -0.078926 -0.702267 -0.070229
v 0.051507 -0.657518 -0.049743
v -0.135259 -0.280959 0.110838
v 0.149080 -0.702110 0.027490
v -0.035632 -0.425795 -0.048065
v -0.054906 -0.316374 -0.114326
v 0.070018 -0.662245 -0.056315
v 0.162811 -0.443060 0.083025
v 0.143370 -0.429876 0.110012
v -0.169952 -0.434915 -0.031270
v 0.168193 -0.239030 -0.045065
v 0.001655 -0.410778 0.014549
v 0.050897 -0.276971 0.131035
v -0.031937 -0.694839 -0.023996
v -0.154046 -0.564186 -0.035417
v -0.068982 -0.526194 -0.059572
v 0.010062 -0.515687 0.038782
v 0.020250 -0.488815 0.071462
v 0.188720 -0.308694 -0.020731
v -0.007846 -0.397258 -0.023200
v 0.155585 -0.467130 0.089913
v -0.073908 -0.411815 0.127009
v -0.042084 -0.322012 0.136635
v -0.063530 -0.359559 0.128037
v -0.011742 -0.343483 0.119391
v -0.039123 -0.349408 0.118692
v 0.132076 -0.502280 -0.061284
v 0.037588 -0.366312 0.119434
v 0.107301 -0.678899 0.101428
v 0.067180 -0.359470 0.129625
v 0.010513 -0.369164 0.089915
v -0.026958 -0.685584 0.013899
v 0.135941 -0.245916 0.105882
v -0.150038 -0.705976 -0.038488
v 0.153695 -0.245320 -0.068053
v 0.021148 -0.685986 0.015500
v -0.076642 -0.363943 0.130864
v 0.179059 -0.355682 -0.037442
v 0.038950 -0.626990 -0.044057
v -0.088471 -0.445945 0.124094
v 0.163462 -0.407030 -0.044969
v -0.011140 -0.499506 0.045692
v -0.069817 -0.367905 -0.084212
v -0.107517 -0.437736 0.124727
v 0.140946 -0.392236 -0.070525
v 0.008228 -0.490306 0.039242
v 0.004981 -0.373836 0.041927
v -0.039313 -0.531315 -0.042617
v -0.154511 -0.673249 0.017480
v 0.171524 -0.296403 -0.053536
v -0.027256 -0.490406 -0.034241
v 0.025464 -0.612798 0.046350
v -0.028293 -0.648043 0.028449
v -0.107666 -0.329540 -0.102460
v 0.086836 -0.383532 -0.084805
v -0.084320 -0.395543 -0.078925
v -0.114935 -0.463394 -0.065863
v 0.151258 -0.594728 -0.035527
v 0.001383 -0.404087 0.056549
v 0.062086 -0.316166 -0.114174
v 0.077478 -0.303729 -0.116191
v 0.045203 -0.697237 0.068388
v 0.057428 -0.699833 0.077461
v 0.070135 -0.702190 0.085815
v 0.173029 -0.427040 -0.022922
v -0.027050 -0.251872 -0.119624
v -0.164413 -0.505616 -0.025616
v -0.133449 -0.300654 -0.091389
v -0.173616 -0.364031 0.081216
v 0.005016 -0.395320 0.080182
v -0.051510 -0.659977 0.071952
v 0.170605 -0.420014 0.075414
v 0.025630 -0.351564 -0.084456
v -0.146253 -0.681200 -0.037168
v -0.002287 -0.430555 0.043430
v -0.152787 -0.684189 -0.026349
v 0.017982 -0.302810 -0.119453
v 0.084856 -0.297401 -0.114981
v -0.057217 -0.298563 -0.120532
v -0.086364 -0.272636 -0.116152
v 0.000514 -0.393921 0.059587
v 0.016493 -0.361475 -0.061325
v -0.021500 -0.286076 -0.122672
v -0.030204 -0.278362 -0.121133
v 0.073560 -0.350033 -0.097659
v 0.033627 -0.240743 -0.117642
v -0.002125 -0.441082 0.011500
v -0.042600 -0.655996 0.057631
v -0.175016 -0.567139 -0.001310
v 0.158506 -0.680777 -0.003936
v 0.184703 -0.407122 -0.001975
v 0.002488 -0.343670 0.122766
v 0.014413 -0.437644 0.080911
v 0.181368 -0.303008 -0.037737
v -0.104720 -0.691746 0.101705
v -0.186645 -0.236479 0.006904
v 0.158612 -0.570821 -0.032490
v -0.169387 -0.529059 0.052418
v -0.010824 -0.535516 -0.007944
v -0.030921 -0.557533 -0.034589
v -0.024317 -0.518393 -0.026905
v 0.153577 -0.596742 0.077562
v -0.044702 -0.473345 -0.049926
v -0.172550 -0.344602 -0.050667
v -0.029229 -0.277436 0.138788
v -0.001788 -0.368281 0.052361
v 0.007085 -0.509459 0.009147
v 0.076678 -0.540718 -0.056120
v 0.015887 -0.507280 -0.014006
v 0.181361 -0.256746 0.058421
v 0.101900 -0.485380 -0.058249
v -0.012159 -0.436351 -0.022181
v -0.175994 -0.430583 -0.021381
v 0.165953 -0.487529 0.067540
v -0.121665 -0.528455 -0.053632
v -0.120167 -0.491919 -0.064765
v -0.139749 -0.492840 -0.047978
v -0.156115 -0.510159 -0.031590
v 0.087057 -0.508897 -0.058613
v -0.077757 -0.633924 0.098191
v 0.014037 -0.535166 -0.005651
v 0.031018 -0.557657 -0.033362
v 0.160921 -0.376965 -0.053649
v 0.089420 -0.416434 -0.073710
v 0.067653 -0.449473 -0.064537
v -0.022986 -0.237872 -0.117410
v 0.054154 -0.343152 -0.099566
v 0.056839 -0.358355 -0.087204
v 0.022999 -0.533872 0.066740
v 0.136147 -0.669151 0.089818
v 0.153655 -0.516407 -0.041535
v -0.126308 -0.532798 -0.050090
v -0.028062 -0.305386 0.126782
v -0.161564 -0.639408 -0.007279
v 0.042393 -0.409702 -0.056534
v 0.104692 -0.418754 -0.080291
v 0.029438 -0.598264 0.056363
v -0.184092 -0.369281 -0.029216
v -0.061964 -0.680881 -0.052687
v -0.013786 -0.573952 0.003799
v -0.025824 -0.596249 -0.027273
v -0.023348 -0.566406 -0.025722
v 0.135511 -0.675786 -0.046081
v -0.000345 -0.310259 -0.115768
v 0.152697 -0.686955 -0.021571
v 0.148294 -0.711442 0.009566
v -0.000914 -0.405823 0.029257
v -0.003516 -0.409306 0.071294
v 0.044830 -0.341108 0.120865
v -0.146345 -0.666177 0.072688
v 0.049221 -0.301748 0.123745
v 0.042136 -0.690807 0.063492
v -0.119765 -0.691397 -0.065958
v 0.132017 -0.631557 0.098455
v 0.116935 -0.406799 -0.080642
v 0.176744 -0.514808 0.011496
v -0.141506 -0.424955 0.110199
v -0.169371 -0.394920 0.084400
v 0.015302 -0.630299 -0.001054
v 0.101123 -0.660656 -0.063618
v 0.087852 -0.635663 -0.061648
v 0.029471 -0.641865 -0.035767
v -0.001658 -0.380776 0.029226
v 0.168063 -0.605661 0.000215
v 0.053565 -0.252531 0.140187
v 0.145811 -0.425729 -0.064239
v -0.011241 -0.471525 -0.013847
v -0.033807 -0.501387 -0.040000
v -0.130660 -0.335165 -0.089571
v -0.123544 -0.573372 -0.053494
v -0.180415 -0.554465 0.021165
v -0.006618 -0.505030 -0.004343
v -0.147820 -0.590907 -0.038229
v 0.148136 -0.393813 0.110414
v -0.152816 -0.630529 0.060570
v -0.041626 -0.409861 -0.054671
v -0.028011 -0.442426 -0.042122
v -0.074028 -0.449656 -0.062489
v -0.099770 -0.452289 -0.061986
v 0.113705 -0.354779 -0.094134
v -0.041657 -0.629905 0.063037
v -0.180700 -0.479836 0.002499
v 0.181444 -0.324315 0.071210
v 0.085330 -0.290845 0.125384
v 0.053010 -0.285821 -0.121157
v -0.174435 -0.476970 0.053927
v -0.157551 -0.496977 0.083348
v -0.018096 -0.357172 -0.068153
v 0.151759 -0.666036 0.062098
v 0.141287 -0.539065 -0.049458
v 0.127353 -0.574274 -0.048734
v 0.112727 -0.607038 -0.056962
v 0.137515 -0.615421 -0.036299
v -0.191731 -0.273751 0.020633
v 0.171512 -0.555202 0.017678
v 0.167245 -0.520777 -0.027167
v 0.052534 -0.290747 0.128700
v -0.105354 -0.458272 0.119746
v -0.135940 -0.624154 -0.047108
v -0.120241 -0.706209 0.100147
v 0.025429 -0.674009 -0.019396
v 0.026232 -0.621399 -0.029850
v -0.154969 -0.661312 0.038187
v 0.130744 -0.385107 0.124401
v -0.136933 -0.460568 0.108113
v 0.159882 -0.671512 0.013923
v -0.041582 -0.485864 0.095257
v -0.105569 -0.401210 -0.077899
v -0.141785 -0.447437 -0.060389
v -0.111659 -0.426459 -0.067488
v 0.012716 -0.575148 0.028305
v 0.154491 -0.344922 -0.071736
v -0.134491 -0.664509 -0.044768
v -0.084870 -0.689774 -0.067248
v 0.148865 -0.668000 -0.015695
v 0.162643 -0.652090 0.015035
v 0.074671 -0.432295 0.125106
v 0.041304 -0.401181 0.117423
v 0.027543 -0.469285 -0.034146
v 0.013782 -0.485424 -0.013610
v 0.155952 -0.661640 0.030431
v -0.038474 -0.401600 0.116421
v -0.077372 -0.394357 0.129450
v 0.154617 -0.570763 0.079472
v 0.161083 -0.593028 0.048801
v 0.080992 -0.576817 -0.057161
v -0.144195 -0.428943 -0.061927
v -0.109568 -0.444544 -0.064314
v -0.046847 -0.249570 0.142585
v -0.011603 -0.273460 0.144896
v -0.022025 -0.620963 0.030611
v 0.169664 -0.364433 -0.045734
v -0.036038 -0.394830 0.115809
v -0.163349 -0.429441 -0.040871
v -0.111389 -0.528196 -0.061538
v -0.019617 -0.604258 0.031470
v -0.107297 -0.490233 -0.064834
v -0.185274 -0.428122 0.012605
v -0.131918 -0.696816 0.091924
v -0.173904 -0.312635 -0.051254
v -0.179110 -0.306244 0.072184
v -0.005332 -0.482082 0.009378
v -0.028899 -0.321430 -0.112054
v -0.146127 -0.519654 0.095492
v 0.055404 -0.453709 0.113598
v 0.120634 -0.445848 -0.065925
v 0.114574 -0.677766 -0.061061
v 0.054006 -0.570986 0.089079
v 0.103852 -0.599887 -0.053492
v -0.027763 -0.694100 0.004839
v 0.184181 -0.273573 -0.023854
v 0.037917 -0.559726 -0.044105
v 0.165831 -0.396951 0.090872
v -0.067130 -0.466655 -0.059897
v -0.061069 -0.667365 0.081425
v 0.051244 -0.525378 -0.054658
v 0.034128 -0.520902 -0.035801
v 0.174338 -0.546984 0.006138
v 0.108948 -0.538249 -0.062423
v 0.174196 -0.538358 -0.005385
v 0.042629 -0.523179 -0.045295
v -0.031845 -0.642984 -0.036441
v -0.017626 -0.603960 -0.006499
v -0.137376 -0.515434 0.103780
v -0.077459 -0.296973 0.124427
v -0.023877 -0.468961 -0.035524
v 0.014291 -0.596964 0.003790
v 0.166586 -0.535452 0.050363
v 0.105237 -0.476900 0.117165
v 0.014709 -0.585386 -0.003157
v 0.156682 -0.516857 0.082023
v -0.052680 -0.368196 -0.079957
v 0.017849 -0.325575 0.139313
v -0.149037 -0.570591 0.085938
v 0.189933 -0.324655 -0.019822
v -0.038845 -0.559400 -0.044781
v 0.158892 -0.323991 -0.071049
v -0.166906 -0.414926 0.085048
v -0.086972 -0.485385 0.115898
v -0.057206 -0.514856 0.099775
v -0.087773 -0.523257 0.111002
v -0.119370 -0.505942 0.112652
v -0.018188 -0.370941 0.102808
v 0.120771 -0.506336 0.111301
v 0.111947 -0.710681 -0.073435
v 0.088712 -0.485738 0.117222
v -0.057624 -0.346714 -0.102868
v -0.025957 -0.457161 0.089824
v 0.176770 -0.242680 0.066782
v 0.159947 -0.643113 -0.008580
v 0.073274 -0.441608 0.123070
v -0.030063 -0.375241 -0.056092
v -0.145485 -0.638515 -0.023857
v -0.078791 -0.242487 -0.115901
v -0.017228 -0.363498 -0.058357
v 0.172119 -0.483696 0.051997
v -0.158032 -0.396459 0.098380
v -0.156068 -0.660281 0.030740
v -0.071239 -0.430727 0.123741
v 0.097218 -0.528923 0.111262
v -0.027256 -0.406008 -0.046829
v 0.127782 -0.656033 -0.051295
v -0.158018 -0.619052 0.046604
v -0.127791 -0.254375 0.109466
v -0.092728 -0.258310 0.120095
v 0.166907 -0.328665 -0.062983
v -0.090390 -0.421421 -0.071049
v 0.081922 -0.623348 -0.058145
v 0.171345 -0.531515 0.034352
v -0.121658 -0.270353 -0.099363
v 0.080036 -0.690142 0.093778
v 0.166198 -0.583183 0.016852
v -0.040647 -0.338658 0.132626
v 0.166255 -0.299509 0.093787
v -0.182173 -0.415369 0.053321
v -0.132211 -0.620817 0.099640
v 0.072948 -0.251784 -0.118590
v 0.157241 -0.634763 0.046593
v -0.176176 -0.589129 0.011667
v -0.014091 -0.254108 0.151565
v 0.178067 -0.436819 -0.005952
v 0.024125 -0.698160 0.004489
v -0.052299 -0.707550 0.065957
v -0.047240 -0.583574 0.082904
v -0.053544 -0.616866 0.081116
v -0.075308 -0.603139 0.099050
v 0.031627 -0.407186 -0.048979
v -0.112794 -0.317901 -0.101553
v -0.184657 -0.398941 0.052937
v -0.135333 -0.479283 0.107648
v -0.097257 -0.631373 -0.056961
v 0.056280 -0.568674 -0.055536
v -0.153251 -0.599368 0.069809
v -0.157069 -0.355109 -0.064509
v 0.108502 -0.712219 0.098426
v -0.173569 -0.503388 0.044892
v -0.059391 -0.244485 -0.119452
v 0.054277 -0.324239 0.137391
v 0.075367 -0.603316 0.099401
v 0.026064 -0.326815 -0.107960
v -0.012101 -0.431566 0.080892
v -0.099532 -0.367887 -0.090919
v 0.145971 -0.447980 -0.062046
v -0.079086 -0.710742 -0.073414
v -0.047394 -0.712231 -0.048790
v -0.120855 -0.468144 0.114325
v -0.125628 -0.431723 0.119179
v 0.190196 -0.266946 0.013498
v 0.052892 -0.264129 0.136077
v -0.048574 -0.609334 -0.051340
v 0.024568 -0.603611 -0.027021
v 0.170475 -0.496426 0.051280
v -0.025753 -0.344889 0.118131
v -0.086819 -0.450845 -0.061825
v 0.112984 -0.536433 0.110679
v -0.111379 -0.500777 0.113870
v -0.135312 -0.701016 -0.061336
v -0.187614 -0.264771 -0.009925
v 0.127822 -0.473793 -0.059657
v -0.134144 -0.581337 -0.042419
v -0.101345 -0.598072 -0.055276
v -0.109439 -0.564209 -0.056285
v -0.067423 -0.579889 -0.055435
v -0.160690 -0.655295 0.018520
v -0.180057 -0.367457 0.069558
v 0.030623 -0.684887 -0.024538
v -0.158808 -0.479342 0.083714
v -0.042409 -0.690124 -0.045539
v 0.051496 -0.398786 -0.065009
v -0.151728 -0.456630 -0.046894
v -0.127461 -0.437301 -0.067929
v -0.157047 -0.419607 -0.050614
v -0.181171 -0.421801 -0.010982
v -0.040342 -0.662760 -0.043633
v -0.150782 -0.573010 -0.036299
v 0.129992 -0.256914 -0.092355
v 0.016656 -0.592606 0.034456
v 0.170602 -0.463387 -0.028153
v -0.095281 -0.490416 0.115288
v -0.022711 -0.533883 0.065614
v -0.011514 -0.552662 0.036155
v -0.087699 -0.289039 -0.114815
v -0.055227 -0.282277 -0.120331
v -0.117788 -0.297779 -0.102030
v -0.088263 -0.321715 -0.109298
v -0.149696 -0.637350 -0.018681
v 0.179907 -0.447334 0.017925
v 0.010144 -0.545689 0.021868
v -0.163349 -0.466482 -0.033876
v -0.003166 -0.378118 0.080430
v -0.000840 -0.429797 0.010900
v -0.013083 -0.296352 0.133568
v -0.011875 -0.335018 0.137061
v 0.188202 -0.398692 0.021325
v 0.175339 -0.463742 -0.011244
v -0.012288 -0.526440 0.044340
v 0.154546 -0.324060 0.107506
v 0.183830 -0.363904 0.063691
v 0.161246 -0.263665 -0.060851
v -0.048310 -0.387447 -0.063980
v 0.076425 -0.712535 -0.071290
v 0.164286 -0.334026 0.098568
v 0.112606 -0.653155 -0.057472
v -0.176444 -0.267348 -0.038918
v 0.163746 -0.476552 -0.037942
v -0.078567 -0.675521 0.093247
v 0.154652 -0.457698 -0.052814
v 0.107291 -0.454098 -0.067221
v 0.184962 -0.241975 0.002287
v 0.014041 -0.356445 0.108887
v -0.093983 -0.407701 0.129859
v -0.006310 -0.502632 0.008204
v 0.010113 -0.535799 0.033493
v -0.120435 -0.246884 0.110835
v 0.064954 -0.373321 -0.080255
v 0.105038 -0.495870 0.114198
v 0.043868 -0.517120 0.091041
v -0.058925 -0.552059 -0.052395
v 0.047007 -0.566033 0.085255
v 0.135775 -0.516573 0.105418
v 0.149540 -0.648353 0.075113
v 0.135021 -0.568547 0.102856
v 0.074392 -0.550650 0.102872
v -0.133120 -0.567769 0.102752
v 0.185646 -0.386723 0.050632
v 0.102648 -0.357543 0.133738
v -0.166638 -0.397667 -0.043179
v 0.017111 -0.460442 0.075268
v 0.039901 -0.444126 0.106228
v 0.042286 -0.390406 0.118622
v 0.105283 -0.564836 0.109570
v -0.084047 -0.660915 -0.062665
v -0.032711 -0.701971 0.045544
v 0.149968 -0.709279 -0.025713
v -0.103693 -0.590982 0.109840
v 0.152708 -0.691108 0.011643
v -0.015804 -0.580562 0.034416
v -0.016814 -0.464082 0.074095
v -0.055102 -0.636541 -0.052397
v 0.155648 -0.543784 0.080673
v 0.163926 -0.564287 0.049733
v -0.158873 -0.601019 0.051653
v -0.187596 -0.339041 0.059104
v -0.016729 -0.499543 0.061554
v -0.079851 -0.248146 0.129258
v -0.103454 -0.553270 0.111679
v 0.164069 -0.269732 0.090436
v 0.166842 -0.513975 -0.028617
v 0.020285 -0.522871 -0.023060
v 0.043265 -0.622259 0.066002
v 0.021290 -0.256391 0.150157
v 0.013969 -0.275482 -0.120595
v -0.088494 -0.572330 -0.056897
v -0.021293 -0.508153 0.067703
v -0.120865 -0.645593 -0.058127
v 0.084299 -0.279296 -0.117616
v 0.108096 -0.456385 0.121538
v -0.110455 -0.419636 0.125312
v -0.188161 -0.307360 -0.025526
v 0.178242 -0.353979 0.075816
v -0.033383 -0.661087 -0.037112
v -0.159723 -0.464991 0.083909
v -0.093960 -0.342435 -0.102705
v 0.012466 -0.420339 0.083757
v -0.165272 -0.559839 -0.021802
v 0.142032 -0.584847 -0.047438
v -0.037776 -0.435137 -0.048561
v 0.135569 -0.542560 0.104261
v -0.044860 -0.541466 0.087118
v -0.046280 -0.565991 0.084709
v -0.073254 -0.550456 0.102896
v -0.103692 -0.533919 0.112460
v -0.133610 -0.541923 0.104293
v -0.114622 -0.611415 -0.051506
v -0.139640 -0.443368 0.110595
v 0.014773 -0.524895 0.053492
v -0.158237 -0.261383 0.092375
v -0.182689 -0.263455 0.054356
v -0.197021 -0.321561 0.015870
v 0.093210 -0.516677 0.111888
v -0.179665 -0.541381 0.003449
v 0.139582 -0.484450 -0.060541
v 0.167932 -0.547998 -0.021082
v -0.167107 -0.549631 0.051738
v -0.039611 -0.453612 -0.052451
v -0.037064 -0.428848 0.109016
v 0.155626 -0.235592 -0.064710
v -0.020095 -0.603311 -0.015271
v -0.163365 -0.320895 -0.064120
v -0.045852 -0.514053 -0.047980
v 0.152473 -0.550420 -0.041348
v -0.010168 -0.536519 0.035999
v 0.003296 -0.442554 0.043676
v 0.034090 -0.618857 0.054023
v -0.150378 -0.695892 0.034894
v 0.177247 -0.233640 0.060409
v -0.009577 -0.521717 0.032255
v 0.017882 -0.618329 -0.015931
v 0.077281 -0.672841 -0.056734
v 0.126316 -0.239770 0.111015
v -0.028501 -0.680750 -0.021603
v -0.025388 -0.558310 0.062870
v 0.083583 -0.607493 -0.054228
v 0.177863 -0.436993 0.052037
v 0.111261 -0.435806 0.124911
v 0.145985 -0.410389 0.110037
v 0.139776 -0.449241 0.108310
v 0.153847 -0.436467 0.097056
v 0.129938 -0.423358 0.121159
v 0.118038 -0.397264 0.129894
v -0.137844 -0.382584 -0.074311
v 0.055252 -0.653373 0.074094
v -0.008207 -0.483915 0.038512
v 0.172934 -0.494068 -0.016983
v -0.162667 -0.528170 -0.026375
v -0.128809 -0.546055 -0.049721
v -0.158075 -0.546204 -0.030615
v -0.096381 -0.546313 -0.062869
v 0.180468 -0.239966 -0.017483
v -0.001842 -0.413851 -0.003093
v -0.171882 -0.616304 0.018493
v 0.072023 -0.384475 0.130662
v 0.075085 -0.585766 0.100461
v 0.089778 -0.560244 0.107617
v 0.158508 -0.446380 -0.048275
v -0.074679 -0.585565 0.100111
v -0.060049 -0.575868 0.093049
v -0.088662 -0.559959 0.108180
v -0.055738 -0.411328 0.122105
v -0.161867 -0.443685 -0.039815
v 0.055660 -0.490950 0.105489
v 0.107763 -0.509983 -0.059192
v 0.072696 -0.507215 0.108135
v 0.071588 -0.470013 0.117513
v 0.073381 -0.519713 -0.056596
v -0.149741 -0.453823 0.097248
v 0.148036 -0.305096 -0.080267
v 0.173408 -0.316352 -0.052333
v 0.116879 -0.693380 0.099077
v 0.178833 -0.386078 -0.026492
v -0.010618 -0.319769 -0.111065
v -0.159982 -0.566553 0.061757
v -0.009780 -0.361076 0.100881
v 0.156151 -0.530304 0.081320
v -0.145352 -0.613867 -0.040389
v -0.013099 -0.478604 0.059997
v -0.153676 -0.719126 -0.027322
v 0.175594 -0.334704 -0.046596
v -0.076424 -0.630650 -0.054343
v -0.063558 -0.248751 0.135723
v -0.178946 -0.569431 0.020737
v -0.168289 -0.588245 -0.011731
v -0.146315 -0.605379 -0.039304
v -0.167126 -0.603070 -0.012558
v 0.142366 -0.687290 0.079108
v -0.015538 -0.367053 -0.052484
v -0.123547 -0.679780 -0.059848
v -0.187723 -0.409594 0.023751
v 0.035801 -0.463959 -0.043086
v -0.010888 -0.406773 0.088299
v -0.100955 -0.279299 0.120729
v -0.163834 -0.433578 0.085006
v -0.118148 -0.590045 -0.049918
v -0.069950 -0.487791 -0.058405
v 0.172763 -0.504765 0.034634
v -0.126459 -0.555052 -0.052012
v -0.069664 -0.335297 0.132587
v 0.167821 -0.522359 0.050530
v 0.157620 -0.503848 0.082250
v 0.115919 -0.361720 0.131255
v -0.011729 -0.338768 -0.099802
v -0.180464 -0.522326 0.026114
v -0.045924 -0.676077 0.060973
v -0.031595 -0.667797 0.030406
v 0.026443 -0.676949 0.026717
v -0.103879 -0.355813 0.131613
v -0.137918 -0.353113 0.119618
v -0.111646 -0.377845 0.128754
v 0.166591 -0.532187 -0.026782
v 0.095336 -0.262336 0.122098
v 0.193713 -0.292245 0.015163
v 0.151240 -0.719484 -0.028170
v -0.021970 -0.521013 0.066633
v 0.145300 -0.722291 0.007969
v 0.067908 -0.468098 -0.065525
v -0.187991 -0.382686 0.054001
v -0.109412 -0.372244 -0.088539
v -0.158926 -0.632693 0.038913
v 0.115113 -0.378304 0.130064
v 0.141012 -0.353762 0.120973
v 0.155168 -0.557279 0.080132
v 0.028513 -0.582610 0.060707
v -0.131114 -0.677507 0.094832
v 0.128892 -0.357795 -0.086085
v 0.108974 -0.386186 -0.084426
v 0.057684 -0.256406 -0.120668
v 0.114226 -0.565090 -0.054620
v -0.052879 -0.453983 0.112401
v 0.196172 -0.341761 0.033022
v -0.070083 -0.469637 0.115280
v -0.150502 -0.631443 0.067741
v -0.082384 -0.331034 0.131257
v -0.195689 -0.358124 0.009056
v -0.176638 -0.504076 0.037139
v -0.165043 -0.361102 -0.054361
v 0.005452 -0.454496 0.012260
v -0.176972 -0.530936 0.037481
v -0.008082 -0.495108 0.033656
v 0.010942 -0.528833 0.041918
v 0.048178 -0.327426 -0.109197
v -0.178888 -0.432073 0.053448
v 0.171551 -0.399654 0.079271
v -0.124810 -0.618245 -0.045634
v -0.144807 -0.623003 -0.037153
v -0.189373 -0.303736 0.047159
v 0.187005 -0.289088 -0.020748
v 0.005356 -0.491763 0.009697
v -0.163698 -0.499348 0.072464
v -0.163186 -0.590361 0.045291
v 0.073694 -0.538445 0.104014
v 0.189776 -0.279761 -0.006547
v 0.097424 -0.257658 -0.113776
v 0.103817 -0.650675 0.103200
v 0.179654 -0.427655 0.051558
v -0.145681 -0.685483 0.068728
v 0.150622 -0.638704 0.075585
v -0.163578 -0.617587 -0.012863
v -0.012112 -0.322333 0.136660
v 0.138620 -0.272672 -0.086668
v 0.093483 -0.435720 -0.076808
v 0.134554 -0.372075 -0.079190
v 0.065079 -0.430329 -0.059417
v 0.084979 -0.527630 0.108695
v -0.040518 -0.342986 -0.099187
v -0.175161 -0.589088 0.024157
v -0.103000 -0.293178 -0.108874
v -0.073109 -0.317635 -0.112565
v 0.141548 -0.598206 -0.044023
v 0.044175 -0.691017 -0.045146
v 0.014417 -0.261651 -0.122737
v -0.071738 -0.500173 0.108655
v 0.046127 -0.674179 -0.049613
v -0.015781 -0.606254 0.005588
v 0.082962 -0.403012 -0.075807
v -0.191326 -0.326863 -0.018305
v -0.090573 -0.606247 -0.054866
v -0.143298 -0.411509 0.110393
v -0.029258 -0.609901 0.051671
v -0.146967 -0.384627 0.110292
v -0.023237 -0.608703 -0.023158
v 0.187514 -0.279592 0.047450
v 0.086620 -0.244076 0.129555
v -0.153045 -0.671973 0.045422
v -0.103960 -0.622265 0.107691
v -0.104156 -0.650173 0.105689
v -0.104421 -0.677946 0.103310
v -0.130451 -0.640089 0.099046
v -0.172573 -0.407598 -0.032738
v 0.159669 -0.423075 -0.049181
v 0.022384 -0.569026 0.057028
v 0.138872 -0.467010 0.108864
v -0.108433 -0.683363 -0.066404
v 0.119048 -0.311410 -0.099696
v 0.122912 -0.340089 -0.093239
v 0.005073 -0.377943 0.081365
v 0.164202 -0.340528 0.098682
v 0.171701 -0.382588 0.082595
v 0.143552 -0.364239 0.117039
v -0.150986 -0.689356 0.014369
v 0.026954 -0.346105 -0.093696
v -0.054764 -0.331567 -0.108161
v -0.146348 -0.357567 0.112827
v -0.130845 -0.492660 -0.057467
v -0.110330 -0.287160 -0.106544
v -0.168345 -0.501454 0.060801
v 0.151837 -0.657018 -0.015634
v 0.111146 -0.619071 -0.057735
v 0.134253 -0.627042 -0.034784
v 0.165521 -0.628647 -0.000295
v 0.161220 -0.599125 -0.022627
v 0.121395 -0.424468 -0.071973
v -0.056518 -0.429955 -0.062621
v 0.031935 -0.701098 -0.017464
v 0.022185 -0.677003 0.003557
v 0.192555 -0.357450 0.000644
v -0.181190 -0.540850 0.017728
v 0.141416 -0.249456 -0.081719
v -0.181449 -0.391821 -0.023963
v 0.166311 -0.604864 0.016719
v -0.011145 -0.551023 0.004239
v 0.039438 -0.431647 0.109268
v 0.014541 -0.604571 0.003345
v 0.011535 -0.550797 0.006188
v 0.046490 -0.609579 -0.050982
v 0.053268 -0.629498 -0.052127
v -0.179639 -0.501923 0.025762
v 0.049200 -0.665886 0.067628
v -0.034541 -0.652174 0.043472
v -0.129185 -0.592170 0.103663
v -0.165519 -0.641669 0.019860
v -0.172343 -0.298217 -0.052433
v -0.196046 -0.310365 0.015522
v -0.045240 -0.445799 0.109603
v -0.149046 -0.308956 -0.078376
v 0.121979 -0.311871 0.124276
v 0.086783 -0.315838 0.130154
v 0.098216 -0.335614 0.131826
v 0.132647 -0.332257 0.123668
v -0.049524 -0.585714 -0.050968
v -0.093378 -0.335254 0.130103
v -0.116920 -0.311941 0.122626
v -0.079933 -0.438305 0.123935
v 0.036177 -0.438610 -0.044535
v -0.042296 -0.361362 -0.078932
v 0.001075 -0.411247 0.013800
v -0.188120 -0.396762 -0.000749
v 0.173492 -0.444624 0.059923
v 0.032887 -0.391823 0.114245
v -0.165341 -0.655029 0.006916
v -0.011865 -0.315593 0.125614
v -0.011019 -0.356751 0.107746
v 0.066289 -0.371216 0.129351
v 0.152043 -0.624220 0.076177
v -0.026651 -0.698062 0.022006
v 0.133570 -0.617076 0.099256
v 0.160065 -0.610760 0.047526
v -0.145946 -0.358174 -0.076801
v -0.155626 -0.386489 -0.060662
v 0.124854 -0.674343 0.097851
v 0.193140 -0.310979 -0.003510
v -0.163299 -0.287891 -0.063057
v 0.059541 -0.644625 -0.055394
v -0.029846 -0.695571 -0.006350
v -0.128321 -0.315836 0.120008
v -0.155131 -0.536722 0.081966
v -0.138114 -0.678358 -0.047295
v -0.057862 -0.439428 -0.064293
v -0.018391 -0.630919 -0.011191
v -0.148036 -0.301809 -0.079346
v -0.152124 -0.271213 -0.073422
v -0.155328 -0.568642 0.074192
v 0.145306 -0.598165 0.090033
v 0.154066 -0.583761 0.078541
v 0.008783 -0.315146 -0.113293
v -0.083965 -0.646787 -0.056946
v -0.144709 -0.695014 0.066471
v 0.104923 -0.547144 0.110264
v 0.134593 -0.581535 0.102052
v 0.013025 -0.291460 -0.124572
v 0.034336 -0.652789 -0.040832
v -0.021077 -0.448890 -0.034303
v 0.055941 -0.368932 -0.080274
v 0.095800 -0.288972 -0.111807
v -0.173633 -0.328596 -0.051350
v 0.134882 -0.527860 -0.055133
v 0.167800 -0.316426 0.094362
v -0.161153 -0.662232 -0.006849
v 0.020624 -0.272847 0.144502
v -0.136001 -0.716012 0.082092
v -0.096699 -0.508773 -0.064874
v -0.043327 -0.302171 0.125947
v 0.158790 -0.491075 0.082689
v 0.019467 -0.619319 0.032723
v 0.181538 -0.312692 0.071015
v -0.151681 -0.241297 -0.069927
v -0.000419 -0.389799 -0.006932
v -0.064370 -0.397302 -0.065599
v -0.185200 -0.273406 0.052268
v 0.042052 -0.677891 0.057313
v 0.092578 -0.380364 0.132895
v -0.151904 -0.681446 0.043130
v -0.012440 -0.284817 0.139195
v -0.015285 -0.589325 0.003090
v 0.089691 -0.599534 0.105687
v 0.167388 -0.594479 0.008614
v 0.058207 -0.417183 -0.062091
v 0.108478 -0.361742 -0.092753
v 0.084689 -0.342256 -0.103978
v -0.132420 -0.607173 0.100482
v 0.170065 -0.282915 -0.053878
v 0.068597 -0.250803 0.134577
v 0.067952 -0.275107 0.126963
v 0.187626 -0.251724 0.006602
v 0.005397 -0.477929 0.010328
v 0.169671 -0.578695 0.000683
v -0.071965 -0.278533 0.124202
v 0.079796 -0.307992 0.127631
v 0.176088 -0.479102 -0.005534
v 0.040144 -0.280055 -0.122663
v -0.074412 -0.308107 0.125922
v -0.044627 -0.493843 -0.049419
v -0.095245 -0.489895 -0.060937
v 0.173954 -0.443262 -0.019995
v 0.178533 -0.457342 0.026855
v -0.074886 -0.411368 -0.073818
v -0.177461 -0.393539 0.069620
v -0.047170 -0.673321 -0.046456
v 0.045184 -0.458525 -0.050885
v 0.023222 -0.444383 -0.032284
v 0.068524 -0.572896 -0.057620
v -0.121680 -0.510655 -0.060413
v 0.182183 -0.436046 0.026170
v -0.034855 -0.377288 0.115932
v -0.175626 -0.272232 -0.042064
v -0.170667 -0.381757 0.084581
v -0.192125 -0.347431 -0.008478
v 0.016964 -0.537938 0.056194
v -0.152042 -0.341111 -0.072650
v -0.005625 -0.468071 0.032619
v -0.161868 -0.369450 -0.056438
v 0.049320 -0.556400 -0.048750
v 0.144331 -0.466372 -0.060918
v 0.094016 -0.462446 -0.068769
v 0.149063 -0.312224 -0.079287
v 0.038098 -0.653578 0.046324
v 0.047143 -0.356403 0.122951
v -0.134057 -0.522537 0.105500
v 0.147314 -0.546174 0.093686
v 0.016280 -0.414943 -0.031720
v -0.168180 -0.632048 0.021018
v -0.195367 -0.298754 0.018520
v 0.120236 -0.290253 -0.100298
v -0.063693 -0.539237 -0.056539
v 0.073744 -0.600765 -0.053818
v 0.017018 -0.573973 -0.009865
v 0.125233 -0.645903 0.100879
v -0.078350 -0.661651 0.094904
v -0.090593 -0.654644 0.102019
v 0.048705 -0.482467 0.102230
v 0.161863 -0.540178 0.066054
v -0.024427 -0.581314 -0.026539
v -0.172615 -0.248997 -0.042006
v 0.120256 -0.564446 0.108201
v 0.162564 -0.384418 -0.049688
v 0.164404 -0.593571 0.024876
v 0.197165 -0.340126 0.026290
v 0.123162 -0.690345 -0.061883
v -0.023087 -0.628864 0.029460
v -0.038590 -0.636416 0.056297
v 0.191400 -0.345366 -0.010803
v 0.196126 -0.328580 0.014730
v -0.186264 -0.284965 0.051831
v -0.151885 -0.692518 -0.016466
v 0.142917 -0.720892 0.058691
v -0.179807 -0.518484 0.002924
v 0.158443 -0.364383 -0.060119
v 0.140721 -0.389414 0.118715
v -0.180601 -0.499148 0.002736
v -0.179230 -0.477946 0.025926
v 0.126912 -0.608560 0.103554
v 0.169106 -0.589280 -0.011952
v -0.119346 -0.538062 0.111001
v 0.061273 -0.392731 -0.071850
v 0.058175 -0.605151 0.085636
v -0.056274 -0.633530 0.080598
v -0.063746 -0.610133 0.091027
v -0.050355 -0.600267 0.082055
v -0.164857 -0.385320 -0.048687
v -0.141563 -0.715333 0.063920
v 0.076621 -0.648173 0.097813
v 0.028386 -0.480068 -0.034443
v 0.076583 -0.675851 0.094061
v 0.077214 -0.620211 0.099730
v 0.058456 -0.633199 0.078395
v 0.025130 -0.638805 0.029560
v -0.041816 -0.314961 0.125978
v 0.017804 -0.315799 0.131453
v -0.181043 -0.454549 0.025628
v -0.113668 -0.715630 0.101117
v 0.043108 -0.331683 0.136164
v 0.069616 -0.489320 -0.064157
v 0.049766 -0.408790 0.119573
v 0.166534 -0.431462 0.079148
v -0.082041 -0.675825 -0.060345
v -0.118239 -0.617749 0.107084
v -0.127631 -0.652633 -0.049525
v -0.064130 -0.356335 -0.092617
v -0.008650 -0.447097 -0.011720
v -0.050619 -0.628413 0.075069
v -0.135389 -0.483659 -0.055908
v 0.104584 -0.524277 -0.059822
v -0.073211 -0.389556 -0.071882
v -0.069075 -0.319446 0.132454
v 0.146390 -0.407102 -0.065032
v -0.015391 -0.390792 -0.037034
v 0.002587 -0.381545 -0.009229
v -0.040482 -0.470598 0.098380
v 0.118656 -0.463544 -0.061267
v 0.152233 -0.271539 -0.072978
v 0.096219 -0.444916 -0.073937
v 0.139780 -0.639996 -0.032821
v 0.143762 -0.225747 -0.076934
v -0.004551 -0.262210 0.149902
v -0.019536 -0.439265 -0.032873
v 0.164972 -0.288013 0.093702
v -0.002240 -0.408610 -0.007991
v 0.166443 -0.240673 0.080749
v -0.140993 -0.329260 -0.083323
v -0.141329 -0.595035 0.093479
v 0.033871 -0.463431 0.096093
v -0.019339 -0.274541 -0.120665
v -0.035982 -0.379152 -0.060560
v -0.046937 -0.375824 -0.070313
v -0.016723 -0.636957 -0.002757
v -0.014463 -0.447541 0.077214
v 0.102064 -0.373873 0.133589
v -0.089043 -0.597169 0.105778
v -0.153573 -0.653811 0.053099
v -0.098946 -0.527901 -0.064024
v -0.072864 -0.534765 0.104115
v -0.044185 -0.525806 0.089102
v 0.040600 -0.459060 0.102636
v 0.190409 -0.350334 0.046219
v -0.131031 -0.663661 0.096196
v -0.144149 -0.702734 -0.051074
v 0.039381 -0.636585 0.055790
v 0.016523 -0.555631 0.051432
v 0.015172 -0.570436 0.042883
v -0.023655 -0.669424 -0.013024
v -0.195961 -0.355362 0.021999
v 0.036995 -0.254540 0.146026
v 0.167547 -0.394574 -0.040792
v -0.147027 -0.620700 0.078409
v -0.127110 -0.352471 -0.089576
v -0.006915 -0.516705 0.013894
v 0.142983 -0.703734 -0.050827
v 0.138567 -0.662091 -0.038387
v 0.119464 -0.701067 -0.067886
v -0.013719 -0.577137 0.019246
v 0.012645 -0.577275 0.020803
v 0.181415 -0.343268 0.071934
v 0.059313 -0.667183 0.082244
v 0.034819 -0.677074 0.045329
v -0.169636 -0.277957 0.082406
v -0.086221 -0.708578 0.089543
v 0.003205 -0.396864 0.042950
v 0.097764 -0.586571 -0.054240
v 0.180667 -0.373556 -0.028430
v -0.197391 -0.337222 0.021518
v -0.107366 -0.724572 0.097251
v -0.132130 -0.725646 0.087241
v 0.132816 -0.727250 0.087124
v 0.146434 -0.303029 0.111335
v -0.046534 -0.686827 0.064184
v 0.015792 -0.347846 0.110170
v -0.165633 -0.520420 0.064395
v -0.076572 -0.618506 0.098651
v 0.104683 -0.617906 0.106058
v -0.182160 -0.434250 0.001319
v -0.023936 -0.335063 -0.104867
v 0.049946 -0.717408 0.069432
v -0.055864 -0.717229 0.065396
v 0.008870 -0.499566 -0.002926
v -0.031148 -0.355503 -0.078494
v 0.024612 -0.551265 -0.022888
v -0.193878 -0.380588 0.023284
v 0.136872 -0.270924 0.110454
v 0.020751 -0.370972 0.104582
v 0.112192 -0.608982 0.106801
v -0.171437 -0.226447 -0.040663
v -0.185048 -0.228773 0.000701
v 0.067891 -0.580894 0.096929
v -0.011635 -0.348733 -0.081374
v 0.003531 -0.258865 0.151640
v -0.153485 -0.708454 -0.022092
v -0.015895 -0.401898 -0.035977
v 0.055095 -0.384744 0.124761
v -0.175192 -0.444847 -0.020829
v -0.007108 -0.476770 -0.002448
v 0.074261 -0.419001 -0.066759
v -0.166508 -0.574008 -0.016615
v 0.158716 -0.595018 0.063527
v 0.120108 -0.595159 0.106553
v 0.104963 -0.577737 0.108729
v 0.175146 -0.368299 0.079404
v -0.165140 -0.410730 -0.042251
v 0.152080 -0.677836 0.039818
v -0.172930 -0.463386 -0.022740
v -0.086013 -0.249073 -0.115108
v -0.037153 -0.585287 0.071931
v 0.163132 -0.460518 -0.040843
v -0.093221 -0.469552 -0.061359
v 0.030635 -0.437418 -0.041036
v 0.029334 -0.582863 -0.031181
v -0.103919 -0.577331 0.110442
v -0.153488 -0.556910 0.080617
v 0.088685 -0.559541 -0.060506
v -0.150841 -0.323360 0.107354
v 0.005035 -0.392231 -0.011012
v 0.147958 -0.520212 0.095347
v -0.177588 -0.296160 0.072558
v 0.080987 -0.712507 0.086393
v -0.104226 -0.608625 0.108548
v 0.088456 -0.548142 -0.060976
v 0.183402 -0.230456 -0.001066
v 0.168762 -0.227208 -0.043040
v -0.005042 -0.467094 0.010692
v -0.072288 -0.508132 -0.058405
v -0.016487 -0.570410 -0.011688
v -0.034732 -0.591793 -0.040047
v 0.017076 -0.341274 0.127848
v -0.164711 -0.309073 0.093782
v -0.112566 -0.481544 -0.065409
v -0.080788 -0.433190 -0.067640
v -0.174472 -0.350942 0.080689
v -0.179538 -0.316476 0.071251
v -0.046137 -0.291351 0.128211
v -0.125621 -0.346701 -0.091392
v -0.056842 -0.534270 -0.055423
v 0.019512 -0.430076 -0.031697
v 0.155901 -0.652984 0.038284
v 0.163294 -0.459791 0.079406
v 0.121020 -0.534377 -0.060418
v -0.194669 -0.340536 0.034512
v -0.004041 -0.370295 -0.036366
v 0.057880 -0.598644 -0.054381
v -0.088611 -0.305573 -0.113721
v -0.071651 -0.285394 -0.118200
v -0.051821 -0.266476 -0.121303
v -0.076232 -0.418223 -0.073641
v 0.123237 -0.246391 -0.096315
v 0.153724 -0.644895 -0.023991
v 0.055857 -0.350323 0.125534
v -0.156705 -0.588660 0.063091
v 0.163666 -0.589099 0.033174
v 0.167624 -0.559571 0.033844
v 0.121142 -0.325693 -0.096155
v -0.051077 -0.354795 0.123720
v -0.086482 -0.279103 0.122430
v -0.104278 -0.664067 0.104619
v 0.150586 -0.688847 0.048885
v -0.165712 -0.570081 0.048763
v -0.181134 -0.451255 0.001923
v -0.178521 -0.412044 -0.022831
v 0.095048 -0.270948 -0.113621
v 0.019828 -0.279948 0.141166
v 0.019426 -0.295794 0.133738
v -0.010607 -0.303447 -0.120173
v 0.074333 -0.273871 -0.119891
v -0.169812 -0.330026 0.087541
v 0.093182 -0.683272 0.099441
v 0.008621 -0.516559 0.021968
v 0.046480 -0.474194 -0.052313
v 0.013130 -0.463679 -0.012319
v 0.039623 -0.378424 0.119861
v 0.008482 -0.523113 0.009155
v -0.046247 -0.261740 0.138576
v -0.112625 -0.296431 0.121121
v -0.109012 -0.622591 -0.054512
v -0.034820 -0.596832 0.065385
v 0.177388 -0.472649 0.023914
v 0.002977 -0.416147 0.002163
v 0.025261 -0.416301 0.100366
v -0.066761 -0.230524 -0.115978
v 0.047543 -0.604855 0.075351
v -0.157003 -0.258097 -0.066180
v -0.029205 -0.668000 -0.029987
v 0.103243 -0.700958 -0.071230
v -0.107367 -0.265563 -0.109171
v 0.178016 -0.464114 0.006147
v -0.058183 -0.376684 0.127701
v 0.001069 -0.425399 0.013902
v -0.027690 -0.676545 0.022440
v -0.171305 -0.500937 -0.018112
v -0.188075 -0.352670 0.055645
v -0.007507 -0.523222 0.007436
v -0.020318 -0.546764 -0.021567
v -0.094162 -0.480458 -0.061630
v -0.012598 -0.507168 -0.015341
v 0.146654 -0.704889 0.053721
v 0.003921 -0.451394 0.034208
v -0.026991 -0.325271 0.138399
v 0.017965 -0.605954 0.033617
v 0.096057 -0.513976 -0.058702
v 0.013773 -0.521314 -0.010430
v 0.119838 -0.506056 -0.060976
v 0.106998 -0.278194 0.121637
v 0.118071 -0.296186 0.122702
v 0.104415 -0.294749 -0.107260
v -0.133377 -0.554840 0.103535
v -0.184460 -0.236978 0.042308
v 0.179427 -0.442075 0.005979
v -0.096845 -0.355023 -0.096382
v 0.152238 -0.674688 0.054316
v 0.132386 -0.501231 0.108129
v 0.191406 -0.338216 0.046086
v -0.109593 -0.637862 -0.056820
v 0.174869 -0.416235 0.067594
v 0.155240 -0.631965 0.061461
v 0.019619 -0.536816 -0.018669
v 0.072927 -0.508476 -0.057394
v 0.010116 -0.533051 0.007902
v -0.155339 -0.629592 -0.015365
v 0.170048 -0.502337 -0.022408
v 0.152548 -0.575291 -0.038799
v 0.159360 -0.484835 -0.042462
v 0.134989 -0.556990 -0.051413
v 0.174088 -0.536940 0.022844
v -0.033840 -0.680489 0.038115
v -0.165126 -0.363034 0.094390
v 0.019039 -0.474455 0.073222
v 0.013468 -0.468735 0.065846
v 0.090995 -0.477635 -0.063136
v -0.051972 -0.622957 -0.050384
v -0.048762 -0.555712 -0.048915
v 0.111071 -0.495792 -0.057630
v -0.157589 -0.344245 0.101478
v -0.148074 -0.253301 0.097316
v 0.162247 -0.578645 0.049264
v 0.165341 -0.549908 0.050114
v 0.001445 -0.430935 0.035289
v 0.006526 -0.413055 0.078004
v 0.001243 -0.411887 0.057115
v -0.130459 -0.399917 0.121264
v 0.103889 -0.237875 -0.107112
v 0.123761 -0.254845 0.113022
v -0.072165 -0.664160 -0.058066
v 0.085631 -0.360132 -0.094394
v -0.182875 -0.435695 0.024759
v -0.034969 -0.242492 -0.118691
v -0.034178 -0.442613 0.102852
v 0.130304 -0.474673 0.111679
v 0.006644 -0.453802 0.051492
v 0.094122 -0.710366 0.093214
v -0.167973 -0.472767 0.069424
v -0.169986 -0.444272 0.069377
v -0.174299 -0.462830 0.053531
v 0.094211 -0.648225 -0.063001
v 0.101021 -0.627911 -0.060656
v 0.075040 -0.643741 -0.059766
v 0.105538 -0.664812 0.102387
v 0.007150 -0.490176 0.022325
v 0.168378 -0.569102 0.017243
v 0.032045 -0.300292 -0.119908
v -0.026876 -0.572543 0.061411
v 0.015068 -0.245193 -0.118237
v -0.190777 -0.396924 0.017504
v -0.074941 -0.477921 -0.059265
v -0.011234 -0.419220 0.085032
v -0.054075 -0.646758 0.076170
v -0.075520 -0.688887 0.089579
v -0.130509 -0.635602 -0.050940
v 0.147535 -0.493997 -0.054028
v -0.004641 -0.427927 -0.011620
v 0.023784 -0.411070 -0.040559
v 0.192501 -0.365827 0.033161
v 0.021312 -0.585150 -0.017611
v 0.164868 -0.640375 0.007522
v 0.030292 -0.249658 -0.119152
v 0.024633 -0.512221 -0.029145
v -0.173415 -0.490045 0.049176
v 0.045605 -0.361689 -0.080388
v -0.001551 -0.390585 0.058524
v 0.018458 -0.649489 -0.014570
v -0.103411 -0.657045 -0.063546
v -0.118169 -0.236626 -0.098937
v -0.007923 -0.516934 0.020170
v 0.186788 -0.268341 0.045733
v 0.099364 -0.571212 -0.056481
v 0.135606 -0.529535 0.104700
v -0.014039 -0.566599 0.035284
v -0.011130 -0.493332 -0.015400
v -0.064198 -0.626810 -0.053796
v 0.114077 -0.481417 -0.058143
v 0.148829 -0.326409 -0.080518
v 0.076523 -0.662056 0.096142
v 0.066403 -0.640751 0.089158
v 0.076841 -0.634211 0.099029
v 0.089711 -0.655103 0.101531
v 0.118000 -0.646124 0.103071
v 0.090103 -0.627161 0.103959
v 0.104016 -0.636713 0.104473
v 0.139806 -0.281405 0.111693
v 0.183971 -0.400153 0.050788
v 0.130919 -0.657550 0.095638
v 0.140381 -0.714887 -0.059622
v 0.134739 -0.702134 -0.060289
v -0.178261 -0.381669 -0.030929
v 0.071332 -0.675951 -0.055028
v -0.008838 -0.474212 0.048716
v 0.003182 -0.432902 0.054422
v 0.189779 -0.297849 0.046900
v 0.160122 -0.296879 -0.068211
v -0.104051 -0.636213 0.106667
v -0.091109 -0.682361 0.098718
v -0.066699 -0.640738 0.089239
v -0.118051 -0.645320 0.105016
v -0.090318 -0.626762 0.104462
v -0.118318 -0.673043 0.102569
v -0.159999 -0.287591 0.095925
v -0.116882 -0.338094 -0.097276
v -0.009473 -0.537054 0.005975
v 0.074978 -0.479858 -0.066802
v 0.151376 -0.413753 -0.059602
v 0.099804 -0.245242 -0.109634
v 0.146499 -0.572199 0.092042
v 0.120705 -0.538547 0.109396
v -0.007885 -0.369510 0.088329
v -0.193313 -0.283726 0.020670
v -0.189388 -0.275802 -0.010179
v 0.015032 -0.389670 -0.035564
v -0.002208 -0.444768 0.043228
v 0.012282 -0.350984 -0.078708
v 0.160453 -0.568122 0.065199
v -0.145537 -0.545499 0.093869
v -0.123640 -0.309274 -0.097534
v 0.135363 -0.555539 0.103607
v 0.091727 -0.253436 0.125224
v -0.154131 -0.509269 0.086494
v 0.021748 -0.385769 -0.044937
v 0.004988 -0.369120 -0.038435
v -0.168970 -0.285265 -0.055605
v 0.184271 -0.419762 0.022467
v 0.159329 -0.541316 -0.033901
v 0.195199 -0.359492 0.020096
v 0.176108 -0.509733 0.023270
v -0.064205 -0.457339 -0.060196
v 0.114914 -0.631736 -0.053180
v 0.128269 -0.635511 -0.043260
v -0.116528 -0.382283 -0.082432
v 0.031645 -0.669600 -0.036267
v -0.141566 -0.713550 -0.059161
v 0.173593 -0.271449 0.078888
v -0.058315 -0.520814 -0.055996
v -0.157431 -0.678090 -0.003986
f 2153 1492 63
f 6 1239 853
f 1613 911 1930
f 58 1173 147
f 275 1324 266
f 334 1565 1140
f 340 1989 198
f 580 1772 1124
f 980 105 2125
f 672 2228 982
f 915 1725 72
f 236 2037 202
f 1201 1476 601
f 2085 1119 1459
f 60 858 61
f 1313 1598 1185
f 924 1132 801
f 768 2001 990
f 1741 371 1711
f 536 1738 1820
f 1235 1982 1736
f 442 1156 486
f 141 320 42
f 1189 1364 1992
f 198 496 608
f 90 1514 814
f 795 934 1807
f 599 682 2068
f 531 927 534
f 1331 2092 651
f 1996 276 234
f 732 1525 382
f 561 1294 1426
f 918 1298 2131
f 1037 2153 377
f 614 16 584
f 722 1993 2020
f 726 1575 883
f 1577 1893 1612
f 1375 716 1079
f 490 1608 1610
f 1266 378 1271
f 1078 1749 778
f 1579 478 1772
f 316 1378 480
f 1553 1293 2208
f 360 700 573
f 437 1111 658
f 517 1694 1211
f 479 2080 1854
f 927 1744 939
f 1091 361 719
f 176 1626 1104
f 769 1540 1399
f 547 401 507
f 624 216 599
f 299 986 512
f 1236 630 834
f 298 2122 361
f 563 1656 895
f 800 1448 1556
f 2108 67 1205
f 1559 1755 1341
f 136 307 147
f 469 1528 477
f 191 1632 2205
f 720 1781 1505
f 1481 223 1538
f 207 1230 1001
f 669 57 165
f 421 1546 1472
f 468 1526 476
f 913 1893 48
f 526 1705 1704
f 99 602 592
f 1672 1163 670
f 185 1691 1256
f 257 32 135
f 464 1018 981
f 541 1813 373
f 19 905 1625
f 1763 2089 1088
f 614 696 16
f 611 1199 942
f 1128 370 965
f 1126 1811 1683
f 942 1987 28
f 619 134 819
f 2071 220 1034
f 1174 1699 550
f 1604 75 685
f 1780 62 1916
f 2016 244 1251
f 1831 19 12
f 238 1606 2049
f 483 925 506
f 754 914 1075
f 738 1193 960
f 78 1313 1452
f 888 1349 1864
f 215 1838 2040
f 1344 1615 1114
f 21 520 2183
f 248 1823 1418
f 1203 387 163
f 737 510 1788
f 636 2225 2156
f 824 2040 1665
f 76 1794 2142
f 147 89 136
f 21 2088 1715
f 29 788 615
f 304 1166 504
f 1846 61 1609
f 357 1675 1080
f 72 200 136
f 290 1155 937
f 315 1672 670
f 748 1364 1188
f 1302 255 87
f 1743 584 1260
f 337 589 404
f 1561 188 415
f 1234 1601 249
f 55 1116 979
f 448 1296 904
f 545 166 1660
f 992 1690 1861
f 1330 5 853
f 1142 225 962
f 50 1403 1102
f 1169 34 898
f 18 2047 2046
f 126 933 2023
f 543 848 1253
f 1394 1684 1646
f 563 895 404
f 62 1520 1599
f 1022 1530 678
f 500 365 1096
f 55 1400 741
f 285 1227 700
f 1804 1397 90
f 799 949 283
f 895 337 404
f 833 1462 1799
f 1941 173 1470
f 977 1066 1218
f 650 1511 1024
f 119 1183 232
f 495 272 111
f 36 844 695
f 454 1390 1512
f 472 1548 1316
f 733 503 1191
f 144 1736 1328
f 921 2160 207
f 947 698 378
f 325 695 844
f 65 1808 692
f 617 1409 417
f 983 221 1767
f 176 1104 1060
f 116 1286 1110
f 566 1848 1241
f 350 2031 309
f 769 1988 1978
f 1670 1927 1928
f 134 1429 855
f 221 462 246
f 1260 17 789
f 718 2045 1466
f 65 272 2053
f 667 1458 697
f 981 2022 385
f 693 909 1945
f 739 1408 1923
f 1803 1405 1388
f 1315 1455 318
f 1556 597 396
f 1374 1710 1729
f 967 2132 1671
f 1661 884 31
f 441 1142 962
f 638 1668 1986
f 61 1846 1851
f 845 2223 890
f 517 1332 1046
f 2021 66 1328
f 318 10 1424
f 45 1308 1213
f 1562 1981 119
f 1450 1840 1554
f 459 1827 1862
f 813 2227 1747
f 1153 518 1312
f 221 1396 1303
f 818 1520 798
f 324 869 537
f 40 1890 1127
f 1436 1580 535
f 203 2028 1090
f 207 1119 1230
f 1493 899 2224
f 1018 1883 1518
f 898 1702 1508
f 1206 212 954
f 1375 306 797
f 1151 1660 166
f 1612 269 1577
f 753 2060 1658
f 1633 2180 2182
f 688 2187 2186
f 127 1281 1579
f 1177 242 812
f 12 2209 1831
f 121 1690 387
f 1754 93 1154
f 745 1114 393
f 1486 1139 699
f 1370 346 1183
f 1580 487 535
f 152 16 696
f 171 1055 1641
f 739 1923 2096
f 203 1090 593
f 434 1428 966
f 516 1176 995
f 1434 251 887
f 617 417 494
f 31 884 2192
f 455 2015 1079
f 1363 1035 312
f 1115 369 873
f 1562 1564 425
f 637 377 697
f 956 2226 304
f 214 1872 2051
f 323 2061 532
f 128 728 76
f 51 1966 786
f 522 1637 1144
f 61 872 60
f 945 123 492
f 1408 1985 511
f 289 1718 1600
f 731 550 144
f 375 1657 912
f 319 1265 263
f 2172 233 1005
f 345 1561 1181
f 218 1224 1884
f 610 1318 1171
f 1299 1907 863
f 138 2166 94
f 767 1737 1934
f 1852 990 1778
f 1001 1230 2054
f 2207 456 1365
f 424 1558 1048
f 225 1245 1528
f 502 675 354
f 142 30 936
f 278 198 1989
f 376 1259 1947
f 670 14 2165
f 378 1266 947
f 161 1184 164
f 411 870 1348
f 1122 1888 242
f 653 863 1457
f 666 1756 1869
f 219 1977 1732
f 546 1783 1273
f 445 2119 2214
f 91 1639 524
f 1068 1648 1476
f 1403 1638 2082
f 171 1133 256
f 1002 751 2075
f 1027 1619 1486
f 2061 323 2070
f 491 1531 805
f 634 2036 1451
f 747 1761 1276
f 1034 2038 864
f 2117 291 1003
f 1890 744 1683
f 458 1480 1479
f 1916 62 1599
f 668 2105 1476
f 165 89 147
f 528 1185 1598
f 62 686 798
f 786 59 1339
f 620 1909 607
f 1241 1246 1658
f 1748 1914 570
f 1800 552 913
f 1483 2090 540
f 1179 1908 629
f 1020 1244 769
f 553 2057 1560
f 993 1058 437
f 2202 2076 54
f 276 564 1956
f 2154 439 1530
f 114 977 115
f 380 1840 1278
f 933 126 1607
f 405 864 2038
f 1201 1607 2107
f 1317 681 2030
f 266 871 275
f 260 1816 1655
f 5 1330 1974
f 2126 299 512
f 1004 682 1509
f 451 1485 1215
f 74 1894 256
f 216 1509 682
f 352 1227 660
f 535 1600 1718
f 505 1290 822
f 1240 18 4
f 1611 547 645
f 579 2154 1401
f 869 2162 1762
f 817 2128 1095
f 579 1097 812
f 174 273 1971
f 1870 2176 214
f 25 1413 982
f 723 1524 1798
f 324 1092 1083
f 530 1715 551
f 217 736 879
f 303 462 574
f 1070 664 1071
f 609 1654 1134
f 1565 474 1009
f 38 1161 502
f 357 1080 590
f 463 1493 1270
f 244 2016 941
f 306 1375 1079
f 55 979 719
f 204 1074 1073
f 511 1435 1010
f 1383 2044 1123
f 449 1309 1032
f 1465 2165 14
f 315 1884 1224
f 1911 602 612
f 806 2048 1154
f 581 1925 970
f 472 1824 1547
f 674 1143 1876
f 881 1910 1922
f 810 2133 422
f 252 1424 10
f 1419 1529 2005
f 366 217 764
f 101 500 2146
f 921 641 321
f 1073 317 1072
f 657 1329 1561
f 63 1492 1822
f 1328 611 2021
f 596 1313 1185
f 1906 439 1030
f 720 1635 507
f 609 1786 1379
f 1134 1146 1640
f 750 1625 905
f 361 1091 2123
f 1950 97 1879
f 1632 718 784
f 50 1638 1403
f 1035 1363 1731
f 507 1663 720
f 1787 817 1190
f 1267 321 1271
f 37 230 1877
f 126 2023 1765
f 1838 694 1665
f 465 1519 1516
f 901 267 855
f 1882 360 1228
f 848 543 247
f 148 1518 1517
f 402 1825 785
f 150 1241 44
f 790 319 263
f 481 2041 348
f 1685 635 1956
f 765 2118 1314
f 98 1769 1869
f 621 1158 1069
f 860 897 1013
f 1609 428 1846
f 1866 1336 1957
f 1438 810 2112
f 701 946 250
f 1756 666 358
f 609 1980 1786
f 1549 640 1345
f 1342 698 253
f 2232 2 1925
f 428 2225 1846
f 1173 58 341
f 964 895 1656
f 1300 2158 444
f 741 1400 2163
f 159 547 673
f 1423 828 1619
f 25 1257 1170
f 402 1779 1707
f 746 367 1692
f 935 1860 1735
f 1955 49 1420
f 824 2199 2040
f 454 1406 1390
f 724 1616 865
f 1311 1976 450
f 512 301 1043
f 320 1506 178
f 110 1006 1264
f 1458 212 1206
f 536 1737 767
f 718 1327 784
f 124 1220 1317
f 1564 232 153
f 556 1499 842
f 1713 2131 1496
f 415 2042 1494
f 1642 332 1135
f 1886 14 1223
f 179 745 260
f 1212 1508 1361
f 1767 676 1729
f 117 801 1132
f 1773 2083 282
f 1002 905 2024
f 318 1424 1314
f 996 1597 1352
f 135 1358 1793
f 501 1164 594
f 2047 137 1008
f 1749 371 778
f 1954 319 790
f 1196 2135 2137
f 403 1219 1380
f 92 1078 778
f 1435 2184 293
f 134 619 1429
f 1108 1956 635
f 452 1015 1311
f 704 1955 1420
f 632 1684 1320
f 1964 1724 292
f 1481 458 505
f 409 1853 1975
f 538 246 462
f 574 1886 1223
f 178 257 135
f 718 2049 1606
f 201 227 734
f 123 1570 492
f 1821 698 1342
f 716 1806 1168
f 916 1610 1608
f 14 1567 1223
f 1105 286 909
f 556 1344 1114
f 1648 1203 355
f 560 1831 2209
f 572 1412 173
f 168 1361 364
f 728 362 1794
f 244 2012 277
f 368 1238 1067
f 1333 102 959
f 1908 842 629
f 237 1200 637
f 1438 2112 2111
f 1421 52 727
f 55 741 1116
f 1302 1566 255
f 677 437 1058
f 557 1898 1256
f 165 271 89
f 89 271 113
f 1478 2170 456
f 135 320 178
f 1049 1704 1705
f 1166 304 882
f 1532 1732 1977
f 488 1147 1602
f 1666 2040 2199
f 1697 711 1386
f 954 1270 1493
f 246 538 1086
f 62 798 1520
f 307 58 147
f 633 1089 1016
f 542 1869 1756
f 655 2076 1109
f 2205 980 2125
f 813 1747 1692
f 951 928 1792
f 347 1692 948
f 113 816 89
f 988 1048 1558
f 1034 1047 2071
f 1001 1871 207
f 2227 813 110
f 1782 1402 18
f 355 1202 601
f 1465 1886 2152
f 1997 253 2004
f 443 283 949
f 1751 1552 607
f 1887 1297 292
f 249 1828 2217
f 690 374 1389
f 323 304 723
f 865 779 724
f 750 2016 1251
f 1038 327 950
f 785 936 30
f 1398 583 1423
f 355 601 1476
f 547 1611 401
f 1437 1986 1668
f 1673 202 2037
f 573 798 686
f 1327 718 1606
f 1209 1624 1555
f 2090 1434 859
f 770 989 1248
f 1046 36 695
f 680 370 577
f 1366 565 447
f 1841 1152 546
f 1021 707 417
f 286 1603 1249
f 1675 1041 55
f 501 2182 2180
f 634 2143 2036
f 1077 961 2074
f 841 1621 39
f 1982 1112 438
f 1107 782 121
f 1253 1551 1960
f 1946 2123 1091
f 296 976 1521
f 43 1259 1202
f 329 273 174
f 1390 265 851
f 1391 454 861
f 1802 656 1770
f 1076 2130 1136
f 58 307 200
f 307 136 200
f 1453 1002 2075
f 194 1752 935
f 106 309 264
f 74 1051 2204
f 2114 2173 404
f 819 1602 832
f 836 2212 235
f 346 1370 1573
f 510 1190 817
f 411 2033 880
f 443 1695 283
f 1435 293 70
f 1009 1199 1431
f 287 1806 1339
f 1849 566 733
f 408 1174 550
f 981 385 814
f 52 984 868
f 197 1071 664
f 30 1585 785
f 318 157 10
f 318 206 302
f 548 1359 1792
f 1851 1846 588
f 320 135 42
f 542 720 1505
f 912 1657 2124
f 88 2025 1566
f 970 1086 1084
f 250 946 2062
f 323 1798 2070
f 926 161 920
f 1747 746 1692
f 153 1563 1555
f 1996 234 1751
f 508 2197 2194
f 533 783 359
f 151 597 1448
f 837 1843 2217
f 832 1504 1460
f 1935 1422 201
f 840 1734 1042
f 714 1460 1874
f 2183 986 21
f 330 2029 279
f 1250 1499 1764
f 1348 502 1880
f 1406 1507 734
f 1701 906 473
f 432 1843 1441
f 633 2028 1089
f 1644 292 1297
f 424 1222 803
f 543 1016 1089
f 1775 985 96
f 691 94 297
f 1391 2171 182
f 245 914 1101
f 213 1943 1585
f 1541 904 419
f 466 1803 1388
f 957 1487 1944
f 129 1812 2223
f 741 167 341
f 95 340 138
f 593 1989 1304
f 1211 2231 1376
f 341 167 228
f 974 70 293
f 1885 508 1664
f 1187 1495 1477
f 122 1728 590
f 2130 648 1136
f 166 1360 589
f 1066 681 1218
f 1699 1785 1845
f 1733 438 194
f 191 759 2045
f 48 616 1876
f 176 617 1261
f 710 868 984
f 1280 1835 2157
f 829 1623 1484
f 943 1973 1198
f 91 524 231
f 954 212 671
f 776 1760 2231
f 909 1879 97
f 991 1043 301
f 1875 142 936
f 664 1195 197
f 128 76 729
f 1690 811 387
f 1912 87 1410
f 1865 2150 183
f 47 1783 1939
f 1584 16 1063
f 997 1772 314
f 652 1855 1491
f 704 1159 313
f 37 1402 1730
f 1277 33 876
f 630 1834 834
f 478 1362 1124
f 403 1237 1219
f 338 1118 1545
f 1590 951 299
f 950 1728 2055
f 846 1532 1780
f 1254 1274 125
f 1729 559 1144
f 516 1165 978
f 1975 1044 1557
f 827 1472 1546
f 1694 517 1046
f 462 1303 574
f 316 398 519
f 948 1692 367
f 1380 40 1399
f 2222 575 1741
f 1040 880 2033
f 1908 1179 84
f 534 1586 1720
f 1007 1631 1358
f 818 1515 1519
f 387 1203 1648
f 286 1249 1210
f 1235 2119 445
f 405 1323 616
f 1456 540 932
f 966 2115 1286
f 913 1612 1893
f 2088 551 1715
f 530 1718 1715
f 461 1944 1487
f 322 1620 1350
f 1097 80 268
f 1243 123 945
f 1417 1535 1991
f 2007 812 268
f 1859 139 952
f 1229 1569 641
f 1711 2222 1741
f 228 1157 57
f 53 1494 1108
f 508 1885 1326
f 877 1804 90
f 250 2062 281
f 1149 1378 519
f 477 1919 1770
f 82 1425 1762
f 836 800 689
f 1978 205 1123
f 753 2145 132
f 716 1815 1079
f 418 955 1488
f 303 538 462
f 185 1900 1640
f 777 1902 1497
f 513 1960 1644
f 206 389 302
f 1024 1511 1743
f 347 1477 813
f 440 1683 1811
f 50 2011 1283
f 523 1148 393
f 971 1301 1255
f 892 701 239
f 1892 114 646
f 1654 156 1134
f 690 1389 1289
f 1832 663 91
f 514 1271 321
f 1466 1088 197
f 734 1052 830
f 1247 1802 1770
f 13 709 1011
f 1331 1803 1075
f 999 706 894
f 460 1555 1563
f 1387 2083 488
f 43 1513 1259
f 402 1943 1779
f 1665 2194 2197
f 968 51 797
f 1315 318 302
f 105 980 647
f 595 1733 2099
f 86 293 2184
f 1501 2224 899
f 958 1491 1855
f 1958 501 594
f 410 615 311
f 2209 12 1204
f 1024 789 15
f 1797 551 1194
f 725 1157 1069
f 511 1677 1622
f 492 399 945
f 1770 839 477
f 850 2196 1130
f 883 1362 478
f 333 1137 1138
f 1558 169 988
f 54 1507 1502
f 730 1210 1249
f 807 1262 1132
f 1418 185 1256
f 787 368 744
f 492 755 399
f 1585 30 1046
f 1816 260 187
f 343 2140 2138
f 578 1341 1755
f 309 106 350
f 1198 1964 943
f 226 1624 1303
f 8 140 944
f 1873 2178 2181
f 438 1733 595
f 699 1139 267
f 625 1402 1782
f 208 1796 1275
f 1700 2202 544
f 420 2112 422
f 1969 594 1860
f 1160 507 1635
f 329 764 273
f 2070 1804 2061
f 756 775 2189
f 2079 2172 1182
f 1243 1813 549
f 2006 623 707
f 759 91 663
f 1544 71 971
f 431 1434 887
f 568 1192 780
f 837 2207 1365
f 1136 101 1076
f 1391 544 1502
f 1957 1336 77
f 2233 796 653
f 1126 2013 1247
f 504 723 304
f 540 1862 1483
f 1100 1155 1225
f 866 560 2210
f 1973 943 130
f 442 1444 1155
f 356 1268 1205
f 342 1357 1468
f 857 314 1031
f 1981 1475 119
f 261 274 952
f 1860 594 1735
f 2157 1361 525
f 1397 2092 1812
f 763 772 1340
f 707 1021 2006
f 742 1027 1056
f 779 2062 946
f 1306 68 877
f 1656 563 46
f 389 206 1013
f 1416 2151 263
f 2227 1188 1747
f 1043 2126 512
f 979 1116 1057
f 840 1443 843
f 1752 773 935
f 1704 757 2026
f 367 1777 760
f 1305 735 1198
f 448 1543 1490
f 1081 1583 1098
f 308 1314 2118
f 711 1697 1045
f 2072 209 1725
f 646 114 1053
f 837 1757 1441
f 450 452 1311
f 671 504 1166
f 268 80 689
f 27 1014 348
f 104 2006 1021
f 179 260 1655
f 1490 1310 561
f 693 2151 2195
f 842 1908 84
f 808 1748 284
f 2001 277 990
f 989 1383 1248
f 1033 1323 2082
f 1327 326 784
f 2053 1569 1808
f 527 1963 1627
f 84 1934 1737
f 368 1067 744
f 577 370 780
f 498 1491 958
f 1642 1786 1980
f 1555 460 1209
f 291 2117 1682
f 1083 2213 1680
f 1368 217 366
f 223 1291 1482
f 1268 1270 349
f 525 1361 1508
f 630 1259 1513
f 489 1787 1190
f 471 1917 1536
f 263 1265 1416
f 976 296 533
f 178 1299 863
f 548 928 2218
f 1084 1086 538
f 568 1859 952
f 962 433 441
f 267 901 1427
f 1606 2159 326
f 2055 1440 219
f 1055 978 1641
f 650 1024 1378
f 920 1678 926
f 1678 487 926
f 114 1892 1066
f 941 750 1453
f 835 1449 934
f 1987 2094 2041
f 707 1529 494
f 1196 139 41
f 854 858 2192
f 15 480 1024
f 1475 1527 1025
f 473 2063 1474
f 7 955 879
f 791 976 533
f 348 479 27
f 479 192 27
f 15 1355 480
f 1354 13 1011
f 308 1013 206
f 1014 28 481
f 661 590 1080
f 732 382 958
f 9 1106 955
f 867 1993 1723
f 1369 2174 1898
f 1246 150 47
f 351 826 1445
f 458 1537 1480
f 939 1744 897
f 530 1716 1717
f 470 1984 1441
f 754 1669 1051
f 1805 2030 681
f 1918 507 401
f 187 910 1816
f 444 1216 1100
f 660 971 71
f 1777 1892 646
f 336 1152 2077
f 1027 1486 310
f 1143 1730 1402
f 1614 388 1346
f 243 1992 2078
f 1320 496 2069
f 1244 638 1382
f 658 1111 2079
f 1214 1599 1520
f 198 608 340
f 496 426 190
f 987 1590 299
f 143 1028 856
f 1710 45 1830
f 433 1527 1525
f 764 1842 1414
f 2130 1076 279
f 448 1426 1296
f 330 1076 602
f 1575 726 2226
f 1910 712 1922
f 820 2046 639
f 146 542 752
f 958 210 732
f 622 72 209
f 616 1893 1577
f 1195 238 197
f 972 435 490
f 418 2091 955
f 534 927 1587
f 1212 168 1049
f 613 1012 1652
f 2057 369 1239
f 1648 355 1476
f 202 1824 236
f 1503 2191 2121
f 255 1895 1311
f 1238 124 1189
f 1114 1764 556
f 267 1139 855
f 270 880 1040
f 678 1906 1776
f 701 250 2020
f 1147 488 1062
f 111 514 495
f 514 321 495
f 411 880 870
f 498 1475 1099
f 914 1932 1550
f 1351 300 2149
f 2170 1430 456
f 1713 288 1608
f 151 1298 1897
f 685 1856 171
f 2155 722 1829
f 228 1173 341
f 1413 672 982
f 1962 102 1333
f 287 1288 1168
f 487 1600 535
f 294 155 1636
f 1911 1093 1094
f 30 975 900
f 1004 1170 1257
f 1771 1876 1143
f 2096 1923 1609
f 1276 242 1005
f 1226 2158 731
f 253 1997 1236
f 747 1113 1495
f 1229 239 867
f 483 1588 1586
f 982 2228 2229
f 50 1283 230
f 7 1488 955
f 727 1468 1421
f 1200 1501 2107
f 337 1373 1719
f 949 186 443
f 225 1576 1526
f 323 532 304
f 1106 273 879
f 1220 1238 1381
f 2140 343 1017
f 291 1587 927
f 1586 868 269
f 1724 1964 735
f 371 1714 1499
f 1325 1621 475
f 722 1337 929
f 97 1945 909
f 1092 88 81
f 216 624 756
f 1222 75 803
f 1685 353 2161
f 456 2207 1478
f 703 2211 816
f 1452 2034 1629
f 461 1487 944
f 983 1729 1144
f 1278 1840 2120
f 492 1570 755
f 893 2220 109
f 1031 580 2022
f 437 2077 1110
f 1699 79 550
f 1021 1497 104
f 545 305 166
f 1377 353 1197
f 506 1659 912
f 416 721 2098
f 621 755 1570
f 1239 1560 2057
f 1582 1696 1617
f 1942 317 262
f 28 1231 942
f 144 550 79
f 940 1682 2117
f 842 1499 1714
f 1348 38 502
f 516 1894 1176
f 1240 1782 18
f 1189 1067 1238
f 1591 31 60
f 1941 739 960
f 388 1706 1582
f 1489 83 19
f 170 1655 1469
f 1810 1342 253
f 825 2214 1451
f 1064 1395 1473
f 864 269 1034
f 211 1792 1207
f 413 558 494
f 1457 2233 653
f 1181 1696 1491
f 567 1285 1740
f 1616 128 73
f 779 946 892
f 1708 566 1849
f 2101 111 1881
f 257 1120 2168
f 1245 1919 1528
f 195 2187 1847
f 737 160 628
f 1190 1674 1604
f 595 1982 438
f 1291 447 565
f 1063 16 152
f 308 957 860
f 418 944 140
f 699 856 1028
f 1858 568 780
f 587 1550 1932
f 1016 543 513
f 1335 1867 1866
f 844 108 325
f 284 570 545
f 1279 1296 1426
f 1147 832 1602
f 1768 820 831
f 1202 1259 601
f 1325 1339 59
f 1647 162 1395
f 683 1177 1979
f 1208 56 1050
f 1832 1673 2089
f 376 2169 1607
f 325 1162 761
f 1334 1867 1990
f 1003 1998 749
f 926 1857 1184
f 147 669 165
f 563 404 1559
f 297 1775 691
f 2145 1512 132
f 930 1232 1539
f 96 691 1775
f 825 2120 1840
f 311 756 624
f 1874 1522 2177
f 1590 2218 928
f 553 1796 873
f 412 1669 847
f 175 1041 49
f 1172 1760 908
f 233 1111 1178
f 881 1439 473
f 2091 9 955
f 1381 359 1220
f 1273 1653 808
f 1843 837 1441
f 588 1695 1850
f 859 540 2090
f 166 589 2010
f 1372 453 1180
f 810 1103 298
f 122 590 661
f 684 1492 1037
f 245 1075 914
f 1141 697 1458
f 1090 632 278
f 593 279 203
f 857 1671 713
f 1946 622 2123
f 153 1637 1564
f 1977 219 1440
f 25 1312 518
f 1494 234 276
f 696 570 1914
f 1510 987 2126
f 598 130 93
f 604 149 1679
f 397 1929 2067
f 1159 2033 411
f 1430 2170 2000
f 1415 467 667
f 657 1099 1562
f 356 782 463
f 1335 1889 503
f 592 1076 101
f 1106 1971 273
f 1307 158 1168
f 149 604 3
f 1679 1059 953
f 964 1463 1373
f 851 1479 1480
f 1536 1336 390
f 666 1869 1769
f 245 1331 1075
f 297 608 190
f 190 608 496
f 736 1204 879
f 1931 193 1461
f 1393 2029 1094
f 821 2137 2135
f 2074 210 780
f 759 1386 1639
f 99 612 602
f 1648 1068 387
f 1399 1988 769
f 855 1429 901
f 874 1470 173
f 213 695 325
f 1221 1387 1928
f 932 1538 1456
f 1668 2044 809
f 476 1385 1025
f 1789 199 1326
f 833 1759 1462
f 1173 57 669
f 798 352 818
f 1584 2073 16
f 617 494 1261
f 493 1148 259
f 993 1110 1286
f 484 861 753
f 527 1794 362
f 1936 2186 2187
f 229 1797 1194
f 806 1253 848
f 624 410 311
f 1307 375 912
f 413 494 1529
f 596 1933 1343
f 115 1352 427
f 110 1495 1113
f 480 1378 1024
f 1860 1983 1969
f 628 407 394
f 1250 618 1711
f 370 1077 2074
f 395 1972 1258
f 1096 2159 2146
f 509 855 1139
f 270 1040 846
f 633 1647 2027
f 1507 2167 734
f 908 776 2164
f 406 1338 1394
f 569 1866 1957
f 54 1502 544
f 2002 2134 1321
f 2104 212 1458
f 973 265 852
f 893 2155 1829
f 1410 1913 1912
f 121 1068 2105
f 276 1108 1494
f 1540 769 1244
f 131 80 1401
f 675 502 1161
f 1240 1903 369
f 92 426 1320
f 2110 1079 1815
f 1708 1063 566
f 965 441 1128
f 243 2078 1247
f 847 1535 412
f 1445 2003 1917
f 863 1907 991
f 206 1314 308
f 159 645 547
f 1105 693 1666
f 427 1053 115
f 1820 523 393
f 388 1617 1108
f 365 647 326
f 575 1750 778
f 475 1621 2136
f 570 1272 545
f 466 1991 1535
f 1398 64 2102
f 799 1404 845
f 1734 17 1042
f 1919 477 1528
f 545 1272 305
f 1534 222 1433
f 1698 259 2188
f 1773 34 1875
f 227 1422 1252
f 41 1614 1346
f 295 2043 952
f 481 348 1014
f 1560 1239 6
f 162 1647 1681
f 1660 284 545
f 626 2201 1064
f 1120 257 178
f 433 1128 441
f 71 1279 1467
f 444 1226 1216
f 1103 1474 298
f 679 2191 298
f 573 700 1227
f 292 1282 1887
f 809 2044 1698
f 1322 2143 634
f 211 229 1194
f 1614 41 1706
f 1487 2118 944
f 72 622 1946
f 1223 1084 538
f 1505 1 149
f 1017 2189 775
f 220 549 1813
f 556 1764 1499
f 1352 585 2093
f 612 1462 1759
f 618 1250 170
f 181 255 1566
f 1973 81 1198
f 1085 2212 80
f 671 212 504
f 989 1726 280
f 344 1169 1508
f 936 785 1825
f 1571 644 2039
f 223 1456 1538
f 209 2072 865
f 1635 720 1756
f 639 2046 2047
f 522 1144 559
f 1766 740 1407
f 2201 766 1064
f 1057 715 979
f 494 417 707
f 57 678 165
f 571 888 714
f 1451 2036 2120
f 692 1642 1135
f 925 1682 940
f 1390 1593 265
f 1707 1779 317
f 216 682 599
f 1938 1295 2068
f 2008 112 1026
f 1251 768 750
f 653 1120 178
f 52 1588 727
f 32 1358 135
f 1387 33 282
f 1788 160 737
f 686 360 573
f 558 1358 1631
f 2175 1287 803
f 687 2181 2178
f 823 2177 1522
f 388 1614 1706
f 480 1355 316
f 1175 1931 1359
f 1571 2039 665
f 1828 774 1478
f 1367 581 894
f 1476 2105 1068
f 790 792 189
f 71 1544 1296
f 196 1568 1248
f 417 1045 1021
f 1030 1776 1906
f 397 696 614
f 696 397 570
f 85 1738 976
f 1836 1164 501
f 1321 2051 1872
f 900 1211 1694
f 364 757 168
f 1766 241 266
f 596 1452 1313
f 906 285 700
f 66 731 144
f 1615 1344 1820
f 1293 945 399
f 449 1421 1468
f 883 1575 1362
f 150 1653 47
f 1300 2032 743
f 1405 2070 1798
f 672 1413 2138
f 1443 102 843
f 518 1153 195
f 375 1307 1168
f 623 1529 707
f 565 1482 1291
f 641 921 1871
f 519 1011 218
f 670 1567 14
f 1036 1363 1323
f 1379 1786 1145
f 1408 511 1010
f 1007 32 31
f 143 903 712
f 773 2206 1432
f 51 786 1596
f 593 1347 279
f 755 1400 399
f 259 280 1726
f 1864 714 888
f 1127 1890 1683
f 854 2192 871
f 133 1167 521
f 829 2059 2097
f 717 129 86
f 1219 368 787
f 1326 199 645
f 278 593 1090
f 2073 1042 16
f 2222 1711 172
f 673 1160 358
f 224 721 164
f 1416 2195 2151
f 1829 281 893
f 836 1448 800
f 2103 226 1396
f 597 1556 1448
f 758 180 1952
f 656 2078 2148
f 1457 1905 917
f 580 1031 314
f 2014 124 1317
f 2208 399 1400
f 357 1968 1041
f 449 1054 1050
f 362 728 724
f 1794 76 728
f 67 2120 2036
f 422 729 420
f 831 1461 1768
f 2128 82 1095
f 674 2082 1638
f 731 408 550
f 212 1524 504
f 37 1008 137
f 888 571 1873
f 506 2124 727
f 1254 564 781
f 94 2166 297
f 285 1255 1301
f 1198 81 88
f 702 2210 560
f 574 2152 1886
f 394 737 628
f 2042 415 188
f 1192 274 780
f 1077 370 1128
f 874 1676 920
f 831 820 1359
f 562 2026 757
f 1292 374 772
f 300 725 1069
f 1451 2214 2119
f 58 1057 1116
f 477 839 1026
f 1224 218 1011
f 743 163 387
f 764 217 273
f 1442 315 2165
f 110 1113 1006
f 1801 1178 1500
f 849 2147 1966
f 2015 306 1079
f 611 2099 1636
f 1830 522 559
f 336 2077 1109
f 196 39 1621
f 1003 2050 2117
f 537 896 392
f 1380 1399 1540
f 574 1303 1624
f 1359 548 1175
f 840 2073 2109
f 146 752 3
f 752 149 3
f 1241 1658 566
f 503 1867 1335
f 1576 476 1526
f 1050 56 916
f 1987 481 28
f 748 2148 2078
f 1138 2162 333
f 972 1289 1651
f 324 1083 333
f 1411 410 624
f 726 1578 1319
f 13 999 894
f 312 2082 1323
f 1385 119 1025
f 704 2011 1955
f 271 1776 1030
f 325 761 213
f 262 1872 1942
f 1594 486 1156
f 27 1594 1156
f 576 1595 1135
f 264 2125 105
f 551 2088 662
f 266 1774 871
f 2083 1387 282
f 528 1598 45
f 677 1178 1111
f 1938 688 1295
f 296 996 977
f 1909 620 199
f 998 758 1952
f 1766 266 1324
f 1019 1517 1518
f 1483 1862 1827
f 730 1769 1951
f 1396 226 1303
f 820 1768 2046
f 2112 420 2111
f 125 772 763
f 690 1208 1356
f 1233 363 984
f 364 1994 117
f 772 1274 1292
f 1087 322 1754
f 838 2219 1197
f 447 1651 1289
f 1282 1724 735
f 666 1249 358
f 1688 1901 2229
f 777 350 106
f 1029 1740 1285
f 778 426 92
f 1725 209 72
f 987 1510 20
f 1350 1754 322
f 780 274 577
f 832 1147 1062
f 841 2136 1621
f 811 992 408
f 960 1193 1941
f 407 1088 2089
f 483 1587 925
f 722 929 1993
f 979 715 719
f 1449 835 2173
f 1112 1982 1753
f 287 1339 1325
f 429 1350 1620
f 681 783 1218
f 1425 82 815
f 1376 414 788
f 342 1657 1167
f 311 615 788
f 900 2164 776
f 1332 36 1046
f 359 791 533
f 260 1148 187
f 263 792 790
f 372 189 792
f 1593 1390 830
f 698 1118 253
f 338 1269 2004
f 520 862 2183
f 1026 1833 469
f 1334 1480 1537
f 558 1793 1358
f 877 814 1306
f 582 1825 1926
f 1453 306 941
f 352 798 573
f 906 1882 1228
f 435 1217 490
f 1035 1102 1403
f 1523 1819 2190
f 69 1523 227
f 1769 730 666
f 883 923 1578
f 1997 2169 1236
f 372 1945 97
f 236 803 75
f 828 1423 583
f 277 2001 1251
f 2184 717 86
f 683 1182 2172
f 805 425 491
f 195 1153 937
f 1455 1560 6
f 1626 497 1029
f 807 1271 378
f 44 808 150
f 808 1914 1748
f 235 1915 836
f 1343 620 607
f 116 1841 2010
f 1282 1053 1887
f 387 811 743
f 811 408 743
f 1176 2204 1669
f 1966 51 911
f 995 1256 1691
f 289 920 1676
f 478 923 883
f 877 68 532
f 1215 1485 1546
f 748 1992 1364
f 2211 893 281
f 703 816 2221
f 1093 1911 612
f 51 968 911
f 436 1519 1515
f 465 1520 818
f 1379 931 1863
f 714 2065 1460
f 663 2045 759
f 151 852 597
f 937 1155 1444
f 1693 29 886
f 822 1290 1651
f 1650 99 592
f 554 1522 184
f 207 1871 921
f 2197 508 1667
f 781 1745 2215
f 52 1233 984
f 1949 386 1930
f 485 1645 78
f 1880 313 1159
f 649 2066 575
f 867 1723 692
f 586 1703 876
f 1803 466 804
f 60 2192 858
f 374 1340 772
f 1366 1389 374
f 148 1671 857
f 639 1023 820
f 259 1698 280
f 488 1602 379
f 580 385 2022
f 773 1758 935
f 932 859 1995
f 536 1820 1344
f 768 1852 1625
f 1349 1533 395
f 960 2096 738
f 47 1447 1246
f 131 725 1085
f 912 1659 1307
f 611 1431 1199
f 465 1516 1184
f 388 1108 635
f 1264 2148 748
f 658 1109 2077
f 828 1817 1619
f 498 958 382
f 139 841 39
f 821 2135 1472
f 766 1179 629
f 1478 2217 1828
f 546 1498 1151
f 578 2165 2097
f 1179 766 2018
f 2079 1182 655
f 270 1717 870
f 1453 905 1002
f 486 1592 1444
f 847 804 466
f 733 1191 1849
f 740 1953 919
f 849 493 259
f 602 1911 330
f 1837 1416 600
f 904 1296 1544
f 223 1920 1291
f 1100 1216 1446
f 1430 127 2095
f 1014 1156 1446
f 453 1372 1463
f 961 1077 1128
f 2177 571 1874
f 134 855 509
f 451 1357 1485
f 267 856 699
f 881 1103 1438
f 314 857 713
f 2048 100 1154
f 1547 2193 472
f 2193 1547 524
f 1629 78 1452
f 1422 1182 683
f 88 1092 2221
f 68 1362 1575
f 851 1512 1390
f 28 1446 1216
f 431 351 1445
f 616 1323 1033
f 178 863 653
f 706 2232 1925
f 112 2234 1026
f 1549 758 334
f 217 1368 736
f 865 73 209
f 1023 1359 820
f 866 366 172
f 814 1727 981
f 1384 1807 934
f 220 541 2038
f 549 984 363
f 944 922 8
f 1420 49 1041
f 922 944 2118
f 870 1716 38
f 679 2121 2191
f 241 1193 1774
f 334 1739 1549
f 186 1850 1695
f 208 873 1796
f 2056 64 1117
f 870 1717 1716
f 719 1080 1675
f 1581 1960 93
f 819 2065 619
f 746 2014 2030
f 339 1703 1131
f 88 1305 1198
f 877 90 814
f 1857 465 1184
f 107 1854 1000
f 693 1105 909
f 879 273 217
f 292 1724 1282
f 1151 1841 546
f 1406 1502 1507
f 1151 2010 1841
f 67 1319 1278
f 664 2144 1195
f 1439 1701 473
f 1036 2038 541
f 235 1085 300
f 884 275 871
f 156 1065 1605
f 414 1649 788
f 1768 4 2046
f 457 1433 499
f 660 1467 1515
f 65 2053 1808
f 2052 64 1027
f 1322 1845 1785
f 498 345 1491
f 877 2061 1804
f 890 245 845
f 1746 581 1084
f 1253 513 543
f 380 1554 1840
f 892 724 779
f 249 1601 1828
f 1158 2149 300
f 13 894 709
f 1778 7 12
f 1649 311 788
f 337 895 964
f 1459 2160 1267
f 896 537 869
f 749 897 860
f 1013 11 389
f 282 898 34
f 1310 1365 561
f 879 955 1106
f 899 463 782
f 1376 788 1693
f 591 1210 730
f 856 1427 903
f 901 457 499
f 1343 2034 1452
f 902 430 499
f 430 1427 499
f 903 143 856
f 902 1490 1543
f 705 1937 1312
f 83 905 19
f 768 1625 750
f 973 1290 1921
f 915 281 2062
f 400 1863 931
f 935 1758 1983
f 621 2163 1400
f 1806 287 1168
f 39 1878 139
f 1622 416 511
f 1947 1236 2169
f 910 187 493
f 1094 330 1911
f 911 802 849
f 826 351 1709
f 686 1780 1532
f 659 2116 1542
f 531 913 552
f 245 1101 845
f 1739 334 1140
f 869 931 896
f 915 72 136
f 1275 644 552
f 1907 1299 1506
f 796 917 884
f 917 275 884
f 435 973 1217
f 627 1496 384
f 173 1941 1193
f 830 1390 1406
f 289 1676 1412
f 920 161 874
f 338 2084 1891
f 671 349 1270
f 8 922 252
f 922 765 252
f 1274 1827 1292
f 1278 1319 1578
f 117 1262 994
f 70 2156 1010
f 897 749 939
f 1720 531 534
f 232 1183 1563
f 2217 1432 249
f 2041 474 2080
f 269 1720 1586
f 251 2090 2215
f 1896 136 89
f 916 1722 1050
f 1722 449 1050
f 1829 2020 250
f 930 627 123
f 400 931 869
f 2160 921 1267
f 1995 431 1445
f 509 1139 1817
f 335 1145 1786
f 1518 1883 224
f 762 1823 2113
f 934 795 835
f 222 1534 1757
f 218 1149 519
f 823 1942 2176
f 936 1825 582
f 771 1975 1853
f 608 297 2166
f 1808 1569 867
f 1936 195 937
f 584 1743 1511
f 939 291 927
f 513 1644 1681
f 940 158 925
f 400 1425 1863
f 749 2200 2012
f 144 1328 66
f 1119 643 1963
f 1643 902 222
f 880 270 870
f 461 944 418
f 1695 2225 636
f 860 2200 749
f 1293 1553 373
f 1496 539 288
f 539 1496 930
f 1627 2142 1794
f 642 2203 2113
f 347 1186 1015
f 948 367 760
f 258 949 799
f 269 864 1577
f 1228 1728 122
f 590 950 357
f 1791 23 1175
f 1172 344 1212
f 795 1149 2127
f 210 1858 780
f 2024 83 1949
f 953 409 604
f 126 2107 1607
f 864 405 1577
f 485 1629 188
f 1488 461 418
f 68 956 532
f 956 304 532
f 785 1585 1943
f 699 310 1486
f 2080 348 2041
f 448 1490 561
f 349 882 2108
f 2131 1713 918
f 1010 1923 1408
f 1193 572 173
f 210 961 732
f 723 504 1524
f 433 962 468
f 382 1527 1475
f 434 963 469
f 468 1025 1527
f 875 1629 2034
f 833 1799 1195
f 965 370 680
f 965 440 441
f 988 1285 1850
f 499 1427 901
f 419 1839 1541
f 2226 956 1575
f 751 968 797
f 1929 584 1511
f 821 1472 827
f 2111 1028 143
f 1 1679 149
f 281 816 2211
f 1925 2 1044
f 938 1686 1225
f 885 1650 2146
f 475 1572 1288
f 1479 851 265
f 1289 56 690
f 70 974 636
f 974 283 636
f 676 1059 1374
f 975 30 142
f 85 976 791
f 509 1817 1927
f 816 1896 89
f 1065 82 969
f 1336 1536 1917
f 185 1640 1146
f 310 1056 1027
f 625 2017 1771
f 326 647 980
f 980 784 326
f 942 2021 611
f 1148 2188 259
f 1055 256 1894
f 185 1418 1900
f 646 1913 1410
f 1174 1785 1699
f 363 1232 549
f 984 549 710
f 1864 619 2065
f 854 871 1774
f 2087 986 299
f 1269 2023 933
f 177 987 20
f 1959 1248 1383
f 2 1557 1044
f 522 1830 1531
f 2043 261 952
f 1677 511 1985
f 2001 768 1251
f 939 1998 291
f 991 301 863
f 991 22 154
f 669 147 1173
f 679 2123 622
f 169 1285 988
f 336 1700 1150
f 117 994 364
f 86 2223 1404
f 1473 2093 626
f 933 793 1269
f 1351 384 1915
f 996 115 977
f 1135 65 692
f 457 901 1429
f 491 425 1564
f 998 334 758
f 1951 591 730
f 107 1000 998
f 771 1853 1086
f 571 2177 2178
f 53 1617 1696
f 1803 1331 651
f 1405 1803 651
f 455 2117 2050
f 815 1863 1425
f 654 1801 1113
f 1004 328 682
f 1047 1034 269
f 890 1812 2092
f 2170 1478 774
f 1180 1573 1370
f 1357 342 1167
f 1630 222 902
f 391 1899 1409
f 1256 1898 1418
f 456 1430 1294
f 1117 1963 643
f 889 377 1765
f 1919 1245 1770
f 995 1176 1353
f 1011 519 398
f 118 1012 613
f 414 1652 1649
f 11 1013 897
f 1013 308 860
f 947 1545 1118
f 497 1591 872
f 347 948 1186
f 1311 87 255
f 1646 406 1394
f 1484 1573 1371
f 610 1742 1705
f 1017 775 1012
f 436 1517 1019
f 416 2098 717
f 436 1515 1467
f 224 1516 1019
f 368 1381 1238
f 845 1404 2223
f 1047 868 710
f 1045 350 777
f 131 1022 57
f 1022 678 57
f 548 1791 1175
f 506 727 1588
f 1012 1742 1017
f 560 708 1831
f 975 142 1169
f 1025 468 476
f 48 1800 913
f 1026 469 477
f 1440 2055 1728
f 1618 227 1523
f 310 1028 420
f 1028 310 699
f 431 1995 859
f 1039 1549 1739
f 271 1030 181
f 1186 1311 1015
f 1031 148 857
f 1213 1663 1918
f 1242 424 1048
f 1373 337 964
f 142 1875 34
f 2081 1503 73
f 312 1323 1363
f 868 1047 269
f 1781 1 1505
f 258 1101 914
f 1349 1784 1533
f 373 1036 541
f 889 794 1037
f 1037 377 889
f 327 1038 704
f 360 1440 1228
f 487 1580 1599
f 2050 941 455
f 1731 49 1035
f 2220 392 896
f 301 1967 862
f 1041 175 55
f 16 1042 584
f 2207 837 1478
f 154 1043 991
f 1599 1580 1916
f 367 1805 1777
f 1044 771 970
f 710 2071 1047
f 1102 1955 2011
f 503 1990 1867
f 29 1693 788
f 2216 1078 1394
f 951 2087 299
f 186 1048 988
f 1316 1548 1558
f 776 1211 900
f 438 1112 194
f 639 1207 1023
f 115 1053 114
f 1592 26 1444
f 587 1844 1133
f 963 1463 1372
f 1617 53 1108
f 1896 1999 136
f 1310 1643 222
f 1215 1340 1356
f 2114 1360 305
f 831 1931 1461
f 1055 516 978
f 1633 2141 631
f 1056 310 420
f 715 1057 200
f 1057 58 200
f 629 1714 1078
f 383 1058 993
f 346 1573 1484
f 1059 676 953
f 826 1885 1664
f 871 2192 884
f 233 1061 1005
f 1317 2030 2014
f 1437 1868 85
f 1042 2073 840
f 482 1098 1583
f 1098 183 1081
f 1145 929 1337
f 2175 236 1824
f 82 1065 815
f 1065 156 815
f 114 1066 977
f 1483 2215 2090
f 1223 1567 1746
f 997 2095 127
f 1068 121 387
f 73 865 1616
f 167 2163 228
f 228 1069 1157
f 664 1070 322
f 160 1070 628
f 628 1071 407
f 1071 628 1070
f 108 1072 325
f 229 211 1161
f 317 1073 262
f 262 1073 1074
f 240 1074 204
f 496 1320 426
f 779 2072 2062
f 1075 804 754
f 279 1076 330
f 592 602 1076
f 1085 725 300
f 1777 1805 1892
f 1338 766 629
f 1395 2027 1647
f 1539 1032 539
f 277 2012 2200
f 661 1080 361
f 1080 719 361
f 268 812 1097
f 652 1582 878
f 1341 2097 2059
f 1082 721 224
f 1281 1554 380
f 113 2221 816
f 794 2023 1269
f 1084 581 970
f 131 1085 80
f 391 2193 524
f 771 1086 970
f 12 1852 1778
f 290 937 1153
f 598 1350 429
f 197 1088 1071
f 1088 407 1071
f 1393 1089 2028
f 1392 1090 2028
f 2224 1501 237
f 1392 632 1090
f 72 1946 200
f 715 1091 719
f 537 392 1092
f 1092 324 537
f 247 1093 848
f 1093 612 100
f 247 1094 1093
f 1953 21 919
f 1248 2129 196
f 1137 1620 160
f 326 1096 365
f 592 2146 1650
f 131 1401 1022
f 1069 228 2163
f 1848 44 1241
f 319 1583 1081
f 498 1099 345
f 1099 657 345
f 709 1224 1011
f 1550 258 914
f 799 1101 258
f 1101 799 845
f 49 1102 1035
f 2102 64 2056
f 473 1103 881
f 810 1438 1103
f 169 1104 1029
f 722 2155 1337
f 61 858 2096
f 220 2071 549
f 9 1971 1106
f 96 985 1970
f 782 1107 899
f 1107 668 899
f 251 1996 1284
f 1616 724 728
f 655 1109 658
f 1453 2075 306
f 437 1110 993
f 1286 383 993
f 383 1428 2019
f 1111 437 677
f 1884 1149 218
f 339 1131 2100
f 654 1113 747
f 813 1477 1495
f 650 2067 1511
f 1114 745 179
f 1239 369 853
f 674 1638 1730
f 58 1116 341
f 341 1116 741
f 399 2208 1293
f 1029 1104 1626
f 1459 2100 2085
f 1118 698 947
f 1542 2084 659
f 331 1267 807
f 1661 2168 796
f 1120 653 796
f 2173 1559 404
f 1121 659 642
f 1802 1247 2078
f 697 377 2153
f 280 1383 989
f 1123 638 1020
f 1593 1464 265
f 1124 385 580
f 440 1125 441
f 1324 1905 740
f 965 680 1127
f 1236 1810 253
f 40 1127 680
f 1127 440 965
f 1363 1036 373
f 1128 433 961
f 928 951 1590
f 1129 642 659
f 1865 2196 2150
f 1130 694 850
f 1965 331 1132
f 1060 1104 1548
f 559 1729 1710
f 1132 331 807
f 46 2059 1484
f 1861 1795 1785
f 1765 2023 889
f 1337 109 1145
f 354 1880 502
f 1135 332 576
f 706 1367 894
f 1137 160 1095
f 1137 333 429
f 82 1138 1095
f 1095 1138 1137
f 386 1816 1613
f 1167 1485 1357
f 155 1140 1009
f 998 1000 1565
f 697 1141 637
f 1141 237 637
f 225 1142 1125
f 1142 441 1125
f 625 1771 1143
f 446 1770 1245
f 129 2223 86
f 1637 153 226
f 1177 683 2172
f 1145 335 929
f 156 1146 1134
f 391 524 1899
f 1877 1008 37
f 1033 1876 616
f 187 1148 493
f 2208 175 1553
f 1272 120 305
f 344 2164 1169
f 182 1150 1700
f 233 2079 1111
f 684 2174 1369
f 546 2009 1150
f 1152 116 1110
f 100 2048 1093
f 26 1936 937
f 705 1312 982
f 1234 1753 445
f 1154 100 1087
f 442 1155 1100
f 1225 444 1100
f 27 1156 1014
f 442 1446 1156
f 131 1157 725
f 1157 131 57
f 300 1351 235
f 1158 300 1069
f 315 1442 1884
f 1826 219 1040
f 507 1160 547
f 1160 673 547
f 229 1161 38
f 675 1161 639
f 317 1162 1072
f 1162 325 1072
f 581 1163 894
f 1163 709 894
f 294 1164 155
f 171 256 1055
f 156 1165 1146
f 1691 516 995
f 349 1166 882
f 1166 349 671
f 374 1356 1340
f 296 1521 2230
f 342 2124 1657
f 1288 287 475
f 34 1169 142
f 1308 1374 1059
f 343 1170 1004
f 1257 328 1004
f 1171 1318 2139
f 1170 2138 1413
f 1735 1164 294
f 118 1172 1049
f 57 1173 228
f 1569 2053 641
f 1104 169 1548
f 1174 408 992
f 193 1175 23
f 391 1409 1790
f 600 1416 1265
f 1115 625 1782
f 242 1177 1005
f 2007 1979 812
f 1061 233 1178
f 1178 654 1061
f 625 1115 2017
f 2018 84 1179
f 2173 2114 1449
f 1288 1572 521
f 53 1181 415
f 1695 443 186
f 2015 455 941
f 133 521 1572
f 918 1897 1298
f 1149 1807 1378
f 1952 107 998
f 1184 161 926
f 401 1185 528
f 515 2229 2228
f 87 1186 760
f 760 1186 948
f 452 1187 1015
f 618 1469 172
f 1979 1252 683
f 580 314 1772
f 564 2219 838
f 1189 243 1067
f 358 1249 1603
f 1674 510 2037
f 1082 224 1883
f 2127 1442 835
f 274 1192 952
f 1192 568 952
f 572 1193 241
f 738 1774 1193
f 211 1194 951
f 1194 662 951
f 467 1798 1524
f 833 2144 1087
f 68 1575 956
f 1345 2134 254
f 548 2218 1791
f 1197 125 763
f 1948 186 949
f 1761 1187 1904
f 474 1199 1009
f 358 1635 1756
f 2106 667 697
f 1500 1058 2019
f 376 1201 601
f 2206 773 1234
f 2031 191 309
f 1202 355 515
f 1230 362 2054
f 1196 2161 353
f 7 1204 12
f 970 1925 1044
f 362 724 2054
f 1845 1322 2035
f 1904 1122 242
f 1206 237 1141
f 211 1207 1161
f 1207 639 1161
f 56 1208 690
f 1356 451 1215
f 838 1685 1956
f 1623 460 1484
f 286 1210 909
f 1878 952 139
f 35 2181 1958
f 81 1973 130
f 1360 404 589
f 1119 2160 1459
f 346 1484 460
f 1213 528 45
f 487 1214 926
f 713 381 2095
f 398 316 1355
f 65 1135 1595
f 1910 881 143
f 290 1225 1155
f 151 1217 852
f 852 1217 973
f 66 1226 731
f 1218 296 977
f 525 1508 1702
f 2123 679 298
f 1188 2227 1264
f 1220 359 783
f 1150 1939 1783
f 1221 583 586
f 75 1222 685
f 413 1793 558
f 482 2109 1584
f 303 574 1223
f 641 495 321
f 1224 709 315
f 1346 2161 41
f 1225 290 938
f 2083 1773 1062
f 2169 793 1607
f 2032 1686 938
f 1227 352 573
f 1131 2085 2100
f 1228 122 906
f 239 1229 1001
f 1522 1707 1942
f 362 1230 527
f 1218 783 533
f 406 1646 2027
f 1231 28 1216
f 123 1232 930
f 363 1539 1232
f 363 1233 1032
f 1940 586 876
f 1464 1593 830
f 2201 626 2018
f 594 1164 1735
f 2034 1343 607
f 562 1342 834
f 1284 1751 607
f 359 1237 791
f 1382 403 1244
f 124 1238 1220
f 1219 1237 1381
f 643 2056 1117
f 1742 2140 1017
f 137 1402 37
f 1240 369 1115
f 1153 1312 1937
f 839 2008 1026
f 45 1710 1374
f 1242 587 1133
f 123 1243 1232
f 1243 549 1232
f 638 1244 1020
f 791 1237 1382
f 446 1811 1126
f 1245 225 1125
f 150 1246 1241
f 733 566 1658
f 749 2012 1003
f 1247 446 1126
f 1203 515 355
f 770 1248 1568
f 694 2198 2194
f 1249 666 730
f 475 2136 1572
f 1469 866 172
f 1998 1003 291
f 1251 244 277
f 1422 227 201
f 1252 69 227
f 793 933 1607
f 1051 74 1932
f 1662 1791 2218
f 1159 704 1826
f 660 1301 971
f 1255 419 971
f 557 1256 995
f 1146 1165 1691
f 328 1257 518
f 1257 25 518
f 2154 1530 1401
f 1258 619 395
f 2122 661 361
f 1513 1318 526
f 17 1260 1042
f 1260 584 1042
f 558 1261 494
f 908 1760 776
f 378 1262 807
f 117 1132 1262
f 721 1263 164
f 1263 161 164
f 786 2147 59
f 1264 748 1188
f 600 1265 1081
f 1265 319 1081
f 111 1266 514
f 1266 111 947
f 321 1267 921
f 1636 2099 1733
f 2125 309 2205
f 1268 356 463
f 1075 1803 804
f 1018 148 2022
f 463 1270 1268
f 671 1270 954
f 1271 807 1267
f 1271 514 1266
f 1725 2062 2072
f 1272 570 397
f 106 1902 777
f 1273 808 284
f 2110 158 940
f 775 1652 1012
f 208 1275 48
f 885 1799 1462
f 526 2026 1834
f 1276 654 747
f 33 1277 282
f 906 1701 285
f 616 1577 405
f 833 1195 2144
f 967 1467 1279
f 1279 381 967
f 459 1292 1827
f 38 1797 229
f 127 1579 997
f 1281 380 923
f 1673 2037 394
f 1282 646 1053
f 354 1283 313
f 1159 411 1880
f 251 1284 887
f 1284 607 887
f 567 1740 872
f 1285 169 1029
f 2053 272 495
f 1286 116 966
f 396 1454 1052
f 1559 2173 835
f 375 1168 1288
f 1288 521 375
f 56 1289 972
f 435 1651 1290
f 435 1290 973
f 1479 1921 505
f 447 1291 822
f 1481 1920 223
f 1274 1254 1827
f 1292 459 565
f 637 1765 377
f 1259 376 601
f 474 2041 2094
f 1066 1892 1805
f 456 1294 561
f 71 1296 1279
f 381 1426 1294
f 162 1297 427
f 1371 46 1484
f 1897 1217 151
f 484 1246 1447
f 1412 572 1766
f 1407 1412 1766
f 731 1689 408
f 705 2229 1901
f 285 1301 1227
f 1301 660 1227
f 2025 113 271
f 1122 1904 450
f 1127 1683 440
f 1303 462 221
f 95 1304 340
f 261 1978 1988
f 735 1305 1302
f 1009 1140 1565
f 385 1306 814
f 1306 385 1124
f 1085 235 2212
f 1680 333 1083
f 1 1308 1059
f 1308 1 1213
f 288 1309 916
f 767 2230 1521
f 1397 2070 651
f 1043 1510 2126
f 87 1311 1186
f 1030 1976 1895
f 1312 25 982
f 1937 290 1153
f 145 1313 78
f 635 1685 1346
f 64 1423 1619
f 1314 206 318
f 665 1315 302
f 1315 665 553
f 472 1316 1287
f 2226 882 304
f 681 1317 783
f 783 1317 1220
f 2139 43 1687
f 1318 610 526
f 726 1319 882
f 380 1578 923
f 2069 632 1320
f 328 2068 682
f 103 2002 240
f 1321 262 1074
f 1844 1932 74
f 862 520 740
f 373 1731 1363
f 1323 405 1036
f 862 1905 1457
f 2227 110 1264
f 287 1325 475
f 196 1325 59
f 817 1788 510
f 55 2208 1400
f 969 1605 1065
f 1606 238 885
f 717 2098 1634
f 1736 79 1235
f 805 1329 425
f 1329 657 425
f 104 1497 1902
f 369 1330 853
f 1331 245 890
f 1835 1280 876
f 36 1332 886
f 1332 517 886
f 2000 127 1430
f 1333 790 189
f 606 1536 1537
f 822 1291 1920
f 242 1761 1904
f 1336 1866 390
f 640 2134 1345
f 1535 1417 412
f 109 1337 893
f 891 1056 420
f 766 1338 1064
f 1338 406 1064
f 1596 797 51
f 456 561 1365
f 421 1340 1215
f 1340 421 763
f 2058 11 1721
f 1341 46 563
f 994 1262 1342
f 1342 562 994
f 1343 1933 620
f 1933 1611 645
f 1930 386 1613
f 595 1328 1736
f 180 1345 254
f 1345 180 758
f 635 1346 388
f 92 1320 1684
f 2210 1368 366
f 1347 593 1304
f 38 1348 870
f 1442 2127 1884
f 236 2175 803
f 395 619 1864
f 1070 160 1620
f 1350 598 93
f 384 1351 627
f 1351 2149 627
f 1339 1596 786
f 1352 115 996
f 2157 525 1280
f 1353 557 995
f 412 1353 1176
f 398 1354 1011
f 451 1356 1208
f 1356 374 690
f 1054 1468 1357
f 1357 451 1054
f 2155 893 1337
f 1358 32 1007
f 1174 992 1785
f 1861 1785 992
f 1449 305 120
f 1360 166 305
f 898 1508 1169
f 1361 168 1212
f 830 1052 1454
f 295 1959 2043
f 997 713 2095
f 713 997 314
f 124 1364 1189
f 1992 243 1189
f 1038 1826 704
f 1365 1757 837
f 565 1366 1292
f 1366 374 1292
f 824 1667 1924
f 975 1169 2164
f 489 1641 978
f 1397 1804 2070
f 1181 1491 345
f 1262 1821 1342
f 453 1371 1573
f 1370 476 1180
f 453 1573 1180
f 1371 453 964
f 434 1373 1463
f 1372 225 963
f 2009 336 1150
f 1373 434 966
f 45 1374 1308
f 950 590 1728
f 1958 2181 2182
f 2164 344 908
f 414 2231 613
f 1376 517 1211
f 103 254 2134
f 1471 1272 397
f 650 1807 1384
f 316 519 1378
f 109 1379 1145
f 1379 109 931
f 40 1380 787
f 787 1380 1219
f 359 1381 1237
f 1381 368 1219
f 403 1382 1237
f 1382 85 791
f 205 1383 1123
f 638 1123 2044
f 120 1384 934
f 1384 120 1272
f 119 1385 1183
f 306 2015 941
f 191 1386 759
f 126 1765 1200
f 33 1387 1221
f 1387 488 379
f 1534 470 1441
f 1414 649 575
f 447 1389 1366
f 1389 447 1289
f 1464 852 265
f 1589 237 1206
f 216 756 2189
f 1391 182 544
f 805 78 1645
f 2026 526 1704
f 247 1393 1094
f 1393 247 1089
f 92 1394 1078
f 446 1245 1811
f 406 1395 1064
f 162 1473 1395
f 1131 2102 2056
f 1396 221 1144
f 757 364 994
f 605 3 604
f 1423 64 1398
f 1398 586 583
f 680 1399 40
f 1399 680 577
f 945 1293 1813
f 1400 755 621
f 579 1401 1097
f 1097 1401 80
f 1402 625 1143
f 1402 137 18
f 2081 128 729
f 1403 312 1035
f 86 1404 293
f 799 283 974
f 914 754 1932
f 1405 467 1388
f 2167 201 734
f 1406 734 830
f 289 1407 919
f 1407 740 919
f 1677 1985 874
f 1846 2225 588
f 248 1418 1898
f 391 1790 1060
f 646 1410 760
f 1410 87 760
f 712 1910 143
f 289 1412 1407
f 2060 503 1658
f 181 1566 2025
f 1413 25 1170
f 985 1842 329
f 1414 366 764
f 467 1415 1388
f 1006 1113 1801
f 2194 1664 508
f 2150 1081 183
f 412 1417 1353
f 557 1353 1822
f 1096 2146 500
f 2055 1038 950
f 1023 1207 1792
f 1419 42 135
f 959 1954 1333
f 1420 327 704
f 33 1940 876
f 1421 449 1032
f 683 1252 1422
f 2079 655 658
f 1326 645 1667
f 508 1326 1667
f 765 1424 252
f 1424 765 1314
f 11 897 1744
f 125 1274 772
f 1426 381 1279
f 1426 448 561
f 267 1427 856
f 430 903 1427
f 641 2053 495
f 1428 434 469
f 457 1429 1258
f 1258 1429 619
f 915 136 1999
f 1817 828 1927
f 846 1732 1532
f 1431 155 1009
f 766 2201 2018
f 1441 1757 1534
f 1258 1972 457
f 1433 457 603
f 1434 2090 251
f 1434 431 859
f 70 1010 1435
f 1435 511 416
f 350 1697 2031
f 846 1436 270
f 1924 673 1603
f 1437 809 523
f 881 1438 143
f 729 2133 2081
f 285 1439 1255
f 505 1921 1290
f 1727 464 981
f 1361 2157 1994
f 649 1414 1842
f 432 1983 1758
f 1191 183 1849
f 422 2112 810
f 102 1443 959
f 1443 840 959
f 486 1444 442
f 937 1444 26
f 826 1789 1885
f 2213 81 130
f 1100 1446 442
f 1014 1446 28
f 1447 861 484
f 26 2186 1936
f 151 1448 1298
f 1298 1915 384
f 248 2113 1823
f 120 934 1449
f 1757 1365 1310
f 1839 903 1541
f 634 2035 1322
f 1965 339 2100
f 1343 1452 596
f 83 2024 905
f 370 2074 780
f 905 1453 750
f 597 1454 396
f 1454 597 852
f 205 2043 1959
f 1455 1315 553
f 1538 471 606
f 859 932 540
f 862 1457 301
f 301 1457 863
f 1144 2103 1396
f 1141 1458 1206
f 331 1459 1267
f 2086 684 1037
f 832 1460 2065
f 1874 184 1522
f 5 1461 193
f 968 1930 911
f 99 1462 612
f 1759 100 612
f 1463 964 453
f 1463 963 434
f 852 1464 1454
f 1464 830 1454
f 2151 792 263
f 738 858 854
f 1762 1138 82
f 280 1698 2044
f 1467 967 436
f 1467 660 71
f 1468 1054 449
f 1468 727 342
f 708 529 1712
f 529 1469 1655
f 739 1470 1408
f 1263 1622 1677
f 1272 1471 1384
f 1471 650 1384
f 421 1472 1377
f 2137 841 139
f 427 1473 162
f 1064 1473 626
f 2121 73 1503
f 1474 1103 473
f 1475 1025 119
f 1475 498 382
f 667 2104 1458
f 1476 1201 668
f 1187 1477 1015
f 1477 347 1015
f 2206 249 1432
f 613 2231 1760
f 1480 132 851
f 1479 505 458
f 132 1480 1334
f 390 1537 1536
f 458 1481 606
f 1123 1020 1978
f 223 1482 1456
f 459 1482 565
f 1280 1277 876
f 121 1861 1690
f 1783 47 1653
f 1642 692 335
f 133 1485 1167
f 1546 133 827
f 910 1613 1816
f 1052 1618 1523
f 308 1487 957
f 1944 990 277
f 461 1488 990
f 1889 1191 503
f 1814 366 1414
f 1489 529 555
f 1254 781 1827
f 904 1541 1543
f 567 1850 1285
f 1855 652 878
f 1417 1822 1353
f 1492 684 1369
f 899 1493 463
f 1501 1200 237
f 806 1551 1253
f 1494 53 415
f 747 1495 1187
f 813 1495 110
f 1138 1762 2162
f 1496 627 930
f 777 1497 1045
f 1497 1021 1045
f 284 1498 1273
f 1498 546 1273
f 371 1499 1250
f 170 1764 179
f 677 1500 1178
f 1500 677 1058
f 2107 668 1201
f 1501 899 668
f 454 1502 1406
f 1502 454 1391
f 2132 713 1671
f 384 2131 1298
f 582 1504 1062
f 1504 832 1062
f 752 1505 149
f 1505 752 542
f 22 1506 141
f 1506 320 141
f 1124 1772 478
f 2160 1119 207
f 525 1702 1277
f 344 1508 1212
f 343 1509 1017
f 1509 343 1004
f 689 2190 1819
f 1899 524 1639
f 379 1928 1387
f 1750 575 2066
f 1512 851 132
f 1512 861 454
f 1318 1513 43
f 1833 1428 469
f 1171 2138 2140
f 1514 90 129
f 352 1515 818
f 1019 1516 1519
f 1634 129 717
f 1516 224 164
f 1322 1785 1795
f 1517 436 967
f 1019 1518 224
f 1018 1518 148
f 818 1519 465
f 1019 1519 436
f 1448 836 1915
f 1520 465 1214
f 296 2230 996
f 1521 536 767
f 739 1941 1470
f 878 1582 1706
f 556 1818 1344
f 1523 396 1052
f 467 1524 667
f 205 1959 1383
f 433 1525 961
f 1525 732 961
f 225 1526 962
f 1526 468 962
f 468 1527 433
f 382 1525 1527
f 225 1528 963
f 1528 469 963
f 413 1529 1419
f 2005 42 1419
f 275 917 1905
f 1530 1022 1401
f 1696 652 1491
f 1531 491 522
f 846 1780 1916
f 1532 360 686
f 603 1533 470
f 907 1784 35
f 470 1534 603
f 603 457 1972
f 2014 746 1188
f 1535 847 466
f 826 2003 1445
f 1536 606 471
f 1537 390 1334
f 1537 458 606
f 471 1538 932
f 769 1978 1020
f 1032 1539 363
f 1893 616 48
f 403 1540 1244
f 1540 403 1380
f 1543 430 902
f 1541 903 430
f 916 1608 288
f 567 1851 588
f 430 1543 1541
f 1543 448 904
f 419 1544 971
f 1544 419 904
f 1545 947 111
f 1545 1129 338
f 133 1546 1485
f 1546 421 1215
f 231 1547 202
f 1547 231 524
f 390 1866 1867
f 1548 472 1060
f 1330 369 1903
f 1549 1039 640
f 2038 1034 220
f 1584 2109 2073
f 93 1551 1154
f 1551 806 1154
f 1552 234 1494
f 1552 875 607
f 373 1813 1293
f 1553 175 49
f 838 1628 1685
f 554 1926 1825
f 346 1563 1183
f 1555 226 153
f 1306 1124 1362
f 794 1891 1542
f 1556 2190 800
f 169 1558 1548
f 1558 424 1316
f 563 1559 1341
f 1755 835 1442
f 695 1585 1046
f 1585 695 213
f 415 1181 1561
f 1561 345 657
f 1562 425 657
f 1562 119 232
f 1563 346 460
f 1563 153 232
f 232 1564 1562
f 1615 393 1114
f 474 1565 1000
f 1565 334 998
f 88 1566 1305
f 1566 1302 1305
f 581 1567 1163
f 1567 670 1163
f 59 1568 196
f 891 729 76
f 1369 1822 1492
f 762 2113 2203
f 1570 1158 621
f 1570 123 627
f 302 1571 665
f 1571 302 389
f 133 1572 827
f 335 692 1723
f 1483 781 2215
f 1653 1273 1783
f 1568 59 2147
f 1574 1006 112
f 84 1737 1818
f 1818 1737 1344
f 476 1576 1180
f 63 1991 1415
f 587 1932 1844
f 2086 1542 2116
f 1578 380 1278
f 1578 726 883
f 478 1579 923
f 923 1579 1281
f 536 1344 1737
f 1712 1831 708
f 943 1581 130
f 1581 93 130
f 1431 1636 155
f 562 757 994
f 482 1583 959
f 21 1953 520
f 712 419 1922
f 1319 2108 882
f 2167 1507 54
f 1560 1455 553
f 1588 483 506
f 1586 534 483
f 1297 1681 1644
f 1587 483 534
f 868 1586 1588
f 1588 52 868
f 954 1589 1206
f 1589 954 1493
f 109 2220 896
f 23 1662 177
f 31 1591 1007
f 1591 497 1007
f 60 872 1591
f 967 1671 1517
f 1671 148 1517
f 1595 2203 272
f 65 1595 272
f 762 1595 576
f 797 1596 716
f 1309 539 1032
f 585 1597 767
f 1597 585 1352
f 145 1598 1313
f 1598 145 45
f 487 1599 1214
f 1386 2031 1697
f 289 1600 920
f 1984 432 1441
f 847 1669 804
f 1669 754 804
f 134 1602 819
f 1738 85 1868
f 428 1923 1010
f 1603 673 358
f 75 1674 236
f 1604 489 1190
f 489 1605 969
f 1605 489 978
f 2049 197 238
f 1606 326 1327
f 2234 2019 1026
f 1607 1201 376
f 918 1608 490
f 56 1610 916
f 428 1609 1923
f 515 1203 1688
f 490 1610 972
f 1610 56 972
f 1185 401 1611
f 1611 596 1185
f 966 1719 1373
f 1612 913 531
f 802 1613 910
f 1613 802 911
f 1486 1619 1817
f 1818 556 842
f 69 1819 1523
f 1820 393 1615
f 1226 66 1231
f 1216 1226 1231
f 652 1696 1582
f 1617 388 1582
f 227 1618 734
f 1618 1052 734
f 784 2205 1632
f 1619 1027 64
f 429 1620 1137
f 1070 1620 322
f 931 109 896
f 1621 1325 196
f 416 1622 721
f 1622 1263 721
f 460 1623 1209
f 1623 829 1209
f 1624 226 1555
f 1624 1209 574
f 19 1625 12
f 181 2025 271
f 499 1630 902
f 1626 176 1261
f 742 1627 1117
f 2141 1039 631
f 353 1628 1197
f 1628 838 1197
f 78 1629 485
f 190 2066 1775
f 222 1630 1433
f 1630 499 1433
f 497 1631 1007
f 1631 497 1626
f 2198 77 1664
f 409 605 604
f 1870 2178 2177
f 214 2141 2179
f 129 1634 1514
f 1634 464 1514
f 491 1637 522
f 1637 491 1564
f 611 1636 1431
f 464 1634 2098
f 128 1616 728
f 1635 358 1160
f 674 1730 1143
f 1638 50 230
f 711 1639 1386
f 1639 91 759
f 332 1640 576
f 1640 332 1134
f 1438 2111 143
f 1641 489 1604
f 1767 246 2235
f 1845 79 1699
f 902 1643 1490
f 1643 1310 1490
f 292 1644 943
f 1960 513 1253
f 1329 1645 1561
f 1645 1329 805
f 406 2027 1395
f 1646 632 1392
f 162 1681 1297
f 1647 633 1016
f 521 1657 375
f 1657 521 1167
f 311 1649 756
f 756 1649 1652
f 99 1650 1462
f 1650 885 1462
f 1651 435 972
f 1651 447 822
f 613 1652 414
f 756 1652 775
f 1653 150 808
f 158 2110 1815
f 156 1654 815
f 1654 609 815
f 1655 170 179
f 1655 555 529
f 1371 1656 46
f 1656 1371 964
f 1450 1601 825
f 324 2162 869
f 733 1658 503
f 351 431 1709
f 158 1659 925
f 1659 506 925
f 284 1660 1498
f 1660 1151 1498
f 884 1661 796
f 32 1661 31
f 1662 987 177
f 617 1790 1409
f 1 1663 1213
f 1918 528 1213
f 2208 55 175
f 1074 2002 1321
f 569 1130 2196
f 850 1837 600
f 1664 2194 2198
f 1666 286 1105
f 159 1667 645
f 1723 1993 929
f 638 1986 1382
f 1668 809 1437
f 744 1890 787
f 1669 412 1176
f 1927 1670 509
f 1670 379 1602
f 1450 1554 774
f 1890 40 787
f 1163 1672 709
f 1672 315 709
f 407 1673 394
f 202 1673 231
f 510 1674 1190
f 75 1604 1674
f 1041 1675 357
f 719 1675 55
f 173 1676 874
f 1676 173 1412
f 161 1677 874
f 1677 161 1263
f 487 1678 1600
f 1678 920 1600
f 1059 1679 1
f 604 1679 953
f 333 1680 429
f 1680 598 429
f 513 1681 1016
f 1016 1681 1647
f 291 1682 1587
f 1682 925 1587
f 1126 1683 744
f 2072 779 865
f 1684 632 1646
f 1684 1394 92
f 353 1685 1628
f 1695 636 283
f 444 1686 1300
f 1686 444 1225
f 515 1687 1202
f 1687 43 1202
f 163 1688 1203
f 1779 1162 317
f 743 1689 1300
f 1689 743 408
f 811 1690 992
f 782 1861 121
f 516 1691 1165
f 1691 185 1146
f 581 1746 1567
f 1692 347 813
f 517 1693 886
f 1693 517 1376
f 30 1694 1046
f 1694 30 900
f 1539 539 930
f 296 1218 533
f 1574 2008 656
f 1696 1181 53
f 976 1738 1521
f 1738 536 1521
f 1938 1847 2187
f 2188 1148 523
f 2124 506 912
f 470 1533 1784
f 1700 336 1109
f 1700 544 182
f 1701 1439 285
f 194 1735 294
f 282 1702 898
f 1702 282 1277
f 1398 1703 586
f 339 876 1703
f 168 1704 1049
f 43 2139 1318
f 610 1705 526
f 1049 1705 118
f 878 1706 568
f 1706 41 568
f 554 1707 1522
f 1707 554 402
f 1255 1922 419
f 1708 1098 482
f 887 1709 431
f 1326 1885 1789
f 2129 39 196
f 2136 827 1572
f 1469 618 170
f 1711 371 1250
f 19 1712 1489
f 1712 529 1489
f 288 1713 1496
f 918 1713 1608
f 1748 570 284
f 1714 629 842
f 21 1715 919
f 919 1715 1718
f 551 1716 530
f 270 1436 1717
f 530 1717 535
f 535 1717 1436
f 535 1718 530
f 919 1718 289
f 1719 589 337
f 1719 966 116
f 531 1720 1612
f 1720 269 1612
f 531 1721 927
f 1721 531 552
f 449 1722 1309
f 1722 916 1309
f 1745 276 1996
f 1723 929 335
f 821 2136 841
f 1377 1472 2135
f 1368 2210 736
f 2061 877 532
f 259 1726 849
f 849 1966 911
f 464 1727 1514
f 1727 814 1514
f 1038 2055 219
f 1728 1228 1440
f 559 1710 1830
f 1729 676 1374
f 37 1730 230
f 230 1730 1638
f 49 1731 1553
f 1731 373 1553
f 219 1732 1040
f 1732 846 1040
f 294 1733 194
f 1733 294 1636
f 17 1734 843
f 1734 840 843
f 1316 424 803
f 1735 194 935
f 79 1736 144
f 595 1736 1982
f 538 303 1223
f 585 1934 626
f 20 1510 154
f 1868 1437 523
f 1836 2185 155
f 1739 631 1039
f 497 1740 1029
f 1740 497 872
f 371 1741 778
f 1741 575 778
f 118 1705 1742
f 1742 1012 118
f 789 1743 1260
f 1743 789 1024
f 11 1744 1721
f 1744 927 1721
f 744 1067 2013
f 1425 400 1762
f 1005 1177 2172
f 599 1411 624
f 746 1747 1188
f 786 1966 2147
f 808 44 1914
f 735 1912 1913
f 371 1749 1714
f 1749 1078 1714
f 426 1750 190
f 1750 426 778
f 1884 2127 1149
f 656 1802 2078
f 773 1752 1112
f 1752 194 1112
f 1112 1753 773
f 1753 1234 773
f 93 1754 1350
f 1087 1754 1154
f 835 1755 1559
f 578 1755 1442
f 146 1869 542
f 1756 720 542
f 222 1757 1310
f 1277 1280 525
f 432 1758 1432
f 1758 773 1432
f 100 1759 1087
f 1759 833 1087
f 613 1760 118
f 1760 1172 118
f 329 1970 985
f 174 1970 329
f 2162 324 333
f 1762 400 869
f 663 1763 1466
f 1763 1088 1466
f 1250 1764 170
f 1114 179 1764
f 1200 1765 637
f 1031 2022 148
f 782 1795 1861
f 356 1795 782
f 1552 1751 234
f 1767 221 246
f 599 24 1411
f 221 983 1144
f 1761 747 1187
f 1761 242 1276
f 839 1770 656
f 1770 446 1247
f 48 1771 208
f 1086 1853 246
f 1903 1974 1330
f 606 1481 1538
f 34 1773 282
f 1062 1773 582
f 1774 738 854
f 1774 266 241
f 2066 190 1750
f 1775 297 190
f 678 1776 165
f 1776 271 165
f 1777 646 760
f 330 1094 2029
f 7 1778 1488
f 1778 990 1488
f 1162 1779 761
f 761 1779 1943
f 1252 1979 2007
f 924 1835 339
f 1 1781 1663
f 1781 720 1663
f 1187 452 1904
f 1782 1240 1115
f 47 1939 1447
f 1783 546 1150
f 1784 1349 35
f 1784 907 470
f 356 2143 1795
f 529 708 1469
f 335 1786 1642
f 1980 609 1134
f 817 1787 969
f 1787 489 969
f 160 1788 1095
f 1788 817 1095
f 199 620 1933
f 1789 826 1709
f 176 1790 617
f 1790 176 1060
f 23 1791 1662
f 928 548 1792
f 1695 588 2225
f 1792 211 951
f 135 1793 1419
f 1793 413 1419
f 76 2142 1056
f 1794 527 1627
f 1324 740 1766
f 241 1766 572
f 665 1796 553
f 1830 145 1531
f 551 1797 1716
f 1797 38 1716
f 1405 1798 467
f 723 1798 323
f 238 1799 885
f 1799 238 1195
f 552 1800 1275
f 1800 48 1275
f 1178 1801 654
f 528 1918 401
f 763 421 1377
f 1197 763 1377
f 1051 1932 754
f 676 1767 2235
f 1820 1868 523
f 1868 1820 1738
f 367 2030 1805
f 1805 681 1066
f 159 1924 1667
f 1367 706 1925
f 795 1807 1149
f 650 1378 1807
f 1808 867 692
f 742 2052 1027
f 701 1809 239
f 1809 867 239
f 1342 1810 834
f 1810 1236 834
f 440 1811 1125
f 1125 1811 1245
f 1397 1812 90
f 1812 129 90
f 220 1813 541
f 945 1813 1243
f 366 1814 172
f 575 1814 1414
f 158 1815 1168
f 1815 716 1168
f 555 1655 1816
f 1816 386 555
f 485 188 1645
f 1817 1139 1486
f 84 1818 842
f 1223 1746 1084
f 689 1819 268
f 1819 69 268
f 1510 1043 154
f 1639 711 1899
f 698 1821 378
f 1821 1262 378
f 63 1822 1417
f 557 1822 1369
f 576 1823 762
f 758 1549 1345
f 1824 202 1547
f 1824 472 1287
f 554 1825 402
f 248 1898 2174
f 219 1826 1038
f 163 743 2032
f 540 1456 1862
f 781 1483 1827
f 774 1828 1450
f 1234 2214 1601
f 281 1829 250
f 729 891 420
f 145 1830 45
f 1299 178 1506
f 19 1831 1712
f 866 1469 708
f 231 1832 91
f 1832 231 1673
f 383 2019 1058
f 1287 2175 1824
f 526 1834 1513
f 1834 630 1513
f 801 1835 924
f 876 339 1835
f 1164 1836 155
f 1633 2179 2141
f 1416 1837 215
f 1837 850 215
f 694 1838 850
f 1838 215 850
f 903 1839 712
f 1839 419 712
f 825 1840 1450
f 1281 2000 1554
f 1152 1841 116
f 1719 2010 589
f 1842 764 329
f 1842 985 649
f 1432 2217 1843
f 1843 432 1432
f 256 1844 74
f 1844 256 1133
f 875 2034 607
f 2035 634 1235
f 424 1856 1222
f 1856 685 1222
f 195 1847 518
f 1847 328 518
f 1000 1854 2080
f 1848 566 1063
f 796 2168 1120
f 1849 183 1098
f 588 1850 567
f 988 1850 186
f 61 1851 872
f 1851 567 872
f 990 1852 768
f 113 2025 88
f 953 1853 409
f 1044 1975 771
f 479 1854 192
f 1854 107 192
f 210 1855 878
f 1855 210 958
f 831 1359 1931
f 1856 1133 171
f 465 1857 1214
f 1857 926 1214
f 568 1858 878
f 1858 210 878
f 139 1859 41
f 1859 568 41
f 327 1420 1968
f 445 1753 1982
f 708 560 866
f 1322 1795 2143
f 459 1862 1482
f 1482 1862 1456
f 609 1863 815
f 1863 609 1379
f 95 2064 1304
f 395 1864 1349
f 569 1865 1335
f 1888 812 242
f 1335 1866 569
f 188 1561 1645
f 390 1867 1334
f 1990 753 132
f 1283 354 1877
f 1877 230 1283
f 1769 98 1951
f 1869 146 98
f 1872 2176 1942
f 631 2180 1633
f 641 1871 1229
f 1871 1001 1229
f 640 2051 1321
f 1872 262 1321
f 774 2000 2170
f 1873 35 1349
f 184 1874 1460
f 1874 571 714
f 582 1875 936
f 1875 582 1773
f 48 1876 1771
f 674 1876 1033
f 1348 1880 411
f 1877 354 675
f 952 1878 295
f 1878 39 295
f 591 1879 1210
f 1879 909 1210
f 313 1880 354
f 1089 247 543
f 272 1881 111
f 54 544 2202
f 360 1882 700
f 1882 906 700
f 1082 1883 464
f 1883 1018 464
f 183 1191 1889
f 1751 1284 1996
f 484 1658 1246
f 484 753 1658
f 14 1886 1465
f 2152 574 1209
f 1297 1887 427
f 1887 1053 427
f 812 1888 579
f 1888 1122 579
f 183 1889 1865
f 1889 1335 1865
f 2054 724 892
f 239 2054 892
f 338 1891 1269
f 1891 794 1269
f 78 805 1531
f 145 78 1531
f 1823 576 1900
f 1900 1418 1823
f 1881 272 2203
f 1894 516 1055
f 1030 1895 181
f 1895 255 181
f 816 1999 1896
f 1998 939 749
f 1217 1897 490
f 1897 918 490
f 684 2116 2174
f 1898 557 1369
f 794 889 2023
f 1899 711 1409
f 1569 1229 867
f 1900 576 1640
f 705 1901 938
f 1901 163 938
f 163 1901 1688
f 4 1903 1240
f 5 1974 1461
f 1304 2064 1347
f 2064 648 1347
f 275 1905 1324
f 862 740 1905
f 439 1906 1530
f 1906 678 1530
f 22 1907 1506
f 1907 22 991
f 122 661 2063
f 352 660 1515
f 887 1909 1709
f 1909 887 607
f 1516 164 1184
f 428 2156 2225
f 450 1904 452
f 189 1962 1333
f 87 1912 1302
f 1912 735 1302
f 735 1913 1282
f 1913 646 1282
f 696 1914 152
f 152 1914 44
f 1448 1915 1298
f 1351 1915 235
f 2156 428 1010
f 1916 1436 846
f 1445 1917 471
f 1336 1917 77
f 1801 1500 112
f 1006 1801 112
f 1708 482 1584
f 1063 1708 1584
f 822 1920 505
f 1920 1481 505
f 973 1921 265
f 1921 1479 265
f 1439 1922 1255
f 1922 1439 881
f 1233 52 1421
f 1032 1233 1421
f 673 1924 159
f 824 1924 1603
f 776 2231 1211
f 1925 581 1367
f 184 1926 554
f 1926 184 1460
f 1928 583 1221
f 1927 828 583
f 583 1928 1927
f 1928 379 1670
f 584 1929 614
f 1929 397 614
f 1096 326 2159
f 1930 968 751
f 193 1931 1175
f 1023 1792 1359
f 1670 1602 134
f 509 1670 134
f 1611 1933 596
f 199 1933 645
f 873 2017 1115
f 1934 585 767
f 1422 1935 655
f 2075 797 306
f 1511 2067 1929
f 1140 2185 1739
f 290 1937 938
f 1937 705 938
f 2068 24 599
f 1938 328 1847
f 182 1939 1150
f 1939 182 1447
f 586 1940 1221
f 1940 33 1221
f 1856 424 1242
f 1133 1856 1242
f 317 1942 1707
f 1942 823 1522
f 1943 402 785
f 1943 213 761
f 990 1944 461
f 957 1944 277
f 693 1945 792
f 1945 372 792
f 715 200 1946
f 1946 1091 715
f 630 1947 1259
f 1947 630 1236
f 186 1948 1048
f 2012 244 1003
f 158 1307 1659
f 1949 83 1489
f 2016 750 941
f 591 1950 1879
f 4 1768 1461
f 1119 1963 1230
f 1963 527 1230
f 319 1954 1583
f 1954 959 1583
f 49 1955 1102
f 313 1283 2011
f 243 2013 1067
f 1956 1108 276
f 1306 1362 68
f 1957 1130 569
f 35 1958 907
f 1041 1968 1420
f 1054 451 1208
f 198 2069 496
f 943 1644 1960
f 1960 1581 943
f 93 1960 1551
f 108 1961 1072
f 1627 1963 1117
f 1953 740 520
f 1964 292 943
f 1964 1198 735
f 924 1965 1132
f 1965 924 339
f 474 1000 2080
f 603 1534 1433
f 986 1967 512
f 1967 301 512
f 327 1968 950
f 1968 357 950
f 594 1969 1958
f 1969 907 1958
f 907 1983 432
f 765 922 2118
f 603 1972 1533
f 1972 395 1533
f 423 1975 1557
f 1975 423 409
f 4 1974 1903
f 1974 4 1461
f 2026 834 1834
f 1703 1398 2102
f 1976 1311 1895
f 1994 364 1361
f 360 1977 1440
f 1977 360 1532
f 205 1978 261
f 1399 577 1988
f 564 276 1745
f 564 838 1956
f 332 1980 1134
f 1980 332 1642
f 1475 1981 1099
f 1981 1562 1099
f 1982 1235 445
f 124 2014 1364
f 935 1983 1860
f 907 1969 1983
f 432 1984 907
f 1984 470 907
f 1470 1985 1408
f 1985 1470 874
f 85 1986 1437
f 1986 85 1382
f 1665 2040 1838
f 626 2093 585
f 261 1988 274
f 274 1988 577
f 1989 340 1304
f 1989 593 278
f 2059 829 1484
f 1334 1990 132
f 1388 1991 466
f 1745 781 564
f 1996 2215 1745
f 251 2215 1996
f 722 2020 1829
f 1993 867 1809
f 598 1680 2213
f 598 2213 130
f 471 1995 1445
f 1995 471 932
f 1992 748 2078
f 1098 1708 1849
f 77 1917 2003
f 793 2004 1269
f 1961 204 1073
f 1072 1961 1073
f 915 1999 281
f 1999 816 281
f 127 2000 1281
f 774 1554 2000
f 336 2009 1152
f 1152 1110 2077
f 2002 1074 240
f 2133 729 422
f 77 2003 1664
f 2003 826 1664
f 2004 793 1997
f 2004 1118 338
f 1118 2004 253
f 623 2005 1529
f 69 2007 268
f 2007 69 1252
f 848 2048 806
f 2048 848 1093
f 2117 455 940
f 2009 546 1152
f 116 2010 1719
f 166 2010 1151
f 1102 2011 50
f 313 2011 704
f 1576 225 1372
f 1180 1576 1372
f 2013 243 1247
f 2013 1126 744
f 1991 63 1417
f 1991 1388 1415
f 1385 476 1370
f 1183 1385 1370
f 1853 2235 246
f 2235 1853 953
f 208 2017 873
f 2017 208 1771
f 84 2018 1934
f 2018 626 1934
f 1026 2019 1833
f 1833 2019 1428
f 701 2020 1809
f 1809 2020 1993
f 66 2021 1231
f 2021 942 1231
f 507 1918 1663
f 2022 981 1018
f 1008 1877 675
f 2047 1008 675
f 1165 156 1605
f 978 1165 1605
f 910 493 849
f 802 910 849
f 890 2223 1812
f 2026 562 834
f 633 2027 1392
f 1392 2027 1646
f 1392 2028 633
f 1393 2028 203
f 203 2029 1393
f 2029 203 279
f 1188 1364 2014
f 2030 367 746
f 191 2031 1386
f 1697 350 1045
f 1686 2032 1300
f 163 2032 938
f 1040 2033 1826
f 2033 1159 1826
f 510 394 2037
f 737 394 510
f 79 2035 1235
f 2035 79 1845
f 67 2036 1205
f 1550 587 1948
f 1674 2037 236
f 2042 1552 1494
f 949 1550 1948
f 258 1550 949
f 2071 710 549
f 2039 1796 665
f 215 2040 1666
f 2199 824 1603
f 942 2094 1987
f 2041 481 1987
f 1552 2042 875
f 1061 654 1276
f 261 2043 205
f 1248 1959 295
f 280 2044 1383
f 638 2044 1668
f 2045 663 1466
f 716 1375 797
f 18 2046 4
f 1729 983 1767
f 137 2047 18
f 639 2047 675
f 1579 1772 997
f 1005 1061 1276
f 197 2049 1466
f 2049 718 1466
f 941 2050 244
f 2050 1003 244
f 214 2051 1039
f 2051 640 1039
f 64 2052 1117
f 2052 742 1117
f 662 1194 551
f 1349 888 1873
f 2038 1036 405
f 2054 239 1001
f 770 1568 2147
f 2147 1726 989
f 1177 812 1979
f 2056 643 1131
f 369 2057 873
f 2057 553 873
f 11 2058 389
f 1338 2216 1394
f 829 2097 1465
f 2059 46 1341
f 503 2060 1990
f 2060 753 1990
f 1806 716 1596
f 1339 1806 1596
f 946 701 892
f 915 2062 1725
f 122 2063 906
f 2063 473 906
f 1474 2063 661
f 2065 714 1864
f 2065 819 832
f 985 1775 2066
f 2066 649 985
f 397 2067 1471
f 2067 650 1471
f 24 2068 1295
f 2068 328 1938
f 632 2069 278
f 2069 198 278
f 651 2070 1405
f 1050 1054 1208
f 1275 2039 644
f 1796 2039 1275
f 2008 1574 112
f 2008 839 656
f 1848 1063 152
f 44 1848 152
f 210 2074 961
f 1333 1954 790
f 797 2075 751
f 2124 342 727
f 54 2076 1935
f 2076 655 1935
f 2116 659 1121
f 2077 437 658
f 1264 1006 2148
f 2219 564 1254
f 1994 801 117
f 2171 1447 182
f 348 2080 479
f 1062 488 2083
f 685 171 1641
f 1604 685 1641
f 2082 312 1403
f 2082 674 1033
f 318 1455 157
f 1455 6 157
f 659 2084 1129
f 2084 338 1129
f 1119 2085 643
f 2085 1131 643
f 2115 383 1286
f 794 2086 1037
f 986 2087 662
f 2087 951 662
f 662 2088 986
f 2088 21 986
f 663 2089 1763
f 2089 663 1832
f 188 1629 2042
f 875 2042 1629
f 9 2091 140
f 2091 418 140
f 2092 1397 651
f 2092 1331 890
f 1352 2093 427
f 2093 1473 427
f 474 2094 1199
f 2094 942 1199
f 1294 2095 381
f 2095 1294 1430
f 2096 1609 61
f 2096 960 739
f 578 2097 1341
f 2165 578 1442
f 464 2098 1082
f 1082 2098 721
f 595 2099 1328
f 2099 611 1328
f 331 2100 1459
f 2100 331 1965
f 111 2101 1545
f 2101 1129 1545
f 801 1994 2157
f 2102 1131 1703
f 226 2103 1637
f 2103 1144 1637
f 212 2104 1524
f 2104 667 1524
f 121 2105 1107
f 2105 668 1107
f 667 2106 1415
f 2106 63 1415
f 668 2107 1501
f 2107 126 1200
f 67 2108 1319
f 191 2205 309
f 840 2109 959
f 2109 482 959
f 1079 2110 455
f 2110 940 455
f 1028 2111 420
f 1503 2081 2133
f 293 1404 974
f 799 974 1404
f 1121 2113 248
f 2113 1121 642
f 1360 2114 404
f 1449 2114 305
f 383 2115 1428
f 2115 966 1428
f 2084 1542 1891
f 2116 684 2086
f 1045 417 1409
f 711 1045 1409
f 172 1711 618
f 2118 1487 308
f 1451 2119 634
f 2119 1235 634
f 1451 2120 825
f 1278 2120 67
f 73 2121 209
f 2121 679 209
f 661 2122 1474
f 2122 298 1474
f 679 622 209
f 361 2123 298
f 1204 736 702
f 1204 7 879
f 309 2125 264
f 1669 2204 1051
f 299 2126 987
f 1436 1916 1580
f 1347 2130 279
f 2130 1347 648
f 82 2128 969
f 2128 817 969
f 39 2129 295
f 2129 1248 295
f 1673 407 2089
f 795 2127 835
f 392 2221 1092
f 882 2226 726
f 713 2132 381
f 2132 967 381
f 128 2081 73
f 2133 810 1503
f 103 2134 2002
f 640 1321 2134
f 353 2135 1196
f 2135 353 1377
f 2143 1205 2036
f 821 827 2136
f 841 2137 821
f 1196 2137 139
f 2138 1170 343
f 2138 1171 672
f 672 2139 1687
f 2139 672 1171
f 610 2140 1742
f 2140 610 1171
f 1039 2141 214
f 214 2179 1870
f 742 2142 1627
f 2142 742 1056
f 1205 2143 356
f 989 770 2147
f 322 2144 664
f 2144 322 1087
f 1512 2145 861
f 2145 753 861
f 2146 592 101
f 1226 444 2158
f 1056 891 76
f 849 1726 2147
f 656 2148 1574
f 1574 2148 1006
f 1570 2149 1158
f 2149 1570 627
f 1081 2150 600
f 600 2196 850
f 792 2151 693
f 693 2195 1666
f 829 2152 1209
f 2152 829 1465
f 1492 2153 1037
f 249 2206 1234
f 439 2154 1122
f 2154 579 1122
f 1261 558 1631
f 1626 1261 1631
f 751 2024 1949
f 751 1949 1930
f 62 1780 686
f 2157 1835 801
f 1689 2158 1300
f 2158 1689 731
f 885 2159 1606
f 2159 885 2146
f 2169 376 1947
f 2024 751 1002
f 2161 1196 41
f 2161 1346 1685
f 757 1704 168
f 288 539 1309
f 741 2163 167
f 1069 2163 621
f 1958 2182 501
f 2164 900 975
f 1465 2097 2165
f 670 2165 315
f 608 2166 340
f 2166 138 340
f 201 2167 1935
f 2167 54 1935
f 257 2168 32
f 2168 1661 32
f 793 2169 1997
f 1852 12 1625
f 642 1129 2101
f 1881 642 2101
f 1447 2171 861
f 2171 1391 861
f 233 2172 2079
f 1182 1422 655
f 1504 582 1926
f 1460 1504 1926
f 248 2174 1121
f 1121 2174 2116
f 1948 587 1242
f 1048 1948 1242
f 2176 1872 214
f 2176 1870 823
f 2178 1873 571
f 2177 823 1870
f 2181 35 1873
f 2178 1870 687
f 687 2179 1633
f 2179 687 1870
f 501 2180 1836
f 2180 631 1836
f 718 1632 2045
f 687 2182 2181
f 1633 2182 687
f 409 423 605
f 986 2183 1967
f 2183 862 1967
f 717 2184 416
f 2184 1435 416
f 2185 1140 155
f 2185 1836 631
f 631 1739 2185
f 1938 2187 688
f 1936 2187 195
f 809 2188 523
f 2188 809 1698
f 216 2189 1509
f 2189 1017 1509
f 800 2190 689
f 1523 2190 396
f 810 2191 1503
f 2191 810 298
f 31 2192 60
f 738 2096 858
f 472 2193 1060
f 2193 391 1060
f 1130 1957 2198
f 2194 1665 694
f 215 2195 1416
f 2195 215 1666
f 569 2196 1865
f 600 2150 2196
f 824 2197 1667
f 2197 824 1665
f 77 2198 1957
f 2198 694 1130
f 286 2199 1603
f 2199 286 1666
f 277 2200 957
f 2200 860 957
f 1268 349 2108
f 1205 1268 2108
f 2076 2202 1109
f 2202 1700 1109
f 2203 642 1881
f 2203 1595 762
f 74 2204 1894
f 2204 1176 1894
f 980 2205 784
f 1632 191 2045
f 2153 63 2106
f 697 2153 2106
f 1571 389 2058
f 644 1571 2058
f 745 393 1148
f 1148 260 745
f 702 2209 1204
f 2209 702 560
f 2210 702 736
f 2210 366 866
f 1450 1828 1601
f 2211 703 392
f 689 2212 836
f 2212 689 80
f 81 2213 1092
f 2213 1083 1092
f 445 2214 1234
f 825 1601 2214
f 1909 199 1789
f 1709 1909 1789
f 1078 2216 629
f 2216 1338 629
f 1814 2222 172
f 2222 1814 575
f 1662 2218 987
f 2218 1590 987
f 125 2219 1254
f 2219 125 1197
f 392 2220 2211
f 2220 893 2211
f 88 2221 113
f 703 2221 392
f 2131 384 1496
f 2217 1478 837
f 344 1172 908
f 1049 1172 1212
f 1589 2224 237
f 2224 1589 1493
f 1542 2086 794
f 2156 70 636
f 2190 1556 396
f 1287 1316 803
f 2058 1721 552
f 644 2058 552
f 515 2228 1687
f 2228 672 1687
f 982 2229 705
f 1688 2229 515
f 1597 2230 767
f 2230 1597 996
f 555 386 1949
f 1489 555 1949
f 414 1376 2231
f 796 2233 917
f 2233 1457 917
f 2019 2234 1500
f 2234 112 1500
f 676 2235 953
f 439 450 1976
f 1976 1030 439
f 1122 450 439