v 0.012436 -0.345123 0.143828
v 0.033433 -0.343121 0.141889
v 0.051982 -0.340733 0.137316
v 0.071556 -0.337401 0.129241
v 0.089765 -0.333563 0.118123
v 0.106042 -0.329258 0.104529
v 0.121070 -0.324824 0.089788
v 0.135492 -0.320698 0.074467
v 0.148278 -0.317018 0.060568
v 0.156509 -0.313137 0.041385
v 0.164496 -0.309746 0.022167
v 0.168442 -0.306615 0.001599
v 0.168284 -0.304562 -0.017474
v 0.169506 -0.309559 -0.017909
v 0.170933 -0.324872 -0.018857
v 0.174151 -0.339900 -0.019268
v 0.177772 -0.354687 -0.019341
v 0.179921 -0.370777 -0.019726
v 0.181685 -0.385908 -0.019147
v 0.183006 -0.403191 -0.018720
v 0.184630 -0.421952 -0.018938
v 0.185573 -0.439026 -0.019007
v 0.186915 -0.457820 -0.019508
v 0.187506 -0.474706 -0.019925
v 0.188580 -0.493883 -0.019559
v 0.188496 -0.510675 -0.020097
v 0.188308 -0.529596 -0.020812
v 0.187441 -0.546406 -0.021484
v 0.186150 -0.565321 -0.022308
v 0.184744 -0.582266 -0.022961
v 0.183768 -0.601236 -0.024034
v 0.182561 -0.618147 -0.024823
v 0.181592 -0.637149 -0.025998
v 0.181239 -0.654528 -0.026796
v 0.180441 -0.673561 -0.028077
v 0.179735 -0.692234 -0.028962
v 0.179396 -0.711907 -0.030204
v 0.179116 -0.728868 -0.031048
v 0.180031 -0.745372 -0.032494
v 0.180061 -0.762669 -0.033343
v 0.179924 -0.782337 -0.034533
v 0.179829 -0.799874 -0.035148
v 0.179233 -0.817551 -0.035809
v 0.179254 -0.837209 -0.037007
v 0.179484 -0.855067 -0.037862
v 0.179477 -0.872613 -0.038526
v 0.179675 -0.892251 -0.039679
v 0.179374 -0.909613 -0.040304
v 0.179748 -0.927115 -0.040734
v 0.179999 -0.946716 -0.041911
v 0.180382 -0.964501 -0.042606
v 0.180625 -0.984083 -0.043789
v 0.181249 -1.001741 -0.044638
v 0.181779 -1.021303 -0.045792
v 0.182719 -1.038697 -0.046814
v 0.183288 -1.058251 -0.047962
v 0.183757 -1.075467 -0.049128
v 0.184287 -1.095008 -0.050188
v 0.184344 -1.112278 -0.051158
v 0.184757 -1.131812 -0.052157
v 0.185387 -1.151329 -0.053191
v 0.185544 -1.168923 -0.054000
v 0.186110 -1.188433 -0.054941
v 0.186579 -1.205903 -0.055996
v 0.188293 -1.208335 -0.037050
v 0.177520 -1.210121 -0.021199
v 0.161831 -1.212343 -0.010355
v 0.143245 -1.213675 -0.005716
v 0.123817 -1.213220 -0.006655
v 0.105142 -1.211562 -0.011345
v 0.086934 -1.211203 -0.018169
v 0.070084 -1.210413 -0.028208
v 0.055217 -1.208887 -0.039885
v 0.043566 -1.206591 -0.054946
v 0.044332 -1.187150 -0.053683
v 0.044579 -1.170300 -0.052500
v 0.044869 -1.150816 -0.051159
v 0.044952 -1.134245 -0.050158
v 0.045251 -1.114742 -0.048775
v 0.045722 -1.098396 -0.047929
v 0.045933 -1.078870 -0.046537
v 0.045630 -1.062000 -0.045356
v 0.045367 -1.042476 -0.043783
v 0.044526 -1.025075 -0.042196
v 0.044272 -1.005565 -0.040395
v 0.042464 -0.988505 -0.038211
v 0.041125 -0.969063 -0.035932
v 0.039667 -0.952520 -0.033466
v 0.037843 -0.934399 -0.031603
v 0.035792 -0.915012 -0.029400
v 0.034468 -0.897334 -0.027784
v 0.031884 -0.877964 -0.025848
v 0.029406 -0.861378 -0.024254
v 0.026051 -0.844449 -0.022837
v 0.023631 -0.825036 -0.021374
v 0.021145 -0.807609 -0.020378
v 0.018231 -0.788064 -0.020411
v 0.015768 -0.770853 -0.019747
v 0.013268 -0.753873 -0.019050
v 0.010721 -0.734479 -0.018358
v 0.008260 -0.717780 -0.017369
v 0.007441 -0.698040 -0.017921
v 0.010524 -0.681498 -0.017363
v 0.007258 -0.665012 -0.016683
v 0.003433 -0.646123 -0.016021
v 0.000892 -0.629589 -0.015016
v -0.001871 -0.610522 -0.013549
v 0.002698 -0.593455 -0.014418
v -0.005620 -0.577846 -0.012452
v -0.005608 -0.579281 0.008683
v -0.005910 -0.577262 0.028361
v -0.003430 -0.572123 0.048367
v -0.001409 -0.565914 0.066015
v 0.000752 -0.561533 0.081587
v 0.005030 -0.551915 0.096414
v 0.006859 -0.537454 0.108149
v 0.008840 -0.522051 0.119214
v 0.013316 -0.507282 0.130208
v 0.012776 -0.488317 0.127489
v 0.012178 -0.469157 0.126707
v 0.012102 -0.450284 0.127370
v 0.011959 -0.431191 0.128199
v 0.011998 -0.412570 0.129524
v 0.011945 -0.394651 0.131184
v 0.011869 -0.377477 0.133651
v 0.012050 -0.361816 0.138438
v -0.002140 -0.583385 -0.001973
v 0.016531 -0.623186 0.052152
v 0.126589 -0.590636 0.097367
v 0.120032 -0.432541 0.092320
v 0.054968 -0.381563 0.122198
v 0.172454 -0.335171 0.010872
v 0.016375 -0.594710 0.092984
v 0.006056 -0.596517 0.045205
v 0.090877 -0.523357 0.110985
v 0.067181 -0.437042 0.113287
v 0.036690 -0.368490 0.133411
v 0.037139 -0.401450 0.126290
v 0.177133 -0.348847 -0.001819
v 0.174350 -0.332486 -0.005496
v 0.171557 -0.318470 -0.005196
v 0.010775 -0.574884 0.081026
v 0.040966 -0.558875 0.110531
v 0.000740 -0.580226 0.040451
v -0.002287 -0.589748 0.020052
v 0.050410 -0.517757 0.118049
v 0.038596 -0.439131 0.122125
v 0.055268 -0.477418 0.117361
v 0.022403 -0.369686 0.136439
v 0.030178 -0.356812 0.137288
v 0.044816 -0.354897 0.133500
v 0.053317 -0.368183 0.129029
v 0.082053 -0.363862 0.112946
v 0.062499 -0.353041 0.127506
v 0.066472 -0.369553 0.119742
v 0.022384 -0.402421 0.128682
v 0.030385 -0.420808 0.125673
v 0.030415 -0.385374 0.129198
v 0.004914 -0.567849 0.074455
v 0.017279 -0.565101 0.093071
v 0.004572 -0.585113 0.061554
v -0.000666 -0.575523 0.066402
v 0.001142 -0.578287 0.017985
v 0.000514 -0.591375 0.034681
v 0.001999 -0.617609 0.023339
v 0.002436 -0.605895 0.033170
v 0.029990 -0.515784 0.119862
v 0.023294 -0.440069 0.125511
v 0.031689 -0.459357 0.123081
v 0.078061 -0.350029 0.118515
v 0.043148 -0.389812 0.126803
v 0.043126 -0.377051 0.128844
v 0.010407 -0.556915 0.087229
v 0.006632 -0.585576 0.049828
v 0.007101 -0.618207 0.038538
v 0.018273 -0.513764 0.121151
v 0.023973 -0.535300 0.119781
v 0.031775 -0.497098 0.128143
v 0.019878 -0.459269 0.125498
v 0.029521 -0.478348 0.123969
v 0.011532 -0.655901 0.027285
v 0.013290 -0.608688 0.050955
v 0.013231 -0.639024 0.038137
v 0.015807 -0.613307 0.076225
v 0.014376 -0.594893 0.058420
v 0.016942 -0.607445 0.063885
v 0.015878 -0.590642 0.075679
v 0.006427 -0.629150 0.029641
v 0.002230 -0.634680 0.008819
v 0.015392 -0.602930 0.081986
v 0.117844 -0.921596 0.045816
v 0.108378 -0.767452 0.073680
v 0.048999 -1.197646 -0.045598
v 0.078678 -1.162805 -0.014539
v 0.123350 -1.073327 0.022719
v 0.151179 -1.145938 0.004762
v 0.188178 -1.196599 -0.045247
v 0.176886 -0.580079 0.049119
v 0.158461 -0.671167 0.065530
v 0.170169 -0.490031 0.064627
v 0.175581 -0.418059 0.050126
v 0.136717 -0.378411 0.079434
v 0.166632 -0.328564 0.030557
v 0.167407 -0.319978 0.011739
v -0.003004 -0.602671 0.005394
v -0.000715 -0.607287 0.020183
v 0.098701 -0.349801 0.105725
v 0.052723 -0.420332 0.119078
v 0.058306 -0.400423 0.118429
v 0.079603 -0.387378 0.111059
v 0.076985 -0.376137 0.113607
v 0.015817 -0.577999 0.099429
v 0.053166 -0.454719 0.117500
v -0.002332 -0.579737 0.054620
v 0.019811 -0.548707 0.107456
v 0.013290 -0.543687 0.100505
v 0.037897 -0.526820 0.121004
v 0.038076 -0.548275 0.119629
v 0.043039 -0.507160 0.124379
v 0.066349 -0.498310 0.117967
v 0.046217 -0.491820 0.122353
v 0.056169 -0.507567 0.122344
v 0.058423 -0.488209 0.118242
v 0.042345 -0.470010 0.120485
v 0.006012 -0.655709 0.004979
v 0.008277 -0.692332 0.023060
v -0.000749 -0.619659 0.000501
v 0.001916 -0.636494 -0.006851
v 0.006530 -0.641275 0.020771
v 0.064015 -0.926020 0.023257
v 0.156593 -0.978376 0.025065
v 0.169395 -0.922751 0.016704
v 0.043288 -0.760398 0.047950
v 0.152519 -0.835254 0.044358
v 0.168939 -0.760424 0.037313
v 0.069370 -1.125149 -0.016695
v 0.058943 -1.161388 -0.031928
v 0.054560 -1.181028 -0.037158
v 0.078619 -1.188540 -0.018625
v 0.113937 -1.177598 -0.000343
v 0.075950 -1.073444 -0.001642
v 0.170226 -1.088771 0.001282
v 0.152199 -1.180687 -0.001152
v 0.180300 -1.143992 -0.017640
v 0.186824 -0.577200 0.013171
v 0.179107 -0.668676 0.021407
v 0.187549 -0.486890 0.024014
v 0.185733 -0.413901 0.016126
v 0.181396 -0.381400 0.015022
v 0.182356 -0.378636 -0.003209
v 0.179984 -0.364816 0.005222
v 0.184590 -0.397078 0.006202
v 0.180865 -0.363084 -0.008513
v 0.168134 -0.362252 0.039329
v 0.184129 -0.391175 -0.007105
v 0.176682 -0.367211 0.024243
v 0.172087 -0.349544 0.023330
v 0.173093 -0.389831 0.045318
v 0.176482 -0.354741 0.011986
v 0.177335 -0.382263 0.030162
v 0.170760 -0.375475 0.042448
v 0.180989 -0.402125 0.030968
v 0.154557 -0.369526 0.061447
v 0.162581 -0.382111 0.055488
v 0.163863 -0.369040 0.049961
v 0.150068 -0.383973 0.069638
v 0.163108 -0.403723 0.062503
v 0.134485 -0.407891 0.083473
v 0.158043 -0.393018 0.064338
v 0.146426 -0.399255 0.073790
v 0.134333 -0.392706 0.081862
v 0.109131 -0.380257 0.097615
v 0.093704 -0.375397 0.104033
v 0.116046 -0.399310 0.091538
v 0.122981 -0.383064 0.087136
v 0.105723 -0.363235 0.097501
v 0.094646 -0.361916 0.105637
v 0.124824 -0.361953 0.085399
v 0.115558 -0.344858 0.092164
v 0.116158 -0.369853 0.091554
v 0.164377 -0.317822 0.031117
v 0.156001 -0.330587 0.049160
v 0.156469 -0.349993 0.052001
v 0.002278 -0.590834 0.007303
v 0.097426 -0.337651 0.107365
v 0.041699 -0.413656 0.123122
v 0.041566 -0.426107 0.122001
v 0.075894 -0.414752 0.111281
v 0.065843 -0.389227 0.117301
v 0.010148 -0.570413 0.092012
v 0.012053 -0.583189 0.087855
v 0.045244 -0.585722 0.100082
v 0.023423 -0.567269 0.111347
v 0.032697 -0.577304 0.106931
v 0.031401 -0.557917 0.115227
v 0.019356 -0.560062 0.104863
v 0.024007 -0.586201 0.101161
v 0.049018 -0.571514 0.107286
v 0.086833 -0.581864 0.102580
v 0.074157 -0.549651 0.110206
v 0.066905 -0.578381 0.099555
v 0.058053 -0.558957 0.109874
v 0.063803 -0.568259 0.104935
v 0.057191 -0.541434 0.119570
v 0.050839 -0.531335 0.119786
v 0.070092 -0.523390 0.114086
v 0.049781 -0.550303 0.114792
v 0.053089 -0.440547 0.118104
v 0.041544 -0.450920 0.120357
v 0.028957 -0.543889 0.113275
v 0.005417 -0.655504 -0.009008
v 0.009438 -0.672180 0.001574
v 0.008392 -0.708551 0.005832
v 0.050487 -0.669601 0.077692
v 0.046863 -0.925856 -0.002804
v 0.071135 -0.981054 0.015682
v 0.070039 -0.851274 0.047825
v 0.178938 -0.976515 -0.006167
v 0.180883 -0.920934 -0.011523
v 0.023592 -0.763490 0.015770
v 0.178880 -0.830229 0.007773
v 0.179578 -0.758509 0.002185
v 0.057899 -1.108928 -0.027710
v 0.049697 -1.161297 -0.043027
v 0.053933 -1.144384 -0.034537
v 0.047061 -1.180537 -0.046773
v 0.062546 -1.194106 -0.031581
v 0.072741 -1.198144 -0.024314
v 0.066456 -1.181360 -0.026177
v 0.076141 -1.175441 -0.018002
v 0.094461 -1.179336 -0.007995
v 0.113963 -1.195193 -0.004937
v 0.058548 -1.073195 -0.023375
v 0.065892 -1.036511 -0.007145
v 0.182627 -1.087147 -0.023315
v 0.178258 -1.051478 -0.007679
v 0.152181 -1.196682 -0.004787
v 0.186610 -1.142428 -0.036131
v 0.187422 -0.575616 -0.006759
v 0.188372 -0.551903 0.003640
v 0.185682 -0.598165 0.001562
v 0.187648 -0.565802 0.003060
v 0.189069 -0.558401 -0.009593
v 0.186037 -0.588190 -0.009408
v 0.186222 -0.584826 0.003625
v 0.182595 -0.665584 -0.004486
v 0.179582 -0.705095 0.010334
v 0.191067 -0.484999 0.000657
v 0.185406 -0.412880 -0.003284
v 0.187657 -0.435278 0.006739
v 0.187168 -0.426873 -0.005613
v 0.170449 -0.337924 0.023015
v 0.164884 -0.343937 0.039196
v 0.184642 -0.402339 0.018413
v 0.176120 -0.403322 0.046429
v 0.182084 -0.419076 0.033112
v 0.178608 -0.454823 0.049061
v 0.186405 -0.430031 0.021395
v 0.180370 -0.435820 0.046057
v 0.186543 -0.454044 0.024045
v 0.187159 -0.441579 0.018695
v 0.184198 -0.444222 0.034108
v 0.153143 -0.436319 0.076081
v 0.148915 -0.418095 0.075648
v 0.097100 -0.397426 0.101941
v 0.098969 -0.385190 0.102418
v 0.120376 -0.415148 0.090770
v 0.134502 -0.424615 0.085892
v 0.098317 -0.424017 0.101509
v 0.135735 -0.444712 0.088426
v 0.144995 -0.429987 0.081659
v 0.107202 -0.411658 0.098437
v 0.111098 -0.424794 0.097170
v 0.140573 -0.359664 0.070629
v 0.114744 -0.334410 0.098299
v 0.115867 -0.356408 0.091980
v 0.130281 -0.338739 0.082081
v 0.063216 -0.412532 0.116008
v 0.073412 -0.400771 0.112562
v 0.085599 -0.405314 0.107961
v 0.095222 -0.411750 0.102638
v 0.071793 -0.536348 0.116397
v 0.080912 -0.507970 0.116160
v 0.067603 -0.510688 0.118887
v 0.123460 -0.488108 0.098114
v 0.092294 -0.476121 0.106576
v 0.073067 -0.477678 0.112470
v 0.104255 -0.502452 0.106828
v 0.081421 -0.492550 0.112605
v 0.081736 -0.455982 0.109394
v 0.065309 -0.465071 0.114350
v 0.093353 -0.510712 0.112885
v 0.082592 -0.469276 0.110097
v 0.067440 -0.450983 0.112983
v 0.010276 -0.666545 0.014893
v 0.008168 -0.678656 0.015071
v 0.008016 -0.708272 -0.007701
v 0.010278 -0.727945 0.000053
v 0.019986 -0.651598 0.068840
v 0.040305 -0.925036 -0.017615
v 0.045215 -0.944988 -0.011688
v 0.042518 -0.906779 -0.008294
v 0.041484 -0.937321 -0.019770
v 0.038755 -0.912626 -0.016953
v 0.053240 -0.981159 -0.009557
v 0.045673 -0.853088 0.013761
v 0.182759 -0.975354 -0.025972
v 0.179188 -1.014092 -0.007755
v 0.181281 -0.920218 -0.028069
v 0.181465 -0.899552 -0.018718
v 0.181888 -0.939813 -0.020513
v 0.181071 -0.907684 -0.028138
v 0.181675 -0.930533 -0.028906
v 0.017992 -0.761189 -0.002570
v 0.032655 -0.799678 0.016434
v 0.181565 -0.828687 -0.015214
v 0.179299 -0.866913 -0.000408
v 0.180322 -0.757295 -0.016579
v 0.180706 -0.735670 -0.006023
v 0.181896 -0.778644 -0.008314
v 0.180284 -0.747547 -0.006532
v 0.180408 -0.741834 -0.019339
v 0.179982 -0.772015 -0.019562
v 0.180088 -0.768905 -0.006457
v 0.049849 -1.107892 -0.038882
v 0.054439 -1.088913 -0.030513
v 0.047161 -1.144460 -0.044721
v 0.068235 -1.148734 -0.020555
v 0.053862 -1.124829 -0.034321
v 0.093380 -1.194520 -0.012285
v 0.083412 -1.199575 -0.018017
v 0.103166 -1.189355 -0.006573
v 0.099241 -1.155215 -0.000660
v 0.114236 -1.206620 -0.007230
v 0.132504 -1.187725 0.000177
v 0.050246 -1.072221 -0.035315
v 0.054102 -1.053205 -0.027381
v 0.054967 -1.017438 -0.018999
v 0.185205 -1.085847 -0.038505
v 0.184838 -1.068936 -0.029766
v 0.185171 -1.105961 -0.032109
v 0.174188 -1.187637 -0.014197
v 0.184234 -1.193138 -0.027727
v 0.185113 -1.169691 -0.028774
v 0.187740 -1.182855 -0.039070
v 0.176008 -1.197222 -0.018338
v 0.165124 -1.194824 -0.009841
v 0.182375 -1.182060 -0.023630
v 0.190341 -0.539700 -0.006582
v 0.186526 -0.524711 0.031666
v 0.188793 -0.536806 0.015055
v 0.184955 -0.611579 -0.009932
v 0.180784 -0.629035 0.026516
v 0.184493 -0.617766 0.010806
v 0.181958 -0.664712 -0.017953
v 0.182924 -0.647784 -0.009275
v 0.183760 -0.628625 -0.008929
v 0.181493 -0.683715 -0.010829
v 0.189360 -0.484667 -0.011561
v 0.189159 -0.466031 -0.001982
v 0.189344 -0.452555 0.005454
v 0.187452 -0.443123 -0.004584
v 0.190998 -0.501768 -0.003136
v 0.190933 -0.520823 -0.004031
v 0.188590 -0.512224 0.013939
v 0.189896 -0.531304 0.002359
v 0.167843 -0.433062 0.062944
v 0.154546 -0.407308 0.071402
v 0.161733 -0.420665 0.066929
v 0.108019 -0.392677 0.098424
v 0.154382 -0.467509 0.078490
v 0.134044 -0.367476 0.079872
v 0.145123 -0.370930 0.070238
v 0.150366 -0.358309 0.062460
v 0.132383 -0.351422 0.080235
v 0.143157 -0.335605 0.065162
v 0.112637 -0.458701 0.099587
v 0.096687 -0.459914 0.104229
v 0.103550 -0.442636 0.100944
v 0.096083 -0.489419 0.107047
v 0.109595 -0.490174 0.103672
v 0.115144 -0.475530 0.100679
v 0.135928 -0.470820 0.092445
v 0.103448 -0.470786 0.103367
v 0.124688 -0.464933 0.094979
v 0.007883 -0.691641 0.000608
v 0.009639 -0.727655 -0.011526
v 0.028509 -0.726191 0.038991
v 0.013078 -0.641758 0.057370
v 0.045118 -0.962641 -0.018537
v 0.046186 -0.975805 -0.021910
v 0.038778 -0.888455 -0.011231
v 0.059104 -0.886944 0.024444
v 0.047876 -0.891927 0.007209
v 0.043220 -0.895980 -0.003118
v 0.034324 -0.853742 -0.004852
v 0.183490 -1.012553 -0.027726
v 0.181486 -0.883437 -0.023330
v 0.178901 -0.887705 -0.001172
v 0.180892 -0.890391 -0.013216
v 0.180975 -0.877741 -0.010666
v 0.181243 -0.859480 -0.018653
v 0.181175 -0.869707 -0.025208
v 0.181230 -0.959511 -0.015040
v 0.016376 -0.744754 0.007785
v 0.024457 -0.781413 0.005719
v 0.030141 -0.816544 0.000986
v 0.180481 -0.827925 -0.028261
v 0.180735 -0.812002 -0.018098
v 0.180849 -0.720106 -0.015389
v 0.181182 -0.703335 -0.012751
v 0.180600 -0.719461 0.003048
v 0.181077 -0.714271 -0.006865
v 0.169419 -0.724038 0.040717
v 0.176537 -0.740063 0.020819
v 0.178570 -0.747300 0.008297
v 0.178885 -0.733054 0.008742
v 0.175709 -0.754980 0.022221
v 0.176900 -0.722938 0.023105
v 0.176347 -0.779439 0.016531
v 0.173420 -0.768952 0.026323
v 0.153654 -0.795936 0.049172
v 0.177236 -0.766165 0.013692
v 0.168445 -0.786457 0.034963
v 0.181705 -0.792866 -0.019518
v 0.181515 -0.780577 -0.021773
v 0.048388 -1.089118 -0.041451
v 0.070769 -1.092859 -0.011312
v 0.059772 -1.152907 -0.028803
v 0.068294 -1.160338 -0.022565
v 0.062371 -1.136860 -0.024998
v 0.061086 -1.118737 -0.024738
v 0.071548 -1.110660 -0.013678
v 0.064573 -1.102393 -0.019191
v 0.097206 -1.123697 0.005204
v 0.081666 -1.119741 -0.004498
v 0.080677 -1.139269 -0.008228
v 0.091493 -1.099257 0.006374
v 0.088755 -1.131320 -0.001474
v 0.092856 -1.145222 -0.001405
v 0.083273 -1.153320 -0.008445
v 0.079844 -1.102579 -0.003706
v 0.081091 -1.086327 0.001137
v 0.090413 -1.113431 0.003093
v 0.100235 -1.080011 0.015591
v 0.092361 -1.086283 0.009201
v 0.102039 -1.168853 -0.002498
v 0.090307 -1.163456 -0.006830
v 0.120437 -1.187802 -0.001053
v 0.128218 -1.199360 -0.003086
v 0.144379 -1.187734 -0.001397
v 0.048085 -1.052739 -0.038511
v 0.066710 -1.056765 -0.010485
v 0.052960 -1.033576 -0.026837
v 0.048269 -1.016518 -0.031143
v 0.049952 -0.999945 -0.021562
v 0.185098 -1.068356 -0.041638
v 0.184212 -1.049448 -0.030655
v 0.178292 -1.073959 -0.009203
v 0.185587 -1.105127 -0.043978
v 0.178230 -1.104557 -0.011201
v 0.183726 -1.124444 -0.025431
v 0.186852 -1.159773 -0.041095
v 0.184249 -1.156392 -0.026560
v 0.169405 -1.162699 -0.007516
v 0.177842 -1.156961 -0.014686
v 0.175808 -1.173444 -0.014369
v 0.168061 -1.145552 -0.003706
v 0.164579 -1.175947 -0.006127
v 0.159646 -1.154738 -0.000258
v 0.174786 -1.127660 -0.008263
v 0.182301 -0.551075 0.038468
v 0.186796 -0.560305 0.022336
v 0.182090 -0.597435 0.029891
v 0.184970 -0.594083 0.016110
v 0.183647 -0.607391 0.020170
v 0.182277 -0.654519 0.009383
v 0.180912 -0.666536 0.009169
v 0.179807 -0.686935 0.011835
v 0.178639 -0.649962 0.029648
v 0.180523 -0.657420 0.020644
v 0.184265 -0.618729 -0.001496
v 0.189028 -0.473823 0.012076
v 0.189163 -0.462736 0.014262
v 0.189533 -0.497178 0.011200
v 0.188423 -0.524987 0.019285
v 0.185995 -0.505756 0.033755
v 0.173341 -0.444823 0.055600
v 0.168016 -0.461327 0.065859
v 0.149225 -0.452691 0.080128
v 0.138028 -0.458527 0.089113
v 0.162505 -0.448683 0.071417
v 0.151856 -0.340281 0.056491
v 0.121621 -0.446180 0.093735
v 0.086431 -0.437257 0.105626
v 0.084629 -0.425023 0.108088
v 0.007798 -0.699230 0.011108
v 0.013876 -0.723506 0.021688
v 0.010453 -0.706811 0.026041
v 0.018828 -0.716162 0.033106
v 0.041120 -0.700149 0.058008
v 0.023518 -0.697945 0.043091
v 0.011967 -0.698430 0.034493
v 0.011075 -0.675440 0.046424
v 0.009065 -0.670943 0.031398
v 0.009493 -0.683838 0.035363
v 0.015427 -0.634318 0.048604
v 0.010576 -0.653015 0.045020
v 0.011833 -0.652609 0.058106
v 0.018488 -0.633075 0.077665
v 0.051464 -0.911200 0.007816
v 0.048793 -0.872863 0.013251
v 0.030514 -0.851959 -0.016416
v 0.036594 -0.870697 -0.008652
v 0.030881 -0.834181 -0.005346
v 0.182894 -0.994883 -0.027636
v 0.180973 -0.845997 -0.025565
v 0.180281 -0.848160 -0.002893
v 0.181599 -0.969657 -0.015369
v 0.182406 -0.961277 -0.028843
v 0.175433 -0.943436 0.005179
v 0.018918 -0.756518 0.007120
v 0.027145 -0.744763 0.029178
v 0.012300 -0.738398 -0.004918
v 0.021979 -0.769134 0.006303
v 0.019887 -0.780554 -0.008444
v 0.025049 -0.798192 -0.002575
v 0.024873 -0.817586 -0.011695
v 0.179930 -0.820287 -0.003280
v 0.179346 -0.798173 0.002879
v 0.180519 -0.807551 -0.005976
v 0.181750 -0.791119 -0.007227
v 0.181335 -0.694596 -0.001217
v 0.173998 -0.731055 0.030350
v 0.165882 -0.744030 0.044243
v 0.171657 -0.750078 0.033002
v 0.156519 -0.775745 0.049198
v 0.168697 -0.812156 0.033335
v 0.176979 -0.814263 0.015680
v 0.062812 -1.083768 -0.019300
v 0.071245 -1.079931 -0.008941
v 0.140824 -1.201645 -0.003537
v 0.059407 -1.061534 -0.020350
v 0.061078 -1.045572 -0.016826
v 0.058266 -1.030293 -0.016212
v 0.045160 -0.998738 -0.033336
v 0.064909 -1.002888 0.001075
v 0.065045 -1.017501 -0.003767
v 0.110653 -1.018990 0.031088
v 0.085066 -1.014184 0.018193
v 0.072633 -1.012009 0.008453
v 0.076976 -1.031726 0.009064
v 0.079549 -0.998046 0.017862
v 0.046742 -0.988162 -0.025038
v 0.183664 -1.032060 -0.029540
v 0.182134 -1.059379 -0.019244
v 0.178342 -1.085653 -0.009910
v 0.182337 -1.075160 -0.020169
v 0.182623 -1.099435 -0.021605
v 0.184021 -1.136375 -0.026077
v 0.186324 -1.128680 -0.038662
v 0.182445 -1.113932 -0.020353
v 0.160256 -1.113045 0.006187
v 0.186611 -0.540429 0.030138
v 0.187540 -0.547042 0.020079
v 0.182353 -0.567614 0.036496
v 0.182536 -0.583583 0.033424
v 0.185737 -0.573682 0.025574
v 0.171505 -0.692917 0.044028
v 0.182111 -0.677882 -0.000031
v 0.182039 -0.641427 0.017474
v 0.163562 -0.634477 0.062416
v 0.187349 -0.513456 0.027209
v 0.181067 -0.487569 0.044501
v 0.173785 -0.520680 0.060155
v 0.178329 -0.535484 0.048640
v 0.165313 -0.477120 0.070901
v 0.149018 -0.501016 0.086801
v 0.175979 -0.474403 0.054094
v 0.159664 -0.490356 0.076833
v 0.184594 -0.470918 0.036560
v 0.147467 -0.483323 0.086983
v 0.162697 -0.511398 0.075341
v 0.136039 -0.484342 0.094396
v 0.009566 -0.720780 0.010556
v 0.014181 -0.731590 0.012849
v 0.018117 -0.623207 0.066885
v 0.014464 -0.642407 0.069798
v 0.047977 -0.642935 0.079423
v 0.040004 -0.615287 0.095366
v 0.031637 -0.599587 0.097524
v 0.023863 -0.613023 0.091158
v 0.048852 -0.603017 0.097675
v 0.034664 -0.591231 0.099172
v 0.019435 -0.622576 0.083577
v 0.035524 -0.630105 0.085295
v 0.076286 -0.623878 0.095108
v 0.059701 -0.590341 0.097686
v 0.069416 -0.605493 0.100565
v 0.031773 -0.642610 0.074858
v 0.057034 -0.626042 0.088066
v 0.056288 -0.612913 0.097105
v 0.037211 -0.658702 0.072204
v 0.023664 -0.671256 0.062995
v 0.053026 -0.656413 0.078935
v 0.105971 -0.670097 0.091230
v 0.069980 -0.643988 0.089927
v 0.059534 -0.646593 0.083415
v 0.026299 -0.661390 0.068799
v 0.036234 -0.673390 0.070516
v 0.033480 -0.683729 0.057249
v 0.049159 -0.685956 0.067521
v 0.021224 -0.679102 0.053937
v 0.032382 -0.694570 0.051173
v 0.082582 -0.724947 0.079985
v 0.076545 -0.687449 0.088887
v 0.070442 -0.665288 0.088612
v 0.061564 -0.707084 0.075323
v 0.062277 -0.681867 0.079983
v 0.053096 -0.697316 0.068004
v 0.062818 -0.693054 0.077514
v 0.070575 -0.677242 0.087527
v 0.088127 -0.673915 0.092273
v 0.060920 -0.670727 0.083539
v 0.092525 -0.651647 0.095832
v 0.094831 -0.664725 0.094142
v 0.045321 -0.913956 -0.001736
v 0.054937 -0.924221 0.010886
v 0.061135 -0.950486 0.011927
v 0.060196 -0.937772 0.014594
v 0.051877 -0.942622 0.002386
v 0.052726 -0.960287 -0.002113
v 0.050738 -0.968623 -0.009637
v 0.063415 -0.967966 0.009592
v 0.061998 -0.979674 0.003559
v 0.059445 -0.991153 -0.003843
v 0.067334 -0.991358 0.007744
v 0.055387 -0.900070 0.017972
v 0.059520 -0.914107 0.019848
v 0.085752 -0.907584 0.043152
v 0.071754 -0.914160 0.033934
v 0.066528 -0.900387 0.030043
v 0.090412 -0.941213 0.039359
v 0.074141 -0.941595 0.027876
v 0.078256 -0.878867 0.045766
v 0.085506 -0.924773 0.040363
v 0.073256 -0.959487 0.024066
v 0.069710 -0.887927 0.035895
v 0.076482 -0.897923 0.040065
v 0.062937 -0.866491 0.034997
v 0.062684 -0.878608 0.030967
v 0.080844 -0.933887 0.035454
v 0.101961 -0.930106 0.044526
v 0.073429 -0.926490 0.031629
v 0.126130 -0.959047 0.040154
v 0.102680 -0.913345 0.046681
v 0.109836 -0.947479 0.042836
v 0.136167 -0.877371 0.045445
v 0.100999 -0.888964 0.049370
v 0.088098 -0.893727 0.047203
v 0.099501 -0.900509 0.048511
v 0.122696 -0.895863 0.047653
v 0.115398 -0.935627 0.043976
v 0.145783 -0.931328 0.036198
v 0.130845 -0.929420 0.042309
v 0.116331 -0.908777 0.047153
v 0.137320 -0.910896 0.041351
v 0.127155 -0.945094 0.041446
v 0.140038 -0.920657 0.040374
v 0.157199 -0.917126 0.029817
v 0.051982 -0.885062 0.014890
v 0.042492 -0.881546 0.001118
v 0.041067 -0.862948 0.004478
v 0.036987 -0.842772 0.006325
v 0.049786 -0.824874 0.036242
v 0.045591 -0.835578 0.022374
v 0.181781 -0.985917 -0.016338
v 0.175147 -0.996496 0.001353
v 0.181070 -0.999613 -0.013047
v 0.180556 -0.857116 -0.007084
v 0.181585 -0.841707 -0.014109
v 0.181842 -0.949803 -0.029188
v 0.179951 -0.947033 -0.007964
v 0.179464 -0.932421 -0.004317
v 0.176990 -0.921795 0.003345
v 0.173483 -0.933240 0.009481
v 0.161063 -0.938219 0.025595
v 0.173811 -0.902492 0.011688
v 0.145484 -0.951418 0.034498
v 0.175833 -0.962084 0.002730
v 0.166490 -0.954856 0.017799
v 0.170416 -0.977188 0.011144
v 0.021992 -0.734060 0.027191
v 0.014389 -0.751359 -0.006178
v 0.022542 -0.797923 -0.013902
v 0.030239 -0.804745 0.006575
v 0.038083 -0.818157 0.020050
v 0.027153 -0.793406 0.007284
v 0.174792 -0.795091 0.020115
v 0.169027 -0.800749 0.032176
v 0.176448 -0.805258 0.013622
v 0.159670 -0.787605 0.045048
v 0.166831 -0.774842 0.038558
v 0.156797 -0.759188 0.051874
v 0.130976 -0.783613 0.063071
v 0.067176 -1.070339 -0.012022
v 0.057478 -1.005279 -0.011332
v 0.069557 -1.027872 0.000382
v 0.076418 -1.046684 0.002434
v 0.095809 -1.033404 0.022419
v 0.097554 -1.003087 0.030136
v 0.181984 -1.023591 -0.018063
v 0.175175 -1.033678 -0.000781
v 0.181276 -1.037460 -0.014871
v 0.185808 -1.115377 -0.038314
v 0.169457 -1.103322 0.000370
v 0.170974 -1.117374 -0.002366
v 0.160101 -1.129625 0.003664
v 0.129310 -1.120705 0.013155
v 0.116676 -1.142384 0.007997
v 0.104994 -1.147061 0.003784
v 0.120009 -1.159024 0.004980
v 0.140638 -1.160928 0.004631
v 0.146399 -1.120432 0.010482
v 0.138925 -1.095238 0.017130
v 0.137768 -1.135796 0.009972
v 0.146887 -1.107614 0.012848
v 0.158153 -1.096030 0.009745
v 0.132255 -1.108580 0.015700
v 0.117190 -1.092901 0.018112
v 0.103057 -1.094865 0.014019
v 0.113100 -1.111196 0.013500
v 0.100499 -1.108321 0.010195
v 0.125122 -1.132819 0.010722
v 0.137429 -1.150045 0.007057
v 0.154159 -1.065899 0.015858
v 0.160040 -1.079268 0.010773
v 0.170608 -1.077088 0.002307
v 0.143427 -1.080111 0.018579
v 0.149009 -1.088300 0.014905
v 0.138097 -1.063895 0.022411
v 0.130045 -1.083857 0.019926
v 0.151067 -1.035825 0.021604
v 0.117445 -1.047492 0.027128
v 0.148602 -1.050481 0.020695
v 0.124936 -1.059398 0.025168
v 0.133875 -1.045426 0.026337
v 0.105122 -1.061583 0.021510
v 0.166548 -1.050734 0.009329
v 0.123682 -1.032670 0.029842
v 0.157698 -1.045155 0.015976
v 0.109040 -1.033072 0.028190
v 0.137789 -1.033752 0.026901
v 0.149484 -1.007790 0.025890
v 0.147144 -1.021338 0.025698
v 0.165067 -1.021798 0.013524
v 0.130101 -1.010739 0.032214
v 0.123033 -1.020665 0.031791
v 0.185376 -0.585409 0.021881
v 0.176689 -0.684405 0.028832
v 0.171792 -0.669393 0.046492
v 0.176132 -0.701444 0.028869
v 0.172659 -0.680287 0.040048
v 0.165390 -0.682315 0.055307
v 0.131004 -0.711039 0.078038
v 0.148085 -0.695073 0.071463
v 0.156771 -0.684774 0.065415
v 0.183281 -0.638319 0.002106
v 0.183236 -0.629067 0.012237
v 0.173230 -0.638199 0.045239
v 0.185626 -0.493260 0.034538
v 0.181072 -0.515714 0.044258
v 0.176510 -0.503018 0.052757
v 0.169581 -0.503835 0.066047
v 0.170308 -0.557756 0.064545
v 0.176437 -0.564416 0.051745
v 0.176688 -0.551440 0.053480
v 0.183743 -0.457801 0.037525
v 0.180643 -0.466308 0.046616
v 0.132177 -0.543299 0.097615
v 0.099686 -0.606710 0.101215
v 0.075312 -0.592910 0.100341
v 0.084601 -0.602429 0.102286
v 0.088688 -0.617041 0.099503
v 0.095940 -0.594417 0.102197
v 0.090450 -0.633189 0.096275
v 0.110874 -0.598243 0.102015
v 0.109877 -0.573961 0.103939
v 0.099743 -0.582096 0.103140
v 0.114396 -0.585775 0.102092
v 0.078191 -0.634432 0.093380
v 0.131800 -0.634329 0.090031
v 0.125704 -0.613576 0.094625
v 0.121106 -0.602100 0.097869
v 0.110604 -0.639145 0.095816
v 0.109370 -0.655869 0.093522
v 0.105596 -0.624088 0.099954
v 0.098891 -0.641351 0.097445
v 0.134453 -0.668390 0.083695
v 0.143630 -0.679187 0.076996
v 0.122869 -0.647088 0.090892
v 0.122281 -0.661834 0.088531
v 0.139954 -0.650102 0.084047
v 0.119401 -0.628248 0.095615
v 0.111840 -0.611969 0.099553
v 0.121148 -0.687842 0.083820
v 0.122478 -0.673731 0.086094
v 0.148549 -0.662421 0.075736
v 0.149699 -0.633454 0.078897
v 0.100188 -0.690726 0.087764
v 0.135207 -0.692275 0.079429
v 0.132318 -0.680334 0.082281
v 0.161473 -0.654055 0.062692
v 0.141543 -0.638119 0.084602
v 0.152297 -0.646110 0.073520
v 0.098337 -0.679414 0.090742
v 0.044413 -0.625032 0.090785
v 0.013233 -0.665778 0.055660
v 0.016177 -0.687367 0.045316
v 0.068277 -0.948810 0.021534
v 0.083268 -0.952830 0.032528
v 0.073215 -0.864442 0.046164
v 0.107614 -0.852524 0.055437
v 0.087937 -0.856147 0.054000
v 0.052745 -0.861328 0.024144
v 0.139617 -0.893164 0.042560
v 0.151143 -0.902453 0.035813
v 0.164338 -0.902231 0.024850
v 0.168347 -0.910499 0.019938
v 0.160064 -0.878067 0.032359
v 0.148180 -0.882576 0.038938
v 0.158778 -0.890660 0.031719
v 0.171716 -0.884815 0.017263
v 0.057103 -0.841047 0.037927
v 0.051984 -0.849204 0.026621
v 0.060480 -0.854089 0.035627
v 0.160565 -0.927427 0.026119
v 0.179520 -0.903239 -0.003815
v 0.150710 -0.942113 0.032286
v 0.141136 -0.971273 0.034209
v 0.168691 -0.942233 0.016061
v 0.156989 -0.951864 0.027287
v 0.158401 -0.966128 0.024356
v 0.169298 -0.966258 0.012846
v 0.164101 -0.994555 0.017074
v 0.175061 -0.984312 0.002419
v 0.035351 -0.829175 0.008885
v 0.045116 -0.826620 0.025441
v 0.045632 -0.802135 0.035638
v 0.161574 -0.765550 0.045669
v 0.145130 -0.785624 0.055503
v 0.141830 -0.766646 0.060995
v 0.075022 -1.059954 -0.000170
v 0.088969 -1.066194 0.010697
v 0.096740 -1.019033 0.025952
v 0.086807 -1.026551 0.016958
v 0.086578 -1.043311 0.013942
v 0.085117 -1.053295 0.010193
v 0.099619 -1.046345 0.021892
v 0.087732 -1.005831 0.023029
v 0.089816 -0.981577 0.029940
v 0.086404 -0.967141 0.031058
v 0.076960 -0.971772 0.022358
v 0.107277 -0.972318 0.038610
v 0.098259 -0.957683 0.039184
v 0.095732 -0.974214 0.034819
v 0.111922 -0.959414 0.041042
v 0.128758 -1.172358 0.003039
v 0.141391 -1.173383 0.002228
v 0.153181 -1.166978 0.000646
v 0.113073 -1.081207 0.019745
v 0.121427 -1.103847 0.016447
v 0.125227 -1.151157 0.007606
v 0.166215 -1.064811 0.007765
v 0.173607 -1.044123 0.001319
v 0.166734 -1.035533 0.010431
v 0.173531 -1.020599 0.002872
v 0.114279 -1.004996 0.033926
v 0.131921 -0.989912 0.034650
v 0.106808 -0.988506 0.036037
v 0.126325 -1.000951 0.034364
v 0.120328 -0.979883 0.038125
v 0.119797 -0.969800 0.039629
v 0.176064 -0.662932 0.033932
v 0.171625 -0.654732 0.046562
v 0.178891 -0.695486 0.018296
v 0.168830 -0.708762 0.044894
v 0.160365 -0.698882 0.058342
v 0.173441 -0.715903 0.033953
v 0.148632 -0.711793 0.067901
v 0.159488 -0.720906 0.055821
v 0.139925 -0.738946 0.067803
v 0.161583 -0.731722 0.050860
v 0.150926 -0.729607 0.061798
v 0.151298 -0.745560 0.058600
v 0.139977 -0.754214 0.064875
v 0.120832 -0.748150 0.074987
v 0.125866 -0.763753 0.069704
v 0.118781 -0.777403 0.069401
v 0.081229 -0.803181 0.064025
v 0.098258 -0.786307 0.070140
v 0.177853 -0.710793 0.021050
v 0.178132 -0.638553 0.033064
v 0.176545 -0.616583 0.043690
v 0.168552 -0.538463 0.069480
v 0.145585 -0.524451 0.090934
v 0.141362 -0.620361 0.088531
v 0.162973 -0.604262 0.068553
v 0.140708 -0.600120 0.090937
v 0.153000 -0.617308 0.077531
v 0.159740 -0.625953 0.069632
v 0.169421 -0.620436 0.057757
v 0.151786 -0.602187 0.080669
v 0.163854 -0.581608 0.071071
v 0.160956 -0.594587 0.072830
v 0.171595 -0.594284 0.058727
v 0.171592 -0.574382 0.061144
v 0.173793 -0.627561 0.048736
v 0.171082 -0.606060 0.056978
v 0.176620 -0.596519 0.044147
v 0.111294 -0.704453 0.081706
v 0.164546 -0.665728 0.056687
v 0.167243 -0.644873 0.054985
v 0.100896 -0.869248 0.052623
v 0.171198 -0.855386 0.022720
v 0.175453 -0.892799 0.009152
v 0.176884 -0.876633 0.007111
v 0.174841 -0.865431 0.014044
v 0.177015 -0.851801 0.010117
v 0.166944 -0.866977 0.026014
v 0.154983 -0.854653 0.038280
v 0.147602 -0.866710 0.041559
v 0.158225 -0.864500 0.035229
v 0.132624 -0.849543 0.049590
v 0.134449 -0.864444 0.047472
v 0.143597 -0.855169 0.044946
v 0.120862 -0.859077 0.051866
v 0.137573 -0.960133 0.036845
v 0.149131 -0.962562 0.031301
v 0.151846 -0.992771 0.026496
v 0.161751 -1.007442 0.017614
v 0.037865 -0.805847 0.024841
v 0.081019 -0.986281 0.022189
v 0.175027 -1.063187 -0.002087
v 0.140939 -0.703304 0.074389
v 0.137862 -0.725617 0.072493
v 0.116953 -0.725215 0.077449
v 0.129353 -0.732594 0.075229
v 0.126705 -0.723041 0.077458
v 0.070515 -0.824916 0.054959
v 0.173529 -0.531603 0.060235
v 0.166126 -0.523902 0.072139
v 0.156294 -0.522429 0.080722
v 0.152074 -0.555923 0.085327
v 0.151813 -0.538118 0.085706
v 0.142013 -0.535199 0.093890
v 0.160153 -0.546272 0.077194
v 0.124403 -0.699088 0.081233
v 0.110977 -0.695460 0.084652
v 0.091339 -0.706583 0.084348
v 0.075068 -0.703172 0.084227
v 0.071276 -0.715400 0.080834
v 0.052536 -0.735082 0.063580
v 0.059498 -0.721946 0.071583
v 0.048625 -0.713615 0.060946
v 0.070492 -0.739745 0.073325
v 0.035296 -0.711051 0.047452
v 0.086505 -0.868399 0.050717
v 0.089940 -0.881327 0.049105
v 0.117651 -0.878604 0.050548
v 0.143557 -0.982599 0.031537
v 0.171586 -1.007359 0.007095
v 0.060144 -0.830787 0.045590
v 0.069935 -0.836763 0.050716
v 0.059046 -0.810333 0.048255
v 0.093759 -0.834231 0.061280
v 0.080339 -0.833689 0.057149
v 0.088139 -0.816985 0.061999
v 0.122578 -0.813623 0.059978
v 0.101354 -0.806021 0.066740
v 0.116628 -0.793884 0.066992
v 0.074901 -0.811879 0.058961
v 0.136096 -0.801250 0.057787
v 0.145343 -0.577080 0.089771
v 0.151716 -0.589036 0.084095
v 0.129732 -0.571261 0.097878
v 0.135230 -0.581886 0.095112
v 0.142252 -0.564664 0.093714
v 0.142761 -0.550808 0.093687
v 0.129669 -0.558308 0.098481
v 0.103620 -0.546827 0.107147
v 0.117797 -0.549295 0.103102
v 0.088762 -0.540237 0.113419
v 0.116427 -0.525022 0.104019
v 0.131951 -0.526277 0.097959
v 0.105789 -0.515382 0.107286
v 0.108289 -0.560722 0.104910
v 0.113123 -0.538535 0.104928
v 0.137376 -0.509685 0.095748
v 0.087717 -0.560122 0.105467
v 0.102342 -0.529292 0.107057
v 0.133234 -0.497955 0.096486
v 0.078234 -0.571332 0.103007
v 0.119516 -0.507768 0.102711
v 0.124538 -0.536870 0.101936
v 0.100239 -0.721298 0.079647
v 0.112012 -0.717004 0.079465
v 0.087678 -0.696565 0.087825
v 0.070331 -0.727282 0.077036
v 0.057584 -0.754645 0.064694
v 0.025834 -0.709913 0.040374
v 0.112985 -0.888778 0.050054
v 0.127236 -0.885578 0.047387
v 0.113158 -0.867329 0.051973
v 0.049622 -0.812980 0.040340
v 0.054347 -0.784134 0.055360
v 0.095925 -0.845356 0.057692
v 0.081065 -0.844724 0.053323
v 0.092523 -0.797410 0.067583
v 0.110420 -0.783591 0.069673
v 0.114371 -0.806838 0.064913
v 0.128239 -0.793233 0.062415
v 0.141684 -0.818708 0.052195
v 0.097869 -0.569910 0.103911
v 0.059587 -0.744582 0.068545
v 0.046982 -0.746339 0.055649
v 0.040325 -0.734337 0.049944
v 0.036581 -0.747448 0.042478
v 0.047518 -0.724782 0.057599
v 0.032750 -0.761628 0.031914
v 0.032368 -0.738676 0.037872
v 0.031941 -0.777196 0.024120
v 0.039494 -0.775210 0.038765
v 0.039096 -0.788779 0.034469
v 0.047822 -0.774045 0.051345
v 0.045877 -0.783231 0.045379
v 0.060868 -0.771911 0.063145
v 0.033731 -0.789413 0.023303
v 0.073162 -0.784963 0.063338
v 0.051096 -0.798517 0.049187
v 0.066179 -0.800296 0.057149
v 0.133911 -0.810684 0.056699
v 0.127063 -0.833145 0.055308
v 0.156079 -0.818956 0.044023
v 0.159616 -0.807415 0.042694
v 0.148160 -0.808893 0.050622
v 0.084451 -0.766405 0.069144
v 0.070634 -0.760759 0.068814
v 0.139842 -0.836442 0.048603
v 0.110908 -0.827234 0.060513
v 0.114928 -0.839088 0.055507
v 0.073913 -0.774277 0.066030
v 0.086587 -0.780504 0.067761
v 0.102138 -0.816939 0.064351
v 0.078758 -0.655747 0.092761
v 0.111999 -1.124924 0.010675
v 0.104869 -1.134240 0.006523
v 0.181065 -0.617548 0.029290
v 0.165402 -0.840352 0.032270
v 0.174089 -0.840145 0.019045
v 0.171312 -0.827477 0.026739
v 0.163072 -0.827838 0.037161
v 0.160198 -0.565718 0.075650
v 0.150847 -0.566413 0.085432
v 0.096954 -0.750342 0.073200
v 0.101130 -0.734568 0.076203
v 0.086042 -0.739468 0.076004
v 0.078550 -0.751703 0.072733
v 0.109401 -0.743436 0.075235
v 0.096807 -0.761334 0.071569
v 0.165765 -0.301702 -0.036912
v 0.157889 -0.299824 -0.054515
v 0.147569 -0.298589 -0.069374
v 0.134664 -0.297506 -0.083367
v 0.119208 -0.296547 -0.094819
v 0.101611 -0.296059 -0.102823
v 0.082731 -0.296261 -0.107544
v 0.063315 -0.296527 -0.109569
v 0.045016 -0.296680 -0.110721
v 0.025424 -0.296508 -0.110739
v 0.005726 -0.296497 -0.110547
v -0.012582 -0.296362 -0.110445
v -0.012856 -0.313210 -0.118729
v -0.013071 -0.327315 -0.132266
v -0.013112 -0.345500 -0.134805
v -0.013308 -0.362343 -0.141551
v -0.013445 -0.380125 -0.147048
v -0.013515 -0.398055 -0.154617
v -0.013444 -0.417123 -0.155763
v -0.013277 -0.436427 -0.156873
v -0.013135 -0.455379 -0.158850
v -0.010110 -0.469531 -0.146387
v -0.008403 -0.486599 -0.136851
v -0.007380 -0.502982 -0.126456
v -0.006091 -0.518578 -0.114370
v -0.004624 -0.533501 -0.101014
v -0.001018 -0.545483 -0.086966
v 0.000933 -0.558528 -0.071230
v 0.001781 -0.564889 -0.052947
v 0.001626 -0.571386 -0.031746
v 0.041504 -1.207246 -0.074585
v 0.051220 -1.207835 -0.091880
v 0.068687 -1.208169 -0.101650
v 0.088268 -1.208233 -0.106373
v 0.108441 -1.208053 -0.106970
v 0.127847 -1.207534 -0.103031
v 0.145846 -1.207030 -0.095731
v 0.162656 -1.206649 -0.086055
v 0.177246 -1.205920 -0.073071
v 0.120133 -0.413422 -0.131135
v 0.152449 -0.365029 -0.088610
v 0.166764 -0.331451 -0.054133
v 0.097176 -0.583387 -0.139122
v 0.055242 -0.353790 -0.136975
v 0.014529 -0.319721 -0.123679
v -0.003642 -0.305347 -0.114329
v 0.009858 -0.307501 -0.119102
v 0.162233 -0.428215 -0.080706
v 0.171137 -0.378403 -0.057144
v 0.114583 -0.341408 -0.114359
v 0.144709 -0.330309 -0.084842
v 0.165608 -0.314616 -0.049065
v 0.170746 -0.331549 -0.035751
v 0.147216 -0.515348 -0.105899
v 0.152701 -0.604757 -0.096464
v 0.055047 -0.324572 -0.124627
v 0.034645 -0.312872 -0.117984
v 0.175830 -0.428776 -0.049970
v 0.175442 -0.362887 -0.042045
v 0.178327 -0.394700 -0.040957
v 0.111846 -0.318127 -0.105837
v 0.143646 -0.312682 -0.081536
v 0.169943 -0.315593 -0.033583
v 0.172631 -0.517077 -0.065077
v 0.169573 -0.571120 -0.067786
v 0.169466 -0.624267 -0.064044
v 0.054771 -0.309305 -0.118428
v 0.034612 -0.303235 -0.112986
v 0.180785 -0.429332 -0.032629
v 0.176655 -0.464004 -0.054939
v 0.178185 -0.362675 -0.029993
v 0.178429 -0.377890 -0.035550
v 0.170875 -0.345947 -0.044607
v 0.181661 -0.394819 -0.028773
v 0.111965 -0.306146 -0.101595
v 0.093809 -0.311379 -0.112034
v 0.153987 -0.314804 -0.064745
v 0.131323 -0.320459 -0.097409
v 0.123993 -0.308326 -0.096872
v 0.182978 -0.518581 -0.043235
v 0.179243 -0.570944 -0.044932
v 0.176708 -0.606706 -0.047290
v 0.175436 -0.642863 -0.049340
v 0.178170 -0.412754 -0.042000
v 0.180545 -0.448854 -0.042235
v 0.183151 -0.483014 -0.041344
v 0.175700 -0.383800 -0.045929
v 0.174856 -0.346608 -0.031339
v 0.162227 -0.350792 -0.068887
v 0.073975 -0.317622 -0.117044
v 0.149695 -0.323035 -0.075678
v 0.156187 -0.337400 -0.074102
v 0.140434 -0.321339 -0.088863
v 0.134357 -0.308063 -0.088356
v 0.186183 -0.519578 -0.029318
v 0.183028 -0.535555 -0.038437
v 0.183383 -0.574146 -0.031856
v 0.179921 -0.590269 -0.040785
v 0.181057 -0.610012 -0.034133
v 0.177707 -0.626129 -0.042724
v 0.179341 -0.643973 -0.036325
v 0.176445 -0.662323 -0.044877
v 0.181409 -0.412472 -0.027975
v 0.182389 -0.441959 -0.031006
v 0.183482 -0.464548 -0.035316
v 0.186678 -0.483637 -0.028911
v 0.184296 -0.500105 -0.037373
v 0.169598 -0.357075 -0.056483
v 0.166993 -0.344365 -0.058771
v 0.068044 -0.308107 -0.114399
v 0.152573 -0.349781 -0.082837
v 0.135159 -0.351174 -0.102589
v 0.145880 -0.354482 -0.093702
v 0.141187 -0.341703 -0.093669
v 0.128082 -0.337377 -0.104144
v 0.117471 -0.329555 -0.107328
v 0.099060 -0.329000 -0.116766
v 0.101711 -0.876294 -0.125790
v 0.088811 -0.727476 -0.132406
v 0.182141 -1.195872 -0.065081
v 0.154225 -1.156580 -0.093792
v 0.105965 -1.043250 -0.117584
v 0.060240 -1.157417 -0.099406
v 0.042006 -1.196698 -0.064857
v 0.011127 -0.626828 -0.106948
v 0.005642 -0.597031 -0.047782
v -0.002227 -0.583564 -0.024235
v 0.002804 -0.584049 -0.041539
v -0.000793 -0.598805 -0.031057
v 0.002647 -0.617578 -0.038515
v 0.001952 -0.605397 -0.039408
v 0.072687 -0.490939 -0.144550
v 0.020316 -0.354152 -0.138033
v 0.046994 -0.408110 -0.154011
v -0.000873 -0.319696 -0.126286
v 0.008738 -0.336376 -0.134325
v 0.033568 -0.332415 -0.129074
v 0.168608 -0.410760 -0.066093
v 0.171786 -0.396389 -0.058635
v 0.173355 -0.407910 -0.053383
v 0.158067 -0.391017 -0.083514
v 0.166268 -0.386549 -0.069872
v 0.164442 -0.398846 -0.073011
v 0.159298 -0.375881 -0.079266
v 0.155720 -0.410042 -0.089635
v 0.160378 -0.363357 -0.075831
v 0.165862 -0.371985 -0.067893
v 0.172635 -0.445652 -0.061671
v 0.081212 -0.308335 -0.113051
v 0.075161 -0.339740 -0.128129
v 0.178371 -0.531303 -0.055034
v 0.177637 -0.551664 -0.052951
v 0.182307 -0.557836 -0.037980
v 0.162595 -0.541902 -0.081288
v 0.179618 -0.540126 -0.049227
v 0.169634 -0.532857 -0.070157
v 0.170244 -0.547360 -0.066968
v 0.159392 -0.521387 -0.087534
v 0.172582 -0.559535 -0.062196
v 0.163954 -0.558858 -0.078976
v 0.163493 -0.531103 -0.080777
v 0.157363 -0.580174 -0.088605
v 0.162947 -0.572601 -0.080699
v 0.171384 -0.591424 -0.061872
v 0.164734 -0.585805 -0.075847
v 0.164544 -0.605695 -0.075300
v 0.158907 -0.595249 -0.086280
v 0.173512 -0.631942 -0.053908
v 0.174158 -0.618470 -0.053058
v 0.171057 -0.606123 -0.061105
v 0.180662 -0.471326 -0.045018
v 0.179424 -0.504224 -0.054367
v 0.180810 -0.492432 -0.048168
v 0.102348 -0.319428 -0.112466
v 0.086921 -0.322999 -0.117700
v 0.155157 -0.878263 -0.095989
v 0.069460 -0.951167 -0.111578
v 0.052058 -0.878961 -0.086591
v 0.151676 -0.731353 -0.100209
v 0.052269 -0.783967 -0.089220
v 0.036225 -0.715937 -0.082729
v 0.164723 -1.120377 -0.085881
v 0.174096 -1.157791 -0.075955
v 0.178176 -1.177875 -0.071757
v 0.154749 -1.183445 -0.092820
v 0.118321 -1.169802 -0.107694
v 0.156467 -1.045940 -0.095579
v 0.062391 -1.083413 -0.102753
v 0.054464 -1.029270 -0.097719
v 0.078527 -1.179229 -0.106174
v 0.043113 -1.159454 -0.077304
v 0.041457 -1.179591 -0.072020
v 0.049156 -1.122389 -0.088988
v 0.004498 -0.582611 -0.108368
v 0.003086 -0.667897 -0.071788
v 0.008276 -0.581347 -0.073854
v 0.008576 -0.586004 -0.058715
v 0.004702 -0.574756 -0.053017
v 0.005062 -0.634410 -0.034834
v 0.000600 -0.618644 -0.024798
v 0.029920 -0.487551 -0.161061
v 0.001796 -0.353693 -0.137894
v -0.001062 -0.343428 -0.135397
v 0.010751 -0.375018 -0.146168
v 0.000129 -0.366367 -0.142994
v 0.015948 -0.407700 -0.154823
v 0.020215 -0.330695 -0.129896
v 0.025726 -0.341784 -0.135086
v 0.042408 -0.344102 -0.134240
v 0.046288 -0.333242 -0.128218
v 0.037783 -0.359272 -0.140107
v 0.057008 -0.381119 -0.147450
v 0.025190 -0.368039 -0.143681
v 0.041082 -0.374807 -0.146220
v 0.054775 -0.367692 -0.143121
v 0.093944 -0.371483 -0.136495
v 0.074244 -0.372883 -0.142514
v 0.041762 -0.391509 -0.151216
v 0.025928 -0.383681 -0.148685
v 0.031413 -0.402799 -0.153737
v 0.009030 -0.391294 -0.152045
v 0.021865 -0.394944 -0.152601
v 0.000927 -0.403240 -0.154513
v 0.000039 -0.382044 -0.148015
v 0.028219 -0.322010 -0.123987
v 0.163264 -0.415746 -0.078057
v 0.143324 -0.433733 -0.111112
v 0.136724 -0.390391 -0.111844
v 0.176563 -0.440997 -0.051131
v 0.177210 -0.453518 -0.052987
v 0.169468 -0.429662 -0.065845
v 0.068493 -0.328890 -0.124444
v 0.096183 -0.350033 -0.127109
v 0.184013 -0.546704 -0.033895
v 0.175927 -0.582683 -0.051914
v 0.175889 -0.596408 -0.051101
v 0.157335 -0.628123 -0.088390
v 0.170755 -0.881345 -0.068377
v 0.157026 -0.935079 -0.094665
v 0.157645 -0.824598 -0.091078
v 0.045496 -0.956420 -0.076653
v 0.038121 -0.884687 -0.057411
v 0.169308 -0.733286 -0.066261
v 0.030411 -0.793509 -0.054556
v 0.013372 -0.741809 -0.061724
v 0.175175 -1.103571 -0.072613
v 0.181861 -1.158788 -0.063559
v 0.178543 -1.140515 -0.070022
v 0.183652 -1.178453 -0.060898
v 0.169908 -1.190316 -0.080384
v 0.159497 -1.193692 -0.088346
v 0.166538 -1.176235 -0.083849
v 0.156639 -1.170474 -0.091490
v 0.138423 -1.172991 -0.101520
v 0.164463 -1.160786 -0.085437
v 0.163824 -1.141646 -0.086511
v 0.118270 -1.189079 -0.106391
v 0.172459 -1.047151 -0.071888
v 0.164760 -1.009800 -0.082301
v 0.043868 -1.086604 -0.077035
v 0.043474 -1.049283 -0.075715
v 0.041238 -1.012220 -0.073098
v 0.078603 -1.195349 -0.105202
v 0.058656 -1.187075 -0.097365
v 0.097789 -1.187245 -0.108353
v 0.066287 -1.196041 -0.101159
v 0.042068 -1.160404 -0.062812
v 0.041784 -1.143438 -0.069642
v 0.042062 -1.179589 -0.059581
v 0.004625 -0.554585 -0.114055
v 0.007831 -0.669831 -0.044261
v 0.007902 -0.562810 -0.091271
v 0.005153 -0.567647 -0.066830
v 0.005017 -0.560548 -0.077564
v 0.008735 -0.627381 -0.071706
v 0.011332 -0.479803 -0.147609
v 0.014982 -0.523921 -0.145455
v 0.026768 -0.446869 -0.159480
v 0.030518 -0.424780 -0.156302
v 0.006254 -0.426783 -0.156974
v 0.089107 -0.403271 -0.147047
v 0.152286 -0.425330 -0.097230
v 0.139805 -0.412062 -0.111846
v 0.149147 -0.413453 -0.101004
v 0.148988 -0.396857 -0.099064
v 0.141775 -0.400331 -0.107573
v 0.145317 -0.377973 -0.099139
v 0.153261 -0.381095 -0.089776
v 0.158580 -0.467788 -0.092178
v 0.169006 -0.485924 -0.073485
v 0.176417 -0.480442 -0.059506
v 0.155007 -0.447286 -0.097309
v 0.171974 -0.501927 -0.069411
v 0.150998 -0.436379 -0.101799
v 0.165854 -0.512620 -0.078123
v 0.175593 -0.491508 -0.060423
v 0.103185 -0.340758 -0.120365
v 0.088757 -0.337463 -0.123827
v 0.081716 -0.357561 -0.134777
v 0.067766 -0.360631 -0.138984
v 0.067469 -0.349199 -0.134237
v 0.084501 -0.347572 -0.130421
v 0.163275 -0.620274 -0.077474
v 0.157170 -0.613875 -0.088517
v 0.162926 -0.660369 -0.078496
v 0.167149 -0.642410 -0.069403
v 0.163143 -0.633857 -0.077653
v 0.157096 -0.645608 -0.089425
v 0.176011 -0.881800 -0.052272
v 0.173799 -0.901450 -0.061180
v 0.173337 -0.861627 -0.059510
v 0.173845 -0.888903 -0.060499
v 0.176238 -0.868856 -0.050512
v 0.171233 -0.935874 -0.068273
v 0.170825 -0.825904 -0.063509
v 0.040889 -0.960009 -0.054999
v 0.043805 -0.919833 -0.069523
v 0.035232 -0.886172 -0.040375
v 0.032800 -0.866350 -0.047358
v 0.039998 -0.905126 -0.051061
v 0.034275 -0.876697 -0.048415
v 0.036965 -0.899168 -0.040568
v 0.176064 -0.734492 -0.048105
v 0.168092 -0.770349 -0.070069
v 0.168215 -0.699881 -0.066286
v 0.015170 -0.797050 -0.039228
v 0.030818 -0.829822 -0.061073
v 0.010670 -0.743318 -0.039147
v 0.006537 -0.705398 -0.057824
v 0.181723 -1.104374 -0.060019
v 0.177857 -1.084188 -0.066905
v 0.183411 -1.141303 -0.058969
v 0.179002 -1.120972 -0.068135
v 0.139086 -1.189971 -0.099791
v 0.149213 -1.195132 -0.094835
v 0.129411 -1.181440 -0.104099
v 0.132419 -1.147741 -0.105485
v 0.171355 -1.131511 -0.079059
v 0.172032 -1.147548 -0.078595
v 0.118322 -1.200952 -0.105731
v 0.178954 -1.047996 -0.057877
v 0.177318 -1.066689 -0.065378
v 0.175766 -1.027713 -0.064345
v 0.166177 -0.972558 -0.078909
v 0.042329 -1.087679 -0.059895
v 0.042175 -1.069319 -0.067833
v 0.042458 -1.108478 -0.070519
v 0.042410 -1.100314 -0.059958
v 0.042097 -1.051187 -0.057997
v 0.041973 -1.030349 -0.065749
v 0.042069 -1.038948 -0.055327
v 0.041045 -1.014293 -0.055053
v 0.040359 -0.993396 -0.062191
v 0.041709 -1.026669 -0.054307
v 0.040701 -1.003759 -0.063478
v 0.045435 -1.191729 -0.084212
v 0.049188 -1.174103 -0.089732
v 0.064216 -1.173538 -0.101259
v 0.095617 -1.167509 -0.109991
v 0.077967 -1.161244 -0.107041
v 0.084382 -1.171166 -0.108540
v 0.073331 -1.131952 -0.107325
v 0.070720 -1.145853 -0.105135
v 0.054112 -1.141358 -0.095122
v 0.095529 -1.142252 -0.111387
v 0.089875 -1.154877 -0.110238
v 0.082537 -1.139858 -0.109179
v 0.108953 -1.178926 -0.108426
v 0.098616 -1.199955 -0.107686
v 0.042287 -1.143478 -0.057129
v 0.005452 -0.544313 -0.100845
v 0.005233 -0.531550 -0.121809
v 0.007733 -0.557145 -0.101646
v 0.004292 -0.566582 -0.109134
v 0.007033 -0.541595 -0.113728
v 0.038775 -0.564099 -0.135267
v 0.014595 -0.574569 -0.130935
v 0.007104 -0.574883 -0.119498
v 0.010066 -0.671202 -0.028243
v 0.008639 -0.654185 -0.035862
v 0.006183 -0.690172 -0.036075
v 0.010662 -0.626110 -0.051670
v -0.000411 -0.478011 -0.143113
v 0.003383 -0.465753 -0.160951
v 0.008703 -0.496998 -0.137525
v -0.006080 -0.426868 -0.156644
v 0.018011 -0.420540 -0.156153
v 0.018833 -0.434748 -0.157133
v 0.009456 -0.449652 -0.157828
v -0.001217 -0.455286 -0.156633
v 0.086700 -0.385857 -0.143869
v 0.110963 -0.390112 -0.133713
v 0.070038 -0.396421 -0.150237
v 0.098297 -0.394674 -0.140887
v 0.109461 -0.403866 -0.136976
v 0.073232 -0.384367 -0.146271
v 0.055501 -0.397321 -0.152204
v 0.129804 -0.369869 -0.114796
v 0.167637 -0.460157 -0.074128
v 0.172603 -0.469382 -0.065855
v 0.060181 -0.337889 -0.129579
v 0.171441 -0.655618 -0.059284
v 0.170700 -0.677994 -0.059738
v 0.172790 -0.667268 -0.055482
v 0.162690 -0.648208 -0.079034
v 0.137522 -0.686205 -0.118045
v 0.177138 -0.899374 -0.048423
v 0.175222 -0.918681 -0.055960
v 0.176514 -0.931758 -0.054899
v 0.175388 -0.844426 -0.052483
v 0.175734 -0.831275 -0.050357
v 0.174458 -0.953791 -0.060692
v 0.174718 -0.808667 -0.054324
v 0.039331 -0.961579 -0.041785
v 0.039867 -0.940683 -0.050576
v 0.031047 -0.870282 -0.034291
v 0.028275 -0.850203 -0.039650
v 0.036231 -0.849189 -0.060472
v 0.031776 -0.854717 -0.050277
v 0.038035 -0.922947 -0.046165
v 0.040534 -0.916168 -0.057315
v 0.172578 -0.754181 -0.058536
v 0.175447 -0.771486 -0.051148
v 0.175019 -0.701134 -0.047301
v 0.016684 -0.797657 -0.027393
v 0.016944 -0.779815 -0.037244
v 0.018826 -0.814348 -0.038455
v 0.024059 -0.833170 -0.039924
v 0.011360 -0.743927 -0.025946
v 0.008494 -0.723929 -0.036217
v 0.182031 -1.084973 -0.055558
v 0.153541 -1.081971 -0.097373
v 0.172324 -1.113589 -0.077132
v 0.146202 -1.129103 -0.100178
v 0.130087 -1.161918 -0.105319
v 0.142202 -1.156541 -0.100816
v 0.145340 -1.143938 -0.100413
v 0.155373 -1.146300 -0.093746
v 0.182335 -1.067668 -0.054943
v 0.165548 -1.064107 -0.084756
v 0.180077 -1.030773 -0.052886
v 0.165173 -1.030105 -0.083122
v 0.175403 -1.010837 -0.060932
v 0.050318 -1.067159 -0.091513
v 0.043243 -1.071144 -0.054206
v 0.042362 -1.124627 -0.066637
v 0.045564 -1.026257 -0.082801
v 0.048312 -1.039142 -0.088538
v 0.065487 -1.049873 -0.106419
v 0.048455 -1.053331 -0.088880
v 0.057125 -1.040888 -0.099271
v 0.040975 -0.997521 -0.048302
v 0.039463 -0.977418 -0.052543
v 0.044029 -0.976233 -0.074807
v 0.041265 -0.981680 -0.064514
v 0.041914 -1.188526 -0.073147
v 0.049962 -1.160432 -0.089801
v 0.046043 -1.145618 -0.083541
v 0.044412 -1.134197 -0.080667
v 0.059942 -1.127291 -0.099543
v 0.058820 -1.104314 -0.099458
v 0.109236 -1.154330 -0.110205
v 0.116262 -1.135650 -0.110918
v 0.108078 -1.142360 -0.110953
v 0.003762 -0.527265 -0.110534
v 0.008645 -0.512549 -0.125641
v 0.005361 -0.655140 -0.022891
v 0.007646 -0.654552 -0.057582
v 0.008133 -0.690755 -0.024313
v 0.003518 -0.685191 -0.058446
v 0.011209 -0.609961 -0.065544
v 0.010499 -0.594357 -0.070070
v 0.006941 -0.590658 -0.089606
v -0.007552 -0.465699 -0.157135
v 0.019479 -0.473440 -0.162420
v 0.019538 -0.459034 -0.160954
v -0.001152 -0.494334 -0.131785
v 0.016713 -0.495700 -0.151810
v 0.036468 -0.510976 -0.152403
v 0.012150 -0.508821 -0.143948
v 0.022400 -0.508795 -0.154130
v 0.000407 -0.439205 -0.156170
v 0.070429 -0.422914 -0.154356
v 0.062323 -0.409913 -0.154521
v 0.076881 -0.410142 -0.151454
v 0.136331 -0.378113 -0.109046
v 0.172203 -0.456109 -0.063636
v 0.165788 -0.474078 -0.080350
v 0.161111 -0.455079 -0.086428
v 0.161449 -0.441836 -0.085123
v 0.167245 -0.440094 -0.073373
v 0.176049 -0.678779 -0.043699
v 0.173429 -0.688773 -0.052273
v 0.150789 -0.667987 -0.100806
v 0.176127 -0.944531 -0.054092
v 0.178165 -0.956176 -0.049314
v 0.175225 -0.973471 -0.059838
v 0.165515 -0.950926 -0.080157
v 0.178220 -0.809315 -0.042730
v 0.165084 -0.806253 -0.076865
v 0.042721 -0.947662 -0.064389
v 0.042427 -0.932508 -0.063097
v 0.065263 -0.830075 -0.105560
v 0.044315 -0.865664 -0.065449
v 0.162911 -0.751908 -0.080781
v 0.172829 -0.741687 -0.057770
v 0.177300 -0.754486 -0.044239
v 0.178674 -0.772148 -0.040025
v 0.175627 -0.789097 -0.050996
v 0.172156 -0.763980 -0.060321
v 0.178226 -0.701682 -0.035566
v 0.176206 -0.717286 -0.047408
v 0.017986 -0.786123 -0.050482
v 0.016757 -0.764389 -0.057942
v 0.015346 -0.775369 -0.050651
v 0.012720 -0.760524 -0.038041
v 0.025288 -0.805761 -0.047496
v 0.034289 -0.808336 -0.067715
v 0.025320 -0.817804 -0.053075
v 0.029495 -0.839290 -0.050681
v 0.005709 -0.707083 -0.035207
v 0.009567 -0.731708 -0.049691
v 0.007775 -0.718838 -0.050709
v 0.014538 -0.721598 -0.073399
v 0.009015 -0.716547 -0.063202
v 0.011521 -0.728531 -0.063856
v 0.167091 -1.088601 -0.083273
v 0.163454 -1.105234 -0.087865
v 0.152429 -1.113009 -0.096715
v 0.158847 -1.093150 -0.092826
v 0.128238 -1.110386 -0.109490
v 0.142118 -1.098039 -0.104274
v 0.140438 -1.116453 -0.103845
v 0.131398 -1.129400 -0.107329
v 0.157747 -1.129834 -0.092466
v 0.165330 -1.049783 -0.084042
v 0.171967 -1.059414 -0.074940
v 0.171576 -1.073777 -0.076768
v 0.162770 -1.075543 -0.088090
v 0.151499 -1.064825 -0.099741
v 0.171325 -1.034890 -0.073467
v 0.169515 -1.021347 -0.074621
v 0.044953 -1.072984 -0.080094
v 0.050691 -1.082478 -0.091356
v 0.054971 -1.093932 -0.096847
v 0.047784 -1.105507 -0.086878
v 0.043748 -1.098729 -0.077599
v 0.042927 -1.113957 -0.061178
v 0.043802 -1.117023 -0.077508
v 0.042333 -0.964738 -0.066691
v 0.055912 -0.965666 -0.097532
v 0.046450 -0.993264 -0.083338
v 0.050507 -1.010074 -0.093552
v 0.096328 -1.116909 -0.112860
v 0.091131 -1.130526 -0.111882
v 0.105268 -1.127277 -0.112528
v 0.112389 -1.113051 -0.112898
v 0.096735 -1.082590 -0.115320
v 0.101143 -1.100351 -0.114655
v 0.120765 -1.122579 -0.110660
v 0.079387 -1.102966 -0.110293
v 0.070691 -1.116190 -0.106404
v 0.083512 -1.115328 -0.111023
v 0.121928 -1.085817 -0.113141
v 0.119195 -1.100704 -0.112955
v 0.130333 -1.095024 -0.109997
v 0.137913 -1.078309 -0.107719
v 0.087976 -1.093840 -0.113293
v 0.073224 -1.091486 -0.109122
v 0.108528 -1.089354 -0.115195
v 0.121208 -1.063474 -0.114885
v 0.110793 -1.073722 -0.115944
v 0.091659 -1.062355 -0.115999
v 0.106491 -1.062133 -0.117031
v 0.076278 -1.072199 -0.110776
v 0.147305 -1.073070 -0.102271
v 0.136994 -1.063146 -0.109385
v 0.126434 -1.073094 -0.112494
v 0.008441 -0.524234 -0.133173
v 0.005394 -0.665978 -0.057865
v 0.009997 -0.660261 -0.046601
v 0.010166 -0.642915 -0.047218
v 0.009219 -0.639533 -0.062866
v 0.004955 -0.647526 -0.086746
v 0.004809 -0.649687 -0.072220
v 0.005573 -0.681608 -0.046820
v 0.017137 -0.692575 -0.087708
v 0.011642 -0.704150 -0.076040
v 0.006632 -0.693850 -0.067029
v 0.025527 -0.704129 -0.086383
v 0.078239 -0.661783 -0.112103
v 0.023630 -0.715855 -0.081958
v 0.059137 -0.688226 -0.091290
v 0.044030 -0.698582 -0.086127
v 0.004370 -0.696644 -0.049656
v 0.011146 -0.622008 -0.064166
v 0.009109 -0.614897 -0.050520
v 0.004536 -0.578355 -0.088359
v 0.006058 -0.605161 -0.109690
v 0.012413 -0.590032 -0.122971
v 0.007317 -0.613033 -0.087467
v 0.009705 -0.604983 -0.077563
v 0.051352 -0.439025 -0.158017
v 0.052728 -0.423369 -0.156036
v 0.041948 -0.430642 -0.157312
v 0.156027 -0.660206 -0.091429
v 0.175304 -0.991018 -0.060554
v 0.170990 -0.964247 -0.069006
v 0.170576 -0.948263 -0.070018
v 0.164721 -0.937906 -0.081827
v 0.163476 -0.913130 -0.083429
v 0.167283 -0.923917 -0.076513
v 0.160986 -0.923445 -0.088753
v 0.170338 -0.913188 -0.070069
v 0.131482 -0.909341 -0.116879
v 0.149935 -0.909614 -0.102386
v 0.170063 -0.812619 -0.066019
v 0.048623 -0.834461 -0.082303
v 0.044723 -0.880523 -0.071879
v 0.047100 -0.899526 -0.080918
v 0.044121 -0.903273 -0.066403
v 0.043895 -0.893719 -0.071174
v 0.170365 -0.796556 -0.065256
v 0.160989 -0.786078 -0.085413
v 0.171046 -0.783714 -0.063745
v 0.164897 -0.795532 -0.077666
v 0.172956 -0.726607 -0.057038
v 0.165418 -0.716115 -0.074985
v 0.172731 -0.707191 -0.057020
v 0.012344 -0.751241 -0.050437
v 0.173739 -1.092142 -0.074381
v 0.152083 -1.102770 -0.097840
v 0.158578 -1.057575 -0.093221
v 0.048358 -0.965483 -0.084764
v 0.050287 -0.980997 -0.090463
v 0.045775 -1.005401 -0.083241
v 0.087197 -1.006947 -0.117567
v 0.070044 -0.986569 -0.110883
v 0.060045 -0.979091 -0.102675
v 0.067854 -0.965536 -0.109881
v 0.058658 -0.995124 -0.101613
v 0.121015 -0.963801 -0.119420
v 0.071446 -1.001892 -0.110981
v 0.092552 -0.960359 -0.120891
v 0.073052 -1.024660 -0.111554
v 0.068157 -1.035849 -0.108343
v 0.087071 -1.036396 -0.116170
v 0.079172 -0.958587 -0.116425
v 0.083810 -0.976026 -0.117930
v 0.076925 -1.012726 -0.113582
v 0.061891 -1.014160 -0.105462
v 0.106005 -0.977948 -0.120567
v 0.084901 -0.990463 -0.117296
v 0.105580 -0.995570 -0.119574
v 0.062596 -1.066875 -0.103161
v 0.076560 -1.059059 -0.111954
v 0.077517 -1.045117 -0.112401
v 0.089070 -1.072466 -0.114642
v 0.008544 -0.682264 -0.077871
v 0.013596 -0.665388 -0.094305
v 0.014469 -0.678951 -0.090341
v 0.040018 -0.670673 -0.096592
v 0.029315 -0.683846 -0.093645
v 0.025616 -0.671115 -0.096990
v 0.029744 -0.646519 -0.106169
v 0.034140 -0.660306 -0.102022
v 0.059907 -0.642971 -0.099623
v 0.051202 -0.658597 -0.096159
v 0.044810 -0.683701 -0.090791
v 0.056396 -0.671814 -0.093028
v 0.044674 -0.645572 -0.101776
v 0.047629 -0.607817 -0.113490
v 0.049789 -0.625163 -0.105538
v 0.067028 -0.655654 -0.100794
v 0.071562 -0.678664 -0.102842
v 0.068073 -0.719868 -0.100430
v 0.004071 -0.593601 -0.102703
v 0.035602 -0.582963 -0.126449
v 0.003813 -0.628197 -0.089734
v 0.008163 -0.638976 -0.098657
v 0.019119 -0.638095 -0.107149
v 0.012159 -0.653439 -0.098387
v 0.031190 -0.623002 -0.115775
v 0.004537 -0.636695 -0.079672
v 0.170281 -1.000462 -0.071517
v 0.161584 -0.989291 -0.088140
v 0.168763 -0.987079 -0.073754
v 0.039482 -0.837170 -0.069652
v 0.039957 -0.822314 -0.077381
v 0.048582 -0.851972 -0.075663
v 0.045400 -0.803146 -0.086913
v 0.060189 -0.848838 -0.093977
v 0.052081 -0.864307 -0.079865
v 0.039963 -0.810397 -0.078930
v 0.053538 -0.845294 -0.084507
v 0.161170 -0.729774 -0.083887
v 0.164533 -0.739878 -0.077100
v 0.157149 -0.742560 -0.091390
v 0.151000 -0.767177 -0.100376
v 0.146255 -0.750352 -0.107924
v 0.156497 -0.756887 -0.092595
v 0.160628 -0.769487 -0.085788
v 0.155512 -0.696769 -0.093750
v 0.160074 -0.678182 -0.085196
v 0.156327 -0.714603 -0.092587
v 0.170446 -0.716943 -0.063350
v 0.148381 -0.963974 -0.103699
v 0.104634 -1.022669 -0.118788
v 0.088273 -1.022961 -0.117055
v 0.092598 -1.048811 -0.116891
v 0.107513 -0.964395 -0.121168
v 0.109657 -0.932830 -0.122929
v 0.113790 -0.947653 -0.121662
v 0.089461 -0.942153 -0.120641
v 0.136148 -0.934380 -0.113938
v 0.102662 -0.943816 -0.122478
v 0.123105 -0.938271 -0.119534
v 0.122511 -0.921140 -0.120464
v 0.132820 -0.949980 -0.114912
v 0.096277 -0.907136 -0.123853
v 0.147220 -0.945437 -0.105354
v 0.135217 -0.965574 -0.113431
v 0.143921 -0.987254 -0.108003
v 0.142766 -0.975955 -0.108744
v 0.155671 -0.977750 -0.096716
v 0.125346 -0.982273 -0.116962
v 0.114529 -0.907517 -0.123447
v 0.156989 -0.948673 -0.094277
v 0.142517 -0.954186 -0.108846
v 0.105001 -0.917775 -0.124068
v 0.084512 -0.921933 -0.119724
v 0.105848 -0.892899 -0.125126
v 0.131905 -0.876383 -0.117350
v 0.125278 -0.892878 -0.120591
v 0.117324 -0.879562 -0.123789
v 0.142617 -0.892073 -0.109549
v 0.097577 -0.985421 -0.119375
v 0.032527 -0.693512 -0.089710
v 0.081409 -0.612845 -0.120659
v 0.066641 -0.667979 -0.098926
v 0.092446 -0.691622 -0.134490
v 0.057045 -0.714310 -0.086062
v 0.072084 -0.699542 -0.104505
v 0.022652 -0.585113 -0.128863
v 0.037144 -0.633234 -0.109066
v 0.016993 -0.615139 -0.116570
v 0.042697 -0.619360 -0.112361
v 0.044184 -0.792623 -0.071670
v 0.068121 -0.800185 -0.115049
v 0.057338 -0.834740 -0.093744
v 0.055655 -0.816481 -0.098242
v 0.048145 -0.823841 -0.088261
v 0.079848 -0.853889 -0.120333
v 0.118633 -0.840998 -0.125559
v 0.121936 -0.860247 -0.123252
v 0.111923 -0.869091 -0.125833
v 0.095266 -0.861249 -0.125918
v 0.094458 -0.840025 -0.127436
v 0.090587 -0.849697 -0.125182
v 0.125750 -0.725930 -0.127131
v 0.162568 -0.701334 -0.080574
v 0.164157 -0.689556 -0.077268
v 0.152921 -0.682500 -0.097598
v 0.146540 -0.692282 -0.107066
v 0.144930 -0.678602 -0.109055
v 0.134479 -0.707332 -0.120720
v 0.139084 -0.696507 -0.116220
v 0.146405 -0.710542 -0.107735
v 0.150560 -0.721104 -0.101829
v 0.140127 -0.727681 -0.115301
v 0.144763 -0.737949 -0.109711
v 0.133761 -0.720238 -0.121455
v 0.165819 -0.672140 -0.073237
v 0.099864 -1.031994 -0.118037
v 0.101716 -1.009003 -0.119105
v 0.129548 -1.009498 -0.115338
v 0.115331 -1.013185 -0.118352
v 0.129102 -1.031897 -0.114583
v 0.117657 -1.023996 -0.117205
v 0.129274 -1.048730 -0.113430
v 0.116096 -1.051354 -0.116680
v 0.143490 -1.040173 -0.106193
v 0.143644 -1.022220 -0.106614
v 0.147611 -1.052497 -0.103099
v 0.118090 -0.975769 -0.119824
v 0.112532 -0.984951 -0.119679
v 0.122178 -0.996787 -0.117060
v 0.135444 -0.997054 -0.113071
v 0.159855 -0.963707 -0.090808
v 0.096138 -0.929617 -0.122443
v 0.075117 -0.935290 -0.114469
v 0.055419 -0.936338 -0.093946
v 0.052077 -0.953521 -0.092053
v 0.047209 -0.940366 -0.079389
v 0.062569 -0.939983 -0.105851
v 0.060452 -0.954072 -0.103079
v 0.050068 -0.924242 -0.083699
v 0.047510 -0.913350 -0.081215
v 0.065572 -0.905203 -0.106224
v 0.062787 -0.921036 -0.105971
v 0.054287 -0.905338 -0.093684
v 0.053613 -0.890469 -0.092077
v 0.067341 -0.876354 -0.109774
v 0.058633 -0.881752 -0.098774
v 0.060695 -0.863096 -0.099268
v 0.067501 -0.890050 -0.108278
v 0.083012 -0.884638 -0.120457
v 0.073847 -0.915110 -0.114011
v 0.055959 -0.923762 -0.095610
v 0.066907 -0.853193 -0.108605
v 0.057109 -0.859842 -0.089241
v 0.082291 -0.870095 -0.120926
v 0.092581 -0.894202 -0.123230
v 0.077882 -0.899653 -0.116975
v 0.066162 -0.842139 -0.103318
v 0.070649 -0.863219 -0.113251
v 0.141514 -0.904746 -0.110511
v 0.141289 -0.918967 -0.110757
v 0.151865 -0.922413 -0.100426
v 0.146393 -0.932679 -0.105849
v 0.144434 -0.878128 -0.107902
v 0.152615 -0.849989 -0.098894
v 0.151232 -0.865679 -0.100772
v 0.139043 -0.855611 -0.113307
v 0.163871 -0.860733 -0.080977
v 0.138598 -0.868457 -0.113425
v 0.157743 -0.859220 -0.092034
v 0.167901 -0.846214 -0.071114
v 0.153819 -0.894401 -0.097924
v 0.163404 -0.888369 -0.082522
v 0.168114 -0.899462 -0.074411
v 0.157968 -0.905696 -0.092738
v 0.162541 -0.875459 -0.083988
v 0.070963 -0.626983 -0.108060
v 0.078565 -0.643158 -0.112184
v 0.080868 -0.679920 -0.121850
v 0.045988 -0.709765 -0.083787
v 0.059036 -0.700157 -0.088654
v 0.054316 -0.748840 -0.079481
v 0.068946 -0.688370 -0.099096
v 0.048007 -0.793793 -0.083475
v 0.037533 -0.799601 -0.063783
v 0.033680 -0.776755 -0.067707
v 0.054886 -0.797076 -0.101738
v 0.060668 -0.806312 -0.105661
v 0.052934 -0.805288 -0.096159
v 0.112380 -0.778230 -0.130681
v 0.108336 -0.851851 -0.126938
v 0.132194 -1.022129 -0.114047
v 0.153544 -1.004746 -0.100113
v 0.154775 -1.029068 -0.097440
v 0.153821 -1.018143 -0.098758
v 0.129078 -0.847965 -0.120311
v 0.138815 -0.823984 -0.114872
v 0.141151 -0.839687 -0.112462
v 0.130600 -0.833081 -0.120931
v 0.115452 -0.807473 -0.128580
v 0.125632 -0.819244 -0.123909
v 0.149463 -0.828976 -0.103424
v 0.108754 -0.824059 -0.128795
v 0.140558 -0.792561 -0.114030
v 0.156926 -0.838327 -0.093722
v 0.163694 -0.832866 -0.079476
v 0.165322 -0.820752 -0.077041
v 0.130498 -0.802771 -0.121478
v 0.119517 -0.793366 -0.128105
v 0.143830 -0.807510 -0.110027
v 0.131159 -0.777160 -0.122301
v 0.152376 -0.796775 -0.099883
v 0.150861 -0.816690 -0.101472
v 0.158323 -0.810054 -0.090394
v 0.148741 -0.780589 -0.104595
v 0.159290 -0.799208 -0.088561
v 0.140730 -0.770504 -0.113509
v 0.156055 -0.778911 -0.093853
v 0.124138 -0.754335 -0.127799
v 0.133561 -0.741884 -0.121520
v 0.130432 -0.765129 -0.122746
v 0.117070 -0.766111 -0.129977
v 0.080678 -0.761551 -0.127135
v 0.100727 -0.751477 -0.132861
v 0.064543 -0.775049 -0.112075
v 0.062043 -0.788683 -0.110369
v 0.169032 -0.856853 -0.070386
v 0.171271 -0.836984 -0.062638
v 0.060247 -0.630716 -0.101873
v 0.061114 -0.614039 -0.106616
v 0.073293 -0.614496 -0.110770
v 0.072601 -0.584255 -0.116838
v 0.075871 -0.598070 -0.114614
v 0.060704 -0.600394 -0.110312
v 0.048297 -0.590944 -0.117835
v 0.085803 -0.590535 -0.127158
v 0.053553 -0.570829 -0.122838
v 0.060816 -0.589077 -0.114156
v 0.098124 -0.605501 -0.137771
v 0.123365 -0.643005 -0.131364
v 0.136501 -0.659475 -0.118976
v 0.147404 -0.650203 -0.105201
v 0.047244 -0.581191 -0.123110
v 0.093367 -0.596090 -0.136671
v 0.082921 -0.627833 -0.119403
v 0.091175 -0.620940 -0.132735
v 0.094780 -0.649205 -0.135872
v 0.114093 -0.622778 -0.137343
v 0.085950 -0.641616 -0.125731
v 0.094835 -0.633364 -0.135933
v 0.084783 -0.658065 -0.126133
v 0.108385 -0.641234 -0.137235
v 0.102379 -0.617894 -0.138784
v 0.099389 -0.669681 -0.136060
v 0.113791 -0.658466 -0.135960
v 0.092925 -0.659298 -0.134728
v 0.126275 -0.656988 -0.128837
v 0.129791 -0.672352 -0.125836
v 0.138716 -0.670277 -0.116722
v 0.116068 -0.672859 -0.134666
v 0.104511 -0.683427 -0.136545
v 0.122705 -0.691698 -0.130853
v 0.078161 -0.673568 -0.112359
v 0.080066 -0.696621 -0.122011
v 0.076310 -0.689440 -0.112235
v 0.090612 -0.709582 -0.133244
v 0.075169 -0.713142 -0.115830
v 0.081878 -0.708342 -0.124846
v 0.073390 -0.733026 -0.116804
v 0.071467 -0.722430 -0.111604
v 0.066719 -0.709193 -0.095902
v 0.060047 -0.732047 -0.086280
v 0.037850 -0.785795 -0.063059
v 0.033194 -0.754459 -0.070541
v 0.050495 -0.776228 -0.074351
v 0.042805 -0.765666 -0.071843
v 0.057974 -0.766425 -0.089601
v 0.160226 -1.001197 -0.090499
v 0.142147 -1.008301 -0.108527
v 0.153891 -0.991348 -0.098934
v 0.161225 -1.020916 -0.087805
v 0.107707 -0.836307 -0.128424
v 0.081824 -0.818889 -0.124628
v 0.070547 -0.813111 -0.115893
v 0.161466 -0.848148 -0.084176
v 0.130926 -0.789874 -0.121787
v 0.136864 -0.753507 -0.117594
v 0.070845 -0.532248 -0.128678
v 0.144187 -0.662297 -0.109500
v 0.137155 -0.640230 -0.118392
v 0.150233 -0.636771 -0.100299
v 0.147956 -0.618727 -0.103646
v 0.142782 -0.630677 -0.111659
v 0.130257 -0.624601 -0.125875
v 0.137024 -0.600463 -0.120059
v 0.144453 -0.605289 -0.108721
v 0.136854 -0.612989 -0.119035
v 0.146416 -0.585926 -0.105814
v 0.123250 -0.605704 -0.131713
v 0.146590 -0.555285 -0.105948
v 0.155258 -0.563378 -0.093271
v 0.147639 -0.571605 -0.105039
v 0.154451 -0.547021 -0.094357
v 0.125898 -0.567069 -0.131767
v 0.144824 -0.535868 -0.108991
v 0.137953 -0.565427 -0.118954
v 0.132781 -0.581811 -0.124213
v 0.130963 -0.544855 -0.126930
v 0.140683 -0.577527 -0.114492
v 0.138909 -0.552408 -0.117655
v 0.089369 -0.678410 -0.132481
v 0.107435 -0.701104 -0.135467
v 0.122167 -0.705246 -0.130045
v 0.082588 -0.744629 -0.128198
v 0.094071 -0.739813 -0.133412
v 0.107428 -0.726548 -0.133766
v 0.110949 -0.714932 -0.133959
v 0.089320 -0.752232 -0.131244
v 0.097776 -0.768666 -0.132141
v 0.116404 -0.740102 -0.131001
v 0.097446 -0.720422 -0.134608
v 0.089707 -0.791245 -0.128913
v 0.074929 -0.786841 -0.121656
v 0.098526 -0.780517 -0.131376
v 0.104502 -0.794677 -0.131131
v 0.093058 -0.806363 -0.129044
v 0.079467 -0.803399 -0.123259
v 0.075002 -0.774498 -0.123122
v 0.095595 -0.819475 -0.129036
v 0.063125 -0.721244 -0.089882
v 0.067408 -0.737217 -0.101062
v 0.069123 -0.751073 -0.113605
v 0.069459 -0.764354 -0.116206
v 0.062313 -0.765686 -0.103741
v 0.057718 -0.777019 -0.100058
v 0.063959 -0.750791 -0.095827
v 0.073646 -0.744332 -0.119645
v 0.061214 -0.744061 -0.088275
v 0.039344 -0.734818 -0.076824
v 0.022095 -0.735564 -0.074458
v 0.030547 -0.725316 -0.080026
v 0.030532 -0.744972 -0.074478
v 0.027282 -0.765520 -0.067039
v 0.019412 -0.751872 -0.066502
v 0.053631 -0.761385 -0.078989
v 0.063055 -0.820202 -0.107429
v 0.057466 -0.551676 -0.128624
v 0.129931 -0.634696 -0.125924
v 0.123010 -0.617518 -0.131746
v 0.151750 -0.526526 -0.098884
v 0.127604 -0.594518 -0.129361
v 0.112790 -0.595432 -0.139472
v 0.111618 -0.606435 -0.138375
v 0.120136 -0.580758 -0.135431
v 0.109405 -0.568153 -0.141132
v 0.133481 -0.522977 -0.123437
v 0.106616 -0.760142 -0.131948
v 0.047381 -0.722965 -0.080104
v 0.050781 -0.739093 -0.079272
v 0.050441 -0.563027 -0.129112
v 0.157078 -0.535974 -0.091174
v 0.109113 -0.578537 -0.139984
v 0.084988 -0.559893 -0.128201
v 0.086975 -0.574447 -0.130060
v 0.095174 -0.565142 -0.138008
v 0.098811 -0.534998 -0.140157
v 0.107339 -0.551307 -0.141740
v 0.141632 -0.524819 -0.112981
v 0.092396 -0.548783 -0.136375
v 0.079715 -0.545075 -0.125614
v 0.070070 -0.557490 -0.121072
v 0.067237 -0.543998 -0.126559
v 0.086806 -0.531921 -0.130042
v 0.079287 -0.510356 -0.134492
v 0.078983 -0.522011 -0.130800
v 0.118849 -0.534764 -0.138305
v 0.118138 -0.558747 -0.137797
v 0.075907 -0.569825 -0.120775
v 0.064434 -0.574361 -0.117101
v 0.110136 -0.504577 -0.143067
v 0.128369 -0.533397 -0.129553
v 0.121668 -0.546196 -0.135951
v 0.109748 -0.521980 -0.142632
v 0.095061 -0.518343 -0.135096
v 0.122869 -0.512587 -0.133248
v 0.093930 -0.500888 -0.137808
v 0.131286 -0.471897 -0.125761
v 0.136660 -0.501429 -0.119429
v 0.081303 -0.498295 -0.139747
v 0.107171 -0.474924 -0.145031
v 0.091835 -0.484620 -0.144095
v 0.131918 -0.511513 -0.125167
v 0.106060 -0.490299 -0.144737
v 0.120188 -0.482851 -0.135193
v 0.081267 -0.453653 -0.151093
v 0.100326 -0.431513 -0.145091
v 0.108636 -0.419437 -0.140274
v 0.087037 -0.423510 -0.150878
v 0.124404 -0.439281 -0.130831
v 0.113938 -0.432083 -0.138650
v 0.111436 -0.453388 -0.140058
v 0.131674 -0.487508 -0.124883
v 0.121181 -0.497455 -0.134977
v 0.091102 -0.468116 -0.148145
v 0.087194 -0.439078 -0.151580
v 0.119002 -0.467367 -0.135705
v 0.146317 -0.478849 -0.108784
v 0.157689 -0.489624 -0.092584
v 0.164033 -0.497976 -0.081689
v 0.155385 -0.505640 -0.094492
v 0.079746 -0.477035 -0.147081
v 0.052619 -0.473840 -0.150299
v 0.065324 -0.479315 -0.148899
v 0.037885 -0.466340 -0.161256
v 0.051537 -0.495251 -0.143964
v 0.066257 -0.463294 -0.153072
v 0.096832 -0.452965 -0.147333
v 0.069097 -0.441898 -0.154913
v 0.123943 -0.453672 -0.131202
v 0.137174 -0.448166 -0.120263
v 0.137838 -0.479092 -0.118147
v 0.141970 -0.463435 -0.114744
v 0.146856 -0.499619 -0.106951
v 0.077971 -0.465943 -0.150400
v 0.104449 -0.462512 -0.145203
v 0.104708 -0.443455 -0.143804
v 0.057887 -0.451343 -0.154900
v 0.043542 -0.452203 -0.160559
v 0.077174 -0.432280 -0.153154
v 0.146760 -0.447738 -0.109007
v 0.133459 -0.459211 -0.123847
v 0.150851 -0.467236 -0.104210
v 0.140978 -0.490546 -0.114172
v 0.037846 -0.441986 -0.159087
v 0.096380 -0.414973 -0.145762
v 0.041431 -0.479424 -0.158393
v 0.041509 -0.493847 -0.155235
v 0.064734 -0.504767 -0.140306
v 0.150609 -0.488780 -0.102698
v 0.159522 -0.326643 -0.065086
v 0.132712 -0.424188 -0.122602
v 0.134047 -0.435757 -0.122401
v 0.121999 -0.425488 -0.130675
v 0.129190 -0.401355 -0.121203
v 0.124388 -0.386382 -0.122877
v 0.112342 -0.372763 -0.128559
v 0.103434 -0.379428 -0.133983
v 0.102826 -0.361638 -0.129387
v 0.121884 -0.375020 -0.120834
v 0.014127 -0.549851 -0.138752
v 0.009203 -0.538015 -0.133406
v 0.007503 -0.549900 -0.126877
v 0.011165 -0.563618 -0.132388
v 0.024755 -0.559228 -0.138682
v 0.139224 -0.365632 -0.103611
v 0.123401 -0.354582 -0.113924
v 0.114564 -0.360912 -0.122847
v 0.004743 -0.617847 -0.101395
v 0.006077 -0.661632 -0.084676
v 0.028376 -0.600605 -0.122797
v 0.040145 -0.600098 -0.119389
v 0.015680 -0.602479 -0.120112
v 0.076648 -0.836402 -0.120848
v 0.072232 -0.826467 -0.117620
v 0.086770 -0.829025 -0.126049
v 0.046440 -0.530438 -0.139102
v 0.037904 -0.546585 -0.140415
v 0.029973 -0.533672 -0.148139
v 0.027077 -0.520733 -0.151448
v 0.049675 -0.542498 -0.134897
v 0.025743 -0.545698 -0.144236
v 0.016865 -0.536568 -0.143807
v 0.049713 -0.513843 -0.140576
v 0.039858 -0.521044 -0.146109
v 0.063219 -0.519424 -0.134970
v -0.008374 -0.345122 0.143331
v -0.029014 -0.344570 0.142383
v -0.049514 -0.343445 0.138070
v -0.069158 -0.341213 0.130451
v -0.087171 -0.338139 0.119348
v -0.103522 -0.334486 0.106272
v -0.116611 -0.330200 0.090222
v -0.130729 -0.326493 0.075767
v -0.144019 -0.323201 0.062564
v -0.155469 -0.319641 0.045458
v -0.163748 -0.316213 0.026416
v -0.167918 -0.313445 0.008051
v -0.169013 -0.317005 0.006280
v -0.172241 -0.332037 0.006046
v -0.176186 -0.347850 0.005388
v -0.179905 -0.362614 0.005841
v -0.181688 -0.377774 0.006440
v -0.183825 -0.393845 0.007460
v -0.185062 -0.411448 0.007839
v -0.189781 -0.429705 0.007769
v -0.189156 -0.447072 0.007683
v -0.190920 -0.465840 0.007078
v -0.190988 -0.482545 0.006434
v -0.191208 -0.501404 0.005582
v -0.190649 -0.518183 0.004803
v -0.190469 -0.537059 0.003803
v -0.189070 -0.553811 0.002791
v -0.188075 -0.572710 0.001581
v -0.186574 -0.589600 0.000588
v -0.185274 -0.608500 -0.000901
v -0.183856 -0.625353 -0.002163
v -0.182658 -0.644291 -0.003814
v -0.181953 -0.661604 -0.005073
v -0.180825 -0.680580 -0.006812
v -0.180646 -0.698213 -0.008064
v -0.179852 -0.715216 -0.009272
v -0.179183 -0.734831 -0.010885
v -0.178699 -0.751919 -0.012109
v -0.178529 -0.769211 -0.013350
v -0.178004 -0.788842 -0.014898
v -0.177128 -0.807099 -0.015965
v -0.176775 -0.824165 -0.017145
v -0.176468 -0.843792 -0.018707
v -0.175739 -0.861314 -0.020128
v -0.175344 -0.879044 -0.021287
v -0.175132 -0.896576 -0.022268
v -0.174912 -0.916175 -0.023798
v -0.174888 -0.933652 -0.024606
v -0.174663 -0.953228 -0.026138
v -0.174666 -0.970981 -0.027255
v -0.174439 -0.990536 -0.028806
v -0.174806 -1.008170 -0.029972
v -0.175306 -1.027713 -0.031366
v -0.176157 -1.045092 -0.032615
v -0.176726 -1.064622 -0.034008
v -0.177193 -1.081864 -0.035405
v -0.177731 -1.101385 -0.036760
v -0.177866 -1.118632 -0.038038
v -0.178476 -1.138138 -0.039389
v -0.178604 -1.155716 -0.040533
v -0.179303 -1.175206 -0.041841
v -0.179294 -1.192683 -0.043126
v -0.180068 -1.212160 -0.044357
v -0.179161 -1.213912 -0.025369
v -0.166674 -1.216796 -0.011085
v -0.149496 -1.218718 -0.002797
v -0.129992 -1.218715 -0.001814
v -0.111359 -1.218259 -0.006451
v -0.093738 -1.215913 -0.014194
v -0.077844 -1.214602 -0.025008
v -0.062851 -1.213055 -0.036936
v -0.048881 -1.211438 -0.050141
v -0.040164 -1.209371 -0.067132
v -0.040930 -1.189952 -0.065570
v -0.040938 -1.173378 -0.064519
v -0.041750 -1.153925 -0.063025
v -0.042257 -1.136496 -0.061175
v -0.042744 -1.117017 -0.059596
v -0.043158 -1.100693 -0.058452
v -0.043303 -1.081213 -0.056770
v -0.042939 -1.064352 -0.055372
v -0.042880 -1.044821 -0.053714
v -0.042241 -1.027395 -0.052118
v -0.041655 -1.007872 -0.050254
v -0.039973 -0.990763 -0.048207
v -0.038620 -0.971258 -0.046122
v -0.036496 -0.954179 -0.043834
v -0.034610 -0.934681 -0.041663
v -0.033253 -0.916924 -0.039834
v -0.032007 -0.899146 -0.038073
v -0.029897 -0.879611 -0.035958
v -0.028721 -0.863128 -0.034086
v -0.025191 -0.846167 -0.032187
v -0.022404 -0.825989 -0.030783
v -0.019591 -0.808634 -0.028801
v -0.017441 -0.789132 -0.026712
v -0.015436 -0.771803 -0.024896
v -0.014124 -0.755215 -0.023052
v -0.012147 -0.735652 -0.021446
v -0.009520 -0.718006 -0.020915
v -0.007820 -0.698413 -0.019468
v -0.006144 -0.681466 -0.017948
v -0.004890 -0.664451 -0.016347
v -0.002935 -0.644773 -0.014727
v -0.000240 -0.627573 -0.012953
v -0.010890 -0.610914 -0.014262
v -0.013787 -0.593254 -0.015607
v -0.148147 -0.397799 0.073652
v -0.163352 -0.361232 0.049363
v -0.109927 -0.566029 0.105798
v -0.032985 -0.385942 0.129984
v -0.014502 -0.652853 0.089706
v -0.012875 -0.584431 -0.001989
v -0.085640 -0.463231 0.112176
v -0.169411 -0.342434 0.031022
v -0.175979 -0.373105 0.030829
v -0.044128 -0.550671 0.120188
v -0.014243 -0.403870 0.129725
v -0.013714 -0.370924 0.137844
v -0.000727 -0.617953 0.051191
v -0.037400 -0.461828 0.122547
v -0.172143 -0.341097 0.017848
v -0.174753 -0.357497 0.023883
v -0.168334 -0.329218 0.024459
v -0.160248 -0.332906 0.040048
v -0.179468 -0.371700 0.017793
v -0.014447 -0.543618 0.128656
v 0.000616 -0.403464 0.130374
v -0.005931 -0.386824 0.132681
v -0.006485 -0.422620 0.128423
v 0.000695 -0.370557 0.137790
v -0.001720 -0.356708 0.139588
v -0.003744 -0.595331 0.044780
v 0.003021 -0.596457 0.094667
v -0.011664 -0.460827 0.127381
v -0.029660 -0.502625 0.124675
v -0.170100 -0.363340 0.037561
v -0.163783 -0.346761 0.046445
v -0.142382 -0.352013 0.068986
v -0.154280 -0.335590 0.056393
v -0.153577 -0.352159 0.056962
v -0.151390 -0.375240 0.067424
v -0.155218 -0.365097 0.060685
v 0.003044 -0.538218 0.125849
v -0.019449 -0.381931 0.134007
v -0.010504 -0.582307 0.041737
v -0.006378 -0.585203 0.065201
v -0.008657 -0.592267 0.021913
v 0.001131 -0.576972 0.104976
v 0.002213 -0.460242 0.127579
v -0.006526 -0.480219 0.128287
v -0.143344 -0.337205 0.069140
v -0.010799 -0.519744 0.125989
v -0.007340 -0.573896 0.060128
v -0.004254 -0.574131 0.083645
v -0.013062 -0.581796 0.018817
v -0.004388 -0.564806 0.096275
v 0.000538 -0.555847 0.114879
v -0.008494 -0.532078 0.130145
v 0.002928 -0.518363 0.131975
v -0.000335 -0.547458 0.106348
v -0.002000 -0.550394 0.126436
v -0.106184 -0.913219 0.053990
v -0.094625 -0.767416 0.079834
v -0.172596 -1.187008 -0.011987
v -0.180350 -1.203060 -0.033317
v -0.175027 -1.199722 -0.017469
v -0.179319 -1.189467 -0.027000
v -0.110539 -1.056176 0.028643
v -0.085072 -1.151315 -0.006064
v -0.056287 -1.184578 -0.038610
v -0.043992 -1.200016 -0.056726
v -0.046729 -1.185398 -0.051276
v -0.053446 -1.197675 -0.043770
v -0.175453 -0.423590 0.051548
v -0.099594 -0.388608 0.104259
v -0.162390 -0.516405 0.077161
v -0.166446 -0.587788 0.069340
v -0.040704 -0.365155 0.135755
v -0.027447 -0.371944 0.136720
v -0.021438 -0.357670 0.138500
v -0.002501 -0.676734 0.040716
v -0.005272 -0.640381 0.022465
v -0.046392 -0.425736 0.125489
v -0.129367 -0.346355 0.085685
v -0.133403 -0.338662 0.077513
v -0.002798 -0.610975 0.030885
v -0.012761 -0.604121 0.004120
v -0.024672 -0.475225 0.125629
v -0.050386 -0.486472 0.120537
v -0.020064 -0.489755 0.126690
v -0.035428 -0.486927 0.124472
v -0.013712 -0.503820 0.125351
v -0.041778 -0.475140 0.121701
v -0.061579 -0.461225 0.115863
v 0.001317 -0.499545 0.126850
v 0.002418 -0.587707 0.079650
v -0.002890 -0.581851 0.094617
v 0.003126 -0.609635 0.074242
v 0.001091 -0.598096 0.065677
v 0.003456 -0.600606 0.082132
v 0.001652 -0.608703 0.060210
v -0.160172 -0.912918 0.034211
v -0.073409 -0.966557 0.020147
v -0.058268 -0.891735 0.019274
v -0.158699 -0.766785 0.055787
v -0.050754 -0.818911 0.042365
v -0.025148 -0.747940 0.051828
v -0.177336 -1.166746 -0.020766
v -0.177377 -1.179163 -0.020348
v -0.157871 -1.198129 -0.002853
v -0.167961 -1.194962 -0.008812
v -0.159303 -1.078206 0.016312
v -0.070916 -1.076804 -0.006921
v -0.150805 -1.004948 0.033035
v -0.085190 -1.183567 -0.012636
v -0.058554 -1.148340 -0.031210
v -0.049693 -1.164806 -0.044856
v -0.049466 -1.177321 -0.045929
v -0.070009 -1.194809 -0.027254
v -0.181560 -0.404109 0.032307
v -0.180958 -0.387450 0.025060
v -0.184576 -0.440830 0.033317
v -0.096627 -0.361052 0.107306
v -0.183356 -0.513708 0.043177
v -0.182268 -0.566085 0.039674
v -0.176371 -0.622175 0.044008
v -0.039870 -0.352135 0.137161
v -0.060579 -0.359301 0.129682
v -0.006610 -0.694038 0.013367
v -0.002256 -0.637708 0.003413
v -0.009494 -0.621159 0.003402
v -0.004720 -0.662148 0.011256
v -0.002372 -0.630706 0.013329
v -0.000863 -0.617240 0.017665
v -0.001518 -0.652241 0.000524
v -0.005349 -0.648761 0.013263
v -0.004276 -0.657049 0.035500
v -0.026430 -0.419377 0.126867
v -0.131031 -0.370375 0.084811
v -0.113546 -0.349503 0.099546
v -0.001016 -0.597944 0.031411
v -0.000085 -0.607144 0.044616
v -0.012362 -0.592551 0.007270
v -0.007060 -0.605111 0.019609
v -0.171968 -0.908356 0.006609
v -0.163123 -0.855776 0.036354
v -0.051001 -0.966261 -0.010544
v -0.044221 -0.910769 -0.007038
v -0.039348 -0.874343 -0.002450
v -0.173244 -0.764344 0.022290
v -0.157709 -0.696401 0.067390
v -0.027901 -0.820397 0.009195
v -0.015825 -0.765080 0.016437
v -0.177805 -1.149510 -0.022635
v -0.179185 -1.166004 -0.033362
v -0.158282 -1.210299 -0.004832
v -0.139533 -1.202646 0.001758
v -0.168915 -1.038927 0.007883
v -0.173989 -1.074475 -0.007852
v -0.054317 -1.072939 -0.030708
v -0.069397 -1.020970 0.002045
v -0.171065 -1.001300 0.004601
v -0.085168 -1.199920 -0.016173
v -0.078466 -1.189954 -0.019225
v -0.106189 -1.193300 -0.002907
v -0.097917 -1.202657 -0.009216
v -0.094264 -1.189839 -0.008617
v -0.047815 -1.147688 -0.047188
v -0.053252 -1.123563 -0.036524
v -0.052749 -1.153945 -0.039729
v -0.045842 -1.155723 -0.051544
v -0.053094 -1.137370 -0.037761
v -0.046731 -1.130265 -0.048880
v -0.070064 -1.206789 -0.029394
v -0.184740 -0.403401 0.018231
v -0.184984 -0.421387 0.025577
v -0.188002 -0.438220 0.018750
v -0.187022 -0.457493 0.025064
v -0.096223 -0.346989 0.110199
v -0.078721 -0.358015 0.117453
v -0.188694 -0.510493 0.024096
v -0.187497 -0.565055 0.020651
v -0.184151 -0.601452 0.026001
v -0.180561 -0.637271 0.023024
v -0.060795 -0.348191 0.132873
v -0.054834 -0.379413 0.125818
v -0.007196 -0.692809 -0.003459
v -0.006477 -0.674684 0.000456
v -0.008312 -0.712625 0.003017
v -0.007077 -0.676927 0.020293
v -0.008163 -0.702988 -0.005914
v -0.005791 -0.666032 0.024140
v -0.004601 -0.690202 0.030510
v -0.021710 -0.707769 0.070652
v -0.008033 -0.695625 0.054252
v -0.004151 -0.689503 0.043688
v -0.000240 -0.639209 0.044686
v -0.002094 -0.625339 0.033360
v -0.001498 -0.659569 0.063994
v -0.032920 -0.402626 0.129916
v -0.022481 -0.394870 0.132163
v -0.046653 -0.395077 0.125157
v -0.039763 -0.414310 0.127793
v -0.074453 -0.395641 0.115714
v -0.061122 -0.411290 0.123539
v -0.061220 -0.391655 0.120836
v -0.073959 -0.375630 0.118418
v -0.029464 -0.440924 0.124549
v -0.134837 -0.357709 0.082232
v -0.143803 -0.364704 0.073292
v -0.119616 -0.360034 0.087969
v -0.114120 -0.378241 0.092257
v -0.109255 -0.362302 0.100308
v -0.101999 -0.374825 0.104144
v -0.086585 -0.380734 0.109274
v -0.120444 -0.341360 0.091311
v -0.174341 -0.907070 -0.009556
v -0.173317 -0.929067 -0.003099
v -0.173562 -0.888488 -0.000691
v -0.173398 -0.916809 -0.002142
v -0.174537 -0.896531 -0.010388
v -0.172999 -0.853705 0.008588
v -0.042689 -0.962965 -0.028974
v -0.035701 -0.908567 -0.023587
v -0.037596 -0.890780 -0.012950
v -0.042123 -0.932224 -0.017207
v -0.039079 -0.902680 -0.014375
v -0.036857 -0.922792 -0.026958
v -0.041352 -0.919301 -0.014408
v -0.032744 -0.874309 -0.019833
v -0.031802 -0.853118 -0.008033
v -0.036815 -0.881512 -0.011780
v -0.034127 -0.863826 -0.009726
v -0.176764 -0.762963 0.003798
v -0.174938 -0.785802 0.011324
v -0.175727 -0.741816 0.014946
v -0.174917 -0.774024 0.012249
v -0.177570 -0.777811 -0.001382
v -0.177949 -0.747996 0.002285
v -0.175236 -0.752860 0.015335
v -0.174696 -0.691510 0.031560
v -0.021766 -0.819838 -0.010783
v -0.014327 -0.763545 -0.004642
v -0.138104 -1.151852 0.012306
v -0.175167 -1.037300 -0.012529
v -0.176788 -1.073324 -0.022698
v -0.176143 -1.093818 -0.016585
v -0.175510 -1.057579 -0.013951
v -0.047050 -1.072493 -0.044889
v -0.049645 -1.055618 -0.035522
v -0.049888 -1.092405 -0.038594
v -0.053099 -1.020381 -0.024003
v -0.174657 -0.999853 -0.013386
v -0.173594 -1.019413 -0.005701
v -0.172931 -0.978355 -0.002712
v -0.174916 -1.012658 -0.017100
v -0.173474 -1.007738 -0.004832
v -0.174239 -0.986834 -0.014436
v -0.172662 -0.991538 -0.002259
v -0.121208 -1.202993 -0.000034
v -0.127807 -1.177010 0.007245
v -0.120142 -1.190181 0.003073
v -0.135370 -1.190132 0.004893
v -0.048519 -1.108704 -0.044764
v -0.181823 -0.428060 0.039419
v -0.179799 -0.415893 0.041155
v -0.166907 -0.402006 0.057157
v -0.174014 -0.389435 0.043969
v -0.164255 -0.378724 0.054443
v -0.171291 -0.376874 0.043932
v -0.167263 -0.390770 0.054203
v -0.166929 -0.469530 0.069853
v -0.070370 -0.352778 0.127244
v -0.187427 -0.536624 0.032691
v -0.186410 -0.487579 0.034764
v -0.185698 -0.600531 0.011610
v -0.183992 -0.620003 0.017218
v -0.186769 -0.584726 0.020182
v -0.182958 -0.636320 0.008793
v -0.180642 -0.655885 0.014270
v -0.041916 -0.376389 0.130676
v -0.051862 -0.369515 0.132163
v -0.003463 -0.664908 -0.001589
v -0.009879 -0.729417 -0.004827
v -0.011242 -0.734631 0.028537
v -0.009640 -0.727732 0.013055
v -0.007218 -0.710104 0.027927
v -0.005947 -0.704277 0.040737
v -0.012645 -0.746755 0.011681
v -0.008224 -0.715542 0.016448
v -0.006000 -0.701248 0.024939
v -0.011220 -0.735881 0.016726
v -0.012273 -0.744762 -0.006436
v -0.011531 -0.736513 0.004071
v -0.013575 -0.755164 0.001750
v -0.004385 -0.644128 0.034488
v -0.000281 -0.664591 0.048922
v 0.000270 -0.650759 0.047007
v -0.005508 -0.679497 0.062111
v 0.000905 -0.635614 0.071539
v 0.000597 -0.643430 0.058889
v 0.000983 -0.629429 0.059011
v 0.002435 -0.623620 0.071724
v -0.049831 -0.405824 0.125682
v -0.094423 -0.426263 0.108971
v -0.070382 -0.366435 0.125961
v -0.033633 -0.429383 0.125101
v -0.050166 -0.445268 0.120732
v -0.024599 -0.454237 0.125127
v -0.009134 -0.441590 0.127410
v 0.003682 -0.441075 0.127793
v -0.018623 -0.430794 0.126595
v -0.129420 -0.391900 0.085839
v -0.084316 -0.367435 0.111217
v -0.174493 -0.926287 -0.015703
v -0.174014 -0.944343 -0.009262
v -0.173934 -0.962898 -0.010221
v -0.160501 -0.951498 0.030239
v -0.174211 -0.973289 -0.014393
v -0.169851 -0.943052 0.012130
v -0.172602 -0.938552 0.001256
v -0.172207 -0.954235 0.002120
v -0.174662 -0.872351 -0.005096
v -0.175042 -0.857327 -0.005753
v -0.175190 -0.835515 0.001108
v -0.049194 -0.989020 -0.021748
v -0.046446 -0.887697 0.004336
v -0.032758 -0.890385 -0.026662
v -0.044659 -0.949550 -0.017177
v -0.039609 -0.951955 -0.030688
v -0.062544 -0.939251 0.008423
v -0.050387 -0.928506 -0.000995
v -0.053309 -0.950888 -0.001308
v -0.063037 -0.916187 0.018627
v -0.047726 -0.939192 -0.006877
v -0.064723 -0.954218 0.011592
v -0.059116 -0.925741 0.010535
v -0.053399 -0.913057 0.006058
v -0.062862 -0.972778 0.004245
v -0.048970 -0.900861 0.001909
v -0.058504 -0.904240 0.015406
v -0.057949 -0.961841 -0.000034
v -0.028714 -0.854448 -0.022212
v -0.025775 -0.837874 -0.015799
v -0.031700 -0.837310 0.003315
v -0.176411 -0.798443 -0.000116
v -0.175765 -0.818269 0.000247
v -0.177839 -0.726242 0.005895
v -0.177704 -0.738052 0.001924
v -0.172067 -0.721702 0.034539
v -0.174930 -0.727261 0.021427
v -0.176970 -0.708473 0.018000
v -0.178798 -0.714687 0.005343
v -0.022261 -0.817533 -0.022422
v -0.018613 -0.800266 -0.009788
v -0.013921 -0.762735 -0.017210
v -0.163977 -1.154403 0.001317
v -0.151102 -1.173442 0.005633
v -0.175724 -1.036412 -0.024538
v -0.177299 -1.092514 -0.028533
v -0.177183 -1.112709 -0.020400
v -0.168710 -1.092352 0.003993
v -0.168628 -1.061359 0.006435
v -0.173047 -1.048239 -0.002792
v -0.176424 -1.055947 -0.025886
v -0.044921 -1.055239 -0.047593
v -0.048314 -1.036493 -0.037288
v -0.061183 -1.060495 -0.017148
v -0.044895 -1.091641 -0.050409
v -0.062093 -1.090920 -0.020118
v -0.058734 -1.110031 -0.026756
v -0.045856 -1.018734 -0.039268
v -0.046445 -1.001455 -0.032576
v -0.043791 -0.990047 -0.035253
v -0.044408 -0.977435 -0.028436
v -0.055221 -1.003636 -0.016348
v -0.060195 -0.988906 -0.004054
v -0.060335 -1.017272 -0.010478
v -0.066175 -1.005300 0.001244
v -0.063202 -1.037783 -0.012068
v -0.058716 -1.028900 -0.015939
v -0.103065 -1.006483 0.035192
v -0.084144 -1.007938 0.019528
v -0.073732 -1.010813 0.009979
v -0.172591 -1.032113 -0.001696
v -0.165748 -1.020056 0.016079
v -0.175193 -1.026345 -0.017574
v -0.109669 -1.205798 -0.004588
v -0.175932 -0.402249 0.046397
v -0.179333 -0.458396 0.049612
v -0.177582 -0.441665 0.051068
v -0.169728 -0.453698 0.064346
v -0.130900 -0.449352 0.092416
v -0.151751 -0.455650 0.080115
v -0.162479 -0.458026 0.074037
v -0.187254 -0.521842 0.033501
v -0.189457 -0.528415 0.019068
v -0.188873 -0.548160 0.019402
v -0.185251 -0.550661 0.034826
v -0.169949 -0.549508 0.068941
v -0.178707 -0.541792 0.050345
v -0.180755 -0.526583 0.047054
v -0.174169 -0.516932 0.061710
v -0.189054 -0.492657 0.018755
v -0.186828 -0.502328 0.034284
v -0.188238 -0.472718 0.022430
v -0.184503 -0.472832 0.040598
v -0.174781 -0.488460 0.057247
v -0.181572 -0.495561 0.046284
v -0.180892 -0.482412 0.047138
v -0.175685 -0.503256 0.058599
v -0.184404 -0.460409 0.038281
v -0.179791 -0.624412 0.029912
v -0.180618 -0.613052 0.032519
v -0.174570 -0.599738 0.052357
v -0.185821 -0.575023 0.029887
v -0.178689 -0.583652 0.044834
v -0.180095 -0.594531 0.038227
v -0.173309 -0.589897 0.057794
v -0.172797 -0.568100 0.061620
v -0.177456 -0.573404 0.051129
v -0.187620 -0.574777 0.014349
v -0.169078 -0.662526 0.052580
v -0.016263 -0.751555 0.032317
v -0.012305 -0.669445 0.079370
v -0.014903 -0.690006 0.071141
v -0.079336 -0.414033 0.114988
v -0.075307 -0.441168 0.118451
v -0.049142 -0.457956 0.119645
v -0.038039 -0.449953 0.123027
v -0.125595 -0.381048 0.088236
v -0.139742 -0.381966 0.076149
v -0.113638 -0.397286 0.095608
v -0.128081 -0.420793 0.089268
v -0.098226 -0.407909 0.102140
v -0.124672 -0.406390 0.089754
v -0.137328 -0.403737 0.083525
v -0.112188 -0.418257 0.097398
v -0.117488 -0.437049 0.099387
v -0.163691 -0.931166 0.027478
v -0.176353 -0.834554 -0.010859
v -0.169862 -0.837933 0.024216
v -0.038348 -0.938195 -0.028760
v -0.026410 -0.829920 -0.005751
v -0.041738 -0.831519 0.024653
v -0.043779 -0.855942 0.014070
v -0.039052 -0.861352 0.003423
v -0.036315 -0.850468 0.005721
v -0.037788 -0.840635 0.014987
v -0.173478 -0.706656 0.032617
v -0.164846 -0.710941 0.053951
v -0.178736 -0.691449 0.011502
v -0.021891 -0.810231 0.000645
v -0.022392 -0.790059 0.012086
v -0.019663 -0.797294 0.003218
v -0.016622 -0.783090 -0.007206
v -0.173238 -1.155912 -0.010766
v -0.167179 -1.171667 -0.003707
v -0.161377 -1.185878 -0.001341
v -0.148922 -1.188855 0.002171
v -0.177404 -1.129993 -0.021560
v -0.171160 -1.139473 -0.005442
v -0.168710 -1.077927 0.005137
v -0.173602 -1.087000 -0.006322
v -0.173102 -1.106210 -0.005090
v -0.147243 -1.118844 0.016786
v -0.162092 -1.109046 0.009978
v -0.168516 -1.121624 0.000189
v -0.144988 -1.095035 0.021477
v -0.174008 -1.127734 -0.009522
v -0.155116 -1.136230 0.009985
v -0.159047 -1.120253 0.010010
v -0.158180 -1.094825 0.014587
v -0.150817 -1.106096 0.017206
v -0.174264 -1.115405 -0.009556
v -0.164907 -1.133083 0.003021
v -0.173132 -1.065127 -0.004425
v -0.061833 -1.071657 -0.018326
v -0.054776 -1.064083 -0.027488
v -0.055454 -1.085552 -0.029540
v -0.092078 -1.111268 0.007047
v -0.052516 -1.103965 -0.035402
v -0.070214 -1.127951 -0.015856
v -0.061578 -1.135103 -0.026300
v -0.061735 -1.120787 -0.024544
v -0.071515 -1.145577 -0.016870
v -0.075469 -1.164577 -0.017240
v -0.061764 -1.166752 -0.030198
v -0.069230 -1.179870 -0.025277
v -0.076969 -1.153295 -0.013634
v -0.066308 -1.155059 -0.023942
v -0.077322 -1.176232 -0.017496
v -0.053173 -0.979176 -0.011541
v -0.078702 -1.053084 0.004003
v -0.055859 -1.046504 -0.023632
v -0.053869 -1.033818 -0.025084
v -0.074694 -0.988510 0.016655
v -0.067563 -0.993036 0.006309
v -0.142342 -1.042586 0.031620
v -0.163209 -1.004481 0.020411
v -0.158865 -0.977823 0.029391
v -0.168133 -0.984283 0.014302
v -0.158202 -0.992777 0.028270
v -0.167427 -0.966399 0.016870
v -0.170508 -0.973350 0.008534
v -0.172578 -0.532605 0.064589
v -0.158565 -0.535473 0.080295
v -0.155031 -0.566550 0.081803
v -0.175944 -0.556353 0.057329
v -0.176034 -0.653850 0.034127
v -0.174957 -0.637287 0.041481
v -0.172448 -0.650084 0.047861
v -0.137449 -0.633160 0.090004
v -0.161671 -0.632973 0.069513
v -0.168678 -0.637555 0.057297
v -0.169642 -0.623756 0.058714
v -0.158326 -0.608521 0.075106
v -0.173408 -0.612798 0.052722
v -0.168419 -0.605328 0.064684
v -0.162875 -0.619652 0.069333
v -0.151025 -0.625271 0.082197
v -0.016894 -0.740455 0.042740
v -0.012764 -0.719747 0.045595
v -0.014783 -0.755935 0.020149
v -0.005736 -0.669704 0.069254
v -0.006555 -0.655976 0.077904
v -0.001186 -0.648655 0.070865
v -0.013853 -0.700489 0.064210
v -0.015920 -0.711745 0.058296
v -0.034714 -0.728422 0.068257
v -0.021117 -0.727581 0.057630
v -0.025675 -0.718093 0.067001
v -0.028026 -0.739116 0.060235
v -0.060127 -0.754752 0.072129
v -0.044853 -0.744721 0.068858
v -0.011399 -0.680764 0.073376
v -0.071141 -0.406728 0.116752
v -0.060746 -0.433436 0.122726
v -0.074209 -0.426762 0.119287
v -0.063178 -0.447937 0.117154
v -0.090738 -0.414860 0.108121
v -0.087363 -0.398747 0.108021
v -0.131159 -0.435560 0.090331
v -0.152400 -0.423832 0.075441
v -0.143706 -0.442410 0.085128
v -0.140241 -0.426407 0.084378
v -0.147012 -0.410778 0.076792
v -0.157511 -0.405549 0.069067
v -0.109715 -0.458970 0.104747
v -0.106411 -0.429093 0.103564
v -0.096558 -0.445530 0.108913
v -0.165492 -0.940996 0.023903
v -0.134519 -0.936024 0.051320
v -0.167565 -0.916008 0.020993
v -0.169908 -0.929464 0.013187
v -0.173263 -0.827164 0.014054
v -0.159762 -0.808119 0.049725
v -0.171595 -0.806821 0.022097
v -0.174152 -0.798645 0.012508
v -0.173970 -0.813959 0.013063
v -0.172975 -0.842829 0.012175
v -0.051240 -0.874016 0.016874
v -0.176974 -0.696817 0.021034
v -0.177793 -0.673437 0.023906
v -0.180736 -0.688984 -0.000861
v -0.179204 -0.701265 0.006140
v -0.016147 -0.782222 -0.019507
v -0.016228 -0.774565 0.004986
v -0.176211 -1.140143 -0.015915
v -0.137211 -1.132949 0.015863
v -0.074023 -1.106516 -0.008039
v -0.069811 -1.114488 -0.014466
v -0.083300 -1.122689 -0.002661
v -0.090516 -1.166815 -0.005388
v -0.107973 -1.172642 0.002906
v -0.070994 -1.061961 -0.005189
v -0.068100 -1.049153 -0.009321
v -0.070717 -0.975981 0.014366
v -0.158095 -1.036024 0.023302
v -0.154132 -1.057626 0.023517
v -0.160107 -0.965732 0.029139
v -0.129686 -0.969965 0.047600
v -0.146341 -0.959297 0.042615
v -0.141655 -0.985563 0.041400
v -0.167059 -0.953599 0.019222
v -0.165783 -0.526793 0.073991
v -0.115826 -0.516603 0.103970
v -0.158009 -0.552141 0.080330
v -0.135315 -0.556372 0.097569
v -0.147522 -0.558881 0.090331
v -0.144447 -0.540877 0.093332
v -0.122450 -0.539220 0.103105
v -0.132988 -0.543765 0.098295
v -0.119557 -0.553245 0.103507
v -0.165311 -0.561312 0.072508
v -0.162895 -0.575035 0.073961
v -0.146862 -0.591115 0.088727
v -0.153348 -0.580228 0.083724
v -0.138068 -0.574020 0.095575
v -0.143502 -0.608320 0.089337
v -0.179414 -0.649041 0.023908
v -0.082113 -0.674654 0.093889
v -0.009734 -0.722139 0.032470
v -0.042590 -0.764915 0.058846
v -0.164739 -0.420085 0.064482
v -0.166957 -0.436277 0.065611
v -0.157185 -0.441984 0.075900
v -0.118343 -0.448568 0.098032
v -0.084448 -0.449145 0.113243
v -0.097552 -0.457098 0.108954
v -0.151086 -0.927607 0.042909
v -0.051890 -0.885502 0.013778
v -0.071148 -0.853603 0.046332
v -0.180627 -0.668393 0.009801
v -0.177267 -0.685668 0.022272
v -0.172273 -0.677889 0.043416
v -0.178495 -0.660646 0.025440
v -0.147907 -1.128089 0.014566
v -0.144848 -1.141835 0.013013
v -0.108949 -1.141812 0.010007
v -0.118966 -1.112749 0.019665
v -0.134910 -1.108342 0.021561
v -0.130281 -1.120059 0.019006
v -0.120959 -1.132988 0.015611
v -0.123518 -1.147737 0.013041
v -0.126324 -1.160830 0.010261
v -0.103638 -1.123425 0.011719
v -0.140596 -1.162837 0.009472
v -0.151403 -1.155676 0.008272
v -0.065882 -1.101870 -0.017198
v -0.073070 -1.090007 -0.006781
v -0.094969 -1.081449 0.015162
v -0.083938 -1.098387 0.002128
v -0.082617 -1.080605 0.003920
v -0.080186 -1.068520 0.005604
v -0.092930 -1.057014 0.018490
v -0.119828 -1.086129 0.025408
v -0.096600 -1.096045 0.013353
v -0.130990 -1.094862 0.024087
v -0.139123 -1.075534 0.026834
v -0.105947 -1.087241 0.020121
v -0.107125 -1.072616 0.023973
v -0.115428 -1.099184 0.021886
v -0.104413 -1.108706 0.015210
v -0.096211 -1.069261 0.018454
v -0.123381 -1.069134 0.029332
v -0.128041 -1.051695 0.032833
v -0.110315 -1.031235 0.033558
v -0.141679 -1.054524 0.029756
v -0.115090 -1.045321 0.032431
v -0.097864 -1.042698 0.024814
v -0.127876 -1.033903 0.036584
v -0.134687 -1.064559 0.029721
v -0.100762 -1.051174 0.024827
v -0.086438 -1.043220 0.014859
v -0.073929 -1.038384 0.003825
v -0.087466 -1.027133 0.019317
v -0.120887 -1.014913 0.039720
v -0.144582 -1.022485 0.034070
v -0.098420 -1.029271 0.027170
v -0.104751 -1.018051 0.033414
v -0.094247 -1.011040 0.028206
v -0.076872 -1.027573 0.010529
v -0.081911 -1.112933 -0.000826
v -0.079726 -1.136350 -0.007351
v -0.093696 -1.135156 0.003564
v -0.097832 -1.150210 0.002893
v -0.111307 -1.155849 0.007794
v -0.100560 -1.161294 0.001935
v -0.097193 -1.179338 -0.003698
v -0.164785 -1.031488 0.014649
v -0.161179 -1.065465 0.016196
v -0.152952 -1.045161 0.026241
v -0.164061 -1.050638 0.015253
v -0.131511 -0.951953 0.050151
v -0.098318 -0.956520 0.042682
v -0.114845 -0.959379 0.048592
v -0.080147 -0.943871 0.029427
v -0.071832 -0.931586 0.021462
v -0.107987 -0.981823 0.042190
v -0.108100 -0.936601 0.051322
v -0.073442 -0.952776 0.022439
v -0.085419 -0.957184 0.032785
v -0.082244 -0.914555 0.038742
v -0.070151 -0.904765 0.029786
v -0.115649 -0.973017 0.045979
v -0.124797 -0.985979 0.045265
v -0.121928 -0.943335 0.051875
v -0.106830 -0.949913 0.048159
v -0.092264 -0.940251 0.042751
v -0.069981 -0.943489 0.017705
v -0.093791 -0.973026 0.036284
v -0.083504 -0.929104 0.033338
v -0.086951 -0.882807 0.049489
v -0.133070 -1.002559 0.041391
v -0.113276 -0.996391 0.041240
v -0.096168 -0.925595 0.048579
v -0.103903 -0.968260 0.043033
v -0.093519 -0.990002 0.032369
v -0.073306 -0.919474 0.029014
v -0.080659 -0.896487 0.042184
v -0.143383 -0.997103 0.038321
v -0.134682 -1.014285 0.039097
v -0.121442 -1.005060 0.041593
v -0.093566 -0.912923 0.047320
v -0.098509 -0.895772 0.054144
v -0.068623 -0.878618 0.035343
v -0.077942 -0.885714 0.041442
v -0.142744 -0.973341 0.042553
v -0.124872 -0.568853 0.101452
v -0.114080 -0.598473 0.101645
v -0.113987 -0.580660 0.103124
v -0.129020 -0.588707 0.097394
v -0.062688 -0.591410 0.109871
v -0.128821 -0.603100 0.095722
v -0.086681 -0.579679 0.108130
v -0.132032 -0.618592 0.093585
v -0.098975 -0.640293 0.098469
v -0.117256 -0.634049 0.096990
v -0.101099 -0.574975 0.105329
v -0.098234 -0.592043 0.104296
v -0.113071 -0.615328 0.099450
v -0.079844 -0.596280 0.107317
v -0.092472 -0.610370 0.102484
v -0.090699 -0.601189 0.104275
v -0.151471 -0.599719 0.083199
v -0.048074 -0.689032 0.088742
v -0.027398 -0.684577 0.085044
v -0.047634 -0.711559 0.080979
v -0.037931 -0.719188 0.074829
v -0.055349 -0.728625 0.077898
v -0.048342 -0.755539 0.066207
v -0.026064 -0.774183 0.039088
v -0.159111 -0.923165 0.034952
v -0.155698 -0.940912 0.036760
v -0.144173 -0.944500 0.045911
v -0.134826 -0.909727 0.054023
v -0.057622 -0.858547 0.030839
v -0.180025 -0.680257 0.006533
v -0.173947 -0.664242 0.039819
v -0.168346 -0.695243 0.049755
v -0.169577 -0.704091 0.044766
v -0.163097 -0.699707 0.058378
v -0.163349 -0.677841 0.061449
v -0.167954 -0.683800 0.052479
v -0.092995 -1.121244 0.005290
v -0.115332 -1.121914 0.016420
v -0.151049 -1.070621 0.023467
v -0.156327 -1.015881 0.027504
v -0.149164 -1.032854 0.030455
v -0.084021 -0.978455 0.026573
v -0.090046 -0.901484 0.047724
v -0.125991 -0.860406 0.063342
v -0.067135 -0.890547 0.030802
v -0.059441 -0.880864 0.024912
v -0.125799 -0.673843 0.089814
v -0.103688 -0.627572 0.099838
v -0.104693 -0.605502 0.101948
v -0.157655 -0.591449 0.077830
v -0.035366 -0.696853 0.080845
v -0.024122 -0.691559 0.078668
v -0.047912 -0.698806 0.084661
v -0.071055 -0.693722 0.089621
v -0.033763 -0.707992 0.076414
v -0.027875 -0.665484 0.090938
v -0.057737 -0.742507 0.074938
v -0.094096 -0.730636 0.085631
v -0.079578 -0.747369 0.079851
v -0.045190 -0.733045 0.072583
v -0.019168 -0.765368 0.030421
v -0.023868 -0.760219 0.043554
v -0.148597 -0.914119 0.045574
v -0.137898 -0.922662 0.051165
v -0.121190 -0.926437 0.054218
v -0.150715 -0.883118 0.047569
v -0.108447 -0.924509 0.053062
v -0.155542 -0.897099 0.041960
v -0.143361 -0.896099 0.051692
v -0.165561 -0.879613 0.028965
v -0.121876 -0.891572 0.058837
v -0.159300 -0.886314 0.037805
v -0.158557 -0.870367 0.041108
v -0.171529 -0.877921 0.011795
v -0.167412 -0.897081 0.021208
v -0.131661 -0.897536 0.056819
v -0.120067 -0.907476 0.056841
v -0.144132 -0.864598 0.055272
v -0.169172 -0.863906 0.022031
v -0.173051 -0.866461 0.006264
v -0.162404 -0.900691 0.032119
v -0.168378 -0.884891 0.020130
v -0.110948 -0.898053 0.057580
v -0.169059 -0.852053 0.024724
v -0.050768 -0.862396 0.021639
v -0.048730 -0.846579 0.027154
v -0.054362 -0.835333 0.036954
v -0.075035 -0.828191 0.058093
v -0.062116 -0.827738 0.049096
v -0.070272 -0.838551 0.049877
v -0.097348 -0.847265 0.062414
v -0.083681 -0.839296 0.058393
v -0.084889 -0.855612 0.054820
v -0.102705 -0.868261 0.059811
v -0.107374 -0.883854 0.058380
v -0.077996 -0.868306 0.047369
v -0.096031 -0.859535 0.059386
v -0.110785 -0.855635 0.064076
v -0.125349 -0.817776 0.071822
v -0.125345 -0.837765 0.066618
v -0.110361 -0.840705 0.066468
v -0.096752 -0.878264 0.055554
v -0.118070 -0.872097 0.062210
v -0.066781 -0.865170 0.039324
v -0.096961 -0.822759 0.069435
v -0.098786 -0.836261 0.067383
v -0.087030 -0.829657 0.064406
v -0.153729 -0.657164 0.075409
v -0.161453 -0.645941 0.068036
v -0.162492 -0.659737 0.064715
v -0.150428 -0.641141 0.081016
v -0.136792 -0.656009 0.088089
v -0.139870 -0.643590 0.087516
v -0.145901 -0.679553 0.079091
v -0.069026 -0.715420 0.085283
v -0.041553 -0.674595 0.090979
v -0.059112 -0.644057 0.099460
v -0.061512 -0.674707 0.093358
v -0.046343 -0.658517 0.096182
v -0.062678 -0.617610 0.104516
v -0.067151 -0.603048 0.106493
v -0.076893 -0.613827 0.104220
v -0.084545 -0.630055 0.101692
v -0.078436 -0.646368 0.099088
v -0.021563 -0.674109 0.085368
v -0.017279 -0.662122 0.087198
v -0.171472 -0.897593 0.008708
v -0.136165 -0.880632 0.057755
v -0.133143 -0.868497 0.060416
v -0.060158 -0.847053 0.037719
v -0.140622 -0.847811 0.059839
v -0.088863 -0.867598 0.053694
v -0.114298 -0.657228 0.094900
v -0.156138 -0.683712 0.070599
v -0.156693 -0.669091 0.071854
v -0.140106 -0.669936 0.085026
v -0.057476 -0.719354 0.081942
v -0.061237 -0.703559 0.086216
v -0.094337 -0.706864 0.089853
v -0.073404 -0.730225 0.081981
v -0.069366 -0.741145 0.078749
v -0.083430 -0.721733 0.086277
v -0.083746 -0.736381 0.082918
v -0.071286 -0.683624 0.092426
v -0.030429 -0.650877 0.096925
v -0.015630 -0.622072 0.102645
v -0.002340 -0.629143 0.089321
v 0.000947 -0.611814 0.092226
v -0.018725 -0.637160 0.097903
v -0.008037 -0.640040 0.088655
v -0.039100 -0.626775 0.105019
v -0.043725 -0.604774 0.109610
v -0.026392 -0.629333 0.103447
v -0.029045 -0.613176 0.108079
v -0.011272 -0.601239 0.107610
v -0.002203 -0.587851 0.112816
v -0.014393 -0.570760 0.123880
v -0.001243 -0.605351 0.101042
v -0.063137 -0.660207 0.096531
v -0.051408 -0.667808 0.093969
v -0.070241 -0.633655 0.100997
v -0.137140 -0.858966 0.060395
v -0.129578 -0.848884 0.064515
v -0.143791 -0.827569 0.062723
v -0.153562 -0.852865 0.049089
v -0.151308 -0.837181 0.053389
v -0.156438 -0.822968 0.051788
v -0.166682 -0.817762 0.035853
v -0.162668 -0.836062 0.040665
v -0.169720 -0.826951 0.026786
v -0.160538 -0.846417 0.040527
v -0.125882 -0.662336 0.091424
v -0.094666 -0.659762 0.096705
v -0.111583 -0.644201 0.096680
v -0.126245 -0.643511 0.092896
v -0.079879 -0.705286 0.088412
v -0.028687 -0.584915 0.116027
v -0.029422 -0.600000 0.112726
v -0.005214 -0.581299 0.116692
v -0.002240 -0.568428 0.119231
v -0.016245 -0.579173 0.119622
v -0.032994 -0.566043 0.120856
v -0.137373 -0.836172 0.063419
v -0.166748 -0.804529 0.036254
v -0.162172 -0.787736 0.047701
v -0.105903 -0.674412 0.094240
v -0.077949 -0.662736 0.096762
v -0.015614 -0.590502 0.113839
v -0.026977 -0.557244 0.124601
v -0.013073 -0.559449 0.126019
v -0.036432 -0.560198 0.122537
v -0.060860 -0.566843 0.114110
v -0.141091 -0.792455 0.068984
v -0.167287 -0.771100 0.039029
v -0.171172 -0.782134 0.026673
v -0.170513 -0.793935 0.027776
v -0.167221 -0.745784 0.042864
v -0.171267 -0.733914 0.034197
v -0.172199 -0.748156 0.028309
v -0.164189 -0.731068 0.052561
v -0.168838 -0.756654 0.037250
v -0.093978 -0.670037 0.095197
v -0.105238 -0.665022 0.095400
v -0.115944 -0.697576 0.089914
v -0.045375 -0.579352 0.117087
v -0.060220 -0.578106 0.111964
v -0.073828 -0.572222 0.110466
v -0.084928 -0.544211 0.113306
v -0.088979 -0.561547 0.110393
v -0.042236 -0.591660 0.113595
v -0.073835 -0.585033 0.109276
v -0.104355 -0.542212 0.106755
v -0.094785 -0.549433 0.108515
v -0.095897 -0.523908 0.109420
v -0.110355 -0.530332 0.106144
v -0.095646 -0.536011 0.109388
v -0.047265 -0.563391 0.119657
v -0.151901 -0.782534 0.061496
v -0.154845 -0.795366 0.057442
v -0.147064 -0.811402 0.062718
v -0.128604 -0.764034 0.078774
v -0.137794 -0.817039 0.067213
v -0.145134 -0.766325 0.069149
v -0.167744 -0.720683 0.046763
v -0.155284 -0.747294 0.062438
v -0.115732 -0.683551 0.091208
v -0.073033 -0.554869 0.112844
v -0.057962 -0.552513 0.117949
v -0.059843 -0.519786 0.120599
v -0.054783 -0.536205 0.119078
v -0.034057 -0.533713 0.121402
v -0.073392 -0.528595 0.116522
v -0.042312 -0.538086 0.120498
v -0.026684 -0.544122 0.123835
v -0.066877 -0.540329 0.115613
v -0.094568 -0.491934 0.107316
v -0.096945 -0.475179 0.106634
v -0.127388 -0.485886 0.097645
v -0.109928 -0.484765 0.103803
v -0.110167 -0.472548 0.104489
v -0.117290 -0.500776 0.102930
v -0.142196 -0.506462 0.093852
v -0.101943 -0.508163 0.107090
v -0.131667 -0.499502 0.097573
v -0.148121 -0.524091 0.090137
v -0.081742 -0.511766 0.114266
v -0.133103 -0.520645 0.098513
v -0.152348 -0.511789 0.086599
v -0.154571 -0.487917 0.081473
v -0.153589 -0.471048 0.080702
v -0.166262 -0.497081 0.072963
v -0.143559 -0.493570 0.091701
v -0.127035 -0.509638 0.099256
v -0.138884 -0.466229 0.091317
v -0.124033 -0.464712 0.097704
v -0.165584 -0.483795 0.072826
v -0.156393 -0.499478 0.081187
v -0.143281 -0.478850 0.090555
v -0.130574 -0.473859 0.095615
v -0.134560 -0.779770 0.074637
v -0.115867 -0.795924 0.076653
v -0.128480 -0.790111 0.075275
v -0.131780 -0.804924 0.072061
v -0.114761 -0.778404 0.079686
v -0.162200 -0.741022 0.053655
v -0.162006 -0.755546 0.052248
v -0.152888 -0.760189 0.063173
v -0.140458 -0.751104 0.075009
v -0.084302 -0.523575 0.114338
v -0.071671 -0.518015 0.117097
v -0.066132 -0.498816 0.117040
v -0.075899 -0.480879 0.112230
v -0.085369 -0.472682 0.108825
v -0.168967 -0.508830 0.069624
v -0.095371 -0.786814 0.076220
v -0.111364 -0.760953 0.082276
v -0.097318 -0.751601 0.083037
v -0.119957 -0.739800 0.083892
v -0.122403 -0.753966 0.081737
v -0.110503 -0.748939 0.083686
v -0.048610 -0.505638 0.122697
v -0.043844 -0.519735 0.121184
v -0.028906 -0.518749 0.122563
v -0.021012 -0.529838 0.124051
v -0.055266 -0.496719 0.120213
v -0.080742 -0.498033 0.112823
v -0.101622 -0.777814 0.078990
v -0.099191 -0.805942 0.073761
v -0.071597 -0.778105 0.070502
v -0.103913 -0.795209 0.076560
v -0.113520 -0.810925 0.074650
v -0.081336 -0.810539 0.065423
v -0.064491 -0.807994 0.054043
v -0.085559 -0.778457 0.075572
v -0.085170 -0.798714 0.071182
v -0.072509 -0.816118 0.058741
v -0.041830 -0.794472 0.046337
v -0.050403 -0.807069 0.048040
v -0.156431 -0.388181 0.065868
v -0.175530 -0.472589 0.055621
v -0.036760 -0.813534 0.027409
v -0.026499 -0.802270 0.018769
v -0.040068 -0.803668 0.037526
v -0.028824 -0.789925 0.030646
v -0.022534 -0.777462 0.024343
v -0.043903 -0.823395 0.032126
v -0.033605 -0.824638 0.020185
v -0.034601 -0.784091 0.042512
v -0.037069 -0.773874 0.049978
v -0.052356 -0.780516 0.059838
v -0.056426 -0.769088 0.066411
v -0.058713 -0.795386 0.056377
v -0.064186 -0.785277 0.064318
v -0.072389 -0.799991 0.062646
v -0.032496 -0.801949 0.029880
v -0.148680 -1.081921 0.022526
v -0.084503 -0.996735 0.023403
v -0.112278 -0.827290 0.071312
v -0.089359 -0.691684 0.092117
v -0.103871 -0.690697 0.092572
v -0.054225 -0.629047 0.102206
v -0.043976 -0.640608 0.099953
v -0.049249 -0.615523 0.105640
v -0.132595 -0.690667 0.085689
v -0.145204 -0.694988 0.078189
v -0.145185 -0.722109 0.075200
v -0.155180 -0.710229 0.068081
v -0.134278 -0.707081 0.082844
v -0.156586 -0.725232 0.064562
v -0.147820 -0.735125 0.070885
v -0.126905 -0.701300 0.086817
v -0.156591 -0.734627 0.062438
v -0.134757 -0.737118 0.079510
v -0.124743 -0.723688 0.084906
v -0.145887 -0.704798 0.076736
v -0.135267 -0.719080 0.081271
v -0.110249 -0.727117 0.086539
v -0.104192 -0.738138 0.085153
v -0.099418 -0.720190 0.088297
v -0.109711 -0.708563 0.089586
v -0.122422 -0.710847 0.087069
v -0.062467 -0.476465 0.115783
v -0.073174 -0.468656 0.113075
v -0.075846 -0.761485 0.074687
v -0.087151 -0.756581 0.079455
v -0.169972 -0.309719 -0.011576
v -0.167480 -0.306612 -0.030863
v -0.160986 -0.304425 -0.047599
v -0.152043 -0.302023 -0.064570
v -0.139733 -0.300069 -0.078991
v -0.124596 -0.298470 -0.090808
v -0.108547 -0.297124 -0.099200
v -0.090290 -0.296330 -0.105572
v -0.071118 -0.296104 -0.109062
v -0.051674 -0.296124 -0.110091
v -0.032188 -0.296116 -0.110508
v -0.041550 -1.209601 -0.086910
v -0.054338 -1.209986 -0.102310
v -0.072782 -1.209049 -0.108543
v -0.092169 -1.209638 -0.110975
v -0.112613 -1.209564 -0.109400
v -0.131270 -1.211609 -0.102778
v -0.147453 -1.211690 -0.091847
v -0.161440 -1.211889 -0.078229
v -0.172848 -1.212376 -0.062500
v -0.081906 -0.354202 -0.132201
v -0.023114 -0.305126 -0.114436
v -0.100901 -0.655630 -0.133361
v -0.176066 -0.336152 -0.027489
v -0.133669 -0.500809 -0.121668
v -0.119804 -0.338098 -0.109390
v -0.081243 -0.325282 -0.119522
v -0.162422 -0.662383 -0.085092
v -0.179079 -0.369168 -0.028913
v -0.175586 -0.339130 -0.009340
v -0.173025 -0.320311 -0.024676
v -0.161939 -0.338045 -0.064742
v -0.174758 -0.503309 -0.063464
v -0.135807 -0.322806 -0.092911
v -0.080861 -0.310101 -0.113520
v -0.175847 -0.666687 -0.045828
v -0.167220 -0.591786 -0.073022
v -0.182193 -0.400486 -0.024022
v -0.181886 -0.370225 -0.010514
v -0.178341 -0.353259 -0.021192
v -0.174330 -0.324005 -0.007853
v -0.165928 -0.326132 -0.044927
v -0.186727 -0.505982 -0.029891
v -0.178479 -0.452868 -0.049098
v -0.133808 -0.308842 -0.088360
v -0.116901 -0.315045 -0.100345
v -0.147521 -0.318599 -0.076211
v -0.057051 -0.317084 -0.118765
v -0.039895 -0.309303 -0.120958
v -0.180005 -0.669173 -0.024641
v -0.178144 -0.631010 -0.039509
v -0.181224 -0.576286 -0.037710
v -0.186132 -0.419447 -0.012928
v -0.185719 -0.400909 -0.007336
v -0.182078 -0.384894 -0.018718
v -0.180257 -0.357080 -0.006807
v -0.171102 -0.327093 -0.033884
v -0.164671 -0.314247 -0.040817
v -0.159976 -0.317216 -0.060766
v -0.190947 -0.507543 -0.010678
v -0.184882 -0.541031 -0.033012
v -0.186868 -0.470927 -0.024206
v -0.117226 -0.304578 -0.097471
v -0.099761 -0.310633 -0.109327
v -0.146810 -0.307840 -0.074297
v -0.071016 -0.317234 -0.116953
v -0.060802 -0.306118 -0.113215
v -0.039224 -0.330606 -0.130292
v -0.181111 -0.670396 -0.012954
v -0.181484 -0.650523 -0.020612
v -0.182666 -0.613843 -0.023112
v -0.186540 -0.578555 -0.017076
v -0.188589 -0.419746 -0.000970
v -0.186606 -0.436472 -0.009422
v -0.184494 -0.389191 -0.006222
v -0.163141 -0.327919 -0.057619
v -0.190175 -0.543003 -0.013478
v -0.189421 -0.472315 -0.006793
v -0.189154 -0.490701 -0.020035
v -0.045472 -0.320367 -0.125148
v -0.184145 -0.615084 -0.010257
v -0.187385 -0.579587 -0.005509
v -0.185200 -0.597590 -0.016490
v -0.180834 -0.430603 -0.035683
v -0.188956 -0.525414 -0.020517
v -0.188259 -0.455207 -0.010038
v -0.191211 -0.496975 -0.007084
v -0.183462 -0.588169 -0.027901
v -0.176499 -0.596759 -0.050228
v -0.183816 -0.428681 -0.021159
v -0.181588 -0.415602 -0.031903
v -0.184570 -0.446080 -0.025425
v -0.191847 -0.526777 -0.006432
v -0.180808 -0.443758 -0.039414
v -0.186677 -0.459391 -0.022756
v -0.182568 -0.462198 -0.037167
v -0.175362 -0.476756 -0.061155
v -0.183366 -0.483468 -0.041129
v -0.178098 -0.465986 -0.051554
v -0.116617 -0.909002 -0.121641
v -0.040365 -1.199117 -0.077166
v -0.065251 -1.159758 -0.107191
v -0.115776 -1.062371 -0.116484
v -0.003967 -0.614624 -0.077279
v -0.009192 -0.581789 -0.026185
v -0.156112 -1.162164 -0.086933
v -0.177122 -1.201909 -0.053795
v -0.050779 -0.371749 -0.144381
v -0.044685 -0.677775 -0.081605
v -0.102135 -0.775411 -0.124397
v -0.087620 -0.449626 -0.150192
v -0.072718 -0.528869 -0.128126
v -0.161366 -0.736146 -0.089059
v -0.175565 -0.702495 -0.047020
v -0.124580 -0.327377 -0.102366
v -0.148534 -0.338832 -0.084345
v -0.135193 -0.341526 -0.098733
v -0.140323 -0.332849 -0.091035
v -0.127316 -0.397080 -0.122232
v -0.128489 -0.367305 -0.114354
v -0.160627 -0.409655 -0.080916
v -0.128107 -0.351481 -0.108803
v -0.149786 -0.365982 -0.092548
v -0.172492 -0.416996 -0.056883
v -0.173816 -0.434847 -0.055433
v -0.106415 -0.353918 -0.123262
v -0.145719 -0.350922 -0.091890
v -0.138817 -0.360041 -0.102407
v -0.159218 -0.356463 -0.074338
v -0.177950 -0.420777 -0.044315
v -0.176010 -0.399247 -0.045645
v -0.116339 -0.349459 -0.116130
v -0.179868 -0.388432 -0.035836
v -0.170004 -0.376423 -0.059982
v -0.174692 -0.386597 -0.049203
v -0.175217 -0.370862 -0.044685
v -0.167882 -0.396349 -0.067721
v -0.169362 -0.358930 -0.058710
v -0.165390 -0.367595 -0.068896
v -0.175114 -0.353376 -0.040262
v -0.164422 -0.349303 -0.065187
v -0.179915 -0.687014 -0.024274
v -0.108375 -0.325665 -0.111840
v -0.095249 -0.322462 -0.115639
v -0.092327 -0.340247 -0.123172
v -0.106446 -0.338197 -0.117221
v -0.025487 -0.335909 -0.133247
v -0.041463 -0.352610 -0.137422
v -0.027635 -0.349399 -0.136315
v -0.178725 -0.656909 -0.034572
v -0.179135 -0.644412 -0.033092
v -0.182278 -0.633334 -0.018693
v -0.185782 -0.561471 -0.026141
v -0.189662 -0.562239 -0.010627
v -0.027837 -0.319028 -0.126575
v -0.183371 -0.523053 -0.043110
v -0.188405 -0.537195 -0.022563
v -0.186880 -0.482200 -0.029243
v -0.178255 -0.490092 -0.054393
v -0.182064 -0.506105 -0.047790
v -0.184037 -0.495487 -0.039203
v -0.061642 -0.918698 -0.094546
v -0.150371 -0.975410 -0.101571
v -0.162645 -0.902504 -0.082847
v -0.053683 -1.124563 -0.098107
v -0.044880 -1.161702 -0.088863
v -0.041955 -1.179362 -0.083626
v -0.064085 -1.185011 -0.106705
v -0.104189 -1.173342 -0.112623
v -0.158756 -1.088064 -0.088307
v -0.072735 -1.010237 -0.111590
v -0.062420 -1.066406 -0.105072
v -0.005830 -0.585372 -0.075298
v -0.004703 -0.587984 -0.051253
v -0.000808 -0.582595 -0.037304
v -0.009445 -0.599403 -0.034499
v -0.001152 -0.633120 -0.047870
v -0.140354 -1.183002 -0.098569
v -0.171618 -1.164107 -0.064879
v -0.174357 -1.184341 -0.060351
v -0.165953 -1.125713 -0.076642
v -0.029945 -0.372480 -0.144846
v -0.052345 -0.407520 -0.153525
v -0.011218 -0.687675 -0.058570
v -0.036021 -0.734886 -0.080335
v -0.053731 -0.806149 -0.088290
v -0.158738 -0.809159 -0.093389
v -0.049856 -0.446763 -0.157738
v -0.043954 -0.504192 -0.143771
v -0.033621 -0.564536 -0.119656
v -0.173133 -0.758607 -0.054302
v -0.177696 -0.723161 -0.032865
v -0.165924 -0.426071 -0.072381
v -0.156897 -0.344657 -0.074872
v -0.155366 -0.387741 -0.087454
v -0.163294 -0.381538 -0.073913
v -0.157652 -0.370759 -0.081406
v -0.167245 -0.408995 -0.068553
v -0.176449 -0.346544 -0.030565
v -0.178379 -0.677040 -0.036334
v -0.173343 -0.684320 -0.057455
v -0.177503 -0.692125 -0.039118
v -0.178748 -0.707846 -0.029082
v -0.179163 -0.716279 -0.022059
v -0.074195 -0.339484 -0.127233
v -0.058291 -0.332299 -0.127545
v -0.062097 -0.352669 -0.136330
v -0.049455 -0.341040 -0.133028
v -0.094127 -0.352099 -0.128077
v -0.180985 -0.625240 -0.028286
v -0.178298 -0.611648 -0.041681
v -0.181784 -0.602937 -0.031454
v -0.170248 -0.613385 -0.065006
v -0.174588 -0.607446 -0.053830
v -0.174466 -0.623623 -0.053316
v -0.166571 -0.637192 -0.074904
v -0.174178 -0.644563 -0.054628
v -0.169765 -0.627729 -0.066164
v -0.184912 -0.573478 -0.027001
v -0.187378 -0.549676 -0.023262
v -0.186390 -0.518285 -0.032051
v -0.167242 -0.549396 -0.073256
v -0.040878 -0.922993 -0.070716
v -0.059290 -0.862039 -0.083029
v -0.169575 -0.978160 -0.066634
v -0.171868 -0.921758 -0.057061
v -0.171855 -0.886684 -0.054848
v -0.044370 -1.106170 -0.082793
v -0.039962 -1.162794 -0.074463
v -0.042040 -1.145554 -0.080902
v -0.039721 -1.182594 -0.071922
v -0.047408 -1.193504 -0.095182
v -0.042061 -1.190887 -0.085185
v -0.058095 -1.196935 -0.103779
v -0.051045 -1.179398 -0.098544
v -0.062093 -1.173237 -0.106022
v -0.082675 -1.176852 -0.112491
v -0.053403 -1.164241 -0.099661
v -0.054889 -1.143077 -0.099558
v -0.103535 -1.192584 -0.111723
v -0.171578 -1.090025 -0.062316
v -0.160346 -1.031182 -0.088819
v -0.046611 -1.014084 -0.086257
v -0.045272 -1.069404 -0.082217
v -0.006408 -0.570296 -0.066981
v -0.006234 -0.575397 -0.054869
v -0.008127 -0.565766 -0.094140
v -0.006619 -0.563057 -0.079044
v -0.010925 -0.599849 -0.022760
v -0.001115 -0.617104 -0.032357
v -0.003512 -0.607317 -0.056265
v -0.003987 -0.633758 -0.030082
v -0.004020 -0.656088 -0.040779
v -0.004072 -0.627182 -0.039244
v -0.004532 -0.642921 -0.039688
v -0.139887 -1.198997 -0.098007
v -0.156061 -1.191265 -0.084912
v -0.123623 -1.190838 -0.107097
v -0.177231 -1.164852 -0.051623
v -0.174995 -1.146833 -0.057820
v -0.178298 -1.184585 -0.049119
v -0.167948 -1.195844 -0.071053
v -0.039639 -0.364360 -0.141782
v -0.025840 -0.361057 -0.140579
v -0.040472 -0.389690 -0.150730
v -0.030944 -0.408136 -0.154598
v -0.004572 -0.690229 -0.037175
v -0.015538 -0.723822 -0.054735
v -0.023895 -0.757809 -0.056366
v -0.030567 -0.794041 -0.061873
v -0.035665 -0.831262 -0.065172
v -0.172119 -0.811606 -0.054775
v -0.029881 -0.446592 -0.160192
v -0.024299 -0.498904 -0.137445
v -0.024645 -0.538044 -0.123276
v -0.177153 -0.760144 -0.032335
v -0.142612 -0.438618 -0.111381
v -0.160767 -0.396468 -0.078550
v -0.180038 -0.707396 -0.016644
v -0.070918 -0.369093 -0.141233
v -0.169021 -0.654664 -0.068998
v -0.168612 -0.671479 -0.070995
v -0.173366 -0.658265 -0.056460
v -0.155805 -0.697631 -0.099497
v -0.172745 -0.672426 -0.057706
v -0.165570 -0.693954 -0.078966
v -0.169321 -0.684520 -0.069765
v -0.162578 -0.678173 -0.086024
v -0.160214 -0.690658 -0.090923
v -0.177351 -0.539414 -0.054494
v -0.035119 -0.925520 -0.054781
v -0.038479 -0.943342 -0.065118
v -0.035614 -0.903330 -0.060359
v -0.037590 -0.931133 -0.063685
v -0.033938 -0.913045 -0.052543
v -0.037803 -0.867348 -0.062599
v -0.173164 -0.979552 -0.045990
v -0.173961 -0.924961 -0.039608
v -0.173073 -0.904783 -0.046977
v -0.172556 -0.945470 -0.049587
v -0.173010 -0.916649 -0.047919
v -0.174135 -0.936968 -0.038325
v -0.174435 -0.887860 -0.037087
v -0.173524 -0.865970 -0.044743
v -0.173283 -0.894994 -0.046594
v -0.173563 -0.877362 -0.045261
v -0.041992 -1.107212 -0.069237
v -0.042569 -1.089539 -0.076296
v -0.041078 -1.146415 -0.069216
v -0.041952 -1.126168 -0.078083
v -0.080939 -1.193451 -0.111303
v -0.069424 -1.198747 -0.108475
v -0.091618 -1.184875 -0.112372
v -0.089728 -1.151637 -0.113735
v -0.047568 -1.136167 -0.091598
v -0.046948 -1.149092 -0.091230
v -0.103219 -1.204502 -0.111416
v -0.176059 -1.090888 -0.047723
v -0.173758 -1.070382 -0.053777
v -0.174477 -1.110489 -0.056459
v -0.171062 -1.033555 -0.059661
v -0.041210 -1.016029 -0.067966
v -0.044543 -1.036671 -0.078923
v -0.042570 -0.993328 -0.074717
v -0.043552 -1.025333 -0.077947
v -0.042194 -1.030984 -0.065861
v -0.041237 -1.001674 -0.064594
v -0.043703 -1.004293 -0.077479
v -0.042586 -1.070589 -0.067737
v -0.042886 -1.054767 -0.074010
v -0.051735 -1.053870 -0.093930
v -0.042365 -1.043769 -0.067354
v -0.046497 -1.059304 -0.084786
v -0.014371 -0.549837 -0.104518
v -0.004593 -0.598165 -0.046233
v -0.002602 -0.654176 -0.025418
v -0.003172 -0.670883 -0.032410
v -0.005739 -0.668823 -0.053746
v -0.154770 -1.203867 -0.085432
v -0.164709 -1.177804 -0.076576
v -0.152625 -1.177412 -0.089967
v -0.125940 -1.170501 -0.107267
v -0.142019 -1.164592 -0.099048
v -0.136140 -1.174410 -0.102595
v -0.147022 -1.136492 -0.097632
v -0.148294 -1.150358 -0.095168
v -0.161928 -1.145170 -0.081869
v -0.127619 -1.145982 -0.107817
v -0.131853 -1.158548 -0.105614
v -0.139347 -1.145968 -0.102153
v -0.112972 -1.182241 -0.110547
v -0.122548 -1.203452 -0.106983
v -0.178139 -1.147485 -0.046517
v -0.064398 -0.388810 -0.149254
v -0.040389 -0.378200 -0.146538
v -0.025250 -0.389076 -0.151050
v -0.041261 -0.401518 -0.152888
v -0.005807 -0.690947 -0.025365
v -0.006607 -0.707224 -0.037097
v -0.009495 -0.724248 -0.036916
v -0.015412 -0.742426 -0.047281
v -0.008738 -0.717038 -0.045171
v -0.019208 -0.704498 -0.060268
v -0.012703 -0.730822 -0.046388
v -0.016562 -0.760458 -0.040012
v -0.024540 -0.778913 -0.049361
v -0.017809 -0.751737 -0.048093
v -0.021284 -0.767183 -0.049002
v -0.022814 -0.796847 -0.044565
v -0.025775 -0.833877 -0.048000
v -0.175572 -0.813121 -0.034616
v -0.038086 -0.470120 -0.149561
v -0.040784 -0.427640 -0.155704
v -0.015504 -0.494229 -0.130432
v -0.022761 -0.514241 -0.124667
v -0.017088 -0.528996 -0.111338
v -0.018568 -0.541169 -0.112948
v -0.023708 -0.556386 -0.117560
v -0.015326 -0.560685 -0.105942
v -0.178222 -0.761145 -0.020209
v -0.178214 -0.741025 -0.028922
v -0.174958 -0.785797 -0.045700
v -0.154007 -0.427332 -0.093717
v -0.071328 -0.358527 -0.136531
v -0.059414 -0.363171 -0.140805
v -0.181932 -0.533873 -0.043714
v -0.179669 -0.559167 -0.047079
v -0.035715 -0.943035 -0.052402
v -0.038533 -0.959435 -0.061971
v -0.039780 -0.977898 -0.064385
v -0.062374 -0.956422 -0.098839
v -0.040647 -0.990602 -0.062159
v -0.047083 -0.955681 -0.082111
v -0.040608 -0.954006 -0.070886
v -0.042565 -0.967102 -0.074933
v -0.033205 -0.888215 -0.053230
v -0.031005 -0.873326 -0.049971
v -0.174134 -0.980332 -0.034380
v -0.170525 -1.003470 -0.057786
v -0.169777 -0.900486 -0.065322
v -0.167366 -0.916427 -0.073056
v -0.147108 -0.933178 -0.104883
v -0.158114 -0.919760 -0.091788
v -0.162383 -0.914363 -0.083583
v -0.174656 -0.905709 -0.033069
v -0.171731 -0.962363 -0.054771
v -0.175089 -0.868524 -0.030858
v -0.174876 -0.850533 -0.034820
v -0.175446 -0.832859 -0.035207
v -0.042187 -1.090487 -0.064723
v -0.055031 -1.090652 -0.098777
v -0.046781 -1.118086 -0.088540
v -0.055555 -1.106579 -0.099476
v -0.049613 -1.100209 -0.092284
v -0.085039 -1.119252 -0.114277
v -0.067478 -1.116824 -0.108417
v -0.064767 -1.133082 -0.107078
v -0.079363 -1.093915 -0.113673
v -0.065284 -1.098630 -0.107458
v -0.067999 -1.081960 -0.109007
v -0.077810 -1.106551 -0.112453
v -0.090935 -1.071241 -0.116184
v -0.081283 -1.080492 -0.113976
v -0.091786 -1.165830 -0.113445
v -0.078988 -1.160404 -0.112086
v -0.074898 -1.144086 -0.111205
v -0.088967 -1.136340 -0.114545
v -0.063996 -1.147845 -0.106318
v -0.076733 -1.130024 -0.112232
v -0.108209 -1.141630 -0.113193
v -0.106228 -1.157491 -0.112929
v -0.176187 -1.071633 -0.041913
v -0.174127 -1.053790 -0.049730
v -0.166841 -1.071901 -0.075347
v -0.177312 -1.110686 -0.044624
v -0.165940 -1.105801 -0.076959
v -0.175353 -1.127571 -0.055359
v -0.174300 -1.034529 -0.044217
v -0.172597 -1.018438 -0.047122
v -0.172828 -1.004532 -0.043669
v -0.171856 -0.993414 -0.050050
v -0.169382 -1.019106 -0.064319
v -0.160842 -1.000252 -0.088858
v -0.167019 -1.028288 -0.074402
v -0.165130 -1.014639 -0.080136
v -0.165953 -1.051225 -0.077268
v -0.168545 -1.040494 -0.070662
v -0.168309 -1.000221 -0.073898
v -0.164113 -0.986775 -0.081035
v -0.162617 -0.962426 -0.083919
v -0.156331 -0.986508 -0.095108
v -0.159878 -0.975690 -0.089852
v -0.119464 -1.004115 -0.118046
v -0.138744 -0.991787 -0.110584
v -0.147698 -0.985125 -0.103908
v -0.166679 -0.940238 -0.074947
v -0.168609 -0.927660 -0.069240
v -0.163412 -0.928796 -0.082214
v -0.170789 -0.938995 -0.061844
v -0.157519 -0.945789 -0.092966
v -0.169608 -0.952052 -0.067132
v -0.052627 -1.065658 -0.094295
v -0.049744 -1.079481 -0.091352
v -0.074603 -1.040073 -0.112513
v -0.008588 -0.542305 -0.096380
v -0.004909 -0.678018 -0.044408
v -0.022371 -0.668875 -0.073536
v -0.005555 -0.650155 -0.063328
v -0.164544 -1.164296 -0.076601
v -0.157273 -1.131820 -0.087570
v -0.145579 -1.107888 -0.099984
v -0.149465 -1.121835 -0.096441
v -0.157309 -1.110504 -0.088810
v -0.127700 -1.122868 -0.108951
v -0.139282 -1.127174 -0.103106
v -0.159800 -1.100564 -0.086678
v -0.168866 -1.149862 -0.070604
v -0.170368 -1.137420 -0.068887
v -0.062063 -0.376787 -0.145246
v -0.008422 -0.696852 -0.049497
v -0.025322 -0.742273 -0.064840
v -0.012542 -0.744009 -0.033482
v -0.032029 -0.718860 -0.069699
v -0.029244 -0.690095 -0.072153
v -0.036401 -0.773428 -0.071709
v -0.017970 -0.780509 -0.035943
v -0.028946 -0.812917 -0.055204
v -0.026024 -0.788269 -0.052389
v -0.033288 -0.849121 -0.058346
v -0.176814 -0.816461 -0.023089
v -0.039610 -0.455558 -0.153058
v -0.024869 -0.460952 -0.149967
v -0.024502 -0.480126 -0.142794
v -0.040179 -0.488224 -0.148789
v -0.029479 -0.490084 -0.143512
v -0.078607 -0.485575 -0.144556
v -0.060511 -0.474403 -0.153812
v -0.054053 -0.460958 -0.155661
v -0.072869 -0.459891 -0.154119
v -0.047771 -0.476559 -0.151544
v -0.058081 -0.492933 -0.149137
v -0.063802 -0.511704 -0.138719
v -0.066484 -0.483252 -0.146983
v -0.056296 -0.504164 -0.145204
v -0.040070 -0.439350 -0.159860
v -0.066052 -0.427793 -0.154284
v -0.041082 -0.415466 -0.155180
v -0.027140 -0.422315 -0.155705
v -0.012537 -0.510580 -0.120527
v -0.031261 -0.512368 -0.137891
v -0.029286 -0.526126 -0.131580
v -0.048840 -0.542085 -0.131386
v -0.036051 -0.536476 -0.131168
v -0.036859 -0.551772 -0.126660
v -0.049538 -0.524438 -0.138542
v -0.178733 -0.731594 -0.023262
v -0.174112 -0.735332 -0.051180
v -0.177534 -0.777900 -0.029060
v -0.175544 -0.769932 -0.043189
v -0.174896 -0.800740 -0.044213
v -0.177020 -0.792374 -0.030311
v -0.159517 -0.421248 -0.083020
v -0.182439 -0.566185 -0.037538
v -0.183322 -0.553057 -0.036654
v -0.174128 -0.553077 -0.059629
v -0.168323 -0.571603 -0.071620
v -0.058220 -0.937947 -0.092555
v -0.144010 -0.898240 -0.109239
v -0.173858 -0.965833 -0.040814
v -0.173903 -0.822746 -0.045563
v -0.165343 -0.838251 -0.076020
v -0.170035 -0.828147 -0.062720
v -0.166583 -0.812198 -0.074619
v -0.171024 -0.847485 -0.056660
v -0.173287 -0.837086 -0.049175
v -0.165759 -0.826155 -0.076558
v -0.169374 -0.838399 -0.064529
v -0.173184 -0.853849 -0.046498
v -0.166725 -1.086461 -0.076206
v -0.171263 -1.077073 -0.064621
v -0.170127 -1.114470 -0.068836
v -0.171067 -1.102305 -0.065524
v -0.152233 -1.064653 -0.097513
v -0.170520 -1.061731 -0.065976
v -0.170989 -1.049876 -0.061439
v -0.170778 -0.989956 -0.064298
v -0.155895 -0.932654 -0.094817
v -0.142687 -0.954076 -0.108586
v -0.163472 -0.951221 -0.081969
v -0.168158 -0.965268 -0.071525
v -0.064058 -1.051812 -0.106347
v -0.076822 -1.062244 -0.113233
v -0.056594 -1.030342 -0.099411
v -0.096524 -1.052761 -0.117543
v -0.056553 -1.043314 -0.099707
v -0.088747 -1.061807 -0.116514
v -0.012500 -0.675077 -0.064065
v -0.011211 -0.660573 -0.067125
v -0.004514 -0.658534 -0.053515
v -0.120599 -1.135342 -0.111078
v -0.106962 -1.119336 -0.114757
v -0.097353 -1.101759 -0.115901
v -0.096407 -1.087020 -0.116640
v -0.095518 -1.125822 -0.115166
v -0.125082 -1.092907 -0.112164
v -0.106417 -1.074437 -0.116794
v -0.111559 -1.088035 -0.115960
v -0.124532 -1.076070 -0.113249
v -0.143121 -1.083992 -0.103519
v -0.135275 -1.062025 -0.109839
v -0.023869 -0.716004 -0.059689
v -0.023460 -0.728067 -0.064572
v -0.056246 -0.707658 -0.101264
v -0.032269 -0.677614 -0.076315
v -0.019487 -0.692637 -0.064159
v -0.033620 -0.702855 -0.069216
v -0.044674 -0.711496 -0.083858
v -0.037673 -0.753051 -0.075005
v -0.040367 -0.812414 -0.073121
v -0.026892 -0.802995 -0.054289
v -0.022817 -0.814949 -0.040782
v -0.029515 -0.825046 -0.056636
v -0.047052 -0.854813 -0.071426
v -0.032068 -0.837441 -0.057059
v -0.027819 -0.846045 -0.046038
v -0.030472 -0.861104 -0.049219
v -0.090088 -0.468908 -0.147351
v -0.069513 -0.497509 -0.140623
v -0.054509 -0.421067 -0.155210
v -0.071990 -0.443891 -0.153749
v -0.062023 -0.450366 -0.154487
v -0.025597 -0.434981 -0.156310
v -0.059492 -0.532271 -0.132161
v -0.175725 -0.748377 -0.042729
v -0.176794 -0.732645 -0.038750
v -0.176570 -0.805116 -0.028099
v -0.128017 -0.567636 -0.128461
v -0.173285 -0.581822 -0.058927
v -0.177813 -0.584274 -0.047168
v -0.174940 -0.568896 -0.057458
v -0.054670 -0.951306 -0.091478
v -0.089245 -0.937045 -0.115967
v -0.050518 -0.925408 -0.083990
v -0.046726 -0.940150 -0.080903
v -0.146526 -0.914563 -0.106202
v -0.154865 -0.906954 -0.096528
v -0.133760 -0.908528 -0.116319
v -0.125711 -0.932336 -0.118518
v -0.137555 -0.924545 -0.113236
v -0.125668 -0.918923 -0.119134
v -0.173717 -0.954238 -0.039541
v -0.169801 -0.793276 -0.065200
v -0.172408 -0.801282 -0.056254
v -0.164748 -0.867305 -0.078120
v -0.170473 -0.870226 -0.061496
v -0.165775 -0.884598 -0.075644
v -0.168499 -0.856132 -0.067786
v -0.169424 -0.888734 -0.065348
v -0.155372 -0.884768 -0.095643
v -0.152017 -0.895671 -0.100295
v -0.159176 -1.072468 -0.088858
v -0.163176 -1.063411 -0.082879
v -0.150482 -1.074869 -0.098092
v -0.154211 -0.958538 -0.097557
v -0.148998 -0.945940 -0.102879
v -0.114109 -1.104278 -0.114134
v -0.118453 -1.115654 -0.112530
v -0.138084 -1.097570 -0.106045
v -0.150256 -1.095759 -0.097455
v -0.128036 -1.104560 -0.109791
v -0.135821 -1.113703 -0.105969
v -0.136310 -1.072523 -0.108232
v -0.146471 -1.042911 -0.103078
v -0.039397 -0.721431 -0.080238
v -0.052558 -0.692355 -0.088634
v -0.042004 -0.693414 -0.076989
v -0.032946 -0.744820 -0.073277
v -0.033005 -0.761872 -0.066316
v -0.063982 -0.768641 -0.105731
v -0.041467 -0.795961 -0.079046
v -0.037782 -0.857829 -0.064910
v -0.047142 -0.867793 -0.075025
v -0.057641 -0.889333 -0.088263
v -0.054617 -0.876956 -0.083809
v -0.043302 -0.886392 -0.070455
v -0.048984 -0.907628 -0.081441
v -0.037659 -0.893839 -0.062811
v -0.063904 -0.833768 -0.090761
v -0.041918 -0.842172 -0.067298
v -0.053034 -0.841212 -0.079833
v -0.065391 -0.849213 -0.086621
v -0.050686 -0.824819 -0.083206
v -0.094833 -0.871058 -0.116442
v -0.075195 -0.873685 -0.099617
v -0.065676 -0.871150 -0.090700
v -0.090248 -0.843358 -0.107185
v -0.076552 -0.842492 -0.096665
v -0.075554 -0.857071 -0.095494
v -0.085864 -0.863241 -0.106310
v -0.084051 -0.459081 -0.149653
v -0.076070 -0.472205 -0.148378
v -0.109217 -0.493802 -0.142591
v -0.091215 -0.501923 -0.137978
v -0.120137 -0.454800 -0.133897
v -0.150379 -0.577454 -0.101849
v -0.073111 -0.930408 -0.105057
v -0.164112 -0.798354 -0.082081
v -0.164364 -0.769158 -0.082111
v -0.170920 -0.774879 -0.062681
v -0.165974 -0.782715 -0.077541
v -0.150104 -0.782714 -0.108317
v -0.157077 -0.794325 -0.097250
v -0.159579 -0.780919 -0.092804
v -0.152622 -0.756402 -0.104929
v -0.154138 -0.770931 -0.102590
v -0.161128 -0.890626 -0.086247
v -0.161019 -0.878166 -0.086184
v -0.142595 -0.849302 -0.113447
v -0.151242 -0.865391 -0.102245
v -0.145109 -1.055740 -0.103513
v -0.121828 -1.037036 -0.116087
v -0.051791 -0.703735 -0.091205
v -0.072552 -0.677234 -0.119702
v -0.047552 -0.765948 -0.090366
v -0.035866 -0.803055 -0.069994
v -0.056004 -0.786557 -0.095602
v -0.036384 -0.785084 -0.072246
v -0.036539 -0.879367 -0.061326
v -0.060478 -0.903772 -0.092012
v -0.072838 -0.890749 -0.101605
v -0.047300 -0.893928 -0.078359
v -0.041213 -0.909765 -0.070955
v -0.042325 -0.824435 -0.074221
v -0.095813 -0.484336 -0.147297
v -0.112860 -0.473524 -0.141042
v -0.101335 -0.474027 -0.146422
v -0.113877 -0.533612 -0.139941
v -0.160370 -0.579199 -0.085708
v -0.063582 -0.927907 -0.097031
v -0.068154 -0.945002 -0.102466
v -0.088717 -0.911082 -0.114597
v -0.168863 -0.760702 -0.069438
v -0.163440 -0.753427 -0.084208
v -0.169408 -0.743514 -0.067818
v -0.157917 -0.748069 -0.096072
v -0.142393 -0.723817 -0.116024
v -0.147778 -0.741283 -0.111168
v -0.159635 -0.761334 -0.092896
v -0.154256 -0.728606 -0.102591
v -0.115682 -0.746604 -0.127460
v -0.163042 -0.715042 -0.084952
v -0.149902 -0.712585 -0.108154
v -0.135611 -0.756443 -0.120929
v -0.142728 -0.771379 -0.116489
v -0.133142 -0.738867 -0.122608
v -0.160201 -0.725811 -0.091526
v -0.157736 -0.710626 -0.096462
v -0.126736 -0.685116 -0.125756
v -0.147344 -0.675779 -0.110514
v -0.153753 -0.685982 -0.102545
v -0.141610 -0.693049 -0.116778
v -0.145136 -0.751231 -0.113967
v -0.123542 -0.773647 -0.126004
v -0.127837 -0.749703 -0.124722
v -0.111412 -0.714636 -0.128828
v -0.156352 -0.668499 -0.097706
v -0.136398 -0.708604 -0.120727
v -0.147892 -0.700164 -0.110105
v -0.118468 -0.728855 -0.127114
v -0.138147 -0.633583 -0.118226
v -0.131046 -0.696108 -0.123412
v -0.123898 -0.707485 -0.126081
v -0.130372 -0.721728 -0.124015
v -0.145420 -0.654519 -0.111569
v -0.149371 -0.665359 -0.107227
v -0.172127 -0.786181 -0.057742
v -0.143734 -0.879370 -0.110066
v -0.125297 -0.889234 -0.120660
v -0.125445 -0.901906 -0.120495
v -0.112495 -1.049550 -0.117398
v -0.127479 -1.050360 -0.113955
v -0.062262 -0.688660 -0.106442
v -0.041298 -0.763939 -0.079796
v -0.057038 -0.740336 -0.103839
v -0.046576 -0.730204 -0.093578
v -0.047280 -0.745448 -0.089441
v -0.058441 -0.722434 -0.106418
v -0.055010 -0.754977 -0.100537
v -0.084851 -0.735235 -0.123018
v -0.069082 -0.733500 -0.114315
v -0.102015 -0.735438 -0.127290
v -0.071278 -0.751386 -0.113634
v -0.079456 -0.707117 -0.123562
v -0.093067 -0.720542 -0.127336
v -0.093686 -0.755236 -0.123815
v -0.065596 -0.711847 -0.114075
v -0.077346 -0.721307 -0.120932
v -0.093278 -0.744651 -0.125090
v -0.069146 -0.697075 -0.117381
v -0.050821 -0.795957 -0.088773
v -0.054861 -0.773142 -0.096716
v -0.045222 -0.778778 -0.085184
v -0.084357 -0.881377 -0.109886
v -0.083831 -0.896875 -0.110704
v -0.073383 -0.908340 -0.103292
v -0.102010 -0.896768 -0.120123
v -0.071434 -0.918392 -0.102752
v -0.096519 -0.883592 -0.117537
v -0.114204 -0.874389 -0.122881
v -0.066719 -0.883557 -0.094844
v -0.124268 -0.486474 -0.131594
v -0.107029 -0.514845 -0.144029
v -0.160384 -0.561842 -0.086170
v -0.084098 -0.923244 -0.112570
v -0.102853 -0.922592 -0.120196
v -0.172743 -0.746456 -0.056384
v -0.169818 -0.725213 -0.067413
v -0.137741 -0.680145 -0.119271
v -0.124484 -0.662095 -0.127117
v -0.119854 -0.814716 -0.125999
v -0.143305 -0.807354 -0.114900
v -0.152137 -0.803720 -0.104514
v -0.151107 -0.877274 -0.101658
v -0.138708 -0.865040 -0.115521
v -0.120704 -0.850755 -0.123585
v -0.132122 -0.875917 -0.118849
v -0.132767 -0.853990 -0.119469
v -0.125527 -0.865913 -0.122049
v -0.136964 -0.889198 -0.115163
v -0.057178 -0.696152 -0.098791
v -0.062740 -0.666623 -0.098315
v -0.049481 -0.716660 -0.094265
v -0.104925 -0.723113 -0.128055
v -0.079759 -0.768331 -0.116770
v -0.109913 -0.761867 -0.126865
v -0.123846 -0.760383 -0.125666
v -0.101858 -0.910852 -0.119547
v -0.111068 -0.886511 -0.121810
v -0.115598 -0.484147 -0.139271
v -0.121428 -0.503331 -0.134724
v -0.129644 -0.522585 -0.126899
v -0.128615 -0.510767 -0.127818
v -0.145723 -0.471942 -0.108690
v -0.125305 -0.470584 -0.130380
v -0.135411 -0.479736 -0.120056
v -0.136287 -0.455513 -0.119891
v -0.134490 -0.467813 -0.121860
v -0.101589 -0.503578 -0.144856
v -0.091450 -0.521188 -0.132311
v -0.156219 -0.571553 -0.093713
v -0.145057 -0.547257 -0.110497
v -0.147746 -0.562377 -0.106147
v -0.153870 -0.550032 -0.096365
v -0.137750 -0.558169 -0.119026
v -0.154827 -0.515258 -0.094654
v -0.132232 -0.541216 -0.124485
v -0.139873 -0.576499 -0.117588
v -0.152153 -0.532608 -0.098971
v -0.117262 -0.602998 -0.132886
v -0.141668 -0.603069 -0.114060
v -0.126360 -0.586948 -0.128526
v -0.143596 -0.589572 -0.112312
v -0.130795 -0.576618 -0.124945
v -0.135016 -0.595427 -0.121693
v -0.155928 -0.601264 -0.094793
v -0.161079 -0.619758 -0.086188
v -0.151401 -0.590585 -0.100959
v -0.165946 -0.560833 -0.075902
v -0.108223 -0.940899 -0.120964
v -0.166349 -0.733098 -0.076665
v -0.171238 -0.733339 -0.062286
v -0.174427 -0.719917 -0.051033
v -0.168952 -0.707281 -0.069643
v -0.172914 -0.709213 -0.057132
v -0.115899 -0.794119 -0.126093
v -0.106083 -0.859907 -0.122096
v -0.106324 -0.842459 -0.119383
v -0.056903 -0.680050 -0.092426
v -0.064628 -0.677179 -0.107377
v -0.081252 -0.756251 -0.118975
v -0.073469 -0.785377 -0.109571
v -0.081069 -0.814653 -0.110428
v -0.075045 -0.826011 -0.102384
v -0.088739 -0.827283 -0.112273
v -0.066287 -0.813149 -0.099059
v -0.100775 -0.812946 -0.118573
v -0.074437 -0.799715 -0.107171
v -0.060955 -0.823230 -0.092432
v -0.091487 -0.793670 -0.119586
v -0.064646 -0.793904 -0.102273
v -0.085087 -0.802718 -0.114160
v -0.061726 -0.802191 -0.096569
v -0.092670 -0.768329 -0.122592
v -0.086077 -0.779862 -0.118075
v -0.119519 -0.519616 -0.137323
v -0.128477 -0.437708 -0.126692
v -0.148044 -0.454778 -0.105708
v -0.162175 -0.470293 -0.085726
v -0.169215 -0.457238 -0.069740
v -0.152903 -0.442457 -0.098727
v -0.153990 -0.466635 -0.098185
v -0.159095 -0.454089 -0.088646
v -0.079099 -0.511687 -0.133037
v -0.091485 -0.557283 -0.130606
v -0.100483 -0.527692 -0.142232
v -0.090939 -0.539641 -0.131988
v -0.103297 -0.549312 -0.142621
v -0.084813 -0.530177 -0.127280
v -0.074983 -0.548114 -0.120448
v -0.062009 -0.544688 -0.125991
v -0.051749 -0.559716 -0.121620
v -0.105414 -0.573234 -0.141144
v -0.119922 -0.548590 -0.135733
v -0.085966 -0.547814 -0.125495
v -0.062361 -0.609335 -0.098469
v -0.099233 -0.562020 -0.141141
v -0.113275 -0.559790 -0.138930
v -0.128827 -0.555377 -0.128085
v -0.051732 -0.582547 -0.105917
v -0.021689 -0.587377 -0.102746
v -0.014521 -0.576475 -0.104127
v -0.010001 -0.580335 -0.088699
v -0.028436 -0.578041 -0.112139
v -0.007580 -0.597910 -0.088664
v -0.046736 -0.572790 -0.115265
v -0.023170 -0.566903 -0.113280
v -0.036802 -0.586585 -0.105919
v -0.033149 -0.612751 -0.091912
v -0.048088 -0.598636 -0.098168
v -0.030927 -0.599110 -0.098872
v -0.032014 -0.640346 -0.079884
v -0.019023 -0.607152 -0.091318
v -0.018290 -0.648824 -0.075652
v -0.071758 -0.569411 -0.113271
v -0.048179 -0.612619 -0.092674
v -0.041159 -0.624327 -0.084074
v -0.031887 -0.655840 -0.081850
v -0.016583 -0.628079 -0.072692
v -0.021196 -0.620116 -0.083603
v -0.059126 -0.565012 -0.114073
v -0.054244 -0.644632 -0.094226
v -0.057708 -0.626020 -0.093378
v -0.028679 -0.627523 -0.078215
v -0.010246 -0.639372 -0.071480
v -0.044933 -0.637538 -0.086625
v -0.075773 -0.638349 -0.119574
v -0.069252 -0.636317 -0.102694
v -0.066277 -0.653236 -0.100605
v -0.069497 -0.661601 -0.113820
v -0.075392 -0.619335 -0.113369
v -0.083571 -0.662935 -0.129053
v -0.071887 -0.649555 -0.112970
v -0.067929 -0.621319 -0.102040
v -0.074005 -0.629184 -0.111580
v -0.124810 -0.534214 -0.132046
v -0.160793 -0.539694 -0.085227
v -0.169521 -0.532421 -0.070241
v -0.177065 -0.525737 -0.057432
v -0.170531 -0.517160 -0.068892
v -0.163533 -0.502438 -0.081153
v -0.154897 -0.487674 -0.095141
v -0.178203 -0.513414 -0.056763
v -0.144922 -0.488361 -0.109040
v -0.150418 -0.500898 -0.101023
v -0.143170 -0.517136 -0.111604
v -0.161097 -0.592954 -0.085176
v -0.113315 -0.929390 -0.121066
v -0.091745 -0.970754 -0.117065
v -0.079278 -0.957668 -0.110564
v -0.125090 -0.950420 -0.117827
v -0.113800 -0.781139 -0.126287
v -0.095634 -0.853752 -0.113018
v -0.121988 -0.832468 -0.124862
v -0.132697 -0.841470 -0.120999
v -0.147254 -0.827182 -0.109389
v -0.158200 -0.831268 -0.093556
v -0.152890 -0.817982 -0.103157
v -0.072616 -0.773427 -0.110608
v -0.103416 -0.826488 -0.120819
v -0.110363 -0.804558 -0.124469
v -0.128696 -0.449847 -0.127224
v -0.136547 -0.444211 -0.119929
v -0.134981 -0.418170 -0.118898
v -0.107639 -0.434787 -0.141352
v -0.168812 -0.471040 -0.072728
v -0.165280 -0.485230 -0.079785
v -0.169851 -0.495436 -0.072489
v -0.172632 -0.447713 -0.061583
v -0.165002 -0.442794 -0.078011
v -0.158729 -0.438175 -0.088055
v -0.118573 -0.577696 -0.135114
v -0.104209 -0.590729 -0.138865
v -0.008185 -0.599186 -0.071757
v -0.008509 -0.588706 -0.063366
v -0.010700 -0.587860 -0.095362
v -0.081431 -0.560463 -0.119796
v -0.085745 -0.581537 -0.128882
v -0.092277 -0.572552 -0.136498
v -0.082355 -0.572047 -0.120487
v -0.000159 -0.626342 -0.064378
v -0.005933 -0.616766 -0.064634
v -0.002003 -0.638277 -0.059713
v -0.093374 -0.622191 -0.135419
v -0.094630 -0.687708 -0.130371
v -0.081987 -0.692322 -0.125926
v -0.109340 -0.696547 -0.129785
v -0.094219 -0.702574 -0.128780
v -0.110351 -0.682171 -0.130608
v -0.121383 -0.673120 -0.128239
v -0.107128 -0.667352 -0.131633
v -0.085613 -0.647573 -0.130703
v -0.100621 -0.636945 -0.134564
v -0.084935 -0.632158 -0.130337
v -0.081292 -0.620793 -0.126922
v -0.088126 -0.602378 -0.133452
v -0.077578 -0.654947 -0.123364
v -0.117414 -0.644937 -0.130510
v -0.113242 -0.622370 -0.133725
v -0.113661 -0.656996 -0.130944
v -0.131746 -0.647868 -0.123261
v -0.113282 -0.633159 -0.132262
v -0.126461 -0.628200 -0.126987
v -0.137376 -0.618642 -0.118635
v -0.150725 -0.626047 -0.103528
v -0.126440 -0.613225 -0.127174
v -0.146147 -0.614405 -0.108464
v -0.162454 -0.515782 -0.081990
v -0.158470 -0.526733 -0.088682
v -0.142713 -0.504119 -0.112035
v -0.138304 -0.530355 -0.117754
v -0.149697 -0.522428 -0.102840
v -0.095383 -0.952228 -0.118190
v -0.084001 -0.948749 -0.113536
v -0.110579 -0.965286 -0.120395
v -0.108583 -0.952046 -0.120350
v -0.136345 -0.942721 -0.113494
v -0.115934 -0.842382 -0.125855
v -0.134907 -0.820763 -0.120825
v -0.139169 -0.831315 -0.117321
v -0.160976 -0.821156 -0.087960
v -0.151586 -0.840954 -0.103834
v -0.150685 -0.852195 -0.103493
v -0.159002 -0.857094 -0.089977
v -0.158496 -0.845232 -0.092500
v -0.114317 -0.823184 -0.124971
v -0.135569 -0.430111 -0.119074
v -0.118059 -0.442076 -0.135468
v -0.116260 -0.592563 -0.134516
v -0.076314 -0.595193 -0.112267
v -0.076238 -0.583352 -0.113505
v -0.080041 -0.607006 -0.120871
v -0.064865 -0.579434 -0.108211
v -0.063986 -0.595238 -0.103527
v -0.004931 -0.646562 -0.051315
v -0.084320 -0.677588 -0.128409
v -0.094309 -0.669749 -0.131624
v -0.102147 -0.608881 -0.136957
v -0.090724 -0.591784 -0.136327
v -0.148412 -0.639149 -0.107296
v -0.155971 -0.651245 -0.097043
v -0.162544 -0.647645 -0.084442
v -0.157514 -0.635502 -0.093716
v -0.145306 -0.534953 -0.109666
v -0.106360 -0.985168 -0.119571
v -0.130925 -0.970141 -0.114936
v -0.164052 -0.851628 -0.079508
v -0.072525 -0.607412 -0.107379
v -0.162108 -0.631857 -0.084259
v -0.102837 -0.975509 -0.119607
v -0.142199 -0.967258 -0.108717
v -0.133223 -0.958417 -0.114471
v -0.117845 -0.978365 -0.118771
v -0.130495 -0.983825 -0.114473
v -0.140367 -0.979036 -0.109722
v -0.153506 -0.330592 -0.073231
v -0.109744 -0.377946 -0.129873
v -0.094149 -0.368505 -0.134409
v -0.106688 -0.366238 -0.128374
v -0.082559 -0.365202 -0.137289
v -0.084673 -0.384107 -0.142973
v -0.097058 -0.380922 -0.136787
v -0.099530 -0.408331 -0.142554
v -0.095324 -0.394760 -0.141927
v -0.077943 -0.406465 -0.149850
v -0.112542 -0.398062 -0.134378
v -0.065544 -0.412411 -0.153899
v -0.117441 -0.418519 -0.133930
v -0.118066 -0.388227 -0.127461
v -0.129481 -0.382082 -0.116538
v -0.141571 -0.376863 -0.102945
v -0.110890 -0.408661 -0.137101
v -0.119887 -0.374827 -0.122423
v -0.150167 -0.377479 -0.093371
v -0.077156 -0.394161 -0.147566
v -0.087962 -0.425830 -0.149421
v -0.077526 -0.432215 -0.152231
v -0.105494 -0.421453 -0.141758
v -0.125684 -0.409355 -0.125689
v -0.089086 -0.413168 -0.148704
v -0.094555 -0.437918 -0.147833
v -0.168816 -0.341617 -0.050214
v -0.057971 -0.990946 -0.098668
v -0.048097 -0.994932 -0.087747
v -0.050732 -0.977770 -0.089418
v -0.071695 -0.978101 -0.107957
v -0.043581 -0.980290 -0.077546
v -0.052114 -0.963870 -0.090121
v -0.080681 -0.969740 -0.111986
v -0.060731 -0.979228 -0.099817
v -0.071138 -0.993410 -0.109271
v -0.089888 -0.998939 -0.117423
v -0.091536 -0.986122 -0.117173
v -0.094658 -1.022870 -0.117655
v -0.102839 -1.036517 -0.117834
v -0.087919 -1.035266 -0.116207
v -0.079360 -1.024345 -0.113901
v -0.087027 -1.012858 -0.117214
v -0.065301 -1.022479 -0.107423
v -0.104344 -1.010783 -0.119171
v -0.058847 -1.007670 -0.101823
v -0.112551 -1.022885 -0.118319
v -0.107793 -0.998169 -0.119531
v -0.050453 -1.005238 -0.092919
v -0.053211 -1.020145 -0.096330
v -0.157434 -1.049609 -0.092396
v -0.144916 -1.018092 -0.105370
v -0.156561 -1.014787 -0.094601
v -0.150464 -1.001475 -0.102484
v -0.130493 -1.021744 -0.114212
v -0.135424 -1.035196 -0.110894
v -0.134341 -1.009618 -0.114060
v -0.120741 -1.016288 -0.117032
v -0.137952 -0.664245 -0.118993
v -0.130008 -0.801333 -0.123950
v -0.141450 -0.793463 -0.117166
v -0.134908 -0.780677 -0.121520
v -0.128531 -0.790930 -0.124503
v -0.049641 -0.659953 -0.087409
v -0.043072 -0.650731 -0.088023
v -0.164427 -0.605646 -0.078711
v -0.144744 -0.423510 -0.106490
v -0.150784 -0.410336 -0.097284
v -0.105403 -0.452589 -0.144540
v -0.112225 -0.461218 -0.140543
v -0.154533 -0.613162 -0.097001
v -0.119344 -0.990073 -0.117643
v -0.150707 -1.028688 -0.100167
v -0.146227 -0.394331 -0.101470
v -0.136513 -0.393508 -0.112413
v -0.140356 -0.407355 -0.109461
v 0.172102 -0.266646 -0.013255
v 0.170988 -0.285720 -0.015215
v 0.170399 -0.269828 0.010490
v 0.165226 -0.272822 0.030879
v 0.155304 -0.276698 0.052295
v 0.142050 -0.280767 0.071560
v 0.127949 -0.285062 0.089389
v 0.111374 -0.289619 0.105995
v 0.094357 -0.294155 0.122246
v 0.075773 -0.298315 0.136343
v 0.055317 -0.302143 0.146735
v 0.033386 -0.304944 0.152001
v 0.011395 -0.306301 0.151258
v -0.011046 -0.306686 0.150690
v -0.032854 -0.306548 0.151883
v -0.054312 -0.305373 0.146182
v -0.074538 -0.302642 0.136389
v -0.092621 -0.299007 0.122690
v -0.109223 -0.294931 0.107083
v -0.125277 -0.290867 0.090839
v -0.140681 -0.286947 0.074117
v -0.154057 -0.283104 0.055601
v -0.163834 -0.279531 0.037645
v -0.170983 -0.275910 0.015415
v -0.172785 -0.272247 -0.007899
v -0.169186 -0.268695 -0.030738
v -0.161312 -0.266058 -0.049916
v -0.148672 -0.263697 -0.068882
v -0.132176 -0.261784 -0.084124
v -0.112661 -0.260287 -0.095325
v -0.091444 -0.259600 -0.102890
v -0.069359 -0.259627 -0.106434
v -0.046902 -0.260003 -0.106684
v -0.024579 -0.260640 -0.104652
v -0.002510 -0.261257 -0.104138
v 0.019525 -0.260997 -0.104469
v 0.041717 -0.260527 -0.106325
v 0.064004 -0.259970 -0.106836
v 0.086025 -0.259361 -0.104057
v 0.107524 -0.259305 -0.097728
v 0.127529 -0.259798 -0.087572
v 0.143796 -0.260749 -0.074678
v 0.157863 -0.261955 -0.057039
v 0.167555 -0.264023 -0.036162
v 0.155900 -0.281141 -0.062153
v 0.111157 -0.278586 -0.097165
v 0.053869 -0.278630 -0.107154
v -0.003418 -0.280053 -0.105675
v -0.062179 -0.278230 -0.107610
v -0.117544 -0.279642 -0.094094
v -0.158724 -0.285257 -0.055628
v -0.170881 -0.292499 0.000070
v -0.160166 -0.300071 0.040327
v -0.124478 -0.311143 0.088846
v -0.078179 -0.321898 0.131499
v -0.020173 -0.326084 0.148926
v 0.043407 -0.323446 0.146490
v 0.097672 -0.313753 0.117729
v 0.142401 -0.300931 0.071133
v 0.168897 -0.290008 0.015738
v 0.171693 -0.296267 -0.006879
v -0.168181 -0.299754 0.020241
v -0.165273 -0.290721 0.029182
v -0.169239 -0.288457 0.014605
v 0.170433 -0.274951 -0.024721
v 0.168390 -0.287994 -0.032698
v 0.135862 -0.277510 -0.082840
v 0.142645 -0.288027 -0.077636
v 0.127372 -0.287268 -0.089875
v 0.030063 -0.277945 -0.105968
v 0.034476 -0.289178 -0.108081
v 0.016155 -0.285396 -0.107295
v 0.010762 -0.272901 -0.105467
v -0.035139 -0.277266 -0.106321
v -0.022976 -0.286019 -0.107435
v -0.042602 -0.287968 -0.109381
v -0.018036 -0.273634 -0.105718
v -0.139677 -0.280069 -0.078978
v -0.133830 -0.290151 -0.084822
v -0.147779 -0.290462 -0.071037
v -0.151166 -0.277361 -0.065974
v -0.147129 -0.303000 0.063230
v -0.138509 -0.313032 0.072104
v -0.148745 -0.312908 0.053955
v -0.134907 -0.300784 0.082136
v -0.044922 -0.324115 0.146105
v -0.060248 -0.329439 0.137057
v -0.040255 -0.336040 0.142354
v -0.067007 -0.315302 0.139386
v -0.102691 -0.314160 0.110796
v -0.110328 -0.322664 0.102323
v -0.094571 -0.327084 0.116010
v 0.067664 -0.318208 0.137814
v 0.062655 -0.330662 0.135270
v 0.080823 -0.322851 0.125398
v 0.086161 -0.307807 0.126480
v 0.120760 -0.304601 0.093352
v 0.112802 -0.317387 0.100503
v 0.127500 -0.313077 0.085293
v 0.172408 -0.277407 -0.003886
v 0.161821 -0.292592 0.040691
v 0.153213 -0.302412 0.052181
v 0.162062 -0.303501 0.034682
v 0.150255 -0.290081 0.062411
v 0.152472 -0.269595 -0.066844
v 0.163993 -0.274890 -0.047366
v 0.096386 -0.271439 -0.102795
v 0.075542 -0.275997 -0.106313
v 0.092839 -0.284943 -0.104434
v 0.073673 -0.288169 -0.108129
v 0.117369 -0.267840 -0.094599
v 0.052163 -0.267552 -0.106475
v -0.079587 -0.273010 -0.105492
v -0.073947 -0.284456 -0.107448
v -0.099207 -0.275012 -0.101109
v -0.099419 -0.287678 -0.102840
v -0.057366 -0.267452 -0.106374
v -0.121800 -0.268820 -0.091270
v -0.165129 -0.278086 -0.041738
v -0.169903 -0.288398 -0.021102
v -0.166891 -0.293041 -0.038418
v -0.167634 -0.300127 -0.019110
v -0.171152 -0.280670 0.001648
v -0.160494 -0.288774 0.046035
v -0.118291 -0.301709 0.096048
v -0.085079 -0.309194 0.127444
v 0.000626 -0.321664 0.148870
v -0.006436 -0.332114 0.146999
v 0.022226 -0.322295 0.149990
v 0.009884 -0.331211 0.147022
v 0.030376 -0.330998 0.146736
v -0.022326 -0.314176 0.150779
v 0.045723 -0.311283 0.148247
v 0.103410 -0.300608 0.110924
v 0.135923 -0.291436 0.077964
v 0.169665 -0.278417 0.020121
v 0.136595 -0.266296 -0.082749
v 0.029927 -0.267376 -0.104831
v -0.036487 -0.266403 -0.106657
v -0.140289 -0.268892 -0.078406
v -0.148353 -0.291441 0.065883
v -0.044832 -0.312559 0.148250
v -0.101774 -0.302708 0.112444
v 0.066927 -0.306742 0.139914
v 0.119419 -0.293197 0.094744
v 0.161651 -0.281085 0.042594
v 0.163300 -0.288650 -0.046694
v -0.171570 -0.276931 -0.019197
f 170 207 285
f 163 144 111
f 400 403 315
f 90 400 404
f 83 552 554
f 139 140 132
f 84 83 554
f 153 155 211
f 648 651 647
f 174 214 144
f 180 169 179
f 405 733 491
f 627 796 798
f 396 312 486
f 396 606 605
f 160 173 159
f 96 95 628
f 356 201 359
f 92 91 492
f 164 166 134
f 320 622 625
f 205 108 107
f 94 93 613
f 452 31 344
f 489 688 687
f 613 615 94
f 91 90 404
f 134 144 164
f 73 193 74
f 106 105 228
f 238 326 193
f 158 172 137
f 74 193 75
f 161 162 214
f 72 431 328
f 206 227 165
f 332 432 430
f 187 133 291
f 161 185 187
f 238 237 324
f 183 188 229
f 69 434 70
f 80 79 425
f 154 155 170
f 83 82 552
f 151 152 154
f 437 552 436
f 158 125 124
f 324 77 76
f 162 159 113
f 427 78 77
f 168 157 122
f 79 78 429
f 127 163 110
f 177 117 116
f 427 429 78
f 731 315 401
f 116 115 216
f 16 139 17
f 492 402 495
f 188 183 607
f 152 137 172
f 166 175 182
f 158 156 138
f 104 311 105
f 166 182 134
f 98 414 99
f 286 138 157
f 113 214 162
f 307 218 143
f 188 607 175
f 179 168 121
f 227 106 228
f 225 311 312
f 108 127 109
f 213 394 308
f 289 131 209
f 109 127 110
f 127 284 163
f 150 149 137
f 150 137 151
f 284 205 206
f 167 176 177
f 113 159 114
f 142 161 187
f 151 137 152
f 111 144 112
f 111 110 163
f 225 312 395
f 387 148 223
f 131 171 209
f 173 115 114
f 308 208 287
f 119 118 178
f 176 118 117
f 159 142 290
f 163 145 164
f 122 121 168
f 165 189 188
f 171 172 158
f 154 4 3
f 142 159 162
f 168 309 147
f 167 219 178
f 131 172 171
f 125 158 149
f 183 229 181
f 126 150 1
f 158 124 156
f 207 170 153
f 145 166 164
f 157 138 156
f 5 4 170
f 125 149 126
f 175 128 182
f 150 151 2
f 154 3 151
f 214 113 112
f 173 296 216
f 157 168 287
f 167 177 217
f 167 217 146
f 324 325 427
f 228 225 189
f 66 65 443
f 128 186 182
f 190 186 184
f 338 660 564
f 64 63 197
f 294 694 292
f 442 443 448
f 142 162 161
f 145 284 206
f 197 65 64
f 182 186 185
f 243 337 447
f 60 338 61
f 149 158 137
f 330 331 548
f 157 123 122
f 152 131 155
f 441 560 439
f 81 436 82
f 222 223 221
f 407 777 616
f 118 176 178
f 150 2 1
f 439 658 335
f 116 216 177
f 440 658 439
f 175 166 165
f 616 52 407
f 413 50 49
f 141 140 15
f 49 409 413
f 123 157 156
f 12 11 204
f 51 407 52
f 90 89 400
f 174 185 161
f 502 45 617
f 185 186 187
f 253 250 18
f 48 409 49
f 108 205 284
f 504 783 790
f 526 525 41
f 10 9 282
f 418 423 40
f 156 124 123
f 877 676 1051
f 40 423 41
f 39 418 40
f 294 298 143
f 795 97 96
f 169 309 168
f 149 150 126
f 638 1144 1162
f 294 143 293
f 44 43 508
f 220 389 387
f 498 410 47
f 131 152 172
f 36 35 458
f 34 455 35
f 203 352 204
f 578 581 246
f 151 3 2
f 14 141 15
f 31 452 32
f 344 30 339
f 212 160 290
f 30 29 339
f 180 120 119
f 174 144 134
f 31 30 344
f 155 154 152
f 245 339 342
f 379 209 378
f 170 4 154
f 155 153 170
f 375 377 7
f 285 207 375
f 290 291 212
f 281 11 10
f 475 472 374
f 179 121 120
f 204 141 12
f 463 25 459
f 163 164 144
f 25 463 26
f 159 173 114
f 185 174 134
f 35 455 458
f 21 351 22
f 395 605 181
f 351 462 22
f 134 182 185
f 188 175 165
f 1101 1093 1091
f 6 5 285
f 622 505 794
f 21 20 349
f 180 178 221
f 397 102 101
f 351 21 349
f 687 186 128
f 249 252 250
f 177 176 117
f 141 132 140
f 221 224 180
f 141 14 12
f 173 160 296
f 14 13 12
f 259 256 251
f 168 179 169
f 168 147 287
f 16 140 139
f 138 286 209
f 140 16 15
f 139 251 253
f 180 179 120
f 119 178 180
f 25 24 459
f 178 176 167
f 171 158 138
f 128 607 489
f 68 67 337
f 186 190 187
f 219 167 146
f 692 691 133
f 133 187 190
f 412 319 409
f 780 501 502
f 511 36 458
f 517 512 519
f 327 73 72
f 238 327 329
f 243 970 969
f 57 439 58
f 558 440 557
f 497 655 54
f 560 59 58
f 536 544 542
f 563 445 62
f 65 197 443
f 27 449 28
f 672 1011 915
f 699 698 693
f 636 235 518
f 594 370 130
f 245 342 573
f 250 19 18
f 359 588 357
f 266 269 264
f 249 251 256
f 264 258 261
f 256 260 249
f 204 11 281
f 132 141 204
f 227 107 106
f 166 206 165
f 145 206 166
f 227 206 205
f 153 211 273
f 279 207 276
f 372 381 369
f 209 171 138
f 378 136 288
f 289 211 155
f 209 208 378
f 268 271 274
f 289 155 131
f 365 366 210
f 212 297 294
f 293 212 294
f 213 309 224
f 148 387 391
f 144 214 112
f 161 214 174
f 295 296 293
f 295 215 296
f 173 216 115
f 216 215 310
f 177 218 217
f 218 304 305
f 310 218 177
f 307 143 302
f 222 219 146
f 221 148 224
f 384 306 383
f 383 220 384
f 178 219 221
f 221 219 222
f 384 146 306
f 222 220 223
f 383 389 220
f 148 221 223
f 224 148 391
f 169 180 224
f 312 104 103
f 225 181 229
f 101 100 487
f 720 712 601
f 165 227 189
f 205 107 227
f 228 105 311
f 227 228 189
f 188 189 229
f 225 229 189
f 401 88 490
f 751 745 750
f 744 230 730
f 839 825 840
f 46 498 47
f 763 765 191
f 864 199 867
f 396 486 597
f 1115 1140 949
f 926 758 1113
f 419 422 510
f 800 802 1145
f 548 331 547
f 542 528 533
f 76 75 326
f 428 531 529
f 327 193 73
f 327 238 193
f 239 430 331
f 329 330 530
f 435 549 550
f 539 535 536
f 426 527 425
f 647 651 653
f 817 818 571
f 196 570 568
f 447 67 446
f 196 823 570
f 59 815 661
f 568 570 565
f 339 343 342
f 346 456 577
f 33 457 456
f 515 518 516
f 361 461 350
f 664 572 665
f 19 250 255
f 248 358 350
f 353 257 352
f 249 262 354
f 18 17 253
f 262 249 260
f 132 257 259
f 249 250 251
f 349 252 248
f 255 20 19
f 139 253 17
f 250 253 251
f 281 282 203
f 252 354 248
f 250 252 255
f 255 252 349
f 251 139 259
f 261 260 256
f 352 257 132
f 254 256 257
f 265 264 261
f 264 269 258
f 132 259 139
f 256 259 257
f 261 256 254
f 260 258 262
f 261 254 265
f 258 260 261
f 258 355 262
f 262 355 356
f 353 282 283
f 8 7 377
f 266 263 473
f 263 266 264
f 353 254 257
f 264 265 263
f 266 271 270
f 201 355 267
f 270 468 269
f 267 269 468
f 268 270 271
f 363 364 371
f 270 269 266
f 258 269 267
f 271 266 202
f 270 268 364
f 275 271 202
f 275 274 271
f 276 207 277
f 277 207 153
f 210 273 211
f 273 272 276
f 272 273 366
f 368 367 130
f 276 272 280
f 275 272 470
f 278 280 275
f 202 472 275
f 153 273 277
f 276 277 273
f 473 374 472
f 375 7 6
f 276 376 279
f 472 475 278
f 275 280 272
f 376 280 278
f 282 281 10
f 204 281 203
f 476 9 8
f 283 263 265
f 254 283 265
f 377 476 8
f 163 284 145
f 108 284 127
f 170 285 5
f 375 207 279
f 287 286 157
f 209 286 208
f 308 287 147
f 286 287 208
f 213 391 394
f 365 372 470
f 379 289 209
f 211 289 210
f 159 290 160
f 291 290 142
f 187 291 142
f 297 291 133
f 692 190 184
f 305 304 306
f 293 143 295
f 160 212 293
f 212 291 297
f 294 292 298
f 143 218 295
f 295 218 310
f 296 215 216
f 160 293 296
f 691 297 133
f 294 297 694
f 301 298 292
f 143 298 302
f 610 695 687
f 889 299 885
f 302 298 303
f 889 888 1124
f 694 693 292
f 303 301 1103
f 303 298 301
f 302 300 304
f 1103 1100 300
f 300 302 303
f 382 135 306
f 217 305 146
f 218 305 217
f 304 382 306
f 306 135 383
f 146 305 306
f 302 304 307
f 218 307 304
f 208 308 136
f 309 308 147
f 224 309 169
f 308 309 213
f 216 310 177
f 295 310 215
f 312 311 104
f 228 311 225
f 103 102 486
f 225 395 181
f 397 398 313
f 313 398 685
f 599 597 313
f 129 887 894
f 89 403 400
f 492 91 402
f 85 84 555
f 757 763 753
f 748 493 742
f 998 999 805
f 50 782 620
f 946 945 778
f 48 412 409
f 411 783 504
f 1130 320 1132
f 623 793 686
f 509 416 508
f 926 932 931
f 418 422 421
f 420 424 520
f 806 640 641
f 333 426 640
f 324 76 326
f 324 237 529
f 529 530 428
f 531 532 429
f 193 326 75
f 324 326 238
f 72 328 327
f 327 328 329
f 431 72 71
f 329 328 239
f 330 329 239
f 237 238 329
f 331 330 239
f 330 194 530
f 431 239 328
f 331 240 547
f 642 551 435
f 432 240 331
f 527 81 80
f 437 436 643
f 810 852 955
f 736 556 807
f 557 439 57
f 441 439 659
f 497 54 53
f 814 813 975
f 67 66 446
f 337 243 551
f 815 562 661
f 564 563 338
f 342 343 340
f 345 344 339
f 343 449 340
f 449 451 340
f 667 859 668
f 455 456 346
f 343 339 29
f 451 665 340
f 29 28 343
f 449 343 28
f 345 339 245
f 344 341 452
f 859 575 345
f 341 344 345
f 456 34 33
f 346 670 458
f 860 579 246
f 421 322 418
f 460 24 23
f 465 673 586
f 349 20 255
f 248 350 351
f 248 354 356
f 459 460 348
f 248 351 349
f 351 350 462
f 204 352 132
f 353 352 203
f 282 353 203
f 353 283 254
f 249 354 252
f 356 354 262
f 267 355 258
f 356 355 201
f 359 201 467
f 248 356 358
f 873 675 872
f 358 361 350
f 362 356 359
f 362 361 358
f 469 468 364
f 878 362 357
f 357 679 879
f 583 348 460
f 358 356 362
f 360 584 461
f 357 362 359
f 360 361 362
f 371 370 363
f 467 588 359
f 268 367 368
f 467 469 363
f 380 210 379
f 367 274 372
f 210 366 273
f 470 366 365
f 268 274 367
f 372 369 373
f 368 130 370
f 268 368 364
f 596 136 595
f 130 367 373
f 389 392 480
f 363 370 590
f 364 368 371
f 370 371 368
f 470 372 274
f 381 365 380
f 372 373 367
f 479 373 369
f 263 283 474
f 476 282 9
f 285 375 6
f 377 375 279
f 280 376 276
f 376 278 475
f 279 376 475
f 476 475 374
f 136 378 208
f 379 378 288
f 380 379 288
f 379 210 289
f 596 381 380
f 210 380 365
f 365 381 372
f 596 380 288
f 304 300 382
f 1100 1093 300
f 392 383 135
f 479 390 478
f 220 222 384
f 146 384 222
f 1053 678 1006
f 589 357 588
f 482 483 485
f 224 391 213
f 220 387 223
f 386 393 387
f 874 675 873
f 484 480 481
f 389 383 392
f 386 387 389
f 393 478 390
f 595 390 479
f 393 391 387
f 394 136 308
f 135 1101 1096
f 392 388 480
f 386 484 478
f 391 393 390
f 391 390 394
f 595 394 390
f 312 396 395
f 604 608 605
f 103 486 312
f 226 603 606
f 397 101 487
f 486 397 313
f 99 414 794
f 488 600 793
f 183 608 489
f 700 696 610
f 403 88 401
f 404 400 727
f 490 88 87
f 728 730 230
f 495 611 494
f 492 772 614
f 88 403 89
f 315 403 401
f 727 400 315
f 91 404 402
f 555 556 646
f 921 920 747
f 92 492 614
f 797 1042 796
f 782 504 620
f 497 616 779
f 779 778 408
f 812 655 497
f 412 47 410
f 319 411 413
f 501 498 503
f 938 499 1026
f 786 784 785
f 619 318 777
f 47 412 48
f 319 412 410
f 319 413 409
f 413 411 782
f 626 98 97
f 414 625 622
f 1140 1115 1075
f 1135 1133 1136
f 509 43 42
f 1160 1029 321
f 1028 1030 933
f 410 498 500
f 421 422 419
f 424 423 418
f 510 38 37
f 419 510 512
f 424 322 523
f 629 416 509
f 422 418 39
f 512 517 419
f 39 38 422
f 510 422 38
f 424 418 322
f 632 526 420
f 518 521 523
f 420 423 424
f 429 425 79
f 426 425 323
f 323 534 426
f 436 426 333
f 324 427 77
f 429 427 325
f 433 540 541
f 531 428 537
f 429 325 531
f 425 429 323
f 71 70 430
f 430 70 434
f 71 430 431
f 239 431 430
f 432 332 549
f 331 430 432
f 821 822 973
f 818 824 826
f 550 434 69
f 430 434 332
f 432 549 240
f 434 550 332
f 436 81 527
f 436 333 643
f 806 553 643
f 645 554 644
f 735 736 737
f 85 646 86
f 557 57 56
f 335 659 439
f 558 56 55
f 559 838 657
f 657 561 659
f 660 244 564
f 443 197 445
f 567 442 448
f 197 63 445
f 446 443 442
f 563 62 61
f 564 566 444
f 62 445 63
f 445 444 448
f 446 442 447
f 66 443 446
f 447 442 569
f 67 447 337
f 445 448 443
f 444 566 567
f 463 464 26
f 466 464 586
f 450 586 673
f 572 664 676
f 26 464 27
f 451 586 664
f 452 341 454
f 452 457 32
f 341 575 576
f 1007 893 904
f 345 575 341
f 577 581 578
f 456 455 34
f 458 455 346
f 33 32 457
f 1003 671 453
f 452 582 457
f 868 582 869
f 578 579 670
f 511 510 37
f 460 459 24
f 463 459 348
f 22 462 23
f 348 583 247
f 360 461 361
f 23 461 460
f 350 461 462
f 23 462 461
f 348 247 585
f 27 464 449
f 464 463 465
f 451 449 466
f 348 585 463
f 585 587 673
f 449 464 466
f 586 464 465
f 201 267 469
f 590 471 592
f 270 364 468
f 364 363 469
f 201 469 467
f 267 468 469
f 275 470 274
f 366 470 272
f 477 482 485
f 682 680 677
f 275 472 278
f 473 472 202
f 266 473 202
f 474 473 263
f 593 283 282
f 473 474 374
f 476 374 474
f 475 377 279
f 475 476 377
f 593 474 283
f 479 478 477
f 481 482 484
f 386 478 393
f 594 479 477
f 373 479 130
f 479 369 595
f 481 480 388
f 386 389 480
f 1104 481 388
f 481 385 482
f 482 385 483
f 477 478 484
f 678 682 684
f 471 590 591
f 484 386 480
f 477 484 482
f 591 485 483
f 485 591 594
f 397 486 102
f 597 486 313
f 624 487 100
f 397 487 398
f 703 399 709
f 488 1067 1111
f 608 183 181
f 609 688 489
f 491 490 87
f 731 732 729
f 87 86 491
f 654 491 86
f 738 494 611
f 773 612 406
f 739 230 741
f 612 925 406
f 402 727 611
f 494 738 771
f 611 495 402
f 772 495 494
f 496 613 614
f 774 615 496
f 616 497 53
f 558 655 814
f 45 502 503
f 501 499 500
f 1025 1033 1030
f 232 786 785
f 501 500 498
f 938 500 499
f 498 46 503
f 501 417 1027
f 617 45 44
f 781 321 618
f 45 503 46
f 501 503 502
f 51 620 407
f 784 783 411
f 622 623 505
f 398 487 624
f 414 626 625
f 628 627 795
f 615 95 94
f 947 776 948
f 509 508 43
f 508 416 781
f 41 525 42
f 629 509 631
f 37 36 511
f 510 513 512
f 458 633 511
f 513 347 512
f 989 634 519
f 515 517 519
f 510 511 513
f 513 511 633
f 862 986 860
f 906 706 916
f 635 636 634
f 421 516 322
f 419 516 421
f 635 235 636
f 515 516 517
f 419 517 516
f 518 235 521
f 322 516 518
f 347 1002 512
f 986 862 1002
f 521 524 520
f 629 321 416
f 802 803 637
f 523 521 520
f 1145 802 522
f 522 802 951
f 424 523 520
f 518 523 322
f 803 521 235
f 1146 1144 1145
f 526 632 525
f 509 42 525
f 41 423 526
f 420 526 423
f 425 527 80
f 436 527 426
f 533 323 532
f 533 528 534
f 324 529 325
f 530 529 237
f 530 237 329
f 194 428 530
f 531 236 532
f 529 531 325
f 532 236 533
f 323 429 532
f 537 536 236
f 533 236 536
f 534 528 640
f 323 533 534
f 1156 832 833
f 528 542 543
f 236 531 537
f 536 535 544
f 541 428 194
f 1157 539 540
f 831 832 972
f 543 538 546
f 536 537 539
f 540 539 537
f 541 540 537
f 433 821 540
f 428 541 537
f 541 194 548
f 536 542 533
f 543 542 538
f 829 819 824
f 543 241 641
f 819 829 832
f 542 544 538
f 809 957 652
f 546 954 543
f 831 546 538
f 546 545 954
f 822 547 240
f 548 547 433
f 541 548 433
f 548 194 330
f 550 549 332
f 968 549 435
f 69 68 550
f 337 642 68
f 969 551 243
f 642 435 550
f 436 552 82
f 554 552 437
f 334 809 652
f 644 553 809
f 554 437 644
f 555 554 438
f 554 555 84
f 556 555 438
f 556 438 807
f 654 405 491
f 558 557 56
f 439 557 440
f 655 558 55
f 656 558 814
f 559 658 656
f 974 1044 849
f 439 560 58
f 815 560 441
f 561 816 817
f 568 244 571
f 60 661 338
f 562 815 662
f 338 563 61
f 445 563 444
f 564 244 566
f 444 563 564
f 566 568 565
f 569 442 567
f 566 244 568
f 566 565 567
f 444 567 448
f 569 567 565
f 244 660 571
f 568 571 818
f 970 565 570
f 569 243 447
f 835 196 826
f 970 569 565
f 662 571 562
f 561 242 816
f 673 872 450
f 573 666 668
f 340 573 342
f 666 573 572
f 909 1010 1007
f 576 1158 454
f 859 345 245
f 576 575 574
f 574 1004 1158
f 341 576 454
f 868 456 457
f 671 580 581
f 578 246 579
f 346 577 578
f 863 861 864
f 986 633 579
f 985 1003 870
f 863 669 860
f 671 581 577
f 984 581 580
f 452 454 582
f 869 453 671
f 584 460 461
f 583 584 681
f 584 360 681
f 460 584 583
f 587 585 247
f 465 463 585
f 664 586 450
f 466 586 451
f 871 587 247
f 872 587 873
f 592 467 363
f 363 590 592
f 471 677 589
f 200 679 677
f 591 590 370
f 592 471 589
f 591 370 594
f 471 591 483
f 589 588 592
f 467 592 588
f 282 476 593
f 474 593 476
f 479 594 130
f 485 594 477
f 596 595 369
f 394 595 136
f 381 596 369
f 136 596 288
f 313 685 599
f 396 597 226
f 598 685 686
f 597 599 226
f 600 598 793
f 599 598 600
f 1127 1067 488
f 1111 603 599
f 1062 1064 1109
f 1167 1109 1066
f 710 703 709
f 226 599 603
f 1111 599 600
f 606 603 919
f 711 601 712
f 399 688 609
f 395 396 605
f 606 396 226
f 919 603 602
f 605 606 604
f 175 607 128
f 183 489 607
f 605 608 181
f 704 709 918
f 489 608 609
f 918 608 604
f 703 689 700
f 692 695 696
f 728 611 727
f 738 493 771
f 493 748 751
f 496 614 773
f 614 613 93
f 615 613 496
f 92 614 93
f 495 772 492
f 774 496 406
f 628 615 507
f 52 616 53
f 407 619 777
f 508 617 44
f 617 508 781
f 501 780 417
f 781 780 502
f 620 619 407
f 790 619 504
f 50 620 51
f 619 620 504
f 787 786 232
f 790 318 619
f 623 622 320
f 794 505 624
f 1128 623 1130
f 320 1130 623
f 794 100 99
f 686 624 505
f 626 414 98
f 1132 625 506
f 626 97 795
f 625 626 506
f 796 627 507
f 627 798 626
f 615 628 95
f 627 628 507
f 632 631 525
f 638 801 800
f 520 630 632
f 799 520 524
f 525 631 509
f 631 630 801
f 520 632 420
f 631 632 630
f 633 458 670
f 513 633 347
f 634 514 635
f 515 519 634
f 993 635 514
f 950 804 637
f 518 515 636
f 634 636 515
f 804 235 635
f 951 637 952
f 234 1162 1144
f 321 629 639
f 631 639 629
f 799 630 520
f 534 640 426
f 641 640 528
f 543 641 528
f 953 806 241
f 551 642 337
f 550 68 642
f 806 643 333
f 644 643 553
f 644 334 645
f 643 644 437
f 648 647 807
f 438 554 645
f 555 646 85
f 654 646 556
f 648 438 645
f 652 650 651
f 334 808 645
f 650 652 956
f 841 836 845
f 653 650 960
f 808 651 648
f 316 737 653
f 648 645 808
f 651 650 653
f 334 644 809
f 848 195 846
f 960 955 811
f 980 981 982
f 646 654 86
f 405 654 556
f 54 655 55
f 812 497 408
f 656 336 1044
f 440 558 656
f 561 657 242
f 658 657 335
f 656 658 440
f 657 658 559
f 657 659 335
f 662 659 561
f 661 660 338
f 571 660 562
f 59 661 60
f 660 661 562
f 659 662 441
f 662 561 817
f 840 837 839
f 833 535 1156
f 450 872 676
f 665 572 573
f 340 665 573
f 451 664 665
f 676 877 572
f 666 198 667
f 1020 198 1016
f 574 575 859
f 573 668 245
f 666 667 668
f 864 669 863
f 862 987 989
f 578 670 346
f 633 670 579
f 868 577 456
f 582 454 869
f 1018 453 1158
f 898 886 725
f 585 673 465
f 872 673 587
f 583 681 247
f 677 679 589
f 680 200 677
f 198 666 876
f 450 676 664
f 877 1005 875
f 682 678 680
f 679 200 674
f 1095 1104 1094
f 683 874 680
f 681 679 674
f 357 589 679
f 682 677 471
f 680 678 683
f 681 674 871
f 878 681 360
f 471 483 682
f 684 682 483
f 1006 1099 1095
f 1052 1055 1005
f 483 385 684
f 684 385 1102
f 686 685 398
f 599 685 598
f 624 686 398
f 623 686 505
f 186 687 184
f 489 687 128
f 700 688 399
f 687 688 610
f 891 701 707
f 292 698 301
f 696 695 610
f 699 693 702
f 692 133 190
f 691 690 693
f 695 692 184
f 690 691 692
f 917 690 696
f 292 693 698
f 297 691 694
f 693 694 691
f 687 695 184
f 610 688 700
f 917 689 701
f 692 696 690
f 689 703 705
f 885 882 883
f 690 702 693
f 301 698 882
f 884 883 699
f 301 882 299
f 703 700 399
f 689 696 700
f 701 689 708
f 697 699 702
f 917 702 690
f 697 702 701
f 709 399 918
f 703 314 705
f 714 713 919
f 703 710 314
f 705 314 724
f 689 705 708
f 710 712 314
f 892 901 903
f 719 722 724
f 707 717 1155
f 717 708 705
f 701 708 707
f 918 399 609
f 710 709 704
f 711 710 704
f 710 711 712
f 713 711 704
f 714 711 713
f 233 1110 1126
f 314 712 719
f 918 713 704
f 604 606 919
f 714 602 1111
f 601 711 714
f 804 996 952
f 726 1155 723
f 712 721 719
f 1058 1059 1021
f 722 716 723
f 708 717 707
f 1129 1067 1127
f 1060 1061 1062
f 712 720 721
f 722 719 716
f 1065 1064 718
f 720 718 721
f 1061 721 718
f 716 719 721
f 1108 916 723
f 724 722 717
f 916 726 723
f 717 722 723
f 705 724 717
f 314 719 724
f 901 892 895
f 725 886 891
f 726 706 896
f 726 725 1155
f 404 727 402
f 728 727 315
f 490 732 401
f 739 728 230
f 732 731 401
f 753 756 746
f 731 728 315
f 752 744 921
f 729 730 731
f 731 730 728
f 490 733 732
f 733 735 734
f 491 733 490
f 733 405 735
f 729 732 734
f 734 732 733
f 736 735 405
f 316 734 735
f 556 736 405
f 737 736 647
f 653 737 647
f 316 735 737
f 611 739 738
f 739 741 742
f 728 739 611
f 740 741 746
f 745 749 760
f 738 739 742
f 754 744 752
f 738 742 493
f 740 749 741
f 745 748 749
f 316 963 734
f 653 1043 316
f 729 920 730
f 747 729 734
f 740 746 756
f 1069 1024 1068
f 741 230 754
f 753 746 743
f 811 1043 960
f 920 921 744
f 749 748 742
f 750 745 922
f 741 749 742
f 749 740 760
f 935 925 936
f 612 771 751
f 745 751 748
f 751 750 925
f 743 746 752
f 746 741 754
f 757 753 743
f 753 191 756
f 744 754 230
f 746 754 752
f 965 962 966
f 787 941 786
f 761 766 1112
f 761 760 740
f 743 752 921
f 753 763 191
f 762 766 767
f 317 922 924
f 1070 1112 1113
f 1035 1037 1114
f 761 740 756
f 760 759 1069
f 766 756 191
f 759 760 761
f 766 761 756
f 766 191 767
f 755 768 757
f 770 927 769
f 764 765 768
f 937 939 787
f 768 765 763
f 765 764 769
f 191 765 769
f 766 762 1112
f 764 770 769
f 762 767 926
f 757 768 763
f 1038 768 755
f 937 764 939
f 191 769 767
f 788 929 785
f 932 927 928
f 751 771 493
f 772 771 612
f 771 772 494
f 773 772 612
f 496 773 406
f 772 773 614
f 774 406 776
f 615 774 947
f 192 1001 1120
f 796 1042 415
f 925 935 406
f 776 775 948
f 777 318 946
f 497 779 408
f 778 777 946
f 858 855 857
f 616 777 779
f 778 779 777
f 781 502 617
f 1029 780 618
f 321 781 416
f 780 781 618
f 413 782 50
f 504 782 411
f 784 411 319
f 790 783 621
f 784 319 785
f 621 783 784
f 410 500 938
f 938 785 319
f 929 937 232
f 784 786 621
f 768 789 939
f 621 791 790
f 931 758 926
f 785 929 232
f 1039 1038 940
f 1039 231 943
f 791 621 941
f 944 790 791
f 791 941 942
f 231 944 943
f 792 231 945
f 318 790 792
f 686 793 598
f 1131 793 623
f 622 794 414
f 100 794 624
f 628 795 96
f 626 795 627
f 797 796 507
f 798 796 415
f 797 507 947
f 1042 797 1115
f 798 415 1138
f 626 798 506
f 800 799 524
f 631 801 639
f 800 524 802
f 801 638 639
f 630 799 801
f 800 801 799
f 803 802 524
f 951 802 637
f 521 803 524
f 950 803 235
f 987 991 514
f 951 952 805
f 1074 1077 1050
f 951 1083 522
f 640 806 333
f 241 806 641
f 648 807 438
f 736 807 647
f 334 652 808
f 651 808 652
f 553 953 809
f 241 954 953
f 958 953 954
f 846 195 841
f 850 858 649
f 921 962 965
f 813 812 408
f 814 336 656
f 1041 1072 945
f 841 195 839
f 655 812 814
f 813 814 812
f 560 815 59
f 815 441 662
f 816 242 828
f 817 816 663
f 818 817 663
f 817 571 662
f 824 818 663
f 818 196 568
f 824 827 829
f 1157 540 821
f 433 822 821
f 826 196 818
f 433 547 822
f 820 1156 1157
f 549 968 240
f 823 196 835
f 968 822 240
f 970 823 969
f 827 824 663
f 824 819 826
f 663 828 827
f 971 830 842
f 819 834 826
f 821 973 820
f 663 816 828
f 827 825 829
f 828 242 837
f 827 828 840
f 972 825 830
f 972 832 829
f 842 825 839
f 545 546 831
f 833 538 544
f 831 830 971
f 831 538 833
f 1156 820 834
f 535 833 544
f 831 833 832
f 1156 819 832
f 834 820 973
f 826 834 973
f 823 835 973
f 837 242 838
f 836 849 845
f 242 657 838
f 837 836 839
f 559 656 1044
f 837 838 974
f 841 839 836
f 842 839 195
f 827 840 825
f 837 840 828
f 851 843 845
f 971 848 545
f 971 842 195
f 830 825 842
f 1041 856 1072
f 850 844 847
f 847 846 841
f 844 850 852
f 974 849 836
f 846 847 844
f 847 841 845
f 846 844 848
f 845 843 847
f 850 649 852
f 959 844 852
f 956 957 810
f 975 849 1044
f 856 843 976
f 843 853 847
f 850 847 853
f 845 849 851
f 849 975 976
f 955 852 649
f 852 810 959
f 843 855 853
f 858 853 855
f 843 856 855
f 231 792 944
f 851 976 843
f 854 857 855
f 408 977 813
f 855 856 1041
f 940 979 1071
f 858 978 649
f 853 858 850
f 978 858 857
f 668 859 245
f 574 859 667
f 246 581 984
f 860 669 862
f 860 984 863
f 985 984 580
f 862 669 987
f 512 1002 519
f 984 860 246
f 861 1022 864
f 911 900 912
f 988 864 867
f 998 997 192
f 989 987 514
f 867 900 866
f 988 990 991
f 199 908 900
f 867 866 988
f 582 868 457
f 577 868 671
f 453 869 454
f 671 868 869
f 1158 1004 1018
f 870 672 1023
f 681 871 247
f 873 871 674
f 587 871 873
f 872 675 1051
f 674 200 873
f 874 873 200
f 680 874 200
f 675 874 683
f 872 1051 676
f 894 1009 129
f 572 876 666
f 875 1163 1017
f 875 876 877
f 572 877 876
f 362 878 360
f 879 878 357
f 679 681 879
f 878 879 681
f 300 1093 382
f 1087 1009 1085
f 881 883 884
f 882 885 299
f 698 699 882
f 883 882 699
f 884 699 697
f 883 881 885
f 697 886 884
f 898 897 886
f 881 887 885
f 890 889 887
f 891 886 697
f 896 895 898
f 897 881 884
f 887 129 890
f 1086 890 129
f 1097 1090 1092
f 887 889 885
f 1124 888 1097
f 1086 129 1087
f 889 890 888
f 701 891 697
f 891 707 1155
f 1164 1085 1163
f 893 894 905
f 887 905 894
f 914 892 903
f 905 887 881
f 1009 894 893
f 725 726 896
f 904 893 905
f 906 907 706
f 895 896 901
f 886 897 884
f 897 895 904
f 896 898 725
f 897 898 895
f 899 907 912
f 909 914 915
f 199 900 867
f 902 907 899
f 896 902 901
f 901 902 903
f 706 902 896
f 903 902 899
f 908 903 899
f 908 915 903
f 895 892 904
f 1007 904 892
f 881 897 905
f 905 897 904
f 726 916 706
f 900 911 866
f 706 907 902
f 906 911 912
f 900 908 899
f 908 199 913
f 1012 1011 672
f 914 1007 892
f 1106 1060 715
f 1021 865 1058
f 906 1059 1058
f 911 1058 1045
f 899 912 900
f 906 912 907
f 199 1022 913
f 985 861 984
f 915 914 903
f 1007 914 909
f 908 913 915
f 672 915 913
f 1108 723 716
f 906 916 910
f 689 917 696
f 702 917 701
f 608 918 609
f 713 918 604
f 714 919 602
f 604 919 713
f 730 920 744
f 729 747 920
f 962 963 961
f 743 921 965
f 1068 1024 924
f 936 922 317
f 758 1032 1035
f 1080 1001 1119
f 1068 922 745
f 1143 1149 1123
f 751 925 612
f 936 934 935
f 927 767 769
f 926 767 927
f 937 929 770
f 770 928 927
f 933 928 1026
f 933 1027 1028
f 788 928 929
f 770 929 928
f 932 928 933
f 1028 417 1029
f 932 926 927
f 1030 1033 930
f 788 1026 928
f 931 932 930
f 933 1026 1027
f 930 932 933
f 775 776 934
f 776 406 935
f 936 925 750
f 776 935 934
f 922 936 750
f 317 934 936
f 764 937 770
f 787 232 937
f 785 938 788
f 319 410 938
f 768 939 764
f 942 939 789
f 964 980 982
f 1041 1040 854
f 786 941 621
f 942 941 787
f 939 942 787
f 789 1038 1039
f 791 942 943
f 942 789 1039
f 943 944 791
f 792 790 944
f 1040 945 231
f 945 1040 1041
f 318 792 946
f 945 946 792
f 615 947 507
f 776 947 774
f 1115 948 775
f 947 948 797
f 1073 1075 1115
f 1130 1133 233
f 803 950 637
f 235 804 950
f 952 637 804
f 805 1081 1122
f 635 993 995
f 805 952 998
f 806 953 553
f 954 241 543
f 545 848 954
f 959 957 958
f 811 955 649
f 956 955 650
f 957 956 652
f 955 956 810
f 809 958 957
f 958 848 959
f 953 958 809
f 848 958 954
f 844 959 848
f 810 957 959
f 955 960 650
f 1043 811 961
f 757 965 967
f 747 962 921
f 963 962 747
f 961 966 962
f 734 963 747
f 963 316 1043
f 811 980 961
f 811 649 978
f 967 965 964
f 743 965 757
f 980 966 961
f 965 966 964
f 983 967 964
f 757 967 755
f 435 551 969
f 823 822 968
f 823 968 969
f 435 969 968
f 569 970 243
f 570 823 970
f 848 971 195
f 831 971 545
f 825 972 829
f 831 972 830
f 823 973 822
f 973 835 826
f 837 974 836
f 838 559 1044
f 814 975 336
f 975 813 976
f 976 851 849
f 977 976 813
f 1072 408 778
f 976 977 856
f 981 978 857
f 980 964 966
f 979 981 854
f 983 940 1038
f 811 978 980
f 980 978 981
f 854 981 857
f 981 979 982
f 940 982 979
f 967 983 755
f 964 982 983
f 940 983 982
f 580 1003 985
f 863 984 861
f 1023 985 870
f 1022 985 913
f 633 986 347
f 860 986 579
f 669 864 988
f 866 990 988
f 990 866 1045
f 669 988 987
f 634 989 514
f 989 519 1002
f 996 804 995
f 991 987 988
f 994 990 1046
f 514 991 993
f 990 865 1046
f 1107 1049 865
f 991 994 993
f 994 995 993
f 990 994 991
f 995 994 992
f 995 992 996
f 995 804 635
f 997 996 992
f 998 996 997
f 1049 1048 1046
f 1109 1167 715
f 998 192 999
f 952 996 998
f 1110 1135 1137
f 1080 1081 1001
f 1073 775 934
f 924 923 1117
f 1110 1137 1148
f 1080 1000 1078
f 986 1002 347
f 989 1002 862
f 671 1003 580
f 453 870 1003
f 198 1020 667
f 453 1018 870
f 675 683 1052
f 1055 1052 1053
f 1095 1099 1104
f 1055 1056 1089
f 1010 1011 1008
f 893 1007 1009
f 1016 198 1017
f 198 876 1017
f 1013 1007 1010
f 1007 1013 1009
f 1011 1010 909
f 1010 1008 1013
f 915 1011 909
f 1018 672 870
f 1008 1019 1016
f 1008 1011 1012
f 1008 1015 1013
f 1015 1085 1013
f 1015 1016 1014
f 1057 875 1005
f 1015 1008 1016
f 1163 1085 1014
f 1019 1008 1012
f 1019 1004 1020
f 875 1017 876
f 1016 1017 1014
f 1004 1012 1018
f 672 1018 1012
f 1012 1004 1019
f 1020 1004 574
f 667 1020 574
f 1016 1019 1020
f 1021 1059 1060
f 992 1046 1048
f 864 1022 199
f 985 1022 861
f 672 913 1023
f 985 1023 913
f 1070 1024 759
f 923 924 1024
f 234 1031 1159
f 1031 1033 1025
f 938 1026 788
f 1027 1026 499
f 501 1027 499
f 1028 1027 417
f 417 780 1029
f 1028 1025 1030
f 321 1029 618
f 1025 1028 1029
f 1025 1159 1031
f 933 1030 930
f 1035 1034 1037
f 1032 758 931
f 930 1032 931
f 1036 1035 1032
f 1031 1032 1033
f 930 1033 1032
f 1149 1036 234
f 1081 805 999
f 1036 1032 1031
f 1034 1151 1037
f 234 1036 1031
f 1034 1035 1036
f 1024 1114 923
f 1114 1070 1035
f 768 1038 789
f 983 1038 755
f 231 1039 940
f 942 1039 943
f 1071 231 940
f 979 854 1040
f 855 1041 854
f 856 977 1072
f 797 948 1115
f 1134 1042 949
f 960 1043 653
f 963 1043 961
f 1044 336 975
f 838 1044 974
f 911 1045 866
f 865 990 1045
f 1046 865 1049
f 994 1046 992
f 1106 1021 1060
f 1047 1106 1166
f 1169 1048 1047
f 997 992 1048
f 1107 865 1021
f 1048 1049 1047
f 1074 1073 934
f 1118 1117 1076
f 1052 1051 675
f 877 1051 1005
f 1053 1052 683
f 1051 1052 1005
f 678 1053 683
f 1053 1006 1055
f 888 890 1086
f 1017 1163 1014
f 1056 1055 1006
f 1057 1055 1054
f 1095 1056 1006
f 1056 880 1089
f 1057 1054 1163
f 1005 1055 1057
f 1045 1058 865
f 906 1058 911
f 906 910 1059
f 1060 1059 910
f 910 1108 1060
f 716 721 1061
f 1062 1061 718
f 1061 1060 1108
f 1064 1062 718
f 1060 1062 715
f 1065 720 601
f 1125 1066 1109
f 1065 718 720
f 1063 1125 1064
f 1065 601 1067
f 1064 1065 1129
f 1126 1110 1125
f 1170 1165 1168
f 714 1067 601
f 1067 714 1111
f 922 1068 924
f 1069 1068 745
f 760 1069 745
f 1024 1069 759
f 1112 1070 759
f 1070 758 1035
f 979 1040 1071
f 231 1071 1040
f 408 1072 977
f 945 1072 778
f 1074 934 317
f 1073 1050 1075
f 1118 317 924
f 1050 1073 1074
f 1078 1082 1050
f 1116 1139 1137
f 1149 1143 1034
f 1077 1078 1050
f 1074 317 1118
f 1078 1077 1076
f 1078 1154 1080
f 1078 1000 1082
f 1150 1076 1151
f 1083 1142 1146
f 1154 1076 1150
f 1122 1121 1083
f 1120 1081 999
f 1121 1081 1080
f 1141 1082 1000
f 1075 1050 1082
f 1122 951 805
f 1142 1083 1079
f 1013 1085 1009
f 1088 1086 1084
f 1014 1085 1015
f 1085 1084 1087
f 1084 1164 1088
f 1090 1086 1088
f 1009 1087 129
f 1084 1086 1087
f 1054 1089 1088
f 1088 1089 1090
f 1089 1054 1055
f 1090 1089 880
f 1092 1090 880
f 888 1086 1090
f 1092 1098 1091
f 1100 1097 1091
f 1105 880 1056
f 1097 1092 1091
f 1091 1098 1101
f 135 382 1093
f 1056 1095 1105
f 392 1096 388
f 1099 1006 678
f 1094 1098 1105
f 135 1096 392
f 1099 1102 1104
f 1093 1100 1091
f 1090 1097 888
f 1105 1092 880
f 1096 1101 1094
f 1102 678 684
f 1096 1104 388
f 1103 300 303
f 1124 299 889
f 1093 1101 135
f 1094 1101 1098
f 385 481 1104
f 678 1102 1099
f 301 299 1103
f 1124 1103 299
f 1094 1104 1096
f 385 1104 1102
f 1094 1105 1095
f 1092 1105 1098
f 1066 1125 1168
f 1107 1106 1047
f 1049 1107 1047
f 1021 1106 1107
f 916 1108 910
f 1061 1108 716
f 1062 1109 715
f 1125 1109 1064
f 1133 1130 1132
f 1139 1152 1137
f 603 1111 602
f 488 1111 600
f 761 1112 759
f 1113 1112 762
f 926 1113 762
f 758 1070 1113
f 923 1114 1037
f 1024 1070 1114
f 1042 1115 949
f 1073 1115 775
f 1075 1141 1140
f 233 1135 1110
f 1117 923 1151
f 1118 1076 1077
f 1117 1118 924
f 1074 1118 1077
f 1119 1001 1153
f 1000 1080 1119
f 192 1120 999
f 1001 1081 1120
f 1121 1080 1154
f 1083 1121 1079
f 1121 1122 1081
f 951 1122 1083
f 1142 1143 1123
f 1123 234 1144
f 1097 1100 1124
f 1124 1100 1103
f 1126 1125 1063
f 1148 1125 1110
f 1063 1127 1126
f 1131 1127 488
f 1129 1127 1063
f 488 793 1131
f 233 1126 1128
f 1127 1128 1126
f 1064 1129 1063
f 1067 1129 1065
f 625 1132 320
f 233 1128 1130
f 623 1128 1131
f 1127 1131 1128
f 1138 506 798
f 1042 1134 1138
f 1134 1133 1132
f 1133 1134 1136
f 1138 1134 1132
f 1140 1136 1134
f 1135 1116 1137
f 233 1133 1135
f 1140 1134 949
f 1116 1135 1136
f 1141 1116 1140
f 1153 1001 192
f 1138 1132 506
f 1042 1138 415
f 1119 1139 1000
f 192 1170 1153
f 1082 1141 1075
f 1136 1140 1116
f 1000 1139 1141
f 1116 1141 1139
f 1143 1142 1079
f 1146 1142 1123
f 1150 1143 1079
f 1034 1143 1151
f 1162 1159 1161
f 1145 1144 638
f 800 1145 638
f 1146 1145 522
f 1083 1146 522
f 1144 1146 1123
f 192 997 1169
f 1125 1148 1168
f 1152 1148 1137
f 1170 1168 1147
f 1036 1149 1034
f 1123 1149 234
f 1079 1121 1154
f 1076 1117 1151
f 1151 923 1037
f 1143 1150 1151
f 1139 1119 1153
f 1148 1152 1147
f 1147 1152 1153
f 1139 1153 1152
f 1076 1154 1078
f 1154 1150 1079
f 1155 717 723
f 891 1155 725
f 1156 535 1157
f 819 1156 834
f 1157 535 539
f 820 1157 821
f 454 1158 453
f 574 1158 576
f 1025 1160 1159
f 638 1161 639
f 1029 1160 1025
f 1161 321 639
f 1159 1160 1161
f 1161 1160 321
f 1159 1162 234
f 638 1162 1161
f 1057 1163 875
f 1164 1163 1054
f 1088 1164 1054
f 1085 1164 1084
f 1047 1166 1169
f 1167 1066 1168
f 715 1166 1106
f 1169 1166 1165
f 1165 1166 1167
f 715 1167 1166
f 1147 1168 1148
f 1165 1167 1168
f 192 1169 1165
f 1169 997 1048
f 1153 1170 1147
f 192 1165 1170
f 1482 1408 1479
f 1318 1401 1399
f 1379 1381 1378
f 1578 1579 1484
f 1823 1824 1807
f 1264 1263 1248
f 1777 1667 52
f 1452 1464 1397
f 53 1613 1777
f 1318 1399 1400
f 1226 1260 1402
f 2001 1480 1784
f 43 1669 42
f 1217 1216 1181
f 1664 2069 1776
f 1217 1215 1305
f 1413 1797 1676
f 1247 1232 1173
f 1483 45 46
f 1232 1247 1261
f 1925 1903 1905
f 1244 19 20
f 1580 45 1481
f 1222 1223 1212
f 1171 14 1233
f 1669 1581 1583
f 47 1479 46
f 1232 1261 1263
f 64 1209 1290
f 1250 1321 1234
f 1417 1354 1353
f 1261 1221 1263
f 1290 1354 1419
f 1231 1249 1248
f 1290 63 64
f 1268 1252 1406
f 1506 1504 1427
f 1323 1251 1322
f 1269 1268 31
f 1208 1505 1421
f 1270 1269 32
f 61 62 1417
f 1707 1428 1511
f 1227 1237 1226
f 55 1611 54
f 14 15 1233
f 1513 1611 1511
f 1230 1310 1309
f 1502 60 61
f 1259 1279 1278
f 1502 1503 60
f 1254 1239 1228
f 59 60 1503
f 34 1271 33
f 1245 1231 1344
f 1500 58 59
f 54 1611 1613
f 1275 23 24
f 1309 1312 1219
f 44 1580 1581
f 1264 1174 1232
f 1272 1271 34
f 1229 1278 1243
f 1682 38 1493
f 1375 1394 1187
f 1270 1271 1253
f 27 1265 26
f 1241 1258 17
f 1256 1276 1277
f 1271 1270 33
f 1400 1275 1240
f 1279 1262 2267
f 1338 1270 1253
f 1267 1251 1323
f 20 21 1273
f 1239 1273 21
f 1261 1247 2267
f 1242 1257 1229
f 17 18 1241
f 1221 1261 1262
f 1223 1258 1243
f 18 19 1242
f 1264 1248 1249
f 1171 13 14
f 15 16 1223
f 1277 25 26
f 1222 1171 1233
f 1284 1263 1221
f 30 1267 29
f 1407 1473 1477
f 1326 1234 1321
f 1275 1255 23
f 1270 32 33
f 1308 1310 1228
f 1251 1268 1405
f 1335 1334 1336
f 36 37 1681
f 1176 1246 1177
f 1643 1771 1772
f 2128 1332 2129
f 1476 1253 1572
f 1238 1180 1179
f 1183 1182 1216
f 1272 1253 1271
f 1269 31 32
f 1223 1222 1233
f 1228 1401 1308
f 1171 1222 1172
f 1222 1247 1172
f 1266 27 28
f 1244 1242 19
f 1173 1232 1174
f 1237 1238 1179
f 1176 1175 1245
f 1286 1248 1285
f 1286 1287 1344
f 1456 1454 1453
f 1259 1281 1262
f 38 39 1493
f 1258 1229 1243
f 1573 1574 1662
f 1276 24 25
f 1510 1206 1205
f 1268 1269 1252
f 2267 1247 1222
f 1325 1321 1266
f 1526 1201 1626
f 1360 1433 1436
f 1344 1287 1345
f 1436 1433 1203
f 74 75 1294
f 1277 1265 1250
f 1439 75 76
f 1268 30 31
f 22 1274 1239
f 1201 74 1294
f 1323 29 1267
f 76 77 1437
f 79 80 1518
f 1242 1241 18
f 83 1519 82
f 1177 1319 1280
f 1249 1245 1175
f 1361 1437 1438
f 1524 1522 1432
f 1173 1172 1247
f 1745 1358 1825
f 1395 1226 1307
f 1266 1321 1250
f 55 56 1511
f 1212 2267 1222
f 1426 1425 1608
f 1229 1257 1219
f 1617 1618 1520
f 1523 1622 1623
f 2282 1568 2283
f 1490 1590 90
f 1274 1399 1239
f 1284 1281 1283
f 87 88 1584
f 91 1488 1492
f 1799 1682 1876
f 1488 91 92
f 1316 1281 1259
f 1306 1215 1377
f 1347 1965 1961
f 1258 16 17
f 90 91 1492
f 1597 96 1595
f 1455 1315 1454
f 1800 1498 1415
f 22 1239 21
f 1229 1241 1242
f 97 1595 96
f 1588 1860 1674
f 1468 1320 1402
f 102 1639 1691
f 1258 1241 1229
f 1188 1391 1393
f 1498 1599 1600
f 1180 1217 1181
f 99 100 1599
f 1270 1252 1269
f 1597 95 96
f 1280 1237 1178
f 1551 1639 1549
f 1237 1260 1226
f 1375 1186 1372
f 1256 1277 1343
f 1245 1246 1176
f 1231 1245 1249
f 1372 1186 1185
f 1569 1570 1658
f 1558 1559 1652
f 1257 1242 1230
f 2263 2241 2239
f 1242 1244 1230
f 1393 1450 1556
f 1187 1186 1375
f 1268 1251 1267
f 1284 1248 1263
f 1178 1237 1179
f 1337 1225 2125
f 1180 1238 1217
f 1215 1217 1227
f 1277 1250 1342
f 1230 1244 1273
f 1216 1217 1305
f 1212 1243 1279
f 1182 1181 1216
f 1254 1310 1230
f 1183 1305 1184
f 1184 1305 1306
f 1244 20 1273
f 1217 1238 1227
f 1190 1189 1556
f 1764 2007 1351
f 1545 1542 2279
f 1369 105 106
f 1177 1246 1319
f 1273 1239 1254
f 1369 1550 1637
f 1301 107 1299
f 1250 1265 1266
f 109 1297 108
f 1274 23 1255
f 1223 16 1258
f 1299 108 1297
f 1174 1249 1175
f 107 1370 106
f 1223 1233 15
f 1643 1768 1364
f 2128 1330 1333
f 1647 1553 1555
f 1317 1312 1314
f 1194 1193 1647
f 1223 1243 1212
f 1200 1297 109
f 1379 1380 1571
f 1367 1296 1298
f 1227 1238 1237
f 1299 1298 1296
f 1541 1197 1196
f 1338 1339 1270
f 35 1272 34
f 1553 1193 1192
f 1549 103 104
f 1249 1174 1264
f 1266 1265 27
f 1418 1502 1417
f 1268 1267 30
f 1263 1264 1232
f 1273 1254 1230
f 23 1274 22
f 1274 1255 1399
f 1276 1275 24
f 1341 1275 1256
f 1277 1276 25
f 1275 1276 1256
f 1265 1277 26
f 1342 1250 1234
f 1229 1219 1278
f 1219 1312 1317
f 1278 1279 1243
f 1262 1279 1259
f 1177 1280 1178
f 1260 1237 1280
f 1283 1281 1211
f 1221 1262 1281
f 1283 1211 2282
f 1285 1284 1282
f 2282 1211 1457
f 1284 1283 1282
f 2283 1285 1282
f 1281 1284 1221
f 1286 1285 1220
f 1248 1284 1285
f 1286 1220 1287
f 1248 1286 1231
f 1385 1387 1382
f 1319 1345 1260
f 1491 1412 1488
f 46 1479 1483
f 1918 2012 2100
f 1474 1336 1473
f 1420 1209 1208
f 1354 1420 1422
f 1204 1203 1433
f 81 1515 80
f 1430 1516 1713
f 1520 1432 1617
f 1540 1616 1438
f 1606 1423 1424
f 1437 1362 1439
f 1626 75 1439
f 1443 1444 1366
f 2091 2094 1913
f 1199 1443 1368
f 106 1370 1369
f 1298 1297 1200
f 1297 1298 1299
f 1199 1368 1200
f 1443 1367 1368
f 1299 1296 1301
f 107 108 1299
f 1552 1766 1445
f 1441 1549 1751
f 1296 1641 1767
f 1301 1300 1370
f 2227 2223 2224
f 2177 2132 2195
f 1306 1305 1215
f 1383 1374 1303
f 1389 1383 1384
f 1775 1304 1774
f 1305 1183 1216
f 1215 1227 1395
f 1372 1306 1303
f 1306 1373 1184
f 1571 1380 1226
f 1377 1378 1306
f 1317 1278 1219
f 1309 1219 1257
f 1230 1309 1257
f 1313 1312 1309
f 1228 1310 1254
f 1308 1309 1310
f 1308 1396 1313
f 1311 1313 1315
f 1313 1309 1308
f 1314 1312 1311
f 1308 1401 1396
f 1311 1312 1313
f 1458 1314 1311
f 1316 1314 1211
f 1452 1315 1218
f 1454 1315 1452
f 1281 1316 1211
f 1278 1316 1259
f 1314 1316 1317
f 1278 1317 1316
f 1400 1657 1318
f 1401 1318 1661
f 1345 1319 1246
f 1280 1319 1260
f 1402 1345 1468
f 1467 1287 1220
f 1404 1266 28
f 1321 1327 1326
f 1235 1329 1251
f 1326 1327 1324
f 1322 1325 1404
f 29 1323 1404
f 1324 1327 1330
f 1326 1324 1331
f 1325 1266 1404
f 1325 1322 1327
f 1321 1325 1327
f 2130 1324 1330
f 1322 1329 1327
f 1327 1329 1330
f 2266 2259 1459
f 1326 1331 1234
f 1251 1329 1322
f 1330 1329 1235
f 1405 1235 1251
f 1330 1235 1333
f 2188 1324 2130
f 1331 1328 1465
f 1225 2123 2125
f 1332 1337 2125
f 1335 1235 1334
f 2125 2129 1332
f 1236 1340 1339
f 1333 1335 1332
f 1235 1335 1333
f 1339 1340 1252
f 1473 1336 1236
f 1336 1474 1337
f 1332 1335 1337
f 1336 1337 1335
f 1272 1572 1253
f 1339 1338 1236
f 1340 1236 1336
f 1252 1270 1339
f 1336 1334 1340
f 1406 1340 1334
f 1461 1256 1343
f 1240 1275 1341
f 1224 2250 2237
f 1277 1342 1343
f 1461 1343 1466
f 1460 1658 1570
f 1245 1344 1246
f 1286 1344 1231
f 1344 1345 1246
f 1345 1287 1468
f 1577 1578 1480
f 1870 1868 1871
f 2002 1783 1989
f 1811 1813 1821
f 94 1587 93
f 1960 1900 1882
f 40 41 1678
f 2086 2116 1935
f 2025 2029 1992
f 1586 1587 1489
f 102 103 1639
f 1760 1764 1351
f 1606 1424 1605
f 1803 1706 1610
f 62 63 1419
f 1418 1353 1509
f 1420 1290 1209
f 1420 1354 1290
f 1355 1504 1424
f 1422 1423 1425
f 1435 1539 1433
f 1537 1536 1533
f 57 58 1601
f 1514 1857 1856
f 1704 1507 1633
f 1438 1628 1361
f 85 1522 84
f 1525 1432 1522
f 1538 1529 1356
f 1506 1538 1356
f 1540 77 78
f 1530 1528 1293
f 1527 1434 1526
f 1434 1202 1526
f 80 1515 1518
f 1530 1293 1533
f 1545 1541 1635
f 2285 1849 1771
f 1758 1760 1762
f 1499 1695 1693
f 1444 1197 1442
f 1641 1642 1772
f 1368 1367 1298
f 1367 1366 1642
f 1200 1368 1298
f 1199 1198 1443
f 1552 1369 1300
f 1638 1365 1750
f 1301 1370 107
f 1369 1370 1300
f 1554 1446 1553
f 1364 1544 1548
f 1373 1372 1185
f 1303 1374 1375
f 1184 1373 1185
f 1306 1372 1373
f 1303 1378 1381
f 1389 1384 1388
f 1303 1375 1372
f 1375 1374 1394
f 1389 1391 1374
f 1554 1645 1446
f 1395 1377 1215
f 1378 1377 1307
f 1379 1378 1307
f 1306 1378 1303
f 1380 1379 1307
f 1379 1214 1381
f 1307 1226 1380
f 1226 1402 1571
f 1385 1384 1381
f 1303 1381 1383
f 1469 1470 1471
f 1561 1566 1387
f 1381 1384 1383
f 1382 1388 1384
f 1385 1381 1214
f 1563 1567 1382
f 2275 1469 1403
f 1382 1384 1385
f 1285 2283 1220
f 1386 1561 1387
f 1470 1385 1214
f 1564 1451 1561
f 1304 1390 1388
f 1383 1389 1374
f 1392 1388 1390
f 1389 1392 1391
f 1559 1558 1448
f 1376 1391 1392
f 1393 1391 1376
f 1394 1188 1187
f 1388 1392 1389
f 1376 1392 1390
f 1450 1393 1376
f 1189 1188 1393
f 1374 1391 1394
f 1188 1394 1391
f 1226 1395 1227
f 1377 1395 1307
f 1218 1315 1396
f 1313 1396 1315
f 1569 1659 1661
f 1224 2195 2219
f 1562 1565 1564
f 1457 1458 1455
f 1399 1228 1239
f 1400 1399 1255
f 1275 1400 1255
f 1657 1400 1240
f 1401 1218 1396
f 1399 1401 1228
f 1345 1402 1260
f 1320 1471 1571
f 2284 2273 2275
f 1469 1386 1387
f 29 1404 28
f 1404 1323 1322
f 1406 1405 1268
f 1235 1405 1334
f 1340 1406 1252
f 1405 1406 1334
f 1338 1476 1236
f 1477 1478 1407
f 1479 1577 1482
f 2003 1408 2000
f 1666 1667 1582
f 1904 1785 1897
f 1999 1987 1906
f 1676 1592 1867
f 1585 1486 1584
f 1805 1624 1804
f 1488 1586 1491
f 1671 1486 1585
f 1675 1592 1680
f 1776 1874 1664
f 1596 1496 1595
f 1587 1589 1489
f 2099 2186 2185
f 1683 1496 1596
f 1801 1698 1697
f 1501 1601 1500
f 1417 62 1419
f 1418 1417 1353
f 1425 1426 1509
f 1508 1603 1503
f 1290 1419 63
f 1417 1419 1354
f 1208 1421 1420
f 1420 1421 1422
f 1505 1208 1207
f 1422 1421 1355
f 1423 1422 1355
f 1353 1354 1422
f 1424 1423 1355
f 1425 1423 1291
f 1505 1355 1421
f 1424 1356 1605
f 1291 1608 1425
f 1422 1425 1353
f 1606 1507 1607
f 1426 1705 1508
f 1205 1204 1539
f 1506 1356 1424
f 1501 1609 1601
f 1513 1511 1711
f 1947 1949 1878
f 1484 1579 1665
f 1431 1620 1713
f 1717 1715 1716
f 1714 1713 1614
f 1516 1430 1515
f 1522 1622 1525
f 1722 1523 1625
f 1436 1202 1434
f 1435 1433 1360
f 1526 1202 1201
f 1362 1361 1527
f 1360 1531 1435
f 1510 1539 1427
f 1202 1436 1203
f 1360 1436 1434
f 1437 77 1540
f 1362 1437 1361
f 1616 79 1718
f 1534 1628 1629
f 1437 1439 76
f 1439 1362 1626
f 1542 1635 1636
f 1541 1545 1440
f 104 1637 1549
f 1692 1498 1600
f 1543 1197 1541
f 1543 1544 1442
f 1444 1443 1198
f 1367 1443 1366
f 1197 1444 1198
f 1444 1442 1768
f 1767 1552 1300
f 1365 1638 1755
f 1644 1192 1191
f 1648 1555 1446
f 1650 1651 1447
f 2198 2174 2199
f 1557 1390 1449
f 1654 1304 1567
f 1390 1304 1449
f 1304 1654 1774
f 1376 1557 1450
f 1557 1449 1558
f 2253 2227 2228
f 1382 1387 1566
f 1660 1661 1659
f 1397 1453 1454
f 2268 1453 1397
f 2271 1453 2268
f 1397 1454 1452
f 1454 1456 1455
f 1457 1455 1398
f 1311 1315 1455
f 2271 1456 1453
f 1398 1455 1456
f 1457 1398 1656
f 1211 1314 1458
f 1455 1458 1311
f 1211 1458 1457
f 1240 1341 1461
f 2183 2208 2212
f 1342 1234 1463
f 1465 2236 1463
f 1256 1461 1341
f 1466 1342 1463
f 1452 1660 1464
f 2266 1459 2235
f 1465 1463 1234
f 1466 1460 1461
f 1660 1452 1218
f 2257 1464 1462
f 1331 1465 1234
f 2250 1224 2215
f 1342 1466 1343
f 1460 1466 1463
f 1467 1220 2284
f 1403 1472 1468
f 1287 1467 1468
f 1403 1468 1467
f 1470 1469 1387
f 1472 1469 1471
f 1385 1470 1387
f 1471 1470 1214
f 1214 1379 1571
f 1471 1320 1472
f 1468 1472 1320
f 1403 1469 1472
f 1477 1236 1476
f 1474 1473 1407
f 2119 1407 2118
f 1474 1225 1337
f 1662 36 1663
f 1776 1478 1575
f 1253 1476 1338
f 1477 1476 1575
f 1236 1477 1473
f 1476 1572 1575
f 1931 1495 1798
f 2069 1478 1776
f 1577 47 48
f 1408 1481 1483
f 1578 48 49
f 1578 1782 1784
f 1993 1997 1346
f 1481 1998 1580
f 1577 1479 47
f 1482 1480 2001
f 1408 1483 1479
f 45 1483 1481
f 1666 50 51
f 1780 1782 1484
f 1580 44 45
f 1583 1485 1787
f 1585 88 89
f 1625 1623 1720
f 1412 1789 1792
f 1487 1591 1791
f 1586 92 93
f 1412 1490 1492
f 95 1598 94
f 1589 1674 1489
f 1789 1348 1792
f 1590 1591 1672
f 1586 1488 92
f 1674 1491 1489
f 1412 1492 1488
f 90 1492 1490
f 1677 39 40
f 1594 1682 1799
f 1593 1678 1679
f 1872 1869 1871
f 1799 1495 1594
f 1574 1943 1572
f 1596 97 98
f 1687 1597 1496
f 1497 1689 1688
f 1858 1859 1788
f 1600 100 101
f 1686 1498 1800
f 1551 1549 1756
f 1695 1758 1694
f 1503 1500 59
f 1500 1416 1801
f 1801 1697 1708
f 1511 56 1609
f 1417 1502 61
f 1503 1502 1418
f 1503 1418 1508
f 1500 1503 1416
f 1207 1206 1504
f 1504 1206 1510
f 1207 1504 1505
f 1355 1505 1504
f 1506 1427 1538
f 1424 1504 1506
f 1632 1529 1536
f 1802 1602 1700
f 1508 1352 1603
f 1509 1508 1418
f 1425 1509 1353
f 1508 1509 1426
f 1510 1205 1539
f 1504 1510 1427
f 56 57 1609
f 1428 1711 1511
f 1707 1708 1610
f 1511 1512 1707
f 1706 1612 1711
f 54 1613 53
f 1944 1292 1880
f 1665 1779 1484
f 1615 81 82
f 1518 1515 1717
f 1615 1515 81
f 1516 1615 1519
f 1717 1714 1715
f 1629 1616 1719
f 1717 1515 1430
f 1518 1517 1718
f 84 1524 1521
f 1516 1519 1431
f 1519 1521 1431
f 1521 1519 83
f 84 1521 83
f 1431 1521 1520
f 1622 85 86
f 1524 1432 1520
f 86 87 1623
f 1523 1623 1625
f 1521 1524 1520
f 84 1522 1524
f 1622 1522 85
f 1722 1525 1523
f 1626 1201 1294
f 1527 1526 1362
f 1361 1627 1527
f 1528 1527 1293
f 1360 1434 1528
f 1527 1528 1434
f 1531 1528 1530
f 1536 1531 1530
f 1533 1534 1532
f 1630 1532 1534
f 1435 1531 1529
f 1528 1531 1360
f 1735 1736 1701
f 1529 1531 1536
f 1534 1533 1293
f 1533 1532 1537
f 1293 1627 1534
f 1534 1363 1630
f 1730 1726 1727
f 1529 1632 1356
f 1533 1536 1530
f 1632 1536 1535
f 1732 1733 1532
f 1536 1537 1535
f 1427 1435 1538
f 1529 1538 1435
f 1433 1539 1204
f 1539 1435 1427
f 1616 1540 78
f 1437 1540 1438
f 1635 1196 1195
f 1543 1541 1440
f 1636 1195 1194
f 1542 1749 2278
f 1544 1543 1440
f 1197 1543 1442
f 1547 2280 2281
f 1544 1364 1768
f 1635 1541 1196
f 1542 2278 2279
f 2300 2293 2301
f 2056 1841 1843
f 1440 2279 2280
f 2287 1853 1916
f 2280 1544 1440
f 1548 1547 1770
f 104 105 1637
f 1441 1756 1549
f 1638 1751 1752
f 1549 1550 1751
f 1750 1640 1756
f 1693 1691 1499
f 1296 1767 1301
f 1753 1752 1552
f 1553 1192 1644
f 1555 1553 1446
f 1652 1190 1556
f 1446 1645 1371
f 1648 1446 1371
f 1650 1749 1636
f 1393 1556 1189
f 1652 1556 1450
f 1390 1557 1376
f 1449 2261 1558
f 1448 1646 1559
f 1450 1557 1558
f 1554 1560 1559
f 1191 1652 1560
f 1644 1560 1554
f 1652 1191 1190
f 1564 1561 2274
f 1561 1451 1563
f 2284 1220 2283
f 1562 2272 2271
f 1655 2262 2225
f 1388 1567 1304
f 2274 1561 1386
f 1562 2271 1565
f 2224 1565 1210
f 1564 1565 2262
f 1561 1563 1566
f 1382 1566 1563
f 1382 1567 1388
f 1451 1655 1563
f 2271 2272 1398
f 1562 2273 2272
f 1570 1240 1461
f 1569 1658 1659
f 1460 1570 1461
f 1657 1570 1569
f 1320 1571 1402
f 1571 1471 1214
f 1574 1572 1272
f 1575 1572 1475
f 1272 35 1662
f 1873 1932 1931
f 1662 1574 1272
f 1574 1573 1943
f 1776 1575 1475
f 1477 1575 1478
f 1941 2047 1940
f 1912 2007 2008
f 1578 1577 48
f 1482 1577 1480
f 1579 1578 49
f 1578 1484 1782
f 49 50 1579
f 1665 1579 50
f 1998 1481 2054
f 1580 2055 1581
f 1583 1581 1485
f 43 44 1581
f 1667 51 52
f 1778 1668 1779
f 2034 1670 1787
f 1593 1679 1795
f 1585 1584 88
f 1623 1584 1486
f 1590 89 90
f 1671 1411 1720
f 1587 1586 93
f 1491 1586 1489
f 1598 95 1597
f 1598 1690 1587
f 1588 1690 1858
f 1674 1412 1491
f 1690 1589 1587
f 1674 1589 1588
f 1591 1590 1490
f 1585 89 1590
f 1791 1591 1490
f 1672 1591 1487
f 1493 1677 1676
f 1677 1593 1680
f 41 42 1679
f 1593 1795 1680
f 1594 1681 1682
f 1663 1495 1573
f 1596 1595 97
f 1597 1595 1496
f 98 99 1686
f 1414 1496 1683
f 1687 1496 1414
f 94 1598 1587
f 1689 1598 1597
f 1690 1598 1497
f 1600 1599 100
f 1686 1599 1498
f 101 102 1691
f 1498 1692 1415
f 1500 1601 58
f 1609 1501 1512
f 1508 1705 1352
f 1803 1710 1954
f 1603 1352 1698
f 1416 1503 1603
f 1632 1634 1507
f 1352 1699 1698
f 1632 1605 1356
f 1606 1605 1507
f 1507 1704 1607
f 1606 1291 1423
f 1705 1608 1607
f 1291 1606 1607
f 1291 1607 1608
f 1705 1607 1604
f 1601 1609 57
f 1511 1609 1512
f 1708 1512 1501
f 1610 1709 1710
f 1511 1611 55
f 1613 1611 1513
f 1953 2021 1952
f 1712 1612 2108
f 1712 1613 1513
f 1514 1667 1857
f 1618 1431 1520
f 1620 1619 1614
f 1519 1615 82
f 1515 1615 1516
f 79 1616 78
f 1616 1718 1719
f 1432 1525 1806
f 1617 1359 1618
f 1621 1618 1359
f 1620 1614 1713
f 1723 1821 1359
f 1742 1744 1741
f 1431 1618 1620
f 1620 1618 1621
f 1816 1359 1815
f 1620 1621 1619
f 1623 1622 86
f 1525 1622 1523
f 1584 1623 87
f 1486 1671 1720
f 1804 1963 1721
f 1804 1624 1720
f 1720 1623 1486
f 1722 1625 1624
f 1626 1294 75
f 1362 1526 1626
f 1627 1361 1628
f 1293 1527 1627
f 1629 1628 1438
f 1627 1628 1534
f 1616 1629 1438
f 1534 1629 1363
f 1363 1631 1630
f 1631 1731 1732
f 1719 1716 1363
f 1724 1729 1727
f 1634 1632 1535
f 1605 1632 1507
f 1537 1725 1535
f 1703 1699 1604
f 1726 1535 1725
f 1507 1634 1633
f 1636 1635 1195
f 1545 1635 1542
f 1647 1636 1194
f 1636 1555 1650
f 1369 1637 105
f 1549 1637 1550
f 1550 1369 1752
f 1638 1753 1755
f 1549 1639 103
f 1691 1639 1551
f 1829 1759 1640
f 1765 1640 1759
f 1642 1296 1367
f 1296 1642 1641
f 1643 1366 1768
f 1642 1366 1643
f 1847 1643 1364
f 1766 1771 1445
f 1560 1644 1191
f 1553 1644 1554
f 1646 1554 1559
f 1646 2241 1645
f 2254 1773 2245
f 1554 1646 1645
f 1553 1647 1193
f 1636 1647 1555
f 1371 2264 1651
f 1650 1648 1651
f 2239 2264 2263
f 2242 1302 2265
f 1650 1447 1749
f 1555 1648 1650
f 1371 1651 1648
f 1651 1649 2296
f 1558 1652 1450
f 1560 1652 1559
f 2262 1565 2224
f 1775 2261 1449
f 1563 1654 1567
f 1653 2245 1774
f 1653 1654 1655
f 1563 1655 1654
f 2272 1656 1398
f 2282 1656 1568
f 1570 1657 1240
f 1661 1657 1569
f 1658 1460 2235
f 1659 1658 1459
f 1459 1462 1659
f 1660 1659 1462
f 1464 1660 1462
f 1218 1401 1661
f 1661 1318 1657
f 1218 1661 1660
f 35 36 1662
f 36 1681 1663
f 1495 1663 1594
f 1573 1662 1663
f 1933 1874 1873
f 2083 2138 2078
f 1666 1665 50
f 1665 1582 1779
f 1667 1666 51
f 1665 1666 1582
f 52 53 1777
f 1514 1778 1667
f 1514 1895 1959
f 1780 1668 1898
f 1581 1669 43
f 1679 1669 1583
f 1349 1866 1868
f 1583 1793 1679
f 1585 1672 1671
f 1962 1963 1964
f 1590 1672 1585
f 1964 1672 1967
f 1921 1673 1920
f 1980 1986 1975
f 1858 1860 1588
f 1789 1674 1863
f 1795 1794 1494
f 1868 1866 1867
f 1677 1493 39
f 1867 1592 1675
f 1677 40 1678
f 1676 1677 1592
f 1679 1678 41
f 1677 1678 1593
f 1669 1679 42
f 1787 1793 1583
f 1675 1680 1494
f 1677 1680 1592
f 1682 1681 37
f 1663 1681 1594
f 38 1682 37
f 1797 1493 1676
f 1686 1684 1685
f 1685 1683 1596
f 1351 2007 2185
f 1685 2013 1683
f 1685 1596 1686
f 1684 2170 1685
f 98 1686 1596
f 1599 1686 99
f 1687 1414 2012
f 1598 1689 1497
f 2011 1918 2102
f 1922 1864 1861
f 1597 1687 1689
f 1688 1689 1687
f 1858 1690 1497
f 1690 1588 1589
f 1691 1551 1765
f 101 1691 1600
f 1600 1693 1692
f 1695 1696 1693
f 1691 1693 1600
f 1759 1757 1758
f 1762 1351 2168
f 1692 1696 1415
f 1499 1759 1758
f 1695 1694 1696
f 1696 1692 1693
f 1762 2168 1694
f 1416 1603 1698
f 1746 1709 1602
f 1352 1705 1699
f 1709 1700 1602
f 1704 1701 1703
f 1802 1703 1702
f 1697 1698 1700
f 1802 1698 1699
f 1634 1535 1726
f 1704 1730 1701
f 1702 1602 1802
f 1735 1729 1740
f 1704 1703 1604
f 1702 1703 1701
f 1704 1604 1607
f 1704 1633 1730
f 1608 1705 1426
f 1699 1705 1604
f 1612 1706 1357
f 1707 1706 1428
f 1708 1707 1512
f 1706 1707 1610
f 1801 1708 1501
f 1697 1700 1709
f 1610 1708 1709
f 1697 1709 1708
f 1702 1736 1737
f 1710 1746 1747
f 1706 1711 1428
f 1712 1711 1612
f 1712 1429 1855
f 1711 1712 1513
f 1713 1516 1431
f 1614 1825 1714
f 1715 1714 1358
f 1430 1713 1714
f 1739 1715 1358
f 1715 1631 1716
f 1363 1716 1631
f 1717 1716 1517
f 1518 1717 1517
f 1714 1717 1430
f 1518 1718 79
f 1719 1718 1517
f 1716 1719 1517
f 1629 1719 1363
f 1804 1720 1411
f 1625 1720 1624
f 1826 1827 1880
f 1525 1722 1806
f 1359 1617 1723
f 1617 1432 1806
f 1811 1805 1809
f 1808 1813 1811
f 1732 1532 1630
f 1738 1728 1729
f 1532 1725 1537
f 1726 1725 1724
f 1726 1724 1727
f 1634 1726 1633
f 1739 1745 1828
f 1727 1735 1701
f 1825 1826 1745
f 1746 1737 1747
f 1729 1724 1733
f 1728 1740 1729
f 1726 1730 1633
f 1701 1730 1727
f 1532 1733 1725
f 1631 1715 1739
f 1631 1732 1630
f 1733 1732 1731
f 1729 1733 1731
f 1725 1733 1724
f 1742 1828 1744
f 1737 1602 1702
f 1729 1735 1727
f 1736 1735 1734
f 1736 1734 1737
f 1701 1736 1702
f 1748 1737 1734
f 1709 1746 1710
f 1729 1731 1738
f 1739 1738 1731
f 1631 1739 1731
f 1739 1358 1745
f 1742 1740 1728
f 1735 1740 1734
f 1734 1740 1742
f 1949 1292 1944
f 1728 1828 1742
f 1742 1741 1748
f 1828 1738 1739
f 1827 1816 1817
f 1880 1744 1743
f 1951 1744 1292
f 1714 1825 1358
f 1828 1745 1743
f 1602 1737 1746
f 1737 1748 1747
f 1951 1948 1950
f 1950 1954 1747
f 1742 1748 1734
f 1747 1748 1741
f 2298 2299 2295
f 1542 1636 1749
f 1640 1750 1365
f 1751 1750 1441
f 1752 1751 1550
f 1750 1751 1638
f 1369 1552 1752
f 1753 1552 1445
f 1755 1753 1854
f 1638 1752 1753
f 1771 1849 1445
f 1836 1838 1832
f 1854 1753 1445
f 1755 1754 2286
f 1750 1756 1441
f 1765 1756 1640
f 2286 1831 1365
f 1839 1764 1908
f 1499 1758 1695
f 1760 1758 1757
f 1765 1759 1499
f 1640 1365 1829
f 1831 1757 1829
f 1762 1760 1351
f 1834 1836 1832
f 2077 2076 2072
f 1351 2185 2168
f 1758 1762 1694
f 1834 1831 1830
f 1763 1840 1845
f 1908 1757 1833
f 1845 2010 1763
f 1691 1765 1499
f 1756 1765 1551
f 1767 1766 1552
f 1766 1641 1772
f 1301 1767 1300
f 1766 1767 1641
f 1444 1768 1366
f 1768 1442 1544
f 1770 1364 1548
f 1770 1769 1847
f 1848 1914 1546
f 2056 2057 2004
f 1847 1771 1643
f 2285 1771 1769
f 1643 1772 1642
f 1766 1772 1771
f 2231 2217 2218
f 2251 2240 2243
f 1653 1774 1654
f 1775 1774 1773
f 1773 2255 2261
f 1304 1775 1449
f 1776 1475 1874
f 2069 1664 2116
f 1855 1777 1613
f 1667 1777 1857
f 1668 1778 1514
f 1582 1667 1778
f 1778 1779 1582
f 1780 1779 1668
f 1783 1782 1780
f 1779 1780 1484
f 1989 1783 1409
f 1999 1346 2000
f 1783 1780 1409
f 1782 1781 1784
f 1990 1988 1989
f 1781 1782 1783
f 1781 2002 2001
f 1578 1784 1480
f 1812 1883 1889
f 1888 1882 1900
f 1904 1906 1987
f 1786 1987 1999
f 2034 1485 2033
f 1793 1787 1670
f 1497 1859 1858
f 1865 1860 1788
f 1972 1792 1348
f 1412 1674 1789
f 1969 1972 1976
f 1979 1968 1971
f 1412 1791 1490
f 1791 1790 1968
f 1790 1791 1792
f 1412 1792 1791
f 1796 1793 1670
f 1793 1796 1795
f 2041 1670 2034
f 2033 1998 2112
f 1795 1494 1680
f 1679 1793 1795
f 1670 2041 2043
f 1795 1796 1794
f 1413 1798 1876
f 1682 1493 1797
f 1413 1866 1798
f 1935 1934 1576
f 1876 1682 1797
f 1495 1799 1876
f 2171 1800 1415
f 1684 1686 1800
f 1500 1801 1501
f 1698 1801 1416
f 1698 1802 1700
f 1703 1802 1699
f 1706 1803 1357
f 1610 1710 1803
f 1411 1964 1963
f 1805 1804 1721
f 1721 1809 1805
f 1624 1805 1722
f 1722 1723 1806
f 1617 1806 1723
f 1722 1805 1811
f 1347 1818 1810
f 1810 1809 1721
f 1819 1810 1818
f 1721 1966 1810
f 1811 1809 1808
f 1883 1812 1881
f 1808 1809 1810
f 1808 1823 1813
f 1722 1811 1723
f 1898 1891 1409
f 1808 1810 1819
f 1820 1813 1807
f 1821 1813 1820
f 1883 1882 1887
f 1822 1819 1814
f 1815 1879 1817
f 1621 1816 1619
f 1359 1816 1621
f 1817 1816 1815
f 1815 1820 1879
f 1817 1944 1880
f 1818 1347 1884
f 1818 1814 1819
f 1822 1814 1881
f 1813 1823 1807
f 1945 1879 1807
f 1821 1820 1815
f 1359 1821 1815
f 1821 1723 1811
f 1892 1812 1889
f 1907 1824 1823
f 1808 1819 1823
f 1907 1819 1822
f 1955 1892 1896
f 1878 1945 1947
f 1614 1619 1825
f 1826 1825 1619
f 1827 1826 1619
f 1743 1745 1826
f 1816 1827 1619
f 1827 1817 1880
f 1828 1743 1744
f 1738 1828 1728
f 1831 2286 1830
f 1757 1759 1829
f 1754 1849 1850
f 1757 1831 1833
f 1365 1831 1829
f 1834 1833 1831
f 1836 1830 1852
f 1840 1839 1832
f 1839 1833 1832
f 1760 1908 1764
f 1850 1852 1754
f 1832 1833 1834
f 1853 1915 1851
f 1836 1835 1841
f 1830 1836 1834
f 1841 1838 1836
f 1914 2287 1770
f 1837 1841 2056
f 1837 1844 1838
f 1839 1840 1763
f 1840 1832 1838
f 1764 1839 1763
f 1910 1838 1844
f 1840 1910 1845
f 1917 1915 1853
f 1837 1838 1841
f 1547 1914 1770
f 2060 2063 1909
f 1915 1841 1835
f 2060 1909 2058
f 1837 2056 2005
f 2090 1910 1761
f 1845 1910 2090
f 2008 2098 1912
f 2158 2099 2157
f 2099 2185 2157
f 1770 1847 1364
f 1771 1847 1769
f 2070 2206 2065
f 2289 2287 1916
f 1850 1849 1295
f 1754 1854 1849
f 1295 1851 1850
f 1852 1830 2286
f 1851 1295 1853
f 1852 1851 1835
f 1851 1852 1850
f 1836 1852 1835
f 1916 1853 1295
f 2057 1917 1842
f 1755 1854 1754
f 1445 1849 1854
f 1712 1855 1613
f 1429 2105 1855
f 2021 1612 1357
f 1892 1877 1894
f 1777 1855 1857
f 1856 1857 1855
f 1859 1497 1688
f 1858 1788 1860
f 1918 2011 1864
f 1859 1688 1864
f 1865 1920 1862
f 1789 1863 1348
f 1861 2011 2014
f 1922 1920 1788
f 2290 1980 1985
f 1975 1862 1980
f 1674 1860 1863
f 1860 1865 1981
f 1918 1864 1688
f 1861 2016 1922
f 1920 1865 1788
f 1865 1862 1981
f 1867 1866 1413
f 1875 1873 1931
f 1676 1867 1413
f 1868 1867 1675
f 1872 1871 1675
f 1868 1675 1871
f 2035 2037 2024
f 1349 1868 1870
f 1869 2042 2044
f 2048 2114 2044
f 1872 1675 1494
f 1870 1871 1869
f 1494 1794 1872
f 2045 1872 1794
f 1798 1866 1875
f 1664 1874 1933
f 1475 1943 1874
f 1932 1573 1495
f 1866 1349 1875
f 1940 1942 1938
f 1413 1876 1797
f 1495 1876 1798
f 1895 1514 1856
f 1887 1889 1883
f 1807 1824 1945
f 1957 1947 1824
f 1807 1879 1820
f 1879 1878 1944
f 1744 1880 1292
f 1880 1743 1826
f 1886 1814 1884
f 1955 1881 1812
f 1884 1814 1818
f 1882 1883 1886
f 1814 1883 1881
f 1885 1887 1888
f 1900 1901 1890
f 1785 1888 1897
f 1785 1987 1988
f 1885 1891 1889
f 1814 1886 1883
f 1960 1886 1884
f 1888 1887 1882
f 1887 1885 1889
f 1900 1897 1888
f 1888 1785 1988
f 1885 1990 1891
f 1889 1899 1892
f 1884 1347 1961
f 1974 1972 1348
f 1409 1780 1898
f 1899 1891 1898
f 1895 1893 1894
f 1896 1892 1894
f 2022 2108 2021
f 1881 1955 1822
f 1895 1894 1877
f 1894 1893 1896
f 1898 1959 1877
f 1895 1856 2107
f 1896 1958 1957
f 1907 1956 1824
f 1890 1902 1897
f 1905 1902 1288
f 1668 1514 1959
f 1899 1898 1877
f 1892 1899 1877
f 1889 1891 1899
f 1882 1886 1960
f 1890 1897 1900
f 1901 1884 1961
f 1978 1961 1970
f 1983 1902 1890
f 1904 1902 1905
f 1905 1926 1925
f 1906 1991 1346
f 1902 1904 1897
f 1904 1903 1906
f 2018 1926 1927
f 1903 1904 1905
f 1991 1906 1903
f 1999 1906 1346
f 1819 1907 1823
f 1956 1907 1822
f 1757 1908 1760
f 1839 1908 1833
f 2071 1909 2063
f 1844 1837 2005
f 1838 1910 1840
f 1761 1910 1844
f 1761 2005 2078
f 2138 2088 1911
f 2008 1764 1763
f 2097 1846 2094
f 2092 2006 2091
f 2092 2091 1913
f 1546 1914 1547
f 2287 1914 1848
f 1841 1915 1843
f 1851 1915 1835
f 2285 1916 1295
f 2289 1769 1770
f 1915 1917 1843
f 2288 1853 2287
f 1688 2012 1918
f 2013 2100 1683
f 2159 2161 2163
f 2051 2142 2147
f 1788 1859 1922
f 1985 1920 1673
f 1921 1922 2016
f 2015 2111 2173
f 1864 1922 1859
f 1920 1922 1921
f 2153 2149 2152
f 1973 1977 1976
f 1928 2109 2018
f 2038 2031 2113
f 1926 1905 1288
f 1924 2026 2023
f 1977 1982 1288
f 1926 1288 1927
f 1929 1927 1923
f 2018 1924 2023
f 2290 1928 1929
f 2015 1919 2111
f 2290 1929 1923
f 2018 1929 1928
f 2144 2148 2139
f 1938 1937 1934
f 1875 1931 1798
f 1932 1873 1874
f 1932 1874 1943
f 1495 1931 1932
f 1934 1933 1873
f 1935 1933 1934
f 1875 1938 1873
f 1939 1940 1938
f 2082 2079 2067
f 1664 1933 1935
f 2093 1911 2139
f 1576 1934 1937
f 1934 1873 1938
f 2089 1937 1936
f 1939 1938 1875
f 1936 1937 1938
f 1875 1349 1939
f 1940 1939 1349
f 1941 1940 1349
f 1940 1930 1942
f 1349 1870 1941
f 2047 1941 2114
f 2140 1942 1930
f 1938 1942 1936
f 1943 1475 1572
f 1932 1943 1573
f 1879 1944 1817
f 1944 1878 1949
f 1957 1824 1956
f 1879 1945 1878
f 2105 2020 2107
f 1952 1954 1950
f 1824 1947 1945
f 1949 1947 2019
f 1952 1948 1953
f 1741 1950 1747
f 2019 1947 1946
f 1949 1948 1292
f 1951 1950 1741
f 1952 1950 1948
f 1744 1951 1741
f 1948 1951 1292
f 1948 2019 1953
f 1952 1357 1954
f 1946 1958 2106
f 2105 2108 2022
f 1803 1954 1357
f 1747 1954 1710
f 1892 1955 1812
f 1956 1955 1896
f 1955 1956 1822
f 1957 1956 1896
f 1958 1896 1893
f 1957 1946 1947
f 1893 2020 2106
f 1946 1957 1958
f 1877 1959 1895
f 1668 1959 1898
f 1884 1901 1960
f 1900 1960 1901
f 1963 1965 1966
f 1961 1965 1970
f 1411 1671 1964
f 1962 1964 1967
f 1411 1963 1804
f 1963 1962 1965
f 1671 1672 1964
f 1967 1672 1487
f 1965 1347 1966
f 1970 1969 1978
f 1810 1966 1347
f 1721 1963 1966
f 1487 1968 1967
f 1971 1970 1979
f 1791 1968 1487
f 1968 1790 1971
f 1971 1790 1972
f 1901 1978 1890
f 1962 1979 1965
f 1967 1979 1962
f 1790 1792 1972
f 1970 1971 1969
f 1863 1981 1975
f 1969 1971 1972
f 1923 1927 1982
f 1974 1976 1972
f 1975 1348 1863
f 1974 1973 1976
f 1973 1974 1975
f 1975 1974 1348
f 1973 1986 1982
f 1977 1983 1984
f 1983 1288 1902
f 1984 1983 1890
f 1976 1984 1969
f 1961 1978 1901
f 1979 1967 1968
f 1965 1979 1970
f 1985 1980 1862
f 1986 1980 1923
f 1981 1863 1860
f 1862 1975 1981
f 1288 1982 1927
f 1973 1982 1977
f 1984 1890 1978
f 1288 1983 1977
f 1969 1984 1978
f 1976 1977 1984
f 1920 1985 1862
f 1985 1673 2290
f 1982 1986 1923
f 1975 1986 1973
f 1988 1987 1786
f 1904 1987 1785
f 2002 1989 1786
f 1988 1885 1888
f 1409 1891 1990
f 1786 1989 1988
f 1988 1990 1885
f 1409 1990 1989
f 1996 1925 1994
f 1994 2023 2025
f 1346 1991 1993
f 1996 1993 1991
f 1991 1903 1996
f 1993 1992 1997
f 2023 1994 1925
f 1992 1993 1994
f 2029 2032 1992
f 1995 2054 1408
f 1925 1996 1903
f 1993 1996 1994
f 1992 2032 2112
f 1997 1995 2003
f 2112 1997 1992
f 1581 2055 1485
f 1346 2003 2000
f 1783 2002 1781
f 1408 1482 2001
f 2000 2001 2002
f 1781 2001 1784
f 2001 2000 1408
f 1786 1999 2002
f 2000 2002 1999
f 1997 2003 1346
f 1408 2003 1995
f 1843 1917 2057
f 1844 2005 1761
f 2072 2004 2058
f 2072 2005 2004
f 2076 2005 2072
f 2006 1911 2091
f 2008 2007 1764
f 2185 2007 1912
f 2010 2008 1763
f 2098 2008 1913
f 1918 2100 2102
f 2103 2102 2013
f 1845 2090 2092
f 2008 2010 1913
f 2014 2011 1350
f 1864 2011 1861
f 1687 2012 1688
f 2100 2012 1414
f 2103 2170 2101
f 2102 1350 2011
f 2151 2149 2155
f 2015 2014 1919
f 2154 2111 1919
f 2016 2015 1921
f 1861 2014 2016
f 2015 2016 2014
f 1410 2040 2041
f 2046 2049 2184
f 1926 2018 1925
f 2018 1927 1929
f 1949 2019 1948
f 2106 2019 1946
f 2020 2022 2106
f 1893 2107 2020
f 1952 2021 1357
f 2022 2021 1953
f 2106 2022 1953
f 2022 2020 2105
f 2018 2023 1925
f 2026 2025 2023
f 2024 2026 2028
f 2028 2035 2024
f 2029 2025 2024
f 1992 1994 2025
f 2030 2027 2028
f 2024 2025 2026
f 2026 2030 2028
f 2153 2027 2156
f 2030 2026 1924
f 2035 2028 2027
f 2040 2024 2037
f 2029 1410 2032
f 1924 2109 2030
f 2292 2156 2030
f 2036 2113 2035
f 2039 2042 2045
f 2033 2032 1410
f 1998 2054 2112
f 1410 2041 2034
f 2055 2033 1485
f 1485 2034 1787
f 1410 2034 2033
f 2036 2035 2027
f 2035 2031 2037
f 2151 2152 2149
f 2036 2017 2038
f 2039 2037 2031
f 2029 2040 1410
f 1930 1940 2047
f 2044 2042 2031
f 2042 2039 2031
f 1794 1796 2043
f 2024 2040 2029
f 2039 2040 2037
f 2040 2039 2041
f 2043 2041 2039
f 2044 2031 2038
f 1869 1872 2045
f 1794 2043 2039
f 1670 2043 1796
f 2044 2038 2048
f 1870 1869 2044
f 2039 2045 1794
f 1869 2045 2042
f 2048 2038 2049
f 2046 2048 2049
f 2114 1941 1870
f 2047 2046 2147
f 2049 2038 2017
f 2046 2047 2114
f 2051 2184 2145
f 2049 2017 2146
f 2151 2155 2146
f 1919 2014 2053
f 2142 2145 2141
f 2143 2147 2142
f 2053 2014 2162
f 2104 1350 2102
f 2162 2014 1350
f 2150 2149 2154
f 1408 2054 1481
f 2112 2054 1995
f 1580 1998 2055
f 2033 2055 1998
f 2057 2056 1843
f 2005 2056 2004
f 1842 2061 2057
f 2072 2058 1909
f 2004 2057 2058
f 2061 2060 2058
f 2062 2061 1842
f 1848 2070 2062
f 2061 2058 2057
f 2063 2060 2059
f 1842 2288 2062
f 2060 2061 2065
f 2070 1546 2064
f 2060 2065 2059
f 2059 2205 2191
f 2063 1213 2071
f 2199 2297 2115
f 2064 1546 2187
f 2061 2062 2065
f 2065 2062 2070
f 2123 1225 2119
f 1478 2118 1407
f 2087 2081 2082
f 2082 2084 2087
f 2086 1576 2085
f 2069 2068 2117
f 2068 2084 2117
f 1478 2069 2118
f 1546 2070 1848
f 2070 2064 2206
f 2179 2071 1213
f 1909 2071 2066
f 2066 2073 1909
f 2072 1909 2073
f 2080 2073 2066
f 2077 2074 2076
f 1911 2006 2138
f 2076 2078 2005
f 2181 2134 2178
f 2176 2121 2075
f 2077 2072 2073
f 2076 2074 2078
f 2080 2077 2073
f 2079 2075 2067
f 2078 2074 2083
f 2090 2078 2006
f 2074 2077 2079
f 2075 2079 2077
f 2066 2179 2180
f 2077 2080 2075
f 2082 2074 2079
f 2082 2081 2083
f 2067 2084 2082
f 2084 2068 2085
f 2082 2083 2074
f 2083 2081 2138
f 2117 2084 2067
f 2068 2086 2085
f 2087 2089 2088
f 2084 2085 2087
f 2086 2068 2116
f 1576 2086 1935
f 2085 1576 2089
f 2081 2087 2088
f 2087 2085 2089
f 2088 2089 2139
f 1937 2089 1576
f 2140 2139 2089
f 2078 2090 1761
f 2092 2090 2006
f 1911 2093 2091
f 1846 2098 2094
f 1913 2010 2092
f 1845 2092 2010
f 2088 2139 1911
f 2096 2097 1289
f 2091 2095 2094
f 2094 2095 1289
f 2091 2093 2095
f 1289 2095 2093
f 1289 2141 2096
f 2096 2164 2158
f 1289 2097 2094
f 2158 2097 2096
f 2094 2098 1913
f 2098 1846 2157
f 1846 2097 2158
f 2165 2186 2099
f 1683 2100 1414
f 2102 2100 2013
f 2171 2101 2170
f 1696 2167 1415
f 2013 2170 2103
f 2103 2172 2102
f 2101 2009 2103
f 2172 2103 2009
f 2158 2163 2165
f 2104 2161 2162
f 1855 2105 1856
f 2105 1429 2108
f 2106 1953 2019
f 1893 2106 1958
f 1895 2107 1893
f 2105 2107 1856
f 1712 2108 1429
f 2021 2108 1612
f 2018 2109 1924
f 2292 2109 1928
f 2292 2290 2291
f 1919 2053 2150
f 2110 2292 2291
f 1921 2173 1673
f 1997 2112 1995
f 2033 2112 2032
f 2035 2113 2031
f 2036 2038 2113
f 2044 2114 1870
f 2046 2114 2048
f 1224 2177 2195
f 2192 1213 2191
f 2116 1664 1935
f 2068 2069 2116
f 2175 2075 2121
f 1407 2119 1474
f 2117 2120 2069
f 1474 2119 1225
f 2118 2120 2119
f 2117 2175 2120
f 2069 2120 2118
f 2117 2067 2175
f 2122 2124 2126
f 2121 2124 2120
f 2124 2121 2176
f 2188 2132 2177
f 2119 2120 2124
f 2123 2122 2125
f 2122 2123 2124
f 2124 2123 2119
f 2136 2122 2134
f 1330 2128 2130
f 2180 2075 2080
f 2126 2179 2178
f 2122 2178 2134
f 2127 2129 2133
f 1332 2128 1333
f 2128 2127 2130
f 2133 2129 2136
f 2127 2128 2129
f 2130 2127 2132
f 2177 1328 2188
f 2182 2131 2181
f 2208 2195 2132
f 2137 2127 2133
f 2137 2132 2127
f 2136 2129 2125
f 2131 2135 2137
f 2178 2122 2126
f 2131 2133 2134
f 2204 2182 2194
f 2210 2203 2193
f 2122 2136 2125
f 2133 2136 2134
f 2131 2137 2133
f 2132 2137 2135
f 2138 2006 2078
f 2088 2138 2081
f 2140 2089 1936
f 2147 2143 1930
f 1942 2140 1936
f 2144 1930 2143
f 2142 2141 1289
f 2050 2159 2164
f 2142 1289 2143
f 2145 2142 2051
f 2148 2143 1289
f 2140 2144 2139
f 1930 2144 2140
f 2144 2143 2148
f 2184 2146 2145
f 2050 2141 2145
f 2146 2017 2151
f 2050 2145 2146
f 2047 2147 1930
f 2051 2147 2046
f 1289 2093 2148
f 2148 2093 2139
f 2152 2151 2017
f 2149 2153 2154
f 2053 2052 2150
f 2155 2150 2052
f 2152 2017 2036
f 2155 2149 2150
f 2036 2027 2152
f 2111 2154 2110
f 2152 2027 2153
f 2156 2027 2030
f 2154 1919 2150
f 2110 2154 2153
f 2160 2155 2052
f 2155 2050 2146
f 2030 2109 2292
f 2110 2153 2156
f 2098 2157 1912
f 2158 2157 1846
f 2141 2164 2096
f 2163 2009 2165
f 2160 2050 2155
f 2160 2161 2159
f 2161 2160 2052
f 2050 2160 2159
f 2162 2161 2052
f 2161 2104 2163
f 2053 2162 2052
f 2104 2162 1350
f 2163 2104 2172
f 2159 2163 2158
f 2050 2164 2141
f 2158 2164 2159
f 2186 2165 2009
f 2158 2165 2099
f 2101 2169 2009
f 2167 2169 2171
f 1694 2167 1696
f 2169 2167 2166
f 2166 2167 2168
f 2168 2167 1694
f 2169 2166 2186
f 2169 2101 2171
f 1685 2170 2013
f 2171 2170 1684
f 1800 2171 1684
f 2171 1415 2167
f 2163 2172 2009
f 2102 2172 2104
f 2015 2173 1921
f 2291 2173 2111
f 2294 1546 2281
f 2196 2194 2192
f 2075 2175 2067
f 2120 2175 2121
f 2180 2176 2075
f 2124 2176 2126
f 2237 2177 1224
f 1328 1331 2188
f 2126 2180 2179
f 2181 2131 2134
f 2071 2179 2066
f 2189 2182 2181
f 2180 2126 2176
f 2066 2180 2080
f 2178 2179 2181
f 2189 2179 1213
f 2063 2191 1213
f 2190 2196 2192
f 2182 2192 2194
f 2203 2212 2208
f 2046 2184 2051
f 2049 2146 2184
f 2185 1912 2157
f 2168 2185 2166
f 2169 2186 2009
f 2185 2186 2166
f 2294 2187 1546
f 2198 2187 2174
f 1324 2188 1331
f 2132 2188 2130
f 2179 2189 2181
f 1213 2182 2189
f 2206 2198 2205
f 2297 2199 2174
f 2059 2191 2063
f 2192 2191 2190
f 2196 2197 2200
f 1213 2192 2182
f 2196 2200 2193
f 2203 2208 2209
f 2203 2194 2193
f 2182 2204 2131
f 2208 2132 2135
f 2195 2183 2219
f 2197 2196 2190
f 2193 2194 2196
f 2197 2190 2198
f 2197 2115 2200
f 2190 2191 2205
f 2187 2198 2064
f 2115 2197 2199
f 2198 2199 2197
f 2115 2202 2200
f 2211 2200 2202
f 2300 2242 2265
f 2207 2211 2213
f 2202 2115 2302
f 2211 2210 2193
f 2211 2207 2210
f 2195 2208 2183
f 2209 2194 2203
f 2135 2131 2204
f 2206 2205 2059
f 2190 2205 2198
f 2065 2206 2059
f 2198 2206 2064
f 2216 2218 2213
f 2237 2250 2266
f 2209 2208 2135
f 2212 2203 2210
f 2135 2204 2209
f 2194 2209 2204
f 2193 2200 2211
f 2210 2207 2212
f 2202 2201 2211
f 2211 2201 2213
f 2230 2220 2221
f 2183 2212 2219
f 2201 2216 2213
f 2217 2221 2220
f 2218 2220 2213
f 1462 2259 2257
f 2230 2212 2207
f 2229 2214 2248
f 2265 2216 2201
f 2218 2217 2220
f 1653 1655 2225
f 2244 2228 2252
f 2216 1302 2218
f 2238 1302 2240
f 2219 2212 2230
f 2219 2215 1224
f 2233 2217 2252
f 2213 2220 2207
f 2214 2229 2221
f 2229 2215 2230
f 2231 2218 2238
f 2256 2245 1653
f 2227 2224 2270
f 2225 2232 2256
f 2271 2268 1210
f 2223 2225 2262
f 2262 1655 1451
f 2232 2225 2223
f 2246 2226 2247
f 2214 2221 2233
f 2270 2224 1210
f 2228 2227 2226
f 2228 2246 2233
f 2244 2252 2231
f 2248 2214 2249
f 2215 2219 2230
f 2220 2230 2207
f 2229 2230 2221
f 2238 2218 1302
f 2231 2222 2244
f 2232 2253 2244
f 2232 2222 2245
f 2217 2233 2221
f 2246 2228 2226
f 1658 2235 1459
f 2248 2260 2229
f 2236 1460 1463
f 2237 1328 2177
f 2237 1465 1328
f 1460 2236 2235
f 2235 2236 2237
f 2237 2236 1465
f 2239 2240 2242
f 2231 2238 2251
f 1645 2241 2263
f 2243 2222 2251
f 2242 2240 1302
f 2240 2239 2243
f 1646 1448 2241
f 2254 2255 1773
f 1302 2216 2265
f 2264 1371 2263
f 2239 2241 2255
f 2243 2254 2245
f 2222 2232 2244
f 2253 2232 2223
f 2243 2245 2222
f 2245 1773 1774
f 2226 2269 2247
f 2233 2246 2258
f 1397 1464 2257
f 2247 2249 2258
f 2214 2258 2249
f 2266 2260 2234
f 2257 2247 1397
f 2234 2248 2249
f 2260 2250 2215
f 2250 2260 2266
f 2231 2251 2222
f 2240 2251 2238
f 2233 2252 2228
f 2231 2252 2217
f 2227 2253 2223
f 2228 2244 2253
f 2239 2254 2243
f 2254 2239 2255
f 2241 1448 2255
f 2261 2255 1448
f 2225 2256 1653
f 2232 2245 2256
f 2259 1462 1459
f 2249 2247 2257
f 2233 2258 2214
f 2247 2258 2246
f 2234 2249 2259
f 2257 2259 2249
f 2229 2260 2215
f 2234 2260 2248
f 2261 1448 1558
f 1773 2261 1775
f 2262 1451 1564
f 2223 2262 2224
f 2264 2239 2242
f 1645 2263 1371
f 2242 1649 2264
f 1651 2264 1649
f 2302 2201 2202
f 2293 2300 2302
f 2259 2266 2234
f 2237 2266 2235
f 1279 2267 1212
f 1261 2267 1262
f 2269 1397 2247
f 2270 2226 2227
f 2270 2269 2226
f 1397 2269 2268
f 1210 2268 2270
f 2270 2268 2269
f 2271 1210 1565
f 1456 2271 1398
f 2273 1562 2274
f 2272 2276 1656
f 2275 2273 1386
f 1656 2276 1568
f 1564 2274 1562
f 1386 2273 2274
f 1469 2275 1386
f 1403 1467 2284
f 2272 2273 2276
f 2276 2273 2284
f 2301 2295 2296
f 1544 2280 1548
f 2299 1749 1447
f 2278 2277 2279
f 2280 2279 2277
f 1545 2279 1440
f 2281 2280 2277
f 1548 2280 1547
f 2294 2298 2295
f 1547 2281 1546
f 1283 2282 1282
f 1656 2282 1457
f 2282 2283 1282
f 2276 2284 1568
f 2275 1403 2284
f 2284 2283 1568
f 1916 2285 1769
f 1849 2285 1295
f 1755 2286 1365
f 1852 2286 1754
f 2288 1848 2062
f 1917 1853 2288
f 1917 2288 1842
f 1848 2288 2287
f 1769 2289 1916
f 1770 2287 2289
f 2290 1923 1980
f 2290 1673 2291
f 2173 2291 1673
f 2110 2291 2111
f 2156 2292 2110
f 1928 2290 2292
f 2187 2294 2297
f 1749 2299 2278
f 2298 2281 2277
f 2297 2294 2293
f 1447 1651 2296
f 2293 2294 2295
f 1649 2300 2301
f 1447 2296 2295
f 2297 2293 2115
f 2187 2297 2174
f 2281 2298 2294
f 2299 2277 2278
f 2295 2299 1447
f 2277 2299 2298
f 2242 2300 1649
f 2302 2300 2265
f 2295 2301 2293
f 1649 2301 2296
f 2302 2265 2201
f 2293 2302 2115
f 2523 2792 2671
f 2432 2713 2714
f 2620 2623 2548
f 2348 2349 2620
f 2656 2354 2659
f 2483 2303 2304
f 2656 2661 2353
f 3393 2492 3397
f 2656 2353 2354
f 2317 2425 2424
f 3327 2990 2995
f 2352 2353 2661
f 2340 2341 2637
f 2427 2312 2313
f 2637 2642 2340
f 2421 2433 2434
f 2553 2637 2640
f 2426 2313 2315
f 2465 3108 3109
f 2546 2490 2409
f 2844 2727 2728
f 2532 2590 2591
f 2347 2622 2726
f 2322 2580 2579
f 3123 2412 3115
f 2345 2844 2344
f 2624 2347 2348
f 2425 2428 2418
f 2468 2364 2365
f 2544 2545 2489
f 2470 2364 2468
f 2456 112 113
f 2365 2366 2468
f 2462 117 118
f 2470 2469 2467
f 2560 2368 2369
f 2470 2512 2363
f 3427 3416 3409
f 2922 2921 2919
f 2559 2367 2368
f 2560 2513 2559
f 2362 2363 2558
f 2358 2649 2357
f 2541 2432 2420
f 2762 2355 2356
f 1 2434 126
f 2649 2651 2768
f 2420 2430 2431
f 2557 2362 2558
f 2443 2442 2440
f 2864 2361 2557
f 2544 2450 2448
f 2557 2361 2362
f 2440 2411 2443
f 2834 2615 2542
f 3152 2982 3153
f 2955 2958 2723
f 2310 2311 2454
f 124 125 2431
f 2727 2346 2726
f 2323 2580 2322
f 2363 2364 2470
f 2579 2523 2578
f 2788 2767 2561
f 2619 2310 2488
f 2385 2386 2775
f 2525 2794 2668
f 2468 2469 2470
f 2326 2327 2584
f 2367 2559 2514
f 2807 2584 2808
f 2366 2367 2469
f 2512 2470 2467
f 2677 2800 2801
f 2418 2524 2671
f 2765 2870 2876
f 2453 2452 2437
f 2439 2417 2425
f 2320 2321 2578
f 2446 2462 2461
f 2457 2500 2499
f 2417 2424 2425
f 2462 2446 117
f 2425 2418 2439
f 2315 2316 2426
f 2451 2459 2460
f 2315 2313 2314
f 2429 2464 2446
f 2330 2585 2329
f 2667 2380 2381
f 2682 2333 2334
f 2524 2319 2320
f 117 2446 116
f 2452 121 2714
f 2680 2816 2817
f 2491 2453 2437
f 2752 2751 2339
f 2409 2490 2408
f 2821 2819 2681
f 2430 2432 123
f 2751 2338 2339
f 2426 2424 2417
f 2426 2417 2427
f 2682 3004 2587
f 2427 2313 2426
f 2312 2427 2442
f 2409 2415 2546
f 2317 2424 2316
f 3292 2464 3302
f 2679 2681 2331
f 114 115 2459
f 2619 2543 2309
f 2494 2438 2493
f 2312 2442 2311
f 2454 2442 2441
f 2310 2454 2488
f 2802 2804 2677
f 2498 2453 2493
f 2340 2642 2339
f 2459 2457 114
f 2457 2459 2451
f 2427 2440 2442
f 2371 2566 2569
f 2469 2468 2366
f 2372 2566 2371
f 2628 2635 2730
f 2463 2464 2460
f 2476 2522 2577
f 2375 2474 2374
f 2459 2463 2460
f 2376 2474 2375
f 2488 2441 2487
f 2446 2463 116
f 2374 2474 2476
f 2451 3291 3268
f 2476 2475 2473
f 2521 2473 2475
f 2441 2612 2487
f 2519 2573 2575
f 2432 2715 2713
f 2445 2444 2613
f 2469 2514 2467
f 2382 2383 2652
f 2673 2418 2671
f 2653 2882 2652
f 2456 2448 112
f 2447 2431 2421
f 2653 2769 2770
f 2449 2499 2502
f 2378 2379 2571
f 2448 2456 2449
f 2882 2563 2652
f 2655 2776 2779
f 2498 2493 2495
f 2388 2389 2626
f 3009 2794 2795
f 2700 2928 2702
f 2550 2778 2626
f 2627 2391 2392
f 2918 2914 2915
f 2732 2736 2550
f 2583 2307 2582
f 2458 110 111
f 2633 2635 2731
f 2425 2317 2318
f 2627 2631 2391
f 2636 2552 2635
f 2541 2420 2603
f 2859 2970 2759
f 2444 2445 2672
f 2311 2442 2454
f 2397 2757 2396
f 3104 3111 3097
f 2428 2318 2319
f 2402 2592 2687
f 2587 2816 2680
f 2479 2989 2910
f 2696 2401 2687
f 2486 2606 2707
f 2400 2759 2399
f 2427 2417 2440
f 3081 3086 3085
f 115 116 2463
f 2695 2689 2688
f 2482 2447 2421
f 124 2430 123
f 2457 113 114
f 2431 125 2433
f 2439 2673 2411
f 2308 2582 2307
f 3321 3339 3325
f 119 120 2453
f 2445 2443 2411
f 120 121 2452
f 2673 2439 2418
f 2452 2453 120
f 2432 122 123
f 115 2463 2459
f 2435 2544 2448
f 2530 2531 2481
f 2437 2712 2491
f 2481 2482 2483
f 2530 2304 2305
f 2448 2458 111
f 2495 2493 2438
f 125 126 2433
f 2457 2456 113
f 1 2303 2434
f 2458 2450 2546
f 2447 2604 2431
f 2430 124 2431
f 2445 2613 2443
f 2430 2420 2432
f 2429 2446 2461
f 2686 2591 2405
f 2424 2426 2316
f 2407 2533 2406
f 2606 2710 2541
f 2428 2425 2318
f 2406 2533 2538
f 2408 2490 2534
f 3293 3268 3291
f 2458 2415 110
f 2431 2433 2421
f 2439 2411 2440
f 112 2448 111
f 2442 2443 2441
f 2503 2502 2499
f 2715 2432 2541
f 2457 2449 2456
f 3342 3345 3394
f 2504 2435 2502
f 2434 2303 2483
f 2500 2457 2451
f 109 110 2415
f 2413 2603 2604
f 3342 2419 3345
f 2458 2448 2450
f 2434 2433 126
f 2449 2435 2448
f 2415 2409 109
f 2440 2417 2439
f 2429 3301 3302
f 2446 2464 2463
f 2938 3135 2510
f 2462 118 2498
f 2461 2462 2455
f 2772 2652 2654
f 2348 2620 2624
f 2455 3395 3396
f 2377 2378 2574
f 2890 2894 2893
f 2475 2474 2376
f 2474 2475 2476
f 2376 2377 2475
f 2521 2377 2520
f 2522 2476 2473
f 2373 2374 2476
f 2668 2669 2579
f 2580 2581 2525
f 3012 2497 2943
f 2481 2531 2685
f 3351 3348 3349
f 2815 2525 2581
f 2331 2332 2679
f 2586 2679 2680
f 2588 2305 2306
f 2413 2447 2482
f 2483 2482 2421
f 2482 2481 2684
f 2483 2421 2434
f 2483 2304 2530
f 2926 2690 2691
f 2403 2404 2590
f 2484 2593 2595
f 2405 2406 2538
f 2413 2605 2603
f 3384 3455 3385
f 2613 2542 2612
f 2614 2543 2619
f 2441 2488 2454
f 2488 2487 2619
f 2489 2601 2537
f 2534 2533 2407
f 2547 2490 2546
f 2536 2485 2533
f 2491 2496 2494
f 2493 2491 2494
f 2496 2497 3454
f 3013 3349 2416
f 2438 3395 2495
f 2453 2491 2493
f 2496 2491 2423
f 2494 2492 3393
f 2498 2455 2462
f 119 2498 118
f 2423 2832 2496
f 2492 2494 2496
f 2832 2833 2711
f 2831 2943 2941
f 2453 2498 119
f 2498 2495 2455
f 2499 2436 2503
f 2449 2457 2499
f 2500 2451 3268
f 2436 2499 2500
f 2706 3259 2703
f 2701 2704 2602
f 2504 2502 2501
f 2435 2449 2502
f 2503 2436 3260
f 2502 2503 2501
f 2504 2501 2706
f 2504 2422 2545
f 2351 2719 2350
f 3307 3306 2553
f 3014 3175 3137
f 2516 2881 2979
f 2394 2633 2393
f 2628 2743 2630
f 2343 2749 2342
f 2412 3113 3115
f 3275 3210 3213
f 2849 2851 2852
f 2594 2402 2403
f 2599 2702 2598
f 2663 2666 2560
f 2557 2511 2860
f 2861 2512 2467
f 2512 2511 2558
f 2569 2370 2371
f 2761 2666 2664
f 2367 2514 2469
f 2862 2514 2513
f 2359 2360 2764
f 2650 2867 2649
f 3025 3046 3042
f 3033 2975 2774
f 3053 3054 3051
f 3176 3175 3014
f 2577 2372 2373
f 2666 2663 2665
f 2571 2576 2575
f 2893 2889 2472
f 2573 2574 2571
f 2894 2573 2519
f 2377 2521 2475
f 2891 2521 2520
f 2892 2567 2522
f 2566 2522 2567
f 2477 2670 2792
f 2524 2418 2428
f 2319 2524 2428
f 2578 2524 2320
f 2580 2323 2581
f 2807 2325 2326
f 2543 2308 2309
f 2589 2605 2684
f 2584 2800 2799
f 3412 2810 2813
f 2799 2805 2527
f 2799 2527 2584
f 3004 2682 2683
f 2969 2337 2756
f 2530 2305 2588
f 2483 2530 2481
f 2676 2307 2583
f 2717 2617 2618
f 2532 2593 2596
f 2590 2594 2403
f 2407 2408 2534
f 2539 2538 2533
f 2537 2490 2547
f 2601 2536 2537
f 2539 2540 2595
f 2591 2593 2532
f 2533 2534 2536
f 2537 2536 2534
f 2490 2537 2534
f 2422 2600 2601
f 2539 2533 2485
f 2535 2591 2686
f 2485 2699 2539
f 2535 2538 2539
f 2536 2601 2485
f 2699 2600 2701
f 2420 2604 2603
f 2711 2611 2710
f 2835 2410 2716
f 2526 2543 2616
f 2487 2612 2614
f 2582 2543 2526
f 2545 2544 2435
f 2547 2544 2489
f 2504 2545 2435
f 2422 2489 2545
f 2458 2546 2415
f 2547 2546 2450
f 2544 2547 2450
f 2537 2547 2489
f 2620 2718 2623
f 2957 3187 2548
f 3137 3175 2505
f 3308 3297 3307
f 2626 2733 2732
f 2780 2779 2729
f 2742 2745 2739
f 2390 2391 2631
f 2636 2633 2746
f 2746 2747 2634
f 2637 2641 2640
f 2644 3144 3019
f 3447 2554 3439
f 3172 3169 2938
f 2758 2645 2757
f 2748 2852 2851
f 2556 2927 3173
f 2856 2645 2758
f 2861 2467 2862
f 2871 2875 2870
f 2512 2558 2363
f 2557 2558 2511
f 2560 2559 2368
f 2514 2559 2513
f 2370 2791 2663
f 3070 3023 3071
f 3056 3050 3052
f 2660 2789 2565
f 2763 2649 2358
f 2562 2880 2651
f 2769 2652 2383
f 2667 2774 2572
f 2626 2778 2388
f 2787 2564 2782
f 2659 2790 2657
f 2724 2621 2719
f 2566 2372 2577
f 2570 2569 2566
f 2473 2891 2892
f 2518 2566 2567
f 2895 2977 2518
f 2369 2663 2560
f 2570 2566 2518
f 2568 2663 2791
f 3073 2518 2977
f 2568 2569 2570
f 2575 2576 2572
f 2571 2575 2573
f 2772 2381 2382
f 2652 2883 2654
f 2889 2894 2519
f 2574 2573 2520
f 2377 2574 2520
f 2378 2571 2574
f 2576 2571 2379
f 2774 2888 2572
f 2379 2380 2576
f 2667 2576 2380
f 2476 2577 2373
f 2566 2577 2522
f 2579 2578 2321
f 2524 2578 2523
f 2322 2579 2321
f 2579 2525 2668
f 2581 2323 2324
f 2579 2580 2525
f 2325 2807 2809
f 2675 2795 3412
f 2543 2582 2308
f 2583 2582 2526
f 2618 2607 2610
f 2531 2588 2676
f 2799 2800 2677
f 2584 2527 2808
f 2825 2331 2681
f 2802 2801 2585
f 2818 2821 2817
f 2819 2528 2585
f 2682 2334 2683
f 3020 3017 2967
f 2676 2588 2306
f 2530 2588 2531
f 2531 2676 2709
f 2589 2609 2605
f 2591 2590 2404
f 2532 2592 2594
f 2405 2591 2404
f 2591 2535 2593
f 2689 2592 2693
f 2402 2687 2401
f 2595 2593 2535
f 2596 2593 2484
f 2532 2594 2590
f 2402 2594 2592
f 2539 2595 2535
f 2484 2595 2540
f 2599 2596 2484
f 2926 2925 2688
f 3228 3131 3237
f 2936 2925 2934
f 2700 2702 2484
f 2925 2510 2827
f 2702 2599 2484
f 2691 2599 2598
f 2705 2422 2706
f 2704 2600 2705
f 2422 2601 2489
f 2601 2600 2699
f 2484 2540 2700
f 2700 2540 2701
f 2413 2684 2605
f 2541 2603 2606
f 2431 2604 2420
f 2413 2604 2447
f 2610 2609 2589
f 2606 2486 2710
f 2605 2707 2603
f 2609 2608 2707
f 2944 2830 2945
f 2486 2707 2608
f 2942 2940 2830
f 2941 2711 2486
f 2709 2589 2685
f 2609 2607 2940
f 2717 2583 2526
f 2607 2609 2610
f 2712 2611 2833
f 2712 2713 2611
f 2613 2612 2441
f 2612 2542 2614
f 2613 2441 2443
f 2613 2444 2835
f 2615 2614 2542
f 2543 2614 2616
f 2835 2716 2834
f 2478 2618 2617
f 2614 2615 2616
f 2617 2615 2478
f 2526 2616 2617
f 2615 2617 2616
f 2618 2478 2945
f 2709 2717 2610
f 2619 2309 2310
f 2614 2619 2487
f 2718 2349 2350
f 3239 2624 2548
f 2720 2352 2722
f 2843 2957 2958
f 3182 3193 3184
f 3192 2625 2727
f 2718 2620 2349
f 2623 2621 2958
f 2548 2624 2620
f 2347 2624 2622
f 2726 2346 2347
f 2959 2728 2964
f 2846 2732 2733
f 2896 2778 2550
f 2731 2392 2393
f 2632 2631 2627
f 2632 2630 2551
f 2731 2630 2627
f 2735 2629 2632
f 2626 2732 2550
f 2731 2627 2392
f 2743 2628 2730
f 2627 2630 2632
f 2631 2629 2846
f 2736 2738 2734
f 2629 2631 2632
f 2746 2394 2395
f 2633 2636 2635
f 2747 2395 2396
f 2634 2747 2748
f 2730 2635 2552
f 2635 2628 2731
f 2746 2633 2394
f 2748 2851 2634
f 2640 2641 2638
f 2643 2642 2637
f 2844 2750 2344
f 2638 2749 2962
f 3313 3311 2553
f 2754 2753 2755
f 2641 2637 2341
f 2640 2638 3307
f 2341 2342 2641
f 2749 2641 2342
f 2643 2637 2553
f 2639 2751 2752
f 3306 3313 2553
f 2639 2642 2643
f 2338 2751 2756
f 2826 3143 3019
f 2758 2397 2398
f 2748 2747 2847
f 2687 2697 2696
f 2859 2646 2971
f 2886 2975 2976
f 2650 2764 2868
f 2356 2357 2768
f 2789 2657 2788
f 2763 2358 2359
f 2651 2649 2562
f 2763 2764 2650
f 2649 2867 2562
f 2766 2880 2866
f 2762 2768 2648
f 2769 2383 2384
f 2563 2883 2652
f 2770 2384 2385
f 2771 2979 2881
f 2881 2773 2883
f 2667 2572 2576
f 2776 2387 2777
f 2784 2899 2655
f 2790 2659 2355
f 2662 2661 2656
f 2657 2790 2788
f 2662 2660 2565
f 2905 2903 2906
f 2719 2621 2718
f 2355 2659 2354
f 2660 2659 2657
f 2659 2660 2656
f 2789 2660 2657
f 2656 2660 2662
f 2661 2658 2722
f 2905 2565 2903
f 2658 2661 2662
f 2370 2663 2369
f 2665 2663 2568
f 3073 2570 2518
f 3029 3031 2664
f 2570 3073 2568
f 2665 2664 2666
f 2761 3031 3032
f 2560 2666 2863
f 2772 2667 2381
f 2773 2885 2883
f 2794 2525 2793
f 2669 2668 2477
f 2951 2670 3008
f 2579 2669 2523
f 3411 2672 2674
f 2477 2792 2669
f 2523 2671 2524
f 2410 2835 3411
f 2411 2672 2445
f 2672 2673 2674
f 2674 2673 2671
f 2673 2672 2411
f 2792 2674 2671
f 2670 2951 3411
f 2954 3013 3012
f 2841 2838 2836
f 2307 2676 2306
f 2709 2676 2583
f 2328 2329 2801
f 2802 2528 2912
f 2814 2812 2527
f 2324 2809 2581
f 2680 2332 2333
f 2681 2679 2586
f 2332 2680 2679
f 2682 2680 2333
f 2821 2586 2817
f 2825 2585 2330
f 2683 2334 2335
f 2680 2682 2587
f 2967 3142 3018
f 2967 3143 3020
f 2482 2684 2413
f 2685 2684 2481
f 2685 2531 2709
f 2684 2685 2589
f 2405 2538 2686
f 2535 2686 2538
f 2689 2687 2592
f 2697 2689 2695
f 2694 2532 2596
f 2927 2695 2827
f 2532 2694 2693
f 2827 2688 2925
f 2596 2599 2691
f 2693 3006 2689
f 2931 2932 2598
f 2691 2690 2694
f 2646 2698 2556
f 2696 2698 2759
f 2532 2693 2592
f 2693 2690 3006
f 2691 2694 2596
f 2693 2694 2690
f 2827 2695 2688
f 2692 2696 2697
f 2698 2696 2692
f 2400 2401 2696
f 2689 2697 2687
f 2692 2697 2695
f 2698 2692 2927
f 2698 2646 2759
f 2539 2699 2540
f 2601 2699 2485
f 2540 2699 2701
f 2602 2928 2700
f 2704 2701 2600
f 2602 2700 2701
f 2928 2929 2828
f 2598 2702 2829
f 3260 2501 2503
f 3262 2929 2930
f 2705 2600 2422
f 2704 2703 2930
f 2422 2504 2706
f 2703 2704 2705
f 3259 2706 3260
f 2703 2705 2706
f 2603 2707 2606
f 2609 2707 2605
f 2836 2478 2615
f 2796 2948 2797
f 2717 2709 2583
f 2709 2610 2589
f 2711 2710 2486
f 2715 2710 2611
f 2942 2941 2608
f 2711 2943 2832
f 2491 2712 2423
f 2712 2437 2713
f 2452 2713 2437
f 122 2714 121
f 2432 2714 122
f 2452 2714 2713
f 2710 2715 2541
f 2713 2715 2611
f 2946 2837 2949
f 2834 2836 2615
f 2617 2717 2526
f 2610 2717 2618
f 2719 2718 2350
f 2623 2718 2621
f 2351 2720 2719
f 2725 2723 2724
f 2352 2720 2351
f 2988 2725 2907
f 2658 2662 2905
f 2986 2721 2984
f 2661 2722 2352
f 2658 2720 2722
f 2725 2719 2720
f 2723 2988 2955
f 2725 2724 2719
f 2958 2724 2723
f 2658 2908 2720
f 2905 2908 2658
f 3186 2726 2622
f 2726 3192 2727
f 2728 2727 2625
f 2345 2346 2727
f 2964 2625 3196
f 2638 2641 2749
f 2736 2745 2550
f 2655 2775 2776
f 2552 2850 2965
f 2744 2743 2507
f 2731 2393 2633
f 2630 2731 2628
f 2733 2626 2389
f 2735 2738 2629
f 2389 2390 2733
f 2846 2733 2390
f 2740 2735 2741
f 2734 2735 2740
f 2632 2551 2735
f 2740 2741 2737
f 2732 2629 2738
f 2739 2736 2734
f 3084 3093 3100
f 3092 3093 3084
f 2734 2738 2735
f 2732 2738 2736
f 3082 3094 2734
f 2739 2506 2742
f 2741 2735 2551
f 3085 3094 3081
f 2743 2741 2551
f 2744 2741 2743
f 2782 2564 2781
f 2742 2780 2896
f 2630 2743 2551
f 2507 2743 2730
f 3088 3087 3103
f 2737 2741 2744
f 2739 2745 2736
f 2742 2550 2745
f 2747 2746 2395
f 2636 2746 2634
f 2757 2747 2396
f 2847 2555 2748
f 3419 3413 3418
f 2748 3419 2852
f 2343 2750 2749
f 2750 2959 2963
f 2344 2750 2343
f 2625 2964 2728
f 2754 2751 2639
f 2754 2755 2756
f 2339 2642 2752
f 2639 2752 2642
f 3311 2639 2643
f 3144 2644 3145
f 2639 3311 3310
f 2755 2753 2853
f 2969 2966 2855
f 2756 2337 2338
f 2754 2756 2751
f 2966 2969 2755
f 2758 2757 2397
f 2747 2757 2645
f 2398 2399 2970
f 2555 2645 2856
f 2759 2400 2696
f 2859 2759 2646
f 2511 2861 2860
f 2866 2765 2515
f 2861 2760 2860
f 2761 2862 2863
f 2762 2356 2768
f 2790 2762 2648
f 2764 2763 2359
f 2649 2763 2650
f 2864 2360 2361
f 2360 2864 2764
f 2873 2864 2972
f 2765 2868 2870
f 2766 2866 3075
f 2766 3077 2767
f 2648 2651 2767
f 2767 2651 2880
f 2649 2768 2357
f 2768 2651 2648
f 2770 2769 2384
f 2652 2769 2653
f 2775 2770 2385
f 2781 2784 2655
f 2898 2783 2980
f 2897 2979 2980
f 2652 2772 2382
f 2667 2772 2654
f 2974 3033 3034
f 2885 2667 2654
f 3033 2774 2773
f 2887 2519 2575
f 2776 2775 2386
f 2775 2655 2899
f 2387 2776 2386
f 2776 2729 2779
f 2388 2777 2387
f 2729 2776 2777
f 2729 2777 2778
f 2388 2778 2777
f 2729 2896 2780
f 2779 2780 2782
f 2742 2506 2981
f 2782 2781 2779
f 2784 2564 2783
f 2655 2779 2781
f 2742 2981 2901
f 3055 2902 3050
f 3065 2786 3429
f 2898 2771 2882
f 2564 2784 2781
f 2783 2898 2899
f 2787 3429 2786
f 2986 3139 3138
f 2780 2901 2782
f 3051 3054 3063
f 2787 2782 2901
f 2786 3060 3066
f 2767 2788 2648
f 2561 3074 2788
f 2982 2789 3074
f 2903 2789 3152
f 2762 2790 2355
f 2790 2648 2788
f 2370 2569 2791
f 2568 2791 2569
f 2669 2792 2523
f 2674 2792 2670
f 2809 2810 2815
f 2668 2794 2477
f 2795 2793 3412
f 2794 2793 2795
f 2795 2675 2798
f 3010 2797 2948
f 3353 3356 3365
f 2954 2952 3013
f 3363 2811 2814
f 2946 2796 3011
f 2675 3368 3362
f 2798 2797 3010
f 2800 2584 2327
f 2805 2677 2804
f 2327 2328 2800
f 2801 2800 2328
f 2329 2585 2801
f 2802 2585 2528
f 2528 2824 2912
f 2677 2801 2802
f 2480 2823 2822
f 2803 2991 2910
f 2806 2909 2989
f 2805 2799 2677
f 2909 2804 2803
f 2804 2909 2805
f 3386 3369 3363
f 2527 2805 2806
f 2584 2807 2326
f 2809 2807 2678
f 2812 2811 2813
f 2807 2808 2678
f 2325 2809 2324
f 2810 2809 2678
f 2812 2813 2678
f 2815 2810 2793
f 2678 2808 2812
f 3361 3368 3363
f 2808 2527 2812
f 2814 2527 2806
f 3368 3412 2811
f 2678 2813 2810
f 3386 2806 2479
f 2811 2812 2814
f 2525 2815 2793
f 2809 2815 2581
f 2587 3004 2914
f 2817 2816 2529
f 2817 2529 2921
f 2680 2817 2586
f 2529 2918 2919
f 2822 2823 2824
f 2825 2819 2585
f 2586 2821 2681
f 2822 2820 2818
f 2528 2819 2820
f 2818 2820 2821
f 2821 2820 2819
f 2922 2822 2818
f 2823 2999 2998
f 2804 2912 2803
f 2820 2824 2528
f 2822 2824 2820
f 2912 2824 2823
f 2331 2825 2330
f 2819 2825 2681
f 2999 3001 2911
f 2816 2587 2914
f 3007 3421 3174
f 2927 2827 3173
f 3435 3233 3232
f 2931 2829 2597
f 2702 2939 2829
f 3237 3168 3228
f 2607 2618 2945
f 2708 2831 2942
f 2708 2954 3012
f 2832 2943 2497
f 2496 2832 2497
f 2833 2832 2423
f 2712 2833 2423
f 2611 2711 2833
f 2835 2834 2542
f 2836 2834 2716
f 2613 2835 2542
f 2835 2444 3411
f 2839 2836 2716
f 2839 2841 2836
f 2839 2716 2840
f 2837 2842 2841
f 2830 2944 2708
f 2478 2836 2838
f 2840 2716 2410
f 2839 2837 2841
f 2840 2410 2950
f 2837 2839 2840
f 2837 2946 2842
f 2838 2841 2953
f 2946 3011 2842
f 2838 2953 2708
f 3137 3138 3014
f 2843 3137 2957
f 2727 2844 2345
f 2750 2844 2728
f 2549 3185 3277
f 2750 2728 2959
f 2631 2846 2390
f 2732 2846 2629
f 2747 2645 2847
f 2555 2847 2645
f 3197 2965 2849
f 2552 2636 2850
f 2848 3199 3198
f 2730 3015 2507
f 2634 2850 2636
f 2965 2850 2849
f 2849 2850 2851
f 2634 2851 2850
f 3419 2748 2555
f 2852 2848 3198
f 3145 2853 3336
f 2966 2853 2644
f 3310 3312 3336
f 2508 3330 3335
f 2966 3018 2855
f 2337 2968 2336
f 2859 2857 2858
f 2858 2856 2758
f 2827 3174 3173
f 2858 3414 2856
f 2859 2858 2758
f 2858 2857 3414
f 2758 2398 2970
f 2646 2556 2971
f 2511 2512 2861
f 2860 2760 2865
f 2467 2514 2862
f 2761 2760 2861
f 2863 2862 2513
f 2761 2861 2862
f 2560 2863 2513
f 2761 2863 2666
f 2972 2860 2865
f 2557 2972 2864
f 3022 2874 3032
f 2765 2867 2868
f 2866 2515 3075
f 2867 2866 2562
f 2868 2867 2650
f 2866 2867 2765
f 2864 2873 2878
f 2875 2869 2870
f 3028 3027 2973
f 2876 2515 2765
f 2871 2870 2868
f 2870 2869 2877
f 2868 2764 2878
f 2873 2879 2871
f 3026 3025 2869
f 3428 3043 3151
f 2879 2873 2865
f 2871 2868 2878
f 2874 2879 2760
f 3021 3022 2973
f 2879 2875 2871
f 3021 2875 2874
f 2877 2876 2870
f 2876 2872 3428
f 3026 2869 3021
f 2876 2877 2872
f 2864 2878 2764
f 2871 2878 2873
f 2760 2879 2865
f 2875 2879 2874
f 2866 2880 2562
f 2767 2880 2766
f 2773 2881 2516
f 2882 2881 2563
f 2898 2882 2653
f 2881 2882 2771
f 2881 2883 2563
f 2885 2773 2774
f 2516 3037 3034
f 3026 3021 2973
f 2883 2885 2654
f 2774 2667 2885
f 2888 2975 2886
f 2887 2886 2889
f 2572 2887 2575
f 2886 3068 2889
f 2886 2887 2888
f 2572 2888 2887
f 2977 2890 2893
f 2519 2887 2889
f 2895 2567 2892
f 2520 2573 2891
f 2895 2892 2890
f 2521 2891 2473
f 2473 2892 2522
f 2890 2892 2891
f 2977 2893 2472
f 2894 2890 2891
f 2893 2894 2889
f 2573 2894 2891
f 2977 2895 2890
f 2567 2895 2518
f 2778 2896 2729
f 2742 2896 2550
f 3059 2783 2564
f 3048 3038 3039
f 2653 2770 2898
f 2899 2898 2770
f 2899 2770 2775
f 2783 2899 2784
f 3095 3086 3079
f 3429 2787 2900
f 2742 2901 2780
f 2787 2901 2900
f 3077 3076 2982
f 3050 3053 3055
f 2903 2517 2906
f 2565 2789 2903
f 3089 3090 3083
f 2908 2725 2720
f 2905 2662 2565
f 2905 2904 2907
f 3112 2985 2986
f 2905 2906 2904
f 2904 2984 2907
f 2907 2984 2988
f 2905 2907 2908
f 2725 2908 2907
f 2909 2803 2910
f 2805 2909 2806
f 2912 2998 2803
f 2994 2910 2991
f 3162 3001 2999
f 2991 2911 2993
f 2912 2804 2802
f 2998 2912 2823
f 2335 3017 2683
f 2816 2914 2529
f 2915 2913 3143
f 2915 2914 2913
f 3247 3147 3246
f 3222 3221 2915
f 3148 2826 3019
f 3164 2829 2939
f 2922 2480 2822
f 2914 2918 2529
f 2915 2826 3222
f 2918 2917 2919
f 2919 2917 2923
f 2817 2921 2818
f 2924 2923 2917
f 3115 3113 3116
f 2529 2919 2921
f 2919 2923 2922
f 2922 2920 3162
f 2818 2921 2922
f 3223 2917 3221
f 2922 2923 2920
f 3129 3003 3000
f 2920 2923 2924
f 2688 3006 2926
f 2935 2932 2597
f 2932 2691 2598
f 2926 2932 2934
f 2698 2927 2556
f 2695 2927 2692
f 2929 2928 2602
f 2939 2928 2828
f 2602 2704 2930
f 3238 2929 2414
f 2930 2703 3262
f 2602 2930 2929
f 2932 2931 2597
f 2598 2829 2931
f 2935 2934 2932
f 2932 2926 2691
f 3133 2935 3167
f 2936 2933 2938
f 2936 2934 2933
f 2925 2926 2934
f 3164 2597 2829
f 2933 2934 2935
f 3172 3133 3134
f 2925 2936 2510
f 2937 3171 3456
f 2936 2938 2510
f 2935 3133 2933
f 2938 2937 3135
f 2928 2939 2702
f 3130 3163 3131
f 2609 2940 2608
f 2945 2940 2607
f 2486 2608 2941
f 2608 2940 2942
f 2708 2942 2830
f 2831 2941 2942
f 2941 2943 2711
f 2943 2831 3012
f 2830 2940 2945
f 2838 2708 2944
f 2478 2838 2945
f 2944 2945 2838
f 2837 2950 2949
f 2796 2946 2948
f 2950 2951 2947
f 3009 3008 2477
f 2949 2948 2946
f 3010 2947 3009
f 2950 2837 2840
f 2948 2949 2947
f 2951 2950 2410
f 2949 2950 2947
f 2951 2410 3411
f 2670 2477 3008
f 3351 3353 3348
f 2910 2994 3357
f 2841 2842 2953
f 2842 3011 2954
f 2708 2953 2954
f 2954 2953 2842
f 3138 2955 2721
f 2958 2955 2843
f 2984 2904 3112
f 3091 3080 3092
f 2505 3180 3193
f 2548 2623 2958
f 2958 2957 2548
f 2724 2958 2621
f 2960 3280 3279
f 2963 2962 2749
f 3277 3274 3243
f 3297 3331 3330
f 3282 2959 2845
f 3296 2961 3280
f 2963 2749 2750
f 2962 2961 3308
f 2963 2959 3282
f 2962 2963 2961
f 3196 2625 3191
f 2959 2964 2845
f 2965 3015 2552
f 3198 3199 3242
f 2853 2966 2755
f 3018 2966 2644
f 3018 3019 2967
f 3004 3020 2913
f 2969 2968 2337
f 3142 2968 2855
f 2755 2969 2756
f 2968 2969 2855
f 2759 2970 2399
f 2758 2970 2859
f 3417 2971 2556
f 2857 2859 2971
f 2860 2972 2557
f 2873 2972 2865
f 3028 3029 3071
f 3026 3027 3150
f 3034 2773 2516
f 2975 2974 3067
f 2774 2975 2888
f 2975 3067 2976
f 3030 3047 3150
f 2889 3068 2472
f 3070 3071 3072
f 2978 2664 2665
f 2568 2978 2665
f 2472 3069 3070
f 2980 2979 2771
f 2979 2897 3038
f 2898 2980 2771
f 2980 2783 3059
f 3154 2981 2506
f 2901 2981 2900
f 2561 2767 3077
f 3076 3153 2982
f 3043 3428 3042
f 3076 2902 3153
f 3112 2904 2987
f 2988 2984 2721
f 2904 2906 2987
f 3154 3086 3095
f 3078 2986 2985
f 3139 3014 3138
f 2517 3105 2906
f 3099 3107 2785
f 2955 2988 2721
f 2725 2988 2723
f 2806 2989 2479
f 2909 2910 2989
f 3324 2995 2997
f 3352 2952 3367
f 2998 2991 2803
f 2911 3002 2993
f 3354 3357 3359
f 2993 2994 2991
f 2911 3001 3002
f 2993 2992 2994
f 2996 2994 2992
f 2990 3365 3359
f 3321 3325 2412
f 2412 3123 3321
f 2992 3113 2997
f 2996 2995 3359
f 2995 2996 2997
f 2992 2997 2996
f 2999 2823 2480
f 2991 2998 2911
f 2920 3129 3162
f 2911 2998 2999
f 2920 2924 3003
f 3002 2992 2993
f 3162 2999 2480
f 3000 3002 3001
f 3118 3116 3000
f 2997 3113 2412
f 2916 3120 2924
f 3118 3114 3116
f 3020 3004 2683
f 2914 3004 2913
f 3225 3287 2916
f 3133 3249 3134
f 3006 2688 2689
f 2690 2926 3006
f 2466 3399 3406
f 2857 3416 3414
f 2477 2794 3009
f 2947 2951 3008
f 2795 2798 3010
f 2947 3008 3009
f 2947 3010 2948
f 3010 3009 2795
f 3367 2796 3366
f 2954 3011 2952
f 2416 3455 3012
f 2708 3012 2831
f 3398 3384 3348
f 3012 3013 2416
f 2843 2955 3138
f 3177 3140 3176
f 2552 3015 2730
f 3158 3015 2965
f 3199 3201 3202
f 3104 3087 3088
f 2335 2336 3017
f 3142 3017 2336
f 3019 3018 2644
f 3142 2967 3017
f 2853 3145 2644
f 3019 3144 3148
f 3017 3020 2683
f 3143 2967 3019
f 2875 3021 2869
f 3022 3021 2874
f 3032 2874 2760
f 2647 2973 3022
f 3069 2472 3068
f 2976 3067 3149
f 2884 3036 3041
f 2877 3025 2872
f 2869 3025 2877
f 3044 3046 3041
f 3027 3026 2973
f 3024 3025 3026
f 3028 2973 2647
f 3027 3023 3030
f 3028 2647 3029
f 3023 3027 3028
f 3031 3029 2647
f 2978 3029 2664
f 3069 3068 2976
f 3030 2884 3047
f 3032 3031 2647
f 2664 3031 2761
f 3022 3032 2647
f 2761 3032 2760
f 3034 3033 2773
f 2975 3033 2974
f 3037 2516 3038
f 2974 3034 3036
f 3042 2872 3025
f 3036 2884 3067
f 3037 3036 3034
f 3036 3037 3041
f 2516 2979 3038
f 3037 3035 3041
f 3039 3038 2897
f 3035 3037 3038
f 3054 3057 3058
f 2471 3045 3048
f 3040 3044 3045
f 3043 3049 3056
f 3044 3041 3035
f 3047 3041 3046
f 3046 3025 3024
f 3042 3040 3043
f 3040 3045 3049
f 3075 3151 2983
f 3045 3044 3035
f 3046 3044 3040
f 3048 3045 3035
f 3045 2471 3049
f 3042 3046 3040
f 3046 3024 3047
f 3047 3024 3150
f 2884 3041 3047
f 3038 3048 3035
f 3048 3039 3057
f 3050 3049 2471
f 3040 3049 3043
f 3053 3050 2471
f 3052 3050 2902
f 3053 2471 3057
f 3061 3055 3051
f 3076 3052 2902
f 3151 3056 3052
f 2471 3048 3057
f 3053 3051 3055
f 3058 3039 2897
f 3054 3060 3063
f 3051 3064 3061
f 3055 3061 3106
f 3050 3056 3049
f 3151 3052 2983
f 3058 3057 3039
f 3053 3057 3054
f 2897 3059 3058
f 3066 3059 2564
f 3059 2897 2980
f 2786 3066 2787
f 3054 3058 3060
f 3066 3058 3059
f 3102 3099 2785
f 3098 2517 3106
f 3062 2517 3152
f 3055 3062 3153
f 3060 2786 3065
f 3060 3065 3063
f 3061 3064 2785
f 3051 3063 3064
f 2785 3064 3065
f 3065 3064 3063
f 2787 3066 2564
f 3058 3066 3060
f 3036 3067 2974
f 3149 3067 2884
f 2886 2976 3068
f 3149 3069 2976
f 3030 3023 3069
f 3069 3023 3070
f 3028 3071 3023
f 2472 3070 3072
f 3029 2978 3071
f 3072 3071 2978
f 3073 3072 2978
f 3072 2977 2472
f 3072 3073 2977
f 2568 3073 2978
f 2788 3074 2789
f 2561 2982 3074
f 3151 3075 2515
f 3077 3075 2983
f 3077 2982 2561
f 3052 3076 2983
f 3075 3077 2766
f 3076 3077 2983
f 2985 3089 3080
f 3078 2985 3080
f 2506 2739 3085
f 3091 2956 3078
f 3089 2985 3090
f 3080 3079 3092
f 3082 2734 2740
f 3082 2737 3103
f 2740 2737 3082
f 3088 3103 2737
f 3083 3102 3095
f 3089 3101 3080
f 3079 3093 3092
f 2956 3177 3176
f 2739 2734 3094
f 3081 3093 3086
f 3079 3101 3095
f 2506 3085 3086
f 3088 2737 2744
f 3104 3157 3111
f 2744 2507 3088
f 3158 2507 3015
f 3090 2985 2987
f 3083 3095 3101
f 3098 3090 2987
f 3107 3098 3106
f 3080 3091 3078
f 3177 3091 3084
f 3079 3086 3093
f 3091 3092 3084
f 3082 3096 3081
f 2465 3179 3100
f 3081 3094 3082
f 2739 3094 3085
f 3083 3099 3102
f 3095 3102 3154
f 3087 3108 3100
f 3093 3081 3096
f 3184 3180 3178
f 3108 2465 3100
f 2987 3105 3098
f 3106 2517 3062
f 3083 3090 3099
f 3107 3090 3098
f 3093 3096 3100
f 3087 3100 3096
f 3080 3101 3079
f 3083 3101 3089
f 3102 2785 3065
f 3102 3429 3154
f 3087 3096 3103
f 3082 3103 3096
f 3157 3088 2507
f 3109 3108 3155
f 2906 3105 2987
f 2517 3098 3105
f 3055 3106 3062
f 3107 3106 3061
f 2785 3107 3061
f 3090 3107 3099
f 3104 3155 3087
f 3155 3097 3109
f 3183 3195 3207
f 2505 3175 3180
f 3158 3141 3216
f 3205 3208 3016
f 3157 3104 3088
f 3208 3111 3110
f 3112 2986 2984
f 2987 2985 3112
f 2992 3002 3113
f 3116 3114 3115
f 3122 3120 2916
f 3233 3117 3126
f 3116 3113 3002
f 3124 3119 3123
f 3002 3000 3116
f 3118 3000 3003
f 3323 3126 3117
f 3300 3267 3268
f 3120 3003 2924
f 3120 3118 3003
f 3115 3124 3123
f 3289 3294 3317
f 3284 3287 3224
f 3120 3122 3125
f 3256 3230 3005
f 3118 3120 3125
f 3223 2924 2917
f 3118 3125 3114
f 3124 3115 3114
f 3321 3119 3319
f 3114 3125 3161
f 3119 3124 3126
f 3160 3122 3286
f 3128 3126 3124
f 3128 3124 3161
f 3235 3234 3127
f 3122 3160 3125
f 3236 3229 3273
f 3161 3124 3114
f 3128 3127 3234
f 3000 3001 3162
f 2920 3003 3129
f 2939 3131 3164
f 3253 2937 3169
f 2828 3237 2939
f 3237 3238 3168
f 3167 3165 3132
f 3172 2938 2933
f 3167 2935 2597
f 3132 3249 3133
f 3165 3130 3250
f 2937 2938 3169
f 3423 3135 2937
f 2510 3135 3007
f 3421 3007 3422
f 3173 3417 2556
f 2957 3137 2505
f 3138 3137 2843
f 2721 2986 3138
f 2986 3078 3139
f 3078 2956 3139
f 3014 3139 2956
f 3214 3109 3097
f 3188 3181 3140
f 3141 3197 3198
f 3016 3208 3216
f 2968 3142 2336
f 3018 3142 2855
f 2915 3143 2826
f 3020 3143 2913
f 3146 3144 3145
f 3148 2554 3147
f 3336 2853 2753
f 3146 3145 2854
f 3312 3441 2854
f 3148 3146 2554
f 3246 3147 2554
f 2917 2918 3221
f 3148 3144 3146
f 2826 3148 3147
f 2884 3030 3149
f 3069 3149 3030
f 3026 3150 3024
f 3027 3030 3150
f 3428 3151 2515
f 3056 3151 3043
f 2903 3152 2517
f 2982 3152 2789
f 3055 3153 2902
f 3152 3153 3062
f 2981 3154 2900
f 3086 3154 2506
f 3087 3155 3108
f 3097 3155 3104
f 3204 3205 3016
f 3016 3202 3204
f 3158 3157 2507
f 3111 3157 3110
f 3158 2965 3197
f 3157 3158 3110
f 2854 3441 3439
f 3236 3121 3285
f 3160 3121 3235
f 3161 3160 3127
f 3160 3161 3125
f 3128 3161 3127
f 3162 2480 2922
f 3000 3162 3129
f 3165 3163 3130
f 3167 3132 3133
f 3131 3163 3164
f 2597 3164 3163
f 3130 3230 3256
f 3130 3166 3250
f 3299 3314 3005
f 3250 3132 3165
f 2597 3163 3167
f 3167 3163 3165
f 3261 3257 2414
f 3130 3131 3228
f 3255 3253 3252
f 3253 3134 3252
f 3255 3254 3170
f 3453 3443 3440
f 2466 3389 3388
f 2466 3406 3456
f 3133 3172 2933
f 3169 3172 3134
f 3174 2827 2510
f 3417 3136 3416
f 3007 3174 2510
f 3136 3173 3174
f 3176 3014 2956
f 3181 3180 3175
f 3091 3177 2956
f 3140 3175 3176
f 3179 3084 3100
f 3179 3189 3177
f 3188 3240 3181
f 3185 3178 3190
f 3189 3179 2465
f 3084 3179 3177
f 3181 3175 3140
f 3182 3184 3185
f 3188 3189 3183
f 3178 3180 3181
f 3191 2625 3192
f 3194 2622 3239
f 3109 3214 3207
f 3215 3156 3241
f 3185 3184 3178
f 3182 3194 3193
f 3178 3240 3190
f 3185 2549 3191
f 2622 2624 3239
f 3186 3182 3191
f 3193 2957 2505
f 3186 3194 3182
f 3189 3188 3140
f 3188 3183 3240
f 3177 3189 3140
f 2465 3109 3195
f 3243 3274 3275
f 3185 3190 3277
f 3185 3191 3182
f 3196 3191 2549
f 2726 3186 3192
f 3191 3192 3186
f 3184 3193 3180
f 2957 3193 3187
f 2622 3194 3186
f 3193 3194 3187
f 3183 3189 3195
f 2465 3195 3189
f 3196 2549 3283
f 2964 3196 2845
f 3198 3197 2849
f 3158 3197 3141
f 2852 3198 2849
f 3418 3199 2848
f 3201 3199 2509
f 3242 3016 3216
f 3424 3410 3409
f 3283 3278 3281
f 3201 2509 3405
f 3202 3201 3200
f 3204 3202 3200
f 3202 3016 3242
f 3403 3430 3217
f 3214 3097 3244
f 3213 3203 3218
f 3204 3203 3205
f 3209 3205 3203
f 3244 3205 3209
f 3206 3209 3210
f 3206 3215 3207
f 3109 3207 3195
f 3206 3210 3215
f 3111 3208 3097
f 3216 3208 3110
f 3210 3209 3203
f 3206 3214 3244
f 3212 3275 3213
f 3210 3156 3215
f 3200 3219 3204
f 3297 3330 2508
f 3213 3210 3203
f 3243 3275 3295
f 3204 3219 3218
f 3212 3213 3430
f 3244 3097 3208
f 3206 3207 3214
f 3156 3274 3241
f 3183 3207 3215
f 3158 3216 3110
f 3216 3141 3242
f 3387 3406 3399
f 3407 3402 3400
f 3204 3218 3203
f 3430 3218 3217
f 3404 3219 3200
f 3218 3219 3217
f 3222 3247 3220
f 3220 3224 3223
f 3221 2918 2915
f 3221 3220 3223
f 3147 3222 2826
f 3220 3221 3222
f 3248 3220 3247
f 2916 2924 3223
f 3248 3284 3224
f 2916 3223 3225
f 3223 3224 3225
f 3245 3286 3287
f 3441 3442 3438
f 3159 3284 3248
f 3227 3250 3288
f 3254 3255 3252
f 3228 3168 3231
f 3130 3228 3230
f 3257 3231 3168
f 3234 3235 3273
f 3272 3230 3228
f 3272 3271 3230
f 3168 3238 3257
f 3231 3229 3271
f 3126 3234 3233
f 3434 3231 3257
f 3126 3128 3234
f 3233 3435 3264
f 3127 3160 3235
f 3232 3233 3234
f 3236 3235 3121
f 3235 3236 3273
f 3121 3286 3285
f 3299 3230 3271
f 2939 3237 3131
f 3238 3237 2828
f 2929 3238 2828
f 3257 3238 2414
f 2548 3187 3239
f 3194 3239 3187
f 3240 3178 3181
f 3215 3240 3183
f 3190 3240 3241
f 3215 3241 3240
f 3198 3242 3141
f 3202 3242 3199
f 3334 3295 3211
f 3274 3277 3190
f 3205 3244 3208
f 3206 3244 3209
f 3315 3285 3245
f 3286 3121 3160
f 3437 3246 2554
f 3248 3247 3226
f 3147 3247 3222
f 3226 3247 3246
f 3220 3248 3224
f 3436 3248 3226
f 3250 3249 3132
f 3252 3249 3227
f 3288 3250 3166
f 3250 3227 3249
f 3166 3256 3431
f 3251 3431 3432
f 3249 3252 3134
f 3252 3227 3254
f 2937 3253 3171
f 3134 3253 3169
f 3288 3254 3227
f 3451 3254 3251
f 3389 3255 3170
f 3253 3255 3171
f 3431 3256 3005
f 3130 3256 3166
f 3261 3262 3259
f 3265 3434 3261
f 3300 3290 3267
f 3263 3433 3434
f 3260 2706 2501
f 3259 3258 3261
f 3260 2436 3270
f 3258 3259 3260
f 3261 2414 3262
f 3265 3261 3258
f 3262 2414 2929
f 2703 3259 3262
f 3233 3264 3117
f 3263 3435 3433
f 3266 3263 3265
f 3266 3264 3435
f 3265 3258 3266
f 3265 3263 3434
f 3258 3260 3270
f 3258 3267 3266
f 3268 2436 2500
f 3267 3270 3268
f 2464 3292 2460
f 3290 3264 3266
f 3294 3269 3301
f 3294 3329 3317
f 3268 3270 2436
f 3258 3270 3267
f 3229 3236 3271
f 3236 3285 3299
f 3228 3231 3272
f 3271 3272 3231
f 3433 3273 3229
f 3234 3273 3232
f 3241 3274 3190
f 3275 3274 3156
f 3210 3275 3156
f 3295 3275 3212
f 3375 3332 3334
f 3276 3279 3278
f 3278 3243 3295
f 3277 3243 3278
f 3276 3332 3279
f 3283 2549 3277
f 2960 3296 3280
f 3281 3279 3280
f 2961 2963 3282
f 3280 3282 3281
f 2845 3196 3283
f 3278 3279 3281
f 3281 3282 2845
f 3282 3280 2961
f 3278 3283 3277
f 3283 3281 2845
f 3298 3284 3159
f 3287 3284 3245
f 3284 3298 3315
f 3285 3314 3299
f 3287 3286 3122
f 3285 3286 3245
f 2916 3287 3122
f 3224 3287 3225
f 3431 3288 3166
f 3254 3288 3251
f 3293 3269 3294
f 3290 3322 3264
f 3267 3290 3266
f 3322 3290 3289
f 3292 2451 2460
f 3293 3291 3269
f 3269 3291 3292
f 2451 3292 3291
f 3301 3269 3302
f 3293 3289 3300
f 3303 3329 3294
f 3289 3293 3294
f 3211 3295 3212
f 3278 3295 3276
f 3296 2960 3297
f 2961 3296 3308
f 3332 3331 2960
f 3306 3297 2508
f 3338 3298 3159
f 3431 3251 3288
f 3230 3299 3005
f 3236 3299 3271
f 3293 3300 3268
f 3290 3300 3289
f 3346 3301 2429
f 3303 3301 3346
f 3292 3302 3269
f 2429 3302 2464
f 3329 3303 2419
f 3294 3301 3303
f 3324 3327 2995
f 3319 3323 3318
f 3372 3305 3374
f 3330 3372 3335
f 3313 3306 3378
f 2553 2640 3307
f 2962 3308 2638
f 3297 3306 3307
f 3297 3308 3296
f 3308 3307 2638
f 3312 2854 3336
f 3310 2753 2754
f 2639 3310 2754
f 3310 3309 3312
f 2553 3311 2643
f 3310 3311 3309
f 3377 3378 3337
f 3335 3379 2508
f 3378 3306 2508
f 3309 3311 3313
f 3315 3314 3285
f 3314 3298 3432
f 3284 3315 3245
f 3314 3315 3298
f 3436 3159 3248
f 3338 3436 3316
f 3304 3318 3317
f 3322 3117 3264
f 3319 3318 3304
f 3322 3318 3117
f 3339 3321 3319
f 3119 3126 3323
f 3339 3304 3340
f 3342 3340 2419
f 3119 3321 3123
f 3339 3319 3304
f 3289 3317 3322
f 3322 3317 3318
f 3318 3323 3117
f 3119 3323 3319
f 3324 2997 2412
f 3325 3328 3324
f 3328 3325 3320
f 2412 3325 3324
f 3344 3347 3342
f 3358 3398 3348
f 3328 3327 3324
f 3326 2990 3327
f 3381 3320 3344
f 3327 3328 3326
f 3329 2419 3340
f 3317 3329 3304
f 3331 3297 2960
f 3335 3372 3333
f 2960 3279 3332
f 3305 3330 3331
f 3334 3332 3276
f 3305 3331 3332
f 3388 3333 3376
f 3446 3453 3448
f 3295 3334 3276
f 3334 3211 3375
f 3372 3330 3305
f 3377 3312 3309
f 3145 3336 2854
f 3310 3336 2753
f 3379 3335 3380
f 3379 3380 3337
f 3436 3338 3159
f 3432 3338 3316
f 3304 3329 3340
f 3325 3339 3320
f 3393 3394 3395
f 3339 3340 3347
f 2416 3349 3385
f 3347 3340 3342
f 2419 3346 3345
f 3342 3341 3344
f 2429 3396 3346
f 3395 2438 3393
f 3355 3358 3348
f 3381 3328 3320
f 2419 3303 3346
f 3345 3343 3394
f 3396 2429 2461
f 3345 3346 3343
f 3344 3320 3347
f 3339 3347 3320
f 3355 3348 3353
f 3358 3355 3326
f 2952 3352 3013
f 3350 3351 3352
f 3362 3366 2797
f 2798 3362 2797
f 3352 3351 3349
f 3353 3351 3350
f 3013 3352 3349
f 3367 3011 2796
f 3356 3353 3350
f 3353 2990 3355
f 2811 3363 3368
f 2910 3357 2479
f 2990 3326 3355
f 3358 3326 3381
f 3361 3369 3364
f 3354 3359 3365
f 2994 2996 3359
f 3360 3357 3354
f 3344 3341 3382
f 3382 3341 3383
f 3359 3357 2994
f 2995 2990 3359
f 3364 3369 3354
f 2479 3357 3360
f 3364 3354 3356
f 2796 2797 3366
f 2675 3362 2798
f 3361 3364 3370
f 3386 2814 2806
f 3369 2479 3360
f 3356 3350 3364
f 3371 3370 3350
f 3353 3365 2990
f 3354 3365 3356
f 3370 3366 3362
f 3371 3352 3367
f 3011 3367 2952
f 3371 3367 3366
f 3362 3368 3361
f 3368 2675 3412
f 3369 3360 3354
f 3361 3363 3369
f 3361 3370 3362
f 3350 3370 3364
f 3370 3371 3366
f 3352 3371 3350
f 3375 3373 3374
f 3374 3376 3372
f 3403 3217 3400
f 3376 3333 3372
f 3375 3374 3305
f 3374 3373 3376
f 3375 3305 3332
f 3375 3211 3403
f 3402 3399 3376
f 3376 3399 3388
f 3378 3377 3309
f 3337 3442 3444
f 3313 3378 3309
f 3378 2508 3379
f 3380 3335 3333
f 3378 3379 3337
f 3391 3333 3388
f 3380 3333 3391
f 3328 3381 3326
f 3382 3381 3344
f 3341 3393 3383
f 3381 3382 3358
f 3383 3454 3384
f 3358 3382 3383
f 3384 3385 3348
f 3397 3454 3383
f 3348 3385 3349
f 3384 3454 3455
f 3369 3386 2479
f 2814 3386 3363
f 3400 3217 3404
f 3408 3404 3200
f 2466 3457 3389
f 3391 3388 3392
f 3255 3389 3171
f 3390 3450 3449
f 3451 3251 3452
f 3447 3440 3437
f 3392 3388 3389
f 3391 3390 3445
f 3450 3389 3170
f 3390 3391 3392
f 3394 3393 3341
f 3393 2438 2494
f 3394 3341 3342
f 3394 3343 3395
f 3396 3395 3343
f 2495 3395 2455
f 3346 3396 3343
f 2455 3396 2461
f 3397 2492 3454
f 3383 3393 3397
f 3358 3383 3398
f 3384 3398 3383
f 3388 3399 2466
f 3402 3376 3373
f 3400 3402 3403
f 3217 3219 3404
f 3404 3407 3400
f 3425 3423 3401
f 3399 3402 3387
f 3403 3402 3373
f 3375 3403 3373
f 3403 3211 3430
f 3201 3405 3408
f 3407 3387 3402
f 3405 2509 3410
f 3426 3407 3404
f 3407 3406 3387
f 3456 3406 3401
f 3404 3408 3426
f 3406 3407 3401
f 3201 3408 3200
f 3426 3408 3405
f 3418 3413 3415
f 3421 3422 3420
f 2509 3418 3415
f 3424 3409 3422
f 2672 3411 2444
f 3411 2674 2670
f 2810 3412 2793
f 2811 3412 2813
f 2856 3414 2555
f 3410 3415 3409
f 2857 2971 3417
f 2555 3414 3413
f 2509 3415 3410
f 3427 3413 3414
f 3136 3420 3416
f 3427 3409 3415
f 3136 3417 3173
f 2857 3417 3416
f 3199 3418 2509
f 3419 3418 2848
f 2852 3419 2848
f 2555 3413 3419
f 3421 3420 3136
f 3409 3416 3420
f 3174 3421 3136
f 3007 3135 3423
f 3410 3424 3405
f 3420 3422 3409
f 3423 2937 3456
f 3007 3423 3422
f 3422 3425 3424
f 3425 3407 3426
f 3423 3425 3422
f 3407 3425 3401
f 3405 3424 3426
f 3425 3426 3424
f 3413 3427 3415
f 3414 3416 3427
f 2876 3428 2515
f 3042 3428 2872
f 3154 3429 2900
f 3065 3429 3102
f 3212 3430 3211
f 3218 3430 3213
f 3314 3431 3005
f 3298 3338 3432
f 3432 3316 3452
f 3432 3431 3314
f 3273 3433 3232
f 3434 3433 3229
f 3231 3434 3229
f 3257 3261 3434
f 3433 3435 3232
f 3266 3435 3263
f 3437 3226 3246
f 3436 3226 3437
f 3439 2554 3146
f 3443 3437 3440
f 3444 3442 3441
f 3442 3380 3445
f 2854 3439 3146
f 3448 3447 3438
f 3445 3446 3448
f 3316 3436 3443
f 3312 3377 3444
f 3438 3439 3441
f 3337 3380 3442
f 3380 3391 3445
f 3437 3443 3436
f 3440 3448 3453
f 3312 3444 3441
f 3337 3444 3377
f 3445 3390 3446
f 3438 3442 3445
f 3449 3446 3390
f 3451 3452 3449
f 2554 3447 3437
f 3438 3447 3439
f 3447 3448 3440
f 3445 3448 3438
f 3450 3390 3392
f 3451 3449 3170
f 3389 3450 3392
f 3170 3449 3450
f 3254 3451 3170
f 3251 3432 3452
f 3453 3316 3443
f 3452 3453 3449
f 3449 3453 3446
f 3453 3452 3316
f 2496 3454 2492
f 3454 2497 3455
f 3012 3455 2497
f 3385 3455 2416
f 3171 3389 3457
f 3423 3456 3401
f 2466 3456 3457
f 3171 3457 3456
f 3603 3583 3589
f 3497 3487 3481
f 3751 3680 3748
f 2391 3748 3752
f 3779 3782 3700
f 3522 3461 3462
f 3779 3784 2386
f 4267 4122 4155
f 3779 2386 2385
f 3739 3744 3658
f 3957 3829 3951
f 2386 3784 2387
f 3825 3823 4095
f 1191 3730 1190
f 2397 2396 4038
f 2332 2331 3540
f 3641 3724 3937
f 3841 3478 3664
f 4113 4114 4115
f 1182 1183 3479
f 3938 4094 3642
f 3553 3555 3615
f 2393 3853 3854
f 1184 3612 1183
f 3516 3499 3515
f 3941 4033 4093
f 2392 2391 3752
f 3512 3496 3486
f 3469 3558 2375
f 3496 3532 2319
f 2376 2375 3558
f 3511 3530 2321
f 3692 3624 3689
f 2334 2333 3609
f 3691 3470 3769
f 3599 3526 3507
f 3697 3770 3768
f 3502 3520 3503
f 3523 3505 3663
f 3624 3623 3686
f 3529 3545 3540
f 3473 3774 3472
f 2381 2380 3764
f 3504 3491 3575
f 3787 2383 3786
f 3586 3598 3651
f 4008 4012 3788
f 3604 1184 1185
f 3686 2378 2377
f 3487 3513 2317
f 2379 3767 2380
f 3534 2329 2328
f 2379 2378 3766
f 3522 3516 3461
f 3600 3483 3572
f 3766 3767 2379
f 4058 4061 3850
f 4518 3533 3489
f 3488 3514 3481
f 2392 3750 3853
f 3709 3712 3634
f 3502 3491 3504
f 3707 3633 3706
f 3657 3599 3507
f 4341 4410 3561
f 3510 3511 3495
f 3818 3824 3938
f 3520 3521 3503
f 2403 3815 2404
f 4057 4055 4056
f 2402 2401 3817
f 3488 3515 3514
f 3747 3981 3843
f 4015 3795 4014
f 2409 3562 109
f 3506 3524 3467
f 3496 3497 3486
f 3631 3632 3633
f 3562 1200 109
f 3516 3460 3461
f 3597 3595 3593
f 3632 3703 1200
f 3618 3616 3617
f 3821 3818 4029
f 1198 3705 1197
f 3586 3651 3584
f 1200 3562 3632
f 3465 3521 3464
f 3568 3956 4117
f 3585 3584 3574
f 3612 3479 1183
f 1197 3922 1196
f 3538 2333 2332
f 4509 4505 4506
f 1194 3831 1193
f 3519 3535 3552
f 3515 3488 3459
f 3965 3723 1189
f 4492 3533 3516
f 1186 1187 3639
f 3664 3662 3663
f 3495 3590 3588
f 3949 3950 3829
f 3519 3552 3553
f 3502 3522 3462
f 3505 3537 3663
f 3507 3607 3493
f 3506 3505 3524
f 3523 3484 3492
f 3523 3524 3505
f 3516 3522 3504
f 3537 3505 3506
f 2331 3539 3540
f 3468 1182 3479
f 2325 3535 3544
f 3506 3468 3479
f 3604 1185 3606
f 3531 3530 3510
f 1196 3833 1195
f 4492 3516 3504
f 3731 3831 3832
f 3499 3516 3533
f 3687 3766 3686
f 3547 3510 3548
f 3613 3843 3614
f 3484 3601 3492
f 3564 3637 3719
f 3514 3515 3499
f 3564 3477 2365
f 3714 3635 3713
f 2364 3564 2365
f 3677 3614 3518
f 2362 3716 2363
f 2318 2317 3513
f 3516 3515 3460
f 3718 2364 2363
f 3529 3676 3545
f 3716 3717 3636
f 2360 2359 3892
f 3520 3463 3464
f 3883 3884 3886
f 3467 3468 3506
f 3532 3512 3511
f 3890 3776 3889
f 3698 3775 3997
f 3572 3503 3600
f 3898 3897 2353
f 3536 3544 3535
f 3527 2335 2334
f 3778 3896 3899
f 3530 3531 2322
f 3776 3997 3775
f 3521 3520 3464
f 3855 2353 2352
f 3755 3759 2350
f 3539 2331 2330
f 3915 3917 3913
f 3524 3466 3467
f 3981 3610 3677
f 3755 2350 2349
f 2391 2390 3748
f 3533 4518 3499
f 2344 3947 3866
f 3515 3459 3460
f 3574 3575 3572
f 3762 3763 3684
f 2316 2315 3498
f 3762 3862 3760
f 2342 2341 3975
f 3488 3481 3498
f 3837 2341 2340
f 3570 4166 4162
f 3498 3481 3487
f 3975 3733 3976
f 2338 3661 3973
f 3492 3524 3523
f 3660 3599 3659
f 3579 3574 3483
f 3543 2323 3531
f 3736 3599 3660
f 3504 3522 3502
f 3837 3838 3733
f 3513 3497 3496
f 3947 2344 2343
f 3527 3526 2335
f 3599 2337 2336
f 3526 2336 2335
f 1198 1199 3702
f 3607 3507 3527
f 3502 3462 3463
f 3517 3542 3550
f 3609 3667 3608
f 3528 3668 3667
f 3609 3608 3527
f 3843 3518 3614
f 3611 2330 2329
f 3458 3498 2315
f 3674 3508 3672
f 3527 3507 3526
f 3517 3500 3542
f 3612 3525 3537
f 3491 3502 3503
f 3671 3672 3668
f 3465 3466 3492
f 3543 3531 3549
f 3521 3600 3503
f 3720 3605 3721
f 3458 3459 3488
f 3517 3536 3500
f 3487 3497 3513
f 3656 3481 4518
f 4518 3598 3595
f 3463 3520 3502
f 3531 3510 3547
f 4176 4183 4192
f 3526 3599 2336
f 2325 2324 3535
f 3677 3611 3534
f 3531 2323 2322
f 3611 3539 2330
f 2320 2319 3532
f 3530 2322 2321
f 2320 3511 2321
f 3540 3538 2332
f 3465 3492 3521
f 3479 3612 3506
f 3662 3484 3663
f 3511 3510 3530
f 3609 3538 3528
f 3532 3511 2320
f 3662 3478 3602
f 3487 2316 3498
f 3614 3677 3534
f 2314 3458 2315
f 3509 4056 3545
f 3498 3458 3488
f 3496 2319 2318
f 3517 2326 3544
f 3543 3535 2324
f 2318 3513 3496
f 3535 3519 3536
f 3487 2317 2316
f 3532 3496 3512
f 2324 2323 3543
f 3556 3555 3553
f 2326 3517 2327
f 3524 3492 3466
f 3511 3512 3495
f 3540 3539 3529
f 3475 3796 3713
f 3538 3540 3528
f 2328 2327 3550
f 3541 3547 3548
f 3542 3500 3678
f 3550 3534 2328
f 3531 3547 3549
f 3535 3543 3552
f 2325 3544 2326
f 3536 3517 3544
f 3983 3494 4055
f 3540 3545 3669
f 3671 3668 3546
f 3546 3668 3669
f 3548 3510 3495
f 3547 3541 3549
f 3594 3588 3592
f 4492 3573 3651
f 3541 3551 3549
f 3552 3549 3553
f 3517 3550 2327
f 3550 3542 3614
f 3541 3587 3582
f 3551 3501 3553
f 3543 3549 3552
f 3549 3551 3553
f 3556 3553 3501
f 3536 3519 3615
f 4406 4407 4319
f 3554 4402 4403
f 3616 3555 3554
f 3615 3618 3536
f 3501 4405 3556
f 3555 3556 3554
f 3756 3762 3857
f 3861 3858 3621
f 3469 3470 3689
f 2376 3690 3688
f 3475 3713 3474
f 2359 2358 3775
f 2356 2355 3895
f 2383 2382 3786
f 3709 2407 2406
f 4155 3494 3983
f 3632 3562 3633
f 4411 3702 3703
f 3810 3894 3717
f 3882 3693 3694
f 3716 3637 3718
f 3718 3564 2364
f 3814 3811 3722
f 3723 1188 1189
f 3939 3822 3824
f 4295 3566 4092
f 4039 4036 3944
f 4067 4066 4064
f 4319 4317 4314
f 3812 3565 3720
f 3704 3791 3922
f 4420 4429 4435
f 4288 4161 4233
f 4130 4127 4125
f 3659 3658 3571
f 4051 3648 3733
f 3572 3483 3574
f 3491 3503 3572
f 3575 3574 3573
f 3584 3573 3574
f 4495 4509 3583
f 3587 3541 3548
f 3575 3573 4492
f 3572 3575 3491
f 4044 4153 4560
f 3582 3551 3541
f 3579 3483 3589
f 3735 3578 3655
f 3581 3587 3588
f 3650 3578 3979
f 3603 3589 3483
f 3584 3585 3580
f 4509 4506 3577
f 3655 3588 3594
f 3548 3588 3587
f 3551 3582 3501
f 3650 3581 3655
f 3582 3581 3650
f 3666 3478 4494
f 3579 3589 3577
f 3585 3574 3579
f 3584 3580 3586
f 3579 3577 3585
f 4507 3577 4506
f 3653 3594 3591
f 3591 3593 3595
f 3588 3548 3495
f 3582 3587 3581
f 3590 3495 3512
f 3592 3590 3593
f 3603 3483 3600
f 3577 3589 3583
f 3512 3486 3590
f 3593 3591 3592
f 3595 3596 3591
f 3588 3590 3592
f 3593 3590 3486
f 3594 3592 3591
f 3486 3497 3597
f 3598 3596 3595
f 3591 3596 3653
f 3735 3655 3594
f 3486 3597 3593
f 3651 3598 3489
f 3580 3654 3586
f 3652 3653 3654
f 3497 3481 3656
f 3499 4518 3514
f 3596 3598 3586
f 4518 3595 3597
f 3657 3507 3493
f 3660 3659 3571
f 3521 3601 3600
f 3602 3603 3601
f 3492 3601 3521
f 3601 3484 3602
f 3662 3602 3484
f 3478 3666 3602
f 3601 3603 3600
f 3603 3602 3583
f 3665 3606 3605
f 3612 3604 3525
f 3737 3841 3842
f 3604 3606 3525
f 1185 1186 3606
f 3721 3606 1186
f 3527 3608 3607
f 3607 3608 3674
f 2334 3609 3527
f 3675 3674 3672
f 3538 3609 2333
f 3667 3609 3528
f 3545 3676 3509
f 3539 3611 3529
f 3534 3611 2329
f 3611 3610 3676
f 3612 1184 3604
f 3506 3612 3537
f 3490 3617 3616
f 3679 4374 4373
f 3550 3614 3534
f 3614 3542 3678
f 3553 3615 3519
f 3615 3555 3618
f 4404 3554 4403
f 4379 3617 3490
f 3678 3617 3613
f 3618 3617 3500
f 3618 3500 3536
f 3616 3618 3555
f 2388 3846 2389
f 4105 4109 4107
f 4123 4224 4156
f 3627 3996 4078
f 2347 3760 2348
f 3683 3758 3857
f 3881 3882 3694
f 3876 3868 3870
f 2377 2376 3688
f 3687 3623 3773
f 3690 3469 3689
f 3689 3624 3690
f 3625 3768 3694
f 3692 3693 3695
f 3715 3809 3713
f 3807 3806 3800
f 3932 3805 3807
f 3717 3934 3636
f 4197 3560 4198
f 4005 4453 4488
f 3765 3867 3764
f 4537 4541 4535
f 3969 3972 3970
f 3702 3705 1198
f 2408 3706 2409
f 4411 3792 3708
f 3562 2409 3706
f 3632 3631 3703
f 3707 2408 2407
f 3631 3633 3792
f 3712 3709 3793
f 3793 3794 3710
f 3808 3799 3626
f 3770 3808 3626
f 3810 2362 2361
f 3800 3798 3563
f 3797 3714 3719
f 3719 3477 3564
f 3775 3777 3892
f 3800 3563 3803
f 3813 1187 1188
f 3639 3812 3720
f 3962 3830 4049
f 4514 4516 4512
f 3816 3724 3815
f 4016 3710 3795
f 3822 2400 2399
f 4204 4030 4249
f 2395 3827 2396
f 4040 4098 4099
f 4108 4114 4105
f 3763 4072 3684
f 3730 3949 3948
f 4046 3640 3964
f 4048 3956 4047
f 3645 3962 3948
f 3647 4343 4340
f 4350 3925 4015
f 3990 4124 3644
f 3729 4070 3990
f 4234 4290 4168
f 4052 4051 3838
f 3840 4559 4558
f 4316 4315 4402
f 4492 3651 3489
f 3584 3651 3573
f 3577 4507 3585
f 4558 4559 4567
f 3654 3653 3596
f 3653 3652 3735
f 3586 3654 3596
f 3654 3580 4510
f 3650 3655 3578
f 3588 3655 3581
f 4518 3481 3514
f 3597 3497 3656
f 3657 3493 3742
f 3660 3571 3649
f 3740 3739 3742
f 3739 3485 3745
f 3599 3657 3659
f 3658 3659 3657
f 3649 3661 3660
f 2337 3736 2338
f 3661 3649 3973
f 3736 3661 2338
f 3484 3523 3663
f 3665 3664 3663
f 3537 3525 3663
f 3665 3663 3525
f 3605 3720 3842
f 3478 3662 3664
f 3606 3665 3525
f 3664 3665 3605
f 4494 4493 4495
f 3583 3602 3666
f 3528 3669 3668
f 3608 3667 3508
f 3671 3494 3670
f 3508 3667 3668
f 3540 3669 3528
f 3669 3545 4056
f 4383 3494 4155
f 3668 3672 3508
f 3494 3671 3546
f 3671 3670 3672
f 3670 3675 3672
f 3674 3608 3508
f 4284 4155 4122
f 3673 3738 3674
f 3673 4478 3738
f 3674 3740 3607
f 4383 4557 3494
f 3674 3675 3673
f 3611 3676 3529
f 3980 3676 3610
f 3981 3677 3518
f 3611 3677 3610
f 3617 3678 3500
f 3614 3678 3613
f 4270 4275 4268
f 4228 4257 3482
f 3748 3845 3751
f 4102 4101 4099
f 4112 4227 4111
f 4037 3944 4142
f 3754 3986 3863
f 3899 3905 3902
f 3683 3857 3858
f 2351 2350 3759
f 3763 3760 3864
f 3761 3864 3865
f 3629 3919 3920
f 3871 3920 3765
f 3686 2377 3688
f 3687 3686 3623
f 3695 3696 3773
f 3772 3869 3767
f 3690 2376 3558
f 3686 3688 3624
f 3470 3691 3689
f 3689 3691 3692
f 3688 3690 3624
f 3469 3690 3558
f 3769 3470 3471
f 3692 3691 3625
f 3693 3692 3625
f 3623 3624 3692
f 3694 3693 3625
f 3695 3693 3559
f 3769 3625 3691
f 3694 3626 3881
f 3559 3885 3695
f 3692 3695 3623
f 3882 3883 3559
f 3772 3696 3622
f 3473 3474 3809
f 3770 3626 3694
f 3889 3775 2358
f 3998 3893 3638
f 3896 3897 3856
f 3912 4545 3908
f 3779 3783 3782
f 3851 3749 3846
f 3867 2382 2381
f 4012 3780 3788
f 3703 3702 1199
f 4339 3705 3630
f 3703 1199 1200
f 3703 3631 4411
f 4338 4339 4412
f 3834 3835 3732
f 3630 3705 3702
f 1197 3705 3704
f 3707 3706 2408
f 3562 3706 3633
f 3709 3707 2407
f 3711 3634 4418
f 3707 3708 3792
f 3708 3707 3711
f 3793 2406 2405
f 3711 3709 3634
f 3794 2405 2404
f 3710 3794 3795
f 3634 4417 4418
f 3707 3709 3711
f 3793 3709 2406
f 3710 4016 4471
f 3796 3475 3476
f 3715 3713 3635
f 3477 3719 3476
f 3637 3636 3797
f 3635 3801 3715
f 3774 3809 3697
f 3716 2362 3810
f 3637 3716 3636
f 2360 3892 3894
f 3638 3927 3804
f 3716 3718 2363
f 3564 3718 3637
f 3797 3719 3637
f 3796 3719 3714
f 3720 3565 3842
f 3721 3605 3606
f 1186 3639 3721
f 3720 3721 3639
f 3639 3813 3812
f 3813 3723 3814
f 1190 3730 4049
f 3723 3964 3814
f 3816 2403 2402
f 3923 3794 3724
f 4028 3820 3819
f 3937 3724 3816
f 4144 3823 3945
f 3826 2398 2397
f 4094 3938 4095
f 3726 3824 3825
f 3854 4043 2394
f 4150 4107 4109
f 2342 3978 2343
f 3865 3866 3992
f 3948 3949 3829
f 3948 3962 3730
f 3966 1194 1195
f 3951 3950 3952
f 3959 3972 4050
f 3967 3731 3832
f 2340 2339 3838
f 3976 3839 3975
f 4121 4398 4464
f 4261 4264 4398
f 3653 3735 3594
f 4559 3735 3652
f 3599 3736 2337
f 3661 3736 3660
f 3722 3936 3812
f 3842 3936 3737
f 3739 3738 3485
f 3607 3740 3493
f 3743 3744 3745
f 3742 3739 3658
f 3674 3738 3740
f 3739 3740 3738
f 4175 4178 4235
f 4186 4167 4172
f 3657 3742 3658
f 3740 3742 3493
f 4168 3743 4174
f 3744 4290 3658
f 3745 3744 3739
f 4290 3744 3743
f 4177 4176 4178
f 3746 3741 4174
f 3743 3745 3746
f 4183 4177 3745
f 3747 4375 4374
f 3980 3509 3676
f 3845 2390 2389
f 4149 3752 3680
f 3847 2387 3849
f 3984 4060 4061
f 3680 4060 4103
f 3681 4040 4099
f 3845 3748 2390
f 3751 3749 4061
f 3680 3752 3748
f 2392 3752 3750
f 3853 2393 2392
f 4040 4106 4098
f 4068 3863 3986
f 3898 3754 4003
f 2349 2348 3862
f 3683 3757 3759
f 3683 3755 3758
f 3862 3758 3755
f 3683 3858 3914
f 3754 3863 3682
f 3862 3755 2349
f 3857 3758 3756
f 3683 3759 3755
f 3759 3757 4068
f 3864 2347 2346
f 3760 3763 3762
f 3865 2346 2345
f 3729 3989 3987
f 3857 3762 3684
f 3762 3756 3862
f 3864 3760 2347
f 4072 4071 4073
f 3767 3764 2380
f 3765 3764 3685
f 3685 3871 3765
f 3786 3765 3701
f 3686 3766 2378
f 3767 3766 3687
f 3767 3687 3772
f 3764 3767 3685
f 3471 3472 3768
f 3768 3472 3774
f 3471 3768 3769
f 3625 3769 3768
f 3770 3697 3808
f 3694 3768 3770
f 3888 3805 3887
f 3878 3876 3873
f 3772 3622 3869
f 3773 3772 3687
f 3695 3773 3623
f 3772 3773 3696
f 3774 3473 3809
f 3768 3774 3697
f 3889 2358 2357
f 3698 3999 3775
f 3890 2357 2356
f 3891 4078 3996
f 3777 3775 3999
f 3638 3935 3894
f 2354 3897 3896
f 3904 4002 3778
f 3782 3783 3780
f 3785 3784 3779
f 3789 2383 3787
f 3787 3701 3790
f 4535 3628 4537
f 3846 3749 3845
f 3783 3779 2385
f 4010 3782 3780
f 2385 2384 3783
f 3789 3783 2384
f 3785 3779 3700
f 3784 3781 3849
f 4540 4520 3785
f 3781 3784 3785
f 3786 2382 3867
f 3787 3786 3701
f 3790 3919 3788
f 3783 3789 3780
f 3788 3629 4008
f 3787 3790 3780
f 2383 3789 2384
f 3780 3789 3787
f 3919 3790 3701
f 3780 3790 3788
f 3791 3836 3835
f 3922 3833 1196
f 3707 3792 3633
f 4411 3708 4410
f 3794 3793 2405
f 3712 3793 3710
f 3815 3794 2404
f 3923 3641 3795
f 4014 3941 3924
f 3641 4014 3795
f 3719 3796 3476
f 3713 3796 3714
f 3636 3926 3797
f 3798 3797 3563
f 3635 3714 3798
f 3797 3798 3714
f 3801 3798 3800
f 3806 3801 3800
f 3803 3804 3802
f 3930 3933 4086
f 3715 3801 3799
f 3798 3801 3635
f 3802 3927 3929
f 3799 3801 3806
f 3803 3563 3804
f 3803 3802 3807
f 3804 3563 3926
f 3804 3934 3935
f 4017 3887 3805
f 3888 3887 3771
f 3807 3800 3803
f 3888 3806 3805
f 3807 3802 3932
f 3806 3807 3805
f 3697 3715 3808
f 3799 3808 3715
f 3713 3809 3474
f 3809 3715 3697
f 3894 3810 2361
f 3716 3810 3717
f 4046 4503 3640
f 4498 4493 4494
f 3813 3639 1187
f 3936 3722 3811
f 3723 3813 1188
f 3812 3813 3722
f 3811 3814 3640
f 3813 3814 3722
f 3816 3815 2403
f 3794 3815 3724
f 3817 3816 2402
f 3820 3937 3819
f 3939 2401 2400
f 3817 3821 3819
f 3819 3821 3725
f 3939 3821 3817
f 3725 4028 3819
f 3816 3817 3819
f 4029 3940 4028
f 3941 4093 4031
f 3939 3817 2401
f 4029 3818 3938
f 3943 2399 2398
f 3822 3825 3824
f 3822 3943 3825
f 3943 3826 3945
f 3938 3824 3726
f 3824 3818 3939
f 3943 3822 2399
f 4095 3823 3942
f 4039 4038 3827
f 3826 4037 3945
f 4043 4042 2394
f 4041 4039 3827
f 2342 3975 3978
f 3866 3865 2345
f 1192 1193 3950
f 3951 3646 3958
f 4046 3645 3963
f 3964 3640 3814
f 3831 1194 3966
f 3831 3731 3952
f 3832 3966 3833
f 3731 3967 3646
f 3922 3834 3833
f 3833 3732 3968
f 3835 3834 3791
f 3732 3833 3834
f 3836 3791 3704
f 4327 3969 4328
f 3836 3704 4338
f 3835 3836 4343
f 3838 3837 2340
f 3975 3837 3733
f 2339 3973 3838
f 3973 4052 3838
f 4069 4124 3990
f 3828 3977 3729
f 4567 4565 4566
f 4399 4314 3734
f 3842 3841 3664
f 4496 3841 3737
f 3842 3664 3605
f 3936 3842 3565
f 4375 3843 3613
f 3981 3747 3844
f 3747 3982 3844
f 4057 3982 4285
f 3846 3845 2389
f 3751 3845 3749
f 2388 3847 3846
f 3852 3850 3851
f 2387 3847 2388
f 4524 3852 4521
f 4520 3781 3785
f 4528 4481 4529
f 3784 3849 2387
f 3781 3847 3849
f 3852 3846 3847
f 3850 4524 4058
f 3852 3851 3846
f 4061 3851 3850
f 3781 4523 3847
f 4521 4523 4520
f 4101 4102 4148
f 3853 4145 3854
f 3753 4098 4043
f 2394 2393 3854
f 3986 3855 2352
f 3898 3855 3754
f 3906 3900 3905
f 3778 3895 3896
f 4072 4073 4075
f 3857 3621 3858
f 4062 3859 3860
f 3860 4004 3915
f 4123 4059 4231
f 3918 4007 3863
f 4063 4062 3860
f 3908 3909 3620
f 4063 3861 3621
f 3861 3860 3915
f 3862 2348 3760
f 3758 3862 3756
f 3754 3855 3986
f 3683 3914 3916
f 3865 3864 2346
f 3763 3864 3761
f 2345 2344 3866
f 3994 3992 3989
f 3729 3987 3828
f 3866 3828 3987
f 3764 3867 2381
f 3786 3867 3765
f 3870 3685 3869
f 3870 3868 3871
f 3869 3622 3870
f 3685 3767 3869
f 3622 3874 3873
f 3870 3622 3873
f 3871 3868 3920
f 3685 3870 3871
f 3886 3884 3872
f 3868 3876 3877
f 3874 3622 3696
f 3873 3872 3878
f 3695 3885 3696
f 3873 3874 3886
f 3884 4021 3872
f 3877 3875 3880
f 3873 3876 3870
f 3877 3876 3875
f 4019 3875 3878
f 3868 3877 3629
f 3872 4021 4019
f 3876 3878 3875
f 3921 4009 4013
f 3880 4009 3877
f 4020 3875 4019
f 3880 3879 4009
f 3881 3626 3888
f 3882 3881 3771
f 3883 3882 3771
f 3882 3559 3693
f 3883 3771 3884
f 3874 3696 3885
f 3771 3887 3884
f 3887 4017 4018
f 3559 3883 3885
f 3874 3885 3883
f 3873 3886 3872
f 3883 3886 3874
f 3771 3881 3888
f 3929 3932 3802
f 3626 3799 3888
f 3888 3799 3806
f 3890 3889 2357
f 3775 3889 3776
f 3895 3890 2356
f 3901 3904 3778
f 4001 3903 4079
f 4000 4078 4079
f 3775 3892 2359
f 3894 3892 3777
f 3893 3999 3996
f 3893 3933 3930
f 2360 3894 2361
f 3894 3777 3998
f 3896 3895 2355
f 3890 3895 3778
f 2354 3896 2355
f 3896 3856 3899
f 2354 2353 3897
f 2353 3855 3898
f 4003 3754 3682
f 3856 3897 3898
f 3905 3900 3902
f 3901 3899 3902
f 3620 3912 3908
f 3902 3699 3901
f 3904 3699 3903
f 3778 3899 3901
f 3905 3899 3856
f 3902 3900 4544
f 3560 4025 4027
f 4001 3891 3997
f 3699 3904 3901
f 3903 4001 4002
f 4003 3856 3898
f 3905 4003 3906
f 4007 3909 3906
f 3908 3906 3909
f 3916 3918 3757
f 4082 4081 3917
f 4488 4453 4387
f 3900 3906 3908
f 4007 3906 3682
f 3909 3907 4081
f 3628 4533 4534
f 4545 4543 4544
f 3907 4006 4081
f 4549 3910 4536
f 3620 4487 4491
f 3912 3911 4545
f 3858 3915 3914
f 3863 3757 3918
f 3858 3861 3915
f 3916 3914 3913
f 4004 3860 3859
f 3913 3914 3915
f 3916 3913 3918
f 3683 3916 3757
f 4004 4082 3917
f 4006 3917 4081
f 4006 3918 3913
f 3918 4006 4007
f 3920 3919 3701
f 3629 3788 3919
f 3765 3920 3701
f 3629 3920 3868
f 4009 4008 3629
f 3879 4013 4009
f 3704 3922 1197
f 3834 3922 3791
f 3641 3923 3724
f 3795 3794 3923
f 4555 4354 3566
f 4419 3634 4471
f 4360 4345 4356
f 4417 4419 4361
f 3926 3636 3934
f 3563 3797 3926
f 3638 3893 3930
f 3802 3804 3927
f 4000 4089 4080
f 3879 3880 4020
f 3927 3638 3930
f 3932 3929 4088
f 3928 3929 3930
f 3930 3929 3927
f 4024 4019 4083
f 3887 4018 4021
f 4088 3929 3928
f 3931 4017 3932
f 3996 3933 3893
f 4026 4085 4086
f 3935 3934 3717
f 3926 3934 3804
f 3894 3935 3717
f 3804 3935 3638
f 3812 3936 3565
f 4497 3936 3811
f 3819 3937 3816
f 4032 3937 3820
f 4094 4095 4035
f 3642 3940 4029
f 3939 2400 3822
f 3821 3939 3818
f 4249 4091 4202
f 3941 4032 4033
f 3937 4032 3641
f 3820 4028 4033
f 4097 4144 4142
f 4096 4395 4251
f 3826 3943 2398
f 3825 3943 3823
f 3945 4037 3727
f 4038 4037 3826
f 3945 3727 4144
f 3943 3945 3823
f 4039 4041 3728
f 4042 3827 2395
f 4053 3947 2343
f 3866 3947 3828
f 3949 3730 1191
f 3829 3957 3955
f 1191 1192 3949
f 3950 3949 1192
f 3831 3950 1193
f 3952 3646 3951
f 3954 3957 3958
f 3829 3950 3951
f 3831 3952 3950
f 3646 3952 3731
f 3960 4045 3953
f 4261 4121 4561
f 4117 4118 4044
f 3948 3955 3645
f 3829 3955 3948
f 3956 3955 3954
f 3954 3960 4118
f 3956 3568 4047
f 3958 3957 3951
f 3955 3957 3954
f 3961 3958 3646
f 3960 3958 4045
f 3968 3970 3972
f 4120 4265 4151
f 3953 4044 4118
f 3954 3958 3960
f 3972 3961 3646
f 4045 3961 3959
f 4046 3962 3645
f 4049 3830 3965
f 3645 3955 4048
f 4512 4513 4517
f 3965 3964 3723
f 4046 3964 3830
f 1190 3965 1189
f 3964 3965 3830
f 3833 3966 1195
f 3831 3966 3832
f 3968 3832 3833
f 3967 3832 3968
f 3968 3732 3970
f 3967 3968 3972
f 3835 3647 3971
f 4331 4321 4323
f 3971 3732 3835
f 3969 4050 3972
f 3969 3970 3971
f 3971 3970 3732
f 3961 3972 3959
f 3967 3972 3646
f 3973 2339 2338
f 4052 3973 3649
f 4289 3649 3571
f 4161 4160 4159
f 3975 2341 3837
f 3978 3839 3977
f 3733 3648 3976
f 3648 4159 4126
f 3828 3947 4053
f 3839 4193 4070
f 3839 3978 3975
f 3977 3828 4053
f 4559 3979 3578
f 3979 3840 4407
f 3981 3980 3610
f 4057 3980 3844
f 3843 3981 3518
f 3980 3981 3844
f 3747 3679 3982
f 3982 3679 4285
f 4382 4381 4446
f 3546 4055 3494
f 4123 4156 4157
f 3984 4156 4060
f 4077 4063 4133
f 4171 4180 4553
f 2352 2351 3986
f 4068 3986 2351
f 3993 3989 3990
f 3987 3992 3866
f 4240 4134 4136
f 3995 4074 4072
f 3990 3989 3729
f 3989 3988 3994
f 3729 3977 4070
f 3989 3993 3988
f 4074 4071 4072
f 3865 3995 3761
f 3989 3992 3987
f 3992 3991 3995
f 3644 4457 3990
f 4394 4393 4457
f 3994 3988 4483
f 3992 3994 3991
f 3992 3995 3865
f 3995 3991 4074
f 3996 3627 3933
f 3997 3996 3698
f 4001 3997 3776
f 3996 3997 3891
f 3894 3998 3638
f 3999 3998 3777
f 3996 3999 3698
f 3998 3999 3893
f 3699 4564 4542
f 4023 4025 3560
f 3776 3890 4001
f 4002 4001 3890
f 3778 4002 3890
f 3903 4002 3904
f 3906 4003 3682
f 3856 4003 3905
f 4082 4004 3859
f 3915 4004 3917
f 4062 4066 3859
f 4488 4451 4482
f 4006 3907 4007
f 3913 3917 4006
f 3909 4007 3907
f 3863 4007 3682
f 3877 4009 3629
f 3921 4010 4012
f 4013 3560 4011
f 3921 4008 4009
f 3921 4533 4535
f 4010 4541 3782
f 4090 4547 4198
f 4197 4531 4011
f 3921 4012 4008
f 3780 4012 4010
f 4013 3879 4023
f 3921 4013 4011
f 4014 3641 4032
f 4015 4014 3924
f 4354 4350 3924
f 4015 3925 4016
f 4015 4016 3795
f 3925 4419 4471
f 3932 4017 3805
f 3931 4084 4017
f 4088 4087 4084
f 4019 3878 3872
f 4084 4087 4083
f 4020 3880 3875
f 4018 4083 4019
f 4013 4023 3560
f 3887 4021 3884
f 4019 4021 4018
f 4086 3933 3627
f 4025 4023 4024
f 3879 4020 4023
f 4024 4023 4020
f 4019 4024 4020
f 4024 4022 4025
f 4026 4025 4022
f 4025 4089 4027
f 4085 4026 4022
f 3627 4078 4080
f 4137 4542 4090
f 4027 4000 4137
f 4029 4028 3725
f 4033 4028 3940
f 3821 4029 3725
f 3642 4029 3938
f 4203 4141 4205
f 4199 4296 4295
f 4354 4031 3566
f 3924 3941 4031
f 4033 4032 3820
f 4014 4032 3941
f 3940 4034 4033
f 4093 4034 4139
f 4091 4034 3940
f 4093 4139 4092
f 4200 4035 4095
f 4203 4202 3642
f 4150 4106 4107
f 4036 3643 4097
f 4038 3826 2397
f 4142 3944 4036
f 3827 4038 2396
f 4037 4038 3944
f 4036 4039 3728
f 4038 4039 3944
f 4107 4040 4108
f 4041 4106 3728
f 4042 4041 3827
f 4106 4041 3946
f 2394 4042 2395
f 4041 4042 3946
f 3753 4043 3854
f 4042 4043 3946
f 4151 4044 3953
f 4464 4398 4313
f 3961 4045 3958
f 4325 4320 3569
f 4046 3830 3962
f 3963 4513 4503
f 3568 4517 4513
f 4048 3963 3645
f 3956 4048 3955
f 3963 4048 4047
f 3962 4049 3730
f 3965 1190 4049
f 4327 4050 3969
f 3959 4050 3569
f 3838 4051 3733
f 4233 4051 3974
f 4289 4052 3649
f 4051 4052 3974
f 2343 3978 4053
f 3977 4053 3978
f 4278 4280 4408
f 4426 4235 4550
f 3546 4056 4055
f 3509 4057 4056
f 4056 3546 3669
f 3509 3980 4057
f 3982 4057 3844
f 3983 4055 4057
f 4157 4058 3848
f 4061 4058 3984
f 4059 4449 4286
f 4065 4387 4453
f 3619 4146 4103
f 3680 3751 4061
f 4061 4060 3680
f 3851 4061 3749
f 3860 3861 4063
f 4064 4062 3985
f 4133 3621 4073
f 3985 4062 4063
f 4246 3985 4194
f 4064 3557 4067
f 3557 4384 4067
f 4286 4065 4384
f 4064 4066 4062
f 4453 4066 4065
f 4384 3557 4232
f 4066 4067 4065
f 3759 4068 2351
f 3863 4068 3757
f 4126 3839 3976
f 4069 4127 4124
f 3839 4070 3977
f 3990 4070 4069
f 3985 4077 4194
f 3857 4073 3621
f 3763 3761 4072
f 4072 3761 3995
f 3684 4075 3857
f 4063 4077 3985
f 3994 4074 3991
f 4074 3994 4483
f 4072 4075 3684
f 4073 3857 4075
f 4073 4071 4134
f 4461 4393 4458
f 4133 4063 3621
f 4194 4077 4076
f 4079 4078 3891
f 4080 4078 4000
f 4001 4079 3891
f 4079 3903 4542
f 4089 4000 4027
f 4080 4026 4086
f 4487 4081 4005
f 3909 4081 3620
f 4453 4082 3859
f 4081 4082 4005
f 4084 4083 4018
f 4024 4083 4022
f 4017 4084 4018
f 4085 4087 4088
f 4087 4085 4022
f 3928 3930 4086
f 4086 3627 4080
f 3928 4086 4085
f 4083 4087 4022
f 4088 4084 3931
f 3932 4088 3931
f 4085 4088 3928
f 4025 4026 4089
f 4080 4089 4026
f 4090 4542 4564
f 3560 4197 4011
f 3940 3642 4091
f 3642 4094 4203
f 4092 4139 4247
f 4031 4093 3566
f 4034 4093 4033
f 3566 4093 4092
f 4095 3938 3726
f 4203 4094 4035
f 3825 4095 3726
f 4200 4095 3942
f 4219 4143 4218
f 4215 4167 4208
f 4217 4097 3643
f 4144 3942 3823
f 4043 4098 3946
f 4099 4098 3753
f 4099 4145 4102
f 4149 3750 3752
f 4220 4111 4147
f 3681 4099 4101
f 3753 4145 4099
f 4103 4146 4100
f 3853 3750 4104
f 4104 3750 4149
f 3619 4103 4060
f 4103 4100 4148
f 4149 4148 4104
f 4145 4104 4102
f 4108 4105 4107
f 4300 4105 4114
f 4098 4106 3946
f 4107 4106 4040
f 4108 4040 3681
f 4300 4302 4305
f 3681 4101 4112
f 4115 3681 4112
f 3643 4036 4109
f 4150 4109 4036
f 4246 4196 3985
f 4194 4076 4240
f 4101 4227 4112
f 4116 4115 4111
f 4227 4101 4100
f 4112 4111 4115
f 4293 4226 4245
f 4304 4306 4298
f 4115 4114 4108
f 4301 4300 4113
f 4115 4108 3681
f 4220 4116 4111
f 4389 4110 4293
f 4113 4115 4116
f 4118 4117 3956
f 4560 4117 4044
f 3954 4118 3956
f 3953 4118 3960
f 4120 3953 4045
f 4259 3482 4257
f 4320 4045 3959
f 4312 4322 4154
f 4153 4044 4151
f 4256 4228 4261
f 3983 4230 4155
f 4274 4279 4122
f 3984 4058 4157
f 4232 4158 4231
f 4126 4127 4193
f 4129 3644 4124
f 4159 4125 4126
f 4130 4132 4128
f 3648 4126 3976
f 4126 4125 4127
f 4127 4069 4193
f 4130 4129 4124
f 4130 4165 4132
f 4551 4455 4238
f 4130 4124 4127
f 4553 4554 4552
f 4160 4162 4165
f 4128 4129 4130
f 4162 4166 4164
f 4131 4164 4179
f 4165 4130 4125
f 4131 4179 4171
f 4134 4133 4073
f 4077 4133 4076
f 4460 4461 4459
f 4133 4134 4076
f 4393 3988 3993
f 4129 4239 3644
f 4460 4134 4071
f 4225 4226 4110
f 4542 4137 4000
f 4198 4137 4090
f 4547 4543 4546
f 4536 4528 4534
f 4249 4139 4034
f 4247 4139 4030
f 4128 4132 4171
f 4359 4370 4332
f 3942 4144 4219
f 4205 4201 4203
f 4037 4142 3727
f 4036 4097 4142
f 4109 4105 4305
f 4218 4096 4205
f 4142 4144 3727
f 4217 4219 4097
f 3854 4145 3753
f 4104 4145 3853
f 4231 4222 4224
f 4100 4146 4147
f 3619 4222 4146
f 4220 4110 4116
f 4101 4148 4100
f 4104 4148 4102
f 3680 4103 4149
f 4148 4149 4103
f 4036 3728 4150
f 4106 4150 3728
f 4120 4151 3953
f 4256 4153 4151
f 4257 4228 4256
f 4560 4121 4464
f 4256 4151 4119
f 4152 4261 4561
f 4265 4229 4257
f 4265 4266 4229
f 4230 3983 4285
f 4122 4279 4284
f 4060 4156 3619
f 4157 4156 3984
f 4386 4157 3848
f 4123 4157 4450
f 4223 4221 4158
f 4147 4222 4221
f 4159 4233 4161
f 4233 4159 3648
f 4162 4160 3570
f 4125 4159 4160
f 4287 4168 4173
f 4160 4161 4287
f 4164 4166 4163
f 4165 4162 4131
f 4185 4177 4178
f 4131 4162 4164
f 4172 4164 4163
f 4170 4179 4172
f 4132 4165 4131
f 4125 4160 4165
f 4173 4166 3570
f 4173 4174 4166
f 4163 4184 4190
f 4030 4213 4216
f 3570 4160 4287
f 4174 3743 3746
f 3741 3746 4177
f 4163 4166 4169
f 4310 4252 4212
f 4171 4132 4131
f 4170 4180 4171
f 4554 4292 4551
f 4169 4184 4163
f 4181 4172 4167
f 4173 3570 4287
f 4173 4168 4174
f 3741 4169 4174
f 4174 4169 4166
f 4425 4427 4473
f 4184 4169 4185
f 3745 3485 4183
f 4479 4476 4477
f 3745 4177 3746
f 4176 4235 4178
f 4188 4184 4178
f 3741 4185 4169
f 4172 4179 4164
f 4171 4179 4170
f 4167 4253 4181
f 4388 4180 4252
f 4167 4252 4253
f 4170 4172 4181
f 4472 4368 4140
f 4216 4199 4247
f 4478 4479 4477
f 4177 4183 4176
f 4188 4178 4175
f 4182 4190 4189
f 4177 4185 3741
f 4184 4185 4178
f 4190 4172 4163
f 4250 4211 4208
f 4283 3675 3670
f 4122 4269 4274
f 4421 4422 4424
f 4190 4182 4186
f 4184 4188 4189
f 4423 4188 4175
f 4189 4190 4184
f 4172 4190 4186
f 4183 4477 4192
f 3480 4434 4429
f 4477 4183 3485
f 4192 4191 4550
f 4070 4193 4069
f 3839 4126 4193
f 4136 4459 4241
f 4064 4196 3557
f 4194 4136 4241
f 4221 4223 4225
f 3985 4196 4064
f 4196 4195 4255
f 4198 3560 4027
f 4138 4538 4531
f 4198 4027 4137
f 4138 4197 4198
f 4030 4204 4213
f 4199 4140 4296
f 4219 4200 3942
f 4203 4200 4141
f 4096 4251 4209
f 3642 4202 4091
f 4204 4202 4201
f 4249 4030 4139
f 4203 4035 4200
f 4201 4202 4203
f 4207 4204 4201
f 4214 4213 4204
f 4218 4205 4141
f 4209 4207 4201
f 4096 4209 4205
f 4208 4167 4186
f 4209 4201 4205
f 4207 4206 4214
f 4250 4186 4182
f 4215 4208 4206
f 4251 4310 4297
f 4206 4207 4209
f 4208 4211 4206
f 4423 4182 4189
f 4182 4423 4424
f 4214 4211 4210
f 4206 4297 4215
f 4388 4252 3567
f 4214 4204 4207
f 4213 4210 4216
f 4211 4214 4206
f 4213 4214 4210
f 4297 4206 4209
f 4167 4215 4212
f 4422 4216 4210
f 4140 4199 4216
f 4217 3643 4309
f 4219 4217 4143
f 4219 4218 4141
f 4395 4143 4298
f 4219 4141 4200
f 4219 4144 4097
f 4147 4221 4220
f 4110 4220 4225
f 4147 4146 4222
f 4158 4254 4223
f 4224 4222 3619
f 4158 4221 4222
f 4196 4223 3557
f 4225 4223 4255
f 4156 4224 3619
f 4224 4123 4231
f 4221 4225 4220
f 4223 4196 4255
f 4243 4194 4241
f 4245 4226 4243
f 4100 4147 4227
f 4111 4227 4147
f 4263 4264 4260
f 4256 4261 4152
f 4120 4320 4266
f 4312 4259 4257
f 4258 4447 4382
f 4267 4230 4270
f 4232 4231 4059
f 4231 4158 4222
f 4232 4059 4286
f 4232 3557 4254
f 4051 4233 3648
f 4288 4233 3974
f 4289 4234 4288
f 4168 4290 3743
f 4550 4176 4192
f 4473 4427 3480
f 4550 4236 4426
f 4437 4187 4439
f 4309 3643 4302
f 4113 4389 4294
f 4239 4128 4552
f 4462 4455 4237
f 4128 4239 4129
f 4394 4238 4392
f 4134 4240 4076
f 4136 4194 4240
f 4244 4241 4135
f 4243 4195 4246
f 4303 4396 4462
f 4226 4293 4110
f 4245 4241 4244
f 4226 4195 4243
f 4391 4244 4135
f 4242 4293 4245
f 4241 4245 4243
f 4242 4245 4244
f 4243 4246 4194
f 4196 4246 4195
f 4216 4247 4030
f 4295 4247 4199
f 4433 4428 4363
f 4352 4332 4346
f 4091 4249 4034
f 4204 4249 4202
f 4186 4250 4208
f 4182 4211 4250
f 4143 4395 4218
f 4252 4310 3567
f 4252 4180 4253
f 4167 4212 4252
f 4180 4170 4253
f 4181 4253 4170
f 4232 4254 4158
f 3557 4223 4254
f 4195 4226 4255
f 4225 4255 4226
f 4153 4256 4152
f 4257 4256 4119
f 4265 4257 4119
f 4229 4322 4312
f 4330 4335 4273
f 4122 4267 4269
f 4312 4257 4229
f 4382 4259 4258
f 4377 4381 4272
f 4558 4317 3840
f 4262 4261 4228
f 4399 4313 4398
f 4228 3482 4262
f 4260 4380 4378
f 4262 4264 4261
f 4314 4263 4260
f 4260 4264 4262
f 4264 4263 4398
f 4151 4265 4119
f 4266 4265 4120
f 4321 4324 4323
f 4229 4266 4322
f 4155 4230 4267
f 4269 4267 4270
f 4268 4269 4270
f 4268 4273 4271
f 4268 4271 4269
f 4269 4271 4274
f 3679 4373 4230
f 4444 4374 4376
f 4448 4382 4480
f 4271 4054 4274
f 4275 4270 4373
f 4377 4272 4444
f 4372 4273 4447
f 4154 4324 4330
f 4280 4274 4054
f 4274 4281 4279
f 4270 4230 4373
f 4445 4448 4275
f 4322 4324 4154
f 4415 4321 4416
f 4442 4435 4439
f 4283 4485 3675
f 4334 4330 4324
f 4442 4281 4276
f 4274 4280 4281
f 4277 4282 4284
f 4408 4280 4054
f 4280 4278 4281
f 4276 4281 4278
f 4277 4279 4281
f 4443 4277 4440
f 4283 3670 4557
f 4282 4277 4443
f 4479 4441 4476
f 4277 4284 4279
f 4284 4282 4383
f 4285 3983 4057
f 3679 4230 4285
f 4450 4157 4386
f 4065 4286 4387
f 4288 4287 4161
f 4287 4234 4168
f 4289 4288 3974
f 4287 4288 4234
f 4289 3974 4052
f 4291 4289 3571
f 4291 4234 4289
f 4290 4291 3658
f 3658 4291 3571
f 4234 4291 4290
f 4298 4306 4311
f 4292 4397 4551
f 4293 4242 4454
f 4116 4389 4113
f 4294 4293 4454
f 4301 4294 4396
f 4295 4092 4247
f 4555 4295 4248
f 4296 4140 4366
f 4295 4296 4248
f 4215 4297 4212
f 4209 4251 4297
f 4309 4304 4307
f 3567 4310 4311
f 4299 4300 4301
f 4299 4301 4303
f 4113 4300 4114
f 4302 4300 4299
f 4113 4294 4301
f 4396 4303 4301
f 4304 4302 4299
f 4305 3643 4109
f 4237 4397 4303
f 4292 4388 4306
f 4308 4303 4306
f 4307 4304 4298
f 4300 4305 4105
f 3643 4305 4302
f 4299 4308 4304
f 4306 4303 4397
f 4298 4143 4307
f 4143 4217 4309
f 4303 4308 4299
f 4306 4304 4308
f 4304 4309 4302
f 4309 4307 4143
f 4297 4310 4212
f 4311 4310 4251
f 4311 4251 4395
f 3567 4311 4306
f 4372 4312 4154
f 4259 4312 4258
f 4463 4313 4399
f 4517 4560 4401
f 4318 4314 4260
f 3734 4314 4317
f 4403 4378 4377
f 3556 4316 3554
f 3501 3582 4405
f 4405 3650 4406
f 4314 4318 4319
f 3840 4317 4407
f 4318 4260 4378
f 4318 4315 4319
f 4315 4316 4319
f 4406 4319 4316
f 4045 4320 4120
f 3569 4320 3959
f 4050 4327 3569
f 3647 4342 4328
f 4323 4322 4266
f 4322 4323 4324
f 4266 4325 4323
f 4325 4326 4331
f 4333 4324 4321
f 4330 4273 4372
f 4320 4325 4266
f 4326 4325 3569
f 3971 3647 4328
f 4328 4326 4327
f 4328 3969 3971
f 3569 4327 4326
f 4342 4344 4336
f 4342 4357 4328
f 4326 4328 4357
f 4409 4465 4408
f 4324 4333 4334
f 4271 4335 4054
f 4325 4331 4323
f 4413 4331 4326
f 4358 4364 4359
f 4329 4415 4475
f 4413 4416 4321
f 4333 4329 4334
f 4408 4334 4329
f 4335 4334 4054
f 4273 4335 4271
f 4334 4335 4330
f 4338 4340 4343
f 4370 4484 4332
f 4341 4339 3630
f 4337 4349 4347
f 4339 4338 3704
f 4338 4337 4340
f 3705 4339 3704
f 4410 4341 3630
f 4344 4340 4337
f 4340 4344 4342
f 4332 4484 4470
f 4412 4341 4349
f 4340 4342 3647
f 4357 4342 4469
f 3835 4343 3647
f 4338 4343 3836
f 4347 4344 4337
f 4336 4344 4346
f 4349 4345 4347
f 3925 4350 4361
f 4347 4346 4344
f 4352 4346 4345
f 4337 4412 4349
f 4346 4347 4345
f 4348 4350 4354
f 4348 4362 4353
f 4341 3561 4349
f 4356 3561 4355
f 3924 4350 4015
f 4355 4350 4348
f 4346 4470 4336
f 4331 4413 4321
f 4345 4353 4352
f 4362 4359 4353
f 4345 4349 4356
f 4348 4556 4362
f 4031 4354 3924
f 3566 4295 4555
f 4353 4360 4348
f 4355 3561 4417
f 3561 4356 4349
f 4356 4355 4360
f 4469 4342 4336
f 4357 4351 4413
f 4365 4248 4366
f 4352 4359 4332
f 4353 4359 4352
f 4365 4364 4358
f 4360 4353 4345
f 4355 4348 4360
f 4350 4355 4361
f 4361 4355 4417
f 4556 4348 4354
f 4359 4362 4358
f 4420 4430 4429
f 4370 4364 4371
f 4358 4555 4365
f 4364 4363 4371
f 4248 4296 4366
f 4364 4365 4369
f 4368 4366 4140
f 4364 4369 4363
f 4363 4431 4371
f 4465 4409 4276
f 4422 4140 4216
f 4428 4368 3480
f 4365 4366 4369
f 4433 4366 4368
f 4364 4370 4359
f 4484 4370 4367
f 4431 4363 4430
f 4370 4371 4367
f 4312 4372 4258
f 4330 4372 4154
f 3679 3747 4374
f 4275 4373 4445
f 3747 3843 4375
f 4374 4375 4376
f 4379 3613 3617
f 4375 4379 4376
f 4377 4376 3490
f 4376 4377 4444
f 3554 4404 3616
f 4315 4318 4378
f 4260 4262 4380
f 4377 4378 4381
f 4376 4379 3490
f 3613 4379 4375
f 4262 3482 4380
f 4382 3482 4259
f 4378 4380 4381
f 4446 4380 3482
f 4372 4447 4258
f 4381 4382 4448
f 4284 4383 4155
f 4282 4562 4557
f 4067 4384 4065
f 4232 4286 4384
f 4386 4525 4385
f 3911 3912 4491
f 4526 3848 4524
f 4386 4385 4449
f 4452 4286 4449
f 4452 4387 4286
f 4306 4388 3567
f 4388 4292 4554
f 4110 4389 4116
f 4294 4389 4293
f 4391 4242 4244
f 4455 4390 4456
f 4458 4456 4135
f 4391 4390 4454
f 4458 4393 4392
f 4239 4394 3644
f 4457 4393 3993
f 4392 4456 4458
f 4238 4394 4239
f 4393 4394 4392
f 4218 4395 4096
f 4311 4395 4298
f 4454 4396 4294
f 4396 4454 4462
f 4551 4397 4237
f 4306 4397 4292
f 4398 4121 4261
f 4399 4398 4263
f 4314 4399 4263
f 4463 4399 3734
f 4400 4463 4558
f 4515 4502 4508
f 4313 4463 4504
f 4498 4500 4502
f 4403 4402 4315
f 3554 4316 4402
f 4378 4403 4315
f 4403 4377 4404
f 4377 3490 4404
f 3616 4404 3490
f 3650 4405 3582
f 3556 4405 4316
f 4405 4406 4316
f 3650 3979 4407
f 4319 4407 4317
f 4407 4406 3650
f 4334 4408 4054
f 4408 4329 4409
f 4415 4329 4333
f 4431 4420 4432
f 4411 4410 3630
f 4418 4410 3708
f 4411 3630 3702
f 3792 4411 3631
f 4338 4412 4337
f 4339 4341 4412
f 4357 4413 4326
f 4351 4416 4413
f 4467 4469 4470
f 4466 4484 4468
f 4321 4415 4333
f 4415 4414 4475
f 4467 4416 4351
f 4415 4416 4414
f 4418 4417 3561
f 4417 3634 4419
f 4410 4418 3561
f 3711 4418 3708
f 4471 3634 3712
f 4361 4419 3925
f 4430 4428 4429
f 4474 4409 4432
f 4423 4421 4424
f 4423 4425 4421
f 4422 4210 4424
f 4422 4421 4472
f 4188 4423 4189
f 4425 4423 4175
f 4210 4211 4424
f 4182 4424 4211
f 4175 4426 4425
f 4426 4236 4427
f 4235 4426 4175
f 4236 4436 4427
f 4473 3480 4368
f 4425 4426 4427
f 4428 3480 4429
f 4433 4363 4369
f 4434 3480 4436
f 4276 4474 4435
f 4431 4430 4420
f 4363 4428 4430
f 4474 4432 4420
f 4371 4431 4367
f 4409 4475 4432
f 4475 4466 4432
f 4366 4433 4369
f 4368 4428 4433
f 4437 4434 4236
f 4439 4435 4438
f 4429 4434 4438
f 4434 4439 4438
f 4427 4436 3480
f 4236 4434 4436
f 4550 4437 4236
f 4191 4187 4437
f 4434 4437 4439
f 4435 4429 4438
f 4187 4440 4439
f 4442 4276 4435
f 4441 4440 4187
f 4277 4281 4442
f 4476 4441 4187
f 4557 4562 4283
f 4439 4440 4442
f 4442 4440 4277
f 4440 4441 4443
f 4441 4283 4562
f 4272 4448 4445
f 4444 4445 4374
f 4374 4445 4373
f 4272 4445 4444
f 4380 4446 4381
f 3482 4382 4446
f 4268 4480 4273
f 4275 4480 4268
f 4381 4448 4272
f 4480 4382 4447
f 4450 4449 4059
f 4449 4385 4451
f 4450 4059 4123
f 4386 4449 4450
f 4486 4451 4385
f 3620 4081 4487
f 4449 4451 4452
f 4387 4452 4451
f 4082 4453 4005
f 4066 4453 3859
f 4391 4454 4242
f 4454 4390 4462
f 4456 4390 4391
f 4238 4455 4392
f 4135 4456 4391
f 4392 4455 4456
f 3990 4457 3993
f 4394 4457 3644
f 4135 4459 4458
f 4460 4459 4136
f 4241 4459 4135
f 4136 4134 4460
f 4483 4071 4074
f 4461 3988 4393
f 4459 4461 4458
f 4461 4460 4483
f 4455 4462 4390
f 4303 4462 4237
f 4558 4463 3734
f 4504 4463 4400
f 4504 4464 4313
f 4560 4464 4401
f 4276 4278 4465
f 4408 4465 4278
f 4367 4431 4468
f 4414 4416 4467
f 4469 4467 4351
f 4414 4467 4466
f 4431 4432 4468
f 4432 4466 4468
f 4357 4469 4351
f 4469 4336 4470
f 4332 4470 4346
f 4470 4466 4467
f 3710 4471 3712
f 3925 4471 4016
f 4422 4472 4140
f 4421 4425 4473
f 4368 4472 4473
f 4421 4473 4472
f 4435 4474 4420
f 4409 4474 4276
f 4475 4409 4329
f 4466 4475 4414
f 4187 4191 4476
f 4477 4476 4191
f 4192 4477 4191
f 4478 4477 3485
f 3738 4478 3485
f 4478 4485 4479
f 4485 4478 3673
f 4283 4441 4479
f 4448 4480 4275
f 4273 4480 4447
f 4527 4528 4529
f 3911 4490 4563
f 4489 4482 4451
f 3911 4491 4490
f 4461 4483 3988
f 4071 4483 4460
f 4468 4484 4367
f 4470 4484 4466
f 3675 4485 3673
f 4283 4479 4485
f 4529 4486 4385
f 4489 4486 4481
f 4488 4487 4005
f 4482 4490 4491
f 4451 4488 4387
f 4487 4488 4482
f 4486 4489 4451
f 4539 4563 4481
f 4482 4489 4490
f 4489 4481 4563
f 3620 4491 3912
f 4482 4491 4487
f 3533 4492 3489
f 3575 4492 3504
f 4495 3666 4494
f 4496 4497 4494
f 3478 4496 4494
f 3737 4497 4496
f 4495 4493 4509
f 3666 4495 3583
f 3841 4496 3478
f 3737 3936 4497
f 4501 4516 4500
f 4502 4493 4498
f 4494 4497 4498
f 4498 4497 4500
f 4500 4497 4511
f 4508 4502 4499
f 4511 4497 3811
f 4500 4499 4502
f 4503 3811 3640
f 4503 4513 4501
f 4514 4504 4508
f 4505 4502 3576
f 3963 4503 4046
f 4503 4501 4511
f 4504 4401 4464
f 4515 4504 4400
f 4505 3576 4506
f 4493 4502 4505
f 4565 4559 3652
f 3585 4507 3580
f 4566 4506 3576
f 4510 4507 4565
f 4514 4508 4499
f 4508 4504 4515
f 4509 3577 3583
f 4505 4509 4493
f 3654 4510 3652
f 3580 4507 4510
f 4503 4511 3811
f 4500 4511 4501
f 4513 3963 4047
f 4512 4517 4514
f 3568 4513 4047
f 4501 4513 4512
f 4514 4499 4516
f 4401 4504 4514
f 4567 4515 4400
f 4515 3576 4502
f 4500 4516 4499
f 4501 4512 4516
f 4560 4517 3568
f 4514 4517 4401
f 3598 4518 3489
f 3656 4518 3597
f 4522 4527 4529
f 4521 3852 4523
f 4540 3785 3700
f 4520 4519 4521
f 4526 4521 4519
f 4524 3848 4058
f 4522 4525 3848
f 4522 4526 4527
f 3847 4523 3852
f 4520 4523 3781
f 3852 4524 3850
f 4526 4524 4521
f 3848 4525 4386
f 4529 4525 4522
f 4527 4526 4519
f 3848 4526 4522
f 4537 4527 4519
f 4527 3628 4528
f 4532 4530 4533
f 4528 4536 4539
f 4486 4529 4481
f 4529 4385 4525
f 4532 4011 4531
f 4549 4536 4538
f 4138 4531 4197
f 4532 4531 4530
f 4530 4534 4533
f 4011 4532 3921
f 4535 4533 3628
f 3921 4532 4533
f 4536 4534 4530
f 3628 4534 4528
f 4527 4537 3628
f 3921 4535 4010
f 4530 4531 4538
f 4536 3910 4539
f 4540 4519 4520
f 4537 4540 4541
f 4538 4138 4546
f 4530 4538 4536
f 4563 4539 3910
f 4528 4539 4481
f 4541 4540 3700
f 4519 4540 4537
f 3782 4541 3700
f 4535 4541 4010
f 4079 4542 4000
f 3699 4542 3903
f 3699 3902 4544
f 4548 3910 4549
f 3908 4545 3900
f 4544 4543 4564
f 4545 3911 4548
f 3900 4545 4544
f 4547 4546 4138
f 4546 4543 4548
f 4198 4547 4138
f 4547 4090 4564
f 4545 4548 4543
f 3911 3910 4548
f 4538 4546 4549
f 4548 4549 4546
f 4550 4235 4176
f 4437 4550 4191
f 4455 4551 4237
f 4552 4551 4238
f 4239 4552 4238
f 4553 4128 4171
f 4180 4388 4554
f 4128 4553 4552
f 4552 4554 4551
f 4554 4553 4180
f 4365 4555 4248
f 4556 4358 4362
f 4354 4555 4556
f 4358 4556 4555
f 3494 4557 3670
f 4282 4557 4383
f 4317 4558 3734
f 3840 3979 4559
f 3735 4559 3578
f 4510 4565 3652
f 4560 3568 4117
f 4561 4153 4152
f 4121 4560 4561
f 4153 4561 4560
f 4282 4443 4562
f 4441 4562 4443
f 3911 4563 3910
f 4489 4563 4490
f 4544 4564 3699
f 4547 4564 4543
f 4566 4507 4506
f 3576 4567 4566
f 3576 4515 4567
f 4507 4566 4565
f 4558 4567 4400
f 4565 4567 4559
f 1171 4633 13
f 4622 4659 2307
f 1172 1173 4612
f 4657 4710 4692
f 4585 4586 4710
f 1173 1174 4635
f 4621 2309 4658
f 4714 4612 4673
f 1175 1176 4613
f 4583 4584 4656
f 4653 4656 4654
f 4606 4607 4674
f 1178 1179 4614
f 4623 4655 2304
f 4622 2306 4654
f 1179 4638 4614
f 4654 4655 4653
f 4675 4677 4614
f 4659 2308 2307
f 4636 4613 4678
f 1181 1182 4615
f 4582 4583 4709
f 4655 2305 2304
f 1182 3468 4642
f 3467 3466 4616
f 4587 4652 4621
f 4620 4651 4649
f 4598 4599 4680
f 4652 4588 4708
f 4641 4643 4616
f 3464 3463 4617
f 4652 4650 4621
f 2310 4621 4650
f 3463 4646 4617
f 3461 3460 4618
f 4588 4589 4708
f 4648 4595 4707
f 4593 4594 4686
f 4708 4691 4649
f 4646 4647 4645
f 4650 4651 2311
f 4682 4683 4617
f 4653 4709 4656
f 4638 4639 4637
f 4632 4611 4568
f 4633 4632 4569
f 1176 1177 4676
f 4673 4610 4611
f 1179 1180 4638
f 4633 4673 4632
f 4672 4609 4610
f 4605 4606 4675
f 4608 4609 4704
f 4608 4678 4607
f 4640 4602 4603
f 4636 4678 4634
f 4607 4678 4674
f 4681 3465 4683
f 3463 3462 4646
f 4603 4604 4705
f 4637 4639 4640
f 4682 4597 4598
f 4674 4675 4606
f 4600 4684 4599
f 4679 4604 4605
f 4643 4642 3468
f 4648 4594 4595
f 4601 4706 4600
f 4641 4616 4684
f 4591 4592 4690
f 4682 4617 4597
f 4680 4599 4684
f 4648 4647 4618
f 4619 3458 2314
f 4644 4602 4615
f 4592 4593 4715
f 4631 4630 4591
f 4685 4596 4597
f 4596 4707 4595
f 4659 4658 2308
f 4655 4654 2305
f 4686 4594 4618
f 4686 4687 4715
f 4585 4693 4584
f 4648 4645 4647
f 4652 4587 4588
f 4629 2314 2313
f 2312 2311 4651
f 4687 4689 4619
f 3460 3459 4688
f 4594 4648 4618
f 4636 4635 1174
f 2313 2312 4620
f 4617 4646 4645
f 4647 4646 3462
f 2312 4651 4620
f 2310 2309 4621
f 4707 4685 4645
f 4615 4642 4644
f 2309 2308 4658
f 3462 3461 4647
f 4651 4650 4649
f 2307 2306 4622
f 4642 4643 4641
f 4616 4643 3467
f 2306 2305 4654
f 2304 2303 4623
f 4641 4706 4644
f 4643 3468 3467
f 4580 4581 4694
f 4615 1182 4642
f 4653 4655 4623
f 4602 4644 4601
f 4659 4622 4693
f 2 3 4624
f 4640 4603 4705
f 4602 4640 4615
f 3 4661 4624
f 5 6 4625
f 1181 4615 4639
f 4614 4638 4637
f 6 7 4665
f 4640 4639 4615
f 4661 4662 4660
f 8 9 4626
f 1180 1181 4639
f 4705 4679 4637
f 9 10 4669
f 11 12 4627
f 4613 4636 1175
f 4612 1173 4635
f 12 13 4628
f 4635 4636 4634
f 4668 4670 4627
f 4639 4638 1180
f 4666 4626 4702
f 4641 4644 4642
f 4624 4698 2
f 4582 4699 4581
f 4690 4631 4591
f 4691 4589 4590
f 3 4 4661
f 4666 4665 7
f 4650 4652 4649
f 4692 4586 4587
f 4663 4576 4577
f 2311 2310 4650
f 4696 4579 4580
f 4574 4702 4573
f 4659 4693 4657
f 4656 4622 4654
f 4628 4627 12
f 4667 4628 4569
f 4653 4623 4699
f 4581 4699 4694
f 13 4569 4628
f 4656 4584 4693
f 4571 4703 4570
f 4658 4657 4692
f 4670 4669 10
f 4629 4620 4630
f 4700 4578 4579
f 4578 4711 4577
f 4691 4630 4620
f 4575 4576 4701
f 4660 4662 4663
f 4701 4664 4712
f 4619 4629 4631
f 4624 4700 4696
f 4591 4630 4590
f 4633 4569 13
f 4666 4702 4664
f 4671 4626 4669
f 4568 4569 4632
f 4612 4672 4673
f 4668 4627 4703
f 4568 4667 4569
f 4704 4672 4634
f 4671 4573 4702
f 4714 1171 1172
f 4636 1174 1175
f 4630 4631 4629
f 4628 4667 4627
f 2313 4620 4629
f 4672 4635 4634
f 4629 4619 2314
f 3461 4618 4647
f 4697 4695 1
f 4658 4659 4657
f 4711 4700 4660
f 4 5 4662
f 4662 4661 4
f 4624 4661 4660
f 5 4625 4662
f 4663 4662 4625
f 4663 4625 4701
f 4663 4577 4711
f 4666 7 8
f 4574 4575 4712
f 4701 4665 4664
f 4625 6 4665
f 4626 4666 8
f 4665 4666 4664
f 4703 4667 4570
f 4568 4570 4667
f 4670 10 11
f 4571 4572 4713
f 4668 4713 4671
f 4626 9 4669
f 4627 4670 11
f 4669 4670 4668
f 4668 4671 4669
f 4572 4573 4671
f 4673 4672 4610
f 4672 4612 4635
f 4632 4673 4611
f 4714 4673 4633
f 4676 4613 1176
f 4614 4679 4675
f 4676 4675 4674
f 1178 4677 1177
f 4676 1177 4677
f 4613 4676 4674
f 4614 4677 1178
f 4676 4677 4675
f 4678 4608 4704
f 4674 4678 4613
f 4675 4679 4605
f 4637 4679 4614
f 4681 4680 4616
f 3465 3464 4683
f 4616 3466 4681
f 3465 4681 3466
f 4598 4680 4682
f 4680 4681 4683
f 4617 4683 3464
f 4683 4682 4680
f 4684 4600 4706
f 4680 4684 4616
f 4597 4617 4685
f 4645 4685 4617
f 4688 4618 3460
f 4619 4690 4687
f 4688 4687 4686
f 3458 4689 3459
f 4688 3459 4689
f 4618 4688 4686
f 4619 4689 3458
f 4688 4689 4687
f 4690 4592 4715
f 4631 4690 4619
f 4630 4691 4590
f 4649 4691 4620
f 4587 4621 4692
f 4658 4692 4621
f 4693 4585 4710
f 4656 4693 4622
f 4695 4694 4623
f 4697 1 4698
f 4623 2303 4695
f 1 4695 2303
f 4580 4694 4696
f 4697 4696 4694
f 4695 4697 4694
f 4698 1 2
f 4624 4696 4698
f 4697 4698 4696
f 4699 4582 4709
f 4694 4699 4623
f 4696 4700 4579
f 4660 4700 4624
f 4663 4701 4576
f 4701 4625 4665
f 4702 4574 4712
f 4671 4702 4626
f 4703 4571 4713
f 4667 4703 4627
f 4672 4704 4609
f 4678 4704 4634
f 4679 4705 4604
f 4640 4705 4637
f 4644 4706 4601
f 4684 4706 4641
f 4685 4707 4596
f 4648 4707 4645
f 4691 4708 4589
f 4652 4708 4649
f 4656 4709 4583
f 4699 4709 4653
f 4692 4710 4586
f 4693 4710 4657
f 4700 4711 4578
f 4663 4711 4660
f 4701 4712 4575
f 4702 4712 4664
f 4671 4713 4572
f 4703 4713 4668
f 1171 4714 4633
f 4612 4714 1172
f 4686 4715 4593
f 4690 4715 4687