v -0.000024 -0.399647 0.191835
v 0.010371 -0.399838 0.190000
v 0.010254 -0.381731 0.188735
v 0.010851 -0.362173 0.190910
v 0.010305 -0.342604 0.193265
v 0.011036 -0.323057 0.193603
v 0.010780 -0.303305 0.193584
v 0.010920 -0.284071 0.190915
v 0.011943 -0.265027 0.187455
v 0.011870 -0.245076 0.185558
v 0.008626 -0.226142 0.180057
v 0.008385 -0.206047 0.176820
v 0.007872 -0.186112 0.171928
v 0.007098 -0.166552 0.165106
v 0.006540 -0.147298 0.161113
v 0.005845 -0.128394 0.152813
v 0.005659 -0.109493 0.145949
v 0.005530 -0.091002 0.138483
v 0.005653 -0.073318 0.130434
v 0.005748 -0.054545 0.124340
v 0.005628 -0.037277 0.115564
v 0.005015 -0.019932 0.107397
v 0.004966 -0.001786 0.101395
v 0.004427 0.015038 0.094240
v 0.004376 0.032331 0.088871
v 0.004313 0.034931 0.088380
v 0.004445 0.051786 0.080179
v 0.004376 0.071112 0.073337
v 0.004491 0.088612 0.067253
v 0.004433 0.106787 0.062081
v 0.003619 0.124250 0.061227
v 0.002252 0.135345 0.063333
v 0.000763 0.149214 0.063583
v -0.000243 0.161314 0.067525
v -0.003135 0.175384 0.067571
v -0.010717 0.171679 0.075740
v -0.010385 0.159782 0.071477
v -0.010091 0.147992 0.066722
v -0.009040 0.134373 0.063463
v -0.007244 0.123692 0.059969
v -0.006047 0.106347 0.060794
v -0.005989 0.088466 0.066232
v -0.006192 0.071648 0.073980
v -0.006168 0.052569 0.080566
v -0.006447 0.035520 0.088149
v -0.006360 0.033049 0.089140
v -0.006208 0.015652 0.094502
v -0.005589 -0.001259 0.101931
v -0.006242 -0.019748 0.108231
v -0.005472 -0.036803 0.117256
v -0.004802 -0.053764 0.125363
v -0.004908 -0.072615 0.131237
v -0.005016 -0.090464 0.138766
v -0.004869 -0.108988 0.146625
v -0.004838 -0.128172 0.153104
v -0.004087 -0.147212 0.161239
v -0.003458 -0.166320 0.166112
v -0.002667 -0.185877 0.172953
v -0.002028 -0.205639 0.178715
v -0.001516 -0.225491 0.183157
v -0.001097 -0.244766 0.187109
v -0.001113 -0.264620 0.189184
v 0.000282 -0.284168 0.190024
v 0.000364 -0.303409 0.191626
v -0.000622 -0.322945 0.192403
v -0.000287 -0.342630 0.194365
v 0.000515 -0.361986 0.193303
v -0.000258 -0.381494 0.190380
v 0.255199 -0.058879 -0.024646
v 0.304444 -0.034485 -0.027254
v 0.342078 -0.024530 -0.023756
v 0.359323 -0.023157 -0.025155
v 0.375954 -0.022489 -0.026547
v 0.392408 -0.021160 -0.027938
v 0.408528 -0.021093 -0.029340
v 0.424398 -0.020977 -0.030699
v 0.440123 -0.021099 -0.031883
v 0.455970 -0.021869 -0.032490
v 0.471690 -0.024303 -0.033998
v 0.487387 -0.027342 -0.036040
v 0.503125 -0.029987 -0.038117
v 0.519167 -0.032561 -0.039829
v 0.535096 -0.033713 -0.041885
v 0.551958 -0.035672 -0.044082
v 0.568189 -0.037837 -0.046397
v 0.584706 -0.038910 -0.048596
v 0.601509 -0.040388 -0.050869
v 0.618609 -0.042121 -0.053195
v 0.636089 -0.043222 -0.055054
v 0.650277 -0.044329 -0.056803
v 0.662122 -0.044959 -0.058789
v 0.666827 -0.041905 -0.040061
v 0.671633 -0.025596 -0.030301
v 0.675559 -0.006634 -0.027804
v 0.678269 0.012701 -0.029170
v 0.680167 0.032955 -0.031219
v 0.682082 0.052745 -0.033965
v 0.683626 0.069259 -0.044402
v 0.682601 0.072387 -0.063725
v 0.681886 0.069236 -0.083121
v 0.680658 0.055571 -0.097609
v 0.678794 0.036138 -0.100580
v 0.676945 0.016424 -0.099213
v 0.673845 -0.002495 -0.094975
v 0.669138 -0.020408 -0.087248
v 0.665441 -0.035857 -0.075627
v 0.256355 -0.055864 -0.048969
v 0.272391 -0.036719 -0.066272
v 0.282916 -0.018746 -0.080824
v 0.267548 -0.009759 -0.094702
v 0.273026 0.013873 -0.102509
v 0.262230 0.023907 -0.107618
v 0.248023 0.032473 -0.110251
v 0.237324 0.048974 -0.113262
v 0.227277 0.062075 -0.115443
v 0.217804 0.078781 -0.109731
v 0.213151 0.094823 -0.105524
v 0.213109 0.115278 -0.102561
v 0.210924 0.127107 -0.088037
v 0.208814 0.137160 -0.071279
v 0.208825 0.137443 -0.070724
v 0.208838 0.137714 -0.070161
v 0.208834 0.143047 -0.056600
v 0.212908 0.139350 -0.042119
v 0.204737 0.142418 -0.027607
v 0.213376 0.137264 -0.013564
v 0.206484 0.137615 -0.000019
v 0.215948 0.122428 0.010875
v 0.215984 0.121799 0.011394
v 0.216002 0.121160 0.011910
v 0.213431 0.113561 0.022477
v 0.219220 0.097543 0.031153
v 0.223971 0.080775 0.036103
v 0.229655 0.063052 0.041149
v 0.239086 0.053059 0.044695
v 0.245714 0.036430 0.047277
v 0.227127 0.023781 0.047763
v 0.229864 0.022240 0.048530
v 0.239337 0.017755 0.052314
v 0.250196 0.011747 0.053944
v 0.261324 0.002680 0.051740
v 0.255701 -0.019276 0.045190
v 0.252160 -0.036166 0.034308
v 0.249120 -0.049175 0.019328
v 0.245274 -0.059590 -0.000454
v 0.283957 0.120192 -0.041875
v 0.242664 0.120240 -0.051926
v 0.225624 0.131101 -0.058465
v 0.229299 0.124746 -0.025580
v 0.219358 0.133658 -0.061298
v 0.215908 0.137539 -0.034660
v 0.220662 0.131513 -0.012262
v 0.220695 0.127447 -0.076365
v 0.354513 -0.009167 0.030764
v 0.284624 -0.040693 -0.039634
v 0.386865 0.046930 -0.107322
v 0.351016 -0.003443 -0.081259
v 0.281823 0.097397 -0.096143
v 0.255486 0.101078 0.000096
v 0.328141 0.071625 0.003474
v 0.242940 0.101875 -0.088331
v 0.218434 0.131523 -0.024342
v 0.222118 0.114648 0.001053
v 0.230633 0.118765 -0.068941
v 0.336193 0.033843 0.042891
v 0.321349 -0.015297 0.023570
v 0.333676 0.055344 -0.107395
v 0.325008 -0.004347 -0.074219
v 0.280505 0.063253 -0.108718
v 0.241123 0.080812 0.017141
v 0.289590 0.067391 0.023133
v 0.232018 0.098672 -0.105247
v 0.255355 0.085384 -0.109737
v 0.214934 0.114767 0.009488
v 0.214975 0.123841 -0.001602
v 0.227795 0.125576 -0.009378
v 0.243706 0.113953 -0.003458
v 0.231917 0.119534 -0.002984
v 0.314740 0.020165 0.049552
v 0.282429 -0.028567 0.023825
v 0.300706 -0.030377 0.007091
v 0.304787 -0.007444 0.036933
v 0.309221 0.028452 -0.107207
v 0.309960 -0.008658 -0.070152
v 0.322551 -0.012916 -0.051368
v 0.313692 0.003390 -0.093586
v 0.315103 -0.005053 -0.083254
v 0.268745 0.045317 -0.110990
v 0.232226 0.078415 0.028127
v 0.246137 0.069923 0.027054
v 0.225703 0.094157 0.016780
v 0.234643 0.103080 0.006327
v 0.246941 0.103094 0.005359
v 0.274105 0.050065 0.038254
v 0.221520 0.090004 -0.103939
v 0.224397 0.109867 -0.100265
v 0.235051 0.080005 -0.105053
v 0.243619 0.064035 -0.108697
v 0.292941 0.005826 0.046372
v 0.299128 0.032097 0.050908
v 0.271872 -0.042220 0.008382
v 0.277341 -0.017466 0.037307
v 0.294732 0.019525 -0.102349
v 0.293578 -0.029791 -0.053319
v 0.301161 0.001512 -0.088333
v 0.263163 0.066913 -0.112374
v 0.258224 0.085576 0.013693
v 0.264956 0.044689 0.046045
v 0.219985 0.120178 -0.090074
v 0.226952 0.112516 -0.084162
v 0.244839 0.096283 -0.103430
v 0.287129 0.037490 -0.109356
v 0.307795 0.015465 -0.101534
v 0.333018 0.026862 -0.104804
v 0.321299 0.019250 -0.101922
v 0.338334 0.003664 -0.096582
v 0.327905 -0.000440 -0.088043
v 0.338388 -0.005363 -0.078627
v 0.349400 -0.016572 -0.052291
v 0.346661 -0.009690 -0.067012
v 0.336434 -0.013453 -0.057124
v 0.337956 -0.019010 -0.040616
v 0.252394 0.053037 -0.110456
v 0.238006 0.113519 -0.076937
v 0.268057 0.117208 -0.072283
v 0.254720 0.107421 -0.076084
v 0.276710 0.027406 -0.107101
v 0.281400 0.048713 -0.110463
v 0.297435 0.031542 -0.107447
v 0.351780 -0.022103 -0.038287
v 0.370604 -0.018983 -0.050416
v 0.363522 -0.021667 -0.039102
v 0.360776 -0.011621 -0.063499
v 0.247071 0.117487 -0.063654
v 0.263717 0.123466 -0.043803
v 0.253125 0.124369 -0.052895
v 0.262393 0.124169 -0.058881
v 0.270730 0.118568 -0.048083
v 0.265169 0.106463 -0.090985
v 0.253778 0.095901 -0.093550
v 0.402818 0.002530 -0.087810
v 0.383750 -0.008036 -0.072907
v 0.374060 -0.013065 -0.064445
v 0.369009 -0.002179 -0.082284
v 0.560816 0.061844 -0.029176
v 0.642522 -0.031090 -0.025081
v 0.644310 -0.041663 -0.039949
v 0.654338 -0.043485 -0.044761
v 0.655683 -0.033747 -0.030298
v 0.626013 -0.039067 -0.033795
v 0.652762 -0.011254 -0.022984
v 0.633551 -0.042517 -0.042814
v 0.649881 -0.023581 -0.025056
v 0.605028 0.017902 -0.102182
v 0.639532 -0.023564 -0.082080
v 0.643218 -0.036504 -0.070486
v 0.624338 -0.032237 -0.071082
v 0.654135 -0.028440 -0.080406
v 0.655666 -0.039229 -0.068962
v 0.634254 -0.031018 -0.074526
v 0.232499 0.132172 -0.041682
v 0.244300 0.128890 -0.032640
v 0.237554 0.122220 -0.018268
v 0.230577 0.127579 -0.052855
v 0.254141 0.117663 -0.022315
v 0.246376 0.126735 -0.023601
v 0.217825 0.137582 -0.047302
v 0.352034 -0.017769 0.002806
v 0.405041 -0.010324 0.026138
v 0.282278 -0.042811 -0.007822
v 0.317494 -0.029790 -0.009561
v 0.348146 -0.024016 -0.010824
v 0.333903 -0.020321 0.005669
v 0.349081 -0.014195 0.018229
v 0.342208 -0.008829 0.029851
v 0.347100 0.009759 0.045023
v 0.348224 -0.002532 0.039402
v 0.333852 0.001697 0.042724
v 0.333259 0.018319 0.047051
v 0.318144 0.039782 0.044736
v 0.269399 0.084804 -0.102324
v 0.264206 0.092710 -0.101719
v 0.283343 0.082116 -0.101668
v 0.273174 0.073261 -0.106806
v 0.321964 0.094536 -0.085430
v 0.308764 0.071512 -0.106849
v 0.307399 0.048241 -0.110334
v 0.295176 0.060507 -0.108117
v 0.300621 0.092028 -0.091552
v 0.318996 0.059506 -0.104416
v 0.298242 0.078470 -0.105233
v 0.291692 0.091462 -0.098423
v 0.324762 0.079212 -0.099212
v 0.322688 0.042268 -0.109264
v 0.251579 0.090728 0.010619
v 0.264763 0.066790 0.023400
v 0.258842 0.050118 0.037110
v 0.247100 0.050725 0.035356
v 0.285661 0.092720 -0.006543
v 0.233188 0.103487 -0.092371
v 0.361996 0.028907 -0.099510
v 0.315562 -0.023474 -0.043385
v 0.383724 -0.020181 -0.042825
v 0.386481 -0.015853 -0.058043
v 0.401277 -0.010114 -0.069946
v 0.400734 -0.019018 -0.047860
v 0.282008 0.110831 -0.079608
v 0.292646 0.100821 -0.082264
v 0.283013 0.120411 -0.061370
v 0.308328 0.101154 -0.076054
v 0.276682 0.117818 -0.071711
v 0.299043 0.108921 -0.064012
v 0.332966 0.100613 -0.043099
v 0.289060 0.113331 -0.069189
v 0.296108 0.120595 -0.049229
v 0.325989 0.106555 -0.060910
v 0.296334 0.111194 -0.023595
v 0.321403 0.104568 -0.073793
v 0.313005 0.112213 -0.061401
v 0.292392 0.119003 -0.035839
v 0.322066 0.113836 -0.042068
v 0.306235 0.116865 -0.038585
v 0.305398 0.117899 -0.051535
v 0.479051 0.037268 -0.106610
v 0.446789 -0.002544 -0.083278
v 0.360627 -0.007114 -0.075522
v 0.385250 0.004681 -0.091573
v 0.548563 0.001301 0.003996
v 0.619690 0.049591 -0.023430
v 0.596655 -0.026220 -0.015041
v 0.611052 -0.040737 -0.037595
v 0.614693 -0.029560 -0.020015
v 0.665206 -0.015112 -0.025995
v 0.661640 0.005141 -0.024808
v 0.630167 0.013929 -0.015773
v 0.645712 0.004745 -0.019336
v 0.640529 0.032098 -0.103627
v 0.576143 -0.010111 -0.083101
v 0.653811 -0.008568 -0.092446
v 0.649475 -0.019070 -0.086401
v 0.627429 -0.039757 -0.061628
v 0.609146 -0.034592 -0.064704
v 0.607754 -0.011149 -0.087413
v 0.612399 -0.023674 -0.077265
v 0.590379 -0.024430 -0.071790
v 0.624932 -0.013519 -0.087844
v 0.601000 -0.019839 -0.079187
v 0.588919 -0.013491 -0.082880
v 0.586767 0.006104 -0.096861
v 0.584983 -0.004623 -0.089530
v 0.598249 -0.002337 -0.092448
v 0.596475 -0.033521 -0.062605
v 0.369340 -0.020905 -0.006121
v 0.402448 -0.022017 -0.000206
v 0.452583 -0.010195 0.018331
v 0.322675 0.011361 0.048542
v 0.310368 0.031389 0.048998
v 0.325146 0.028627 0.047312
v 0.334949 0.061863 0.029881
v 0.301589 0.052187 0.037335
v 0.311315 0.081857 -0.094881
v 0.257589 0.070256 0.022174
v 0.276311 0.064755 0.026203
v 0.269551 0.093581 0.000760
v 0.277370 0.076915 0.010531
v 0.273428 0.107849 -0.021284
v 0.283186 0.111347 -0.029019
v 0.271019 0.121115 -0.031335
v 0.269243 0.081959 0.010690
v 0.276316 0.098998 -0.011027
v 0.262171 0.117776 -0.032974
v 0.266579 0.112510 -0.020414
v 0.346824 0.022162 -0.098988
v 0.347144 0.042341 -0.105958
v 0.359970 0.007180 -0.097406
v 0.352940 0.032428 -0.101745
v 0.348794 0.009515 -0.098740
v 0.394671 -0.003629 -0.079418
v 0.400746 -0.020931 -0.035242
v 0.396689 -0.015402 -0.058882
v 0.416215 -0.018644 -0.046492
v 0.277144 0.104508 -0.090150
v 0.330788 0.112450 -0.048884
v 0.316985 0.092970 -0.018594
v 0.315430 0.107372 -0.027247
v 0.306511 0.101317 -0.014836
v 0.325282 0.096743 -0.030974
v 0.337595 0.085505 -0.014980
v 0.337569 0.094878 -0.028846
v 0.327007 0.092241 -0.020963
v 0.324036 0.082301 -0.007652
v 0.433871 0.092039 -0.025024
v 0.307593 0.077469 0.009235
v 0.388764 0.100082 -0.059467
v 0.358801 0.105687 -0.070255
v 0.344838 0.108623 -0.063019
v 0.317184 0.077595 0.001951
v 0.309017 0.090203 -0.003555
v 0.372251 0.088062 -0.022316
v 0.355684 0.098080 -0.045028
v 0.335714 0.101060 -0.076516
v 0.354250 0.089246 -0.022254
v 0.345292 0.097394 -0.040071
v 0.346043 0.100239 -0.054131
v 0.293420 0.102780 -0.013047
v 0.296230 0.087347 0.003993
v 0.295569 0.078106 0.014354
v 0.348582 0.097315 -0.072289
v 0.363260 0.078577 -0.099286
v 0.366533 0.053703 -0.101513
v 0.340870 0.084346 -0.087938
v 0.357991 0.090169 -0.083305
v 0.331614 0.092665 -0.086773
v 0.510669 0.000647 -0.087789
v 0.447067 -0.014227 -0.057622
v 0.423781 -0.004719 -0.078432
v 0.478820 -0.008948 -0.071647
v 0.380069 -0.002963 -0.082827
v 0.399166 0.023296 -0.107154
v 0.546640 -0.029632 -0.010762
v 0.650856 0.046522 -0.027474
v 0.628572 0.078358 -0.071658
v 0.578282 -0.036396 -0.024739
v 0.602973 -0.035427 -0.026143
v 0.591035 -0.035144 -0.023737
v 0.585643 -0.040133 -0.035153
v 0.628735 -0.029011 -0.021473
v 0.622253 -0.007981 -0.013878
v 0.622355 -0.020255 -0.016604
v 0.607776 -0.015030 -0.011865
v 0.580401 0.004815 -0.003320
v 0.591897 -0.008701 -0.006631
v 0.660461 0.029044 -0.101998
v 0.559267 -0.022153 -0.066948
v 0.663892 -0.010262 -0.091911
v 0.575569 -0.029434 -0.062447
v 0.619556 0.004439 -0.097254
v 0.359115 -0.021063 -0.011804
v 0.368493 -0.023248 -0.018779
v 0.385801 -0.020402 -0.009385
v 0.368612 -0.017687 0.015931
v 0.401470 -0.022416 -0.016364
v 0.417743 -0.022629 -0.009871
v 0.450012 -0.026626 -0.004730
v 0.499583 -0.010860 0.010725
v 0.331785 0.047037 0.039773
v 0.318389 0.058402 0.033179
v 0.316993 0.065014 0.016173
v 0.303105 0.065333 0.019748
v 0.312549 0.048056 0.042877
v 0.330294 0.067282 0.016580
v 0.363512 0.076472 0.013191
v 0.346782 0.073190 0.005425
v 0.307885 0.060307 0.027633
v 0.334265 0.041839 -0.107518
v 0.376129 0.016343 -0.103591
v 0.360505 -0.000877 -0.087395
v 0.364527 0.092412 -0.032633
v 0.380479 0.092737 -0.041048
v 0.283123 0.103908 -0.018502
v 0.350199 0.064375 -0.105740
v 0.336243 0.071281 -0.098304
v 0.376025 0.099052 -0.078398
v 0.352437 0.076797 -0.092123
v 0.349143 0.088428 -0.080834
v 0.511252 -0.015473 -0.062256
v 0.448232 -0.018137 -0.043226
v 0.431775 -0.016592 -0.048779
v 0.463130 -0.016064 -0.050929
v 0.411152 -0.004795 -0.078913
v 0.417040 -0.013904 -0.064058
v 0.431074 -0.012283 -0.065401
v 0.423363 -0.015050 -0.055102
v 0.435775 -0.005888 -0.077685
v 0.446239 -0.009774 -0.071110
v 0.461950 -0.007597 -0.075566
v 0.396787 0.010815 -0.097830
v 0.387794 0.018784 -0.104422
v 0.381028 0.032153 -0.106486
v 0.376091 0.042713 -0.101970
v 0.393485 0.034511 -0.108322
v 0.435832 0.072591 -0.082887
v 0.420163 0.047447 -0.100192
v 0.408972 0.038541 -0.109468
v 0.404012 0.064479 -0.100881
v 0.429622 0.020675 -0.101665
v 0.419376 0.007367 -0.092652
v 0.435746 0.006874 -0.091490
v 0.409893 0.014732 -0.100706
v 0.408886 0.051671 -0.101183
v 0.398764 0.047976 -0.107929
v 0.421606 0.032627 -0.110519
v 0.454693 0.025398 -0.102171
v 0.418841 0.021419 -0.103746
v 0.442556 0.018154 -0.100301
v 0.440940 0.045216 -0.108156
v 0.409996 0.026193 -0.108770
v 0.453775 0.008409 -0.095051
v 0.445035 0.031539 -0.106566
v 0.433414 0.033559 -0.109214
v 0.429979 0.046004 -0.105300
v 0.429993 0.059319 -0.093054
v 0.416035 0.064214 -0.091189
v 0.471936 0.015823 -0.099945
v 0.457554 -0.001032 -0.086110
v 0.448497 0.063634 -0.097373
v 0.405358 0.081956 -0.076171
v 0.461902 0.016092 -0.099812
v 0.467712 0.030231 -0.105220
v 0.456645 0.044207 -0.107618
v 0.439157 0.064654 -0.090878
v 0.408574 0.078649 -0.091889
v 0.387315 0.081279 -0.094904
v 0.420905 0.083550 -0.076470
v 0.396986 0.079112 -0.086625
v 0.389244 0.091493 -0.080285
v 0.418246 0.075929 -0.086739
v 0.385312 0.098998 -0.071490
v 0.371414 0.094475 -0.059219
v 0.368141 0.096323 -0.045843
v 0.426551 0.068065 -0.085790
v 0.544667 -0.037817 -0.027642
v 0.561042 -0.035202 -0.021231
v 0.525847 -0.034764 -0.016180
v 0.555732 -0.038735 -0.031942
v 0.532854 -0.037239 -0.028085
v 0.537422 -0.034750 -0.016256
v 0.667610 0.044423 -0.030730
v 0.660260 0.066867 -0.039054
v 0.657444 0.025766 -0.024931
v 0.659483 0.055311 -0.031820
v 0.658632 0.037488 -0.026981
v 0.666750 0.017621 -0.026671
v 0.655847 0.074629 -0.072487
v 0.597222 -0.040871 -0.037766
v 0.638591 -0.012493 -0.018315
v 0.633920 0.000511 -0.016058
v 0.603939 0.018695 -0.010168
v 0.609311 0.002548 -0.009804
v 0.621320 0.005474 -0.012714
v 0.596530 0.005766 -0.007238
v 0.580321 -0.023347 -0.010050
v 0.671812 0.027107 -0.101051
v 0.660284 0.009364 -0.098831
v 0.653521 0.058353 -0.097412
v 0.559277 -0.031819 -0.055066
v 0.542951 -0.025827 -0.059638
v 0.586052 -0.033052 -0.059744
v 0.570857 -0.019640 -0.072688
v 0.617892 -0.006538 -0.091405
v 0.607036 0.005762 -0.097363
v 0.622814 0.024544 -0.102631
v 0.637916 0.000419 -0.095983
v 0.363526 -0.018756 0.004613
v 0.378913 -0.018835 0.005039
v 0.391390 -0.020528 0.003255
v 0.399336 -0.019191 0.014457
v 0.418814 -0.020219 0.013142
v 0.385073 -0.010298 0.028517
v 0.386793 -0.017483 0.015961
v 0.417277 -0.022749 -0.022375
v 0.432490 -0.023978 -0.014862
v 0.447991 -0.025465 -0.020289
v 0.465182 -0.029190 -0.014067
v 0.496972 -0.031967 -0.009516
v 0.363816 0.081320 -0.006636
v 0.350768 0.067993 0.022836
v 0.341723 0.069216 0.015577
v 0.351985 0.047392 0.034239
v 0.346469 0.058242 0.029676
v 0.341427 0.043806 0.038345
v 0.365721 0.059427 0.024361
v 0.348480 0.080959 -0.009883
v 0.337577 0.076367 -0.004586
v 0.373536 0.005976 -0.094043
v 0.365221 0.017885 -0.102348
v 0.403127 0.093491 -0.015927
v 0.343241 0.054746 -0.107625
v 0.360703 0.065204 -0.102842
v 0.365068 0.100345 -0.079972
v 0.370712 0.090699 -0.090632
v 0.376242 0.078946 -0.098512
v 0.383400 0.065122 -0.103848
v 0.380832 0.089774 -0.088833
v 0.394621 0.071148 -0.101249
v 0.373246 0.065081 -0.099223
v 0.511195 -0.024823 -0.049678
v 0.493965 -0.016861 -0.053088
v 0.526225 -0.023049 -0.058725
v 0.432634 -0.020203 -0.037370
v 0.463286 -0.020020 -0.039142
v 0.469012 -0.011931 -0.063720
v 0.480764 -0.013896 -0.055254
v 0.457976 -0.012211 -0.063400
v 0.486111 -0.019912 -0.046183
v 0.426937 0.003170 -0.087577
v 0.449426 0.053193 -0.105543
v 0.415953 0.100553 -0.049949
v 0.395873 0.088436 -0.066332
v 0.400670 0.093547 -0.046473
v 0.409459 0.091378 -0.062332
v 0.422838 0.097370 -0.065523
v 0.412825 0.091641 -0.074107
v 0.436546 0.098320 -0.047834
v 0.426609 0.098068 -0.053601
v 0.425893 0.098545 -0.036468
v 0.410106 0.100687 -0.031901
v 0.381499 0.094056 -0.052970
v 0.360015 0.097723 -0.058606
v 0.568261 -0.039501 -0.032198
v 0.512572 -0.035378 -0.024156
v 0.521986 -0.036080 -0.028305
v 0.513215 -0.029666 -0.005986
v 0.499738 -0.033849 -0.023869
v 0.673067 0.063089 -0.036585
v 0.669332 0.073487 -0.053462
v 0.669335 0.073904 -0.068534
v 0.651025 0.075421 -0.053745
v 0.639555 0.030964 -0.020778
v 0.653804 0.013453 -0.022870
v 0.668467 0.030557 -0.028485
v 0.579736 -0.009664 -0.004079
v 0.564699 -0.002293 0.000351
v 0.571690 -0.030704 -0.015322
v 0.649686 0.019453 -0.101313
v 0.648496 0.006557 -0.098091
v 0.666060 0.047949 -0.100442
v 0.652045 0.042428 -0.102702
v 0.666998 0.065604 -0.091181
v 0.654572 0.070311 -0.087203
v 0.633325 0.068313 -0.093123
v 0.641820 0.074914 -0.077941
v 0.644580 0.066061 -0.093056
v 0.670800 0.070775 -0.080530
v 0.636197 0.050624 -0.102099
v 0.640480 0.077492 -0.063207
v 0.619835 0.074235 -0.043052
v 0.636132 0.074260 -0.045452
v 0.644021 0.062320 -0.034309
v 0.628136 0.038434 -0.103976
v 0.626014 0.077818 -0.056303
v 0.650199 0.069975 -0.042084
v 0.635145 0.049794 -0.026065
v 0.628597 0.064032 -0.033601
v 0.543222 -0.032148 -0.049093
v 0.541197 -0.000833 -0.086966
v 0.616141 0.015251 -0.101302
v 0.638163 -0.011941 -0.089869
v 0.630575 0.012380 -0.100318
v 0.412934 -0.022484 0.001914
v 0.370631 -0.009030 0.031700
v 0.383065 0.028402 0.033547
v 0.380736 0.007415 0.037143
v 0.363992 0.006809 0.041146
v 0.429001 -0.023956 0.001894
v 0.438476 -0.025309 -0.003466
v 0.445914 -0.020733 0.009479
v 0.434021 -0.008908 0.022031
v 0.429628 -0.018644 0.014206
v 0.442372 -0.013520 0.018117
v 0.463621 -0.026655 -0.026092
v 0.480723 -0.030851 -0.019746
v 0.489731 -0.032027 -0.024836
v 0.479292 -0.022744 0.005954
v 0.475934 -0.029120 -0.006393
v 0.487235 -0.029042 -0.002791
v 0.463713 -0.022651 0.004738
v 0.498151 -0.023243 0.002666
v 0.455405 -0.018509 0.011162
v 0.363639 0.084934 -0.018596
v 0.356627 0.077482 0.002550
v 0.388297 0.097493 -0.022594
v 0.393428 0.071364 0.010259
v 0.496714 -0.005909 -0.072788
v 0.489560 -0.010069 -0.063737
v 0.524912 -0.008962 -0.077238
v 0.527091 -0.029626 -0.048238
v 0.474051 -0.017438 -0.045532
v 0.390077 0.101405 -0.044343
v 0.418568 0.091570 -0.017819
v 0.506484 -0.033155 -0.014524
v 0.531426 -0.017622 0.003005
v 0.659883 0.075310 -0.061082
v 0.641088 0.017770 -0.019416
v 0.622496 0.031564 -0.017228
v 0.562156 0.032510 -0.007971
v 0.553703 -0.015744 -0.000790
v 0.560225 -0.025670 -0.008880
v 0.542120 -0.011076 0.003335
v 0.546701 -0.012782 -0.073063
v 0.560793 -0.008475 -0.079574
v 0.550279 -0.004248 -0.081568
v 0.560845 0.022532 -0.105289
v 0.561879 0.006374 -0.093351
v 0.574198 0.003369 -0.094488
v 0.577783 0.021076 -0.104157
v 0.368612 0.039209 0.032952
v 0.396484 0.002167 0.033593
v 0.419464 0.014308 0.028437
v 0.391657 0.017078 0.034098
v 0.405587 0.015365 0.031227
v 0.411154 0.002192 0.029950
v 0.417512 -0.009985 0.024660
v 0.413434 0.046898 0.016027
v 0.413423 0.030981 0.024469
v 0.397415 0.033305 0.027565
v 0.372431 0.000468 0.037839
v 0.373553 0.018192 0.038823
v 0.459411 -0.027285 -0.005108
v 0.470291 -0.006899 0.017226
v 0.380843 0.091552 -0.028700
v 0.398849 0.101089 -0.027440
v 0.390299 0.086676 -0.003631
v 0.377086 0.070894 0.015019
v 0.380941 0.053068 0.023199
v 0.383970 0.079701 0.006729
v 0.375828 0.087924 -0.003807
v 0.387680 0.040449 0.027175
v 0.398939 0.047979 0.019744
v 0.386148 0.063033 0.016716
v 0.380213 0.092942 -0.014657
v 0.372469 0.081878 0.007320
v 0.406376 0.062911 0.010981
v 0.395939 0.059894 0.015274
v 0.432100 0.067145 -0.000408
v 0.406395 0.080568 0.000300
v 0.420652 0.060834 0.007084
v 0.438403 0.036367 0.013678
v 0.419897 0.077592 -0.000658
v 0.432267 0.051421 0.007931
v 0.425388 0.037649 0.017161
v 0.411693 0.072063 0.004853
v 0.432287 0.083340 -0.009327
v 0.413366 0.086163 -0.007671
v 0.431951 0.022958 0.022746
v 0.495172 0.067826 -0.018730
v 0.430942 0.006427 0.026812
v 0.453892 0.016747 0.020198
v 0.464754 0.070113 -0.012278
v 0.443219 0.024227 0.019214
v 0.442840 0.009317 0.024309
v 0.452820 0.003028 0.022043
v 0.448692 0.071466 -0.009135
v 0.450435 0.051776 0.001817
v 0.456109 0.034125 0.010495
v 0.445671 0.085096 -0.016435
v 0.439783 0.057599 0.001471
v 0.500728 -0.012065 -0.062102
v 0.487060 0.002916 -0.091484
v 0.473061 -0.000839 -0.086921
v 0.465343 0.006038 -0.093083
v 0.477592 0.007295 -0.094547
v 0.489792 0.021061 -0.103596
v 0.509514 -0.005683 -0.074126
v 0.520725 -0.015647 -0.066638
v 0.526765 0.002854 -0.092349
v 0.418782 0.096413 -0.028363
v 0.524375 -0.026456 -0.004425
v 0.631429 0.038570 -0.021127
v 0.605516 0.038271 -0.016371
v 0.568241 0.015751 -0.002392
v 0.585336 0.026652 -0.008832
v 0.592257 0.017872 -0.007414
v 0.552863 0.018704 -0.000935
v 0.578571 0.017137 -0.004553
v 0.557429 0.007733 0.001091
v 0.531638 0.047958 -0.013397
v 0.544840 0.037479 -0.008185
v 0.552178 0.030229 -0.005236
v 0.568474 -0.015742 -0.003529
v 0.534890 -0.018049 -0.068325
v 0.535568 -0.009678 -0.078508
v 0.547257 0.012863 -0.098933
v 0.551350 0.004670 -0.090697
v 0.536664 0.008831 -0.096019
v 0.518711 0.036438 -0.108065
v 0.536336 0.028724 -0.107724
v 0.548149 0.025932 -0.106342
v 0.551466 0.082161 -0.082611
v 0.546653 0.059165 -0.104687
v 0.588628 0.082279 -0.070625
v 0.544104 0.042588 -0.108090
v 0.606114 0.081375 -0.059690
v 0.617633 0.080141 -0.065833
v 0.530432 0.044857 -0.108566
v 0.563549 0.046126 -0.106494
v 0.499840 0.086369 -0.079909
v 0.555489 0.036543 -0.108008
v 0.512077 0.067013 -0.100906
v 0.518959 0.053494 -0.106788
v 0.498866 0.045461 -0.106927
v 0.530312 0.069528 -0.099769
v 0.509646 0.045126 -0.107849
v 0.504645 0.026721 -0.106246
v 0.528624 0.058163 -0.105976
v 0.495254 0.032776 -0.106321
v 0.518535 0.016641 -0.102825
v 0.501397 0.009708 -0.098514
v 0.510995 0.008621 -0.098167
v 0.498614 0.000427 -0.086948
v 0.591383 0.020377 -0.103405
v 0.584487 0.043708 -0.105968
v 0.584368 0.030587 -0.105558
v 0.572441 0.034689 -0.106932
v 0.567851 0.014595 -0.101140
v 0.361922 0.048711 0.030634
v 0.353179 0.030465 0.039756
v 0.361366 0.020449 0.040599
v 0.471140 -0.017527 0.010885
v 0.485639 -0.007775 0.014891
v 0.489376 -0.017979 0.008347
v 0.497399 0.030072 0.003833
v 0.495279 0.010545 0.013731
v 0.494778 -0.001783 0.014867
v 0.392657 0.093768 -0.013464
v 0.395803 0.080894 0.002669
v 0.455504 0.062901 -0.005611
v 0.446623 0.041749 0.008811
v 0.487868 -0.004810 -0.079531
v 0.480018 0.024590 -0.104027
v 0.519915 -0.001589 -0.084137
v 0.612002 0.027122 -0.013884
v 0.595673 0.064248 -0.030795
v 0.555645 0.047342 -0.017990
v 0.519421 0.082982 -0.084631
v 0.543749 0.073937 -0.095333
v 0.532844 0.081307 -0.087240
v 0.531602 0.086153 -0.043842
v 0.529055 0.089680 -0.066278
v 0.527005 0.087124 -0.078366
v 0.540641 0.086945 -0.074696
v 0.560931 0.084951 -0.052108
v 0.553060 0.086855 -0.066487
v 0.546119 0.086331 -0.050596
v 0.570437 0.084783 -0.070244
v 0.539605 0.089008 -0.061509
v 0.544480 0.072715 -0.032277
v 0.560802 0.084313 -0.075620
v 0.575702 0.070669 -0.096223
v 0.570170 0.079370 -0.084810
v 0.583864 0.077786 -0.085433
v 0.559196 0.071743 -0.096086
v 0.553482 0.080003 -0.040232
v 0.541198 0.082020 -0.040433
v 0.604785 0.076318 -0.084798
v 0.567138 0.060837 -0.102651
v 0.579639 0.057915 -0.102956
v 0.601419 0.058314 -0.101529
v 0.591113 0.054413 -0.103626
v 0.591784 0.069141 -0.096417
v 0.602057 0.038243 -0.105380
v 0.618320 0.055423 -0.101342
v 0.615537 0.036528 -0.104677
v 0.594653 0.078816 -0.081312
v 0.609377 0.048167 -0.103505
v 0.525349 0.026432 -0.107096
v 0.522894 0.021986 0.003097
v 0.530401 0.003337 0.007531
v 0.539662 0.013802 0.003052
v 0.476516 0.024498 0.011808
v 0.473723 0.048199 -0.002379
v 0.465994 0.058178 -0.005974
v 0.480993 0.063029 -0.012858
v 0.478631 0.007683 0.017761
v 0.464864 0.008714 0.020185
v 0.486359 0.017083 0.012781
v 0.604548 0.053506 -0.024316
v 0.614440 0.063381 -0.031802
v 0.586446 0.047582 -0.018868
v 0.597567 0.045835 -0.018962
v 0.543345 0.050079 -0.016326
v 0.535051 0.062407 -0.022625
v 0.530931 0.075459 -0.031180
v 0.509733 0.085472 -0.035365
v 0.515053 0.063912 -0.020461
v 0.521503 0.082983 -0.036234
v 0.525651 0.066665 -0.023737
v 0.515050 0.091951 -0.054580
v 0.514330 0.076043 -0.027889
v 0.502993 0.077063 -0.026123
v 0.474462 0.097513 -0.047533
v 0.484568 0.086517 -0.028113
v 0.493654 0.078518 -0.024630
v 0.520757 0.074852 -0.095678
v 0.580339 0.082042 -0.048985
v 0.611299 0.067577 -0.095770
v 0.619323 0.074593 -0.084271
v 0.531731 0.033591 -0.004745
v 0.512634 0.041308 -0.006453
v 0.533396 0.022475 0.001089
v 0.520685 0.033510 -0.002971
v 0.510541 0.026265 0.003760
v 0.512844 0.003923 0.010470
v 0.461599 0.044816 0.002841
v 0.466984 0.033130 0.008699
v 0.462782 0.021776 0.015785
v 0.491940 0.047552 -0.005926
v 0.578188 0.062442 -0.028895
v 0.571034 0.044970 -0.017191
v 0.573921 0.032770 -0.009782
v 0.578417 0.052003 -0.021949
v 0.564680 0.052442 -0.022693
v 0.526205 0.089741 -0.053824
v 0.494571 0.094777 -0.051745
v 0.494466 0.089973 -0.036517
v 0.485997 0.094797 -0.043318
v 0.475240 0.077010 -0.018960
v 0.485002 0.073065 -0.019566
v 0.469165 0.091816 -0.030732
v 0.454701 0.098667 -0.045125
v 0.448100 0.092612 -0.032038
v 0.465070 0.096878 -0.041434
v 0.458362 0.086818 -0.021844
v 0.446782 0.097396 -0.043160
v 0.437367 0.096931 -0.035798
v 0.580149 0.084301 -0.062359
v 0.567968 0.076808 -0.038353
v 0.579995 0.074385 -0.037486
v 0.515821 -0.014628 0.007022
v 0.521369 0.010476 0.008180
v 0.505762 0.015340 0.009836
v 0.482737 0.052566 -0.007100
v 0.483190 0.036641 0.002962
v 0.501345 0.041373 -0.004297
v 0.507003 0.053587 -0.012877
v 0.586841 0.058432 -0.025833
v 0.505779 0.092693 -0.047191
v 0.504023 0.094107 -0.064742
v 0.516068 0.089910 -0.070331
v 0.456142 0.076914 -0.014421
v 0.524645 -0.008186 0.007139
v 0.509161 -0.006942 0.011189
v 0.508051 -0.022504 0.002231
v 0.489061 0.027730 0.007135
v 0.496508 0.056030 -0.012374
v 0.284800 0.041295 0.048434
v 0.286923 0.030491 0.052813
v 0.297711 0.044147 0.046976
v 0.288105 0.050425 0.037590
v 0.251816 0.111068 -0.009381
v 0.472592 0.064773 -0.099489
v 0.461480 0.058556 -0.103552
v 0.472224 0.051041 -0.105942
v 0.486426 0.058135 -0.103890
v 0.466608 0.041951 -0.107189
v 0.487532 0.044729 -0.106653
v 0.486200 0.076228 -0.091191
v 0.499929 0.061748 -0.103088
v 0.501801 0.075924 -0.093537
v 0.508409 0.081998 -0.085959
v 0.482743 0.067207 -0.098255
v 0.465093 0.085416 -0.075920
v 0.482511 0.089143 -0.073209
v 0.482836 0.095612 -0.058822
v 0.491877 0.094014 -0.066669
v 0.469392 0.094798 -0.063418
v 0.454307 0.094348 -0.064476
v 0.472669 0.077462 -0.086946
v 0.460193 0.071022 -0.091448
v 0.473545 0.085526 -0.078009
v 0.449023 0.075601 -0.087302
v 0.442960 0.087054 -0.075496
v 0.436716 0.095207 -0.064418
v 0.458309 0.078715 -0.082877
v 0.432568 0.082431 -0.075728
v 0.453443 0.086752 -0.074999
v 0.489064 0.084550 -0.081629
v 0.461900 0.097695 -0.055359
v 0.445320 0.098063 -0.056949
v 0.603100 0.075405 -0.042335
v 0.590843 0.077471 -0.043088
v 0.549049 0.060254 -0.025160
v 0.519435 0.051562 -0.013791
v 0.593827 0.082384 -0.056886
v -0.247833 -0.059209 -0.019310
v -0.289370 -0.037591 -0.019145
v -0.320753 -0.025845 -0.020770
v -0.347908 -0.018669 -0.022923
v -0.367764 -0.016463 -0.025168
v -0.386262 -0.017415 -0.026089
v -0.402645 -0.016205 -0.027768
v -0.420027 -0.015652 -0.028919
v -0.437588 -0.016977 -0.029369
v -0.454978 -0.016985 -0.030299
v -0.472504 -0.018074 -0.031126
v -0.489755 -0.022153 -0.033115
v -0.507243 -0.025724 -0.034622
v -0.524689 -0.027721 -0.036451
v -0.543192 -0.030864 -0.038574
v -0.561020 -0.034730 -0.040523
v -0.578759 -0.036431 -0.042572
v -0.596738 -0.039031 -0.044647
v -0.614786 -0.041017 -0.046572
v -0.632854 -0.043215 -0.048616
v -0.650989 -0.045084 -0.050459
v -0.665497 -0.046553 -0.052070
v -0.677609 -0.047362 -0.053737
v -0.681956 -0.045428 -0.034994
v -0.686968 -0.029133 -0.024322
v -0.690495 -0.009053 -0.023221
v -0.693587 0.010868 -0.025450
v -0.696023 0.030931 -0.028889
v -0.698884 0.050453 -0.033017
v -0.700090 0.066950 -0.043485
v -0.699244 0.071333 -0.062548
v -0.698402 0.069539 -0.082188
v -0.696738 0.055277 -0.096371
v -0.694257 0.035563 -0.099886
v -0.691567 0.015606 -0.096650
v -0.688498 -0.003336 -0.090512
v -0.684430 -0.021051 -0.081495
v -0.680967 -0.036834 -0.069842
v -0.249265 -0.057414 -0.045234
v -0.253792 -0.045839 -0.066164
v -0.256439 -0.029539 -0.083598
v -0.249753 -0.013053 -0.097701
v -0.248183 0.008863 -0.106694
v -0.238416 0.020687 -0.111502
v -0.229637 0.030762 -0.113876
v -0.232032 0.048990 -0.116475
v -0.223411 0.061071 -0.119493
v -0.218312 0.080161 -0.118614
v -0.214919 0.094647 -0.113230
v -0.211730 0.112679 -0.104283
v -0.209458 0.126211 -0.091796
v -0.207320 0.137365 -0.075408
v -0.207292 0.137611 -0.075060
v -0.207262 0.137855 -0.074712
v -0.207674 0.143889 -0.061416
v -0.205116 0.146322 -0.046621
v -0.203966 0.144991 -0.032290
v -0.210714 0.140464 -0.018169
v -0.206916 0.139894 -0.004636
v -0.208918 0.130397 0.006439
v -0.208985 0.129741 0.006991
v -0.211807 0.126074 0.007774
v -0.210823 0.117043 0.018639
v -0.214333 0.103811 0.027267
v -0.219576 0.087209 0.032152
v -0.226202 0.076313 0.036095
v -0.233903 0.059118 0.040896
v -0.238276 0.042685 0.043697
v -0.237355 0.039647 0.044716
v -0.241379 0.040114 0.044567
v -0.232916 0.024373 0.050134
v -0.236382 0.004622 0.051687
v -0.233216 -0.016309 0.051142
v -0.229125 -0.033469 0.045219
v -0.228353 -0.045864 0.034830
v -0.230113 -0.055611 0.021219
v -0.238828 -0.058454 0.003510
v -0.275345 0.125907 -0.050177
v -0.239773 0.129273 -0.021344
v -0.219576 0.127094 -0.013154
v -0.224476 0.137688 -0.050617
v -0.216142 0.128228 -0.005486
v -0.216662 0.143482 -0.027077
v -0.215146 0.142078 -0.052728
v -0.219098 0.113235 0.002898
v -0.281831 -0.040517 -0.036367
v -0.341820 -0.001089 -0.080330
v -0.346253 -0.002037 0.032117
v -0.271763 0.090867 -0.000531
v -0.247298 0.109056 -0.086233
v -0.313965 0.090499 -0.095114
v -0.225239 0.127659 -0.076077
v -0.221336 0.140741 -0.040325
v -0.230609 0.138774 -0.033081
v -0.215140 0.139499 -0.039300
v -0.228941 0.118523 -0.007168
v -0.310659 0.010080 -0.097046
v -0.307006 -0.010897 0.027163
v -0.325744 0.039080 0.041855
v -0.272435 0.064635 0.024272
v -0.248255 0.083095 0.014201
v -0.229492 0.096828 -0.098191
v -0.267421 0.087332 -0.106899
v -0.290149 0.060391 -0.110943
v -0.223045 0.134478 -0.062344
v -0.218116 0.135340 -0.066119
v -0.213290 0.133822 -0.081005
v -0.215756 0.115855 -0.087059
v -0.247626 0.125805 -0.054712
v -0.232550 0.128106 -0.019540
v -0.227071 0.098094 0.010987
v -0.282468 -0.002949 -0.093079
v -0.263065 -0.031928 0.025532
v -0.286171 -0.007812 0.037321
v -0.286188 -0.029390 0.011510
v -0.297860 0.041926 0.044780
v -0.261882 0.053692 0.038513
v -0.250451 0.071038 0.027417
v -0.237857 0.077719 0.026426
v -0.219144 0.088353 -0.105872
v -0.230898 0.078874 -0.106330
v -0.217855 0.102949 -0.095135
v -0.254372 0.061468 -0.110065
v -0.277129 0.035680 -0.108175
v -0.232713 0.117747 -0.084063
v -0.236116 0.126764 -0.045415
v -0.220601 0.098966 0.021650
v -0.230134 0.085583 0.022024
v -0.249662 -0.028451 0.036453
v -0.267462 -0.004451 0.044858
v -0.257486 -0.043719 0.011704
v -0.267965 0.015172 0.047834
v -0.281414 0.050736 0.040738
v -0.262092 0.063943 0.029747
v -0.267832 0.079791 0.014973
v -0.246733 0.094900 -0.102262
v -0.244944 0.052868 -0.110870
v -0.262622 0.049992 -0.110816
v -0.227940 0.110593 -0.093892
v -0.222755 0.124895 -0.084240
v -0.229632 0.123964 -0.063931
v -0.247774 0.132390 -0.036460
v -0.238151 0.094926 0.009241
v -0.234894 0.107515 0.001307
v -0.257328 0.104627 -0.004722
v -0.248123 0.098444 0.003761
v -0.262210 0.094076 0.005191
v -0.268701 0.035025 0.046852
v -0.259031 0.130727 -0.044756
v -0.253655 0.121312 -0.018660
v -0.240180 0.117482 -0.011639
v -0.259197 0.084733 0.015832
v -0.247348 0.128555 -0.025181
v -0.269587 0.118743 -0.028966
v -0.269009 0.126089 -0.039361
v -0.532983 0.087763 -0.054721
v -0.617404 0.015812 -0.100839
v -0.654570 -0.024592 -0.077469
v -0.658527 -0.037280 -0.065226
v -0.671117 -0.040428 -0.063655
v -0.670384 -0.028059 -0.076357
v -0.639010 -0.032945 -0.066360
v -0.667267 -0.007659 -0.089265
v -0.647035 -0.038845 -0.060660
v -0.664193 -0.018705 -0.082417
v -0.621306 0.010402 -0.007734
v -0.657057 -0.034240 -0.020802
v -0.660169 -0.045978 -0.035008
v -0.641029 -0.043116 -0.029204
v -0.669119 -0.038168 -0.026527
v -0.669091 -0.046759 -0.039954
v -0.651686 -0.041977 -0.027896
v -0.216117 0.137531 -0.015413
v -0.340231 -0.014765 -0.051689
v -0.311824 -0.025861 -0.045947
v -0.284623 -0.033404 -0.056506
v -0.393295 -0.001010 -0.080948
v -0.397866 -0.005254 0.028417
v -0.357978 -0.013537 0.007540
v -0.224717 0.109543 0.003536
v -0.327213 -0.011873 0.018583
v -0.307011 -0.027491 -0.003663
v -0.312486 -0.019315 0.011579
v -0.335253 -0.016769 0.004822
v -0.270934 -0.042649 -0.002646
v -0.252211 0.054705 0.037032
v -0.240251 0.070695 -0.109610
v -0.253515 0.081774 -0.103904
v -0.242274 0.082251 -0.104041
v -0.290120 0.027640 -0.104922
v -0.274401 0.012361 -0.101976
v -0.317000 0.022277 0.049266
v -0.239470 0.106814 -0.096691
v -0.260729 0.102197 -0.088982
v -0.259947 0.097435 -0.102836
v -0.261847 0.034520 -0.109801
v -0.277774 0.055325 -0.112243
v -0.285384 0.078311 -0.101775
v -0.269693 0.070324 -0.111493
v -0.284758 0.066553 -0.106533
v -0.238338 0.116230 -0.071220
v -0.236044 0.123049 -0.059050
v -0.261212 0.116527 -0.015896
v -0.274729 0.102504 -0.017744
v -0.266215 0.103330 -0.007197
v -0.515074 0.028218 -0.106985
v -0.538601 0.019418 0.002431
v -0.651149 0.051683 -0.100934
v -0.569379 -0.002023 -0.087092
v -0.629318 -0.010353 -0.086660
v -0.624010 -0.035078 -0.060036
v -0.625887 -0.023785 -0.074212
v -0.640607 -0.022523 -0.077564
v -0.598939 -0.011946 -0.082656
v -0.648153 -0.007346 -0.089389
v -0.614487 -0.014730 -0.081512
v -0.616940 -0.000800 -0.092540
v -0.602417 -0.027661 -0.064929
v -0.615555 -0.027919 -0.067622
v -0.604524 -0.019656 -0.075169
v -0.679000 -0.011367 -0.087246
v -0.675842 0.008021 -0.095625
v -0.657879 0.025927 -0.018751
v -0.591639 -0.023912 -0.004373
v -0.669462 -0.016224 -0.018376
v -0.664911 -0.028165 -0.020149
v -0.642928 -0.045670 -0.041490
v -0.624416 -0.043867 -0.033273
v -0.625095 -0.022274 -0.009402
v -0.629485 -0.036035 -0.019094
v -0.606419 -0.037585 -0.019382
v -0.643378 -0.023935 -0.012744
v -0.617674 -0.033193 -0.014132
v -0.605944 -0.027085 -0.008211
v -0.604417 -0.003741 -0.002363
v -0.610829 -0.042712 -0.032180
v -0.336942 -0.020789 -0.036129
v -0.359199 -0.017803 -0.045527
v -0.308239 -0.030061 -0.031738
v -0.305124 -0.012402 -0.076347
v -0.280524 -0.026306 -0.071988
v -0.316423 -0.017015 -0.062571
v -0.285407 -0.014921 -0.082484
v -0.296868 -0.022171 -0.066849
v -0.327854 -0.006265 -0.074658
v -0.325289 0.002730 -0.088463
v -0.341427 -0.008494 -0.066361
v -0.367406 -0.003178 -0.074297
v -0.354065 -0.005964 -0.074111
v -0.353026 -0.011550 -0.059433
v -0.302118 -0.003408 -0.087473
v -0.370114 0.044739 -0.103382
v -0.340850 0.032507 -0.105396
v -0.330414 0.016803 -0.103960
v -0.352331 0.011155 -0.099911
v -0.354202 0.002433 -0.087681
v -0.376407 0.013275 -0.096775
v -0.363832 0.011167 -0.095166
v -0.372543 0.003921 -0.085858
v -0.368054 0.025567 -0.107991
v -0.380256 -0.003324 -0.076674
v -0.384392 0.006052 -0.088054
v -0.377019 -0.013867 -0.056240
v -0.317243 0.042475 -0.106041
v -0.342031 0.018942 -0.104507
v -0.353614 0.030298 -0.108011
v -0.340854 0.006597 -0.093220
v -0.318391 0.026462 -0.106618
v -0.328321 0.039075 -0.108008
v -0.347493 0.070426 -0.104967
v -0.329014 0.063591 -0.101523
v -0.351378 0.050725 -0.107082
v -0.305403 0.032870 -0.104474
v -0.303801 0.046794 -0.107133
v -0.297942 0.017765 -0.101349
v -0.314816 0.060580 -0.102945
v -0.290925 0.040794 -0.108829
v -0.322188 0.076697 -0.095844
v -0.336318 0.078721 -0.099353
v -0.384695 0.090367 -0.021486
v -0.365629 0.094704 -0.070358
v -0.355237 0.091428 -0.090691
v -0.347549 0.083718 -0.099720
v -0.410751 -0.013418 -0.059050
v -0.431271 -0.017353 0.011670
v -0.395690 -0.015699 0.001420
v -0.359949 -0.015806 -0.009094
v -0.377622 -0.016626 -0.003162
v -0.333894 -0.003642 0.029822
v -0.331907 0.008577 0.042562
v -0.346714 -0.008823 0.020312
v -0.371280 -0.003641 0.031244
v -0.363264 -0.009552 0.021001
v -0.379413 -0.011685 0.015958
v -0.334339 -0.020845 -0.010452
v -0.307438 0.034144 0.047517
v -0.252869 0.105590 -0.093270
v -0.516457 -0.006388 -0.076655
v -0.538062 -0.024740 0.004153
v -0.674974 0.047644 -0.099838
v -0.662743 0.074470 -0.071044
v -0.569049 -0.021349 -0.065011
v -0.636168 0.007647 -0.096986
v -0.624415 0.007069 -0.097181
v -0.586993 -0.030321 -0.057330
v -0.574208 -0.029643 -0.054246
v -0.605063 -0.035638 -0.054159
v -0.677758 0.023290 -0.023483
v -0.571450 -0.036068 -0.015981
v -0.681424 -0.018110 -0.020971
v -0.588503 -0.039856 -0.026451
v -0.636901 -0.003729 -0.009055
v -0.613863 -0.014940 -0.005301
v -0.616228 -0.001815 -0.004683
v -0.359257 -0.017506 -0.032108
v -0.365892 -0.012491 -0.061673
v -0.373103 -0.017053 -0.040133
v -0.393430 -0.015849 -0.046527
v -0.340373 0.057284 -0.107607
v -0.359165 0.041037 -0.105320
v -0.363662 0.063240 -0.098815
v -0.362687 0.080131 -0.098679
v -0.372611 0.095316 -0.089235
v -0.329441 0.086355 -0.012631
v -0.411513 -0.016590 -0.041830
v -0.430605 -0.014573 -0.051745
v -0.419711 -0.015387 -0.051294
v -0.447395 -0.023720 -0.006618
v -0.395127 -0.015303 -0.014138
v -0.413586 -0.017437 -0.007684
v -0.377345 -0.016362 -0.016901
v -0.317398 0.009688 0.042276
v -0.331567 0.025431 0.046491
v -0.379540 0.051414 0.020953
v -0.360198 0.021325 0.041113
v -0.344739 0.020020 0.044150
v -0.348747 0.043006 0.033952
v -0.339227 0.035607 0.040949
v -0.353444 0.006117 0.040776
v -0.359224 -0.003355 0.032898
v -0.350994 0.031091 0.039878
v -0.367860 0.038117 0.032021
v -0.342599 0.003762 0.040166
v -0.368796 0.007540 0.040359
v -0.386709 0.006638 0.037001
v -0.371334 -0.015250 0.006985
v -0.384896 -0.006724 0.028380
v -0.385671 -0.017326 0.005739
v -0.394433 -0.012491 0.016136
v -0.413476 -0.014051 0.018672
v -0.516668 -0.015328 -0.053983
v -0.480105 -0.008899 -0.069304
v -0.535107 -0.033944 -0.016941
v -0.501594 -0.027011 0.003323
v -0.686824 0.046790 -0.099650
v -0.682343 0.065282 -0.090155
v -0.678134 0.072678 -0.051893
v -0.551127 -0.024240 -0.056922
v -0.638201 -0.003516 -0.091418
v -0.656356 0.011637 -0.098100
v -0.664739 0.003719 -0.094512
v -0.635166 0.032309 -0.103395
v -0.584892 -0.018537 -0.072235
v -0.583630 -0.007401 -0.084302
v -0.596318 0.008589 -0.098162
v -0.573194 -0.012295 -0.076117
v -0.551391 -0.011574 -0.076954
v -0.580570 0.005196 -0.095697
v -0.593995 -0.002122 -0.090782
v -0.608208 0.007880 -0.097759
v -0.571648 0.066630 -0.097170
v -0.550736 0.026232 -0.107417
v -0.580415 0.036614 -0.107150
v -0.563701 0.012465 -0.100507
v -0.584812 0.020132 -0.103726
v -0.602231 0.026570 -0.104779
v -0.571374 0.024637 -0.105946
v -0.688460 0.021641 -0.025746
v -0.675824 0.003431 -0.020255
v -0.670789 0.052392 -0.029688
v -0.570019 -0.037968 -0.030857
v -0.553232 -0.037485 -0.022041
v -0.599464 -0.041765 -0.032661
v -0.585815 -0.034264 -0.012872
v -0.635578 -0.016143 -0.009855
v -0.640095 0.017271 -0.012844
v -0.655413 -0.006676 -0.013297
v -0.384406 -0.016367 -0.039430
v -0.394182 -0.018592 -0.033788
v -0.392460 -0.011263 -0.064833
v -0.400267 -0.014482 -0.056428
v -0.404923 -0.010030 -0.073421
v -0.443459 0.050840 -0.106803
v -0.410128 0.031518 -0.108348
v -0.394925 0.019205 -0.101182
v -0.410496 0.008362 -0.090605
v -0.404017 0.000381 -0.083412
v -0.361134 0.052305 -0.101967
v -0.363620 0.098382 -0.083177
v -0.332945 0.110838 -0.062888
v -0.345052 0.101204 -0.073257
v -0.339777 0.094057 -0.090544
v -0.326399 0.088627 -0.089373
v -0.329819 0.106014 -0.081546
v -0.403641 0.100299 -0.060820
v -0.299435 0.090318 -0.011906
v -0.289009 0.074629 0.007261
v -0.278298 0.071530 0.013876
v -0.429054 -0.015291 -0.038254
v -0.446345 -0.014108 -0.045767
v -0.448208 -0.002842 -0.082314
v -0.427033 -0.007482 -0.075895
v -0.443147 -0.010892 -0.065381
v -0.416277 -0.009201 -0.070874
v -0.417279 -0.000137 -0.082329
v -0.433693 0.014486 -0.095929
v -0.423049 0.008646 -0.091356
v -0.421370 0.023094 -0.100597
v -0.437051 0.033014 -0.105915
v -0.408816 0.019773 -0.099778
v -0.445913 -0.018977 -0.020158
v -0.464520 -0.023945 -0.013969
v -0.412147 -0.016854 -0.020602
v -0.429951 -0.017608 -0.012672
v -0.423545 -0.018379 -0.000019
v -0.435448 -0.021846 -0.000828
v -0.378855 0.025261 0.035744
v -0.425748 0.031657 0.018079
v -0.407794 -0.016919 0.005662
v -0.516338 -0.022914 -0.043410
v -0.499139 -0.014824 -0.049016
v -0.534221 -0.032237 -0.029642
v -0.517146 -0.032411 -0.019013
v -0.692813 0.064003 -0.090380
v -0.684207 0.072685 -0.071783
v -0.664268 0.063308 -0.093854
v -0.662777 0.051387 -0.099986
v -0.655964 0.032013 -0.102666
v -0.670984 0.071224 -0.082853
v -0.641592 0.071763 -0.085593
v -0.651098 0.065313 -0.093668
v -0.657375 0.071644 -0.083432
v -0.690824 0.071319 -0.052423
v -0.551439 -0.030856 -0.045969
v -0.561614 -0.028368 -0.052412
v -0.533710 -0.022618 -0.053080
v -0.643974 0.019876 -0.100918
v -0.630420 0.019385 -0.101331
v -0.557428 -0.018846 -0.067563
v -0.541197 0.005411 -0.095357
v -0.617985 0.034484 -0.104959
v -0.629616 0.054858 -0.101245
v -0.638149 0.062926 -0.095765
v -0.628041 0.042089 -0.103660
v -0.667116 0.013313 -0.018572
v -0.666816 -0.000477 -0.016280
v -0.684219 0.042381 -0.029432
v -0.669714 0.036505 -0.023794
v -0.685126 0.061240 -0.035622
v -0.670940 0.065682 -0.039419
v -0.625513 0.060706 -0.030613
v -0.660175 0.074028 -0.052418
v -0.648760 0.060325 -0.032417
v -0.669841 0.074882 -0.060548
v -0.643314 0.077418 -0.064423
v -0.660631 0.059703 -0.033536
v -0.653154 0.043971 -0.023191
v -0.649023 0.075436 -0.075731
v -0.655129 0.076619 -0.062837
v -0.645147 0.031512 -0.017438
v -0.635697 0.047403 -0.022398
v -0.551961 -0.035522 -0.033448
v -0.547324 -0.031807 -0.006909
v -0.566037 -0.007515 0.004886
v -0.553747 -0.020300 0.004573
v -0.541131 -0.002411 0.008853
v -0.569855 -0.024371 -0.000985
v -0.544300 -0.014573 0.007065
v -0.633065 0.008032 -0.009276
v -0.657100 -0.021175 -0.014776
v -0.647718 0.004991 -0.012172
v -0.401217 0.064179 -0.092428
v -0.391045 0.039961 -0.108249
v -0.382389 0.023967 -0.107116
v -0.378549 0.037051 -0.107705
v -0.396174 0.009507 -0.091031
v -0.346655 0.094050 -0.082953
v -0.338679 0.102188 -0.081979
v -0.301544 0.120062 -0.067885
v -0.385172 0.095901 -0.070965
v -0.284777 0.093573 -0.010248
v -0.291564 0.084937 -0.002574
v -0.300986 0.066118 0.026569
v -0.287292 0.065648 0.022774
v -0.461934 -0.011747 -0.058777
v -0.459278 -0.013493 -0.044533
v -0.438369 -0.006140 -0.076554
v -0.437732 0.003171 -0.087654
v -0.431802 -0.012546 -0.064650
v -0.460662 0.017973 -0.099572
v -0.447953 0.012043 -0.094862
v -0.448799 0.026035 -0.101325
v -0.423066 0.049046 -0.107637
v -0.421813 0.035150 -0.107863
v -0.463336 -0.019475 -0.024655
v -0.470775 -0.007122 0.020883
v -0.481935 -0.026244 -0.016401
v -0.369317 0.027807 0.037695
v -0.380725 0.038147 0.028517
v -0.403289 0.045363 0.018283
v -0.396855 0.028970 0.029296
v -0.391385 0.044372 0.022152
v -0.432151 0.003387 0.028503
v -0.504558 -0.009899 -0.064346
v -0.496092 -0.001593 -0.086548
v -0.491626 -0.009384 -0.061237
v -0.495978 -0.007388 -0.073889
v -0.525567 -0.030478 -0.004538
v -0.511360 -0.030461 -0.005705
v -0.497298 -0.029767 -0.013069
v -0.518962 -0.014363 0.011635
v -0.517738 -0.025587 0.005025
v -0.646223 0.039291 -0.103090
v -0.668311 0.021707 -0.100139
v -0.680103 0.031939 -0.101301
v -0.668438 0.036543 -0.101915
v -0.681126 0.019449 -0.098938
v -0.540866 -0.016172 -0.065745
v -0.535787 -0.004582 -0.079414
v -0.545577 -0.003286 -0.085961
v -0.523212 0.003234 -0.093348
v -0.527459 -0.010712 -0.066229
v -0.551152 0.012534 -0.101873
v -0.643529 0.072842 -0.045888
v -0.655266 0.068385 -0.041268
v -0.637603 0.065221 -0.036137
v -0.618561 0.077343 -0.053963
v -0.629335 0.073905 -0.046075
v -0.630827 0.077447 -0.060649
v -0.611289 0.074197 -0.085525
v -0.624195 0.067734 -0.092090
v -0.617843 0.078221 -0.070715
v -0.604454 0.055727 -0.102208
v -0.632233 0.076216 -0.076325
v -0.616735 0.058754 -0.100208
v -0.605956 0.041087 -0.105478
v -0.592221 0.047399 -0.105595
v -0.591836 0.034132 -0.106269
v -0.590015 0.064655 -0.098037
v -0.577102 0.053024 -0.104567
v -0.602238 0.067187 -0.094285
v -0.552734 0.052691 -0.106196
v -0.565137 0.041361 -0.107697
v -0.565658 0.056986 -0.103873
v -0.552668 0.039694 -0.108234
v -0.530744 0.046779 -0.107848
v -0.624967 0.030593 -0.014113
v -0.561297 -0.032725 -0.008394
v -0.581682 -0.011920 0.001799
v -0.593429 -0.010922 -0.000468
v -0.382785 0.060065 -0.098563
v -0.398075 0.030703 -0.108856
v -0.317103 0.109286 -0.069874
v -0.374804 0.093281 -0.076596
v -0.294756 0.054267 0.037802
v -0.451116 -0.012187 -0.056733
v -0.455090 -0.009380 -0.071303
v -0.468729 -0.001265 -0.086403
v -0.459092 0.006411 -0.092624
v -0.433995 0.045118 -0.108235
v -0.429938 0.071367 -0.086849
v -0.405889 0.050568 -0.106695
v -0.462344 -0.021853 0.007460
v -0.447120 -0.020211 0.011818
v -0.438917 -0.010539 0.023817
v -0.459085 -0.013917 0.019343
v -0.454697 0.010567 0.021560
v -0.461069 -0.001150 0.022982
v -0.425724 -0.013088 0.023643
v -0.443873 0.002060 0.025977
v -0.414212 -0.000204 0.031273
v -0.389981 0.019446 0.034806
v -0.403315 0.013767 0.033024
v -0.412711 0.026685 0.025869
v -0.405405 0.034951 0.023791
v -0.425896 0.017529 0.025255
v -0.441993 0.027559 0.018356
v -0.416701 0.011950 0.029743
v -0.480588 -0.013607 -0.046512
v -0.470221 -0.014181 -0.042721
v -0.505244 -0.029762 -0.022341
v -0.556710 0.002010 -0.091982
v -0.525085 -0.004435 -0.082956
v -0.530625 0.018214 -0.104527
v -0.509723 0.000408 -0.089858
v -0.512448 0.012168 -0.101087
v -0.488090 0.024127 -0.104075
v -0.501881 0.022341 -0.104712
v -0.491984 0.010335 -0.098352
v -0.475885 0.012830 -0.098921
v -0.635174 0.035922 -0.017342
v -0.618326 0.046797 -0.019762
v -0.595781 0.026384 -0.008445
v -0.589027 0.008640 -0.001828
v -0.594577 0.066084 -0.031949
v -0.609626 0.033601 -0.013044
v -0.576191 0.002481 0.001523
v -0.558151 0.012992 0.001954
v -0.609072 0.060145 -0.027921
v -0.616049 0.070047 -0.039414
v -0.586397 0.081638 -0.062760
v -0.591939 0.076830 -0.082352
v -0.616123 0.022057 -0.009909
v -0.595125 0.046800 -0.017804
v -0.601058 0.076073 -0.047462
v -0.582638 0.071906 -0.090625
v -0.598750 0.056787 -0.024315
v -0.606129 0.044827 -0.017507
v -0.371988 0.056389 -0.100212
v -0.385702 0.078924 -0.085999
v -0.373058 0.073299 -0.092177
v -0.311575 0.104394 -0.040502
v -0.294494 0.105294 -0.028751
v -0.292789 0.097024 -0.019263
v -0.304434 0.105515 -0.086017
v -0.431671 0.062885 -0.102075
v -0.416657 0.067837 -0.097642
v -0.411242 0.087695 -0.082544
v -0.407784 0.061260 -0.100554
v -0.418772 0.078433 -0.088988
v -0.414278 0.042741 -0.108169
v -0.394886 0.052166 -0.099346
v -0.457766 -0.023829 -0.003725
v -0.481783 -0.021859 0.010464
v -0.488015 -0.027711 -0.001716
v -0.473478 -0.025814 -0.001999
v -0.408319 -0.009708 0.027430
v -0.396390 0.004643 0.034577
v -0.457161 0.083464 -0.022240
v -0.474572 -0.011567 -0.058011
v -0.528342 0.032051 -0.108067
v -0.540284 0.036802 -0.108414
v -0.482070 0.001419 -0.090118
v -0.485676 -0.005079 -0.080210
v -0.553874 -0.000145 0.006352
v -0.575036 0.024438 -0.005183
v -0.601865 0.079594 -0.068503
v -0.596903 0.079832 -0.057714
v -0.603459 0.012729 -0.005008
v -0.604059 0.069603 -0.037454
v -0.583177 0.076140 -0.043967
v -0.389634 0.067681 -0.092366
v -0.386127 0.093994 -0.085818
v -0.397526 0.085943 -0.080553
v -0.404383 0.078166 -0.085801
v -0.403945 0.097396 -0.075299
v -0.319782 0.113056 -0.052229
v -0.336022 0.098173 -0.038067
v -0.305661 0.118124 -0.049715
v -0.323556 0.101371 -0.044088
v -0.323511 0.094935 -0.027742
v -0.301088 0.111736 -0.038695
v -0.285720 0.115008 -0.044967
v -0.314068 0.089095 -0.015469
v -0.295706 0.120944 -0.054515
v -0.317091 0.075646 0.008650
v -0.302673 0.077067 0.000728
v -0.311677 0.096713 -0.027420
v -0.319049 0.081249 -0.005356
v -0.305195 0.071793 0.014411
v -0.315630 0.109229 -0.085011
v -0.308136 0.113984 -0.076869
v -0.472425 -0.018062 0.014569
v -0.496075 0.002605 0.016303
v -0.445598 0.057590 -0.001029
v -0.585539 0.020123 -0.004644
v -0.569592 0.013387 -0.000107
v -0.553685 0.037021 -0.009587
v -0.583490 0.036302 -0.011531
v -0.568556 0.038301 -0.011216
v -0.558541 0.067540 -0.026758
v -0.560573 0.051200 -0.017572
v -0.576723 0.060543 -0.024277
v -0.581558 0.049584 -0.017873
v -0.559240 0.084220 -0.056375
v -0.563956 0.080123 -0.079907
v -0.553100 0.070861 -0.095508
v -0.280458 0.108389 -0.031813
v -0.496715 -0.014787 0.015277
v -0.483461 -0.009071 0.018991
v -0.507347 -0.005413 0.014422
v -0.513997 0.020867 0.006743
v -0.521787 0.004419 0.010980
v -0.507460 0.009749 0.012407
v -0.507143 -0.018843 0.011411
v -0.525679 0.016791 0.005797
v -0.528895 -0.007127 0.010698
v -0.441287 0.038501 0.009695
v -0.470281 0.038818 0.005864
v -0.492165 0.026701 0.007882
v -0.561887 0.026059 -0.004549
v -0.548514 0.026207 -0.002680
v -0.570847 0.072763 -0.035145
v -0.556919 0.078510 -0.040127
v -0.571197 0.080201 -0.048844
v -0.532230 0.072312 -0.028592
v -0.545958 0.084972 -0.049603
v -0.545455 0.074226 -0.030557
v -0.539905 0.056340 -0.018577
v -0.533038 0.037535 -0.007729
v -0.521416 0.030200 -0.001238
v -0.505126 0.036351 -0.000917
v -0.545227 0.085027 -0.072522
v -0.535644 0.082602 -0.040634
v -0.550925 0.058095 -0.020978
v -0.582259 0.068559 -0.032952
v -0.577844 0.080202 -0.075984
v -0.571554 0.083281 -0.063436
v -0.564660 0.073721 -0.091531
v -0.539322 0.062730 -0.103185
v -0.536159 0.077604 -0.089381
v -0.420320 0.054261 0.007231
v -0.458444 0.028653 0.014117
v -0.472764 0.015109 0.017494
v -0.448165 0.036594 0.011613
v -0.461665 0.018398 0.018457
v -0.469704 0.027036 0.012684
v -0.482843 0.004849 0.018013
v -0.542730 0.043631 -0.012334
v -0.502696 0.025652 0.006289
v -0.488779 0.044800 -0.002942
v -0.515296 0.057006 -0.015693
v -0.520851 0.044253 -0.009076
v -0.526764 0.054612 -0.015978
v -0.556715 0.084166 -0.069723
v -0.551661 0.079730 -0.084148
v -0.527620 0.085004 -0.074128
v -0.435055 0.050416 0.004317
v -0.427300 0.042783 0.011120
v -0.415460 0.042621 0.016147
v -0.425058 0.085695 -0.013440
v -0.433376 0.072187 -0.005197
v -0.417162 0.071480 -0.001265
v -0.442082 0.080629 -0.016303
v -0.425953 0.063568 0.000895
v -0.403677 0.063291 0.007917
v -0.390276 0.059062 0.013764
v -0.365460 0.082361 0.006462
v -0.387486 0.082196 0.002665
v -0.376245 0.068245 0.013316
v -0.393043 0.070171 0.007242
v -0.402922 0.079400 -0.001591
v -0.433371 0.099711 -0.043681
v -0.454543 0.068447 -0.011244
v -0.413199 0.064512 0.004776
v -0.361271 0.057002 0.022895
v -0.377387 0.079539 0.006399
v -0.373829 0.090711 -0.008014
v -0.394370 0.090826 -0.008786
v -0.445876 0.091625 -0.031450
v -0.480949 0.071489 -0.017379
v -0.503309 0.087868 -0.038893
v -0.518790 0.088194 -0.043204
v -0.464813 0.054479 -0.003568
v -0.371050 0.059191 0.019062
v -0.363998 0.069342 0.015825
v -0.337863 0.068743 0.021579
v -0.334220 0.081383 0.006651
v -0.350410 0.066472 0.020406
v -0.342135 0.054487 0.029451
v -0.351215 0.087683 -0.010828
v -0.406097 0.101132 -0.032321
v -0.410043 0.091824 -0.014161
v -0.467400 0.072909 -0.016984
v -0.514021 0.074162 -0.027090
v -0.507027 0.090718 -0.064388
v -0.455888 0.060342 -0.005255
v -0.320882 0.058698 0.031423
v -0.311680 0.046962 0.039924
v -0.317607 0.069678 0.023319
v -0.309812 0.059538 0.032870
v -0.362885 0.087543 -0.004036
v -0.350152 0.082813 0.007676
v -0.363125 0.091977 -0.032098
v -0.363845 0.088939 -0.018317
v -0.397944 0.094766 -0.022617
v -0.389176 0.092644 -0.045136
v -0.472787 0.063386 -0.010756
v -0.485005 0.057828 -0.010040
v -0.476121 0.049593 -0.003084
v -0.499312 0.067860 -0.019072
v -0.513025 0.082887 -0.034954
v -0.518994 0.090813 -0.058889
v -0.510086 0.090387 -0.050634
v -0.342355 0.077415 0.014606
v -0.342113 0.087815 -0.001378
v -0.495045 0.036408 0.001352
v -0.501204 0.050847 -0.009212
v -0.536144 0.083959 -0.079098
v -0.535341 0.087944 -0.066464
v -0.409547 0.054090 0.011511
v -0.359390 0.046251 0.029592
v -0.429912 0.094573 -0.027363
v -0.419957 0.099745 -0.036763
v -0.408694 0.103760 -0.046692
v -0.463604 0.089465 -0.068325
v -0.457291 0.044862 0.005085
v -0.520781 0.067679 -0.022570
v -0.330754 0.049411 0.034672
v -0.327397 0.075503 0.017329
v -0.492259 0.080388 -0.027165
v -0.502132 0.076631 -0.026110
v -0.475515 0.087517 -0.030481
v -0.480903 0.079472 -0.024485
v -0.509743 0.066033 -0.020186
v -0.495944 0.057952 -0.012466
v -0.416714 0.097208 -0.024256
v -0.452623 0.095505 -0.052939
v -0.448326 0.047581 0.004688
v -0.444451 0.096407 -0.043377
v -0.460727 0.093785 -0.037797
v -0.467308 0.094931 -0.053167
v -0.485898 0.091659 -0.063045
v -0.495778 0.093872 -0.051424
v -0.480212 0.096060 -0.046676
v -0.473918 0.092525 -0.061828
v -0.490977 0.089370 -0.038274
v -0.257876 0.115099 -0.066779
v -0.279779 0.116343 -0.073075
v -0.291383 0.120209 -0.068238
v -0.284444 0.125691 -0.057702
v -0.291709 0.104800 -0.078639
v -0.250078 0.109949 -0.072536
v -0.264229 0.125731 -0.058838
v -0.271088 0.117921 -0.067880
v -0.268306 0.108420 -0.077233
v -0.291335 0.094338 -0.090677
v -0.277109 0.097246 -0.090637
v -0.300476 0.085531 -0.102614
v -0.279783 0.104417 -0.079277
v -0.283271 0.090301 -0.098261
v -0.303799 0.097421 -0.095257
v -0.308765 0.077570 -0.102035
v -0.298823 0.070859 -0.107917
v -0.467752 -0.008161 -0.073626
v -0.498522 0.063082 -0.100816
v -0.497826 0.042593 -0.106523
v -0.519013 0.062979 -0.102045
v -0.528378 0.058591 -0.105292
v -0.471269 0.052851 -0.105845
v -0.462756 0.035946 -0.106088
v -0.473368 0.026581 -0.103701
v -0.508048 0.053630 -0.105688
v -0.509317 0.040224 -0.107550
v -0.518105 0.078088 -0.089117
v -0.486349 0.053271 -0.105046
v -0.482753 0.038112 -0.105682
v -0.457417 0.050514 -0.106822
v -0.460907 0.073493 -0.091270
v -0.463097 0.061987 -0.100369
v -0.482159 0.069903 -0.093746
v -0.444383 0.071536 -0.093508
v -0.480542 0.060531 -0.101972
v -0.450170 0.080332 -0.078116
v -0.440307 0.075329 -0.082484
v -0.436580 0.089228 -0.067178
v -0.420878 0.092823 -0.060275
v -0.425428 0.081731 -0.074518
v -0.449953 0.038751 -0.107234
v -0.527421 0.071888 -0.096360
v -0.512910 0.084972 -0.076903
v -0.501968 0.076864 -0.088398
v -0.472035 0.041044 -0.106465
v -0.473021 0.082090 -0.080752
v -0.462301 0.081658 -0.078515
v -0.487470 0.080254 -0.083247
v -0.497853 0.086199 -0.075971
v -0.482070 0.087040 -0.073950
v -0.450690 0.089353 -0.067227
v -0.433066 0.097160 -0.056694
v -0.508696 0.071288 -0.096934
v -0.493557 0.071208 -0.095271
v -0.348799 0.106945 -0.053121
v -0.337199 0.102591 -0.051744
v -0.344795 0.108269 -0.064578
v -0.357192 0.104617 -0.065381
v -0.362644 0.095513 -0.051137
v -0.351181 0.101420 -0.035599
v -0.356728 0.101296 -0.046523
v -0.355338 0.094519 -0.023086
v -0.339486 0.096890 -0.020926
v -0.376253 0.091069 -0.058784
v -0.374988 0.093015 -0.041931
v -0.383638 0.090587 -0.033915
v -0.391508 0.097298 -0.058627
v -0.449763 0.061382 -0.101113
v 0.080396 0.172213 -0.045354
v 0.099807 0.164629 -0.045796
v 0.115330 0.174169 -0.035493
v 0.132721 0.166066 -0.034231
v 0.150746 0.158599 -0.032902
v 0.168876 0.153056 -0.031685
v 0.186851 0.146936 -0.030192
v 0.198710 0.141354 -0.028712
v 0.213643 -0.085169 -0.021958
v 0.188826 -0.107002 -0.026642
v 0.189999 -0.125425 -0.023427
v 0.194442 -0.142222 -0.016372
v 0.199488 -0.158035 -0.006215
v 0.200385 -0.176219 -0.001609
v 0.199110 -0.194131 0.004057
v 0.192810 -0.210097 0.011750
v 0.185686 -0.226306 0.019312
v 0.189067 -0.245386 0.019769
v 0.199493 -0.261966 0.019204
v 0.197242 -0.281447 0.018687
v 0.203061 -0.299684 0.018786
v 0.200516 -0.317754 0.017806
v 0.201006 -0.336055 0.017587
v 0.205740 -0.353559 0.016957
v 0.209005 -0.372378 0.015823
v 0.211909 -0.390175 0.015411
v 0.210035 -0.388396 -0.008009
v 0.204834 -0.386912 -0.030706
v 0.198761 -0.384780 -0.052327
v 0.192282 -0.381158 -0.074888
v 0.181326 -0.378261 -0.094886
v 0.166807 -0.375381 -0.113521
v 0.150374 -0.372160 -0.130421
v 0.131224 -0.369843 -0.144753
v 0.110865 -0.368305 -0.156099
v 0.088152 -0.368518 -0.163570
v 0.065401 -0.370762 -0.165907
v 0.042696 -0.372723 -0.166995
v 0.020469 -0.373538 -0.167117
v -0.001891 -0.373612 -0.167095
v -0.024291 -0.373351 -0.166738
v -0.046580 -0.372226 -0.166117
v -0.069290 -0.370353 -0.164410
v -0.092498 -0.366928 -0.161571
v -0.114480 -0.366494 -0.152748
v -0.133720 -0.369208 -0.139865
v -0.151605 -0.371829 -0.124858
v -0.167836 -0.374154 -0.107892
v -0.181883 -0.376509 -0.089253
v -0.192912 -0.378173 -0.069216
v -0.198526 -0.381528 -0.046688
v -0.203033 -0.383492 -0.023786
v -0.206900 -0.384681 -0.002066
v -0.207547 -0.386140 0.021215
v -0.206020 -0.368140 0.021534
v -0.203732 -0.350073 0.021863
v -0.196771 -0.332098 0.022893
v -0.199121 -0.313887 0.022915
v -0.199998 -0.295950 0.023802
v -0.197466 -0.276748 0.023996
v -0.187715 -0.260227 0.022956
v -0.171959 -0.249527 0.019032
v -0.172610 -0.230292 0.016273
v -0.181165 -0.215187 0.008482
v -0.185576 -0.197747 0.003309
v -0.188355 -0.179867 -0.001304
v -0.189088 -0.161636 -0.005570
v -0.189914 -0.143421 -0.009361
v -0.188433 -0.125540 -0.015897
v -0.189382 -0.106469 -0.022627
v -0.213182 -0.084055 -0.019851
v -0.191100 0.147061 -0.033137
v -0.183704 0.148156 -0.034649
v -0.169052 0.153221 -0.036102
v -0.151506 0.160392 -0.037728
v -0.131977 0.168105 -0.039698
v -0.119079 0.160647 -0.049198
v -0.104099 0.173962 -0.049489
v -0.084879 0.178386 -0.047905
v -0.078485 0.180151 -0.066832
v -0.067447 0.182109 -0.082856
v -0.051630 0.183168 -0.094243
v -0.037753 0.185569 -0.102060
v -0.018645 0.185322 -0.106065
v 0.000702 0.185673 -0.107222
v 0.019175 0.184904 -0.105722
v 0.036213 0.183640 -0.100076
v 0.054941 0.183463 -0.090745
v 0.069237 0.182386 -0.079930
v 0.078478 0.178687 -0.063698
v 0.188610 0.135085 -0.064979
v -0.180716 0.137046 -0.069240
v 0.200321 0.140683 -0.050592
v -0.194229 0.133272 -0.065848
v 0.226798 -0.079627 -0.038058
v 0.016424 -0.171781 -0.145403
v 0.134842 -0.134120 -0.105122
v 0.108941 0.097533 -0.135950
v -0.064719 0.047086 -0.152730
v -0.228284 -0.074079 -0.032393
v -0.120903 -0.138908 -0.115245
v 0.196611 0.119911 -0.076921
v -0.149926 0.103429 -0.119264
v -0.191605 0.142678 -0.052562
v -0.199229 0.143706 -0.054795
v -0.186918 0.116519 -0.087345
v 0.182384 -0.100353 -0.094595
v 0.163243 0.085794 -0.126920
v 0.118393 -0.001095 -0.148770
v -0.138264 0.018386 -0.142661
v -0.169119 -0.102820 -0.095865
v 0.204778 0.127746 -0.079659
v 0.195857 0.115346 -0.095707
v -0.166496 0.059201 -0.128366
v -0.199289 0.123576 -0.081679
v -0.188270 0.126086 -0.076322
v -0.184859 0.098373 -0.116118
v -0.197582 0.113630 -0.098726
v 0.225961 -0.060218 -0.084602
v 0.219042 -0.086224 -0.063812
v 0.226786 -0.080355 -0.053253
v 0.210661 -0.098488 -0.044964
v 0.191349 0.081598 -0.121754
v 0.162864 0.021001 -0.130335
v 0.157420 -0.050963 -0.128196
v -0.176593 0.016398 -0.124934
v -0.197231 -0.082983 -0.082953
v -0.208688 -0.089648 -0.058176
v -0.221068 -0.080217 -0.045141
v -0.202210 -0.101879 -0.042049
v -0.210529 -0.089404 -0.032381
v -0.156180 -0.052356 -0.127208
v -0.193825 0.058739 -0.116357
v -0.200458 0.100374 -0.113624
v -0.183878 0.106644 -0.100796
v 0.254040 -0.042803 -0.077204
v 0.238079 -0.063952 -0.067092
v 0.224559 -0.039560 -0.099078
v 0.251073 -0.034203 -0.087259
v 0.208194 0.085806 -0.117355
v 0.198827 0.061377 -0.115204
v 0.196397 0.100979 -0.111523
v 0.197753 0.023675 -0.118945
v 0.193081 -0.012057 -0.119793
v -0.208536 0.024484 -0.115857
v -0.223340 -0.060156 -0.078781
v -0.188447 -0.041103 -0.111682
v -0.209970 0.063837 -0.114851
v -0.190700 0.079049 -0.115234
v -0.161355 0.126489 -0.096276
v -0.174805 0.126271 -0.085154
v -0.167129 0.103944 -0.108482
v 0.213910 -0.025467 -0.109204
v 0.214393 0.065189 -0.117577
v 0.209015 0.043444 -0.112925
v 0.207271 0.106066 -0.109499
v 0.220686 0.028417 -0.113823
v 0.216027 0.012982 -0.115073
v 0.226011 0.000227 -0.111565
v -0.210013 -0.080469 -0.070792
v -0.217461 -0.023401 -0.105872
v -0.206148 0.083890 -0.117360
v 0.241055 -0.012166 -0.103398
v 0.235326 0.019227 -0.111528
v -0.193941 -0.015092 -0.117990
v -0.190726 -0.062729 -0.102023
v -0.198744 -0.023551 -0.113375
v -0.217771 -0.004677 -0.111902
v -0.199540 -0.046487 -0.104816
v -0.197861 -0.069941 -0.092298
v -0.219361 -0.043622 -0.095008
v 0.191543 -0.342124 -0.034360
v 0.208871 -0.380096 0.003919
v 0.104491 0.166117 -0.068139
v 0.089644 0.170269 -0.057101
v 0.107118 0.177932 -0.056113
v 0.094407 0.180203 -0.070312
v -0.167409 -0.282034 -0.087630
v -0.190247 -0.338454 -0.031214
v -0.206814 -0.375773 0.009507
v -0.107194 0.174988 -0.078365
v -0.092013 0.177901 -0.060057
v -0.089950 0.172169 -0.075390
v -0.103594 0.165598 -0.065126
v 0.159758 0.149734 -0.064385
v 0.178504 0.147525 -0.050584
v -0.175354 0.148784 -0.055277
v 0.190843 0.144775 -0.040009
v 0.199863 0.144109 -0.039426
v 0.111502 -0.249279 -0.119481
v -0.031829 -0.259758 -0.140795
v 0.176658 -0.152638 -0.061518
v 0.038316 0.120316 -0.130842
v -0.065963 0.120596 -0.131689
v -0.158719 -0.199111 -0.071673
v 0.193726 0.133658 -0.063661
v -0.188967 0.145513 -0.040861
v -0.167365 -0.155651 -0.065916
v 0.161511 0.121365 -0.099983
v 0.202825 -0.098061 -0.033796
v 0.201603 -0.116850 -0.035029
v 0.197461 -0.120965 -0.067836
v 0.207162 -0.115287 -0.053320
v 0.201556 -0.142614 -0.044674
v 0.206225 -0.103588 -0.066827
v 0.201992 -0.130117 -0.055664
v 0.204878 -0.133480 -0.029876
v 0.212974 -0.097244 -0.056404
v 0.192183 -0.108599 -0.081577
v 0.213205 -0.085046 -0.075474
v 0.199111 -0.086623 -0.088834
v 0.186934 -0.076365 -0.104527
v 0.202055 -0.069181 -0.097335
v 0.190214 -0.141451 -0.060434
v 0.206840 -0.126865 -0.041503
v 0.166111 -0.129276 -0.088481
v 0.178101 -0.115965 -0.089105
v 0.176726 -0.137524 -0.073529
v -0.195650 -0.119194 -0.031427
v -0.186000 -0.126536 -0.065886
v -0.196570 -0.120396 -0.049947
v -0.197941 -0.106053 -0.057482
v -0.188763 -0.148458 -0.042185
v -0.190105 -0.134440 -0.052677
v -0.194576 -0.136584 -0.029100
v -0.178290 -0.142297 -0.064004
v -0.195609 -0.129369 -0.039543
v -0.163572 -0.128100 -0.086715
v -0.178490 -0.154517 -0.054604
v -0.164998 -0.142582 -0.077134
v -0.159822 -0.187192 -0.041588
v -0.182890 -0.171277 -0.031753
v -0.175014 -0.131396 -0.074568
v -0.179433 -0.113224 -0.081211
v -0.192496 -0.101049 -0.073290
v -0.140209 -0.143512 -0.093116
v -0.168022 -0.172092 -0.052798
v -0.183545 -0.160811 -0.040610
v -0.190351 -0.158888 -0.024843
v -0.188968 -0.114141 -0.069325
v -0.181792 -0.098276 -0.087344
v -0.153739 -0.139290 -0.086345
v -0.149225 -0.157210 -0.078528
v -0.192217 -0.148803 -0.030215
v -0.159212 -0.151702 -0.075639
v 0.174978 0.066884 -0.127100
v 0.176767 0.093364 -0.111426
v -0.187441 0.035766 -0.120398
v -0.208090 0.047661 -0.113572
v -0.168729 0.083494 -0.125857
v -0.177734 0.068212 -0.120620
v -0.140319 0.151631 -0.075323
v -0.172238 0.115047 -0.097415
v -0.155148 0.116079 -0.108763
v -0.129535 0.136221 -0.103012
v -0.144226 0.128435 -0.103036
v -0.151064 0.140493 -0.087238
v -0.129073 0.117484 -0.119307
v -0.142099 0.114217 -0.116014
v -0.133207 0.125642 -0.110103
v 0.175529 0.037954 -0.124161
v 0.179202 0.007831 -0.125166
v 0.200970 -0.020340 -0.115606
v 0.190466 -0.036653 -0.116078
v 0.198405 0.002655 -0.119406
v -0.192142 -0.000276 -0.119389
v -0.209300 0.004709 -0.116095
v 0.195500 -0.307481 -0.022973
v 0.201185 -0.342993 -0.008221
v 0.205368 -0.362464 -0.004545
v 0.196459 -0.365918 -0.038642
v 0.175509 -0.347499 -0.074919
v 0.122588 0.165229 -0.056427
v 0.111868 0.166455 -0.057899
v 0.081493 0.153831 -0.107619
v 0.086216 0.164094 -0.087403
v 0.092882 0.169128 -0.075699
v 0.082104 0.178640 -0.084844
v -0.150216 -0.327510 -0.103011
v -0.196588 -0.284456 -0.036642
v -0.196571 -0.361572 -0.033886
v -0.202412 -0.367718 -0.011599
v -0.197636 -0.340194 -0.004019
v -0.176515 -0.344624 -0.071203
v -0.079944 0.152357 -0.108501
v -0.088970 0.169477 -0.094768
v -0.095307 0.176379 -0.086153
v -0.081352 0.180194 -0.088628
v -0.068120 0.170351 -0.102344
v -0.122971 0.169171 -0.062598
v -0.112359 0.174765 -0.066480
v 0.159813 0.153054 -0.046539
v 0.167352 0.149615 -0.054932
v 0.142082 0.156030 -0.056834
v 0.148157 0.156369 -0.045035
v 0.178595 0.149419 -0.038194
v -0.184893 0.142011 -0.059080
v -0.175196 0.150774 -0.042704
v -0.160378 0.152981 -0.054419
v -0.169626 0.141068 -0.073675
v 0.190813 0.142433 -0.053120
v 0.110902 -0.313437 -0.123278
v 0.182777 -0.230374 -0.069717
v 0.008615 -0.315537 -0.138095
v -0.074511 -0.313879 -0.133630
v 0.171473 -0.184915 -0.032878
v 0.012466 0.149389 -0.120505
v -0.033221 0.148126 -0.121253
v -0.184205 -0.229024 -0.031347
v 0.181798 0.115719 -0.091289
v 0.202467 -0.153604 -0.027526
v 0.188574 -0.131232 -0.069529
v 0.179262 -0.126909 -0.080808
v 0.189155 -0.119553 -0.076818
v -0.165676 -0.203947 -0.016582
v -0.187880 -0.172735 -0.017278
v -0.177962 -0.189301 -0.022848
v -0.168132 -0.115475 -0.090012
v -0.139337 -0.113010 -0.108467
v -0.145102 -0.127871 -0.100069
v -0.154732 -0.111304 -0.101621
v -0.130649 -0.126379 -0.108436
v -0.150695 -0.082089 -0.119604
v -0.131206 -0.139015 -0.103410
v -0.146963 -0.172834 -0.105740
v -0.128519 -0.160662 -0.100274
v -0.156901 -0.095611 -0.108281
v -0.174176 -0.081739 -0.102374
v -0.138942 -0.096675 -0.116576
v -0.167540 -0.091964 -0.102726
v -0.181882 -0.087460 -0.093082
v -0.116397 -0.110074 -0.142580
v -0.117809 -0.121797 -0.125467
v -0.126435 -0.114697 -0.116615
v -0.172101 -0.180066 -0.038082
v -0.144267 -0.181273 -0.067945
v -0.157052 -0.168742 -0.066648
v 0.176921 0.081253 -0.126718
v 0.187666 0.069373 -0.121111
v 0.133212 0.056507 -0.139992
v 0.188025 0.092156 -0.116651
v 0.156342 0.103677 -0.114066
v -0.180494 0.048919 -0.123406
v -0.158712 0.034942 -0.132766
v -0.172603 0.036706 -0.126893
v -0.188422 0.022962 -0.119227
v -0.209481 0.034082 -0.114744
v -0.180719 0.086377 -0.120631
v -0.171276 0.096514 -0.120309
v -0.133008 0.144915 -0.089801
v -0.118422 0.156936 -0.081588
v 0.191064 0.032580 -0.119048
v 0.177497 0.023765 -0.124425
v 0.180599 0.052833 -0.121604
v 0.198549 0.015774 -0.119363
v 0.148134 -0.003949 -0.137064
v 0.163190 -0.029939 -0.127655
v 0.200339 -0.044175 -0.109549
v 0.194138 -0.061349 -0.106753
v 0.166562 -0.069654 -0.120579
v 0.178620 -0.057609 -0.116686
v -0.189175 0.009739 -0.119180
v -0.157808 -0.005193 -0.134940
v -0.206709 0.013840 -0.116621
v 0.201460 -0.289146 -0.007286
v 0.202600 -0.343816 0.006234
v 0.197714 -0.325766 -0.001363
v 0.208182 -0.362243 0.007941
v 0.203644 -0.374121 -0.017010
v 0.200724 -0.375276 -0.031995
v 0.199694 -0.360095 -0.021233
v 0.194465 -0.354470 -0.033713
v 0.186165 -0.354687 -0.055235
v 0.179392 -0.366786 -0.079107
v 0.148974 -0.345702 -0.108140
v 0.124113 0.169013 -0.042752
v 0.052269 0.160571 -0.111688
v -0.153178 -0.353274 -0.107972
v -0.200941 -0.285226 -0.005473
v -0.198585 -0.373493 -0.034545
v -0.189369 -0.364904 -0.053766
v -0.203294 -0.377939 -0.012288
v -0.204018 -0.357756 0.004440
v -0.200608 -0.345952 0.008124
v -0.198456 -0.352920 -0.011030
v -0.194478 -0.342613 -0.017450
v -0.196007 -0.322504 0.002822
v -0.191304 -0.323558 -0.017826
v -0.064210 0.179749 -0.094999
v -0.047916 0.169990 -0.107311
v -0.079077 0.163964 -0.102084
v -0.122492 0.171074 -0.049929
v 0.134414 0.144655 -0.091268
v -0.175754 0.134505 -0.076263
v -0.167639 0.148156 -0.062784
v -0.153946 0.150177 -0.068554
v -0.143132 0.161520 -0.057163
v -0.163536 0.135397 -0.085566
v 0.113757 -0.344807 -0.133809
v 0.187380 -0.232155 -0.023803
v 0.008877 -0.345762 -0.153475
v -0.055506 -0.342359 -0.149500
v -0.097428 -0.341824 -0.140676
v 0.188703 -0.187507 -0.018380
v -0.010016 0.163423 -0.117255
v 0.010797 0.168310 -0.113390
v -0.173138 -0.239507 -0.009191
v 0.190369 0.114475 -0.086596
v 0.185713 0.103229 -0.100001
v 0.171711 0.107867 -0.103611
v 0.203638 -0.142470 -0.023771
v 0.201767 -0.151273 -0.016204
v 0.198584 -0.171711 -0.023220
v 0.189627 -0.160567 -0.043438
v 0.187403 -0.152654 -0.054345
v -0.177203 -0.206335 -0.006859
v -0.180620 -0.196116 -0.011816
v -0.164362 -0.221223 -0.005283
v -0.164861 -0.194133 -0.027098
v -0.155327 -0.213305 -0.045883
v -0.158097 -0.205651 -0.032708
v -0.164020 -0.225802 -0.027434
v -0.156178 -0.122398 -0.094790
v -0.137566 -0.156897 -0.087661
v -0.140455 -0.170417 -0.079229
v -0.144879 -0.185820 -0.088157
v -0.139103 -0.180730 -0.078889
v -0.144623 -0.194781 -0.075057
v -0.148568 -0.201824 -0.059962
v -0.147404 -0.103194 -0.109603
v -0.117428 -0.072073 -0.141417
v -0.155240 -0.180940 -0.055125
v -0.148172 -0.189798 -0.057053
v 0.152451 0.067224 -0.133712
v 0.162950 0.053695 -0.128491
v 0.159002 0.037843 -0.131429
v 0.147999 0.052251 -0.134439
v 0.133623 0.025005 -0.143145
v 0.137705 0.041434 -0.140194
v 0.148994 0.026601 -0.137093
v 0.151841 0.010345 -0.136516
v 0.162908 0.000635 -0.131546
v 0.177606 -0.006916 -0.125537
v 0.164746 0.093741 -0.116189
v -0.128268 0.158758 -0.070847
v -0.103472 0.161400 -0.089173
v -0.092062 0.155152 -0.099606
v -0.104259 0.133786 -0.118296
v -0.117256 0.129280 -0.114941
v -0.111496 0.145080 -0.100604
v -0.092745 0.142885 -0.110355
v -0.112016 0.153028 -0.091185
v -0.112293 0.139051 -0.110299
v -0.075496 0.134197 -0.121875
v -0.082046 0.142217 -0.115014
v 0.181477 -0.027409 -0.121403
v 0.167807 -0.044194 -0.124037
v 0.133257 -0.031893 -0.140448
v -0.172280 0.001242 -0.127864
v -0.157032 0.016151 -0.134357
v -0.171491 -0.016013 -0.126725
v -0.174718 -0.031965 -0.119914
v -0.152625 -0.029630 -0.130540
v -0.170204 -0.047424 -0.118582
v -0.164498 -0.026749 -0.126214
v -0.160465 -0.040579 -0.125054
v -0.162280 -0.064949 -0.118052
v -0.181321 -0.060273 -0.109960
v -0.170990 -0.070989 -0.109479
v 0.201393 -0.289587 0.006870
v 0.198968 -0.270399 -0.001639
v 0.199786 -0.326068 0.010413
v 0.193390 -0.330271 -0.019857
v 0.196383 -0.342314 -0.021344
v 0.184302 -0.320077 -0.044691
v 0.195025 -0.318328 -0.013821
v 0.200139 -0.304900 -0.006965
v 0.188760 -0.329395 -0.034823
v 0.183639 -0.336873 -0.052918
v 0.189996 -0.316686 -0.032132
v 0.191937 -0.369415 -0.056149
v 0.197038 -0.375208 -0.045315
v 0.184594 -0.362677 -0.066535
v 0.184935 -0.374118 -0.083079
v 0.166659 -0.366516 -0.097658
v 0.048464 0.174042 -0.103747
v 0.069456 0.171723 -0.099051
v 0.031151 0.164429 -0.112320
v -0.154963 -0.367576 -0.111013
v -0.168121 -0.361815 -0.092567
v -0.137042 -0.358876 -0.124408
v -0.200979 -0.285907 0.012446
v -0.198692 -0.303463 0.002256
v -0.195227 -0.267324 0.002230
v -0.193121 -0.375061 -0.056066
v -0.187953 -0.348853 -0.047046
v -0.197111 -0.333831 0.007912
v -0.197490 -0.323217 0.016139
v -0.194558 -0.328804 -0.006806
v -0.180632 -0.311082 -0.051018
v -0.059935 0.153816 -0.113269
v 0.130054 0.155456 -0.073832
v -0.158480 0.143294 -0.077692
v -0.151458 0.158416 -0.049194
v 0.116029 -0.361454 -0.140489
v 0.073101 -0.341742 -0.147610
v 0.184114 -0.236467 0.000529
v 0.009040 -0.361093 -0.160197
v -0.017131 -0.353582 -0.156583
v 0.035789 -0.352474 -0.156170
v -0.002258 -0.352864 -0.156562
v -0.010046 -0.364119 -0.161334
v 0.025811 -0.362652 -0.161076
v 0.021204 -0.351687 -0.155725
v -0.056543 -0.359488 -0.155693
v -0.098501 -0.359233 -0.145325
v 0.197510 -0.187391 -0.006582
v 0.183328 -0.202308 -0.005350
v -0.009432 0.176265 -0.112338
v -0.030519 0.169378 -0.113260
v 0.010121 0.178988 -0.109338
v 0.002810 0.158816 -0.117869
v -0.010228 0.139052 -0.125041
v -0.168824 -0.241143 0.007510
v 0.185888 -0.176901 -0.031004
v 0.192984 -0.168386 -0.034048
v 0.198443 -0.153698 -0.039388
v 0.169501 -0.168677 -0.050351
v 0.176238 -0.174803 -0.039254
v -0.171055 -0.221796 0.007410
v -0.173445 -0.217348 -0.043224
v -0.167603 -0.208107 -0.057489
v -0.153245 -0.230976 -0.097262
v -0.171657 -0.233587 -0.064984
v -0.185765 -0.227442 -0.052667
v -0.176436 -0.214075 -0.083085
v -0.183908 -0.257307 -0.045718
v -0.181425 -0.221115 -0.067081
v -0.171463 -0.206351 -0.070706
v -0.179144 -0.242141 -0.050330
v -0.177550 -0.216335 -0.055627
v -0.173103 -0.258790 -0.073946
v -0.189824 -0.244122 -0.037294
v -0.172425 -0.248385 -0.064263
v -0.158348 -0.242447 -0.078552
v -0.193741 -0.263380 -0.021946
v -0.189011 -0.239707 -0.017286
v -0.187595 -0.256359 -0.033429
v -0.192087 -0.270038 -0.040526
v -0.187729 -0.248988 0.000592
v -0.185398 -0.271073 -0.060310
v -0.174171 -0.234758 -0.023087
v -0.161932 -0.216787 -0.018207
v -0.134259 -0.175444 -0.095326
v -0.153312 -0.199706 -0.044729
v -0.132221 -0.081011 -0.128690
v 0.163467 0.073258 -0.131148
v 0.147898 -0.037154 -0.132626
v 0.146001 -0.021515 -0.136039
v 0.129786 -0.014360 -0.144138
v 0.160959 -0.014812 -0.131237
v 0.133390 0.000724 -0.143465
v 0.124328 0.013374 -0.147120
v 0.041779 0.040587 -0.152093
v 0.082699 0.022764 -0.154684
v 0.103183 0.014637 -0.152895
v -0.167457 0.023398 -0.130237
v -0.148780 0.026345 -0.138188
v -0.110595 0.058317 -0.146984
v -0.127245 0.041216 -0.145071
v -0.146653 0.006955 -0.139199
v -0.184575 -0.011980 -0.121762
v -0.147291 -0.067082 -0.128915
v -0.131155 -0.051972 -0.143407
v -0.104845 -0.012452 -0.156481
v -0.124187 0.000103 -0.148258
v -0.134488 0.006433 -0.144353
v -0.142918 -0.076960 -0.126734
v -0.141879 -0.055348 -0.135059
v -0.141623 -0.041817 -0.134884
v -0.131471 -0.066575 -0.137760
v -0.132385 -0.021082 -0.142215
v -0.140971 -0.008034 -0.140505
v -0.140867 -0.029334 -0.136547
v -0.122689 -0.035099 -0.145812
v -0.150352 -0.016068 -0.134207
v 0.197210 -0.271440 0.012711
v 0.192084 -0.267431 -0.047701
v 0.196925 -0.251061 -0.000407
v 0.200450 -0.307572 0.006872
v 0.187735 -0.345956 -0.046234
v 0.181475 -0.344217 -0.062920
v 0.170905 -0.355994 -0.087527
v 0.160471 -0.353259 -0.099936
v 0.149017 -0.363578 -0.114594
v 0.066147 0.180776 -0.091583
v 0.077776 0.161804 -0.097703
v 0.038510 0.140303 -0.121518
v 0.021132 0.158744 -0.116799
v 0.031312 0.151126 -0.117234
v 0.022136 0.173429 -0.110845
v -0.170846 -0.370997 -0.095552
v -0.181265 -0.365512 -0.075306
v -0.163516 -0.342109 -0.092157
v -0.139943 -0.369178 -0.128553
v -0.138832 -0.339436 -0.119542
v -0.118454 -0.360685 -0.136071
v -0.196326 -0.300649 -0.019926
v -0.193904 -0.312533 -0.008256
v -0.198947 -0.305052 0.016297
v -0.193497 -0.268049 0.016871
v -0.192025 -0.349763 -0.033685
v -0.183269 -0.354063 -0.061476
v -0.183863 -0.330387 -0.049961
v -0.059060 0.164563 -0.107535
v -0.042574 0.155689 -0.116065
v -0.051091 0.135490 -0.124344
v -0.042623 0.144380 -0.121613
v 0.132087 0.159210 -0.062530
v 0.145468 0.150660 -0.072002
v 0.159442 0.138238 -0.084413
v 0.155365 0.145196 -0.075189
v 0.108518 0.153795 -0.091662
v 0.093548 -0.352536 -0.144706
v 0.074335 -0.358641 -0.154712
v 0.184677 -0.236579 0.012766
v -0.033946 -0.362677 -0.158828
v -0.035914 -0.346160 -0.153087
v -0.043308 -0.355076 -0.154598
v -0.036472 -0.316324 -0.137593
v -0.040944 -0.331499 -0.143642
v -0.061085 -0.327093 -0.139157
v -0.013109 -0.328209 -0.143624
v -0.006988 -0.340740 -0.150814
v -0.023395 -0.338107 -0.149454
v 0.005137 -0.329457 -0.144796
v -0.049148 -0.322628 -0.138808
v -0.028368 -0.326434 -0.142720
v 0.038669 -0.327024 -0.142250
v 0.030195 -0.339265 -0.150383
v 0.022150 -0.324976 -0.143387
v 0.052005 -0.339784 -0.150369
v 0.053203 -0.360480 -0.159768
v 0.039626 -0.363498 -0.161723
v 0.049553 -0.350450 -0.153695
v -0.076674 -0.350283 -0.147976
v 0.191537 -0.202757 0.002815
v 0.176876 -0.218308 0.002810
v 0.175605 -0.194351 -0.020558
v 0.166405 -0.208116 -0.048621
v 0.160441 -0.198367 -0.031435
v -0.039505 0.175499 -0.108425
v -0.020707 0.155611 -0.118229
v 0.178612 -0.161215 -0.052780
v -0.155209 -0.200455 -0.100496
v -0.168429 -0.201440 -0.089105
v -0.160193 -0.188118 -0.091393
v -0.152329 -0.180447 -0.095794
v -0.169182 -0.229301 -0.081738
v -0.141969 -0.260197 -0.106557
v -0.196619 -0.273013 -0.011346
v -0.196256 -0.276057 -0.024764
v -0.192926 -0.252838 -0.012409
v -0.183181 -0.251968 0.014906
v -0.181669 -0.258103 -0.059169
v -0.175498 -0.274061 -0.075549
v -0.179603 -0.296582 -0.072280
v -0.175690 -0.286312 -0.078239
v -0.115573 -0.091294 -0.136800
v 0.174493 -0.019281 -0.125221
v 0.138023 0.011823 -0.141730
v 0.103863 0.045651 -0.149714
v 0.121114 0.045322 -0.145674
v 0.112046 0.028902 -0.149843
v 0.097094 0.027527 -0.153325
v 0.123410 0.032262 -0.146305
v 0.113753 0.017906 -0.150240
v -0.116158 -0.021072 -0.149618
v -0.123849 -0.012828 -0.147178
v -0.109250 -0.053682 -0.158857
v -0.108442 -0.036019 -0.157243
v -0.007849 -0.048195 -0.152754
v -0.059434 -0.046161 -0.155665
v -0.084957 -0.045523 -0.160741
v -0.098794 -0.045037 -0.161087
v 0.200742 -0.273796 -0.024549
v 0.193089 -0.242684 -0.013301
v 0.198201 -0.258984 -0.015581
v 0.194203 -0.260390 -0.033297
v 0.185368 -0.245120 -0.049366
v 0.194187 -0.245202 -0.028882
v 0.188521 -0.256020 -0.043773
v 0.159876 -0.368090 -0.108235
v 0.135316 -0.364467 -0.129010
v -0.174160 -0.354593 -0.080856
v -0.153703 -0.341004 -0.104059
v -0.161794 -0.351897 -0.097464
v -0.165933 -0.320268 -0.074272
v -0.141902 -0.350229 -0.116405
v -0.116296 -0.304097 -0.119888
v -0.124390 -0.346803 -0.128286
v -0.117156 -0.325991 -0.124286
v -0.111094 -0.348038 -0.137312
v -0.114785 -0.338042 -0.130296
v -0.200502 -0.296718 -0.008315
v -0.193269 -0.301656 -0.040549
v -0.188762 -0.288798 -0.054867
v -0.186660 -0.317014 -0.035131
v -0.187543 -0.300820 -0.052826
v -0.188785 -0.326964 -0.029545
v -0.191019 -0.311667 -0.023089
v -0.186800 -0.339432 -0.042955
v -0.181239 -0.340530 -0.057905
v -0.176261 -0.328334 -0.065123
v -0.173725 -0.315651 -0.063597
v 0.122856 0.152088 -0.086429
v 0.111913 0.160415 -0.078152
v 0.099330 0.160981 -0.084250
v 0.093391 0.155233 -0.098281
v 0.110571 0.129429 -0.117965
v 0.107694 0.143852 -0.106016
v 0.119782 0.143236 -0.098699
v 0.136987 0.125582 -0.109829
v 0.132122 0.136418 -0.102505
v 0.147702 0.136005 -0.096006
v 0.123773 0.130406 -0.112164
v 0.125862 0.109616 -0.124537
v 0.090277 0.137763 -0.117957
v 0.146040 0.143466 -0.084863
v 0.101952 0.137259 -0.114568
v 0.093921 -0.332496 -0.138215
v 0.106560 -0.353187 -0.139634
v 0.097184 -0.362897 -0.153662
v 0.076188 -0.365213 -0.163355
v 0.080755 -0.350628 -0.147524
v -0.082393 -0.328798 -0.139444
v 0.016083 -0.336133 -0.148572
v 0.063966 -0.350165 -0.151822
v -0.090387 -0.349813 -0.145256
v -0.063451 -0.350750 -0.150327
v -0.072562 -0.361331 -0.155870
v 0.177713 -0.226133 -0.013000
v 0.173615 -0.219851 -0.031601
v 0.169051 -0.209709 -0.015478
v 0.148842 -0.185634 -0.058406
v -0.145983 -0.248440 -0.094746
v -0.200200 -0.287711 -0.019731
v -0.120513 -0.080839 -0.133718
v -0.118636 -0.104352 -0.126201
v -0.128865 -0.103436 -0.118880
v -0.120298 -0.047848 -0.151783
v -0.116090 -0.060031 -0.148305
v -0.087282 -0.089867 -0.159971
v 0.200809 -0.277589 -0.012094
v 0.200880 -0.290947 -0.025287
v 0.196074 -0.281264 -0.040458
v 0.191574 -0.300234 -0.043621
v 0.124809 -0.354047 -0.131306
v 0.131081 -0.337769 -0.120640
v 0.138664 -0.352137 -0.120369
v -0.169464 -0.334099 -0.079190
v -0.159445 -0.324698 -0.089430
v -0.159936 -0.303426 -0.092015
v -0.159220 -0.314016 -0.084542
v -0.169772 -0.306775 -0.075987
v -0.171429 -0.296588 -0.085586
v -0.133641 -0.323145 -0.113433
v -0.143226 -0.310288 -0.101877
v -0.122499 -0.316621 -0.116377
v -0.190565 -0.277432 -0.050236
v -0.182517 -0.282145 -0.067156
v 0.149253 0.124914 -0.104051
v 0.093199 0.116040 -0.129965
v 0.065657 0.142936 -0.119226
v -0.070224 -0.337323 -0.145432
v -0.099690 -0.327629 -0.130664
v -0.106550 -0.315535 -0.124753
v -0.094687 -0.294989 -0.134844
v -0.090474 -0.315530 -0.130528
v -0.103659 -0.302662 -0.126425
v -0.083449 -0.303965 -0.130733
v -0.060037 -0.281213 -0.143070
v -0.055027 -0.301968 -0.137499
v -0.075968 -0.290754 -0.139810
v -0.062085 -0.292194 -0.139836
v -0.087207 -0.361666 -0.153176
v 0.187404 -0.227543 -0.045372
v 0.166877 -0.209053 -0.033160
v 0.157419 -0.184957 -0.043584
v 0.155615 -0.197671 -0.051821
v 0.169577 -0.204058 -0.082083
v 0.160955 -0.193835 -0.068593
v 0.155906 -0.174879 -0.053663
v 0.138789 -0.162828 -0.085339
v 0.145794 -0.172661 -0.071151
v 0.170794 -0.205882 -0.063479
v 0.151970 -0.185222 -0.103239
v 0.155405 -0.153011 -0.073562
v 0.159668 -0.162544 -0.060350
v 0.180786 -0.215197 -0.053897
v 0.177556 -0.216251 -0.075027
v 0.141306 -0.181820 -0.087457
v 0.160097 -0.190834 -0.088246
v 0.146816 -0.162141 -0.075832
v 0.143624 -0.236823 -0.090967
v 0.145300 -0.184453 -0.074105
v 0.161553 -0.230467 -0.076507
v 0.141520 -0.208238 -0.098134
v 0.154826 -0.200322 -0.101590
v 0.158518 -0.212584 -0.092282
v 0.144854 -0.220930 -0.087657
v -0.159215 -0.263898 -0.094689
v -0.169572 -0.266011 -0.084232
v -0.125678 -0.092030 -0.126196
v -0.107612 -0.096947 -0.156925
v 0.160834 -0.300767 -0.092715
v 0.114150 -0.329570 -0.127133
v 0.107036 -0.335724 -0.135406
v 0.102099 -0.322465 -0.131261
v 0.068475 -0.312540 -0.133909
v 0.089655 -0.303836 -0.126651
v 0.084262 -0.321039 -0.133975
v 0.079197 -0.331201 -0.140404
v -0.146894 -0.286443 -0.109182
v 0.080159 0.146260 -0.115657
v 0.191425 -0.238309 -0.041209
v 0.186791 -0.234078 -0.055819
v 0.161515 -0.141340 -0.080818
v 0.167449 -0.148292 -0.069733
v 0.150160 -0.134671 -0.093095
v 0.137627 -0.148037 -0.094844
v 0.149154 -0.145956 -0.084224
v 0.130741 -0.165420 -0.117308
v 0.126224 -0.149383 -0.110055
v 0.166486 -0.219427 -0.082899
v -0.150971 -0.256869 -0.099475
v -0.156327 -0.253440 -0.086682
v -0.110351 -0.099512 -0.144837
v -0.113459 -0.084374 -0.150427
v 0.176331 -0.305003 -0.067975
v 0.172444 -0.326110 -0.071564
v 0.159263 -0.333099 -0.091506
v 0.166277 -0.343376 -0.086727
v 0.185945 -0.283989 -0.065268
v 0.191238 -0.278594 -0.052695
v 0.058565 -0.325968 -0.140105
v 0.071023 -0.323669 -0.137678
v 0.062815 -0.335158 -0.145941
v -0.152291 -0.298947 -0.104772
v -0.160873 -0.291011 -0.096617
v -0.136146 -0.299369 -0.117901
v -0.119777 -0.274647 -0.124109
v -0.111181 -0.287987 -0.131241
v -0.132242 -0.284625 -0.119947
v -0.088412 -0.262466 -0.134463
v -0.139694 -0.272985 -0.113512
v -0.152741 -0.274459 -0.102437
v -0.077741 -0.274666 -0.140681
v -0.101492 -0.273969 -0.131805
v -0.059489 -0.255754 -0.136221
v -0.064834 -0.268180 -0.142379
v -0.048179 -0.264148 -0.142754
v 0.134157 -0.171884 -0.101342
v 0.142767 -0.176150 -0.114778
v 0.134473 -0.196961 -0.120725
v 0.145895 -0.188581 -0.117025
v 0.141548 -0.201993 -0.109492
v 0.082719 -0.137453 -0.158175
v 0.182533 -0.307832 -0.053321
v 0.177684 -0.319981 -0.058798
v 0.183145 -0.296284 -0.061204
v 0.191085 -0.290589 -0.051619
v 0.142292 -0.327313 -0.105383
v 0.128352 -0.321379 -0.116711
v 0.139263 -0.305808 -0.103600
v 0.137145 -0.317224 -0.108378
v 0.166914 -0.261577 -0.086822
v -0.131592 -0.309665 -0.109721
v -0.124063 -0.293685 -0.124933
v 0.131112 -0.157989 -0.100548
v 0.117716 -0.148055 -0.146933
v 0.150833 -0.336812 -0.101099
v 0.140486 -0.337588 -0.111663
v 0.152274 -0.317236 -0.093247
v 0.164550 -0.313445 -0.079855
v 0.150158 -0.306045 -0.096562
v 0.163581 -0.325309 -0.081450
v 0.123979 -0.304331 -0.113356
v 0.109506 -0.294445 -0.125160
v 0.139043 -0.272620 -0.115493
v 0.152033 -0.288525 -0.108007
v 0.136794 -0.294232 -0.114227
v 0.162251 -0.243718 -0.089839
v 0.174177 -0.240510 -0.079026
v 0.150315 -0.257574 -0.103306
v 0.159027 -0.254420 -0.095219
v 0.126413 -0.151805 -0.130014
v 0.102564 -0.304461 -0.123496
v 0.080859 -0.272213 -0.135884
v 0.166506 -0.280948 -0.092698
v 0.153520 -0.273005 -0.103561
v 0.163141 -0.269729 -0.095770
v 0.130996 -0.254725 -0.114505
v 0.120583 -0.177551 -0.135874
v 0.136618 -0.182400 -0.129239
v 0.133741 -0.167841 -0.132408
v 0.120649 -0.162750 -0.143096
v 0.082897 -0.169349 -0.141632
v 0.098973 -0.159205 -0.149807
v 0.107106 -0.171011 -0.141494
v 0.117412 -0.124778 -0.128891
v 0.094135 -0.287257 -0.138235
v 0.160249 -0.289754 -0.097679
v 0.177586 -0.273206 -0.078032
v 0.175638 -0.256885 -0.069821
v 0.185265 -0.267927 -0.061985
v 0.183688 -0.255947 -0.056502
v 0.172773 -0.293551 -0.080790
v 0.179626 -0.284694 -0.076299
v 0.141607 -0.262092 -0.110829
v 0.123150 -0.237825 -0.104002
v 0.126948 -0.219791 -0.097155
v 0.122384 -0.205918 -0.109541
v 0.139803 -0.246241 -0.103253
v 0.080372 -0.154787 -0.152582
v 0.100593 -0.142195 -0.155261
v 0.091809 -0.149748 -0.154226
v 0.103272 -0.100083 -0.161408
v 0.114788 -0.129182 -0.148346
v 0.122080 -0.134782 -0.117354
v 0.118588 -0.139058 -0.131639
v 0.097738 -0.294282 -0.128534
v 0.074043 -0.294499 -0.133892
v 0.105807 -0.269670 -0.128720
v 0.169002 -0.251656 -0.079451
v 0.178550 -0.243797 -0.062999
v 0.122184 -0.246721 -0.112791
v 0.131909 -0.231678 -0.095057
v 0.130125 -0.210264 -0.100548
v 0.092943 -0.222652 -0.115312
v 0.101229 -0.193658 -0.114350
v 0.105614 -0.180038 -0.125962
v 0.121530 -0.184712 -0.120407
v 0.082096 -0.184660 -0.124925
v 0.094580 -0.174577 -0.135046
v 0.094176 -0.185992 -0.121993
v 0.087936 -0.162576 -0.148248
v 0.049120 -0.166252 -0.147502
v 0.113125 -0.107844 -0.143707
v 0.077826 -0.304750 -0.130079
v 0.038507 -0.297877 -0.137252
v 0.049599 -0.312254 -0.135771
v 0.026674 -0.310209 -0.136128
v 0.056364 -0.297973 -0.135467
v 0.049711 -0.273388 -0.142605
v 0.062765 -0.284172 -0.143297
v 0.047264 -0.286910 -0.144636
v 0.005242 -0.277020 -0.146045
v 0.025092 -0.285057 -0.145387
v 0.065889 -0.272188 -0.139554
v 0.050383 -0.235518 -0.125799
v 0.071982 -0.247065 -0.136232
v 0.072047 -0.260491 -0.132051
v 0.092303 -0.251470 -0.129675
v 0.024241 -0.297299 -0.139114
v 0.094962 -0.275522 -0.133426
v 0.109174 -0.282140 -0.134093
v 0.123624 -0.274011 -0.124455
v 0.118591 -0.261162 -0.122078
v 0.133035 -0.283231 -0.121016
v 0.121639 -0.287256 -0.127323
v 0.109848 -0.216593 -0.106591
v 0.115895 -0.227628 -0.103168
v 0.104269 -0.209737 -0.124077
v 0.113378 -0.211207 -0.116035
v 0.119126 -0.198520 -0.123277
v 0.066996 -0.163983 -0.147831
v 0.060702 -0.181006 -0.134370
v 0.055163 -0.141732 -0.156490
v 0.059489 -0.171908 -0.142391
v 0.065205 -0.151832 -0.153712
v 0.113116 -0.119832 -0.139848
v 0.037064 -0.317229 -0.137791
v 0.079040 -0.283234 -0.142532
v 0.025479 -0.265171 -0.137809
v 0.083687 -0.237007 -0.122658
v 0.103765 -0.257254 -0.126858
v 0.074286 -0.217386 -0.116041
v 0.107514 -0.198731 -0.123088
v 0.073987 -0.177948 -0.134446
v 0.035951 -0.183083 -0.136852
v 0.019968 -0.273616 -0.145132
v 0.034355 -0.275438 -0.143899
v 0.068134 -0.229274 -0.134374
v 0.099325 -0.237609 -0.114251
v 0.087062 -0.212775 -0.126926
v 0.075651 -0.219420 -0.129404
v 0.085271 -0.203043 -0.111693
v 0.096600 -0.204010 -0.116245
v 0.057902 -0.198737 -0.115922
v 0.071039 -0.205238 -0.112397
v 0.071204 -0.192688 -0.119069
v 0.059886 -0.238840 -0.139221
v 0.038184 -0.247257 -0.139854
v 0.062194 -0.227507 -0.119703
v 0.028521 -0.217880 -0.107570
v 0.056044 -0.213993 -0.111536
v 0.040444 -0.203982 -0.112941
v 0.009586 -0.198255 -0.123982
v 0.043931 -0.192599 -0.124792
v 0.022743 -0.203529 -0.114318
v 0.048239 -0.184008 -0.132705
v 0.025283 -0.192860 -0.126919
v 0.012018 -0.185343 -0.135572
v 0.023745 -0.180794 -0.140044
v 0.033184 -0.169279 -0.146562
v -0.073772 -0.183828 -0.136615
v 0.019550 -0.139865 -0.154700
v 0.037265 -0.152133 -0.153861
v -0.031683 -0.188495 -0.135295
v -0.009654 -0.190837 -0.132630
v 0.084802 -0.226229 -0.123677
v 0.053191 -0.254670 -0.133328
v 0.039941 -0.259653 -0.136054
v 0.000222 -0.244566 -0.127274
v -0.106869 -0.153171 -0.146261
v 0.051602 -0.154527 -0.152927
v 0.020659 -0.156763 -0.152004
v -0.019271 -0.156158 -0.150239
v 0.000617 -0.148913 -0.152319
v 0.006667 -0.161325 -0.149257
v 0.037618 -0.133745 -0.156758
v 0.012961 -0.092242 -0.154659
v 0.020813 -0.115538 -0.156003
v 0.025487 -0.128235 -0.156114
v 0.017309 -0.248452 -0.138350
v -0.026289 -0.222457 -0.106721
v 0.000060 -0.216387 -0.106646
v 0.009337 -0.206762 -0.113113
v -0.010444 -0.204256 -0.119117
v -0.124315 -0.139972 -0.138845
v -0.094260 -0.125073 -0.156147
v -0.017663 -0.175402 -0.144098
v 0.000009 -0.175984 -0.143852
v -0.008698 -0.164636 -0.147815
v -0.023645 -0.114098 -0.151363
v 0.001393 -0.127044 -0.153774
v 0.027586 -0.253705 -0.138392
v 0.008041 -0.262053 -0.139874
v -0.013276 -0.267348 -0.144455
v 0.022531 -0.237585 -0.117247
v -0.003197 -0.198241 -0.126173
v -0.014981 -0.213624 -0.108928
v -0.034862 -0.202621 -0.116742
v -0.021588 -0.197694 -0.126314
v -0.120203 -0.134051 -0.127649
v -0.120173 -0.125429 -0.141016
v -0.109510 -0.121149 -0.154012
v -0.098291 -0.109849 -0.159278
v -0.106157 -0.137602 -0.152577
v -0.096085 -0.098359 -0.160072
v -0.115650 -0.144569 -0.146420
v -0.019504 -0.185098 -0.137100
v 0.006940 -0.137846 -0.153775
v -0.015171 -0.136952 -0.151969
v -0.019736 -0.293220 -0.140660
v -0.032824 -0.278437 -0.144017
v -0.015658 -0.250890 -0.136473
v -0.022453 -0.244193 -0.113711
v -0.000803 -0.251266 -0.138220
v -0.014404 -0.245564 -0.124795
v -0.033131 -0.248735 -0.129013
v -0.045257 -0.252931 -0.135038
v 0.014631 -0.242790 -0.126660
v 0.035564 -0.238520 -0.127830
v 0.038539 -0.229801 -0.113783
v 0.042549 -0.219520 -0.109953
v -0.011139 -0.147882 -0.151529
v -0.012606 -0.123427 -0.152341
v -0.005156 -0.103201 -0.152954
v -0.010151 -0.280810 -0.144988
v 0.003526 -0.294241 -0.141196
v -0.025604 -0.269640 -0.144242
v -0.038044 -0.293868 -0.139661
v -0.028140 -0.304242 -0.136176
v -0.008445 -0.307836 -0.136100
v -0.041346 -0.304932 -0.135580
v -0.046495 -0.283558 -0.144247
v -0.004366 -0.319674 -0.140609
v -0.020837 -0.315813 -0.138200
v -0.033480 -0.077256 -0.151706
v 0.009383 -0.106124 -0.154573
v 0.011489 -0.285986 -0.144706
v 0.011605 -0.303241 -0.136438
v -0.008272 -0.078757 -0.152840
v -0.023063 -0.094390 -0.151469
v -0.000799 -0.090667 -0.152663
v -0.017026 -0.104134 -0.151982
v -0.056867 -0.103671 -0.151984
v -0.076373 -0.112233 -0.155320
v -0.021060 -0.081431 -0.152098
v -0.020840 -0.062327 -0.152385
v -0.041380 -0.093178 -0.151449
v -0.033136 -0.103521 -0.151027
v -0.063164 -0.078648 -0.155025
v -0.054916 -0.089493 -0.153447
v -0.071374 -0.095511 -0.156354
v -0.048230 -0.076690 -0.152977
v -0.057018 -0.062455 -0.155650
v -0.077488 -0.064473 -0.160248
v -0.094274 -0.061549 -0.161935
v -0.038993 -0.051880 -0.152869
v -0.040358 -0.065231 -0.152827
v -0.067847 -0.056003 -0.157482
v -0.088012 -0.075163 -0.162019
v -0.076231 -0.081259 -0.158439
v -0.102098 -0.082850 -0.161140
v -0.110195 -0.071758 -0.155515
v -0.052432 -0.138726 -0.149364
v -0.042967 -0.121379 -0.149943
v -0.004944 -0.063720 -0.152613
v 0.009366 -0.074763 -0.153715
v 0.059503 -0.073733 -0.161066
v 0.061263 -0.108900 -0.160696
v 0.034672 -0.078864 -0.156980
v 0.053476 -0.124451 -0.158834
v 0.037824 -0.116922 -0.157931
v 0.021200 -0.081250 -0.155636
v 0.071281 -0.123149 -0.160524
v 0.030895 -0.099383 -0.156992
v 0.082336 -0.106032 -0.163392
v 0.067567 -0.136657 -0.158164
v 0.072483 -0.112364 -0.161823
v 0.096939 -0.122425 -0.160896
v 0.093855 -0.133152 -0.159479
v -0.034167 0.002905 -0.153510
v -0.023742 -0.047030 -0.152605
v -0.039442 -0.024318 -0.153736
v -0.014111 -0.023878 -0.153105
v -0.035042 -0.037853 -0.153368
v -0.015018 -0.036936 -0.153089
v -0.049430 -0.034874 -0.155255
v -0.026772 -0.027928 -0.152834
v -0.029131 -0.012114 -0.153543
v -0.070576 -0.005826 -0.157184
v -0.057075 -0.018369 -0.155453
v -0.044418 -0.008886 -0.154197
v -0.076592 -0.026285 -0.158698
v -0.063729 -0.032446 -0.157262
v -0.093086 -0.028689 -0.161409
v -0.071903 -0.042923 -0.159123
v -0.068462 -0.017554 -0.158087
v -0.104057 -0.024468 -0.158065
v -0.033768 -0.142841 -0.150030
v -0.073492 -0.132464 -0.150979
v -0.088976 -0.145358 -0.149941
v -0.044981 -0.108635 -0.150822
v 0.074284 -0.025598 -0.158080
v 0.102991 -0.023611 -0.154543
v 0.114693 -0.014986 -0.149409
v 0.116531 -0.029176 -0.147542
v 0.096246 -0.004998 -0.155612
v 0.098917 -0.061787 -0.159397
v 0.104833 -0.042844 -0.156117
v 0.049482 -0.091986 -0.159849
v 0.095624 -0.109671 -0.163205
v 0.108440 -0.113708 -0.156704
v -0.087368 -0.011579 -0.160572
v -0.090118 0.020154 -0.156243
v -0.084552 0.004423 -0.158824
v -0.104320 0.006907 -0.154815
v -0.118343 0.020032 -0.150384
v -0.063286 0.021204 -0.155150
v -0.052284 0.007924 -0.154404
v -0.095010 -0.001275 -0.158028
v -0.070002 0.006906 -0.156169
v -0.076919 0.017788 -0.156670
v -0.078925 0.036598 -0.155414
v -0.057255 -0.004488 -0.155105
v -0.065657 0.033716 -0.154318
v -0.027834 0.039396 -0.151691
v -0.046025 0.032276 -0.153249
v -0.101533 0.038465 -0.152694
v -0.039325 0.017938 -0.153341
v -0.091573 0.032637 -0.155249
v -0.104263 0.024497 -0.153752
v -0.045794 -0.167565 -0.146517
v -0.041378 -0.132934 -0.149831
v -0.081074 -0.123135 -0.154526
v -0.062048 -0.119440 -0.151112
v -0.053639 -0.127601 -0.149687
v -0.068957 -0.150469 -0.148262
v -0.088890 -0.167567 -0.142691
v 0.106179 0.001960 -0.152287
v 0.088695 -0.018036 -0.157849
v 0.088463 -0.035538 -0.159519
v 0.092407 -0.049296 -0.159351
v 0.078124 -0.064012 -0.162652
v 0.069643 -0.045128 -0.160727
v 0.088917 0.007948 -0.155184
v 0.051236 0.004513 -0.154370
v 0.069274 0.011556 -0.155180
v 0.073748 -0.006797 -0.157076
v 0.054558 -0.016138 -0.156197
v 0.062986 0.000702 -0.156079
v 0.066180 -0.015731 -0.158018
v 0.131402 -0.064719 -0.145185
v 0.125446 -0.047321 -0.145304
v 0.140974 -0.051766 -0.137366
v 0.114731 -0.058003 -0.153283
v 0.116028 -0.041853 -0.149863
v 0.150755 -0.067570 -0.132201
v 0.117508 -0.082137 -0.154604
v 0.109714 -0.070533 -0.157121
v 0.091641 -0.081983 -0.163542
v 0.046530 -0.106181 -0.159203
v 0.037942 -0.089838 -0.158022
v 0.047710 -0.079332 -0.159018
v 0.042144 -0.051956 -0.156861
v 0.048270 -0.064719 -0.158842
v 0.057169 -0.053057 -0.158754
v 0.050849 -0.034788 -0.157873
v 0.069635 -0.090765 -0.162684
v -0.112946 -0.004628 -0.152855
v -0.115961 0.007989 -0.151240
v -0.127912 0.027629 -0.145953
v -0.115343 0.034298 -0.150094
v -0.043834 0.052598 -0.150863
v -0.034822 -0.157946 -0.149052
v -0.031761 -0.170524 -0.146288
v -0.049715 -0.153921 -0.148689
v -0.065097 -0.139332 -0.149398
v -0.081956 -0.156651 -0.146998
v -0.066828 -0.168058 -0.144945
v 0.079968 -0.051994 -0.161912
v 0.053404 0.023451 -0.153216
v 0.019089 -0.011142 -0.154077
v -0.005349 0.003962 -0.153313
v -0.019569 -0.000655 -0.153392
v -0.018472 0.019951 -0.153127
v -0.008536 -0.010416 -0.153031
v 0.005450 -0.005833 -0.153411
v 0.020043 0.020250 -0.153225
v 0.005541 -0.025462 -0.153407
v 0.009465 0.008867 -0.153163
v 0.000729 0.027343 -0.152749
v 0.161590 -0.062647 -0.126355
v 0.148697 -0.102351 -0.120873
v 0.163471 -0.108971 -0.104687
v 0.173911 -0.108684 -0.096765
v 0.155543 -0.122554 -0.101497
v 0.151231 -0.113002 -0.111451
v 0.143302 -0.123193 -0.108673
v 0.129226 -0.121509 -0.118614
v 0.105594 -0.086324 -0.162347
v 0.090769 -0.095187 -0.163523
v 0.089270 -0.069697 -0.163008
v 0.065561 -0.062401 -0.161153
v 0.063982 -0.033461 -0.159382
v 0.058828 -0.085026 -0.161467
v 0.073642 -0.077632 -0.162234
v 0.060251 -0.097360 -0.161145
v -0.039459 0.042112 -0.152070
v -0.052870 0.041621 -0.151799
v -0.061591 0.082840 -0.144281
v -0.000668 0.085250 -0.143209
v -0.077757 -0.173232 -0.141674
v -0.055833 -0.181616 -0.139911
v -0.060141 -0.195468 -0.120196
v -0.063257 -0.188658 -0.131420
v -0.046264 -0.192233 -0.129093
v 0.067231 0.040904 -0.151713
v 0.083739 0.037871 -0.153063
v 0.068228 0.023023 -0.153869
v 0.035375 -0.022829 -0.154833
v -0.029659 0.026796 -0.152793
v 0.036220 0.025117 -0.153104
v 0.033016 0.007610 -0.153845
v 0.039659 -0.007241 -0.154429
v -0.006089 0.016555 -0.153022
v -0.013142 0.034284 -0.152364
v -0.011098 0.060667 -0.148996
v -0.016169 0.047848 -0.151001
v -0.028252 0.059439 -0.148968
v -0.043879 0.071569 -0.146924
v -0.020739 0.077255 -0.145219
v 0.017912 0.043212 -0.151555
v 0.000800 0.044037 -0.151489
v 0.029201 0.036047 -0.151943
v 0.155027 -0.085099 -0.125890
v 0.171277 -0.092334 -0.108546
v 0.182002 -0.089911 -0.100474
v 0.160274 -0.098967 -0.113719
v 0.172648 -0.080325 -0.113440
v -0.040694 -0.180513 -0.141621
v 0.055448 0.036931 -0.152057
v 0.035952 -0.037891 -0.155829
v 0.019064 -0.053937 -0.154128
v 0.021108 -0.031076 -0.153983
v 0.025261 -0.067203 -0.155472
v 0.005013 -0.054046 -0.153084
v 0.003694 -0.039647 -0.153316
v 0.024540 -0.042765 -0.154698
v 0.020828 0.001967 -0.153683
v -0.057062 0.060888 -0.148986
v -0.083969 0.063531 -0.150060
v -0.056489 0.071454 -0.146081
v -0.071681 0.071714 -0.147500
v -0.100910 0.099684 -0.138452
v -0.081506 0.088786 -0.143387
v -0.071296 0.056887 -0.150461
v -0.083908 0.051169 -0.153289
v -0.096631 0.055251 -0.150771
v -0.008135 0.074013 -0.146150
v 0.015915 0.067287 -0.147714
v 0.002172 0.065150 -0.148305
v 0.009695 0.054073 -0.150114
v -0.031055 0.069100 -0.146535
v -0.037463 0.095368 -0.139420
v -0.034625 0.084717 -0.143157
v -0.047530 0.084464 -0.141318
v -0.060164 0.102826 -0.138278
v 0.013290 0.031315 -0.152516
v 0.157905 -0.074747 -0.126484
v 0.134209 -0.091877 -0.137691
v -0.099827 0.077246 -0.145108
v -0.081237 0.106722 -0.135909
v -0.016762 0.098704 -0.139106
v -0.068574 0.092548 -0.141619
v -0.042788 0.115004 -0.133562
v 0.144816 -0.093411 -0.129253
v 0.143859 -0.080012 -0.136659
v 0.130300 -0.078870 -0.146111
v -0.131632 0.081480 -0.136100
v -0.093837 0.087917 -0.142496
v -0.086158 0.075831 -0.146587
v -0.087897 0.098185 -0.139642
v -0.098747 0.115206 -0.129641
v -0.113327 0.116512 -0.124845
v -0.125090 0.100122 -0.130375
v -0.136016 0.104218 -0.123607
v -0.144437 0.091444 -0.130165
v -0.149454 0.071382 -0.133111
v -0.158098 0.093511 -0.126123
v -0.081054 0.123680 -0.129332
v -0.091322 0.131057 -0.123027
v -0.070436 0.109802 -0.136218
v -0.012302 0.086184 -0.142473
v 0.010335 0.110570 -0.134514
v -0.047982 0.105317 -0.136141
v -0.053775 0.126203 -0.129174
v -0.036842 0.132141 -0.127751
v -0.024201 0.138396 -0.125813
v -0.016046 0.119035 -0.132159
v -0.030566 0.119733 -0.131428
v -0.115078 0.088227 -0.139252
v -0.113747 0.072485 -0.143281
v -0.113850 0.100802 -0.134772
v -0.132916 0.060046 -0.140295
v -0.150403 0.053097 -0.134185
v -0.162017 0.072044 -0.129031
v -0.000672 0.100172 -0.138616
v -0.009608 0.108524 -0.135477
v 0.001205 0.125417 -0.129862
v 0.004358 0.138344 -0.125213
v 0.024481 0.134300 -0.126295
v 0.016003 0.123182 -0.130148
v -0.026351 0.104150 -0.135904
v -0.137894 0.070846 -0.136485
v -0.122941 0.053155 -0.145162
v -0.139091 0.046784 -0.140108
v 0.024981 0.146129 -0.121676
v 0.037692 0.132392 -0.126246
v 0.059397 0.126873 -0.127471
v 0.055484 0.139517 -0.122615
v 0.050496 0.149960 -0.117332
v 0.075955 0.130813 -0.124455
v 0.088442 0.126889 -0.124987
v 0.073280 0.112727 -0.132937
v 0.054472 0.109994 -0.133586
v 0.069030 0.077561 -0.145121
v 0.032364 0.095946 -0.138621
v 0.065320 0.094343 -0.139543
v 0.079053 0.057801 -0.150016
v 0.040233 0.107355 -0.135567
v 0.048469 0.090189 -0.138771
v 0.025383 0.108096 -0.134187
v 0.015186 0.092120 -0.140664
v 0.088361 0.091062 -0.141346
v 0.037373 0.075438 -0.145392
v 0.012063 0.079631 -0.144438
v 0.025880 0.082870 -0.142675
v 0.079613 0.100952 -0.137986
v 0.076194 0.089247 -0.142284
v 0.039436 0.086735 -0.142149
v 0.052861 0.076280 -0.143775
v 0.050214 0.058696 -0.148331
v 0.090381 0.049889 -0.150953
v 0.097559 0.071640 -0.145959
v 0.115358 0.063960 -0.144151
v 0.094723 0.102348 -0.135894
v 0.031363 0.054284 -0.149535
v 0.039103 0.063968 -0.147998
v 0.064112 0.065796 -0.148288
v 0.082756 0.071589 -0.146855
v 0.102418 0.084824 -0.141230
v 0.103422 0.058734 -0.147699
v -0.227726 -0.068912 -0.060711
v 0.185287 0.126350 -0.079045
v 0.171434 0.127649 -0.087408
v 0.173375 0.138890 -0.072993
v 0.179262 0.142401 -0.062237
v -0.162965 -0.082292 -0.110869
v 0.067423 0.159985 -0.109304
v -0.066326 0.132949 -0.126408
v -0.063502 0.141421 -0.119449
v 0.141584 0.111324 -0.117691
v 0.151367 0.114648 -0.110841
v 0.139638 0.090261 -0.129735
v 0.136382 0.102049 -0.125024
v 0.124245 0.094172 -0.132331
v 0.129274 0.076378 -0.138458
v 0.115011 0.077642 -0.140704
v 0.142996 0.077651 -0.135580
v 0.110071 0.115272 -0.127150
v -0.059602 -0.314004 -0.135046
v -0.091547 -0.282085 -0.138364
v -0.130210 -0.167519 -0.131540
v -0.124089 -0.155712 -0.138867
v -0.133212 -0.152084 -0.121286
v -0.140680 -0.164816 -0.118038
v -0.125087 -0.151623 -0.109768
v 0.002210 -0.235719 -0.108767
v -0.012009 -0.227653 -0.105620
v 0.014162 -0.225243 -0.106832
v -0.060714 -0.239492 -0.106322
v -0.048139 -0.248785 -0.117252
v -0.070757 -0.249256 -0.120546
v -0.040157 -0.235795 -0.106113
v -0.060765 -0.247611 -0.114533
v -0.075293 -0.253905 -0.132918
v -0.107005 -0.230703 -0.098482
v -0.055467 -0.216578 -0.111344
v -0.026005 -0.234357 -0.106125
v -0.036461 -0.245164 -0.113424
v -0.085499 -0.240291 -0.103572
v -0.126440 -0.238048 -0.110670
v -0.051707 -0.228793 -0.107142
v -0.072497 -0.245476 -0.108201
v -0.139527 -0.246335 -0.108085
v -0.140007 -0.232501 -0.103175
v -0.134025 -0.214705 -0.092066
v -0.125836 -0.232603 -0.092685
v -0.140433 -0.228305 -0.089385
v -0.157508 -0.217652 -0.083598
v -0.117677 -0.219458 -0.095419
v -0.120458 -0.194851 -0.118464
v -0.089769 -0.205271 -0.107737
v -0.123552 -0.205183 -0.103626
v -0.102387 -0.214688 -0.100391
v -0.158274 -0.206476 -0.089782
v -0.143688 -0.206675 -0.097407
v -0.138676 -0.197466 -0.112019
v -0.147932 -0.185547 -0.110430
v -0.133934 -0.184530 -0.123639
v -0.107341 -0.201458 -0.110377
v -0.083646 -0.221978 -0.105915
v -0.072696 -0.231603 -0.105787
v -0.135073 -0.203223 -0.104692
v -0.097376 -0.188936 -0.128479
v -0.094980 -0.196765 -0.118020
v -0.079139 -0.192979 -0.123574
v -0.115403 -0.178665 -0.131614
v -0.073454 -0.203321 -0.111621
v -0.113658 -0.165980 -0.138868
v -0.100814 -0.163615 -0.142776
v -0.099408 -0.176327 -0.136729
v -0.087978 -0.182654 -0.135236
v -0.059829 -0.206204 -0.113399
v -0.162292 -0.225459 -0.090923
v -0.093323 -0.229644 -0.102172
v -0.111271 -0.189393 -0.125633
v -0.069629 -0.216477 -0.109084
v -0.027280 -0.128519 -0.150864
v 0.111991 -0.094656 -0.149606
v 0.123395 -0.089585 -0.145867
v 0.129904 -0.106011 -0.127765
v 0.139338 -0.112317 -0.118323
v 0.123149 -0.099438 -0.137819
v 0.151538 0.093153 -0.122314
v -0.039641 -0.214922 -0.111546
v -0.094771 -0.246994 -0.122037
v -0.104517 -0.258483 -0.128034
v -0.123598 -0.255894 -0.117643
v -0.102119 -0.244689 -0.106771
v -0.112150 -0.245426 -0.119727
v -0.116226 -0.240264 -0.102048
v -0.116852 -0.263561 -0.124344
v -0.129008 -0.267423 -0.119094
v 0.000097 0.226742 -0.083935
v 0.019052 0.227366 -0.080379
v 0.037106 0.226856 -0.073849
v 0.052995 0.225878 -0.063112
v 0.064434 0.223145 -0.048135
v 0.070374 0.217078 -0.030370
v 0.072441 0.210557 -0.011656
v 0.071021 0.203111 0.006900
v 0.063379 0.194245 0.022951
v 0.055201 0.188012 0.039324
v 0.039211 0.181484 0.048648
v 0.021660 0.179405 0.057779
v 0.007434 0.177636 0.059409
v 0.011468 0.124894 0.061678
v 0.019331 0.126500 0.061590
v 0.024644 0.127599 0.062398
v 0.028639 0.128890 0.066528
v 0.042040 0.133398 0.053291
v 0.054689 0.138339 0.038537
v 0.065698 0.144465 0.023210
v 0.076173 0.150643 0.008654
v 0.081802 0.158929 -0.008205
v 0.083721 0.166206 -0.026845
v -0.094006 0.169289 -0.034635
v -0.090664 0.162760 -0.017898
v -0.082417 0.154880 -0.001576
v -0.071952 0.146106 0.013099
v -0.060154 0.137963 0.027021
v -0.047322 0.132470 0.040633
v -0.031859 0.126842 0.051092
v -0.027399 0.125856 0.052985
v -0.022336 0.124804 0.056101
v -0.015083 0.123539 0.059534
v -0.020692 0.175357 0.067323
v -0.029776 0.178405 0.057184
v -0.043568 0.182390 0.044077
v -0.055244 0.188706 0.029709
v -0.063783 0.196744 0.013576
v -0.070423 0.205515 -0.003070
v -0.075806 0.213180 -0.019659
v -0.075731 0.210196 -0.038408
v -0.064989 0.218935 -0.051472
v -0.053186 0.225894 -0.065372
v -0.036899 0.227481 -0.075755
v -0.018804 0.227011 -0.082218
v 0.025275 0.166150 0.060602
v 0.028224 0.153942 0.064495
v 0.028788 0.140347 0.065721
v -0.034642 0.164793 0.060200
v -0.034746 0.152204 0.058216
v -0.034633 0.139182 0.056962
v 0.014827 0.144554 0.064075
v 0.013715 0.156619 0.064388
v -0.023248 0.143096 0.062575
v -0.024468 0.155325 0.066772
v 0.046512 0.209484 -0.090501
v 0.076047 0.205789 -0.066257
v 0.009048 0.210884 -0.099096
v -0.026847 0.210639 -0.095372
v -0.083400 0.203478 -0.051013
v -0.062741 0.210850 -0.083627
v -0.021286 0.132869 0.062447
v 0.046380 0.197174 -0.094016
v 0.083132 0.192134 -0.050514
v 0.081127 0.194992 -0.070524
v 0.009177 0.196967 -0.103530
v -0.027990 0.197583 -0.101623
v -0.085891 0.191874 -0.057524
v -0.058966 0.195892 -0.086486
v 0.063228 0.203086 -0.079390
v 0.083146 0.182061 -0.052347
v 0.027519 0.203155 -0.098107
v -0.045184 0.203525 -0.092542
v -0.008758 0.205052 -0.102493
v -0.090619 0.191873 -0.032622
v -0.077381 0.202929 -0.071257
v 0.063757 0.192419 -0.085116
v 0.028862 0.194341 -0.103367
v -0.046891 0.194030 -0.096619
v -0.008654 0.194188 -0.106101
v -0.090023 0.195306 -0.045734
v -0.075315 0.190270 -0.074676
v 0.051138 0.152657 0.052436
v 0.040712 0.148350 0.061814
v 0.042443 0.161999 0.058352
v 0.059666 0.171604 0.045150
v 0.037084 0.173713 0.057646
v 0.080567 0.176465 0.008082
v -0.082658 0.181715 -0.000731
v -0.063803 0.164979 0.028673
v -0.050027 0.163414 0.046298
v 0.033983 0.222228 -0.091683
v 0.052991 0.222723 -0.080317
v 0.066584 0.217424 -0.067027
v 0.056886 0.212273 -0.081773
v 0.078243 0.211457 -0.047040
v 0.012637 0.224660 -0.096372
v 0.022108 0.215874 -0.095798
v -0.009729 0.221989 -0.097198
v -0.032795 0.224248 -0.092915
v -0.040340 0.214469 -0.090836
v -0.089473 0.207091 -0.033433
v -0.082049 0.216599 -0.052867
v -0.070446 0.218936 -0.069928
v 0.083841 0.182116 -0.031464
v 0.080449 0.195580 -0.035022
v 0.078336 0.201488 -0.047705
v 0.080267 0.207857 -0.031878
v 0.082721 0.186304 -0.013664
v 0.086278 0.175737 -0.014770
v 0.081727 0.188377 -0.025461
v 0.083721 0.176639 -0.004585
v 0.081511 0.163786 0.006200
v 0.070737 0.163838 0.026659
v 0.077450 0.167196 0.016026
v -0.094507 0.181989 -0.040001
v -0.094967 0.180048 -0.018925
v -0.088106 0.170542 -0.006711
v -0.090220 0.192345 -0.016643
v 0.051467 0.141113 0.049300
v 0.062340 0.151828 0.037915
v 0.069065 0.153781 0.027588
v 0.063803 0.163109 0.038571
v 0.053157 0.179512 0.048379
v 0.067904 0.181952 0.033050
v 0.075660 0.187253 0.017222
v 0.072871 0.175843 0.023252
v 0.081254 0.191511 0.000939
v 0.083011 0.199375 -0.013287
v -0.078288 0.192779 0.006574
v -0.083757 0.200123 -0.007131
v -0.072802 0.177022 0.015587
v -0.078813 0.164072 0.009988
v -0.065299 0.179688 0.030372
v -0.071544 0.166011 0.018434
v -0.058540 0.171424 0.038596
v -0.070441 0.187622 0.019495
v -0.067055 0.152539 0.025445
v -0.044342 0.171908 0.052020
v 0.070653 0.216968 -0.054645
v -0.003432 0.213382 -0.099010
v -0.010334 0.229646 -0.090268
v -0.053705 0.222853 -0.083408
v -0.082092 0.214816 -0.030151
v -0.070014 0.209667 -0.071938
v -0.076391 0.210592 -0.060074
v -0.089602 0.181305 -0.011160
v -0.092406 0.196792 -0.028705
v 0.077305 0.156021 0.016588
v -0.086312 0.206154 -0.019087
v -0.055034 0.180855 0.039333
v -0.048907 0.146261 0.044864
v -0.043850 0.153809 0.050393
v -0.055905 0.156761 0.037551
v -0.055325 0.140602 0.037445
v -0.018631 -0.396032 0.226456
v -0.008661 -0.397252 0.221124
v 0.005239 -0.398190 0.214099
v 0.019478 -0.399709 0.206565
v 0.032988 -0.401211 0.198617
v 0.032546 -0.383025 0.200821
v 0.033301 -0.363487 0.200498
v 0.035122 -0.343967 0.204757
v 0.035206 -0.324387 0.203764
v 0.035414 -0.318347 0.203403
v 0.036074 -0.307720 0.203957
v 0.035464 -0.296840 0.202703
v 0.035467 -0.279570 0.200522
v 0.034697 -0.262394 0.198834
v 0.034125 -0.244665 0.195695
v 0.033909 -0.227326 0.192831
v 0.033186 -0.209437 0.189127
v 0.032774 -0.191476 0.184429
v 0.032796 -0.174383 0.181156
v 0.032686 -0.155456 0.174531
v 0.032260 -0.136959 0.167584
v 0.032189 -0.118617 0.162466
v 0.031920 -0.100581 0.154792
v 0.031128 -0.083790 0.146334
v 0.030548 -0.067697 0.138064
v 0.030441 -0.049599 0.132188
v 0.029944 -0.032700 0.125382
v 0.029851 -0.015625 0.119086
v 0.029913 0.001101 0.112396
v 0.029692 0.018047 0.105724
v 0.029590 0.035906 0.099028
v 0.029287 0.037653 0.097546
v 0.028763 0.055393 0.091228
v 0.028781 0.073687 0.084535
v 0.027887 0.091115 0.077389
v 0.027885 0.109645 0.071696
v 0.021050 0.180588 0.073768
v 0.012092 0.181315 0.085882
v 0.002925 0.181878 0.098313
v -0.002536 0.181019 0.107497
v -0.005065 0.162281 0.101756
v -0.007070 0.144818 0.097849
v -0.009891 0.130300 0.095032
v -0.012783 0.114906 0.094930
v -0.013553 0.096555 0.094469
v -0.013395 0.078105 0.096419
v -0.013660 0.058244 0.102330
v -0.014970 0.040406 0.110003
v -0.015565 0.022293 0.117318
v -0.015227 0.005759 0.124188
v -0.015761 -0.011953 0.131503
v -0.016168 -0.030287 0.138891
v -0.016227 -0.047495 0.146754
v -0.016583 -0.066768 0.152918
v -0.017279 -0.084775 0.160548
v -0.017020 -0.103180 0.168356
v -0.017245 -0.122220 0.175963
v -0.017282 -0.141783 0.183321
v -0.016732 -0.161346 0.188067
v -0.016465 -0.181269 0.194846
v -0.015869 -0.201741 0.200469
v -0.016019 -0.221475 0.204340
v -0.016020 -0.242076 0.208786
v -0.016397 -0.262253 0.212302
v -0.014324 -0.282377 0.213173
v -0.013594 -0.301968 0.214356
v -0.012747 -0.321851 0.215389
v -0.010498 -0.341364 0.216041
v -0.015472 -0.360773 0.218781
v -0.017224 -0.378637 0.222521
v -0.006117 0.167603 0.092660
v -0.010718 0.152907 0.089868
v -0.013373 0.138853 0.086497
v -0.016181 0.127039 0.087116
v -0.017988 0.109196 0.084789
v -0.018585 0.092230 0.085087
v -0.018167 0.075150 0.086813
v -0.017957 0.056739 0.092127
v -0.018288 0.040233 0.098660
v -0.018220 0.037508 0.099694
v -0.018051 0.019542 0.106779
v -0.017814 0.003108 0.113561
v -0.017692 -0.014644 0.120671
v -0.017805 -0.032239 0.128211
v -0.018035 -0.049848 0.135898
v -0.017897 -0.068741 0.142033
v -0.018526 -0.086374 0.149555
v -0.018934 -0.104584 0.157357
v -0.018754 -0.123607 0.164786
v -0.018607 -0.142901 0.172080
v -0.018276 -0.162311 0.176951
v -0.017661 -0.182086 0.183623
v -0.016901 -0.202174 0.189204
v -0.016480 -0.221619 0.193073
v -0.016373 -0.241788 0.197567
v -0.016058 -0.261804 0.200757
v -0.014429 -0.281565 0.203166
v -0.014275 -0.300878 0.202947
v -0.014370 -0.320487 0.204333
v -0.015325 -0.340641 0.205836
v -0.013276 -0.361025 0.206694
v -0.013919 -0.374175 0.209229
v -0.012168 -0.387468 0.214873
v 0.010957 -0.312876 0.207842
v 0.009151 -0.367181 0.206553
v 0.008137 0.134419 0.077890
v 0.010739 0.161970 0.079444
v 0.008637 -0.385887 0.204013
v 0.017245 0.147463 0.076712
v 0.019931 0.133905 0.073098
v 0.011710 0.120207 0.074990
v 0.021441 0.160472 0.072199
v 0.010318 0.171811 0.076551
v 0.011368 -0.271440 0.202738
v 0.009504 -0.235386 0.201667
v 0.008538 -0.182240 0.189658
v 0.005345 0.066591 0.088972
v -0.000585 0.146271 0.081540
v -0.005375 0.131153 0.079154
v -0.001374 0.160683 0.084571
v 0.021217 -0.389150 0.198431
v 0.020007 -0.375932 0.201260
v -0.000942 -0.376472 0.206291
v -0.001021 -0.388775 0.208230
v -0.003960 0.118021 0.079836
v 0.019058 -0.288384 0.205494
v 0.024603 -0.271133 0.202042
v 0.017769 -0.253763 0.200290
v 0.024172 -0.235838 0.196686
v 0.017105 -0.218068 0.193351
v 0.022685 -0.182928 0.183222
v -0.007774 0.066425 0.088754
v -0.001655 0.083462 0.083475
v -0.000922 0.048011 0.095690
v 0.009425 0.101764 0.082423
v 0.002701 -0.284605 0.206067
v 0.007011 -0.298736 0.208019
v -0.000059 -0.248894 0.203134
v 0.000624 -0.222569 0.199374
v -0.003160 -0.234857 0.200063
v 0.002899 -0.203884 0.195599
v 0.018511 -0.198197 0.189415
v 0.013821 0.080059 0.086955
v -0.005225 0.103288 0.080900
v -0.000632 -0.262452 0.205127
v -0.006480 -0.211702 0.192582
v -0.003760 -0.191605 0.188056
v 0.005947 -0.131839 0.171591
v 0.006844 -0.057927 0.142511
v 0.006490 -0.022233 0.127886
v 0.005914 -0.093966 0.158515
v 0.005323 0.012488 0.112761
v 0.002438 -0.330040 0.207700
v -0.002204 -0.318486 0.206966
v 0.002921 -0.349798 0.208656
v 0.020224 -0.326883 0.208108
v 0.016582 -0.163943 0.180633
v -0.002747 -0.171988 0.183924
v 0.019154 0.066124 0.091097
v 0.014425 0.052071 0.097373
v 0.020402 0.100922 0.077257
v 0.016634 0.091302 0.083923
v -0.006943 -0.133114 0.168482
v 0.018364 -0.145683 0.175059
v -0.000511 -0.147481 0.177455
v 0.002230 -0.159708 0.180692
v 0.021100 -0.127684 0.166030
v 0.015609 -0.110324 0.160850
v -0.001078 -0.117676 0.163912
v 0.019673 -0.098702 0.158188
v -0.008409 -0.058992 0.139850
v 0.015010 -0.073691 0.148158
v -0.002090 -0.070629 0.149561
v 0.003876 -0.081914 0.152954
v 0.019571 -0.057674 0.137674
v 0.011901 -0.040583 0.132090
v -0.002643 -0.045020 0.136220
v 0.012888 -0.004585 0.120738
v -0.007887 -0.023741 0.124233
v -0.001772 -0.032424 0.132558
v -0.002876 -0.009337 0.120225
v 0.019697 -0.023138 0.123949
v -0.007444 -0.094848 0.156270
v -0.008364 0.012778 0.110473
v 0.019027 0.011277 0.110714
v 0.013748 0.029449 0.107014
v 0.008534 0.040470 0.102217
v -0.002447 0.026115 0.106587
v -0.003771 -0.306835 0.205109
v -0.001439 -0.361295 0.210780
v 0.020336 -0.354178 0.206999
v 0.022200 -0.340413 0.208214
v 0.018232 -0.087075 0.150749
v -0.004665 0.036290 0.101524
v 0.022452 -0.302534 0.206537
v 0.015848 -0.311139 0.222834
v 0.020024 0.133564 0.088285
v 0.024606 0.159469 0.084715
v 0.033000 0.136669 0.082467
v 0.030992 0.161221 0.074133
v 0.031311 0.147046 0.082858
v 0.022650 0.172603 0.083416
v 0.011431 0.165277 0.095537
v 0.025717 0.118966 0.091801
v 0.016770 -0.268993 0.218415
v 0.016879 -0.178855 0.203457
v 0.016098 -0.215064 0.210883
v 0.004490 0.152317 0.096225
v 0.007894 0.140145 0.094078
v 0.026681 -0.251229 0.214858
v 0.027822 -0.286437 0.219192
v 0.031843 -0.269104 0.213960
v 0.030465 -0.180436 0.196227
v 0.024285 -0.158679 0.194719
v 0.023661 -0.197893 0.205422
v 0.030012 -0.216152 0.203900
v 0.024071 -0.232566 0.212808
v 0.019599 0.148302 0.091471
v 0.032054 -0.199257 0.196799
v 0.002139 -0.231484 0.215197
v 0.030135 -0.241680 0.207786
v 0.013922 -0.243187 0.215846
v 0.013018 -0.371366 0.221033
v 0.001667 -0.384612 0.223784
v 0.017822 -0.387091 0.217588
v -0.002617 -0.369877 0.220946
v 0.006652 -0.350263 0.224713
v 0.028208 -0.389765 0.208847
v 0.027928 -0.374943 0.214517
v 0.026316 -0.355990 0.220686
v 0.014628 -0.129466 0.185678
v 0.013854 -0.090652 0.172948
v 0.012462 -0.036914 0.149525
v 0.012965 0.017894 0.128142
v 0.013624 0.052998 0.114176
v 0.015781 0.088708 0.100714
v 0.025610 -0.332566 0.221714
v 0.000138 -0.311030 0.221390
v 0.003901 -0.329856 0.224784
v 0.008000 -0.292929 0.222637
v 0.004901 0.124378 0.090995
v 0.028525 0.120595 0.079083
v 0.029462 0.103357 0.089778
v 0.010934 0.106777 0.098606
v 0.030080 0.090074 0.094517
v -0.001724 -0.271110 0.219912
v -0.003110 -0.283857 0.220399
v 0.004600 -0.256970 0.219418
v -0.002136 -0.244822 0.217143
v -0.000426 -0.169953 0.199848
v 0.014421 -0.166462 0.200371
v 0.004970 -0.148154 0.193718
v -0.003099 -0.157711 0.194601
v -0.000328 -0.189707 0.204381
v -0.000390 -0.206482 0.210670
v 0.009109 -0.197817 0.209147
v 0.032187 -0.162750 0.185966
v 0.029055 -0.142692 0.187249
v -0.008797 -0.231253 0.211565
v -0.006181 -0.351215 0.223038
v 0.015504 -0.359927 0.224285
v 0.032498 -0.353881 0.210771
v 0.029453 -0.124090 0.179163
v 0.014822 -0.110378 0.177954
v -0.003391 -0.130582 0.184753
v -0.001954 -0.115167 0.183115
v -0.004068 -0.091639 0.172506
v 0.001978 -0.102743 0.177256
v 0.003295 -0.071563 0.165439
v 0.027846 -0.088950 0.162531
v 0.017516 -0.079027 0.164199
v 0.019463 -0.061019 0.153536
v 0.027725 -0.103065 0.171051
v -0.005127 -0.036753 0.149813
v 0.000425 -0.053085 0.158757
v 0.004658 -0.017414 0.143239
v 0.027132 -0.037850 0.141300
v 0.019014 -0.024354 0.141792
v 0.021196 -0.003570 0.135568
v 0.021529 -0.047862 0.148866
v 0.023658 0.032461 0.119373
v -0.004330 0.017793 0.128009
v 0.001013 0.000565 0.134830
v 0.028309 0.014264 0.122673
v 0.020750 0.007136 0.130374
v 0.024382 0.069475 0.105631
v -0.002725 0.051021 0.112757
v 0.002301 0.032966 0.120236
v 0.003542 0.069744 0.104055
v 0.028529 0.050080 0.107954
v 0.021452 0.043758 0.116420
v -0.000899 0.089318 0.101297
v -0.000337 0.100052 0.096960
v 0.033672 -0.333412 0.212462
v 0.029823 -0.317909 0.217893
v 0.028934 -0.302067 0.219788
v 0.020178 -0.344388 0.223703
v -0.007038 -0.330927 0.220729
v 0.016742 -0.324044 0.223978
v 0.015632 -0.281790 0.219656
v 0.003165 0.131742 0.092972
v 0.016673 0.126582 0.089112
v 0.020064 0.099153 0.096756
v 0.000746 0.113945 0.095666
v -0.002755 -0.219207 0.212198
v 0.017400 -0.141300 0.190244
v -0.010796 -0.073481 0.162840
v 0.028630 -0.071923 0.156459
v -0.011298 -0.055896 0.153848
v 0.008699 -0.063158 0.158134
v -0.008399 -0.019918 0.139004
v 0.029785 -0.020376 0.133610
v 0.029771 -0.003671 0.125637
v 0.031111 -0.055609 0.144659
v 0.029495 0.029518 0.109703
v 0.009596 -0.007210 0.138713
v 0.031497 0.066440 0.095999
v -0.009809 0.033249 0.118074
v 0.012522 0.028879 0.123995
v 0.013496 0.064157 0.109834
v 0.014733 0.076181 0.100997
v -0.008336 0.070126 0.103709
v 0.030826 -0.343405 0.218568
v 0.017581 0.033864 0.091883
v 0.049272 0.037158 0.103426
v 0.068823 0.037581 0.103526
v 0.086969 0.035234 0.096535
v 0.104832 0.032617 0.089079
v 0.123256 0.030680 0.083462
v 0.141765 0.028116 0.077901
v 0.160200 0.025166 0.071765
v 0.180800 0.021802 0.065407
v 0.201797 0.018341 0.056836
v 0.207900 0.021537 0.055150
v 0.180483 0.023906 0.063762
v 0.159917 0.027117 0.069951
v 0.141513 0.030051 0.076086
v 0.123004 0.032646 0.081695
v 0.104552 0.034646 0.087369
v 0.086702 0.037351 0.094933
v 0.068717 0.039904 0.102131
v 0.049285 0.039520 0.102186
v 0.017585 0.036390 0.091193
v 0.181066 0.128435 0.010057
v 0.198590 0.124545 0.006982
v 0.018070 0.061891 0.077852
v 0.017799 0.079432 0.071062
v 0.017330 0.096659 0.064323
v 0.095788 0.092515 0.057375
v 0.173202 0.066230 0.046818
v 0.184152 0.096725 0.027095
v 0.200204 0.114091 0.018160
v 0.071974 0.115490 0.052366
v 0.195142 0.045958 0.046389
v 0.199539 0.079874 0.030843
v 0.186671 0.115528 0.015609
v 0.059715 0.128399 0.051105
v 0.220381 0.051278 0.043236
v 0.204809 0.062820 0.037890
v 0.206515 0.034138 0.049662
v 0.185845 0.036003 0.055845
v 0.179380 0.049440 0.052029
v 0.192644 0.104894 0.020863
v 0.048014 0.114115 0.062204
v 0.083866 0.136753 0.040603
v 0.187230 0.069272 0.037912
v 0.170722 0.085577 0.037732
v 0.211790 0.077622 0.035017
v 0.141361 0.057708 0.057368
v 0.166212 0.038178 0.058928
v 0.204629 0.098919 0.026505
v 0.049700 0.123970 0.055933
v 0.070040 0.140603 0.036923
v 0.074353 0.128901 0.048334
v 0.187439 0.057641 0.044528
v 0.158656 0.057963 0.052431
v 0.194503 0.091450 0.027566
v 0.145426 0.081521 0.044801
v 0.152124 0.046578 0.059066
v 0.135996 0.044084 0.066796
v 0.147638 0.068030 0.050103
v 0.159616 0.075455 0.044617
v 0.110227 0.064733 0.066181
v 0.126510 0.074349 0.054153
v 0.125439 0.057083 0.063510
v 0.112056 0.047205 0.074319
v 0.057839 0.064504 0.088167
v 0.039423 0.047033 0.095320
v 0.053604 0.051869 0.095156
v 0.043054 0.060677 0.087597
v 0.017196 0.112112 0.061166
v 0.102598 0.157876 -0.016109
v 0.087417 0.163225 -0.039018
v 0.186533 0.140202 -0.008926
v 0.153856 0.145475 -0.000449
v 0.035776 0.117592 0.063682
v 0.042989 0.100759 0.072893
v 0.064575 0.099591 0.065921
v 0.053498 0.104725 0.067457
v 0.085142 0.141467 0.019748
v 0.160428 0.111992 0.023621
v 0.173993 0.116682 0.020138
v 0.163004 0.130605 0.012023
v 0.170986 0.102626 0.027497
v 0.184610 0.083281 0.033985
v 0.149683 0.035777 0.066612
v 0.121682 0.103345 0.040378
v 0.109650 0.080470 0.057704
v 0.120950 0.089199 0.048963
v 0.132940 0.083848 0.047561
v 0.107886 0.098903 0.048270
v 0.104759 0.122218 0.038722
v 0.089260 0.121538 0.045230
v 0.110368 0.110573 0.041889
v 0.093481 0.106992 0.050212
v 0.080362 0.099860 0.058949
v 0.078521 0.076754 0.074380
v 0.084175 0.087377 0.065522
v 0.094973 0.073868 0.068559
v 0.087009 0.056932 0.082470
v 0.086860 0.067467 0.075873
v 0.073381 0.065791 0.084638
v 0.074754 0.051689 0.092515
v 0.124227 0.041687 0.072572
v 0.120992 0.165615 -0.017370
v 0.105804 0.163695 -0.030983
v 0.088810 0.153506 -0.020765
v 0.092140 0.148733 0.000985
v 0.188834 0.145514 -0.020925
v 0.174790 0.146012 -0.013791
v 0.187746 0.132492 0.002658
v 0.157558 0.152463 -0.017121
v 0.139255 0.159389 -0.016789
v 0.164780 0.146929 -0.007403
v 0.175469 0.139595 0.001368
v 0.147898 0.153644 -0.008316
v 0.121486 0.144813 0.014868
v 0.136558 0.147588 0.005020
v 0.163283 0.139082 0.002986
v 0.121193 0.155871 -0.000325
v 0.138919 0.125957 0.019306
v 0.122943 0.120887 0.029935
v 0.133739 0.155726 -0.004901
v 0.111953 0.159844 -0.008654
v 0.105808 0.151590 0.008644
v 0.146585 0.136338 0.010196
v 0.133879 0.138205 0.015180
v 0.123710 0.133825 0.024098
v 0.102101 0.155441 -0.002457
v 0.094059 0.148607 0.013384
v 0.106333 0.142041 0.027682
v 0.056372 0.084407 0.079305
v 0.066789 0.076419 0.080518
v 0.069578 0.087818 0.072309
v 0.042224 0.086592 0.076153
v 0.045938 0.074367 0.082886
v 0.074805 0.142484 0.016711
v 0.094421 0.044614 0.084710
v 0.100342 0.056794 0.074835
v 0.123106 0.169890 -0.028276
v 0.095550 0.157529 -0.030029
v 0.080865 0.149075 -0.001811
v 0.152415 0.122340 0.018079
v 0.092854 0.142115 0.031334
v 0.112484 0.130713 0.031595
v 0.018230 0.047981 0.083078
v 0.196438 0.138128 -0.006967
v 0.200478 0.141614 -0.019187
v 0.154002 0.096421 0.034531
v 0.142780 0.110288 0.028826
v 0.133660 0.117112 0.025545
v 0.137749 0.097163 0.038228
v 0.165091 0.095810 0.033607
v 0.024129 -0.400301 0.187177
v 0.051536 -0.397636 0.189969
v 0.068571 -0.396082 0.182078
v 0.084188 -0.395620 0.173565
v 0.100549 -0.393364 0.163882
v 0.115798 -0.392977 0.152072
v 0.130730 -0.393293 0.142422
v 0.145005 -0.392836 0.129859
v 0.159455 -0.393839 0.119116
v 0.173299 -0.393149 0.105832
v 0.186018 -0.394027 0.093436
v 0.196314 -0.394392 0.077810
v 0.202412 -0.392786 0.057946
v 0.208874 -0.391180 0.036772
v 0.065922 0.023953 0.110936
v 0.064768 0.007176 0.113355
v 0.065279 -0.009354 0.119382
v 0.065340 -0.026379 0.124863
v 0.065131 -0.042248 0.131361
v 0.065196 -0.058478 0.137357
v 0.064736 -0.075736 0.143317
v 0.063207 -0.091359 0.150031
v 0.080653 -0.090649 0.139999
v 0.098100 -0.093283 0.129803
v 0.114653 -0.096481 0.120649
v 0.131215 -0.100052 0.109393
v 0.147288 -0.104279 0.097348
v 0.165617 -0.108333 0.088638
v 0.166065 -0.102620 0.088452
v 0.166695 -0.087693 0.085982
v 0.167054 -0.071824 0.083424
v 0.167787 -0.056046 0.079986
v 0.168338 -0.040846 0.077239
v 0.171396 -0.023947 0.076478
v 0.174577 -0.007015 0.076379
v 0.176506 0.010396 0.076205
v 0.156851 0.013772 0.079543
v 0.137747 0.016500 0.084500
v 0.118895 0.019104 0.089690
v 0.100387 0.021204 0.095944
v 0.082110 0.023344 0.102423
v 0.050076 -0.175414 0.170544
v 0.065265 -0.176714 0.165510
v 0.082359 -0.177269 0.157371
v 0.097227 -0.178000 0.150720
v 0.113170 -0.178483 0.141250
v 0.116855 -0.196721 0.136713
v 0.119192 -0.215207 0.133392
v 0.121613 -0.232639 0.123335
v 0.124395 -0.248143 0.113171
v 0.138365 -0.256105 0.099475
v 0.151598 -0.259792 0.084032
v 0.167832 -0.259162 0.073794
v 0.186191 -0.253408 0.073412
v 0.190499 -0.266473 0.076139
v 0.193179 -0.279832 0.077784
v 0.196336 -0.293148 0.080412
v 0.196542 -0.304135 0.080517
v 0.195204 -0.314534 0.079419
v 0.195880 -0.320297 0.079503
v 0.195449 -0.338910 0.079138
v 0.195638 -0.357545 0.078826
v 0.196047 -0.375937 0.078676
v 0.176892 -0.298074 0.080649
v 0.162561 -0.298909 0.093985
v 0.149011 -0.299693 0.110885
v 0.134639 -0.300661 0.127200
v 0.118887 -0.300738 0.138456
v 0.104643 -0.301698 0.155538
v 0.087130 -0.301347 0.168360
v 0.067993 -0.300619 0.178857
v 0.048921 -0.299731 0.184511
v 0.179068 -0.317294 0.082706
v 0.164985 -0.319024 0.096492
v 0.150031 -0.320424 0.112479
v 0.134448 -0.321568 0.127662
v 0.116025 -0.321404 0.134837
v 0.102306 -0.322210 0.152632
v 0.084560 -0.322253 0.165696
v 0.066242 -0.321887 0.177659
v 0.048484 -0.320295 0.186213
v 0.177100 0.016370 0.074897
v 0.157607 0.018502 0.080782
v 0.138504 0.020944 0.086237
v 0.120313 0.024041 0.092552
v 0.101886 0.026140 0.098930
v 0.083699 0.028259 0.105879
v 0.065103 0.029838 0.112102
v 0.175166 -0.103843 0.031356
v 0.196675 -0.299412 0.050709
v 0.201674 -0.260343 0.050045
v 0.199507 -0.287188 0.063531
v 0.196192 -0.259801 0.063827
v 0.199582 -0.272993 0.057948
v 0.201241 -0.275356 0.036494
v 0.027188 -0.289745 0.191697
v 0.025095 -0.274847 0.189280
v 0.065660 -0.363552 0.163153
v 0.025415 -0.237805 0.182781
v 0.074855 -0.256751 0.168861
v 0.025468 -0.202647 0.176060
v 0.023810 -0.217341 0.178194
v 0.056713 -0.202651 0.167331
v 0.025278 -0.255328 0.186176
v 0.071720 -0.137877 0.154835
v 0.025549 -0.184701 0.171101
v 0.023348 -0.171167 0.168108
v 0.048712 -0.067818 0.136871
v 0.068077 -0.085303 0.138189
v 0.049095 -0.050860 0.133107
v 0.048921 -0.034782 0.126651
v 0.049891 -0.084254 0.140573
v 0.103396 -0.056069 0.114950
v 0.087831 -0.003537 0.105172
v 0.048541 -0.001606 0.115200
v 0.048783 -0.017709 0.121209
v 0.040899 0.026787 0.100679
v 0.046858 0.013966 0.110087
v 0.071186 0.014368 0.103052
v 0.111484 -0.362009 0.128825
v 0.156737 -0.358532 0.096762
v 0.113397 -0.262418 0.153168
v 0.133665 -0.271280 0.128725
v 0.147349 -0.191698 0.061171
v 0.151325 -0.275400 0.106980
v 0.198974 -0.384928 0.067693
v 0.208986 -0.381172 0.026672
v 0.203679 -0.375521 0.048284
v 0.137341 -0.076277 0.094309
v 0.199737 -0.059932 0.056313
v 0.146764 -0.011105 0.082108
v 0.200320 -0.030504 0.063445
v 0.165041 0.003656 0.075464
v 0.196614 -0.001553 0.065138
v 0.179074 -0.098368 0.062166
v 0.197374 -0.086348 0.011541
v 0.197165 -0.301409 0.065790
v 0.200179 -0.272187 0.025115
v 0.199438 -0.285554 0.049117
v 0.197082 -0.293583 0.032741
v 0.067815 -0.383348 0.165362
v 0.051143 -0.256208 0.177783
v 0.055297 -0.187746 0.164793
v 0.045661 -0.196032 0.172624
v 0.073709 -0.193655 0.156430
v 0.048795 -0.219635 0.173341
v 0.055832 -0.154996 0.158442
v 0.088929 -0.155354 0.150224
v 0.050717 -0.100297 0.147230
v 0.083453 -0.052909 0.127512
v 0.078803 -0.070493 0.132237
v 0.073063 -0.003147 0.107425
v 0.080926 -0.021515 0.113600
v 0.114257 -0.381845 0.133753
v 0.171201 -0.374960 0.087641
v 0.142932 -0.378233 0.110226
v 0.116688 -0.250821 0.132173
v 0.132407 -0.260994 0.117201
v 0.124561 -0.261616 0.128626
v 0.141382 -0.269589 0.113858
v 0.140543 -0.284745 0.120494
v 0.126846 -0.208796 0.089859
v 0.151147 -0.227508 0.063611
v 0.147284 -0.265235 0.098960
v 0.166640 -0.275393 0.087788
v 0.177361 -0.277614 0.073282
v 0.204355 -0.385665 0.048141
v 0.152078 -0.078476 0.084358
v 0.138333 -0.043920 0.090199
v 0.223800 -0.044423 0.047123
v 0.179717 -0.065558 0.068582
v 0.160064 -0.013165 0.074572
v 0.149929 -0.030452 0.077616
v 0.179586 -0.033884 0.070626
v 0.181888 -0.048141 0.069591
v 0.191145 -0.016005 0.067906
v 0.227648 -0.024788 0.054305
v 0.184044 -0.000182 0.071720
v 0.217354 0.000448 0.059355
v 0.174703 -0.097309 0.076419
v 0.181970 -0.083440 0.070768
v 0.218079 -0.070784 0.016844
v 0.203471 -0.076319 0.034087
v 0.210844 -0.081158 -0.002663
v 0.200330 -0.310312 0.034564
v 0.071707 -0.393520 0.170467
v 0.084534 -0.387684 0.157718
v 0.051161 -0.388978 0.174213
v 0.041306 -0.254820 0.185369
v 0.046773 -0.273197 0.183301
v 0.080097 -0.225835 0.160628
v 0.056119 -0.167073 0.161117
v 0.073471 -0.161305 0.154944
v 0.088478 -0.167890 0.149665
v 0.068084 -0.114123 0.152452
v 0.070815 -0.053203 0.127474
v 0.068972 -0.019765 0.115209
v 0.076326 -0.037243 0.118882
v 0.118639 -0.390697 0.140233
v 0.129678 -0.386608 0.122512
v 0.158223 -0.383144 0.099979
v 0.173977 -0.387933 0.092186
v 0.182879 -0.384848 0.081395
v 0.146678 -0.389117 0.116387
v 0.128220 -0.286036 0.135579
v 0.120739 -0.217095 0.109905
v 0.132063 -0.233722 0.088886
v 0.116983 -0.180475 0.104887
v 0.155634 -0.244805 0.071801
v 0.161700 -0.266192 0.081669
v 0.178327 -0.265801 0.074103
v 0.145609 -0.090481 0.093775
v 0.145174 -0.061276 0.082919
v 0.224188 -0.009875 0.058457
v 0.201783 -0.046010 0.059884
v 0.191329 0.010443 0.066740
v 0.189796 -0.085257 0.050809
v 0.225208 -0.057332 0.033082
v 0.205241 -0.066477 0.046769
v 0.178996 -0.110414 0.001338
v 0.188055 -0.098289 -0.013895
v 0.230872 -0.071315 -0.012479
v 0.078021 -0.374505 0.158724
v 0.054119 -0.374689 0.171277
v 0.040263 -0.389212 0.184031
v 0.042180 -0.286792 0.187000
v 0.059913 -0.284597 0.177476
v 0.072470 -0.210507 0.160274
v 0.102174 -0.213526 0.148859
v 0.078146 -0.149677 0.153527
v 0.061631 -0.102784 0.153792
v 0.099345 -0.034715 0.115926
v 0.123019 -0.372951 0.123573
v 0.161733 -0.370845 0.095224
v 0.124007 -0.232834 0.107345
v 0.118389 -0.201988 0.118123
v 0.131083 -0.244597 0.097558
v 0.142149 -0.246129 0.085099
v 0.114439 -0.184487 0.124992
v 0.130496 -0.087624 0.102054
v 0.155808 -0.094657 0.086188
v 0.157485 -0.063242 0.080441
v 0.185468 -0.095739 0.001979
v 0.181201 -0.097684 0.018303
v 0.187426 -0.091561 0.033844
v 0.096181 -0.374233 0.143474
v 0.048424 -0.352574 0.180695
v 0.062758 -0.224966 0.168049
v 0.113771 -0.208827 0.143827
v 0.087038 -0.204206 0.153611
v 0.101837 -0.196380 0.143458
v 0.113691 -0.231830 0.147614
v 0.087027 -0.031553 0.116041
v 0.134986 -0.347540 0.116112
v 0.125943 -0.222276 0.094262
v 0.141108 -0.233536 0.076724
v 0.137426 -0.212626 0.072602
v 0.132225 -0.221831 0.081966
v 0.118076 -0.069964 0.105084
v 0.180475 -0.099084 0.046372
v 0.099440 -0.388582 0.148674
v 0.054057 -0.361877 0.171930
v 0.042595 -0.367832 0.182335
v 0.052017 -0.238044 0.174291
v 0.072181 -0.239943 0.165920
v 0.088797 -0.216812 0.155293
v 0.096470 -0.233549 0.159531
v 0.087509 -0.189262 0.150755
v 0.118455 -0.227217 0.137544
v 0.126002 -0.359358 0.123144
v 0.135129 -0.366877 0.113770
v 0.117384 -0.340760 0.127727
v 0.146934 -0.366254 0.106324
v 0.042673 -0.237166 0.182383
v 0.061674 -0.250314 0.172411
v 0.105398 -0.225022 0.152278
v 0.086741 -0.246473 0.164380
v 0.108296 -0.246513 0.155411
v 0.092997 -0.266755 0.164588
v 0.112594 -0.243657 0.144481
v 0.103286 -0.257574 0.158847
v 0.025974 -0.333369 0.194839
v 0.025694 -0.353272 0.192799
v 0.025495 -0.372409 0.189031
v 0.040115 -0.334874 0.189246
v 0.024300 -0.313697 0.194922
v 0.057903 -0.310711 0.181738
v 0.041276 -0.309220 0.191122
v 0.077581 -0.311601 0.172542
v 0.094130 -0.312400 0.161948
v 0.020325 -0.137708 0.155347
v 0.023599 -0.151031 0.161367
v 0.022126 -0.124852 0.151972
v 0.019353 -0.099902 0.143698
v 0.024455 -0.111893 0.148600
v 0.019076 -0.082608 0.134276
v 0.018830 -0.029029 0.111582
v 0.018443 -0.010875 0.105657
v 0.018590 0.006790 0.098094
v 0.018738 -0.047838 0.118097
v 0.021876 -0.061162 0.124516
v 0.110822 -0.311967 0.147706
v 0.126149 -0.311007 0.131808
v 0.157613 -0.309690 0.105753
v 0.171603 -0.307885 0.090085
v 0.142156 -0.310334 0.117453
v 0.184909 -0.306284 0.076534
v 0.201077 -0.346281 0.047492
v 0.182041 -0.330088 0.075000
v 0.194218 -0.254249 0.033248
v 0.089009 -0.348875 0.154854
v 0.078959 -0.360073 0.155787
v 0.092961 -0.361343 0.145456
v 0.071033 -0.342108 0.167210
v 0.103322 -0.348611 0.139450
v 0.108592 -0.334792 0.141786
v 0.096218 -0.335742 0.149734
v 0.051470 -0.129467 0.155565
v 0.051347 -0.114483 0.153616
v 0.089244 0.009959 0.097374
v 0.110599 -0.001189 0.097416
v 0.102032 0.007950 0.094496
v 0.152545 -0.338017 0.098708
v 0.170630 -0.187273 0.024793
v 0.156541 -0.288052 0.101773
v 0.206479 -0.363699 0.032630
v 0.203839 -0.349922 0.031804
v 0.202538 -0.360459 0.048703
v 0.198874 -0.353735 0.063207
v 0.199718 -0.369606 0.063525
v 0.145268 0.003381 0.079840
v 0.127723 0.001707 0.087809
v 0.116586 0.006678 0.089744
v 0.126568 -0.022083 0.096817
v 0.121950 -0.009240 0.094484
v 0.134325 -0.014050 0.088984
v 0.210544 0.008650 0.058084
v 0.044905 -0.208123 0.175206
v 0.043019 -0.148350 0.160746
v 0.105349 -0.129063 0.127268
v 0.110696 -0.156093 0.121146
v 0.111361 -0.170128 0.126626
v 0.107169 -0.156790 0.139868
v 0.085293 -0.083661 0.124870
v 0.091823 -0.068388 0.120569
v 0.103662 -0.082490 0.115554
v 0.183150 -0.367874 0.075500
v 0.176897 -0.349454 0.077608
v 0.169169 -0.359483 0.088646
v 0.164627 -0.345058 0.089337
v 0.162961 -0.331817 0.089322
v 0.168360 -0.288684 0.086428
v 0.146336 -0.148727 0.089523
v 0.177352 -0.231162 0.061261
v 0.195704 -0.239890 0.060524
v 0.174429 -0.244465 0.073106
v 0.201061 -0.245312 0.046819
v 0.200999 -0.219262 0.042921
v 0.201020 -0.231598 0.049972
v 0.191667 -0.235474 0.033101
v 0.188425 -0.222288 0.053147
v 0.195344 -0.223226 0.028456
v 0.183188 -0.203018 0.039231
v 0.190515 -0.212300 0.045207
v 0.152036 -0.047078 0.078193
v 0.190426 -0.074121 0.059037
v 0.175294 -0.132216 -0.003667
v 0.182289 -0.115635 -0.013382
v 0.095695 -0.046880 0.122018
v 0.119394 -0.041801 0.105847
v 0.098379 -0.018105 0.108725
v 0.112964 -0.017525 0.103204
v 0.100411 -0.007183 0.102838
v 0.196845 -0.084813 0.022982
v 0.106410 -0.372800 0.132957
v 0.038484 -0.354955 0.191807
v 0.140708 -0.332842 0.117286
v 0.130193 -0.333813 0.127356
v 0.150523 -0.209179 0.053373
v 0.169203 -0.216619 0.049316
v 0.139276 -0.195716 0.081829
v 0.130441 -0.060961 0.095620
v 0.119588 -0.056063 0.105968
v 0.076899 -0.275210 0.169698
v 0.061798 -0.267789 0.175699
v 0.091084 -0.284550 0.164554
v 0.105448 -0.276253 0.156679
v 0.103279 -0.288843 0.156940
v 0.115051 -0.284516 0.147904
v 0.123717 -0.271319 0.140468
v 0.198151 -0.328436 0.058794
v 0.197349 -0.313875 0.055024
v 0.075640 -0.329901 0.170331
v 0.083705 -0.337351 0.160546
v 0.056461 -0.335552 0.178704
v 0.037209 -0.129787 0.156713
v 0.058393 -0.141362 0.156784
v 0.064610 -0.126529 0.155444
v 0.038541 -0.111342 0.150273
v 0.154905 -0.327050 0.101028
v 0.190763 -0.181895 0.017679
v 0.138339 -0.029362 0.088922
v 0.129532 -0.034779 0.098757
v 0.102332 -0.110441 0.121987
v 0.107758 -0.144395 0.129611
v 0.094678 -0.135778 0.145965
v 0.117350 -0.087543 0.110602
v 0.104890 -0.069745 0.112844
v 0.189103 -0.348097 0.074905
v 0.152328 -0.126618 0.092312
v 0.163717 -0.233696 0.067148
v 0.184691 -0.133128 -0.013263
v 0.180989 -0.151703 -0.003030
v 0.108738 -0.043925 0.113714
v 0.143154 -0.203130 0.062498
v 0.145748 -0.216809 0.061784
v 0.155717 -0.191774 0.038899
v 0.157618 -0.219650 0.056038
v 0.136236 -0.206630 0.082831
v 0.147792 -0.171958 0.079399
v 0.125607 -0.191842 0.094916
v 0.117401 -0.194031 0.105500
v 0.137583 -0.180523 0.088833
v 0.137921 -0.163588 0.092098
v 0.123681 -0.144092 0.102618
v 0.110063 -0.138345 0.113980
v 0.127071 -0.172581 0.098686
v 0.125180 -0.158086 0.100596
v 0.134632 -0.150052 0.098079
v 0.137234 -0.133312 0.098138
v 0.115119 -0.152365 0.106520
v 0.113226 -0.166965 0.108131
v 0.147446 -0.136973 0.092492
v 0.140646 -0.118037 0.100634
v 0.121152 -0.122506 0.107768
v 0.125726 -0.132370 0.104171
v 0.108912 -0.125590 0.114331
v 0.129993 -0.048521 0.099076
v 0.078064 -0.289827 0.170867
v 0.197581 -0.328808 0.071525
v 0.198070 -0.340145 0.065197
v 0.200523 -0.330083 0.036520
v 0.199965 -0.320140 0.029941
v 0.198662 -0.183701 0.008220
v 0.184469 -0.191697 0.029431
v 0.199495 -0.203980 0.026994
v 0.098421 -0.148023 0.147119
v 0.093857 -0.117866 0.138827
v 0.092538 -0.105221 0.132719
v 0.083238 -0.107138 0.145706
v 0.082897 -0.124241 0.150338
v 0.155715 -0.114154 0.094007
v 0.191808 -0.150700 -0.007205
v 0.173090 -0.168991 0.009437
v 0.161619 -0.205834 0.040670
v 0.150084 -0.197008 0.051329
v 0.146544 -0.184779 0.076281
v 0.156223 -0.169053 0.051596
v 0.152912 -0.175623 0.064301
v 0.152334 -0.181901 0.051091
v 0.120525 -0.206065 0.103844
v 0.129225 -0.112233 0.107503
v 0.115708 -0.109893 0.116322
v 0.199784 -0.334594 0.048236
v 0.201882 -0.338581 0.029760
v 0.197958 -0.213617 0.022181
v 0.199413 -0.201501 0.014446
v 0.196809 -0.191939 0.022463
v 0.177866 -0.179330 0.015272
v 0.189463 -0.169491 0.008134
v 0.181000 -0.162134 0.002162
v 0.166427 -0.146064 0.019972
v 0.171203 -0.198259 0.033510
v 0.157696 -0.174809 0.031467
v 0.170747 -0.143923 0.003932
v 0.168111 -0.155850 0.008533
v 0.161466 -0.160141 0.025841
v 0.164076 -0.171360 0.018249
v 0.024736 -0.386168 0.186504
v 0.018321 0.021223 0.094198
v 0.146357 -0.351126 0.107340
v 0.111568 -0.030393 0.108730
v 0.164202 -0.138455 0.060695
v 0.158673 -0.136002 0.076918
v 0.168915 -0.117777 0.050995
v 0.170778 -0.107158 0.043670
v 0.167383 -0.107715 0.066755
v 0.163843 -0.147327 0.039902
v 0.156722 -0.154568 0.070265
v 0.167223 -0.124501 0.069005
v 0.170138 -0.128017 0.031718
v 0.171328 -0.129406 0.012502
v 0.175489 -0.122095 0.003320
v 0.175166 -0.113108 0.019586
v 0.159829 -0.159600 0.039813
v 0.160854 -0.152201 0.055918
v 0.154480 -0.146583 0.080878
v 0.149554 -0.159125 0.083025
v 0.168065 -0.130699 0.046486
v 0.167103 -0.139856 0.030618
v -0.201714 0.019840 0.052585
v -0.182939 0.023072 0.062312
v -0.166100 0.026128 0.070926
v -0.147508 0.029441 0.078824
v -0.130694 0.031305 0.086704
v -0.112940 0.033176 0.092576
v -0.094413 0.034013 0.094161
v -0.075714 0.035669 0.095864
v -0.056735 0.037106 0.097157
v -0.037600 0.038021 0.097691
v -0.037642 0.040482 0.096838
v -0.056641 0.039416 0.095567
v -0.075766 0.038087 0.094901
v -0.094447 0.036409 0.093088
v -0.112731 0.035403 0.091016
v -0.130365 0.033601 0.085269
v -0.147174 0.031771 0.077461
v -0.165751 0.028402 0.069447
v -0.182536 0.025239 0.060703
v -0.208097 0.023352 0.051205
v -0.021561 0.088062 0.069508
v -0.022262 0.104711 0.058127
v -0.178697 0.132191 0.007388
v -0.193564 0.136439 -0.009253
v -0.173076 0.067862 0.044425
v -0.047020 0.064484 0.085426
v -0.187972 0.117846 0.013433
v -0.199182 0.067542 0.035297
v -0.171698 0.045536 0.054366
v -0.118667 0.086083 0.058573
v -0.065804 0.054615 0.086882
v -0.047395 0.051141 0.091999
v -0.032684 0.052478 0.091903
v -0.201747 0.119144 0.014002
v -0.193433 0.132411 0.004422
v -0.213486 0.075144 0.032667
v -0.201519 0.089743 0.027278
v -0.197238 0.102944 0.020145
v -0.172028 0.034359 0.059727
v -0.153802 0.043540 0.064437
v -0.190401 0.038790 0.048948
v -0.212002 0.056202 0.039360
v -0.119760 0.059788 0.073530
v -0.082578 0.107214 0.048677
v -0.186454 0.126720 0.008537
v -0.184278 0.080157 0.034349
v -0.210174 0.036304 0.044045
v -0.120408 0.046126 0.081691
v -0.100531 0.053797 0.081339
v -0.136805 0.050361 0.071769
v -0.066331 0.120024 0.038873
v -0.148435 0.104119 0.034868
v -0.175903 0.102329 0.025779
v -0.177075 0.117838 0.017603
v -0.103147 0.042742 0.087261
v -0.084666 0.049826 0.086932
v -0.137908 0.038999 0.076780
v -0.057898 0.128441 0.034658
v -0.162941 0.087146 0.037083
v -0.187098 0.105328 0.020872
v -0.160533 0.110473 0.023678
v -0.172004 0.078631 0.038257
v -0.117425 0.138582 -0.008945
v -0.092799 0.167810 -0.047706
v -0.155107 0.146323 -0.005853
v -0.187256 0.146502 -0.020906
v -0.182518 0.141248 -0.006829
v -0.170126 0.142212 -0.000363
v -0.162524 0.128571 0.013395
v -0.167875 0.149914 -0.017676
v -0.178482 0.149589 -0.020654
v -0.152334 0.154662 -0.021221
v -0.136573 0.147226 -0.013102
v -0.146589 0.152459 -0.010942
v -0.038107 0.080836 0.077032
v -0.031948 0.066653 0.087234
v -0.156680 0.060971 0.055308
v -0.185882 0.054381 0.044999
v -0.102323 0.073568 0.069176
v -0.085660 0.065978 0.075892
v -0.076804 0.058838 0.081758
v -0.063383 0.078994 0.071118
v -0.135416 0.071270 0.061575
v -0.080201 0.128659 0.023242
v -0.166319 0.099364 0.030290
v -0.096587 0.143552 -0.013891
v -0.100406 0.154726 -0.031049
v -0.136658 0.133345 0.013268
v -0.119943 0.151205 -0.029413
v -0.136804 0.159272 -0.024995
v -0.128864 0.149615 -0.023986
v -0.026326 0.081084 0.077751
v -0.038260 0.098299 0.067189
v -0.048362 0.111829 0.051799
v -0.042711 0.122336 0.047221
v -0.169463 0.056689 0.050343
v -0.146556 0.055299 0.063347
v -0.157622 0.075379 0.047262
v -0.146931 0.071096 0.054712
v -0.143629 0.089323 0.047243
v -0.107440 0.062712 0.074115
v -0.061394 0.067463 0.080352
v -0.051209 0.075585 0.076342
v -0.073199 0.070408 0.075265
v -0.083619 0.087776 0.062231
v -0.051338 0.088629 0.066805
v -0.049023 0.099870 0.058855
v -0.064643 0.104508 0.051580
v -0.058763 0.114740 0.046733
v -0.071815 0.111541 0.045488
v -0.076038 0.097411 0.055923
v -0.063252 0.093334 0.060697
v -0.072007 0.085612 0.065192
v -0.131041 0.061205 0.068311
v -0.071807 0.137707 0.022172
v -0.086865 0.150359 -0.013708
v -0.086162 0.134793 0.003338
v -0.090141 0.160840 -0.029403
v -0.112220 0.165633 -0.036896
v -0.130323 0.136812 -0.001603
v -0.143943 0.142134 0.002534
v -0.156400 0.137131 0.005263
v -0.148411 0.121556 0.022279
v -0.109514 0.151365 -0.018076
v -0.126149 0.155897 -0.039303
v -0.035664 0.110375 0.057980
v -0.151924 0.092147 0.039001
v -0.124614 0.107957 0.043260
v -0.089169 0.076814 0.068189
v -0.080691 0.145355 0.005269
v -0.103846 0.133248 -0.000168
v -0.119117 0.126316 0.011466
v -0.114409 0.131075 -0.000013
v -0.148643 0.130835 0.013528
v -0.129119 0.119971 0.027025
v -0.137066 0.101681 0.042290
v -0.130067 0.091813 0.051491
v -0.139002 0.113302 0.034663
v -0.137227 0.081721 0.054591
v -0.099050 0.119784 0.017367
v -0.095680 0.127785 0.007504
v -0.127419 0.126801 0.017247
v -0.113580 0.117914 0.025561
v -0.098517 0.108757 0.035191
v -0.082984 0.115195 0.033306
v -0.088673 0.119782 0.023343
v -0.111881 0.109766 0.037684
v -0.112761 0.100200 0.051490
v -0.101621 0.089751 0.061076
v -0.091018 0.097501 0.055190
v -0.196275 0.144650 -0.019971
v -0.117079 0.073347 0.066692
v -0.100422 0.100857 0.045924
v -0.206381 -0.386805 0.042618
v -0.198385 -0.388731 0.063324
v -0.190646 -0.390121 0.083320
v -0.180760 -0.389399 0.098837
v -0.167366 -0.388019 0.110399
v -0.154252 -0.387672 0.124187
v -0.139966 -0.388090 0.133951
v -0.125373 -0.388594 0.146409
v -0.110156 -0.388955 0.155642
v -0.094332 -0.390976 0.165878
v -0.078041 -0.391895 0.175716
v -0.061525 -0.393514 0.183922
v -0.046055 -0.396053 0.191843
v -0.028300 -0.399049 0.194807
v -0.016765 -0.399224 0.192959
v -0.016427 -0.385687 0.193540
v -0.016351 -0.373384 0.196626
v -0.177641 0.013647 0.070042
v -0.176312 -0.003456 0.072974
v -0.174112 -0.020236 0.076833
v -0.174186 -0.036439 0.082672
v -0.173691 -0.052254 0.089265
v -0.171129 -0.069340 0.092148
v -0.169458 -0.086861 0.092575
v -0.166970 -0.103014 0.091449
v -0.152107 -0.099877 0.097015
v -0.140378 -0.097912 0.106918
v -0.128233 -0.095014 0.118633
v -0.115237 -0.093551 0.129875
v -0.097707 -0.092298 0.130697
v -0.079827 -0.090166 0.132324
v -0.061276 -0.090647 0.134214
v -0.063162 -0.074365 0.130569
v -0.064595 -0.056411 0.128349
v -0.065741 -0.041050 0.125490
v -0.065327 -0.022847 0.120372
v -0.065542 -0.006182 0.114335
v -0.065704 0.009383 0.107152
v -0.064949 0.025647 0.100107
v -0.083502 0.024652 0.099800
v -0.101440 0.023301 0.098474
v -0.119482 0.021771 0.096745
v -0.133743 0.020577 0.086739
v -0.148068 0.017326 0.078954
v -0.162717 0.015678 0.071546
v -0.116732 -0.078661 0.123285
v -0.117136 -0.062380 0.117261
v -0.117854 -0.044860 0.113036
v -0.118210 -0.027933 0.108028
v -0.118164 -0.011291 0.102550
v -0.118521 0.004528 0.096333
v -0.120737 0.026931 0.095685
v -0.135458 0.024450 0.088372
v -0.149860 0.022426 0.081543
v -0.164615 0.020615 0.074849
v -0.180887 0.019088 0.069597
v -0.025127 -0.175884 0.170629
v -0.043744 -0.176805 0.166915
v -0.059758 -0.178090 0.163700
v -0.077852 -0.178654 0.159245
v -0.093785 -0.179735 0.155751
v -0.111034 -0.180560 0.150222
v -0.115520 -0.199357 0.148308
v -0.116062 -0.216689 0.140568
v -0.110594 -0.231102 0.130378
v -0.114925 -0.244410 0.114165
v -0.129621 -0.251979 0.101384
v -0.144380 -0.255575 0.090335
v -0.162456 -0.253460 0.081356
v -0.180879 -0.249959 0.080992
v -0.183244 -0.263092 0.083432
v -0.186255 -0.276620 0.085367
v -0.188079 -0.289907 0.087016
v -0.189723 -0.300603 0.087379
v -0.187565 -0.310700 0.083673
v -0.188374 -0.316399 0.083920
v -0.189438 -0.334870 0.083560
v -0.190899 -0.353415 0.083420
v -0.190682 -0.371583 0.083388
v -0.169238 -0.294046 0.083965
v -0.155993 -0.294912 0.098506
v -0.143606 -0.295864 0.116799
v -0.129075 -0.297450 0.133516
v -0.113042 -0.299408 0.148777
v -0.095622 -0.300680 0.162136
v -0.077948 -0.301215 0.170297
v -0.057294 -0.301179 0.176701
v -0.036132 -0.300259 0.181446
v -0.028715 -0.296562 0.199408
v -0.171325 -0.313776 0.085544
v -0.157438 -0.315508 0.099709
v -0.143613 -0.316866 0.116575
v -0.129071 -0.318082 0.132226
v -0.111194 -0.319515 0.144561
v -0.093530 -0.321273 0.157741
v -0.077139 -0.322231 0.169300
v -0.056361 -0.321829 0.176708
v -0.034891 -0.320209 0.182180
v -0.028719 -0.317918 0.200368
v -0.025747 -0.192794 0.175478
v -0.026206 -0.210478 0.181103
v -0.026873 -0.228342 0.185943
v -0.027491 -0.245338 0.189544
v -0.027648 -0.262688 0.192774
v -0.028013 -0.279625 0.194977
v -0.029012 -0.307306 0.200497
v -0.028837 -0.323722 0.200768
v -0.029045 -0.343091 0.201773
v -0.028411 -0.362469 0.202005
v -0.028277 -0.381018 0.198550
v -0.195911 -0.294858 0.055750
v -0.176838 -0.262459 0.052378
v -0.144050 -0.151255 0.111677
v -0.189278 -0.284062 0.067473
v -0.179197 -0.259269 0.066705
v -0.121527 -0.128011 0.131541
v -0.147274 -0.124968 0.107394
v -0.182365 -0.272375 0.061131
v -0.122264 -0.109729 0.128416
v -0.146703 -0.110653 0.103482
v -0.189774 -0.271924 0.040852
v -0.161028 -0.120536 0.093263
v -0.135141 -0.115075 0.116632
v -0.207131 -0.376858 0.032452
v -0.194126 -0.380973 0.072825
v -0.199835 -0.371434 0.053541
v -0.150579 -0.356065 0.102317
v -0.107500 -0.360973 0.136871
v -0.157957 -0.273185 0.091059
v -0.170749 -0.273510 0.081015
v -0.120213 -0.270568 0.126524
v -0.080064 -0.249445 0.169586
v -0.157623 -0.200362 0.057684
v -0.178108 -0.096130 0.041824
v -0.148835 -0.074723 0.104110
v -0.146999 -0.087711 0.101257
v -0.134123 -0.082371 0.113154
v -0.157326 -0.080474 0.094366
v -0.190994 -0.065529 0.058541
v -0.198893 -0.006893 0.060831
v -0.193754 -0.031839 0.066847
v -0.142082 -0.042881 0.087525
v -0.090609 -0.052650 0.117980
v -0.091357 -0.017003 0.110554
v -0.149830 -0.009447 0.077113
v -0.151407 0.005445 0.073934
v -0.161349 -0.005866 0.071970
v -0.135894 0.001830 0.083024
v -0.056059 -0.362886 0.162429
v -0.070135 -0.133295 0.148457
v -0.040480 -0.080136 0.136865
v -0.042175 -0.047245 0.127827
v -0.051494 -0.204167 0.165448
v -0.043013 0.002900 0.111297
v -0.028498 0.028337 0.101631
v -0.046568 0.021624 0.103084
v -0.131424 -0.180374 0.120506
v -0.191779 -0.297414 0.070268
v -0.101696 -0.149353 0.147594
v -0.097788 -0.116552 0.139080
v -0.181643 -0.261736 0.038866
v -0.197653 -0.286000 0.038406
v -0.191929 -0.281721 0.053466
v -0.135708 -0.131496 0.119788
v -0.201425 -0.382512 0.053173
v -0.165086 -0.371620 0.090619
v -0.136981 -0.374474 0.113810
v -0.092383 -0.377612 0.146205
v -0.153723 -0.262698 0.085028
v -0.140197 -0.269544 0.106220
v -0.170977 -0.261068 0.080600
v -0.122798 -0.257315 0.118448
v -0.130300 -0.267720 0.118558
v -0.137497 -0.281477 0.116843
v -0.107594 -0.255920 0.141323
v -0.109911 -0.253801 0.123454
v -0.049999 -0.256899 0.176902
v -0.090513 -0.218436 0.162879
v -0.162402 -0.227689 0.069816
v -0.185870 -0.234799 0.052595
v -0.181836 -0.248845 0.056222
v -0.176236 -0.243835 0.039353
v -0.177073 -0.090017 0.068474
v -0.194860 -0.085272 0.014935
v -0.156101 -0.058860 0.094976
v -0.122212 -0.086963 0.115796
v -0.122886 -0.073303 0.110118
v -0.181133 -0.063465 0.074523
v -0.206751 -0.053056 0.048797
v -0.187270 0.002824 0.065795
v -0.211317 -0.003157 0.055607
v -0.185087 -0.014553 0.067723
v -0.182366 -0.030381 0.074032
v -0.206740 -0.022099 0.058662
v -0.206083 -0.038040 0.058110
v -0.160681 -0.044542 0.085051
v -0.128545 -0.039357 0.099565
v -0.128974 -0.057545 0.101697
v -0.105917 -0.052954 0.116252
v -0.096576 -0.070577 0.119887
v -0.099157 -0.035565 0.114269
v -0.075075 -0.049939 0.120447
v -0.081218 -0.035261 0.117721
v -0.077783 -0.066840 0.121149
v -0.076322 -0.015963 0.112487
v -0.084372 0.000026 0.103652
v -0.106571 -0.019520 0.106946
v -0.102279 -0.003244 0.101052
v -0.135449 -0.015336 0.089978
v -0.126354 0.009641 0.087449
v -0.043278 -0.380238 0.175877
v -0.071750 -0.111082 0.138363
v -0.068201 -0.156370 0.156028
v -0.052439 -0.081213 0.132108
v -0.054845 -0.048009 0.126078
v -0.046540 -0.064013 0.132609
v -0.048284 -0.031948 0.123226
v -0.034635 -0.203543 0.170905
v -0.044652 -0.191019 0.163168
v -0.043474 -0.222601 0.171022
v -0.066332 -0.194247 0.159900
v -0.055773 0.002503 0.110397
v -0.124122 -0.200249 0.124576
v -0.123577 -0.185955 0.138813
v -0.101267 -0.165738 0.150143
v -0.106011 -0.104583 0.132514
v -0.112049 -0.118036 0.133681
v -0.106967 -0.133574 0.139152
v -0.089313 -0.102940 0.136998
v -0.145346 -0.137621 0.111379
v -0.168550 -0.383362 0.096802
v -0.152772 -0.379824 0.105431
v -0.176235 -0.375456 0.087779
v -0.176383 -0.362165 0.081550
v -0.162433 -0.356210 0.089324
v -0.159746 -0.335694 0.093080
v -0.157835 -0.347193 0.094023
v -0.172602 -0.342500 0.084368
v -0.141615 -0.385556 0.120161
v -0.123899 -0.381943 0.128518
v -0.096770 -0.388367 0.152785
v -0.077014 -0.384866 0.158201
v -0.108438 -0.382223 0.138102
v -0.138366 -0.260113 0.099702
v -0.149421 -0.282340 0.106389
v -0.032353 -0.256394 0.179038
v -0.036321 -0.239479 0.175324
v -0.038855 -0.276215 0.179843
v -0.106930 -0.212843 0.154145
v -0.169336 -0.238472 0.080025
v -0.181106 -0.238148 0.067218
v -0.135984 -0.225375 0.084678
v -0.186793 -0.227514 0.030104
v -0.173255 -0.238987 0.025082
v -0.173597 -0.254013 0.030653
v -0.172272 -0.096458 0.079325
v -0.215558 -0.070516 0.012533
v -0.212163 -0.078805 -0.002083
v -0.182300 -0.077716 0.065112
v -0.191188 -0.079313 0.041125
v -0.203370 -0.074044 0.025536
v -0.191614 0.013378 0.061417
v -0.193612 -0.053384 0.062533
v -0.186243 -0.044618 0.073424
v -0.151433 -0.028198 0.079711
v -0.135648 -0.069203 0.103064
v -0.088337 -0.082129 0.122923
v -0.074382 -0.081026 0.124307
v -0.103365 -0.082430 0.122533
v -0.091509 0.011665 0.096618
v -0.105572 0.010369 0.094873
v -0.077281 0.012359 0.099294
v -0.125977 -0.006050 0.091795
v -0.137179 -0.030279 0.090702
v -0.126656 -0.023484 0.096819
v -0.048263 -0.389964 0.179825
v -0.039876 -0.385193 0.191992
v -0.059800 -0.384715 0.167399
v -0.070961 -0.099664 0.133318
v -0.067553 -0.168812 0.157184
v -0.084939 -0.163330 0.152805
v -0.033003 -0.068670 0.136119
v -0.033630 -0.035527 0.124911
v -0.034515 -0.020060 0.120967
v -0.068740 -0.214325 0.164774
v -0.120038 -0.205415 0.138853
v -0.116318 -0.215015 0.119111
v -0.123548 -0.160073 0.134997
v -0.089276 -0.135827 0.146014
v -0.146537 -0.367923 0.106035
v -0.155637 -0.365632 0.095176
v -0.170704 -0.328377 0.083433
v -0.163687 -0.323555 0.093714
v -0.124625 -0.363166 0.124617
v -0.138665 -0.357543 0.114427
v -0.076663 -0.367222 0.153816
v -0.102373 -0.371832 0.138998
v -0.091853 -0.361552 0.143897
v -0.060709 -0.235936 0.171234
v -0.028346 -0.272954 0.186063
v -0.105656 -0.236481 0.154623
v -0.091847 -0.199498 0.158525
v -0.152429 -0.233302 0.087761
v -0.135254 -0.241477 0.089635
v -0.176100 -0.080616 0.079856
v -0.196659 -0.067677 0.047531
v -0.165140 -0.028962 0.076282
v -0.053216 -0.374740 0.167806
v -0.031491 -0.007870 0.115406
v -0.050760 -0.014714 0.117992
v -0.124448 -0.199765 0.091871
v -0.126805 -0.173390 0.133513
v -0.135956 -0.163074 0.120853
v -0.113591 -0.168771 0.140108
v -0.116085 -0.146427 0.137765
v -0.130008 -0.146474 0.125512
v -0.087898 -0.149639 0.150289
v -0.082081 -0.122125 0.143451
v -0.127992 -0.340985 0.126509
v -0.078399 -0.343754 0.155793
v -0.049013 -0.233151 0.170912
v -0.110823 -0.225004 0.150741
v -0.103121 -0.192945 0.154149
v -0.081024 -0.191192 0.155944
v -0.152923 -0.245790 0.084959
v -0.122221 -0.229791 0.102289
v -0.121354 -0.203815 0.109847
v -0.127270 -0.188293 0.105736
v -0.121277 -0.214453 0.098937
v -0.130172 -0.352700 0.122539
v -0.080196 -0.355470 0.149899
v -0.123107 -0.241848 0.104829
v -0.115180 -0.230945 0.113570
v -0.135345 -0.168542 0.095532
v -0.133283 -0.177080 0.108079
v -0.138874 -0.162236 0.108673
v -0.129591 -0.181935 0.083512
v -0.195776 -0.343164 0.053645
v -0.162007 -0.304841 0.091050
v -0.177985 -0.302682 0.082931
v -0.150603 -0.306019 0.109576
v -0.136728 -0.307377 0.126774
v -0.103906 -0.309988 0.152106
v -0.120584 -0.308112 0.137678
v -0.086275 -0.311747 0.165369
v -0.065626 -0.312116 0.172017
v -0.030596 -0.334685 0.187555
v -0.046768 -0.311101 0.177622
v -0.030653 -0.309155 0.187823
v -0.034698 -0.156071 0.162294
v -0.052535 -0.161677 0.159558
v -0.050420 -0.140997 0.151677
v -0.196972 -0.306041 0.039189
v -0.155067 -0.145041 0.037950
v -0.194825 -0.361431 0.068340
v -0.193559 -0.347649 0.068787
v -0.198478 -0.357784 0.052592
v -0.200196 -0.348939 0.037801
v -0.203130 -0.363828 0.037468
v -0.161300 -0.285484 0.090679
v -0.119373 -0.284242 0.137049
v -0.103516 -0.274375 0.138762
v -0.127739 -0.280231 0.128509
v -0.109056 -0.266175 0.131058
v -0.093287 -0.265940 0.160484
v -0.102891 -0.265491 0.147961
v -0.175445 -0.183214 0.032324
v -0.034528 -0.097702 0.144738
v -0.026658 -0.078423 0.140653
v -0.030645 0.009856 0.107818
v -0.067862 -0.277129 0.173369
v -0.161988 -0.113398 0.068492
v -0.172564 -0.111686 0.010520
v -0.160180 -0.069905 0.093964
v -0.029112 -0.373542 0.185268
v -0.034784 -0.355098 0.182909
v -0.043679 -0.363940 0.170955
v -0.151325 -0.330252 0.110225
v -0.141012 -0.342621 0.112395
v -0.151073 -0.341427 0.104095
v -0.138705 -0.330220 0.120136
v -0.048007 -0.289092 0.177235
v -0.054272 -0.276887 0.175944
v -0.060817 -0.288850 0.172746
v -0.031395 -0.287454 0.183501
v -0.182735 -0.224118 0.017785
v -0.185235 -0.204780 0.032739
v -0.181338 -0.087464 0.055289
v -0.188264 -0.075782 0.053475
v -0.145383 -0.018704 0.083014
v -0.055525 -0.216957 0.166406
v -0.182442 -0.325701 0.079423
v -0.115350 -0.372177 0.130442
v -0.063233 -0.250465 0.174280
v -0.071097 -0.262723 0.173480
v -0.077876 -0.228877 0.167014
v -0.091583 -0.233681 0.164342
v -0.082611 -0.208351 0.160837
v -0.208174 -0.063217 0.036206
v -0.067983 -0.375777 0.160699
v -0.075913 -0.145297 0.150858
v -0.118266 -0.331039 0.133209
v -0.113361 -0.345662 0.132039
v -0.097350 -0.343728 0.145049
v -0.089662 -0.333620 0.150855
v -0.101670 -0.330868 0.143442
v -0.063345 -0.336584 0.168289
v -0.049754 -0.348245 0.171303
v -0.065516 -0.350299 0.160627
v -0.037725 -0.343613 0.179127
v -0.138650 -0.200559 0.070235
v -0.192373 -0.324369 0.062655
v -0.195285 -0.309977 0.060725
v -0.190948 -0.315993 0.070886
v -0.023546 -0.154414 0.167315
v -0.032459 -0.138595 0.159088
v -0.043565 -0.119121 0.148856
v -0.041002 -0.131292 0.153613
v -0.056552 -0.126737 0.147139
v -0.170782 -0.148396 0.011586
v -0.140995 -0.158780 0.063958
v -0.148194 -0.142927 0.084217
v -0.141382 -0.153965 0.092653
v -0.148967 -0.145380 0.097702
v -0.155605 -0.133354 0.092505
v -0.154405 -0.128743 0.071783
v -0.140496 -0.151771 0.078811
v -0.145836 -0.142003 0.062054
v -0.133893 -0.167139 0.078767
v -0.160249 -0.120641 0.078826
v -0.156531 -0.123601 0.049479
v -0.149351 -0.152687 0.051958
v -0.158883 -0.166840 0.032524
v -0.154766 -0.156506 0.038601
v -0.161820 -0.151027 0.025918
v -0.163162 -0.128298 0.022503
v -0.159993 -0.139877 0.027749
v -0.145858 -0.180714 0.062674
v -0.149817 -0.169901 0.050075
v -0.151321 -0.130641 0.059200
v -0.136464 -0.177682 0.073638
v -0.159289 -0.182791 0.039842
v -0.172173 -0.195994 0.044975
v -0.180260 -0.193976 0.035986
v -0.185321 -0.189719 0.017549
v -0.172947 -0.213433 0.056091
v -0.168050 -0.203342 0.052906
v -0.102697 -0.286213 0.151110
v -0.023916 -0.096442 0.149195
v -0.184347 -0.097698 0.004077
v -0.179257 -0.110580 -0.006393
v -0.178197 -0.099753 0.023230
v -0.167593 -0.112834 0.029132
v -0.188302 -0.087252 0.029169
v -0.160366 -0.123264 0.034684
v -0.172178 -0.104730 0.035384
v -0.027721 -0.354005 0.193415
v -0.185908 -0.205526 0.015412
v -0.059012 -0.265256 0.175539
v -0.045532 -0.330865 0.177188
v -0.131144 -0.194459 0.081993
v -0.191832 -0.335841 0.069415
v -0.196405 -0.327254 0.041375
v -0.195501 -0.315625 0.047165
v -0.027591 -0.116648 0.151390
v -0.183279 -0.149665 0.002677
v -0.180435 -0.167999 0.014458
v -0.175269 -0.130657 0.001831
v -0.169405 -0.160738 0.017456
v -0.181225 -0.178150 0.020384
v -0.174736 -0.120861 0.000477
v -0.170311 -0.171751 0.026644
v -0.160131 -0.212072 0.068276
v -0.149240 -0.206025 0.065525
v -0.148884 -0.215599 0.079007
v -0.179257 -0.207936 0.045006
v -0.178657 -0.222916 0.045153
v -0.172953 -0.229414 0.057270
v -0.185916 -0.216289 0.037458
v -0.192489 -0.096051 -0.009996
v -0.197286 -0.337064 0.035059
v -0.194214 -0.332617 0.054035
v -0.198025 -0.323746 0.029642
v -0.186428 -0.169676 0.003637
v -0.168351 -0.136599 0.011209
v -0.184316 -0.132758 -0.006180
v -0.141913 -0.056414 0.093377
v -0.032146 -0.055679 0.131747
v -0.107077 -0.240945 0.140690
v -0.094567 -0.249919 0.162115
v -0.105113 -0.248522 0.150931
v -0.052947 -0.104733 0.140001
v -0.046434 -0.093602 0.135457
v -0.058982 -0.115471 0.141570
v -0.130616 -0.210468 0.082216
v -0.151850 -0.188268 0.052536
v -0.166182 -0.110645 0.047002
v -0.172341 -0.101048 0.061056
v -0.082800 -0.284916 0.160004
v -0.073771 -0.289858 0.166368
v -0.082335 -0.272569 0.166929
v -0.091010 -0.277354 0.152335
v 0.078015 0.018353 0.111630
v 0.069466 0.008509 0.124875
v 0.072777 -0.008822 0.128578
v 0.074538 -0.025822 0.133934
v 0.073133 -0.043244 0.141006
v 0.072373 -0.060772 0.147921
v 0.071055 -0.075192 0.152228
v 0.067603 -0.087978 0.158499
v 0.086219 -0.089021 0.149985
v 0.104137 -0.094179 0.140894
v 0.121444 -0.095584 0.131218
v 0.138529 -0.099192 0.119827
v 0.154641 -0.103238 0.106829
v 0.168820 0.011141 0.095221
v 0.149783 0.010256 0.095227
v 0.130366 0.012309 0.098588
v 0.111789 0.013911 0.103145
v 0.092888 0.016580 0.108688
v 0.073366 0.020216 0.110689
v 0.157533 -0.043431 0.094078
v 0.147489 -0.046288 0.109837
v 0.130313 -0.046552 0.116581
v 0.118391 -0.048456 0.130712
v 0.102784 -0.051674 0.139903
v 0.088764 -0.054495 0.151231
v 0.096399 -0.002332 0.133369
v 0.102161 -0.002854 0.131545
v 0.100389 -0.073089 0.145140
v 0.103213 -0.028668 0.131748
v 0.082580 0.007677 0.114457
v 0.083287 0.002084 0.127077
v 0.122108 -0.006214 0.113974
v 0.146579 -0.073569 0.112531
v 0.157421 -0.013659 0.102903
v 0.154747 -0.061131 0.097205
v 0.097857 -0.060968 0.145710
v 0.114962 -0.066056 0.135490
v 0.120425 -0.031476 0.123071
v 0.092906 -0.036483 0.146215
v 0.107123 -0.040903 0.133737
v 0.121357 0.004159 0.104766
v 0.102674 0.000790 0.112292
v 0.140697 -0.000429 0.109410
v 0.139627 -0.059367 0.109441
v 0.167111 -0.014594 0.089580
v 0.169418 -0.001727 0.089772
v 0.157194 -0.027070 0.093747
v 0.112909 -0.082004 0.136740
v 0.115027 -0.016556 0.130964
v 0.091059 -0.018880 0.140542
v 0.084795 -0.045366 0.145404
v 0.130443 -0.062271 0.125696
v 0.141661 -0.025244 0.112065
v 0.164838 -0.031113 0.085243
v 0.110791 -0.008334 0.122108
v 0.085936 -0.010820 0.131606
v 0.131745 -0.081777 0.127832
v 0.149794 -0.021370 0.102978
v 0.130819 -0.021319 0.125250
v 0.135306 -0.034840 0.120452
v 0.124411 -0.071362 0.130963
v 0.139828 -0.011904 0.117807
v 0.086750 -0.070997 0.154831
v 0.081519 -0.081388 0.157035
v 0.092920 -0.080246 0.150546
v 0.149214 -0.089200 0.113606
v 0.161316 -0.091398 0.101707
v 0.142411 -0.081690 0.120185
v 0.163706 -0.053832 0.093528
v 0.081655 -0.033743 0.140029
v 0.155479 0.000760 0.104923
v 0.131793 -0.092634 0.126597
v 0.160941 -0.075951 0.099469
v 0.181611 0.023167 0.087819
v 0.185924 0.024640 0.101099
v 0.171510 0.017840 0.110452
v 0.157649 0.009863 0.119370
v 0.143277 0.001410 0.127017
v 0.129206 -0.004882 0.137211
v 0.112104 -0.005098 0.142588
v 0.095569 -0.006466 0.148213
v 0.079003 -0.006190 0.154771
v 0.074344 0.005851 0.141146
v 0.071262 0.021095 0.130394
v 0.086018 -0.000809 0.141652
v 0.086878 0.013712 0.132423
v 0.077552 0.027731 0.120114
v 0.151972 0.024216 0.104209
v 0.121575 0.011644 0.119741
v 0.140248 0.015191 0.115547
v 0.159728 0.016616 0.109454
v 0.129684 0.002946 0.125736
v 0.116421 -0.000294 0.130416
v 0.135759 0.025973 0.103614
v 0.121150 0.024081 0.109811
v 0.098017 0.022130 0.119728
v 0.110881 0.019257 0.117680
v 0.166866 0.026404 0.096632
v 0.150317 0.025029 0.090996
v 0.097429 0.010578 0.126663
v 0.069589 -0.085956 0.151528
v 0.067214 0.008442 0.119573
v 0.070441 -0.007552 0.122149
v 0.071257 -0.023319 0.127383
v 0.071296 -0.038799 0.133953
v 0.070694 -0.054445 0.140529
v 0.070382 -0.070231 0.145253
v 0.087581 -0.090283 0.142632
v 0.104586 -0.094166 0.134255
v 0.121348 -0.097619 0.124860
v 0.136836 -0.098926 0.114210
v 0.151758 -0.101605 0.102220
v -0.129741 0.018623 0.093415
v -0.124975 0.018840 0.091573
v -0.140030 0.012260 0.080397
v -0.159636 0.013977 0.083138
v -0.159186 -0.099461 0.107542
v -0.147627 -0.096396 0.117677
v -0.134781 -0.091855 0.126953
v -0.122578 -0.090653 0.137083
v -0.126481 -0.077006 0.129319
v -0.126549 -0.060539 0.124316
v -0.126731 -0.043039 0.120889
v -0.126230 -0.026191 0.116459
v -0.124159 -0.009058 0.112716
v -0.124377 0.006827 0.105839
v -0.153324 -0.010383 0.104973
v -0.157972 -0.011095 0.102574
v -0.159981 -0.073062 0.116740
v -0.159199 -0.088095 0.115452
v -0.147590 -0.080416 0.128758
v -0.166798 -0.080367 0.107032
v -0.165114 -0.023768 0.092910
v -0.168744 -0.007974 0.089051
v -0.168078 0.006428 0.078001
v -0.151854 -0.035901 0.114382
v -0.137226 -0.004375 0.102577
v -0.140213 -0.018464 0.112318
v -0.167291 -0.056744 0.108326
v -0.135758 -0.082757 0.134881
v -0.137578 -0.070035 0.124762
v -0.150619 -0.001138 0.089028
v -0.137194 -0.035420 0.115770
v -0.145634 -0.052518 0.121903
v -0.159519 -0.025546 0.107219
v -0.165598 -0.040508 0.106352
v -0.162174 0.000524 0.086172
v -0.167378 -0.035799 0.094696
v -0.136549 0.008526 0.094896
v -0.168973 -0.068740 0.103908
v -0.158000 -0.049036 0.115322
v -0.150464 -0.065309 0.124102
v -0.116594 0.012258 0.117479
v -0.116770 -0.004323 0.125765
v -0.116861 -0.022132 0.131192
v -0.116598 -0.039869 0.135381
v -0.116017 -0.058422 0.138090
v -0.115270 -0.076648 0.139561
v -0.089686 -0.048856 0.136416
v -0.091160 0.003518 0.119126
v -0.104180 -0.048454 0.136413
v -0.096237 -0.067096 0.138145
v -0.097740 -0.030084 0.132980
v -0.074260 -0.047219 0.135781
v -0.079169 -0.031020 0.133913
v -0.078041 -0.064848 0.138976
v -0.091677 0.016051 0.110085
v -0.105189 0.013893 0.108945
v -0.078971 0.010495 0.114645
v -0.088572 -0.079660 0.137566
v -0.074070 -0.079894 0.138178
v -0.102907 -0.080221 0.136361
v -0.086656 -0.013225 0.127563
v -0.074073 0.020223 0.108457
v -0.103688 -0.014278 0.126468
v -0.075534 -0.019260 0.128143
v -0.104221 -0.002056 0.119693
v -0.078252 -0.002702 0.121536
v -0.123323 -0.089441 0.129202
v -0.123617 0.005113 0.100640
v -0.122278 -0.008811 0.107381
v -0.123972 -0.025000 0.111186
v -0.123602 -0.041788 0.114435
v -0.123697 -0.057902 0.119030
v -0.123904 -0.074134 0.123531
v -0.139176 -0.094388 0.116960
v -0.153575 -0.097650 0.104705
v -0.166371 -0.107845 0.093943
v -0.129347 0.018756 0.112782
v -0.132908 0.002971 0.123758
v -0.139451 -0.010716 0.135425
v -0.150751 -0.014139 0.125111
v -0.162090 -0.008499 0.115942
v -0.173333 -0.019150 0.112490
v -0.185519 -0.023303 0.104080
v -0.183759 -0.008182 0.093762
v -0.183529 0.007281 0.083816
v -0.162550 0.011551 0.097031
v -0.144622 0.007900 0.109678
v -0.147546 0.018319 0.097961
v -0.136101 0.021345 0.101972
v -0.175210 0.003164 0.095508
v -0.173791 -0.008220 0.103712
v -0.145277 -0.004397 0.116323
v -0.154833 0.003739 0.102590
v -0.172628 0.014430 0.086525
v 0.125895 -0.191045 0.150983
v 0.137268 -0.207037 0.157267
v 0.148577 -0.223413 0.153163
v 0.160380 -0.237527 0.144178
v 0.173023 -0.248587 0.134493
v 0.171823 -0.251595 0.115295
v 0.174866 -0.253407 0.092944
v 0.181248 -0.294759 0.096662
v 0.170463 -0.295362 0.113263
v 0.165116 -0.295367 0.135574
v 0.148444 -0.295810 0.149912
v 0.128638 -0.294012 0.149827
v 0.118520 -0.295039 0.170734
v 0.100565 -0.295719 0.184011
v 0.079480 -0.296232 0.190342
v 0.060163 -0.296346 0.194276
v 0.183678 -0.315537 0.097973
v 0.173902 -0.315900 0.114932
v 0.158087 -0.314396 0.129323
v 0.146711 -0.315635 0.148974
v 0.126915 -0.314226 0.148032
v 0.117280 -0.315833 0.168989
v 0.099608 -0.317186 0.182210
v 0.080598 -0.317218 0.187261
v 0.060455 -0.317987 0.195333
v 0.042613 -0.389481 0.189440
v 0.076511 -0.356860 0.173340
v 0.051428 -0.287385 0.199043
v 0.084881 -0.251273 0.188131
v 0.063146 -0.198642 0.183830
v 0.139231 -0.357143 0.140675
v 0.188463 -0.385202 0.083233
v 0.078406 -0.377143 0.181294
v 0.058936 -0.383092 0.183250
v 0.060657 -0.251992 0.195020
v 0.056973 -0.270020 0.197207
v 0.060835 -0.184143 0.178012
v 0.048228 -0.184350 0.181719
v 0.081102 -0.189625 0.173318
v 0.055801 -0.216233 0.188868
v 0.136003 -0.374338 0.131052
v 0.163641 -0.359467 0.110457
v 0.107999 -0.361515 0.156368
v 0.077849 -0.387492 0.179784
v 0.093308 -0.378622 0.168168
v 0.064763 -0.368514 0.179392
v 0.062321 -0.350278 0.190649
v 0.054601 -0.371029 0.194019
v 0.071285 -0.359351 0.189323
v 0.048413 -0.252454 0.195672
v 0.072173 -0.264058 0.193870
v 0.138638 -0.384963 0.135160
v 0.152403 -0.377849 0.123190
v 0.123800 -0.378207 0.146596
v 0.089238 -0.366190 0.175728
v 0.052565 -0.358640 0.195891
v 0.069448 -0.281543 0.191978
v 0.095307 -0.272586 0.186620
v 0.148571 -0.365502 0.130847
v 0.125246 -0.365380 0.137425
v 0.108959 -0.379044 0.159330
v 0.099177 -0.368689 0.163964
v 0.086668 -0.263843 0.189159
v 0.085357 -0.282121 0.189377
v 0.159759 -0.366740 0.123736
v 0.167414 -0.376416 0.108776
v 0.180979 -0.379206 0.099245
v 0.114630 -0.368256 0.145665
v 0.162769 -0.381223 0.118587
v 0.054522 -0.333639 0.197005
v 0.053523 -0.307193 0.196910
v 0.090444 -0.306656 0.185801
v 0.070051 -0.306870 0.193166
v 0.120319 -0.305031 0.159808
v 0.110392 -0.305896 0.176939
v 0.137611 -0.304701 0.146158
v 0.170471 -0.305624 0.127019
v 0.156919 -0.305737 0.141351
v 0.186224 -0.330006 0.091617
v 0.176965 -0.305583 0.105242
v 0.142131 -0.264747 0.148968
v 0.164147 -0.271397 0.128887
v 0.173261 -0.274189 0.103639
v 0.184360 -0.273874 0.092505
v 0.187449 -0.304946 0.091811
v 0.089112 -0.338256 0.182859
v 0.116753 -0.233485 0.173294
v 0.148492 -0.335595 0.132389
v 0.148244 -0.350017 0.125896
v 0.048896 -0.199287 0.186272
v 0.054963 -0.234635 0.192502
v 0.071227 -0.239024 0.190599
v 0.093686 -0.230805 0.181991
v 0.085406 -0.238903 0.185778
v 0.121846 -0.339836 0.158836
v 0.123112 -0.350374 0.141478
v 0.136402 -0.341689 0.143973
v 0.117405 -0.352253 0.156378
v 0.101559 -0.342730 0.163897
v 0.098732 -0.355018 0.168065
v 0.143454 -0.329523 0.146816
v 0.109470 -0.280928 0.179875
v 0.111964 -0.257451 0.179279
v 0.098445 -0.256081 0.184909
v 0.106936 -0.268620 0.182547
v 0.184055 -0.366619 0.090045
v 0.181765 -0.348241 0.092510
v 0.177324 -0.365858 0.104520
v 0.176023 -0.351560 0.106624
v 0.165810 -0.339294 0.121236
v 0.070151 -0.333432 0.189455
v 0.140679 -0.281463 0.148543
v 0.159463 -0.279004 0.145587
v 0.124334 -0.273047 0.162647
v 0.163893 -0.282976 0.134245
v 0.163371 -0.261201 0.144017
v 0.119666 -0.282685 0.168986
v 0.128766 -0.282659 0.156522
v 0.164463 -0.249083 0.143240
v 0.153517 -0.269004 0.148591
v 0.140043 -0.243695 0.154314
v 0.166994 -0.258320 0.126129
v 0.173995 -0.286931 0.104048
v 0.168302 -0.281625 0.119207
v 0.171049 -0.261077 0.103113
v 0.090168 -0.325048 0.185281
v 0.131041 -0.223644 0.165661
v 0.107238 -0.206720 0.171086
v 0.129086 -0.238305 0.166600
v 0.128081 -0.255884 0.164428
v 0.139659 -0.231409 0.156661
v 0.117222 -0.218543 0.168715
v 0.122872 -0.205612 0.162551
v 0.102048 -0.219340 0.176209
v 0.090123 -0.205817 0.176744
v 0.075595 -0.202285 0.181390
v 0.124083 -0.325329 0.161077
v 0.109349 -0.329629 0.164835
v 0.128742 -0.330626 0.143746
v 0.088071 -0.347688 0.172239
v 0.103661 -0.241967 0.181236
v 0.192027 -0.347421 0.085510
v 0.158673 -0.349601 0.117671
v 0.171325 -0.334180 0.101763
v 0.165066 -0.327506 0.111040
v 0.161366 -0.328386 0.129208
v 0.078143 -0.345597 0.188053
v 0.150171 -0.252247 0.148691
v 0.075645 -0.220657 0.185395
v 0.089818 -0.218177 0.179664
v 0.067087 -0.211013 0.185534
v 0.064377 -0.226291 0.190022
v 0.176748 -0.323408 0.105202
v 0.108122 -0.189924 0.161188
v 0.095305 -0.192685 0.168875
v 0.093176 -0.182736 0.162134
v 0.195968 -0.320486 0.101716
v 0.185934 -0.321705 0.117562
v 0.175648 -0.323103 0.135688
v 0.161821 -0.323470 0.148385
v 0.147294 -0.324365 0.163279
v 0.132134 -0.324703 0.177751
v 0.116038 -0.324453 0.187546
v 0.098556 -0.324792 0.199496
v 0.078401 -0.324602 0.205323
v 0.060076 -0.324009 0.209870
v 0.045969 -0.391575 0.201448
v 0.102479 -0.363625 0.184607
v 0.067954 -0.352025 0.206571
v 0.050334 -0.333647 0.209744
v 0.054397 -0.347750 0.209606
v 0.065306 -0.337475 0.208211
v 0.164542 -0.361380 0.137678
v 0.190929 -0.371113 0.109968
v 0.197575 -0.385575 0.089673
v 0.196511 -0.373481 0.095065
v 0.191696 -0.385161 0.105357
v 0.199380 -0.328921 0.090428
v 0.100838 -0.383203 0.182400
v 0.133633 -0.365255 0.161581
v 0.121311 -0.347807 0.178796
v 0.088048 -0.343305 0.200683
v 0.151636 -0.346648 0.153365
v 0.162482 -0.381114 0.136095
v 0.179289 -0.344276 0.123870
v 0.190250 -0.338000 0.108189
v 0.097359 -0.392289 0.175959
v 0.116736 -0.385721 0.172160
v 0.083251 -0.386149 0.192317
v 0.064635 -0.385960 0.201636
v 0.122295 -0.334560 0.180244
v 0.077192 -0.336597 0.205583
v 0.167018 -0.340017 0.140142
v 0.155096 -0.334035 0.157946
v 0.136268 -0.340711 0.164324
v 0.157986 -0.390208 0.131560
v 0.176680 -0.382670 0.122352
v 0.147221 -0.383592 0.147174
v 0.179480 -0.331696 0.124051
v 0.110567 -0.372809 0.177355
v 0.123258 -0.372407 0.168306
v 0.114581 -0.360367 0.177833
v 0.134188 -0.380974 0.160043
v 0.091649 -0.374740 0.191334
v 0.089638 -0.359395 0.197509
v 0.172275 -0.370494 0.128296
v 0.174976 -0.356586 0.126994
v 0.182859 -0.365846 0.119465
v 0.192363 -0.354328 0.109905
v 0.154782 -0.370795 0.143923
v 0.153293 -0.358009 0.145906
v 0.124271 -0.387474 0.161966
v 0.075814 -0.370994 0.199535
v 0.198444 -0.344626 0.096188
v 0.143391 -0.372486 0.154083
v 0.076806 -0.359870 0.203678
v 0.056804 -0.369596 0.208193
v 0.045627 -0.372777 0.204404
v 0.051476 -0.359513 0.209954
v 0.129974 -0.353435 0.166002
v 0.141710 -0.355065 0.158386
v 0.196878 -0.360205 0.097507
v 0.053466 -0.382528 0.205755
v 0.104133 -0.346120 0.191073
v 0.106118 -0.333300 0.193906
v 0.196551 -0.294531 0.103775
v 0.189168 -0.295925 0.121082
v 0.180992 -0.297797 0.141244
v 0.166095 -0.297794 0.152877
v 0.150440 -0.298256 0.166998
v 0.134085 -0.298853 0.180318
v 0.117117 -0.298878 0.192871
v 0.100231 -0.298613 0.201520
v 0.079783 -0.298382 0.207127
v 0.060944 -0.297659 0.209779
v 0.069484 -0.311250 0.207635
v 0.107617 -0.312026 0.195934
v 0.089672 -0.311473 0.201695
v 0.125076 -0.311647 0.183981
v 0.141448 -0.311055 0.170717
v 0.157609 -0.311338 0.161015
v 0.172116 -0.310597 0.145274
v 0.192293 -0.308326 0.111357
v 0.185278 -0.310048 0.131789
v 0.055067 -0.310662 0.208679
v 0.199233 -0.307168 0.098667
v -0.121425 -0.188776 0.165608
v -0.131580 -0.205765 0.170634
v -0.141636 -0.222022 0.167391
v -0.152749 -0.235373 0.155121
v -0.158116 -0.243357 0.135028
v -0.158194 -0.248496 0.116270
v -0.168719 -0.249904 0.096778
v -0.173291 -0.291370 0.099874
v -0.160429 -0.293081 0.117885
v -0.160239 -0.292247 0.137771
v -0.141736 -0.291153 0.147854
v -0.129496 -0.294924 0.166802
v -0.109754 -0.295793 0.176636
v -0.090845 -0.295920 0.182482
v -0.069475 -0.296498 0.187759
v -0.049892 -0.296544 0.190532
v -0.175264 -0.312194 0.100863
v -0.161826 -0.313628 0.118112
v -0.157642 -0.312453 0.137534
v -0.141267 -0.311735 0.151799
v -0.121245 -0.312156 0.156364
v -0.109938 -0.316592 0.171928
v -0.090319 -0.317309 0.181701
v -0.069093 -0.317777 0.187190
v -0.049859 -0.317890 0.191770
v -0.181754 -0.381883 0.088009
v -0.155950 -0.351158 0.114973
v -0.119697 -0.353526 0.158182
v -0.067845 -0.356604 0.171897
v -0.034196 -0.388975 0.187741
v -0.070901 -0.213438 0.184853
v -0.055707 -0.269767 0.190284
v -0.039622 -0.287794 0.196401
v -0.162608 -0.369767 0.117924
v -0.174439 -0.373178 0.103457
v -0.115546 -0.369891 0.147411
v -0.071309 -0.374578 0.183186
v -0.052292 -0.379455 0.189547
v -0.049341 -0.216531 0.187718
v -0.069755 -0.191879 0.178292
v -0.039882 -0.270499 0.196640
v -0.048818 -0.251421 0.194143
v -0.159448 -0.380869 0.116061
v -0.146330 -0.372036 0.127828
v -0.163190 -0.361572 0.104862
v -0.171915 -0.342403 0.101853
v -0.176622 -0.360613 0.093098
v -0.168182 -0.351925 0.109549
v -0.116907 -0.380650 0.149884
v -0.101772 -0.374793 0.161201
v -0.068868 -0.384407 0.177477
v -0.056976 -0.367756 0.179691
v -0.039053 -0.367881 0.186522
v -0.035031 -0.218179 0.186050
v -0.041317 -0.199885 0.184737
v -0.154656 -0.359712 0.128393
v -0.181165 -0.349752 0.094874
v -0.106128 -0.361719 0.157754
v -0.038058 -0.186365 0.178770
v -0.054981 -0.189559 0.178013
v -0.058656 -0.204245 0.184260
v -0.134949 -0.358944 0.139867
v -0.089260 -0.362027 0.175159
v -0.133649 -0.374403 0.140115
v -0.087174 -0.378179 0.171862
v -0.178788 -0.326811 0.094922
v -0.162921 -0.302773 0.128377
v -0.131518 -0.301154 0.150223
v -0.151314 -0.302041 0.148208
v -0.166766 -0.302636 0.106126
v -0.179536 -0.301476 0.095151
v -0.163357 -0.270524 0.110666
v -0.175592 -0.270578 0.096259
v -0.169143 -0.279732 0.102856
v -0.167985 -0.261641 0.099884
v -0.140470 -0.264036 0.163572
v -0.119491 -0.305936 0.169296
v -0.099712 -0.306754 0.178610
v -0.059939 -0.306987 0.190628
v -0.080853 -0.306835 0.184780
v -0.042083 -0.333284 0.194936
v -0.055215 -0.351323 0.192588
v -0.050011 -0.360232 0.186253
v -0.042689 -0.347087 0.193643
v -0.041143 -0.359086 0.197590
v -0.041073 -0.307331 0.194072
v -0.159981 -0.332823 0.127452
v -0.110827 -0.333607 0.156191
v -0.107038 -0.346543 0.166387
v -0.100725 -0.356651 0.168005
v -0.093021 -0.338050 0.172495
v -0.088331 -0.351930 0.167188
v -0.100283 -0.338960 0.159664
v -0.101803 -0.209614 0.178902
v -0.059561 -0.284754 0.187681
v -0.084964 -0.269531 0.186684
v -0.074155 -0.282416 0.187933
v -0.045467 -0.234200 0.190908
v -0.062397 -0.229051 0.190019
v -0.090412 -0.234006 0.183257
v -0.076026 -0.227167 0.186853
v -0.087949 -0.215004 0.181124
v -0.088931 -0.197521 0.179267
v -0.075700 -0.202650 0.182617
v -0.082967 -0.187176 0.169725
v -0.104533 -0.192870 0.173427
v -0.115486 -0.204103 0.175807
v -0.119175 -0.228760 0.175743
v -0.112675 -0.216670 0.177571
v -0.103346 -0.228067 0.180623
v -0.107954 -0.255614 0.180597
v -0.101973 -0.242374 0.181437
v -0.092518 -0.255491 0.184879
v -0.072210 -0.247330 0.190640
v -0.095227 -0.187031 0.167236
v -0.122841 -0.359985 0.145203
v -0.135424 -0.337026 0.144645
v -0.144442 -0.345407 0.127826
v -0.145864 -0.353669 0.135792
v -0.147233 -0.332539 0.135380
v -0.141685 -0.325395 0.147969
v -0.127015 -0.327283 0.156399
v -0.154897 -0.342717 0.122730
v -0.126588 -0.340586 0.154053
v -0.135812 -0.348676 0.148346
v -0.076559 -0.363094 0.178989
v -0.167324 -0.327663 0.108039
v -0.159528 -0.276466 0.127649
v -0.153515 -0.253975 0.153850
v -0.159135 -0.260642 0.135151
v -0.139474 -0.280615 0.160864
v -0.120880 -0.273395 0.173980
v -0.153827 -0.272328 0.152872
v -0.128113 -0.282897 0.170278
v -0.135426 -0.243614 0.170936
v -0.146967 -0.245643 0.161055
v -0.060939 -0.334217 0.188179
v -0.080927 -0.332641 0.185473
v -0.068270 -0.347095 0.186840
v -0.079800 -0.344611 0.175794
v -0.162140 -0.320286 0.128834
v -0.111421 -0.320162 0.159490
v -0.099315 -0.326033 0.177571
v -0.100758 -0.279191 0.181522
v -0.100188 -0.265961 0.182759
v -0.129005 -0.219249 0.172154
v -0.085953 -0.245404 0.185823
v -0.061609 -0.256843 0.190947
v -0.069234 -0.268165 0.189514
v -0.059525 -0.242323 0.192378
v -0.166696 -0.338757 0.115149
v -0.160654 -0.280935 0.116457
v -0.160603 -0.279304 0.140517
v -0.143427 -0.234448 0.167380
v -0.126905 -0.257622 0.173258
v -0.119934 -0.244284 0.175468
v -0.102501 -0.328166 0.166602
v -0.088773 -0.283216 0.184262
v -0.113135 -0.282981 0.175401
v -0.157247 -0.262110 0.120798
v -0.189518 -0.316933 0.107279
v -0.180031 -0.318275 0.123360
v -0.170806 -0.320012 0.142675
v -0.156959 -0.320856 0.158127
v -0.140889 -0.321022 0.167819
v -0.124121 -0.321978 0.180183
v -0.105946 -0.322638 0.190665
v -0.088467 -0.322558 0.197536
v -0.068519 -0.322861 0.203718
v -0.050078 -0.322715 0.207311
v -0.192800 -0.382961 0.095917
v -0.158338 -0.358125 0.142701
v -0.183493 -0.343918 0.113173
v -0.192019 -0.325896 0.097151
v -0.190956 -0.339197 0.101652
v -0.184932 -0.330384 0.110160
v -0.112331 -0.361311 0.179462
v -0.037251 -0.390561 0.201748
v -0.059335 -0.350334 0.207563
v -0.038659 -0.332651 0.207722
v -0.054970 -0.336378 0.207233
v -0.044871 -0.347576 0.207814
v -0.142306 -0.373889 0.153028
v -0.145796 -0.343760 0.159208
v -0.172919 -0.373021 0.128476
v -0.185452 -0.376831 0.113871
v -0.173165 -0.337247 0.131295
v -0.109950 -0.380712 0.175576
v -0.096230 -0.345981 0.192947
v -0.077641 -0.373428 0.197926
v -0.138939 -0.386148 0.150094
v -0.147776 -0.330863 0.161783
v -0.132026 -0.339433 0.175622
v -0.167877 -0.383638 0.123576
v -0.156890 -0.379302 0.141085
v -0.178505 -0.329882 0.120468
v -0.106146 -0.389372 0.168600
v -0.092518 -0.383800 0.185289
v -0.125741 -0.381117 0.163883
v -0.097214 -0.332241 0.194224
v -0.078027 -0.339991 0.202826
v -0.074812 -0.386922 0.191195
v -0.057811 -0.384952 0.204329
v -0.101178 -0.372461 0.185291
v -0.100667 -0.359207 0.190944
v -0.089353 -0.368137 0.191905
v -0.077754 -0.357238 0.200850
v -0.121290 -0.371577 0.172882
v -0.127171 -0.355629 0.172822
v -0.133404 -0.365278 0.162199
v -0.138358 -0.353949 0.162765
v -0.180999 -0.360581 0.117559
v -0.170075 -0.356618 0.129333
v -0.191083 -0.363480 0.103145
v -0.164486 -0.346516 0.137270
v -0.157724 -0.336072 0.147103
v -0.192963 -0.350910 0.100706
v -0.153055 -0.347425 0.147765
v -0.152593 -0.368445 0.146685
v -0.163441 -0.368292 0.138516
v -0.066946 -0.334880 0.204854
v -0.043911 -0.372232 0.204880
v -0.050179 -0.359985 0.208765
v -0.063850 -0.364745 0.202783
v -0.175654 -0.347172 0.123104
v -0.166915 -0.331628 0.140204
v -0.147713 -0.360343 0.154895
v -0.114814 -0.343143 0.183062
v -0.114474 -0.330977 0.186707
v -0.187842 -0.290880 0.107892
v -0.181021 -0.292199 0.125583
v -0.173910 -0.294292 0.146328
v -0.158912 -0.295160 0.161523
v -0.142992 -0.295351 0.171715
v -0.126279 -0.295845 0.183603
v -0.107586 -0.296403 0.193743
v -0.089648 -0.296222 0.199698
v -0.069117 -0.296512 0.204607
v -0.048275 -0.296647 0.207123
v -0.184839 -0.304470 0.115949
v -0.165957 -0.307343 0.151328
v -0.176921 -0.306306 0.136145
v -0.150409 -0.308216 0.165588
v -0.133401 -0.309048 0.177678
v -0.116167 -0.308971 0.185279
v -0.097513 -0.309576 0.194794
v -0.059697 -0.309440 0.206203
v -0.078230 -0.309613 0.202719
v -0.190606 -0.303480 0.102870
v -0.043261 -0.309576 0.207194
v 0.015307 0.159992 0.047424
v -0.021909 0.158909 0.049797
v 0.003961 0.156923 0.053755
v -0.012450 0.157587 0.058568
v 0.038060 0.198117 -0.081872
v 0.062895 0.201290 -0.062106
v 0.007581 0.197399 -0.084526
v -0.023616 0.197420 -0.080799
v -0.057813 0.195479 -0.056587
v 0.024674 0.189313 -0.090015
v 0.040089 0.182874 -0.082989
v 0.066785 0.186088 -0.049728
v 0.071676 0.191302 -0.066370
v 0.008234 0.184490 -0.091953
v -0.025443 0.185596 -0.089744
v -0.069785 0.190337 -0.066640
v 0.026735 0.180764 -0.096761
v 0.052688 0.191457 -0.068636
v 0.074318 0.178030 -0.053775
v -0.042565 0.190715 -0.079131
v -0.008082 0.193352 -0.091176
v -0.075597 0.186698 -0.045925
v 0.057241 0.182408 -0.077306
v -0.032847 0.193833 -0.086696
v -0.043379 0.182320 -0.088823
v -0.056832 0.183151 -0.076000
v -0.008424 0.182010 -0.097566
v -0.066770 0.188383 -0.053872
v -0.072847 0.175913 -0.054946
v -0.056201 0.200395 -0.073423
v -0.052476 0.209521 -0.061127
v -0.039040 0.208037 -0.074634
v -0.052378 0.210986 -0.074234
v 0.051243 0.162375 0.028692
v 0.071680 0.181858 -0.012237
v -0.067210 0.177630 -0.010614
v -0.051648 0.164268 0.019168
v 0.029128 0.145846 0.053283
v 0.027722 0.170918 0.044035
v 0.030908 0.158142 0.048741
v 0.041865 0.148094 0.039004
v 0.043504 0.166719 0.042169
v 0.053307 0.176212 0.033578
v 0.042581 0.177660 0.038287
v -0.031092 0.170177 0.042312
v -0.045173 0.172813 0.031514
v -0.038707 0.151640 0.035564
v -0.032525 0.159666 0.042852
v -0.041475 0.161275 0.027701
v -0.048294 0.149595 0.022527
v -0.058451 0.154463 0.010766
v -0.062689 0.169138 0.005322
v -0.043509 0.141311 0.031014
v -0.031201 0.139629 0.041688
v -0.055718 0.179261 0.016945
v -0.068990 0.164028 -0.005736
v -0.068329 0.153834 0.002040
v -0.076809 0.169888 -0.019474
v -0.080832 0.191715 -0.027637
v -0.078626 0.182416 -0.018403
v -0.070119 0.191831 -0.011707
v -0.086023 0.182968 -0.032341
v -0.063271 0.186248 0.002853
v -0.071893 0.182692 -0.031887
v -0.065237 0.197485 -0.028231
v -0.078732 0.173906 -0.038935
v -0.076968 0.203050 -0.025947
v 0.027651 0.211175 -0.076443
v 0.046679 0.211751 -0.072621
v 0.051386 0.209176 -0.056168
v 0.042986 0.199606 -0.069502
v 0.067205 0.204821 -0.044084
v 0.010133 0.213508 -0.083382
v 0.018726 0.205564 -0.085668
v -0.010073 0.210132 -0.085880
v 0.069277 0.176537 -0.033362
v 0.063026 0.191568 -0.034547
v 0.070198 0.169219 -0.019364
v 0.060799 0.195567 -0.045719
v 0.063449 0.204527 -0.030009
v 0.069156 0.194435 -0.020097
v 0.066484 0.192983 -0.004771
v 0.065266 0.183246 -0.024581
v 0.063286 0.173777 0.012486
v 0.050352 0.173382 0.018989
v 0.057171 0.185688 0.011080
v 0.052856 0.185325 0.024749
v 0.067289 0.182800 0.004417
v 0.066037 0.165342 -0.002108
v 0.067141 0.160695 0.012375
v 0.053014 0.161629 0.015639
v 0.049400 0.148995 0.025503
v -0.027513 0.217127 -0.076001
v 0.033737 0.135873 0.056549
v 0.014223 0.138921 0.051380
v 0.042550 0.137556 0.040394
v -0.016775 0.139037 0.049689
v -0.024973 0.147751 0.046645
v 0.059694 0.211721 -0.047838
v 0.025862 0.196670 -0.080668
v -0.003223 0.202689 -0.088218
v -0.009017 0.220891 -0.081434
v -0.020317 0.208502 -0.079576
v -0.068149 0.199404 -0.044857
v -0.061637 0.209461 -0.041413
f 67 68 4
f 66 67 5
f 68 1 2
f 7 64 65
f 8 63 64
f 63 9 62
f 62 10 61
f 11 60 61
f 13 58 59
f 59 60 12
f 15 56 57
f 54 18 53
f 55 17 54
f 14 57 58
f 16 55 56
f 52 53 19
f 20 51 52
f 22 49 50
f 49 23 48
f 25 46 47
f 26 45 46
f 24 47 48
f 44 45 27
f 29 42 43
f 30 41 42
f 28 43 44
f 31 39 40
f 33 37 38
f 34 36 37
f 32 38 39
f 40 41 30
f 50 51 21
f 65 66 6
f 2 3 68
f 5 67 4
f 5 6 66
f 7 8 64
f 9 10 62
f 63 8 9
f 68 3 4
f 11 61 10
f 13 59 12
f 58 13 14
f 15 57 14
f 54 17 18
f 18 19 53
f 16 56 15
f 60 11 12
f 65 6 7
f 20 52 19
f 22 50 21
f 49 22 23
f 25 47 24
f 26 27 45
f 48 23 24
f 20 21 51
f 28 29 43
f 31 40 30
f 44 27 28
f 32 39 31
f 34 35 36
f 37 33 34
f 33 38 32
f 42 29 30
f 26 46 25
f 16 17 55
f 562 443 561
f 168 184 187
f 390 389 387
f 667 709 665
f 261 151 149
f 130 175 129
f 331 424 535
f 83 84 522
f 200 141 199
f 526 82 83
f 75 442 74
f 276 279 278
f 447 454 450
f 354 442 443
f 76 75 381
f 233 243 231
f 108 204 107
f 661 662 564
f 293 285 413
f 557 354 650
f 426 535 425
f 180 144 201
f 91 92 248
f 177 192 193
f 180 182 202
f 249 246 247
f 253 249 333
f 936 939 194
f 225 237 238
f 530 684 620
f 211 197 172
f 249 253 246
f 252 88 89
f 357 280 450
f 226 239 240
f 247 252 89
f 421 532 531
f 262 149 263
f 248 249 247
f 936 140 937
f 89 90 247
f 616 529 615
f 364 365 299
f 331 87 88
f 170 192 191
f 170 193 192
f 191 131 132
f 611 614 81
f 69 70 270
f 197 195 172
f 284 169 206
f 181 166 180
f 268 273 272
f 275 277 278
f 353 439 440
f 271 273 181
f 201 144 145
f 267 148 150
f 281 206 173
f 270 271 181
f 180 143 144
f 139 208 138
f 123 267 150
f 279 356 278
f 199 141 142
f 162 126 152
f 272 438 268
f 226 161 224
f 142 143 202
f 149 162 152
f 148 264 164
f 208 297 138
f 297 137 138
f 204 184 185
f 176 152 175
f 134 189 133
f 226 224 234
f 290 294 287
f 190 170 189
f 267 123 124
f 189 191 133
f 133 191 132
f 270 181 201
f 175 163 176
f 166 274 275
f 130 131 174
f 203 111 227
f 148 267 261
f 127 175 152
f 356 199 182
f 263 266 262
f 70 271 270
f 141 200 937
f 228 227 188
f 939 936 938
f 182 180 166
f 617 534 683
f 196 195 117
f 268 438 554
f 196 117 118
f 103 543 102
f 634 630 534
f 137 297 136
f 196 210 300
f 258 340 105
f 543 544 433
f 174 191 163
f 105 435 104
f 258 259 256
f 190 207 170
f 192 163 191
f 91 90 259
f 300 224 161
f 385 387 321
f 256 260 255
f 89 256 90
f 263 176 178
f 259 258 106
f 193 170 295
f 346 257 344
f 152 176 149
f 134 190 189
f 84 546 85
f 257 341 342
f 940 193 159
f 372 368 371
f 591 678 79
f 587 82 81
f 298 136 297
f 348 351 343
f 229 287 183
f 178 176 163
f 77 467 78
f 591 467 469
f 303 306 379
f 149 151 162
f 303 74 73
f 125 162 151
f 168 218 221
f 381 468 590
f 192 177 178
f 78 591 79
f 189 170 191
f 343 550 346
f 295 207 159
f 111 203 110
f 153 119 120
f 210 196 209
f 217 215 216
f 109 187 184
f 125 151 124
f 172 195 196
f 198 114 115
f 289 292 308
f 153 120 150
f 129 175 128
f 125 126 162
f 126 127 152
f 184 168 185
f 109 205 187
f 150 121 122
f 123 150 122
f 205 203 213
f 70 155 302
f 120 121 150
f 218 220 221
f 183 294 215
f 116 117 195
f 131 191 174
f 169 284 283
f 222 221 219
f 72 230 232
f 204 302 155
f 205 109 110
f 163 175 174
f 155 69 107
f 183 203 229
f 155 107 204
f 119 153 209
f 195 197 116
f 115 116 197
f 153 150 148
f 128 175 127
f 155 70 69
f 175 130 174
f 186 215 217
f 153 148 164
f 109 184 108
f 377 157 216
f 207 364 159
f 113 188 112
f 114 223 113
f 72 232 73
f 198 206 223
f 190 134 135
f 426 85 86
f 163 192 178
f 215 186 213
f 118 209 196
f 153 210 209
f 172 300 211
f 198 197 173
f 197 198 115
f 198 173 206
f 199 142 202
f 179 357 199
f 358 280 357
f 936 194 208
f 270 201 145
f 180 201 181
f 180 202 143
f 199 202 182
f 111 112 227
f 213 203 183
f 184 204 108
f 204 185 302
f 203 205 110
f 187 205 186
f 169 188 206
f 188 113 223
f 362 207 190
f 296 363 365
f 936 208 139
f 297 194 363
f 119 209 118
f 210 153 164
f 224 210 164
f 300 161 211
f 240 211 161
f 173 197 211
f 188 169 228
f 288 212 228
f 287 294 183
f 205 213 186
f 373 376 301
f 168 187 217
f 183 215 213
f 216 215 214
f 373 216 214
f 216 218 217
f 186 217 187
f 218 216 157
f 157 220 218
f 168 217 218
f 233 219 220
f 222 230 71
f 219 233 231
f 221 220 219
f 219 230 222
f 168 221 185
f 70 222 71
f 221 222 302
f 198 223 114
f 188 223 206
f 147 234 164
f 234 236 237
f 382 307 308
f 225 239 226
f 224 164 234
f 239 225 311
f 188 227 112
f 227 212 229
f 288 228 169
f 227 228 212
f 227 229 203
f 212 288 287
f 219 231 232
f 71 230 72
f 418 243 244
f 232 303 73
f 219 232 230
f 232 231 303
f 157 326 220
f 242 243 418
f 234 147 236
f 226 234 237
f 147 264 262
f 266 235 262
f 262 236 147
f 237 236 235
f 238 237 235
f 237 225 226
f 368 366 367
f 146 309 238
f 282 158 281
f 173 211 240
f 226 240 161
f 240 239 282
f 389 313 387
f 75 379 381
f 326 243 233
f 380 242 305
f 243 326 244
f 243 242 304
f 216 373 377
f 241 378 327
f 627 101 102
f 588 748 587
f 94 95 334
f 251 334 336
f 248 247 90
f 246 250 252
f 91 248 90
f 248 92 249
f 92 93 249
f 333 93 94
f 429 332 427
f 88 250 331
f 97 528 96
f 623 770 622
f 246 252 247
f 88 252 250
f 333 249 93
f 536 253 251
f 352 548 345
f 639 638 644
f 256 341 260
f 346 550 553
f 341 89 88
f 256 255 258
f 87 342 88
f 345 348 347
f 340 258 255
f 105 106 258
f 91 259 106
f 90 256 259
f 341 256 89
f 346 260 257
f 262 261 149
f 264 261 262
f 176 263 149
f 236 262 235
f 178 177 263
f 940 266 177
f 164 264 147
f 148 261 264
f 940 265 266
f 370 159 364
f 177 266 263
f 266 265 371
f 124 151 267
f 267 151 261
f 439 72 73
f 166 273 274
f 563 77 78
f 404 395 396
f 69 270 145
f 271 70 71
f 272 271 71
f 271 272 273
f 71 72 272
f 438 272 72
f 274 273 268
f 166 181 273
f 274 268 554
f 274 154 275
f 275 154 277
f 166 275 278
f 651 154 441
f 572 569 806
f 654 154 651
f 278 277 276
f 807 279 276
f 278 182 166
f 358 279 165
f 279 358 356
f 280 358 446
f 397 448 160
f 282 281 173
f 281 158 283
f 240 282 173
f 282 239 382
f 292 283 158
f 288 169 291
f 206 281 284
f 283 284 281
f 316 318 319
f 285 310 318
f 286 288 291
f 290 286 293
f 212 287 229
f 290 287 286
f 291 169 283
f 287 288 286
f 308 292 158
f 285 293 361
f 286 361 293
f 290 167 294
f 292 291 283
f 361 291 289
f 158 382 308
f 291 292 289
f 383 396 316
f 290 293 462
f 455 294 167
f 215 294 214
f 193 295 159
f 170 207 295
f 190 135 298
f 296 297 363
f 194 297 208
f 296 362 298
f 136 298 135
f 296 298 297
f 160 391 397
f 299 370 364
f 196 300 172
f 224 300 210
f 214 374 373
f 456 327 575
f 221 302 185
f 70 302 222
f 304 231 243
f 231 304 303
f 305 242 378
f 303 304 306
f 470 305 378
f 379 75 74
f 304 380 306
f 471 306 380
f 311 238 309
f 289 310 285
f 311 309 314
f 289 308 310
f 312 314 315
f 311 314 307
f 308 307 314
f 310 308 312
f 239 311 307
f 238 311 225
f 146 315 309
f 320 315 146
f 402 388 573
f 413 285 401
f 315 314 309
f 308 314 312
f 367 317 320
f 321 316 319
f 310 319 318
f 313 403 404
f 405 406 398
f 321 313 383
f 319 310 312
f 401 316 396
f 315 323 312
f 322 315 320
f 146 368 367
f 321 319 323
f 321 323 322
f 390 387 384
f 320 317 322
f 317 386 385
f 312 323 319
f 315 322 323
f 481 484 419
f 695 696 349
f 477 241 327
f 674 675 819
f 220 326 233
f 457 326 157
f 375 576 575
f 478 479 481
f 964 966 952
f 526 83 522
f 761 623 431
f 251 333 334
f 424 332 330
f 330 430 432
f 332 331 250
f 332 424 331
f 246 427 250
f 684 537 336
f 334 333 94
f 253 333 251
f 621 533 95
f 334 620 336
f 330 332 430
f 332 250 427
f 532 621 528
f 336 536 251
f 638 618 636
f 627 433 628
f 436 549 345
f 587 589 677
f 346 255 260
f 433 544 625
f 648 255 346
f 340 339 435
f 342 341 88
f 260 341 257
f 86 548 352
f 348 350 351
f 257 342 344
f 344 347 343
f 352 347 342
f 344 343 346
f 87 352 342
f 436 86 85
f 343 551 550
f 340 255 648
f 342 347 344
f 345 549 348
f 348 338 350
f 343 347 348
f 691 549 434
f 695 349 350
f 338 691 695
f 350 349 351
f 254 551 349
f 351 349 551
f 86 352 87
f 347 352 345
f 440 73 74
f 441 154 274
f 561 442 75
f 555 441 554
f 709 563 564
f 733 743 746
f 199 356 179
f 278 356 182
f 199 357 200
f 358 357 179
f 358 179 356
f 446 358 165
f 567 359 570
f 729 726 732
f 938 357 450
f 446 447 450
f 291 361 286
f 285 361 289
f 298 362 190
f 369 362 296
f 939 363 194
f 369 364 207
f 369 296 365
f 317 460 405
f 363 171 365
f 407 171 449
f 146 238 368
f 366 372 159
f 146 367 320
f 366 370 460
f 238 235 368
f 371 368 235
f 369 207 362
f 365 364 369
f 299 405 460
f 159 370 366
f 266 371 235
f 372 371 265
f 372 265 940
f 366 368 372
f 374 214 455
f 377 373 576
f 290 462 167
f 410 376 374
f 576 456 575
f 326 457 244
f 373 374 376
f 461 579 374
f 576 373 301
f 377 375 457
f 378 242 418
f 470 378 241
f 303 379 74
f 381 379 306
f 242 380 304
f 380 305 471
f 305 470 471
f 473 472 468
f 282 382 158
f 239 307 382
f 389 403 313
f 316 321 383
f 322 385 321
f 384 385 386
f 317 385 322
f 387 385 384
f 317 405 386
f 449 448 393
f 391 388 390
f 321 387 313
f 605 602 598
f 458 520 400
f 717 670 566
f 402 389 388
f 391 390 384
f 389 390 388
f 398 397 391
f 391 160 574
f 710 355 669
f 495 498 488
f 386 398 384
f 393 398 406
f 482 511 521
f 374 578 461
f 513 516 515
f 318 316 401
f 404 383 313
f 318 401 285
f 398 391 384
f 447 359 451
f 398 386 405
f 393 397 398
f 568 160 451
f 712 672 815
f 400 403 402
f 520 459 608
f 395 408 396
f 401 396 408
f 567 568 359
f 402 670 458
f 402 403 389
f 404 403 400
f 404 400 609
f 404 396 383
f 460 317 367
f 405 299 406
f 299 365 406
f 407 365 171
f 393 406 407
f 365 407 406
f 395 412 408
f 408 465 401
f 412 395 580
f 376 410 301
f 582 409 581
f 586 480 410
f 413 465 411
f 464 411 465
f 519 520 608
f 412 409 464
f 465 413 401
f 293 413 411
f 777 773 775
f 434 547 690
f 77 590 467
f 594 415 475
f 489 487 241
f 472 474 475
f 752 750 751
f 466 587 748
f 575 418 244
f 378 418 327
f 490 491 485
f 494 497 492
f 426 610 85
f 919 682 931
f 528 615 531
f 335 537 684
f 631 422 632
f 804 693 788
f 432 542 330
f 522 84 525
f 330 425 424
f 535 426 86
f 542 425 330
f 426 425 423
f 426 423 610
f 535 86 87
f 246 253 536
f 336 537 536
f 541 432 539
f 429 430 332
f 536 429 427
f 429 428 430
f 538 539 540
f 770 687 688
f 432 430 539
f 760 538 822
f 430 428 539
f 432 622 542
f 103 104 544
f 433 337 628
f 83 645 84
f 547 434 546
f 340 435 105
f 544 435 339
f 546 436 85
f 549 436 434
f 552 649 647
f 433 625 337
f 439 438 72
f 438 353 554
f 440 439 73
f 438 439 353
f 442 440 74
f 555 556 560
f 555 353 440
f 555 560 441
f 561 75 76
f 440 442 354
f 562 76 77
f 557 558 269
f 661 563 78
f 660 659 657
f 612 611 82
f 764 328 766
f 446 165 571
f 446 359 447
f 447 451 448
f 448 449 454
f 397 393 448
f 407 449 393
f 939 449 171
f 454 360 450
f 450 360 938
f 446 450 280
f 568 567 453
f 160 448 451
f 567 452 671
f 712 815 577
f 567 671 453
f 391 574 388
f 448 454 447
f 449 360 454
f 294 455 214
f 578 455 167
f 410 480 301
f 327 478 477
f 377 457 157
f 575 457 375
f 458 399 711
f 400 402 458
f 711 672 679
f 608 518 519
f 366 460 367
f 299 460 370
f 578 462 461
f 579 461 409
f 293 411 462
f 462 411 464
f 503 502 483
f 580 581 412
f 409 461 464
f 462 464 461
f 408 412 465
f 464 465 412
f 588 587 81
f 690 547 771
f 77 76 590
f 467 415 469
f 468 381 473
f 415 467 468
f 475 476 594
f 417 593 592
f 488 596 486
f 471 470 416
f 471 416 472
f 381 306 471
f 474 472 416
f 415 468 472
f 381 471 473
f 472 473 471
f 416 487 596
f 475 474 325
f 475 325 476
f 472 475 415
f 488 498 325
f 592 476 417
f 478 327 456
f 477 419 489
f 479 478 456
f 419 477 478
f 301 479 456
f 481 479 156
f 156 479 480
f 301 480 479
f 483 484 490
f 478 481 419
f 485 512 503
f 907 739 863
f 510 509 493
f 487 416 470
f 491 481 156
f 484 483 492
f 583 480 586
f 516 507 515
f 493 495 499
f 474 488 325
f 470 241 487
f 241 477 489
f 474 416 596
f 495 488 486
f 497 419 484
f 487 489 494
f 484 481 491
f 490 485 503
f 491 156 583
f 484 491 490
f 501 500 492
f 494 492 486
f 492 500 486
f 498 493 508
f 487 494 486
f 489 419 497
f 483 501 492
f 495 493 498
f 496 501 502
f 502 511 496
f 492 497 484
f 489 497 494
f 509 504 508
f 476 325 505
f 500 495 486
f 499 496 510
f 496 499 500
f 500 499 495
f 502 501 483
f 496 500 501
f 483 490 503
f 521 511 502
f 507 512 515
f 503 517 521
f 752 753 749
f 750 476 505
f 325 498 505
f 498 508 751
f 969 962 963
f 509 510 945
f 598 601 600
f 512 517 503
f 509 508 493
f 752 751 504
f 499 510 493
f 509 324 820
f 496 597 510
f 597 942 510
f 961 511 482
f 511 506 597
f 515 512 585
f 517 512 603
f 491 583 585
f 581 409 412
f 517 603 514
f 603 602 514
f 585 512 485
f 513 584 516
f 463 518 516
f 518 599 516
f 603 512 507
f 514 965 521
f 518 463 519
f 599 518 394
f 580 519 463
f 609 519 395
f 459 520 458
f 609 520 519
f 503 521 502
f 514 521 517
f 610 525 85
f 527 526 522
f 425 542 423
f 420 522 523
f 524 758 613
f 613 565 681
f 85 525 84
f 523 522 525
f 527 522 420
f 524 611 612
f 682 527 420
f 524 526 527
f 615 97 98
f 528 531 532
f 616 98 99
f 639 421 531
f 619 530 532
f 533 334 95
f 615 528 97
f 529 642 639
f 619 532 421
f 530 533 621
f 621 95 96
f 620 533 530
f 101 627 629
f 616 618 529
f 331 535 87
f 425 535 424
f 429 536 428
f 246 536 427
f 540 537 335
f 428 536 537
f 619 685 335
f 899 824 686
f 540 539 428
f 539 538 541
f 537 540 428
f 335 685 822
f 763 541 538
f 431 432 541
f 622 432 431
f 610 624 523
f 544 543 103
f 627 543 433
f 435 544 104
f 648 339 340
f 545 635 633
f 101 629 100
f 546 84 645
f 436 546 434
f 677 83 82
f 466 755 589
f 86 436 548
f 345 548 436
f 691 434 690
f 549 338 348
f 551 343 351
f 553 550 437
f 647 551 254
f 550 551 437
f 696 801 349
f 337 625 649
f 553 437 649
f 339 553 626
f 555 554 353
f 274 554 441
f 354 556 440
f 555 440 556
f 354 557 556
f 557 559 560
f 650 354 443
f 269 559 557
f 443 562 655
f 655 659 558
f 452 567 572
f 441 559 651
f 557 560 556
f 441 560 559
f 562 561 76
f 442 561 443
f 563 562 77
f 655 558 650
f 661 78 79
f 563 444 656
f 662 79 80
f 564 662 665
f 611 81 82
f 662 666 665
f 670 573 566
f 816 713 716
f 571 570 359
f 697 806 807
f 160 568 453
f 359 568 451
f 808 654 708
f 570 572 567
f 571 359 446
f 572 570 569
f 807 571 165
f 570 571 569
f 654 276 277
f 392 606 757
f 574 573 388
f 573 453 671
f 160 453 574
f 573 574 453
f 418 575 327
f 575 244 457
f 377 576 375
f 301 456 576
f 717 566 722
f 714 452 572
f 455 578 374
f 462 578 167
f 586 409 582
f 374 579 410
f 519 580 395
f 580 463 581
f 584 463 516
f 581 584 582
f 583 582 513
f 586 579 409
f 585 583 513
f 583 156 480
f 582 584 513
f 463 584 581
f 515 585 513
f 491 585 485
f 579 586 410
f 582 583 586
f 81 80 595
f 589 587 466
f 595 80 678
f 588 593 675
f 754 676 755
f 645 677 547
f 381 590 76
f 467 590 468
f 467 591 78
f 678 591 469
f 675 417 819
f 594 469 415
f 593 588 595
f 592 593 678
f 476 592 594
f 469 594 592
f 81 595 588
f 678 80 79
f 486 596 487
f 474 596 488
f 511 597 496
f 959 942 506
f 599 507 516
f 606 392 915
f 600 599 394
f 601 599 600
f 679 600 394
f 577 680 607
f 601 598 602
f 507 599 601
f 606 604 605
f 963 965 602
f 507 601 603
f 602 603 601
f 911 392 746
f 957 910 968
f 605 598 606
f 962 965 963
f 607 606 598
f 606 607 757
f 598 600 607
f 600 679 712
f 679 608 459
f 518 608 394
f 404 609 395
f 520 609 400
f 624 610 423
f 525 610 523
f 613 611 524
f 611 681 614
f 82 526 612
f 524 612 526
f 682 758 527
f 933 668 565
f 565 666 663
f 80 81 614
f 616 615 98
f 531 615 529
f 617 616 99
f 618 616 683
f 99 100 617
f 634 617 100
f 636 534 632
f 636 422 641
f 643 619 421
f 619 759 685
f 533 620 334
f 684 530 619
f 528 621 96
f 530 621 532
f 431 623 622
f 624 688 523
f 763 760 762
f 687 623 328
f 423 542 624
f 622 770 542
f 544 626 625
f 626 649 625
f 339 626 544
f 649 626 553
f 627 102 543
f 629 627 545
f 628 337 635
f 627 628 545
f 630 629 545
f 634 534 617
f 633 630 545
f 636 632 422
f 631 633 635
f 640 853 852
f 534 630 632
f 632 630 633
f 635 545 628
f 632 633 631
f 100 629 634
f 634 629 630
f 552 640 337
f 635 337 640
f 641 638 636
f 534 636 618
f 784 637 641
f 329 867 760
f 643 644 329
f 638 639 642
f 529 639 531
f 638 637 644
f 853 254 851
f 801 254 349
f 779 831 833
f 637 638 641
f 529 618 642
f 638 642 618
f 329 685 759
f 421 639 643
f 644 637 868
f 639 644 643
f 645 83 677
f 546 645 547
f 775 756 797
f 692 694 691
f 551 647 437
f 853 647 254
f 346 553 648
f 648 553 339
f 647 649 437
f 649 552 337
f 655 650 443
f 557 650 558
f 559 653 707
f 707 654 651
f 698 653 559
f 702 269 703
f 698 559 269
f 707 708 654
f 654 277 154
f 708 653 652
f 562 656 655
f 656 657 655
f 563 656 562
f 657 656 444
f 444 709 669
f 355 660 657
f 730 725 727
f 698 702 701
f 657 659 655
f 703 659 658
f 355 742 660
f 659 660 658
f 662 661 79
f 563 661 564
f 663 662 80
f 811 666 668
f 80 614 663
f 565 663 614
f 811 810 664
f 669 709 667
f 662 663 666
f 665 664 667
f 668 666 565
f 664 665 666
f 809 667 664
f 657 669 355
f 933 565 613
f 814 811 445
f 444 669 657
f 669 667 809
f 458 670 399
f 573 670 402
f 452 566 671
f 573 671 566
f 716 722 714
f 577 607 712
f 572 715 714
f 700 652 653
f 750 417 476
f 754 674 800
f 417 675 593
f 748 675 674
f 756 676 821
f 690 771 772
f 587 677 82
f 677 589 547
f 592 678 469
f 595 678 593
f 608 679 394
f 679 459 711
f 723 726 673
f 720 673 714
f 614 681 565
f 611 613 681
f 689 420 687
f 814 932 813
f 617 683 616
f 534 618 683
f 620 684 336
f 619 335 684
f 760 685 329
f 822 540 335
f 769 764 686
f 764 766 761
f 689 687 328
f 420 523 688
f 624 542 770
f 420 688 687
f 764 859 328
f 420 689 682
f 547 589 771
f 549 691 338
f 690 692 691
f 646 773 774
f 772 692 690
f 694 774 773
f 772 756 646
f 847 849 802
f 695 694 805
f 691 694 695
f 338 695 350
f 805 694 693
f 788 693 778
f 851 801 803
f 807 569 571
f 652 706 718
f 737 702 703
f 653 698 700
f 735 741 740
f 706 700 701
f 698 269 702
f 701 700 698
f 701 699 705
f 701 705 706
f 269 558 703
f 699 701 702
f 659 703 558
f 703 658 737
f 865 738 742
f 724 673 720
f 731 705 735
f 700 706 652
f 704 719 705
f 719 715 718
f 559 707 651
f 708 707 653
f 652 697 708
f 697 807 808
f 563 709 444
f 665 709 564
f 895 861 894
f 734 733 680
f 458 711 459
f 721 711 399
f 600 712 607
f 679 672 712
f 721 672 711
f 399 670 717
f 572 806 715
f 716 714 673
f 718 697 652
f 719 718 706
f 816 716 673
f 717 716 713
f 815 721 713
f 722 566 452
f 706 705 719
f 697 718 715
f 723 719 704
f 720 715 724
f 714 715 720
f 724 715 719
f 399 717 721
f 713 721 717
f 714 722 452
f 716 717 722
f 727 723 704
f 815 816 577
f 719 723 724
f 673 724 723
f 704 705 731
f 768 888 890
f 727 729 732
f 577 726 734
f 704 731 730
f 727 725 729
f 728 731 735
f 728 735 740
f 733 729 725
f 734 729 733
f 704 730 727
f 725 747 743
f 735 705 699
f 730 731 728
f 726 723 732
f 727 732 723
f 743 733 725
f 680 733 392
f 577 734 680
f 726 729 734
f 699 737 735
f 741 738 740
f 817 739 930
f 831 836 833
f 737 699 702
f 658 660 741
f 865 710 864
f 810 710 809
f 730 818 747
f 883 736 880
f 741 735 737
f 740 738 745
f 741 737 658
f 742 741 660
f 710 742 355
f 738 741 742
f 747 725 730
f 733 746 392
f 818 740 745
f 745 894 818
f 710 810 864
f 894 862 817
f 930 743 817
f 909 913 907
f 818 730 728
f 747 744 817
f 675 748 588
f 754 748 674
f 820 752 504
f 800 798 414
f 750 505 751
f 750 749 819
f 498 751 505
f 504 751 508
f 752 820 753
f 749 750 752
f 796 324 946
f 749 753 798
f 754 414 821
f 748 754 466
f 754 755 466
f 771 755 676
f 753 796 794
f 694 773 693
f 607 680 757
f 392 757 680
f 527 758 524
f 919 758 682
f 619 643 759
f 329 759 643
f 823 867 868
f 765 761 431
f 541 763 431
f 761 686 764
f 867 870 760
f 765 900 761
f 760 763 538
f 763 762 765
f 871 768 824
f 768 767 888
f 763 765 431
f 765 762 900
f 328 623 766
f 761 766 623
f 831 827 830
f 892 891 889
f 768 769 824
f 888 891 857
f 824 769 686
f 769 768 890
f 687 770 623
f 770 688 624
f 755 771 589
f 772 771 676
f 756 772 676
f 772 646 692
f 756 775 646
f 773 646 775
f 694 692 774
f 646 774 692
f 794 799 798
f 797 856 775
f 782 795 780
f 782 788 778
f 791 946 944
f 693 773 778
f 773 777 778
f 782 778 777
f 785 790 795
f 916 885 974
f 782 777 785
f 840 779 838
f 783 637 784
f 854 841 781
f 777 856 785
f 780 786 788
f 784 641 422
f 835 916 781
f 631 886 887
f 783 784 845
f 785 776 790
f 782 785 795
f 779 842 826
f 851 802 849
f 942 943 945
f 872 873 877
f 780 788 782
f 788 786 804
f 790 776 793
f 792 795 884
f 791 793 794
f 884 795 789
f 944 946 943
f 790 793 789
f 884 789 950
f 779 840 842
f 793 776 794
f 793 791 948
f 797 794 776
f 794 797 799
f 789 795 790
f 780 795 792
f 796 753 820
f 791 794 796
f 856 797 776
f 799 756 414
f 754 800 414
f 753 794 798
f 756 799 797
f 414 798 799
f 819 800 674
f 749 798 800
f 803 804 802
f 696 803 801
f 780 842 846
f 886 850 845
f 804 803 696
f 803 802 851
f 693 804 696
f 802 804 786
f 693 696 805
f 695 805 696
f 807 806 569
f 715 806 697
f 279 807 165
f 276 654 808
f 697 808 708
f 276 808 807
f 810 809 664
f 669 809 710
f 810 811 814
f 866 864 813
f 666 811 664
f 445 811 668
f 689 858 682
f 739 817 862
f 932 931 893
f 866 813 934
f 814 445 932
f 864 814 813
f 721 815 672
f 815 713 816
f 673 726 816
f 816 726 577
f 747 817 743
f 744 818 894
f 747 818 744
f 740 818 728
f 750 819 417
f 800 819 749
f 509 820 504
f 796 820 324
f 754 821 676
f 414 756 821
f 540 822 538
f 685 760 822
f 783 970 637
f 762 760 870
f 900 869 899
f 245 837 972
f 880 875 879
f 792 827 826
f 780 792 826
f 792 884 827
f 827 825 830
f 779 826 827
f 874 876 878
f 834 843 832
f 787 928 929
f 831 779 827
f 830 825 929
f 830 829 831
f 836 828 834
f 834 844 843
f 918 917 898
f 833 832 835
f 831 829 836
f 885 916 832
f 834 828 844
f 832 833 834
f 839 840 841
f 779 833 838
f 836 829 903
f 833 836 834
f 767 871 872
f 871 767 768
f 833 835 838
f 838 835 840
f 835 841 840
f 847 786 846
f 841 835 781
f 839 842 840
f 783 845 854
f 847 850 849
f 846 842 839
f 780 826 842
f 837 245 843
f 917 843 245
f 873 844 828
f 843 844 837
f 887 784 422
f 640 852 635
f 847 846 839
f 780 846 786
f 841 850 839
f 786 847 802
f 886 631 852
f 640 552 853
f 847 839 850
f 851 849 848
f 850 841 854
f 848 849 850
f 852 855 848
f 254 801 851
f 886 852 848
f 631 635 852
f 853 552 647
f 851 848 855
f 783 854 781
f 850 854 845
f 852 853 855
f 851 855 853
f 785 856 776
f 775 856 777
f 857 891 892
f 858 328 859
f 328 858 689
f 920 892 921
f 859 764 769
f 858 859 890
f 863 861 922
f 896 738 865
f 923 812 897
f 862 861 863
f 894 817 744
f 922 923 897
f 905 904 906
f 739 862 863
f 864 810 814
f 896 860 895
f 710 865 742
f 860 865 864
f 934 813 812
f 860 864 866
f 329 644 868
f 870 867 926
f 868 637 970
f 329 868 867
f 898 901 926
f 898 902 901
f 926 867 823
f 762 870 869
f 972 824 245
f 871 972 872
f 873 837 844
f 872 837 873
f 876 873 828
f 877 876 879
f 903 876 828
f 882 883 905
f 925 935 924
f 872 877 767
f 828 836 903
f 879 876 874
f 876 877 873
f 877 875 973
f 829 830 929
f 882 905 906
f 880 879 874
f 877 879 875
f 927 874 878
f 875 880 736
f 960 967 958
f 910 913 912
f 909 907 882
f 883 908 736
f 905 880 874
f 882 907 908
f 950 789 949
f 827 884 825
f 832 843 917
f 918 971 885
f 850 886 848
f 886 845 887
f 784 887 845
f 631 887 422
f 973 891 767
f 890 888 857
f 973 889 891
f 889 925 924
f 890 857 920
f 890 859 769
f 767 891 888
f 889 924 892
f 813 921 812
f 921 893 920
f 932 919 931
f 858 890 920
f 895 894 745
f 862 894 861
f 745 738 896
f 895 860 923
f 860 896 865
f 745 896 895
f 924 897 812
f 922 935 863
f 917 918 885
f 902 245 824
f 900 899 686
f 901 899 869
f 900 686 761
f 869 900 762
f 926 901 869
f 902 898 245
f 824 899 902
f 901 902 899
f 929 903 829
f 876 903 878
f 904 927 928
f 787 949 967
f 880 905 883
f 927 905 874
f 928 955 904
f 906 881 909
f 908 907 863
f 882 906 909
f 736 908 863
f 882 908 883
f 912 909 881
f 912 913 909
f 912 881 968
f 915 911 914
f 911 746 913
f 914 911 910
f 968 881 956
f 913 910 911
f 930 746 743
f 907 913 739
f 969 910 957
f 915 914 604
f 606 915 604
f 392 911 915
f 832 916 835
f 974 885 971
f 898 917 245
f 832 917 885
f 926 918 898
f 971 823 970
f 933 445 668
f 758 919 613
f 892 920 857
f 931 920 893
f 812 921 892
f 813 893 921
f 923 922 861
f 922 897 935
f 895 923 861
f 860 866 934
f 892 924 812
f 973 925 889
f 875 736 925
f 935 925 736
f 870 926 869
f 918 926 823
f 928 927 878
f 905 927 904
f 929 928 878
f 967 955 787
f 878 903 929
f 929 825 950
f 739 913 930
f 746 930 913
f 682 858 931
f 931 858 920
f 932 893 813
f 933 932 445
f 613 919 933
f 933 919 932
f 812 923 934
f 860 934 923
f 935 736 863
f 924 935 897
f 140 936 139
f 936 937 938
f 141 937 140
f 938 937 200
f 938 200 357
f 939 938 360
f 449 939 360
f 363 939 171
f 193 940 177
f 372 940 159
f 954 881 906
f 949 947 967
f 506 942 597
f 943 942 941
f 943 941 944
f 324 509 945
f 951 944 941
f 793 948 789
f 942 945 510
f 324 945 943
f 796 946 791
f 943 946 324
f 951 958 947
f 787 950 949
f 791 944 948
f 948 944 951
f 789 948 949
f 947 949 948
f 929 950 787
f 884 950 825
f 958 951 941
f 948 951 947
f 958 941 959
f 959 506 961
f 953 956 954
f 954 904 955
f 904 954 906
f 953 960 956
f 787 955 928
f 953 954 955
f 956 952 957
f 881 954 956
f 962 957 966
f 963 604 969
f 941 942 959
f 960 958 952
f 506 511 961
f 958 959 964
f 956 960 952
f 960 953 967
f 961 482 962
f 958 964 952
f 965 962 482
f 602 605 963
f 605 604 963
f 604 914 969
f 959 961 964
f 966 961 962
f 521 965 482
f 965 514 602
f 952 966 957
f 961 966 964
f 967 947 958
f 955 967 953
f 912 968 910
f 956 957 968
f 910 969 914
f 962 969 957
f 783 781 974
f 868 970 823
f 823 971 918
f 974 970 783
f 872 972 837
f 824 972 871
f 877 973 767
f 925 973 875
f 916 974 781
f 970 974 971
f 1068 1067 1055
f 1165 1086 1249
f 991 1280 990
f 987 988 1404
f 1069 1057 1031
f 1465 1063 1178
f 994 1185 993
f 1281 1279 992
f 1072 1155 1157
f 1190 1194 1193
f 1151 1235 1364
f 1057 1084 1054
f 1103 1087 1049
f 1563 1405 1490
f 1223 1230 1061
f 1806 1599 1646
f 1115 1176 1100
f 981 1397 982
f 1070 1084 1053
f 987 1405 986
f 1419 990 1280
f 1100 1083 1116
f 1132 1135 1139
f 1162 1161 1097
f 1017 1165 1098
f 1137 1195 1196
f 1330 1408 1409
f 1025 1082 1081
f 1249 1242 1247
f 1131 1344 1278
f 1082 1096 1113
f 1330 1274 1329
f 1097 1111 1112
f 1116 1053 1068
f 1133 995 996
f 1010 1009 1196
f 1135 1132 1133
f 1168 1807 1271
f 997 1012 1134
f 1099 1175 1115
f 1133 1134 1135
f 1112 1170 1171
f 1066 1082 1114
f 1138 995 1133
f 1138 994 995
f 1017 1016 1165
f 1079 1115 1055
f 1471 1473 1387
f 975 976 1060
f 1075 1102 1117
f 1058 1029 1080
f 977 1213 976
f 1090 1107 1539
f 1172 1077 1173
f 1236 1235 1151
f 978 1211 977
f 1102 1101 1085
f 1211 1212 1148
f 1069 1058 1067
f 1013 975 1060
f 976 1213 1060
f 1025 1081 1026
f 1147 1033 1032
f 1237 1364 1235
f 1093 1092 1041
f 1033 1147 1056
f 1015 1215 1217
f 1059 1054 1070
f 1215 1015 1014
f 1080 1029 1028
f 1026 1081 1080
f 1095 1076 1094
f 1055 1115 1100
f 1122 1106 1046
f 1079 1055 1058
f 1094 1023 1022
f 1150 1218 1215
f 1115 1079 1066
f 1111 1020 1019
f 1382 1063 1381
f 1068 1084 1057
f 1094 1096 1023
f 1087 1072 1089
f 1103 1049 1048
f 1072 1264 1263
f 1116 1068 1100
f 975 1159 976
f 1026 1080 1027
f 1079 1080 1066
f 1072 1263 1155
f 1029 1058 1030
f 1104 1048 1047
f 1112 1173 1097
f 1078 1251 1248
f 1086 1016 1015
f 1075 1093 1102
f 1410 1274 1330
f 1154 1038 1059
f 1225 1220 1071
f 1179 1063 1121
f 1144 1200 999
f 1284 1000 999
f 1142 1144 1145
f 1096 1024 1023
f 1167 1099 1113
f 998 1145 1144
f 1022 1095 1094
f 1145 997 996
f 1001 1352 1002
f 1076 1113 1096
f 1142 996 995
f 1141 1142 1146
f 1143 1204 1206
f 1100 1068 1055
f 1120 1075 1117
f 1282 1352 1353
f 1118 1125 1120
f 1202 1143 1201
f 1110 1271 1167
f 1096 1082 1024
f 1219 1221 1061
f 1154 1101 1038
f 1359 1206 1203
f 1358 1205 1285
f 1070 1054 1084
f 981 982 1299
f 983 1395 984
f 989 988 1406
f 1095 1021 1161
f 1446 1355 990
f 1060 1149 1150
f 1044 1091 1045
f 1238 1243 1245
f 1397 1398 982
f 1397 1303 1304
f 1167 1271 1064
f 1305 980 979
f 1058 1069 1030
f 1040 1039 1102
f 980 1303 981
f 1057 1069 1067
f 983 982 1398
f 1080 1081 1066
f 1332 1502 1420
f 1161 1021 1020
f 978 1261 979
f 1059 1037 1036
f 1070 1154 1059
f 1068 1053 1084
f 1106 1270 1104
f 1211 1149 1213
f 1465 1466 1063
f 1038 1101 1039
f 1166 1306 1088
f 1059 1036 1056
f 1067 1058 1055
f 1054 1056 1147
f 1030 1069 1031
f 1160 1044 1043
f 1074 1468 1107
f 1034 1056 1035
f 1034 1033 1056
f 1160 1091 1044
f 1109 1126 1121
f 1056 1036 1035
f 1107 1091 1074
f 1027 1080 1028
f 1041 1040 1093
f 977 976 1156
f 1089 1105 1087
f 1082 1025 1024
f 1156 976 1159
f 975 1051 1159
f 1058 1080 1079
f 1092 1093 1075
f 1051 1050 1105
f 1095 1022 1021
f 1067 1068 1057
f 1037 1059 1038
f 1108 1074 1091
f 1160 1041 1092
f 1119 1121 1120
f 1017 1098 1170
f 1049 1087 1050
f 1076 1095 1110
f 1103 1104 1088
f 1032 1031 1057
f 1087 1088 1072
f 1047 1046 1106
f 1066 1081 1082
f 1059 1056 1054
f 1042 1160 1043
f 1157 1158 1156
f 1039 1101 1102
f 1096 1094 1076
f 1331 1433 1434
f 1019 1018 1112
f 1122 1091 1107
f 1102 1085 1117
f 1040 1102 1093
f 1104 1103 1048
f 1087 1103 1088
f 1106 1104 1047
f 1104 1270 1166
f 1087 1105 1050
f 1159 1105 1089
f 1091 1122 1045
f 1106 1090 1270
f 1074 1109 1382
f 1122 1090 1106
f 1160 1108 1091
f 1075 1126 1092
f 1074 1108 1109
f 1108 1092 1126
f 1110 1095 1163
f 1162 1169 1110
f 1112 1111 1019
f 1161 1111 1097
f 1018 1170 1112
f 1171 1098 1078
f 1113 1076 1167
f 1113 1099 1114
f 1113 1114 1082
f 1115 1114 1099
f 1114 1115 1066
f 1099 1064 1175
f 1083 1123 1116
f 1124 1177 1119
f 1118 1085 1154
f 1117 1085 1118
f 1125 1053 1127
f 1053 1116 1127
f 1118 1070 1125
f 1129 1123 1808
f 1118 1120 1117
f 1119 1179 1121
f 1109 1121 1063
f 1075 1120 1121
f 1045 1122 1046
f 1090 1122 1107
f 1808 1083 1802
f 1124 1123 1129
f 1124 1127 1123
f 1119 1120 1125
f 1053 1125 1070
f 1119 1125 1124
f 1126 1109 1108
f 1075 1121 1126
f 1123 1127 1116
f 1125 1127 1124
f 1637 1128 1129
f 1178 1179 1177
f 1637 1129 1052
f 1124 1129 1128
f 1479 985 984
f 1479 1481 985
f 1329 1008 1007
f 1505 1569 1567
f 1135 1195 1139
f 1193 1281 1185
f 1134 1133 996
f 1132 1136 1138
f 997 1134 996
f 1134 1012 1135
f 1012 1011 1135
f 1195 1011 1010
f 1136 1187 1186
f 994 1136 1185
f 1499 1008 1329
f 1187 1189 1184
f 1132 1138 1133
f 994 1138 1136
f 1195 1135 1011
f 1189 1139 1137
f 1210 1357 1205
f 1615 1530 1828
f 1142 1201 1146
f 1206 1359 1361
f 1201 995 994
f 1142 1141 1144
f 993 1202 994
f 1205 1208 1207
f 1200 1144 1141
f 999 998 1144
f 997 1145 998
f 996 1142 1145
f 1201 1142 995
f 1206 1146 1143
f 1032 1057 1147
f 1054 1147 1057
f 1289 1211 978
f 1014 1013 1150
f 1219 1061 1220
f 1150 1013 1060
f 1214 1215 1218
f 1086 1217 1225
f 1258 1299 1301
f 1228 1071 1220
f 1323 1322 1268
f 1324 1611 1553
f 1153 1265 1267
f 1268 1322 1320
f 1118 1154 1070
f 1101 1154 1085
f 1265 1155 1263
f 978 977 1269
f 1089 1157 1156
f 1156 1158 1269
f 1072 1157 1089
f 1157 1155 1158
f 1265 1158 1155
f 1261 1158 1153
f 1105 1159 1051
f 1156 1159 1089
f 1041 1160 1042
f 1108 1160 1092
f 1111 1161 1020
f 1097 1077 1162
f 1169 1162 1077
f 1163 1162 1110
f 1095 1161 1163
f 1162 1163 1161
f 1247 1164 1249
f 1228 1242 1071
f 1086 1165 1016
f 1098 1165 1164
f 1264 1317 1263
f 1088 1104 1166
f 1167 1064 1099
f 1076 1110 1167
f 1815 1172 1811
f 1083 1175 1807
f 1812 1169 1077
f 1169 1168 1271
f 1017 1170 1018
f 1171 1170 1098
f 1174 1171 1078
f 1097 1173 1077
f 1816 1813 1065
f 1377 1645 1065
f 1112 1171 1173
f 1173 1171 1174
f 1174 1078 1818
f 1173 1174 1172
f 1807 1175 1064
f 1083 1176 1175
f 1100 1176 1083
f 1115 1175 1176
f 1124 1128 1177
f 1177 1128 1178
f 1537 1378 1374
f 1257 1256 1461
f 1177 1179 1119
f 1063 1179 1178
f 1561 1402 1672
f 987 1404 1405
f 1565 986 1494
f 1588 1592 1577
f 1005 1004 1417
f 1438 1443 1275
f 1338 1343 1342
f 1183 1348 1566
f 1132 1189 1187
f 1343 1338 1188
f 1136 1132 1187
f 1136 1186 1185
f 1184 1190 1186
f 1185 1186 1193
f 1132 1139 1189
f 1184 1186 1187
f 1190 1191 1188
f 1279 1192 1337
f 1137 1196 1335
f 1184 1189 1333
f 1191 1190 1184
f 1190 1188 1194
f 1184 1333 1278
f 1344 1191 1278
f 1337 1338 1340
f 993 1281 992
f 1190 1193 1186
f 1193 1192 1281
f 1194 1188 1337
f 1193 1194 1192
f 1196 1195 1010
f 1139 1195 1137
f 1008 1499 1501
f 1277 1333 1334
f 1586 1514 1621
f 1431 1282 1432
f 1355 991 990
f 1288 1286 1359
f 1206 1141 1146
f 1282 1353 1429
f 1454 1141 1206
f 1200 1199 1284
f 1202 1201 994
f 1146 1201 1143
f 992 1357 1210
f 1203 1207 1287
f 1143 1202 1204
f 1204 1207 1203
f 1210 1207 1202
f 1204 1203 1206
f 993 1210 1202
f 1285 992 991
f 1288 1203 1287
f 1200 1141 1454
f 1202 1207 1204
f 1205 1358 1208
f 1198 1534 1208
f 1207 1208 1287
f 1533 1198 1451
f 1576 1435 1445
f 992 1210 993
f 1207 1210 1205
f 1289 978 979
f 1149 1211 1148
f 1212 1291 1237
f 1229 1230 1232
f 1211 1213 977
f 1060 1213 1149
f 1150 1149 1216
f 1214 1219 1220
f 1150 1215 1014
f 1217 1215 1214
f 1149 1148 1216
f 1221 1219 1216
f 1214 1220 1225
f 1015 1217 1086
f 1150 1216 1218
f 1214 1218 1216
f 1214 1216 1219
f 1221 1216 1148
f 1227 1228 1239
f 1228 1241 1239
f 1212 1224 1148
f 1235 1222 1237
f 1061 1221 1223
f 1224 1290 1223
f 1224 1223 1221
f 1230 1229 1241
f 1148 1224 1221
f 1212 1237 1290
f 1086 1225 1071
f 1214 1225 1217
f 1394 1370 1392
f 1266 1314 1318
f 1246 1244 1293
f 1250 1817 1818
f 1241 1220 1061
f 1242 1228 1243
f 1230 1233 1232
f 1240 1239 1229
f 1223 1222 1230
f 1232 1233 1231
f 1151 1366 1371
f 1232 1234 1229
f 1233 1230 1222
f 1234 1232 1231
f 1235 1233 1222
f 1236 1233 1235
f 1231 1369 1458
f 1240 1227 1239
f 1223 1290 1222
f 1291 1362 1237
f 1369 1236 1460
f 1231 1233 1236
f 1212 1289 1291
f 1363 980 981
f 1238 1242 1243
f 1248 1251 1247
f 1241 1228 1220
f 1240 1229 1234
f 1226 1294 1234
f 1244 1245 1293
f 1230 1241 1061
f 1239 1241 1229
f 1243 1228 1227
f 1247 1242 1238
f 1240 1246 1227
f 1293 1227 1246
f 1373 1538 1255
f 1253 1376 1377
f 1817 1252 1065
f 1238 1250 1248
f 1240 1294 1246
f 1295 1246 1372
f 1248 1247 1238
f 1165 1249 1164
f 1238 1245 1250
f 1078 1098 1251
f 1086 1071 1249
f 1242 1249 1071
f 1252 1250 1245
f 1252 1817 1250
f 1098 1164 1251
f 1247 1251 1164
f 1244 1253 1245
f 1252 1245 1253
f 1257 1253 1244
f 1257 1376 1253
f 1373 1297 1538
f 1561 1697 1551
f 1296 1257 1244
f 1732 1254 1733
f 1244 1246 1295
f 1375 1461 1373
f 1296 1244 1295
f 1257 1461 1376
f 1301 1299 1383
f 983 984 1384
f 1555 1487 1553
f 1407 1492 1327
f 1261 1262 1305
f 1304 1260 1403
f 1261 978 1269
f 1261 1153 1320
f 1268 1320 1267
f 1262 1260 1303
f 1072 1088 1306
f 1265 1263 1062
f 1073 1307 1166
f 1313 1062 1317
f 1314 1062 1313
f 1158 1265 1153
f 1317 1310 1313
f 1264 1306 1307
f 1314 1265 1062
f 1267 1266 1268
f 1321 1268 1266
f 1260 1262 1322
f 1156 1269 977
f 1261 1269 1158
f 1753 1270 1090
f 1073 1166 1270
f 1169 1271 1110
f 1807 1168 1802
f 990 1418 989
f 1366 1151 1364
f 1407 1327 1406
f 1283 1532 1451
f 1408 1007 1006
f 1500 1411 1412
f 1275 1413 1409
f 1354 1440 1434
f 1279 991 992
f 1419 1423 1332
f 1137 1335 1189
f 1421 1277 1334
f 1184 1278 1191
f 1422 1278 1277
f 1192 1194 1337
f 1276 1280 1279
f 1423 1419 1276
f 991 1279 1280
f 1281 993 1185
f 1279 1281 1192
f 1001 1000 1353
f 1282 1197 1432
f 1406 1356 1446
f 1451 1532 1449
f 1200 1284 999
f 1353 1284 1199
f 1355 1285 991
f 1358 1285 1283
f 1360 1455 1453
f 1282 1429 1197
f 1534 1287 1208
f 1288 1287 1209
f 1288 1209 1623
f 1288 1140 1453
f 1291 1289 979
f 1211 1289 1212
f 1212 1290 1224
f 1237 1222 1290
f 979 980 1291
f 1362 1291 980
f 1292 1363 1299
f 1366 1364 1365
f 1245 1243 1293
f 1227 1293 1243
f 1234 1294 1240
f 1372 1294 1226
f 1234 1458 1459
f 1256 1257 1296
f 1626 1595 1535
f 1256 1296 1297
f 1236 1369 1231
f 1861 1866 1867
f 1635 1642 1596
f 1721 1725 1720
f 1383 982 983
f 1299 1258 1365
f 1563 985 986
f 1300 1383 1384
f 1383 1299 982
f 1473 1388 1301
f 1609 1481 1610
f 1396 1479 1395
f 1303 980 1305
f 1303 1260 1304
f 1403 1323 1324
f 1400 1398 1399
f 1261 1305 979
f 1303 1305 1262
f 1307 1306 1166
f 1072 1306 1264
f 1310 1315 1309
f 1264 1307 1310
f 1724 1740 1722
f 1777 1734 1718
f 1312 1310 1307
f 1318 1401 1319
f 1312 1307 1073
f 1310 1309 1313
f 1752 1754 1784
f 1311 1776 1315
f 1312 1073 1783
f 1312 1311 1315
f 1318 1313 1309
f 1267 1314 1266
f 1314 1267 1265
f 1318 1314 1313
f 1312 1315 1310
f 1776 1316 1315
f 1321 1319 1612
f 1315 1316 1482
f 1263 1317 1062
f 1310 1317 1264
f 1309 1315 1482
f 1266 1318 1319
f 1309 1482 1318
f 1485 1401 1483
f 1261 1320 1262
f 1267 1320 1153
f 1319 1321 1266
f 1323 1321 1152
f 1320 1322 1262
f 1268 1321 1323
f 1323 1152 1611
f 1260 1322 1323
f 1556 1557 1612
f 1324 1259 1399
f 989 1418 1420
f 1488 1405 1325
f 1490 1491 1326
f 1389 1391 1370
f 1407 988 987
f 1327 1447 1356
f 1547 1607 1548
f 1452 1273 1671
f 1329 1007 1408
f 1274 1500 1499
f 1409 1006 1005
f 1411 1410 1182
f 1433 1003 1431
f 1003 1002 1431
f 1341 1423 1340
f 989 1420 988
f 1334 1333 1189
f 1278 1333 1277
f 1334 1498 1412
f 1497 1421 1412
f 1498 1335 1196
f 1189 1335 1334
f 1410 1415 1182
f 1278 1422 1131
f 1338 1337 1188
f 1276 1279 1337
f 1344 1343 1191
f 1340 1338 1183
f 1350 1425 1520
f 1183 1338 1342
f 1340 1183 1341
f 1337 1340 1276
f 1507 1424 1566
f 1506 1420 1502
f 1342 1339 1349
f 1183 1342 1348
f 1191 1343 1188
f 1342 1343 1339
f 1350 1344 1131
f 1343 1344 1339
f 1350 1522 1349
f 1425 1350 1131
f 1342 1351 1348
f 1351 1527 1346
f 1339 1350 1349
f 1351 1347 1527
f 1342 1349 1351
f 1348 1346 1507
f 1339 1344 1350
f 1349 1347 1351
f 1425 1131 1422
f 1182 1415 1427
f 1524 1528 1527
f 1346 1348 1351
f 1353 1352 1001
f 1431 1352 1282
f 1284 1353 1000
f 1454 1199 1200
f 1441 1445 1437
f 1003 1433 1004
f 990 989 1446
f 1285 1355 1283
f 1447 1327 1273
f 1283 1355 1356
f 992 1285 1357
f 1205 1357 1285
f 1451 1358 1283
f 1358 1198 1208
f 1288 1359 1203
f 1361 1359 1286
f 1510 1445 1435
f 1197 1429 1455
f 1361 1286 1455
f 1199 1361 1430
f 1363 1362 980
f 1237 1362 1292
f 1299 1363 981
f 1362 1363 1292
f 1237 1292 1364
f 1365 1364 1292
f 1299 1365 1292
f 1366 1365 1258
f 1389 1371 1366
f 1476 1843 1393
f 1827 1820 1821
f 1372 1593 1295
f 1477 1601 1603
f 1234 1231 1458
f 1460 1151 1371
f 1536 1369 1394
f 1388 1366 1258
f 1384 1387 1300
f 1366 1388 1389
f 1370 1394 1460
f 1294 1372 1246
f 1593 1372 1226
f 1858 1857 1632
f 1256 1297 1373
f 1632 1635 1634
f 1638 1642 1635
f 1860 1373 1255
f 1377 1376 1378
f 1462 1374 1378
f 1252 1377 1065
f 1253 1377 1252
f 1461 1462 1376
f 1631 1633 1537
f 1377 1378 1645
f 1595 1296 1295
f 1601 1545 1604
f 1633 1463 1537
f 1644 1381 1641
f 1641 1381 1466
f 1382 1468 1074
f 1063 1382 1109
f 1381 1644 1468
f 1384 1383 983
f 1301 1383 1300
f 1470 1469 1540
f 1385 1471 1541
f 1573 1574 1617
f 1392 1370 1391
f 1300 1473 1301
f 1471 1472 1386
f 1540 1387 1384
f 1387 1541 1471
f 1301 1388 1258
f 1388 1386 1389
f 1391 1386 1472
f 1371 1389 1370
f 1476 1390 1475
f 1478 1393 1544
f 1386 1391 1389
f 1392 1391 1390
f 1393 1392 1390
f 1392 1368 1394
f 1390 1472 1475
f 1843 1544 1393
f 1536 1394 1368
f 1460 1394 1369
f 1398 1395 983
f 1396 1395 1302
f 1607 1396 1302
f 985 1481 986
f 1303 1397 981
f 1398 1397 1304
f 1399 1398 1304
f 1395 1398 1302
f 1399 1304 1403
f 1400 1399 1259
f 1400 1259 1548
f 1398 1400 1302
f 1308 1483 1316
f 1482 1483 1401
f 1556 1319 1401
f 1669 1663 1665
f 1323 1403 1260
f 1399 1403 1324
f 1420 1404 988
f 1405 1404 1325
f 1488 1325 1272
f 986 1405 1563
f 1407 1406 988
f 1356 1406 1327
f 1608 1328 1609
f 1327 1492 1273
f 1409 1408 1006
f 1329 1408 1330
f 1417 1409 1005
f 1409 1331 1438
f 1330 1413 1410
f 1416 1414 1415
f 1412 1411 1182
f 1274 1410 1411
f 1497 1412 1182
f 1335 1498 1334
f 1409 1413 1330
f 1416 1413 1275
f 1438 1436 1443
f 1425 1428 1519
f 1410 1413 1416
f 1427 1415 1414
f 1443 1442 1275
f 1410 1416 1415
f 1433 1417 1004
f 1409 1417 1331
f 1419 1418 990
f 1420 1418 1332
f 1276 1419 1280
f 1418 1419 1332
f 1332 1423 1502
f 1404 1420 1325
f 1412 1421 1334
f 1422 1421 1336
f 1421 1422 1277
f 1425 1422 1336
f 1340 1423 1276
f 1502 1423 1341
f 1568 1180 1570
f 1341 1503 1502
f 1497 1426 1428
f 1336 1428 1425
f 1414 1518 1515
f 1515 1519 1426
f 1414 1442 1518
f 1182 1427 1426
f 1428 1336 1497
f 1428 1426 1519
f 1353 1430 1429
f 1430 1455 1429
f 1199 1430 1353
f 1455 1430 1361
f 1431 1002 1352
f 1433 1431 1354
f 1432 1197 1441
f 1431 1432 1354
f 1434 1433 1354
f 1417 1433 1331
f 1441 1437 1440
f 1331 1434 1436
f 1534 1578 1209
f 1513 1439 1508
f 1434 1440 1509
f 1442 1414 1416
f 1441 1440 1354
f 1439 1443 1508
f 1409 1438 1275
f 1331 1436 1438
f 1436 1509 1508
f 1512 1513 1508
f 1441 1354 1432
f 1437 1508 1509
f 1360 1444 1197
f 1441 1197 1444
f 1275 1442 1416
f 1518 1442 1439
f 1508 1443 1436
f 1442 1443 1439
f 1453 1531 1360
f 1441 1444 1445
f 1575 1360 1531
f 1445 1444 1575
f 1406 1446 989
f 1355 1446 1356
f 1447 1273 1449
f 1356 1447 1532
f 1452 1619 1449
f 1531 1580 1576
f 1452 1449 1273
f 1449 1448 1451
f 1492 1496 1273
f 1181 1582 1619
f 1533 1451 1448
f 1358 1451 1198
f 1671 1273 1495
f 1452 1450 1619
f 1288 1453 1286
f 1531 1453 1140
f 1206 1361 1454
f 1454 1361 1199
f 1453 1455 1286
f 1455 1360 1197
f 1368 1392 1478
f 1628 1630 1627
f 1546 1368 1605
f 1546 1606 1457
f 1536 1458 1369
f 1459 1458 1457
f 1535 1459 1457
f 1234 1459 1226
f 1151 1460 1236
f 1370 1460 1371
f 1373 1461 1256
f 1462 1461 1375
f 1462 1375 1859
f 1378 1376 1462
f 1803 1804 1805
f 1537 1645 1378
f 1296 1595 1297
f 1761 1869 1779
f 1662 1598 1178
f 1466 1465 1380
f 1380 1638 1641
f 1063 1466 1381
f 1643 1641 1638
f 1539 1467 1755
f 1381 1468 1382
f 1468 1467 1539
f 1384 984 1470
f 1819 1542 1541
f 984 985 1470
f 1564 1470 985
f 1472 1471 1385
f 1473 1471 1386
f 1542 1543 1385
f 1391 1472 1390
f 1388 1473 1386
f 1300 1387 1473
f 1542 1385 1541
f 1574 1573 1571
f 1385 1475 1472
f 1476 1475 1474
f 1476 1474 1825
f 1390 1476 1393
f 1477 1544 1600
f 1546 1457 1536
f 1393 1478 1392
f 1605 1478 1477
f 1395 1479 984
f 1481 1479 1396
f 1549 1259 1553
f 1550 1552 1480
f 1647 1610 1547
f 1328 1493 1494
f 1483 1482 1316
f 1318 1482 1401
f 1486 1483 1308
f 1486 1485 1483
f 1720 1725 1726
f 1649 1712 1716
f 1559 1714 1558
f 1562 1560 1487
f 1486 1308 1721
f 1486 1484 1559
f 1554 1487 1561
f 1647 1550 1480
f 1272 1569 1491
f 1490 1488 1491
f 1489 1491 1569
f 1573 1570 1572
f 1614 1563 1490
f 1405 1488 1490
f 1272 1491 1488
f 1489 1617 1618
f 1407 1493 1492
f 1492 1493 1496
f 1407 987 1565
f 1328 1669 1496
f 1493 1407 1565
f 986 1481 1494
f 1328 1608 1663
f 1668 1667 1665
f 1328 1496 1493
f 1273 1496 1495
f 1497 1182 1426
f 1421 1497 1336
f 1196 1009 1501
f 1498 1499 1500
f 1274 1499 1329
f 1498 1196 1501
f 1411 1500 1274
f 1498 1500 1412
f 1008 1501 1009
f 1498 1501 1499
f 1503 1341 1504
f 1502 1503 1506
f 1505 1503 1424
f 1503 1567 1506
f 1566 1341 1183
f 1424 1503 1504
f 1568 1505 1424
f 1573 1569 1570
f 1272 1325 1506
f 1420 1506 1325
f 1568 1507 1346
f 1566 1424 1504
f 1437 1510 1508
f 1508 1510 1512
f 1434 1509 1436
f 1437 1509 1440
f 1445 1510 1437
f 1583 1584 1435
f 1435 1576 1583
f 1427 1515 1426
f 1435 1512 1510
f 1512 1511 1513
f 1513 1511 1516
f 1439 1513 1518
f 1511 1589 1622
f 1522 1521 1347
f 1414 1515 1427
f 1525 1519 1514
f 1511 1584 1589
f 1518 1514 1515
f 1523 1345 1524
f 1522 1520 1521
f 1513 1516 1518
f 1518 1516 1514
f 1514 1519 1515
f 1517 1520 1519
f 1519 1520 1425
f 1520 1517 1521
f 1523 1521 1517
f 1524 1521 1523
f 1349 1522 1347
f 1520 1522 1350
f 1517 1525 1523
f 1523 1525 1586
f 1524 1345 1528
f 1347 1521 1524
f 1519 1525 1517
f 1516 1621 1514
f 1691 1693 1590
f 1616 1529 1526
f 1524 1527 1347
f 1529 1527 1526
f 1528 1693 1661
f 1527 1528 1526
f 1526 1530 1616
f 1346 1527 1529
f 1661 1526 1528
f 1844 1829 1822
f 1209 1578 1623
f 1575 1576 1445
f 1356 1532 1283
f 1449 1532 1447
f 1581 1578 1533
f 1534 1209 1287
f 1198 1533 1534
f 1580 1623 1577
f 1593 1459 1535
f 1606 1626 1535
f 1546 1536 1368
f 1458 1536 1457
f 1631 1537 1374
f 1537 1463 1646
f 1627 1538 1297
f 1866 1538 1464
f 1468 1539 1107
f 1467 1754 1755
f 1470 1540 1384
f 1541 1540 1469
f 1540 1541 1387
f 1469 1614 1819
f 1326 1491 1618
f 1475 1543 1474
f 1385 1543 1475
f 1574 1543 1542
f 1600 1544 1367
f 1478 1544 1477
f 1571 1572 1821
f 1794 1734 1727
f 1601 1477 1600
f 1606 1456 1626
f 1302 1400 1548
f 1550 1647 1547
f 1549 1548 1259
f 1547 1548 1550
f 1553 1259 1324
f 1549 1554 1552
f 1548 1549 1550
f 1554 1549 1487
f 1554 1561 1551
f 1665 1495 1669
f 1549 1552 1550
f 1700 1551 1697
f 1553 1611 1555
f 1487 1549 1553
f 1561 1487 1560
f 1552 1554 1551
f 1152 1321 1612
f 1558 1562 1557
f 1401 1485 1556
f 1557 1556 1485
f 1558 1557 1485
f 1611 1612 1555
f 1559 1558 1485
f 1558 1402 1560
f 1486 1559 1485
f 1559 1484 1714
f 1560 1402 1561
f 1562 1487 1555
f 1712 1649 1793
f 1450 1667 1670
f 1557 1562 1555
f 1558 1560 1562
f 1614 1490 1326
f 1564 1469 1470
f 985 1563 1564
f 1564 1563 1614
f 986 1565 987
f 1493 1565 1494
f 1507 1566 1348
f 1341 1566 1504
f 1506 1567 1272
f 1503 1505 1567
f 1507 1568 1424
f 1529 1616 1346
f 1567 1569 1272
f 1570 1569 1505
f 1568 1570 1505
f 1180 1572 1570
f 1530 1827 1828
f 1826 1831 1847
f 1827 1530 1823
f 1573 1572 1571
f 1826 1574 1571
f 1573 1489 1569
f 1543 1574 1474
f 1617 1574 1542
f 1360 1575 1444
f 1576 1575 1531
f 1587 1623 1580
f 1584 1511 1512
f 1651 1650 1581
f 1651 1675 1620
f 1534 1533 1578
f 1581 1533 1448
f 1583 1591 1579
f 1590 1586 1691
f 1587 1580 1531
f 1591 1583 1592
f 1582 1448 1619
f 1448 1582 1651
f 1577 1653 1588
f 1448 1651 1581
f 1592 1576 1580
f 1624 1589 1584
f 1435 1584 1512
f 1624 1583 1579
f 1622 1625 1585
f 1590 1345 1523
f 1514 1586 1525
f 1691 1692 1660
f 1531 1140 1587
f 1288 1623 1140
f 1650 1577 1578
f 1625 1579 1690
f 1625 1589 1579
f 1622 1621 1511
f 1523 1586 1590
f 1691 1586 1585
f 1592 1583 1576
f 1591 1588 1658
f 1577 1592 1580
f 1591 1592 1588
f 1459 1593 1226
f 1595 1593 1535
f 1628 1594 1629
f 1538 1627 1464
f 1595 1295 1593
f 1297 1595 1594
f 1631 1634 1596
f 1465 1598 1380
f 1662 1128 1637
f 1633 1636 1639
f 1178 1598 1465
f 1598 1597 1642
f 1804 1806 1463
f 1811 1813 1816
f 1832 1834 1870
f 1601 1600 1545
f 1842 1839 1840
f 1603 1601 1456
f 1627 1630 1464
f 1604 1629 1601
f 1606 1603 1456
f 1477 1603 1546
f 1545 1839 1842
f 1604 1602 1629
f 1478 1605 1368
f 1477 1546 1605
f 1457 1606 1535
f 1603 1606 1546
f 1548 1607 1302
f 1610 1607 1547
f 1664 1663 1608
f 1328 1494 1609
f 1494 1481 1609
f 1610 1481 1396
f 1610 1396 1607
f 1608 1609 1610
f 1323 1611 1324
f 1612 1611 1152
f 1556 1612 1319
f 1555 1612 1557
f 1613 1718 1734
f 1681 1682 1688
f 1819 1614 1326
f 1564 1614 1469
f 1180 1568 1615
f 1616 1568 1346
f 1530 1615 1616
f 1616 1615 1568
f 1542 1819 1618
f 1573 1617 1489
f 1489 1618 1491
f 1542 1618 1617
f 1619 1448 1449
f 1181 1619 1450
f 1684 1676 1181
f 1650 1653 1577
f 1621 1516 1511
f 1585 1586 1621
f 1625 1622 1589
f 1585 1621 1622
f 1577 1623 1578
f 1623 1587 1140
f 1583 1624 1584
f 1579 1589 1624
f 1658 1654 1656
f 1690 1677 1625
f 1626 1456 1629
f 1595 1626 1594
f 1297 1594 1627
f 1628 1627 1594
f 1594 1626 1629
f 1628 1602 1630
f 1629 1456 1601
f 1602 1628 1629
f 1841 1630 1602
f 1630 1379 1869
f 1634 1631 1858
f 1631 1596 1633
f 1858 1859 1857
f 1254 1732 1759
f 1596 1636 1633
f 1637 1639 1636
f 1858 1631 1374
f 1632 1865 1635
f 1638 1635 1298
f 1596 1634 1635
f 1642 1636 1596
f 1637 1636 1597
f 1637 1597 1662
f 1639 1463 1633
f 1638 1298 1643
f 1598 1642 1380
f 1052 1805 1637
f 1808 1809 1052
f 1743 1741 1769
f 1744 1752 1741
f 1380 1641 1466
f 1644 1641 1640
f 1642 1638 1380
f 1636 1642 1597
f 1643 1298 1742
f 1641 1643 1640
f 1754 1644 1640
f 1644 1467 1468
f 1646 1645 1537
f 1645 1599 1816
f 1806 1646 1463
f 1645 1646 1599
f 1664 1647 1480
f 1610 1647 1608
f 1552 1698 1480
f 1697 1561 1699
f 1713 1402 1714
f 1749 1766 1680
f 1581 1650 1578
f 1653 1650 1620
f 1675 1651 1582
f 1650 1651 1620
f 1686 1772 1707
f 1653 1658 1588
f 1654 1620 1675
f 1653 1620 1654
f 1654 1652 1656
f 1657 1658 1656
f 1680 1682 1683
f 1678 1659 1679
f 1689 1656 1703
f 1657 1656 1655
f 1657 1655 1677
f 1657 1579 1591
f 1654 1658 1653
f 1591 1658 1657
f 1530 1526 1694
f 1625 1679 1585
f 1681 1687 1709
f 1528 1345 1693
f 1709 1687 1710
f 1526 1661 1694
f 1598 1662 1597
f 1128 1662 1178
f 1608 1647 1664
f 1663 1648 1665
f 1702 1480 1698
f 1648 1663 1664
f 1668 1665 1648
f 1667 1495 1665
f 1700 1552 1551
f 1704 1771 1686
f 1670 1667 1666
f 1450 1671 1667
f 1702 1648 1664
f 1667 1668 1666
f 1496 1669 1495
f 1328 1663 1669
f 1703 1684 1708
f 1450 1670 1181
f 1452 1671 1450
f 1495 1667 1671
f 1714 1696 1713
f 1751 1738 1793
f 1716 1728 1649
f 1704 1668 1648
f 1674 1704 1648
f 1782 1683 1708
f 1676 1582 1181
f 1654 1675 1652
f 1652 1675 1676
f 1582 1676 1675
f 1678 1677 1655
f 1679 1677 1678
f 1682 1678 1655
f 1130 1774 1681
f 1679 1659 1692
f 1625 1677 1679
f 1682 1655 1689
f 1707 1684 1685
f 1659 1678 1681
f 1681 1678 1682
f 1689 1655 1656
f 1682 1680 1688
f 1703 1676 1684
f 1670 1685 1181
f 1666 1685 1670
f 1181 1685 1684
f 1704 1686 1666
f 1685 1666 1686
f 1771 1673 1705
f 1707 1708 1684
f 1694 1661 1695
f 1693 1710 1661
f 1736 1768 1766
f 1130 1681 1688
f 1703 1656 1652
f 1682 1689 1683
f 1579 1657 1690
f 1677 1690 1657
f 1585 1679 1692
f 1691 1660 1693
f 1692 1659 1709
f 1585 1692 1691
f 1590 1693 1345
f 1710 1693 1660
f 1695 1661 1710
f 1774 1711 1773
f 1773 1711 1695
f 1846 1856 1855
f 1729 1717 1719
f 1716 1718 1728
f 1699 1561 1672
f 1701 1674 1698
f 1673 1701 1697
f 1702 1674 1648
f 1672 1712 1793
f 1697 1699 1781
f 1701 1700 1697
f 1552 1700 1698
f 1674 1701 1673
f 1700 1701 1698
f 1480 1702 1664
f 1674 1702 1698
f 1689 1703 1683
f 1676 1703 1652
f 1668 1704 1666
f 1771 1704 1674
f 1751 1649 1728
f 1749 1789 1786
f 1771 1772 1686
f 1762 1764 1738
f 1686 1707 1685
f 1708 1707 1706
f 1708 1706 1782
f 1708 1683 1703
f 1692 1709 1660
f 1681 1709 1659
f 1709 1710 1660
f 1710 1687 1773
f 1688 1737 1130
f 1774 1767 1711
f 1713 1672 1402
f 1717 1716 1719
f 1696 1712 1713
f 1672 1713 1712
f 1714 1402 1558
f 1714 1484 1775
f 1717 1715 1716
f 1254 1760 1733
f 1719 1712 1696
f 1718 1716 1715
f 1775 1720 1729
f 1726 1717 1729
f 1717 1747 1715
f 1718 1613 1728
f 1712 1719 1716
f 1729 1719 1696
f 1721 1484 1486
f 1484 1721 1720
f 1724 1721 1308
f 1725 1724 1731
f 1724 1308 1739
f 1722 1756 1732
f 1723 1731 1732
f 1726 1733 1747
f 1776 1739 1316
f 1731 1724 1722
f 1724 1725 1721
f 1725 1723 1726
f 1733 1726 1723
f 1717 1726 1747
f 1602 1842 1841
f 1831 1826 1571
f 1748 1728 1613
f 1673 1781 1738
f 1775 1729 1696
f 1726 1729 1720
f 1643 1742 1640
f 1739 1740 1724
f 1731 1722 1732
f 1725 1731 1723
f 1745 1756 1757
f 1756 1759 1732
f 1732 1733 1723
f 1760 1761 1746
f 1777 1718 1715
f 1840 1839 1838
f 1737 1767 1130
f 1763 1705 1764
f 1786 1736 1766
f 1795 1787 1613
f 1680 1737 1688
f 1798 1768 1736
f 1728 1762 1751
f 1763 1764 1762
f 1316 1739 1308
f 1740 1739 1730
f 1743 1740 1730
f 1784 1742 1769
f 1743 1730 1744
f 1741 1743 1744
f 1757 1770 1745
f 1757 1740 1743
f 1730 1776 1744
f 1741 1784 1769
f 1783 1311 1312
f 1752 1744 1783
f 1864 1745 1865
f 1863 1862 1857
f 1779 1841 1778
f 1777 1727 1734
f 1760 1747 1733
f 1791 1747 1746
f 1748 1613 1787
f 1762 1748 1735
f 1680 1782 1749
f 1772 1790 1789
f 1799 1801 1787
f 1833 1835 1848
f 1762 1728 1748
f 1793 1738 1781
f 1073 1270 1753
f 1467 1644 1754
f 1539 1753 1090
f 1753 1752 1783
f 1640 1742 1784
f 1754 1752 1755
f 1752 1753 1755
f 1539 1755 1753
f 1757 1756 1722
f 1745 1864 1759
f 1757 1722 1740
f 1769 1770 1757
f 1865 1862 1864
f 1255 1866 1861
f 1745 1759 1756
f 1254 1759 1758
f 1254 1868 1760
f 1747 1760 1746
f 1868 1758 1867
f 1630 1869 1464
f 1762 1735 1763
f 1751 1762 1738
f 1790 1735 1765
f 1735 1790 1763
f 1705 1673 1764
f 1673 1738 1764
f 1765 1735 1785
f 1765 1786 1789
f 1680 1766 1737
f 1766 1749 1786
f 1737 1766 1768
f 1767 1750 1845
f 1750 1767 1768
f 1737 1768 1767
f 1770 1769 1742
f 1743 1769 1757
f 1742 1298 1770
f 1865 1770 1298
f 1673 1771 1674
f 1772 1771 1705
f 1705 1763 1790
f 1707 1772 1706
f 1710 1773 1695
f 1774 1773 1687
f 1681 1774 1687
f 1767 1774 1130
f 1714 1775 1696
f 1484 1720 1775
f 1744 1776 1311
f 1739 1776 1730
f 1791 1715 1747
f 1778 1777 1791
f 1779 1778 1746
f 1727 1777 1778
f 1761 1779 1746
f 1779 1379 1841
f 1600 1870 1836
f 1799 1796 1800
f 1697 1781 1673
f 1699 1672 1793
f 1782 1680 1683
f 1789 1782 1706
f 1783 1744 1311
f 1753 1783 1073
f 1752 1784 1741
f 1640 1784 1754
f 1788 1748 1787
f 1735 1788 1785
f 1765 1785 1786
f 1786 1785 1736
f 1734 1794 1795
f 1798 1799 1797
f 1748 1788 1735
f 1801 1788 1787
f 1782 1789 1749
f 1772 1789 1706
f 1789 1790 1765
f 1705 1790 1772
f 1778 1791 1746
f 1715 1791 1777
f 1602 1604 1842
f 1792 1796 1795
f 1751 1793 1649
f 1699 1793 1781
f 1794 1727 1854
f 1795 1794 1792
f 1734 1795 1613
f 1792 1853 1796
f 1796 1780 1800
f 1795 1796 1799
f 1600 1836 1545
f 1750 1768 1798
f 1736 1785 1801
f 1750 1798 1797
f 1801 1799 1798
f 1795 1799 1787
f 1852 1780 1848
f 1799 1800 1797
f 1736 1801 1798
f 1801 1785 1788
f 1639 1804 1463
f 1808 1052 1129
f 1810 1809 1802
f 1812 1810 1168
f 1805 1804 1639
f 1804 1803 1806
f 1637 1805 1639
f 1805 1052 1809
f 1812 1814 1810
f 1811 1172 1813
f 1271 1807 1064
f 1083 1807 1802
f 1083 1808 1123
f 1809 1808 1802
f 1810 1802 1168
f 1809 1803 1805
f 1806 1814 1811
f 1803 1809 1810
f 1599 1806 1811
f 1803 1814 1806
f 1169 1812 1168
f 1815 1077 1172
f 1818 1172 1174
f 1250 1818 1248
f 1810 1814 1803
f 1811 1814 1812
f 1811 1812 1815
f 1077 1815 1812
f 1645 1816 1065
f 1811 1816 1599
f 1065 1813 1817
f 1818 1817 1813
f 1818 1813 1172
f 1248 1818 1078
f 1469 1819 1541
f 1618 1819 1326
f 1530 1694 1823
f 1835 1850 1848
f 1828 1572 1180
f 1830 1821 1820
f 1823 1694 1844
f 1829 1695 1711
f 1844 1694 1695
f 1827 1823 1822
f 1835 1833 1834
f 1825 1832 1843
f 1474 1574 1826
f 1825 1847 1832
f 1821 1830 1831
f 1474 1826 1825
f 1828 1827 1821
f 1855 1827 1822
f 1572 1828 1821
f 1828 1180 1615
f 1845 1829 1711
f 1829 1846 1855
f 1824 1837 1834
f 1847 1831 1830
f 1821 1831 1571
f 1847 1830 1824
f 1834 1832 1824
f 1843 1832 1367
f 1837 1820 1856
f 1833 1838 1836
f 1837 1824 1830
f 1833 1836 1870
f 1829 1845 1846
f 1848 1780 1849
f 1870 1600 1367
f 1848 1849 1833
f 1820 1837 1830
f 1834 1837 1835
f 1838 1853 1840
f 1545 1836 1839
f 1836 1838 1839
f 1853 1838 1780
f 1854 1792 1794
f 1841 1727 1778
f 1841 1379 1630
f 1854 1841 1840
f 1545 1842 1604
f 1841 1842 1840
f 1843 1367 1544
f 1476 1825 1843
f 1823 1844 1822
f 1695 1829 1844
f 1767 1845 1711
f 1851 1797 1852
f 1845 1750 1851
f 1837 1856 1835
f 1832 1847 1824
f 1826 1847 1825
f 1835 1856 1850
f 1852 1800 1780
f 1780 1838 1849
f 1833 1849 1838
f 1851 1850 1846
f 1800 1852 1797
f 1845 1851 1846
f 1797 1851 1750
f 1848 1850 1852
f 1851 1852 1850
f 1796 1853 1780
f 1792 1840 1853
f 1854 1840 1792
f 1727 1841 1854
f 1827 1855 1820
f 1829 1855 1822
f 1855 1856 1820
f 1850 1856 1846
f 1860 1857 1859
f 1861 1863 1860
f 1634 1858 1632
f 1859 1858 1374
f 1462 1859 1374
f 1860 1859 1375
f 1373 1860 1375
f 1861 1860 1255
f 1538 1866 1255
f 1758 1862 1863
f 1758 1759 1864
f 1632 1857 1862
f 1860 1863 1857
f 1758 1863 1861
f 1770 1865 1745
f 1758 1864 1862
f 1635 1865 1298
f 1862 1865 1632
f 1869 1866 1464
f 1867 1866 1761
f 1868 1867 1761
f 1758 1861 1867
f 1760 1868 1761
f 1758 1868 1254
f 1779 1869 1379
f 1866 1869 1761
f 1832 1870 1367
f 1833 1870 1834
f 2043 2140 2238
f 1940 2001 2000
f 2005 1988 1976
f 1893 1894 2236
f 2043 1895 1896
f 2442 2329 2331
f 1892 1893 2342
f 2347 2460 2237
f 2444 2621 2622
f 1942 1975 1030
f 2043 1896 1897
f 2437 2216 2215
f 2030 2016 1997
f 2283 2181 2282
f 107 69 1965
f 1983 1982 119
f 1965 69 1879
f 1989 2009 2006
f 2073 2075 2078
f 1881 2071 1880
f 2496 1887 1888
f 1880 2070 1879
f 1992 2071 2073
f 1017 2031 1016
f 2087 1977 2079
f 2006 2007 1989
f 3282 2171 1961
f 1887 2496 2518
f 1889 1890 2457
f 2027 2025 114
f 2513 1908 2514
f 1999 2001 1970
f 2463 2244 2355
f 1991 1990 2007
f 2243 2461 2242
f 2119 1021 2018
f 2274 2388 2519
f 2007 1990 2080
f 2378 2383 1909
f 1989 2081 2083
f 2378 1909 1910
f 2216 2232 2015
f 2134 2326 2133
f 2383 1908 1909
f 2347 2237 2346
f 2140 2239 2241
f 2377 2557 2270
f 3249 3250 3244
f 2240 1898 2352
f 2219 2022 3214
f 2375 2628 2564
f 3038 3040 3015
f 1900 2353 2351
f 2100 2115 2068
f 2237 2342 2236
f 1984 2213 2121
f 2429 2430 2226
f 1904 1905 2375
f 1891 2340 1890
f 2031 2039 2041
f 2010 2024 2011
f 2379 2382 2497
f 2059 1963 2058
f 1991 107 1965
f 1972 1982 1983
f 109 108 2006
f 2075 1990 2078
f 1992 2070 2071
f 2800 2767 2801
f 2208 2427 1978
f 2166 1876 1877
f 1966 2885 2884
f 1963 2066 1961
f 1964 1975 1974
f 2312 2311 1994
f 1972 2066 1982
f 2059 123 1963
f 1015 1016 2041
f 124 2059 125
f 2449 2450 2444
f 122 2066 123
f 110 2009 2008
f 1982 121 120
f 2074 2084 2076
f 1972 3279 2066
f 121 1982 122
f 119 1982 120
f 1988 2005 2004
f 1985 1026 1028
f 2024 116 115
f 116 2010 117
f 1983 119 118
f 2814 2860 2815
f 1958 2466 2356
f 112 111 2029
f 1980 2330 2438
f 2027 114 113
f 2204 2203 2192
f 2211 2012 1993
f 2047 2147 2148
f 2045 2047 1960
f 1877 1878 2058
f 2188 2104 1981
f 2466 2148 2357
f 2225 2132 2223
f 2209 2010 2011
f 2190 2192 2194
f 2171 2166 2058
f 2024 2010 116
f 1874 1875 2165
f 1876 2162 1875
f 2094 2091 2090
f 1988 1985 1976
f 2047 2046 2044
f 1991 2007 107
f 1872 2045 1871
f 1989 2083 2008
f 1960 1871 2045
f 2066 3279 1961
f 2012 2010 1993
f 2004 2019 2032
f 2018 1022 2032
f 2033 2008 2023
f 2002 2337 2334
f 1913 2385 1912
f 2031 2038 2037
f 1920 1921 2365
f 2111 2104 2105
f 2400 1933 1934
f 2007 2006 108
f 2473 2360 2472
f 2225 2027 2028
f 2050 2152 2252
f 2170 2264 2167
f 2251 2365 2250
f 2428 2429 2227
f 1921 1922 2250
f 2123 2022 2005
f 2022 2123 2124
f 2050 1923 1924
f 2272 2645 2502
f 2009 1989 2008
f 2656 2609 2516
f 2029 2023 2133
f 1913 2611 2385
f 1021 2119 1020
f 1917 1918 2359
f 2231 3117 2327
f 2954 2653 2958
f 1916 1917 2475
f 2359 2360 2567
f 1940 2000 2089
f 2007 108 107
f 1934 1935 2286
f 1924 1925 2050
f 2227 2326 2327
f 1962 1964 1974
f 2417 2420 2277
f 2278 1972 1983
f 1941 1970 2001
f 1929 1930 2362
f 2253 2255 2152
f 2363 2480 2362
f 110 109 2009
f 2372 2489 2490
f 2256 2153 2369
f 2278 2279 2180
f 2254 1927 2367
f 1999 1998 2000
f 1987 2004 2005
f 1937 2186 1936
f 1985 1025 1026
f 2114 2108 2109
f 1962 1986 1964
f 1981 2200 2197
f 2108 2093 2099
f 1941 2001 1940
f 2015 1020 2217
f 1999 1970 1013
f 1879 2070 1965
f 2004 1023 1024
f 1939 1940 2089
f 2016 2041 2040
f 2095 1939 2089
f 1987 2005 2022
f 2186 2187 1936
f 2025 2027 2222
f 1970 1941 975
f 2215 2118 2213
f 2356 2358 1957
f 2000 2001 1999
f 1953 2522 2260
f 2389 2276 2275
f 3291 2597 3290
f 1986 2021 1976
f 1023 2032 1022
f 2121 2003 2019
f 2051 2053 2157
f 1943 2067 1942
f 1956 2391 1955
f 1022 2018 1021
f 2168 1943 1944
f 2123 2020 2124
f 2052 1948 1949
f 2019 2004 1987
f 1949 1950 2052
f 2053 2051 2054
f 1991 1965 1992
f 2208 2117 2211
f 1948 2052 2054
f 1988 2004 1024
f 2124 1973 2022
f 2116 2427 2208
f 2260 2485 2159
f 2167 1962 1974
f 2019 1987 2218
f 2003 2018 2032
f 2025 115 114
f 2030 3278 2016
f 2015 1019 1020
f 2024 2025 2011
f 2026 2010 2012
f 111 110 2033
f 1957 1958 2356
f 1947 2054 2161
f 1013 1970 975
f 1975 1029 1030
f 2037 2017 2031
f 2691 2689 2692
f 1013 3278 1999
f 2035 2332 2037
f 2234 2136 2137
f 1986 1985 1964
f 2026 118 117
f 1029 1964 1028
f 1985 1028 1964
f 1985 1986 1976
f 1025 1985 1988
f 1975 1942 1974
f 1993 2010 2209
f 1992 2078 1991
f 3278 1013 1014
f 1030 1031 1942
f 1029 1975 1964
f 1976 2021 2123
f 2168 2167 2067
f 2034 113 112
f 1983 118 2026
f 2267 2160 2315
f 1988 1024 1025
f 1014 1015 2016
f 2266 2122 2373
f 1962 2264 1986
f 109 2006 2009
f 2025 2024 115
f 2119 2003 2118
f 2222 2223 2131
f 2010 2026 117
f 1983 2026 2012
f 2027 113 2034
f 2027 2013 2222
f 2028 2034 2029
f 2132 1994 2223
f 2029 111 2033
f 2135 2029 2014
f 2104 2111 1981
f 1998 1999 3278
f 2038 1017 1018
f 2031 2017 2039
f 2004 2032 1023
f 2032 2019 2003
f 2008 2033 110
f 2029 2033 2023
f 2029 2034 112
f 2027 2034 2028
f 2015 2234 1019
f 2136 2232 2329
f 2039 2338 2036
f 2016 2040 1997
f 2038 2031 1017
f 2332 2035 2331
f 2137 2038 1018
f 2037 2038 2035
f 2338 2334 2337
f 2039 2036 2041
f 2041 2016 1015
f 2198 2040 2036
f 2041 1016 2031
f 2040 2041 2036
f 1901 2354 1900
f 2354 2355 2244
f 1897 1898 2239
f 2140 2139 2236
f 2246 1873 1874
f 3242 2469 2470
f 2046 2045 1872
f 2045 2046 2047
f 1872 1873 2046
f 1873 2246 2144
f 2147 2047 2044
f 1960 2047 2148
f 1932 1933 2394
f 2730 2732 2731
f 2369 2367 2257
f 2474 2154 2631
f 1925 1926 2253
f 2152 2151 2250
f 2261 2158 2159
f 1986 2264 2021
f 2053 2052 1950
f 2052 2053 2054
f 1951 2158 1950
f 1951 2259 2158
f 2161 2054 2051
f 1947 1948 2054
f 3279 1972 2278
f 2044 2046 2144
f 3282 2163 2056
f 2166 2163 2162
f 1945 2169 1944
f 2057 2168 2169
f 2059 2058 1878
f 1963 1961 2171
f 125 2059 1878
f 123 2059 124
f 2704 2701 2750
f 2524 2062 2285
f 2501 2508 2505
f 2409 2526 2406
f 2074 2077 2281
f 2387 1884 1885
f 2309 2543 2210
f 3218 3232 3136
f 3215 2324 3285
f 2126 2130 2129
f 2297 2206 2295
f 2405 2410 2413
f 123 2066 1963
f 1982 2066 122
f 2067 1943 2168
f 1974 1942 2067
f 2103 2096 2090
f 2107 2099 2068
f 2280 2212 3288
f 2145 2589 2591
f 2071 2070 1880
f 1965 2070 1992
f 2074 2076 2085
f 2081 2079 1977
f 2072 2073 2076
f 3119 3120 3121
f 2074 2085 2077
f 2073 2072 2075
f 2077 2071 1881
f 2282 1882 1883
f 2079 2075 2072
f 2007 2080 1989
f 2085 2073 2071
f 2285 2074 2397
f 1881 1882 2077
f 2281 2077 1882
f 1991 2078 1990
f 2073 2078 1992
f 2182 2072 2076
f 3162 2083 2081
f 1990 2075 2080
f 2079 2080 2075
f 1989 2080 2081
f 2079 2081 2080
f 3120 1977 2087
f 2134 2228 2231
f 3162 2081 1977
f 2083 2082 2229
f 2084 2062 2088
f 2076 2084 2182
f 2073 2085 2076
f 2071 2077 2085
f 2072 2184 2079
f 2088 2698 2086
f 2184 2182 2183
f 2700 3121 2086
f 2062 2524 2669
f 2086 2087 2183
f 2091 2089 2000
f 2091 2094 2097
f 2091 2000 2092
f 2100 2096 2103
f 2092 2000 1998
f 2093 2094 2096
f 2090 2110 2104
f 2091 2092 2110
f 2096 2099 2093
f 1938 1939 2095
f 2096 2094 2090
f 2093 2095 2097
f 2097 2095 2089
f 2095 2093 2114
f 2188 2103 2104
f 2096 2068 2099
f 2091 2097 2089
f 2093 2097 2094
f 2106 2112 2190
f 2068 2096 2100
f 2068 2207 2107
f 2108 2102 2109
f 2190 2293 2191
f 2112 2100 2098
f 2185 2289 2291
f 1936 2187 2287
f 2102 2108 2107
f 2187 2205 2289
f 2103 2090 2104
f 2098 2100 2103
f 2105 2104 2110
f 1998 2105 2092
f 1998 2030 2105
f 1997 2105 2030
f 2106 2294 2113
f 2113 2115 2112
f 2115 2207 2068
f 2205 2107 2101
f 2107 2108 2099
f 2102 2186 2109
f 1937 1938 2109
f 1938 2095 2114
f 2091 2110 2090
f 2092 2105 2110
f 2105 1997 2111
f 2201 2111 1997
f 2191 2293 2188
f 2112 2106 2113
f 2106 2194 2196
f 2302 2101 2107
f 2108 2114 2093
f 1938 2114 2109
f 2112 2115 2100
f 2207 2115 2113
f 2025 2222 2224
f 2304 2305 2307
f 2117 2208 2314
f 2180 2279 2280
f 2213 2118 2003
f 2232 2216 1996
f 2003 2119 2018
f 2216 2217 2118
f 2218 1987 2219
f 3212 1973 3211
f 2218 2121 2019
f 3231 2121 2120
f 1947 2262 1946
f 2220 2221 2322
f 1976 2123 2005
f 2020 2123 2021
f 2127 2220 2126
f 2124 2020 2126
f 2126 2220 2125
f 2129 1973 2124
f 2127 2126 2020
f 2126 2125 2130
f 2021 2264 2268
f 2127 2122 2220
f 2318 2319 2323
f 3217 3199 3197
f 2126 2129 2124
f 3211 2128 3210
f 2318 3208 3209
f 2129 2130 2128
f 2131 2306 2305
f 2224 2116 2209
f 2132 2225 2135
f 2430 2432 2226
f 2133 2023 2134
f 2014 2029 2133
f 2023 2228 2134
f 2231 2229 3164
f 2135 2014 2313
f 2028 2029 2135
f 2330 2233 2329
f 2035 2038 2137
f 1019 2137 1018
f 2137 2136 2442
f 2348 2042 2349
f 2350 2346 2343
f 1894 1895 2238
f 2139 2343 2237
f 2239 2043 1897
f 2239 2140 2043
f 2141 2351 2243
f 2241 2242 2344
f 2355 2563 2464
f 2805 2766 2763
f 2165 1875 2162
f 2143 2164 2489
f 1873 2144 2046
f 2143 2489 2587
f 2144 2143 2587
f 2591 2600 2145
f 2586 2493 2587
f 2357 2247 2356
f 2044 2587 2588
f 2148 2147 2146
f 2467 2357 2148
f 2148 1959 1960
f 2707 2683 2412
f 2475 2359 2361
f 2249 2362 2364
f 2482 2582 2366
f 1922 1923 2252
f 2366 2251 2151
f 2253 2050 1925
f 2253 2152 2050
f 2368 1927 1928
f 2255 2256 2482
f 2484 2582 2580
f 2359 2567 2248
f 2159 2259 2260
f 2319 2128 2130
f 1951 1952 2259
f 2322 2221 2316
f 2053 1950 2158
f 2316 2157 2156
f 2156 2157 2158
f 2053 2158 2157
f 2260 1952 1953
f 2159 2485 2261
f 2161 2221 2315
f 2266 2267 2122
f 2221 2161 2051
f 2161 2160 2262
f 2162 1876 2166
f 2164 2162 2055
f 2056 2171 3282
f 2055 2162 2163
f 2492 2599 2490
f 2164 2143 2246
f 2162 2164 2165
f 1874 2165 2164
f 2058 2166 1877
f 2166 2056 2163
f 2067 2167 1974
f 2170 2167 2057
f 2169 2168 1944
f 2168 2057 2167
f 1946 2267 2374
f 2373 2265 2266
f 2169 2265 2057
f 2020 2268 2127
f 2166 2171 2056
f 1963 2171 2058
f 1906 1907 2604
f 2742 2741 2714
f 3121 3122 3119
f 2397 2074 2181
f 2836 2782 2854
f 2602 2494 2688
f 2386 1914 1915
f 2719 2721 2638
f 2388 2274 2387
f 2659 2398 2399
f 2523 2393 3223
f 3286 2487 3285
f 1955 2389 1954
f 3219 3234 3237
f 2402 2065 2409
f 2249 2364 2531
f 1983 2012 2279
f 2069 2491 3280
f 2283 1883 1884
f 2062 2084 2285
f 2084 2088 2182
f 2183 2182 2088
f 2086 2183 2088
f 2184 2087 2079
f 2182 2184 2072
f 2087 2184 2183
f 2289 2425 2291
f 2288 2292 2422
f 2109 2186 1937
f 2187 2186 2102
f 2187 2102 2205
f 2185 2286 2287
f 2188 1981 2191
f 2103 2188 2098
f 2197 2191 1981
f 2300 2199 2189
f 2293 2112 2098
f 2192 2190 2189
f 2200 3283 2197
f 2190 2191 2189
f 2619 2203 2204
f 2194 2192 1971
f 2619 2620 2684
f 2197 2300 2191
f 3299 3300 2911
f 2190 2194 2106
f 2926 1971 2203
f 2179 2401 2405
f 3302 2194 1971
f 2207 2295 2206
f 1981 2201 2200
f 2197 2193 2199
f 2198 2201 2040
f 2334 2338 2017
f 2443 2449 2451
f 2192 2203 1971
f 2201 1981 2111
f 2198 2339 3283
f 2040 2201 1997
f 2200 2201 2198
f 2193 2448 2199
f 2685 2708 2709
f 2204 2192 2189
f 2196 3302 3301
f 2199 2620 2189
f 2426 2618 2684
f 2205 2101 2289
f 2102 2107 2205
f 2294 2295 2113
f 2065 2299 2298
f 2295 2207 2113
f 2302 2207 2206
f 2208 1978 2314
f 2209 2208 1993
f 2224 2209 2011
f 2208 2209 2116
f 2210 2307 2309
f 2547 2544 2546
f 2208 2211 1993
f 2279 2211 2117
f 3287 3290 2597
f 2596 2597 2590
f 2121 2213 2003
f 1984 2214 2215
f 3211 1973 2129
f 2438 2330 2437
f 1984 2215 2213
f 2215 2214 2437
f 2216 2015 2217
f 2215 2216 2118
f 1020 2119 2217
f 2217 2119 2118
f 2219 1987 2022
f 2121 2218 2120
f 3214 2022 1973
f 2120 2218 2219
f 2221 2122 2315
f 2220 2122 2221
f 2316 2051 2157
f 2051 2316 2221
f 2223 2222 2013
f 2224 2222 2131
f 2223 2013 2225
f 2306 2223 1994
f 2025 2224 2011
f 2305 2224 2131
f 2027 2225 2013
f 2135 2225 2028
f 2429 2431 2227
f 2540 2326 2227
f 2227 2327 2428
f 2431 2312 2313
f 2023 2008 2228
f 2229 2228 2008
f 2083 2229 2008
f 3164 2229 2082
f 3120 3161 1977
f 2704 2800 1967
f 2229 2231 2228
f 2231 2230 3117
f 2329 2232 1996
f 2234 2232 2136
f 2444 2451 2449
f 2331 2035 2442
f 2234 2015 2232
f 2137 1019 2234
f 2556 2624 2625
f 2341 2457 2340
f 2236 1894 2238
f 2237 2236 2139
f 2343 2139 2344
f 2138 2347 2346
f 2043 2238 1895
f 2236 2238 2140
f 1898 2240 2239
f 2239 2240 2241
f 2352 1898 1899
f 2241 2240 2141
f 2242 2241 2141
f 2139 2140 2241
f 2243 2242 2141
f 2242 2042 2344
f 2352 2141 2240
f 2349 2345 2348
f 2355 1901 1902
f 2142 2462 2353
f 2564 2465 1903
f 2743 2754 2752
f 2164 2246 1874
f 2144 2246 2143
f 2247 3284 2644
f 2392 2469 2177
f 2359 1918 2472
f 2359 2569 2361
f 2481 1930 1931
f 2258 2580 2256
f 2250 1922 2252
f 2251 2250 2151
f 2366 2151 2482
f 2565 2473 2483
f 2050 2252 1923
f 2250 2252 2152
f 1926 2254 2253
f 2253 2254 2255
f 1927 2254 1926
f 2255 2254 2153
f 2256 2255 2153
f 2151 2152 2255
f 2153 2367 2369
f 2256 2049 2482
f 2480 1928 1929
f 2363 2362 2575
f 2257 2363 2479
f 2578 2581 2576
f 2260 2259 1952
f 2158 2259 2159
f 1954 2389 2390
f 2488 2371 2486
f 2317 2261 2155
f 2158 2261 2156
f 2161 2262 1947
f 2267 2262 2160
f 2592 2594 2596
f 2044 2588 2147
f 2167 2264 1962
f 2268 2264 2170
f 2266 2265 2169
f 2170 2057 2265
f 2169 2374 2266
f 2373 2122 2127
f 2267 2266 2374
f 2262 2267 1946
f 2021 2268 2020
f 2373 2268 2170
f 2601 2494 2605
f 2753 2630 2629
f 2457 2459 1889
f 2612 2518 2377
f 2378 2382 2381
f 2628 2602 2269
f 2272 2501 2498
f 2381 2271 2378
f 2475 2477 1916
f 2572 2574 2476
f 2517 1885 1886
f 2284 2396 2399
f 2275 2392 2393
f 2486 2390 2523
f 1957 2358 2471
f 2276 2469 2392
f 2286 2288 2400
f 2405 2413 2179
f 2279 2278 1983
f 3279 2278 2180
f 2211 2279 2012
f 2280 2279 2117
f 2280 2117 2314
f 2180 2280 2069
f 2282 2281 1882
f 2074 2281 2181
f 2283 2282 1883
f 2281 2282 2181
f 2387 2283 1884
f 2395 2274 2176
f 2283 2396 2181
f 2395 2283 2274
f 2074 2285 2084
f 2524 2285 2284
f 2287 2286 1935
f 2288 2286 2185
f 1936 2287 1935
f 2185 2287 2187
f 2292 2423 2291
f 2288 2277 2394
f 2299 2303 2298
f 2185 2187 2289
f 2179 2292 2401
f 2290 2292 2291
f 2425 2289 2101
f 2401 2292 2290
f 2422 2292 2179
f 2185 2423 2288
f 2112 2293 2190
f 2188 2293 2098
f 2106 2196 2294
f 2424 2195 2528
f 2424 2294 2196
f 2424 2296 2297
f 2527 2528 3334
f 2297 2296 2298
f 2424 2297 2295
f 2296 2527 2298
f 2065 2402 2299
f 2206 2297 2298
f 2425 2290 2291
f 2101 2302 2303
f 2191 2300 2189
f 2197 2199 2300
f 2450 2336 2333
f 2550 2551 2555
f 2207 2302 2107
f 2303 2302 2206
f 2298 2303 2206
f 2303 2299 2425
f 2116 2224 2305
f 3293 3292 3270
f 2223 2306 2131
f 2305 2304 2427
f 2310 2306 1994
f 2304 2307 2210
f 2305 2306 2307
f 2306 2310 2309
f 2311 2541 2310
f 2308 2541 2433
f 2306 2309 2307
f 2546 2433 2547
f 2311 2310 1994
f 2309 2310 2308
f 2312 1994 2132
f 2226 2432 2541
f 2313 2312 2132
f 2226 2311 2312
f 2135 2313 2132
f 2014 2326 2540
f 3360 2314 1978
f 2280 2314 2212
f 2267 2315 2122
f 2161 2315 2160
f 2317 2156 2261
f 2316 2156 2317
f 2317 2155 2321
f 2317 2320 2322
f 2325 3216 2321
f 3178 3180 3135
f 2130 2125 2319
f 2220 2320 2125
f 2320 2317 2321
f 2125 2320 2323
f 2325 2321 2155
f 2321 2318 2323
f 2317 2322 2316
f 2220 2322 2320
f 2125 2323 2319
f 2321 2323 2320
f 2261 2371 2155
f 3215 2064 3217
f 3286 2155 2371
f 2325 2324 3216
f 2133 2326 2014
f 2327 2326 2134
f 2231 2327 2134
f 2428 2327 1995
f 2799 2852 2781
f 3003 3004 2999
f 2330 2329 1996
f 2329 2233 2331
f 2437 2330 1996
f 2330 1980 2441
f 2456 2335 2331
f 2037 2332 2017
f 2335 2332 2331
f 2335 2336 2332
f 2441 2233 2330
f 2449 2002 2450
f 2443 2337 2002
f 2017 2332 2334
f 2456 2331 2233
f 2335 2333 2336
f 2002 2334 2336
f 2336 2334 2332
f 2337 3283 2339
f 2339 2036 2338
f 2017 2338 2039
f 2339 2338 2337
f 3283 2337 2193
f 2036 2339 2198
f 2340 1891 2460
f 2341 2340 2235
f 2624 2341 2235
f 2377 2459 2557
f 2236 2342 1893
f 2460 2342 2237
f 2343 2344 2348
f 2343 2348 2350
f 2344 2139 2241
f 2348 2344 2042
f 2142 2713 2711
f 2557 2561 2270
f 2138 2625 2347
f 2237 2343 2346
f 2340 2347 2235
f 1892 2460 1891
f 2349 2042 2461
f 2350 2348 2345
f 2462 2349 2461
f 2740 2710 2739
f 2345 2627 2350
f 2346 2350 2138
f 1899 1900 2351
f 1900 2354 2353
f 1899 2351 2352
f 2141 2352 2351
f 2142 2353 2244
f 2243 2351 2353
f 2355 2354 1901
f 2353 2354 2244
f 1903 2465 2563
f 2244 2463 2142
f 1958 1959 2466
f 2358 2356 2247
f 2467 2148 2146
f 2357 2467 3284
f 3246 2470 2247
f 2276 2391 2471
f 2472 1918 1919
f 2248 2569 2359
f 1919 1920 2473
f 2566 2474 2149
f 2566 2476 2569
f 2386 2477 2573
f 2362 1930 2481
f 2362 2249 2575
f 2478 2575 2617
f 2368 2480 2257
f 2534 1931 1932
f 2417 2179 2413
f 2250 2365 1921
f 2473 2365 2251
f 2580 2049 2256
f 2483 2366 2583
f 2254 2367 2153
f 2368 2367 1927
f 2368 1928 2480
f 2367 2368 2257
f 2479 2369 2257
f 2256 2369 2258
f 2150 2577 2576
f 2631 2632 2474
f 2371 2485 2486
f 3286 2325 2155
f 2490 2164 2055
f 2263 2586 2372
f 2268 2373 2127
f 2265 2373 2170
f 2169 1945 2374
f 1946 2374 1945
f 2603 1905 1906
f 2465 2564 2630
f 2510 2380 2384
f 2510 2512 2380
f 2459 1888 1889
f 2614 2521 2519
f 2381 2382 2379
f 2384 2383 2378
f 2497 1911 1912
f 2379 2497 2498
f 2510 2509 2512
f 2515 2608 2513
f 2382 2378 1910
f 2498 2505 2379
f 1910 1911 2382
f 2497 2382 1911
f 2384 2378 2271
f 2380 2513 2514
f 2511 2510 2607
f 2380 2383 2384
f 1914 2386 2656
f 2498 2497 2499
f 2477 1915 1916
f 2573 2609 2386
f 2387 1885 2517
f 2283 2387 2274
f 1886 1887 2518
f 2274 2519 2176
f 2389 1955 2391
f 2390 2389 2275
f 2390 2522 1954
f 2523 2390 2275
f 2471 2391 1956
f 2389 2391 2276
f 2177 3235 2392
f 2275 2276 2392
f 3147 3159 2434
f 3238 3220 3200
f 2394 1933 2400
f 2420 2394 2277
f 2399 2395 2176
f 2396 2395 2399
f 2396 2284 2397
f 2283 2395 2396
f 2396 2397 2181
f 2285 2397 2284
f 2521 2176 2519
f 2398 2659 2663
f 2659 2399 2176
f 2399 2398 2524
f 2286 2400 1934
f 2394 2400 2288
f 2402 2290 2299
f 2401 2290 2402
f 2408 2404 2405
f 2409 2408 2411
f 3334 2195 3335
f 2650 2651 2649
f 2707 2415 2616
f 2407 2421 2419
f 2411 2401 2402
f 2410 2405 2404
f 2527 2526 2065
f 2404 2529 2415
f 2535 2410 2414
f 2533 2420 2417
f 2405 2401 2411
f 2529 2408 2406
f 2527 2065 2298
f 2408 2409 2406
f 2414 2410 2404
f 2410 2407 2413
f 2409 2411 2402
f 2405 2411 2408
f 2414 2404 2415
f 2419 2421 2640
f 2418 2413 2407
f 2277 2422 2417
f 2529 2404 2408
f 2412 2421 2535
f 2415 2403 2616
f 2412 2414 2415
f 2416 2418 2419
f 2617 2531 2532
f 2418 2417 2413
f 2533 2364 2420
f 2419 2418 2407
f 2418 2416 2533
f 2407 2535 2421
f 2419 2150 2532
f 2364 2481 2534
f 2420 2534 2394
f 2412 2536 2421
f 2536 2538 2641
f 2417 2422 2179
f 2288 2422 2277
f 2291 2423 2185
f 2292 2288 2423
f 2294 2424 2295
f 2195 2424 2196
f 2303 2425 2101
f 2290 2425 2299
f 2443 2193 2337
f 2684 2618 2539
f 2305 2427 2116
f 3294 2427 2304
f 3079 2428 1995
f 2429 2428 2328
f 2430 2429 2328
f 2429 2226 2431
f 2547 3064 2436
f 2430 1979 2432
f 2312 2431 2226
f 2313 2014 2540
f 2433 2432 1979
f 2541 2308 2310
f 2547 1979 3064
f 2436 2435 2545
f 3070 2436 3064
f 3244 3250 2063
f 3065 3029 3066
f 2545 2435 3143
f 3030 1979 2430
f 2544 2436 2545
f 2437 1996 2216
f 2438 2437 2214
f 1984 3230 2214
f 2438 2440 3096
f 3213 3230 1984
f 3211 3210 3212
f 3241 2214 3230
f 1969 3050 3048
f 2441 1980 2447
f 2453 2447 2446
f 2137 2442 2035
f 2329 2442 2136
f 2443 2002 2449
f 2199 2448 2426
f 2441 2447 2453
f 3183 2439 3196
f 3007 2552 2972
f 2455 2621 2444
f 3056 3095 3042
f 2454 2450 2333
f 2447 1980 3042
f 2549 2453 2446
f 2193 2443 2448
f 2451 2448 2443
f 2002 2336 2450
f 2444 2622 2451
f 2452 2456 2453
f 2454 2455 2450
f 2618 2451 2301
f 2451 2426 2448
f 2548 2549 2445
f 2450 2455 2444
f 2452 2454 2456
f 2233 2441 2453
f 2454 2333 2456
f 2455 2454 2452
f 2452 2548 2455
f 2551 2455 2548
f 2335 2456 2333
f 2233 2453 2456
f 2340 2457 1890
f 2459 2457 2341
f 2458 2556 2626
f 2627 2345 2739
f 2558 2341 2624
f 2496 2459 2377
f 2460 1892 2342
f 2340 2460 2347
f 2242 2461 2042
f 2462 2461 2243
f 2353 2462 2243
f 2462 2142 2711
f 2355 2464 2463
f 2752 2713 2464
f 2355 1902 2563
f 2752 2464 2245
f 1903 1904 2564
f 2245 2464 2465
f 2148 2466 1959
f 2356 2466 2357
f 2589 2467 2146
f 3284 2467 2145
f 2695 2145 2598
f 3243 3236 3242
f 2471 2469 2276
f 2470 2469 2358
f 2247 2470 2358
f 3243 3242 2468
f 1957 2471 1956
f 2469 2471 2358
f 2473 2472 1919
f 2359 2472 2360
f 2365 2473 1920
f 2473 2251 2483
f 2474 2567 2565
f 2584 2154 2583
f 2359 2475 1917
f 2477 2475 2361
f 2637 2572 2476
f 2361 2571 2477
f 2569 2571 2361
f 2386 1915 2477
f 2576 2478 2150
f 2479 2258 2369
f 2575 2479 2363
f 2581 2479 2478
f 2362 2480 1929
f 2480 2363 2257
f 2481 1931 2534
f 2362 2481 2364
f 2482 2151 2255
f 2582 2482 2049
f 2483 2154 2565
f 2251 2366 2483
f 2585 2584 2484
f 2483 2583 2154
f 2486 2485 2260
f 2261 2485 2371
f 2486 2260 2522
f 2488 2486 2178
f 3200 3222 3225
f 3221 3285 2487
f 3222 2488 2178
f 2488 2487 3286
f 2490 2489 2164
f 2587 2489 2372
f 2492 2490 2055
f 2372 2490 2599
f 3281 1961 3279
f 2593 2594 2595
f 3281 2492 2055
f 2491 2595 2599
f 2263 2594 2592
f 2588 2589 2146
f 2375 2603 2602
f 2603 2495 2605
f 2513 1907 1908
f 2495 2608 2605
f 2459 2496 1888
f 2518 2496 2377
f 1912 2385 2497
f 2499 2272 2498
f 2507 2500 2501
f 2504 2379 2505
f 2497 2385 2499
f 2499 2385 2610
f 2175 2654 2655
f 2500 2508 2501
f 2502 2501 2272
f 2508 2500 2960
f 2645 2606 2502
f 2953 2732 2061
f 2504 2503 2506
f 2504 2271 2381
f 2379 2504 2381
f 2503 2959 2506
f 2501 2505 2498
f 2503 2504 2505
f 2506 2174 2511
f 2271 2504 2506
f 2501 2502 2507
f 3296 2502 2175
f 2960 2500 2955
f 2505 2508 2503
f 2826 2803 2824
f 2689 2172 2687
f 2271 2607 2384
f 2506 2607 2271
f 2823 2511 2174
f 2510 2511 2509
f 2716 2512 2509
f 2605 2608 2376
f 2515 2513 2380
f 2604 2513 2495
f 1908 2383 2514
f 2380 2514 2383
f 2380 2512 2515
f 2718 2608 2512
f 2645 2609 2273
f 2610 2272 2499
f 2518 2517 1886
f 2387 2517 2388
f 2612 2377 2270
f 2518 2388 2517
f 2614 2518 2612
f 2670 2613 2657
f 2662 2615 2660
f 2521 2659 2176
f 2518 2614 2388
f 2660 2659 2521
f 1954 2522 1953
f 2486 2522 2390
f 2393 2523 2275
f 2486 2523 2178
f 2399 2524 2284
f 2669 2524 2398
f 2922 2884 2879
f 3322 3324 3325
f 2065 2526 2409
f 3331 2526 2525
f 2528 2527 2296
f 2525 2526 2527
f 2424 2528 2296
f 2528 2195 3334
f 3350 2406 3325
f 2415 2529 3350
f 2652 2728 2731
f 2646 2606 2273
f 2533 2531 2364
f 2532 2531 2416
f 2419 2532 2416
f 2150 2478 2617
f 2418 2533 2417
f 2533 2416 2531
f 2394 2534 1932
f 2534 2420 2364
f 2410 2535 2407
f 2412 2535 2414
f 2683 2536 2412
f 2538 2536 2048
f 2634 2632 2568
f 2576 2579 2370
f 2048 2720 2636
f 2537 2577 2641
f 2987 2685 2709
f 2708 2619 2539
f 2227 2431 2540
f 2313 2540 2431
f 2226 2541 2311
f 2433 2541 2432
f 3072 3144 2435
f 2543 3270 2210
f 2546 2309 2308
f 3270 2542 3277
f 2542 2543 2544
f 2544 2543 2546
f 2435 3144 3143
f 2542 2544 2545
f 2309 2546 2543
f 2433 2546 2308
f 1979 2547 2433
f 2436 2544 2547
f 2549 2548 2452
f 2551 2550 2621
f 2453 2549 2452
f 2549 2446 3094
f 3046 3015 3040
f 2555 2554 2981
f 2445 3023 2548
f 3014 3013 3008
f 3072 3106 3144
f 2708 2202 2619
f 3018 3019 3021
f 2934 2935 2917
f 3020 3018 2554
f 2984 2553 2979
f 2555 2551 3020
f 2981 2554 2980
f 2235 2347 2625
f 2558 2559 2561
f 2459 2558 2557
f 2556 2559 2558
f 2341 2558 2459
f 2559 2556 2458
f 2562 2559 2458
f 2561 2557 2558
f 2785 2787 2786
f 2657 2613 2270
f 2562 2561 2559
f 2561 2562 2696
f 2458 2786 2787
f 2562 2560 2696
f 1903 2563 1902
f 2464 2563 2465
f 1904 2375 2564
f 2375 2602 2628
f 2474 2565 2154
f 2360 2473 2565
f 2476 2566 2149
f 2567 2566 2248
f 2565 2567 2360
f 2566 2567 2474
f 2585 2568 2584
f 2635 2537 2636
f 2566 2569 2248
f 2571 2569 2476
f 2149 2638 2637
f 2654 2728 2652
f 2149 2637 2476
f 2573 2571 2574
f 2572 2647 2646
f 2574 2273 2573
f 2573 2273 2609
f 2477 2571 2573
f 2476 2574 2571
f 2574 2572 2646
f 2617 2575 2249
f 2479 2575 2478
f 2640 2150 2419
f 2578 2576 2370
f 2577 2640 2641
f 2579 2537 2370
f 2484 2578 2370
f 2581 2578 2258
f 2576 2577 2579
f 2537 2579 2577
f 2258 2578 2580
f 2484 2580 2578
f 2479 2581 2258
f 2576 2581 2478
f 2580 2582 2049
f 2583 2582 2484
f 2582 2583 2366
f 2584 2583 2484
f 2585 2484 2370
f 2584 2568 2631
f 2370 2537 2585
f 2635 2585 2537
f 2586 2263 2592
f 2588 2587 2493
f 2144 2587 2044
f 2372 2586 2587
f 2589 2588 2493
f 2146 2147 2588
f 2591 2589 2493
f 2589 2145 2467
f 2493 2592 2591
f 2590 3248 2600
f 2493 2586 2592
f 2591 2590 2600
f 2594 2263 2595
f 2591 2592 2596
f 2593 3288 3287
f 3295 1968 3271
f 2263 2599 2595
f 2596 2594 2593
f 2491 2069 2595
f 2642 2595 2069
f 2596 2593 2597
f 2596 2590 2591
f 2593 3287 2597
f 3287 3360 3290
f 2590 3295 2643
f 3245 3243 2468
f 2599 2263 2372
f 2491 2599 2492
f 3248 2590 2643
f 2145 2600 2598
f 2376 2718 2693
f 2689 2687 2688
f 2603 2375 1905
f 2688 2494 2601
f 2603 1906 2604
f 2602 2603 2494
f 2513 2604 1907
f 2603 2604 2495
f 2601 2605 2376
f 2603 2605 2494
f 2273 2574 2646
f 2175 2502 2606
f 2511 2607 2506
f 2384 2607 2510
f 2513 2608 2495
f 2512 2608 2515
f 2645 2273 2606
f 2656 2516 2611
f 2611 2610 2385
f 2645 2610 2516
f 1914 2611 1913
f 2610 2611 2516
f 2613 2612 2270
f 2614 2519 2388
f 2696 2270 2561
f 2521 2658 2520
f 2612 2613 2614
f 2614 2613 2658
f 2660 2666 2662
f 2674 2669 2665
f 3320 3321 3317
f 3320 2706 2616
f 2531 2617 2249
f 2150 2617 2532
f 2451 2618 2426
f 2709 2618 2301
f 2203 2619 2202
f 2620 2619 2204
f 2189 2620 2204
f 2684 2199 2426
f 2551 2621 2455
f 2622 2621 2550
f 2981 2987 2988
f 2622 2301 2451
f 2965 2967 2966
f 2891 2933 2914
f 2625 2624 2235
f 2558 2624 2556
f 2350 2627 2138
f 2556 2625 2626
f 2625 2138 2627
f 2625 2627 2626
f 2711 2349 2462
f 2741 2627 2739
f 2629 2628 2269
f 2465 2630 2245
f 2269 2687 2629
f 2746 2743 2744
f 2564 2628 2630
f 2629 2630 2628
f 2584 2631 2154
f 2632 2631 2568
f 2633 2634 2635
f 2474 2632 2149
f 2719 2638 2633
f 2634 2638 2632
f 2635 2634 2568
f 2634 2633 2638
f 2585 2635 2568
f 2537 2538 2636
f 2048 2636 2538
f 2633 2635 2636
f 2632 2638 2149
f 2647 2639 2570
f 2694 2719 2720
f 2721 2570 2748
f 2572 2637 2639
f 2748 2637 2638
f 2641 2640 2421
f 2150 2640 2577
f 2536 2641 2421
f 2537 2641 2538
f 2069 2280 3288
f 2593 2595 2642
f 3269 3268 3254
f 3244 2063 3243
f 3244 3245 3247
f 2644 3245 3246
f 2610 2645 2272
f 2609 2645 2516
f 2572 2639 2647
f 2606 2646 2649
f 2650 2647 2570
f 2606 2649 2175
f 2570 2749 2723
f 2507 3296 2957
f 2646 2647 2649
f 2649 2647 2650
f 2724 2749 2721
f 2650 2648 2651
f 2654 2651 2648
f 2175 2649 2651
f 2650 2723 2648
f 2958 2732 2937
f 3296 2653 2957
f 2654 2175 2651
f 3297 2729 2725
f 2655 2654 2652
f 2655 2652 2958
f 2175 2655 2653
f 2609 2656 2386
f 2611 1914 2656
f 2697 2657 2696
f 2671 2670 2173
f 2614 2658 2521
f 2613 2520 2658
f 2660 2521 2520
f 2659 2615 2663
f 2662 2666 2661
f 2615 2659 2660
f 2677 2705 2671
f 2665 2672 2664
f 2666 2660 2520
f 2680 2679 2673
f 2663 2615 2665
f 2398 2663 2669
f 2673 2672 2676
f 2673 2662 2661
f 2665 2676 2672
f 2665 2664 2674
f 2670 2666 2520
f 2671 2666 2670
f 2734 2736 2775
f 2664 2733 2750
f 2702 2700 2698
f 2669 2699 2062
f 2665 2669 2663
f 2669 2668 2699
f 2613 2670 2520
f 2670 2657 2697
f 2677 2671 2173
f 2661 2666 2671
f 2665 2615 2676
f 2667 2734 2733
f 2680 2678 2679
f 2672 2673 2667
f 2702 2664 2701
f 2669 2674 2668
f 2785 2784 2747
f 2679 2667 2673
f 2615 2662 2676
f 2673 2676 2662
f 2715 2786 2458
f 2675 2794 2808
f 2808 2794 2791
f 2811 2812 2813
f 2680 2673 2661
f 2679 2678 2737
f 2705 2661 2671
f 2681 2677 2675
f 2678 2680 2681
f 2681 2680 2705
f 2530 2726 2727
f 2048 2536 2683
f 2707 2412 2415
f 2048 2683 2682
f 2619 2684 2539
f 2199 2684 2620
f 2539 2618 2709
f 2929 2912 2928
f 2761 2745 2762
f 2763 2677 2764
f 2688 2687 2269
f 2744 2743 2753
f 2602 2688 2269
f 2689 2688 2601
f 2717 2692 2693
f 2689 2601 2692
f 2509 2853 2822
f 2689 2691 2768
f 2803 2782 2802
f 2172 2759 2758
f 2693 2692 2601
f 2692 2690 2820
f 2601 2376 2693
f 2608 2718 2376
f 2727 2048 2682
f 2721 2694 2724
f 3247 2695 2598
f 3284 2695 2644
f 2697 2696 2560
f 2270 2696 2657
f 2787 2806 2560
f 2670 2697 2173
f 2699 2088 2062
f 2674 2664 2702
f 2668 2698 2699
f 2088 2699 2698
f 2086 2698 2700
f 2698 2668 2702
f 2664 2672 2733
f 1967 2700 2701
f 2674 2702 2668
f 2700 2702 2701
f 2703 2733 2734
f 1967 2701 2704
f 2777 2767 2776
f 2704 2703 2767
f 2681 2705 2677
f 2661 2705 2680
f 2727 2706 2530
f 2707 2706 2682
f 2706 2707 2616
f 2683 2707 2682
f 2709 2708 2539
f 2928 2708 2685
f 2988 2301 2622
f 2709 2988 2987
f 2740 2349 2711
f 2626 2715 2458
f 2463 2713 2142
f 2710 2711 2755
f 2752 2753 2743
f 2754 2755 2757
f 2464 2713 2463
f 2713 2712 2757
f 2788 2710 2755
f 2763 2675 2677
f 2742 2626 2627
f 2786 2714 2784
f 2823 2853 2511
f 2717 2716 2690
f 2692 2717 2690
f 2718 2717 2693
f 2512 2716 2718
f 2718 2716 2717
f 2720 2719 2633
f 2721 2719 2694
f 2636 2720 2633
f 2720 2048 2727
f 2724 2726 3369
f 2570 2639 2748
f 2706 3320 2530
f 3297 2723 2729
f 2570 2723 2650
f 2723 2722 2729
f 2726 2724 2694
f 2749 2722 2723
f 3320 3364 2530
f 3330 3312 3326
f 2727 2726 2694
f 2530 3364 3369
f 2727 2694 2720
f 2727 2682 2706
f 3297 2654 2648
f 3311 2731 2725
f 2725 3363 3362
f 3297 2725 2728
f 3351 3337 3316
f 2883 2884 2885
f 2725 2731 2728
f 2730 2943 2732
f 2951 2937 2953
f 2652 2731 2732
f 2667 2733 2672
f 2750 2703 2704
f 2679 2737 2736
f 2667 2736 2734
f 2681 2792 2809
f 2777 2779 2751
f 2679 2736 2667
f 2735 2813 2775
f 2678 2681 2809
f 2736 2737 2735
f 2795 2851 3002
f 3079 3082 3077
f 2740 2739 2345
f 2741 2739 2710
f 2349 2740 2345
f 2710 2740 2711
f 2788 2741 2710
f 2714 2715 2742
f 2626 2742 2715
f 2627 2741 2742
f 2629 2687 2744
f 2755 2754 2686
f 2687 2172 2744
f 2745 2756 2754
f 2172 2758 2744
f 2746 2758 2745
f 2758 2746 2744
f 2754 2746 2745
f 2756 2783 2686
f 2761 2783 2756
f 2637 2748 2639
f 2638 2721 2748
f 2721 2749 2570
f 2722 2749 2724
f 2664 2750 2701
f 2703 2750 2733
f 2776 2703 2734
f 2781 2801 2799
f 2752 2712 2713
f 2753 2752 2245
f 2630 2753 2245
f 2744 2753 2629
f 2752 2754 2712
f 2754 2743 2746
f 2755 2686 2788
f 2757 2755 2711
f 2758 2762 2745
f 2686 2754 2756
f 2713 2757 2711
f 2754 2757 2712
f 2759 2172 2768
f 2841 2838 2840
f 2759 2768 2802
f 2837 2782 2836
f 2763 2794 2675
f 2761 2760 2771
f 2745 2761 2756
f 2790 2771 2760
f 2758 2759 2841
f 2761 2762 2840
f 2764 2677 2173
f 2747 2784 2772
f 2173 2697 2806
f 2763 2764 2805
f 2794 2790 2773
f 2766 2794 2763
f 2766 2747 2772
f 2766 2765 2794
f 2775 2776 2734
f 2801 2781 2800
f 2689 2768 2172
f 2802 2768 2691
f 2824 2690 2822
f 2866 2868 2869
f 2784 2770 2772
f 2741 2788 2789
f 2765 2766 2772
f 2783 2771 2770
f 2770 2771 2772
f 2772 2771 2765
f 2773 2760 2838
f 2839 2807 2773
f 2793 2735 2737
f 2777 2774 2780
f 2735 2775 2736
f 2775 2774 2776
f 2777 2776 2774
f 2767 2703 2776
f 2780 2779 2777
f 2767 2777 2751
f 2735 2846 2813
f 2738 3005 2797
f 2797 2817 2795
f 2779 2797 2796
f 2812 2780 2774
f 2780 2815 2817
f 2796 2751 2779
f 3195 3201 3357
f 2803 2691 2820
f 2834 2769 2833
f 2771 2783 2761
f 2788 2783 2770
f 2805 2785 2747
f 2789 2784 2714
f 2785 2805 2806
f 2458 2787 2562
f 2714 2786 2715
f 2784 2785 2786
f 2787 2785 2806
f 2562 2787 2560
f 2783 2788 2686
f 2770 2784 2789
f 2741 2789 2714
f 2770 2789 2788
f 2771 2790 2765
f 2760 2773 2790
f 2793 2809 2842
f 2681 2675 2808
f 2843 2791 2865
f 2737 2678 2809
f 2842 2843 2865
f 2793 2842 2845
f 2790 2794 2765
f 2794 2773 2807
f 2847 2795 2817
f 2847 2851 2795
f 2796 2797 3005
f 2751 2796 2799
f 2817 2797 2779
f 2738 2797 2795
f 2902 2997 2996
f 3081 3080 3034
f 2999 3004 3005
f 3004 3037 2799
f 2767 2800 2704
f 2800 2781 3124
f 2767 2751 2801
f 2799 2801 2751
f 2803 2802 2691
f 2837 2802 2782
f 2716 2822 2690
f 2803 2826 2854
f 2804 2839 2838
f 2841 2759 2837
f 2805 2747 2766
f 2806 2805 2764
f 2173 2806 2764
f 2806 2697 2560
f 2865 2807 2060
f 2794 2807 2791
f 2843 2808 2791
f 2681 2808 2792
f 2842 2809 2792
f 2737 2809 2793
f 2857 2836 2834
f 2830 2769 2854
f 2830 2833 2769
f 2817 2815 2778
f 2774 2775 2813
f 2812 2811 2816
f 2793 2845 2846
f 2774 2813 2812
f 2810 2866 2844
f 2847 2850 2818
f 2780 2812 2815
f 2815 2812 2816
f 2868 2816 2811
f 2815 2816 2814
f 2817 2779 2780
f 2847 2817 2778
f 2847 2860 2850
f 2889 2818 2886
f 3080 3084 3033
f 3356 3359 3355
f 2692 2820 2691
f 2690 2803 2820
f 2503 2960 2959
f 2824 2821 2827
f 2509 2822 2716
f 2824 2822 2821
f 2963 2835 2952
f 2853 2821 2822
f 2827 2826 2824
f 2690 2824 2803
f 2829 2863 2827
f 2880 2878 2883
f 2830 2826 2825
f 2854 2769 2836
f 2829 2827 2821
f 2825 2826 2827
f 2835 2829 2821
f 2918 2906 2874
f 2835 2821 2823
f 2963 2862 2829
f 2855 2918 2894
f 2874 2873 2893
f 2863 2825 2827
f 2886 2861 2885
f 2832 2864 2856
f 2865 2834 2856
f 2893 2830 2825
f 2833 2832 2834
f 2856 2834 2832
f 2857 2834 2060
f 2174 2964 2823
f 2952 2964 2956
f 2834 2836 2769
f 2837 2836 2804
f 2838 2837 2804
f 2837 2759 2802
f 2857 2839 2804
f 2840 2838 2760
f 2807 2839 2060
f 2773 2838 2839
f 2761 2840 2760
f 2762 2758 2841
f 2838 2841 2837
f 2841 2840 2762
f 2843 2842 2792
f 2844 2842 2810
f 2808 2843 2792
f 2807 2865 2791
f 2892 2864 2867
f 2846 2859 2813
f 2842 2844 2845
f 2869 2859 2844
f 2793 2846 2735
f 2845 2844 2859
f 2778 2815 2860
f 2851 2847 2897
f 2872 2868 2871
f 2882 2818 2850
f 2849 2897 2889
f 2849 2902 2996
f 2860 2847 2778
f 2850 2848 2882
f 2897 2847 2818
f 2851 2849 3002
f 3037 2852 2799
f 3357 2852 2819
f 2511 2853 2509
f 2821 2853 2823
f 2803 2854 2782
f 2830 2854 2826
f 2940 2920 2938
f 2873 2831 2864
f 2832 2873 2864
f 2865 2856 2810
f 2839 2857 2060
f 2836 2857 2804
f 2871 2877 2870
f 2868 2811 2869
f 2813 2859 2811
f 2845 2859 2846
f 2872 2860 2814
f 2850 2860 2848
f 2872 2848 2860
f 2870 2877 2878
f 2919 2862 2828
f 2855 2894 2863
f 2829 2862 2863
f 2855 2863 2862
f 2875 2864 2831
f 2875 2867 2864
f 2865 2810 2842
f 2834 2865 2060
f 2810 2856 2892
f 2866 2858 2868
f 2858 2866 2867
f 2866 2810 2892
f 2868 2858 2871
f 2816 2868 2814
f 2859 2869 2811
f 2866 2869 2844
f 2858 2867 2875
f 2870 2880 2882
f 2877 2858 2875
f 2872 2871 2870
f 2848 2872 2870
f 2868 2872 2814
f 2832 2833 2893
f 2893 2873 2832
f 2919 2906 2855
f 2831 2873 2874
f 2947 2875 2946
f 2877 2871 2858
f 2944 2945 2906
f 2891 2922 2925
f 2946 2875 2831
f 2877 2947 2878
f 2881 2878 2876
f 2881 2883 2878
f 3314 3304 2939
f 3138 3140 2887
f 2882 2880 2861
f 2870 2878 2880
f 2922 2910 2925
f 2881 2879 2883
f 2882 2861 2818
f 2870 2882 2848
f 2883 2879 2884
f 2880 2883 2861
f 2933 2925 2890
f 2898 2900 2888
f 2886 2885 1966
f 2883 2885 2861
f 2898 2889 2886
f 2861 2886 2818
f 2926 3300 1971
f 2928 2930 2927
f 2901 2900 2898
f 2849 2889 2902
f 2898 2886 1966
f 2902 2889 2888
f 2922 2909 2910
f 2929 3059 2912
f 2909 2879 2881
f 2933 2913 2914
f 2864 2892 2856
f 2866 2892 2867
f 2830 2893 2833
f 2825 2863 2894
f 2874 2893 2894
f 2825 2894 2893
f 2923 3304 2907
f 2831 2874 2945
f 2926 2927 2911
f 2929 2928 2685
f 2851 2897 2849
f 2818 2889 2897
f 2914 2901 1966
f 2888 2889 2898
f 3024 3099 3101
f 2903 2962 2967
f 2901 2898 1966
f 2950 2962 2917
f 2899 2915 2913
f 2900 2901 2915
f 2888 2905 2902
f 2997 2904 3000
f 2917 2904 2905
f 2992 2903 2967
f 2934 2888 2900
f 3000 3087 3086
f 2905 2888 2934
f 2905 2904 2997
f 2855 2862 2919
f 2906 2895 2944
f 2895 2938 2941
f 3361 2924 2907
f 3305 2909 2876
f 2921 3303 3305
f 2876 2909 2881
f 2909 2908 2910
f 2908 2923 2910
f 2923 2924 2910
f 2927 2203 2202
f 2932 3299 2911
f 2969 2976 2973
f 2896 2930 3026
f 3165 3100 2890
f 2913 2915 2914
f 1966 2884 2914
f 2891 2914 2884
f 2915 2899 2948
f 2901 2914 2915
f 3025 3059 3060
f 2973 2976 2978
f 2935 2900 2948
f 2949 2950 2917
f 2894 2918 2874
f 2855 2906 2918
f 2920 2919 2828
f 2906 2919 2940
f 2920 2828 2951
f 2938 2920 2061
f 2921 2944 3303
f 2921 2946 2945
f 2884 2922 2891
f 2909 2922 2879
f 3304 2908 3303
f 2923 2907 2924
f 3315 3309 3314
f 3138 3141 3140
f 2910 2924 2925
f 2924 2890 2925
f 2927 2926 2203
f 3300 2926 2911
f 2202 2928 2927
f 2927 2930 2932
f 2928 2202 2708
f 2930 2928 2912
f 2685 2931 2929
f 2623 2977 2970
f 2912 3059 3026
f 2932 2930 2896
f 2987 2931 2685
f 2970 2931 2623
f 2896 3345 3299
f 2927 2932 2911
f 2925 2933 2891
f 3100 2933 2890
f 2935 2934 2900
f 2905 2934 2917
f 2935 2899 3024
f 2949 2935 3354
f 2828 2952 2951
f 2500 2507 2957
f 2920 2953 2061
f 2937 2936 2954
f 2942 2939 2941
f 2940 2938 2895
f 2938 2942 2941
f 3315 2942 3307
f 2906 2940 2895
f 2920 2940 2919
f 2942 2938 2061
f 3303 2941 2939
f 2943 2061 2732
f 2942 2943 3307
f 3310 2730 3308
f 2061 2943 2942
f 3303 2944 2895
f 2944 2921 2945
f 2945 2874 2906
f 2921 3305 2946
f 2947 2946 2876
f 2831 2945 2946
f 2878 2947 2876
f 2875 2947 2877
f 2915 2948 2900
f 2899 2935 2948
f 2949 2916 2968
f 2917 2935 2949
f 2950 2968 2966
f 2967 2962 2950
f 2828 2963 2952
f 2937 2951 2936
f 2964 2952 2835
f 2936 2951 2952
f 2951 2953 2920
f 2732 2953 2937
f 2955 2954 2936
f 2653 2655 2958
f 2955 2936 2956
f 2957 2955 2500
f 2952 2956 2936
f 2959 2956 2174
f 2653 2954 2957
f 2955 2957 2954
f 2732 2958 2652
f 2937 2954 2958
f 2506 2959 2174
f 2960 2503 2508
f 2955 2956 2960
f 2959 2960 2956
f 2966 2973 2961
f 2972 2552 2991
f 3000 2962 2903
f 2917 2962 2904
f 2862 2963 2828
f 2835 2963 2829
f 2823 2964 2835
f 2956 2964 2174
f 2965 2971 2972
f 2991 2965 2972
f 2974 2973 2966
f 2971 2966 2961
f 2966 2967 2950
f 2992 2967 2965
f 2949 2968 2950
f 2974 2968 2916
f 3354 2916 2949
f 2970 3059 2929
f 2970 2929 2931
f 2990 2974 2916
f 2971 2961 2972
f 2965 2966 2971
f 2983 2979 2982
f 2961 2983 2972
f 2966 2968 2974
f 2977 2975 2976
f 3058 3354 3024
f 2973 2974 3027
f 3021 2984 2554
f 2978 2961 2973
f 2977 2976 2969
f 2976 2975 2978
f 2970 2977 2969
f 2977 2623 2986
f 2975 2979 2978
f 2961 2978 2983
f 2979 2975 2980
f 2979 2553 2982
f 2985 2980 2986
f 2555 2981 2550
f 2980 2985 2981
f 2985 2987 2981
f 3016 3008 3012
f 2972 2982 3007
f 2979 2983 2978
f 2972 2983 2982
f 2979 2980 2984
f 2554 2984 2980
f 2986 2980 2975
f 2931 2987 2623
f 2977 2986 2975
f 2623 2985 2986
f 2301 2988 2709
f 2623 2987 2985
f 2622 2550 2988
f 2981 2988 2550
f 3024 2899 3099
f 2970 2969 3060
f 3025 3060 3061
f 3027 2990 3060
f 2991 2552 3171
f 2965 2991 2992
f 3092 3145 3074
f 2903 2992 2998
f 3075 3074 3071
f 3029 3031 3081
f 3131 3085 3093
f 2999 3002 2996
f 3173 3089 3168
f 3132 3086 3035
f 2902 2905 2997
f 2999 2996 2994
f 2962 3000 2904
f 2996 2997 3086
f 3170 2992 3168
f 2998 2995 3087
f 3003 2999 2994
f 3002 2999 2738
f 2998 3000 2903
f 3087 3035 3086
f 3132 3093 3003
f 3036 2798 3037
f 3002 2738 2795
f 2996 3002 2849
f 3003 2994 3132
f 3004 3003 3001
f 3036 3001 3126
f 2796 3005 2799
f 2999 3005 2738
f 2799 3005 3004
f 3044 3043 3054
f 3007 3011 2552
f 3010 3007 2982
f 3007 3013 3011
f 3010 2982 3012
f 3010 3012 3008
f 3113 3147 3148
f 2435 3070 3072
f 3012 2982 2553
f 3013 3010 3008
f 3013 3007 3010
f 3114 3011 3009
f 3019 3016 3012
f 3038 3018 3020
f 3016 3017 3008
f 3011 3013 3009
f 3014 3006 3109
f 3009 3013 3014
f 3046 3040 3047
f 3017 3006 3014
f 3019 3012 2553
f 3049 3046 3044
f 3008 3017 3014
f 3016 3022 3049
f 2555 3020 2554
f 3049 3022 3015
f 3021 3019 2553
f 3019 3018 3022
f 2551 3023 3020
f 3020 3023 3038
f 2984 3021 2553
f 3018 3021 2554
f 3019 3022 3016
f 3038 3022 3018
f 2548 3023 2551
f 3038 3023 2445
f 3100 3099 2899
f 3058 3024 2989
f 3062 3026 3025
f 3026 2930 2912
f 3062 3025 3102
f 3103 3026 3062
f 2973 3027 2969
f 2974 2990 3027
f 3030 3032 3064
f 3129 3091 3092
f 3030 2430 3031
f 3029 3030 3031
f 3031 2430 2328
f 3030 3029 3032
f 3081 3034 3029
f 2328 3079 3078
f 3029 3065 3032
f 2436 3070 2435
f 3085 3126 3093
f 3067 3033 3105
f 3078 3031 2328
f 3065 3066 3028
f 3088 3035 3087
f 3132 3130 3093
f 2798 3355 3037
f 3004 3001 3036
f 3037 2819 2852
f 3004 3036 3037
f 3040 3041 3039
f 3038 3015 3022
f 3038 3045 3040
f 3056 3041 3095
f 2445 3094 3045
f 3050 3047 3048
f 3094 3041 3045
f 3042 3095 2447
f 1980 3096 3042
f 2439 3053 3097
f 3043 3050 3052
f 3017 3044 3006
f 3049 3044 3017
f 3043 3052 3054
f 2445 3045 3038
f 3041 3040 3045
f 3047 3040 3039
f 3044 3046 3043
f 3047 3039 3048
f 3043 3046 3047
f 3055 3048 3039
f 3182 3176 3181
f 3016 3049 3017
f 3046 3049 3015
f 3133 3134 3098
f 3047 3050 3043
f 3133 3051 3146
f 3115 3174 3112
f 3134 3050 1969
f 3054 3006 3044
f 3053 3055 3056
f 3042 3096 3097
f 3146 3052 3133
f 3109 3110 3108
f 3056 3055 3039
f 3182 3055 3053
f 3041 3056 3039
f 3056 3042 3097
f 2887 3104 3138
f 3137 3103 3104
f 3061 3058 2989
f 3354 2990 2916
f 3060 3059 2970
f 3026 3059 3025
f 3027 3060 2969
f 3061 3060 2990
f 3058 3061 2990
f 3061 2989 3102
f 3101 2989 3024
f 3104 2887 3137
f 3326 3312 3323
f 3103 3346 3026
f 3030 3064 1979
f 3070 3064 3032
f 3066 3029 3034
f 3065 3028 3073
f 3033 3067 3034
f 3066 3034 3067
f 3105 3033 3127
f 3067 3105 3066
f 3084 3085 3127
f 3066 3069 3028
f 3128 3068 3131
f 2993 3088 3090
f 3073 3032 3065
f 3075 3071 3072
f 3069 3129 3028
f 3014 3111 3009
f 3032 3073 3070
f 3106 3072 3071
f 3073 3028 3076
f 3070 3073 3072
f 3128 3090 3091
f 3145 3092 3167
f 3072 3073 3075
f 3075 3073 3076
f 3076 3028 3129
f 3075 3076 3074
f 1995 3082 3079
f 3083 3125 3084
f 3079 2328 2428
f 3078 3077 3080
f 3082 1995 3117
f 3078 3079 3077
f 3077 3083 3084
f 3034 3080 3033
f 3031 3078 3081
f 3080 3081 3078
f 3117 3194 3082
f 3202 3077 3082
f 3160 3201 3202
f 3037 3355 2819
f 3077 3084 3080
f 3083 3355 3125
f 3126 2798 3036
f 3105 3127 3068
f 2996 3086 2994
f 3000 3086 2997
f 2998 3087 3000
f 3088 3087 2995
f 3170 3090 2995
f 3130 3088 2993
f 2995 2998 3170
f 3111 3114 3009
f 2995 3090 3088
f 3091 3090 3089
f 3092 3091 3089
f 3105 3128 3069
f 3172 3168 3171
f 3076 3129 3074
f 3130 3131 3093
f 3093 3001 3003
f 2549 3094 2445
f 3095 3094 2446
f 3094 3095 3041
f 2447 3095 2446
f 2438 3096 1980
f 3097 3096 2440
f 3097 2440 3240
f 3097 3053 3056
f 3155 3098 3175
f 3188 3190 3156
f 3100 2899 2913
f 3099 3057 3101
f 3100 2913 2933
f 3057 3099 3100
f 3104 3101 3057
f 3102 3101 3062
f 3061 3102 3025
f 3101 3102 2989
f 3103 3062 3104
f 3103 3063 3346
f 3101 3104 3062
f 3138 3104 3057
f 3128 3105 3068
f 3066 3105 3069
f 3071 3148 3147
f 3106 2434 3166
f 3109 3111 3014
f 3145 3149 3074
f 3006 3110 3109
f 3113 3115 3116
f 3110 3006 3054
f 3109 3108 3111
f 3054 3146 3110
f 3193 3113 3116
f 3108 3112 3111
f 3111 3112 3114
f 3115 3112 3108
f 3112 3107 3114
f 3150 3115 3108
f 2434 3106 3147
f 3145 3169 3107
f 3114 3172 3011
f 3150 3108 3110
f 3113 3148 3174
f 3151 3110 3146
f 3151 3116 3150
f 3117 1995 2327
f 3194 3117 2230
f 3161 3164 3162
f 3124 3358 3123
f 2087 3121 3120
f 3161 3163 3160
f 3121 2087 2086
f 3161 3120 3119
f 1967 3123 2700
f 3122 3118 3163
f 3121 3123 3122
f 3124 3123 1967
f 2700 3123 3121
f 1967 2800 3124
f 2781 2852 3357
f 3358 3122 3123
f 3126 3125 2798
f 3084 3125 3085
f 3093 3126 3001
f 3125 3126 3085
f 3084 3127 3033
f 3131 3127 3085
f 3090 3128 2993
f 3069 3128 3091
f 3091 3129 3069
f 3129 3092 3074
f 3088 3130 3035
f 3131 3130 2993
f 3128 3131 2993
f 3131 3068 3127
f 3086 3132 2994
f 3130 3132 3035
f 3134 3133 3052
f 3154 3133 3098
f 3050 3134 3052
f 3175 3134 1969
f 3175 1969 3181
f 3190 3198 3218
f 3152 3153 3154
f 3156 3152 3154
f 2887 3342 3348
f 3103 3137 3063
f 3165 3057 3100
f 3141 2924 3139
f 3318 3361 3309
f 3319 3306 3310
f 3138 3165 3141
f 3342 3341 3340
f 2924 3141 2890
f 3139 3140 3141
f 3260 3266 3273
f 3142 3254 3143
f 3274 3142 3267
f 2542 2545 3143
f 3166 3144 3106
f 3143 3144 3142
f 3092 3089 3167
f 3174 3149 3107
f 3052 3146 3054
f 3151 3146 3051
f 3071 3147 3106
f 3113 3193 3159
f 3149 3148 3071
f 3174 3107 3112
f 3074 3149 3071
f 3107 3149 3145
f 3151 3150 3110
f 3115 3150 3116
f 3051 3153 3151
f 3193 3158 3157
f 3051 3154 3153
f 3187 3157 3158
f 3051 3133 3154
f 3152 3186 3187
f 3134 3175 3098
f 3098 3155 3188
f 3191 3192 3220
f 3156 3218 3184
f 3154 3188 3156
f 3192 3191 3135
f 3116 3151 3158
f 3152 3184 3186
f 3151 3153 3158
f 3152 3158 3153
f 3113 3159 3147
f 3272 3159 3157
f 3164 2230 2231
f 3201 3160 3118
f 3163 3161 3119
f 3160 3194 3164
f 2083 3162 2082
f 1977 3161 3162
f 3122 3163 3119
f 3160 3163 3118
f 3162 3164 2082
f 3160 3164 3161
f 3141 3165 2890
f 3057 3165 3138
f 3267 3166 2434
f 3144 3166 3142
f 3089 3090 3170
f 3107 3169 3114
f 3171 2992 2991
f 3173 3172 3169
f 3145 3167 3169
f 3173 3169 3167
f 2992 3170 2998
f 3089 3170 3168
f 3172 3171 2552
f 2992 3171 3168
f 3011 3172 2552
f 3169 3172 3114
f 3089 3173 3167
f 3172 3173 3168
f 3113 3174 3115
f 3149 3174 3148
f 1969 3182 3181
f 3191 3177 3135
f 3226 3179 3205
f 3175 3178 3177
f 3155 3175 3177
f 3175 3181 3178
f 3183 3196 3176
f 3135 3177 3178
f 3226 3196 3227
f 3209 2128 2319
f 3206 3178 3176
f 3199 3207 3197
f 3182 1969 3048
f 3178 3181 3176
f 3055 3182 3048
f 3183 3053 2439
f 3176 3182 3183
f 3053 3183 3182
f 3186 3184 3261
f 3152 3156 3184
f 3232 3258 3136
f 3272 3267 2434
f 3261 3184 3136
f 3272 3187 3185
f 3152 3187 3158
f 3185 3187 3186
f 3098 3188 3154
f 3191 3155 3177
f 3200 2064 3221
f 3218 3136 3184
f 3155 3190 3188
f 3198 3190 3189
f 3189 3190 3191
f 3155 3191 3190
f 3199 3192 3135
f 2064 3200 3220
f 3158 3193 3116
f 3159 3193 3157
f 3164 3194 2230
f 3202 3194 3160
f 3358 3118 3122
f 3195 3203 3202
f 3207 3205 3179
f 3196 3205 3206
f 3207 3208 3197
f 3192 3217 2064
f 3200 3225 3238
f 3250 3255 2063
f 3135 3180 3199
f 3199 3180 3207
f 3221 2487 3222
f 3200 3221 3222
f 3357 3201 3118
f 3202 3201 3195
f 3356 3203 3195
f 3202 3082 3194
f 3083 3077 3203
f 3077 3202 3203
f 3240 3227 2439
f 3214 3213 3231
f 3206 3205 3180
f 3226 3205 3196
f 3178 3206 3180
f 3176 3196 3206
f 3205 3207 3180
f 3208 3207 3179
f 3210 3228 3226
f 2321 3216 2318
f 2318 3209 2319
f 3228 3208 3179
f 2128 3209 3210
f 3209 3208 3228
f 2128 3211 2129
f 3212 3210 3204
f 3212 3204 3239
f 3214 3212 3213
f 3213 3212 3239
f 3231 3213 1984
f 2219 3214 2120
f 1973 3212 3214
f 3197 3208 3215
f 3216 3208 2318
f 2324 3215 3216
f 3208 3216 3215
f 3199 3217 3192
f 3215 3217 3197
f 3190 3218 3156
f 3232 3218 3198
f 3232 3233 3219
f 3233 3234 3219
f 3191 3220 3189
f 2064 3220 3192
f 3285 3221 2064
f 2487 2488 3222
f 2178 3223 3222
f 3224 3225 3223
f 2523 3223 2178
f 3224 3223 2393
f 3224 2393 3234
f 3189 3238 3198
f 3223 3225 3222
f 3233 3238 3224
f 3227 3196 2439
f 3210 3226 3204
f 3227 3240 3229
f 3204 3226 3227
f 3209 3228 3210
f 3179 3226 3228
f 3229 3239 3227
f 2214 3241 2438
f 3239 3230 3213
f 3241 3230 3229
f 2121 3231 1984
f 3214 3231 2120
f 3233 3232 3198
f 3219 3257 3258
f 3238 3233 3198
f 3233 3224 3234
f 2393 3235 3234
f 3236 3237 3235
f 2392 3235 2393
f 3236 3235 2177
f 3236 2177 3242
f 3257 2063 3255
f 3235 3237 3234
f 2063 3237 3236
f 3238 3189 3220
f 3224 3238 3225
f 3227 3239 3204
f 3230 3239 3229
f 3097 3240 2439
f 3241 3240 2440
f 3240 3241 3229
f 2438 3241 2440
f 2469 3242 2177
f 2468 3242 2470
f 3243 3245 3244
f 2063 3236 3243
f 2644 2695 3247
f 3244 3247 3249
f 3246 3245 2468
f 3247 3245 2644
f 2470 3246 2468
f 2644 3246 2247
f 2598 3248 3247
f 3247 3248 3249
f 2600 3248 2598
f 3249 3248 2643
f 3295 3271 2643
f 3256 3265 3252
f 3253 3250 3249
f 2063 3257 3237
f 3249 3263 3253
f 3266 3267 3273
f 3256 3255 3250
f 3185 3186 3261
f 3271 3263 2643
f 3255 3256 3252
f 3259 3269 3275
f 2542 3143 3268
f 3256 3250 3253
f 3257 3255 3252
f 3251 3266 3253
f 3261 3262 3185
f 3258 3257 3252
f 3237 3257 3219
f 3219 3258 3232
f 3265 3262 3252
f 3277 3268 3269
f 3251 3253 3264
f 3266 3265 3256
f 3159 3272 2434
f 3136 3258 3261
f 3262 3261 3258
f 3252 3262 3258
f 3185 3262 3260
f 2643 3263 3249
f 3264 3263 3259
f 3263 3264 3253
f 3275 3264 3259
f 3256 3253 3266
f 3262 3265 3260
f 3275 3274 3251
f 3260 3265 3266
f 3266 3251 3274
f 3166 3267 3142
f 3143 3254 3268
f 3274 3275 3254
f 3259 3276 3269
f 3292 3293 3291
f 2542 3270 2543
f 3269 3276 3293
f 3276 3271 1968
f 3263 3271 3259
f 3187 3272 3157
f 3273 3185 3260
f 3267 3272 3273
f 3185 3273 3272
f 3142 3274 3254
f 3266 3274 3267
f 3275 3251 3264
f 3269 3254 3275
f 3271 3276 3259
f 1968 3291 3293
f 3268 3277 2542
f 3269 3270 3277
f 2016 3278 1014
f 1998 3278 2030
f 2180 3280 3279
f 3279 3280 3281
f 2069 3280 2180
f 3280 2491 3281
f 2492 3281 2491
f 2163 3281 2055
f 1961 3281 3282
f 2163 3282 3281
f 2197 3283 2193
f 2198 3283 2200
f 3284 2145 2695
f 2247 2357 3284
f 3215 3285 2064
f 3286 3285 2324
f 2325 3286 2324
f 3286 2371 2488
f 3288 2593 2642
f 2212 2314 3360
f 2069 3288 2642
f 2212 3287 3288
f 3294 1978 2427
f 3292 3294 2210
f 3360 3287 2212
f 3291 3290 3289
f 3291 3289 3292
f 2597 3291 1968
f 3294 3292 3289
f 2210 3270 3292
f 3269 3293 3270
f 3293 3276 1968
f 3294 3289 3360
f 2210 3294 2304
f 2590 2597 3295
f 1968 3295 2597
f 2502 3296 2507
f 2175 2653 3296
f 2654 3297 2728
f 2723 3297 2648
f 3346 3347 3345
f 3342 2887 3140
f 2896 3299 2932
f 3299 3298 3300
f 3301 3300 3298
f 3302 3300 3301
f 3334 3335 3333
f 2196 3301 2195
f 2194 3302 2196
f 1971 3300 3302
f 3303 2895 2941
f 3305 3303 2908
f 2908 3304 2923
f 2939 3304 3303
f 2909 3305 2908
f 3305 2876 2946
f 3310 3306 3307
f 3316 3319 3362
f 2730 3307 2943
f 3307 3306 3309
f 2730 3311 3308
f 3363 3368 3366
f 3309 3306 3318
f 3314 3309 2907
f 2730 3310 3307
f 3319 3310 3308
f 2731 3311 2730
f 3362 3311 2725
f 3324 3321 2403
f 3322 3329 3326
f 3319 3338 3306
f 3349 2924 3361
f 3304 3314 2907
f 3315 3314 2939
f 2942 3315 2939
f 3307 3309 3315
f 3308 3311 3362
f 3337 3351 3330
f 2616 3321 3320
f 3362 3365 3316
f 3318 3306 3338
f 3318 3313 3361
f 3362 3319 3308
f 3338 3316 3337
f 3321 2616 2403
f 3317 3367 3366
f 3324 2403 3325
f 3317 3321 3323
f 3329 3339 3327
f 3312 3365 3367
f 3324 3323 3321
f 3326 3323 3322
f 2403 3350 3325
f 3323 3324 3322
f 3331 2406 2526
f 3331 3332 3325
f 3339 3333 3327
f 3344 3328 3342
f 3343 3345 3347
f 3328 3341 3342
f 3330 3329 3336
f 3336 3341 3328
f 3322 3325 3332
f 3336 3329 3327
f 3329 3330 3326
f 3330 3328 3337
f 3331 2525 3332
f 2406 3331 3325
f 3332 2525 3333
f 3322 3332 3339
f 2525 2527 3334
f 3301 3298 3335
f 3335 2195 3301
f 2525 3334 3333
f 3343 3335 3298
f 3327 3333 3335
f 3341 3336 3352
f 3330 3336 3328
f 3353 3328 3344
f 3318 3338 3353
f 3316 3338 3319
f 3337 3353 3338
f 3322 3339 3329
f 3332 3333 3339
f 3335 3343 3352
f 3137 2887 3348
f 3352 3336 3327
f 3348 3342 3340
f 3140 3139 3342
f 3342 3139 3344
f 3299 3345 3298
f 3343 3347 3352
f 3139 3349 3344
f 3344 3349 3353
f 3346 3345 2896
f 3298 3345 3343
f 3346 2896 3026
f 3346 3063 3347
f 3348 3063 3137
f 3347 3340 3352
f 3340 3347 3348
f 3348 3347 3063
f 2924 3349 3139
f 3353 3349 3313
f 2415 3350 2403
f 2406 3350 2529
f 3365 3351 3316
f 3330 3351 3312
f 3341 3352 3340
f 3335 3352 3327
f 3353 3313 3318
f 3328 3353 3337
f 3024 3354 2935
f 2990 3354 3058
f 3125 3355 2798
f 3083 3203 3356
f 3356 3195 3359
f 3083 3356 3355
f 2781 3357 3124
f 2819 3359 3357
f 3124 3357 3358
f 3118 3358 3357
f 3359 2819 3355
f 3195 3357 3359
f 3294 3360 1978
f 3290 3360 3289
f 3361 2907 3309
f 3349 3361 3313
f 2725 2729 3363
f 3365 3312 3351
f 2722 3368 2729
f 3364 3368 3369
f 3317 3364 3320
f 3364 3366 3368
f 3366 3365 3362
f 3323 3367 3317
f 3363 3366 3362
f 3317 3366 3364
f 3312 3367 3323
f 3366 3367 3365
f 2729 3368 3363
f 3369 3368 2722
f 2724 3369 2722
f 2530 3369 2726
f 3388 3489 3387
f 3438 3451 3445
f 3482 3484 3518
f 3450 3444 3517
f 3437 3451 1950
f 3482 3457 3484
f 3384 32 3383
f 3454 3452 3455
f 3386 3417 3385
f 3387 3453 3417
f 3454 3415 3416
f 3417 3384 3385
f 3453 3452 3454
f 3386 3387 3417
f 3479 3474 3480
f 3389 3491 3490
f 1957 3432 1958
f 3432 3447 3441
f 3435 3427 3441
f 3434 3446 3439
f 3435 3447 1956
f 3371 3372 3461
f 3440 3474 1871
f 3435 3449 3443
f 3465 3374 3375
f 3436 3448 3442
f 3439 3432 3425
f 3440 3434 3433
f 3436 3449 1954
f 3474 3392 1871
f 1956 1955 3435
f 3438 3448 1952
f 3485 3437 1949
f 3461 3372 3462
f 3447 3435 3441
f 31 3383 32
f 32 3421 33
f 3454 3416 3453
f 3421 3384 3417
f 3416 3422 3421
f 1959 1958 3446
f 33 3422 34
f 34 3382 35
f 34 3422 3382
f 3382 3415 3381
f 3415 3422 3416
f 3382 3422 3415
f 1953 1952 3448
f 3453 3387 3489
f 3466 3461 3467
f 3469 3512 3413
f 3495 3457 3497
f 3426 3463 3509
f 3440 1871 1960
f 3426 3464 3463
f 3420 3431 3423
f 3481 3482 3479
f 1950 1949 3437
f 3423 3424 3419
f 3381 3415 3456
f 3443 3449 3436
f 3456 3454 3493
f 3379 3380 3493
f 3373 3462 3372
f 3453 3416 3417
f 3448 3438 3442
f 3384 3421 32
f 3379 3494 3378
f 3509 3463 3374
f 1954 1953 3436
f 3424 38 37
f 3454 3455 3493
f 3414 3370 3511
f 3438 1951 3451
f 3414 3469 3413
f 3410 3513 3409
f 3430 3438 3445
f 3436 3442 3428
f 1956 3447 1957
f 3510 3466 3427
f 3450 3437 3485
f 3435 1955 3449
f 3427 3435 3443
f 3429 3445 3437
f 3451 3437 3445
f 3429 3437 3450
f 3486 3393 3394
f 3443 3436 3428
f 3519 3517 3488
f 3436 1953 3448
f 3502 3501 3458
f 3425 3432 3441
f 3447 3432 1957
f 3397 3507 3396
f 3398 3399 3420
f 3434 3440 1960
f 3400 3401 3431
f 3426 3434 3439
f 3470 3512 3469
f 3400 3420 3399
f 3446 3434 1959
f 3398 3420 3521
f 3474 3440 3433
f 3486 3444 3485
f 3438 3430 3442
f 3431 3402 39
f 39 3423 3431
f 3470 3469 3428
f 3433 3434 3426
f 3473 3412 3512
f 3472 3515 3429
f 3464 3439 3425
f 3411 3472 3410
f 3519 3500 3409
f 1960 1959 3434
f 3501 3506 3499
f 3405 3406 3520
f 3466 3370 3371
f 3407 3408 3499
f 1952 1951 3438
f 3471 3513 3472
f 3403 3424 37
f 3419 3420 3423
f 3503 3505 3520
f 3475 3474 3433
f 38 3423 39
f 3401 3402 3431
f 3449 1955 1954
f 3521 3420 3522
f 3424 3423 38
f 3404 3418 3403
f 3405 3508 3404
f 3403 37 36
f 3403 3418 3424
f 3485 1949 3393
f 3400 3431 3420
f 3418 3419 3424
f 3416 3421 3417
f 3515 3473 3514
f 3460 3522 3418
f 40 39 3402
f 3432 3439 3446
f 1951 1950 3451
f 3421 3422 33
f 3432 3446 1958
f 3428 3468 3510
f 3490 3452 3489
f 3493 3494 3379
f 3381 3456 3380
f 3415 3454 3456
f 3494 3495 3378
f 3482 3391 3479
f 3458 3516 3487
f 3459 3501 3504
f 3507 3524 3523
f 3506 3503 3406
f 3508 3460 3418
f 3507 3397 3524
f 3441 3467 3425
f 3466 3467 3427
f 3462 3373 3463
f 3461 3462 3425
f 3374 3463 3373
f 3464 3426 3439
f 3425 3462 3464
f 3463 3464 3462
f 3465 3477 3475
f 3426 3465 3476
f 3461 3466 3371
f 3427 3443 3510
f 3425 3467 3461
f 3441 3427 3467
f 3468 3428 3469
f 3466 3468 3511
f 3469 3414 3511
f 3470 3428 3442
f 3442 3430 3470
f 3470 3430 3512
f 3450 3471 3429
f 3488 3444 3486
f 3472 3411 3473
f 3471 3472 3429
f 3412 3473 3411
f 3514 3473 3430
f 3433 3476 3475
f 3479 3392 3474
f 3477 3465 3375
f 3497 3498 3377
f 3426 3476 3433
f 3465 3475 3476
f 3375 3376 3477
f 3376 3377 3498
f 3474 3475 3480
f 3475 3477 3498
f 3481 3479 3478
f 3391 3392 3479
f 3498 3480 3475
f 3479 3480 3478
f 3497 3481 3478
f 3481 3457 3482
f 3494 3496 3495
f 3391 3482 3390
f 3492 3452 3490
f 3389 3518 3491
f 3457 3495 3496
f 3483 3491 3518
f 3486 3485 3393
f 3450 3485 3444
f 3487 3486 3394
f 3488 3486 3516
f 3394 3395 3487
f 3487 3395 3502
f 3458 3499 3500
f 3488 3500 3519
f 3490 3489 3388
f 3453 3489 3452
f 3389 3490 3388
f 3490 3483 3492
f 3518 3389 3390
f 3483 3490 3491
f 3492 3483 3496
f 3452 3492 3455
f 3456 3493 3380
f 3494 3493 3455
f 3492 3494 3455
f 3457 3496 3484
f 3457 3481 3497
f 3377 3378 3495
f 3492 3496 3494
f 3484 3496 3483
f 3497 3478 3498
f 3377 3495 3497
f 3498 3478 3480
f 3477 3376 3498
f 3500 3499 3408
f 3501 3499 3458
f 3409 3500 3408
f 3458 3500 3488
f 3458 3487 3502
f 3501 3459 3503
f 3395 3396 3502
f 3507 3504 3502
f 3505 3503 3459
f 3506 3406 3407
f 3501 3502 3504
f 3507 3502 3396
f 3523 3505 3459
f 3505 3460 3508
f 3499 3506 3407
f 3501 3503 3506
f 3397 3398 3524
f 3504 3507 3459
f 3404 3508 3418
f 3508 3405 3520
f 3374 3465 3509
f 3426 3509 3465
f 3428 3510 3443
f 3466 3510 3468
f 3466 3511 3370
f 3469 3511 3468
f 3473 3512 3430
f 3413 3512 3412
f 3472 3513 3410
f 3519 3513 3471
f 3430 3445 3514
f 3515 3445 3429
f 3473 3515 3472
f 3445 3515 3514
f 3487 3516 3486
f 3458 3488 3516
f 3450 3517 3471
f 3444 3488 3517
f 3482 3518 3390
f 3483 3518 3484
f 3513 3519 3409
f 3517 3519 3471
f 3503 3520 3406
f 3508 3520 3505
f 3522 3420 3419
f 3522 3523 3521
f 3418 3522 3419
f 3523 3522 3460
f 3505 3523 3460
f 3507 3523 3459
f 3398 3521 3524
f 3523 3524 3521
f 3594 3626 3593
f 3627 3594 3525
f 3653 3652 3539
f 3654 3653 3540
f 3636 3637 3631
f 3624 3591 3592
f 3589 3590 3622
f 3596 3644 3595
f 3592 3593 3625
f 3632 3646 3629
f 3719 3536 3650
f 3588 3620 3587
f 3586 3587 3619
f 3629 3715 3679
f 3540 3541 3654
f 3618 3585 3586
f 3652 3653 3639
f 3616 3583 3584
f 3584 3585 3617
f 3627 3647 3626
f 3588 3589 3621
f 3647 3629 3714
f 3590 3591 3623
f 3641 3683 3667
f 3627 3526 3648
f 3714 3626 3647
f 3626 3625 3593
f 3526 3627 3525
f 3625 3624 3592
f 3714 3679 3625
f 3622 3590 3623
f 3677 3623 3624
f 3678 3677 3628
f 3622 3621 3589
f 3661 3628 3719
f 3626 3594 3627
f 3587 3620 3619
f 3622 3713 3661
f 3664 3663 3618
f 3586 3619 3618
f 3617 3585 3618
f 3617 3670 3665
f 3616 3615 3583
f 3671 3682 3616
f 3665 3670 3663
f 3616 3584 3617
f 3669 3652 3662
f 3588 3621 3620
f 3526 3527 3648
f 3624 3623 3591
f 3654 3541 3666
f 3583 3615 3582
f 3598 3643 3597
f 3581 3582 3614
f 3612 3579 3580
f 3645 3632 3528
f 3578 3610 3577
f 3579 3611 3578
f 3647 3648 3632
f 3718 3603 3604
f 3577 3609 3576
f 3660 3669 3621
f 3575 3607 3574
f 3608 3575 3576
f 3671 3617 3665
f 3542 3543 3655
f 3636 3633 3416
f 3603 3571 3572
f 3386 3417 3634
f 3571 3602 3570
f 3572 3573 3605
f 3678 3713 3623
f 3573 3574 3606
f 3527 3632 3648
f 3613 3580 3581
f 3666 3541 3542
f 3613 3612 3580
f 3613 3614 3687
f 3693 3613 3687
f 3612 3611 3579
f 3609 3577 3610
f 3610 3695 3609
f 3607 3575 3608
f 3702 3552 3553
f 3695 3701 3609
f 3608 3576 3609
f 3612 3707 3611
f 3578 3611 3610
f 3632 3629 3647
f 3599 3568 3569
f 3598 3567 3568
f 3662 3652 3639
f 3565 3566 3596
f 3567 3597 3566
f 3649 3668 3659
f 3595 3564 3565
f 3574 3607 3606
f 3664 3618 3619
f 3569 3570 3600
f 3649 3599 3668
f 3696 3673 3697
f 3613 3581 3614
f 3582 3615 3614
f 3683 3684 3557
f 3672 3689 3688
f 3559 3560 3685
f 3632 3645 3646
f 3662 3664 3619
f 3663 3654 3665
f 3529 3530 3645
f 3531 3715 3646
f 3595 3637 3562
f 3633 3636 3631
f 3716 3679 3715
f 3531 3646 3530
f 3680 3533 3534
f 3534 3535 3719
f 3647 3627 3648
f 3415 3637 3636
f 3650 3537 3651
f 3651 3537 3538
f 3646 3645 3530
f 3662 3639 3664
f 3529 3645 3528
f 3638 3651 3652
f 3536 3537 3650
f 3652 3651 3538
f 3680 3534 3628
f 3656 3641 3657
f 3539 3540 3653
f 3637 3415 3561
f 3637 3644 3631
f 3544 3681 3543
f 3653 3654 3639
f 3655 3681 3640
f 3668 3657 3659
f 3694 3692 3547
f 3635 3630 3643
f 3642 3644 3596
f 3691 3688 3545
f 3650 3651 3638
f 3666 3542 3655
f 3548 3549 3696
f 3538 3539 3652
f 3642 3643 3630
f 3549 3699 3696
f 3700 3699 3550
f 3634 3630 3635
f 3674 3706 3702
f 3631 3642 3633
f 3719 3628 3534
f 3706 3551 3552
f 3658 3656 3602
f 3551 3706 3700
f 3669 3662 3620
f 3693 3691 3692
f 3639 3654 3663
f 3705 3703 3674
f 3605 3604 3572
f 3712 3605 3708
f 3712 3708 3676
f 3605 3573 3606
f 3602 3656 3601
f 3656 3657 3601
f 3570 3601 3600
f 3602 3571 3603
f 3658 3641 3656
f 3570 3602 3601
f 3568 3599 3598
f 3560 3386 3635
f 3598 3599 3649
f 3567 3598 3597
f 3595 3565 3596
f 3643 3642 3597
f 3563 3564 3595
f 3563 3595 3562
f 3597 3642 3596
f 3566 3597 3596
f 3649 3659 3635
f 3569 3600 3599
f 3605 3606 3708
f 3572 3604 3603
f 3556 3684 3711
f 3643 3598 3649
f 3631 3644 3642
f 3684 3683 3641
f 3558 3683 3557
f 3667 3657 3641
f 3659 3685 3635
f 3633 3634 3417
f 3630 3633 3642
f 3601 3657 3600
f 3650 3638 3660
f 3635 3386 3634
f 3637 3595 3644
f 3416 3633 3417
f 3630 3634 3633
f 3622 3660 3621
f 3415 3636 3416
f 3602 3603 3658
f 3381 3561 3415
f 3643 3649 3635
f 3681 3655 3543
f 3561 3562 3637
f 3622 3661 3660
f 3650 3660 3661
f 3666 3640 3665
f 3710 3676 3709
f 3553 3554 3709
f 3669 3660 3638
f 3619 3620 3662
f 3632 3527 3528
f 3639 3663 3664
f 3686 3657 3667
f 3617 3671 3616
f 3640 3666 3655
f 3666 3665 3654
f 3559 3686 3558
f 3686 3559 3685
f 3599 3600 3668
f 3657 3668 3600
f 3621 3669 3620
f 3652 3669 3638
f 3617 3618 3670
f 3663 3670 3618
f 3665 3640 3671
f 3682 3671 3640
f 3688 3689 3690
f 3546 3691 3545
f 3717 3675 3694
f 3550 3699 3549
f 3607 3608 3703
f 3701 3608 3609
f 3613 3693 3612
f 3696 3698 3717
f 3703 3705 3607
f 3710 3554 3555
f 3679 3677 3624
f 3716 3533 3680
f 3628 3661 3713
f 3623 3677 3678
f 3625 3679 3624
f 3646 3715 3629
f 3628 3677 3680
f 3677 3679 3716
f 3688 3544 3545
f 3616 3682 3615
f 3640 3681 3682
f 3690 3682 3681
f 3667 3683 3558
f 3684 3641 3658
f 3684 3658 3711
f 3556 3557 3684
f 3635 3685 3560
f 3686 3685 3659
f 3657 3686 3659
f 3558 3686 3667
f 3687 3614 3689
f 3672 3691 3693
f 3672 3687 3689
f 3681 3544 3688
f 3614 3615 3689
f 3615 3682 3690
f 3688 3690 3681
f 3615 3690 3689
f 3692 3691 3546
f 3688 3691 3672
f 3547 3692 3546
f 3707 3693 3675
f 3672 3693 3687
f 3693 3692 3675
f 3717 3547 3548
f 3675 3692 3694
f 3695 3610 3697
f 3701 3673 3700
f 3673 3695 3697
f 3694 3547 3717
f 3610 3611 3697
f 3611 3707 3698
f 3696 3697 3698
f 3611 3698 3697
f 3550 3551 3700
f 3696 3699 3673
f 3703 3608 3704
f 3673 3699 3700
f 3673 3701 3695
f 3700 3674 3704
f 3709 3702 3553
f 3708 3705 3676
f 3704 3608 3701
f 3705 3674 3702
f 3700 3704 3701
f 3674 3703 3704
f 3676 3705 3702
f 3606 3607 3705
f 3702 3706 3552
f 3700 3706 3674
f 3693 3707 3612
f 3698 3707 3675
f 3705 3708 3606
f 3712 3676 3710
f 3710 3709 3554
f 3702 3709 3676
f 3555 3556 3711
f 3604 3605 3712
f 3658 3603 3718
f 3711 3710 3555
f 3710 3711 3712
f 3718 3712 3711
f 3623 3713 3622
f 3628 3713 3678
f 3714 3625 3626
f 3629 3679 3714
f 3531 3532 3715
f 3716 3715 3532
f 3533 3716 3532
f 3716 3680 3677
f 3696 3717 3548
f 3675 3717 3698
f 3658 3718 3711
f 3604 3712 3718
f 3536 3719 3535
f 3661 3719 3650
f 3527 3749 3748
f 3527 3748 3526
f 3744 3741 3731
f 3762 3591 3822
f 3594 3525 3526
f 3821 3785 3754
f 3745 3741 3734
f 3764 3762 3720
f 3741 3746 3734
f 3764 3590 3762
f 3721 3742 3733
f 3742 3722 3727
f 3784 3763 3822
f 3594 3526 3748
f 3751 3784 3750
f 3750 3748 3747
f 3750 3594 3748
f 3528 3749 3527
f 3772 3770 3729
f 3581 3789 3790
f 3548 3794 3547
f 3779 3586 3829
f 3585 3778 3584
f 3731 3780 3779
f 3775 3776 3777
f 3778 3774 3584
f 3740 3743 3739
f 3737 3743 3542
f 3775 3738 3776
f 3734 3736 3538
f 3755 3790 3789
f 3747 3748 3749
f 3799 3833 3831
f 3752 3749 3528
f 3731 3779 3829
f 3579 3580 3791
f 3783 3586 3587
f 3577 3798 3576
f 3835 3798 3800
f 3594 3750 3593
f 3727 3562 3563
f 3839 3554 3555
f 3765 3567 3568
f 3842 3811 3572
f 3841 3557 3558
f 3725 3723 3417
f 3803 3809 3807
f 3737 3730 3739
f 3793 3831 3791
f 3735 3736 3729
f 3733 3732 3566
f 3767 3559 3560
f 3724 3726 3722
f 3386 3766 3560
f 3733 3566 3825
f 3781 3543 3544
f 3768 3817 3827
f 3772 3773 3588
f 3730 3778 3780
f 3565 3732 3727
f 3529 3752 3528
f 3563 3564 3565
f 3732 3565 3566
f 3753 3752 3530
f 3742 3725 3722
f 3538 3745 3734
f 3759 3844 3811
f 3821 3751 3785
f 3799 3796 3804
f 3753 3754 3785
f 3753 3749 3752
f 3747 3785 3750
f 3749 3753 3747
f 3741 3740 3731
f 3592 3593 3784
f 3740 3541 3743
f 3734 3746 3772
f 3533 3819 3818
f 3818 3819 3761
f 3732 3733 3742
f 3735 3536 3537
f 3725 3416 3724
f 3737 3543 3781
f 3539 3745 3538
f 3764 3820 3735
f 3536 3820 3535
f 3546 3787 3545
f 3537 3736 3735
f 3736 3734 3729
f 3725 3724 3722
f 3589 3770 3588
f 3744 3746 3741
f 3542 3543 3737
f 3541 3740 3540
f 3537 3538 3736
f 3739 3743 3737
f 3781 3782 3738
f 3771 3824 3770
f 3741 3540 3740
f 3740 3739 3731
f 3756 3795 3793
f 3797 3794 3756
f 3783 3773 3744
f 3738 3775 3737
f 3542 3743 3541
f 3797 3787 3546
f 3818 3532 3533
f 3745 3540 3741
f 3804 3838 3801
f 3760 3817 3816
f 3835 3575 3576
f 3726 3415 3561
f 3742 3721 3725
f 3757 3802 3800
f 3554 3808 3553
f 3837 3808 3809
f 3590 3591 3762
f 3721 3723 3725
f 3808 3805 3843
f 3815 3555 3556
f 3727 3726 3562
f 3557 3814 3556
f 3825 3566 3567
f 3578 3579 3831
f 3814 3810 3844
f 3417 3416 3725
f 3723 3728 3766
f 3721 3826 3723
f 3565 3727 3563
f 3417 3723 3386
f 3721 3733 3825
f 3769 3559 3767
f 3726 3724 3415
f 3820 3536 3735
f 3415 3381 3561
f 3722 3726 3727
f 3544 3545 3782
f 3562 3726 3561
f 3727 3732 3742
f 3724 3416 3415
f 3540 3745 3539
f 3767 3560 3766
f 3584 3774 3583
f 3753 3531 3754
f 3531 3786 3754
f 3752 3529 3530
f 3581 3582 3789
f 3530 3531 3753
f 3551 3801 3550
f 3573 3574 3806
f 3835 3807 3575
f 3571 3572 3811
f 3806 3812 3842
f 3569 3570 3816
f 3813 3846 3811
f 3763 3823 3762
f 3786 3532 3847
f 3763 3762 3822
f 3720 3820 3764
f 3821 3763 3751
f 3763 3821 3823
f 3824 3764 3735
f 3764 3771 3590
f 3569 3817 3568
f 3826 3765 3768
f 3723 3766 3386
f 3767 3766 3728
f 3768 3767 3728
f 3767 3827 3769
f 3826 3768 3728
f 3828 3765 3568
f 3769 3760 3845
f 3558 3559 3769
f 3771 3770 3589
f 3729 3734 3772
f 3590 3771 3589
f 3771 3764 3824
f 3773 3772 3746
f 3588 3770 3772
f 3744 3773 3746
f 3588 3773 3587
f 3730 3775 3774
f 3583 3774 3777
f 3737 3775 3730
f 3830 3738 3782
f 3789 3776 3755
f 3777 3582 3583
f 3775 3777 3774
f 3582 3777 3776
f 3778 3585 3779
f 3774 3778 3730
f 3586 3779 3585
f 3780 3731 3739
f 3730 3780 3739
f 3778 3779 3780
f 3782 3781 3544
f 3737 3781 3738
f 3787 3782 3545
f 3830 3782 3755
f 3773 3783 3587
f 3829 3783 3744
f 3750 3784 3593
f 3763 3784 3751
f 3750 3785 3751
f 3753 3785 3747
f 3531 3532 3786
f 3532 3818 3847
f 3547 3797 3546
f 3782 3787 3755
f 3792 3790 3788
f 3755 3787 3788
f 3776 3789 3582
f 3790 3755 3788
f 3792 3756 3791
f 3580 3581 3790
f 3792 3580 3790
f 3791 3756 3793
f 3756 3792 3788
f 3580 3792 3791
f 3756 3794 3795
f 3795 3796 3834
f 3832 3549 3838
f 3797 3756 3788
f 3832 3794 3548
f 3795 3832 3796
f 3838 3549 3550
f 3757 3798 3799
f 3797 3788 3787
f 3547 3794 3797
f 3577 3833 3798
f 3798 3757 3800
f 3799 3798 3833
f 3793 3834 3799
f 3757 3801 3802
f 3802 3803 3840
f 3551 3552 3836
f 3804 3801 3757
f 3836 3801 3551
f 3802 3836 3803
f 3553 3837 3552
f 3758 3806 3807
f 3799 3804 3757
f 3832 3838 3796
f 3815 3556 3814
f 3759 3811 3812
f 3806 3574 3807
f 3758 3808 3843
f 3575 3807 3574
f 3800 3840 3807
f 3808 3554 3839
f 3809 3808 3758
f 3807 3809 3758
f 3809 3803 3837
f 3810 3841 3769
f 3813 3845 3816
f 3573 3842 3572
f 3759 3814 3844
f 3843 3806 3758
f 3843 3815 3812
f 3813 3844 3845
f 3570 3571 3846
f 3814 3557 3841
f 3815 3814 3759
f 3812 3815 3759
f 3815 3805 3839
f 3816 3570 3846
f 3760 3827 3817
f 3817 3768 3828
f 3569 3816 3817
f 3819 3533 3534
f 3761 3821 3847
f 3535 3819 3534
f 3823 3819 3720
f 3720 3819 3820
f 3535 3820 3819
f 3847 3754 3786
f 3821 3761 3823
f 3591 3592 3822
f 3784 3822 3592
f 3819 3823 3761
f 3762 3823 3720
f 3735 3729 3824
f 3824 3729 3770
f 3567 3765 3825
f 3825 3765 3826
f 3723 3826 3728
f 3825 3826 3721
f 3769 3827 3760
f 3767 3768 3827
f 3817 3828 3568
f 3768 3765 3828
f 3783 3829 3586
f 3731 3829 3744
f 3755 3776 3830
f 3738 3830 3776
f 3791 3831 3579
f 3799 3831 3793
f 3794 3832 3795
f 3549 3832 3548
f 3577 3578 3833
f 3831 3833 3578
f 3795 3834 3793
f 3796 3799 3834
f 3798 3835 3576
f 3807 3835 3800
f 3836 3552 3837
f 3801 3836 3802
f 3837 3553 3808
f 3836 3837 3803
f 3801 3838 3550
f 3796 3838 3804
f 3815 3839 3555
f 3808 3839 3805
f 3802 3840 3800
f 3803 3807 3840
f 3769 3841 3558
f 3814 3841 3810
f 3806 3842 3573
f 3811 3842 3812
f 3815 3843 3805
f 3806 3843 3812
f 3845 3844 3810
f 3811 3844 3813
f 3769 3845 3810
f 3816 3845 3760
f 3811 3846 3571
f 3816 3846 3813
f 3761 3847 3818
f 3754 3847 3821
f 26 25 3848
f 3867 3848 3555
f 3849 3850 3866
f 3850 3851 3865
f 3849 3556 3555
f 26 3848 3867
f 3867 3555 3556
f 3850 3865 3866
f 3866 3556 3849
f 3865 3851 3864
f 3852 3863 3864
f 3852 3864 3851
f 3854 3862 3853
f 3855 3861 3854
f 3859 3856 3857
f 138 137 3857
f 3855 3856 3860
f 3858 3857 137
f 3862 3863 3853
f 3861 3862 3854
f 3859 3860 3856
f 136 3858 137
f 3859 3857 3858
f 3861 3855 3860
f 3853 3863 3852
f 3867 3990 26
f 3880 3926 3875
f 3874 3886 3899
f 26 3990 27
f 27 3870 28
f 29 28 3871
f 3928 3875 3926
f 3881 3387 3896
f 3557 3990 3556
f 3899 3883 3890
f 3865 3947 3913
f 3994 3996 3993
f 3935 3939 3873
f 3910 3907 3983
f 3914 3912 3913
f 3912 3914 3557
f 3872 3871 3559
f 3871 3870 3558
f 3911 3980 3914
f 3866 3912 3556
f 3929 3891 3890
f 29 3872 30
f 30 3915 31
f 3872 3560 3915
f 3915 3560 3385
f 132 131 3895
f 3984 1874 1873
f 31 3915 3383
f 3384 3915 3385
f 3871 3872 29
f 3560 3386 3385
f 3991 127 126
f 3870 3871 28
f 3386 3560 3920
f 3888 3921 3923
f 3861 3930 3904
f 3879 3892 132
f 3388 3897 3389
f 3897 3924 3981
f 3392 3391 3951
f 3950 3949 3984
f 131 3876 3895
f 3881 3388 3387
f 3990 3870 27
f 3920 3921 3888
f 3926 3880 3868
f 3982 3910 3983
f 3884 3882 3878
f 3859 3894 3860
f 3921 3560 3559
f 3876 3880 3887
f 3903 3930 3894
f 3884 3885 3858
f 3885 3886 3894
f 3886 3874 3900
f 134 3882 135
f 3887 3901 3895
f 3859 3885 3894
f 3558 3870 3557
f 3560 3872 3559
f 3883 134 3892
f 135 3884 136
f 3876 3887 3895
f 3897 3881 3898
f 3876 130 129
f 3869 3880 3876
f 3559 3871 3558
f 130 3876 131
f 3918 3954 3959
f 3890 3883 3879
f 3885 3878 3886
f 3876 129 128
f 3885 3859 3858
f 3935 3932 3933
f 1876 1875 3956
f 3896 3387 3920
f 3875 3887 3880
f 3985 3950 1872
f 1872 3950 1873
f 3883 3882 134
f 3884 3878 3885
f 1871 3392 3917
f 128 127 3869
f 3890 3891 3874
f 3869 3955 3880
f 3991 3992 3953
f 3881 3877 3898
f 3953 1878 1877
f 125 1878 3992
f 3929 3879 3901
f 3991 3918 3955
f 3882 3884 135
f 133 3892 134
f 3954 3918 3953
f 3869 3876 128
f 3884 3858 136
f 3886 3878 3899
f 3948 3909 3910
f 3881 3896 3877
f 3878 3882 3883
f 3900 3905 3893
f 132 3892 133
f 3879 3883 3892
f 3900 3906 3905
f 3909 3904 3893
f 3900 3894 3886
f 3894 3900 3903
f 3901 3887 3875
f 3879 132 3895
f 3920 3387 3386
f 3877 3896 3888
f 3881 3897 3388
f 3924 3897 3889
f 3889 3937 3936
f 3897 3898 3889
f 3883 3899 3878
f 3874 3899 3890
f 3905 3906 3902
f 3900 3893 3903
f 3929 3875 3891
f 3879 3895 3901
f 3927 3926 3868
f 3907 3909 3908
f 3904 3903 3893
f 3860 3930 3861
f 3893 3905 3908
f 3861 3904 3948
f 3906 3900 3874
f 3902 3934 3905
f 3874 3891 3906
f 3993 3906 3891
f 3940 3942 3873
f 3910 3862 3948
f 3996 3933 3934
f 3873 3942 3943
f 3908 3909 3893
f 3909 3907 3910
f 3983 3943 3945
f 3863 3862 3910
f 3982 3947 3864
f 3923 3877 3888
f 3913 3912 3866
f 3557 3556 3912
f 3865 3913 3866
f 3913 3911 3914
f 3911 3977 3980
f 3558 3557 3914
f 3383 3915 3384
f 3872 3915 30
f 3981 3924 3986
f 3981 3390 3389
f 3392 3951 3985
f 1872 1871 3917
f 3954 1877 1876
f 3955 3868 3880
f 1874 3984 3957
f 3962 3919 3960
f 3921 3920 3560
f 3896 3920 3888
f 3921 3979 3976
f 3942 3940 3978
f 3922 3923 3976
f 3976 3977 3978
f 3976 3923 3921
f 3877 3923 3922
f 3889 3898 3937
f 3951 3391 3986
f 3970 3962 3971
f 3906 3993 3902
f 3868 3955 3959
f 3926 3925 3928
f 3938 3966 3936
f 3925 3926 3927
f 3997 3925 3993
f 3891 3875 3928
f 3879 3929 3890
f 3875 3929 3901
f 3894 3930 3860
f 3904 3930 3903
f 3962 3970 3919
f 3932 3935 3873
f 3907 3908 3932
f 3933 3932 3908
f 3934 3933 3908
f 3933 3931 3935
f 3905 3934 3908
f 3902 3993 3996
f 3938 3935 3931
f 3938 3936 3939
f 3927 3987 3925
f 3988 3936 3989
f 3898 3877 3937
f 3940 3877 3922
f 3934 3902 3996
f 3939 3936 3937
f 3938 3939 3935
f 3877 3939 3937
f 3873 3939 3940
f 3877 3940 3939
f 3864 3947 3865
f 3932 3873 3943
f 3978 3940 3922
f 3942 3941 3943
f 3943 3941 3945
f 3932 3943 3907
f 3945 3941 3946
f 3982 3864 3863
f 3941 3977 3946
f 3945 3944 3983
f 3911 3913 3947
f 3944 3945 3946
f 3944 3946 3947
f 3947 3946 3911
f 3861 3948 3862
f 3909 3948 3904
f 3969 3964 3968
f 3957 3956 1875
f 3985 1872 3917
f 3949 3950 3916
f 3391 3390 3986
f 3916 3950 3985
f 3961 3969 3975
f 3916 3951 3952
f 3954 3953 1877
f 3991 3953 3918
f 3956 3954 1876
f 3868 3959 3927
f 3991 3955 3869
f 3959 3955 3918
f 1875 1874 3957
f 3956 3960 3958
f 3961 3962 3964
f 3958 3960 3919
f 3919 3970 3963
f 3954 3956 3958
f 3954 3958 3959
f 3958 3919 3963
f 3956 3957 3960
f 3964 3962 3967
f 3964 3967 3949
f 3972 3961 3975
f 3967 3960 3957
f 3962 3961 3971
f 3927 3959 3963
f 3958 3963 3959
f 3949 3968 3964
f 3968 3973 3969
f 3989 3966 3972
f 3993 3925 3994
f 3931 3966 3938
f 3965 3971 3972
f 3960 3967 3962
f 3949 3967 3957
f 3949 3916 3968
f 3973 3916 3952
f 3969 3973 3974
f 3961 3964 3969
f 3987 3970 3965
f 3963 3970 3927
f 3972 3971 3961
f 3970 3971 3965
f 3969 3974 3975
f 3972 3966 3995
f 3916 3973 3968
f 3974 3973 3952
f 3952 3924 3974
f 3924 3889 3988
f 3974 3924 3988
f 3989 3975 3988
f 3921 3559 3979
f 3911 3946 3977
f 3978 3977 3941
f 3977 3976 3980
f 3942 3978 3941
f 3976 3978 3922
f 3559 3558 3979
f 3980 3558 3914
f 3976 3979 3980
f 3558 3980 3979
f 3897 3981 3389
f 3986 3924 3952
f 3910 3982 3863
f 3947 3982 3944
f 3983 3907 3943
f 3982 3983 3944
f 3950 3984 1873
f 3957 3984 3949
f 3392 3985 3917
f 3916 3985 3951
f 3981 3986 3390
f 3951 3986 3952
f 3970 3987 3927
f 3987 3965 3994
f 3936 3988 3889
f 3974 3988 3975
f 3966 3989 3936
f 3972 3975 3989
f 3556 3990 3867
f 3870 3990 3557
f 127 3991 3869
f 126 125 3992
f 3953 3992 1878
f 126 3992 3991
f 3928 3997 3891
f 3987 3994 3925
f 3965 3995 3994
f 3994 3995 3931
f 3972 3995 3965
f 3931 3995 3966
f 3994 3931 3996
f 3933 3996 3931
f 3925 3997 3928
f 3993 3891 3997
f 3554 3553 4115
f 2 3998 4476
f 5 4279 6
f 4279 4280 3532
f 4094 4101 9
f 4017 4016 4107
f 3 4281 4
f 4046 4045 4266
f 3529 3530 4476
f 4113 3552 3551
f 4185 3999 4000
f 3531 4281 3530
f 4279 3532 3533
f 4244 4260 4259
f 3533 3532 4282
f 3531 3532 4280
f 3533 4078 3534
f 3529 4476 3998
f 4198 4007 4199
f 4283 4279 3533
f 8 4094 9
f 4283 4093 7
f 4136 4089 4087
f 3538 3539 4101
f 11 10 4096
f 4091 4089 4136
f 4093 4094 8
f 4276 4383 4384
f 4093 4283 3536
f 3534 4078 4285
f 3535 4285 3536
f 3536 3537 4093
f 12 4098 13
f 12 4099 4098
f 4094 3538 4101
f 4101 4096 10
f 4223 3536 4069
f 4283 3535 3536
f 7 6 4283
f 10 9 4101
f 3529 3999 4222
f 4108 3551 3550
f 4222 4185 4260
f 4107 3550 3549
f 4068 4069 4284
f 4285 4078 4284
f 4373 3532 3531
f 4077 4286 4284
f 4000 4001 4183
f 4224 4187 4223
f 4151 4372 4258
f 4142 4100 4225
f 4077 4390 4076
f 4068 4284 4286
f 4286 4067 4068
f 4066 4067 4287
f 4287 4075 4299
f 4381 4436 4383
f 4138 4184 4220
f 4308 4311 4309
f 4112 4113 4014
f 4224 4382 4187
f 3539 3540 4096
f 4186 4187 4139
f 3541 3542 4098
f 4335 4100 4141
f 3542 4335 4141
f 4099 3540 3541
f 4271 4186 4139
f 4101 3539 4096
f 3542 4039 3543
f 4142 4040 4140
f 4039 4141 4140
f 3543 4039 3544
f 4227 4190 4145
f 4040 4039 4140
f 4041 4040 4142
f 4144 4190 4227
f 4446 4447 4445
f 4190 4041 4191
f 3538 4186 3539
f 3542 3543 4103
f 4066 4386 4385
f 4185 4000 4183
f 1895 1894 4323
f 4104 13 4103
f 3538 4094 3537
f 16 15 4288
f 4290 17 16
f 18 17 4291
f 4142 4225 4247
f 4016 4015 4108
f 4289 14 4104
f 4191 4041 4042
f 4290 4288 3545
f 4189 4039 4040
f 4146 4019 4109
f 4290 3546 4292
f 18 4293 19
f 3548 4293 4291
f 4105 3549 4109
f 3549 4298 4293
f 3548 4146 4109
f 4289 3545 4288
f 4104 14 13
f 4085 4114 4012
f 4105 4109 4018
f 22 21 4294
f 4098 3542 4103
f 4295 22 4294
f 23 4296 24
f 4183 4184 4138
f 20 4297 21
f 4146 4228 4019
f 4294 4297 3551
f 3549 4105 4107
f 4108 4113 3551
f 4295 4294 3552
f 4477 25 24
f 4477 3554 3555
f 4296 4295 3553
f 4012 4115 4013
f 3550 4107 4108
f 3550 4298 3549
f 4293 4298 19
f 4112 4013 4115
f 3546 3545 4393
f 4155 4047 4156
f 4017 4105 4018
f 4018 4019 4106
f 4112 4115 3553
f 4016 4108 4107
f 4015 4113 4108
f 3555 3848 4477
f 4148 4018 4106
f 4018 4109 4019
f 4193 4148 4147
f 4147 4148 4342
f 3545 3544 4336
f 4195 4150 4194
f 3552 4113 4112
f 4111 4149 4150
f 4013 4014 4149
f 4014 4013 4112
f 4317 4037 4038
f 4014 4113 4015
f 4393 4316 4396
f 3554 4115 4114
f 3850 4085 4084
f 4085 3849 4114
f 4103 3543 4104
f 3554 4114 3555
f 3850 3849 4085
f 4146 3548 3547
f 4085 4012 4084
f 3555 4114 3849
f 4083 4084 4038
f 4038 4084 4012
f 4317 4116 4149
f 4083 4038 4037
f 3851 4083 3852
f 4083 3851 4084
f 4082 3852 4083
f 4098 4103 13
f 4082 4083 4037
f 4084 3851 3850
f 4012 4116 4038
f 4237 4023 4209
f 4341 4343 4342
f 4296 3554 4477
f 4445 4403 4337
f 4202 4065 4064
f 4066 4299 4065
f 4275 4278 4119
f 4003 4004 4196
f 4072 4397 4071
f 4267 4251 4269
f 4007 4198 4006
f 4117 4230 4267
f 4074 4073 4300
f 4020 4021 4341
f 4299 4074 4300
f 4199 4007 4008
f 4143 3541 3540
f 4019 4020 4106
f 4406 4306 4345
f 4072 4071 4301
f 4072 4073 4374
f 4348 4320 4347
f 4071 4070 4302
f 4056 4055 4304
f 4197 4230 4151
f 3552 4112 3553
f 4073 4072 4303
f 4122 4157 4158
f 4299 4300 4065
f 4046 4154 4047
f 4047 4155 4048
f 4158 4157 4120
f 4204 4234 4235
f 4064 4300 4303
f 4046 4266 4277
f 4062 4301 4302
f 4063 4303 4301
f 4207 4163 4208
f 4061 4053 4163
f 4234 4047 4048
f 4048 4161 4049
f 4207 4161 4162
f 4252 4203 4232
f 4304 4054 4061
f 4050 4049 4207
f 4304 4061 4302
f 4160 4206 4408
f 4198 4231 4153
f 4202 4064 4158
f 4010 4123 4009
f 4012 4114 4115
f 4345 4346 4344
f 4123 4125 4327
f 4461 4439 4388
f 4306 4058 4057
f 4060 4009 4123
f 4060 4200 4009
f 1896 1895 4124
f 4109 3549 3548
f 4006 4201 4005
f 4010 4164 4123
f 4182 4440 1892
f 4305 4325 4324
f 3541 4098 4099
f 4088 4091 4092
f 4105 4017 4107
f 4323 4125 4124
f 4313 4314 4312
f 4437 4057 4058
f 4057 4056 4070
f 4182 1892 1891
f 4054 4053 4061
f 4054 4055 4134
f 4089 4053 4054
f 4052 4163 4053
f 4389 4057 4437
f 4056 4057 4389
f 4051 4052 4090
f 4091 4053 4089
f 4092 1890 4135
f 4092 4136 4137
f 4351 4353 4352
f 4355 4357 4359
f 4134 4089 4054
f 4442 4465 4398
f 4052 4053 4091
f 4307 4092 4135
f 4182 1891 4137
f 4051 4050 4208
f 7 4093 8
f 4057 4070 4306
f 4125 4164 4124
f 4351 4352 4358
f 4044 4045 4233
f 4142 4247 4265
f 4021 4401 4022
f 4022 4401 4460
f 4024 4209 4023
f 4017 4193 4016
f 4045 4203 4233
f 4042 4248 4043
f 4238 4026 4027
f 4044 4236 4043
f 4026 4024 4025
f 4028 4165 4027
f 4362 4030 4170
f 4028 4168 4029
f 4172 4171 4030
f 4169 4170 4031
f 4027 4026 4177
f 4238 4165 4209
f 4203 4045 4046
f 4319 4037 4317
f 4036 4035 4081
f 4036 4037 4319
f 4082 4081 3853
f 4081 4082 4036
f 3853 4081 3854
f 4082 3853 3852
f 4035 4080 4081
f 4082 4037 4036
f 4080 4034 4079
f 4080 4035 4034
f 4033 4079 4034
f 4080 3854 4081
f 4080 3855 3854
f 3855 4080 4079
f 3855 4079 3856
f 4030 4031 4170
f 4130 4328 4169
f 4035 4328 4034
f 4169 4031 4032
f 4099 12 11
f 4030 4171 4031
f 4145 4340 4444
f 4206 4049 4050
f 4449 4407 4487
f 4480 4487 4481
f 4430 4481 4407
f 4409 1882 1881
f 4167 4216 4215
f 4181 4218 1879
f 1885 1884 4441
f 1890 4092 4137
f 1888 4307 1889
f 4215 4179 144
f 4218 1880 1879
f 145 4181 4219
f 4096 3540 4099
f 4368 4150 4250
f 4179 145 144
f 4090 4052 4091
f 4409 4365 4364
f 4088 4354 4090
f 4088 4090 4091
f 4032 4033 4130
f 3856 4213 3857
f 3856 4079 4213
f 3857 4334 138
f 4423 4422 4433
f 3543 3544 4104
f 4131 4176 4334
f 4175 4213 4033
f 4094 4093 3537
f 4127 4167 4212
f 141 4211 4174
f 4392 4078 4282
f 4099 11 4096
f 139 4176 140
f 4173 4031 4171
f 4104 3544 4289
f 4194 4149 4014
f 4211 4176 4173
f 143 142 4167
f 4012 4013 4116
f 4048 4155 4157
f 4484 4482 4483
f 4415 4377 4452
f 4149 4116 4013
f 4062 4322 4063
f 4309 4220 4310
f 4124 4011 1896
f 4410 4450 4409
f 4164 4010 4011
f 4124 1895 4323
f 4327 4060 4123
f 4256 4126 4379
f 4256 4405 4404
f 4177 4178 4027
f 4257 4214 4132
f 4036 4330 4329
f 4210 4126 4165
f 4029 4168 4172
f 4129 4211 4173
f 4328 4130 4034
f 4033 4034 4130
f 4033 4032 4175
f 4031 4173 4032
f 4242 4086 4241
f 4168 4178 4363
f 4217 4240 4241
f 4179 4181 145
f 4056 4134 4055
f 4087 4089 4134
f 1890 1889 4135
f 4135 1889 4307
f 4136 4087 4137
f 4091 4136 4092
f 4137 4087 4182
f 1890 4137 1891
f 4184 4001 4002
f 4185 4138 4221
f 4187 3538 3537
f 4245 4188 4225
f 4141 4039 3542
f 4140 4100 4142
f 4335 3542 3541
f 4100 4140 4141
f 4100 4245 4225
f 4265 4042 4041
f 4271 3540 3539
f 4274 4264 4188
f 4227 4394 4144
f 4039 4189 3544
f 4191 4042 4340
f 4339 4043 4236
f 3546 4396 3547
f 4228 4316 4192
f 4017 4018 4148
f 4150 4195 4250
f 4341 4106 4020
f 4106 4341 4148
f 4194 4014 4015
f 4149 4111 4317
f 4195 4015 4016
f 4195 4366 4250
f 4197 4004 4005
f 4138 4220 4095
f 4152 4199 4200
f 4059 4344 4060
f 4375 4074 4269
f 4197 4151 4196
f 4246 4249 4266
f 4387 4386 4202
f 4156 4047 4154
f 4157 4155 4120
f 4119 4156 4154
f 4120 4155 4156
f 4202 4158 4120
f 4157 4122 4161
f 4064 4063 4158
f 4158 4063 4322
f 4046 4232 4203
f 4418 4416 4378
f 4353 4206 4050
f 4159 4252 4255
f 4157 4161 4048
f 4162 4161 4122
f 4322 4162 4122
f 4061 4349 4062
f 4208 4163 4052
f 4163 4162 4349
f 4124 4164 4011
f 4123 4164 4125
f 4239 4028 4029
f 4209 4165 4126
f 4479 4331 4369
f 4380 4379 4435
f 4174 142 141
f 4180 4371 4179
f 4028 4027 4178
f 4174 4212 4167
f 4130 4169 4032
f 4169 4128 4170
f 4128 4333 4399
f 4166 4210 4362
f 4030 4029 4172
f 4173 4171 4129
f 4212 4168 4127
f 4129 4171 4172
f 4174 4211 4129
f 4131 4175 4173
f 4212 4129 4172
f 4167 142 4174
f 4173 4175 4032
f 4334 4213 4131
f 4334 4176 139
f 4173 4176 4131
f 4484 4026 4025
f 4178 4177 4132
f 4178 4132 4214
f 4178 4168 4028
f 144 143 4215
f 4181 4179 4133
f 4167 4127 4216
f 4363 4214 4216
f 4181 4133 4240
f 4181 1879 4219
f 4389 4087 4134
f 4438 4388 4437
f 4184 4183 4001
f 4185 4183 4138
f 4184 4258 4243
f 4184 4243 4220
f 4138 4095 4221
f 4185 4221 4260
f 4187 4186 3538
f 4271 4139 4261
f 3537 4223 4187
f 4069 4224 4223
f 4154 4277 4119
f 4044 4246 4045
f 4040 4041 4190
f 4189 4144 4336
f 4144 4189 4190
f 4190 4189 4040
f 4340 4042 4043
f 4190 4191 4145
f 4403 4448 4102
f 4228 4447 4019
f 4148 4193 4017
f 4195 4193 4147
f 4195 4194 4015
f 4149 4194 4150
f 4193 4195 4016
f 4147 4342 4366
f 4197 4196 4004
f 4258 4196 4151
f 4201 4197 4005
f 4230 4117 4372
f 4231 4198 4152
f 4201 4198 4153
f 4200 4199 4008
f 4198 4199 4152
f 4009 4200 4008
f 4200 4060 4344
f 4198 4201 4006
f 4197 4201 4153
f 4120 4156 4387
f 4384 4386 4387
f 4232 4046 4047
f 4458 4418 4419
f 4160 4253 4206
f 4255 4252 4204
f 4024 4449 4025
f 4425 4429 4424
f 4353 4050 4051
f 4206 4253 4235
f 4161 4207 4049
f 4163 4207 4162
f 4051 4208 4052
f 4207 4208 4050
f 4209 4126 4237
f 4024 4026 4238
f 4239 4165 4028
f 4166 4362 4170
f 141 140 4211
f 4176 4211 140
f 4129 4212 4174
f 4168 4212 4172
f 4033 4213 4079
f 4131 4213 4175
f 4214 4257 4242
f 4216 4214 4180
f 4167 4215 143
f 4179 4215 4180
f 4216 4127 4363
f 4215 4216 4180
f 4456 4417 4454
f 1881 1880 4365
f 4240 4218 4181
f 4365 4218 4217
f 1879 69 4219
f 145 4219 69
f 4258 4184 4002
f 4076 4390 4391
f 4221 4095 4259
f 4260 3530 4222
f 3529 4222 3530
f 3999 4185 4222
f 3536 4223 3537
f 4224 4069 4068
f 4436 4068 4067
f 4381 4097 4382
f 4245 4100 4143
f 4263 4247 4225
f 4226 4248 4247
f 4264 4249 4273
f 4403 4227 4145
f 4227 4102 4394
f 4316 4228 4146
f 4228 4192 4447
f 4411 4229 4366
f 4333 4329 4332
f 4153 4268 4197
f 4478 4268 4270
f 4152 4344 4346
f 4231 4118 4270
f 4234 4232 4047
f 4252 4232 4204
f 4203 4252 4458
f 4233 4419 4236
f 4235 4048 4049
f 4232 4234 4204
f 4048 4235 4234
f 4049 4206 4235
f 4233 4236 4044
f 4402 4403 4444
f 4256 4237 4126
f 4023 4237 4404
f 4165 4238 4027
f 4024 4238 4209
f 4362 4239 4029
f 4165 4239 4210
f 4241 4240 4133
f 4218 4240 4217
f 4371 4242 4241
f 4241 4086 4491
f 4371 4241 4133
f 4180 4214 4242
f 4372 4243 4258
f 4269 4074 4313
f 4259 4311 4244
f 3533 4282 4078
f 4143 4261 4245
f 4272 4261 4139
f 4246 4044 4248
f 4246 4226 4273
f 4263 4225 4188
f 4246 4248 4226
f 4043 4248 4044
f 4265 4248 4042
f 4263 4264 4273
f 4277 4275 4119
f 4366 4195 4147
f 4368 4250 4229
f 4267 4230 4268
f 4320 4374 4478
f 4255 4253 4254
f 4252 4159 4458
f 4160 4413 4253
f 4204 4235 4253
f 4412 4413 4376
f 4412 4378 4416
f 4253 4255 4204
f 4255 4254 4416
f 4126 4210 4379
f 4405 4342 4343
f 4484 4132 4177
f 4086 4242 4257
f 4002 4003 4258
f 4258 4003 4196
f 4311 4259 4095
f 4244 4373 4260
f 4260 3531 3530
f 4221 4259 4260
f 4143 3540 4271
f 4139 4382 4272
f 4188 4245 4262
f 4261 4262 4245
f 4263 4188 4264
f 4226 4247 4263
f 4262 4274 4188
f 4274 4262 4097
f 4142 4265 4041
f 4248 4265 4247
f 4246 4266 4045
f 4266 4249 4277
f 4230 4197 4268
f 4375 4251 4374
f 4270 4268 4153
f 4251 4267 4268
f 4269 4313 4312
f 4117 4267 4269
f 4231 4270 4153
f 4118 4320 4478
f 4186 4271 3539
f 4143 4271 4261
f 4097 4262 4272
f 4261 4272 4262
f 4246 4273 4249
f 4263 4273 4226
f 4276 4274 4097
f 4276 4278 4274
f 4249 4264 4275
f 4274 4275 4264
f 4381 4276 4097
f 4276 4381 4383
f 4277 4154 4046
f 4249 4275 4277
f 4274 4278 4275
f 4384 4278 4276
f 4279 5 4280
f 4283 3533 3534
f 5 4 4280
f 4280 4 4281
f 4281 3 4476
f 4280 4281 3531
f 4373 4282 3532
f 4244 4311 4392
f 4279 4283 6
f 3535 4283 3534
f 4285 4284 4069
f 4077 4284 4078
f 3536 4285 4069
f 3534 4285 3535
f 4287 4286 4076
f 4077 4076 4286
f 4076 4075 4287
f 4286 4287 4067
f 4289 4288 15
f 4290 3545 3546
f 4289 15 14
f 3545 4289 3544
f 3547 4291 4292
f 16 4288 4290
f 4292 17 4290
f 3548 4291 3547
f 3547 4292 3546
f 17 4292 4291
f 4291 4293 18
f 3549 4293 3548
f 4297 4294 21
f 3552 4294 3551
f 3553 4295 3552
f 23 22 4295
f 4295 4296 23
f 3554 4296 3553
f 4298 4297 20
f 3551 4297 3550
f 4297 4298 3550
f 19 4298 20
f 4287 4299 4066
f 4074 4299 4075
f 4064 4065 4300
f 4303 4300 4073
f 4062 4063 4301
f 4302 4301 4071
f 4304 4302 4070
f 4062 4302 4061
f 4301 4303 4072
f 4064 4303 4063
f 4056 4304 4070
f 4054 4304 4055
f 4326 4438 4059
f 4325 4125 4323
f 4348 4070 4071
f 4344 4059 4406
f 4357 4356 4354
f 4307 4088 4092
f 4220 4309 4095
f 4308 4309 4310
f 4310 4220 4243
f 4391 4308 4314
f 4372 4310 4243
f 4312 4117 4269
f 4390 4392 4311
f 4095 4309 4311
f 4308 4310 4312
f 4117 4312 4310
f 4074 4075 4313
f 4314 4313 4075
f 4076 4314 4075
f 4312 4314 4308
f 4393 4336 4315
f 4315 4394 4395
f 4146 3547 4396
f 4316 4315 4395
f 4116 4317 4038
f 4319 4317 4370
f 4368 4111 4150
f 4128 4328 4329
f 4370 4317 4111
f 4319 4318 4330
f 4397 4374 4320
f 4346 4347 4118
f 4467 4451 4466
f 4412 4376 4453
f 4322 4062 4349
f 4158 4322 4122
f 4324 4323 1894
f 4323 4324 4325
f 1893 4462 1894
f 4324 1894 4462
f 4305 4326 4325
f 4059 4327 4326
f 4461 4438 4305
f 4327 4059 4060
f 4125 4325 4327
f 4326 4327 4325
f 4329 4328 4035
f 4328 4128 4169
f 4036 4329 4035
f 4330 4332 4329
f 4319 4330 4036
f 4332 4330 4318
f 4332 4369 4331
f 4399 4166 4170
f 4318 4370 4369
f 4333 4332 4331
f 4333 4331 4399
f 4329 4333 4128
f 138 4334 139
f 4213 4334 3857
f 3541 4143 4335
f 4100 4335 4143
f 4189 4336 3544
f 4336 4144 4394
f 4043 4339 4340
f 4422 4426 4427
f 4339 4236 4429
f 4424 4421 4425
f 4429 4236 4205
f 4340 4339 4338
f 4402 4340 4338
f 4340 4145 4191
f 4021 4022 4343
f 4342 4110 4366
f 4148 4341 4342
f 4021 4343 4341
f 4404 4343 4022
f 4405 4256 4380
f 4058 4406 4059
f 4200 4344 4152
f 4397 4348 4071
f 4346 4118 4231
f 4152 4346 4231
f 4347 4346 4345
f 4306 4347 4345
f 4118 4347 4320
f 4347 4306 4348
f 4070 4348 4306
f 4163 4349 4061
f 4322 4349 4162
f 4418 4378 4420
f 4455 4457 4471
f 4090 4352 4051
f 4356 4352 4354
f 4307 4354 4088
f 4090 4354 4352
f 4352 4353 4051
f 4353 4351 4408
f 4357 4307 1888
f 4357 4355 4356
f 4464 4465 4443
f 4356 4358 4352
f 4307 4357 4354
f 4356 4355 4358
f 1888 1887 4357
f 4357 1887 4359
f 4355 4361 4358
f 4358 4377 4351
f 1886 4463 1887
f 4359 1887 4463
f 4463 4355 4359
f 4452 4376 4415
f 4443 4361 4355
f 4377 4361 4360
f 4239 4362 4210
f 4030 4362 4029
f 4168 4363 4127
f 4178 4214 4363
f 4488 4489 4491
f 1882 4450 1883
f 4218 4365 1880
f 4365 4217 4490
f 4411 4366 4110
f 4250 4366 4229
f 4110 4405 4380
f 4166 4399 4400
f 4411 4479 4229
f 4370 4368 4369
f 4318 4369 4332
f 4368 4229 4479
f 4319 4370 4318
f 4111 4368 4370
f 4179 4371 4133
f 4180 4242 4371
f 4230 4372 4151
f 4310 4372 4117
f 4260 4373 3531
f 4282 4373 4244
f 4375 4374 4073
f 4374 4251 4478
f 4074 4375 4073
f 4251 4375 4269
f 4408 4377 4415
f 4470 4414 4452
f 4361 4377 4358
f 4452 4414 4453
f 4454 4378 4121
f 4419 4418 4205
f 4210 4166 4379
f 4435 4379 4166
f 4380 4367 4411
f 4256 4379 4380
f 4097 4272 4382
f 4224 4068 4436
f 4187 4382 4139
f 4224 4381 4382
f 4066 4385 4067
f 4384 4119 4278
f 4383 4385 4384
f 4202 4386 4065
f 4067 4385 4383
f 4386 4066 4065
f 4120 4387 4202
f 4384 4385 4386
f 4156 4119 4387
f 4384 4387 4119
f 4324 4462 4305
f 4182 4087 4389
f 4056 4389 4134
f 4389 4388 4439
f 4392 4390 4077
f 4311 4308 4391
f 4076 4391 4314
f 4311 4391 4390
f 4078 4392 4077
f 4244 4392 4282
f 4336 4393 3545
f 4316 4393 4315
f 4395 4394 4102
f 4336 4394 4315
f 4448 4395 4102
f 4316 4395 4192
f 4393 4396 3546
f 4146 4396 4316
f 4374 4397 4072
f 4348 4397 4320
f 4473 4410 4472
f 4398 4466 4442
f 4399 4170 4128
f 4400 4399 4331
f 4479 4400 4331
f 4400 4367 4435
f 4401 4446 4445
f 4434 4423 4433
f 4338 4428 4423
f 4402 4337 4403
f 4337 4401 4445
f 4227 4403 4102
f 4023 4404 4022
f 4256 4404 4237
f 4342 4405 4110
f 4404 4405 4343
f 4306 4406 4058
f 4344 4406 4345
f 4407 4431 4427
f 4430 4494 4481
f 4353 4408 4206
f 4377 4408 4351
f 4365 4409 1881
f 4410 4409 4364
f 4474 4471 4475
f 4441 4467 4398
f 4380 4411 4110
f 4479 4411 4367
f 4378 4412 4121
f 4413 4412 4254
f 4253 4413 4254
f 4415 4413 4160
f 4321 4442 4466
f 4412 4453 4121
f 4413 4415 4376
f 4408 4415 4160
f 4255 4416 4159
f 4412 4416 4254
f 4414 4471 4457
f 4417 4421 4420
f 4416 4418 4159
f 4378 4454 4420
f 4236 4419 4205
f 4233 4203 4458
f 4417 4495 4421
f 4418 4420 4424
f 4426 4425 4421
f 4418 4424 4205
f 4430 4426 4350
f 4402 4423 4337
f 4338 4423 4402
f 4427 4433 4422
f 4420 4421 4424
f 4350 4426 4421
f 4422 4428 4425
f 4428 4429 4425
f 4426 4430 4427
f 4422 4425 4426
f 4407 4449 4431
f 4432 4433 4431
f 4423 4428 4422
f 4429 4428 4338
f 4339 4429 4338
f 4429 4205 4424
f 4486 4494 4495
f 4407 4427 4430
f 4024 4023 4431
f 4023 4460 4459
f 4023 4459 4431
f 4423 4434 4337
f 4431 4433 4427
f 4433 4432 4434
f 4460 4434 4432
f 4401 4337 4434
f 4400 4435 4166
f 4380 4435 4367
f 4383 4436 4067
f 4224 4436 4381
f 4438 4437 4058
f 4389 4437 4388
f 4059 4438 4058
f 4305 4438 4326
f 4440 1893 1892
f 4439 4440 4389
f 4389 4440 4182
f 4440 4439 4462
f 4467 4441 1884
f 4441 4398 4465
f 4470 4442 4321
f 4443 4442 4360
f 4443 4360 4361
f 4443 4463 4464
f 4402 4444 4340
f 4403 4145 4444
f 4401 4021 4446
f 4448 4445 4447
f 4021 4020 4446
f 4447 4192 4448
f 4446 4020 4447
f 4447 4020 4019
f 4448 4192 4395
f 4403 4445 4448
f 4431 4449 4024
f 4487 4407 4481
f 4409 4450 1882
f 4468 4450 4410
f 4472 4410 4364
f 4414 4321 4471
f 4377 4360 4452
f 4470 4452 4360
f 4452 4453 4376
f 4457 4453 4414
f 4457 4121 4453
f 4420 4454 4417
f 4410 4473 4468
f 4455 4492 4493
f 4121 4456 4454
f 4486 4456 4455
f 4455 4456 4457
f 4121 4457 4456
f 4418 4458 4159
f 4233 4458 4419
f 4460 4023 4022
f 4432 4431 4459
f 4434 4460 4401
f 4459 4460 4432
f 4438 4461 4388
f 4462 4461 4305
f 4440 4462 1893
f 4462 4439 4461
f 4464 4463 1886
f 4355 4463 4443
f 1886 1885 4464
f 1885 4441 4465
f 4443 4465 4442
f 4465 4464 1885
f 4467 4466 4398
f 4466 4451 4475
f 1884 1883 4467
f 1883 4450 4468
f 4451 4467 4468
f 1883 4468 4467
f 4488 4497 4489
f 4483 4086 4257
f 4442 4470 4360
f 4414 4470 4321
f 4475 4321 4466
f 4473 4474 4475
f 4472 4364 4489
f 4472 4469 4473
f 4473 4469 4474
f 4468 4473 4451
f 4485 4474 4469
f 4471 4474 4492
f 4475 4471 4321
f 4473 4475 4451
f 4281 4476 3530
f 2 4476 3
f 25 4477 3848
f 4296 4477 24
f 4268 4478 4251
f 4118 4478 4270
f 4479 4367 4400
f 4368 4479 4369
f 4455 4471 4492
f 4482 4496 4488
f 4494 4430 4350
f 4482 4484 4487
f 4483 4132 4484
f 4497 4496 4485
f 4132 4483 4257
f 4488 4483 4482
f 4026 4484 4177
f 4025 4449 4487
f 4485 4469 4497
f 4480 4486 4493
f 4486 4417 4456
f 4481 4494 4480
f 4487 4480 4496
f 4025 4487 4484
f 4472 4489 4469
f 4483 4488 4086
f 4364 4490 4489
f 4490 4217 4491
f 4365 4490 4364
f 4217 4241 4491
f 4488 4491 4086
f 4489 4490 4491
f 4474 4485 4492
f 4493 4492 4485
f 4480 4493 4485
f 4455 4493 4486
f 4495 4494 4350
f 4480 4494 4486
f 4421 4495 4350
f 4417 4486 4495
f 4487 4496 4482
f 4485 4496 4480
f 4489 4497 4469
f 4496 4497 4488
f 4516 4498 4499
f 1044 4498 1043
f 4500 4501 4514
f 4501 4502 4513
f 4515 4499 4500
f 1042 1043 4517
f 1043 4498 4517
f 4515 4500 4514
f 4517 4498 4516
f 4516 4499 4515
f 4501 4513 4514
f 4502 4512 4513
f 4510 4504 4505
f 4503 4504 4511
f 3604 46 3603
f 4508 4506 4507
f 4505 4506 4509
f 3604 4508 4507
f 4504 4510 4511
f 4511 4512 4503
f 3603 4508 3604
f 4509 4506 4508
f 4509 4510 4505
f 45 3603 46
f 4503 4512 4502
f 4598 4545 4546
f 4600 4572 4603
f 1042 4517 4544
f 4516 4536 4538
f 4648 4521 4563
f 4535 4557 4524
f 4533 1039 1040
f 4564 4565 4568
f 4544 4538 4539
f 4575 4539 4538
f 4545 4513 4512
f 4526 4575 4538
f 3603 4530 4508
f 4534 1039 4533
f 4515 4536 4516
f 4524 4557 4551
f 1038 1039 4534
f 4538 4517 4516
f 4537 4526 4536
f 4534 4533 4525
f 4542 4520 4564
f 4613 3395 3394
f 4531 1034 1035
f 4547 4594 4537
f 4543 4525 4522
f 4531 1035 1036
f 4531 4535 4524
f 4535 1038 4534
f 1033 1034 4532
f 1032 4648 1031
f 4532 1034 4531
f 3602 3601 4573
f 1033 4521 4648
f 1942 4563 1943
f 4534 4525 4543
f 1037 4535 4531
f 4614 4581 4612
f 4531 1036 1037
f 4533 1040 4539
f 4570 4617 4560
f 4587 4588 4622
f 4524 4532 4531
f 4563 4568 1943
f 4525 4533 4539
f 4583 4584 4621
f 4526 4593 4575
f 4574 4526 4537
f 4597 4624 4595
f 4528 4529 4523
f 4530 4529 4508
f 3603 3602 4530
f 4523 4529 4530
f 4510 4509 4528
f 4537 4515 4514
f 4529 4509 4508
f 4573 4530 3602
f 3603 45 3602
f 1041 4544 4539
f 3602 44 3601
f 44 3602 45
f 4532 4521 1033
f 3601 44 43
f 3397 4555 3398
f 4519 4518 42
f 43 42 4518
f 4540 4545 4598
f 4518 3601 43
f 4519 42 41
f 4538 4536 4526
f 4509 4529 4528
f 4554 4514 4513
f 3398 4592 3399
f 4535 4534 4543
f 4567 4569 1944
f 4543 4522 4559
f 4599 4578 4528
f 4542 4532 4524
f 1949 4561 3393
f 4584 4583 4613
f 4537 4536 4515
f 1038 4535 1037
f 4561 4584 4615
f 3402 41 40
f 3402 3401 4519
f 4559 4595 4556
f 4518 4589 3601
f 4607 4548 4642
f 4519 4623 4590
f 4532 4542 4521
f 4623 3401 3400
f 3400 3399 4623
f 4564 4563 4521
f 4545 4547 4554
f 3402 4519 41
f 4573 4572 4523
f 4552 4545 4512
f 4581 4548 4555
f 4553 4546 4552
f 4649 4576 4527
f 1041 4539 1040
f 4543 4550 4557
f 1042 4544 1041
f 4538 4544 4517
f 4552 4512 4511
f 4547 4545 4540
f 4553 4511 4510
f 4577 4576 4598
f 4649 4580 4611
f 4537 4514 4554
f 4612 3397 3396
f 4579 4600 4603
f 4549 4635 4620
f 4524 4551 4542
f 4550 4543 4559
f 4542 4551 4520
f 4558 4550 4582
f 4558 4551 4550
f 4553 4552 4511
f 4545 4552 4546
f 4510 4528 4553
f 4553 4528 4578
f 4545 4554 4513
f 4537 4554 4547
f 4555 3397 4612
f 4555 4548 4606
f 4574 4595 4593
f 4549 4558 4582
f 4543 4557 4535
f 4551 4557 4550
f 4617 4570 4618
f 4551 4558 4566
f 4595 4559 4522
f 4559 4556 4582
f 1944 4569 1945
f 4638 4614 4628
f 1949 1948 4561
f 1948 1947 4616
f 4565 4520 4566
f 1946 1945 4587
f 4648 4563 1942
f 4521 4542 4564
f 4520 4565 4564
f 4567 4568 4565
f 4520 4551 4566
f 4567 4565 4562
f 4620 4585 4631
f 4565 4566 4619
f 4567 4562 4569
f 1944 1943 4568
f 4564 4568 4563
f 1944 4568 4567
f 4571 4569 4562
f 1945 4569 4587
f 4631 4618 4619
f 4560 4586 4588
f 4571 4562 4618
f 4587 4571 4570
f 4590 4518 4519
f 4626 4601 4610
f 4573 3601 4589
f 4523 4530 4573
f 4611 4547 4540
f 4593 4595 4522
f 4522 4525 4575
f 4539 4575 4525
f 4546 4553 4577
f 4646 4645 4527
f 4603 4572 4590
f 4599 4601 4578
f 4599 4528 4523
f 4577 4553 4578
f 4590 4572 4589
f 4610 4601 4579
f 4597 4633 4624
f 4580 4596 4594
f 4613 4614 4627
f 4637 4638 4629
f 4559 4582 4550
f 4582 4556 4624
f 3394 3393 4615
f 4628 4614 4583
f 4616 4561 1948
f 4586 4621 4616
f 4620 4566 4558
f 4549 4624 4633
f 4560 4583 4621
f 1946 4622 1947
f 4571 4587 4569
f 4588 4587 4570
f 4560 4588 4570
f 4588 4586 4622
f 4590 4589 4518
f 4573 4589 4572
f 4623 4591 4604
f 4605 4609 4604
f 3398 4606 4592
f 4606 4607 4605
f 4606 3398 4555
f 4623 4592 4591
f 4575 4593 4522
f 4526 4574 4593
f 4594 4547 4611
f 4574 4537 4594
f 4574 4596 4595
f 4596 4597 4595
f 4594 4596 4574
f 4634 4636 4527
f 4636 4596 4580
f 4634 4625 4633
f 4577 4598 4546
f 4649 4598 4576
f 4600 4523 4572
f 4599 4579 4601
f 4579 4599 4600
f 4523 4600 4599
f 4604 4609 4603
f 4578 4601 4577
f 4644 4650 4641
f 4577 4626 4576
f 4590 4604 4603
f 4603 4609 4579
f 4623 4604 4590
f 4605 4604 4591
f 4606 4605 4591
f 4605 4607 4608
f 4606 4591 4592
f 4607 4606 4548
f 4642 4548 4581
f 4608 4607 4541
f 4647 4608 4541
f 4608 4610 4609
f 4605 4608 4609
f 4608 4602 4610
f 4610 4602 4626
f 4579 4609 4610
f 4649 4611 4540
f 4594 4611 4580
f 4612 3396 4627
f 4555 4612 4581
f 4613 3394 4615
f 4614 4613 4583
f 3395 4627 3396
f 4628 4583 4560
f 4561 4615 3393
f 4613 4615 4584
f 4616 1947 4622
f 4561 4616 4584
f 4570 4571 4618
f 4585 4639 4617
f 4619 4618 4562
f 4585 4617 4618
f 4565 4619 4562
f 4566 4620 4631
f 4558 4549 4620
f 4633 4625 4635
f 4616 4621 4584
f 4560 4621 4586
f 4622 1946 4587
f 4616 4622 4586
f 4623 4519 3401
f 4592 4623 3399
f 4582 4624 4549
f 4595 4624 4556
f 4646 4647 4650
f 4643 4641 4642
f 4601 4626 4577
f 4646 4626 4602
f 4613 4627 3395
f 4612 4627 4614
f 4630 4617 4629
f 4560 4630 4628
f 4620 4632 4585
f 4581 4614 4638
f 4617 4630 4560
f 4629 4628 4630
f 4618 4631 4585
f 4566 4631 4619
f 4629 4640 4637
f 4617 4639 4629
f 4634 4633 4597
f 4635 4625 4632
f 4636 4634 4597
f 4634 4527 4645
f 4620 4635 4632
f 4549 4633 4635
f 4596 4636 4597
f 4527 4636 4580
f 4629 4639 4640
f 4640 4641 4637
f 4629 4638 4628
f 4638 4637 4643
f 4585 4632 4639
f 4640 4639 4632
f 4632 4625 4640
f 4641 4541 4642
f 4640 4644 4641
f 4644 4625 4645
f 4607 4642 4541
f 4643 4642 4581
f 4638 4643 4581
f 4641 4643 4637
f 4640 4625 4644
f 4625 4634 4645
f 4527 4576 4646
f 4644 4645 4650
f 4626 4646 4576
f 4647 4646 4602
f 4608 4647 4602
f 4541 4641 4650
f 1031 4648 1942
f 1033 4648 1032
f 4580 4649 4527
f 4598 4649 4540
f 4646 4650 4645
f 4541 4650 4647
f 1924 4651 4774
f 4835 4672 4673
f 4712 4711 4875
f 4776 5009 4774
f 5131 1926 5008
f 5131 5132 5113
f 4773 4770 4767
f 4656 4657 4889
f 4774 1925 1924
f 4751 4870 4752
f 4653 4729 4775
f 4768 4771 4813
f 4653 4654 4883
f 5009 1925 4774
f 5064 4727 4726
f 4888 4884 4885
f 4942 5042 4888
f 5063 4808 4761
f 4881 4654 4655
f 4775 4652 4653
f 4772 4676 4675
f 5064 4808 5063
f 4807 4874 4962
f 4813 4812 4761
f 4761 4764 4813
f 4768 4721 4765
f 4901 4720 4900
f 1931 1930 4771
f 4765 4831 4762
f 4903 5036 4904
f 1934 5108 1935
f 4722 4768 4764
f 4808 4723 4764
f 4725 4740 4990
f 4724 4990 4723
f 4721 4768 4722
f 4771 4811 1931
f 4764 4761 4808
f 5010 4780 4730
f 4832 4905 4762
f 4723 4730 4722
f 4725 4724 4808
f 5003 4761 4812
f 4720 4765 4721
f 4726 4740 4725
f 4723 4722 4764
f 4884 4729 4883
f 4768 4765 4762
f 4768 4762 4771
f 4885 4777 4887
f 4989 4730 4990
f 4888 4887 4886
f 4731 4730 4989
f 4990 4740 4989
f 5028 4741 4943
f 4721 4722 4780
f 4882 4940 4941
f 4881 4882 4816
f 5033 5034 5032
f 4660 4891 4659
f 4991 4741 4742
f 4940 4945 4777
f 4742 4741 5028
f 4992 4742 4743
f 4993 4734 4994
f 4817 4889 4890
f 4773 4767 4814
f 4994 4743 4744
f 4821 4720 4721
f 4730 4731 5010
f 4731 4989 4991
f 4823 4820 4824
f 5129 5108 5036
f 4718 4719 4819
f 4894 4819 4820
f 4937 4979 4983
f 4824 5013 4823
f 4715 4714 4937
f 4717 4822 4716
f 4894 4717 4718
f 4733 4992 4994
f 4826 4716 4822
f 4953 4829 4900
f 4715 4716 4826
f 4951 4972 5139
f 4936 4874 4873
f 4713 4973 4712
f 4936 4714 4713
f 4991 4992 4732
f 4900 4720 4719
f 5016 4825 5014
f 4817 4940 4882
f 4837 4696 4697
f 4712 4874 4713
f 5073 5077 5079
f 4901 4830 4831
f 5102 4834 5100
f 5116 5070 5135
f 975 1941 4908
f 4785 4835 5024
f 4678 4773 4769
f 5023 5100 5101
f 5022 5080 4675
f 4676 4772 4770
f 4674 4906 4675
f 4962 4874 4964
f 4674 4675 4676
f 4674 4673 4955
f 5038 4910 4784
f 5049 1049 1050
f 4672 4838 4673
f 4773 4814 4766
f 4676 4786 4788
f 5108 5095 1935
f 1929 1928 5003
f 4677 4770 4773
f 4815 4651 4652
f 4839 1048 1049
f 4845 4791 4844
f 5031 5052 4743
f 4676 4788 4674
f 4840 4669 4668
f 1044 1045 4498
f 4718 4717 4954
f 4790 4841 4844
f 4771 4762 4811
f 4670 4843 4671
f 4671 4672 4846
f 4957 4670 4671
f 1045 4841 4912
f 4912 4706 4499
f 4499 4498 4912
f 4499 4706 4500
f 4687 4855 4686
f 4669 4840 4842
f 4845 4913 4914
f 4914 4843 4791
f 4794 4851 4853
f 4673 4788 5024
f 4684 4685 4852
f 4788 4673 4674
f 4676 4770 4677
f 4766 4769 4773
f 4787 4785 4786
f 4923 4700 4701
f 4836 4679 4696
f 4919 4679 4680
f 4836 4837 4787
f 4773 4678 4677
f 4677 4786 4676
f 4697 4850 4849
f 4850 4793 4849
f 4851 4698 4849
f 4787 4916 4785
f 4796 4694 4695
f 4851 4699 4698
f 4858 4857 4794
f 4957 4797 4670
f 4921 4692 4701
f 4924 4792 4847
f 4770 4772 4767
f 4694 4798 4693
f 4668 4695 4705
f 4695 4668 4669
f 4797 4796 4695
f 4695 4694 4704
f 4501 4500 4705
f 4500 4706 4705
f 4704 4705 4695
f 4501 4705 4704
f 4694 4703 4704
f 4705 4706 4668
f 4702 4703 4693
f 4703 4501 4704
f 4693 4860 4692
f 4702 4693 4692
f 4703 4502 4501
f 4502 4703 4702
f 4502 4702 4503
f 4771 1930 4812
f 4702 4692 4691
f 4703 4694 4693
f 4694 4796 4798
f 4907 4911 1050
f 4769 4877 4876
f 4790 4840 4912
f 4678 4769 4679
f 4700 4699 4857
f 5053 4778 5054
f 5057 4746 4970
f 5043 4944 4890
f 4698 4699 4847
f 4826 5014 4825
f 4926 4662 4663
f 4745 4746 4995
f 4948 4778 4947
f 5053 5054 5056
f 4746 4747 4996
f 4997 5060 5107
f 4818 4891 4892
f 4664 4760 4927
f 4788 4786 4785
f 3625 4758 4759
f 5025 5027 4861
f 4758 4757 4997
f 4758 3624 4757
f 3623 4749 4757
f 5110 5058 5060
f 4759 4760 4667
f 5050 4946 4892
f 1047 1048 4845
f 4997 4757 4748
f 4993 4995 4735
f 4998 4737 4996
f 4999 4749 4756
f 4998 4999 4738
f 4753 4896 4754
f 4995 4996 4736
f 4738 4737 4998
f 4950 4755 4754
f 4739 4755 5035
f 4899 4714 4972
f 4754 4755 3620
f 4999 4739 4738
f 4753 4754 3620
f 4950 4896 4898
f 4870 4751 4868
f 3619 4752 4753
f 3618 4751 4752
f 4714 4899 4713
f 3623 4756 4749
f 4752 4870 4897
f 4748 4757 4749
f 4750 4868 4751
f 4760 4664 4666
f 5015 4782 5140
f 3625 4667 67
f 4667 4666 68
f 4667 3625 4759
f 4667 4760 4666
f 3625 66 3624
f 3623 3624 65
f 3622 4756 3623
f 3623 4757 3624
f 4666 4665 1
f 3625 3624 4758
f 68 67 4667
f 4795 4796 4797
f 4698 4848 4697
f 68 4666 1
f 4733 4734 5011
f 4787 4677 4678
f 65 64 3623
f 65 3624 66
f 4842 4670 4669
f 66 3625 67
f 4678 4836 4787
f 3623 64 3622
f 4739 3622 3621
f 4739 4756 3622
f 3621 62 3620
f 3621 3620 4755
f 3620 61 3619
f 3618 3619 60
f 3618 4752 3619
f 3619 4753 3620
f 3621 3622 63
f 3618 3617 4751
f 61 3620 62
f 4769 4766 4877
f 5116 1938 1937
f 60 3619 61
f 3618 59 3617
f 3618 60 59
f 4780 4779 4819
f 3617 59 58
f 5005 4776 4775
f 62 3621 63
f 3622 64 63
f 3621 4755 4739
f 4670 4797 4669
f 4666 4664 4665
f 4798 4795 4859
f 4751 3617 4750
f 4680 4679 4876
f 4854 4917 4918
f 4952 4973 4899
f 4766 4966 4965
f 4682 4683 4918
f 4682 4681 4929
f 3612 3611 5099
f 4854 4684 4852
f 4708 4707 5000
f 4852 4793 4854
f 4869 4709 4871
f 4973 4711 4712
f 4750 3617 3616
f 4707 4750 3616
f 4707 3615 5065
f 5002 4863 5001
f 4708 4869 4707
f 4865 4866 4802
f 4685 4684 4865
f 5068 5066 5115
f 4750 4869 4868
f 4849 4698 4697
f 4858 4920 4921
f 4503 4702 4691
f 4505 4690 4689
f 4691 4690 4504
f 4691 4504 4503
f 4504 4690 4505
f 4729 4728 5005
f 4651 4815 4774
f 4687 4856 4855
f 4793 4853 4851
f 4856 4794 4855
f 4934 4960 4867
f 4507 4806 4805
f 4857 4858 4700
f 4806 4506 4689
f 4872 4806 4688
f 4984 5073 5079
f 4689 4506 4505
f 4687 4686 4960
f 4689 4690 4922
f 4865 4867 4685
f 4659 4891 4893
f 4707 3616 3615
f 4967 4875 4931
f 3614 3615 56
f 57 3616 58
f 3613 3614 55
f 3614 5065 3615
f 3613 54 3612
f 3611 3612 53
f 4864 4683 4682
f 5144 4800 5069
f 3616 57 3615
f 5099 5019 5018
f 55 3614 56
f 4730 4780 4722
f 4787 4786 4677
f 55 54 3613
f 54 53 3612
f 5022 4675 4906
f 4775 4776 4815
f 53 52 3611
f 4732 4824 4895
f 56 3615 57
f 5005 4775 4729
f 3611 52 3610
f 3609 50 3608
f 3607 3608 49
f 4933 4934 4867
f 4686 4685 4867
f 3606 47 3605
f 48 3606 3607
f 4805 4806 5020
f 3606 5020 4959
f 51 3609 3610
f 4507 4805 3604
f 50 49 3608
f 5100 4834 4908
f 1045 1046 4841
f 49 48 3607
f 47 46 3605
f 3606 48 47
f 46 3604 3605
f 4821 4780 4819
f 4907 1050 1051
f 4923 4859 4925
f 4797 4695 4669
f 50 3609 51
f 3610 52 51
f 4932 3610 5138
f 1046 1047 4844
f 5002 4800 5051
f 3617 58 3616
f 5148 5038 4784
f 4796 4795 4798
f 4735 4734 4993
f 4860 4798 4923
f 4846 4915 4957
f 4662 4926 4928
f 4876 4879 4680
f 4709 4930 4710
f 3611 3610 5019
f 4866 4932 5138
f 4684 4683 4866
f 4933 3609 3608
f 4871 4709 4710
f 4971 4827 4897
f 3605 5020 3606
f 4688 4687 4872
f 4506 4806 4507
f 3605 3604 4805
f 4688 4806 4689
f 4806 4804 5020
f 4987 4978 4985
f 5061 5124 5125
f 5063 5003 5114
f 4723 4808 4724
f 4930 4931 4710
f 4939 4810 4878
f 4877 4766 4878
f 4800 4968 4939
f 4762 4831 4832
f 1931 4811 4905
f 1930 1929 4812
f 5003 4812 1929
f 4768 4813 4764
f 4812 4813 4771
f 4767 4880 4814
f 4763 4963 4966
f 4775 4815 4652
f 4774 4815 4776
f 4884 4728 4729
f 4881 4883 4654
f 4657 4890 4889
f 4944 4817 4890
f 4660 4892 4891
f 4946 4818 4892
f 4819 4719 4821
f 4820 4819 4779
f 5010 4895 4779
f 4717 4823 4822
f 4720 4821 4719
f 4721 4780 4821
f 4717 4894 4823
f 5014 4826 4822
f 4820 4895 4824
f 4781 4822 4823
f 4732 4733 4824
f 4733 5011 5013
f 5011 5012 4781
f 4828 5047 5046
f 5014 4822 4781
f 4826 4825 5139
f 5045 4782 5151
f 5032 4737 4738
f 5044 4949 4782
f 4869 4871 4803
f 5125 4953 4902
f 1934 1933 5036
f 5093 5097 4783
f 4904 1933 1932
f 4720 4831 4765
f 4831 4830 4832
f 4832 4830 4903
f 4832 4904 4905
f 4838 4909 4955
f 5103 5102 5023
f 4908 4907 1051
f 5100 5130 5101
f 4785 4916 5137
f 4846 4835 4792
f 4679 4836 4678
f 4837 4836 4696
f 4698 4847 4848
f 4787 4837 4916
f 4671 4843 4914
f 4909 4838 4789
f 4911 5049 1050
f 4913 4845 4839
f 4706 4912 4668
f 4842 4840 4790
f 4844 4841 1046
f 4841 4790 4912
f 4844 4842 4790
f 4843 4842 4791
f 4842 4843 4670
f 4791 4845 4914
f 4845 4844 1047
f 4844 4791 4842
f 1048 4839 4845
f 4913 4839 4789
f 4835 4846 4672
f 4915 4846 4792
f 4700 4923 4925
f 4697 4848 4837
f 4792 5137 4847
f 5137 4792 4835
f 4850 4697 4696
f 4849 4793 4851
f 4919 4696 4679
f 4681 4917 4680
f 4793 4852 4853
f 4851 4794 4857
f 4852 4685 4853
f 4854 4793 4850
f 4685 4686 4853
f 4853 4686 4855
f 4854 4850 4917
f 4683 4684 4854
f 4856 4687 4688
f 4853 4855 4794
f 4922 4688 4689
f 4691 4920 4690
f 4851 4857 4699
f 4858 4794 4856
f 4858 4856 4920
f 4701 4700 4858
f 4859 4795 5040
f 4924 4847 4925
f 4692 4860 4701
f 4693 4798 4860
f 4861 4926 4927
f 4759 5025 4760
f 4879 4681 4680
f 5069 5002 5068
f 5001 4709 4708
f 4863 5051 4967
f 4682 5142 5143
f 4866 4864 4801
f 4866 4865 4684
f 4867 4865 4802
f 4864 4866 4683
f 4932 4866 4801
f 4802 4933 4867
f 3608 4934 4933
f 4750 4707 4869
f 4868 4803 4870
f 4709 4869 4708
f 4803 4868 4869
f 4803 4871 4935
f 4827 4896 4897
f 4974 4711 4952
f 5048 4871 4974
f 4960 4872 4687
f 4806 4872 4804
f 4979 4902 4976
f 4936 4937 4714
f 4712 4875 4964
f 4873 4874 4807
f 4711 4710 4931
f 4964 4809 4965
f 4769 4876 4679
f 4879 4876 4810
f 4964 4965 4938
f 4876 4877 4810
f 4939 4878 4809
f 4810 4877 4878
f 4968 4879 4810
f 4929 4879 4862
f 4767 4772 5075
f 4966 4880 4763
f 4882 4655 4656
f 4883 4881 4816
f 4655 4882 4881
f 4889 4882 4656
f 4883 4816 4884
f 4883 4729 4653
f 4885 4816 4941
f 4884 4816 4885
f 4945 5029 4777
f 4888 4728 4884
f 4942 4943 4740
f 4727 5042 4726
f 4777 5029 5030
f 4886 4942 4888
f 4728 4888 4727
f 4885 4887 4888
f 4890 4657 4658
f 4882 4889 4817
f 4658 4659 4893
f 4947 5043 4893
f 4892 4660 4661
f 4893 4891 4818
f 4661 4662 4928
f 4958 5050 4928
f 4947 4893 4818
f 4893 4890 4658
f 4819 4894 4718
f 4823 4894 4820
f 4779 4895 4820
f 4732 4895 4731
f 4897 4896 4753
f 4896 4827 4898
f 4752 4897 4753
f 4870 4971 4897
f 5033 4898 5109
f 5035 4898 5032
f 4715 5139 4972
f 4899 4828 4952
f 4975 4719 4718
f 4829 5128 4901
f 4720 4901 4831
f 4829 4901 4900
f 4982 4954 4717
f 4977 4873 4978
f 5123 5096 4829
f 5093 4783 5146
f 4905 4904 1932
f 4903 4904 4832
f 1931 4905 1932
f 4762 4905 4811
f 4906 4674 4955
f 4906 4833 5148
f 1051 975 4908
f 4834 5104 4911
f 5130 1941 1940
f 4834 4907 4908
f 4956 5039 4789
f 4833 4906 4955
f 5104 4834 5102
f 4789 4839 4956
f 4834 4911 4907
f 4956 5049 4910
f 4498 1045 4912
f 4668 4912 4840
f 4789 4838 4913
f 4672 4914 4838
f 4838 4914 4913
f 4672 4671 4914
f 4915 4792 4924
f 4795 4797 4957
f 4837 4848 4916
f 4916 4848 5137
f 4917 4681 4918
f 4919 4850 4696
f 4682 4918 4681
f 4854 4918 4683
f 4680 4917 4919
f 4850 4919 4917
f 4920 4691 4921
f 4922 4856 4688
f 4692 4921 4691
f 4858 4921 4701
f 4690 4920 4922
f 4856 4922 4920
f 4860 4923 4701
f 4798 4859 4923
f 4925 4847 4699
f 4924 4859 5040
f 4700 4925 4699
f 4859 4924 4925
f 4927 4926 4663
f 4928 4926 4861
f 4664 4927 4663
f 4927 4760 5025
f 4958 4928 4861
f 4928 4892 4661
f 4879 4929 4681
f 5142 4929 4862
f 5001 4708 5000
f 4931 4930 4863
f 4939 4967 5051
f 4931 4875 4711
f 5019 4932 4801
f 5138 3610 3609
f 4933 4802 5138
f 4934 3608 3607
f 3607 4959 4934
f 4804 4872 4960
f 4935 5046 4949
f 4870 4803 5041
f 4874 4936 4713
f 4937 4936 4873
f 4977 4937 4873
f 4976 4902 4954
f 4809 4878 4965
f 4962 4938 4963
f 4967 4939 4809
f 5144 4968 4800
f 4945 4817 4944
f 4777 4885 4941
f 4882 4941 4816
f 4777 4941 4940
f 4943 4942 4886
f 5042 4740 4726
f 5028 4943 4886
f 4740 4943 4741
f 4744 4743 5052
f 4945 4940 4817
f 4980 4945 4944
f 5029 4945 4980
f 4746 5057 4747
f 4948 4947 4818
f 4948 4818 4946
f 5043 4778 4944
f 4981 4948 4946
f 5056 5052 5053
f 4949 4971 5041
f 5046 4935 4828
f 4896 4950 4754
f 5035 4950 4898
f 5141 5016 5015
f 4899 4972 4828
f 5048 4952 4828
f 4710 4974 4871
f 4975 4900 4719
f 4953 4975 4954
f 4982 4717 4716
f 4953 4954 4902
f 4838 4955 4673
f 4955 4909 4833
f 4839 1049 5049
f 4910 5038 5039
f 4846 4957 4671
f 4957 4915 4795
f 5027 5025 5026
f 5050 4799 4946
f 3606 4959 3607
f 4960 4959 4804
f 4867 4960 4686
f 4960 4934 4959
f 4961 4977 4978
f 5111 4961 4987
f 4964 4874 4712
f 4965 4966 4938
f 4963 4763 4986
f 4807 4962 4963
f 4809 4964 4875
f 4962 4964 4938
f 4878 4766 4965
f 4966 4766 4814
f 4966 4814 4880
f 4963 4938 4966
f 4875 4967 4809
f 4863 4967 4931
f 4879 4968 4862
f 4810 4939 4968
f 4944 5053 4980
f 5031 4743 4742
f 4946 5059 4981
f 5055 4746 4745
f 4971 4870 5041
f 4971 4949 5044
f 4715 4972 4714
f 4972 4951 5047
f 4899 4973 4713
f 4711 4973 4952
f 4711 4974 4710
f 4974 4952 5048
f 4954 4975 4718
f 4900 4975 4953
f 4715 4983 4716
f 4937 4977 4979
f 4978 4873 4807
f 4979 4977 4961
f 4963 4986 4985
f 4807 4985 4978
f 4979 4961 5145
f 4979 4976 4983
f 5053 4944 4778
f 4969 5031 5029
f 5059 4946 4799
f 4981 4970 5054
f 4983 4982 4716
f 4954 4982 4976
f 4937 4983 4715
f 4982 4983 4976
f 5073 4763 5074
f 4978 4987 4961
f 4963 4985 4807
f 4987 4985 4984
f 4880 5074 4763
f 4985 4986 4984
f 5072 5075 5076
f 5091 4987 5079
f 5005 5007 4776
f 5007 5006 4988
f 4991 4989 4741
f 4740 4741 4989
f 4723 4990 4730
f 4725 4990 4724
f 4732 4731 4991
f 4992 4991 4742
f 4733 4732 4992
f 4994 4992 4743
f 4995 4993 4745
f 4744 4745 4993
f 4734 4733 4994
f 4993 4994 4744
f 4736 4735 4995
f 4996 4995 4746
f 4737 4736 4996
f 4998 4996 4747
f 5110 4748 4747
f 5025 4759 5107
f 4999 4998 4748
f 4747 4748 4998
f 4749 4999 4748
f 4739 4999 4756
f 5066 5002 5000
f 4930 5001 4863
f 4709 5001 4930
f 5001 5000 5002
f 5000 5065 5066
f 5018 5067 5115
f 5133 1928 1927
f 5006 5112 4988
f 5116 5117 5070
f 5061 5111 5091
f 5006 5005 4728
f 5005 5006 5007
f 4728 4727 5006
f 5112 5006 4727
f 4988 5008 5007
f 1926 5009 5008
f 5132 5131 4988
f 5009 1926 1925
f 4776 5007 5009
f 5008 5009 5007
f 4895 5010 4731
f 4780 5010 4779
f 4734 4735 5098
f 5013 5011 4781
f 5098 5011 4734
f 5150 4736 5034
f 4823 5013 4781
f 4733 5013 4824
f 4781 5012 5014
f 5014 5012 5016
f 5152 5016 5012
f 4736 4737 5034
f 5152 5012 5098
f 5141 5015 5140
f 5084 5089 5082
f 5119 5085 5070
f 5143 4801 4864
f 4682 4929 5142
f 4932 5019 3610
f 5018 5019 4801
f 5020 3605 4805
f 4959 5020 4804
f 5044 5045 5109
f 5152 5149 5151
f 5147 4784 5106
f 5072 5078 5077
f 5116 5118 5136
f 5078 5090 5004
f 4785 5024 4788
f 4835 4673 5024
f 4758 5107 4759
f 4927 5025 4861
f 5110 5057 5058
f 4958 5027 4799
f 4861 5027 4958
f 5058 5057 5059
f 4887 5030 4886
f 5028 5029 5031
f 4969 5029 4980
f 5029 5028 5030
f 4886 5030 5028
f 4777 5030 4887
f 5031 4969 5052
f 5028 5031 4742
f 5035 5032 4738
f 5033 5032 4898
f 5109 4898 4827
f 5034 5033 5021
f 5151 5150 5021
f 4737 5032 5034
f 4739 5035 4738
f 4950 5035 4755
f 4904 5036 1933
f 5036 4903 5129
f 5096 5126 5127
f 5095 5037 5094
f 4833 4909 5038
f 5038 4909 5039
f 4789 5039 4909
f 4910 5039 4956
f 4795 4915 5040
f 4924 5040 4915
f 4803 4935 5041
f 5041 4935 4949
f 4888 5042 4727
f 4740 5042 4942
f 4893 5043 4890
f 4778 5043 4947
f 5045 5044 4782
f 4971 5044 4827
f 5151 4782 5015
f 5021 5033 5109
f 4828 4972 5047
f 4782 4949 5046
f 5140 5047 4951
f 4782 5046 5047
f 4828 4935 5048
f 5048 4935 4871
f 4910 5049 4911
f 4839 5049 4956
f 4928 5050 4892
f 4799 5050 4958
f 5002 5051 4863
f 4939 5051 4800
f 4969 5053 5052
f 5054 4948 4981
f 4980 5053 4969
f 5054 4778 4948
f 4970 5055 5054
f 5055 4745 5056
f 4746 5055 4970
f 5056 4745 4744
f 5052 5056 4744
f 5054 5055 5056
f 4970 5059 5057
f 4799 5027 5058
f 5027 5026 5058
f 5060 5058 5026
f 4981 5059 4970
f 5058 5059 4799
f 5107 5060 5026
f 4997 4748 5110
f 4783 5097 5123
f 5145 5061 5125
f 4808 5064 4725
f 5133 5131 5113
f 5003 5063 4761
f 5063 5062 5064
f 5064 5062 5112
f 4725 5064 4726
f 5066 5065 3614
f 4707 5065 5000
f 3614 3613 5066
f 3613 3612 5115
f 5018 5143 5142
f 5002 5066 5068
f 5115 5066 3613
f 5069 5068 5067
f 5067 5142 5144
f 5002 5069 4800
f 5116 1937 5134
f 5087 5070 5085
f 4986 5073 4984
f 5078 5082 5071
f 5075 5080 5076
f 5080 5075 4772
f 4763 5073 4986
f 5077 5073 5072
f 4880 4767 5075
f 5072 5073 5074
f 5072 5074 5075
f 5075 5074 4880
f 5090 5022 5081
f 5077 5078 5071
f 5078 5072 5076
f 5077 5071 5079
f 5090 5078 5076
f 5082 5078 5004
f 5071 5088 5091
f 4984 5079 4987
f 4675 5080 4772
f 5022 5076 5080
f 5148 4784 5147
f 5102 5106 4784
f 5004 5084 5082
f 5092 5146 5089
f 5084 5085 5083
f 5083 5092 5089
f 5085 5084 5004
f 5089 5088 5071
f 5087 5085 5004
f 5070 5117 5119
f 5004 5105 5087
f 5023 5121 5086
f 5105 5004 5081
f 5087 5086 5135
f 5071 5082 5089
f 5088 5146 5124
f 5084 5083 5089
f 5122 5092 5083
f 5022 5090 5076
f 5004 5090 5081
f 5071 5091 5079
f 5061 5091 5088
f 5093 5092 5017
f 5092 5093 5146
f 5017 5094 5093
f 4830 5128 5127
f 5094 5017 5095
f 5126 5094 5037
f 5120 5095 5017
f 1936 1935 5095
f 5126 5093 5094
f 5096 5127 5128
f 5126 5097 5093
f 5123 5097 5096
f 4736 5149 4735
f 5011 5098 5012
f 5019 5099 3611
f 5115 5099 5018
f 4908 1941 5130
f 5102 5100 5023
f 1940 1939 5101
f 1939 5136 5121
f 5103 5023 5086
f 5102 4784 5104
f 5086 5105 5103
f 5081 5022 5147
f 4784 4910 5104
f 4911 5104 4910
f 5087 5105 5086
f 5147 5105 5081
f 5102 5103 5106
f 5105 5147 5103
f 4997 5107 4758
f 5025 5107 5026
f 5036 5108 1934
f 5095 5108 5037
f 5044 5109 4827
f 5021 5109 5045
f 5110 4747 5057
f 4997 5110 5060
f 5091 5111 4987
f 5145 5111 5061
f 5064 5112 4727
f 5112 5062 5132
f 5114 5062 5063
f 5003 5133 5114
f 5133 5003 1928
f 5114 5113 5132
f 5115 3612 5099
f 5068 5115 5067
f 5134 1937 1936
f 5118 5116 5135
f 5120 1936 5095
f 5017 5092 5122
f 5101 5121 5023
f 1938 5136 1939
f 5117 5120 5122
f 5083 5085 5119
f 5120 5017 5122
f 5120 5117 5134
f 1939 5121 5101
f 5121 5118 5135
f 5083 5119 5122
f 5122 5119 5117
f 4829 4953 5125
f 5088 5124 5061
f 4783 5123 5124
f 5125 5124 5123
f 5125 5123 4829
f 5125 4902 5145
f 5126 5129 5127
f 5097 5126 5096
f 5129 5126 5037
f 4903 4830 5127
f 4901 5128 4830
f 5096 5128 4829
f 5129 5037 5108
f 4903 5127 5129
f 5101 5130 1940
f 4908 5130 5100
f 1926 5131 1927
f 4988 5131 5008
f 5112 5132 4988
f 5114 5132 5062
f 5131 5133 1927
f 5114 5133 5113
f 5120 5134 1936
f 5116 5134 5117
f 5087 5135 5070
f 5121 5135 5086
f 5116 5136 1938
f 5121 5136 5118
f 5137 4835 4785
f 4847 5137 4848
f 4933 5138 3609
f 4866 5138 4802
f 4826 5139 4715
f 5141 5139 4825
f 5047 5140 4782
f 5141 5140 4951
f 5139 5141 4951
f 5016 5141 4825
f 5144 5142 4862
f 5067 5018 5142
f 4801 5143 5018
f 4682 5143 4864
f 5144 4862 4968
f 5067 5144 5069
f 4979 5145 4902
f 5111 5145 4961
f 5124 5146 4783
f 5089 5146 5088
f 5148 5147 5022
f 5103 5147 5106
f 4906 5148 5022
f 5148 4833 5038
f 5149 5150 5151
f 4735 5149 5098
f 5021 5150 5034
f 5149 4736 5150
f 5045 5151 5021
f 5152 5151 5015
f 5016 5152 5015
f 5098 5149 5152
f 5188 5215 5180
f 5160 5161 5216
f 5202 5179 5178
f 5158 5177 5203
f 5215 5158 5159
f 5180 5200 5189
f 5180 5217 5162
f 5170 5194 5169
f 5191 5176 5192
f 5176 5177 5188
f 5188 5189 5176
f 5191 5177 5176
f 5175 5176 5189
f 5216 5217 5215
f 5195 5193 5184
f 5175 5174 5190
f 5154 5183 5182
f 5202 5208 5156
f 5155 5183 5154
f 5153 5154 5171
f 5183 5155 5208
f 5194 5178 5179
f 5194 5193 5169
f 5222 5156 5157
f 5181 5190 5201
f 5154 5182 5171
f 5182 5194 5170
f 5172 5199 5173
f 5193 5194 5184
f 5171 5182 5170
f 5191 5181 5202
f 5194 5183 5178
f 5181 5192 5190
f 5176 5175 5192
f 5209 5220 5204
f 5190 5192 5175
f 5225 5218 5219
f 5189 5204 5175
f 5203 5191 5222
f 5210 5173 5199
f 4025 4026 5165
f 5181 5201 5179
f 5174 5196 5173
f 5209 5200 5163
f 5200 5180 5162
f 5221 4028 4029
f 5212 5173 5205
f 4027 5219 4026
f 5179 5202 5181
f 4029 4030 5221
f 5168 5193 5195
f 5169 5193 5168
f 5168 5195 5167
f 5195 5223 5167
f 5199 5206 5197
f 5225 4028 5187
f 4030 4031 5206
f 5172 5221 4030
f 5197 5198 5186
f 5218 5225 5185
f 5196 5187 5173
f 5166 5198 4033
f 5215 5188 5177
f 4032 5197 4031
f 5221 5173 5187
f 5184 5211 5214
f 5189 5188 5180
f 5174 5204 5196
f 5191 5192 5181
f 5165 5218 5164
f 5194 5182 5183
f 5194 5179 5207
f 5201 5190 5211
f 5223 5195 5186
f 5174 5175 5204
f 5187 5196 5185
f 5198 5197 4032
f 5199 5197 5186
f 4033 5198 4032
f 5166 5167 5223
f 5199 5186 5210
f 5172 4030 5206
f 5162 5163 5200
f 5204 5189 5213
f 5190 5212 5211
f 5184 5207 5201
f 5208 5202 5178
f 5222 5202 5156
f 5158 5203 5157
f 5177 5191 5203
f 5213 5200 5209
f 5185 5196 5204
f 5186 5214 5210
f 5174 5212 5190
f 5197 5206 4031
f 5172 5206 5199
f 5194 5207 5184
f 5179 5201 5207
f 5183 5208 5178
f 5156 5208 5155
f 5163 5164 5224
f 5164 5218 5220
f 5214 5186 5195
f 5173 5210 5205
f 5214 5211 5205
f 5184 5201 5211
f 5173 5212 5174
f 5211 5212 5205
f 5200 5213 5189
f 5209 5204 5213
f 5210 5214 5205
f 5184 5214 5195
f 5158 5215 5177
f 5216 5215 5159
f 5160 5216 5159
f 5217 5216 5161
f 5162 5217 5161
f 5180 5215 5217
f 5219 5218 5165
f 5220 5218 5185
f 4026 5219 5165
f 4028 5225 4027
f 5204 5220 5185
f 5220 5209 5224
f 5173 5221 5172
f 4028 5221 5187
f 5203 5222 5157
f 5202 5222 5191
f 5186 5198 5223
f 5166 5223 5198
f 5220 5224 5164
f 5209 5163 5224
f 5185 5225 5187
f 4027 5225 5219
f 5234 5233 5237
f 5241 5245 5244
f 5178 5232 5179
f 5232 5178 5233
f 4083 4084 5248
f 5245 5241 5252
f 5231 5245 5232
f 5237 5178 5238
f 5252 5178 5179
f 5238 5235 5237
f 5236 5238 5239
f 4084 4085 5239
f 5235 5238 5236
f 4085 5236 5239
f 5239 5248 4084
f 5239 5238 5248
f 5231 5244 5245
f 5233 5178 5237
f 5179 5232 5245
f 5242 5244 5230
f 5250 5240 5243
f 5234 5237 5235
f 5250 5243 5228
f 5250 5227 5226
f 5242 5243 5240
f 5243 5242 5229
f 5229 5228 5243
f 5246 5247 5242
f 4080 5226 4079
f 4081 5251 4080
f 5251 5246 5240
f 5242 5247 5241
f 5250 4080 5251
f 5242 5230 5229
f 5244 5242 5241
f 5244 5231 5230
f 5249 5252 5241
f 5240 5246 5242
f 4081 4082 5246
f 5246 4082 5247
f 4082 4083 5247
f 5249 4083 5248
f 5252 5248 5238
f 5247 5249 5241
f 4083 5249 5247
f 5249 5248 5252
f 5227 5250 5228
f 4080 5250 5226
f 5246 5251 4081
f 5250 5251 5240
f 5178 5252 5238
f 5252 5179 5245
f 5259 5253 5159
f 5257 5258 5157
f 5259 5158 5258
f 5255 5256 5155
f 5171 5254 5153
f 5255 5154 5254
f 5257 5156 5256
f 5160 5159 5253
f 5158 5157 5258
f 5159 5158 5259
f 5156 5155 5256
f 5154 5153 5254
f 5155 5154 5255
f 5157 5156 5257
f 5253 5260 5161
f 5260 5261 5162
f 5161 5160 5253
f 5163 5162 5261
f 5161 5260 5162
f 5261 5262 5163
f 5262 5263 5164
f 5263 5264 5165
f 5164 5263 5165
f 4025 5165 5264
f 4026 4025 5264
f 5262 5164 5163
f 4018 4019 5253
f 4016 4017 5258
f 4018 5259 4017
f 4014 4015 5256
f 4012 4013 5254
f 4014 5255 4013
f 4016 5257 4015
f 5253 5259 4018
f 5258 5257 4016
f 5259 5258 4017
f 5256 5255 4014
f 5254 5171 4012
f 5255 5254 4013
f 5257 5256 4015
f 4019 4020 5253
f 4020 4021 5260
f 5253 4020 5260
f 5261 4022 5262
f 5261 5260 4021
f 4022 5261 4021
f 4023 4024 5263
f 4024 4025 5264
f 5263 5262 4023
f 4026 5264 4025
f 5263 4024 5264
f 4023 5262 4022
f 5293 5273 5274
f 4674 4675 5269
f 5284 5269 5282
f 5281 5291 5302
f 5302 4673 5284
f 5282 5269 5270
f 5281 5304 5303
f 5297 5280 5285
f 5288 5297 5298
f 5269 5284 4674
f 5286 5285 5280
f 4670 4671 5285
f 5285 5286 4670
f 5294 5286 5280
f 5287 5268 4668
f 4669 4670 5286
f 5287 5299 5268
f 5286 5299 4669
f 5291 4672 4673
f 4669 5299 5287
f 4674 5284 4673
f 4672 5298 5300
f 5272 5273 5292
f 5290 5279 5297
f 5271 5292 5283
f 5292 5293 5283
f 5297 5279 5280
f 5283 5270 5271
f 5283 5282 5270
f 5295 5275 5276
f 5289 5301 5294
f 5290 5288 5295
f 5301 5266 5267
f 5279 5290 5289
f 5291 5303 5298
f 5294 5279 5289
f 5278 5289 5277
f 5296 5275 5295
f 5284 5282 5281
f 5278 5265 5266
f 5290 5277 5289
f 5283 5304 5281
f 5301 5278 5266
f 5283 5281 5282
f 5276 5277 5290
f 4668 4669 5287
f 5272 5292 5271
f 5293 5292 5273
f 5274 5275 5296
f 5283 5293 5304
f 5279 5294 5280
f 5268 5294 5267
f 5290 5295 5276
f 5296 5295 5288
f 5296 5288 5303
f 5296 5293 5274
f 4671 5300 5285
f 5297 5288 5290
f 5297 5285 5300
f 4672 5291 5298
f 5286 5294 5299
f 5268 5299 5294
f 4672 5300 4671
f 5297 5300 5298
f 5294 5301 5267
f 5278 5301 5289
f 5281 5302 5284
f 5291 4673 5302
f 5298 5303 5288
f 5281 5303 5291
f 5293 5296 5304
f 5303 5304 5296
f 4684 4685 5316
f 4679 4680 5324
f 5308 5309 5313
f 5314 5311 5313
f 5315 5308 5313
f 5327 5315 5325
f 5305 5306 5329
f 5314 5313 5309
f 5314 5309 5310
f 5319 5321 5326
f 5320 4692 5305
f 5312 5319 5320
f 4681 5322 4680
f 5324 5310 4679
f 5307 5327 5306
f 5313 5311 5315
f 5323 5318 5322
f 5327 5329 5306
f 4682 4683 5323
f 5321 5319 5312
f 5311 5318 5316
f 4683 4684 5318
f 5318 5314 5322
f 5315 5311 5317
f 5320 5319 4691
f 5308 5315 5307
f 4688 5321 4687
f 5325 5328 5330
f 4690 4691 5319
f 5318 5311 5314
f 5316 4685 5317
f 4689 4690 5326
f 4685 4686 5317
f 5327 5325 5329
f 5330 5328 4687
f 4684 5316 5318
f 4692 5320 4691
f 5311 5316 5317
f 5321 5312 5330
f 4688 4689 5326
f 5322 4681 5323
f 5324 5314 5310
f 4682 5323 4681
f 5318 5323 4683
f 4680 5322 5324
f 5314 5324 5322
f 5315 5317 5325
f 5328 5317 4686
f 5319 5326 4690
f 4688 5326 5321
f 5315 5327 5307
f 5329 5325 5312
f 4687 5328 4686
f 5325 5317 5328
f 5312 5320 5329
f 5305 5329 5320
f 5321 5330 4687
f 5312 5325 5330
f 5273 5272 5331
f 5275 5274 5336
f 5273 5337 5274
f 5277 5276 5334
f 5265 5278 5332
f 5277 5333 5278
f 5275 5335 5276
f 5331 5337 5273
f 5336 5335 5275
f 5337 5336 5274
f 5334 5333 5277
f 5332 5266 5265
f 5333 5332 5278
f 5335 5334 5276
f 5340 5339 5269
f 5269 4675 5340
f 5339 5270 5269
f 5338 5331 5271
f 5271 5270 5338
f 5272 5271 5331
f 5338 5270 5339
f 5337 5331 4696
f 5335 5336 4698
f 5337 4697 5336
f 5333 5334 4700
f 5266 5332 4692
f 5333 4701 5332
f 5335 4699 5334
f 4679 4696 5331
f 4697 4698 5336
f 4696 4697 5337
f 4699 4700 5334
f 4701 4692 5332
f 4700 4701 5333
f 4698 4699 5335
f 4675 4676 5340
f 5339 5340 4676
f 4676 4677 5339
f 4677 4678 5338
f 4678 5331 5338
f 5331 4678 4679
f 4677 5338 5339
f 5347 5346 5355
f 5342 5351 5356
f 5280 5345 5279
f 5345 5280 5346
f 5343 5356 5344
f 5280 5354 5355
f 5358 5350 4705
f 5350 5354 5280
f 5280 5357 5350
f 4706 5349 5358
f 5349 5348 5354
f 5351 5353 5352
f 5357 5280 5279
f 4704 4705 5350
f 5356 5351 5279
f 5344 5279 5345
f 5342 5356 5343
f 5358 5354 5350
f 5347 5355 5348
f 5342 5341 5351
f 5353 5351 5341
f 5350 5357 5352
f 4702 4703 5353
f 4703 5352 5353
f 4704 5352 4703
f 4702 5353 5341
f 5354 5348 5355
f 5279 5344 5356
f 5280 5355 5346
f 5350 5352 4704
f 5279 5351 5357
f 5352 5357 5351
f 4706 5358 4705
f 5354 5358 5349
f 5415 5386 5374
f 3530 3529 5384
f 5406 5407 5414
f 5406 5384 5392
f 3538 3537 5394
f 3542 3541 5448
f 5469 5383 5428
f 3533 3532 5428
f 5391 5402 5403
f 5383 3534 3533
f 5383 5429 3534
f 5409 5421 5387
f 4000 5392 3999
f 5507 5508 5494
f 4000 4001 5402
f 5390 5425 4008
f 5412 4003 4004
f 5452 5507 5450
f 5452 5450 5387
f 5419 5403 4002
f 5429 5374 3536
f 3532 3531 5414
f 5430 5381 5433
f 5457 5458 5456
f 5484 5381 5382
f 5431 5382 5430
f 5432 5371 5433
f 5392 5384 3999
f 3543 5396 4039
f 5433 5380 5432
f 5409 5394 5415
f 3537 3536 5386
f 5454 5455 5497
f 5394 5393 5408
f 5394 3537 5386
f 5404 5391 5385
f 5404 5392 5391
f 5448 5398 5388
f 5449 3540 3539
f 3543 3542 5396
f 5396 3542 5448
f 5393 5409 5387
f 5449 3539 5408
f 5399 5410 5411
f 5421 5409 5422
f 5429 5431 5374
f 3539 3538 5408
f 5430 5433 5372
f 5430 5373 5431
f 4040 5395 5397
f 5411 4005 4006
f 5395 5396 5388
f 5425 5424 4007
f 4041 4040 5397
f 4043 4042 5512
f 5465 5500 5437
f 4039 5395 4040
f 5418 5412 5399
f 5492 5499 5445
f 5394 5409 5393
f 3535 5429 3536
f 5449 5393 5450
f 5457 5496 5444
f 5493 5513 5397
f 4004 4005 5410
f 5398 3541 3540
f 5427 5423 5411
f 5395 5388 5397
f 5403 4001 4002
f 5411 5417 5399
f 5379 5378 5434
f 5379 5380 5495
f 5377 5376 5435
f 5377 5378 5459
f 5495 5497 5379
f 5378 5377 5436
f 5377 5459 5504
f 5410 5412 4004
f 4009 4060 5390
f 5392 5404 5406
f 5424 5425 5466
f 3533 5428 5383
f 3530 5406 3531
f 4058 4057 5437
f 5437 4057 5375
f 5467 5400 5466
f 4057 4056 5375
f 5404 5385 5407
f 5404 5407 5406
f 4056 4055 5443
f 5469 5405 5505
f 4008 4009 5390
f 5385 5498 5505
f 5376 5375 5438
f 5471 5368 5473
f 5432 5434 5370
f 5470 5471 5478
f 5363 5480 5364
f 5369 5434 5436
f 5506 5474 5477
f 3536 5374 5386
f 5513 5514 5397
f 3529 3999 5384
f 5470 5370 5369
f 5361 5360 5485
f 4060 4059 5464
f 4000 5402 5392
f 5460 5416 5372
f 5366 4053 5442
f 5438 5367 5435
f 4054 5366 5443
f 5419 4003 5412
f 5436 5435 5368
f 5366 4054 4053
f 5406 3530 5384
f 5440 5483 5480
f 5442 5365 5483
f 5403 5402 4001
f 5413 5391 5403
f 4052 4051 5365
f 4052 5442 4053
f 5445 5490 5492
f 5392 5402 5391
f 5367 5366 5481
f 5443 5366 5438
f 5396 5395 4039
f 5391 5413 5385
f 5379 5434 5432
f 5407 5405 5414
f 5389 5455 5454
f 5394 5408 3538
f 5449 5408 5393
f 5394 5386 5415
f 5373 5422 5415
f 5411 5410 4005
f 5412 5410 5399
f 4007 5424 5427
f 5399 5417 5389
f 5418 5399 5389
f 5401 5420 5419
f 5403 5420 5413
f 5420 5458 5413
f 3532 5414 5405
f 3531 5406 5414
f 5374 5373 5415
f 5422 5372 5416
f 5371 5460 5372
f 5476 5370 5470
f 5411 5423 5417
f 5447 5446 5455
f 5454 5418 5389
f 5426 5418 5454
f 4003 5419 4002
f 5419 5412 5426
f 5419 5420 5403
f 5401 5456 5458
f 5422 5409 5415
f 5416 5463 5462
f 5372 5422 5373
f 5421 5422 5416
f 5411 4006 5427
f 5423 5400 5501
f 4007 4008 5425
f 5400 5423 5424
f 5464 5390 4060
f 5390 5464 5425
f 5419 5426 5401
f 5412 5418 5426
f 4007 5427 4006
f 5423 5427 5424
f 3532 5405 5428
f 5469 5428 5405
f 3534 5429 3535
f 5431 5429 5383
f 5373 5430 5372
f 5382 5381 5430
f 5374 5431 5373
f 5383 5382 5431
f 5379 5432 5380
f 5370 5371 5432
f 5372 5433 5371
f 5381 5380 5433
f 5369 5370 5434
f 5436 5434 5378
f 5367 5368 5435
f 5438 5435 5376
f 5435 5436 5377
f 5369 5436 5368
f 5511 5375 5376
f 4059 5500 5464
f 5443 5438 5375
f 5367 5438 5366
f 5489 5362 5361
f 5439 5506 5479
f 5440 5474 5471
f 5368 5482 5473
f 5364 5483 5365
f 5482 5440 5473
f 5365 5442 4052
f 5442 5441 5481
f 4056 5443 5375
f 4054 5443 4055
f 5484 5469 5444
f 5458 5498 5413
f 5491 5490 5485
f 5421 5462 5387
f 5447 5389 5417
f 5468 5447 5501
f 5423 5447 5417
f 5501 5467 5468
f 5398 5448 3541
f 5388 5396 5448
f 5450 5393 5387
f 3540 5449 5398
f 5387 5499 5452
f 5450 5507 5510
f 5445 5485 5490
f 5493 5508 5492
f 5499 5387 5462
f 5507 5452 5451
f 5496 5381 5484
f 5454 5456 5426
f 5389 5447 5455
f 5456 5454 5453
f 5459 5455 5446
f 5459 5497 5455
f 5457 5456 5453
f 5426 5456 5401
f 5453 5495 5496
f 5444 5498 5457
f 5401 5458 5420
f 5458 5457 5498
f 5459 5446 5504
f 5379 5459 5378
f 5476 5475 5371
f 5472 5439 5488
f 5416 5460 5463
f 5463 5472 5461
f 5416 5462 5421
f 5461 5445 5499
f 5463 5460 5475
f 5462 5463 5461
f 4059 4058 5500
f 5424 5466 5400
f 5503 5502 5511
f 5465 5467 5466
f 5425 5464 5466
f 5465 5466 5464
f 5502 5465 5437
f 5447 5468 5446
f 5502 5468 5467
f 5503 5377 5504
f 5405 5407 5505
f 5383 5469 5382
f 5471 5470 5369
f 5476 5439 5472
f 5368 5471 5369
f 5480 5474 5440
f 5439 5479 5488
f 5475 5460 5371
f 5482 5368 5367
f 5440 5471 5473
f 5477 5474 5363
f 5478 5474 5506
f 5476 5371 5370
f 5463 5475 5472
f 5439 5476 5470
f 5475 5476 5472
f 5363 5362 5477
f 5362 5479 5506
f 5470 5478 5439
f 5471 5474 5478
f 5479 5362 5489
f 5461 5472 5488
f 5474 5480 5363
f 5483 5440 5441
f 5442 5481 5366
f 5482 5441 5440
f 5367 5481 5482
f 5441 5482 5481
f 5480 5483 5364
f 5442 5483 5441
f 5469 5484 5382
f 5496 5484 5444
f 5490 5491 5486
f 5487 5485 5445
f 5486 5491 5512
f 5486 5493 5492
f 5461 5487 5445
f 5489 5487 5479
f 5479 5487 5488
f 5461 5488 5487
f 5361 5485 5489
f 5487 5489 5485
f 5491 5485 5360
f 5492 5490 5486
f 5360 5359 5491
f 5512 5491 5359
f 5512 5513 5486
f 5492 5451 5499
f 5397 5494 5493
f 5510 5398 5449
f 5397 5388 5494
f 5509 5388 5398
f 5496 5495 5380
f 5454 5497 5453
f 5381 5496 5380
f 5453 5496 5457
f 5379 5497 5459
f 5453 5497 5495
f 5505 5498 5444
f 5498 5385 5413
f 5452 5499 5451
f 5461 5499 5462
f 5437 5500 4058
f 5464 5500 5465
f 5423 5501 5447
f 5467 5501 5400
f 5465 5502 5467
f 5437 5375 5511
f 5377 5503 5376
f 5468 5502 5503
f 5446 5468 5504
f 5503 5504 5468
f 5385 5505 5407
f 5444 5469 5505
f 5506 5439 5478
f 5362 5506 5477
f 5508 5507 5451
f 5509 5507 5494
f 5492 5508 5451
f 5494 5508 5493
f 5388 5509 5494
f 5510 5509 5398
f 5450 5510 5449
f 5509 5510 5507
f 5503 5511 5376
f 5437 5511 5502
f 4043 5512 5359
f 4042 4041 5514
f 5486 5513 5493
f 5512 4042 5514
f 5397 5514 4041
f 5512 5514 5513
f 3529 3999 5525
f 5529 3532 5577
f 4001 5547 4000
f 5548 4000 5547
f 5581 5575 5576
f 5537 5545 5546
f 4001 4002 5545
f 5523 5530 5550
f 3531 5577 3532
f 4001 5545 5547
f 5553 5578 5579
f 5561 5570 4004
f 5581 5525 5548
f 5528 5524 3533
f 4005 4006 5554
f 3533 3532 5528
f 5529 5527 5530
f 5523 5524 5530
f 5536 5544 5572
f 5548 3999 4000
f 4009 4060 5533
f 5521 5522 5583
f 5528 5530 5524
f 5542 5555 5564
f 5583 5540 5582
f 5542 5554 5555
f 5537 5546 5558
f 5550 5527 5540
f 5528 5529 5530
f 5565 5551 5531
f 5552 5518 5519
f 4004 4005 5556
f 5535 5533 5534
f 5529 5528 3532
f 5546 4002 4003
f 4009 5533 4008
f 5562 5547 5537
f 5535 4008 5533
f 4005 5554 5556
f 5580 5534 4059
f 4059 5534 4060
f 5541 5552 5553
f 5555 5535 5532
f 5518 5551 5517
f 5551 5518 5552
f 5534 5532 5535
f 3530 3529 5525
f 5516 5544 5515
f 5516 5557 5544
f 5515 5536 4057
f 5550 5522 5523
f 4058 4057 5536
f 5516 5517 5557
f 4007 4008 5535
f 4058 5536 5572
f 5549 5520 5521
f 5539 5582 5560
f 5534 5533 4060
f 5526 5563 5562
f 5582 5526 5560
f 5519 5520 5553
f 5573 5569 5579
f 4006 4007 5555
f 5542 5568 5556
f 5543 5551 5565
f 5515 5544 5536
f 5543 5565 5567
f 5543 5567 5544
f 5546 5545 4002
f 5547 5545 5537
f 5568 5573 5556
f 5537 5558 5526
f 5562 5537 5526
f 3999 5548 5525
f 5571 5547 5562
f 5577 5576 5575
f 5549 5521 5583
f 5553 5549 5539
f 5527 5550 5530
f 5522 5550 5540
f 5551 5541 5569
f 5557 5551 5543
f 5553 5552 5519
f 5551 5552 5541
f 5549 5553 5520
f 5578 5553 5539
f 5555 5554 4006
f 5556 5554 5542
f 5535 5555 4007
f 5542 5564 5531
f 5568 5542 5531
f 5538 5559 5561
f 5551 5557 5517
f 5544 5557 5543
f 5546 5559 5558
f 5578 5559 5538
f 5546 4003 5570
f 5578 5560 5559
f 5526 5558 5560
f 5559 5560 5558
f 5559 5546 5570
f 4004 5556 5561
f 5526 5582 5563
f 5563 5571 5562
f 5527 5574 5540
f 5571 5548 5547
f 5532 5566 5555
f 5567 5565 5566
f 5531 5564 5565
f 5566 5565 5564
f 5555 5566 5564
f 5532 5567 5566
f 5580 5532 5534
f 5572 4059 4058
f 5569 5568 5531
f 5561 5573 5538
f 5551 5569 5531
f 5569 5541 5579
f 4004 5570 4003
f 5559 5570 5561
f 5563 5574 5571
f 5529 5577 5527
f 5544 5567 5572
f 5572 5567 5580
f 5556 5573 5561
f 5569 5573 5568
f 5540 5574 5563
f 5575 5574 5527
f 5548 5571 5575
f 5575 5571 5574
f 3531 3530 5576
f 5581 3530 5525
f 5576 5577 3531
f 5527 5577 5575
f 5560 5578 5539
f 5579 5578 5538
f 5579 5538 5573
f 5553 5579 5541
f 5572 5580 4059
f 5532 5580 5567
f 5575 5581 5548
f 3530 5581 5576
f 5582 5539 5549
f 5563 5582 5540
f 5540 5583 5522
f 5549 5583 5582
f 3533 5524 3534
f 3534 5524 5603
f 5595 5521 5597
f 5603 5594 5593
f 5596 5595 5591
f 5594 5596 5592
f 5595 5597 5590
f 5603 3536 3535
f 5603 5593 3536
f 5596 5522 5595
f 5594 5523 5596
f 5597 5520 5598
f 5594 5592 5593
f 5597 5598 5589
f 5595 5590 5591
f 5591 5592 5596
f 5598 5519 5599
f 5589 5590 5597
f 5521 5520 5597
f 5520 5519 5598
f 5523 5522 5596
f 5598 5599 5588
f 5601 5604 5584
f 4054 5604 4055
f 5599 5600 5587
f 5602 5601 5585
f 3534 5603 3535
f 4057 4056 5515
f 5524 5523 5594
f 5600 5602 5586
f 5517 5516 5602
f 5594 5603 5524
f 5604 4056 4055
f 5599 5518 5600
f 5599 5587 5588
f 5600 5586 5587
f 5518 5517 5600
f 5584 5585 5601
f 5586 5602 5585
f 5601 5515 5604
f 5584 5604 4054
f 5522 5521 5595
f 5516 5515 5601
f 4056 5604 5515
f 5600 5517 5602
f 5602 5516 5601
f 5588 5589 5598
f 5519 5518 5599
f 5656 5633 5730
f 4653 4654 5630
f 5661 5651 5652
f 5651 5630 5639
f 5668 5653 5640
f 5659 4751 4750
f 4711 5719 5709
f 4727 5670 4726
f 5621 5675 4725
f 5621 4725 4726
f 4727 4728 5661
f 5665 5643 5659
f 4729 4653 5630
f 5702 5703 5754
f 5731 5621 5670
f 5657 5634 4760
f 5660 5638 5648
f 4664 4760 5634
f 5637 4755 5645
f 5668 5640 5720
f 5671 5613 5674
f 5622 5745 5623
f 5624 5625 5672
f 5722 5723 5729
f 5728 5729 5632
f 5623 5624 5673
f 4658 4659 5653
f 4654 5639 5630
f 5654 5653 4659
f 5621 5622 5674
f 5637 5645 5636
f 4724 5675 4723
f 5678 5677 5612
f 5612 4722 4723
f 5674 5675 5621
f 5702 4753 4752
f 5648 5647 4656
f 4720 4721 5611
f 5620 4739 5637
f 4722 5677 4721
f 5679 5610 5611
f 5721 5726 5725
f 5756 5678 5613
f 5643 5703 5702
f 5732 5734 5764
f 5674 5613 5612
f 5616 5735 5615
f 5673 5615 5614
f 5671 5614 5613
f 5733 5734 5737
f 5639 4655 5647
f 5680 5739 5740
f 5707 5710 5698
f 5749 5736 5748
f 5710 5605 5711
f 4655 4656 5647
f 5608 5609 5733
f 4654 4655 5639
f 5762 5748 5618
f 5732 5764 5756
f 5672 5615 5673
f 5654 4659 4660
f 5672 5681 5616
f 5646 4754 4753
f 5669 5641 5730
f 4759 5657 4760
f 4661 4662 5655
f 5703 5635 5705
f 5651 4729 5630
f 5662 5640 5654
f 5681 5682 5617
f 5632 5693 5692
f 5684 5683 5619
f 5741 5743 5686
f 5747 5626 5761
f 5682 5684 5618
f 5687 5657 5689
f 5681 5617 5616
f 5685 4758 4757
f 5642 5656 5641
f 4662 4663 5642
f 4664 5634 4663
f 5649 5638 5631
f 5631 5727 5755
f 5647 5648 5638
f 4749 4756 5690
f 5653 5654 5640
f 5629 5685 4757
f 4757 4749 5629
f 5627 5747 5742
f 5639 5649 5651
f 5655 5642 5641
f 5662 5632 5720
f 5690 5620 5683
f 5619 5699 5701
f 5617 5682 5618
f 5619 5620 5699
f 5619 5683 5620
f 5684 5619 5618
f 4752 4751 5658
f 5648 5668 5666
f 5605 5710 4712
f 5649 5631 5652
f 4709 4710 5644
f 5698 5706 5707
f 5640 5662 5720
f 5699 5637 5636
f 5618 5619 5701
f 5635 5708 5706
f 5646 5636 5645
f 5642 4663 5634
f 5645 4755 4754
f 5702 4752 5658
f 4754 5646 5645
f 5731 5650 5755
f 4708 5663 4707
f 5649 5639 5638
f 5643 5658 5659
f 5708 5665 5644
f 5648 4656 4657
f 5644 5664 4709
f 4726 5670 5621
f 5638 5660 5631
f 4755 5637 4739
f 5690 4739 5620
f 5649 5652 5651
f 4729 5651 4728
f 5746 5626 5625
f 5652 5650 5661
f 5639 5647 5638
f 5654 5669 5667
f 5656 5730 5641
f 5642 5655 4662
f 5669 5655 5641
f 5642 5657 5656
f 5685 5688 4758
f 5657 5642 5634
f 4758 5688 5689
f 5659 5658 4751
f 5702 5658 5643
f 5663 5659 4750
f 5664 5644 5665
f 5666 5723 5648
f 5724 5691 5727
f 4727 5661 5650
f 4728 5651 5661
f 5667 5694 5654
f 5747 5627 5626
f 4707 5663 4750
f 5664 4708 4709
f 5659 5663 5664
f 5664 5663 4708
f 5643 5665 5635
f 5659 5664 5665
f 4657 5668 5648
f 5726 5728 5692
f 4660 5669 5654
f 5692 5693 5697
f 4657 4658 5668
f 5668 4658 5653
f 4660 4661 5669
f 5669 4661 5655
f 4727 5650 5670
f 5731 5670 5650
f 5673 5671 5623
f 5622 5623 5671
f 5616 5615 5672
f 5681 5672 5625
f 5673 5624 5672
f 5671 5673 5614
f 5674 5622 5671
f 5675 5674 5612
f 4723 5675 5612
f 4725 5675 4724
f 4721 5677 5679
f 5732 5613 5614
f 5612 5677 4722
f 5679 5677 5676
f 5613 5678 5612
f 5676 5677 5678
f 5679 5676 5764
f 4721 5679 5611
f 5739 5680 5759
f 5733 5740 5608
f 5682 5681 5626
f 5625 5626 5681
f 5626 5627 5682
f 5682 5627 5684
f 5628 5629 5683
f 5683 5629 5690
f 5627 5628 5684
f 5684 5628 5683
f 5741 5629 5628
f 5633 5656 5687
f 5657 5687 5656
f 5686 5688 5741
f 5689 5657 4759
f 5633 5687 5686
f 5741 5688 5685
f 5686 5687 5689
f 4758 5689 4759
f 5689 5688 5686
f 4749 5690 5629
f 4739 5690 4756
f 5745 5731 5691
f 5631 5660 5722
f 5624 5725 5726
f 5632 5662 5693
f 5662 5694 5693
f 5695 5697 5696
f 5654 5694 5662
f 5694 5667 5696
f 5693 5694 5696
f 5686 5743 5633
f 5730 5696 5667
f 5633 5743 5744
f 5696 5697 5693
f 5695 5747 5761
f 5713 5711 5750
f 5714 5698 5713
f 5637 5699 5620
f 5701 5699 5753
f 5636 5646 5752
f 5716 5704 5714
f 5753 5699 5636
f 5700 5748 5762
f 5703 5643 5635
f 4753 5702 5646
f 5706 5704 5705
f 5703 5705 5718
f 5711 5713 5698
f 5705 5704 5751
f 5706 5705 5635
f 5705 5751 5718
f 5635 5665 5708
f 5706 5698 5714
f 5709 5707 5644
f 5605 5606 5711
f 5644 5707 5708
f 5706 5708 5707
f 5644 4710 5709
f 4711 5709 4710
f 5719 5707 5709
f 5710 5719 4712
f 5750 5606 5607
f 5698 5710 5711
f 5608 5758 5607
f 5717 5716 5715
f 5750 5711 5606
f 5714 5713 5712
f 5760 5716 5712
f 5714 5704 5706
f 5760 5739 5759
f 5735 5738 5680
f 5712 5716 5714
f 5715 5749 5717
f 5718 5753 5752
f 5716 5717 5751
f 5700 5718 5717
f 5754 5718 5752
f 4712 5719 4711
f 5707 5719 5710
f 5729 5720 5632
f 5668 5720 5666
f 5725 5623 5724
f 5727 5722 5724
f 5723 5722 5660
f 5722 5721 5724
f 5648 5723 5660
f 5723 5666 5729
f 5725 5724 5721
f 5745 5724 5623
f 5728 5726 5721
f 5623 5725 5624
f 5746 5726 5692
f 5624 5726 5625
f 5727 5691 5755
f 5631 5722 5727
f 5729 5728 5721
f 5692 5728 5632
f 5729 5721 5722
f 5729 5666 5720
f 5696 5730 5633
f 5669 5730 5667
f 5650 5652 5755
f 5621 5731 5622
f 5737 5757 5615
f 5609 5764 5734
f 5609 5734 5733
f 5680 5737 5735
f 5764 5609 5610
f 5732 5614 5757
f 5617 5763 5738
f 5680 5733 5737
f 5616 5738 5735
f 5748 5617 5618
f 5734 5732 5757
f 5615 5735 5737
f 5617 5738 5616
f 5680 5738 5736
f 5680 5736 5759
f 5750 5739 5712
f 5680 5740 5733
f 5758 5740 5739
f 5629 5741 5685
f 5741 5628 5742
f 5627 5742 5628
f 5695 5696 5744
f 5741 5742 5743
f 5744 5743 5742
f 5695 5744 5742
f 5633 5744 5696
f 5731 5745 5622
f 5724 5745 5691
f 5726 5746 5625
f 5761 5692 5697
f 5626 5746 5761
f 5742 5747 5695
f 5700 5717 5749
f 5736 5763 5748
f 5736 5749 5715
f 5700 5749 5748
f 5750 5607 5758
f 5713 5750 5712
f 5716 5751 5704
f 5717 5718 5751
f 5754 5752 5646
f 5753 5718 5700
f 5701 5753 5700
f 5636 5752 5753
f 5702 5754 5646
f 5703 5718 5754
f 5755 5652 5631
f 5691 5731 5755
f 5678 5756 5676
f 5613 5732 5756
f 5615 5757 5614
f 5734 5757 5737
f 5740 5758 5608
f 5750 5758 5739
f 5736 5715 5759
f 5760 5759 5715
f 5716 5760 5715
f 5739 5760 5712
f 5692 5761 5746
f 5695 5761 5697
f 5618 5701 5762
f 5700 5762 5701
f 5738 5763 5736
f 5617 5748 5763
f 5679 5764 5610
f 5764 5676 5756
f 4653 4654 5775
f 4654 5790 5775
f 4655 4656 5798
f 5777 5829 5800
f 4658 5795 4657
f 4728 5821 4727
f 4656 4657 5799
f 4727 5821 5779
f 5790 5818 5775
f 5803 5814 5787
f 5789 5817 5816
f 5803 4658 4659
f 4655 5798 5790
f 5778 5765 4726
f 5801 5802 5792
f 4726 4727 5778
f 5779 5777 5780
f 5775 5818 4729
f 4664 4760 5782
f 5790 4654 4655
f 5804 5805 5772
f 5800 5766 5780
f 5765 5778 5780
f 4759 5826 4760
f 5830 5819 5820
f 5833 5771 5770
f 5796 5769 5768
f 5766 5765 5780
f 4660 5801 4659
f 5798 5799 5789
f 5767 5791 5830
f 5807 5806 4662
f 4663 4664 5782
f 5779 5778 4727
f 4662 5806 4661
f 5782 5807 4663
f 4729 4653 5775
f 5770 5769 5797
f 5778 5779 5780
f 5782 5826 5807
f 5785 5784 5774
f 5797 5769 5796
f 5774 5773 5785
f 5772 5771 5804
f 5833 5797 5832
f 5784 5785 5786
f 5800 5767 5766
f 5786 5785 5783
f 5827 5786 5783
f 5774 5784 4757
f 4759 4758 5786
f 4758 4757 5784
f 4758 5784 5786
f 5825 5785 5773
f 4659 5801 5803
f 5823 5824 5799
f 5831 5814 5815
f 5827 5828 5826
f 5789 5816 5790
f 5821 5816 5777
f 5816 5817 5829
f 5829 5819 5791
f 5802 4660 4661
f 5792 5812 5803
f 5802 5808 5792
f 5772 5805 5773
f 5811 5783 5805
f 5832 5809 5793
f 5803 5795 4658
f 5799 5795 5787
f 5819 5776 5822
f 5797 5796 5788
f 5781 5813 5812
f 5832 5781 5809
f 5799 5798 4656
f 5790 5798 5789
f 5795 5799 4657
f 5823 5799 5787
f 5777 5800 5780
f 5767 5800 5791
f 5802 5801 4660
f 5803 5801 5792
f 5806 5802 4661
f 5792 5808 5781
f 5812 5792 5781
f 5795 5803 5787
f 5804 5771 5833
f 5805 5804 5793
f 5809 5811 5793
f 5825 5783 5785
f 4662 4663 5807
f 5802 5806 5794
f 4760 5826 5782
f 5794 5806 5807
f 5794 5810 5802
f 5811 5809 5810
f 5781 5808 5809
f 5810 5809 5808
f 5802 5810 5808
f 5810 5794 5811
f 5811 5794 5828
f 5793 5811 5805
f 5832 5813 5781
f 5803 5812 5814
f 5788 5815 5797
f 5831 5815 5788
f 5812 5813 5814
f 5815 5814 5813
f 5797 5815 5813
f 5788 5822 5831
f 5824 5817 5789
f 5779 5821 5777
f 5819 5817 5776
f 5829 5791 5800
f 4729 5818 4728
f 5790 5816 5818
f 5820 5819 5822
f 5788 5796 5820
f 5796 5768 5820
f 5830 5768 5767
f 4728 5818 5821
f 5821 5818 5816
f 5776 5823 5831
f 5788 5820 5822
f 5787 5814 5831
f 5824 5823 5776
f 5817 5824 5776
f 5789 5799 5824
f 5773 5805 5825
f 5783 5825 5805
f 5827 4759 5786
f 5807 5826 5828
f 5828 5827 5783
f 4759 5827 5826
f 5811 5828 5783
f 5807 5828 5794
f 5816 5829 5777
f 5819 5829 5817
f 5819 5830 5791
f 5768 5830 5820
f 5776 5831 5822
f 5831 5823 5787
f 5832 5793 5804
f 5813 5832 5797
f 5797 5833 5770
f 5804 5833 5832
f 4725 4726 5765
f 5834 5844 5835
f 4725 5765 5853
f 5844 5766 5846
f 5845 5768 5847
f 5846 5767 5845
f 5847 5769 5848
f 4724 5853 4723
f 5836 5845 5837
f 5853 5834 4723
f 5767 5768 5845
f 5766 5767 5846
f 5844 5834 5853
f 5768 5769 5847
f 5845 5836 5846
f 5835 5844 5846
f 5837 5847 5838
f 5837 5845 5847
f 5835 5846 5836
f 5848 5838 5847
f 5849 5771 5850
f 4739 5854 4756
f 5844 5853 5765
f 5850 5772 5852
f 5851 5774 5854
f 5841 5852 5842
f 5773 5774 5851
f 4757 4749 5774
f 5851 5852 5773
f 5772 5773 5852
f 4725 5853 4724
f 5854 4749 4756
f 5839 5838 5848
f 5849 5839 5848
f 5850 5840 5849
f 5839 5849 5840
f 5842 5852 5851
f 5850 5852 5841
f 5771 5772 5850
f 5843 5854 4739
f 5765 5766 5844
f 5840 5850 5841
f 4749 5854 5774
f 5770 5771 5849
f 5842 5851 5843
f 5848 5770 5849
f 5851 5854 5843
f 5770 5848 5769
f 5892 5895 5894
f 5947 3413 3414
f 5855 5894 5893
f 5958 5885 5863
f 3411 3412 5885
f 5946 3389 5945
f 3383 3384 5949
f 3390 5943 5944
f 3386 5949 3385
f 5885 3412 5887
f 3413 5887 3412
f 5948 5949 3386
f 5936 5942 5889
f 5878 5886 5862
f 1956 5871 1957
f 5868 5881 5875
f 5864 5954 5865
f 5863 5880 5870
f 5869 5881 1954
f 5859 5872 5865
f 5930 1871 5873
f 5885 5884 5863
f 5926 3374 3375
f 5920 5883 1949
f 5958 5882 5876
f 5867 5866 5873
f 5882 5883 5876
f 5930 5932 3392
f 3391 5932 5943
f 5883 5870 1950
f 5887 3413 5886
f 3372 5922 3371
f 5860 5924 5953
f 31 3383 32
f 3382 5855 3381
f 32 3383 5949
f 3381 5855 5893
f 5881 1955 1954
f 5883 1950 1949
f 35 34 3382
f 5857 33 5949
f 34 5857 3382
f 33 5857 34
f 3404 3405 5899
f 3382 5857 5855
f 5957 5955 5862
f 5931 5934 5935
f 5873 1871 1960
f 5883 5882 5870
f 5924 3374 5953
f 5925 5924 5860
f 5927 3370 3371
f 5865 5872 5877
f 3380 3381 5893
f 5887 5886 5884
f 3378 5941 5940
f 5940 5941 5939
f 5879 5878 5869
f 5897 5941 3379
f 5865 1957 5871
f 3373 5923 3372
f 5931 5930 5866
f 5923 5922 3372
f 5949 33 32
f 1956 1955 5868
f 3380 5893 5898
f 5861 5955 5927
f 5878 5879 5874
f 1953 5869 1954
f 5886 5878 5874
f 5880 5879 1952
f 5878 5862 5869
f 1950 5870 1951
f 5880 5874 5879
f 5870 5882 5863
f 5865 5877 1958
f 5867 5877 5872
f 5916 5912 5914
f 5879 5869 1953
f 5875 5869 5862
f 5921 5915 3408
f 3393 5916 5920
f 5911 5906 5910
f 5861 5868 5875
f 5868 1955 5881
f 5905 3397 5904
f 5901 5907 5908
f 1952 1951 5880
f 3402 5951 3401
f 5867 5873 1960
f 5877 5867 1959
f 3399 5951 5908
f 5930 5873 5866
f 5856 5899 5902
f 5874 5880 5884
f 5912 3394 3395
f 5918 5958 5876
f 5951 3402 39
f 1960 1959 5867
f 3413 5947 5886
f 5928 5861 5927
f 5885 5887 5884
f 5886 5874 5884
f 5864 5868 5861
f 5925 5872 5859
f 5918 5919 5958
f 5864 5871 5868
f 3408 5915 5917
f 5890 5914 5912
f 1959 1958 5877
f 5882 5958 5863
f 3414 3370 5956
f 37 5858 38
f 38 5858 5951
f 5866 5867 5860
f 5909 5900 3406
f 5906 5909 5917
f 5879 1953 1952
f 3401 5951 3400
f 5856 3404 5899
f 3403 37 36
f 3403 3404 5856
f 5868 5871 1956
f 3403 5858 37
f 5856 5858 3403
f 1958 1957 5865
f 5865 5871 5864
f 5875 5881 5869
f 3402 40 39
f 5952 5951 5858
f 5860 5867 5872
f 3387 5948 3386
f 1951 5870 5880
f 5884 5880 5863
f 5930 3392 1871
f 5935 3376 5936
f 5910 5912 3395
f 3397 5905 3396
f 3398 3399 5908
f 3407 3408 5917
f 3387 3388 5950
f 5857 5949 5855
f 5894 5855 5892
f 5893 5896 5898
f 5950 5892 5948
f 5896 5894 5895
f 5895 5950 5946
f 5896 5895 5888
f 5896 5888 5897
f 5893 5894 5896
f 5897 5888 5939
f 5898 3379 3380
f 5896 5897 5898
f 3379 5898 5897
f 3405 5900 5899
f 5908 5907 3398
f 3406 5900 3405
f 5903 5900 5891
f 5899 5903 5902
f 5903 5904 5901
f 5903 5899 5900
f 5952 5901 5908
f 5904 5903 5891
f 5902 5903 5901
f 5904 5891 5905
f 3397 3398 5907
f 5906 5905 5891
f 3396 5905 5911
f 5906 5891 5909
f 5910 5906 5890
f 5901 5904 5907
f 3397 5907 5904
f 5951 3399 3400
f 5952 5902 5901
f 5900 5909 5891
f 3407 5909 3406
f 5910 5890 5912
f 3395 3396 5911
f 5906 5911 5905
f 3395 5911 5910
f 5914 5915 5913
f 3394 5912 5916
f 5919 3409 3410
f 3393 3394 5916
f 5915 5914 5890
f 5914 5913 5916
f 5915 5890 5917
f 3408 3409 5921
f 5913 5918 5916
f 5920 1949 3393
f 5906 5917 5890
f 5909 3407 5917
f 5919 5918 5913
f 5876 5883 5920
f 5921 5919 5913
f 3411 5959 3410
f 5916 5918 5920
f 5876 5920 5918
f 5915 5921 5913
f 3409 5919 5921
f 5859 5865 5954
f 5922 5928 5927
f 5923 3373 5924
f 5922 5923 5859
f 3374 5924 3373
f 5925 5860 5872
f 5859 5923 5925
f 5924 5925 5923
f 5934 5931 5926
f 5860 5926 5933
f 5922 5927 3371
f 5861 5875 5955
f 5954 5922 5859
f 5864 5861 5928
f 5955 5957 5929
f 5927 5929 5956
f 5931 5866 5933
f 5930 5937 5932
f 5926 3375 5934
f 5932 5937 5889
f 5889 5942 5943
f 3391 3392 5932
f 5860 5933 5866
f 5926 5931 5933
f 3375 3376 5934
f 5935 5889 5937
f 5934 3376 5935
f 5936 3376 3377
f 5940 3377 3378
f 5889 5935 5936
f 5930 5931 5937
f 5935 5937 5931
f 5945 3389 5944
f 5943 3390 3391
f 5945 5939 5888
f 5939 5938 5940
f 5938 5942 5940
f 5940 5942 3377
f 3379 5941 3378
f 5939 5941 5897
f 5942 5938 5943
f 3377 5942 5936
f 5889 5943 5932
f 5943 5938 5944
f 5938 5939 5945
f 3389 3390 5944
f 5945 5888 5946
f 5938 5945 5944
f 5895 5946 5888
f 3389 5946 3388
f 3414 5956 5957
f 5886 5947 5957
f 5948 3387 5950
f 5949 5948 5892
f 3385 5949 3384
f 5949 5892 5855
f 5946 5950 3388
f 5950 5895 5892
f 38 5951 39
f 5952 5858 5856
f 5902 5952 5856
f 5908 5951 5952
f 3374 5926 5953
f 5860 5953 5926
f 5864 5928 5954
f 5922 5954 5928
f 5862 5955 5875
f 5927 5955 5929
f 5927 5956 3370
f 5956 5929 5957
f 5886 5957 5862
f 5957 5947 3414
f 5959 5919 3410
f 5958 5959 5885
f 5885 5959 3411
f 5919 5959 5958