v 0.117993 -0.300552 0.109996
v 0.115610 -0.314141 0.112775
v 0.108499 -0.305595 0.116844
v 0.108876 -0.291750 0.114696
v 0.118515 -0.287274 0.108095
v 0.129113 -0.295998 0.097914
v 0.127111 -0.308794 0.101534
v 0.124406 -0.323081 0.105127
v 0.113017 -0.329733 0.115752
v 0.106101 -0.321100 0.119256
v 0.097353 -0.297862 0.125396
v 0.097118 -0.311209 0.126857
v 0.107677 -0.279107 0.111963
v 0.098673 -0.285940 0.119124
v 0.116858 -0.275490 0.100124
v 0.128420 -0.282216 0.095799
v 0.125528 -0.288578 0.098683
v 0.138024 -0.288929 0.086521
v 0.138210 -0.305231 0.094999
v 0.135654 -0.318789 0.099249
v 0.132016 -0.332605 0.102794
v 0.122282 -0.338147 0.107916
v 0.110734 -0.344296 0.118704
v 0.102155 -0.334747 0.121605
v 0.093284 -0.326090 0.128911
v 0.087552 -0.304018 0.131601
v 0.086682 -0.291009 0.129199
v 0.086212 -0.315886 0.130860
v 0.094730 -0.275948 0.119234
v 0.102221 -0.267338 0.107311
v 0.084521 -0.278989 0.125589
v 0.124919 -0.272179 0.091621
v 0.112989 -0.264971 0.095018
v 0.138172 -0.277272 0.080891
v 0.147363 -0.285374 0.077227
v 0.145056 -0.296685 0.083280
v 0.152346 -0.306422 0.082362
v 0.147847 -0.315799 0.088152
v 0.143197 -0.327786 0.096817
v 0.139719 -0.340261 0.099591
v 0.131014 -0.346608 0.104515
v 0.120037 -0.352196 0.114214
v 0.108454 -0.356718 0.118589
v 0.098978 -0.349432 0.123478
v 0.088913 -0.337313 0.131450
v 0.076585 -0.326205 0.136735
v 0.074526 -0.312558 0.139313
v 0.074692 -0.299420 0.138686
v 0.072767 -0.288114 0.135760
v 0.088277 -0.266802 0.118482
v 0.095155 -0.251340 0.110589
v 0.104385 -0.250045 0.102785
v 0.069856 -0.277687 0.132822
v 0.076834 -0.268337 0.124096
v 0.122468 -0.260951 0.086768
v 0.131845 -0.267568 0.078769
v 0.115432 -0.248332 0.089671
v 0.141009 -0.268157 0.070675
v 0.148844 -0.276145 0.068438
v 0.154304 -0.285280 0.062600
v 0.159468 -0.295105 0.070985
v 0.166113 -0.303238 0.067256
v 0.158921 -0.316728 0.080567
v 0.154214 -0.328016 0.085437
v 0.149774 -0.338873 0.088918
v 0.140209 -0.352124 0.098461
v 0.130507 -0.360144 0.102667
v 0.117685 -0.364547 0.112959
v 0.108251 -0.370670 0.116019
v 0.097666 -0.366001 0.125486
v 0.087924 -0.360889 0.129486
v 0.085390 -0.350180 0.132415
v 0.074689 -0.340633 0.139498
v 0.065238 -0.333172 0.142155
v 0.065267 -0.319461 0.142363
v 0.064448 -0.305572 0.144188
v 0.063095 -0.293948 0.141100
v 0.059233 -0.281405 0.138946
v 0.081436 -0.252964 0.121206
v 0.061463 -0.269722 0.132931
v 0.065948 -0.255117 0.128159
v 0.126216 -0.246235 0.080213
v 0.135669 -0.257769 0.074416
v 0.142878 -0.257449 0.064320
v 0.148485 -0.266887 0.055783
v 0.157346 -0.278286 0.053294
v 0.165264 -0.288984 0.058040
v 0.156002 -0.296609 0.059655
v 0.142455 -0.281337 0.070967
v 0.170286 -0.314936 0.064035
v 0.163663 -0.328982 0.077160
v 0.159582 -0.339770 0.082100
v 0.151350 -0.350855 0.086767
v 0.143409 -0.362570 0.096199
v 0.135924 -0.371911 0.099663
v 0.124434 -0.371795 0.104536
v 0.114074 -0.380797 0.113164
v 0.100216 -0.380193 0.117924
v 0.088448 -0.374151 0.127729
v 0.077779 -0.366880 0.132049
v 0.072838 -0.353395 0.138328
v 0.063061 -0.346356 0.143288
v 0.051544 -0.337262 0.148805
v 0.051667 -0.324550 0.149327
v 0.052369 -0.313528 0.151426
v 0.050088 -0.300962 0.149361
v 0.049432 -0.290583 0.146742
v 0.044286 -0.280640 0.147674
v 0.048700 -0.271169 0.142223
v 0.051280 -0.256486 0.136102
v 0.138488 -0.243276 0.069917
v 0.141728 -0.242358 0.055933
v 0.147428 -0.255633 0.048337
v 0.154053 -0.266691 0.045265
v 0.162488 -0.276250 0.035382
v 0.162571 -0.287588 0.045238
v 0.172023 -0.297239 0.048926
v 0.165779 -0.303264 0.056177
v 0.156471 -0.310093 0.067134
v 0.147421 -0.300875 0.072759
v 0.137714 -0.296846 0.078815
v 0.131445 -0.282399 0.084169
v 0.174840 -0.326033 0.059714
v 0.166431 -0.341423 0.072669
v 0.161581 -0.351766 0.078703
v 0.155001 -0.361988 0.084488
v 0.146184 -0.371976 0.088600
v 0.137847 -0.383216 0.097509
v 0.125779 -0.382362 0.102492
v 0.116603 -0.392833 0.110285
v 0.105143 -0.391666 0.113779
v 0.085571 -0.386982 0.125687
v 0.094374 -0.392480 0.116642
v 0.075344 -0.380686 0.129516
v 0.064219 -0.374634 0.137475
v 0.064058 -0.362545 0.139497
v 0.052276 -0.356564 0.145722
v 0.047602 -0.347643 0.149780
v 0.040057 -0.339268 0.150938
v 0.039119 -0.304063 0.151987
v 0.038072 -0.292710 0.151826
v 0.030084 -0.282229 0.152325
v 0.037502 -0.270846 0.149878
v 0.042631 -0.256221 0.145360
v 0.146489 -0.238422 0.045007
v 0.153467 -0.252339 0.032002
v 0.158197 -0.263936 0.030335
v 0.165375 -0.272847 0.022581
v 0.169222 -0.285872 0.026073
v 0.169829 -0.294860 0.033618
v 0.177821 -0.305178 0.035244
v 0.174931 -0.309610 0.049667
v 0.164787 -0.316731 0.055663
v 0.158336 -0.323258 0.069555
v 0.148814 -0.315727 0.074980
v 0.140428 -0.309370 0.081907
v 0.127981 -0.301999 0.090811
v 0.121523 -0.283695 0.091984
v 0.176440 -0.337858 0.055646
v 0.171814 -0.352098 0.065873
v 0.163339 -0.362982 0.076240
v 0.156998 -0.372536 0.082429
v 0.149683 -0.384134 0.092120
v 0.130338 -0.393372 0.101587
v 0.140851 -0.393129 0.096412
v 0.120731 -0.404062 0.109445
v 0.107944 -0.404011 0.112630
v 0.096469 -0.404263 0.116128
v 0.084902 -0.400116 0.124910
v 0.074648 -0.393736 0.127690
v 0.061687 -0.388357 0.133970
v 0.052224 -0.381570 0.137947
v 0.049748 -0.369178 0.143811
v 0.040231 -0.356074 0.147288
v 0.038132 -0.365772 0.144518
v 0.036002 -0.347563 0.149121
v 0.028316 -0.334468 0.150988
v 0.029620 -0.322458 0.153271
v 0.028133 -0.310657 0.152334
v 0.020663 -0.288893 0.155973
v 0.021378 -0.274214 0.153347
v 0.029095 -0.256759 0.150325
v 0.150736 -0.235958 0.028607
v 0.156141 -0.249509 0.019543
v 0.159885 -0.260671 0.018661
v 0.166486 -0.268751 0.005232
v 0.169566 -0.281013 0.013904
v 0.174682 -0.291732 0.009680
v 0.174396 -0.300532 0.023353
v 0.182375 -0.311770 0.024269
v 0.179719 -0.317682 0.034884
v 0.171566 -0.322363 0.046570
v 0.166235 -0.328624 0.056839
v 0.156665 -0.335808 0.068554
v 0.151018 -0.328736 0.077927
v 0.140137 -0.322768 0.087778
v 0.144818 -0.315711 0.081708
v 0.129786 -0.316544 0.092537
v 0.119284 -0.313654 0.097990
v 0.117760 -0.300414 0.097572
v 0.109723 -0.285811 0.104101
v 0.180824 -0.348189 0.051633
v 0.176294 -0.359908 0.059621
v 0.171715 -0.365524 0.065341
v 0.166548 -0.375140 0.075493
v 0.160772 -0.383812 0.082256
v 0.153144 -0.393570 0.087169
v 0.133189 -0.403392 0.100863
v 0.144908 -0.404878 0.097225
v 0.125078 -0.411999 0.103901
v 0.111355 -0.413483 0.112419
v 0.098756 -0.414811 0.117882
v 0.084874 -0.412094 0.125592
v 0.072532 -0.407011 0.127659
v 0.061728 -0.401429 0.134365
v 0.050954 -0.395298 0.137231
v 0.039022 -0.375245 0.142854
v 0.024970 -0.357235 0.148037
v 0.023823 -0.369731 0.144057
v 0.022031 -0.346695 0.151902
v 0.021713 -0.327609 0.154744
v 0.019564 -0.337708 0.154148
v 0.019873 -0.317453 0.155620
v 0.019326 -0.307012 0.153997
v -0.002339 -0.294015 0.153088
v 0.000354 -0.281957 0.156316
v -0.001353 -0.268291 0.155088
v 0.013054 -0.255059 0.152775
v 0.153730 -0.233398 0.015761
v 0.157423 -0.246690 0.003050
v 0.160539 -0.257785 0.002301
v 0.166193 -0.268068 -0.008342
v 0.171889 -0.279799 -0.001433
v 0.176615 -0.292618 -0.002780
v 0.177970 -0.305397 0.007886
v 0.180881 -0.326026 0.025402
v 0.185168 -0.319039 0.012094
v 0.177804 -0.330842 0.036286
v 0.170781 -0.336653 0.048532
v 0.164503 -0.341916 0.058190
v 0.157903 -0.349139 0.071982
v 0.150383 -0.341871 0.077760
v 0.141615 -0.335185 0.082712
v 0.131147 -0.331432 0.093088
v 0.120530 -0.326423 0.097013
v 0.108236 -0.323856 0.108102
v 0.107101 -0.310459 0.108556
v 0.106118 -0.299284 0.108679
v 0.092566 -0.287764 0.117885
v 0.183328 -0.359762 0.047145
v 0.180579 -0.369466 0.057292
v 0.175668 -0.376972 0.063533
v 0.169162 -0.385288 0.074201
v 0.164013 -0.393723 0.081042
v 0.157637 -0.404794 0.087354
v 0.136552 -0.416472 0.101342
v 0.148924 -0.415985 0.096589
v 0.122064 -0.422939 0.112675
v 0.109371 -0.424161 0.117876
v 0.097939 -0.427329 0.120965
v 0.086860 -0.423086 0.128013
v 0.074390 -0.419042 0.129574
v 0.062137 -0.414155 0.130705
v 0.049259 -0.408478 0.134933
v 0.037965 -0.403418 0.136560
v 0.035587 -0.394218 0.136630
v 0.030059 -0.382757 0.137471
v 0.006795 -0.350761 0.147203
v 0.015201 -0.361553 0.147715
v 0.018570 -0.379707 0.142346
v 0.006629 -0.369408 0.141808
v 0.007078 -0.342163 0.149495
v 0.007222 -0.322677 0.151956
v 0.006861 -0.310697 0.151888
v 0.156670 -0.231417 -0.000906
v 0.153903 -0.245377 -0.009445
v 0.158901 -0.256010 -0.010096
v 0.160634 -0.261596 -0.025071
v 0.166169 -0.272242 -0.023685
v 0.172524 -0.282516 -0.012805
v 0.175742 -0.294473 -0.019199
v 0.180598 -0.304210 -0.006829
v 0.182436 -0.314661 0.000493
v 0.183696 -0.333284 0.015217
v 0.182724 -0.339053 0.027297
v 0.186506 -0.326905 0.000220
v 0.179091 -0.345034 0.041461
v 0.171849 -0.349833 0.050252
v 0.166101 -0.354421 0.061258
v 0.156263 -0.362746 0.072254
v 0.148777 -0.355764 0.078101
v 0.140302 -0.350667 0.089406
v 0.133112 -0.343631 0.092132
v 0.124651 -0.341870 0.098416
v 0.114236 -0.337245 0.107757
v 0.104313 -0.334664 0.111654
v 0.089624 -0.328546 0.121734
v 0.089963 -0.315911 0.121320
v 0.090270 -0.304244 0.121351
v 0.183469 -0.370554 0.040566
v 0.183795 -0.378328 0.055087
v 0.178315 -0.386862 0.062778
v 0.172777 -0.395418 0.072848
v 0.167478 -0.403879 0.080509
v 0.161085 -0.414881 0.086659
v 0.132282 -0.426971 0.106023
v 0.142571 -0.425332 0.100819
v 0.152331 -0.424630 0.095404
v 0.116896 -0.431869 0.114931
v 0.104181 -0.435022 0.116424
v 0.084755 -0.432370 0.124429
v 0.092218 -0.438777 0.115590
v 0.073642 -0.428737 0.126561
v 0.063101 -0.425880 0.130461
v 0.048408 -0.421103 0.135442
v 0.035221 -0.413224 0.134091
v 0.023110 -0.402930 0.134641
v 0.020175 -0.392558 0.137608
v 0.006343 -0.360706 0.145985
v 0.157399 -0.230719 -0.013815
v 0.149250 -0.240854 -0.023505
v 0.153899 -0.250183 -0.025613
v 0.152829 -0.257049 -0.035221
v 0.161998 -0.271011 -0.036412
v 0.170673 -0.282930 -0.029133
v 0.174176 -0.295296 -0.032060
v 0.180151 -0.306783 -0.023626
v 0.181461 -0.317889 -0.011331
v 0.185149 -0.342357 0.005166
v 0.183519 -0.347884 0.019403
v 0.183799 -0.352942 0.031668
v 0.188434 -0.337340 -0.005747
v 0.183628 -0.330182 -0.014448
v 0.175919 -0.359976 0.043879
v 0.170875 -0.360725 0.054604
v 0.166109 -0.366398 0.060826
v 0.161414 -0.375289 0.069775
v 0.153352 -0.372774 0.076424
v 0.152377 -0.363310 0.077488
v 0.145113 -0.367376 0.080613
v 0.136238 -0.361647 0.089180
v 0.126297 -0.354964 0.095192
v 0.115158 -0.351633 0.105633
v 0.104676 -0.348132 0.110078
v 0.089406 -0.341679 0.122276
v 0.189105 -0.379294 0.037298
v 0.186016 -0.389614 0.054056
v 0.181158 -0.396995 0.061692
v 0.175371 -0.405506 0.072352
v 0.170852 -0.412641 0.079301
v 0.170530 -0.422911 0.081022
v 0.162330 -0.426346 0.087673
v 0.139640 -0.436320 0.104539
v 0.128104 -0.437934 0.107876
v 0.150222 -0.435157 0.098801
v 0.112337 -0.443095 0.112533
v 0.099704 -0.448122 0.112204
v 0.076826 -0.440903 0.119956
v 0.082881 -0.449129 0.114783
v 0.063926 -0.435119 0.123616
v 0.051459 -0.433493 0.130637
v 0.040266 -0.429357 0.133176
v 0.020586 -0.413123 0.129689
v 0.007037 -0.402191 0.131942
v 0.008498 -0.409390 0.128062
v 0.153303 -0.229800 -0.031830
v 0.144420 -0.243699 -0.034447
v 0.144648 -0.250007 -0.046434
v 0.152431 -0.263704 -0.047789
v 0.158604 -0.276131 -0.051556
v 0.167191 -0.284498 -0.041311
v 0.169671 -0.297450 -0.047383
v 0.176911 -0.307532 -0.035740
v 0.182072 -0.320952 -0.028204
v 0.189755 -0.350659 -0.004824
v 0.188991 -0.355473 0.006900
v 0.188155 -0.360580 0.021370
v 0.183710 -0.366492 0.031905
v 0.187054 -0.344094 -0.015790
v 0.183568 -0.336095 -0.029553
v 0.178865 -0.372812 0.043876
v 0.173924 -0.370289 0.052186
v 0.170213 -0.378399 0.058526
v 0.164164 -0.386450 0.069171
v 0.156153 -0.384060 0.076237
v 0.144448 -0.381760 0.084738
v 0.134031 -0.374402 0.089041
v 0.125321 -0.367958 0.093158
v 0.114741 -0.364690 0.103838
v 0.105627 -0.360429 0.110738
v 0.087356 -0.355275 0.119139
v 0.190429 -0.389251 0.032331
v 0.192748 -0.397020 0.046343
v 0.186805 -0.401987 0.054926
v 0.181554 -0.406672 0.062661
v 0.178686 -0.417181 0.071389
v 0.177322 -0.428783 0.074500
v 0.169753 -0.433616 0.082377
v 0.161349 -0.437330 0.089357
v 0.146052 -0.445178 0.101629
v 0.135005 -0.447496 0.105359
v 0.122272 -0.450166 0.110902
v 0.155157 -0.447749 0.095415
v 0.111444 -0.454682 0.112532
v 0.100947 -0.457585 0.112191
v 0.088536 -0.459623 0.115755
v 0.065029 -0.444939 0.117509
v 0.070307 -0.451947 0.114844
v 0.076212 -0.462113 0.116815
v 0.052197 -0.443271 0.120620
v 0.039767 -0.440365 0.122815
v 0.027294 -0.433285 0.128665
v 0.145254 -0.227663 -0.045206
v 0.136598 -0.240634 -0.048583
v 0.142820 -0.258880 -0.055196
v 0.135790 -0.249053 -0.057093
v 0.148721 -0.269564 -0.059948
v 0.162562 -0.289113 -0.056235
v 0.153939 -0.281977 -0.063701
v 0.165688 -0.302638 -0.060133
v 0.171997 -0.310122 -0.051397
v 0.177665 -0.319420 -0.039755
v 0.180058 -0.331309 -0.040405
v 0.187902 -0.357442 -0.015269
v 0.188941 -0.363802 -0.003551
v 0.186907 -0.369281 0.011108
v 0.187825 -0.373177 0.023244
v 0.182449 -0.380214 0.034903
v 0.187167 -0.350025 -0.029953
v 0.181309 -0.344874 -0.041295
v 0.177161 -0.380484 0.050560
v 0.172959 -0.388237 0.057591
v 0.167521 -0.396674 0.067948
v 0.159710 -0.395299 0.075393
v 0.149543 -0.393022 0.080259
v 0.140605 -0.392860 0.089181
v 0.131835 -0.386196 0.090599
v 0.122284 -0.380441 0.094280
v 0.113016 -0.377026 0.102546
v 0.102507 -0.372682 0.106132
v 0.086806 -0.367587 0.119396
v 0.197856 -0.398277 0.028526
v 0.191905 -0.408815 0.047313
v 0.186504 -0.413446 0.057557
v 0.185399 -0.423923 0.062172
v 0.182426 -0.435668 0.068274
v 0.174720 -0.439521 0.077522
v 0.167313 -0.444827 0.085305
v 0.145014 -0.454291 0.101735
v 0.135779 -0.459534 0.105782
v 0.122615 -0.460332 0.111448
v 0.164545 -0.455750 0.087298
v 0.153818 -0.459789 0.096368
v 0.110256 -0.463981 0.112954
v 0.097532 -0.467614 0.114050
v 0.082282 -0.470588 0.118041
v 0.055556 -0.454993 0.118151
v 0.063210 -0.463692 0.117379
v 0.069298 -0.472373 0.118044
v 0.045562 -0.452940 0.118568
v 0.033739 -0.452002 0.118684
v 0.025214 -0.443156 0.120419
v 0.013600 -0.436657 0.123851
v 0.142214 -0.228717 -0.060271
v 0.128313 -0.240038 -0.062344
v 0.136129 -0.261247 -0.067815
v 0.126625 -0.250483 -0.068545
v 0.142304 -0.274239 -0.072249
v 0.155454 -0.295366 -0.070105
v 0.146690 -0.287656 -0.076814
v 0.158441 -0.308727 -0.073556
v 0.167347 -0.316668 -0.063137
v 0.173802 -0.323904 -0.054408
v 0.174633 -0.337775 -0.054553
v 0.186372 -0.364476 -0.028973
v 0.188111 -0.371059 -0.013615
v 0.190500 -0.376940 -0.002310
v 0.191055 -0.381664 0.012794
v 0.187959 -0.385859 0.024203
v 0.181344 -0.390998 0.047088
v 0.186665 -0.391170 0.033789
v 0.183935 -0.357218 -0.039980
v 0.178860 -0.351072 -0.057335
v 0.175583 -0.397803 0.056840
v 0.169788 -0.406664 0.067813
v 0.163172 -0.404655 0.075055
v 0.153301 -0.405850 0.080468
v 0.141202 -0.404220 0.088909
v 0.129783 -0.398365 0.092618
v 0.121251 -0.393512 0.094591
v 0.109891 -0.389569 0.101462
v 0.101487 -0.384970 0.105788
v 0.084022 -0.380147 0.115360
v 0.199602 -0.407622 0.022218
v 0.196013 -0.416341 0.039907
v 0.191518 -0.420088 0.051495
v 0.190525 -0.431658 0.055591
v 0.188937 -0.442759 0.059054
v 0.180559 -0.447099 0.071478
v 0.173237 -0.451843 0.079965
v 0.144333 -0.465429 0.102746
v 0.130513 -0.468496 0.107696
v 0.138117 -0.473360 0.105985
v 0.118232 -0.472609 0.112591
v 0.170997 -0.462900 0.081298
v 0.162124 -0.468324 0.088440
v 0.151692 -0.470649 0.098041
v 0.106113 -0.475955 0.114884
v 0.090591 -0.479385 0.118432
v 0.077930 -0.481676 0.116949
v 0.047316 -0.464197 0.118733
v 0.054198 -0.474764 0.119485
v 0.065446 -0.481673 0.112584
v 0.037253 -0.462769 0.118976
v 0.023713 -0.460450 0.118714
v 0.013707 -0.450035 0.119280
v 0.000684 -0.441379 0.121391
v -0.000747 -0.428042 0.125174
v -0.001579 -0.419218 0.129506
v 0.008444 -0.417626 0.127275
v 0.131047 -0.227075 -0.072616
v 0.122063 -0.242290 -0.074687
v 0.130667 -0.270523 -0.078549
v 0.126109 -0.260470 -0.076039
v 0.115493 -0.252232 -0.080449
v 0.136542 -0.282494 -0.082407
v 0.149882 -0.301703 -0.081314
v 0.139615 -0.296189 -0.087260
v 0.152188 -0.315454 -0.083668
v 0.160420 -0.323416 -0.076176
v 0.169528 -0.330617 -0.065123
v 0.170999 -0.344285 -0.066183
v 0.185029 -0.372283 -0.039545
v 0.189810 -0.377390 -0.026827
v 0.191467 -0.385019 -0.013186
v 0.194014 -0.389385 -0.000883
v 0.193332 -0.394242 0.014484
v 0.191073 -0.398702 0.025820
v 0.186190 -0.401684 0.039856
v 0.181552 -0.403436 0.050408
v 0.180240 -0.363527 -0.048592
v 0.172758 -0.355233 -0.069458
v 0.175478 -0.364012 -0.062853
v 0.176227 -0.407683 0.058583
v 0.172381 -0.417862 0.067238
v 0.164370 -0.412916 0.075502
v 0.155416 -0.416493 0.081079
v 0.143442 -0.416817 0.090533
v 0.131212 -0.410792 0.093179
v 0.119394 -0.405676 0.094728
v 0.109358 -0.402485 0.101947
v 0.098381 -0.397189 0.103034
v 0.082680 -0.392356 0.112908
v 0.197282 -0.418911 0.017502
v 0.200054 -0.423187 0.028811
v 0.195225 -0.427979 0.044606
v 0.195267 -0.439142 0.047186
v 0.193495 -0.450685 0.052549
v 0.187708 -0.455808 0.060379
v 0.179089 -0.459831 0.072808
v 0.145494 -0.477298 0.102188
v 0.126941 -0.481309 0.111201
v 0.137610 -0.484817 0.105567
v 0.115035 -0.483620 0.113269
v 0.169638 -0.472476 0.082058
v 0.177800 -0.471059 0.073712
v 0.154683 -0.479512 0.095669
v 0.164398 -0.480908 0.086832
v 0.101509 -0.486533 0.113230
v 0.087110 -0.489856 0.112575
v 0.074856 -0.489660 0.107008
v 0.041585 -0.474469 0.115977
v 0.052131 -0.481462 0.110693
v 0.060250 -0.489502 0.103737
v 0.029901 -0.468741 0.115000
v 0.018828 -0.471083 0.112448
v 0.010374 -0.461993 0.114062
v 0.000439 -0.453269 0.116739
v -0.012067 -0.433892 0.122923
v -0.012450 -0.447146 0.119195
v -0.014303 -0.421405 0.127718
v -0.013438 -0.408451 0.132289
v 0.123948 -0.227970 -0.084535
v 0.115809 -0.241257 -0.089565
v 0.115448 -0.266191 -0.085698
v 0.122959 -0.277980 -0.090144
v 0.109473 -0.253886 -0.090923
v 0.127873 -0.289758 -0.093632
v 0.140236 -0.308501 -0.092867
v 0.127990 -0.303085 -0.099618
v 0.145943 -0.322742 -0.092557
v 0.154564 -0.329807 -0.086564
v 0.162392 -0.338000 -0.077613
v 0.164370 -0.352326 -0.080314
v 0.177970 -0.375046 -0.055113
v 0.182694 -0.384723 -0.046366
v 0.187240 -0.385032 -0.034458
v 0.188917 -0.394432 -0.022739
v 0.191473 -0.398283 -0.010709
v 0.192119 -0.402266 0.004807
v 0.193022 -0.407111 0.016941
v 0.190180 -0.410801 0.028460
v 0.185142 -0.410392 0.044747
v 0.180865 -0.414413 0.053893
v 0.166560 -0.365904 -0.072973
v 0.172409 -0.376171 -0.067537
v 0.179067 -0.424419 0.058014
v 0.171815 -0.429309 0.069740
v 0.165965 -0.423450 0.076134
v 0.158784 -0.427012 0.081675
v 0.148591 -0.425818 0.089197
v 0.139499 -0.426919 0.094436
v 0.130976 -0.420480 0.095926
v 0.118747 -0.419001 0.101852
v 0.107251 -0.414104 0.102465
v 0.097970 -0.409906 0.103834
v 0.079525 -0.404661 0.110776
v 0.198613 -0.427045 0.011877
v 0.201840 -0.431331 0.022741
v 0.197615 -0.431829 0.036356
v 0.198951 -0.441823 0.035751
v 0.197794 -0.451654 0.043573
v 0.193899 -0.463659 0.051069
v 0.185407 -0.468719 0.064034
v 0.147407 -0.488480 0.100418
v 0.123760 -0.493440 0.110081
v 0.137161 -0.496481 0.102724
v 0.110578 -0.494175 0.111423
v 0.171035 -0.481525 0.080877
v 0.177251 -0.482914 0.074901
v 0.183747 -0.480724 0.066215
v 0.157477 -0.491041 0.092786
v 0.168747 -0.491878 0.080807
v 0.098547 -0.498317 0.108495
v 0.082326 -0.498878 0.106349
v 0.068241 -0.498809 0.102518
v 0.040803 -0.481535 0.104548
v 0.029650 -0.476699 0.107941
v 0.049202 -0.487488 0.098294
v 0.053240 -0.500156 0.099836
v 0.017748 -0.478582 0.102323
v 0.007483 -0.472102 0.106253
v -0.001856 -0.463624 0.108752
v -0.010789 -0.458116 0.113918
v -0.023625 -0.438931 0.121738
v -0.027552 -0.427238 0.123672
v -0.022021 -0.457865 0.118003
v -0.027754 -0.449185 0.120807
v -0.025967 -0.414629 0.131647
v -0.001103 -0.401957 0.137338
v -0.014301 -0.395864 0.137191
v -0.025192 -0.401022 0.136312
v 0.110121 -0.225307 -0.090494
v 0.106809 -0.241030 -0.097822
v 0.102921 -0.265442 -0.095002
v 0.111928 -0.276794 -0.093978
v 0.117789 -0.291415 -0.100302
v 0.100400 -0.254799 -0.101828
v 0.133469 -0.316083 -0.101301
v 0.113563 -0.304567 -0.108505
v 0.120551 -0.315489 -0.109382
v 0.138222 -0.329179 -0.102069
v 0.145224 -0.339081 -0.097806
v 0.155521 -0.342927 -0.086979
v 0.157393 -0.353920 -0.089173
v 0.159625 -0.364413 -0.086708
v 0.176961 -0.386745 -0.062302
v 0.181303 -0.395453 -0.052908
v 0.185603 -0.395232 -0.039250
v 0.190738 -0.405965 -0.033556
v 0.193454 -0.408479 -0.019031
v 0.195063 -0.411506 -0.007112
v 0.194293 -0.415659 0.007701
v 0.194282 -0.419935 0.018420
v 0.192298 -0.423802 0.026533
v 0.188251 -0.419516 0.038365
v 0.184983 -0.420713 0.048341
v 0.163498 -0.376257 -0.081368
v 0.170379 -0.387339 -0.074259
v 0.184009 -0.431438 0.051581
v 0.176335 -0.435750 0.063978
v 0.169476 -0.439676 0.072867
v 0.165652 -0.433818 0.077224
v 0.157351 -0.437691 0.082363
v 0.146211 -0.436121 0.091568
v 0.136394 -0.436672 0.097247
v 0.130365 -0.428968 0.099253
v 0.118567 -0.428363 0.106271
v 0.109024 -0.425250 0.109793
v 0.097603 -0.419203 0.110438
v 0.080705 -0.416150 0.116642
v 0.200062 -0.433461 0.002095
v 0.204341 -0.436988 0.013086
v 0.202158 -0.442728 0.022557
v 0.200847 -0.452929 0.032898
v 0.199127 -0.463534 0.039602
v 0.196908 -0.474217 0.044365
v 0.191382 -0.476717 0.054006
v 0.148129 -0.499886 0.095930
v 0.113224 -0.504317 0.108909
v 0.125066 -0.505976 0.104807
v 0.138860 -0.508479 0.098475
v 0.177512 -0.492967 0.070111
v 0.184825 -0.491165 0.059682
v 0.160143 -0.500932 0.084366
v 0.169870 -0.502478 0.074008
v 0.103057 -0.511540 0.108066
v 0.088179 -0.509996 0.110219
v 0.074865 -0.509488 0.105883
v 0.062732 -0.510323 0.100888
v 0.036913 -0.485992 0.092249
v 0.025368 -0.481314 0.096535
v 0.041649 -0.495484 0.093239
v 0.049088 -0.514357 0.097474
v 0.041599 -0.505685 0.093501
v 0.013668 -0.481475 0.089466
v 0.004511 -0.477269 0.094133
v -0.005682 -0.471657 0.101178
v -0.015888 -0.467590 0.108770
v -0.036646 -0.437781 0.120291
v -0.044707 -0.427853 0.125061
v -0.036855 -0.419354 0.130304
v -0.028197 -0.466577 0.114878
v -0.036006 -0.459663 0.119700
v -0.041866 -0.449089 0.120027
v -0.036306 -0.408109 0.133236
v 0.006674 -0.394556 0.134264
v -0.014899 -0.383901 0.139344
v -0.028396 -0.387643 0.136704
v -0.039265 -0.394335 0.134040
v 0.096686 -0.225363 -0.096291
v 0.094844 -0.246563 -0.100743
v 0.088432 -0.239126 -0.095370
v 0.094052 -0.264300 -0.106315
v 0.096678 -0.274928 -0.100799
v 0.105043 -0.284450 -0.102316
v 0.103660 -0.295238 -0.108126
v 0.088198 -0.255501 -0.105651
v 0.128145 -0.328242 -0.109032
v 0.100703 -0.307091 -0.114344
v 0.109128 -0.317231 -0.116209
v 0.115349 -0.328398 -0.116990
v 0.135392 -0.340388 -0.107783
v 0.150296 -0.351782 -0.096898
v 0.148252 -0.362913 -0.099179
v 0.155191 -0.374194 -0.092532
v 0.174076 -0.398400 -0.068874
v 0.187236 -0.405376 -0.046288
v 0.181156 -0.406321 -0.057925
v 0.195140 -0.418885 -0.027029
v 0.189721 -0.417288 -0.041100
v 0.198963 -0.421636 -0.015500
v 0.198097 -0.423379 -0.000874
v 0.195503 -0.427137 0.011145
v 0.194408 -0.432244 0.021104
v 0.190952 -0.432376 0.034309
v 0.188164 -0.429137 0.042108
v 0.160820 -0.385896 -0.088171
v 0.166015 -0.397200 -0.080775
v 0.189082 -0.439683 0.044038
v 0.182502 -0.442452 0.054467
v 0.174174 -0.446677 0.066753
v 0.168077 -0.451825 0.075007
v 0.162595 -0.445174 0.079009
v 0.150831 -0.448048 0.088709
v 0.142419 -0.445753 0.094964
v 0.131459 -0.447909 0.097851
v 0.125581 -0.437614 0.099463
v 0.108547 -0.436660 0.105294
v 0.098333 -0.431479 0.111167
v 0.079020 -0.425831 0.117035
v 0.201642 -0.443820 0.000827
v 0.205365 -0.447591 0.011845
v 0.203292 -0.453259 0.020413
v 0.201925 -0.463865 0.027750
v 0.200765 -0.473398 0.034123
v 0.193091 -0.487582 0.047177
v 0.198546 -0.484300 0.036609
v 0.149410 -0.511324 0.090977
v 0.115100 -0.515972 0.105391
v 0.129325 -0.518168 0.100617
v 0.140859 -0.520178 0.094745
v 0.178583 -0.503246 0.062287
v 0.186712 -0.500611 0.048467
v 0.161449 -0.510812 0.079738
v 0.171187 -0.512329 0.068794
v 0.105992 -0.525226 0.106302
v 0.094138 -0.522233 0.105519
v 0.080886 -0.519908 0.106973
v 0.069827 -0.521805 0.103359
v 0.058941 -0.523552 0.097794
v 0.029791 -0.495744 0.087569
v 0.022148 -0.487454 0.086643
v 0.028894 -0.506413 0.086247
v 0.044793 -0.526832 0.093611
v 0.037295 -0.516880 0.090080
v 0.008829 -0.489867 0.082287
v 0.000926 -0.483523 0.082030
v -0.008445 -0.478041 0.089461
v -0.019224 -0.475154 0.099045
v -0.029264 -0.470888 0.105077
v -0.048850 -0.437675 0.118659
v -0.058891 -0.427023 0.123029
v -0.051117 -0.416515 0.131159
v -0.039180 -0.466652 0.114306
v -0.046100 -0.458121 0.121860
v -0.054205 -0.448978 0.119455
v -0.048189 -0.404416 0.130735
v 0.006521 -0.386324 0.136634
v -0.025467 -0.372758 0.141591
v -0.013999 -0.372921 0.143890
v -0.039416 -0.379439 0.137344
v -0.056769 -0.395412 0.129748
v -0.051012 -0.385525 0.131707
v 0.081495 -0.226703 -0.099744
v 0.079692 -0.248109 -0.099230
v 0.071847 -0.240676 -0.097768
v 0.080677 -0.265907 -0.112764
v 0.086003 -0.275626 -0.112938
v 0.090252 -0.287042 -0.108206
v 0.087225 -0.298811 -0.113644
v 0.072896 -0.258417 -0.104179
v 0.122312 -0.340226 -0.116534
v 0.093373 -0.318892 -0.121482
v 0.084503 -0.309606 -0.120050
v 0.101045 -0.329645 -0.123365
v 0.111277 -0.340507 -0.123469
v 0.131237 -0.351668 -0.114035
v 0.138360 -0.362679 -0.109562
v 0.143779 -0.373394 -0.104442
v 0.152061 -0.384215 -0.098730
v 0.169820 -0.408769 -0.078757
v 0.176213 -0.411922 -0.068929
v 0.184475 -0.416399 -0.052896
v 0.191268 -0.429164 -0.034843
v 0.195341 -0.431547 -0.023053
v 0.186241 -0.427107 -0.049488
v 0.200217 -0.434480 -0.011607
v 0.197006 -0.438124 0.011876
v 0.195530 -0.443285 0.020865
v 0.192193 -0.442545 0.033500
v 0.156312 -0.395750 -0.093968
v 0.160752 -0.407052 -0.091039
v 0.191248 -0.452266 0.040635
v 0.187042 -0.450640 0.048643
v 0.181651 -0.454993 0.055989
v 0.173473 -0.459406 0.068335
v 0.160170 -0.455856 0.081499
v 0.166604 -0.462805 0.076852
v 0.149987 -0.459996 0.090523
v 0.142000 -0.454495 0.095902
v 0.117087 -0.447695 0.103325
v 0.120361 -0.459143 0.103310
v 0.133868 -0.459792 0.098494
v 0.104042 -0.448192 0.104325
v 0.094505 -0.441023 0.103800
v 0.078085 -0.436926 0.113536
v 0.202128 -0.455284 0.001440
v 0.205758 -0.459055 0.012372
v 0.204578 -0.469844 0.015160
v 0.202159 -0.479094 0.025359
v 0.193116 -0.496133 0.037513
v 0.197721 -0.491176 0.026148
v 0.152125 -0.523079 0.086417
v 0.118222 -0.528648 0.104332
v 0.131813 -0.530677 0.097312
v 0.142879 -0.531819 0.091903
v 0.183868 -0.512457 0.046853
v 0.177461 -0.515031 0.059139
v 0.189277 -0.507481 0.037578
v 0.164317 -0.520368 0.074590
v 0.171817 -0.525832 0.064880
v 0.108477 -0.538357 0.105523
v 0.095863 -0.534922 0.104984
v 0.080129 -0.532688 0.105228
v 0.066989 -0.534449 0.101742
v 0.052494 -0.537959 0.096965
v 0.019236 -0.496839 0.078984
v 0.019683 -0.508458 0.075725
v 0.024982 -0.518248 0.082101
v 0.034226 -0.529086 0.085915
v 0.040762 -0.539207 0.090223
v 0.007180 -0.499633 0.073343
v 0.003484 -0.491184 0.071261
v -0.004437 -0.487687 0.068662
v -0.009982 -0.482805 0.076945
v -0.018863 -0.478755 0.086991
v -0.030170 -0.475511 0.093980
v -0.041219 -0.471992 0.101470
v -0.062435 -0.436263 0.116253
v -0.066493 -0.418006 0.127360
v -0.071862 -0.428440 0.123317
v -0.059894 -0.407044 0.129339
v -0.049551 -0.470637 0.109262
v -0.051727 -0.465545 0.118867
v -0.060246 -0.455814 0.119622
v -0.067822 -0.447570 0.116492
v -0.000703 -0.375322 0.146210
v -0.015210 -0.361779 0.145904
v -0.027041 -0.357746 0.144482
v -0.040185 -0.366972 0.139558
v -0.055882 -0.373078 0.133889
v -0.071670 -0.396180 0.124189
v -0.063307 -0.384615 0.129211
v 0.064834 -0.227291 -0.102209
v 0.065188 -0.250349 -0.099013
v 0.056011 -0.240271 -0.098465
v 0.069151 -0.268378 -0.111381
v 0.076250 -0.276790 -0.118606
v 0.080833 -0.287498 -0.117839
v 0.074155 -0.299299 -0.122967
v 0.056433 -0.260851 -0.104412
v 0.119714 -0.351771 -0.122076
v 0.079703 -0.320952 -0.125174
v 0.088213 -0.330439 -0.128335
v 0.070043 -0.310132 -0.127805
v 0.095939 -0.341728 -0.128990
v 0.109681 -0.351842 -0.127578
v 0.125399 -0.362994 -0.119303
v 0.133274 -0.373779 -0.114620
v 0.140150 -0.383409 -0.110851
v 0.146513 -0.393506 -0.106577
v 0.172068 -0.421109 -0.075964
v 0.164357 -0.418514 -0.086842
v 0.179815 -0.422812 -0.062260
v 0.188730 -0.439217 -0.047595
v 0.194093 -0.441736 -0.033237
v 0.197667 -0.444653 -0.021425
v 0.183235 -0.435248 -0.059545
v 0.201686 -0.449122 -0.008338
v 0.198118 -0.448219 0.010383
v 0.193767 -0.453034 0.030854
v 0.196879 -0.453609 0.018566
v 0.152129 -0.405723 -0.101304
v 0.154478 -0.416767 -0.098778
v 0.191737 -0.464286 0.037842
v 0.187057 -0.463631 0.048056
v 0.178862 -0.468190 0.060447
v 0.171356 -0.471209 0.069525
v 0.157232 -0.469133 0.082568
v 0.164635 -0.472364 0.076782
v 0.147899 -0.470922 0.092336
v 0.141408 -0.465661 0.096871
v 0.111124 -0.456010 0.105564
v 0.128427 -0.468646 0.100289
v 0.115200 -0.473236 0.104713
v 0.110174 -0.463955 0.105643
v 0.100947 -0.458717 0.105127
v 0.089940 -0.454964 0.106639
v 0.075186 -0.447832 0.107214
v 0.201001 -0.466225 0.001370
v 0.201434 -0.485267 0.012127
v 0.200687 -0.478906 0.004862
v 0.193871 -0.502393 0.026652
v 0.197703 -0.497178 0.011677
v 0.151982 -0.535139 0.084113
v 0.162928 -0.531142 0.074037
v 0.120566 -0.541185 0.101183
v 0.134579 -0.543250 0.095040
v 0.144990 -0.544168 0.088957
v 0.186677 -0.521492 0.038468
v 0.179352 -0.526613 0.052408
v 0.191499 -0.515449 0.028247
v 0.174326 -0.536265 0.058435
v 0.166753 -0.540003 0.067896
v 0.111960 -0.550458 0.102661
v 0.099310 -0.547844 0.104603
v 0.085518 -0.545505 0.104783
v 0.074338 -0.545515 0.103148
v 0.062906 -0.547052 0.098412
v 0.048502 -0.550241 0.092860
v 0.015212 -0.521695 0.072515
v 0.008784 -0.509647 0.066098
v 0.022669 -0.529715 0.078431
v 0.027461 -0.542520 0.080621
v 0.037697 -0.550114 0.085972
v 0.000364 -0.501907 0.063527
v 0.002727 -0.493386 0.058729
v -0.009525 -0.488518 0.065886
v -0.003837 -0.492755 0.057256
v -0.017963 -0.483978 0.076417
v -0.027885 -0.482163 0.085267
v -0.042143 -0.480130 0.093512
v -0.052762 -0.477425 0.100923
v -0.075137 -0.437190 0.116234
v -0.079954 -0.419063 0.125751
v -0.073769 -0.408044 0.124012
v -0.082864 -0.428007 0.121148
v -0.061047 -0.472105 0.110730
v -0.066847 -0.465891 0.119340
v -0.073229 -0.456798 0.119756
v -0.078081 -0.447281 0.114918
v -0.002216 -0.356390 0.151480
v -0.016477 -0.348631 0.148894
v -0.041564 -0.352329 0.141559
v -0.028549 -0.343757 0.146942
v -0.053804 -0.360223 0.136428
v -0.065036 -0.363066 0.133311
v -0.070713 -0.374206 0.130335
v -0.084357 -0.397982 0.121604
v -0.078919 -0.386009 0.123289
v 0.048307 -0.227927 -0.102606
v 0.049157 -0.250408 -0.099198
v 0.041503 -0.241495 -0.096442
v 0.055940 -0.272938 -0.109472
v 0.062382 -0.280279 -0.118144
v 0.068248 -0.288724 -0.124204
v 0.061898 -0.301052 -0.127606
v 0.042137 -0.259684 -0.103521
v 0.044892 -0.271735 -0.108178
v 0.114671 -0.362971 -0.127202
v 0.065495 -0.321710 -0.130193
v 0.072863 -0.332372 -0.131956
v 0.082303 -0.342929 -0.133301
v 0.056072 -0.314141 -0.130981
v 0.098700 -0.352641 -0.132857
v 0.101036 -0.363624 -0.133569
v 0.120781 -0.374588 -0.124663
v 0.127032 -0.384924 -0.121658
v 0.135104 -0.394109 -0.115011
v 0.142063 -0.403462 -0.110976
v 0.168508 -0.430477 -0.083871
v 0.175881 -0.433120 -0.072718
v 0.159032 -0.428362 -0.095715
v 0.191648 -0.451504 -0.042990
v 0.185900 -0.448220 -0.057110
v 0.195613 -0.454708 -0.031362
v 0.198680 -0.458748 -0.020461
v 0.177639 -0.445037 -0.067987
v 0.201013 -0.462515 -0.007304
v 0.198368 -0.458528 0.010464
v 0.193939 -0.463039 0.027081
v 0.196949 -0.466171 0.013474
v 0.143987 -0.415296 -0.111365
v 0.149871 -0.426704 -0.105597
v 0.190549 -0.480420 0.041005
v 0.197514 -0.477421 0.033121
v 0.184611 -0.481382 0.049771
v 0.177870 -0.484275 0.061895
v 0.175288 -0.482939 0.073140
v 0.168912 -0.484376 0.078771
v 0.162042 -0.484949 0.084449
v 0.151943 -0.486404 0.089848
v 0.141245 -0.478030 0.094731
v 0.135384 -0.473923 0.097705
v 0.125965 -0.484449 0.101806
v 0.114649 -0.484324 0.111129
v 0.103171 -0.484085 0.106957
v 0.101434 -0.469890 0.106634
v 0.088456 -0.468030 0.110207
v 0.074007 -0.462135 0.107692
v 0.199980 -0.490308 0.000287
v 0.200710 -0.476664 -0.005142
v 0.196308 -0.478684 0.022412
v 0.194858 -0.509835 0.016684
v 0.197323 -0.504529 0.002298
v 0.157541 -0.543644 0.076241
v 0.126136 -0.552446 0.096687
v 0.138727 -0.555260 0.092136
v 0.148521 -0.553598 0.084063
v 0.189446 -0.529334 0.028457
v 0.183800 -0.534644 0.039743
v 0.177029 -0.543655 0.050734
v 0.192980 -0.522655 0.018567
v 0.170250 -0.549548 0.061070
v 0.161579 -0.554217 0.070367
v 0.115404 -0.562927 0.099995
v 0.102570 -0.560216 0.103701
v 0.088342 -0.557191 0.101820
v 0.071888 -0.557790 0.101051
v 0.059013 -0.558921 0.094936
v 0.042592 -0.561916 0.087778
v 0.017409 -0.537318 0.071612
v 0.009829 -0.531244 0.063432
v 0.005109 -0.520210 0.061455
v -0.000853 -0.511723 0.055645
v 0.019886 -0.549976 0.070695
v 0.030606 -0.555427 0.078806
v -0.000688 -0.501205 0.050899
v 0.001275 -0.496844 0.046429
v -0.006332 -0.497508 0.057028
v -0.013597 -0.493987 0.068292
v -0.001274 -0.499865 0.043620
v -0.023797 -0.491434 0.080746
v -0.034505 -0.489699 0.089861
v -0.049260 -0.487531 0.097963
v -0.064207 -0.481371 0.102927
v -0.087496 -0.438694 0.115907
v -0.093924 -0.418366 0.118761
v -0.086331 -0.409583 0.121606
v -0.097779 -0.429082 0.117063
v -0.074854 -0.474503 0.110698
v -0.078407 -0.467188 0.121527
v -0.086739 -0.459842 0.119369
v -0.089213 -0.448652 0.114989
v -0.001211 -0.347616 0.152686
v -0.015843 -0.334963 0.151260
v -0.045082 -0.341258 0.142878
v -0.059458 -0.347454 0.136517
v -0.027529 -0.330076 0.149584
v -0.042992 -0.328498 0.146407
v -0.080670 -0.363869 0.126694
v -0.071981 -0.351074 0.133086
v -0.085706 -0.375834 0.122869
v -0.096947 -0.398076 0.112985
v -0.092199 -0.387983 0.120284
v 0.031472 -0.227394 -0.101824
v 0.031831 -0.249864 -0.098263
v 0.024206 -0.240906 -0.097851
v 0.050242 -0.283477 -0.113283
v 0.055697 -0.291745 -0.121816
v 0.046701 -0.303893 -0.124681
v 0.030900 -0.269328 -0.111123
v 0.026118 -0.259487 -0.103644
v 0.035106 -0.282411 -0.113551
v 0.109528 -0.374643 -0.131478
v 0.058829 -0.330385 -0.133618
v 0.065806 -0.342564 -0.137215
v 0.076645 -0.353048 -0.139279
v 0.039636 -0.314774 -0.127588
v 0.044568 -0.325952 -0.132263
v 0.087683 -0.363300 -0.138827
v 0.094400 -0.373528 -0.138297
v 0.116413 -0.386698 -0.130271
v 0.123990 -0.397581 -0.124302
v 0.133833 -0.407005 -0.118791
v 0.162286 -0.439759 -0.091236
v 0.171791 -0.442702 -0.080975
v 0.152410 -0.437563 -0.102757
v 0.187485 -0.460043 -0.052012
v 0.192052 -0.463833 -0.040445
v 0.180487 -0.457592 -0.065485
v 0.194702 -0.468356 -0.029666
v 0.198401 -0.472396 -0.015970
v 0.173700 -0.454874 -0.076095
v 0.132279 -0.419173 -0.119365
v 0.140159 -0.427005 -0.114234
v 0.140584 -0.438760 -0.113378
v 0.145244 -0.484908 0.098591
v 0.136182 -0.486445 0.103497
v 0.088364 -0.483636 0.108489
v 0.071708 -0.479462 0.106797
v 0.198345 -0.499558 -0.008754
v 0.198932 -0.486889 -0.012136
v 0.195723 -0.518810 0.004753
v 0.197323 -0.514185 -0.006282
v 0.130010 -0.564935 0.094196
v 0.141802 -0.567225 0.087747
v 0.151587 -0.562646 0.079307
v 0.193209 -0.533813 0.014426
v 0.188031 -0.540573 0.026897
v 0.182489 -0.547667 0.037065
v 0.174948 -0.556469 0.050828
v 0.167971 -0.562426 0.061073
v 0.160072 -0.568887 0.068629
v 0.120844 -0.574631 0.095144
v 0.106902 -0.572735 0.101088
v 0.094034 -0.569761 0.101526
v 0.078820 -0.569349 0.100708
v 0.066351 -0.570161 0.097509
v 0.054871 -0.570001 0.090873
v 0.041363 -0.574427 0.083781
v 0.032567 -0.568108 0.078767
v 0.011929 -0.544467 0.061464
v 0.004415 -0.538399 0.051381
v 0.000530 -0.525298 0.052437
v -0.000486 -0.518598 0.037788
v -0.000859 -0.508131 0.039639
v 0.021720 -0.563705 0.069922
v 0.013765 -0.558117 0.061412
v -0.002369 -0.501544 0.039526
v -0.002515 -0.507484 0.050589
v -0.009280 -0.504801 0.062897
v -0.018710 -0.501944 0.075488
v -0.002804 -0.502891 0.034798
v 0.001106 -0.506262 0.036733
v -0.028352 -0.499873 0.085468
v -0.041545 -0.497558 0.093913
v -0.052122 -0.499647 0.100596
v -0.060683 -0.494350 0.105961
v -0.073560 -0.487886 0.109813
v -0.100462 -0.439470 0.110723
v -0.106318 -0.416562 0.115216
v -0.100518 -0.409385 0.114867
v -0.108116 -0.429036 0.116389
v -0.084851 -0.482953 0.114991
v -0.087171 -0.471101 0.118499
v -0.099972 -0.464987 0.116231
v -0.101298 -0.453754 0.113508
v -0.014916 -0.321827 0.151989
v -0.058993 -0.334249 0.139654
v -0.070448 -0.338290 0.135233
v -0.026118 -0.318057 0.149185
v -0.057336 -0.320549 0.142102
v -0.041817 -0.316289 0.145106
v -0.087352 -0.354182 0.126305
v -0.094479 -0.364547 0.123352
v -0.084654 -0.341843 0.128520
v -0.100581 -0.377327 0.114888
v -0.109566 -0.403044 0.110722
v -0.106171 -0.389239 0.110976
v 0.017134 -0.227595 -0.102177
v 0.017329 -0.250174 -0.098221
v 0.007795 -0.239634 -0.097103
v 0.039925 -0.294384 -0.117569
v 0.033000 -0.304199 -0.122136
v 0.018951 -0.268969 -0.113326
v 0.023416 -0.279762 -0.118676
v 0.011486 -0.260799 -0.104963
v 0.027434 -0.292294 -0.119051
v 0.101225 -0.383762 -0.136877
v 0.049131 -0.338833 -0.138026
v 0.055299 -0.349636 -0.145001
v 0.066208 -0.353201 -0.142906
v 0.072294 -0.364143 -0.142167
v 0.025555 -0.313566 -0.127636
v 0.030329 -0.324950 -0.131275
v 0.035943 -0.335873 -0.136472
v 0.080539 -0.374039 -0.142373
v 0.088145 -0.384029 -0.142536
v 0.107433 -0.394861 -0.134088
v 0.115247 -0.402558 -0.131409
v 0.123106 -0.411153 -0.127304
v 0.157090 -0.448902 -0.097643
v 0.165632 -0.452136 -0.087954
v 0.146739 -0.447244 -0.108004
v 0.190178 -0.472858 -0.048696
v 0.183334 -0.469139 -0.059904
v 0.192969 -0.478611 -0.038459
v 0.175909 -0.467898 -0.072330
v 0.196477 -0.482771 -0.023969
v 0.168038 -0.464368 -0.082566
v 0.121026 -0.423778 -0.127926
v 0.131030 -0.431987 -0.121530
v 0.138575 -0.453080 -0.114406
v 0.129415 -0.444535 -0.120997
v 0.195767 -0.495761 -0.020872
v 0.195994 -0.509237 -0.017382
v 0.196315 -0.528569 -0.001809
v 0.196110 -0.524085 -0.014104
v 0.133109 -0.576927 0.091337
v 0.149360 -0.573856 0.078979
v 0.142640 -0.580991 0.083727
v 0.194762 -0.540728 0.001405
v 0.191401 -0.546326 0.015572
v 0.186628 -0.553757 0.026487
v 0.180672 -0.560956 0.037151
v 0.173097 -0.569606 0.050714
v 0.165129 -0.576313 0.060748
v 0.154263 -0.582702 0.070897
v 0.123795 -0.586803 0.092521
v 0.110602 -0.585822 0.097512
v 0.098998 -0.582192 0.100809
v 0.086963 -0.580441 0.098501
v 0.072999 -0.581854 0.097181
v 0.061833 -0.582325 0.093363
v 0.052610 -0.582242 0.087241
v 0.041828 -0.587700 0.081236
v 0.032880 -0.581234 0.075488
v 0.025185 -0.575458 0.067737
v 0.006364 -0.552259 0.049397
v 0.000941 -0.546036 0.040066
v -0.000890 -0.532630 0.041171
v 0.002745 -0.526240 0.025576
v 0.002491 -0.511895 0.028041
v -0.002494 -0.505337 0.031696
v 0.015402 -0.570982 0.058729
v 0.008996 -0.565277 0.049550
v 0.000391 -0.519277 0.036971
v -0.002652 -0.519681 0.051315
v -0.008034 -0.517248 0.060796
v -0.016112 -0.514453 0.072186
v -0.024247 -0.511560 0.081268
v -0.002040 -0.503894 0.024550
v -0.003112 -0.507123 0.027777
v -0.036670 -0.509058 0.089300
v -0.046488 -0.509882 0.095845
v -0.062893 -0.507628 0.100081
v -0.073284 -0.500405 0.104387
v -0.084475 -0.494163 0.107814
v -0.110245 -0.446759 0.111451
v -0.111087 -0.436281 0.111117
v -0.115362 -0.420605 0.113580
v -0.118016 -0.408176 0.108328
v -0.109904 -0.409955 0.111253
v -0.119482 -0.429248 0.112857
v -0.098578 -0.487686 0.110812
v -0.100372 -0.476982 0.115315
v -0.112089 -0.470536 0.114635
v -0.109639 -0.457961 0.112269
v -0.016394 -0.306567 0.151440
v -0.000614 -0.320200 0.156302
v -0.069646 -0.324006 0.138087
v -0.084019 -0.329508 0.130016
v -0.029492 -0.304817 0.147945
v -0.069432 -0.312039 0.138095
v -0.057066 -0.308556 0.138930
v -0.044323 -0.302675 0.143335
v -0.100811 -0.350555 0.119021
v -0.106353 -0.366384 0.114155
v -0.104051 -0.357898 0.116763
v -0.095923 -0.337052 0.126758
v -0.110610 -0.377536 0.112071
v -0.118158 -0.395344 0.108280
v -0.119628 -0.382225 0.109427
v 0.000532 -0.227296 -0.100394
v -0.001675 -0.246308 -0.097192
v 0.003996 -0.253852 -0.099571
v -0.008274 -0.238234 -0.097198
v 0.019940 -0.301789 -0.125024
v 0.004490 -0.268530 -0.113913
v 0.007887 -0.278357 -0.120756
v 0.012073 -0.289658 -0.123781
v -0.002240 -0.263163 -0.107460
v 0.094594 -0.394901 -0.140432
v 0.041001 -0.346613 -0.144057
v 0.045355 -0.359590 -0.145763
v 0.058934 -0.363156 -0.143959
v 0.064705 -0.374559 -0.145772
v 0.014307 -0.324168 -0.131013
v 0.008914 -0.312010 -0.128834
v 0.021646 -0.334918 -0.135663
v 0.027460 -0.344330 -0.142550
v 0.072868 -0.385022 -0.145795
v 0.081919 -0.395788 -0.144205
v 0.101965 -0.406807 -0.138098
v 0.112260 -0.415456 -0.133958
v 0.149402 -0.458013 -0.103993
v 0.159461 -0.461288 -0.094127
v 0.185438 -0.480169 -0.055815
v 0.190015 -0.488377 -0.047631
v 0.177745 -0.480856 -0.065931
v 0.192832 -0.492334 -0.035816
v 0.168746 -0.476598 -0.077811
v 0.160382 -0.473555 -0.089565
v 0.119665 -0.436534 -0.128884
v 0.109542 -0.427967 -0.133479
v 0.132199 -0.463831 -0.115532
v 0.125719 -0.456600 -0.122459
v 0.142348 -0.466166 -0.108213
v 0.117770 -0.448750 -0.127517
v 0.192059 -0.505135 -0.031830
v 0.193347 -0.518411 -0.025368
v 0.195756 -0.536798 -0.010710
v 0.192719 -0.532772 -0.022945
v 0.135299 -0.589869 0.088384
v 0.144315 -0.592906 0.079245
v 0.195594 -0.550004 -0.008528
v 0.193654 -0.553661 0.002548
v 0.190228 -0.559866 0.015721
v 0.185247 -0.566961 0.026313
v 0.179374 -0.573972 0.037258
v 0.171243 -0.583057 0.050212
v 0.161213 -0.588074 0.062199
v 0.153244 -0.596808 0.068597
v 0.126838 -0.598459 0.090138
v 0.113540 -0.600371 0.094067
v 0.102446 -0.595168 0.097958
v 0.091684 -0.592591 0.097665
v 0.078327 -0.594508 0.096133
v 0.066800 -0.594871 0.093419
v 0.056287 -0.595297 0.087608
v 0.044635 -0.599354 0.080902
v 0.034626 -0.595169 0.074205
v 0.026976 -0.589433 0.066582
v 0.017496 -0.584531 0.057945
v 0.002454 -0.560278 0.038990
v -0.001530 -0.540307 0.026780
v -0.000931 -0.554234 0.029272
v -0.003343 -0.535452 0.015003
v 0.001954 -0.518787 0.019114
v 0.001741 -0.511841 0.015060
v 0.002163 -0.506798 0.019906
v 0.010610 -0.578846 0.048308
v 0.004082 -0.572602 0.035150
v -0.001462 -0.532189 0.045320
v 0.001064 -0.531715 0.029337
v -0.002589 -0.521312 0.024110
v -0.006854 -0.530848 0.056292
v -0.014281 -0.527871 0.068464
v -0.022095 -0.524792 0.078358
v -0.030789 -0.521194 0.086129
v -0.001871 -0.505295 0.015263
v -0.001704 -0.507260 0.017497
v -0.001985 -0.512152 0.018157
v -0.041446 -0.523343 0.092070
v -0.052452 -0.519091 0.098786
v -0.064554 -0.522123 0.100843
v -0.073349 -0.514075 0.105080
v -0.084368 -0.507420 0.107139
v -0.098183 -0.499652 0.106030
v -0.119457 -0.452755 0.111191
v -0.119544 -0.442129 0.110368
v -0.126837 -0.417387 0.105268
v -0.134481 -0.408215 0.100828
v -0.129088 -0.397581 0.100905
v -0.131418 -0.436940 0.106492
v -0.133595 -0.425039 0.104987
v -0.109821 -0.493636 0.108387
v -0.120755 -0.478634 0.112365
v -0.118888 -0.462103 0.111924
v -0.125530 -0.470700 0.111280
v -0.023531 -0.294181 0.148202
v -0.008025 -0.293758 0.150286
v -0.001952 -0.301772 0.153769
v -0.082853 -0.315585 0.132307
v -0.094340 -0.321813 0.127219
v -0.039271 -0.292178 0.144102
v -0.081932 -0.302464 0.130087
v -0.065834 -0.299050 0.134911
v -0.055515 -0.292586 0.138353
v -0.113338 -0.354733 0.114163
v -0.109555 -0.341991 0.117078
v -0.117910 -0.368740 0.110178
v -0.106466 -0.328911 0.118798
v -0.128722 -0.386261 0.100353
v -0.130009 -0.371747 0.100844
v -0.016659 -0.227226 -0.101366
v -0.018085 -0.248178 -0.097721
v -0.009094 -0.256130 -0.100720
v -0.024635 -0.240115 -0.095853
v 0.003762 -0.299230 -0.127915
v -0.005360 -0.276528 -0.116944
v -0.000895 -0.287141 -0.124106
v -0.015949 -0.268217 -0.107945
v 0.090779 -0.406373 -0.143218
v 0.033462 -0.353960 -0.147736
v 0.035756 -0.368448 -0.144282
v 0.050564 -0.374773 -0.145440
v 0.059649 -0.386376 -0.148289
v 0.000607 -0.322451 -0.131073
v 0.005209 -0.333773 -0.135304
v -0.004577 -0.309295 -0.130804
v 0.010603 -0.342598 -0.142356
v 0.019484 -0.351846 -0.148082
v 0.067763 -0.397708 -0.147646
v 0.077777 -0.407832 -0.145864
v 0.098263 -0.419781 -0.138784
v 0.151690 -0.469831 -0.098751
v 0.183052 -0.490914 -0.058043
v 0.189140 -0.500908 -0.044405
v 0.183154 -0.501992 -0.055444
v 0.170030 -0.489676 -0.074738
v 0.175249 -0.497739 -0.067571
v 0.162559 -0.485024 -0.084893
v 0.153668 -0.482450 -0.095514
v 0.106327 -0.441033 -0.132744
v 0.096944 -0.432972 -0.138989
v 0.122624 -0.470224 -0.119925
v 0.132537 -0.475520 -0.111462
v 0.114594 -0.462246 -0.124930
v 0.143758 -0.478437 -0.103028
v 0.105436 -0.453688 -0.131664
v 0.189404 -0.514526 -0.040291
v 0.189247 -0.526320 -0.035925
v 0.193920 -0.546945 -0.019314
v 0.189155 -0.543797 -0.028901
v 0.186287 -0.536397 -0.039937
v 0.136142 -0.602752 0.084422
v 0.144298 -0.606676 0.076224
v 0.193507 -0.559883 -0.020454
v 0.195029 -0.562568 -0.009425
v 0.193046 -0.565912 0.001576
v 0.189338 -0.572683 0.015414
v 0.184728 -0.579767 0.025091
v 0.179500 -0.586340 0.034546
v 0.174666 -0.594878 0.041657
v 0.166820 -0.594297 0.054382
v 0.160321 -0.602990 0.060645
v 0.153430 -0.611057 0.066749
v 0.124107 -0.609757 0.088385
v 0.110398 -0.614787 0.091667
v 0.102303 -0.606903 0.095552
v 0.089522 -0.605265 0.095218
v 0.074179 -0.606520 0.092632
v 0.062060 -0.607275 0.089031
v 0.052139 -0.608424 0.081604
v 0.038940 -0.608003 0.073750
v 0.029705 -0.603225 0.065940
v 0.020354 -0.597870 0.055982
v 0.013111 -0.591910 0.047109
v -0.000317 -0.565843 0.024169
v -0.002678 -0.548429 0.015194
v -0.002488 -0.559386 0.007611
v -0.003503 -0.546092 0.003888
v 0.003109 -0.533224 0.000170
v 0.002376 -0.524166 0.008800
v 0.001243 -0.514452 0.003635
v 0.001800 -0.508642 0.010487
v 0.006541 -0.586825 0.035198
v 0.001836 -0.580135 0.024766
v -0.000669 -0.544061 0.038987
v -0.006230 -0.543780 0.052353
v 0.002373 -0.531910 0.016105
v 0.001591 -0.543565 0.021979
v -0.002047 -0.519410 0.007427
v -0.013845 -0.541265 0.065655
v -0.021473 -0.537770 0.075533
v -0.032476 -0.532059 0.084172
v -0.002291 -0.505535 0.011004
v 0.001153 -0.506343 0.005431
v -0.041178 -0.538002 0.090763
v -0.050966 -0.531373 0.096759
v -0.063991 -0.535761 0.099840
v -0.074286 -0.528115 0.104466
v -0.084664 -0.520266 0.106183
v -0.098658 -0.512981 0.106344
v -0.109413 -0.506449 0.107328
v -0.130214 -0.447750 0.106018
v -0.129909 -0.458361 0.106951
v -0.138461 -0.417956 0.101507
v -0.147402 -0.410929 0.096656
v -0.142300 -0.399459 0.096786
v -0.139789 -0.391015 0.097261
v -0.140829 -0.444186 0.104230
v -0.143074 -0.432327 0.102123
v -0.145976 -0.421626 0.098408
v -0.120852 -0.499424 0.106479
v -0.122108 -0.487568 0.110356
v -0.134388 -0.478872 0.106777
v -0.137634 -0.466056 0.105645
v -0.030041 -0.281255 0.144408
v -0.017441 -0.282173 0.146677
v -0.001372 -0.283024 0.148131
v 0.003588 -0.293012 0.149857
v -0.093397 -0.309498 0.129235
v -0.106253 -0.315913 0.118868
v -0.046384 -0.281040 0.140517
v -0.084558 -0.288463 0.124048
v -0.071240 -0.290010 0.131988
v -0.093669 -0.296485 0.125467
v -0.061738 -0.281052 0.134436
v -0.125755 -0.357574 0.102927
v -0.123232 -0.344985 0.106008
v -0.117678 -0.332380 0.113501
v -0.115525 -0.322094 0.114451
v -0.136333 -0.380292 0.096936
v -0.140940 -0.370753 0.096283
v -0.137085 -0.360015 0.097959
v -0.031277 -0.227115 -0.101298
v -0.031464 -0.249880 -0.098189
v -0.024515 -0.259551 -0.102619
v -0.040511 -0.241631 -0.096485
v -0.009403 -0.297888 -0.126755
v -0.021104 -0.280662 -0.112476
v -0.013088 -0.288226 -0.119774
v -0.029007 -0.271339 -0.108056
v 0.086622 -0.417886 -0.142608
v 0.024400 -0.363113 -0.145165
v 0.021379 -0.374756 -0.144964
v 0.036149 -0.380440 -0.146666
v 0.045557 -0.389766 -0.147628
v 0.055770 -0.400655 -0.148825
v -0.012196 -0.320228 -0.132715
v -0.008787 -0.332751 -0.135161
v -0.003091 -0.342001 -0.142587
v -0.020608 -0.307428 -0.129226
v 0.002900 -0.351521 -0.148715
v 0.009670 -0.362744 -0.146914
v 0.064136 -0.411303 -0.148530
v 0.072898 -0.421351 -0.145332
v 0.085551 -0.429735 -0.142344
v 0.185386 -0.512836 -0.050917
v 0.175563 -0.510431 -0.063193
v 0.163392 -0.497193 -0.082064
v 0.168538 -0.504561 -0.075241
v 0.154789 -0.494217 -0.089531
v 0.144093 -0.491182 -0.099312
v 0.094597 -0.445403 -0.136769
v 0.083019 -0.442032 -0.139221
v 0.123407 -0.482454 -0.115493
v 0.112155 -0.476720 -0.122592
v 0.134444 -0.487710 -0.108275
v 0.102639 -0.466497 -0.128107
v 0.094110 -0.456516 -0.134419
v 0.185825 -0.526762 -0.048575
v 0.187241 -0.556344 -0.029917
v 0.182882 -0.548546 -0.041945
v 0.182477 -0.539586 -0.051827
v 0.134195 -0.615015 0.082336
v 0.143641 -0.619495 0.074515
v 0.186649 -0.569337 -0.029174
v 0.193537 -0.572665 -0.018606
v 0.194382 -0.575521 -0.007931
v 0.192009 -0.578185 0.002091
v 0.188821 -0.586013 0.013101
v 0.184445 -0.592719 0.022604
v 0.179891 -0.599902 0.031121
v 0.174291 -0.607887 0.040436
v 0.167452 -0.607374 0.051642
v 0.162126 -0.616269 0.057657
v 0.154660 -0.624267 0.064522
v 0.122720 -0.622863 0.085950
v 0.103757 -0.625354 0.090879
v 0.095621 -0.616749 0.094168
v 0.083181 -0.617311 0.091339
v 0.068683 -0.619331 0.088453
v 0.057111 -0.620353 0.083501
v 0.046565 -0.618850 0.074976
v 0.033361 -0.617009 0.066748
v 0.025407 -0.611602 0.057428
v 0.015898 -0.606398 0.046887
v 0.010264 -0.600296 0.037097
v -0.000169 -0.573545 0.008904
v -0.002789 -0.555578 -0.005703
v -0.001727 -0.568597 -0.003320
v -0.002661 -0.542534 -0.013342
v -0.002794 -0.519665 -0.006178
v -0.002587 -0.528479 -0.016323
v 0.001808 -0.510938 -0.003907
v 0.001107 -0.509980 0.001459
v 0.004766 -0.593825 0.023960
v 0.001666 -0.587289 0.013016
v -0.000709 -0.556529 0.034126
v -0.005750 -0.555622 0.046374
v -0.012964 -0.553793 0.061064
v -0.003407 -0.543712 0.008991
v -0.002920 -0.531562 -0.001339
v 0.000901 -0.555927 0.016731
v -0.002089 -0.510955 -0.000759
v 0.002145 -0.520435 -0.008389
v -0.020915 -0.550696 0.071490
v -0.031660 -0.544666 0.081365
v 0.001230 -0.505835 0.003007
v 0.001360 -0.506451 -0.000547
v -0.040899 -0.551092 0.088070
v -0.051451 -0.544863 0.096066
v -0.064922 -0.549338 0.099345
v -0.074364 -0.541951 0.103532
v -0.085079 -0.534152 0.105747
v -0.098926 -0.525859 0.106182
v -0.110207 -0.519960 0.106599
v -0.119525 -0.512415 0.105381
v -0.139377 -0.455190 0.104883
v -0.156633 -0.418365 0.089411
v -0.160539 -0.409183 0.086199
v -0.153563 -0.399696 0.087981
v -0.150083 -0.389958 0.088159
v -0.145717 -0.383607 0.093309
v -0.147796 -0.450316 0.101348
v -0.150868 -0.440812 0.099127
v -0.153419 -0.429840 0.095836
v -0.132905 -0.504375 0.100720
v -0.135077 -0.491688 0.103974
v -0.146206 -0.484685 0.101921
v -0.144225 -0.472976 0.103212
v -0.148745 -0.461574 0.100612
v -0.038235 -0.270091 0.140785
v -0.021228 -0.270451 0.146666
v -0.008753 -0.271070 0.148528
v 0.005051 -0.272530 0.144988
v 0.015152 -0.285000 0.146738
v 0.019199 -0.305535 0.147148
v 0.023482 -0.294640 0.146308
v -0.105071 -0.304136 0.119731
v -0.116015 -0.307606 0.113630
v -0.050842 -0.269673 0.136823
v -0.098750 -0.286217 0.114352
v -0.088041 -0.276737 0.119379
v -0.076229 -0.277793 0.125680
v -0.109024 -0.294261 0.115300
v -0.065341 -0.268549 0.130555
v -0.136232 -0.346118 0.100113
v -0.130325 -0.334726 0.103039
v -0.125993 -0.325728 0.104641
v -0.124937 -0.316970 0.104906
v -0.147586 -0.373117 0.087458
v -0.148772 -0.362146 0.087635
v -0.146997 -0.351679 0.088281
v -0.047438 -0.227508 -0.101718
v -0.047459 -0.251581 -0.098435
v -0.037468 -0.261347 -0.103097
v -0.054463 -0.241282 -0.096822
v -0.026223 -0.296191 -0.120329
v -0.033103 -0.285265 -0.113986
v -0.044071 -0.273173 -0.109317
v 0.004692 -0.374897 -0.145100
v 0.025122 -0.386055 -0.147709
v 0.010793 -0.386443 -0.148014
v 0.033313 -0.394945 -0.148438
v 0.042503 -0.403811 -0.149082
v 0.051969 -0.415395 -0.147280
v -0.026574 -0.318818 -0.131689
v -0.024921 -0.330970 -0.135299
v -0.018520 -0.341641 -0.141742
v -0.010528 -0.350834 -0.148263
v -0.032872 -0.307667 -0.124443
v -0.003727 -0.364023 -0.145421
v 0.060875 -0.425382 -0.146894
v 0.071032 -0.434298 -0.144275
v 0.179620 -0.520715 -0.057217
v 0.164372 -0.515607 -0.076108
v 0.168857 -0.523370 -0.067103
v 0.158129 -0.507446 -0.085673
v 0.145453 -0.502500 -0.093584
v 0.134105 -0.498331 -0.100001
v 0.081410 -0.454903 -0.136530
v 0.069181 -0.447707 -0.140841
v 0.115334 -0.490084 -0.118338
v 0.125845 -0.495005 -0.111253
v 0.102823 -0.487247 -0.120721
v 0.097870 -0.477225 -0.125659
v 0.089872 -0.466203 -0.130995
v 0.177250 -0.531857 -0.059411
v 0.179247 -0.560969 -0.042303
v 0.179336 -0.552801 -0.053451
v 0.175504 -0.544244 -0.061954
v 0.134157 -0.627791 0.079819
v 0.146045 -0.631544 0.070725
v 0.175946 -0.572139 -0.042200
v 0.181042 -0.581386 -0.035872
v 0.190533 -0.583088 -0.024953
v 0.193822 -0.586330 -0.014127
v 0.191911 -0.590281 -0.002096
v 0.188232 -0.598656 0.010957
v 0.183266 -0.606645 0.021911
v 0.178229 -0.614363 0.031869
v 0.169989 -0.620674 0.046569
v 0.163331 -0.629167 0.055058
v 0.155952 -0.637345 0.062294
v 0.124694 -0.636822 0.081848
v 0.114124 -0.632496 0.085619
v 0.100341 -0.638438 0.088392
v 0.090944 -0.628716 0.091157
v 0.078118 -0.629756 0.087443
v 0.062913 -0.632498 0.084458
v 0.051387 -0.631120 0.076803
v 0.037952 -0.628827 0.067116
v 0.028322 -0.624767 0.057802
v 0.019308 -0.620279 0.047931
v 0.012781 -0.614952 0.036931
v 0.007366 -0.608462 0.023947
v 0.000388 -0.582089 -0.001709
v -0.001613 -0.550139 -0.023580
v -0.000517 -0.563308 -0.020882
v 0.001013 -0.576906 -0.013917
v -0.000813 -0.538025 -0.025397
v -0.000687 -0.516506 -0.015480
v 0.000927 -0.524392 -0.027261
v -0.002126 -0.510402 -0.013776
v -0.002415 -0.507305 -0.006407
v 0.003720 -0.601387 0.013412
v 0.002265 -0.594522 -0.002190
v -0.000883 -0.568006 0.026546
v -0.005207 -0.567440 0.039234
v -0.011908 -0.566137 0.056300
v -0.020312 -0.564154 0.068190
v 0.002714 -0.543255 -0.004538
v 0.002301 -0.555558 0.003286
v 0.002198 -0.531492 -0.017373
v 0.000636 -0.566881 0.008918
v -0.002540 -0.505720 -0.003779
v 0.001382 -0.511539 -0.014004
v -0.000264 -0.520823 -0.021777
v -0.031219 -0.557660 0.078834
v -0.041795 -0.563678 0.087016
v -0.055018 -0.555956 0.092563
v -0.065354 -0.562605 0.098485
v -0.076598 -0.556149 0.102068
v -0.087780 -0.546323 0.102689
v -0.098959 -0.538937 0.105297
v -0.110513 -0.533035 0.105620
v -0.121676 -0.526487 0.102355
v -0.130899 -0.515504 0.098753
v -0.164134 -0.426049 0.086425
v -0.167663 -0.415925 0.083055
v -0.171601 -0.405527 0.078287
v -0.163430 -0.398895 0.082893
v -0.160072 -0.389635 0.083252
v -0.157234 -0.380102 0.083916
v -0.158339 -0.449493 0.092777
v -0.161214 -0.437224 0.090019
v -0.143376 -0.499059 0.097436
v -0.142692 -0.511130 0.094684
v -0.152499 -0.493459 0.094675
v -0.158160 -0.482921 0.094307
v -0.153573 -0.473430 0.097654
v -0.160256 -0.461619 0.091153
v -0.042835 -0.254087 0.138607
v -0.028380 -0.255073 0.145526
v -0.013807 -0.255634 0.148305
v 0.000043 -0.258089 0.144513
v 0.014650 -0.259661 0.142255
v 0.018880 -0.273340 0.145038
v 0.038783 -0.282464 0.143018
v 0.039699 -0.303820 0.144534
v 0.027091 -0.314533 0.147821
v 0.018144 -0.317165 0.148447
v 0.039333 -0.292717 0.149964
v -0.128806 -0.304808 0.101294
v -0.121573 -0.294737 0.105014
v -0.057945 -0.252895 0.132327
v -0.111015 -0.284077 0.108278
v -0.101440 -0.274939 0.108789
v -0.092920 -0.264865 0.111078
v -0.079587 -0.266407 0.121707
v -0.070133 -0.251788 0.128171
v -0.147399 -0.339963 0.089240
v -0.140096 -0.331555 0.097327
v -0.133800 -0.319955 0.100032
v -0.155987 -0.367303 0.082615
v -0.156941 -0.354944 0.082129
v -0.156661 -0.342854 0.081491
v -0.062894 -0.227487 -0.100386
v -0.052910 -0.262780 -0.102782
v -0.063566 -0.253127 -0.097574
v -0.070014 -0.242593 -0.097023
v -0.039268 -0.296780 -0.119512
v -0.049055 -0.283920 -0.116700
v -0.056630 -0.273742 -0.108400
v -0.009873 -0.377303 -0.145514
v -0.001146 -0.386469 -0.148002
v 0.018897 -0.398000 -0.148805
v 0.002931 -0.399810 -0.149643
v 0.029060 -0.406725 -0.149115
v 0.038437 -0.416746 -0.147554
v 0.048365 -0.429551 -0.145161
v -0.037883 -0.318440 -0.128964
v -0.039098 -0.330129 -0.134496
v -0.031788 -0.340786 -0.140304
v -0.025749 -0.350989 -0.148056
v -0.017804 -0.363184 -0.144660
v -0.046647 -0.307521 -0.125097
v 0.058551 -0.439159 -0.143067
v 0.156447 -0.520573 -0.084802
v 0.159564 -0.528592 -0.074808
v 0.165578 -0.536938 -0.068763
v 0.148292 -0.513449 -0.091970
v 0.136055 -0.509742 -0.096927
v 0.123681 -0.505061 -0.101395
v 0.066704 -0.460254 -0.135892
v 0.075977 -0.468273 -0.132499
v 0.056310 -0.452000 -0.139306
v 0.106838 -0.499687 -0.118162
v 0.117837 -0.502536 -0.112135
v 0.088574 -0.486401 -0.120681
v 0.096482 -0.495683 -0.114383
v 0.085947 -0.476122 -0.127147
v 0.174808 -0.565162 -0.054993
v 0.173484 -0.556018 -0.063374
v 0.162643 -0.550272 -0.069765
v 0.135725 -0.639898 0.076355
v 0.147400 -0.643276 0.068826
v 0.171545 -0.584756 -0.045771
v 0.170828 -0.576504 -0.053352
v 0.176223 -0.593408 -0.039422
v 0.186138 -0.593966 -0.030550
v 0.191766 -0.596927 -0.021983
v 0.192761 -0.599020 -0.012016
v 0.190829 -0.604350 -0.000379
v 0.186418 -0.613026 0.011083
v 0.182030 -0.620325 0.021365
v 0.176583 -0.626987 0.032638
v 0.169751 -0.634653 0.044888
v 0.163566 -0.641940 0.053297
v 0.156739 -0.649812 0.060406
v 0.126200 -0.648409 0.078770
v 0.112733 -0.645280 0.082631
v 0.097643 -0.650344 0.085238
v 0.088126 -0.640055 0.088232
v 0.076518 -0.641267 0.084503
v 0.063835 -0.644133 0.081449
v 0.053831 -0.642455 0.076226
v 0.041988 -0.641504 0.067887
v 0.032018 -0.637974 0.059200
v 0.024609 -0.633316 0.048561
v 0.016396 -0.627535 0.037584
v 0.011195 -0.623315 0.025401
v 0.005979 -0.615298 0.013780
v 0.001103 -0.589447 -0.014009
v 0.001064 -0.558918 -0.032997
v 0.001611 -0.546042 -0.036075
v 0.002213 -0.572159 -0.031016
v 0.003989 -0.583619 -0.029382
v 0.003827 -0.533723 -0.036446
v 0.002624 -0.514485 -0.032114
v 0.001512 -0.508452 -0.026021
v 0.005568 -0.519670 -0.043453
v -0.001831 -0.505919 -0.020532
v -0.002089 -0.505856 -0.011610
v 0.004206 -0.607466 -0.002160
v 0.004040 -0.602529 -0.014367
v -0.001354 -0.580152 0.019796
v -0.004658 -0.580312 0.032421
v -0.010743 -0.578174 0.048429
v -0.017359 -0.576680 0.059703
v -0.026859 -0.574715 0.069762
v -0.033579 -0.569822 0.079226
v 0.000670 -0.544106 -0.023120
v 0.001494 -0.554732 -0.011912
v 0.001260 -0.566451 -0.004656
v -0.000985 -0.532668 -0.030296
v -0.000275 -0.578146 0.002260
v 0.001302 -0.508770 -0.023538
v 0.000538 -0.513476 -0.034071
v -0.002492 -0.521285 -0.042250
v -0.055252 -0.569035 0.091332
v -0.043046 -0.576849 0.084360
v -0.065299 -0.575261 0.095959
v -0.077181 -0.569241 0.100567
v -0.091750 -0.562469 0.102050
v -0.097355 -0.551794 0.103999
v -0.108318 -0.546066 0.104364
v -0.119788 -0.540930 0.101524
v -0.138088 -0.523386 0.095895
v -0.132641 -0.534792 0.096880
v -0.173994 -0.424132 0.079446
v -0.171371 -0.434079 0.082814
v -0.176291 -0.414716 0.074564
v -0.179040 -0.406619 0.069296
v -0.176773 -0.396566 0.069747
v -0.169414 -0.392744 0.076380
v -0.167402 -0.382750 0.077185
v -0.165264 -0.371988 0.076651
v -0.169165 -0.455181 0.085045
v -0.167598 -0.444038 0.086119
v -0.153403 -0.506341 0.089337
v -0.150040 -0.520060 0.089195
v -0.162825 -0.494533 0.084560
v -0.168696 -0.483258 0.084128
v -0.165085 -0.471823 0.087513
v -0.173180 -0.465165 0.081355
v 0.032484 -0.255698 0.139690
v 0.038953 -0.271729 0.140313
v 0.041616 -0.320085 0.143824
v 0.022277 -0.326364 0.146609
v 0.007274 -0.331832 0.151190
v -0.138658 -0.310725 0.095908
v -0.139114 -0.300529 0.092857
v -0.132700 -0.292716 0.097324
v -0.122969 -0.282845 0.097489
v -0.114028 -0.272659 0.097386
v -0.104453 -0.263370 0.104008
v -0.097039 -0.248773 0.107017
v -0.084458 -0.250298 0.119305
v -0.152321 -0.329906 0.084932
v -0.145993 -0.318635 0.088394
v -0.162921 -0.361050 0.076699
v -0.165862 -0.350076 0.074184
v -0.166114 -0.337872 0.068866
v -0.161197 -0.329999 0.077266
v -0.074836 -0.227041 -0.098772
v -0.067504 -0.265363 -0.101035
v -0.077772 -0.254603 -0.098939
v -0.084764 -0.243369 -0.097470
v -0.056253 -0.295431 -0.121923
v -0.061410 -0.285554 -0.114401
v -0.070486 -0.277333 -0.105978
v -0.023375 -0.374783 -0.144762
v -0.023679 -0.387708 -0.147160
v -0.010925 -0.393452 -0.148803
v 0.015216 -0.409415 -0.148957
v -0.009844 -0.406233 -0.149950
v 0.001092 -0.413495 -0.149149
v 0.025128 -0.418802 -0.147171
v 0.034844 -0.427725 -0.145223
v 0.033309 -0.440109 -0.141452
v 0.044555 -0.444602 -0.141472
v -0.051742 -0.319451 -0.129002
v -0.055190 -0.331424 -0.133618
v -0.045890 -0.341082 -0.139601
v -0.038346 -0.349492 -0.146991
v -0.031377 -0.364423 -0.144082
v -0.062643 -0.308705 -0.125176
v 0.145660 -0.526186 -0.092488
v 0.150538 -0.533282 -0.082234
v 0.154709 -0.542728 -0.074812
v 0.134893 -0.522238 -0.094412
v 0.125106 -0.515257 -0.095761
v 0.113743 -0.514161 -0.100215
v 0.054274 -0.464894 -0.133185
v 0.064282 -0.473030 -0.130355
v 0.074208 -0.481005 -0.125367
v 0.042217 -0.458280 -0.135957
v 0.108884 -0.511040 -0.112644
v 0.099270 -0.509337 -0.114593
v 0.074064 -0.492465 -0.119580
v 0.084209 -0.496152 -0.113373
v 0.089898 -0.505234 -0.107980
v 0.167422 -0.566134 -0.067690
v 0.167903 -0.577015 -0.063810
v 0.158662 -0.561391 -0.071861
v 0.148089 -0.555258 -0.075403
v 0.136932 -0.653456 0.074210
v 0.148918 -0.655249 0.066552
v 0.165142 -0.588876 -0.057744
v 0.168241 -0.596789 -0.045855
v 0.175880 -0.605564 -0.039116
v 0.187635 -0.606374 -0.029044
v 0.192000 -0.610446 -0.020034
v 0.191840 -0.611380 -0.010471
v 0.189529 -0.618941 -0.002191
v 0.185070 -0.626754 0.010197
v 0.180772 -0.633414 0.021094
v 0.175411 -0.639444 0.032053
v 0.170221 -0.647460 0.041314
v 0.163186 -0.656441 0.052204
v 0.155279 -0.664784 0.060573
v 0.128872 -0.663804 0.075816
v 0.118433 -0.657093 0.079417
v 0.106784 -0.659765 0.080763
v 0.092794 -0.664434 0.082228
v 0.085396 -0.652708 0.085036
v 0.072995 -0.654132 0.080916
v 0.058345 -0.655548 0.076876
v 0.048743 -0.653567 0.069321
v 0.036268 -0.651126 0.060629
v 0.027932 -0.647280 0.050740
v 0.019994 -0.642991 0.038481
v 0.014473 -0.636610 0.029675
v 0.008139 -0.627605 0.010017
v 0.011994 -0.638505 0.019017
v 0.006245 -0.619032 0.001279
v 0.004094 -0.595137 -0.030594
v 0.007005 -0.567520 -0.041585
v 0.004756 -0.555418 -0.045145
v 0.005098 -0.542971 -0.051500
v 0.008098 -0.578646 -0.040384
v 0.005547 -0.589524 -0.042960
v 0.007167 -0.528818 -0.052127
v 0.005918 -0.509492 -0.042399
v 0.001292 -0.504767 -0.037505
v 0.011128 -0.514793 -0.052944
v -0.001972 -0.505232 -0.030969
v 0.006612 -0.615110 -0.013922
v 0.007889 -0.606959 -0.029853
v -0.002348 -0.590455 0.010633
v -0.004716 -0.592355 0.023806
v -0.010167 -0.589937 0.042951
v -0.016782 -0.589839 0.055252
v -0.026245 -0.587827 0.066091
v -0.034312 -0.583319 0.076354
v 0.000000 -0.544354 -0.037765
v -0.000302 -0.555125 -0.030253
v -0.000592 -0.566468 -0.022961
v -0.000519 -0.578332 -0.011586
v -0.001215 -0.533554 -0.048492
v -0.001905 -0.587508 -0.006233
v 0.001733 -0.507277 -0.043179
v -0.003315 -0.512675 -0.047815
v -0.005100 -0.522086 -0.055108
v -0.055361 -0.582283 0.089516
v -0.043972 -0.590445 0.082214
v -0.065114 -0.588764 0.093999
v -0.076257 -0.581711 0.098114
v -0.090798 -0.575412 0.100072
v -0.106070 -0.559627 0.103441
v -0.103012 -0.571490 0.102106
v -0.117769 -0.553904 0.100477
v -0.131229 -0.548144 0.095836
v -0.144597 -0.531390 0.091656
v -0.141585 -0.544031 0.091983
v -0.178814 -0.432565 0.074303
v -0.181316 -0.423184 0.069756
v -0.176233 -0.444015 0.077994
v -0.184437 -0.412740 0.062362
v -0.185197 -0.401428 0.058140
v -0.181832 -0.388945 0.059605
v -0.173933 -0.384929 0.069997
v -0.173494 -0.373342 0.066170
v -0.171537 -0.360882 0.065426
v -0.177992 -0.455959 0.075797
v -0.160890 -0.514422 0.079276
v -0.166256 -0.504098 0.077295
v -0.158533 -0.527689 0.078642
v -0.172282 -0.493057 0.076351
v -0.176974 -0.481383 0.076473
v -0.173362 -0.474241 0.081181
v -0.179944 -0.468937 0.073102
v 0.041594 -0.334114 0.142535
v 0.020763 -0.339558 0.143977
v -0.148724 -0.305959 0.083129
v -0.143608 -0.290690 0.083269
v -0.134148 -0.280849 0.091144
v -0.125909 -0.270813 0.091312
v -0.117076 -0.261211 0.092041
v -0.107708 -0.247387 0.098744
v -0.155498 -0.316777 0.080614
v -0.175487 -0.347995 0.061448
v -0.172555 -0.337340 0.060823
v -0.169428 -0.327325 0.064278
v -0.163151 -0.316623 0.072166
v -0.087874 -0.226621 -0.096155
v -0.079646 -0.269273 -0.100765
v -0.091266 -0.260473 -0.094860
v -0.093757 -0.251050 -0.089584
v -0.092806 -0.241194 -0.089874
v -0.068601 -0.297019 -0.120046
v -0.075417 -0.287590 -0.112196
v -0.084548 -0.281003 -0.106329
v -0.034418 -0.380265 -0.146507
v -0.036046 -0.395082 -0.148782
v -0.024159 -0.401109 -0.149420
v 0.011727 -0.422695 -0.147241
v -0.023602 -0.414636 -0.148256
v -0.010619 -0.419947 -0.148444
v 0.000258 -0.425828 -0.146195
v 0.023107 -0.431302 -0.143355
v 0.020487 -0.444223 -0.136879
v 0.031083 -0.452244 -0.136584
v -0.063523 -0.320852 -0.128241
v -0.069083 -0.330992 -0.131980
v -0.061947 -0.341720 -0.138126
v -0.053637 -0.350738 -0.145767
v -0.043160 -0.359975 -0.145051
v -0.043840 -0.372637 -0.144976
v -0.078524 -0.306066 -0.120672
v -0.075590 -0.318334 -0.125249
v 0.140153 -0.536010 -0.093464
v 0.144013 -0.544947 -0.082397
v 0.130349 -0.533180 -0.096118
v 0.119122 -0.524433 -0.093470
v 0.101613 -0.520356 -0.108756
v 0.104741 -0.525777 -0.097555
v 0.052755 -0.476760 -0.124908
v 0.040726 -0.470218 -0.129403
v 0.062987 -0.485153 -0.122383
v 0.029454 -0.463536 -0.131116
v 0.091385 -0.518635 -0.111413
v 0.062843 -0.497989 -0.115484
v 0.074050 -0.504470 -0.108307
v 0.082479 -0.513648 -0.103060
v 0.159299 -0.574079 -0.073655
v 0.159452 -0.586772 -0.071850
v 0.148438 -0.569052 -0.074504
v 0.137547 -0.565503 -0.077751
v 0.134382 -0.555783 -0.085491
v 0.143405 -0.664691 0.069004
v 0.156921 -0.598574 -0.067841
v 0.161874 -0.600957 -0.055270
v 0.164692 -0.609079 -0.047785
v 0.170850 -0.617383 -0.042492
v 0.182474 -0.616871 -0.035894
v 0.189915 -0.621037 -0.025828
v 0.191010 -0.624037 -0.014221
v 0.188135 -0.631369 -0.003442
v 0.183534 -0.638743 0.009538
v 0.179477 -0.645433 0.020423
v 0.174925 -0.652999 0.030285
v 0.170034 -0.661238 0.039351
v 0.163313 -0.668529 0.050495
v 0.147886 -0.675244 0.065402
v 0.156639 -0.676762 0.057895
v 0.135998 -0.672987 0.071968
v 0.116627 -0.668247 0.077776
v 0.125766 -0.676985 0.074921
v 0.103997 -0.672216 0.078527
v 0.081184 -0.663711 0.080605
v 0.088906 -0.677456 0.078648
v 0.066009 -0.664939 0.076588
v 0.053973 -0.666751 0.070432
v 0.041020 -0.662689 0.061166
v 0.031758 -0.659491 0.051778
v 0.022630 -0.654644 0.038723
v 0.016205 -0.649723 0.026648
v 0.008976 -0.638952 0.003324
v 0.007634 -0.629077 -0.005157
v 0.011985 -0.649211 0.010576
v 0.010993 -0.601132 -0.041678
v 0.014623 -0.564617 -0.055010
v 0.012268 -0.578681 -0.051566
v 0.012611 -0.550546 -0.057811
v 0.010184 -0.537663 -0.060691
v 0.010930 -0.593153 -0.053620
v 0.013480 -0.523568 -0.060798
v 0.011314 -0.506582 -0.058469
v 0.005702 -0.502658 -0.050293
v -0.000119 -0.501559 -0.046962
v 0.019819 -0.512700 -0.065734
v 0.008865 -0.618415 -0.024961
v 0.007625 -0.630186 -0.021108
v 0.011678 -0.613994 -0.040098
v -0.003554 -0.599319 -0.004520
v -0.004223 -0.603372 0.012729
v -0.007599 -0.607748 0.023915
v -0.010287 -0.599921 0.036412
v -0.015850 -0.600650 0.048524
v -0.026244 -0.600848 0.061478
v -0.034173 -0.596309 0.073253
v -0.010149 -0.542443 -0.050704
v -0.007687 -0.555881 -0.041755
v -0.003089 -0.566485 -0.035869
v -0.002899 -0.577902 -0.028516
v -0.004115 -0.591822 -0.018405
v -0.010032 -0.532950 -0.057311
v -0.002145 -0.502797 -0.060071
v -0.009201 -0.511408 -0.063422
v -0.009579 -0.523608 -0.067030
v -0.056671 -0.596181 0.088160
v -0.044886 -0.602642 0.079461
v -0.075529 -0.594110 0.095786
v -0.068270 -0.603348 0.092432
v -0.089498 -0.588527 0.098157
v -0.100897 -0.584310 0.100274
v -0.116078 -0.567178 0.099334
v -0.112599 -0.579609 0.098048
v -0.129880 -0.561613 0.094779
v -0.140724 -0.557161 0.090491
v -0.150627 -0.537753 0.085327
v -0.149535 -0.550011 0.084324
v -0.182012 -0.439389 0.069165
v -0.186719 -0.431186 0.061103
v -0.188987 -0.421779 0.057377
v -0.182909 -0.449585 0.068533
v -0.189760 -0.410774 0.053203
v -0.189940 -0.401964 0.048320
v -0.187251 -0.393054 0.051507
v -0.185274 -0.381173 0.051358
v -0.179858 -0.377084 0.059412
v -0.179463 -0.366960 0.057786
v -0.179060 -0.356154 0.055673
v -0.184245 -0.460552 0.067073
v -0.166952 -0.523068 0.071541
v -0.170992 -0.511890 0.069344
v -0.176182 -0.501171 0.066912
v -0.159964 -0.540365 0.075043
v -0.169200 -0.533997 0.067059
v -0.180951 -0.489118 0.068383
v -0.182243 -0.477604 0.069449
v -0.186267 -0.470054 0.063205
v 0.041277 -0.345418 0.140120
v 0.022240 -0.351301 0.141966
v -0.158284 -0.303689 0.075328
v -0.151485 -0.294737 0.077135
v -0.151715 -0.284167 0.073344
v -0.143452 -0.279294 0.079091
v -0.137332 -0.269588 0.079578
v -0.128063 -0.260290 0.083275
v -0.120192 -0.245932 0.086036
v -0.181063 -0.337496 0.047675
v -0.182335 -0.346550 0.037535
v -0.178061 -0.325264 0.051429
v -0.173312 -0.313350 0.055265
v -0.169730 -0.300607 0.059239
v -0.100886 -0.226371 -0.088449
v -0.095975 -0.271657 -0.098512
v -0.103527 -0.262002 -0.091657
v -0.103594 -0.242318 -0.081028
v -0.108099 -0.251943 -0.082897
v -0.086178 -0.292269 -0.115857
v -0.099000 -0.283002 -0.107842
v -0.045687 -0.386773 -0.148353
v -0.049263 -0.402996 -0.148988
v -0.035954 -0.408797 -0.149379
v 0.010748 -0.436064 -0.141693
v -0.034107 -0.423374 -0.146958
v -0.022810 -0.428009 -0.145354
v -0.010464 -0.432997 -0.143936
v 0.000868 -0.437784 -0.140289
v 0.018637 -0.455491 -0.129814
v 0.006189 -0.449167 -0.132440
v -0.083503 -0.329207 -0.128393
v -0.075141 -0.341533 -0.133979
v -0.064033 -0.353160 -0.142689
v -0.073367 -0.351948 -0.140679
v -0.056377 -0.364373 -0.142227
v -0.057426 -0.377232 -0.146705
v -0.089806 -0.305137 -0.116717
v -0.091417 -0.317328 -0.122154
v 0.133102 -0.545637 -0.093921
v 0.118488 -0.534769 -0.094549
v 0.123172 -0.545051 -0.097929
v 0.107659 -0.532850 -0.092366
v 0.093842 -0.528985 -0.105566
v 0.093599 -0.534871 -0.095555
v 0.052722 -0.487667 -0.116722
v 0.039421 -0.482676 -0.121018
v 0.028349 -0.475388 -0.122814
v 0.017618 -0.467421 -0.122550
v 0.082897 -0.526777 -0.108701
v 0.052557 -0.497847 -0.108052
v 0.061054 -0.508795 -0.108536
v 0.070744 -0.511203 -0.098766
v 0.075173 -0.523011 -0.101308
v 0.151106 -0.582617 -0.078027
v 0.151885 -0.595226 -0.076886
v 0.139970 -0.578507 -0.078424
v 0.125303 -0.565524 -0.086475
v 0.126828 -0.576756 -0.081757
v 0.124578 -0.555774 -0.094384
v 0.150097 -0.607794 -0.073512
v 0.154358 -0.612200 -0.061491
v 0.160610 -0.620209 -0.049728
v 0.178725 -0.626016 -0.039046
v 0.167869 -0.629314 -0.045023
v 0.185567 -0.631894 -0.033802
v 0.189270 -0.631983 -0.022017
v 0.188646 -0.638841 -0.013495
v 0.186441 -0.645707 -0.003826
v 0.182269 -0.652113 0.008799
v 0.178669 -0.658808 0.018848
v 0.174485 -0.665727 0.028371
v 0.169969 -0.673775 0.037329
v 0.164123 -0.682074 0.047477
v 0.138310 -0.685036 0.069417
v 0.148588 -0.688862 0.063563
v 0.157805 -0.688665 0.055431
v 0.114005 -0.681848 0.076445
v 0.125318 -0.690212 0.073560
v 0.101997 -0.686063 0.076351
v 0.076440 -0.673711 0.076962
v 0.087965 -0.692010 0.075326
v 0.076794 -0.685251 0.074537
v 0.063350 -0.677304 0.072652
v 0.053784 -0.682532 0.066627
v 0.046772 -0.673372 0.062453
v 0.035732 -0.673535 0.053449
v 0.027018 -0.666516 0.042318
v 0.019423 -0.663663 0.029370
v 0.015365 -0.661923 0.017870
v 0.010547 -0.648885 -0.002806
v 0.009177 -0.640647 -0.014385
v 0.012322 -0.660863 0.003011
v 0.014940 -0.608001 -0.050384
v 0.019607 -0.572180 -0.064825
v 0.021025 -0.558273 -0.063809
v 0.016936 -0.583965 -0.065563
v 0.020778 -0.543882 -0.063716
v 0.016456 -0.532996 -0.069540
v 0.017938 -0.601698 -0.062058
v 0.025556 -0.594222 -0.065006
v 0.022366 -0.519351 -0.071474
v 0.007370 -0.498880 -0.066447
v 0.016902 -0.504701 -0.072348
v 0.000690 -0.496595 -0.058742
v 0.028994 -0.512122 -0.077116
v 0.023036 -0.505825 -0.082484
v 0.010188 -0.626646 -0.036429
v 0.011912 -0.639904 -0.029328
v 0.017461 -0.622275 -0.048721
v -0.005065 -0.611915 -0.002614
v -0.005609 -0.605973 -0.016023
v -0.007063 -0.616072 0.012784
v -0.013380 -0.611921 0.039447
v -0.011664 -0.620507 0.028032
v -0.020210 -0.612333 0.051499
v -0.029723 -0.614934 0.062690
v -0.036034 -0.608363 0.071149
v -0.019167 -0.540740 -0.061345
v -0.014999 -0.552971 -0.056999
v -0.011167 -0.566785 -0.053395
v -0.006328 -0.575148 -0.040906
v -0.007651 -0.587615 -0.035985
v -0.008252 -0.600587 -0.032660
v -0.021519 -0.531049 -0.063735
v -0.010581 -0.501638 -0.073724
v -0.003422 -0.495897 -0.073392
v -0.015432 -0.513266 -0.078005
v -0.021431 -0.520627 -0.076151
v -0.057984 -0.608708 0.086214
v -0.049642 -0.614786 0.078408
v -0.086116 -0.601453 0.094945
v -0.068149 -0.615971 0.089239
v -0.079908 -0.612666 0.091510
v -0.098231 -0.597718 0.097585
v -0.109978 -0.593227 0.096436
v -0.127797 -0.575016 0.093498
v -0.122788 -0.587942 0.092731
v -0.139285 -0.570834 0.089574
v -0.148684 -0.563893 0.082455
v -0.158385 -0.553835 0.073543
v -0.189165 -0.440856 0.057746
v -0.192637 -0.432000 0.051321
v -0.194011 -0.420628 0.047060
v -0.190262 -0.451775 0.056995
v -0.193841 -0.409740 0.042915
v -0.193593 -0.395648 0.041179
v -0.196828 -0.404824 0.032252
v -0.189637 -0.386185 0.044276
v -0.190244 -0.375137 0.038166
v -0.185247 -0.370955 0.049267
v -0.186160 -0.356034 0.037727
v -0.191829 -0.462871 0.054337
v -0.174641 -0.523083 0.061639
v -0.178468 -0.512013 0.058776
v -0.183844 -0.501498 0.053428
v -0.187221 -0.490587 0.055408
v -0.166014 -0.545420 0.067676
v -0.176999 -0.532379 0.054304
v -0.172906 -0.543026 0.058140
v -0.188667 -0.479597 0.058335
v -0.193463 -0.473525 0.051078
v 0.040176 -0.358566 0.136676
v 0.021907 -0.364865 0.137513
v 0.013675 -0.359409 0.140167
v -0.160447 -0.290482 0.057677
v -0.155775 -0.278582 0.058352
v -0.147872 -0.271023 0.070977
v -0.140423 -0.259127 0.073485
v -0.131705 -0.244253 0.073951
v -0.111106 -0.226291 -0.081564
v -0.108768 -0.272326 -0.099256
v -0.118536 -0.262922 -0.087980
v -0.115153 -0.241529 -0.075276
v -0.120060 -0.252316 -0.079959
v -0.100739 -0.295434 -0.110472
v -0.110097 -0.285887 -0.103991
v -0.057991 -0.391576 -0.147753
v -0.062983 -0.404053 -0.148866
v -0.058904 -0.415399 -0.147692
v -0.045672 -0.418595 -0.147838
v -0.043153 -0.434026 -0.144224
v -0.031568 -0.438310 -0.141971
v -0.020135 -0.442455 -0.138278
v -0.006550 -0.445428 -0.135854
v 0.006506 -0.459565 -0.123518
v -0.003908 -0.456113 -0.125882
v -0.096565 -0.329892 -0.125028
v -0.089752 -0.340465 -0.131478
v -0.085351 -0.351249 -0.137595
v -0.068247 -0.367322 -0.142625
v -0.081797 -0.363417 -0.140081
v -0.069068 -0.381335 -0.146203
v -0.103461 -0.309492 -0.114168
v -0.106626 -0.321963 -0.117966
v 0.111112 -0.544047 -0.095540
v 0.114294 -0.555186 -0.099102
v 0.097079 -0.544198 -0.092422
v 0.083044 -0.536995 -0.102561
v 0.085002 -0.544229 -0.092329
v 0.041280 -0.491243 -0.108953
v 0.027918 -0.486536 -0.112546
v 0.017879 -0.477896 -0.114001
v 0.007307 -0.471364 -0.113487
v 0.072371 -0.535113 -0.104899
v 0.042568 -0.500266 -0.096864
v 0.050473 -0.509025 -0.103946
v 0.055176 -0.517082 -0.095934
v 0.064913 -0.521808 -0.092601
v 0.064611 -0.531471 -0.097913
v 0.143214 -0.590981 -0.081643
v 0.143398 -0.603777 -0.082150
v 0.129910 -0.588131 -0.082441
v 0.115264 -0.565277 -0.094669
v 0.116003 -0.575503 -0.087094
v 0.118628 -0.586520 -0.083885
v 0.141295 -0.615817 -0.081363
v 0.147388 -0.618764 -0.070277
v 0.151373 -0.625284 -0.060101
v 0.157746 -0.634227 -0.051835
v 0.178153 -0.637442 -0.041991
v 0.166796 -0.641994 -0.047534
v 0.184264 -0.644604 -0.036507
v 0.187887 -0.645027 -0.025038
v 0.186825 -0.652860 -0.015743
v 0.184297 -0.658680 -0.004701
v 0.181662 -0.664183 0.005578
v 0.178080 -0.671314 0.016392
v 0.174485 -0.679190 0.025288
v 0.169978 -0.687353 0.034683
v 0.163720 -0.696141 0.046262
v 0.136689 -0.697166 0.069074
v 0.145880 -0.701257 0.064269
v 0.155445 -0.699396 0.056856
v 0.112514 -0.695444 0.074335
v 0.124157 -0.704359 0.071954
v 0.100213 -0.699849 0.073716
v 0.086964 -0.704854 0.071683
v 0.075973 -0.697072 0.070670
v 0.063582 -0.690668 0.069589
v 0.052712 -0.694589 0.061633
v 0.044454 -0.685268 0.057504
v 0.034803 -0.687787 0.046994
v 0.029765 -0.678023 0.043811
v 0.022036 -0.677034 0.031218
v 0.017006 -0.675058 0.019715
v 0.013590 -0.673372 0.004367
v 0.011916 -0.659402 -0.008783
v 0.011766 -0.650437 -0.020653
v 0.012578 -0.671676 -0.008625
v 0.022991 -0.614099 -0.060496
v 0.024172 -0.577264 -0.074250
v 0.026387 -0.565192 -0.073024
v 0.029324 -0.551612 -0.070244
v 0.032408 -0.587546 -0.070055
v 0.030439 -0.536875 -0.071615
v 0.025792 -0.526342 -0.080486
v 0.026075 -0.607439 -0.070696
v 0.034223 -0.600015 -0.074971
v 0.004501 -0.492730 -0.077228
v 0.011925 -0.497571 -0.080912
v 0.037865 -0.507559 -0.086323
v 0.032201 -0.520290 -0.087961
v 0.029183 -0.502376 -0.092658
v 0.018254 -0.496560 -0.091694
v 0.014092 -0.634155 -0.043797
v 0.015017 -0.653908 -0.032152
v 0.018620 -0.644662 -0.043881
v 0.019300 -0.635982 -0.054341
v 0.026678 -0.626561 -0.061971
v -0.006784 -0.624649 0.001941
v -0.005033 -0.618792 -0.014292
v -0.006295 -0.614008 -0.027329
v -0.009816 -0.629736 0.014559
v -0.017309 -0.622622 0.041435
v -0.015398 -0.631903 0.033459
v -0.025639 -0.623692 0.053170
v -0.032055 -0.628156 0.061371
v -0.038978 -0.622118 0.070580
v -0.032331 -0.538668 -0.073414
v -0.025011 -0.549402 -0.066798
v -0.019308 -0.562596 -0.063855
v -0.016985 -0.574151 -0.062884
v -0.012495 -0.581145 -0.048964
v -0.011286 -0.595061 -0.045950
v -0.008100 -0.609007 -0.043438
v -0.032345 -0.527089 -0.073123
v -0.018685 -0.502474 -0.084948
v -0.010060 -0.493679 -0.084979
v -0.002877 -0.488742 -0.084136
v -0.023463 -0.516034 -0.088519
v -0.034610 -0.518661 -0.080786
v -0.059539 -0.622617 0.084825
v -0.051369 -0.628714 0.077332
v -0.093015 -0.610974 0.095350
v -0.073318 -0.627784 0.088402
v -0.087439 -0.622860 0.091792
v -0.106649 -0.606956 0.094484
v -0.119178 -0.602252 0.090925
v -0.135703 -0.585371 0.088574
v -0.130154 -0.596857 0.089343
v -0.144708 -0.579140 0.081532
v -0.155325 -0.571635 0.072312
v -0.161837 -0.563839 0.068053
v -0.168333 -0.555407 0.062595
v -0.194851 -0.441751 0.048857
v -0.197073 -0.430520 0.040338
v -0.197897 -0.418433 0.036199
v -0.195719 -0.453767 0.047077
v -0.200205 -0.391660 0.023465
v -0.194855 -0.383885 0.026258
v -0.200086 -0.412987 0.025827
v -0.201459 -0.402155 0.017052
v -0.185393 -0.366694 0.034202
v -0.187008 -0.374296 0.030741
v -0.196818 -0.465525 0.044549
v -0.182380 -0.519987 0.046419
v -0.186117 -0.508662 0.043630
v -0.189958 -0.496555 0.044350
v -0.194272 -0.483918 0.047675
v -0.179740 -0.541059 0.043388
v -0.184693 -0.529470 0.039137
v -0.174688 -0.553920 0.051327
v -0.199086 -0.476668 0.040389
v 0.039788 -0.370677 0.133248
v 0.018799 -0.375952 0.133681
v -0.153636 -0.267701 0.056560
v -0.161572 -0.276298 0.049517
v -0.159760 -0.285306 0.052956
v -0.146801 -0.275883 0.069290
v -0.145776 -0.285235 0.067710
v -0.155082 -0.292409 0.059044
v -0.147526 -0.257537 0.065935
v -0.142687 -0.241248 0.070832
v -0.123844 -0.227726 -0.075816
v -0.121215 -0.276049 -0.093665
v -0.127787 -0.271156 -0.081617
v -0.130160 -0.260836 -0.074165
v -0.125791 -0.240163 -0.068113
v -0.131083 -0.249494 -0.071044
v -0.111131 -0.300166 -0.106596
v -0.122173 -0.289749 -0.097282
v -0.069989 -0.394520 -0.146604
v -0.080768 -0.402922 -0.145409
v -0.072131 -0.413402 -0.146772
v -0.067913 -0.425297 -0.146298
v -0.056171 -0.429257 -0.146210
v -0.053535 -0.443594 -0.141641
v -0.040216 -0.448093 -0.139768
v -0.028012 -0.452298 -0.135652
v -0.016376 -0.454108 -0.129424
v -0.002435 -0.467056 -0.114908
v -0.013678 -0.465880 -0.120237
v -0.100942 -0.342109 -0.126664
v -0.111772 -0.335182 -0.120563
v -0.095194 -0.350868 -0.134066
v -0.093663 -0.361546 -0.136418
v -0.081523 -0.376000 -0.142749
v -0.092913 -0.372928 -0.138768
v -0.082296 -0.389263 -0.144551
v -0.115455 -0.312997 -0.110964
v -0.118949 -0.326217 -0.113757
v 0.100584 -0.554897 -0.096662
v 0.104877 -0.564988 -0.098773
v 0.089186 -0.553891 -0.091311
v 0.074140 -0.545654 -0.098364
v 0.077099 -0.553163 -0.089048
v 0.029058 -0.495520 -0.103358
v 0.017377 -0.488449 -0.102987
v 0.008114 -0.481760 -0.102784
v -0.000997 -0.476349 -0.103329
v 0.063137 -0.543538 -0.100699
v 0.042059 -0.515301 -0.096026
v 0.044975 -0.523154 -0.086580
v 0.054663 -0.528102 -0.087289
v 0.053428 -0.539724 -0.092592
v 0.131486 -0.599928 -0.087139
v 0.131695 -0.613069 -0.088761
v 0.118610 -0.597807 -0.086260
v 0.105928 -0.575476 -0.093879
v 0.108246 -0.585387 -0.086954
v 0.105270 -0.597227 -0.085914
v 0.130280 -0.624840 -0.088296
v 0.138995 -0.627715 -0.078184
v 0.144464 -0.630980 -0.068396
v 0.148224 -0.640489 -0.061986
v 0.155783 -0.647203 -0.052794
v 0.177360 -0.649151 -0.045030
v 0.167182 -0.653678 -0.050105
v 0.182956 -0.654906 -0.038334
v 0.185259 -0.658480 -0.026458
v 0.184195 -0.666379 -0.015278
v 0.182413 -0.673631 -0.002937
v 0.178802 -0.682132 0.010122
v 0.175080 -0.690853 0.020570
v 0.171134 -0.698189 0.030975
v 0.166584 -0.706110 0.039471
v 0.159549 -0.709320 0.050919
v 0.137992 -0.711954 0.067341
v 0.150697 -0.711963 0.060042
v 0.111455 -0.708946 0.072564
v 0.122926 -0.717440 0.070602
v 0.098748 -0.713570 0.071088
v 0.084858 -0.718380 0.068598
v 0.074732 -0.709787 0.067454
v 0.062400 -0.702206 0.065141
v 0.051227 -0.708426 0.057010
v 0.043873 -0.697503 0.052346
v 0.027494 -0.688096 0.036032
v 0.032532 -0.699749 0.040916
v 0.019969 -0.686984 0.022413
v 0.015840 -0.685074 0.009496
v 0.013583 -0.682754 -0.006759
v 0.013553 -0.664677 -0.023090
v 0.012845 -0.678535 -0.020821
v 0.033744 -0.618885 -0.068442
v 0.038795 -0.579070 -0.075224
v 0.033402 -0.568830 -0.084287
v 0.036265 -0.556127 -0.082257
v 0.039392 -0.542770 -0.077553
v 0.045060 -0.590299 -0.078333
v 0.038512 -0.530251 -0.078760
v 0.038672 -0.611025 -0.076680
v 0.044936 -0.601831 -0.086426
v 0.001062 -0.483701 -0.093901
v 0.008628 -0.490466 -0.091418
v 0.014842 -0.667898 -0.034418
v 0.019355 -0.657529 -0.046367
v 0.023984 -0.647849 -0.055473
v 0.027431 -0.639435 -0.067119
v 0.033143 -0.631347 -0.074340
v -0.009184 -0.638322 0.003138
v -0.009166 -0.632118 -0.012188
v -0.010043 -0.626754 -0.024384
v -0.013635 -0.620108 -0.039242
v -0.013739 -0.639719 0.024593
v -0.011810 -0.645392 0.011720
v -0.024242 -0.635098 0.047235
v -0.019072 -0.644687 0.036205
v -0.031759 -0.640702 0.058097
v -0.040660 -0.635186 0.067948
v -0.034200 -0.548470 -0.081876
v -0.040706 -0.529397 -0.081164
v -0.040543 -0.539365 -0.086838
v -0.025398 -0.558653 -0.074383
v -0.021665 -0.570428 -0.075322
v -0.021911 -0.582675 -0.071946
v -0.016719 -0.587978 -0.060387
v -0.013835 -0.602511 -0.057864
v -0.018548 -0.613672 -0.049993
v -0.019613 -0.493466 -0.096455
v -0.027801 -0.504738 -0.096652
v -0.009103 -0.486284 -0.097987
v -0.037469 -0.511915 -0.092091
v -0.045521 -0.517770 -0.086238
v -0.061544 -0.633804 0.082873
v -0.052329 -0.640652 0.075645
v -0.101685 -0.619776 0.092662
v -0.074556 -0.640132 0.084099
v -0.084917 -0.635294 0.088799
v -0.097839 -0.631368 0.090335
v -0.116548 -0.615397 0.088852
v -0.127950 -0.610147 0.086859
v -0.143769 -0.592317 0.079120
v -0.137485 -0.601644 0.083090
v -0.154550 -0.583474 0.070325
v -0.163952 -0.575402 0.062599
v -0.169977 -0.565888 0.056397
v -0.198833 -0.443830 0.038539
v -0.201400 -0.434537 0.026294
v -0.200932 -0.423785 0.025328
v -0.199756 -0.456958 0.035907
v -0.202357 -0.412362 0.011298
v -0.200764 -0.468468 0.033568
v -0.189470 -0.516475 0.033518
v -0.191470 -0.502470 0.033871
v -0.195752 -0.489677 0.036652
v -0.181377 -0.552189 0.036531
v -0.185652 -0.540236 0.031848
v -0.189727 -0.528657 0.027742
v -0.176756 -0.564311 0.041654
v -0.201155 -0.481468 0.029842
v 0.038522 -0.381902 0.128629
v 0.018745 -0.387441 0.128830
v 0.006476 -0.377664 0.140193
v -0.155864 -0.265064 0.043912
v -0.150351 -0.255455 0.051721
v -0.166861 -0.287184 0.043665
v -0.164162 -0.274529 0.032925
v -0.167716 -0.294039 0.053017
v -0.140156 -0.276273 0.078657
v -0.137734 -0.290536 0.078512
v -0.146641 -0.296630 0.072532
v -0.160655 -0.304108 0.058139
v -0.152167 -0.304611 0.069358
v -0.147133 -0.239701 0.059573
v -0.130833 -0.225421 -0.065675
v -0.130659 -0.282773 -0.088259
v -0.141742 -0.277249 -0.076342
v -0.139475 -0.267037 -0.068300
v -0.135833 -0.256554 -0.061425
v -0.136789 -0.241222 -0.062833
v -0.124630 -0.304719 -0.101848
v -0.131653 -0.296880 -0.093286
v -0.092582 -0.398235 -0.142028
v -0.090751 -0.411618 -0.143336
v -0.082367 -0.422415 -0.143418
v -0.065409 -0.439950 -0.142955
v -0.076362 -0.434366 -0.143345
v -0.051504 -0.456636 -0.136622
v -0.064093 -0.453036 -0.139865
v -0.037476 -0.461457 -0.133626
v -0.025374 -0.463898 -0.128836
v -0.010397 -0.476940 -0.110844
v -0.022148 -0.475634 -0.119145
v -0.104187 -0.353528 -0.130369
v -0.122925 -0.339996 -0.115455
v -0.103178 -0.366752 -0.131628
v -0.093167 -0.385241 -0.140783
v -0.103683 -0.379514 -0.134800
v -0.128410 -0.317415 -0.104625
v -0.132413 -0.329593 -0.106271
v 0.092028 -0.565099 -0.097664
v 0.093678 -0.576565 -0.099388
v 0.081335 -0.563871 -0.090715
v 0.062602 -0.554831 -0.094024
v 0.069829 -0.562973 -0.085913
v 0.051433 -0.552260 -0.095735
v 0.047308 -0.536460 -0.082864
v 0.044562 -0.548173 -0.088250
v 0.122875 -0.609127 -0.090854
v 0.119695 -0.620668 -0.092160
v 0.111151 -0.608917 -0.092071
v 0.095731 -0.587101 -0.091805
v 0.089997 -0.598159 -0.089319
v 0.096424 -0.609039 -0.092330
v 0.122296 -0.634288 -0.091865
v 0.130656 -0.638039 -0.084001
v 0.139971 -0.641875 -0.071990
v 0.144983 -0.652712 -0.064346
v 0.155298 -0.659574 -0.054664
v 0.177130 -0.660478 -0.047486
v 0.167734 -0.665767 -0.053723
v 0.181819 -0.666681 -0.040046
v 0.182905 -0.672329 -0.027158
v 0.182477 -0.679841 -0.015275
v 0.181316 -0.686793 -0.003687
v 0.178744 -0.694825 0.006811
v 0.174910 -0.703436 0.019090
v 0.170576 -0.711802 0.029319
v 0.163690 -0.719329 0.042597
v 0.156663 -0.722070 0.053207
v 0.146123 -0.723169 0.062583
v 0.134715 -0.725319 0.067762
v 0.109581 -0.722281 0.070332
v 0.120768 -0.729188 0.068422
v 0.096911 -0.725442 0.067865
v 0.081897 -0.730727 0.064857
v 0.072192 -0.721711 0.063783
v 0.061608 -0.714050 0.061928
v 0.046663 -0.718540 0.049495
v 0.041300 -0.708818 0.045983
v 0.057341 -0.723982 0.057231
v 0.025479 -0.698418 0.028398
v 0.029881 -0.709915 0.033075
v 0.018456 -0.697574 0.014225
v 0.015484 -0.695693 0.000786
v 0.013672 -0.693156 -0.014669
v 0.013967 -0.691020 -0.028916
v 0.014099 -0.679665 -0.036879
v 0.041295 -0.623633 -0.079625
v 0.052058 -0.581211 -0.081742
v 0.046909 -0.570088 -0.082265
v 0.042465 -0.560741 -0.090977
v 0.053861 -0.592882 -0.088725
v 0.050568 -0.613678 -0.085759
v 0.055974 -0.605134 -0.092658
v 0.016794 -0.670009 -0.046890
v 0.021995 -0.660747 -0.058415
v 0.029016 -0.651419 -0.069083
v 0.036073 -0.643362 -0.076361
v 0.043982 -0.635087 -0.080506
v -0.010324 -0.645429 -0.008692
v -0.011296 -0.652721 0.001791
v -0.011386 -0.640594 -0.023078
v -0.014239 -0.633938 -0.037663
v -0.018596 -0.628190 -0.048493
v -0.016118 -0.651950 0.025464
v -0.014737 -0.660358 0.014829
v -0.027325 -0.648777 0.048520
v -0.021866 -0.656706 0.036480
v -0.034791 -0.654848 0.057901
v -0.041790 -0.648123 0.066450
v -0.039400 -0.552075 -0.092643
v -0.032053 -0.560739 -0.086270
v -0.048137 -0.528760 -0.091821
v -0.046855 -0.539252 -0.096966
v -0.031817 -0.573765 -0.084064
v -0.033320 -0.584282 -0.074334
v -0.028246 -0.595516 -0.073374
v -0.018899 -0.595771 -0.067593
v -0.025903 -0.606570 -0.063203
v -0.026258 -0.620833 -0.059579
v -0.019282 -0.485863 -0.107547
v -0.030094 -0.494709 -0.104821
v -0.039862 -0.503706 -0.103544
v -0.050315 -0.508990 -0.094764
v -0.057444 -0.517923 -0.095639
v -0.062979 -0.647677 0.080386
v -0.053733 -0.654253 0.074154
v -0.113441 -0.627989 0.086988
v -0.076038 -0.654055 0.082074
v -0.085811 -0.647826 0.086386
v -0.095323 -0.642616 0.087732
v -0.108496 -0.639689 0.085212
v -0.126744 -0.623974 0.084590
v -0.137026 -0.614402 0.080076
v -0.147631 -0.603769 0.072262
v -0.155406 -0.595366 0.066588
v -0.163467 -0.586671 0.060070
v -0.170821 -0.577174 0.051269
v -0.202884 -0.447095 0.024979
v -0.204085 -0.439646 0.015767
v -0.202574 -0.428212 0.015912
v -0.203423 -0.461513 0.022742
v -0.202780 -0.421444 0.004077
v -0.203891 -0.473178 0.022366
v -0.194050 -0.506522 0.022672
v -0.192950 -0.518249 0.020121
v -0.196802 -0.494347 0.025160
v -0.183257 -0.562502 0.029306
v -0.186909 -0.550974 0.024191
v -0.189933 -0.539656 0.019386
v -0.192594 -0.529485 0.015241
v -0.179183 -0.573707 0.035105
v -0.201476 -0.485418 0.014154
v 0.038778 -0.393072 0.125726
v 0.019174 -0.398258 0.125742
v -0.159260 -0.262455 0.027484
v -0.152380 -0.253294 0.039650
v -0.152792 -0.238220 0.049630
v -0.175735 -0.296548 0.041830
v -0.178965 -0.293268 0.031412
v -0.168851 -0.285213 0.027045
v -0.165911 -0.272556 0.019247
v -0.169120 -0.307036 0.047773
v -0.128866 -0.279815 0.089783
v -0.126195 -0.294646 0.092009
v -0.135019 -0.301417 0.086533
v -0.144788 -0.309620 0.077460
v -0.153763 -0.314216 0.069619
v -0.163703 -0.317318 0.053371
v -0.138583 -0.226928 -0.055472
v -0.143331 -0.288674 -0.081868
v -0.152008 -0.275440 -0.063042
v -0.151224 -0.286264 -0.071206
v -0.148602 -0.264394 -0.055152
v -0.140430 -0.250188 -0.051092
v -0.141044 -0.239787 -0.048551
v -0.135591 -0.309631 -0.096614
v -0.144521 -0.301445 -0.086598
v -0.103433 -0.392606 -0.135721
v -0.102753 -0.405712 -0.137889
v -0.102621 -0.418835 -0.136959
v -0.093856 -0.425374 -0.141018
v -0.088972 -0.436652 -0.140678
v -0.077242 -0.447951 -0.139639
v -0.060516 -0.466497 -0.133404
v -0.048078 -0.469210 -0.128793
v -0.072931 -0.462220 -0.134689
v -0.034043 -0.474033 -0.125102
v -0.031619 -0.484554 -0.115788
v -0.122522 -0.352579 -0.119900
v -0.115301 -0.361188 -0.126124
v -0.135556 -0.341279 -0.106194
v -0.132887 -0.351386 -0.113074
v -0.115747 -0.373468 -0.127818
v -0.115745 -0.386542 -0.130603
v -0.139686 -0.320841 -0.096830
v -0.142848 -0.332458 -0.097739
v 0.082801 -0.574964 -0.098103
v 0.085441 -0.586264 -0.096536
v 0.072035 -0.573457 -0.092678
v 0.054524 -0.562281 -0.087883
v 0.058398 -0.572443 -0.086096
v 0.111484 -0.631541 -0.092929
v 0.104041 -0.620278 -0.092081
v 0.077947 -0.596661 -0.094074
v 0.082758 -0.608580 -0.091799
v 0.089940 -0.618914 -0.092393
v 0.114041 -0.643294 -0.093421
v 0.124110 -0.646736 -0.087029
v 0.134906 -0.650154 -0.076386
v 0.136846 -0.661301 -0.071100
v 0.144775 -0.666597 -0.062875
v 0.157077 -0.672345 -0.058169
v 0.176985 -0.672615 -0.049875
v 0.169062 -0.677108 -0.057039
v 0.180371 -0.678252 -0.039955
v 0.180793 -0.685222 -0.026809
v 0.181019 -0.692912 -0.015872
v 0.180326 -0.700849 -0.005268
v 0.177754 -0.708820 0.007028
v 0.174144 -0.716815 0.018063
v 0.170021 -0.723446 0.030852
v 0.163646 -0.730727 0.042856
v 0.152838 -0.733106 0.055966
v 0.142954 -0.735680 0.064226
v 0.131340 -0.738366 0.065056
v 0.107434 -0.733630 0.065698
v 0.117796 -0.741695 0.063350
v 0.094106 -0.738532 0.063343
v 0.078315 -0.743309 0.061055
v 0.068887 -0.733755 0.060411
v 0.049894 -0.730206 0.049854
v 0.042019 -0.730067 0.040728
v 0.035403 -0.719474 0.037240
v 0.057076 -0.738778 0.054029
v 0.023526 -0.708082 0.019671
v 0.027908 -0.719736 0.024614
v 0.017496 -0.706715 0.005206
v 0.014715 -0.704970 -0.010860
v 0.015673 -0.703669 -0.024657
v 0.019032 -0.692692 -0.038927
v 0.021721 -0.682059 -0.049607
v 0.053142 -0.626692 -0.087688
v 0.061822 -0.583093 -0.089949
v 0.064079 -0.595280 -0.095433
v 0.061032 -0.617001 -0.091873
v 0.068213 -0.606614 -0.092285
v 0.023673 -0.672741 -0.059485
v 0.033382 -0.663781 -0.067040
v 0.039944 -0.655692 -0.075263
v 0.048459 -0.648139 -0.081495
v 0.059210 -0.638116 -0.082635
v -0.009946 -0.653662 -0.022415
v -0.010955 -0.660661 -0.008227
v -0.013084 -0.668420 0.001770
v -0.014136 -0.647242 -0.034145
v -0.019659 -0.640654 -0.047784
v -0.026741 -0.634926 -0.060391
v -0.018162 -0.665007 0.026066
v -0.016113 -0.674707 0.015772
v -0.029970 -0.661437 0.047867
v -0.025708 -0.669275 0.037747
v -0.037417 -0.667777 0.056151
v -0.046304 -0.659589 0.064871
v -0.048649 -0.548806 -0.097676
v -0.040809 -0.566190 -0.087876
v -0.049312 -0.559187 -0.091497
v -0.057083 -0.529189 -0.102525
v -0.058017 -0.538738 -0.103272
v -0.046193 -0.577817 -0.078201
v -0.040212 -0.592457 -0.082285
v -0.037447 -0.603754 -0.072480
v -0.032933 -0.614530 -0.067968
v -0.033091 -0.627495 -0.069878
v -0.042126 -0.492917 -0.111587
v -0.052595 -0.500970 -0.106367
v -0.063741 -0.507006 -0.101848
v -0.065898 -0.518368 -0.108184
v -0.064789 -0.661680 0.078123
v -0.056155 -0.667215 0.071814
v -0.120911 -0.638409 0.082947
v -0.078308 -0.665878 0.079547
v -0.088712 -0.659737 0.084128
v -0.100842 -0.654126 0.084519
v -0.115689 -0.649916 0.081489
v -0.131151 -0.635613 0.079768
v -0.138255 -0.626734 0.076813
v -0.148609 -0.616217 0.069797
v -0.156217 -0.607823 0.063647
v -0.163292 -0.599800 0.056742
v -0.169521 -0.591194 0.049895
v -0.175820 -0.584873 0.038632
v -0.204983 -0.453008 0.015557
v -0.206380 -0.445513 0.005810
v -0.204809 -0.434350 0.005184
v -0.205747 -0.464237 0.010499
v -0.206526 -0.476448 0.007303
v -0.195930 -0.509724 0.006795
v -0.198181 -0.497662 0.009576
v -0.195443 -0.521876 0.003229
v -0.185064 -0.572854 0.022664
v -0.188516 -0.561099 0.016561
v -0.191575 -0.549143 0.010886
v -0.193858 -0.536296 0.003102
v -0.181415 -0.584528 0.027754
v -0.200994 -0.487884 0.000677
v 0.040293 -0.405342 0.119648
v 0.017719 -0.408542 0.120836
v -0.159914 -0.258795 0.014967
v -0.155036 -0.250107 0.023729
v -0.151994 -0.236459 0.036801
v -0.180396 -0.306864 0.036173
v -0.182289 -0.305528 0.024731
v -0.179429 -0.293851 0.019591
v -0.171193 -0.284344 0.011435
v -0.170700 -0.277602 0.000626
v -0.166093 -0.267151 0.003042
v -0.172733 -0.317423 0.037733
v -0.119332 -0.283736 0.099265
v -0.124933 -0.306359 0.094433
v -0.114952 -0.296156 0.098647
v -0.134741 -0.312174 0.089887
v -0.149108 -0.325686 0.076115
v -0.138800 -0.322385 0.087261
v -0.148889 -0.316634 0.075716
v -0.158947 -0.323382 0.062831
v -0.164062 -0.330057 0.059004
v -0.169795 -0.328193 0.049363
v -0.143347 -0.227751 -0.038912
v -0.151595 -0.298365 -0.077518
v -0.158440 -0.275000 -0.051195
v -0.160332 -0.285998 -0.057959
v -0.160914 -0.296981 -0.064115
v -0.148002 -0.255982 -0.044363
v -0.156131 -0.265965 -0.042340
v -0.146348 -0.245307 -0.035096
v -0.150430 -0.312372 -0.085784
v -0.115402 -0.399981 -0.131090
v -0.115505 -0.413114 -0.132304
v -0.113527 -0.425484 -0.131998
v -0.102608 -0.434469 -0.136569
v -0.094254 -0.446603 -0.136490
v -0.086324 -0.457030 -0.135328
v -0.069478 -0.475649 -0.129005
v -0.057191 -0.478551 -0.125090
v -0.043361 -0.483130 -0.121801
v -0.081971 -0.471345 -0.129503
v -0.125407 -0.365871 -0.120379
v -0.145466 -0.343247 -0.097642
v -0.141995 -0.352371 -0.105784
v -0.136533 -0.362459 -0.110882
v -0.124765 -0.379978 -0.122345
v -0.124748 -0.393957 -0.123328
v -0.153085 -0.325737 -0.087156
v -0.156342 -0.339110 -0.087519
v 0.074517 -0.584573 -0.096814
v 0.100762 -0.641097 -0.094341
v 0.096309 -0.630404 -0.089551
v 0.076225 -0.618380 -0.092955
v 0.082394 -0.629359 -0.087514
v 0.102899 -0.653726 -0.095654
v 0.115320 -0.656376 -0.090501
v 0.125132 -0.659418 -0.082303
v 0.126765 -0.669726 -0.076293
v 0.136286 -0.673889 -0.068951
v 0.146283 -0.678828 -0.066080
v 0.158461 -0.683231 -0.066310
v 0.176235 -0.683872 -0.050996
v 0.169363 -0.688767 -0.060877
v 0.177860 -0.690820 -0.041274
v 0.178701 -0.698980 -0.027870
v 0.179735 -0.707046 -0.016899
v 0.179752 -0.714310 -0.005903
v 0.177629 -0.720854 0.004873
v 0.174132 -0.728170 0.018440
v 0.169437 -0.735779 0.029736
v 0.164800 -0.743926 0.038184
v 0.156853 -0.744254 0.049224
v 0.148983 -0.745445 0.058409
v 0.138966 -0.748740 0.064186
v 0.128601 -0.750349 0.064935
v 0.104327 -0.746591 0.061292
v 0.114719 -0.753085 0.062989
v 0.090505 -0.749608 0.058781
v 0.076310 -0.755495 0.055840
v 0.067065 -0.746386 0.055999
v 0.047625 -0.741879 0.044746
v 0.040332 -0.740816 0.033342
v 0.032565 -0.731075 0.029193
v 0.056743 -0.749676 0.048938
v 0.020695 -0.718714 0.010300
v 0.026230 -0.730554 0.016626
v 0.016901 -0.717480 -0.002967
v 0.015006 -0.716358 -0.018345
v 0.016015 -0.716393 -0.031426
v 0.018230 -0.704055 -0.040646
v 0.024078 -0.694599 -0.049839
v 0.029100 -0.685156 -0.059401
v 0.066433 -0.628913 -0.087418
v 0.032080 -0.676392 -0.068069
v 0.044091 -0.666869 -0.072648
v 0.054950 -0.659536 -0.079270
v 0.063727 -0.651273 -0.086395
v 0.072089 -0.639803 -0.085438
v -0.012170 -0.660841 -0.033038
v -0.013050 -0.668489 -0.020652
v -0.013758 -0.676345 -0.008015
v -0.015542 -0.682838 0.006684
v -0.014961 -0.654046 -0.048057
v -0.020352 -0.647595 -0.059030
v -0.029067 -0.640758 -0.071253
v -0.019993 -0.677881 0.026405
v -0.019382 -0.688522 0.020041
v -0.031335 -0.675702 0.046765
v -0.026345 -0.682881 0.035026
v -0.039119 -0.681746 0.054688
v -0.048035 -0.673266 0.063682
v -0.059024 -0.550113 -0.095413
v -0.053684 -0.569187 -0.083234
v -0.062647 -0.558695 -0.087248
v -0.066727 -0.529593 -0.108114
v -0.067287 -0.540233 -0.101573
v -0.057994 -0.579008 -0.085541
v -0.049799 -0.589406 -0.088477
v -0.046822 -0.603351 -0.084394
v -0.039618 -0.617234 -0.078418
v -0.036827 -0.633101 -0.079319
v -0.055033 -0.490465 -0.117571
v -0.063653 -0.497630 -0.110773
v -0.073230 -0.506283 -0.111014
v -0.075357 -0.518251 -0.113277
v -0.070179 -0.674364 0.074917
v -0.057892 -0.680628 0.069930
v -0.130203 -0.647733 0.078079
v -0.088985 -0.671455 0.080552
v -0.082476 -0.681722 0.077358
v -0.099732 -0.667756 0.082388
v -0.113153 -0.663798 0.080638
v -0.124124 -0.658700 0.078749
v -0.140609 -0.640415 0.073723
v -0.150343 -0.629179 0.066972
v -0.157840 -0.620238 0.060412
v -0.164833 -0.611534 0.053106
v -0.170762 -0.603021 0.045652
v -0.177271 -0.596836 0.033331
v -0.207239 -0.456266 0.003725
v -0.201559 -0.442786 -0.006123
v -0.202504 -0.464582 -0.004399
v -0.202334 -0.477222 -0.004757
v -0.197452 -0.513746 -0.006797
v -0.198260 -0.501610 -0.002497
v -0.196567 -0.527392 -0.007802
v -0.190004 -0.571749 0.009182
v -0.186811 -0.583235 0.015493
v -0.192534 -0.559975 0.001141
v -0.194644 -0.548946 -0.004089
v -0.195789 -0.538721 -0.008704
v -0.183181 -0.594799 0.021295
v -0.199197 -0.494362 -0.010462
v -0.200275 -0.481536 -0.012186
v 0.033616 -0.418380 0.119099
v 0.019872 -0.426291 0.119415
v -0.160218 -0.256087 -0.001423
v -0.155675 -0.246356 0.007099
v -0.152611 -0.233639 0.019850
v -0.182934 -0.318324 0.029015
v -0.184367 -0.302525 0.008960
v -0.182217 -0.316786 0.016571
v -0.176123 -0.291315 0.001463
v -0.172747 -0.282203 -0.010122
v -0.165788 -0.267848 -0.009834
v -0.175789 -0.329293 0.033206
v -0.102300 -0.283354 0.113836
v -0.112918 -0.308253 0.105991
v -0.121757 -0.316913 0.098566
v -0.129990 -0.319762 0.093936
v -0.098971 -0.300457 0.113589
v -0.143535 -0.336007 0.081796
v -0.156137 -0.332565 0.072235
v -0.153305 -0.341720 0.074896
v -0.132044 -0.333362 0.092599
v -0.161909 -0.339136 0.068035
v -0.167334 -0.338579 0.056722
v -0.172937 -0.339718 0.045801
v -0.147370 -0.228747 -0.027167
v -0.157620 -0.307547 -0.074578
v -0.166459 -0.276592 -0.035887
v -0.165826 -0.285430 -0.046643
v -0.168440 -0.298681 -0.052679
v -0.166600 -0.308477 -0.062190
v -0.154142 -0.255224 -0.030180
v -0.161882 -0.265197 -0.027222
v -0.151308 -0.244961 -0.022370
v -0.158957 -0.318831 -0.076737
v -0.125054 -0.407888 -0.125616
v -0.124782 -0.422938 -0.125368
v -0.117467 -0.436157 -0.129991
v -0.107438 -0.446510 -0.131964
v -0.099939 -0.457411 -0.132841
v -0.092404 -0.466951 -0.130780
v -0.067281 -0.486832 -0.121347
v -0.080860 -0.484803 -0.123450
v -0.093144 -0.479405 -0.128190
v -0.136072 -0.374112 -0.112817
v -0.151934 -0.353208 -0.095631
v -0.145342 -0.366332 -0.102606
v -0.135853 -0.386936 -0.115631
v -0.135495 -0.400706 -0.116400
v -0.161497 -0.330590 -0.077343
v -0.163595 -0.342775 -0.077109
v -0.159639 -0.352231 -0.087506
v 0.087997 -0.639650 -0.090041
v 0.092070 -0.651014 -0.095380
v 0.094754 -0.664393 -0.096792
v 0.104966 -0.666037 -0.092760
v 0.116606 -0.668414 -0.084016
v 0.121251 -0.680353 -0.078071
v 0.135402 -0.684714 -0.074374
v 0.148699 -0.689204 -0.074889
v 0.159773 -0.694335 -0.071669
v 0.173855 -0.696547 -0.052505
v 0.167924 -0.700659 -0.063413
v 0.175424 -0.704272 -0.041681
v 0.176975 -0.712076 -0.030322
v 0.178917 -0.720348 -0.017520
v 0.178973 -0.728962 -0.007261
v 0.176873 -0.733271 0.004286
v 0.173485 -0.740859 0.017439
v 0.169158 -0.748812 0.027984
v 0.163369 -0.756309 0.039130
v 0.154592 -0.755351 0.051166
v 0.145978 -0.755940 0.059574
v 0.136538 -0.761963 0.063603
v 0.124447 -0.762980 0.064679
v 0.099963 -0.757735 0.059993
v 0.109606 -0.764543 0.063224
v 0.088209 -0.764014 0.057833
v 0.073859 -0.769247 0.054860
v 0.064542 -0.759740 0.052323
v 0.045984 -0.752403 0.038688
v 0.038916 -0.752825 0.026890
v 0.030831 -0.741610 0.021879
v 0.053162 -0.763375 0.043406
v 0.019823 -0.730050 0.003009
v 0.025100 -0.741309 0.009602
v 0.016788 -0.728195 -0.010056
v 0.015687 -0.727288 -0.024954
v 0.020103 -0.715978 -0.045881
v 0.017862 -0.728440 -0.038428
v 0.024948 -0.706537 -0.053070
v 0.033092 -0.696857 -0.061961
v 0.038894 -0.688517 -0.071192
v 0.042303 -0.679382 -0.077695
v 0.051983 -0.673701 -0.080892
v 0.064278 -0.666563 -0.083808
v 0.072816 -0.662434 -0.088108
v 0.076606 -0.650166 -0.091847
v -0.016124 -0.673436 -0.031390
v -0.017325 -0.667283 -0.043100
v -0.014496 -0.683175 -0.019801
v -0.014043 -0.690092 -0.006828
v -0.016779 -0.696328 0.008778
v -0.020005 -0.662340 -0.056337
v -0.026640 -0.656607 -0.063933
v -0.036397 -0.651199 -0.071412
v -0.042668 -0.642733 -0.076295
v -0.021656 -0.702951 0.020276
v -0.026762 -0.695779 0.032351
v -0.032299 -0.689056 0.043879
v -0.042828 -0.693328 0.052276
v -0.049597 -0.686668 0.062473
v -0.074656 -0.546446 -0.091809
v -0.069041 -0.568297 -0.087035
v -0.077998 -0.557241 -0.088311
v -0.079158 -0.526766 -0.108694
v -0.076932 -0.535360 -0.099899
v -0.071141 -0.578563 -0.095080
v -0.060765 -0.589431 -0.094711
v -0.054988 -0.601578 -0.093325
v -0.050083 -0.612906 -0.089604
v -0.046600 -0.624329 -0.086385
v -0.051674 -0.634953 -0.084376
v -0.075538 -0.494436 -0.115805
v -0.082940 -0.509396 -0.118268
v -0.085282 -0.496997 -0.119799
v -0.087632 -0.517147 -0.111604
v -0.071370 -0.687618 0.072218
v -0.060168 -0.693494 0.066378
v -0.134293 -0.662142 0.074756
v -0.142834 -0.651394 0.070212
v -0.097356 -0.680527 0.079678
v -0.082208 -0.695002 0.073542
v -0.093448 -0.692523 0.077508
v -0.112100 -0.675307 0.079187
v -0.125174 -0.670300 0.077120
v -0.151107 -0.642122 0.064238
v -0.159466 -0.632549 0.057296
v -0.166200 -0.623166 0.049630
v -0.173657 -0.613112 0.037919
v -0.179471 -0.606790 0.027614
v -0.202589 -0.467487 -0.013930
v -0.198874 -0.476585 0.007817
v -0.196388 -0.520869 -0.017908
v -0.197049 -0.505491 -0.016661
v -0.195690 -0.534656 -0.019333
v -0.193682 -0.570472 -0.005777
v -0.191162 -0.581813 -0.000034
v -0.188238 -0.593599 0.008573
v -0.195526 -0.558965 -0.012068
v -0.195956 -0.547459 -0.017759
v -0.184647 -0.605016 0.015019
v -0.197240 -0.491145 -0.021490
v -0.197903 -0.477666 -0.023989
v -0.157869 -0.255801 -0.017130
v -0.154809 -0.245843 -0.006523
v -0.152757 -0.231555 0.001914
v -0.184977 -0.330918 0.023101
v -0.183967 -0.313750 -0.000309
v -0.182704 -0.301126 -0.002926
v -0.185109 -0.327442 0.008038
v -0.176446 -0.294354 -0.012650
v -0.172556 -0.286622 -0.027692
v -0.167986 -0.274956 -0.023344
v -0.181098 -0.340566 0.031173
v -0.098512 -0.314167 0.113964
v -0.111774 -0.322357 0.107088
v -0.122453 -0.327234 0.097640
v -0.133981 -0.346316 0.091952
v -0.143522 -0.349992 0.080792
v -0.160146 -0.351251 0.068019
v -0.152719 -0.355674 0.076244
v -0.123449 -0.342340 0.097297
v -0.169661 -0.349406 0.054955
v -0.176170 -0.350142 0.043700
v -0.151022 -0.229994 -0.011024
v -0.172642 -0.294568 -0.037428
v -0.175577 -0.307008 -0.039378
v -0.172071 -0.313865 -0.052564
v -0.168208 -0.321729 -0.064084
v -0.135552 -0.414409 -0.118494
v -0.136739 -0.427301 -0.117258
v -0.128293 -0.437010 -0.123676
v -0.120656 -0.448400 -0.126109
v -0.112712 -0.459228 -0.127702
v -0.103226 -0.470602 -0.127803
v -0.094716 -0.491828 -0.124924
v -0.104416 -0.483338 -0.123637
v -0.144318 -0.379607 -0.105562
v -0.156670 -0.364223 -0.090782
v -0.154570 -0.376211 -0.093819
v -0.144057 -0.392882 -0.109075
v -0.144185 -0.406816 -0.109568
v -0.170662 -0.334676 -0.064444
v -0.173607 -0.347445 -0.065411
v -0.167007 -0.353441 -0.078384
v -0.163990 -0.364185 -0.079749
v 0.084886 -0.661532 -0.094180
v 0.085744 -0.672864 -0.095908
v 0.095658 -0.676925 -0.094584
v 0.105835 -0.677786 -0.086896
v 0.113110 -0.687501 -0.085089
v 0.125443 -0.691738 -0.084216
v 0.138917 -0.696080 -0.080268
v 0.149851 -0.702000 -0.074162
v 0.160266 -0.705604 -0.073116
v 0.171615 -0.708142 -0.053256
v 0.166624 -0.712214 -0.064279
v 0.172671 -0.716771 -0.042721
v 0.175670 -0.725366 -0.029708
v 0.178067 -0.734351 -0.019395
v 0.177593 -0.743282 -0.008485
v 0.175716 -0.744707 0.003976
v 0.173372 -0.752865 0.015291
v 0.168940 -0.761195 0.025764
v 0.164236 -0.769584 0.034840
v 0.156111 -0.767859 0.046961
v 0.148001 -0.767236 0.056217
v 0.140054 -0.775291 0.060529
v 0.129054 -0.774417 0.064026
v 0.114972 -0.773880 0.063248
v 0.098228 -0.771479 0.060412
v 0.085756 -0.776478 0.057115
v 0.062818 -0.771447 0.046587
v 0.072955 -0.780688 0.050310
v 0.045006 -0.764113 0.032654
v 0.037707 -0.763966 0.020010
v 0.029796 -0.753540 0.015096
v 0.051943 -0.775163 0.037392
v 0.019220 -0.740776 -0.004012
v 0.022943 -0.753107 0.001384
v 0.016694 -0.740300 -0.016753
v 0.015800 -0.738928 -0.030716
v 0.022285 -0.725828 -0.052076
v 0.029569 -0.717585 -0.059680
v 0.018496 -0.743022 -0.041083
v 0.023395 -0.737460 -0.053625
v 0.036366 -0.708185 -0.065769
v 0.045835 -0.698250 -0.073668
v 0.049802 -0.688629 -0.082253
v 0.061813 -0.679914 -0.089045
v 0.073012 -0.674944 -0.092588
v -0.015555 -0.680852 -0.040969
v -0.013873 -0.691071 -0.033565
v -0.020249 -0.675047 -0.055335
v -0.012974 -0.697245 -0.017985
v -0.015945 -0.702780 -0.003364
v -0.018923 -0.709208 0.008905
v -0.029413 -0.669950 -0.062228
v -0.039079 -0.664425 -0.070398
v -0.048177 -0.655474 -0.076040
v -0.058135 -0.645110 -0.080710
v -0.025885 -0.715628 0.021323
v -0.029330 -0.709572 0.032614
v -0.034382 -0.702443 0.042609
v -0.045475 -0.706686 0.052295
v -0.051246 -0.697952 0.059905
v -0.087304 -0.536862 -0.093265
v -0.087015 -0.547941 -0.091529
v -0.079906 -0.568207 -0.094915
v -0.089323 -0.559912 -0.096112
v -0.087546 -0.526981 -0.100718
v -0.083146 -0.579359 -0.100398
v -0.075010 -0.588796 -0.098412
v -0.065535 -0.601406 -0.096714
v -0.061277 -0.612650 -0.093016
v -0.057772 -0.624999 -0.091288
v -0.065189 -0.636059 -0.086256
v -0.093125 -0.503689 -0.119270
v -0.098632 -0.508676 -0.110660
v -0.096452 -0.518128 -0.102270
v -0.071553 -0.700539 0.068376
v -0.056810 -0.708598 0.060789
v -0.145732 -0.664153 0.066445
v -0.138194 -0.672957 0.070315
v -0.152679 -0.654727 0.061330
v -0.108723 -0.689438 0.077733
v -0.091515 -0.704386 0.074477
v -0.081579 -0.710780 0.070402
v -0.104860 -0.702879 0.075769
v -0.121075 -0.684290 0.076750
v -0.132037 -0.681641 0.073498
v -0.159528 -0.644948 0.054346
v -0.166991 -0.635857 0.046430
v -0.173328 -0.626024 0.035988
v -0.179310 -0.618836 0.025233
v -0.196736 -0.465678 -0.028009
v -0.200980 -0.455751 -0.020645
v -0.203631 -0.454038 -0.006839
v -0.199680 -0.456732 0.002850
v -0.198441 -0.463163 0.010791
v -0.196593 -0.477458 0.022495
v -0.193969 -0.529707 -0.028779
v -0.194278 -0.513990 -0.027103
v -0.193105 -0.499721 -0.030656
v -0.192925 -0.544650 -0.030017
v -0.194205 -0.581668 -0.012298
v -0.195414 -0.569689 -0.017958
v -0.191975 -0.593158 -0.006392
v -0.189361 -0.604533 0.001884
v -0.194841 -0.557821 -0.024504
v -0.184605 -0.616006 0.013235
v -0.193641 -0.485941 -0.035962
v -0.193620 -0.471876 -0.039736
v -0.188306 -0.340109 0.009199
v -0.186048 -0.346036 0.022705
v -0.184493 -0.325844 -0.003873
v -0.183263 -0.319089 -0.017543
v -0.183727 -0.307029 -0.013633
v -0.187101 -0.337992 -0.002786
v -0.177228 -0.300562 -0.026913
v -0.181351 -0.353668 0.031578
v -0.099225 -0.328563 0.118252
v -0.112356 -0.334951 0.106837
v -0.134304 -0.359602 0.090417
v -0.122460 -0.357153 0.095611
v -0.145173 -0.362248 0.080771
v -0.158202 -0.362113 0.071231
v -0.165838 -0.361957 0.059930
v -0.152222 -0.368238 0.076381
v -0.112179 -0.350096 0.105934
v -0.172251 -0.357978 0.051760
v -0.176918 -0.361549 0.044245
v -0.182164 -0.312836 -0.028917
v -0.180146 -0.320034 -0.040241
v -0.175445 -0.327049 -0.054027
v -0.144575 -0.418779 -0.109196
v -0.146832 -0.431333 -0.108942
v -0.139569 -0.440316 -0.114512
v -0.131546 -0.450413 -0.119648
v -0.123868 -0.461166 -0.121198
v -0.115105 -0.471910 -0.122436
v -0.104927 -0.495523 -0.117081
v -0.116124 -0.483915 -0.116567
v -0.154266 -0.387993 -0.097487
v -0.162480 -0.375203 -0.083092
v -0.162198 -0.386746 -0.086574
v -0.152420 -0.400121 -0.099709
v -0.155518 -0.411488 -0.098967
v -0.176209 -0.341150 -0.053805
v -0.178233 -0.354728 -0.054384
v -0.173183 -0.360063 -0.066384
v -0.170800 -0.372687 -0.068765
v 0.085902 -0.685681 -0.095769
v 0.099738 -0.689616 -0.091595
v 0.114922 -0.697830 -0.087698
v 0.126447 -0.703097 -0.081127
v 0.138899 -0.708744 -0.073804
v 0.149640 -0.715919 -0.077336
v 0.159540 -0.716983 -0.074787
v 0.168270 -0.720899 -0.054972
v 0.163380 -0.724726 -0.066220
v 0.170070 -0.729050 -0.043234
v 0.173763 -0.738108 -0.033284
v 0.176414 -0.748042 -0.021618
v 0.176869 -0.757441 -0.012433
v 0.175685 -0.755991 0.000163
v 0.172851 -0.763863 0.011117
v 0.168923 -0.772522 0.021835
v 0.164294 -0.781284 0.030964
v 0.156367 -0.779065 0.042571
v 0.148816 -0.778624 0.052178
v 0.132130 -0.783969 0.061437
v 0.141486 -0.788622 0.056869
v 0.118596 -0.787105 0.063025
v 0.106341 -0.781959 0.061944
v 0.095455 -0.786131 0.059218
v 0.084660 -0.789794 0.053997
v 0.062675 -0.784178 0.041621
v 0.073303 -0.793791 0.046450
v 0.043597 -0.774448 0.026705
v 0.033344 -0.777251 0.013876
v 0.028750 -0.763814 0.008653
v 0.051309 -0.788170 0.032517
v 0.018431 -0.752321 -0.012067
v 0.021853 -0.763159 -0.006175
v 0.015734 -0.751616 -0.028419
v 0.028508 -0.728918 -0.065500
v 0.035734 -0.719292 -0.071485
v 0.017830 -0.754999 -0.041626
v 0.022175 -0.749092 -0.054577
v 0.028489 -0.742082 -0.067098
v 0.044520 -0.710303 -0.078485
v 0.052953 -0.701365 -0.084061
v 0.060228 -0.692298 -0.089124
v 0.072001 -0.688530 -0.094121
v -0.023624 -0.687455 -0.049097
v -0.019859 -0.698983 -0.043435
v -0.014684 -0.704117 -0.029031
v -0.029693 -0.682643 -0.060619
v -0.015135 -0.710380 -0.016103
v -0.017094 -0.717154 -0.001721
v -0.021207 -0.723664 0.009683
v -0.039610 -0.677390 -0.072389
v -0.050631 -0.667125 -0.076270
v -0.062076 -0.658005 -0.082827
v -0.070534 -0.647860 -0.086226
v -0.028522 -0.729916 0.021484
v -0.032678 -0.721986 0.031941
v -0.039940 -0.713587 0.042528
v -0.049338 -0.718155 0.052393
v -0.098940 -0.527686 -0.095346
v -0.100140 -0.538722 -0.095337
v -0.096700 -0.550148 -0.096953
v -0.092563 -0.570613 -0.101066
v -0.101844 -0.560784 -0.100957
v -0.087059 -0.590189 -0.095760
v -0.095585 -0.580706 -0.096559
v -0.079623 -0.600601 -0.093705
v -0.072491 -0.612391 -0.090494
v -0.070372 -0.624725 -0.093310
v -0.079879 -0.635527 -0.089399
v -0.108059 -0.504151 -0.106685
v -0.109441 -0.514501 -0.098344
v -0.069663 -0.712150 0.065243
v -0.061722 -0.720531 0.058953
v -0.147884 -0.676397 0.063073
v -0.154471 -0.668006 0.057789
v -0.141655 -0.688706 0.066362
v -0.160694 -0.657072 0.051382
v -0.118173 -0.696742 0.075587
v -0.097662 -0.716014 0.073236
v -0.073880 -0.722722 0.065168
v -0.086103 -0.722543 0.070071
v -0.109828 -0.718671 0.073833
v -0.116062 -0.708787 0.074441
v -0.130785 -0.694245 0.072577
v -0.168555 -0.647376 0.040973
v -0.173409 -0.639220 0.032969
v -0.177777 -0.631314 0.025678
v -0.182423 -0.629828 0.014929
v -0.193486 -0.457947 -0.035787
v -0.196663 -0.447586 -0.029876
v -0.201158 -0.442535 -0.018256
v -0.198540 -0.446529 0.004704
v -0.197522 -0.452207 0.015664
v -0.196169 -0.462075 0.021126
v -0.193610 -0.468610 0.031705
v -0.195773 -0.477246 0.038951
v -0.187787 -0.535726 -0.040661
v -0.190045 -0.522239 -0.038888
v -0.190504 -0.507765 -0.039726
v -0.190384 -0.495155 -0.043288
v -0.188200 -0.557822 -0.037325
v -0.183705 -0.548143 -0.043923
v -0.193902 -0.593140 -0.018631
v -0.194320 -0.581462 -0.023859
v -0.192749 -0.569690 -0.029370
v -0.192718 -0.604341 -0.011033
v -0.190036 -0.614947 -0.003866
v -0.187019 -0.624681 0.002454
v -0.190984 -0.482883 -0.048018
v -0.188582 -0.470745 -0.052544
v -0.189478 -0.459772 -0.047505
v -0.187200 -0.350811 -0.001452
v -0.189178 -0.354432 0.009992
v -0.187524 -0.360486 0.023377
v -0.184767 -0.333284 -0.015016
v -0.182890 -0.326186 -0.029389
v -0.185486 -0.346566 -0.013948
v -0.182545 -0.366942 0.032950
v -0.095825 -0.342315 0.117991
v -0.128535 -0.370505 0.093387
v -0.138244 -0.370951 0.089294
v -0.109917 -0.363938 0.104998
v -0.117709 -0.372430 0.101589
v -0.144233 -0.373803 0.080851
v -0.160770 -0.372964 0.071249
v -0.168190 -0.374500 0.061394
v -0.173237 -0.368320 0.053741
v -0.153184 -0.381058 0.077348
v -0.094327 -0.357503 0.116855
v -0.178253 -0.372900 0.046206
v -0.180731 -0.333836 -0.040529
v -0.154487 -0.422707 -0.100060
v -0.150507 -0.443098 -0.105316
v -0.157739 -0.433601 -0.098300
v -0.142854 -0.453094 -0.111633
v -0.134481 -0.463492 -0.114550
v -0.126426 -0.474109 -0.116838
v -0.117801 -0.494085 -0.109177
v -0.128429 -0.485657 -0.110704
v -0.159720 -0.398074 -0.090043
v -0.171205 -0.384864 -0.073704
v -0.168439 -0.398247 -0.077099
v -0.162889 -0.409143 -0.088681
v -0.163729 -0.421596 -0.088476
v -0.181640 -0.348396 -0.039964
v -0.183612 -0.362666 -0.040270
v -0.176249 -0.367664 -0.055806
v -0.177312 -0.380110 -0.060867
v 0.076559 -0.699418 -0.093424
v 0.090949 -0.696166 -0.093388
v 0.101623 -0.702603 -0.089132
v 0.113875 -0.708891 -0.080908
v 0.124882 -0.714798 -0.076690
v 0.136097 -0.720503 -0.078702
v 0.147080 -0.727562 -0.081952
v 0.156247 -0.726877 -0.077053
v 0.164864 -0.732991 -0.055629
v 0.159211 -0.736266 -0.069689
v 0.167350 -0.741875 -0.045246
v 0.172153 -0.751602 -0.036122
v 0.175614 -0.760233 -0.026669
v 0.176484 -0.769517 -0.014939
v 0.175762 -0.766865 -0.002216
v 0.173057 -0.776521 0.007642
v 0.169251 -0.785432 0.018464
v 0.163657 -0.793674 0.028357
v 0.158900 -0.791087 0.039120
v 0.149805 -0.792516 0.048799
v 0.130096 -0.795923 0.061099
v 0.138960 -0.801308 0.056129
v 0.106924 -0.795154 0.061967
v 0.117494 -0.801020 0.062603
v 0.095572 -0.798497 0.057082
v 0.085114 -0.802033 0.050318
v 0.063814 -0.796056 0.038312
v 0.075312 -0.805888 0.042202
v 0.042682 -0.784979 0.022248
v 0.037013 -0.791497 0.013017
v 0.029117 -0.787458 0.003933
v 0.026860 -0.774309 0.001363
v 0.055421 -0.799936 0.029490
v 0.043745 -0.796322 0.023385
v 0.018045 -0.762250 -0.019602
v 0.020451 -0.773983 -0.013874
v 0.017200 -0.763619 -0.034242
v 0.034736 -0.732308 -0.075855
v 0.042591 -0.722903 -0.080712
v 0.022258 -0.762900 -0.053329
v 0.018469 -0.772918 -0.043123
v 0.029174 -0.753919 -0.062476
v 0.037107 -0.743766 -0.075626
v 0.051575 -0.713814 -0.086344
v 0.065290 -0.703345 -0.091430
v -0.027938 -0.694889 -0.057555
v -0.021536 -0.708036 -0.053971
v -0.017739 -0.711990 -0.041677
v -0.016536 -0.718127 -0.026759
v -0.035970 -0.690827 -0.067685
v -0.015631 -0.724871 -0.014832
v -0.018558 -0.731478 -0.001234
v -0.025308 -0.737003 0.010588
v -0.044590 -0.689777 -0.079178
v -0.049800 -0.678382 -0.081824
v -0.062338 -0.669831 -0.086010
v -0.071942 -0.661321 -0.091763
v -0.083292 -0.647085 -0.092911
v -0.031558 -0.742958 0.021747
v -0.035676 -0.735588 0.032582
v -0.042935 -0.726597 0.042961
v -0.052680 -0.731823 0.051390
v -0.112646 -0.525969 -0.095691
v -0.115898 -0.536437 -0.099409
v -0.109539 -0.548185 -0.100351
v -0.106424 -0.570396 -0.096994
v -0.115670 -0.559581 -0.097306
v -0.091379 -0.602286 -0.089112
v -0.098725 -0.591777 -0.088930
v -0.107909 -0.580844 -0.088704
v -0.086146 -0.612920 -0.089747
v -0.085686 -0.623982 -0.095342
v -0.091621 -0.636087 -0.094396
v -0.119748 -0.505109 -0.101645
v -0.121894 -0.516054 -0.096729
v -0.066029 -0.733280 0.058653
v -0.151454 -0.686883 0.058681
v -0.158420 -0.679123 0.051626
v -0.161813 -0.668535 0.048290
v -0.141067 -0.701260 0.066268
v -0.150568 -0.697386 0.059516
v -0.169432 -0.659385 0.037370
v -0.128029 -0.706505 0.071860
v -0.103641 -0.728911 0.072064
v -0.078141 -0.734650 0.064882
v -0.092525 -0.733362 0.069271
v -0.117579 -0.728869 0.071822
v -0.123753 -0.719104 0.071835
v -0.174628 -0.651286 0.027939
v -0.179123 -0.641669 0.019389
v -0.185921 -0.636381 0.001884
v -0.191912 -0.447054 -0.041738
v -0.191000 -0.434867 -0.038420
v -0.195028 -0.435694 -0.027233
v -0.199265 -0.428431 -0.018832
v -0.199133 -0.432414 -0.006035
v -0.197299 -0.435408 0.004924
v -0.197224 -0.440366 0.014292
v -0.195252 -0.446826 0.023274
v -0.193735 -0.456785 0.032240
v -0.189809 -0.465096 0.040630
v -0.190828 -0.476966 0.048939
v -0.181785 -0.538816 -0.053052
v -0.185061 -0.527540 -0.050210
v -0.186853 -0.515742 -0.047739
v -0.185738 -0.504481 -0.051874
v -0.185367 -0.493462 -0.055478
v -0.182736 -0.569527 -0.040899
v -0.178102 -0.560707 -0.047822
v -0.177520 -0.550699 -0.056451
v -0.193528 -0.604874 -0.022652
v -0.192155 -0.593517 -0.029933
v -0.188352 -0.581733 -0.036420
v -0.192553 -0.616242 -0.016467
v -0.190101 -0.627316 -0.008752
v -0.183659 -0.481834 -0.058766
v -0.181497 -0.470217 -0.063006
v -0.182603 -0.459175 -0.062567
v -0.187161 -0.449355 -0.055177
v -0.188439 -0.359208 -0.012873
v -0.189994 -0.364016 -0.000830
v -0.190651 -0.368562 0.014016
v -0.185607 -0.374071 0.025411
v -0.183599 -0.340228 -0.028923
v -0.186275 -0.353456 -0.028978
v -0.182053 -0.377533 0.035840
v -0.121241 -0.383723 0.093659
v -0.133214 -0.381309 0.090543
v -0.108449 -0.377438 0.104366
v -0.093718 -0.370941 0.109409
v -0.115403 -0.381353 0.102421
v -0.142949 -0.384413 0.086855
v -0.162473 -0.383926 0.071585
v -0.169020 -0.385275 0.061433
v -0.173636 -0.378369 0.054983
v -0.146596 -0.391222 0.080815
v -0.156242 -0.390823 0.076903
v -0.178438 -0.382458 0.048168
v -0.160155 -0.445051 -0.094581
v -0.152225 -0.455215 -0.101713
v -0.166753 -0.434400 -0.086916
v -0.145822 -0.465800 -0.106360
v -0.137112 -0.476243 -0.108744
v -0.130050 -0.496191 -0.103505
v -0.140366 -0.489527 -0.104806
v -0.175273 -0.392471 -0.064636
v -0.175067 -0.405068 -0.068122
v -0.170990 -0.412890 -0.078236
v -0.171649 -0.426111 -0.078011
v -0.185918 -0.366020 -0.026104
v -0.185256 -0.374612 -0.033334
v -0.181231 -0.376302 -0.045215
v -0.184375 -0.388761 -0.050757
v 0.088701 -0.707382 -0.087074
v 0.074889 -0.712261 -0.088190
v 0.098732 -0.713453 -0.081609
v 0.112917 -0.719565 -0.077471
v 0.122783 -0.725665 -0.079441
v 0.133830 -0.732112 -0.085523
v 0.152216 -0.738188 -0.079819
v 0.142120 -0.739645 -0.086250
v 0.161045 -0.745607 -0.057948
v 0.155365 -0.747484 -0.071214
v 0.164803 -0.753147 -0.046925
v 0.170503 -0.764153 -0.039356
v 0.174812 -0.773948 -0.027289
v 0.175784 -0.783142 -0.018287
v 0.175561 -0.779890 -0.005382
v 0.172625 -0.788457 0.004808
v 0.169041 -0.797337 0.014666
v 0.163614 -0.805849 0.025910
v 0.154991 -0.802746 0.038495
v 0.146813 -0.804690 0.048863
v 0.129296 -0.808243 0.060250
v 0.138516 -0.816077 0.054393
v 0.105280 -0.808558 0.059739
v 0.116412 -0.812434 0.061680
v 0.095877 -0.811726 0.051854
v 0.086318 -0.814713 0.043392
v 0.066177 -0.808747 0.033559
v 0.076025 -0.818310 0.035293
v 0.036596 -0.804038 0.013170
v 0.029901 -0.800872 0.003751
v 0.025721 -0.795186 -0.007196
v 0.024111 -0.784050 -0.007363
v 0.057853 -0.812340 0.024378
v 0.045891 -0.808552 0.020867
v 0.018246 -0.774670 -0.026284
v 0.021098 -0.786535 -0.020850
v 0.047787 -0.734674 -0.079406
v 0.055594 -0.725295 -0.083019
v 0.028978 -0.766884 -0.063297
v 0.024445 -0.775951 -0.053913
v 0.020043 -0.782587 -0.035518
v 0.021857 -0.787366 -0.046459
v 0.039236 -0.755717 -0.070895
v 0.046952 -0.746347 -0.081097
v 0.062452 -0.715195 -0.087495
v -0.029293 -0.704301 -0.066807
v -0.025989 -0.717838 -0.065073
v -0.021603 -0.720234 -0.051273
v -0.017850 -0.725287 -0.037445
v -0.015657 -0.731683 -0.025934
v -0.037300 -0.702136 -0.075768
v -0.017206 -0.738330 -0.012335
v -0.020482 -0.745115 -0.001539
v -0.027878 -0.751071 0.010868
v -0.057386 -0.686403 -0.087997
v -0.050484 -0.699341 -0.082202
v -0.068438 -0.676692 -0.091251
v -0.078985 -0.670244 -0.093665
v -0.086727 -0.657908 -0.095806
v -0.095710 -0.646767 -0.096274
v -0.034163 -0.756806 0.022034
v -0.040283 -0.747225 0.032301
v -0.045866 -0.740032 0.043346
v -0.059266 -0.743338 0.051278
v -0.126551 -0.526933 -0.099261
v -0.127651 -0.538395 -0.099159
v -0.119348 -0.547698 -0.099669
v -0.116136 -0.570611 -0.088142
v -0.127881 -0.550761 -0.093323
v -0.124655 -0.560694 -0.087194
v -0.106938 -0.602641 -0.087652
v -0.098129 -0.612943 -0.090638
v -0.113860 -0.592192 -0.085398
v -0.120664 -0.582431 -0.084634
v -0.099095 -0.624519 -0.095924
v -0.104030 -0.636344 -0.096159
v -0.131023 -0.506967 -0.098715
v -0.135556 -0.516647 -0.098476
v -0.071404 -0.744947 0.058830
v -0.157950 -0.693170 0.050415
v -0.166286 -0.684623 0.039477
v -0.168152 -0.672074 0.037867
v -0.138097 -0.715030 0.066501
v -0.148492 -0.710895 0.059741
v -0.157658 -0.704491 0.051316
v -0.173620 -0.664305 0.027663
v -0.112083 -0.741000 0.070905
v -0.099812 -0.743823 0.069613
v -0.086155 -0.744456 0.065549
v -0.125397 -0.739244 0.068956
v -0.133748 -0.726637 0.067559
v -0.178541 -0.657672 0.016778
v -0.182205 -0.647532 0.009328
v -0.187036 -0.647452 -0.005785
v -0.189876 -0.637936 -0.012486
v -0.186263 -0.435995 -0.053038
v -0.187872 -0.422804 -0.043714
v -0.193378 -0.423142 -0.030102
v -0.197553 -0.416400 -0.021661
v -0.198525 -0.420515 -0.010415
v -0.195098 -0.424351 0.003235
v -0.196026 -0.428948 0.014337
v -0.194077 -0.435714 0.023541
v -0.191982 -0.444102 0.036068
v -0.190032 -0.453764 0.043918
v -0.185705 -0.462779 0.050539
v -0.179313 -0.470187 0.058236
v -0.185815 -0.478950 0.056481
v -0.174617 -0.539916 -0.064031
v -0.178382 -0.528236 -0.060947
v -0.181347 -0.516157 -0.057702
v -0.178000 -0.503981 -0.062176
v -0.175756 -0.493035 -0.067214
v -0.178999 -0.580852 -0.043392
v -0.171813 -0.573389 -0.051378
v -0.172007 -0.562370 -0.059962
v -0.168690 -0.551894 -0.069274
v -0.191897 -0.617229 -0.028244
v -0.189424 -0.605399 -0.034886
v -0.183508 -0.593814 -0.041769
v -0.191890 -0.628187 -0.020921
v -0.174145 -0.480686 -0.070708
v -0.174733 -0.467274 -0.074683
v -0.176502 -0.452842 -0.072039
v -0.181750 -0.443754 -0.064115
v -0.188067 -0.373032 -0.011728
v -0.190931 -0.376469 0.001349
v -0.190400 -0.380906 0.016384
v -0.186687 -0.387366 0.028353
v -0.182463 -0.387960 0.041281
v -0.107714 -0.388957 0.102103
v -0.116560 -0.395991 0.100842
v -0.128358 -0.395539 0.093389
v -0.137320 -0.392130 0.089675
v -0.090903 -0.385404 0.112437
v -0.164444 -0.393976 0.071203
v -0.170851 -0.397799 0.064444
v -0.175702 -0.390047 0.055001
v -0.139732 -0.400551 0.089967
v -0.150313 -0.400950 0.081345
v -0.159463 -0.399993 0.076929
v -0.180976 -0.394297 0.048151
v -0.168131 -0.446579 -0.084434
v -0.161938 -0.457153 -0.092034
v -0.155247 -0.467308 -0.096412
v -0.174492 -0.439207 -0.076200
v -0.148447 -0.478707 -0.100408
v -0.141752 -0.502450 -0.099119
v -0.152222 -0.492163 -0.095360
v -0.181321 -0.400277 -0.053009
v -0.181471 -0.412050 -0.057264
v -0.177512 -0.419057 -0.068974
v -0.179818 -0.430880 -0.064720
v -0.188022 -0.383370 -0.020648
v -0.186205 -0.386288 -0.037964
v -0.188880 -0.398424 -0.041648
v 0.084275 -0.720365 -0.081166
v 0.070721 -0.723833 -0.081923
v 0.098914 -0.723766 -0.080670
v 0.107398 -0.731829 -0.080612
v 0.121820 -0.736261 -0.086574
v 0.130611 -0.744124 -0.089927
v 0.147613 -0.749583 -0.082492
v 0.137705 -0.752069 -0.090066
v 0.156938 -0.757402 -0.061262
v 0.151347 -0.760259 -0.072678
v 0.162516 -0.764498 -0.050874
v 0.164773 -0.775725 -0.050311
v 0.170781 -0.776620 -0.039045
v 0.173127 -0.788048 -0.032492
v 0.174779 -0.794978 -0.019904
v 0.174830 -0.792279 -0.008083
v 0.172899 -0.801469 0.000884
v 0.168850 -0.808855 0.011690
v 0.163145 -0.817474 0.021877
v 0.156669 -0.814101 0.034713
v 0.148291 -0.816065 0.044869
v 0.127673 -0.821124 0.059947
v 0.141739 -0.827707 0.048511
v 0.132419 -0.830302 0.055436
v 0.105091 -0.822068 0.055100
v 0.114527 -0.823868 0.060661
v 0.094772 -0.824131 0.047543
v 0.083932 -0.827014 0.039891
v 0.065564 -0.820371 0.027377
v 0.072704 -0.829952 0.032011
v 0.041504 -0.816066 0.012415
v 0.031010 -0.816479 0.004273
v 0.026562 -0.808804 -0.005903
v 0.022835 -0.800846 -0.019954
v 0.053669 -0.821418 0.017310
v 0.021346 -0.794955 -0.032095
v 0.060013 -0.736582 -0.079209
v 0.033172 -0.778428 -0.065999
v 0.039646 -0.768951 -0.073633
v 0.027637 -0.788269 -0.060450
v 0.023102 -0.803155 -0.043585
v 0.024602 -0.798398 -0.053171
v 0.048732 -0.758821 -0.078384
v 0.058941 -0.748110 -0.086065
v -0.034711 -0.715786 -0.071892
v -0.032597 -0.729503 -0.071137
v -0.024478 -0.729634 -0.060398
v -0.019556 -0.733831 -0.050454
v -0.015947 -0.739133 -0.037155
v -0.016215 -0.745913 -0.025298
v -0.047147 -0.712237 -0.076409
v -0.018162 -0.753259 -0.012804
v -0.024590 -0.759078 -0.000002
v -0.030151 -0.763929 0.011849
v -0.069278 -0.689137 -0.086707
v -0.064819 -0.698208 -0.082315
v -0.059608 -0.710781 -0.078680
v -0.078954 -0.683306 -0.088589
v -0.094133 -0.666736 -0.093515
v -0.092049 -0.677371 -0.090284
v -0.099440 -0.657525 -0.091844
v -0.109851 -0.646404 -0.090653
v -0.039103 -0.768507 0.022342
v -0.043396 -0.760799 0.032476
v -0.048735 -0.751694 0.041798
v -0.059484 -0.756278 0.048627
v -0.069131 -0.757222 0.055382
v -0.137616 -0.529524 -0.097408
v -0.136432 -0.540827 -0.091611
v -0.127768 -0.572124 -0.082599
v -0.139255 -0.550729 -0.081367
v -0.136774 -0.561944 -0.079018
v -0.112386 -0.614085 -0.091655
v -0.119999 -0.604296 -0.089367
v -0.127308 -0.593517 -0.086652
v -0.136174 -0.582900 -0.083199
v -0.114933 -0.625506 -0.093227
v -0.117811 -0.637173 -0.089099
v -0.145370 -0.519131 -0.095573
v -0.079892 -0.757491 0.061301
v -0.165884 -0.697558 0.039657
v -0.171217 -0.691373 0.028822
v -0.172284 -0.678426 0.028306
v -0.146141 -0.724246 0.060267
v -0.156333 -0.717664 0.051441
v -0.164839 -0.710637 0.039962
v -0.176787 -0.671648 0.018029
v -0.107555 -0.754034 0.068972
v -0.120060 -0.751146 0.068480
v -0.093913 -0.755325 0.066551
v -0.135064 -0.749373 0.064215
v -0.139248 -0.736542 0.063479
v -0.181101 -0.666774 0.005935
v -0.184003 -0.658086 0.000392
v -0.189700 -0.650336 -0.018573
v -0.186645 -0.659262 -0.010797
v -0.190902 -0.639615 -0.024871
v -0.183348 -0.423167 -0.054946
v -0.185904 -0.411079 -0.046163
v -0.191108 -0.410812 -0.035354
v -0.194724 -0.404440 -0.023769
v -0.194969 -0.407708 -0.011935
v -0.193376 -0.412188 0.002693
v -0.195062 -0.417730 0.013746
v -0.193166 -0.424714 0.023785
v -0.190128 -0.430877 0.037276
v -0.188915 -0.442024 0.045891
v -0.184008 -0.451856 0.052863
v -0.178071 -0.460633 0.062760
v -0.173718 -0.468505 0.068463
v -0.179054 -0.479412 0.067133
v -0.167138 -0.529143 -0.070296
v -0.162208 -0.540475 -0.072980
v -0.171507 -0.516197 -0.068133
v -0.168092 -0.504677 -0.074690
v -0.168285 -0.492365 -0.077111
v -0.171672 -0.588090 -0.048682
v -0.164607 -0.584005 -0.058295
v -0.164092 -0.573401 -0.066908
v -0.162901 -0.562484 -0.073178
v -0.156081 -0.550927 -0.074022
v -0.188964 -0.628812 -0.033482
v -0.185635 -0.618540 -0.041405
v -0.182561 -0.606515 -0.042590
v -0.173447 -0.600544 -0.047646
v -0.167070 -0.478981 -0.080321
v -0.163972 -0.468766 -0.086082
v -0.170277 -0.457737 -0.081071
v -0.191594 -0.385690 -0.007450
v -0.192845 -0.390084 0.007554
v -0.191736 -0.393419 0.018934
v -0.185835 -0.397008 0.038363
v -0.189944 -0.401215 0.028270
v -0.090117 -0.397272 0.105790
v -0.107053 -0.402412 0.101757
v -0.117442 -0.405876 0.098897
v -0.131841 -0.407423 0.092750
v -0.166394 -0.406905 0.072177
v -0.173031 -0.407960 0.064169
v -0.178915 -0.402663 0.053885
v -0.144456 -0.412639 0.089416
v -0.156938 -0.410304 0.079658
v -0.183735 -0.402748 0.045383
v -0.157559 -0.479073 -0.092608
v -0.152432 -0.507081 -0.093654
v -0.160880 -0.488221 -0.086433
v -0.160053 -0.499478 -0.086157
v -0.190540 -0.395277 -0.014684
v -0.189254 -0.394649 -0.027376
v 0.076899 -0.732803 -0.080300
v 0.091556 -0.732287 -0.080444
v 0.097805 -0.740201 -0.084291
v 0.109996 -0.740380 -0.087198
v 0.118950 -0.748401 -0.092048
v 0.125843 -0.758595 -0.094598
v 0.143787 -0.761487 -0.084864
v 0.135593 -0.762713 -0.091960
v 0.154968 -0.770616 -0.062026
v 0.146792 -0.771385 -0.073915
v 0.160079 -0.784187 -0.059041
v 0.167951 -0.787385 -0.045972
v 0.173248 -0.802293 -0.029064
v 0.170045 -0.799249 -0.041770
v 0.174705 -0.806406 -0.012912
v 0.172402 -0.813638 -0.000924
v 0.168795 -0.822351 0.009529
v 0.163194 -0.831587 0.019236
v 0.158158 -0.826194 0.029520
v 0.150259 -0.827022 0.038655
v 0.120968 -0.833785 0.059382
v 0.146966 -0.838849 0.040768
v 0.138123 -0.841099 0.049413
v 0.127669 -0.843513 0.055972
v 0.108868 -0.835205 0.058861
v 0.099070 -0.835259 0.054203
v 0.088462 -0.837739 0.046836
v 0.077501 -0.839931 0.038515
v 0.061144 -0.830990 0.023669
v 0.066385 -0.842041 0.030876
v 0.039891 -0.826495 0.010831
v 0.031184 -0.830291 0.002079
v 0.027286 -0.821447 -0.006424
v 0.024911 -0.813756 -0.018674
v 0.022848 -0.808829 -0.030404
v 0.047508 -0.835132 0.017992
v 0.069402 -0.742703 -0.082264
v 0.043881 -0.781068 -0.074549
v 0.035859 -0.791955 -0.068239
v 0.051539 -0.770616 -0.079645
v 0.029791 -0.803004 -0.064452
v 0.025085 -0.816309 -0.042175
v 0.026782 -0.810627 -0.053345
v 0.060330 -0.760473 -0.086172
v 0.071743 -0.752243 -0.090413
v -0.042572 -0.725541 -0.075337
v -0.039997 -0.740822 -0.073316
v -0.028318 -0.742236 -0.060511
v -0.020226 -0.746711 -0.050468
v -0.017113 -0.750871 -0.036265
v -0.017022 -0.760183 -0.025336
v -0.055999 -0.720897 -0.079467
v -0.019989 -0.766010 -0.012479
v -0.026765 -0.771781 0.001417
v -0.032669 -0.778071 0.012651
v -0.080170 -0.696499 -0.082249
v -0.073153 -0.706808 -0.081899
v -0.072340 -0.717751 -0.086202
v -0.092692 -0.689226 -0.084242
v -0.105788 -0.669383 -0.090934
v -0.103516 -0.680984 -0.086326
v -0.112707 -0.658314 -0.085923
v -0.120195 -0.648096 -0.082124
v -0.042184 -0.782368 0.023238
v -0.046924 -0.773813 0.032512
v -0.052061 -0.766009 0.041165
v -0.064197 -0.767666 0.048533
v -0.075245 -0.770747 0.057094
v -0.146614 -0.531101 -0.087254
v -0.148066 -0.542000 -0.078655
v -0.143842 -0.572431 -0.079880
v -0.149317 -0.559993 -0.076591
v -0.124552 -0.615766 -0.089900
v -0.132025 -0.605581 -0.087743
v -0.141294 -0.594446 -0.082966
v -0.148391 -0.584095 -0.080389
v -0.126474 -0.627505 -0.085917
v -0.128058 -0.639186 -0.079608
v -0.153823 -0.520557 -0.085466
v -0.088592 -0.768783 0.062882
v -0.170920 -0.703742 0.028911
v -0.175650 -0.696809 0.017825
v -0.176070 -0.684769 0.017485
v -0.149116 -0.735323 0.056841
v -0.156793 -0.728867 0.050124
v -0.165319 -0.722711 0.038923
v -0.170486 -0.716461 0.028211
v -0.180190 -0.678785 0.005903
v -0.101354 -0.765626 0.066682
v -0.116511 -0.764900 0.067444
v -0.130151 -0.760121 0.064865
v -0.142570 -0.760891 0.059064
v -0.145826 -0.748076 0.058160
v -0.184364 -0.670560 -0.006628
v -0.189999 -0.652638 -0.029759
v -0.188555 -0.663479 -0.021645
v -0.186870 -0.642771 -0.037746
v -0.192264 -0.398972 -0.002155
v -0.193462 -0.403814 0.013910
v -0.192136 -0.412661 0.024390
v -0.189698 -0.419744 0.033994
v -0.187453 -0.421461 0.043584
v -0.186719 -0.432554 0.048139
v -0.183462 -0.441154 0.053845
v -0.176678 -0.449680 0.064202
v -0.172124 -0.455764 0.071259
v -0.167636 -0.463540 0.077003
v -0.166795 -0.474777 0.074503
v -0.174083 -0.480477 0.074530
v -0.155479 -0.530975 -0.077277
v -0.162580 -0.519014 -0.076017
v -0.159734 -0.510212 -0.083614
v -0.164091 -0.596703 -0.053825
v -0.156071 -0.595106 -0.064702
v -0.156838 -0.583871 -0.072225
v -0.155539 -0.572128 -0.076527
v -0.184481 -0.631474 -0.042230
v -0.178142 -0.625408 -0.048469
v -0.174502 -0.613577 -0.049320
v -0.162373 -0.609222 -0.054402
v -0.187191 -0.410467 0.039350
v -0.088159 -0.411380 0.111951
v -0.107593 -0.413039 0.103296
v -0.122210 -0.417885 0.101356
v -0.135554 -0.419680 0.094695
v -0.170455 -0.416024 0.069637
v -0.163390 -0.417104 0.077238
v -0.177963 -0.413825 0.057584
v -0.183730 -0.411932 0.050098
v -0.143342 -0.422923 0.091759
v -0.153186 -0.419620 0.083223
v 0.083084 -0.742015 -0.083284
v 0.088054 -0.750224 -0.091596
v 0.103539 -0.749735 -0.092594
v 0.111500 -0.760037 -0.096513
v 0.117532 -0.770366 -0.098190
v 0.128974 -0.771660 -0.096323
v 0.139160 -0.772078 -0.086923
v 0.151542 -0.782871 -0.069547
v 0.142561 -0.783107 -0.082120
v 0.164007 -0.797132 -0.054672
v 0.156448 -0.794579 -0.066693
v 0.170796 -0.811864 -0.038298
v 0.173701 -0.814851 -0.024991
v 0.166017 -0.809134 -0.050512
v 0.173887 -0.819559 -0.012342
v 0.171910 -0.827697 -0.001566
v 0.167981 -0.836059 0.007707
v 0.162938 -0.843899 0.017568
v 0.156716 -0.839123 0.029616
v 0.115710 -0.846801 0.057936
v 0.150588 -0.848449 0.034764
v 0.142816 -0.851656 0.043651
v 0.133050 -0.853804 0.050876
v 0.122601 -0.856288 0.055722
v 0.103371 -0.848301 0.055915
v 0.092328 -0.849556 0.051138
v 0.080945 -0.850558 0.044707
v 0.068541 -0.853405 0.036648
v 0.056168 -0.843117 0.023338
v 0.057337 -0.854307 0.028181
v 0.039129 -0.839846 0.010817
v 0.032478 -0.842762 -0.000832
v 0.028211 -0.836020 -0.009641
v 0.025776 -0.827621 -0.019620
v 0.024700 -0.821404 -0.029504
v 0.047094 -0.850106 0.017929
v 0.048027 -0.794319 -0.074822
v 0.055746 -0.783820 -0.079726
v 0.038230 -0.803829 -0.071040
v 0.064900 -0.772688 -0.084024
v 0.032239 -0.815811 -0.064456
v 0.025791 -0.831504 -0.037036
v 0.027745 -0.824368 -0.051681
v 0.070856 -0.764313 -0.090143
v 0.083778 -0.761410 -0.092838
v -0.049991 -0.733966 -0.083368
v -0.053254 -0.745973 -0.083485
v -0.032610 -0.752700 -0.066493
v -0.043180 -0.753346 -0.076834
v -0.024063 -0.755707 -0.057153
v -0.018265 -0.759539 -0.043686
v -0.017536 -0.770773 -0.037243
v -0.018529 -0.773878 -0.022707
v -0.061219 -0.727936 -0.087562
v -0.023854 -0.779432 -0.008435
v -0.028869 -0.786551 0.002063
v -0.037709 -0.790713 0.013634
v -0.094534 -0.701039 -0.087080
v -0.083061 -0.710278 -0.088491
v -0.083936 -0.721821 -0.091396
v -0.073934 -0.730693 -0.091351
v -0.105883 -0.692716 -0.087089
v -0.117751 -0.682389 -0.086606
v -0.119487 -0.669564 -0.088291
v -0.124934 -0.660487 -0.082972
v -0.133367 -0.650609 -0.074601
v -0.045350 -0.795462 0.025274
v -0.050662 -0.787323 0.033672
v -0.058304 -0.777160 0.041149
v -0.069314 -0.780534 0.050065
v -0.082843 -0.782413 0.057724
v -0.134452 -0.616832 -0.082469
v -0.143529 -0.606749 -0.078149
v -0.150011 -0.595625 -0.075116
v -0.137631 -0.628389 -0.074075
v -0.140456 -0.640906 -0.070260
v -0.095098 -0.777949 0.062627
v -0.175348 -0.709379 0.016711
v -0.178986 -0.702982 0.003440
v -0.179568 -0.690329 0.004547
v -0.155808 -0.742889 0.049770
v -0.164035 -0.735280 0.039669
v -0.171077 -0.729061 0.026993
v -0.175306 -0.720968 0.016637
v -0.183257 -0.684086 -0.008175
v -0.107658 -0.774018 0.064913
v -0.132396 -0.771404 0.062803
v -0.119383 -0.777374 0.063950
v -0.143104 -0.774855 0.057177
v -0.152238 -0.767846 0.050694
v -0.153014 -0.754961 0.051171
v -0.186202 -0.675936 -0.018213
v -0.188477 -0.663526 -0.034502
v -0.184547 -0.654511 -0.042300
v -0.188599 -0.675730 -0.029717
v -0.180591 -0.642051 -0.047243
v -0.182733 -0.422304 0.053165
v -0.180668 -0.431508 0.056745
v -0.176080 -0.439672 0.064738
v -0.170041 -0.443162 0.073681
v -0.163627 -0.450768 0.079514
v -0.157554 -0.461045 0.083870
v -0.160737 -0.471391 0.081781
v -0.167204 -0.482454 0.081851
v -0.154573 -0.485096 0.087988
v -0.151276 -0.607263 -0.066138
v -0.172921 -0.636124 -0.054258
v -0.167279 -0.622304 -0.053918
v -0.154109 -0.619244 -0.060858
v -0.089162 -0.421000 0.109819
v -0.104204 -0.419108 0.108410
v -0.113439 -0.422359 0.106947
v -0.119824 -0.428658 0.104979
v -0.130859 -0.426114 0.097809
v -0.139902 -0.432450 0.095215
v -0.168733 -0.424900 0.074232
v -0.175128 -0.423880 0.064940
v -0.160356 -0.426960 0.080773
v -0.150040 -0.430994 0.089501
v 0.097867 -0.760285 -0.095579
v 0.104903 -0.770249 -0.097112
v 0.110246 -0.782066 -0.100203
v 0.121833 -0.784066 -0.100255
v 0.134417 -0.781242 -0.093388
v 0.148530 -0.793694 -0.077470
v 0.139619 -0.792537 -0.088866
v 0.159615 -0.807364 -0.063714
v 0.152109 -0.806362 -0.075015
v 0.167794 -0.822344 -0.047421
v 0.171790 -0.824964 -0.035009
v 0.173581 -0.828744 -0.023340
v 0.162009 -0.819586 -0.060494
v 0.172721 -0.832377 -0.011820
v 0.171277 -0.841636 -0.004077
v 0.168138 -0.849643 0.005167
v 0.163554 -0.857259 0.014132
v 0.156227 -0.853971 0.025089
v 0.110467 -0.859470 0.056260
v 0.149083 -0.861279 0.034192
v 0.140208 -0.864881 0.043663
v 0.130545 -0.866156 0.051150
v 0.118455 -0.869128 0.054996
v 0.097672 -0.861846 0.053716
v 0.086499 -0.862776 0.048781
v 0.075198 -0.862675 0.041187
v 0.061781 -0.866770 0.031157
v 0.052140 -0.863953 0.020438
v 0.038087 -0.851241 0.006927
v 0.033378 -0.856945 -0.002856
v 0.029075 -0.848636 -0.012584
v 0.025749 -0.838324 -0.024521
v 0.043473 -0.861756 0.010188
v 0.051162 -0.804522 -0.078367
v 0.062192 -0.795209 -0.080747
v 0.070672 -0.784899 -0.084077
v 0.041041 -0.815365 -0.075291
v 0.079463 -0.773509 -0.088201
v 0.030900 -0.830675 -0.060753
v 0.036799 -0.825951 -0.070409
v 0.026405 -0.844365 -0.036410
v 0.027886 -0.837295 -0.050023
v 0.091191 -0.771449 -0.092649
v -0.062218 -0.739048 -0.089060
v -0.065452 -0.751588 -0.090776
v -0.056708 -0.758333 -0.086558
v -0.036284 -0.765172 -0.072737
v -0.027146 -0.767212 -0.062314
v -0.046286 -0.765255 -0.081091
v -0.020826 -0.770167 -0.050008
v -0.020752 -0.781808 -0.045382
v -0.020137 -0.783309 -0.031431
v -0.021484 -0.785451 -0.019457
v -0.025820 -0.794210 -0.008566
v -0.031748 -0.798737 0.004505
v -0.040169 -0.804058 0.015782
v -0.106550 -0.705226 -0.089260
v -0.096329 -0.713911 -0.090888
v -0.097323 -0.725871 -0.086916
v -0.085203 -0.734991 -0.088053
v -0.076199 -0.742698 -0.088838
v -0.119213 -0.695110 -0.086202
v -0.129660 -0.672868 -0.084393
v -0.128545 -0.685692 -0.083498
v -0.138485 -0.663038 -0.078551
v -0.145945 -0.652784 -0.072004
v -0.050212 -0.807643 0.025091
v -0.056215 -0.798683 0.034043
v -0.062286 -0.790212 0.042530
v -0.073187 -0.793595 0.050481
v -0.084458 -0.796635 0.055632
v -0.095073 -0.790795 0.060734
v -0.144657 -0.617677 -0.069716
v -0.147673 -0.630345 -0.065642
v -0.153060 -0.643348 -0.066525
v -0.107174 -0.785877 0.063295
v -0.178420 -0.715236 0.003411
v -0.181964 -0.695875 -0.007593
v -0.181081 -0.709584 -0.009121
v -0.163285 -0.748716 0.040261
v -0.168756 -0.741267 0.030799
v -0.173317 -0.741823 0.019625
v -0.175887 -0.731996 0.012968
v -0.178541 -0.727212 -0.000455
v -0.184768 -0.688587 -0.020203
v -0.132025 -0.783816 0.060286
v -0.119499 -0.790575 0.062369
v -0.142315 -0.787239 0.054720
v -0.151339 -0.780331 0.048422
v -0.161394 -0.774230 0.040370
v -0.162107 -0.761000 0.040850
v -0.183415 -0.669193 -0.040649
v -0.175008 -0.663297 -0.046548
v -0.175635 -0.650739 -0.051489
v -0.184464 -0.680966 -0.041665
v -0.185551 -0.687208 -0.033657
v -0.172601 -0.432797 0.069135
v -0.158476 -0.439783 0.082535
v -0.166024 -0.434362 0.076787
v -0.163763 -0.442479 0.078964
v -0.151575 -0.451310 0.089404
v -0.150033 -0.470424 0.091108
v -0.145215 -0.461375 0.094555
v -0.144204 -0.484558 0.094306
v -0.166678 -0.646400 -0.059948
v -0.161087 -0.632855 -0.058781
v -0.086384 -0.433434 0.109802
v -0.106110 -0.427983 0.108433
v -0.110806 -0.434936 0.104108
v -0.129930 -0.437428 0.098206
v -0.118648 -0.442200 0.102653
v -0.138432 -0.444916 0.096743
v -0.146963 -0.441573 0.092201
v 0.096205 -0.782641 -0.095974
v 0.113700 -0.794295 -0.101656
v 0.100817 -0.791738 -0.099300
v 0.122395 -0.799603 -0.100643
v 0.130600 -0.790943 -0.096297
v 0.143371 -0.805184 -0.086310
v 0.133894 -0.803566 -0.094749
v 0.155285 -0.818207 -0.071706
v 0.146656 -0.817314 -0.084138
v 0.164339 -0.831850 -0.057229
v 0.169311 -0.835028 -0.043002
v 0.172509 -0.838965 -0.031605
v 0.172997 -0.844222 -0.017704
v 0.158034 -0.832201 -0.069195
v 0.171766 -0.854592 -0.007863
v 0.168714 -0.862450 0.001428
v 0.163532 -0.868494 0.012034
v 0.156738 -0.867555 0.023855
v 0.104474 -0.872850 0.055592
v 0.146485 -0.873532 0.035100
v 0.136773 -0.877845 0.044368
v 0.126865 -0.877944 0.051080
v 0.115426 -0.881019 0.054610
v 0.092798 -0.876265 0.052379
v 0.081073 -0.874597 0.046402
v 0.071295 -0.873328 0.037803
v 0.064052 -0.881219 0.029639
v 0.056288 -0.876263 0.020549
v 0.047897 -0.874072 0.010100
v 0.029558 -0.863801 -0.013106
v 0.036784 -0.869417 -0.000491
v 0.026591 -0.852169 -0.025139
v 0.053119 -0.816447 -0.083597
v 0.064606 -0.804826 -0.085361
v 0.075090 -0.794722 -0.087032
v 0.085116 -0.785528 -0.090226
v 0.044022 -0.826722 -0.079353
v 0.032150 -0.844418 -0.061743
v 0.037489 -0.837111 -0.073198
v 0.027324 -0.857917 -0.037445
v 0.028916 -0.851118 -0.050249
v -0.079596 -0.755991 -0.091703
v -0.067917 -0.765063 -0.089764
v -0.057452 -0.772073 -0.082256
v -0.042865 -0.774964 -0.076919
v -0.031877 -0.777911 -0.068171
v -0.025419 -0.780294 -0.058506
v -0.021974 -0.795443 -0.039198
v -0.023943 -0.793813 -0.051809
v -0.021808 -0.796876 -0.024093
v -0.028699 -0.807328 -0.004228
v -0.025055 -0.807905 -0.015495
v -0.035825 -0.813021 0.006056
v -0.042868 -0.817899 0.017537
v -0.118591 -0.708091 -0.081939
v -0.107244 -0.717223 -0.084276
v -0.098616 -0.738844 -0.082426
v -0.108039 -0.729909 -0.079627
v -0.087932 -0.747464 -0.085202
v -0.127771 -0.698102 -0.078059
v -0.140403 -0.675538 -0.075915
v -0.138132 -0.688329 -0.072390
v -0.149010 -0.665373 -0.072851
v -0.157508 -0.655451 -0.067534
v -0.053045 -0.820650 0.027011
v -0.059404 -0.812267 0.035062
v -0.065906 -0.802796 0.043247
v -0.076713 -0.806610 0.049946
v -0.088161 -0.811137 0.054944
v -0.096940 -0.803450 0.058764
v -0.107975 -0.798306 0.061799
v -0.180586 -0.720430 -0.012087
v -0.182832 -0.702158 -0.018590
v -0.181846 -0.713048 -0.024392
v -0.169579 -0.753218 0.028877
v -0.175023 -0.750999 0.014083
v -0.177443 -0.740081 0.002955
v -0.179562 -0.733906 -0.011403
v -0.183891 -0.699695 -0.029775
v -0.132245 -0.797118 0.058011
v -0.121314 -0.801115 0.060430
v -0.142604 -0.798950 0.052733
v -0.151830 -0.793523 0.046748
v -0.161289 -0.786727 0.038855
v -0.167302 -0.779480 0.029967
v -0.167964 -0.766829 0.030656
v -0.175747 -0.676881 -0.046602
v -0.165321 -0.671711 -0.050705
v -0.166660 -0.659169 -0.056632
v -0.177962 -0.689205 -0.049377
v -0.183115 -0.695112 -0.042265
v -0.143728 -0.450790 0.094705
v -0.141287 -0.472523 0.096830
v -0.137356 -0.455472 0.097836
v -0.135652 -0.466421 0.098895
v -0.132102 -0.483605 0.099668
v -0.083920 -0.446615 0.106241
v -0.101272 -0.439654 0.103080
v -0.109964 -0.447622 0.104398
v -0.129107 -0.448238 0.098536
v -0.118541 -0.453648 0.103987
v 0.089202 -0.796519 -0.095287
v 0.101386 -0.803837 -0.102086
v 0.113378 -0.808872 -0.103356
v 0.124761 -0.811983 -0.100897
v 0.137238 -0.815425 -0.093461
v 0.151275 -0.829057 -0.079142
v 0.140899 -0.828623 -0.091524
v 0.161480 -0.844390 -0.064329
v 0.166450 -0.843565 -0.051427
v 0.170194 -0.851095 -0.041658
v 0.172992 -0.851510 -0.029514
v 0.173889 -0.858605 -0.019683
v 0.155106 -0.846123 -0.075644
v 0.171785 -0.869902 -0.010441
v 0.167888 -0.875883 0.001474
v 0.161282 -0.879759 0.014284
v 0.152413 -0.881140 0.025693
v 0.102783 -0.886413 0.054587
v 0.143167 -0.886449 0.036185
v 0.133259 -0.892239 0.043994
v 0.123394 -0.889605 0.050644
v 0.112803 -0.895596 0.053076
v 0.084001 -0.886891 0.048108
v 0.093684 -0.890494 0.052767
v 0.074356 -0.885012 0.039383
v 0.059686 -0.890915 0.020803
v 0.067996 -0.895140 0.030911
v 0.051582 -0.886419 0.010901
v 0.041565 -0.882102 0.000035
v 0.027203 -0.864667 -0.026904
v 0.027289 -0.874894 -0.022527
v 0.032292 -0.877141 -0.009264
v 0.055296 -0.827934 -0.087955
v 0.066479 -0.816876 -0.090239
v 0.076846 -0.806519 -0.092156
v 0.046211 -0.839937 -0.082733
v 0.032753 -0.857529 -0.061319
v 0.038935 -0.850358 -0.075254
v 0.027503 -0.871179 -0.037747
v 0.029245 -0.864548 -0.051190
v -0.094436 -0.758596 -0.091639
v -0.084468 -0.766804 -0.089812
v -0.073985 -0.775103 -0.083319
v -0.065143 -0.783402 -0.079868
v -0.051018 -0.783378 -0.077014
v -0.038574 -0.788631 -0.071711
v -0.028187 -0.791512 -0.065513
v -0.022341 -0.808458 -0.030466
v -0.026116 -0.806022 -0.044641
v -0.029597 -0.803824 -0.057339
v -0.029177 -0.819457 -0.006266
v -0.024498 -0.818826 -0.021925
v -0.037141 -0.824637 0.007922
v -0.047351 -0.829638 0.018295
v -0.127290 -0.710388 -0.072287
v -0.118755 -0.719660 -0.075287
v -0.111823 -0.741148 -0.078542
v -0.102690 -0.749975 -0.084359
v -0.121386 -0.732140 -0.074541
v -0.137671 -0.699938 -0.066547
v -0.147907 -0.677722 -0.066374
v -0.146243 -0.690289 -0.062506
v -0.157452 -0.668434 -0.060802
v -0.055710 -0.834695 0.027981
v -0.062338 -0.825571 0.036468
v -0.069212 -0.816871 0.043452
v -0.080495 -0.820823 0.049742
v -0.092637 -0.824805 0.054471
v -0.101427 -0.816459 0.057839
v -0.111245 -0.809974 0.059520
v -0.180321 -0.727013 -0.024050
v -0.181650 -0.707937 -0.039610
v -0.179917 -0.720918 -0.038352
v -0.173007 -0.761667 0.019553
v -0.177314 -0.752743 0.000926
v -0.175725 -0.763942 0.006087
v -0.178900 -0.746005 -0.010000
v -0.179208 -0.739931 -0.022233
v -0.127597 -0.811488 0.057836
v -0.139153 -0.811103 0.053548
v -0.150103 -0.806346 0.046283
v -0.158640 -0.799390 0.037766
v -0.167662 -0.793945 0.028389
v -0.171853 -0.786406 0.019633
v -0.172231 -0.772976 0.019652
v -0.167414 -0.684307 -0.051503
v -0.156282 -0.680361 -0.055124
v -0.178382 -0.702851 -0.050199
v -0.170561 -0.697257 -0.055733
v -0.128415 -0.459079 0.099652
v -0.124004 -0.470756 0.103487
v -0.120580 -0.483334 0.108351
v -0.100463 -0.453599 0.105026
v -0.083277 -0.461809 0.107538
v -0.108965 -0.458877 0.105478
v -0.117759 -0.463186 0.104633
v 0.090492 -0.809761 -0.099557
v 0.102726 -0.816647 -0.104368
v 0.115595 -0.822240 -0.104506
v 0.128371 -0.824247 -0.100402
v 0.148120 -0.839124 -0.085406
v 0.140524 -0.843363 -0.093857
v 0.130913 -0.836328 -0.100268
v 0.160565 -0.856990 -0.067791
v 0.166327 -0.855062 -0.055411
v 0.169455 -0.865157 -0.045733
v 0.172547 -0.863093 -0.033877
v 0.174111 -0.870572 -0.024284
v 0.148063 -0.852110 -0.087117
v 0.154297 -0.860914 -0.078782
v 0.170985 -0.884485 -0.008546
v 0.173097 -0.882190 -0.021207
v 0.165965 -0.888745 0.003968
v 0.159036 -0.891835 0.015677
v 0.149842 -0.893606 0.026540
v 0.099429 -0.902745 0.053574
v 0.141101 -0.899030 0.035518
v 0.133235 -0.907308 0.040684
v 0.123880 -0.901527 0.047796
v 0.113286 -0.908294 0.050666
v 0.078274 -0.897419 0.041391
v 0.087642 -0.900857 0.049635
v 0.060531 -0.904189 0.023123
v 0.051749 -0.900336 0.013551
v 0.073027 -0.906591 0.033404
v 0.042318 -0.895881 0.003087
v 0.034543 -0.891123 -0.007071
v 0.029264 -0.887083 -0.017997
v 0.027706 -0.882401 -0.033065
v 0.058739 -0.841010 -0.092045
v 0.068144 -0.828837 -0.094523
v 0.078633 -0.817863 -0.097306
v 0.049185 -0.851788 -0.086650
v 0.032711 -0.871173 -0.061992
v 0.038464 -0.862405 -0.072757
v 0.044825 -0.863623 -0.082669
v 0.029900 -0.880246 -0.048348
v -0.107795 -0.759913 -0.092461
v -0.100060 -0.769123 -0.089612
v -0.089237 -0.778392 -0.085053
v -0.077853 -0.787430 -0.082904
v -0.067460 -0.794372 -0.081932
v -0.054493 -0.794422 -0.079348
v -0.043780 -0.798322 -0.078448
v -0.034306 -0.800352 -0.070364
v -0.024173 -0.818458 -0.036041
v -0.030893 -0.817688 -0.050689
v -0.036066 -0.813454 -0.065379
v -0.027734 -0.831111 -0.014313
v -0.032137 -0.832863 -0.001724
v -0.024825 -0.830638 -0.028431
v -0.040369 -0.838272 0.011365
v -0.049875 -0.844984 0.019571
v -0.129482 -0.721740 -0.070016
v -0.139253 -0.712021 -0.065233
v -0.126550 -0.742284 -0.078545
v -0.117652 -0.750790 -0.085428
v -0.135146 -0.733324 -0.072851
v -0.148130 -0.701909 -0.060796
v -0.157985 -0.693031 -0.055520
v -0.059017 -0.847963 0.029697
v -0.065891 -0.839076 0.037650
v -0.072983 -0.829756 0.044365
v -0.084399 -0.834294 0.050393
v -0.096140 -0.837544 0.054402
v -0.105449 -0.829007 0.057154
v -0.115932 -0.820889 0.058350
v -0.178233 -0.733909 -0.036709
v -0.177962 -0.715051 -0.049678
v -0.176527 -0.727983 -0.049144
v -0.177908 -0.759076 -0.008056
v -0.175191 -0.777184 0.006968
v -0.177266 -0.772275 -0.005389
v -0.178257 -0.754116 -0.021053
v -0.177036 -0.747939 -0.034914
v -0.127614 -0.823810 0.055902
v -0.138149 -0.823755 0.051887
v -0.148481 -0.819218 0.046303
v -0.157757 -0.812760 0.037773
v -0.166679 -0.806301 0.028435
v -0.172096 -0.800776 0.015769
v -0.174194 -0.789430 0.008644
v -0.171845 -0.709334 -0.057538
v -0.161662 -0.704559 -0.059533
v -0.111066 -0.471996 0.105616
v -0.111007 -0.482563 0.112269
v -0.099403 -0.465818 0.106911
v -0.081366 -0.479225 0.106757
v 0.092050 -0.822553 -0.102495
v 0.103222 -0.830621 -0.106079
v 0.119742 -0.834720 -0.105069
v 0.131340 -0.848172 -0.101538
v 0.140121 -0.857271 -0.095866
v 0.120962 -0.848926 -0.106167
v 0.159183 -0.871198 -0.072053
v 0.164956 -0.867521 -0.059818
v 0.168614 -0.878058 -0.049765
v 0.172766 -0.877611 -0.036363
v 0.147297 -0.867027 -0.090052
v 0.153258 -0.876524 -0.083518
v 0.172917 -0.894654 -0.017939
v 0.169505 -0.898250 -0.005377
v 0.174353 -0.891062 -0.031826
v 0.163765 -0.901540 0.006254
v 0.155243 -0.904091 0.017086
v 0.147667 -0.905301 0.026659
v 0.101804 -0.916753 0.051226
v 0.090986 -0.912808 0.050873
v 0.141107 -0.913885 0.032097
v 0.124381 -0.915172 0.044922
v 0.133661 -0.922718 0.036867
v 0.114427 -0.922432 0.047911
v 0.081784 -0.909977 0.043009
v 0.062323 -0.915799 0.029511
v 0.050899 -0.913973 0.017444
v 0.041744 -0.909141 0.006420
v 0.073237 -0.920369 0.038797
v 0.035050 -0.904230 -0.004790
v 0.030576 -0.899655 -0.016363
v 0.028779 -0.894426 -0.030373
v 0.029509 -0.891452 -0.042129
v 0.059935 -0.852691 -0.094574
v 0.073502 -0.840901 -0.099231
v 0.079480 -0.829941 -0.099889
v 0.054684 -0.864234 -0.092474
v 0.033945 -0.884086 -0.064015
v 0.040251 -0.874921 -0.076286
v 0.048261 -0.877051 -0.087540
v 0.032346 -0.893526 -0.055998
v -0.122386 -0.761850 -0.091340
v -0.113312 -0.771462 -0.088781
v -0.104058 -0.781494 -0.087367
v -0.092013 -0.790702 -0.087358
v -0.079737 -0.797475 -0.087112
v -0.067758 -0.805057 -0.088946
v -0.052972 -0.804105 -0.084104
v -0.041130 -0.809975 -0.077191
v -0.025843 -0.830438 -0.040705
v -0.038581 -0.826238 -0.062422
v -0.031533 -0.831118 -0.052433
v -0.043120 -0.822852 -0.074045
v -0.027161 -0.842605 -0.022698
v -0.030657 -0.843420 -0.009266
v -0.035276 -0.844713 0.002219
v -0.026065 -0.842253 -0.035266
v -0.042043 -0.853161 0.011342
v -0.051177 -0.858874 0.022725
v -0.143306 -0.723018 -0.068147
v -0.151801 -0.714047 -0.064934
v -0.131441 -0.752916 -0.086597
v -0.140456 -0.743958 -0.080923
v -0.147640 -0.734858 -0.075286
v -0.060224 -0.859628 0.032420
v -0.068845 -0.852107 0.039897
v -0.077464 -0.843992 0.044985
v -0.088275 -0.849393 0.050014
v -0.100148 -0.849567 0.053534
v -0.109867 -0.842146 0.055631
v -0.120118 -0.834347 0.056066
v -0.175227 -0.740301 -0.047710
v -0.172409 -0.722770 -0.058598
v -0.171379 -0.735783 -0.057938
v -0.177506 -0.767008 -0.018164
v -0.176710 -0.786326 -0.003327
v -0.177171 -0.781396 -0.015300
v -0.175988 -0.761951 -0.033510
v -0.174545 -0.752082 -0.045759
v -0.132406 -0.836241 0.052911
v -0.144857 -0.833774 0.046742
v -0.155915 -0.825834 0.040270
v -0.164094 -0.819024 0.029966
v -0.169674 -0.813941 0.018463
v -0.175327 -0.799552 0.001682
v -0.174270 -0.811275 0.005550
v -0.164548 -0.717115 -0.063804
v -0.099078 -0.482881 0.107361
v 0.090430 -0.836475 -0.104100
v 0.098592 -0.845214 -0.107358
v 0.110817 -0.841476 -0.107071
v 0.129040 -0.860816 -0.104355
v 0.138058 -0.870675 -0.099301
v 0.107733 -0.854297 -0.109023
v 0.118150 -0.863217 -0.108472
v 0.159111 -0.887034 -0.073725
v 0.163563 -0.879416 -0.063961
v 0.166339 -0.889855 -0.057425
v 0.171449 -0.889703 -0.044518
v 0.145095 -0.880072 -0.094209
v 0.151728 -0.889802 -0.087747
v 0.174868 -0.904939 -0.027622
v 0.171943 -0.908165 -0.013905
v 0.166671 -0.912591 -0.001259
v 0.173457 -0.903034 -0.040080
v 0.160039 -0.915303 0.009737
v 0.150484 -0.916612 0.020775
v 0.093296 -0.926132 0.049586
v 0.103655 -0.931704 0.048772
v 0.082239 -0.922828 0.046123
v 0.143866 -0.926100 0.026226
v 0.124806 -0.928858 0.041908
v 0.137100 -0.934544 0.030851
v 0.116314 -0.936478 0.044367
v 0.063391 -0.930200 0.034210
v 0.055488 -0.924399 0.024874
v 0.043041 -0.922072 0.007888
v 0.048527 -0.929607 0.016686
v 0.036644 -0.917524 -0.003629
v 0.075028 -0.934987 0.040224
v 0.032356 -0.912410 -0.015562
v 0.029951 -0.906787 -0.030880
v 0.030683 -0.904892 -0.044673
v 0.072708 -0.852424 -0.100672
v 0.065903 -0.864758 -0.100128
v 0.084282 -0.848726 -0.104820
v 0.059942 -0.876018 -0.097942
v 0.041088 -0.886445 -0.077821
v 0.036363 -0.897070 -0.068594
v 0.057067 -0.887751 -0.096583
v 0.047537 -0.889333 -0.087454
v 0.033954 -0.907398 -0.060041
v -0.135012 -0.764357 -0.089323
v -0.126240 -0.774070 -0.091696
v -0.116340 -0.784474 -0.093170
v -0.105780 -0.792396 -0.092652
v -0.092983 -0.801226 -0.093791
v -0.081383 -0.809408 -0.094405
v -0.069776 -0.817878 -0.095224
v -0.058337 -0.814570 -0.089216
v -0.049763 -0.817755 -0.084381
v -0.027935 -0.842073 -0.049112
v -0.042965 -0.834709 -0.070817
v -0.035703 -0.840534 -0.060018
v -0.050363 -0.829774 -0.084166
v -0.030051 -0.855704 -0.014486
v -0.027616 -0.854826 -0.028978
v -0.034367 -0.856744 -0.001780
v -0.027893 -0.854236 -0.042544
v -0.037683 -0.868416 0.003314
v -0.044873 -0.865904 0.013917
v -0.050915 -0.875026 0.020540
v -0.058958 -0.871402 0.029729
v -0.155989 -0.725034 -0.069789
v -0.143872 -0.756279 -0.084509
v -0.153714 -0.747438 -0.077244
v -0.157864 -0.737238 -0.073625
v -0.070265 -0.865301 0.038728
v -0.080521 -0.858743 0.045806
v -0.097000 -0.861221 0.051868
v -0.111342 -0.855356 0.053858
v -0.123347 -0.848291 0.053986
v -0.170523 -0.749890 -0.058146
v -0.165859 -0.729352 -0.065155
v -0.164789 -0.743183 -0.066846
v -0.176113 -0.776282 -0.027444
v -0.176441 -0.794944 -0.011423
v -0.175771 -0.790223 -0.025251
v -0.172963 -0.761586 -0.047357
v -0.173646 -0.774114 -0.041379
v -0.136371 -0.847143 0.050056
v -0.145934 -0.847339 0.044385
v -0.155427 -0.839627 0.039510
v -0.162317 -0.832396 0.031739
v -0.168606 -0.827231 0.020768
v -0.173552 -0.824587 0.008308
v -0.176106 -0.808293 -0.008265
v -0.175632 -0.820264 -0.005165
v 0.094188 -0.859066 -0.108243
v 0.126762 -0.874057 -0.106900
v 0.134190 -0.883660 -0.104172
v 0.103739 -0.867028 -0.110358
v 0.114739 -0.875922 -0.110405
v 0.156938 -0.900095 -0.079247
v 0.163433 -0.899487 -0.066755
v 0.169367 -0.901954 -0.052786
v 0.142929 -0.893107 -0.098696
v 0.149523 -0.902946 -0.092652
v 0.174802 -0.916362 -0.036112
v 0.173678 -0.918475 -0.022467
v 0.170184 -0.921218 -0.009891
v 0.163126 -0.926819 0.002603
v 0.172382 -0.915102 -0.048201
v 0.153517 -0.928032 0.014519
v 0.095247 -0.939713 0.047287
v 0.084853 -0.934808 0.046261
v 0.105683 -0.945295 0.045368
v 0.146820 -0.937870 0.020022
v 0.128145 -0.940697 0.036647
v 0.138700 -0.947092 0.026161
v 0.118928 -0.949572 0.040424
v 0.063920 -0.943709 0.034734
v 0.055663 -0.937037 0.025847
v 0.042668 -0.936805 0.006215
v 0.038163 -0.930522 -0.003913
v 0.048944 -0.943215 0.016863
v 0.034488 -0.925261 -0.015160
v 0.084611 -0.946348 0.044570
v 0.074690 -0.950855 0.040106
v 0.031424 -0.920303 -0.028073
v 0.030986 -0.917220 -0.039380
v 0.032388 -0.919654 -0.050928
v 0.080377 -0.862810 -0.105668
v 0.074620 -0.875352 -0.105277
v 0.068551 -0.886758 -0.104144
v 0.043517 -0.900130 -0.081728
v 0.038437 -0.910658 -0.073179
v 0.061576 -0.899813 -0.101872
v 0.052418 -0.901108 -0.093343
v 0.035781 -0.920922 -0.065719
v -0.145330 -0.768717 -0.085683
v -0.137262 -0.778435 -0.091414
v -0.129282 -0.787852 -0.095000
v -0.117597 -0.795992 -0.096900
v -0.106353 -0.805051 -0.097801
v -0.093535 -0.814233 -0.098341
v -0.080887 -0.822474 -0.098851
v -0.068992 -0.831199 -0.098208
v -0.057635 -0.825769 -0.092167
v -0.031325 -0.853033 -0.057438
v -0.040656 -0.850419 -0.070380
v -0.048495 -0.842573 -0.079149
v -0.057874 -0.839857 -0.091976
v -0.028549 -0.866837 -0.022741
v -0.032647 -0.868828 -0.008583
v -0.027927 -0.865792 -0.036014
v -0.029256 -0.864477 -0.051998
v -0.035608 -0.880765 -0.001551
v -0.043166 -0.879250 0.010217
v -0.057655 -0.884327 0.027264
v -0.049084 -0.888979 0.017281
v -0.069027 -0.879324 0.035535
v -0.154535 -0.761496 -0.078541
v -0.162483 -0.754597 -0.070430
v -0.078781 -0.873814 0.043020
v -0.088370 -0.868796 0.048660
v -0.098820 -0.876258 0.050672
v -0.110297 -0.868871 0.051973
v -0.121888 -0.862846 0.052330
v -0.133165 -0.857416 0.050685
v -0.168070 -0.761689 -0.060190
v -0.173619 -0.786578 -0.037406
v -0.175758 -0.804463 -0.021014
v -0.173367 -0.799578 -0.034647
v -0.170255 -0.771755 -0.053236
v -0.170212 -0.783254 -0.050284
v -0.144746 -0.860584 0.044783
v -0.154237 -0.853582 0.038117
v -0.162863 -0.845684 0.030390
v -0.168189 -0.838204 0.021806
v -0.172323 -0.837970 0.010013
v -0.174654 -0.831677 -0.001693
v -0.175486 -0.817906 -0.017926
v -0.175756 -0.832598 -0.014685
v 0.088196 -0.873885 -0.109639
v 0.122673 -0.887065 -0.110088
v 0.131000 -0.897060 -0.108138
v 0.101114 -0.878614 -0.111923
v 0.108923 -0.889428 -0.113278
v 0.155031 -0.912614 -0.084832
v 0.161409 -0.911134 -0.072807
v 0.167287 -0.913447 -0.060264
v 0.140626 -0.906555 -0.101994
v 0.147755 -0.916495 -0.096541
v 0.174238 -0.928800 -0.044135
v 0.175453 -0.929695 -0.031749
v 0.172983 -0.931129 -0.019172
v 0.168221 -0.932884 -0.007319
v 0.163597 -0.942849 -0.001240
v 0.155460 -0.939949 0.009096
v 0.170794 -0.926731 -0.055681
v 0.095306 -0.953298 0.045418
v 0.106968 -0.958569 0.042629
v 0.148152 -0.951010 0.015363
v 0.129600 -0.954105 0.032386
v 0.139702 -0.960283 0.021727
v 0.119934 -0.962825 0.037110
v 0.055436 -0.950631 0.026979
v 0.063231 -0.958206 0.035284
v 0.038628 -0.944636 -0.005049
v 0.042807 -0.951025 0.006113
v 0.035402 -0.938913 -0.016344
v 0.048737 -0.957070 0.017625
v 0.033160 -0.932422 -0.029402
v 0.084545 -0.959897 0.043749
v 0.074365 -0.966163 0.039893
v 0.032627 -0.930180 -0.041782
v 0.034198 -0.931863 -0.055221
v 0.080837 -0.886233 -0.109581
v 0.073754 -0.898913 -0.108868
v 0.045995 -0.912724 -0.086859
v 0.041832 -0.922788 -0.080438
v 0.065496 -0.911742 -0.106233
v 0.055683 -0.913391 -0.098800
v 0.037863 -0.933167 -0.070518
v -0.154807 -0.774778 -0.078280
v -0.146520 -0.782587 -0.086751
v -0.140609 -0.792158 -0.090933
v -0.129860 -0.800222 -0.095715
v -0.117863 -0.809553 -0.099164
v -0.105765 -0.818558 -0.100780
v -0.094243 -0.827505 -0.101494
v -0.080743 -0.835670 -0.101906
v -0.070052 -0.844016 -0.100875
v -0.033938 -0.862991 -0.064972
v -0.042504 -0.861858 -0.077917
v -0.052056 -0.852196 -0.083970
v -0.060220 -0.852577 -0.095141
v -0.028771 -0.878549 -0.029521
v -0.031324 -0.879891 -0.014500
v -0.029455 -0.877220 -0.043268
v -0.032015 -0.875912 -0.059029
v -0.033854 -0.892351 -0.007742
v -0.040147 -0.893604 0.005296
v -0.057180 -0.898063 0.025037
v -0.066385 -0.893482 0.033668
v -0.049101 -0.902587 0.015602
v -0.078033 -0.887915 0.040653
v -0.161681 -0.767704 -0.070272
v -0.088069 -0.882604 0.046509
v -0.098979 -0.889958 0.048751
v -0.112532 -0.882322 0.050787
v -0.123494 -0.875150 0.051263
v -0.135029 -0.869272 0.048737
v -0.165745 -0.776780 -0.063061
v -0.170540 -0.795778 -0.047881
v -0.173777 -0.813039 -0.031571
v -0.170457 -0.808748 -0.045197
v -0.165909 -0.790811 -0.061012
v -0.154641 -0.866425 0.036793
v -0.146307 -0.874893 0.042492
v -0.163901 -0.858500 0.028116
v -0.169460 -0.849670 0.018606
v -0.173163 -0.852069 0.007017
v -0.174648 -0.843842 -0.003420
v -0.174017 -0.826414 -0.028352
v -0.174855 -0.847127 -0.015953
v -0.174304 -0.839527 -0.026851
v 0.094383 -0.888495 -0.112618
v 0.117909 -0.900634 -0.112977
v 0.129621 -0.909686 -0.110256
v 0.101394 -0.900260 -0.115012
v 0.159916 -0.923197 -0.078475
v 0.154083 -0.927219 -0.089361
v 0.165686 -0.925338 -0.068372
v 0.138617 -0.920009 -0.105258
v 0.147186 -0.930497 -0.098991
v 0.173397 -0.941563 -0.052396
v 0.175783 -0.942024 -0.039711
v 0.174496 -0.942994 -0.026689
v 0.170744 -0.943503 -0.014357
v 0.166828 -0.953981 -0.008455
v 0.156427 -0.954584 0.004686
v 0.169010 -0.938026 -0.064896
v 0.095830 -0.966722 0.043300
v 0.107715 -0.970908 0.039548
v 0.148277 -0.964316 0.011048
v 0.129987 -0.966598 0.028129
v 0.139263 -0.973666 0.017799
v 0.119929 -0.975414 0.033367
v 0.054867 -0.964243 0.027632
v 0.063108 -0.970810 0.034884
v 0.035896 -0.952353 -0.017838
v 0.039118 -0.958336 -0.005410
v 0.043671 -0.963815 0.005746
v 0.033578 -0.945298 -0.032263
v 0.049190 -0.969891 0.017030
v 0.084542 -0.973199 0.041729
v 0.073801 -0.980957 0.038713
v 0.033384 -0.943186 -0.046421
v 0.035799 -0.944132 -0.062025
v 0.085960 -0.899843 -0.113228
v 0.078691 -0.911628 -0.112742
v 0.048812 -0.923985 -0.092967
v 0.043433 -0.935036 -0.085736
v 0.059415 -0.925893 -0.103796
v 0.071110 -0.921592 -0.110375
v 0.039453 -0.945787 -0.075806
v -0.160525 -0.783694 -0.071708
v -0.153460 -0.788939 -0.079793
v -0.149688 -0.800418 -0.085063
v -0.140058 -0.805933 -0.092606
v -0.129145 -0.813529 -0.097969
v -0.119929 -0.822819 -0.100937
v -0.106468 -0.831981 -0.103303
v -0.094480 -0.840943 -0.104359
v -0.082460 -0.848889 -0.105125
v -0.072390 -0.857111 -0.103120
v -0.037245 -0.875246 -0.071326
v -0.052743 -0.863189 -0.089701
v -0.045435 -0.875021 -0.083425
v -0.062047 -0.866145 -0.098777
v -0.029445 -0.889700 -0.036882
v -0.030728 -0.891309 -0.021479
v -0.031063 -0.888412 -0.053032
v -0.034962 -0.887617 -0.066524
v -0.031959 -0.903334 -0.016324
v -0.035964 -0.904779 -0.004270
v -0.041323 -0.907002 0.005623
v -0.056062 -0.911719 0.022363
v -0.065360 -0.906888 0.031192
v -0.077478 -0.901965 0.038449
v -0.047858 -0.916890 0.012400
v -0.088309 -0.896823 0.044549
v -0.099680 -0.903959 0.046292
v -0.112685 -0.896102 0.048817
v -0.124699 -0.888568 0.049274
v -0.135755 -0.881853 0.046958
v -0.166561 -0.802719 -0.058489
v -0.171349 -0.821539 -0.041163
v -0.166742 -0.817367 -0.056106
v -0.159838 -0.797343 -0.072204
v -0.164385 -0.871343 0.026852
v -0.156041 -0.880485 0.034387
v -0.147464 -0.889130 0.040398
v -0.169758 -0.861835 0.017486
v -0.175045 -0.857026 -0.006086
v -0.173446 -0.865151 0.005190
v -0.171534 -0.835846 -0.038977
v -0.175662 -0.860393 -0.020171
v -0.173828 -0.851558 -0.030093
v -0.170641 -0.848840 -0.042250
v 0.105882 -0.911277 -0.116373
v 0.119083 -0.913298 -0.114005
v 0.126765 -0.924523 -0.112879
v 0.092508 -0.911523 -0.115497
v 0.161927 -0.936824 -0.078403
v 0.154524 -0.940975 -0.091244
v 0.137477 -0.933737 -0.107381
v 0.145958 -0.943906 -0.101008
v 0.175620 -0.954002 -0.047437
v 0.172114 -0.953612 -0.060573
v 0.175939 -0.954629 -0.034692
v 0.172956 -0.955203 -0.021267
v 0.169203 -0.965870 -0.015282
v 0.161864 -0.963702 -0.003588
v 0.155898 -0.971977 0.002122
v 0.166640 -0.947122 -0.072173
v 0.096500 -0.979277 0.040795
v 0.107888 -0.984236 0.036666
v 0.146927 -0.979769 0.008503
v 0.129944 -0.979727 0.024606
v 0.138636 -0.989188 0.014002
v 0.119344 -0.988868 0.030412
v 0.054189 -0.976465 0.026328
v 0.061385 -0.982823 0.033745
v 0.038492 -0.965580 -0.017708
v 0.035653 -0.960330 -0.029327
v 0.041991 -0.970856 -0.005803
v 0.045948 -0.977980 0.005635
v 0.033651 -0.955774 -0.041118
v 0.049395 -0.984410 0.016087
v 0.085637 -0.987304 0.040307
v 0.075864 -0.995904 0.038483
v 0.063856 -0.994164 0.035097
v 0.034555 -0.955662 -0.053125
v 0.037579 -0.956057 -0.067183
v 0.082925 -0.924659 -0.115811
v 0.052026 -0.936576 -0.097384
v 0.045851 -0.948300 -0.089278
v 0.060799 -0.940794 -0.105909
v 0.071363 -0.933806 -0.112084
v 0.041591 -0.958628 -0.079851
v -0.148068 -0.814020 -0.087664
v -0.156147 -0.810478 -0.077757
v -0.139077 -0.818922 -0.094493
v -0.131635 -0.829755 -0.099442
v -0.120095 -0.836020 -0.103038
v -0.107237 -0.844696 -0.105778
v -0.097100 -0.853844 -0.107280
v -0.084103 -0.862501 -0.107525
v -0.074095 -0.871394 -0.105200
v -0.042780 -0.886543 -0.080970
v -0.054986 -0.875531 -0.093152
v -0.053045 -0.887294 -0.092961
v -0.062999 -0.880753 -0.100588
v -0.029993 -0.901774 -0.031695
v -0.030930 -0.900243 -0.045021
v -0.033738 -0.899150 -0.060625
v -0.038487 -0.898660 -0.073786
v -0.031100 -0.914752 -0.023559
v -0.034231 -0.916862 -0.010365
v -0.039464 -0.919693 0.001199
v -0.064412 -0.920828 0.028685
v -0.054580 -0.925802 0.019157
v -0.077237 -0.915220 0.035789
v -0.088497 -0.910222 0.042085
v -0.044773 -0.931215 0.006736
v -0.113429 -0.909299 0.046846
v -0.100383 -0.918540 0.044368
v -0.124637 -0.900834 0.047343
v -0.136870 -0.894456 0.045018
v -0.162549 -0.809246 -0.067488
v -0.168414 -0.828200 -0.049693
v -0.164371 -0.830873 -0.062772
v -0.160959 -0.821054 -0.070136
v -0.165209 -0.885151 0.024616
v -0.170477 -0.874395 0.015523
v -0.157073 -0.894571 0.032408
v -0.148324 -0.903298 0.038218
v -0.175060 -0.869405 -0.008637
v -0.174194 -0.878018 0.002225
v -0.167356 -0.840738 -0.052525
v -0.175565 -0.873665 -0.023081
v -0.173116 -0.864665 -0.033918
v -0.169618 -0.860379 -0.045805
v -0.166660 -0.852699 -0.056978
v 0.111880 -0.924685 -0.117048
v 0.098835 -0.922872 -0.117823
v 0.117430 -0.937078 -0.116346
v 0.128253 -0.937854 -0.112971
v 0.160576 -0.951056 -0.083811
v 0.152889 -0.954859 -0.095307
v 0.135220 -0.947351 -0.109675
v 0.143476 -0.957845 -0.104616
v 0.175502 -0.966609 -0.053144
v 0.176843 -0.967298 -0.040439
v 0.166940 -0.959178 -0.075123
v 0.172463 -0.967720 -0.066279
v 0.173936 -0.967484 -0.027272
v 0.171074 -0.979369 -0.020915
v 0.164171 -0.976162 -0.009248
v 0.157298 -0.984674 -0.002592
v 0.097856 -0.993234 0.038355
v 0.108886 -0.998154 0.033110
v 0.147983 -0.993248 0.003673
v 0.128540 -0.991768 0.022341
v 0.141765 -1.002859 0.006072
v 0.131361 -1.001459 0.016144
v 0.120388 -1.002129 0.025219
v 0.053729 -0.990144 0.026644
v 0.040470 -0.979493 -0.017070
v 0.037041 -0.974710 -0.029375
v 0.034436 -0.969249 -0.043083
v 0.043170 -0.983936 -0.004825
v 0.043286 -0.993761 0.003940
v 0.048045 -0.997724 0.017117
v 0.087348 -1.001634 0.038651
v 0.066934 -1.005637 0.034482
v 0.077990 -1.009617 0.037533
v 0.056105 -1.001364 0.028152
v 0.034923 -0.968196 -0.056513
v 0.038413 -0.969018 -0.071039
v 0.092863 -0.934019 -0.117987
v 0.082008 -0.940520 -0.116743
v 0.054397 -0.950330 -0.099702
v 0.048006 -0.961727 -0.092053
v 0.062893 -0.955273 -0.108339
v 0.072175 -0.947322 -0.113125
v 0.043610 -0.972309 -0.084011
v -0.153831 -0.824102 -0.080926
v -0.144948 -0.828359 -0.091532
v -0.131241 -0.842915 -0.101414
v -0.141863 -0.840504 -0.094913
v -0.120349 -0.848252 -0.104987
v -0.110608 -0.858815 -0.107959
v -0.097791 -0.867175 -0.109610
v -0.086051 -0.876559 -0.109858
v -0.075117 -0.884379 -0.107410
v -0.046257 -0.898739 -0.087018
v -0.063579 -0.893255 -0.102849
v -0.055543 -0.900090 -0.097721
v -0.030600 -0.913196 -0.039436
v -0.032725 -0.911681 -0.052673
v -0.036323 -0.910697 -0.068213
v -0.042582 -0.910428 -0.082236
v -0.031041 -0.924564 -0.034076
v -0.032766 -0.927014 -0.018760
v -0.037171 -0.929726 -0.006043
v -0.063705 -0.933577 0.025607
v -0.076320 -0.928900 0.033433
v -0.054390 -0.938127 0.016501
v -0.088051 -0.923823 0.039709
v -0.039632 -0.942444 -0.002677
v -0.047477 -0.945588 0.007833
v -0.117465 -0.921406 0.044983
v -0.127196 -0.913568 0.045035
v -0.097250 -0.933379 0.040328
v -0.107195 -0.929877 0.043540
v -0.136636 -0.905372 0.043724
v -0.162692 -0.844502 -0.066653
v -0.158742 -0.834617 -0.074413
v -0.167075 -0.898283 0.021380
v -0.171200 -0.886262 0.013130
v -0.158135 -0.907319 0.030125
v -0.140461 -0.916547 0.040897
v -0.150952 -0.918056 0.034963
v -0.175539 -0.882636 -0.011137
v -0.174935 -0.890321 -0.000797
v -0.175797 -0.887054 -0.024703
v -0.173013 -0.878857 -0.035604
v -0.169324 -0.872733 -0.047139
v -0.165515 -0.865521 -0.060127
v -0.161418 -0.857224 -0.069939
v 0.104401 -0.936506 -0.118840
v 0.109100 -0.949128 -0.119481
v 0.122981 -0.949332 -0.115762
v 0.159874 -0.966060 -0.087931
v 0.150341 -0.968614 -0.099577
v 0.131270 -0.960318 -0.113158
v 0.138613 -0.970952 -0.109632
v 0.177327 -0.979811 -0.046554
v 0.175758 -0.980375 -0.058506
v 0.176243 -0.980181 -0.033514
v 0.167026 -0.970993 -0.078215
v 0.172026 -0.981316 -0.071662
v 0.171811 -0.992626 -0.026216
v 0.165621 -0.989186 -0.014175
v 0.157150 -0.996516 -0.006531
v 0.099399 -1.006377 0.035206
v 0.110648 -1.011087 0.028484
v 0.153253 -1.007936 -0.005451
v 0.142892 -1.015629 0.001072
v 0.133026 -1.012479 0.011165
v 0.122609 -1.014969 0.019457
v 0.036980 -0.989631 -0.025063
v 0.039318 -0.993531 -0.011405
v 0.034734 -0.985584 -0.039087
v 0.034355 -0.981362 -0.050677
v 0.043624 -1.006551 0.007131
v 0.039718 -1.004341 -0.005923
v 0.049874 -1.009594 0.020131
v 0.089474 -1.015067 0.036652
v 0.068409 -1.019237 0.034562
v 0.057380 -1.014474 0.029532
v 0.079495 -1.023557 0.036383
v 0.036565 -0.979951 -0.064440
v 0.039977 -0.983986 -0.076022
v 0.095838 -0.946988 -0.119668
v 0.082502 -0.953907 -0.118115
v 0.056597 -0.964639 -0.102894
v 0.050212 -0.975165 -0.096021
v 0.072907 -0.962436 -0.115172
v 0.063550 -0.971869 -0.110483
v 0.045770 -0.985106 -0.088741
v -0.151267 -0.838069 -0.085939
v -0.139615 -0.853705 -0.097763
v -0.128008 -0.856912 -0.104361
v -0.148935 -0.850844 -0.089455
v -0.108974 -0.871851 -0.110125
v -0.122955 -0.868362 -0.107413
v -0.100779 -0.881017 -0.112278
v -0.085974 -0.889069 -0.112044
v -0.075033 -0.898429 -0.109921
v -0.049953 -0.911237 -0.093766
v -0.062991 -0.908567 -0.105054
v -0.032303 -0.923947 -0.047935
v -0.035503 -0.922024 -0.062269
v -0.039820 -0.921739 -0.075896
v -0.045928 -0.922364 -0.089065
v -0.031324 -0.935578 -0.041818
v -0.031241 -0.937593 -0.029205
v -0.034311 -0.940343 -0.014780
v -0.063631 -0.947489 0.023787
v -0.075660 -0.941795 0.030151
v -0.086522 -0.937130 0.036126
v -0.055746 -0.951856 0.016395
v -0.035721 -0.953307 -0.011705
v -0.041996 -0.956708 -0.000248
v -0.051012 -0.960816 0.010288
v -0.121266 -0.934599 0.042519
v -0.130777 -0.926206 0.042640
v -0.097222 -0.948118 0.038029
v -0.108466 -0.942293 0.040884
v -0.156963 -0.847795 -0.077864
v -0.166916 -0.912497 0.020872
v -0.172344 -0.907661 0.010278
v -0.172677 -0.896601 0.009623
v -0.159576 -0.922444 0.027526
v -0.142717 -0.929620 0.038187
v -0.153296 -0.932610 0.031555
v -0.176071 -0.896432 -0.013017
v -0.175392 -0.903993 -0.002043
v -0.176112 -0.901090 -0.025810
v -0.173250 -0.892419 -0.037093
v -0.169313 -0.885154 -0.048411
v -0.165211 -0.878087 -0.061111
v -0.160026 -0.870389 -0.073048
v -0.154829 -0.861692 -0.081927
v 0.105679 -0.961965 -0.121349
v 0.118730 -0.961949 -0.118263
v 0.156250 -0.980082 -0.094956
v 0.164746 -0.981472 -0.084126
v 0.146474 -0.981944 -0.104442
v 0.126061 -0.973318 -0.116596
v 0.134025 -0.983180 -0.113277
v 0.176896 -0.991064 -0.040465
v 0.177460 -0.993484 -0.052744
v 0.175328 -0.992784 -0.064403
v 0.169784 -0.992288 -0.078239
v 0.175558 -1.002014 -0.036589
v 0.170008 -1.008156 -0.026176
v 0.164183 -1.001886 -0.016296
v 0.100786 -1.019987 0.031866
v 0.111627 -1.024107 0.023923
v 0.161812 -1.014876 -0.016615
v 0.152695 -1.021806 -0.009236
v 0.141491 -1.028689 -0.002018
v 0.132554 -1.023869 0.007817
v 0.122301 -1.028679 0.015106
v 0.036845 -1.002191 -0.020363
v 0.034799 -0.999367 -0.035580
v 0.034685 -0.995607 -0.048914
v 0.036407 -0.991667 -0.061819
v 0.039950 -1.017681 -0.001690
v 0.045005 -1.019244 0.011444
v 0.036814 -1.015531 -0.015651
v 0.051043 -1.023054 0.022426
v 0.090789 -1.028907 0.034065
v 0.070048 -1.032337 0.034422
v 0.057847 -1.028454 0.029870
v 0.080311 -1.036893 0.034816
v 0.039450 -0.996077 -0.073334
v 0.044686 -0.997610 -0.086428
v 0.094371 -0.960033 -0.120966
v 0.083843 -0.968592 -0.120350
v 0.057391 -0.982062 -0.105168
v 0.050842 -0.991260 -0.097526
v 0.074164 -0.977080 -0.117420
v 0.065694 -0.986661 -0.113156
v -0.135455 -0.867036 -0.102494
v -0.146496 -0.864969 -0.093239
v -0.117483 -0.880919 -0.110438
v -0.130504 -0.878555 -0.106385
v -0.110521 -0.892723 -0.113861
v -0.098551 -0.894020 -0.114436
v -0.086818 -0.902920 -0.114394
v -0.076412 -0.911765 -0.112305
v -0.056536 -0.920195 -0.100954
v -0.066504 -0.921915 -0.108815
v -0.033507 -0.936421 -0.054662
v -0.037277 -0.932349 -0.069110
v -0.041810 -0.934609 -0.082613
v -0.049563 -0.932738 -0.095561
v -0.030830 -0.947610 -0.040445
v -0.031855 -0.950512 -0.024883
v -0.062183 -0.963505 0.020696
v -0.074247 -0.955800 0.027317
v -0.085625 -0.950582 0.033834
v -0.033263 -0.962831 -0.021432
v -0.037985 -0.965791 -0.009273
v -0.045125 -0.969826 0.001788
v -0.055892 -0.972522 0.012751
v -0.122602 -0.948136 0.040532
v -0.133430 -0.939172 0.040070
v -0.097736 -0.962713 0.035977
v -0.109173 -0.955798 0.038971
v -0.168313 -0.926641 0.017643
v -0.172206 -0.918884 0.010374
v -0.175860 -0.917117 -0.001873
v -0.162072 -0.936748 0.023474
v -0.145204 -0.942879 0.035203
v -0.155829 -0.947359 0.028235
v -0.176546 -0.911433 -0.013885
v -0.175412 -0.914916 -0.026233
v -0.173474 -0.906217 -0.038242
v -0.169346 -0.898457 -0.049538
v -0.165011 -0.890493 -0.062153
v -0.160075 -0.882625 -0.073337
v -0.152818 -0.875492 -0.086606
v 0.111428 -0.975248 -0.122016
v 0.098096 -0.973577 -0.122879
v 0.152560 -0.993090 -0.099864
v 0.161742 -0.993107 -0.089558
v 0.142064 -0.994330 -0.108509
v 0.121869 -0.985948 -0.119378
v 0.129563 -0.996258 -0.116911
v 0.178185 -1.006084 -0.048380
v 0.178277 -1.008154 -0.060190
v 0.174549 -1.003398 -0.071726
v 0.167934 -1.004558 -0.083785
v 0.176127 -1.015254 -0.039473
v 0.169367 -1.021456 -0.028268
v 0.101285 -1.033497 0.028186
v 0.111814 -1.037293 0.020095
v 0.160322 -1.027877 -0.020089
v 0.150377 -1.034727 -0.012844
v 0.139280 -1.040873 -0.006096
v 0.130787 -1.035573 0.004236
v 0.120614 -1.041503 0.010728
v 0.035134 -1.012651 -0.029629
v 0.034418 -1.009087 -0.045984
v 0.036444 -1.005897 -0.062188
v 0.037217 -1.028261 -0.009664
v 0.041009 -1.031351 0.004638
v 0.046826 -1.032634 0.016570
v 0.034992 -1.026861 -0.024936
v 0.051917 -1.040060 0.023862
v 0.091060 -1.042023 0.031369
v 0.060282 -1.039340 0.030802
v 0.070360 -1.046193 0.033602
v 0.081069 -1.050623 0.032960
v 0.040257 -1.009077 -0.076104
v 0.045668 -1.010950 -0.088930
v 0.051184 -1.005120 -0.098627
v 0.085330 -0.982270 -0.122219
v 0.058612 -0.996731 -0.107487
v 0.076525 -0.991348 -0.119928
v 0.066910 -1.001651 -0.115721
v -0.143013 -0.877244 -0.097381
v -0.125589 -0.890952 -0.110422
v -0.137921 -0.889644 -0.102599
v -0.119791 -0.902690 -0.113253
v -0.103413 -0.905913 -0.116392
v -0.091244 -0.914177 -0.116132
v -0.079036 -0.924272 -0.115127
v -0.059536 -0.933802 -0.105008
v -0.070664 -0.935737 -0.112075
v -0.033030 -0.949657 -0.055058
v -0.036753 -0.944194 -0.068741
v -0.046385 -0.943631 -0.090719
v -0.040695 -0.949540 -0.079820
v -0.054611 -0.946215 -0.100611
v -0.031659 -0.958155 -0.047283
v -0.031075 -0.960122 -0.035514
v -0.066284 -0.977305 0.020516
v -0.075905 -0.968155 0.025916
v -0.085567 -0.962693 0.032041
v -0.030892 -0.973342 -0.032813
v -0.034313 -0.975899 -0.018236
v -0.040084 -0.979465 -0.006580
v -0.049092 -0.982310 0.004580
v -0.058446 -0.986594 0.013335
v -0.124116 -0.961224 0.038403
v -0.135408 -0.952389 0.037740
v -0.111171 -0.968118 0.036378
v -0.100967 -0.975981 0.033940
v -0.088983 -0.974012 0.030954
v -0.170898 -0.939611 0.012560
v -0.174101 -0.929323 0.005552
v -0.176793 -0.928680 -0.006230
v -0.177055 -0.925263 -0.017678
v -0.165140 -0.950332 0.019029
v -0.147450 -0.956331 0.032618
v -0.159033 -0.961080 0.024399
v -0.176158 -0.927588 -0.031253
v -0.173509 -0.919556 -0.039755
v -0.169687 -0.912035 -0.050189
v -0.165168 -0.903671 -0.062750
v -0.159994 -0.896909 -0.073982
v -0.155118 -0.889061 -0.083099
v -0.148024 -0.888999 -0.093859
v 0.109608 -0.988345 -0.123604
v 0.098353 -0.985965 -0.124379
v 0.149424 -1.006280 -0.103764
v 0.158900 -1.006430 -0.094922
v 0.137825 -1.007188 -0.112890
v 0.115558 -1.001435 -0.123466
v 0.126970 -1.009198 -0.119160
v 0.179391 -1.020704 -0.052449
v 0.178448 -1.021224 -0.066432
v 0.173958 -1.014488 -0.076579
v 0.165938 -1.017498 -0.088306
v 0.175422 -1.027676 -0.041174
v 0.167853 -1.034177 -0.030928
v 0.100791 -1.046653 0.024279
v 0.109332 -1.050303 0.015562
v 0.157846 -1.041247 -0.023064
v 0.147101 -1.047967 -0.016763
v 0.128731 -1.047923 -0.000249
v 0.135257 -1.053633 -0.010370
v 0.118635 -1.053773 0.005827
v 0.034028 -1.022157 -0.040568
v 0.035174 -1.018297 -0.056093
v 0.038638 -1.020587 -0.070849
v 0.038583 -1.039829 -0.002437
v 0.035780 -1.038759 -0.015913
v 0.044446 -1.044010 0.012632
v 0.034181 -1.039379 -0.028146
v 0.033963 -1.035035 -0.039990
v 0.059169 -1.051850 0.030061
v 0.050403 -1.054060 0.022309
v 0.091175 -1.055803 0.027734
v 0.070188 -1.060263 0.032877
v 0.081753 -1.062743 0.030842
v 0.043228 -1.023087 -0.084133
v 0.050753 -1.020030 -0.098856
v 0.059123 -1.011611 -0.109179
v 0.088163 -0.995948 -0.124553
v 0.079035 -1.005588 -0.122685
v 0.070430 -1.015218 -0.118978
v -0.132729 -0.902009 -0.108266
v -0.144791 -0.901186 -0.099025
v -0.127059 -0.913521 -0.112403
v -0.114863 -0.913314 -0.115161
v -0.103467 -0.919630 -0.117895
v -0.093181 -0.927757 -0.117699
v -0.081630 -0.937591 -0.116878
v -0.063084 -0.948456 -0.108419
v -0.074767 -0.949047 -0.115019
v -0.036805 -0.956947 -0.068768
v -0.033350 -0.964894 -0.057631
v -0.048226 -0.955435 -0.092380
v -0.040893 -0.962393 -0.080288
v -0.056626 -0.960240 -0.103431
v -0.030864 -0.971202 -0.045112
v -0.069065 -0.991224 0.020321
v -0.080016 -0.981831 0.025967
v -0.030172 -0.985064 -0.043841
v -0.031523 -0.985211 -0.028041
v -0.035432 -0.989132 -0.015447
v -0.042148 -0.992933 -0.004254
v -0.051642 -0.996404 0.005803
v -0.061988 -0.999954 0.013437
v -0.136272 -0.964935 0.035346
v -0.125000 -0.974112 0.036234
v -0.111857 -0.982410 0.034412
v -0.094221 -0.986994 0.030672
v -0.173490 -0.951759 0.007027
v -0.175944 -0.940955 0.000081
v -0.177688 -0.939710 -0.013230
v -0.176811 -0.938926 -0.025695
v -0.169406 -0.962042 0.013311
v -0.148054 -0.968464 0.030225
v -0.156993 -0.973632 0.024064
v -0.166468 -0.973740 0.016312
v -0.174273 -0.936793 -0.040792
v -0.170367 -0.925783 -0.049967
v -0.165506 -0.916048 -0.062876
v -0.160308 -0.909853 -0.074660
v -0.153379 -0.902522 -0.087902
v 0.102288 -0.999565 -0.125837
v 0.144677 -1.017990 -0.108474
v 0.155489 -1.020580 -0.099757
v 0.132251 -1.021419 -0.117169
v 0.118634 -1.016988 -0.123704
v 0.105665 -1.012615 -0.126990
v 0.179412 -1.032206 -0.060915
v 0.178854 -1.035766 -0.050966
v 0.172779 -1.025858 -0.080426
v 0.178180 -1.035068 -0.072536
v 0.164097 -1.029918 -0.091271
v 0.174210 -1.041226 -0.042141
v 0.164909 -1.047577 -0.033110
v 0.099466 -1.060573 0.019264
v 0.108894 -1.061953 0.008311
v 0.153784 -1.054397 -0.027227
v 0.142344 -1.060457 -0.022042
v 0.123212 -1.060553 -0.004057
v 0.130673 -1.064823 -0.015629
v 0.035075 -1.029255 -0.051296
v 0.037316 -1.030932 -0.064715
v 0.041405 -1.034632 -0.078334
v 0.039674 -1.051309 0.002780
v 0.035677 -1.051329 -0.010077
v 0.033440 -1.051699 -0.023827
v 0.043782 -1.059520 0.012005
v 0.032953 -1.049855 -0.039514
v 0.034756 -1.042825 -0.052440
v 0.057589 -1.064200 0.028849
v 0.048916 -1.068220 0.020210
v 0.088926 -1.069195 0.023010
v 0.065972 -1.072375 0.032117
v 0.077150 -1.072645 0.030668
v 0.047523 -1.033298 -0.092450
v 0.055058 -1.030890 -0.104715
v 0.061641 -1.023860 -0.112357
v 0.091473 -1.009518 -0.126787
v 0.081824 -1.019558 -0.125461
v 0.072513 -1.028740 -0.121504
v -0.139561 -0.912844 -0.104368
v -0.148653 -0.913047 -0.096069
v -0.133408 -0.924215 -0.110307
v -0.119371 -0.925470 -0.116012
v -0.106239 -0.932732 -0.118985
v -0.095873 -0.941048 -0.119503
v -0.085113 -0.949777 -0.119025
v -0.067464 -0.961340 -0.112799
v -0.081385 -0.962710 -0.119643
v -0.036308 -0.971602 -0.069861
v -0.032158 -0.978828 -0.055796
v -0.047427 -0.968130 -0.091864
v -0.040858 -0.975879 -0.081377
v -0.061979 -0.973125 -0.109408
v -0.053552 -0.973536 -0.100772
v -0.075185 -1.003177 0.019829
v -0.083294 -0.995104 0.025388
v -0.030536 -1.000227 -0.047954
v -0.032257 -0.991867 -0.056625
v -0.030651 -0.994597 -0.037283
v -0.032923 -0.997511 -0.024452
v -0.037726 -1.001401 -0.013586
v -0.044580 -1.005441 -0.003577
v -0.054172 -1.009144 0.005667
v -0.064423 -1.013914 0.013029
v -0.138506 -0.977877 0.033058
v -0.128478 -0.986458 0.034074
v -0.118959 -0.994008 0.033511
v -0.105551 -0.995504 0.031600
v -0.094389 -0.999816 0.028169
v -0.175339 -0.962785 0.000376
v -0.177578 -0.952090 -0.006452
v -0.178369 -0.951809 -0.019827
v -0.177044 -0.950009 -0.033670
v -0.173404 -0.974309 0.005695
v -0.149386 -0.982999 0.027917
v -0.160093 -0.986738 0.020178
v -0.169510 -0.986336 0.011220
v -0.169545 -0.938903 -0.054192
v -0.173145 -0.950000 -0.046515
v -0.165976 -0.928949 -0.061618
v -0.161380 -0.923468 -0.073596
v -0.155779 -0.916405 -0.084084
v 0.144263 -1.029429 -0.109037
v 0.154389 -1.034899 -0.101120
v 0.122101 -1.030079 -0.123209
v 0.133853 -1.035989 -0.117250
v 0.108256 -1.026276 -0.127792
v 0.095580 -1.022226 -0.128221
v 0.181530 -1.046296 -0.063972
v 0.179535 -1.048836 -0.053273
v 0.172038 -1.038598 -0.083503
v 0.178442 -1.048718 -0.075933
v 0.163365 -1.044228 -0.093008
v 0.171758 -1.053896 -0.044298
v 0.159423 -1.059967 -0.037820
v 0.099600 -1.069815 0.010375
v 0.112130 -1.068903 -0.001833
v 0.147154 -1.066340 -0.032886
v 0.135245 -1.071630 -0.025300
v 0.121029 -1.070203 -0.011701
v 0.125388 -1.078213 -0.019196
v 0.037863 -1.043332 -0.066990
v 0.042258 -1.048642 -0.080453
v 0.047772 -1.046618 -0.093156
v 0.037261 -1.063219 -0.001517
v 0.033409 -1.063489 -0.015406
v 0.031894 -1.063559 -0.029245
v 0.040736 -1.072221 0.007076
v 0.032309 -1.062905 -0.042253
v 0.034734 -1.056165 -0.054147
v 0.055249 -1.076334 0.026156
v 0.046922 -1.080383 0.017075
v 0.091408 -1.077665 0.011889
v 0.080644 -1.080165 0.020713
v 0.071670 -1.084285 0.027177
v 0.062274 -1.085727 0.030814
v 0.054727 -1.043420 -0.105084
v 0.063285 -1.038340 -0.115546
v 0.085100 -1.032570 -0.127600
v 0.076684 -1.041700 -0.125247
v -0.144517 -0.926120 -0.101686
v -0.151972 -0.926109 -0.092532
v -0.128324 -0.934188 -0.113755
v -0.140323 -0.937946 -0.105647
v -0.117840 -0.939730 -0.117824
v -0.106437 -0.946914 -0.120663
v -0.095884 -0.955161 -0.121344
v -0.073533 -0.973775 -0.117129
v -0.095762 -0.967901 -0.123104
v -0.084644 -0.976674 -0.122326
v -0.035046 -0.984789 -0.068030
v -0.047049 -0.983562 -0.092208
v -0.039162 -0.987914 -0.078864
v -0.065487 -0.985241 -0.112761
v -0.056356 -0.984653 -0.103597
v -0.077509 -1.015116 0.018928
v -0.088370 -1.010357 0.024626
v -0.032150 -1.006997 -0.059668
v -0.029710 -1.014187 -0.047685
v -0.030231 -1.007357 -0.036215
v -0.035888 -0.997997 -0.070416
v -0.032964 -1.010861 -0.023428
v -0.038083 -1.015041 -0.013043
v -0.045240 -1.018921 -0.003863
v -0.054432 -1.022574 0.004252
v -0.063150 -1.027174 0.009997
v -0.073163 -1.027224 0.015895
v -0.140316 -0.991918 0.030628
v -0.129497 -1.000149 0.031558
v -0.117081 -1.006729 0.031301
v -0.103123 -1.009506 0.028792
v -0.178412 -0.963572 -0.013283
v -0.177867 -0.974829 -0.006780
v -0.178099 -0.963107 -0.026574
v -0.175973 -0.961966 -0.040166
v -0.176102 -0.986616 -0.000601
v -0.152547 -0.996278 0.024530
v -0.164009 -0.999815 0.015621
v -0.172167 -0.996405 0.005593
v -0.167830 -0.949978 -0.059786
v -0.163573 -0.938556 -0.070197
v -0.171240 -0.961990 -0.053347
v -0.157810 -0.932342 -0.082038
v 0.145332 -1.043039 -0.109191
v 0.155146 -1.050319 -0.101434
v 0.111088 -1.039856 -0.128665
v 0.124258 -1.044339 -0.123730
v 0.135664 -1.050489 -0.117275
v 0.098334 -1.036436 -0.129858
v 0.182428 -1.060096 -0.062293
v 0.181790 -1.060386 -0.071520
v 0.175861 -1.061456 -0.054464
v 0.171236 -1.051588 -0.085707
v 0.175322 -1.063128 -0.082188
v 0.164816 -1.061208 -0.092514
v 0.165276 -1.064560 -0.048489
v 0.155045 -1.071760 -0.043581
v 0.103335 -1.076905 0.000209
v 0.114606 -1.079413 -0.010012
v 0.142201 -1.077640 -0.033403
v 0.133528 -1.085220 -0.025326
v 0.122650 -1.088753 -0.014899
v 0.038301 -1.055312 -0.068416
v 0.041581 -1.062926 -0.077733
v 0.046051 -1.059953 -0.090186
v 0.052134 -1.057678 -0.102432
v 0.034512 -1.073569 -0.007885
v 0.031443 -1.074479 -0.022602
v 0.031040 -1.075927 -0.037186
v 0.039994 -1.085572 0.007095
v 0.034831 -1.084839 -0.002778
v 0.034002 -1.069917 -0.051572
v 0.037436 -1.067065 -0.064783
v 0.053831 -1.089265 0.023175
v 0.045047 -1.093934 0.013680
v 0.097242 -1.084725 0.003507
v 0.086684 -1.087515 0.013295
v 0.079731 -1.092565 0.021906
v 0.073141 -1.097345 0.028753
v 0.061499 -1.097204 0.025904
v 0.060014 -1.053000 -0.113123
v 0.069728 -1.050310 -0.121695
v 0.088162 -1.047370 -0.130032
v 0.078985 -1.056968 -0.128055
v -0.150669 -0.939240 -0.095302
v -0.127427 -0.945548 -0.114854
v -0.146023 -0.949886 -0.100998
v -0.136463 -0.949679 -0.109636
v -0.118187 -0.953454 -0.119333
v -0.107222 -0.961354 -0.122606
v -0.076844 -0.986699 -0.120034
v -0.109181 -0.974676 -0.124286
v -0.098562 -0.980614 -0.125184
v -0.088076 -0.989388 -0.124875
v -0.050297 -0.995990 -0.097103
v -0.043202 -0.996180 -0.085949
v -0.070091 -0.998188 -0.116989
v -0.059552 -0.997321 -0.107941
v -0.086322 -1.024637 0.021292
v -0.097909 -1.022256 0.025687
v -0.030605 -1.022117 -0.057440
v -0.034937 -1.016247 -0.070284
v -0.029640 -1.020507 -0.035836
v -0.028470 -1.028837 -0.046261
v -0.038949 -1.007277 -0.078562
v -0.032784 -1.024431 -0.022964
v -0.038562 -1.028661 -0.012670
v -0.046771 -1.032921 -0.003624
v -0.057205 -1.036510 0.003778
v -0.068344 -1.038840 0.010610
v -0.081804 -1.037212 0.017161
v -0.142659 -1.004099 0.027900
v -0.132719 -1.012399 0.029526
v -0.122567 -1.018549 0.029579
v -0.110200 -1.021116 0.028103
v -0.179409 -0.976029 -0.020203
v -0.179337 -0.987076 -0.012839
v -0.178561 -0.975227 -0.033848
v -0.174463 -0.974009 -0.047081
v -0.177173 -0.999615 -0.005753
v -0.153831 -1.009089 0.021788
v -0.163678 -1.014835 0.014339
v -0.171391 -1.008235 0.006252
v -0.162926 -0.950362 -0.072465
v -0.165917 -0.962546 -0.067361
v -0.157895 -0.945168 -0.082675
v -0.168955 -0.974250 -0.060550
v 0.145746 -1.057409 -0.109803
v 0.154956 -1.063406 -0.101626
v 0.101560 -1.050846 -0.131540
v 0.113820 -1.053446 -0.129308
v 0.127076 -1.058122 -0.123044
v 0.136865 -1.065792 -0.117353
v 0.182997 -1.072790 -0.068781
v 0.175746 -1.072330 -0.061702
v 0.179500 -1.073012 -0.077685
v 0.166657 -1.073450 -0.054882
v 0.168962 -1.074252 -0.088058
v 0.159173 -1.075966 -0.098178
v 0.161162 -1.082700 -0.048848
v 0.150295 -1.082110 -0.040112
v 0.108859 -1.086713 -0.005112
v 0.144443 -1.089760 -0.031318
v 0.137813 -1.096068 -0.021421
v 0.129130 -1.098283 -0.011419
v 0.117644 -1.095083 -0.004517
v 0.040564 -1.077316 -0.074480
v 0.044827 -1.074235 -0.087445
v 0.051358 -1.070438 -0.100062
v 0.058140 -1.067178 -0.111424
v 0.031273 -1.085479 -0.015353
v 0.029642 -1.087968 -0.029046
v 0.030819 -1.091908 -0.041108
v 0.032930 -1.082467 -0.048565
v 0.035981 -1.098703 0.002530
v 0.031608 -1.096169 -0.008109
v 0.036635 -1.080765 -0.062064
v 0.052376 -1.101150 0.017874
v 0.043424 -1.106816 0.009238
v 0.105766 -1.093695 0.004078
v 0.095294 -1.092925 0.011410
v 0.091576 -1.097975 0.021240
v 0.084353 -1.103987 0.026154
v 0.073460 -1.109170 0.022670
v 0.061912 -1.107497 0.020282
v 0.067047 -1.062788 -0.120414
v 0.092126 -1.061039 -0.131832
v 0.073982 -1.069858 -0.126589
v 0.084154 -1.072448 -0.131668
v -0.153315 -0.953560 -0.091420
v -0.128683 -0.959010 -0.115890
v -0.148068 -0.963541 -0.099555
v -0.139654 -0.962173 -0.108232
v -0.119935 -0.967694 -0.120591
v -0.080974 -1.000108 -0.123620
v -0.122706 -0.982009 -0.121330
v -0.110946 -0.987235 -0.125440
v -0.101028 -0.992745 -0.126887
v -0.094404 -1.002275 -0.127614
v -0.046230 -1.008040 -0.091619
v -0.054326 -1.009161 -0.102737
v -0.073878 -1.011068 -0.121082
v -0.062913 -1.010251 -0.112446
v -0.093769 -1.035032 0.022299
v -0.107204 -1.034677 0.025699
v -0.029685 -1.036785 -0.055308
v -0.033379 -1.030402 -0.067055
v -0.041470 -1.018797 -0.084428
v -0.038008 -1.027062 -0.077257
v -0.029612 -1.033265 -0.034371
v -0.028088 -1.042805 -0.044223
v -0.033503 -1.037109 -0.021799
v -0.040286 -1.041389 -0.011897
v -0.049588 -1.045849 -0.003281
v -0.061890 -1.050160 0.004482
v -0.077025 -1.049432 0.012567
v -0.088796 -1.048952 0.018179
v -0.143908 -1.017889 0.025532
v -0.133086 -1.026299 0.027576
v -0.120739 -1.031939 0.027729
v -0.179705 -0.989306 -0.027452
v -0.179814 -0.997635 -0.018192
v -0.177462 -0.986449 -0.040995
v -0.172210 -0.985619 -0.054530
v -0.176552 -1.013525 -0.003741
v -0.179928 -1.010385 -0.015342
v -0.154065 -1.023709 0.019843
v -0.170666 -1.021765 0.005844
v -0.164160 -1.030035 0.012238
v -0.159951 -0.960145 -0.079608
v -0.162925 -0.973955 -0.074951
v -0.166011 -0.985727 -0.068642
v 0.147551 -1.071586 -0.108760
v 0.104468 -1.065299 -0.132549
v 0.117682 -1.064679 -0.128896
v 0.127639 -1.074492 -0.124436
v 0.138641 -1.080152 -0.117217
v 0.180983 -1.086750 -0.071742
v 0.180792 -1.084410 -0.062014
v 0.172100 -1.084480 -0.055588
v 0.174845 -1.083983 -0.081165
v 0.166558 -1.089833 -0.089883
v 0.149447 -1.084626 -0.107841
v 0.157925 -1.089636 -0.099515
v 0.168714 -1.093820 -0.046783
v 0.156562 -1.092670 -0.039041
v 0.151188 -1.099128 -0.028724
v 0.148254 -1.106518 -0.017679
v 0.138539 -1.106198 -0.008890
v 0.125925 -1.103793 0.000348
v 0.114925 -1.101275 0.007948
v 0.039339 -1.091876 -0.070237
v 0.043544 -1.088336 -0.083006
v 0.048424 -1.084920 -0.096530
v 0.055905 -1.081128 -0.109247
v 0.064299 -1.078268 -0.119930
v 0.028960 -1.099049 -0.020243
v 0.028733 -1.101928 -0.033308
v 0.035071 -1.093717 -0.056383
v 0.032443 -1.102378 -0.048103
v 0.034934 -1.113966 0.000620
v 0.030177 -1.107061 -0.006864
v 0.052620 -1.113793 0.012804
v 0.043663 -1.120589 0.005205
v 0.102767 -1.099971 0.015853
v 0.098325 -1.107080 0.022547
v 0.085822 -1.113902 0.021359
v 0.097232 -1.116052 0.020985
v 0.077890 -1.119762 0.014656
v 0.065014 -1.117712 0.014484
v 0.095772 -1.076869 -0.134096
v 0.075752 -1.082798 -0.129218
v 0.084947 -1.088738 -0.133633
v -0.155577 -0.967317 -0.088253
v -0.130850 -0.972006 -0.115964
v -0.150475 -0.977115 -0.097353
v -0.142201 -0.974591 -0.106845
v -0.085428 -1.012809 -0.126959
v -0.134456 -0.983701 -0.114383
v -0.128918 -0.993817 -0.119289
v -0.119237 -0.996584 -0.124047
v -0.108343 -1.003515 -0.127933
v -0.099054 -1.014135 -0.129687
v -0.048839 -1.021170 -0.096355
v -0.057753 -1.021441 -0.107098
v -0.078318 -1.023080 -0.124720
v -0.066884 -1.022141 -0.116830
v -0.101316 -1.045442 0.022754
v -0.118630 -1.044933 0.025413
v -0.032694 -1.043342 -0.066864
v -0.028469 -1.052205 -0.055015
v -0.038309 -1.040862 -0.078733
v -0.044400 -1.031388 -0.089017
v -0.029121 -1.046865 -0.032238
v -0.026715 -1.056255 -0.042145
v -0.033912 -1.050769 -0.020729
v -0.041664 -1.054889 -0.011589
v -0.052101 -1.058080 -0.003515
v -0.062636 -1.064370 0.001736
v -0.071759 -1.059470 0.008352
v -0.084589 -1.063392 0.013656
v -0.096500 -1.059182 0.019277
v -0.143762 -1.032069 0.023841
v -0.131610 -1.039143 0.025656
v -0.178721 -0.999664 -0.038021
v -0.180255 -1.005875 -0.027269
v -0.174610 -0.996354 -0.049230
v -0.169637 -0.997824 -0.060838
v -0.175975 -1.026835 -0.003487
v -0.179825 -1.024055 -0.013897
v -0.180765 -1.019755 -0.025736
v -0.153927 -1.037443 0.017776
v -0.171568 -1.035907 0.002485
v -0.164100 -1.043487 0.009678
v -0.157691 -0.979204 -0.085311
v -0.160381 -0.989357 -0.080279
v -0.164029 -0.999967 -0.073835
v 0.106421 -1.083159 -0.134296
v 0.114209 -1.075249 -0.131243
v 0.120174 -1.086652 -0.129729
v 0.131205 -1.089922 -0.123654
v 0.141203 -1.094115 -0.115963
v 0.173234 -1.096883 -0.080668
v 0.180946 -1.097440 -0.061725
v 0.177271 -1.099682 -0.070855
v 0.178672 -1.095130 -0.052823
v 0.159794 -1.102565 -0.096738
v 0.166967 -1.106470 -0.086639
v 0.150689 -1.099265 -0.106835
v 0.174891 -1.104402 -0.043841
v 0.165366 -1.101492 -0.035481
v 0.160445 -1.108928 -0.024796
v 0.156640 -1.117128 -0.013963
v 0.146869 -1.115838 -0.004773
v 0.134913 -1.112771 0.003874
v 0.123792 -1.110213 0.012067
v 0.112001 -1.108716 0.018177
v 0.038138 -1.104993 -0.064822
v 0.042558 -1.102208 -0.078485
v 0.047265 -1.097588 -0.092190
v 0.053151 -1.094667 -0.105233
v 0.060925 -1.091899 -0.116469
v 0.069612 -1.091209 -0.125711
v 0.027122 -1.110940 -0.017427
v 0.027418 -1.115108 -0.028766
v 0.030377 -1.113718 -0.040350
v 0.035022 -1.114208 -0.053621
v 0.033465 -1.126534 -0.004323
v 0.027738 -1.119683 -0.008923
v 0.056220 -1.123610 0.005776
v 0.046469 -1.130181 -0.002062
v 0.109238 -1.116952 0.020113
v 0.091352 -1.123598 0.013801
v 0.104481 -1.125169 0.014614
v 0.083007 -1.129498 0.006120
v 0.069413 -1.126689 0.005617
v 0.097295 -1.092127 -0.135858
v 0.076828 -1.100729 -0.131894
v 0.088862 -1.102967 -0.136344
v -0.153342 -0.989770 -0.093341
v -0.145074 -0.986620 -0.104461
v -0.089754 -1.025090 -0.129682
v -0.139102 -0.997180 -0.111747
v -0.132404 -1.006109 -0.118272
v -0.122153 -1.009427 -0.124581
v -0.111421 -1.016535 -0.129145
v -0.102146 -1.026606 -0.131019
v -0.051585 -1.033208 -0.100369
v -0.061048 -1.033561 -0.111888
v -0.082595 -1.036170 -0.128339
v -0.071885 -1.034490 -0.121636
v -0.108804 -1.054172 0.023120
v -0.120478 -1.059933 0.023485
v -0.131305 -1.052383 0.023831
v -0.033861 -1.054552 -0.070137
v -0.026432 -1.066625 -0.050133
v -0.030487 -1.064116 -0.062269
v -0.046029 -1.044118 -0.092265
v -0.040407 -1.053632 -0.082979
v -0.028986 -1.060069 -0.029656
v -0.026259 -1.069027 -0.038251
v -0.035064 -1.064649 -0.019315
v -0.043472 -1.068489 -0.011611
v -0.054289 -1.070194 -0.005823
v -0.064371 -1.076704 -0.003032
v -0.074055 -1.071234 0.005504
v -0.085351 -1.077445 0.009475
v -0.095075 -1.071535 0.016556
v -0.107338 -1.067092 0.021052
v -0.143076 -1.045063 0.021994
v -0.179400 -1.014494 -0.038605
v -0.174931 -1.009084 -0.050335
v -0.168552 -1.010244 -0.064240
v -0.178305 -1.037697 -0.009482
v -0.181024 -1.033927 -0.022109
v -0.180425 -1.028796 -0.035097
v -0.153533 -1.051383 0.016268
v -0.172662 -1.049237 0.000064
v -0.163952 -1.057027 0.008395
v -0.157384 -1.002527 -0.086757
v -0.162574 -1.013077 -0.077552
v 0.110273 -1.096157 -0.134800
v 0.122924 -1.100115 -0.129443
v 0.133840 -1.104445 -0.122773
v 0.143619 -1.109185 -0.114548
v 0.172768 -1.111320 -0.075538
v 0.176929 -1.111252 -0.063436
v 0.178510 -1.107342 -0.052942
v 0.152859 -1.113605 -0.104394
v 0.160402 -1.117630 -0.093807
v 0.167025 -1.121220 -0.082461
v 0.175907 -1.117232 -0.044091
v 0.170925 -1.112932 -0.033439
v 0.165983 -1.120508 -0.022938
v 0.160697 -1.129040 -0.013687
v 0.152773 -1.126495 -0.003688
v 0.142600 -1.123849 0.006096
v 0.133243 -1.119472 0.013807
v 0.121711 -1.118184 0.018326
v 0.039280 -1.118763 -0.065746
v 0.042952 -1.117678 -0.078246
v 0.045954 -1.110658 -0.088454
v 0.051189 -1.108747 -0.101462
v 0.057174 -1.106217 -0.113020
v 0.066330 -1.103859 -0.123962
v 0.024926 -1.124503 -0.020746
v 0.028321 -1.128259 -0.033373
v 0.033078 -1.125198 -0.044826
v 0.038079 -1.128817 -0.057476
v 0.040336 -1.135747 -0.009137
v 0.031529 -1.139088 -0.010197
v 0.025084 -1.131256 -0.012366
v 0.060570 -1.133295 -0.002422
v 0.051034 -1.141683 -0.008111
v 0.117608 -1.126756 0.014673
v 0.096992 -1.131975 0.005933
v 0.110969 -1.134203 0.007832
v 0.087594 -1.137789 0.000866
v 0.073888 -1.135293 -0.000560
v 0.101571 -1.106167 -0.137477
v 0.071601 -1.115199 -0.129932
v 0.081778 -1.115569 -0.135740
v 0.093831 -1.117027 -0.138767
v -0.148375 -0.999060 -0.101208
v -0.095013 -1.038046 -0.132126
v -0.142797 -1.011280 -0.109284
v -0.132819 -1.018480 -0.119328
v -0.123020 -1.022549 -0.125542
v -0.113181 -1.028876 -0.129904
v -0.107803 -1.039916 -0.132287
v -0.055211 -1.044341 -0.105425
v -0.064407 -1.045311 -0.116730
v -0.075564 -1.047350 -0.125656
v -0.086825 -1.049210 -0.131825
v -0.119224 -1.072893 0.021302
v -0.131572 -1.066583 0.021787
v -0.142835 -1.058863 0.020346
v -0.037135 -1.064345 -0.076166
v -0.024947 -1.079247 -0.045932
v -0.028364 -1.077785 -0.058006
v -0.033991 -1.075325 -0.069520
v -0.049496 -1.055168 -0.098406
v -0.044902 -1.063707 -0.090341
v -0.029906 -1.073777 -0.027175
v -0.025215 -1.082707 -0.035106
v -0.038309 -1.077949 -0.018198
v -0.050491 -1.081349 -0.012402
v -0.064607 -1.087214 -0.008651
v -0.075593 -1.083864 -0.000279
v -0.087036 -1.090295 0.003637
v -0.096030 -1.085085 0.013483
v -0.106532 -1.079325 0.019097
v -0.177172 -1.024884 -0.046622
v -0.172481 -1.020224 -0.056857
v -0.167286 -1.023507 -0.068916
v -0.178853 -1.049807 -0.011084
v -0.181211 -1.047867 -0.021529
v -0.181265 -1.042726 -0.033601
v -0.177722 -1.037806 -0.045285
v -0.153355 -1.065233 0.014529
v -0.171167 -1.064297 0.000703
v -0.177110 -1.060177 -0.007498
v -0.162314 -1.070910 0.006867
v -0.156588 -1.017517 -0.088887
v -0.151038 -1.009850 -0.098154
v -0.160616 -1.026488 -0.080994
v 0.114060 -1.110497 -0.134972
v 0.125612 -1.114595 -0.129325
v 0.136156 -1.119035 -0.121817
v 0.145993 -1.123695 -0.111885
v 0.172051 -1.124882 -0.068394
v 0.175848 -1.121323 -0.055284
v 0.153138 -1.128386 -0.102439
v 0.159568 -1.131510 -0.091181
v 0.165441 -1.133700 -0.079309
v 0.173991 -1.129778 -0.045850
v 0.171409 -1.125498 -0.033759
v 0.166600 -1.133224 -0.024326
v 0.161706 -1.143644 -0.015415
v 0.156009 -1.139209 -0.005242
v 0.148409 -1.135084 0.005491
v 0.139255 -1.131632 0.014877
v 0.129399 -1.129010 0.014777
v 0.041943 -1.130697 -0.070520
v 0.046062 -1.129843 -0.085399
v 0.048318 -1.121618 -0.094841
v 0.054141 -1.121187 -0.108365
v 0.062253 -1.116889 -0.120713
v 0.025925 -1.137330 -0.023437
v 0.032905 -1.141473 -0.035027
v 0.035232 -1.137405 -0.046558
v 0.042010 -1.142687 -0.060672
v 0.041591 -1.146983 -0.010341
v 0.032402 -1.150379 -0.010418
v 0.025563 -1.143085 -0.015665
v 0.064315 -1.142840 -0.004929
v 0.053086 -1.151518 -0.005646
v 0.123726 -1.138248 0.011265
v 0.100196 -1.141581 0.004407
v 0.113113 -1.144266 0.008337
v 0.089623 -1.146496 0.002346
v 0.077093 -1.144027 -0.001179
v 0.106056 -1.119940 -0.138425
v 0.067093 -1.128456 -0.127352
v 0.076633 -1.128656 -0.134621
v 0.087825 -1.129510 -0.139419
v 0.098821 -1.129960 -0.140475
v -0.100465 -1.050636 -0.133940
v -0.148755 -1.021459 -0.101599
v -0.141018 -1.024999 -0.111881
v -0.131150 -1.031729 -0.121713
v -0.121134 -1.038689 -0.128479
v -0.114318 -1.051506 -0.132528
v -0.058802 -1.056051 -0.111166
v -0.068490 -1.057478 -0.120949
v -0.078943 -1.059168 -0.129124
v -0.091949 -1.060689 -0.134147
v -0.118519 -1.086463 0.019494
v -0.130489 -1.079503 0.019555
v -0.142101 -1.072003 0.018068
v -0.041307 -1.074977 -0.083533
v -0.026675 -1.090667 -0.053127
v -0.022911 -1.092967 -0.042339
v -0.032664 -1.088776 -0.065775
v -0.038021 -1.086025 -0.076838
v -0.053332 -1.065908 -0.103836
v -0.047936 -1.076287 -0.095955
v -0.031297 -1.086919 -0.025581
v -0.026018 -1.096337 -0.033354
v -0.042651 -1.090659 -0.020598
v -0.055076 -1.093439 -0.016053
v -0.065602 -1.097958 -0.010969
v -0.075659 -1.095714 -0.004661
v -0.085150 -1.101794 0.001258
v -0.097170 -1.097645 0.008038
v -0.106553 -1.093015 0.017098
v -0.171818 -1.033246 -0.058000
v -0.165262 -1.035398 -0.072387
v -0.181133 -1.063027 -0.019089
v -0.181464 -1.057667 -0.030552
v -0.179168 -1.052176 -0.042475
v -0.174277 -1.047646 -0.053660
v -0.152497 -1.078513 0.012531
v -0.170507 -1.077430 -0.001296
v -0.177378 -1.071660 -0.009853
v -0.162627 -1.085330 0.005394
v -0.154371 -1.030799 -0.093062
v -0.159232 -1.040888 -0.084219
v 0.116784 -1.125810 -0.135467
v 0.127799 -1.128261 -0.129418
v 0.138443 -1.132491 -0.120499
v 0.146342 -1.138436 -0.110333
v 0.168348 -1.138860 -0.068814
v 0.172402 -1.134558 -0.057557
v 0.153045 -1.144086 -0.099689
v 0.159495 -1.144187 -0.086646
v 0.162960 -1.149967 -0.075296
v 0.171166 -1.144448 -0.047770
v 0.171320 -1.138898 -0.036286
v 0.166689 -1.146147 -0.026857
v 0.157597 -1.154122 -0.009114
v 0.164097 -1.156037 -0.021877
v 0.151141 -1.146986 0.001482
v 0.142759 -1.143311 0.013464
v 0.133658 -1.143551 0.017866
v 0.045711 -1.141776 -0.076963
v 0.050694 -1.133283 -0.100318
v 0.049157 -1.143343 -0.091369
v 0.059536 -1.129056 -0.117558
v 0.056037 -1.138875 -0.111331
v 0.030588 -1.150063 -0.024669
v 0.039980 -1.149147 -0.046981
v 0.036774 -1.155357 -0.035030
v 0.045498 -1.156550 -0.056775
v 0.046576 -1.153131 -0.070097
v 0.041579 -1.155784 -0.002348
v 0.034455 -1.161132 -0.004907
v 0.028742 -1.155329 -0.015149
v 0.065729 -1.149953 -0.002595
v 0.051390 -1.158622 0.005100
v 0.062268 -1.156132 0.005320
v 0.123597 -1.149857 0.013963
v 0.101090 -1.149626 0.007961
v 0.111592 -1.152207 0.015122
v 0.088211 -1.154726 0.009957
v 0.076019 -1.152880 0.003203
v 0.108636 -1.135940 -0.139659
v 0.062758 -1.141395 -0.123370
v 0.071754 -1.141616 -0.132736
v 0.083781 -1.142095 -0.139779
v 0.096264 -1.143175 -0.142298
v -0.104823 -1.062119 -0.135285
v -0.147698 -1.034759 -0.104067
v -0.139437 -1.038049 -0.115094
v -0.129685 -1.045439 -0.124555
v -0.125035 -1.056649 -0.128835
v -0.116666 -1.065349 -0.133697
v -0.061398 -1.068468 -0.114932
v -0.071745 -1.070088 -0.125167
v -0.082469 -1.071398 -0.132328
v -0.095372 -1.073059 -0.136230
v -0.118007 -1.099185 0.016916
v -0.130047 -1.093003 0.017128
v -0.141808 -1.085813 0.016036
v -0.044059 -1.087807 -0.088642
v -0.032152 -1.100243 -0.062942
v -0.025454 -1.102828 -0.049853
v -0.021781 -1.105528 -0.038723
v -0.039147 -1.098018 -0.077357
v -0.055824 -1.079228 -0.108339
v -0.050510 -1.089677 -0.100883
v -0.035620 -1.099128 -0.028435
v -0.028497 -1.108738 -0.031429
v -0.047349 -1.102233 -0.021850
v -0.057981 -1.105688 -0.012660
v -0.070754 -1.107608 -0.003256
v -0.080138 -1.112544 0.005462
v -0.093660 -1.108514 0.008961
v -0.105983 -1.104604 0.014221
v -0.168829 -1.044736 -0.064513
v -0.163615 -1.049508 -0.076162
v -0.180554 -1.078020 -0.019698
v -0.181048 -1.071440 -0.029878
v -0.179390 -1.066230 -0.041176
v -0.175458 -1.061416 -0.051780
v -0.169382 -1.057556 -0.063833
v -0.152337 -1.092333 0.011182
v -0.171430 -1.091780 -0.002171
v -0.177355 -1.085150 -0.010007
v -0.163491 -1.098720 0.004245
v -0.153227 -1.045319 -0.095827
v -0.157880 -1.056998 -0.087534
v 0.119484 -1.142030 -0.135529
v 0.130780 -1.140771 -0.127960
v 0.138907 -1.147281 -0.119761
v 0.145764 -1.153123 -0.109964
v 0.167805 -1.149895 -0.061279
v 0.154693 -1.155287 -0.092362
v 0.148825 -1.162667 -0.101353
v 0.158174 -1.161837 -0.080774
v 0.161827 -1.163417 -0.067877
v 0.168163 -1.156575 -0.050032
v 0.168923 -1.154165 -0.036820
v 0.159966 -1.167058 -0.017810
v 0.151366 -1.167052 -0.009132
v 0.148288 -1.160778 0.000201
v 0.166182 -1.167012 -0.029506
v 0.143461 -1.153756 0.009354
v 0.138380 -1.152872 0.017125
v 0.129366 -1.153872 0.021453
v 0.048856 -1.154431 -0.083789
v 0.053511 -1.148882 -0.103471
v 0.051475 -1.159894 -0.095401
v 0.058274 -1.151912 -0.116284
v 0.035459 -1.163687 -0.023736
v 0.043529 -1.163641 -0.045808
v 0.040993 -1.168460 -0.034775
v 0.049137 -1.172884 -0.054315
v 0.048872 -1.165787 -0.066008
v 0.051242 -1.166783 -0.079538
v 0.043822 -1.165642 0.002976
v 0.034109 -1.165813 -0.012536
v 0.039430 -1.171823 -0.003940
v 0.052470 -1.170682 0.011503
v 0.061124 -1.163022 0.013853
v 0.074138 -1.158332 0.012909
v 0.118479 -1.155272 0.023838
v 0.098206 -1.155724 0.017860
v 0.106280 -1.157188 0.024791
v 0.085783 -1.160654 0.020939
v 0.108391 -1.149485 -0.141080
v 0.065842 -1.153432 -0.128137
v 0.075952 -1.153862 -0.137366
v 0.087777 -1.155905 -0.142681
v 0.098393 -1.157545 -0.143977
v -0.106983 -1.075489 -0.136827
v -0.146228 -1.047779 -0.107079
v -0.137831 -1.050099 -0.117920
v -0.133855 -1.060542 -0.122217
v -0.128132 -1.071182 -0.128247
v -0.117663 -1.078789 -0.134944
v -0.064623 -1.080828 -0.119813
v -0.075253 -1.082698 -0.129412
v -0.086079 -1.083858 -0.135235
v -0.098992 -1.086439 -0.138498
v -0.116798 -1.112236 0.011871
v -0.128903 -1.105768 0.013078
v -0.141139 -1.099563 0.013515
v -0.046088 -1.098768 -0.092096
v -0.030692 -1.112783 -0.057313
v -0.036966 -1.110463 -0.070767
v -0.024835 -1.115808 -0.044478
v -0.023726 -1.118668 -0.033403
v -0.043096 -1.109188 -0.084780
v -0.058887 -1.090877 -0.113561
v -0.054098 -1.100737 -0.106713
v -0.037215 -1.110840 -0.023467
v -0.028532 -1.120837 -0.022530
v -0.046120 -1.113225 -0.013872
v -0.057875 -1.115558 -0.004211
v -0.067484 -1.119218 0.002429
v -0.076952 -1.123017 0.004053
v -0.089810 -1.119114 0.008164
v -0.102818 -1.116114 0.010649
v -0.163533 -1.061482 -0.075747
v -0.180372 -1.092940 -0.019656
v -0.181155 -1.086660 -0.029492
v -0.179642 -1.080560 -0.040521
v -0.175310 -1.075270 -0.051203
v -0.170278 -1.069630 -0.061248
v -0.153572 -1.104908 0.008393
v -0.171669 -1.105108 -0.003319
v -0.177054 -1.099750 -0.010406
v -0.164001 -1.111248 0.002408
v -0.151069 -1.058819 -0.100336
v -0.159603 -1.071162 -0.083811
v -0.153755 -1.070326 -0.095401
v 0.118017 -1.157695 -0.137591
v 0.127965 -1.153205 -0.130020
v 0.135833 -1.160645 -0.121595
v 0.142702 -1.168342 -0.114155
v 0.164370 -1.167261 -0.055082
v 0.151793 -1.170491 -0.090746
v 0.145129 -1.176589 -0.103021
v 0.154920 -1.176354 -0.077859
v 0.159643 -1.177341 -0.062996
v 0.166265 -1.167512 -0.041887
v 0.151655 -1.177637 -0.014931
v 0.162002 -1.178952 -0.023478
v 0.140274 -1.172732 -0.004032
v 0.138383 -1.163742 0.008055
v 0.164273 -1.180004 -0.035097
v 0.130747 -1.163422 0.017326
v 0.121009 -1.163002 0.024658
v 0.056292 -1.163332 -0.108467
v 0.052888 -1.172781 -0.092430
v 0.055898 -1.176636 -0.103994
v 0.061350 -1.164252 -0.122067
v 0.041621 -1.177842 -0.028244
v 0.038616 -1.174043 -0.015815
v 0.046122 -1.179467 -0.042856
v 0.052361 -1.178233 -0.067790
v 0.052082 -1.187386 -0.056066
v 0.054026 -1.180910 -0.081203
v 0.047597 -1.177592 0.005045
v 0.044031 -1.182193 -0.005485
v 0.055897 -1.183923 0.013787
v 0.061640 -1.172973 0.019251
v 0.071066 -1.166022 0.022089
v 0.107963 -1.164518 0.030615
v 0.095672 -1.163368 0.029838
v 0.082161 -1.168517 0.028681
v 0.106950 -1.165088 -0.143080
v 0.070082 -1.165222 -0.133666
v 0.081600 -1.167678 -0.141895
v 0.094100 -1.170828 -0.145749
v -0.110292 -1.089339 -0.138416
v -0.143335 -1.060066 -0.111501
v -0.138570 -1.071862 -0.118716
v -0.134831 -1.083652 -0.123662
v -0.126219 -1.084912 -0.131067
v -0.119309 -1.095077 -0.136030
v -0.068270 -1.092889 -0.124550
v -0.078084 -1.095129 -0.132594
v -0.090170 -1.095837 -0.137848
v -0.102809 -1.099407 -0.140305
v -0.122652 -1.121098 0.004195
v -0.132767 -1.116780 0.007201
v -0.110845 -1.122274 0.003104
v -0.142911 -1.111162 0.009282
v -0.049872 -1.109977 -0.098980
v -0.035792 -1.122873 -0.064923
v -0.029887 -1.125038 -0.051034
v -0.041446 -1.121418 -0.078692
v -0.025984 -1.127716 -0.039054
v -0.026817 -1.130553 -0.027411
v -0.046664 -1.120958 -0.091703
v -0.062817 -1.103629 -0.119113
v -0.057123 -1.113357 -0.112105
v -0.036565 -1.120533 -0.015111
v -0.030555 -1.134123 -0.017379
v -0.046129 -1.122833 -0.007102
v -0.056447 -1.126327 -0.001139
v -0.066065 -1.130057 -0.001107
v -0.077647 -1.132617 -0.004217
v -0.087702 -1.127649 -0.000242
v -0.098627 -1.125299 0.001127
v -0.165531 -1.073312 -0.072006
v -0.179804 -1.106828 -0.020198
v -0.180762 -1.101460 -0.029736
v -0.179289 -1.094740 -0.040813
v -0.175041 -1.088350 -0.051561
v -0.169120 -1.083540 -0.063609
v -0.154860 -1.118368 0.005070
v -0.171929 -1.119168 -0.003288
v -0.176771 -1.113198 -0.010904
v -0.164327 -1.125278 0.000242
v -0.147130 -1.071466 -0.106929
v -0.162809 -1.084302 -0.077573
v -0.156691 -1.083422 -0.089888
v -0.150496 -1.083636 -0.102053
v 0.116636 -1.172618 -0.139329
v 0.126491 -1.167048 -0.131487
v 0.134239 -1.174949 -0.123842
v 0.139546 -1.183869 -0.114520
v 0.162084 -1.179473 -0.048412
v 0.148546 -1.184013 -0.091935
v 0.144182 -1.190944 -0.103606
v 0.150303 -1.190235 -0.081994
v 0.153608 -1.189657 -0.069622
v 0.157251 -1.190393 -0.055261
v 0.154985 -1.188969 -0.017883
v 0.144003 -1.185799 -0.009368
v 0.161223 -1.191177 -0.028678
v 0.133519 -1.184039 -0.000115
v 0.130133 -1.173762 0.007049
v 0.160348 -1.190687 -0.041810
v 0.120832 -1.172002 0.016559
v 0.110962 -1.170618 0.024145
v 0.058569 -1.176429 -0.116531
v 0.057093 -1.188302 -0.094605
v 0.059298 -1.188982 -0.108915
v 0.063658 -1.176603 -0.128434
v 0.044584 -1.185113 -0.018386
v 0.047465 -1.189702 -0.032834
v 0.051539 -1.193807 -0.044504
v 0.055594 -1.191621 -0.068737
v 0.056768 -1.202038 -0.058733
v 0.058399 -1.193082 -0.082611
v 0.051416 -1.189690 0.003051
v 0.050350 -1.193480 -0.009510
v 0.064483 -1.183743 0.023550
v 0.064226 -1.194933 0.021882
v 0.058739 -1.197633 0.011008
v 0.070945 -1.176243 0.027866
v 0.103222 -1.178277 0.028717
v 0.098607 -1.172788 0.035644
v 0.088959 -1.173257 0.036210
v 0.080076 -1.179218 0.035183
v 0.105614 -1.178747 -0.145286
v 0.074126 -1.177538 -0.138167
v 0.085320 -1.182077 -0.145676
v 0.096611 -1.185387 -0.147886
v -0.112334 -1.105337 -0.139919
v -0.143493 -1.083556 -0.113289
v -0.138612 -1.095606 -0.120591
v -0.130089 -1.096696 -0.129379
v -0.124125 -1.108306 -0.135158
v -0.071118 -1.106629 -0.128471
v -0.081198 -1.108049 -0.136035
v -0.094193 -1.107477 -0.140293
v -0.103355 -1.115447 -0.142669
v -0.119591 -1.128777 -0.005204
v -0.132550 -1.126011 -0.003510
v -0.143924 -1.123333 0.001747
v -0.106694 -1.131774 -0.005865
v -0.052925 -1.121827 -0.104468
v -0.039618 -1.133647 -0.073325
v -0.034491 -1.135043 -0.059815
v -0.030759 -1.136616 -0.046347
v -0.045564 -1.132383 -0.086989
v -0.029566 -1.139969 -0.033855
v -0.029976 -1.144439 -0.023105
v -0.050990 -1.132303 -0.100466
v -0.064768 -1.117345 -0.122841
v -0.058972 -1.128015 -0.114926
v -0.036831 -1.131693 -0.009650
v -0.030953 -1.146728 -0.012435
v -0.036543 -1.142938 -0.007407
v -0.045871 -1.135623 -0.004890
v -0.056861 -1.138947 -0.006871
v -0.068613 -1.140657 -0.009270
v -0.081647 -1.140557 -0.009599
v -0.093694 -1.135429 -0.008255
v -0.179159 -1.120888 -0.020113
v -0.179534 -1.115758 -0.030293
v -0.178539 -1.108772 -0.040938
v -0.174591 -1.102472 -0.051283
v -0.170383 -1.096300 -0.060892
v -0.164914 -1.095620 -0.072512
v -0.154593 -1.128901 -0.003950
v -0.172477 -1.132711 -0.004852
v -0.176479 -1.126958 -0.010714
v -0.163306 -1.136631 -0.007781
v -0.158952 -1.095360 -0.084829
v -0.152889 -1.095485 -0.097488
v -0.146288 -1.095455 -0.109420
v 0.125045 -1.181499 -0.134025
v 0.114504 -1.187327 -0.142076
v 0.131984 -1.189399 -0.125450
v 0.137043 -1.198749 -0.114789
v 0.147413 -1.200202 -0.091462
v 0.142139 -1.203212 -0.103341
v 0.150450 -1.202191 -0.077597
v 0.152982 -1.201735 -0.063377
v 0.154363 -1.201686 -0.049765
v 0.156166 -1.201610 -0.021870
v 0.149118 -1.198799 -0.010090
v 0.139459 -1.195889 -0.000807
v 0.156593 -1.202177 -0.034867
v 0.122723 -1.182952 0.009918
v 0.128947 -1.193932 0.008727
v 0.113143 -1.181352 0.019541
v 0.062012 -1.188664 -0.121821
v 0.060379 -1.201536 -0.100971
v 0.060571 -1.204102 -0.087795
v 0.061588 -1.201897 -0.114804
v 0.067246 -1.188787 -0.133142
v 0.050968 -1.195670 -0.023114
v 0.054082 -1.204117 -0.032663
v 0.056188 -1.205649 -0.045809
v 0.059149 -1.204474 -0.072946
v 0.063454 -1.221176 -0.052817
v 0.063750 -1.221451 -0.065973
v 0.056422 -1.201920 -0.001654
v 0.055942 -1.204440 -0.016032
v 0.072443 -1.189297 0.031974
v 0.073041 -1.207367 0.030828
v 0.068499 -1.212026 0.019140
v 0.065633 -1.214696 0.006157
v 0.108595 -1.189888 0.028832
v 0.099422 -1.185441 0.037153
v 0.091147 -1.183351 0.042178
v 0.081120 -1.188627 0.040810
v 0.104006 -1.196138 -0.148387
v 0.076875 -1.188987 -0.142063
v 0.091557 -1.196998 -0.149797
v 0.081535 -1.198428 -0.146668
v -0.115900 -1.118407 -0.140634
v -0.141705 -1.107836 -0.117448
v -0.133691 -1.108856 -0.127420
v -0.127793 -1.121256 -0.134191
v -0.074293 -1.119525 -0.132669
v -0.088336 -1.117250 -0.140241
v -0.108109 -1.127950 -0.143997
v -0.095834 -1.126830 -0.143396
v -0.116322 -1.138507 -0.009222
v -0.129535 -1.136152 -0.008568
v -0.143215 -1.132891 -0.007716
v -0.103019 -1.140799 -0.010687
v -0.043574 -1.145061 -0.081069
v -0.039046 -1.146249 -0.067485
v -0.037471 -1.146359 -0.054397
v -0.033856 -1.147949 -0.041477
v -0.049434 -1.143943 -0.094942
v -0.033499 -1.155159 -0.031132
v -0.031469 -1.156988 -0.018757
v -0.055178 -1.141803 -0.108781
v -0.067583 -1.130065 -0.127028
v -0.062096 -1.140075 -0.120045
v -0.032853 -1.160218 -0.009631
v -0.037383 -1.155928 -0.006423
v -0.047590 -1.147438 -0.009139
v -0.060515 -1.149988 -0.011269
v -0.075121 -1.148255 -0.010700
v -0.090326 -1.145889 -0.010993
v -0.178482 -1.132881 -0.019938
v -0.179174 -1.130758 -0.030825
v -0.177576 -1.122962 -0.041597
v -0.173780 -1.115932 -0.052030
v -0.168152 -1.108252 -0.064248
v -0.161941 -1.107400 -0.078388
v -0.152793 -1.140991 -0.007778
v -0.170776 -1.146611 -0.006019
v -0.176602 -1.140591 -0.012569
v -0.161098 -1.149233 -0.002953
v -0.155692 -1.107380 -0.091698
v -0.149050 -1.107455 -0.105176
v 0.123321 -1.196799 -0.135745
v 0.113927 -1.200288 -0.143839
v 0.130379 -1.202409 -0.125790
v 0.130644 -1.219139 -0.120685
v 0.135656 -1.219155 -0.109170
v 0.140020 -1.219595 -0.095906
v 0.143449 -1.219590 -0.083586
v 0.146155 -1.219357 -0.070444
v 0.147523 -1.218966 -0.056948
v 0.147953 -1.218386 -0.043330
v 0.147434 -1.217270 -0.019474
v 0.146087 -1.215700 -0.008701
v 0.148042 -1.218156 -0.030847
v 0.142889 -1.212669 0.001749
v 0.136680 -1.209651 0.012219
v 0.119292 -1.192002 0.018727
v 0.128759 -1.206571 0.022403
v 0.064743 -1.201339 -0.127580
v 0.064440 -1.220174 -0.094966
v 0.064994 -1.219477 -0.108727
v 0.064539 -1.220734 -0.080301
v 0.066378 -1.218657 -0.122116
v 0.072125 -1.200408 -0.138789
v 0.063640 -1.218763 -0.023764
v 0.063678 -1.220060 -0.037994
v 0.064371 -1.217273 -0.008336
v 0.078455 -1.203177 0.040974
v 0.119135 -1.203303 0.032743
v 0.108550 -1.200921 0.041668
v 0.098271 -1.200151 0.046245
v 0.087793 -1.201567 0.046055
v 0.106548 -1.216598 -0.148604
v 0.096306 -1.216088 -0.151119
v 0.086743 -1.216188 -0.150497
v 0.077335 -1.216828 -0.144579
v -0.120218 -1.130600 -0.140437
v -0.144517 -1.119686 -0.113863
v -0.136706 -1.120896 -0.125135
v -0.132013 -1.134051 -0.132397
v -0.082375 -1.127235 -0.138807
v -0.075669 -1.136435 -0.135429
v -0.111990 -1.140350 -0.144893
v -0.099987 -1.139170 -0.145777
v -0.087848 -1.138770 -0.142621
v -0.112936 -1.147411 -0.009871
v -0.125928 -1.146342 -0.008136
v -0.140369 -1.144501 -0.007752
v -0.098990 -1.149378 -0.009566
v -0.048027 -1.155531 -0.089089
v -0.044208 -1.156825 -0.074804
v -0.041723 -1.157669 -0.060656
v -0.038398 -1.158269 -0.046634
v -0.054256 -1.153861 -0.103502
v -0.039652 -1.167749 -0.038304
v -0.037104 -1.167799 -0.025225
v -0.034864 -1.169132 -0.013887
v -0.060737 -1.152891 -0.117869
v -0.068615 -1.144161 -0.129424
v -0.035881 -1.169882 -0.003750
v -0.042440 -1.166302 -0.002079
v -0.047321 -1.159358 -0.008601
v -0.071043 -1.156145 -0.006924
v -0.058361 -1.159028 -0.006880
v -0.084322 -1.153285 -0.007084
v -0.177369 -1.144531 -0.024152
v -0.176737 -1.135208 -0.041692
v -0.177290 -1.146148 -0.035342
v -0.172674 -1.130708 -0.053449
v -0.169037 -1.121512 -0.061695
v -0.164029 -1.119370 -0.073534
v -0.158106 -1.118960 -0.086337
v -0.148550 -1.151320 -0.001140
v -0.168535 -1.157816 -0.010843
v -0.174414 -1.152527 -0.017933
v -0.159794 -1.160414 -0.004781
v -0.149466 -1.161321 0.000429
v -0.151840 -1.118815 -0.100241
v 0.116038 -1.217378 -0.141634
v 0.123989 -1.218209 -0.132425
v 0.069933 -1.217827 -0.134549
v -0.123072 -1.143450 -0.140017
v -0.140178 -1.131851 -0.121872
v -0.147940 -1.129426 -0.107735
v -0.131258 -1.147825 -0.133603
v -0.139230 -1.146651 -0.124281
v -0.079546 -1.149535 -0.139727
v -0.116312 -1.152835 -0.145047
v -0.104694 -1.150775 -0.147275
v -0.091867 -1.150365 -0.145567
v -0.108191 -1.153411 -0.001633
v -0.121549 -1.153281 -0.002938
v -0.134867 -1.153121 -0.002778
v -0.093521 -1.155398 -0.000432
v -0.051688 -1.166081 -0.096345
v -0.047929 -1.168361 -0.082428
v -0.045060 -1.169455 -0.068063
v -0.043007 -1.169259 -0.053095
v -0.057625 -1.165011 -0.109824
v -0.044594 -1.179397 -0.045300
v -0.042750 -1.178987 -0.031612
v -0.040844 -1.179102 -0.018102
v -0.040430 -1.179422 -0.005800
v -0.063126 -1.165661 -0.121931
v -0.068949 -1.155751 -0.130609
v -0.043638 -1.178122 0.002759
v -0.051393 -1.173302 0.008354
v -0.053233 -1.163382 0.002463
v -0.065712 -1.161605 0.003156
v -0.079248 -1.158645 0.002573
v -0.176271 -1.158405 -0.029631
v -0.173826 -1.144908 -0.049144
v -0.175431 -1.155815 -0.043137
v -0.168406 -1.142818 -0.061327
v -0.166193 -1.131718 -0.067318
v -0.160038 -1.130221 -0.080679
v -0.154164 -1.129601 -0.093936
v -0.138158 -1.159292 0.004471
v -0.164235 -1.168543 -0.013999
v -0.172045 -1.165838 -0.021337
v -0.152280 -1.169163 -0.008658
v -0.138063 -1.168802 -0.002478
v -0.124969 -1.159085 -0.140701
v -0.144892 -1.140061 -0.114494
v -0.150635 -1.141066 -0.101872
v -0.134104 -1.159975 -0.131219
v -0.146164 -1.151043 -0.111772
v -0.142445 -1.159761 -0.121386
v -0.088195 -1.162198 -0.145724
v -0.078400 -1.162848 -0.140123
v -0.111379 -1.162878 -0.147950
v -0.099734 -1.162388 -0.148665
v -0.099844 -1.155558 0.009554
v -0.114177 -1.155861 0.008177
v -0.125943 -1.157401 0.006592
v -0.087514 -1.157514 0.012037
v -0.055707 -1.177328 -0.103599
v -0.051264 -1.178678 -0.089959
v -0.049567 -1.180650 -0.075308
v -0.046868 -1.180370 -0.060374
v -0.060061 -1.178222 -0.115920
v -0.048527 -1.190687 -0.037389
v -0.049720 -1.191067 -0.051122
v -0.047764 -1.190367 -0.023688
v -0.047594 -1.189319 -0.010764
v -0.048745 -1.187799 0.001296
v -0.069947 -1.167821 -0.132208
v -0.065543 -1.178806 -0.127639
v -0.053922 -1.183903 0.010433
v -0.061570 -1.167932 0.012051
v -0.061676 -1.178263 0.016948
v -0.073375 -1.163192 0.013158
v -0.175360 -1.166681 -0.038008
v -0.174759 -1.175191 -0.031318
v -0.169949 -1.154635 -0.056459
v -0.171786 -1.165541 -0.050666
v -0.163021 -1.153167 -0.070056
v -0.161896 -1.142341 -0.075288
v -0.156287 -1.141421 -0.088353
v -0.126803 -1.166872 0.004628
v -0.155016 -1.177063 -0.018892
v -0.167117 -1.176637 -0.023809
v -0.142677 -1.176463 -0.011676
v -0.127706 -1.175992 -0.005456
v -0.129030 -1.171558 -0.138159
v -0.119856 -1.171768 -0.145616
v -0.151804 -1.151897 -0.097218
v -0.138253 -1.171661 -0.128613
v -0.148092 -1.162343 -0.106379
v -0.144363 -1.171801 -0.115589
v -0.084773 -1.174918 -0.145715
v -0.096598 -1.175058 -0.149866
v -0.075335 -1.177158 -0.138728
v -0.108123 -1.174798 -0.150220
v -0.093138 -1.165234 0.015249
v -0.104131 -1.161414 0.012670
v -0.115109 -1.164372 0.009169
v -0.082305 -1.165114 0.020743
v -0.061019 -1.189939 -0.110990
v -0.057855 -1.188569 -0.099288
v -0.054917 -1.190972 -0.088201
v -0.053712 -1.193564 -0.077319
v -0.051162 -1.192000 -0.064978
v -0.065018 -1.189959 -0.123238
v -0.054120 -1.202183 -0.044303
v -0.053740 -1.201393 -0.030419
v -0.054736 -1.203187 -0.058118
v -0.053974 -1.200089 -0.016391
v -0.054626 -1.198489 -0.002668
v -0.057452 -1.195253 0.009110
v -0.071589 -1.188926 -0.134847
v -0.062963 -1.190483 0.019645
v -0.070825 -1.172653 0.020160
v -0.070049 -1.185073 0.026440
v -0.172587 -1.177111 -0.044621
v -0.169249 -1.186287 -0.030683
v -0.171815 -1.187167 -0.039955
v -0.165339 -1.164251 -0.063511
v -0.165910 -1.176041 -0.057047
v -0.158534 -1.164187 -0.077380
v -0.157339 -1.152687 -0.083666
v -0.115400 -1.174102 0.001843
v -0.146603 -1.185970 -0.017964
v -0.159115 -1.186197 -0.024761
v -0.135013 -1.184700 -0.010037
v -0.121079 -1.184002 -0.000323
v -0.133169 -1.183088 -0.134996
v -0.125129 -1.185046 -0.143645
v -0.115554 -1.184896 -0.149840
v -0.153111 -1.163407 -0.091429
v -0.139654 -1.182338 -0.122059
v -0.148238 -1.173063 -0.099825
v -0.144223 -1.183158 -0.108176
v -0.091135 -1.186836 -0.150344
v -0.079985 -1.187536 -0.144353
v -0.103857 -1.186606 -0.152800
v -0.089626 -1.174708 0.022872
v -0.098443 -1.178538 0.015102
v -0.103851 -1.171764 0.007987
v -0.080064 -1.175398 0.026068
v -0.061032 -1.201609 -0.101514
v -0.064253 -1.202089 -0.116018
v -0.058253 -1.203672 -0.087306
v -0.056532 -1.204374 -0.072065
v -0.068591 -1.200736 -0.129805
v -0.062395 -1.218597 -0.050707
v -0.062649 -1.217239 -0.036529
v -0.063186 -1.215592 -0.022449
v -0.062715 -1.219381 -0.065023
v -0.064357 -1.213852 -0.008444
v -0.066081 -1.211166 0.004492
v -0.068837 -1.208296 0.016501
v -0.075614 -1.199408 -0.141256
v -0.072532 -1.204387 0.026851
v -0.076948 -1.200767 0.034193
v -0.079663 -1.185733 0.031572
v -0.165999 -1.187331 -0.050339
v -0.164559 -1.197247 -0.023224
v -0.166154 -1.198137 -0.034084
v -0.163353 -1.197777 -0.045065
v -0.158649 -1.175413 -0.071386
v -0.159819 -1.186471 -0.063930
v -0.153502 -1.174283 -0.085409
v -0.110214 -1.181522 0.007293
v -0.143857 -1.192730 -0.008672
v -0.154797 -1.194900 -0.015611
v -0.131337 -1.190490 -0.001674
v -0.119069 -1.189382 0.009519
v -0.135361 -1.192299 -0.128678
v -0.130459 -1.197879 -0.138852
v -0.122688 -1.197409 -0.148043
v -0.111401 -1.196878 -0.153626
v -0.139631 -1.193648 -0.115599
v -0.148232 -1.184323 -0.093178
v -0.144199 -1.194239 -0.101811
v -0.085152 -1.198098 -0.149643
v -0.098016 -1.197378 -0.154291
v -0.099704 -1.184718 0.026080
v -0.090323 -1.183198 0.031325
v -0.109999 -1.187632 0.018318
v -0.066468 -1.218166 -0.109025
v -0.064632 -1.218813 -0.094807
v -0.068945 -1.217386 -0.123264
v -0.063533 -1.219223 -0.080031
v -0.073513 -1.216388 -0.136244
v -0.080765 -1.215308 -0.146586
v -0.086802 -1.197607 0.038650
v -0.158367 -1.197105 -0.058270
v -0.158312 -1.206260 -0.026538
v -0.155910 -1.205580 -0.015896
v -0.157505 -1.207240 -0.038404
v -0.154661 -1.207140 -0.051947
v -0.153305 -1.185583 -0.078838
v -0.153271 -1.196245 -0.072292
v -0.140712 -1.198240 0.003053
v -0.150390 -1.202300 -0.005026
v -0.128909 -1.194762 0.009726
v -0.122828 -1.201203 0.025523
v -0.135019 -1.203419 -0.124770
v -0.130180 -1.217119 -0.133345
v -0.125818 -1.215939 -0.144482
v -0.118713 -1.214978 -0.151705
v -0.109764 -1.214698 -0.155971
v -0.100078 -1.214128 -0.156548
v -0.139033 -1.204042 -0.109766
v -0.148744 -1.195221 -0.087131
v -0.142587 -1.204902 -0.094849
v -0.089968 -1.214478 -0.153520
v -0.111621 -1.197733 0.033226
v -0.099184 -1.196072 0.038257
v -0.150959 -1.206562 -0.066014
v -0.146584 -1.220116 -0.030543
v -0.146477 -1.218880 -0.018043
v -0.145464 -1.216890 -0.006061
v -0.145661 -1.220540 -0.043771
v -0.143953 -1.220587 -0.058526
v -0.146805 -1.205946 -0.080632
v -0.133839 -1.206871 0.016530
v -0.141892 -1.212279 0.005595
v -0.133442 -1.218579 -0.118023
v -0.135985 -1.219105 -0.102552
v -0.138729 -1.219810 -0.087740
v -0.141738 -1.220387 -0.072967
v 0.030482 -0.422426 0.132735
v 0.018157 -0.425538 0.129486
v 0.020397 -0.413928 0.139471
v 0.008250 -0.418895 0.137833
v 0.008570 -0.427319 0.124684
v 0.009551 -0.407307 0.140552
v 0.023949 -0.403352 0.144393
v -0.001832 -0.419506 0.127509
v -0.000930 -0.410216 0.130663
v 0.010700 -0.397265 0.145395
v 0.021350 -0.391749 0.145725
v 0.038971 -0.394711 0.137521
v 0.005965 -0.386043 0.147376
v -0.001097 -0.392545 0.138137
v 0.016846 -0.379577 0.150728
v 0.028921 -0.383495 0.149479
v 0.039984 -0.386131 0.139641
v -0.001277 -0.383840 0.140547
v 0.011893 -0.369428 0.153538
v 0.025329 -0.371646 0.152297
v -0.001540 -0.366421 0.146742
v 0.008337 -0.357338 0.157141
v 0.025325 -0.360014 0.156418
v 0.040661 -0.365978 0.144999
v 0.007529 -0.345123 0.159677
v 0.022471 -0.348949 0.158131
v 0.040572 -0.347385 0.149304
v -0.001514 -0.338744 0.153344
v 0.008191 -0.330750 0.161244
v 0.020013 -0.338784 0.160014
v 0.029999 -0.336086 0.159659
v -0.001363 -0.328806 0.153684
v 0.006868 -0.319436 0.161361
v 0.022633 -0.328640 0.160793
v 0.021056 -0.319388 0.161723
v 0.041534 -0.327656 0.151664
v 0.031115 -0.323518 0.160718
v -0.001307 -0.320082 0.153943
v -0.001824 -0.310294 0.154104
v 0.015105 -0.307476 0.160378
v 0.029275 -0.310516 0.160733
v 0.042862 -0.316086 0.152109
v -0.001807 -0.300310 0.152133
v 0.013448 -0.300808 0.153784
v 0.025457 -0.300877 0.156094
v 0.173724 -0.379747 -0.099547
v 0.168506 -0.369473 -0.096467
v 0.182739 -0.378750 -0.082906
v 0.162935 -0.379165 -0.106328
v 0.170532 -0.393282 -0.106601
v 0.185211 -0.394093 -0.091570
v 0.169062 -0.359427 -0.089512
v 0.178943 -0.366674 -0.074651
v 0.161681 -0.359476 -0.100680
v 0.157578 -0.368780 -0.107588
v 0.156779 -0.392786 -0.115989
v 0.150729 -0.378212 -0.116952
v 0.164363 -0.351953 -0.077564
v 0.150213 -0.357643 -0.111724
v 0.145464 -0.367151 -0.118747
v 0.145232 -0.392041 -0.124523
v 0.139315 -0.374797 -0.125972
v 0.140301 -0.351036 -0.106122
v 0.140029 -0.356990 -0.120415
v 0.132057 -0.361301 -0.130364
v 0.133995 -0.391437 -0.133643
v 0.126796 -0.373780 -0.135199
v 0.121496 -0.358740 -0.135929
v 0.123448 -0.391123 -0.140936
v 0.115533 -0.372712 -0.141389
v 0.108982 -0.359062 -0.142441
v 0.111181 -0.391220 -0.148174
v 0.101912 -0.373646 -0.147292
v 0.097735 -0.360289 -0.147365
v 0.100816 -0.391252 -0.154274
v 0.089977 -0.375001 -0.153095
v 0.089054 -0.351631 -0.136382
v 0.086776 -0.360470 -0.151835
v 0.088513 -0.394326 -0.158664
v 0.070447 -0.372778 -0.157259
v 0.072633 -0.387839 -0.160206
v 0.074913 -0.351791 -0.139104
v 0.065521 -0.360057 -0.152157
v -0.141330 -0.391326 -0.129128
v -0.151821 -0.392044 -0.122226
v -0.145488 -0.377330 -0.124095
v -0.132892 -0.376113 -0.132309
v -0.129680 -0.390841 -0.136465
v -0.163632 -0.392976 -0.113290
v -0.154651 -0.378626 -0.115992
v -0.138890 -0.366664 -0.125067
v -0.148543 -0.367783 -0.117395
v -0.122826 -0.375793 -0.139153
v -0.125983 -0.365492 -0.133661
v -0.119760 -0.390422 -0.142984
v -0.165721 -0.380215 -0.106298
v -0.174826 -0.394793 -0.102367
v -0.158924 -0.368852 -0.107484
v -0.130249 -0.357529 -0.126485
v -0.142003 -0.358911 -0.116848
v -0.151144 -0.359798 -0.108555
v -0.115124 -0.365823 -0.140839
v -0.110378 -0.376118 -0.145848
v -0.118475 -0.356949 -0.133198
v -0.108083 -0.389821 -0.150098
v -0.165659 -0.371282 -0.099633
v -0.176461 -0.383012 -0.093716
v -0.162941 -0.359916 -0.098270
v -0.122217 -0.350722 -0.119097
v -0.104608 -0.358788 -0.142428
v -0.101448 -0.370534 -0.148708
v -0.114450 -0.348934 -0.125039
v -0.103442 -0.351112 -0.129278
v -0.099468 -0.389469 -0.155528
v -0.173357 -0.370948 -0.088301
v -0.172093 -0.359969 -0.081479
v -0.159564 -0.351181 -0.085775
v -0.094665 -0.359725 -0.148293
v -0.091455 -0.374190 -0.153862
v -0.090093 -0.389600 -0.160723
v -0.083469 -0.366317 -0.153648
v -0.083293 -0.357427 -0.147429
v -0.077457 -0.375943 -0.159455
v -0.076425 -0.392184 -0.167008
v -0.072415 -0.359168 -0.154913
v -0.060397 -0.372318 -0.159447
v -0.063339 -0.384922 -0.166697
v -0.055335 -0.360846 -0.152506
v -0.061554 -0.351424 -0.142335
f 1 3 2
f 1 4 3
f 1 5 4
f 1 6 5
f 1 7 6
f 2 7 1
f 2 8 7
f 2 9 8
f 2 10 9
f 3 10 2
f 4 11 3
f 11 12 3
f 3 12 10
f 5 13 4
f 13 14 4
f 4 14 11
f 5 15 13
f 5 16 15
f 6 17 5
f 16 17 6
f 5 17 16
f 6 18 16
f 6 19 18
f 7 19 6
f 7 20 19
f 8 20 7
f 8 21 20
f 8 22 21
f 9 22 8
f 9 23 22
f 9 24 23
f 10 24 9
f 10 25 24
f 12 25 10
f 11 26 12
f 14 27 11
f 11 27 26
f 12 28 25
f 26 28 12
f 13 29 14
f 13 30 29
f 15 30 13
f 14 31 27
f 29 31 14
f 16 32 15
f 32 33 15
f 15 33 30
f 16 34 32
f 18 34 16
f 18 35 34
f 18 36 35
f 19 36 18
f 19 37 36
f 19 38 37
f 20 38 19
f 20 39 38
f 21 39 20
f 21 40 39
f 21 41 40
f 22 41 21
f 22 42 41
f 23 42 22
f 23 43 42
f 23 44 43
f 24 44 23
f 25 45 24
f 24 45 44
f 25 46 45
f 28 46 25
f 26 47 28
f 28 47 46
f 27 48 26
f 26 48 47
f 27 49 48
f 31 49 27
f 29 50 31
f 30 50 29
f 30 51 50
f 33 52 30
f 30 52 51
f 31 53 49
f 31 54 53
f 50 54 31
f 32 55 33
f 32 56 55
f 34 56 32
f 33 57 52
f 55 57 33
f 34 58 56
f 34 59 58
f 35 59 34
f 35 60 59
f 35 61 60
f 37 61 36
f 36 61 35
f 37 62 61
f 37 63 62
f 38 63 37
f 38 64 63
f 39 64 38
f 39 65 64
f 40 65 39
f 40 66 65
f 41 66 40
f 41 67 66
f 42 67 41
f 42 68 67
f 43 68 42
f 43 69 68
f 43 70 69
f 44 70 43
f 44 71 70
f 44 72 71
f 45 72 44
f 45 73 72
f 46 73 45
f 46 74 73
f 46 75 74
f 47 75 46
f 47 76 75
f 48 76 47
f 48 77 76
f 49 77 48
f 49 78 77
f 53 78 49
f 50 79 54
f 51 79 50
f 53 80 78
f 54 80 53
f 54 81 80
f 79 81 54
f 55 82 57
f 55 83 82
f 58 83 56
f 56 83 55
f 58 84 83
f 59 85 58
f 58 85 84
f 59 86 85
f 60 86 59
f 60 87 86
f 60 88 87
f 60 89 88
f 63 90 62
f 63 91 90
f 64 91 63
f 65 92 64
f 64 92 91
f 65 93 92
f 66 93 65
f 66 94 93
f 67 94 66
f 67 95 94
f 67 96 95
f 68 96 67
f 68 97 96
f 69 97 68
f 69 98 97
f 70 98 69
f 71 99 70
f 70 99 98
f 71 100 99
f 72 101 71
f 71 101 100
f 73 101 72
f 73 102 101
f 74 102 73
f 74 103 102
f 74 104 103
f 75 104 74
f 76 105 75
f 75 105 104
f 77 106 76
f 76 106 105
f 77 107 106
f 78 107 77
f 78 108 107
f 78 109 108
f 80 109 78
f 80 110 109
f 81 110 80
f 84 111 83
f 83 111 82
f 84 112 111
f 84 113 112
f 85 113 84
f 85 114 113
f 86 114 85
f 86 115 114
f 86 116 115
f 87 116 86
f 87 117 116
f 87 118 117
f 88 118 87
f 88 119 118
f 88 120 119
f 89 120 88
f 89 121 120
f 89 122 121
f 91 123 90
f 91 124 123
f 92 124 91
f 93 125 92
f 92 125 124
f 93 126 125
f 94 126 93
f 94 127 126
f 95 127 94
f 95 128 127
f 96 129 95
f 95 129 128
f 97 129 96
f 97 130 129
f 97 131 130
f 98 131 97
f 99 132 98
f 132 133 98
f 98 133 131
f 99 134 132
f 100 134 99
f 100 135 134
f 100 136 135
f 102 136 101
f 101 136 100
f 102 137 136
f 103 138 102
f 102 138 137
f 103 139 138
f 103 7120 139
f 104 7120 103
f 104 7126 7120
f 105 7126 104
f 106 140 105
f 105 140 7126
f 106 141 140
f 107 141 106
f 108 141 107
f 108 142 141
f 108 143 142
f 109 143 108
f 110 144 109
f 109 144 143
f 113 145 112
f 113 146 145
f 114 146 113
f 114 147 146
f 115 147 114
f 115 148 147
f 115 149 148
f 116 149 115
f 116 150 149
f 117 150 116
f 117 151 150
f 117 152 151
f 118 152 117
f 119 153 118
f 118 153 152
f 119 154 153
f 119 155 154
f 120 155 119
f 120 156 155
f 121 156 120
f 122 157 121
f 121 157 156
f 122 158 157
f 124 159 123
f 124 160 159
f 125 160 124
f 125 161 160
f 126 161 125
f 127 162 126
f 126 162 161
f 127 163 162
f 128 163 127
f 130 164 129
f 129 164 128
f 128 165 163
f 164 165 128
f 130 166 164
f 130 167 166
f 131 167 130
f 133 168 131
f 131 168 167
f 132 169 133
f 133 169 168
f 132 170 169
f 134 170 132
f 134 171 170
f 135 171 134
f 135 172 171
f 135 173 172
f 136 173 135
f 137 173 136
f 138 174 137
f 137 175 173
f 174 175 137
f 138 176 174
f 139 176 138
f 139 177 176
f 7120 177 139
f 7120 178 177
f 7126 178 7120
f 140 179 7126
f 7126 179 178
f 140 7129 179
f 141 7129 140
f 141 180 7129
f 142 180 141
f 142 181 180
f 143 181 142
f 143 182 181
f 144 182 143
f 146 183 145
f 146 184 183
f 146 185 184
f 147 185 146
f 148 185 147
f 148 186 185
f 148 187 186
f 149 187 148
f 149 188 187
f 149 189 188
f 151 189 150
f 150 189 149
f 151 190 189
f 151 191 190
f 152 191 151
f 152 192 191
f 153 192 152
f 153 193 192
f 154 193 153
f 154 194 193
f 154 195 194
f 155 195 154
f 155 196 195
f 196 197 156
f 155 197 196
f 156 197 155
f 156 198 196
f 157 198 156
f 157 199 198
f 157 200 199
f 158 200 157
f 158 201 200
f 160 202 159
f 160 203 202
f 160 204 203
f 161 204 160
f 161 205 204
f 162 205 161
f 162 206 205
f 163 206 162
f 163 207 206
f 165 207 163
f 164 208 165
f 166 208 164
f 165 209 207
f 208 209 165
f 166 210 208
f 167 211 166
f 166 211 210
f 167 212 211
f 168 212 167
f 168 213 212
f 169 213 168
f 169 214 213
f 170 214 169
f 170 215 214
f 171 215 170
f 171 216 215
f 172 216 171
f 172 7101 216
f 172 217 7101
f 175 217 173
f 173 217 172
f 174 218 175
f 176 218 174
f 175 219 217
f 218 219 175
f 176 220 218
f 177 220 176
f 178 221 177
f 177 222 220
f 221 222 177
f 178 223 221
f 179 223 178
f 179 224 223
f 7129 224 179
f 180 7128 7129
f 7129 7128 224
f 180 225 7128
f 180 226 225
f 181 226 180
f 181 227 226
f 181 228 227
f 182 228 181
f 184 229 183
f 184 230 229
f 184 231 230
f 185 231 184
f 186 231 185
f 186 232 231
f 186 233 232
f 188 233 187
f 187 233 186
f 188 234 233
f 188 235 234
f 190 235 189
f 189 235 188
f 191 236 190
f 236 237 190
f 190 237 235
f 191 238 236
f 192 238 191
f 192 239 238
f 193 239 192
f 194 240 193
f 193 240 239
f 194 241 240
f 194 242 241
f 195 242 194
f 195 243 242
f 196 243 195
f 196 244 243
f 198 244 196
f 198 245 244
f 199 245 198
f 199 246 245
f 199 247 246
f 200 247 199
f 200 248 247
f 201 248 200
f 201 249 248
f 203 250 202
f 203 251 250
f 204 251 203
f 205 252 204
f 204 252 251
f 205 253 252
f 206 253 205
f 206 254 253
f 207 254 206
f 207 255 254
f 209 255 207
f 208 256 209
f 210 256 208
f 209 257 255
f 256 257 209
f 210 258 256
f 211 258 210
f 211 259 258
f 212 259 211
f 212 260 259
f 212 261 260
f 213 261 212
f 213 262 261
f 214 262 213
f 214 263 262
f 215 263 214
f 215 264 263
f 216 264 215
f 216 265 264
f 216 266 265
f 7101 266 216
f 7101 267 266
f 219 267 217
f 217 267 7101
f 220 268 218
f 268 269 218
f 218 269 219
f 219 270 267
f 219 271 270
f 269 271 219
f 220 272 268
f 222 272 220
f 223 273 221
f 221 1927 222
f 273 1927 221
f 222 1927 272
f 223 274 273
f 7128 274 224
f 224 274 223
f 230 275 229
f 230 276 275
f 230 277 276
f 232 277 231
f 231 277 230
f 232 278 277
f 232 279 278
f 232 280 279
f 233 280 232
f 234 280 233
f 234 281 280
f 234 282 281
f 235 282 234
f 235 283 282
f 237 283 235
f 236 284 237
f 236 285 284
f 238 285 236
f 237 286 283
f 284 286 237
f 238 287 285
f 239 287 238
f 239 288 287
f 240 288 239
f 240 289 288
f 241 289 240
f 241 290 289
f 241 291 290
f 242 291 241
f 242 292 291
f 243 292 242
f 244 293 243
f 243 293 292
f 244 294 293
f 245 294 244
f 246 295 245
f 245 295 294
f 246 296 295
f 246 297 296
f 246 298 297
f 247 298 246
f 247 299 298
f 249 299 248
f 248 299 247
f 251 300 250
f 251 301 300
f 252 301 251
f 252 302 301
f 253 302 252
f 253 303 302
f 254 303 253
f 255 304 254
f 254 304 303
f 255 305 304
f 257 305 255
f 258 306 256
f 306 307 256
f 256 307 257
f 307 308 257
f 257 308 305
f 258 309 306
f 259 309 258
f 259 310 309
f 260 310 259
f 261 311 260
f 311 312 260
f 260 312 310
f 261 313 311
f 262 313 261
f 263 314 262
f 262 314 313
f 263 315 314
f 264 315 263
f 264 316 315
f 265 316 264
f 265 317 316
f 266 317 265
f 267 318 266
f 266 318 317
f 270 318 267
f 268 319 269
f 269 319 271
f 270 809 318
f 270 2705 809
f 271 2705 270
f 276 320 275
f 276 321 320
f 276 322 321
f 278 322 277
f 277 322 276
f 278 323 322
f 278 324 323
f 279 324 278
f 281 325 280
f 279 325 324
f 280 325 279
f 281 326 325
f 281 327 326
f 282 327 281
f 282 328 327
f 286 328 283
f 283 328 282
f 284 329 286
f 284 330 329
f 285 330 284
f 287 331 285
f 285 331 330
f 329 332 286
f 332 333 286
f 286 333 328
f 287 334 331
f 288 334 287
f 288 335 334
f 289 335 288
f 289 336 335
f 290 336 289
f 290 337 336
f 290 338 337
f 291 339 290
f 290 340 338
f 339 340 290
f 291 340 339
f 291 341 340
f 292 341 291
f 292 342 341
f 294 342 293
f 293 342 292
f 294 343 342
f 295 343 294
f 295 344 343
f 296 344 295
f 296 345 344
f 297 345 296
f 301 346 300
f 301 347 346
f 302 347 301
f 303 348 302
f 302 348 347
f 304 349 303
f 303 349 348
f 304 350 349
f 305 350 304
f 305 351 350
f 305 352 351
f 308 352 305
f 306 353 307
f 306 354 353
f 309 354 306
f 307 355 308
f 308 355 352
f 353 355 307
f 309 356 354
f 310 356 309
f 310 357 356
f 312 357 310
f 311 358 312
f 313 358 311
f 312 359 357
f 358 359 312
f 313 360 358
f 314 360 313
f 314 361 360
f 315 361 314
f 315 362 361
f 316 362 315
f 316 7085 362
f 316 363 7085
f 317 363 316
f 318 364 317
f 317 365 363
f 364 365 317
f 318 727 364
f 809 727 318
f 321 366 320
f 321 367 366
f 323 367 322
f 322 367 321
f 323 368 367
f 323 369 368
f 324 369 323
f 324 370 369
f 324 371 370
f 326 371 325
f 325 371 324
f 326 372 371
f 326 373 372
f 327 373 326
f 327 374 373
f 333 374 328
f 328 374 327
f 329 375 332
f 329 376 375
f 330 376 329
f 330 377 376
f 331 377 330
f 331 378 377
f 334 378 331
f 332 379 333
f 375 379 332
f 333 380 374
f 379 380 333
f 334 381 378
f 334 382 381
f 336 382 335
f 335 382 334
f 336 383 382
f 337 383 336
f 337 384 383
f 338 385 337
f 337 385 384
f 338 386 385
f 340 386 338
f 340 387 386
f 341 387 340
f 341 388 387
f 342 388 341
f 342 389 388
f 343 389 342
f 343 390 389
f 344 390 343
f 344 391 390
f 345 391 344
f 346 393 392
f 347 393 346
f 347 394 393
f 348 394 347
f 348 395 394
f 349 395 348
f 349 396 395
f 351 396 350
f 350 396 349
f 351 397 396
f 351 398 397
f 352 398 351
f 352 399 398
f 355 399 352
f 353 400 355
f 353 401 400
f 354 401 353
f 354 402 401
f 356 402 354
f 400 403 355
f 355 403 399
f 356 404 402
f 357 404 356
f 357 405 404
f 357 406 405
f 359 406 357
f 360 407 358
f 407 408 358
f 358 408 359
f 359 409 406
f 408 409 359
f 360 410 407
f 361 410 360
f 362 411 361
f 361 411 410
f 362 412 411
f 7085 412 362
f 7085 7086 412
f 363 7086 7085
f 365 520 363
f 363 520 7086
f 367 413 366
f 367 414 413
f 368 414 367
f 369 415 368
f 368 416 414
f 415 416 368
f 369 417 415
f 370 417 369
f 371 418 370
f 372 418 371
f 418 419 370
f 370 419 417
f 372 420 418
f 372 421 420
f 373 421 372
f 373 422 421
f 374 422 373
f 380 423 374
f 374 423 422
f 375 424 379
f 375 425 424
f 376 425 375
f 377 426 376
f 376 426 425
f 377 427 426
f 378 427 377
f 378 428 427
f 381 428 378
f 379 429 380
f 424 429 379
f 380 430 423
f 429 430 380
f 381 431 428
f 383 431 382
f 382 431 381
f 383 432 431
f 384 432 383
f 384 433 432
f 384 434 433
f 385 434 384
f 385 435 434
f 386 435 385
f 386 436 435
f 386 437 436
f 387 437 386
f 387 438 437
f 388 438 387
f 388 439 438
f 389 439 388
f 389 440 439
f 390 440 389
f 390 441 440
f 391 441 390
f 393 442 392
f 394 443 393
f 393 443 442
f 394 444 443
f 396 444 395
f 395 444 394
f 396 445 444
f 397 445 396
f 397 446 445
f 397 447 446
f 398 447 397
f 398 448 447
f 403 448 399
f 399 448 398
f 400 449 403
f 401 449 400
f 401 450 449
f 401 451 450
f 402 451 401
f 404 451 402
f 403 452 448
f 403 453 452
f 449 453 403
f 404 454 451
f 405 454 404
f 405 455 454
f 406 455 405
f 406 456 455
f 409 456 406
f 407 457 408
f 410 457 407
f 408 458 409
f 457 458 408
f 458 459 409
f 409 459 456
f 410 460 457
f 411 460 410
f 411 461 460
f 411 462 461
f 412 462 411
f 412 463 462
f 7086 463 412
f 7086 7089 463
f 520 7089 7086
f 414 464 413
f 414 465 464
f 416 465 414
f 415 466 416
f 417 466 415
f 466 467 416
f 416 467 465
f 417 468 466
f 419 468 417
f 418 469 419
f 420 469 418
f 419 470 468
f 469 470 419
f 420 471 469
f 420 472 471
f 421 472 420
f 421 473 472
f 423 473 422
f 422 473 421
f 423 474 473
f 430 474 423
f 424 475 429
f 425 476 424
f 424 476 475
f 425 477 476
f 426 477 425
f 426 478 477
f 427 478 426
f 427 479 478
f 428 479 427
f 432 480 431
f 431 480 428
f 480 481 428
f 428 481 479
f 429 482 430
f 475 482 429
f 430 483 474
f 482 483 430
f 432 484 480
f 433 484 432
f 433 485 484
f 433 486 485
f 434 486 433
f 434 487 486
f 435 487 434
f 435 488 487
f 436 488 435
f 436 489 488
f 437 489 436
f 437 490 489
f 438 490 437
f 438 491 490
f 439 491 438
f 439 492 491
f 440 492 439
f 441 493 440
f 440 493 492
f 442 495 494
f 443 495 442
f 443 496 495
f 445 496 444
f 444 496 443
f 446 497 445
f 445 497 496
f 446 498 497
f 446 499 498
f 447 499 446
f 447 500 499
f 452 500 448
f 448 500 447
f 449 501 453
f 450 501 449
f 451 502 450
f 450 503 501
f 502 503 450
f 451 504 502
f 454 504 451
f 452 505 500
f 452 506 505
f 453 506 452
f 453 507 506
f 501 507 453
f 454 508 504
f 455 508 454
f 455 509 508
f 456 509 455
f 456 510 509
f 459 510 456
f 457 511 458
f 460 511 457
f 458 512 459
f 511 512 458
f 459 513 510
f 512 513 459
f 460 514 511
f 461 514 460
f 461 515 514
f 461 516 515
f 462 516 461
f 463 516 462
f 463 517 516
f 463 518 517
f 7089 518 463
f 7089 519 518
f 7089 520 519
f 465 521 464
f 465 522 521
f 467 522 465
f 468 523 466
f 523 524 466
f 466 524 467
f 467 525 522
f 524 525 467
f 468 526 523
f 470 526 468
f 469 527 470
f 471 527 469
f 470 528 526
f 527 528 470
f 471 529 527
f 471 530 529
f 472 530 471
f 473 531 472
f 472 531 530
f 474 531 473
f 474 532 531
f 483 532 474
f 475 533 482
f 475 534 533
f 476 534 475
f 476 535 534
f 477 535 476
f 477 536 535
f 478 536 477
f 478 537 536
f 479 537 478
f 479 538 537
f 481 538 479
f 480 539 481
f 481 539 538
f 480 540 539
f 484 540 480
f 482 541 483
f 533 541 482
f 483 542 532
f 483 543 542
f 541 543 483
f 484 544 540
f 485 544 484
f 485 545 544
f 485 546 545
f 487 546 486
f 486 546 485
f 487 547 546
f 487 548 547
f 488 548 487
f 488 549 548
f 489 549 488
f 489 550 549
f 490 550 489
f 490 551 550
f 491 551 490
f 491 552 551
f 492 552 491
f 492 553 552
f 493 553 492
f 494 555 554
f 495 555 494
f 495 556 555
f 496 556 495
f 497 556 496
f 497 557 556
f 498 557 497
f 498 558 557
f 498 559 558
f 499 559 498
f 500 560 499
f 499 560 559
f 505 560 500
f 501 561 507
f 503 561 501
f 502 562 503
f 504 562 502
f 562 563 503
f 503 563 561
f 508 564 504
f 504 564 562
f 506 565 505
f 565 566 505
f 505 566 560
f 561 567 507
f 507 567 506
f 506 568 565
f 567 568 506
f 508 569 564
f 509 569 508
f 509 570 569
f 510 570 509
f 510 571 570
f 513 571 510
f 511 572 512
f 514 572 511
f 512 573 513
f 572 573 512
f 513 574 571
f 573 574 513
f 515 575 514
f 514 575 572
f 515 576 575
f 515 577 576
f 516 577 515
f 516 578 577
f 517 578 516
f 518 579 517
f 517 580 578
f 579 580 517
f 518 581 579
f 519 581 518
f 520 7093 519
f 519 582 581
f 7093 582 519
f 520 365 7093
f 522 583 521
f 522 584 583
f 525 584 522
f 523 585 524
f 524 585 525
f 523 586 585
f 526 586 523
f 525 587 584
f 585 587 525
f 526 588 586
f 528 588 526
f 529 589 527
f 527 589 528
f 528 590 588
f 589 590 528
f 529 591 589
f 529 592 591
f 530 592 529
f 530 593 592
f 532 593 531
f 531 593 530
f 532 594 593
f 542 594 532
f 533 595 541
f 541 595 543
f 533 596 595
f 533 597 596
f 534 597 533
f 535 598 534
f 534 598 597
f 535 599 598
f 536 599 535
f 536 600 599
f 537 600 536
f 537 601 600
f 538 601 537
f 538 602 601
f 539 602 538
f 539 603 602
f 540 603 539
f 540 604 603
f 545 604 544
f 544 604 540
f 542 605 594
f 543 605 542
f 543 606 605
f 595 606 543
f 545 607 604
f 545 608 607
f 545 609 608
f 547 609 546
f 546 609 545
f 547 610 609
f 547 611 610
f 548 611 547
f 548 612 611
f 548 613 612
f 549 613 548
f 549 614 613
f 550 614 549
f 550 615 614
f 551 615 550
f 551 616 615
f 552 616 551
f 553 617 552
f 552 617 616
f 555 619 554
f 554 619 618
f 555 620 619
f 557 620 556
f 556 620 555
f 557 621 620
f 620 621 619
f 557 622 621
f 558 622 557
f 559 623 558
f 558 623 622
f 560 624 559
f 559 624 623
f 566 624 560
f 561 625 567
f 563 625 561
f 562 626 563
f 564 626 562
f 563 627 625
f 626 627 563
f 564 628 626
f 569 628 564
f 565 629 566
f 568 629 565
f 629 630 566
f 630 631 566
f 566 631 624
f 625 632 567
f 567 632 568
f 568 633 629
f 629 633 630
f 632 633 568
f 569 634 628
f 570 634 569
f 570 635 634
f 571 635 570
f 574 636 571
f 571 636 635
f 572 637 573
f 572 638 637
f 575 638 572
f 576 638 575
f 573 639 574
f 637 639 573
f 574 640 636
f 639 640 574
f 576 641 638
f 576 642 641
f 577 642 576
f 577 643 642
f 578 643 577
f 578 644 643
f 580 644 578
f 579 645 580
f 581 646 579
f 579 646 645
f 580 647 644
f 580 648 647
f 645 648 580
f 581 649 646
f 582 649 581
f 7093 650 582
f 7093 364 650
f 365 364 7093
f 650 651 582
f 651 652 582
f 582 652 649
f 584 653 583
f 584 654 653
f 587 654 584
f 585 655 587
f 585 656 655
f 586 656 585
f 586 657 656
f 588 657 586
f 590 657 588
f 587 658 654
f 655 658 587
f 589 659 590
f 591 659 589
f 590 660 657
f 659 661 590
f 590 661 660
f 591 662 659
f 592 663 591
f 591 663 662
f 592 664 663
f 594 664 593
f 593 664 592
f 594 665 664
f 594 666 665
f 605 666 594
f 595 667 606
f 596 667 595
f 596 668 667
f 596 669 668
f 598 669 597
f 597 669 596
f 598 670 669
f 598 671 670
f 599 671 598
f 599 672 671
f 600 672 599
f 601 673 600
f 600 673 672
f 602 674 601
f 601 674 673
f 602 675 674
f 602 676 675
f 603 676 602
f 603 677 676
f 604 677 603
f 607 677 604
f 605 678 666
f 606 678 605
f 606 679 678
f 667 679 606
f 607 680 677
f 607 681 680
f 608 681 607
f 608 682 681
f 608 683 682
f 610 683 609
f 609 683 608
f 610 684 683
f 611 684 610
f 611 685 684
f 612 685 611
f 612 686 685
f 612 687 686
f 613 687 612
f 614 688 613
f 613 688 687
f 614 689 688
f 615 689 614
f 615 690 689
f 616 690 615
f 617 691 616
f 616 691 690
f 618 693 692
f 619 693 618
f 619 694 693
f 621 694 619
f 621 695 694
f 622 695 621
f 622 696 695
f 623 696 622
f 623 697 696
f 623 698 697
f 631 698 624
f 624 698 623
f 625 699 632
f 627 699 625
f 634 700 628
f 628 700 626
f 700 701 626
f 626 701 627
f 701 702 627
f 627 702 699
f 630 703 631
f 633 703 630
f 631 704 698
f 703 704 631
f 632 705 633
f 699 705 632
f 633 706 703
f 705 706 633
f 634 707 700
f 634 708 707
f 635 708 634
f 635 709 708
f 636 709 635
f 636 710 709
f 640 710 636
f 637 711 639
f 637 712 711
f 641 712 638
f 638 712 637
f 639 713 640
f 711 713 639
f 640 714 710
f 640 715 714
f 713 715 640
f 641 716 712
f 641 717 716
f 642 717 641
f 643 718 642
f 642 718 717
f 644 719 643
f 647 719 644
f 643 719 718
f 645 720 648
f 646 720 645
f 646 721 720
f 646 722 721
f 649 722 646
f 647 723 719
f 647 724 723
f 648 724 647
f 648 725 724
f 720 725 648
f 652 726 649
f 649 726 722
f 650 7098 651
f 364 727 650
f 650 727 7098
f 7098 728 651
f 651 729 652
f 728 729 651
f 652 730 726
f 729 730 652
f 654 731 653
f 658 732 654
f 654 733 731
f 732 733 654
f 655 734 658
f 655 735 734
f 656 735 655
f 656 736 735
f 657 736 656
f 657 737 736
f 660 737 657
f 658 738 732
f 734 738 658
f 659 739 661
f 662 739 659
f 660 740 737
f 660 741 740
f 661 741 660
f 661 742 741
f 739 742 661
f 662 743 739
f 663 743 662
f 663 7147 743
f 663 744 7147
f 665 744 664
f 664 744 663
f 665 745 744
f 744 745 7147
f 666 745 665
f 666 746 745
f 678 746 666
f 667 747 679
f 668 747 667
f 669 748 668
f 670 748 669
f 748 749 668
f 668 749 747
f 671 750 670
f 670 751 748
f 750 751 670
f 671 752 750
f 672 752 671
f 673 753 672
f 672 753 752
f 674 754 673
f 673 754 753
f 674 755 754
f 675 755 674
f 675 756 755
f 676 756 675
f 676 757 756
f 677 757 676
f 680 757 677
f 678 758 746
f 679 758 678
f 679 759 758
f 747 759 679
f 680 760 757
f 757 760 756
f 680 761 760
f 681 761 680
f 681 762 761
f 682 762 681
f 682 763 762
f 682 764 763
f 684 764 683
f 683 764 682
f 684 765 764
f 685 765 684
f 685 766 765
f 686 766 685
f 686 767 766
f 686 768 767
f 688 768 687
f 687 768 686
f 688 769 768
f 689 769 688
f 689 770 769
f 690 770 689
f 690 771 770
f 691 771 690
f 693 772 692
f 694 773 693
f 693 773 772
f 694 774 773
f 695 774 694
f 695 775 774
f 696 775 695
f 696 776 775
f 697 776 696
f 704 777 698
f 698 777 697
f 697 778 776
f 777 778 697
f 699 779 705
f 702 779 699
f 707 780 700
f 700 780 701
f 701 781 702
f 780 781 701
f 702 782 779
f 781 782 702
f 703 783 704
f 706 783 703
f 704 784 777
f 783 784 704
f 705 785 706
f 779 785 705
f 706 786 783
f 785 786 706
f 707 787 780
f 707 788 787
f 708 788 707
f 708 789 788
f 709 789 708
f 709 790 789
f 710 790 709
f 710 791 790
f 714 791 710
f 711 792 713
f 711 793 792
f 712 793 711
f 716 793 712
f 713 794 715
f 792 794 713
f 714 795 791
f 714 796 795
f 715 796 714
f 794 796 715
f 716 797 793
f 716 798 797
f 717 798 716
f 718 799 717
f 717 799 798
f 718 800 799
f 719 800 718
f 723 801 719
f 719 801 800
f 720 802 725
f 721 802 720
f 721 803 802
f 722 804 721
f 721 804 803
f 726 804 722
f 724 805 723
f 723 805 801
f 724 806 805
f 725 806 724
f 725 807 806
f 802 807 725
f 726 808 804
f 730 808 726
f 7098 7102 728
f 7098 809 7102
f 727 809 7098
f 728 810 729
f 728 811 810
f 7102 811 728
f 810 812 729
f 729 812 730
f 730 813 808
f 730 814 813
f 812 814 730
f 733 815 731
f 732 816 733
f 738 816 732
f 816 817 733
f 733 817 815
f 734 818 738
f 734 819 818
f 735 819 734
f 735 820 819
f 737 820 736
f 736 820 735
f 737 821 820
f 740 821 737
f 738 822 816
f 818 822 738
f 739 823 742
f 743 823 739
f 741 824 740
f 824 825 740
f 740 825 821
f 741 826 824
f 742 826 741
f 742 827 826
f 823 827 742
f 7147 828 743
f 743 828 823
f 7147 829 828
f 745 829 7147
f 745 830 829
f 746 830 745
f 746 831 830
f 758 831 746
f 747 832 759
f 747 833 832
f 749 833 747
f 748 834 749
f 749 834 833
f 751 834 748
f 750 835 751
f 750 836 835
f 752 836 750
f 751 837 834
f 835 837 751
f 752 838 836
f 753 838 752
f 753 692 838
f 754 692 753
f 754 839 692
f 755 839 754
f 755 840 839
f 755 841 840
f 760 841 756
f 756 841 755
f 758 842 831
f 759 842 758
f 759 843 842
f 832 843 759
f 760 844 841
f 760 845 844
f 761 845 760
f 762 846 761
f 761 846 845
f 762 847 846
f 763 847 762
f 765 848 764
f 764 848 763
f 763 849 847
f 848 849 763
f 765 850 848
f 765 851 850
f 767 851 766
f 766 851 765
f 768 852 767
f 769 852 768
f 852 853 767
f 853 854 767
f 767 854 851
f 769 855 852
f 769 856 855
f 770 856 769
f 770 857 856
f 771 857 770
f 773 858 772
f 773 859 858
f 775 859 774
f 774 859 773
f 775 860 859
f 775 861 860
f 776 861 775
f 778 861 776
f 777 862 778
f 784 862 777
f 862 863 778
f 778 863 861
f 779 864 785
f 782 864 779
f 780 865 781
f 787 865 780
f 865 866 781
f 781 866 782
f 782 867 864
f 866 867 782
f 783 868 784
f 783 869 868
f 786 869 783
f 784 870 862
f 868 870 784
f 785 871 786
f 864 871 785
f 786 872 869
f 871 872 786
f 787 873 865
f 787 874 873
f 788 874 787
f 789 875 788
f 788 875 874
f 790 875 789
f 790 876 875
f 791 876 790
f 791 877 876
f 795 877 791
f 792 878 794
f 797 878 793
f 793 878 792
f 878 879 794
f 879 880 794
f 794 880 796
f 880 881 796
f 796 881 795
f 881 882 795
f 795 882 877
f 797 883 878
f 878 883 879
f 797 884 883
f 798 884 797
f 798 885 884
f 798 886 885
f 799 886 798
f 800 887 799
f 799 887 886
f 800 888 887
f 801 888 800
f 801 889 888
f 805 889 801
f 802 890 807
f 803 890 802
f 804 891 803
f 891 892 803
f 803 892 890
f 804 893 891
f 813 893 808
f 808 893 804
f 805 894 889
f 805 895 894
f 806 895 805
f 807 896 806
f 806 896 895
f 807 897 896
f 890 897 807
f 7102 898 811
f 7102 2705 898
f 809 2705 7102
f 811 899 810
f 899 900 810
f 900 901 810
f 810 901 812
f 898 7105 811
f 811 7105 899
f 812 902 814
f 901 902 812
f 813 903 893
f 813 904 903
f 902 904 814
f 814 904 813
f 817 905 815
f 822 906 816
f 816 906 817
f 817 907 905
f 906 907 817
f 818 908 822
f 818 909 908
f 819 909 818
f 819 910 909
f 820 910 819
f 821 910 820
f 821 911 910
f 825 911 821
f 822 912 906
f 908 912 822
f 823 913 827
f 828 913 823
f 824 914 825
f 826 915 824
f 824 915 914
f 825 916 911
f 914 916 825
f 826 917 915
f 827 917 826
f 827 918 917
f 913 918 827
f 828 919 913
f 829 919 828
f 829 920 919
f 830 920 829
f 830 921 920
f 831 921 830
f 831 922 921
f 842 922 831
f 833 923 832
f 923 924 832
f 832 924 843
f 833 925 923
f 837 925 834
f 834 925 833
f 835 926 837
f 835 927 926
f 836 927 835
f 838 928 836
f 836 928 927
f 837 929 925
f 926 929 837
f 838 930 928
f 838 772 930
f 839 772 692
f 692 772 838
f 839 931 772
f 840 931 839
f 841 932 840
f 844 932 841
f 932 933 840
f 840 933 931
f 842 934 922
f 843 934 842
f 843 935 934
f 924 935 843
f 844 936 932
f 844 937 936
f 845 937 844
f 846 937 845
f 846 938 937
f 847 938 846
f 847 939 938
f 849 939 847
f 850 940 848
f 848 940 849
f 849 941 939
f 940 941 849
f 850 942 940
f 850 943 942
f 854 943 851
f 851 943 850
f 852 944 853
f 855 944 852
f 853 945 854
f 854 945 943
f 853 946 945
f 853 947 946
f 944 947 853
f 855 948 944
f 944 948 947
f 855 949 948
f 856 949 855
f 857 950 856
f 856 950 949
f 859 951 858
f 860 951 859
f 861 952 860
f 863 952 861
f 952 953 860
f 860 953 951
f 862 954 863
f 870 954 862
f 863 955 952
f 954 955 863
f 867 956 864
f 956 957 864
f 864 957 871
f 871 957 872
f 873 958 865
f 865 958 866
f 866 959 867
f 958 959 866
f 867 960 956
f 959 960 867
f 868 961 870
f 868 962 961
f 872 962 869
f 869 962 868
f 870 963 954
f 961 963 870
f 872 964 962
f 872 965 964
f 957 965 872
f 873 966 958
f 873 967 966
f 874 967 873
f 875 968 874
f 874 968 967
f 875 969 968
f 876 969 875
f 876 970 969
f 877 970 876
f 877 971 970
f 882 971 877
f 879 972 880
f 883 973 879
f 879 973 972
f 880 974 881
f 972 974 880
f 881 975 882
f 974 975 881
f 882 976 971
f 975 976 882
f 883 977 973
f 884 977 883
f 884 978 977
f 885 978 884
f 886 979 885
f 979 980 885
f 885 980 978
f 886 981 979
f 887 981 886
f 887 982 981
f 888 982 887
f 888 983 982
f 889 983 888
f 889 984 983
f 894 984 889
f 890 985 897
f 892 985 890
f 891 986 892
f 891 987 986
f 903 987 893
f 893 987 891
f 892 988 985
f 986 988 892
f 894 989 984
f 895 989 894
f 895 990 989
f 896 990 895
f 896 991 990
f 897 991 896
f 985 992 897
f 897 992 991
f 898 271 7105
f 2705 271 898
f 7105 993 899
f 993 994 899
f 899 994 900
f 900 995 901
f 900 996 995
f 994 996 900
f 901 997 902
f 995 997 901
f 7105 319 993
f 271 319 7105
f 997 998 902
f 902 999 904
f 998 999 902
f 903 1000 987
f 903 1001 1000
f 999 1001 904
f 904 1001 903
f 907 1002 905
f 906 1003 907
f 912 1003 906
f 907 1004 1002
f 1003 1004 907
f 908 1005 912
f 908 1006 1005
f 909 1006 908
f 909 1007 1006
f 911 1007 910
f 910 1007 909
f 911 1008 1007
f 916 1008 911
f 912 1009 1003
f 912 1010 1009
f 1005 1010 912
f 913 1011 918
f 919 1011 913
f 914 1012 916
f 914 1013 1012
f 915 1013 914
f 915 1014 1013
f 917 1014 915
f 916 1015 1008
f 1012 1015 916
f 917 7161 1014
f 917 1016 7161
f 918 1016 917
f 918 1017 1016
f 1011 1017 918
f 1016 1017 7161
f 919 1018 1011
f 920 1018 919
f 920 1019 1018
f 921 1019 920
f 921 1020 1019
f 922 1020 921
f 922 1021 1020
f 934 1021 922
f 923 1022 924
f 923 1023 1022
f 929 1023 925
f 925 1023 923
f 1022 1024 924
f 924 1024 935
f 927 1025 926
f 1025 1026 926
f 926 1026 929
f 927 1027 1025
f 928 1027 927
f 928 1028 1027
f 930 1028 928
f 929 1029 1023
f 1026 1029 929
f 930 1030 1028
f 930 858 1030
f 931 858 772
f 772 858 930
f 931 1031 858
f 933 1031 931
f 932 1032 933
f 936 1032 932
f 933 1033 1031
f 1032 1033 933
f 934 1034 1021
f 935 1034 934
f 935 1035 1034
f 1024 1035 935
f 937 1036 936
f 936 1037 1032
f 1036 1037 936
f 937 1038 1036
f 938 1038 937
f 938 1039 1038
f 939 1039 938
f 939 1040 1039
f 941 1041 939
f 939 1041 1040
f 940 1042 941
f 941 1042 1041
f 940 1043 1042
f 942 1043 940
f 942 1044 1043
f 943 1044 942
f 943 1045 1044
f 945 1045 943
f 946 1046 945
f 945 1046 1045
f 946 1047 1046
f 946 1048 1047
f 946 1049 1048
f 947 1049 946
f 948 1049 947
f 948 1050 1049
f 949 1050 948
f 949 1051 1050
f 950 1051 949
f 952 1052 953
f 955 1052 952
f 1052 1053 953
f 1037 1054 1032
f 1032 1054 1033
f 1033 1054 953
f 953 951 1033
f 1033 951 1031
f 1031 951 858
f 858 951 1030
f 1030 951 1053
f 1053 951 953
f 954 1055 955
f 963 1055 954
f 955 1056 1052
f 1055 1056 955
f 956 1057 957
f 957 1057 965
f 960 1057 956
f 958 1058 959
f 966 1058 958
f 1058 1059 959
f 959 1059 960
f 960 1060 1057
f 1059 1060 960
f 961 1061 963
f 961 1062 1061
f 962 1062 961
f 962 1063 1062
f 964 1063 962
f 963 1064 1055
f 1061 1064 963
f 965 1065 964
f 964 1065 1063
f 1057 1066 965
f 965 1066 1065
f 1060 1066 1057
f 966 1067 1058
f 966 1068 1067
f 967 1068 966
f 968 1069 967
f 967 1069 1068
f 969 1069 968
f 969 1070 1069
f 970 1070 969
f 971 1071 970
f 970 1071 1070
f 976 1072 971
f 971 1072 1071
f 972 1073 974
f 974 1073 975
f 972 1074 1073
f 972 1075 1074
f 973 1075 972
f 977 1076 973
f 973 1076 1075
f 1073 1077 975
f 1077 1078 975
f 976 1078 1072
f 975 1078 976
f 977 1079 1076
f 978 1079 977
f 978 1080 1079
f 980 1080 978
f 979 1081 980
f 979 1082 1081
f 981 1082 979
f 980 1083 1080
f 1081 1083 980
f 981 1084 1082
f 982 1084 981
f 982 1085 1084
f 983 1085 982
f 983 1086 1085
f 984 1086 983
f 984 1087 1086
f 989 1087 984
f 985 1088 992
f 988 1088 985
f 986 1089 988
f 986 1090 1089
f 1000 1090 987
f 987 1090 986
f 988 1091 1088
f 1089 1091 988
f 990 1092 989
f 989 1092 1087
f 990 1093 1092
f 991 1093 990
f 991 1094 1093
f 992 1094 991
f 992 1095 1094
f 1088 1095 992
f 993 1096 994
f 993 268 1096
f 319 268 993
f 994 1097 996
f 1096 1097 994
f 996 1098 995
f 1098 1099 995
f 995 1099 997
f 997 1099 998
f 1097 1100 996
f 996 1101 1098
f 1100 1101 996
f 998 1102 999
f 998 1103 1102
f 1099 1103 998
f 999 1104 1001
f 1102 1104 999
f 1000 1105 1090
f 1000 1106 1105
f 1104 1106 1001
f 1001 1106 1000
f 1004 1107 1002
f 1003 1108 1004
f 1009 1108 1003
f 1108 1109 1004
f 1004 1109 1107
f 1005 1110 1010
f 1006 1110 1005
f 1006 1111 1110
f 1008 1111 1007
f 1007 1111 1006
f 1008 1112 1111
f 1015 1112 1008
f 1010 1113 1009
f 1113 1114 1009
f 1009 1114 1108
f 1010 1115 1113
f 1110 1115 1010
f 1011 1116 1017
f 1018 1116 1011
f 1012 1117 1015
f 1013 1117 1012
f 1013 1118 1117
f 1014 1118 1013
f 1014 1119 1118
f 7161 1119 1014
f 1015 1120 1112
f 1015 1121 1120
f 1117 1121 1015
f 7161 1122 1119
f 1017 1122 7161
f 1017 1123 1122
f 1116 1123 1017
f 1018 1124 1116
f 1019 1124 1018
f 1020 1125 1019
f 1019 1125 1124
f 1020 1126 1125
f 1021 1126 1020
f 1034 1126 1021
f 1022 1127 1024
f 1022 1128 1127
f 1029 1128 1023
f 1023 1128 1022
f 1024 1129 1035
f 1127 1129 1024
f 1025 1130 1026
f 1025 1131 1130
f 1027 1131 1025
f 1130 1132 1026
f 1026 1132 1029
f 1028 1133 1027
f 1027 1133 1131
f 1030 1134 1028
f 1028 1134 1133
f 1053 1134 1030
f 1029 1135 1128
f 1132 1135 1029
f 1034 1136 1126
f 1034 1137 1136
f 1035 1137 1034
f 1035 1138 1137
f 1129 1138 1035
f 1044 1139 1043
f 1046 1140 1045
f 1045 1140 1044
f 1044 1140 1139
f 1050 1141 1049
f 1049 1141 1048
f 1050 1142 1141
f 1051 1142 1050
f 1056 1143 1052
f 1143 1144 1052
f 1052 1144 1053
f 1053 1144 1134
f 1055 1145 1056
f 1064 1145 1055
f 1056 1146 1143
f 1145 1146 1056
f 1058 1147 1059
f 1067 1147 1058
f 1059 1148 1060
f 1147 1148 1059
f 1060 1149 1066
f 1148 1149 1060
f 1061 1150 1064
f 1064 1150 1145
f 1061 1151 1150
f 1062 1151 1061
f 1062 1152 1151
f 1063 1152 1062
f 1063 1153 1152
f 1065 1153 1063
f 1065 1154 1153
f 1066 1154 1065
f 1066 1155 1154
f 1149 1155 1066
f 1067 1156 1147
f 1067 1157 1156
f 1068 1157 1067
f 1068 1158 1157
f 1069 1158 1068
f 1069 1159 1158
f 1070 1159 1069
f 1070 1160 1159
f 1071 1160 1070
f 1071 1161 1160
f 1072 1161 1071
f 1072 1162 1161
f 1072 1163 1162
f 1078 1163 1072
f 1073 1164 1077
f 1074 1164 1073
f 1074 1165 1164
f 1074 1166 1165
f 1076 1166 1075
f 1075 1166 1074
f 1076 1167 1166
f 1076 1168 1167
f 1079 1168 1076
f 1077 1169 1078
f 1078 1169 1163
f 1077 1170 1169
f 1164 1170 1077
f 1079 1171 1168
f 1083 1171 1080
f 1080 1171 1079
f 1081 1172 1083
f 1081 1173 1172
f 1082 1173 1081
f 1082 1174 1173
f 1084 1174 1082
f 1083 1175 1171
f 1083 1176 1175
f 1172 1176 1083
f 1084 1177 1174
f 1085 1177 1084
f 1085 1178 1177
f 1086 1178 1085
f 1086 1179 1178
f 1086 1180 1179
f 1087 1180 1086
f 1087 1181 1180
f 1092 1181 1087
f 1088 1182 1095
f 1091 1182 1088
f 1089 1183 1091
f 1089 1184 1183
f 1105 1184 1090
f 1090 1184 1089
f 1091 1185 1182
f 1183 1185 1091
f 1092 1186 1181
f 1092 1187 1186
f 1094 1187 1093
f 1093 1187 1092
f 1094 1188 1187
f 1094 1189 1188
f 1182 1189 1095
f 1095 1189 1094
f 1096 7112 1097
f 1096 272 7112
f 268 272 1096
f 1097 1190 1100
f 1097 7116 1190
f 7112 7116 1097
f 1101 1191 1098
f 1098 1191 1099
f 1099 1192 1103
f 1191 1192 1099
f 1100 1193 1101
f 1190 1193 1100
f 1101 1194 1191
f 1101 1195 1194
f 1193 1195 1101
f 1103 1196 1102
f 1102 1197 1104
f 1196 1197 1102
f 1103 1198 1196
f 1192 1198 1103
f 1104 1199 1106
f 1197 1199 1104
f 1105 1200 1184
f 1184 1200 1183
f 1105 1201 1200
f 1106 1201 1105
f 1199 1201 1106
f 1109 1202 1107
f 1108 1203 1109
f 1114 1203 1108
f 1109 1204 1202
f 1203 1204 1109
f 1111 1205 1110
f 1110 1205 1115
f 1112 1205 1111
f 1112 1206 1205
f 1120 1206 1112
f 1113 1207 1114
f 1113 1208 1207
f 1115 1208 1113
f 1114 1209 1203
f 1207 1209 1114
f 1115 1210 1208
f 1206 1210 1205
f 1205 1210 1115
f 1116 1211 1123
f 1124 1211 1116
f 1117 1212 1121
f 1118 1212 1117
f 1118 1213 1212
f 1118 1214 1213
f 1119 1214 1118
f 1119 1215 1214
f 1122 1215 1119
f 1120 1216 1206
f 1120 1217 1216
f 1121 1217 1120
f 1121 1218 1217
f 1212 1218 1121
f 1122 1219 1215
f 1123 1219 1122
f 1123 1220 1219
f 1211 1220 1123
f 1124 1221 1211
f 1124 1222 1221
f 1125 1222 1124
f 1125 1223 1222
f 1136 1223 1126
f 1126 1223 1125
f 1127 1224 1129
f 1127 1225 1224
f 1135 1225 1128
f 1128 1225 1127
f 1129 1226 1138
f 1224 1226 1129
f 1131 1227 1130
f 1227 1228 1130
f 1130 1228 1132
f 1133 1229 1131
f 1131 1229 1227
f 1132 1230 1135
f 1228 1230 1132
f 1133 1231 1229
f 1134 1231 1133
f 1144 1231 1134
f 1135 1232 1225
f 1230 1232 1135
f 1136 1233 1223
f 1136 1234 1233
f 1138 1234 1137
f 1137 1234 1136
f 1226 1235 1138
f 1235 1236 1138
f 1138 1236 1234
f 1143 1237 1144
f 1144 1237 1231
f 1143 1238 1237
f 1146 1238 1143
f 1145 1239 1146
f 1150 1239 1145
f 1239 1240 1146
f 1146 1240 1238
f 1147 1241 1148
f 1156 1241 1147
f 1148 1242 1149
f 1149 1242 1155
f 1148 1243 1242
f 1241 1243 1148
f 1150 1244 1239
f 1150 1245 1244
f 1151 1245 1150
f 1151 1246 1245
f 1152 1246 1151
f 1152 1247 1246
f 1153 1247 1152
f 1153 1248 1247
f 1154 1248 1153
f 1154 1249 1248
f 1155 1249 1154
f 1242 1250 1155
f 1155 1250 1249
f 1243 1250 1242
f 1156 1251 1241
f 1156 1252 1251
f 1157 1252 1156
f 1157 1253 1252
f 1158 1253 1157
f 1158 1254 1253
f 1159 1254 1158
f 1159 1255 1254
f 1160 1255 1159
f 1160 1256 1255
f 1161 1256 1160
f 1162 1257 1161
f 1161 1257 1256
f 1162 1258 1257
f 1162 1259 1258
f 1163 1259 1162
f 1169 1260 1163
f 1163 1260 1259
f 1164 1261 1170
f 1165 1261 1164
f 1165 1262 1261
f 1165 1263 1262
f 1167 1263 1166
f 1166 1263 1165
f 1167 1264 1263
f 1167 1265 1264
f 1168 1265 1167
f 1168 1266 1265
f 1175 1266 1171
f 1171 1266 1168
f 1169 1267 1260
f 1170 1267 1169
f 1170 1268 1267
f 1261 1268 1170
f 1172 1269 1176
f 1172 1270 1269
f 1172 1271 1270
f 1173 1271 1172
f 1173 1272 1271
f 1174 1272 1173
f 1174 1273 1272
f 1177 1273 1174
f 1175 1274 1266
f 1176 1275 1175
f 1175 1275 1274
f 1176 1265 1275
f 1269 1265 1176
f 1177 1276 1273
f 1178 1276 1177
f 1178 1277 1276
f 1179 1277 1178
f 1179 1278 1277
f 1180 1278 1179
f 1180 1279 1278
f 1181 1279 1180
f 1181 1280 1279
f 1186 1280 1181
f 1182 1281 1189
f 1182 1282 1281
f 1185 1282 1182
f 1183 1283 1185
f 1183 1284 1283
f 1284 1285 1200
f 1183 1285 1284
f 1200 1285 1183
f 1185 1286 1282
f 1283 1286 1185
f 1186 1287 1280
f 1186 1288 1287
f 1188 1288 1187
f 1187 1288 1186
f 1188 1289 1288
f 1188 1290 1289
f 1281 1290 1189
f 1189 1290 1188
f 7112 1927 7116
f 272 1927 7112
f 1190 1291 1193
f 1190 7123 1291
f 1190 1292 7123
f 7116 1292 1190
f 7116 273 1292
f 1927 273 7116
f 1191 1293 1192
f 1194 1293 1191
f 1192 1294 1198
f 1293 1294 1192
f 1193 1295 1195
f 1291 1295 1193
f 1194 1296 1293
f 1194 1297 1296
f 1195 1297 1194
f 1195 1298 1297
f 1295 1298 1195
f 1196 1299 1197
f 1198 1299 1196
f 1197 1300 1199
f 1197 1301 1300
f 1299 1301 1197
f 1198 1302 1299
f 1294 1302 1198
f 1199 1303 1201
f 1300 1303 1199
f 1200 1304 1284
f 1201 1304 1200
f 1201 1305 1304
f 1303 1305 1201
f 1204 1306 1202
f 1203 1307 1204
f 1203 1308 1307
f 1209 1308 1203
f 1204 1309 1306
f 1307 1309 1204
f 1206 1310 1210
f 1216 1310 1206
f 1207 1311 1209
f 1208 1312 1207
f 1207 1312 1311
f 1210 1313 1208
f 1208 1313 1312
f 1310 1313 1210
f 1311 1314 1209
f 1209 1314 1308
f 1211 1315 1220
f 1221 1315 1211
f 1212 1316 1218
f 1213 1316 1212
f 1213 1317 1316
f 1213 1318 1317
f 1214 1318 1213
f 1215 1318 1214
f 1215 1319 1318
f 1219 1319 1215
f 1217 1320 1216
f 1216 1321 1310
f 1320 1321 1216
f 1217 1322 1320
f 1218 1322 1217
f 1316 1323 1218
f 1218 1323 1322
f 1220 1324 1219
f 1219 1324 1319
f 1220 1325 1324
f 1315 1325 1220
f 1221 1326 1315
f 1222 1326 1221
f 1223 1327 1222
f 1222 1327 1326
f 1233 1327 1223
f 1224 1328 1226
f 1226 1328 1235
f 1224 1329 1328
f 1232 1329 1225
f 1225 1329 1224
f 1227 1330 1228
f 1227 1331 1330
f 1229 1331 1227
f 1228 1332 1230
f 1330 1332 1228
f 1229 1333 1331
f 1237 1333 1231
f 1231 1333 1229
f 1332 1334 1230
f 1230 1334 1232
f 1232 1335 1329
f 1334 1335 1232
f 1236 1336 1234
f 1234 1336 1233
f 1336 1337 1233
f 1233 1337 1327
f 1338 1339 1235
f 1235 1339 1236
f 1235 1340 1338
f 1328 1340 1235
f 1236 1341 1336
f 1339 1341 1236
f 1238 1342 1237
f 1237 1342 1333
f 1238 1343 1342
f 1240 1343 1238
f 1244 1344 1239
f 1239 1344 1240
f 1240 1345 1343
f 1344 1345 1240
f 1251 1346 1241
f 1241 1346 1243
f 1243 1347 1250
f 1346 1347 1243
f 1244 1348 1344
f 1244 1349 1348
f 1245 1349 1244
f 1245 1350 1349
f 1246 1350 1245
f 1246 1351 1350
f 1247 1351 1246
f 1247 1352 1351
f 1248 1352 1247
f 1248 1353 1352
f 1249 1353 1248
f 1249 1354 1353
f 1250 1354 1249
f 1250 1355 1354
f 1347 1355 1250
f 1251 1356 1346
f 1251 1357 1356
f 1252 1357 1251
f 1252 1358 1357
f 1253 1358 1252
f 1253 1359 1358
f 1254 1359 1253
f 1254 1360 1359
f 1255 1360 1254
f 1255 1361 1360
f 1256 1361 1255
f 1256 1362 1361
f 1258 1362 1257
f 1257 1362 1256
f 1258 1363 1362
f 1258 1364 1363
f 1259 1364 1258
f 1260 1365 1259
f 1259 1365 1364
f 1260 1366 1365
f 1267 1366 1260
f 1261 1367 1268
f 1262 1367 1261
f 1264 1368 1263
f 1263 1368 1262
f 1368 1369 1262
f 1262 1369 1367
f 1264 1370 1368
f 1264 1371 1370
f 1265 1371 1264
f 1265 1372 1371
f 1265 1373 1372
f 1274 1373 1266
f 1266 1373 1265
f 1267 1374 1366
f 1268 1374 1267
f 1367 1375 1268
f 1268 1375 1374
f 1270 1376 1269
f 1376 1377 1269
f 1377 1378 1269
f 1269 1378 1265
f 1270 1379 1376
f 1271 1379 1270
f 1272 1380 1271
f 1271 1380 1379
f 1272 1381 1380
f 1273 1381 1272
f 1273 1382 1381
f 1276 1382 1273
f 1274 1383 1373
f 1275 1384 1274
f 1274 1384 1383
f 1265 1385 1275
f 1275 1385 1384
f 1378 1385 1265
f 1276 1386 1382
f 1277 1386 1276
f 1277 1387 1386
f 1278 1387 1277
f 1278 1388 1387
f 1278 1389 1388
f 1279 1389 1278
f 1279 1390 1389
f 1280 1390 1279
f 1280 1391 1390
f 1287 1391 1280
f 1281 1392 1290
f 1281 1393 1392
f 1286 1393 1282
f 1282 1393 1281
f 1283 1394 1286
f 1284 1394 1283
f 1284 1395 1394
f 1284 1396 1395
f 1304 1396 1284
f 1286 1397 1393
f 1286 1398 1397
f 1394 1398 1286
f 1287 1399 1391
f 1287 4761 1399
f 1289 4761 1288
f 1288 4761 1287
f 1289 1400 4761
f 1392 1401 1290
f 1290 1401 1289
f 1401 1402 1289
f 1289 1402 1400
f 1291 1403 1295
f 1291 1404 1403
f 1291 1405 1404
f 7123 1405 1291
f 7123 274 1405
f 1292 274 7123
f 273 274 1292
f 1293 1406 1294
f 1296 1406 1293
f 1294 1407 1302
f 1406 1407 1294
f 1295 1408 1298
f 1403 1408 1295
f 1296 1409 1406
f 1296 1410 1409
f 1297 1410 1296
f 1297 1411 1410
f 1408 1411 1298
f 1298 1411 1297
f 1301 1412 1300
f 1299 1412 1301
f 1299 1413 1412
f 1302 1413 1299
f 1300 1414 1303
f 1303 1414 1305
f 1412 1414 1300
f 1302 1415 1413
f 1407 1415 1302
f 1304 1416 1396
f 1305 1416 1304
f 1305 1417 1416
f 1414 1417 1305
f 1309 1418 1306
f 1307 1419 1309
f 1307 1420 1419
f 1314 1420 1308
f 1308 1420 1307
f 1309 1421 1418
f 1419 1421 1309
f 1310 1422 1313
f 1321 1422 1310
f 1311 1423 1314
f 1312 1423 1311
f 1312 1424 1423
f 1313 1424 1312
f 1422 1424 1313
f 1314 1425 1420
f 1423 1425 1314
f 1326 1426 1315
f 1315 1426 1325
f 1316 1427 1323
f 1317 1427 1316
f 1317 1428 1427
f 1317 1429 1428
f 1319 1429 1318
f 1318 1429 1317
f 1319 1430 1429
f 1324 1430 1319
f 1320 1431 1321
f 1320 1432 1431
f 1322 1432 1320
f 1321 1433 1422
f 1431 1433 1321
f 1322 1434 1432
f 1323 1434 1322
f 1323 1435 1434
f 1427 1435 1323
f 1324 1436 1430
f 1325 1436 1324
f 1325 1437 1436
f 1426 1437 1325
f 1327 1438 1326
f 1337 1438 1327
f 1326 1438 1426
f 1328 1439 1340
f 1335 1439 1329
f 1329 1439 1328
f 1330 1440 1332
f 1331 1440 1330
f 1342 1441 1333
f 1333 1441 1331
f 1441 1442 1331
f 1331 1442 1440
f 1332 1443 1334
f 1332 1444 1443
f 1440 1444 1332
f 1442 1444 1440
f 1334 1445 1335
f 1443 1445 1334
f 1335 1446 1439
f 1445 1446 1335
f 1336 1447 1337
f 1341 1447 1336
f 1447 1448 1337
f 1337 1448 1438
f 1338 1449 1339
f 1338 1450 1449
f 1340 1450 1338
f 1339 1451 1341
f 1449 1451 1339
f 1340 1452 1450
f 1446 1452 1439
f 1439 1452 1340
f 1341 1453 1447
f 1451 1453 1341
f 1342 1454 1441
f 1343 1454 1342
f 1343 1455 1454
f 1345 1455 1343
f 1344 1456 1345
f 1348 1456 1344
f 1456 1457 1345
f 1457 1458 1345
f 1345 1458 1455
f 1346 1459 1347
f 1356 1459 1346
f 1347 1460 1355
f 1459 1460 1347
f 1348 1461 1456
f 1348 1462 1461
f 1349 1462 1348
f 1349 1463 1462
f 1350 1463 1349
f 1351 1464 1350
f 1350 1464 1463
f 1351 1465 1464
f 1352 1465 1351
f 1352 1466 1465
f 1353 1466 1352
f 1353 1467 1466
f 1353 1468 1467
f 1354 1468 1353
f 1355 1469 1354
f 1354 1469 1468
f 1355 1470 1469
f 1460 1470 1355
f 1356 1471 1459
f 1357 1471 1356
f 1357 1472 1471
f 1357 1473 1472
f 1358 1473 1357
f 1358 1474 1473
f 1360 1474 1359
f 1359 1474 1358
f 1360 1475 1474
f 1361 1475 1360
f 1361 1476 1475
f 1362 1476 1361
f 1362 1477 1476
f 1363 1477 1362
f 1363 1478 1477
f 1364 1478 1363
f 1365 1479 1364
f 1364 1479 1478
f 1365 1480 1479
f 1366 1480 1365
f 1374 1481 1366
f 1366 1481 1480
f 1369 1482 1367
f 1367 1482 1375
f 1368 1483 1369
f 1370 1483 1368
f 1369 1484 1482
f 1483 1484 1369
f 1370 1485 1483
f 1483 1485 1484
f 1370 1486 1485
f 1370 1487 1486
f 1371 1487 1370
f 1371 1488 1487
f 1372 1488 1371
f 1372 1489 1488
f 1373 1489 1372
f 1383 1489 1373
f 1374 1490 1481
f 1375 1490 1374
f 1375 1491 1490
f 1482 1491 1375
f 1376 1492 1377
f 1376 1493 1492
f 1379 1493 1376
f 1377 1494 1378
f 1377 1495 1494
f 1492 1495 1377
f 1378 1496 1385
f 1494 1496 1378
f 1380 1497 1379
f 1379 1497 1493
f 1380 1498 1497
f 1381 1498 1380
f 1381 1499 1498
f 1386 1499 1382
f 1382 1499 1381
f 1384 1500 1383
f 1383 1501 1489
f 1500 1501 1383
f 1384 1489 1500
f 1385 1489 1384
f 1496 1489 1385
f 1386 1502 1499
f 1386 1503 1502
f 1388 1503 1387
f 1387 1503 1386
f 1388 1504 1503
f 1388 1505 1504
f 1389 1505 1388
f 1389 1506 1505
f 1390 1506 1389
f 1390 1507 1506
f 1391 1507 1390
f 1399 1508 1391
f 1391 1508 1507
f 1397 1509 1393
f 1393 1509 1392
f 1509 1510 1392
f 1392 1510 1401
f 1401 1510 1402
f 1394 1511 1398
f 1395 1511 1394
f 1395 1512 1511
f 1395 1513 1512
f 1396 1513 1395
f 1396 1514 1513
f 1416 1514 1396
f 1397 1515 1509
f 1397 1516 1515
f 1398 1516 1397
f 1398 1517 1516
f 1512 1517 1511
f 1511 1517 1398
f 1399 1518 1508
f 4761 1519 1399
f 1400 1519 4761
f 1399 1519 1518
f 1400 1520 1519
f 1402 1520 1400
f 1402 1521 1520
f 1510 1521 1402
f 1403 1522 1408
f 1403 1523 1522
f 1404 1523 1403
f 1404 1524 1523
f 1404 1525 1524
f 1405 1525 1404
f 1405 7128 1525
f 1406 1526 1407
f 1409 1526 1406
f 1407 1527 1415
f 1526 1527 1407
f 1408 1528 1411
f 1522 1528 1408
f 1409 1530 1529
f 1411 1530 1410
f 1410 1530 1409
f 1529 1531 1409
f 1409 1531 1526
f 1528 1532 1411
f 1411 1532 1530
f 1412 1533 1414
f 1414 1533 1417
f 1412 1534 1533
f 1413 1534 1412
f 1415 1535 1413
f 1413 1535 1534
f 1415 1536 1535
f 1527 1536 1415
f 1416 1537 1514
f 1417 1537 1416
f 1417 1538 1537
f 1417 1539 1538
f 1533 1539 1417
f 1421 1540 1418
f 1419 1541 1421
f 1419 1542 1541
f 1425 1542 1420
f 1420 1542 1419
f 1421 1543 1540
f 1541 1543 1421
f 1422 1544 1424
f 1433 1544 1422
f 1423 1545 1425
f 1423 1546 1545
f 1544 1546 1424
f 1424 1546 1423
f 1425 1547 1542
f 1545 1547 1425
f 1426 1548 1437
f 1438 1548 1426
f 1428 1549 1427
f 1427 1549 1435
f 1428 1550 1549
f 1428 1551 1550
f 1429 1551 1428
f 1429 1552 1551
f 1430 1552 1429
f 1430 1553 1552
f 1436 1553 1430
f 1431 1554 1433
f 1431 1555 1554
f 1432 1555 1431
f 1434 1556 1432
f 1432 1556 1555
f 1433 1557 1544
f 1554 1557 1433
f 1434 1558 1556
f 1435 1558 1434
f 1435 1559 1558
f 1549 1559 1435
f 1550 1559 1549
f 1436 1560 1553
f 1437 1560 1436
f 1437 1561 1560
f 1548 1561 1437
f 1448 1562 1438
f 1438 1562 1548
f 1548 1562 1561
f 1441 1563 1442
f 1454 1563 1441
f 1442 1564 1444
f 1563 1564 1442
f 1443 1565 1445
f 1443 1566 1565
f 1564 1566 1444
f 1444 1566 1443
f 1445 1567 1446
f 1565 1567 1445
f 1446 1568 1452
f 1567 1568 1446
f 1453 1569 1447
f 1447 1569 1448
f 1448 1570 1562
f 1569 1570 1448
f 1450 1571 1449
f 1571 1572 1449
f 1449 1572 1451
f 1450 1573 1571
f 1568 1573 1452
f 1452 1573 1450
f 1451 1574 1453
f 1572 1574 1451
f 1453 1575 1569
f 1574 1575 1453
f 1455 1576 1454
f 1454 1576 1563
f 1458 1576 1455
f 1456 1577 1457
f 1461 1577 1456
f 1457 1578 1458
f 1577 1578 1457
f 1458 1579 1576
f 1578 1579 1458
f 1459 1580 1460
f 1471 1580 1459
f 1460 1581 1470
f 1580 1581 1460
f 1461 1582 1577
f 1461 1583 1582
f 1462 1583 1461
f 1462 1584 1583
f 1463 1584 1462
f 1464 1585 1463
f 1463 1585 1584
f 1464 1586 1585
f 1465 1586 1464
f 1466 1587 1465
f 1465 1587 1586
f 1466 1588 1587
f 1467 1588 1466
f 1467 1589 1588
f 1467 1590 1589
f 1469 1590 1468
f 1468 1590 1467
f 1469 1591 1590
f 1470 1591 1469
f 1470 1592 1591
f 1581 1592 1470
f 1471 1593 1580
f 1472 1593 1471
f 1472 1594 1593
f 1472 1595 1594
f 1473 1595 1472
f 1474 1595 1473
f 1475 1596 1474
f 1474 1596 1595
f 1475 1597 1596
f 1476 1597 1475
f 1476 1598 1597
f 1477 1598 1476
f 1478 1599 1477
f 1477 1599 1598
f 1479 1600 1478
f 1478 1600 1599
f 1479 1601 1600
f 1480 1601 1479
f 1480 1602 1601
f 1481 1602 1480
f 1481 1603 1602
f 1490 1603 1481
f 1482 1604 1491
f 1484 1604 1482
f 1485 1605 1484
f 1605 1606 1484
f 1484 1606 1604
f 1485 1607 1605
f 1486 1607 1485
f 1488 1608 1487
f 1487 1608 1486
f 1608 1609 1486
f 1486 1609 1607
f 1488 1610 1608
f 1488 1611 1610
f 1501 1611 1489
f 1489 1611 1488
f 1490 1612 1603
f 1491 1612 1490
f 1491 1613 1612
f 1604 1613 1491
f 1492 1614 1495
f 1492 1615 1614
f 1493 1615 1492
f 1493 1616 1615
f 1497 1616 1493
f 1495 1617 1494
f 1494 1618 1496
f 1617 1618 1494
f 1495 1619 1617
f 1614 1619 1495
f 1496 1620 1489
f 1618 1621 1496
f 1496 1621 1620
f 1498 1622 1497
f 1497 1622 1616
f 1498 1623 1622
f 1502 1623 1499
f 1499 1623 1498
f 1500 1624 1501
f 1620 1624 1489
f 1489 1624 1500
f 1624 1625 1501
f 1501 1625 1611
f 1611 1625 1610
f 1502 1626 1623
f 1502 1627 1626
f 1504 1627 1503
f 1503 1627 1502
f 1504 1628 1627
f 1504 1629 1628
f 1505 1629 1504
f 1505 1630 1629
f 1506 1630 1505
f 1506 1631 1630
f 1507 1631 1506
f 1507 1632 1631
f 1508 1632 1507
f 1508 1633 1632
f 1518 1633 1508
f 1509 1634 1510
f 1510 1634 1521
f 1515 1634 1509
f 1512 1635 1517
f 1512 1636 1635
f 1512 1637 1636
f 1513 1637 1512
f 1513 1638 1637
f 1514 1638 1513
f 1537 1639 1514
f 1514 1639 1638
f 1515 1640 1634
f 1515 1641 1640
f 1516 1641 1515
f 1516 1642 1641
f 1635 1642 1517
f 1517 1642 1516
f 1518 1643 1633
f 1518 1644 1643
f 1520 1644 1519
f 1519 1644 1518
f 1520 1645 1644
f 1520 1646 1645
f 1521 1646 1520
f 1634 1647 1521
f 1521 1647 1646
f 1640 1647 1634
f 1522 1648 1528
f 1522 1649 1648
f 1523 1649 1522
f 1523 1650 1649
f 1524 1650 1523
f 1524 1651 1650
f 1524 1652 1651
f 7128 1652 1525
f 1525 1652 1524
f 7128 274 1653
f 1653 1654 7128
f 7128 1654 1652
f 1526 1655 1527
f 1531 1655 1526
f 1527 1656 1536
f 1655 1656 1527
f 1528 1657 1532
f 1648 1657 1528
f 1529 1658 1531
f 1529 1659 1658
f 1529 1660 1659
f 1532 1660 1530
f 1530 1660 1529
f 1658 1661 1531
f 1531 1661 1655
f 1655 1661 1656
f 1532 1662 1660
f 1657 1662 1532
f 1533 1663 1539
f 1534 1663 1533
f 1534 1664 1663
f 1535 1664 1534
f 1535 1665 1664
f 1536 1665 1535
f 1536 1666 1665
f 1656 1666 1536
f 1538 1667 1537
f 1537 1667 1639
f 1538 1668 1667
f 1539 1668 1538
f 1539 1669 1668
f 1663 1669 1539
f 1543 1670 1540
f 1541 1671 1543
f 1542 1672 1541
f 1541 1672 1671
f 1547 1672 1542
f 1543 1673 1670
f 1671 1673 1543
f 1544 1674 1546
f 1557 1674 1544
f 1546 1674 1545
f 1545 1675 1547
f 1674 1675 1545
f 1675 1676 1547
f 1547 1676 1672
f 1550 1677 1559
f 1551 1678 1550
f 1678 1679 1550
f 1550 1679 1677
f 1551 1680 1678
f 1552 1680 1551
f 1552 1681 1680
f 1553 1681 1552
f 1553 1682 1681
f 1560 1682 1553
f 1554 1683 1557
f 1554 1684 1683
f 1555 1684 1554
f 1555 1685 1684
f 1556 1685 1555
f 1556 1686 1685
f 1558 1686 1556
f 1557 1687 1674
f 1683 1687 1557
f 1559 1688 1558
f 1558 1688 1686
f 1677 1688 1559
f 1560 1689 1682
f 1561 1689 1560
f 1562 1690 1561
f 1561 1690 1689
f 1570 1690 1562
f 1563 1691 1564
f 1576 1691 1563
f 1564 1692 1566
f 1564 1693 1692
f 1691 1693 1564
f 1565 1694 1567
f 1566 1694 1565
f 1692 1694 1566
f 1567 1695 1568
f 1694 1695 1567
f 1568 1696 1573
f 1695 1696 1568
f 1569 1697 1570
f 1575 1697 1569
f 1570 1698 1690
f 1697 1698 1570
f 1571 1699 1572
f 1571 1700 1699
f 1696 1700 1573
f 1573 1700 1571
f 1699 1701 1572
f 1701 1702 1572
f 1572 1702 1574
f 1574 1703 1575
f 1575 1703 1697
f 1702 1703 1574
f 1579 1704 1576
f 1576 1704 1691
f 1691 1704 1693
f 1577 1705 1578
f 1582 1705 1577
f 1578 1706 1579
f 1705 1706 1578
f 1579 1707 1704
f 1706 1707 1579
f 1580 1708 1581
f 1593 1708 1580
f 1708 1709 1581
f 1581 1709 1592
f 1582 1710 1705
f 1582 1711 1710
f 1582 1712 1711
f 1583 1712 1582
f 1583 1713 1712
f 1584 1713 1583
f 1584 1714 1713
f 1586 1714 1585
f 1585 1714 1584
f 1586 1715 1714
f 1587 1715 1586
f 1587 1716 1715
f 1588 1716 1587
f 1588 1717 1716
f 1589 1717 1588
f 1589 1718 1717
f 1591 1718 1590
f 1590 1718 1589
f 1591 1719 1718
f 1592 1719 1591
f 1592 1720 1719
f 1709 1720 1592
f 1593 1721 1708
f 1593 1722 1721
f 1594 1722 1593
f 1594 1723 1722
f 1594 1724 1723
f 1595 1724 1594
f 1596 1724 1595
f 1596 1725 1724
f 1597 1725 1596
f 1597 1726 1725
f 1598 1726 1597
f 1598 1727 1726
f 1599 1727 1598
f 1599 1728 1727
f 1600 1728 1599
f 1600 1729 1728
f 1601 1729 1600
f 1601 1730 1729
f 1602 1730 1601
f 1603 1731 1602
f 1602 1731 1730
f 1603 1732 1731
f 1612 1732 1603
f 1604 1733 1613
f 1606 1733 1604
f 1607 1734 1605
f 1605 1735 1606
f 1734 1735 1605
f 1606 1736 1733
f 1735 1736 1606
f 1607 1737 1734
f 1609 1737 1607
f 1608 1738 1609
f 1610 1738 1608
f 1609 1739 1737
f 1738 1739 1609
f 1610 1740 1738
f 1610 1741 1740
f 1625 1741 1610
f 1612 1742 1732
f 1613 1742 1612
f 1613 1743 1742
f 1733 1743 1613
f 1614 1744 1619
f 1614 1745 1744
f 1615 1745 1614
f 1615 1746 1745
f 1616 1746 1615
f 1616 1747 1746
f 1622 1747 1616
f 1617 1748 1618
f 1617 1749 1748
f 1619 1749 1617
f 1618 1750 1621
f 1748 1750 1618
f 1744 1751 1619
f 1619 1751 1749
f 1620 1752 1624
f 1625 1752 1741
f 1624 1752 1625
f 1620 1753 1752
f 1621 1753 1620
f 1621 1754 1753
f 1750 1754 1621
f 1622 1755 1747
f 1626 1755 1623
f 1623 1755 1622
f 1626 1756 1755
f 1626 1757 1756
f 1628 1757 1627
f 1627 1757 1626
f 1628 1758 1757
f 1628 1759 1758
f 1629 1759 1628
f 1629 1760 1759
f 1630 1760 1629
f 1631 1761 1630
f 1630 1761 1760
f 1631 1762 1761
f 1632 1762 1631
f 1632 1763 1762
f 1633 1763 1632
f 1633 1764 1763
f 1643 1764 1633
f 1635 1765 1642
f 1635 1766 1765
f 1636 1766 1635
f 1636 1767 1766
f 1636 1768 1767
f 1637 1768 1636
f 1637 1769 1768
f 1638 1769 1637
f 1638 1770 1769
f 1667 1770 1639
f 1639 1770 1638
f 1640 1771 1647
f 1641 1771 1640
f 1641 1772 1771
f 1642 1772 1641
f 1765 1772 1642
f 1645 1773 1644
f 1644 1773 1643
f 1643 1774 1764
f 1773 1774 1643
f 1645 1775 1773
f 1645 1776 1775
f 1646 1777 1645
f 1645 1777 1776
f 1647 1777 1646
f 1647 1778 1777
f 1771 1778 1647
f 1648 1779 1657
f 1648 1780 1779
f 1649 1780 1648
f 1650 1781 1649
f 1649 1781 1780
f 1650 1782 1781
f 1651 1782 1650
f 1651 1783 1782
f 1651 1784 1783
f 1652 1784 1651
f 1654 1785 1652
f 1652 1785 1784
f 1653 1786 1654
f 1653 1787 1786
f 1653 1788 1787
f 274 1788 1653
f 274 273 1788
f 1654 1789 1785
f 1786 1789 1654
f 1656 1790 1666
f 1656 1791 1790
f 1661 1791 1656
f 1657 1792 1662
f 1779 1792 1657
f 1658 1793 1661
f 1661 1793 1791
f 1658 1794 1793
f 1659 1794 1658
f 1659 1795 1794
f 1659 1796 1795
f 1662 1796 1660
f 1660 1796 1659
f 1662 1797 1796
f 1792 1797 1662
f 1663 1798 1669
f 1663 1799 1798
f 1664 1799 1663
f 1664 1800 1799
f 1790 1800 1666
f 1665 1800 1664
f 1666 1800 1665
f 1668 1801 1667
f 1667 1801 1770
f 1668 1802 1801
f 1669 1802 1668
f 1669 1803 1802
f 1798 1803 1669
f 1673 1804 1670
f 1672 1805 1671
f 1676 1805 1672
f 1805 1806 1671
f 1671 1806 1673
f 1673 1807 1804
f 1806 1807 1673
f 1674 1808 1675
f 1687 1808 1674
f 1675 1809 1676
f 1808 1809 1675
f 1676 1810 1805
f 1809 1810 1676
f 1677 1811 1688
f 1677 1812 1811
f 1679 1812 1677
f 1678 1813 1679
f 1680 1813 1678
f 1679 1814 1812
f 1813 1814 1679
f 1680 1815 1813
f 1681 1815 1680
f 1681 1816 1815
f 1682 1816 1681
f 1682 1817 1816
f 1689 1817 1682
f 1683 1818 1687
f 1683 1819 1818
f 1684 1819 1683
f 1684 1820 1819
f 1685 1820 1684
f 1685 1821 1820
f 1686 1821 1685
f 1686 1822 1821
f 1688 1822 1686
f 1811 1822 1688
f 1687 1823 1808
f 1818 1823 1687
f 1690 1824 1689
f 1689 1824 1817
f 1698 1824 1690
f 1692 1825 1694
f 1692 1826 1825
f 1693 1826 1692
f 1693 1827 1826
f 1707 1827 1704
f 1704 1827 1693
f 1694 1828 1695
f 1825 1828 1694
f 1695 1829 1696
f 1828 1829 1695
f 1696 1830 1700
f 1829 1830 1696
f 1697 1831 1698
f 1697 1832 1831
f 1703 1832 1697
f 1698 1833 1824
f 1831 1833 1698
f 1699 1834 1701
f 1699 1835 1834
f 1830 1835 1700
f 1700 1835 1699
f 1701 1836 1702
f 1701 1837 1836
f 1834 1837 1701
f 1702 1838 1703
f 1703 1838 1832
f 1836 1838 1702
f 1705 1839 1706
f 1710 1839 1705
f 1706 1840 1707
f 1839 1840 1706
f 1707 1841 1827
f 1840 1841 1707
f 1708 1842 1709
f 1721 1842 1708
f 1709 1843 1720
f 1842 1843 1709
f 1711 1844 1710
f 1710 1845 1839
f 1844 1845 1710
f 1711 1846 1844
f 1711 1847 1846
f 1712 1847 1711
f 1713 1848 1712
f 1712 1848 1847
f 1713 1849 1848
f 1714 1849 1713
f 1714 1850 1849
f 1715 1850 1714
f 1715 1851 1850
f 1716 1851 1715
f 1716 1852 1851
f 1717 1852 1716
f 1717 1853 1852
f 1718 1853 1717
f 1719 1854 1718
f 1718 1854 1853
f 1719 1855 1854
f 1720 1855 1719
f 1720 1856 1855
f 1843 1856 1720
f 1721 1857 1842
f 1721 1858 1857
f 1723 1858 1722
f 1722 1858 1721
f 1723 1859 1858
f 1723 1860 1859
f 1725 1860 1724
f 1724 1860 1723
f 1725 1861 1860
f 1726 1861 1725
f 1726 1862 1861
f 1726 1863 1862
f 1727 1863 1726
f 1727 1864 1863
f 1728 1864 1727
f 1729 1865 1728
f 1728 1865 1864
f 1729 1866 1865
f 1730 1866 1729
f 1731 1867 1730
f 1730 1867 1866
f 1731 1868 1867
f 1732 1868 1731
f 1732 1869 1868
f 1742 1869 1732
f 1736 1870 1733
f 1733 1870 1743
f 1734 1871 1735
f 1734 1872 1871
f 1737 1872 1734
f 1735 1873 1736
f 1871 1873 1735
f 1873 1874 1736
f 1736 1874 1870
f 1737 1875 1872
f 1739 1875 1737
f 1738 1876 1739
f 1740 1877 1738
f 1738 1877 1876
f 1739 1878 1875
f 1876 1878 1739
f 1740 1879 1877
f 1741 1879 1740
f 1741 1880 1879
f 1753 1880 1752
f 1752 1880 1741
f 1743 1881 1742
f 1742 1881 1869
f 1743 1882 1881
f 1870 1882 1743
f 1744 1883 1751
f 1744 1884 1883
f 1745 1884 1744
f 1745 1885 1884
f 1746 1885 1745
f 1747 1886 1746
f 1746 1886 1885
f 1747 1887 1886
f 1747 1888 1887
f 1756 1888 1755
f 1755 1888 1747
f 1748 1889 1750
f 1748 1890 1889
f 1749 1890 1748
f 1749 1891 1890
f 1751 1891 1749
f 1750 1892 1754
f 1889 1892 1750
f 1751 1893 1891
f 1883 1893 1751
f 1753 1894 1880
f 1880 1894 1879
f 1753 1895 1894
f 1754 1895 1753
f 1892 1896 1754
f 1754 1896 1895
f 1757 1897 1756
f 1758 1897 1757
f 1897 1898 1756
f 1756 1898 1888
f 1758 1899 1897
f 1758 1900 1899
f 1759 1900 1758
f 1759 1901 1900
f 1760 1901 1759
f 1760 1902 1901
f 1761 1902 1760
f 1761 1903 1902
f 1762 1903 1761
f 1762 1904 1903
f 1763 1904 1762
f 1764 1905 1763
f 1774 1905 1764
f 1905 1906 1763
f 1763 1906 1904
f 1766 1907 1765
f 1907 1908 1765
f 1765 1908 1772
f 1766 1909 1907
f 1767 1909 1766
f 1767 1910 1909
f 1767 1911 1910
f 1767 1912 1911
f 1769 1912 1768
f 1768 1912 1767
f 1770 1913 1769
f 1769 1913 1912
f 1770 1914 1913
f 1801 1914 1770
f 1771 1915 1778
f 1771 1916 1915
f 1908 1916 1772
f 1772 1916 1771
f 1773 1917 1774
f 1775 1917 1773
f 1774 1918 1905
f 1917 1918 1774
f 1775 1919 1917
f 1776 1919 1775
f 1776 1920 1919
f 1776 1921 1920
f 1778 1921 1777
f 1777 1921 1776
f 1778 1922 1921
f 1915 1922 1778
f 1784 1923 1783
f 1784 1924 1923
f 1785 1924 1784
f 1787 1925 1786
f 1787 1926 1925
f 273 1926 1788
f 1788 1926 1787
f 273 1927 1926
f 1790 1928 1800
f 1790 1929 1928
f 1790 1930 1929
f 1791 1930 1790
f 1791 1931 1930
f 1793 1931 1791
f 1793 1932 1931
f 1794 1932 1793
f 1794 1933 1932
f 1795 1933 1794
f 1795 1934 1933
f 1795 1935 1934
f 1797 1935 1796
f 1796 1935 1795
f 1799 1936 1798
f 1798 1936 1803
f 1800 1937 1799
f 1799 1937 1936
f 1928 1937 1800
f 1802 1938 1801
f 1801 1938 1914
f 1802 1939 1938
f 1803 1939 1802
f 1803 1940 1939
f 1803 1941 1940
f 1936 1941 1803
f 1807 1942 1804
f 1805 1943 1806
f 1810 1943 1805
f 1806 1944 1807
f 1943 1944 1806
f 1807 1945 1942
f 1944 1945 1807
f 1808 1946 1809
f 1823 1946 1808
f 1809 1947 1810
f 1946 1947 1809
f 1810 1948 1943
f 1947 1948 1810
f 1811 1949 1822
f 1811 1950 1949
f 1811 1951 1950
f 1814 1951 1812
f 1812 1951 1811
f 1813 1952 1814
f 1815 1952 1813
f 1814 1953 1951
f 1814 1954 1953
f 1952 1954 1814
f 1815 1955 1952
f 1816 1955 1815
f 1817 1956 1816
f 1816 1956 1955
f 1817 1957 1956
f 1817 1958 1957
f 1833 1958 1824
f 1824 1958 1817
f 1818 1959 1823
f 1819 1959 1818
f 1819 1960 1959
f 1820 1961 1819
f 1819 1961 1960
f 1820 1962 1961
f 1821 1962 1820
f 1821 1963 1962
f 1949 1963 1822
f 1822 1963 1821
f 1823 1964 1946
f 1959 1964 1823
f 1825 1965 1828
f 1826 1966 1825
f 1825 1966 1965
f 1826 1967 1966
f 1841 1967 1827
f 1827 1967 1826
f 1828 1968 1829
f 1965 1968 1828
f 1829 1969 1830
f 1968 1969 1829
f 1830 1970 1835
f 1969 1970 1830
f 1831 1971 1833
f 1831 1972 1971
f 1832 1972 1831
f 1832 1973 1972
f 1836 1973 1838
f 1838 1973 1832
f 1833 1974 1958
f 1971 1974 1833
f 1970 1975 1835
f 1835 1975 1834
f 1975 1976 1834
f 1834 1976 1837
f 1836 1977 1973
f 1836 1978 1977
f 1837 1978 1836
f 1837 1979 1978
f 1976 1979 1837
f 1839 1980 1840
f 1839 1981 1980
f 1845 1981 1839
f 1840 1982 1841
f 1980 1982 1840
f 1841 1983 1967
f 1982 1983 1841
f 1842 1984 1843
f 1857 1984 1842
f 1843 1985 1856
f 1984 1985 1843
f 1844 1986 1845
f 1845 1986 1981
f 1844 1987 1986
f 1846 1987 1844
f 1846 1988 1987
f 1847 1988 1846
f 1847 1989 1988
f 1848 1989 1847
f 1848 1990 1989
f 1849 1990 1848
f 1849 1991 1990
f 1850 1991 1849
f 1850 1992 1991
f 1851 1992 1850
f 1851 1993 1992
f 1852 1993 1851
f 1853 1994 1852
f 1852 1994 1993
f 1853 1995 1994
f 1854 1995 1853
f 1854 1996 1995
f 1855 1996 1854
f 1855 1997 1996
f 1856 1997 1855
f 1856 1998 1997
f 1985 1998 1856
f 1857 1999 1984
f 1857 2000 1999
f 1858 2000 1857
f 1858 2001 2000
f 1859 2001 1858
f 1859 2002 2001
f 1859 2003 2002
f 1861 2003 1860
f 1860 2003 1859
f 1861 2004 2003
f 1862 2004 1861
f 1862 2005 2004
f 1863 2005 1862
f 1863 2006 2005
f 1864 2006 1863
f 1864 2007 2006
f 1865 2007 1864
f 1865 2008 2007
f 1866 2008 1865
f 1866 2009 2008
f 1867 2009 1866
f 1867 2010 2009
f 1868 2010 1867
f 1869 2011 1868
f 1868 2012 2010
f 2011 2012 1868
f 1869 2013 2011
f 1881 2013 1869
f 1874 2014 1870
f 1870 2014 1882
f 1871 2015 1873
f 1871 2016 2015
f 1872 2016 1871
f 1872 2017 2016
f 1875 2017 1872
f 1873 2018 1874
f 2015 2018 1873
f 1874 2019 2014
f 2018 2019 1874
f 1878 2020 1875
f 1875 2020 2017
f 1876 2021 1878
f 1877 2021 1876
f 1877 2022 2021
f 1879 2022 1877
f 1878 2023 2020
f 2021 2023 1878
f 1879 2024 2022
f 1894 2024 1879
f 1881 2025 2013
f 1882 2025 1881
f 1882 2026 2025
f 2014 2026 1882
f 1883 2027 1893
f 1883 2028 2027
f 1884 2028 1883
f 1885 2029 1884
f 1884 2029 2028
f 1886 2030 1885
f 1885 2030 2029
f 1887 2031 1886
f 1886 2031 2030
f 1887 2032 2031
f 1898 2032 1888
f 1888 2032 1887
f 1889 2033 1892
f 1889 2034 2033
f 1890 2034 1889
f 1890 2035 2034
f 1891 2035 1890
f 1891 2036 2035
f 1893 2036 1891
f 1892 2037 1896
f 2033 2037 1892
f 1893 2038 2036
f 2027 2038 1893
f 1894 2039 2024
f 1895 2039 1894
f 1896 2040 1895
f 1895 2040 2039
f 1896 2041 2040
f 2037 2041 1896
f 1897 2042 1898
f 1899 2042 1897
f 1898 2043 2032
f 2042 2043 1898
f 1899 2044 2042
f 1899 2045 2044
f 1900 2045 1899
f 1900 2046 2045
f 1901 2046 1900
f 1903 2047 1902
f 1902 2047 1901
f 1901 2048 2046
f 2047 2048 1901
f 1903 2049 2047
f 1904 2049 1903
f 1904 2050 2049
f 1906 2050 1904
f 1918 2051 1905
f 1905 2051 1906
f 1906 2052 2050
f 2051 2052 1906
f 1907 2053 1908
f 1909 2054 1907
f 1907 2054 2053
f 1908 2055 1916
f 1916 2055 1915
f 2053 2055 1908
f 1910 2056 1909
f 1909 2056 2054
f 1910 2057 2056
f 1911 2057 1910
f 1911 2058 2057
f 1911 2059 2058
f 1912 2059 1911
f 1913 2059 1912
f 1914 2060 1913
f 1913 2060 2059
f 1914 2061 2060
f 1939 2061 1938
f 1938 2061 1914
f 1915 2062 1922
f 2055 2062 1915
f 1917 2063 1918
f 1917 2064 2063
f 1919 2064 1917
f 1918 2065 2051
f 2063 2065 1918
f 1919 2066 2064
f 1920 2066 1919
f 1920 2067 2066
f 1920 2068 2067
f 1922 2068 1921
f 1921 2068 1920
f 1922 2069 2068
f 2068 2069 2067
f 2062 2069 1922
f 1926 2070 1925
f 1927 2071 1926
f 1926 2071 2070
f 1927 272 2071
f 1928 2072 1937
f 1929 2072 1928
f 1929 2073 2072
f 1930 2073 1929
f 1930 2074 2073
f 1931 2074 1930
f 1931 2075 2074
f 1932 2075 1931
f 1932 2076 2075
f 1933 2076 1932
f 1933 2077 2076
f 1934 2077 1933
f 1936 2078 1941
f 2072 2078 1937
f 1937 2078 1936
f 1940 2079 1939
f 1939 2079 2061
f 1940 2080 2079
f 1940 2081 2080
f 1941 2081 1940
f 2078 2082 1941
f 1941 2082 2081
f 1945 2083 1942
f 1943 2084 1944
f 1948 2084 1943
f 2084 2085 1944
f 1944 2086 1945
f 2085 2086 1944
f 1945 2087 2083
f 2086 2087 1945
f 1946 2088 1947
f 1964 2088 1946
f 1947 2089 1948
f 2088 2089 1947
f 1948 2090 2084
f 2089 2090 1948
f 1949 2091 1963
f 1950 2091 1949
f 1950 2092 2091
f 1950 2093 2092
f 1953 2093 1951
f 1951 2093 1950
f 1955 2094 1952
f 1952 2094 1954
f 1953 2095 2093
f 1953 2096 2095
f 1954 2096 1953
f 1954 2097 2096
f 2094 2097 1954
f 1955 2098 2094
f 1957 2098 1956
f 1956 2098 1955
f 1957 2099 2098
f 1957 2100 2099
f 1974 2100 1958
f 1958 2100 1957
f 1959 2101 1964
f 1960 2101 1959
f 1960 2102 2101
f 1960 2103 2102
f 1961 2103 1960
f 1961 2104 2103
f 1962 2104 1961
f 1962 2105 2104
f 1963 2105 1962
f 1963 2106 2105
f 2091 2106 1963
f 1964 2107 2088
f 1964 2108 2107
f 2102 2108 2101
f 2101 2108 1964
f 1966 2109 1965
f 1965 2109 1968
f 1966 2110 2109
f 1983 2110 1967
f 1967 2110 1966
f 2109 2111 1968
f 1968 2112 1969
f 2111 2112 1968
f 1969 2112 1970
f 1970 2113 1975
f 1975 2113 1976
f 1970 2114 2113
f 2112 2114 1970
f 1972 2115 1971
f 2115 2116 1971
f 1971 2116 1974
f 1972 2117 2115
f 1977 2117 1973
f 1973 2117 1972
f 1974 2118 2100
f 2116 2118 1974
f 1976 2119 1979
f 2113 2119 1976
f 1977 2120 2117
f 1978 2121 1977
f 1977 2121 2120
f 1979 2121 1978
f 1979 2122 2121
f 2119 2122 1979
f 1980 2123 1982
f 1981 2123 1980
f 1981 2124 2123
f 1986 2124 1981
f 1982 2125 1983
f 2123 2125 1982
f 2125 2126 1983
f 1983 2127 2110
f 2126 2127 1983
f 1984 2128 1985
f 1985 2128 1998
f 1999 2128 1984
f 1986 2129 2124
f 1986 2130 2129
f 1987 2130 1986
f 1988 2131 1987
f 1987 2131 2130
f 1988 2132 2131
f 1988 2133 2132
f 1989 2133 1988
f 1989 2134 2133
f 1990 2134 1989
f 1991 2135 1990
f 1990 2135 2134
f 1992 2135 1991
f 1992 2136 2135
f 1993 2136 1992
f 1993 2137 2136
f 1994 2137 1993
f 1994 2138 2137
f 1995 2138 1994
f 1995 2139 2138
f 1996 2139 1995
f 1996 2140 2139
f 1997 2140 1996
f 1997 2141 2140
f 1998 2141 1997
f 2128 2142 1998
f 2142 2143 1998
f 1998 2143 2141
f 1999 2144 2128
f 2128 2144 2142
f 2001 2145 2000
f 2000 2145 1999
f 2145 2146 1999
f 1999 2146 2144
f 2002 2147 2001
f 2001 2147 2145
f 2004 2148 2003
f 2003 2148 2002
f 2148 2149 2002
f 2002 2149 2147
f 2005 2150 2004
f 2004 2150 2148
f 2005 2151 2150
f 2006 2151 2005
f 2006 2152 2151
f 2007 2152 2006
f 2007 2153 2152
f 2008 2153 2007
f 2008 2154 2153
f 2009 2154 2008
f 2009 2155 2154
f 2012 2155 2010
f 2010 2155 2009
f 2011 2156 2012
f 2011 2157 2156
f 2013 2157 2011
f 2025 2157 2013
f 2012 2158 2155
f 2156 2158 2012
f 2014 2159 2026
f 2019 2159 2014
f 2016 2160 2015
f 2015 2161 2018
f 2160 2161 2015
f 2018 2161 2019
f 2016 2162 2160
f 2017 2162 2016
f 2017 2163 2162
f 2020 2163 2017
f 2019 2164 2159
f 2161 2164 2019
f 2020 2165 2163
f 2023 2165 2020
f 2021 2166 2023
f 2021 2167 2166
f 2022 2167 2021
f 2022 2168 2167
f 2024 2168 2022
f 2039 2168 2024
f 2023 2169 2165
f 2166 2169 2023
f 2026 2170 2025
f 2025 2171 2157
f 2170 2171 2025
f 2159 2172 2026
f 2026 2172 2170
f 2027 2173 2038
f 2027 2174 2173
f 2028 2174 2027
f 2028 2175 2174
f 2029 2176 2028
f 2028 2176 2175
f 2029 2177 2176
f 2030 2177 2029
f 2030 2178 2177
f 2031 2178 2030
f 2031 2179 2178
f 2043 2179 2032
f 2032 2179 2031
f 2033 2180 2037
f 2033 2181 2180
f 2034 2181 2033
f 2035 2182 2034
f 2034 2182 2181
f 2035 2183 2182
f 2036 2183 2035
f 2036 2184 2183
f 2038 2184 2036
f 2173 2184 2038
f 2180 2185 2037
f 2037 2185 2041
f 2039 2186 2168
f 2040 2186 2039
f 2040 2187 2186
f 2041 2187 2040
f 2041 2188 2187
f 2185 2188 2041
f 2042 2189 2043
f 2044 2189 2042
f 2043 2190 2179
f 2189 2190 2043
f 2045 2191 2044
f 2191 2192 2044
f 2044 2192 2189
f 2045 2193 2191
f 2046 2193 2045
f 2046 2194 2193
f 2048 2194 2046
f 2049 2195 2047
f 2047 2195 2048
f 2048 2196 2194
f 2195 2196 2048
f 2049 2197 2195
f 2050 2197 2049
f 2050 2198 2197
f 2052 2198 2050
f 2051 2199 2052
f 2065 2199 2051
f 2052 2200 2198
f 2199 2200 2052
f 2053 2201 2055
f 2053 2202 2201
f 2054 2202 2053
f 2054 2203 2202
f 2056 2203 2054
f 2055 2204 2062
f 2201 2204 2055
f 2057 2205 2056
f 2056 2205 2203
f 2057 2206 2205
f 2057 2207 2206
f 2058 2207 2057
f 2058 2208 2207
f 2058 2209 2208
f 2060 2209 2059
f 2059 2209 2058
f 2060 2210 2209
f 2061 2210 2060
f 2061 2211 2210
f 2079 2211 2061
f 2062 2212 2069
f 2204 2212 2062
f 2063 2213 2065
f 2063 2214 2213
f 2064 2214 2063
f 2064 2215 2214
f 2066 2215 2064
f 2065 2216 2199
f 2199 2216 2200
f 2065 2217 2216
f 2213 2217 2065
f 2066 2218 2215
f 2067 2218 2066
f 2067 2219 2218
f 2069 2219 2067
f 2069 2220 2219
f 2212 2220 2069
f 2071 2221 2070
f 2071 2222 2221
f 2071 268 2222
f 272 268 2071
f 2072 2223 2078
f 2078 2223 2082
f 2072 2224 2223
f 2073 2224 2072
f 2073 2225 2224
f 2073 2226 2225
f 2074 2226 2073
f 2074 2227 2226
f 2075 2227 2074
f 2075 2228 2227
f 2076 2228 2075
f 2076 2229 2228
f 2077 2229 2076
f 2080 2230 2079
f 2079 2231 2211
f 2230 2231 2079
f 2080 2232 2230
f 2081 2232 2080
f 2082 2233 2081
f 2081 2233 2232
f 2082 2234 2233
f 2223 2234 2082
f 2087 2235 2083
f 2084 2236 2085
f 2090 2236 2084
f 2085 2237 2086
f 2236 2237 2085
f 2086 2238 2087
f 2087 2238 2235
f 2086 2239 2238
f 2237 2239 2086
f 2088 2240 2089
f 2089 2240 2090
f 2107 2240 2088
f 2090 2241 2236
f 2240 2241 2090
f 2091 2242 2106
f 2092 2242 2091
f 2092 2243 2242
f 2092 2244 2243
f 2095 2244 2093
f 2093 2244 2092
f 2094 2245 2097
f 2099 2245 2098
f 2098 2245 2094
f 2095 2246 2244
f 2095 2247 2246
f 2096 2247 2095
f 2096 2248 2247
f 2097 2248 2096
f 2245 2249 2097
f 2097 2249 2248
f 2118 2250 2100
f 2100 2250 2099
f 2250 2251 2099
f 2099 2251 2245
f 2245 2251 2249
f 2102 2252 2108
f 2102 2253 2252
f 2103 2253 2102
f 2104 2254 2103
f 2254 2255 2103
f 2103 2255 2253
f 2105 2256 2104
f 2104 2256 2254
f 2106 2256 2105
f 2106 2257 2256
f 2242 2257 2106
f 2107 2258 2240
f 2107 2259 2258
f 2252 2259 2108
f 2108 2259 2107
f 2109 2260 2111
f 2127 2260 2110
f 2110 2260 2109
f 2111 2261 2112
f 2111 2262 2261
f 2260 2262 2111
f 2112 2263 2114
f 2261 2263 2112
f 2113 2264 2119
f 2114 2264 2113
f 2114 2265 2264
f 2263 2265 2114
f 2120 2266 2117
f 2117 2266 2115
f 2266 2267 2115
f 2115 2267 2116
f 2116 2268 2118
f 2267 2268 2116
f 2118 2269 2250
f 2268 2269 2118
f 2119 2270 2122
f 2264 2270 2119
f 2120 2271 2266
f 2120 2272 2271
f 2121 2272 2120
f 2121 2273 2272
f 2122 2273 2121
f 2122 2274 2273
f 2270 2274 2122
f 2123 2275 2125
f 2124 2275 2123
f 2124 2276 2275
f 2129 2276 2124
f 2125 2277 2126
f 2275 2277 2125
f 2126 2278 2127
f 2126 2279 2278
f 2277 2279 2126
f 2127 2280 2260
f 2260 2280 2262
f 2278 2280 2127
f 2129 2281 2276
f 2130 2282 2129
f 2129 2282 2281
f 2131 2282 2130
f 2131 2283 2282
f 2132 2283 2131
f 2133 2284 2132
f 2132 2285 2283
f 2284 2285 2132
f 2133 2286 2284
f 2134 2286 2133
f 2135 2287 2134
f 2134 2287 2286
f 2135 2288 2287
f 2136 2288 2135
f 2136 2289 2288
f 2137 2289 2136
f 2137 2290 2289
f 2138 2290 2137
f 2138 2291 2290
f 2139 2291 2138
f 2139 2292 2291
f 2140 2292 2139
f 2140 2293 2292
f 2141 2293 2140
f 2141 2294 2293
f 2143 2294 2141
f 2144 2295 2142
f 2146 2295 2144
f 2295 2296 2142
f 2142 2296 2143
f 2143 2297 2294
f 2296 2297 2143
f 2145 2298 2146
f 2147 2298 2145
f 2146 2299 2295
f 2298 2299 2146
f 2147 2300 2298
f 2149 2300 2147
f 2148 2301 2149
f 2150 2301 2148
f 2149 2302 2300
f 2149 2303 2302
f 2301 2303 2149
f 2150 2304 2301
f 2301 2304 2303
f 2151 2304 2150
f 2151 2305 2304
f 2151 2306 2305
f 2152 2306 2151
f 2152 2307 2306
f 2153 2307 2152
f 2153 2308 2307
f 2154 2308 2153
f 2154 2309 2308
f 2155 2309 2154
f 2155 2310 2309
f 2158 2310 2155
f 2156 2311 2158
f 2156 2312 2311
f 2171 2312 2157
f 2157 2312 2156
f 2158 2313 2310
f 2311 2313 2158
f 2159 2314 2172
f 2164 2314 2159
f 2160 2315 2161
f 2160 2316 2315
f 2162 2316 2160
f 2161 2317 2164
f 2315 2317 2161
f 2162 2318 2316
f 2163 2318 2162
f 2165 2319 2163
f 2163 2319 2318
f 2164 2320 2314
f 2164 2321 2320
f 2317 2321 2164
f 2165 2322 2319
f 2169 2322 2165
f 2167 2323 2166
f 2323 2324 2166
f 2166 2324 2169
f 2168 2325 2167
f 2167 2325 2323
f 2186 2325 2168
f 2169 2326 2322
f 2169 2327 2326
f 2324 2327 2169
f 2170 2328 2171
f 2172 2328 2170
f 2171 2329 2312
f 2328 2329 2171
f 2314 2330 2172
f 2172 2330 2328
f 2174 2331 2173
f 2331 2332 2173
f 2173 2332 2184
f 2174 2333 2331
f 2175 2333 2174
f 2176 2334 2175
f 2177 2334 2176
f 2175 2335 2333
f 2334 2335 2175
f 2177 2336 2334
f 2178 2336 2177
f 2178 2337 2336
f 2178 2338 2337
f 2190 2338 2179
f 2179 2338 2178
f 2180 2339 2185
f 2180 2340 2339
f 2181 2340 2180
f 2181 2341 2340
f 2182 2341 2181
f 2183 2342 2182
f 2182 2342 2341
f 2183 2343 2342
f 2184 2343 2183
f 2184 2344 2343
f 2332 2344 2184
f 2185 2345 2188
f 2339 2345 2185
f 2187 2346 2186
f 2346 2347 2186
f 2186 2347 2325
f 2187 2348 2346
f 2188 2348 2187
f 2188 2349 2348
f 2345 2349 2188
f 2189 2350 2190
f 2192 2350 2189
f 2190 2351 2338
f 2350 2351 2190
f 2191 2352 2192
f 2193 2352 2191
f 2192 2353 2350
f 2192 2354 2353
f 2352 2354 2192
f 2193 2355 2352
f 2194 2355 2193
f 2194 2356 2355
f 2196 2356 2194
f 2195 2357 2196
f 2197 2357 2195
f 2196 2358 2356
f 2357 2358 2196
f 2197 2359 2357
f 2198 2359 2197
f 2200 2360 2198
f 2198 2360 2359
f 2200 2361 2360
f 2216 2361 2200
f 2201 2362 2204
f 2202 2362 2201
f 2202 2363 2362
f 2203 2363 2202
f 2203 2364 2363
f 2205 2364 2203
f 2204 2365 2212
f 2362 2365 2204
f 2206 2366 2205
f 2205 2366 2364
f 2207 2367 2206
f 2367 2368 2206
f 2206 2368 2366
f 2207 2369 2367
f 2208 2369 2207
f 2208 2370 2369
f 2208 2371 2370
f 2210 2371 2209
f 2209 2371 2208
f 2210 2372 2371
f 2211 2372 2210
f 2231 2372 2211
f 2212 2373 2220
f 2365 2373 2212
f 2213 2374 2217
f 2214 2374 2213
f 2214 2375 2374
f 2215 2375 2214
f 2215 2376 2375
f 2215 2377 2376
f 2218 2377 2215
f 2216 2378 2361
f 2217 2378 2216
f 2374 2379 2217
f 2379 2380 2217
f 2217 2380 2378
f 2218 2381 2377
f 2219 2381 2218
f 2220 2381 2219
f 2220 2382 2381
f 2373 2382 2220
f 2222 2383 2221
f 2222 2384 2383
f 2222 2385 2384
f 268 2385 2222
f 268 319 2385
f 2223 2386 2234
f 2225 2386 2224
f 2224 2386 2223
f 2225 2387 2386
f 2225 2388 2387
f 2227 2388 2226
f 2226 2388 2225
f 2227 2389 2388
f 2228 2389 2227
f 2228 2390 2389
f 2229 2390 2228
f 2238 2391 2235
f 2236 2392 2237
f 2241 2392 2236
f 2237 2393 2239
f 2392 2393 2237
f 2238 2394 2391
f 2239 2394 2238
f 2393 2395 2239
f 2239 2395 2394
f 2240 2396 2241
f 2258 2396 2240
f 2241 2397 2392
f 2396 2397 2241
f 2242 2398 2257
f 2243 2398 2242
f 2243 2399 2398
f 2243 2400 2399
f 2243 2401 2400
f 2246 2401 2244
f 2244 2401 2243
f 2246 2402 2401
f 2247 2403 2246
f 2246 2403 2402
f 2247 2404 2403
f 2248 2404 2247
f 2249 2405 2248
f 2248 2405 2404
f 2251 2405 2249
f 2250 2406 2251
f 2269 2406 2250
f 2251 2407 2405
f 2406 2407 2251
f 2252 2408 2259
f 2252 2409 2408
f 2253 2409 2252
f 2253 2410 2409
f 2255 2410 2253
f 2254 2411 2255
f 2257 2411 2256
f 2256 2411 2254
f 2255 2412 2410
f 2411 2412 2255
f 2257 2413 2411
f 2398 2413 2257
f 2258 2414 2396
f 2259 2414 2258
f 2259 2415 2414
f 2408 2415 2259
f 2261 2416 2263
f 2262 2416 2261
f 2262 2417 2416
f 2280 2417 2262
f 2416 2418 2263
f 2263 2418 2265
f 2264 2419 2270
f 2265 2419 2264
f 2418 2420 2265
f 2265 2420 2419
f 2266 2421 2267
f 2271 2421 2266
f 2267 2422 2268
f 2421 2422 2267
f 2268 2423 2269
f 2422 2423 2268
f 2269 2424 2406
f 2423 2424 2269
f 2270 2425 2274
f 2419 2425 2270
f 2271 2426 2421
f 2271 2427 2426
f 2272 2427 2271
f 2273 2428 2272
f 2272 2428 2427
f 2273 2429 2428
f 2274 2429 2273
f 2274 2430 2429
f 2425 2430 2274
f 2275 2431 2277
f 2276 2431 2275
f 2276 2432 2431
f 2281 2432 2276
f 2277 2433 2279
f 2431 2433 2277
f 2278 2434 2280
f 2280 2434 2417
f 2279 2435 2278
f 2278 2435 2434
f 2279 2436 2435
f 2433 2436 2279
f 2281 2437 2432
f 2281 2438 2437
f 2282 2438 2281
f 2282 2439 2438
f 2283 2439 2282
f 2283 2440 2439
f 2285 2440 2283
f 2286 2441 2284
f 2284 2441 2285
f 2441 2442 2285
f 2285 2442 2440
f 2286 2443 2441
f 2286 2444 2443
f 2287 2444 2286
f 2288 2444 2287
f 2288 2445 2444
f 2289 2445 2288
f 2289 2446 2445
f 2290 2446 2289
f 2290 2447 2446
f 2291 2447 2290
f 2291 2448 2447
f 2292 2448 2291
f 2292 2449 2448
f 2293 2449 2292
f 2293 2450 2449
f 2294 2450 2293
f 2294 2451 2450
f 2297 2451 2294
f 2295 2452 2296
f 2299 2452 2295
f 2452 2453 2296
f 2453 2454 2296
f 2296 2454 2297
f 2297 2454 2451
f 2298 2455 2299
f 2300 2455 2298
f 2299 2456 2452
f 2455 2456 2299
f 2300 2457 2455
f 2302 2457 2300
f 2302 2458 2457
f 2302 2459 2458
f 2303 2459 2302
f 2303 2460 2459
f 2305 2460 2304
f 2304 2460 2303
f 2305 2461 2460
f 2305 2462 2461
f 2307 2462 2306
f 2306 2462 2305
f 2307 2463 2462
f 2307 2464 2463
f 2308 2464 2307
f 2308 2465 2464
f 2309 2465 2308
f 2309 2466 2465
f 2310 2466 2309
f 2310 2467 2466
f 2313 2467 2310
f 2311 2468 2313
f 2312 2469 2311
f 2311 2469 2468
f 2329 2469 2312
f 2313 2470 2467
f 2468 2470 2313
f 2314 2471 2330
f 2320 2471 2314
f 2315 2472 2317
f 2315 2473 2472
f 2316 2473 2315
f 2318 2474 2316
f 2316 2474 2473
f 2472 2475 2317
f 2317 2475 2321
f 2319 2476 2318
f 2318 2476 2474
f 2319 2477 2476
f 2326 2477 2322
f 2322 2477 2319
f 2321 2478 2320
f 2320 2478 2471
f 2475 2479 2321
f 2321 2479 2478
f 2325 2480 2323
f 2347 2480 2325
f 2480 2481 2323
f 2323 2481 2324
f 2324 2481 2327
f 2327 2482 2326
f 2482 2483 2326
f 2326 2483 2477
f 2327 2484 2482
f 2482 2484 2426
f 2327 2485 2484
f 2481 2485 2327
f 2328 2486 2329
f 2330 2486 2328
f 2329 2487 2469
f 2329 2488 2487
f 2486 2488 2329
f 2330 2489 2486
f 2486 2489 2488
f 2330 2490 2489
f 2471 2490 2330
f 2333 2491 2331
f 2491 2492 2331
f 2331 2492 2332
f 2332 2493 2344
f 2492 2493 2332
f 2333 2494 2491
f 2335 2494 2333
f 2336 2495 2334
f 2334 2495 2335
f 2495 2496 2335
f 2335 2496 2494
f 2336 2497 2495
f 2337 2497 2336
f 2337 2498 2497
f 2337 2499 2498
f 2351 2499 2338
f 2338 2499 2337
f 2339 2500 2345
f 2339 2501 2500
f 2340 2501 2339
f 2340 2502 2501
f 2341 2502 2340
f 2341 2503 2502
f 2341 2504 2503
f 2343 2504 2342
f 2342 2504 2341
f 2343 2505 2504
f 2344 2505 2343
f 2344 2506 2505
f 2493 2506 2344
f 2345 2507 2349
f 2500 2507 2345
f 2348 2508 2346
f 2508 2509 2346
f 2346 2509 2347
f 2347 2510 2480
f 2509 2510 2347
f 2348 2511 2508
f 2349 2511 2348
f 2349 2512 2511
f 2507 2512 2349
f 2353 2513 2350
f 2350 2513 2351
f 2351 2514 2499
f 2513 2514 2351
f 2352 2515 2354
f 2355 2515 2352
f 2353 2516 2513
f 2354 2516 2353
f 2354 2517 2516
f 2515 2517 2354
f 2355 2518 2515
f 2356 2518 2355
f 2356 2519 2518
f 2358 2519 2356
f 2357 2520 2358
f 2359 2520 2357
f 2358 2521 2519
f 2520 2521 2358
f 2359 2522 2520
f 2360 2522 2359
f 2360 2523 2522
f 2360 2524 2523
f 2361 2524 2360
f 2361 2525 2524
f 2380 2525 2378
f 2378 2525 2361
f 2362 2526 2365
f 2363 2526 2362
f 2363 2527 2526
f 2364 2527 2363
f 2364 2528 2527
f 2368 2528 2366
f 2366 2528 2364
f 2365 2529 2373
f 2526 2529 2365
f 2367 2530 2368
f 2367 2531 2530
f 2370 2531 2369
f 2369 2531 2367
f 2368 2532 2528
f 2368 2533 2532
f 2530 2533 2368
f 2372 2534 2371
f 2371 2534 2370
f 2370 2535 2531
f 2534 2535 2370
f 2373 2536 2382
f 2529 2536 2373
f 2374 2537 2379
f 2375 2537 2374
f 2375 2538 2537
f 2376 2538 2375
f 2376 2539 2538
f 2377 2539 2376
f 2377 2540 2539
f 2382 2540 2381
f 2381 2540 2377
f 2379 2541 2380
f 2379 2542 2541
f 2537 2542 2379
f 2380 2543 2525
f 2541 2543 2380
f 2382 2544 2540
f 2536 2544 2382
f 2384 2545 2383
f 2384 2546 2545
f 2384 271 2546
f 319 271 2385
f 2385 271 2384
f 2388 2547 2387
f 2547 2548 2387
f 2548 2549 2387
f 2387 2551 2550
f 2387 2552 2551
f 2549 2552 2387
f 2388 2553 2547
f 2389 2553 2388
f 2389 2554 2553
f 2390 2554 2389
f 2394 2555 2391
f 2392 2556 2393
f 2397 2556 2392
f 2556 2557 2393
f 2393 2558 2395
f 2557 2558 2393
f 2394 2559 2555
f 2394 2560 2559
f 2395 2560 2394
f 2558 2560 2395
f 2396 2561 2397
f 2414 2561 2396
f 2561 2562 2397
f 2397 2562 2556
f 2398 2563 2413
f 2399 2563 2398
f 2399 2564 2563
f 2399 2565 2564
f 2400 2565 2399
f 2400 2566 2565
f 2400 2567 2566
f 2402 2567 2401
f 2401 2567 2400
f 2402 2568 2567
f 2402 2569 2568
f 2403 2569 2402
f 2404 2570 2403
f 2403 2570 2569
f 2405 2571 2404
f 2404 2571 2570
f 2407 2571 2405
f 2406 2572 2407
f 2424 2572 2406
f 2407 2573 2571
f 2572 2573 2407
f 2409 2574 2408
f 2574 2575 2408
f 2408 2575 2415
f 2409 2576 2574
f 2410 2576 2409
f 2412 2577 2410
f 2410 2577 2576
f 2411 2578 2412
f 2413 2578 2411
f 2578 2579 2412
f 2412 2579 2577
f 2413 2580 2578
f 2564 2580 2563
f 2563 2580 2413
f 2414 2581 2561
f 2415 2581 2414
f 2415 2582 2581
f 2575 2582 2415
f 2417 2583 2416
f 2416 2583 2418
f 2434 2584 2417
f 2417 2584 2583
f 2418 2585 2420
f 2583 2585 2418
f 2419 2586 2425
f 2420 2586 2419
f 2420 2587 2586
f 2585 2587 2420
f 2421 2588 2422
f 2426 2588 2421
f 2484 2588 2426
f 2485 2588 2484
f 2422 2589 2423
f 2485 2589 2588
f 2588 2589 2422
f 2423 2590 2424
f 2589 2590 2423
f 2424 2591 2572
f 2590 2591 2424
f 2425 2592 2430
f 2586 2592 2425
f 2426 2593 2482
f 2428 2593 2427
f 2482 2593 2483
f 2427 2593 2426
f 2428 2594 2593
f 2593 2594 2483
f 2428 2595 2594
f 2430 2595 2429
f 2429 2595 2428
f 2430 2596 2595
f 2592 2596 2430
f 2431 2597 2433
f 2432 2597 2431
f 2432 2598 2597
f 2437 2598 2432
f 2597 2599 2433
f 2433 2599 2436
f 2434 2600 2584
f 2435 2600 2434
f 2435 2601 2600
f 2436 2601 2435
f 2436 2602 2601
f 2599 2602 2436
f 2437 2603 2598
f 2437 2604 2603
f 2438 2604 2437
f 2438 2605 2604
f 2439 2605 2438
f 2439 2606 2605
f 2440 2606 2439
f 2440 2607 2606
f 2442 2607 2440
f 2441 2608 2442
f 2443 2608 2441
f 2442 2609 2607
f 2608 2609 2442
f 2443 2610 2608
f 2443 2611 2610
f 2444 2611 2443
f 2445 2611 2444
f 2446 2612 2445
f 2445 2612 2611
f 2446 2613 2612
f 2447 2613 2446
f 2447 2614 2613
f 2448 2614 2447
f 2449 2614 2448
f 2449 2615 2614
f 2450 2615 2449
f 2450 2616 2615
f 2451 2616 2450
f 2451 2617 2616
f 2451 2618 2617
f 2454 2618 2451
f 2456 2619 2452
f 2452 2619 2453
f 2453 2620 2454
f 2454 2620 2618
f 2619 2620 2453
f 2457 2621 2455
f 2455 2621 2456
f 2456 2622 2619
f 2621 2622 2456
f 2457 2623 2621
f 2458 2623 2457
f 2458 2624 2623
f 2458 2625 2624
f 2459 2625 2458
f 2459 2626 2625
f 2461 2626 2460
f 2460 2626 2459
f 2461 2627 2626
f 2461 2628 2627
f 2463 2628 2462
f 2462 2628 2461
f 2464 2629 2463
f 2465 2629 2464
f 2629 2630 2463
f 2463 2630 2628
f 2465 2631 2629
f 2466 2631 2465
f 2466 2632 2631
f 2467 2632 2466
f 2467 2633 2632
f 2470 2633 2467
f 2469 2634 2468
f 2468 2634 2470
f 2487 2634 2469
f 2470 2635 2633
f 2634 2635 2470
f 2478 2636 2471
f 2471 2636 2490
f 2472 2637 2475
f 2472 2638 2637
f 2473 2638 2472
f 2473 2639 2638
f 2474 2639 2473
f 2474 2640 2639
f 2476 2640 2474
f 2475 2641 2479
f 2637 2641 2475
f 2476 2642 2640
f 2594 2642 2483
f 2483 2642 2477
f 2477 2642 2476
f 2478 2643 2636
f 2479 2643 2478
f 2479 2644 2643
f 2641 2644 2479
f 2510 2645 2480
f 2590 2645 2591
f 2645 2646 2480
f 2589 2646 2590
f 2485 2646 2589
f 2481 2646 2485
f 2480 2646 2481
f 2590 2646 2645
f 2487 2647 2634
f 2634 2647 2635
f 2487 2648 2647
f 2488 2648 2487
f 2488 2649 2648
f 2489 2649 2488
f 2489 2650 2649
f 2490 2650 2489
f 2490 2651 2650
f 2636 2651 2490
f 2494 2652 2491
f 2652 2653 2491
f 2491 2653 2492
f 2492 2654 2493
f 2653 2654 2492
f 2493 2655 2506
f 2654 2655 2493
f 2496 2656 2494
f 2494 2657 2652
f 2656 2657 2494
f 2495 2658 2496
f 2498 2658 2497
f 2497 2658 2495
f 2496 2659 2656
f 2658 2659 2496
f 2498 2660 2658
f 2498 2661 2660
f 2514 2661 2499
f 2499 2661 2498
f 2501 2662 2500
f 2500 2663 2507
f 2507 2663 2512
f 2662 2664 2500
f 2500 2664 2663
f 2501 2665 2662
f 2502 2665 2501
f 2502 2666 2665
f 2503 2666 2502
f 2503 2667 2666
f 2503 2668 2667
f 2505 2668 2504
f 2504 2668 2503
f 2505 2669 2668
f 2506 2669 2505
f 2506 2670 2669
f 2655 2670 2506
f 2508 2671 2509
f 2508 2672 2671
f 2511 2672 2508
f 2509 2673 2510
f 2510 2673 2645
f 2645 2673 2591
f 2671 2673 2509
f 2511 2674 2672
f 2512 2674 2511
f 2512 2675 2674
f 2663 2675 2512
f 2513 2676 2514
f 2516 2676 2513
f 2514 2677 2661
f 2676 2677 2514
f 2518 2678 2515
f 2515 2678 2517
f 2516 2679 2676
f 2516 2680 2679
f 2517 2680 2516
f 2517 2681 2680
f 2678 2681 2517
f 2519 2682 2518
f 2518 2682 2678
f 2519 2683 2682
f 2521 2683 2519
f 2522 2684 2520
f 2520 2685 2521
f 2684 2685 2520
f 2521 2685 2683
f 2523 2686 2522
f 2522 2686 2684
f 2523 2687 2686
f 2524 2687 2523
f 2524 2688 2687
f 2543 2688 2525
f 2525 2688 2524
f 2526 2689 2529
f 2527 2689 2526
f 2527 2690 2689
f 2527 2691 2690
f 2528 2691 2527
f 2532 2691 2528
f 2529 2692 2536
f 2689 2692 2529
f 2532 2693 2691
f 2533 2693 2532
f 2536 2694 2544
f 2692 2694 2536
f 2537 2695 2542
f 2538 2695 2537
f 2538 2696 2695
f 2539 2696 2538
f 2539 2697 2696
f 2544 2697 2540
f 2540 2697 2539
f 2541 2698 2543
f 2541 2699 2698
f 2542 2699 2541
f 2542 2700 2699
f 2695 2700 2542
f 2543 2701 2688
f 2698 2701 2543
f 2544 2702 2697
f 2694 2702 2544
f 2546 2703 2545
f 2546 2704 2703
f 2546 809 2704
f 2546 2705 809
f 271 2705 2546
f 2547 2706 2548
f 2547 2707 2706
f 2553 2707 2547
f 2548 2708 2549
f 2548 2709 2708
f 2706 2709 2548
f 2549 2710 2552
f 2708 2710 2549
f 2551 2711 2550
f 2551 2712 2711
f 2551 2713 2712
f 2552 2713 2551
f 2710 2714 2552
f 2552 2715 2713
f 2714 2715 2552
f 2553 2716 2707
f 2554 2716 2553
f 2559 2717 2555
f 2556 2718 2557
f 2562 2718 2556
f 2718 2719 2557
f 2557 2720 2558
f 2719 2720 2557
f 2558 2721 2560
f 2720 2721 2558
f 2560 2722 2559
f 2721 2722 2560
f 2559 2722 2717
f 2561 2723 2562
f 2581 2723 2561
f 2562 2724 2718
f 2723 2724 2562
f 2564 2725 2580
f 2564 2726 2725
f 2565 2726 2564
f 2565 2727 2726
f 2566 2727 2565
f 2567 2728 2566
f 2568 2728 2567
f 2728 2729 2566
f 2566 2729 2727
f 2569 2730 2568
f 2568 2731 2728
f 2730 2731 2568
f 2569 2732 2730
f 2570 2732 2569
f 2570 2733 2732
f 2573 2733 2571
f 2571 2733 2570
f 2572 2734 2573
f 2673 2734 2591
f 2591 2734 2572
f 2734 2735 2573
f 2573 2735 2733
f 2574 7196 2575
f 2576 2736 2574
f 2574 2736 7196
f 2577 2736 2576
f 2575 2737 2582
f 7196 2737 2575
f 2577 2738 2736
f 2579 2738 2577
f 2578 2739 2579
f 2725 2739 2580
f 2580 2739 2578
f 2579 2740 2738
f 2739 2740 2579
f 2582 2741 2581
f 2581 2741 2723
f 2582 2742 2741
f 2737 2742 2582
f 2583 2743 2585
f 2584 2743 2583
f 2584 2744 2743
f 2600 2744 2584
f 2585 2745 2587
f 2743 2745 2585
f 2586 2746 2592
f 2587 2746 2586
f 2587 2747 2746
f 2745 2747 2587
f 2746 2748 2592
f 2592 2748 2596
f 2594 2749 2642
f 2595 2749 2594
f 2642 2749 2640
f 2596 2749 2595
f 2596 2750 2749
f 2749 2750 2640
f 2640 2750 2639
f 2748 2750 2596
f 2597 2751 2599
f 2598 2751 2597
f 2598 2752 2751
f 2603 2752 2598
f 2599 2753 2602
f 2752 2753 2751
f 2751 2753 2599
f 2600 2754 2744
f 2602 2754 2601
f 2601 2754 2600
f 2602 2755 2754
f 2602 2756 2755
f 2753 2756 2602
f 2603 2757 2752
f 2603 2758 2757
f 2604 2758 2603
f 2604 2759 2758
f 2605 2759 2604
f 2606 2759 2605
f 2606 2760 2759
f 2607 2760 2606
f 2607 2761 2760
f 2609 2761 2607
f 2608 2762 2609
f 2610 2762 2608
f 2609 2763 2761
f 2762 2763 2609
f 2610 2764 2762
f 2611 2764 2610
f 2611 2765 2764
f 2612 2765 2611
f 2612 2766 2765
f 2613 2766 2612
f 2613 2767 2766
f 2614 2767 2613
f 2614 2768 2767
f 2615 2768 2614
f 2615 2769 2768
f 2616 2769 2615
f 2617 2770 2616
f 2616 2770 2769
f 2618 2771 2617
f 2617 2771 2770
f 2618 2772 2771
f 2620 2772 2618
f 2619 2773 2620
f 2620 2773 2772
f 2619 2774 2773
f 2622 2774 2619
f 2621 2775 2622
f 2623 2775 2621
f 2622 2776 2774
f 2775 2776 2622
f 2623 2777 2775
f 2624 2777 2623
f 2624 2778 2777
f 2624 2779 2778
f 2625 2779 2624
f 2626 2780 2625
f 2625 2780 2779
f 2627 2780 2626
f 2627 2782 2781
f 2630 2782 2628
f 2628 2782 2627
f 2781 2783 2627
f 2627 2783 2780
f 2780 2783 2779
f 2629 2784 2630
f 2631 2784 2629
f 2630 2785 2782
f 2784 2785 2630
f 2631 2786 2784
f 2632 2786 2631
f 2632 2787 2786
f 2633 2787 2632
f 2633 2788 2787
f 2635 2788 2633
f 2635 2789 2788
f 2635 2790 2789
f 2647 2790 2635
f 2636 2791 2651
f 2643 2791 2636
f 2637 2792 2641
f 2637 2793 2792
f 2638 2793 2637
f 2639 2794 2638
f 2638 2794 2793
f 2748 2794 2750
f 2750 2794 2639
f 2792 2795 2641
f 2641 2795 2644
f 2643 2796 2791
f 2644 2796 2643
f 2644 2797 2796
f 2795 2797 2644
f 2647 2798 2790
f 2648 2798 2647
f 2649 2799 2648
f 2648 2799 2798
f 2649 2800 2799
f 2650 2800 2649
f 2651 2801 2650
f 2650 2801 2800
f 2651 2802 2801
f 2791 2802 2651
f 2652 2803 2653
f 2652 2804 2803
f 2657 2804 2652
f 2653 2805 2654
f 2803 2805 2653
f 2654 2806 2655
f 2805 2806 2654
f 2655 2807 2670
f 2806 2807 2655
f 2656 2808 2657
f 2659 2808 2656
f 2657 2809 2804
f 2808 2809 2657
f 2658 2810 2659
f 2660 2810 2658
f 2659 2811 2808
f 2810 2811 2659
f 2660 2812 2810
f 2660 2813 2812
f 2677 2813 2661
f 2661 2813 2660
f 2662 2814 2664
f 2662 2815 2814
f 2665 2815 2662
f 2666 2815 2665
f 2664 2816 2663
f 2663 2816 2675
f 2664 2817 2816
f 2814 2817 2664
f 2666 2818 2815
f 2667 2818 2666
f 2667 2819 2818
f 2667 2820 2819
f 2667 2821 2820
f 2668 2821 2667
f 2669 2821 2668
f 2669 2822 2821
f 2821 2822 2820
f 2670 2822 2669
f 2670 2823 2822
f 2807 2823 2670
f 2671 2824 2673
f 2673 2824 2734
f 2734 2824 2735
f 2671 2825 2824
f 2672 2825 2671
f 2672 2826 2825
f 2674 2826 2672
f 2674 2827 2826
f 2675 2827 2674
f 2675 2828 2827
f 2816 2828 2675
f 2676 2829 2677
f 2679 2829 2676
f 2677 2830 2813
f 2829 2830 2677
f 2678 2831 2681
f 2682 2831 2678
f 2679 2832 2829
f 2679 2833 2832
f 2680 2833 2679
f 2680 2834 2833
f 2681 2834 2680
f 2681 2835 2834
f 2831 2835 2681
f 2682 2836 2831
f 2683 2836 2682
f 2683 2837 2836
f 2685 2837 2683
f 2684 2838 2685
f 2685 2838 2837
f 2684 2839 2838
f 2686 2839 2684
f 2686 2840 2839
f 2687 2840 2686
f 2688 2841 2687
f 2701 2841 2688
f 2687 2841 2840
f 2689 2842 2692
f 2690 2842 2689
f 2690 2843 2842
f 2690 2844 2843
f 2693 2844 2691
f 2691 2844 2690
f 2692 2845 2694
f 2842 2845 2692
f 2693 2846 2844
f 2694 2847 2702
f 2845 2847 2694
f 2696 2848 2695
f 2848 2849 2695
f 2695 2849 2700
f 2697 2850 2696
f 2696 2850 2848
f 2702 2850 2697
f 2698 2851 2701
f 2698 2852 2851
f 2699 2852 2698
f 2699 2853 2852
f 2700 2853 2699
f 2849 2854 2700
f 2700 2854 2853
f 2701 2855 2841
f 2851 2855 2701
f 2702 2856 2850
f 2847 2856 2702
f 2704 2857 2703
f 2704 2858 2857
f 2704 727 2858
f 809 727 2704
f 2706 2859 2709
f 2706 2860 2859
f 2707 2860 2706
f 2707 2861 2860
f 2716 2861 2707
f 2708 2862 2710
f 2708 2863 2862
f 2708 2864 2863
f 2709 2864 2708
f 2709 2865 2864
f 2859 2865 2709
f 2710 2866 2714
f 2862 2866 2710
f 2712 2867 2711
f 2712 2868 2867
f 2712 2869 2868
f 2713 2869 2712
f 2713 2870 2869
f 2715 2870 2713
f 2714 2871 2715
f 2715 2871 2870
f 2714 2872 2871
f 2866 2872 2714
f 2722 2873 2717
f 2718 2874 2719
f 2724 2874 2718
f 2719 2875 2720
f 2719 2876 2875
f 2874 2876 2719
f 2720 2877 2721
f 2875 2877 2720
f 2721 2878 2722
f 2877 2878 2721
f 2722 2879 2873
f 2878 2879 2722
f 2723 2880 2724
f 2741 2880 2723
f 2724 2881 2874
f 2880 2881 2724
f 2725 2882 2739
f 2739 2882 2740
f 2725 2883 2882
f 2726 2883 2725
f 2726 2884 2883
f 2726 2885 2884
f 2727 2885 2726
f 2727 2886 2885
f 2729 2886 2727
f 2728 2887 2729
f 2729 2887 2886
f 2731 2887 2728
f 2730 2888 2731
f 2730 2889 2888
f 2732 2889 2730
f 2731 2890 2887
f 2888 2890 2731
f 2732 2891 2889
f 2735 2891 2733
f 2733 2891 2732
f 2735 2892 2891
f 2825 2892 2824
f 2824 2892 2735
f 7196 2893 2737
f 7196 2894 2893
f 2738 2894 2736
f 2736 2894 7196
f 2737 2895 2742
f 2737 2896 2895
f 2893 2896 2737
f 2738 2897 2894
f 2740 2897 2738
f 2740 2898 2897
f 2882 2898 2740
f 2742 2899 2741
f 2741 2899 2880
f 2742 2900 2899
f 2895 2900 2742
f 2743 2901 2745
f 2744 2901 2743
f 2744 2902 2901
f 2755 2902 2754
f 2754 2902 2744
f 2745 2903 2747
f 2901 2903 2745
f 2746 2904 2748
f 2748 2904 2794
f 2794 2904 2793
f 2747 2904 2746
f 2747 2905 2904
f 2904 2905 2793
f 2793 2905 2792
f 2903 2905 2747
f 2757 2906 2752
f 2906 2907 2752
f 2752 2907 2753
f 2753 2907 2756
f 2755 2908 2902
f 2755 2909 2908
f 2756 2909 2755
f 2756 2910 2909
f 2907 2910 2756
f 2757 2911 2906
f 2757 2912 2911
f 2758 2912 2757
f 2759 2913 2758
f 2758 2913 2912
f 2760 2913 2759
f 2760 2914 2913
f 2760 2915 2914
f 2761 2915 2760
f 2761 2916 2915
f 2763 2916 2761
f 2762 2917 2763
f 2764 2917 2762
f 2763 2918 2916
f 2917 2918 2763
f 2764 2919 2917
f 2765 2919 2764
f 2765 2920 2919
f 2766 2920 2765
f 2766 2921 2920
f 2767 2921 2766
f 2767 2922 2921
f 2768 2922 2767
f 2769 2923 2768
f 2768 2923 2922
f 2769 2924 2923
f 2770 2924 2769
f 2770 2925 2924
f 2771 2925 2770
f 2771 2926 2925
f 2772 2926 2771
f 2772 2927 2926
f 2773 2927 2772
f 2773 2928 2927
f 2774 2928 2773
f 2774 2929 2928
f 2776 2929 2774
f 2775 2930 2776
f 2777 2930 2775
f 2930 2931 2776
f 2776 2931 2929
f 2777 2932 2930
f 2778 2932 2777
f 2778 2933 2932
f 2778 2934 2933
f 2783 2934 2779
f 2779 2934 2778
f 2781 2935 2783
f 2781 2936 2935
f 2781 2937 2936
f 2782 2937 2781
f 2785 2937 2782
f 2783 2938 2934
f 2935 2938 2783
f 2784 2939 2785
f 2786 2939 2784
f 2785 2940 2937
f 2939 2940 2785
f 2786 2941 2939
f 2787 2941 2786
f 2787 2942 2941
f 2788 2942 2787
f 2788 2943 2942
f 2789 2943 2788
f 2789 2944 2943
f 2790 2944 2789
f 2790 2945 2944
f 2798 2945 2790
f 2791 2946 2802
f 2796 2946 2791
f 2792 2947 2795
f 2903 2947 2905
f 2905 2947 2792
f 2795 2948 2797
f 2947 2948 2795
f 2796 2949 2946
f 2797 2949 2796
f 2797 2950 2949
f 2909 2950 2908
f 2948 2950 2797
f 2908 2950 2948
f 2798 2951 2945
f 2799 2951 2798
f 2799 2952 2951
f 2800 2952 2799
f 2800 2953 2952
f 2801 2953 2800
f 2801 2954 2953
f 2802 2954 2801
f 2802 2955 2954
f 2946 2955 2802
f 2803 2956 2805
f 2803 2957 2956
f 2804 2957 2803
f 2804 2958 2957
f 2809 2958 2804
f 2805 2959 2806
f 2956 2959 2805
f 2806 2960 2807
f 2959 2960 2806
f 2807 2961 2823
f 2960 2961 2807
f 2808 2962 2809
f 2811 2962 2808
f 2809 2963 2958
f 2962 2963 2809
f 2810 2964 2811
f 2812 2964 2810
f 2811 2965 2962
f 2964 2965 2811
f 2812 2966 2964
f 2812 2967 2966
f 2830 2967 2813
f 2813 2967 2812
f 2814 2968 2817
f 2815 2969 2814
f 2818 2969 2815
f 2969 2970 2814
f 2814 2970 2968
f 2816 2971 2828
f 2817 2971 2816
f 2817 2972 2971
f 2968 2972 2817
f 2818 2973 2969
f 2819 2973 2818
f 2820 2974 2819
f 2819 2974 2973
f 2820 2975 2974
f 2822 2975 2820
f 2822 2976 2975
f 2823 2976 2822
f 2823 2977 2976
f 2961 2977 2823
f 2825 2978 2892
f 2826 2978 2825
f 2826 2979 2978
f 2827 2979 2826
f 2827 2980 2979
f 2828 2980 2827
f 2828 2981 2980
f 2971 2981 2828
f 2829 2982 2830
f 2832 2982 2829
f 2830 2983 2967
f 2982 2983 2830
f 2831 2984 2835
f 2836 2984 2831
f 2832 2985 2982
f 2832 2986 2985
f 2833 2986 2832
f 2834 2987 2833
f 2833 2987 2986
f 2835 2987 2834
f 2835 2988 2987
f 2984 2988 2835
f 2836 2989 2984
f 2836 2990 2989
f 2837 2990 2836
f 2837 2991 2990
f 2838 2991 2837
f 2838 2992 2991
f 2839 2992 2838
f 2839 2993 2992
f 2840 2993 2839
f 2840 2994 2993
f 2841 2994 2840
f 2841 2995 2994
f 2855 2995 2841
f 2842 2996 2845
f 2843 2996 2842
f 2843 2997 2996
f 2843 2998 2997
f 2846 2998 2844
f 2844 2998 2843
f 2845 2999 2847
f 2996 2999 2845
f 2846 3749 2998
f 2999 3000 2847
f 2847 3000 2856
f 2848 3001 2849
f 2848 3002 3001
f 2856 3002 2850
f 2850 3002 2848
f 2849 3003 2854
f 3001 3003 2849
f 2851 3004 2855
f 2851 3005 3004
f 2852 3005 2851
f 2852 3006 3005
f 2853 3006 2852
f 2854 3007 2853
f 2853 3007 3006
f 3003 3007 2854
f 2855 3008 2995
f 3004 3008 2855
f 3000 3009 2856
f 2856 3009 3002
f 2858 3010 2857
f 2858 3011 3010
f 2858 364 3011
f 727 364 2858
f 2859 3012 2865
f 2859 3013 3012
f 2860 3013 2859
f 2860 3014 3013
f 2861 3014 2860
f 2862 3015 2866
f 2863 3015 2862
f 2863 3016 3015
f 2863 3017 3016
f 2864 3017 2863
f 2864 3018 3017
f 2865 3018 2864
f 2865 3019 3018
f 2865 3020 3019
f 3012 3020 2865
f 2866 3021 2872
f 3015 3021 2866
f 2868 3022 2867
f 2869 3023 2868
f 2868 3024 3022
f 3023 3024 2868
f 2869 3025 3023
f 2870 3025 2869
f 3026 3027 2870
f 2870 3027 3025
f 2871 3028 2870
f 3026 3028 2871
f 2870 3028 3026
f 2871 3029 3026
f 2872 3029 2871
f 2872 3030 3029
f 2872 3031 3030
f 3021 3031 2872
f 2879 3032 2873
f 2874 3033 2876
f 2881 3033 2874
f 2875 3034 2877
f 2875 3035 3034
f 2876 3035 2875
f 2876 3036 3035
f 3033 3036 2876
f 2877 3037 2878
f 2877 3038 3037
f 3034 3038 2877
f 3037 3039 2878
f 2878 3039 2879
f 2879 3039 3032
f 2899 3040 2880
f 2880 3040 2881
f 2881 3040 3033
f 2882 3041 2898
f 2883 3041 2882
f 2883 3042 3041
f 2884 3042 2883
f 2884 3043 3042
f 2884 3044 3043
f 2886 3044 2885
f 2885 3044 2884
f 2886 3045 3044
f 2887 3045 2886
f 2887 3046 3045
f 2890 3046 2887
f 2888 3047 2890
f 2888 3048 3047
f 2889 3048 2888
f 2889 3049 3048
f 2978 3049 2892
f 2892 3049 2891
f 2891 3049 2889
f 2890 3050 3046
f 3047 3050 2890
f 2893 3051 2896
f 2897 3051 2894
f 2894 3051 2893
f 2895 3052 2900
f 2895 3053 3052
f 2896 3053 2895
f 2896 3054 3053
f 3051 3054 2896
f 2897 3055 3051
f 2898 3055 2897
f 2898 3056 3055
f 3041 3056 2898
f 2899 3057 3040
f 2900 3057 2899
f 2900 3058 3057
f 3052 3058 2900
f 2901 3059 2903
f 2947 3059 2948
f 2948 3059 2908
f 2908 3059 2902
f 2903 3059 2947
f 2902 3059 2901
f 2911 3060 2906
f 3060 3061 2906
f 2906 3061 2907
f 2907 3061 2910
f 2909 3062 2950
f 2950 3062 2949
f 2910 3062 2909
f 2910 3063 3062
f 3061 3063 2910
f 2911 3064 3060
f 2911 3065 3064
f 2912 3065 2911
f 2912 3066 3065
f 2914 3066 2913
f 2913 3066 2912
f 2914 3067 3066
f 2914 3068 3067
f 2915 3068 2914
f 2915 3069 3068
f 2916 3069 2915
f 2916 3070 3069
f 2918 3070 2916
f 2919 3071 2917
f 2917 3071 2918
f 2918 3072 3070
f 3071 3072 2918
f 2919 3073 3071
f 2920 3073 2919
f 2920 3074 3073
f 2921 3074 2920
f 2921 3075 3074
f 2922 3075 2921
f 2923 3076 2922
f 2922 3076 3075
f 2923 3077 3076
f 2924 3077 2923
f 2924 3078 3077
f 2925 3078 2924
f 2925 3079 3078
f 2926 3079 2925
f 2926 3080 3079
f 2926 3081 3080
f 2927 3081 2926
f 2927 3082 3081
f 2928 3082 2927
f 2929 3083 2928
f 2928 3083 3082
f 2929 3084 3083
f 2931 3084 2929
f 2930 3085 2931
f 2932 3085 2930
f 2931 3086 3084
f 3085 3086 2931
f 2932 3087 3085
f 2933 3087 2932
f 2933 3088 3087
f 2933 3089 3088
f 2938 3089 2934
f 2934 3089 2933
f 2935 3090 2938
f 2936 3090 2935
f 2936 3091 3090
f 2936 3092 3091
f 2940 3092 2937
f 2937 3092 2936
f 2938 3093 3089
f 3090 3093 2938
f 2939 3094 2940
f 2941 3094 2939
f 3094 3095 2940
f 2940 3095 3092
f 2941 3096 3094
f 2942 3096 2941
f 2942 3097 3096
f 2943 3097 2942
f 2943 3098 3097
f 2943 3099 3098
f 2944 3099 2943
f 2944 3100 3099
f 2945 3100 2944
f 2945 3101 3100
f 2951 3101 2945
f 2946 3102 2955
f 3063 3102 3062
f 3062 3102 2949
f 2949 3102 2946
f 2951 3103 3101
f 2952 3103 2951
f 2952 3104 3103
f 2953 3104 2952
f 2953 3105 3104
f 2954 3105 2953
f 2954 3106 3105
f 2955 3106 2954
f 3102 3107 2955
f 2955 3107 3106
f 3063 3107 3102
f 2956 3108 2959
f 2956 3109 3108
f 2957 3109 2956
f 2957 3110 3109
f 2958 3110 2957
f 2958 3111 3110
f 2963 3111 2958
f 2959 3112 2960
f 3108 3112 2959
f 2960 3113 2961
f 3112 3113 2960
f 2961 3114 2977
f 3113 3114 2961
f 2962 3115 2963
f 2965 3115 2962
f 2963 3116 3111
f 3115 3116 2963
f 2964 3117 2965
f 2966 3117 2964
f 2965 3118 3115
f 3115 3118 3116
f 3117 3118 2965
f 2966 3119 3117
f 2966 3120 3119
f 2983 3120 2967
f 2967 3120 2966
f 2968 3121 2972
f 2970 3121 2968
f 2969 3122 2970
f 2973 3122 2969
f 2970 3123 3121
f 3122 3123 2970
f 2972 3124 2971
f 2971 3124 2981
f 2972 3125 3124
f 3121 3125 2972
f 2973 3126 3122
f 2973 3127 3126
f 2974 3127 2973
f 2974 3128 3127
f 2975 3128 2974
f 2975 3129 3128
f 2977 3129 2976
f 2976 3129 2975
f 2977 3130 3129
f 3114 3130 2977
f 2978 3131 3049
f 3049 3131 3048
f 2979 3131 2978
f 2979 3132 3131
f 2980 3132 2979
f 2980 3133 3132
f 2981 3133 2980
f 2981 3134 3133
f 3124 3134 2981
f 2985 3135 2982
f 2982 3135 2983
f 2983 3136 3120
f 3135 3136 2983
f 2984 3137 2988
f 2989 3137 2984
f 2986 3138 2985
f 2985 3139 3135
f 3138 3139 2985
f 2986 3140 3138
f 2987 3140 2986
f 2987 3141 3140
f 2988 3141 2987
f 2988 3142 3141
f 3137 3142 2988
f 2989 3143 3137
f 2990 3143 2989
f 2990 3144 3143
f 2991 3144 2990
f 2991 3145 3144
f 2992 3145 2991
f 2992 3146 3145
f 2993 3146 2992
f 2994 3147 2993
f 2993 3147 3146
f 2994 3148 3147
f 2995 3148 2994
f 3008 3148 2995
f 2996 3149 2999
f 2997 3149 2996
f 2998 3150 2997
f 3749 3150 2998
f 3150 3451 2997
f 2997 3451 3149
f 2999 3151 3000
f 3451 3151 3149
f 3149 3151 2999
f 3000 3152 3009
f 3151 3152 3000
f 3001 3153 3003
f 3001 3154 3153
f 3009 3154 3002
f 3002 3154 3001
f 3003 3155 3007
f 3153 3155 3003
f 3005 3156 3004
f 3156 3157 3004
f 3004 3157 3008
f 3005 3158 3156
f 3006 3158 3005
f 3006 3159 3158
f 3007 3159 3006
f 3007 3160 3159
f 3155 3160 3007
f 3008 3161 3148
f 3157 3161 3008
f 3009 3162 3154
f 3009 3163 3162
f 3152 3163 3009
f 3011 3164 3010
f 3011 3165 3164
f 3011 520 3165
f 3011 365 520
f 364 365 3011
f 3012 3166 3020
f 3012 3167 3166
f 3013 3167 3012
f 3013 3168 3167
f 3014 3168 3013
f 3016 3169 3015
f 3015 3169 3021
f 3017 3170 3016
f 3170 3171 3016
f 3016 3171 3169
f 3018 3172 3017
f 3019 3172 3018
f 3017 3172 3170
f 3019 3173 3172
f 3020 3174 3019
f 3019 3174 3173
f 3166 3174 3020
f 3021 3175 3031
f 3169 3175 3021
f 3024 3176 3022
f 3023 3177 3024
f 3023 3178 3177
f 3025 3179 3023
f 3023 3179 3178
f 3027 3179 3025
f 3024 3180 3176
f 3177 3180 3024
f 3026 3181 3027
f 3029 3182 3026
f 3030 3182 3029
f 3026 3183 3181
f 3182 3183 3026
f 3027 3184 3179
f 3181 3184 3027
f 3030 3185 3182
f 3182 3185 3183
f 3030 3186 3185
f 3031 3186 3030
f 3031 3187 3186
f 3175 3187 3031
f 3039 3188 3032
f 3033 3189 3036
f 3040 3189 3033
f 3034 3190 3038
f 3034 3191 3190
f 3035 3191 3034
f 3035 3192 3191
f 3036 3192 3035
f 3036 3193 3192
f 3189 3193 3036
f 3037 3194 3039
f 3038 3194 3037
f 3038 3195 3194
f 3190 3195 3038
f 3039 3196 3188
f 3194 3196 3039
f 3040 3197 3189
f 3189 3197 3193
f 3057 3197 3040
f 3041 3198 3056
f 3042 3198 3041
f 3042 3199 3198
f 3043 3199 3042
f 3043 3200 3199
f 3044 3200 3043
f 3044 3201 3200
f 3045 3201 3044
f 3045 3202 3201
f 3046 3202 3045
f 3046 3203 3202
f 3050 3203 3046
f 3131 3204 3048
f 3132 3204 3131
f 3048 3204 3047
f 3047 3205 3050
f 3204 3205 3047
f 3050 3206 3203
f 3205 3206 3050
f 3051 3207 3054
f 3055 3207 3051
f 3052 3208 3058
f 3053 3208 3052
f 3054 3209 3053
f 3053 3209 3208
f 3207 3209 3054
f 3055 3210 3207
f 3056 3210 3055
f 3056 3211 3210
f 3198 3211 3056
f 3057 3212 3197
f 3058 3212 3057
f 3058 3213 3212
f 3058 3214 3213
f 3208 3214 3058
f 3060 3215 3061
f 3063 3215 3107
f 3061 3215 3063
f 3060 3216 3215
f 3064 3216 3060
f 3064 3217 3216
f 3064 3218 3217
f 3065 3218 3064
f 3065 3219 3218
f 3067 3219 3066
f 3066 3219 3065
f 3067 3220 3219
f 3068 3220 3067
f 3068 3221 3220
f 3069 3221 3068
f 3069 3222 3221
f 3070 3222 3069
f 3070 3223 3222
f 3072 3223 3070
f 3071 3224 3072
f 3073 3224 3071
f 3072 3225 3223
f 3224 3225 3072
f 3073 3226 3224
f 3074 3226 3073
f 3074 3227 3226
f 3075 3227 3074
f 3075 3228 3227
f 3076 3228 3075
f 3076 3229 3228
f 3077 3229 3076
f 3077 3230 3229
f 3078 3230 3077
f 3078 3231 3230
f 3079 3231 3078
f 3079 3232 3231
f 3080 3232 3079
f 3080 3233 3232
f 3081 3233 3080
f 3081 3234 3233
f 3082 3234 3081
f 3082 3235 3234
f 3083 3235 3082
f 3083 3236 3235
f 3084 3236 3083
f 3084 3237 3236
f 3086 3237 3084
f 3085 3238 3086
f 3087 3238 3085
f 3086 3239 3237
f 3238 3239 3086
f 3088 3240 3087
f 3087 3240 3238
f 3088 3241 3240
f 3088 3242 3241
f 3093 3242 3089
f 3089 3242 3088
f 3090 3243 3093
f 3091 3243 3090
f 3091 3244 3243
f 3091 3245 3244
f 3095 3245 3092
f 3092 3245 3091
f 3093 3246 3242
f 3243 3246 3093
f 3094 3247 3095
f 3096 3247 3094
f 3095 3248 3245
f 3247 3248 3095
f 3096 3249 3247
f 3097 3249 3096
f 3097 3250 3249
f 3098 3250 3097
f 3099 3251 3098
f 3251 3252 3098
f 3098 3252 3250
f 3100 3253 3099
f 3099 3253 3251
f 3100 3254 3253
f 3101 3254 3100
f 3101 3255 3254
f 3103 3255 3101
f 3104 3256 3103
f 3103 3256 3255
f 3104 3257 3256
f 3105 3257 3104
f 3105 3258 3257
f 3106 3258 3105
f 3106 3259 3258
f 3106 3260 3259
f 3215 3260 3107
f 3216 3260 3215
f 3107 3260 3106
f 3109 3261 3108
f 3261 3262 3108
f 3108 3262 3112
f 3109 3263 3261
f 3110 3263 3109
f 3110 3264 3263
f 3111 3264 3110
f 3111 3265 3264
f 3116 3265 3111
f 3112 3266 3113
f 3262 3266 3112
f 3113 3267 3114
f 3266 3267 3113
f 3267 3268 3114
f 3268 3269 3114
f 3114 3269 3130
f 3116 3270 3265
f 3116 3271 3270
f 3118 3271 3116
f 3117 3272 3118
f 3118 3272 3271
f 3119 3272 3117
f 3119 3273 3272
f 3119 3274 3273
f 3136 3274 3120
f 3120 3274 3119
f 3121 3275 3125
f 3123 3275 3121
f 3122 3276 3123
f 3126 3276 3122
f 3276 3277 3123
f 3123 3277 3275
f 3124 3278 3134
f 3124 3279 3278
f 3125 3279 3124
f 3275 3279 3125
f 3126 3280 3276
f 3126 3281 3280
f 3127 3281 3126
f 3127 3282 3281
f 3128 3282 3127
f 3129 3283 3128
f 3128 3283 3282
f 3129 3284 3283
f 3130 3284 3129
f 3130 3285 3284
f 3269 3285 3130
f 3132 3286 3204
f 3133 3286 3132
f 3204 3286 3205
f 3134 3287 3133
f 3133 3288 3286
f 3287 3288 3133
f 3286 3288 3205
f 3134 3289 3287
f 3278 3289 3134
f 3135 3290 3136
f 3139 3290 3135
f 3136 3291 3274
f 3290 3291 3136
f 3137 3292 3142
f 3137 3293 3292
f 3143 3293 3137
f 3138 3294 3139
f 3140 3294 3138
f 3139 3295 3290
f 3139 3296 3295
f 3294 3296 3139
f 3141 3297 3140
f 3140 3297 3294
f 3141 3298 3297
f 3292 3298 3142
f 3142 3298 3141
f 3143 3299 3293
f 3144 3299 3143
f 3144 3300 3299
f 3145 3300 3144
f 3145 3301 3300
f 3146 3301 3145
f 3146 3302 3301
f 3147 3302 3146
f 3148 3302 3147
f 3148 3303 3302
f 3161 3303 3148
f 3152 3304 3163
f 3152 3151 3304
f 3152 3305 3151
f 3153 3306 3155
f 3154 3307 3153
f 3153 3307 3306
f 3162 3307 3154
f 3306 3308 3155
f 3155 3308 3160
f 3158 3309 3156
f 3309 3310 3156
f 3156 3310 3157
f 3157 3311 3161
f 3310 3311 3157
f 3158 3312 3309
f 3159 3312 3158
f 3159 3313 3312
f 3160 3313 3159
f 3308 3313 3160
f 3311 3314 3161
f 3161 3314 3303
f 3162 3315 3307
f 3163 3315 3162
f 3163 3316 3315
f 3304 3316 3163
f 3166 3317 3174
f 3194 3317 3196
f 3195 3317 3194
f 3174 3317 3195
f 3166 3318 3317
f 3317 3318 3196
f 3167 3318 3166
f 3167 3319 3318
f 3168 3319 3167
f 3169 3320 3175
f 3171 3320 3169
f 3170 3321 3171
f 3170 3322 3321
f 3172 3322 3170
f 3171 3323 3320
f 3321 3323 3171
f 3173 3324 3172
f 3172 3324 3322
f 3173 3325 3324
f 3191 3325 3190
f 3173 3326 3325
f 3325 3326 3190
f 3174 3326 3173
f 3195 3326 3174
f 3190 3326 3195
f 3175 3327 3187
f 3320 3327 3175
f 3177 3328 3180
f 3177 3329 3328
f 3178 3329 3177
f 3179 3330 3178
f 3178 3330 3329
f 3184 3330 3179
f 3181 3331 3184
f 3181 3332 3331
f 3183 3332 3181
f 3186 3333 3185
f 3185 3333 3183
f 3183 3334 3332
f 3333 3334 3183
f 3184 3335 3330
f 3331 3335 3184
f 3186 3336 3333
f 3187 3336 3186
f 3187 3337 3336
f 3327 3337 3187
f 3319 3338 3318
f 3318 3338 3196
f 3196 3338 3188
f 3191 3339 3325
f 3192 3339 3191
f 3192 3340 3339
f 3192 3341 3340
f 3193 3341 3192
f 3193 3342 3341
f 3212 3342 3197
f 3197 3342 3193
f 3198 3343 3211
f 3199 3343 3198
f 3199 3344 3343
f 3199 3345 3344
f 3200 3345 3199
f 3200 3346 3345
f 3201 3346 3200
f 3201 3347 3346
f 3202 3347 3201
f 3202 3348 3347
f 3206 3348 3203
f 3203 3348 3202
f 3205 3349 3206
f 3288 3349 3205
f 3206 3350 3348
f 3349 3350 3206
f 3207 3351 3209
f 3210 3351 3207
f 3208 3352 3214
f 3209 3352 3208
f 3351 3353 3209
f 3209 3353 3352
f 3210 3354 3351
f 3211 3354 3210
f 3211 3355 3354
f 3343 3355 3211
f 3212 3356 3342
f 3213 3356 3212
f 3213 3357 3356
f 3213 3358 3357
f 3214 3358 3213
f 3352 3359 3214
f 3214 3359 3358
f 3216 3360 3260
f 3260 3360 3259
f 3217 3360 3216
f 3217 3361 3360
f 3217 3362 3361
f 3218 3362 3217
f 3218 3363 3362
f 3220 3363 3219
f 3219 3363 3218
f 3220 3364 3363
f 3220 3365 3364
f 3221 3365 3220
f 3221 3366 3365
f 3222 3366 3221
f 3223 3367 3222
f 3222 3367 3366
f 3223 3368 3367
f 3225 3368 3223
f 3224 3369 3225
f 3226 3369 3224
f 3225 3370 3368
f 3369 3370 3225
f 3226 3371 3369
f 3227 3371 3226
f 3227 3372 3371
f 3228 3372 3227
f 3229 3373 3228
f 3228 3373 3372
f 3229 3374 3373
f 3230 3374 3229
f 3230 3375 3374
f 3231 3375 3230
f 3231 3376 3375
f 3232 3376 3231
f 3232 3377 3376
f 3233 3377 3232
f 3233 3378 3377
f 3234 3379 3233
f 3233 3379 3378
f 3234 3380 3379
f 3236 3380 3235
f 3235 3380 3234
f 3236 3381 3380
f 3236 3382 3381
f 3237 3382 3236
f 3237 3383 3382
f 3239 3383 3237
f 3238 3384 3239
f 3239 3384 3383
f 3240 3384 3238
f 3240 3385 3384
f 3241 3385 3240
f 3242 3386 3241
f 3246 3386 3242
f 3386 3387 3241
f 3241 3387 3385
f 3243 3388 3246
f 3244 3388 3243
f 3244 3389 3388
f 3244 3390 3389
f 3248 3390 3245
f 3245 3390 3244
f 3246 3391 3386
f 3388 3391 3246
f 3249 3392 3247
f 3247 3392 3248
f 3248 3393 3390
f 3392 3393 3248
f 3249 3394 3392
f 3250 3394 3249
f 3250 3395 3394
f 3252 3395 3250
f 3251 3396 3252
f 3253 3397 3251
f 3251 3397 3396
f 3252 3398 3395
f 3252 3399 3398
f 3396 3399 3252
f 3254 3400 3253
f 3253 3400 3397
f 3254 3401 3400
f 3255 3401 3254
f 3256 3402 3255
f 3255 3402 3401
f 3257 3402 3256
f 3257 3403 3402
f 3258 3403 3257
f 3258 3404 3403
f 3360 3404 3259
f 3361 3404 3360
f 3259 3404 3258
f 3261 3405 3262
f 3261 3406 3405
f 3263 3406 3261
f 3262 3407 3266
f 3405 3407 3262
f 3263 3408 3406
f 3264 3408 3263
f 3264 3409 3408
f 3265 3409 3264
f 3265 3410 3409
f 3270 3410 3265
f 3266 3411 3267
f 3407 3411 3266
f 3267 3412 3268
f 3411 3412 3267
f 3268 3413 3269
f 3412 3413 3268
f 3269 3414 3285
f 3413 3414 3269
f 3270 3415 3410
f 3270 3416 3415
f 3271 3416 3270
f 3271 3417 3416
f 3273 3417 3272
f 3272 3417 3271
f 3273 3418 3417
f 3273 3419 3418
f 3291 3419 3274
f 3274 3419 3273
f 3275 3420 3279
f 3275 3421 3420
f 3277 3421 3275
f 3276 3422 3277
f 3280 3422 3276
f 3277 3423 3421
f 3422 3423 3277
f 3278 3424 3289
f 3420 3424 3279
f 3279 3424 3278
f 3280 3425 3422
f 3280 3426 3425
f 3281 3426 3280
f 3281 3427 3426
f 3282 3427 3281
f 3282 3428 3427
f 3283 3428 3282
f 3283 3429 3428
f 3284 3429 3283
f 3285 3429 3284
f 3285 3430 3429
f 3414 3430 3285
f 3287 3431 3288
f 3288 3431 3349
f 3289 3431 3287
f 3289 3432 3431
f 3289 3433 3432
f 3424 3433 3289
f 3290 3434 3291
f 3295 3434 3290
f 3291 3435 3419
f 3419 3435 3418
f 3434 3435 3291
f 3293 3436 3292
f 3436 3437 3292
f 3292 3437 3298
f 3293 3438 3436
f 3299 3438 3293
f 3294 3439 3296
f 3297 3439 3294
f 3296 3440 3295
f 3440 3441 3295
f 3295 3441 3434
f 3296 3442 3440
f 3439 3442 3296
f 3297 3443 3439
f 3298 3443 3297
f 3298 3444 3443
f 3437 3444 3298
f 3300 3445 3299
f 3299 3445 3438
f 3300 3446 3445
f 3301 3446 3300
f 3301 3447 3446
f 3302 3447 3301
f 3302 3448 3447
f 3314 3448 3303
f 3303 3448 3302
f 3304 3449 3316
f 3304 3450 3449
f 3304 3451 3450
f 3151 3451 3304
f 3151 3452 3451
f 3305 3453 3151
f 3151 3453 3452
f 3305 3454 3453
f 3306 3455 3308
f 3306 3456 3455
f 3307 3456 3306
f 3307 3457 3456
f 3315 3457 3307
f 3308 3458 3313
f 3455 3458 3308
f 3309 3459 3310
f 3309 3460 3459
f 3312 3460 3309
f 3310 3461 3311
f 3459 3461 3310
f 3461 3462 3311
f 3311 3462 3314
f 3312 3463 3460
f 3458 3463 3313
f 3313 3463 3312
f 3314 3464 3448
f 3462 3464 3314
f 3315 3465 3457
f 3316 3465 3315
f 3316 3466 3465
f 3449 3466 3316
f 3323 3467 3320
f 3467 3468 3320
f 3320 3468 3327
f 3321 3469 3323
f 3321 3470 3469
f 3322 3471 3321
f 3321 3471 3470
f 3324 3471 3322
f 3469 3472 3323
f 3323 3472 3467
f 3324 3473 3471
f 3340 3473 3339
f 3339 3473 3325
f 3325 3473 3324
f 3327 3474 3337
f 3468 3474 3327
f 3329 3475 3328
f 3329 3476 3475
f 3335 3476 3330
f 3330 3476 3329
f 3332 3477 3331
f 3477 3478 3331
f 3331 3478 3335
f 3332 3479 3477
f 3334 3479 3332
f 3333 3480 3334
f 3333 3481 3480
f 3336 3481 3333
f 3334 3482 3479
f 3480 3482 3334
f 3335 3483 3476
f 3478 3483 3335
f 3336 3484 3481
f 3337 3484 3336
f 3337 3485 3484
f 3474 3485 3337
f 3340 3486 3473
f 3473 3486 3471
f 3471 3486 3470
f 3341 3487 3340
f 3340 3487 3486
f 3341 3488 3487
f 3356 3488 3342
f 3342 3488 3341
f 3343 3489 3355
f 3344 3489 3343
f 3344 3490 3489
f 3344 3491 3490
f 3345 3491 3344
f 3345 3492 3491
f 3346 3492 3345
f 3347 3493 3346
f 3346 3493 3492
f 3347 3494 3493
f 3350 3494 3348
f 3348 3494 3347
f 3349 3495 3350
f 3432 3495 3431
f 3431 3495 3349
f 3350 3496 3494
f 3495 3496 3350
f 3351 3497 3353
f 3354 3497 3351
f 3352 3498 3359
f 3353 3498 3352
f 3497 3499 3353
f 3353 3499 3498
f 3354 3500 3497
f 3355 3500 3354
f 3355 3501 3500
f 3489 3501 3355
f 3356 3502 3488
f 3357 3502 3356
f 3357 3503 3502
f 3357 3504 3503
f 3359 3504 3358
f 3358 3504 3357
f 3359 3505 3504
f 3498 3505 3359
f 3361 3506 3404
f 3362 3506 3361
f 3362 3507 3506
f 3364 3507 3363
f 3363 3507 3362
f 3364 3508 3507
f 3365 3508 3364
f 3365 3509 3508
f 3366 3509 3365
f 3366 3510 3509
f 3367 3510 3366
f 3367 3511 3510
f 3368 3511 3367
f 3368 3512 3511
f 3370 3512 3368
f 3369 3513 3370
f 3371 3513 3369
f 3370 3514 3512
f 3513 3514 3370
f 3371 3515 3513
f 3372 3515 3371
f 3372 3516 3515
f 3373 3516 3372
f 3373 3517 3516
f 3374 3517 3373
f 3374 3518 3517
f 3374 3519 3518
f 3376 3519 3375
f 3375 3519 3374
f 3376 3520 3519
f 3377 3520 3376
f 3377 3521 3520
f 3378 3521 3377
f 3378 3522 3521
f 3378 3523 3522
f 3379 3523 3378
f 3379 3524 3523
f 3381 3524 3380
f 3380 3524 3379
f 3382 3525 3381
f 3381 3526 3524
f 3525 3526 3381
f 3382 3527 3525
f 3383 3527 3382
f 3383 3528 3527
f 3384 3528 3383
f 3384 3529 3528
f 3385 3529 3384
f 3387 3530 3385
f 3385 3530 3529
f 3386 3531 3387
f 3391 3531 3386
f 3387 3532 3530
f 3531 3532 3387
f 3388 3533 3391
f 3389 3533 3388
f 3389 3534 3533
f 3390 3535 3389
f 3389 3535 3534
f 3393 3535 3390
f 3533 3536 3391
f 3391 3536 3531
f 3392 3537 3393
f 3394 3537 3392
f 3393 3538 3535
f 3537 3538 3393
f 3395 3539 3394
f 3394 3539 3537
f 3398 3539 3395
f 3396 3540 3399
f 3397 3540 3396
f 3400 3541 3397
f 3397 3541 3540
f 3398 3542 3539
f 3399 3543 3398
f 3398 3543 3542
f 3399 3544 3543
f 3540 3544 3399
f 3400 3545 3541
f 3401 3545 3400
f 3401 3546 3545
f 3402 3546 3401
f 3402 3547 3546
f 3403 3547 3402
f 3404 3548 3403
f 3403 3548 3547
f 3506 3548 3404
f 3405 3549 3407
f 3406 3549 3405
f 3406 3550 3549
f 3406 3551 3550
f 3408 3551 3406
f 3407 3552 3411
f 3549 3552 3407
f 3408 3553 3551
f 3409 3553 3408
f 3409 3554 3553
f 3410 3554 3409
f 3410 3555 3554
f 3415 3555 3410
f 3552 3556 3411
f 3411 3556 3412
f 3412 3557 3413
f 3556 3557 3412
f 3413 3558 3414
f 3557 3558 3413
f 3414 3559 3430
f 3558 3559 3414
f 3415 3560 3555
f 3415 3561 3560
f 3416 3561 3415
f 3416 3562 3561
f 3418 3562 3417
f 3417 3562 3416
f 3418 3563 3562
f 3435 3563 3418
f 3420 3564 3424
f 3424 3564 3433
f 3420 3565 3564
f 3421 3565 3420
f 3421 3566 3565
f 3423 3566 3421
f 3425 3567 3422
f 3422 3567 3423
f 3423 3568 3566
f 3567 3568 3423
f 3426 3569 3425
f 3569 3570 3425
f 3425 3570 3567
f 3426 3571 3569
f 3427 3571 3426
f 3427 3572 3571
f 3428 3572 3427
f 3428 3573 3572
f 3430 3573 3429
f 3429 3573 3428
f 3430 3574 3573
f 3559 3574 3430
f 3432 3575 3495
f 3432 3576 3575
f 3433 3576 3432
f 3564 3576 3433
f 3434 3577 3435
f 3441 3577 3434
f 3435 3578 3563
f 3577 3578 3435
f 3436 3579 3437
f 3436 3580 3579
f 3438 3580 3436
f 3579 3581 3437
f 3437 3581 3444
f 3438 3582 3580
f 3445 3582 3438
f 3439 3583 3442
f 3443 3583 3439
f 3440 3584 3441
f 3442 3584 3440
f 3441 3585 3577
f 3577 3585 3578
f 3441 3586 3585
f 3584 3586 3441
f 3442 3587 3584
f 3442 3588 3587
f 3583 3588 3442
f 3443 3589 3583
f 3581 3589 3444
f 3444 3589 3443
f 3445 3590 3582
f 3446 3590 3445
f 3446 3591 3590
f 3447 3591 3446
f 3447 3592 3591
f 3448 3592 3447
f 3448 3593 3592
f 3464 3593 3448
f 3449 3594 3466
f 3450 3594 3449
f 3450 3595 3594
f 3450 3596 3595
f 3451 3596 3450
f 3451 3150 3596
f 3451 3597 3150
f 3452 3597 3451
f 3452 3598 3597
f 3453 3598 3452
f 3453 3599 3598
f 3454 3599 3453
f 3454 3600 3599
f 3454 3601 3600
f 3455 3602 3458
f 3455 3603 3602
f 3456 3603 3455
f 3456 3604 3603
f 3457 3604 3456
f 3457 3605 3604
f 3465 3605 3457
f 3458 3606 3463
f 3458 3607 3606
f 3602 3607 3458
f 3459 3608 3461
f 3459 3609 3608
f 3460 3609 3459
f 3460 3610 3609
f 3606 3610 3463
f 3463 3610 3460
f 3461 3611 3462
f 3608 3611 3461
f 3462 3612 3464
f 3611 3612 3462
f 3464 3613 3593
f 3612 3613 3464
f 3465 3614 3605
f 3466 3614 3465
f 3466 3615 3614
f 3594 3616 3466
f 3466 3616 3615
f 3472 3617 3467
f 3617 3618 3467
f 3467 3618 3468
f 3468 3619 3474
f 3618 3619 3468
f 3469 3620 3472
f 3470 3620 3469
f 3486 3621 3470
f 3470 3621 3620
f 3487 3621 3486
f 3620 3622 3472
f 3472 3622 3617
f 3619 3623 3474
f 3474 3623 3485
f 3483 3624 3476
f 3476 3624 3475
f 3477 3625 3478
f 3477 3626 3625
f 3479 3626 3477
f 3478 3627 3483
f 3478 3628 3627
f 3625 3628 3478
f 3479 3629 3626
f 3482 3629 3479
f 3480 3630 3482
f 3481 3630 3480
f 3481 3631 3630
f 3481 3632 3631
f 3485 3632 3484
f 3484 3632 3481
f 3482 3633 3629
f 3630 3633 3482
f 3483 3634 3624
f 3627 3634 3483
f 3485 3635 3632
f 3623 3635 3485
f 3487 3636 3621
f 3502 3636 3488
f 3488 3636 3487
f 3489 3637 3501
f 3490 3637 3489
f 3491 3638 3490
f 3490 3639 3637
f 3638 3639 3490
f 3491 3640 3638
f 3492 3640 3491
f 3492 3641 3640
f 3493 3641 3492
f 3493 3642 3641
f 3496 3642 3494
f 3494 3642 3493
f 3495 3643 3496
f 3575 3643 3495
f 3496 3644 3642
f 3643 3644 3496
f 3497 3645 3499
f 3501 3645 3500
f 3500 3645 3497
f 3498 3646 3505
f 3499 3646 3498
f 3499 3647 3646
f 3645 3647 3499
f 3501 3648 3645
f 3645 3648 3647
f 3637 3649 3501
f 3501 3649 3648
f 3639 3649 3637
f 3502 3650 3636
f 3503 3650 3502
f 3503 3651 3650
f 3503 3652 3651
f 3505 3652 3504
f 3504 3652 3503
f 3505 3653 3652
f 3646 3653 3505
f 3506 3654 3548
f 3506 3655 3654
f 3507 3655 3506
f 3508 3656 3507
f 3507 3656 3655
f 3509 3657 3508
f 3508 3657 3656
f 3509 3658 3657
f 3510 3658 3509
f 3510 3659 3658
f 3511 3659 3510
f 3511 3660 3659
f 3511 3661 3660
f 3514 3661 3512
f 3512 3661 3511
f 3513 3662 3514
f 3515 3662 3513
f 3514 3663 3661
f 3662 3663 3514
f 3516 3664 3515
f 3515 3664 3662
f 3516 3665 3664
f 3517 3665 3516
f 3517 3666 3665
f 3518 3666 3517
f 3518 3667 3666
f 3518 3668 3667
f 3520 3668 3519
f 3519 3668 3518
f 3520 3669 3668
f 3521 3669 3520
f 3521 3670 3669
f 3522 3670 3521
f 3522 3671 3670
f 3522 3672 3671
f 3523 3672 3522
f 3524 3673 3523
f 3523 3673 3672
f 3526 3673 3524
f 3525 3674 3526
f 3527 3674 3525
f 3526 3675 3673
f 3674 3675 3526
f 3529 3676 3528
f 3528 3676 3527
f 3676 3677 3527
f 3527 3677 3674
f 3529 3678 3676
f 3530 3678 3529
f 3530 3679 3678
f 3532 3679 3530
f 3531 3680 3532
f 3536 3680 3531
f 3680 3681 3532
f 3532 3681 3679
f 3533 3682 3536
f 3534 3682 3533
f 3534 3683 3682
f 3534 3684 3683
f 3534 3685 3684
f 3538 3685 3535
f 3535 3685 3534
f 3536 3686 3680
f 3536 3687 3686
f 3683 3687 3682
f 3682 3687 3536
f 3537 3688 3538
f 3539 3688 3537
f 3538 3689 3685
f 3688 3689 3538
f 3539 3690 3688
f 3542 3690 3539
f 3540 3691 3544
f 3541 3691 3540
f 3541 3692 3691
f 3545 3692 3541
f 3543 3693 3542
f 3693 3694 3542
f 3542 3694 3690
f 3543 3695 3693
f 3544 3695 3543
f 3544 3696 3695
f 3691 3696 3544
f 3545 3697 3692
f 3546 3697 3545
f 3546 3698 3697
f 3654 3698 3548
f 3548 3698 3547
f 3547 3698 3546
f 3549 3699 3552
f 3550 3699 3549
f 3550 3700 3699
f 3550 3701 3700
f 3551 3701 3550
f 3551 3702 3701
f 3553 3702 3551
f 3552 3703 3556
f 3699 3703 3552
f 3553 3704 3702
f 3554 3704 3553
f 3554 3705 3704
f 3555 3705 3554
f 3560 3706 3555
f 3555 3706 3705
f 3703 3707 3556
f 3707 3708 3556
f 3556 3708 3557
f 3557 3709 3558
f 3708 3709 3557
f 3709 3710 3558
f 3558 3710 3559
f 3559 3711 3574
f 3710 3711 3559
f 3560 3712 3706
f 3560 3713 3712
f 3561 3713 3560
f 3561 3714 3713
f 3563 3714 3562
f 3562 3714 3561
f 3563 3715 3714
f 3578 3715 3563
f 3564 3716 3576
f 3565 3716 3564
f 3565 3717 3716
f 3565 3718 3717
f 3568 3718 3566
f 3566 3718 3565
f 3567 3719 3568
f 3570 3719 3567
f 3568 3720 3718
f 3719 3720 3568
f 3571 3721 3569
f 3721 3722 3569
f 3569 3722 3570
f 3570 3723 3719
f 3722 3723 3570
f 3571 3724 3721
f 3572 3724 3571
f 3572 3725 3724
f 3573 3725 3572
f 3574 3725 3573
f 3574 3726 3725
f 3711 3726 3574
f 3575 3727 3643
f 3576 3727 3575
f 3576 3728 3727
f 3716 3728 3576
f 3578 3729 3715
f 3585 3729 3578
f 3579 3730 3581
f 3580 3731 3579
f 3579 3731 3730
f 3580 3732 3731
f 3582 3732 3580
f 3581 3733 3589
f 3581 3734 3733
f 3730 3734 3581
f 3590 3735 3582
f 3582 3735 3732
f 3583 3736 3588
f 3733 3736 3589
f 3589 3736 3583
f 3584 3737 3586
f 3587 3737 3584
f 3585 3738 3729
f 3586 3738 3585
f 3586 3739 3738
f 3737 3739 3586
f 3587 3740 3737
f 3587 3741 3740
f 3736 3741 3588
f 3588 3741 3587
f 3590 3742 3735
f 3591 3742 3590
f 3592 3743 3591
f 3591 3743 3742
f 3593 3743 3592
f 3593 3744 3743
f 3613 3744 3593
f 3594 3745 3616
f 3595 3745 3594
f 3595 3746 3745
f 3595 3747 3746
f 3596 3747 3595
f 3596 3748 3747
f 3596 3749 3748
f 3150 3749 3596
f 3150 3750 3749
f 3597 3750 3150
f 3597 3751 3750
f 3598 3751 3597
f 3598 3752 3751
f 3598 3753 3752
f 3600 3753 3599
f 3599 3753 3598
f 3600 3754 3753
f 3601 3754 3600
f 3601 3755 3754
f 3602 3756 3607
f 3602 3757 3756
f 3603 3757 3602
f 3603 3758 3757
f 3604 3758 3603
f 3604 3759 3758
f 3605 3759 3604
f 3605 3760 3759
f 3614 3760 3605
f 3606 3761 3610
f 3607 3762 3606
f 3606 3762 3761
f 3607 3763 3762
f 3756 3763 3607
f 3608 3764 3611
f 3608 3765 3764
f 3609 3765 3608
f 3609 3766 3765
f 3610 3766 3609
f 3761 3766 3610
f 3611 3767 3612
f 3764 3767 3611
f 3612 3768 3613
f 3767 3768 3612
f 3613 3768 3744
f 3614 3769 3760
f 3615 3769 3614
f 3615 3770 3769
f 3615 3771 3770
f 3616 3771 3615
f 3616 3772 3771
f 3745 3772 3616
f 3622 3773 3617
f 3773 3774 3617
f 3617 3774 3618
f 3618 3775 3619
f 3774 3775 3618
f 3619 3776 3623
f 3775 3776 3619
f 3620 3777 3622
f 3650 3777 3636
f 3636 3777 3621
f 3621 3777 3620
f 3622 3778 3773
f 3650 3778 3777
f 3651 3778 3650
f 3777 3778 3622
f 3776 3779 3623
f 3623 3779 3635
f 3625 3780 3628
f 3625 3781 3780
f 3629 3781 3626
f 3626 3781 3625
f 3628 3782 3627
f 3782 3783 3627
f 3627 3783 3634
f 3780 3784 3628
f 3628 3784 3782
f 3629 3785 3781
f 3633 3785 3629
f 3630 3786 3633
f 3631 3786 3630
f 3631 3787 3786
f 3631 3788 3787
f 3635 3788 3632
f 3632 3788 3631
f 3633 3789 3785
f 3633 3790 3789
f 3786 3790 3633
f 3635 3791 3788
f 3779 3791 3635
f 3638 3792 3639
f 3638 3793 3792
f 3640 3793 3638
f 3639 3794 3649
f 3792 3794 3639
f 3640 3795 3793
f 3641 3795 3640
f 3641 3796 3795
f 3644 3796 3642
f 3642 3796 3641
f 3643 3797 3644
f 3727 3797 3643
f 3644 3798 3796
f 3797 3798 3644
f 3646 3799 3653
f 3647 3799 3646
f 3647 3800 3799
f 3647 3801 3800
f 3648 3801 3647
f 3649 3801 3648
f 3649 3802 3801
f 3794 3802 3649
f 3651 3803 3778
f 3778 3803 3773
f 3651 3804 3803
f 3651 3805 3804
f 3653 3805 3652
f 3652 3805 3651
f 3653 3806 3805
f 3799 3806 3653
f 3656 3807 3655
f 3655 3807 3654
f 3807 3808 3654
f 3654 3808 3698
f 3657 3809 3656
f 3656 3809 3807
f 3657 3810 3809
f 3658 3810 3657
f 3658 3811 3810
f 3659 3811 3658
f 3659 3812 3811
f 3660 3812 3659
f 3661 3813 3660
f 3663 3813 3661
f 3813 3814 3660
f 3660 3814 3812
f 3662 3815 3663
f 3664 3815 3662
f 3663 3816 3813
f 3815 3816 3663
f 3664 3817 3815
f 3665 3817 3664
f 3666 3818 3665
f 3665 3818 3817
f 3666 3819 3818
f 3667 3819 3666
f 3667 3820 3819
f 3667 3821 3820
f 3669 3821 3668
f 3668 3821 3667
f 3669 3822 3821
f 3670 3822 3669
f 3670 3823 3822
f 3671 3823 3670
f 3671 3824 3823
f 3671 3825 3824
f 3673 3825 3672
f 3672 3825 3671
f 3675 3826 3673
f 3673 3826 3825
f 3674 3827 3675
f 3677 3827 3674
f 3827 3828 3675
f 3675 3828 3826
f 3676 3829 3677
f 3678 3829 3676
f 3677 3830 3827
f 3829 3830 3677
f 3678 3831 3829
f 3679 3831 3678
f 3679 3832 3831
f 3681 3832 3679
f 3680 3833 3681
f 3686 3833 3680
f 3681 3834 3832
f 3833 3834 3681
f 3683 3835 3687
f 3683 3836 3835
f 3684 3836 3683
f 3684 3837 3836
f 3684 3838 3837
f 3685 3838 3684
f 3689 3838 3685
f 3686 3839 3833
f 3686 3840 3839
f 3835 3840 3687
f 3687 3840 3686
f 3688 3841 3689
f 3694 3841 3690
f 3690 3841 3688
f 3689 3842 3838
f 3838 3842 3837
f 3841 3842 3689
f 3691 3843 3696
f 3692 3843 3691
f 3692 3844 3843
f 3697 3844 3692
f 3695 3845 3693
f 3845 3846 3693
f 3693 3846 3694
f 3694 3847 3841
f 3841 3847 3842
f 3694 3848 3847
f 3846 3848 3694
f 3695 3849 3845
f 3696 3849 3695
f 3696 3850 3849
f 3843 3850 3696
f 3697 3851 3844
f 3698 3851 3697
f 3808 3851 3698
f 3699 3852 3703
f 3700 3852 3699
f 3700 3853 3852
f 3700 3854 3853
f 3701 3854 3700
f 3701 3855 3854
f 3702 3855 3701
f 3702 3856 3855
f 3704 3856 3702
f 3852 3857 3703
f 3703 3857 3707
f 3704 3858 3856
f 3705 3858 3704
f 3705 3859 3858
f 3706 3859 3705
f 3706 3860 3859
f 3712 3860 3706
f 3707 3861 3708
f 3708 3861 3709
f 3857 3862 3707
f 3707 3862 3861
f 3709 3863 3710
f 3861 3863 3709
f 3863 3864 3710
f 3710 3865 3711
f 3864 3865 3710
f 3711 3866 3726
f 3865 3866 3711
f 3712 3867 3860
f 3712 3868 3867
f 3713 3868 3712
f 3714 3869 3713
f 3713 3869 3868
f 3715 3869 3714
f 3715 3870 3869
f 3729 3870 3715
f 3716 3871 3728
f 3717 3871 3716
f 3717 3872 3871
f 3717 3873 3872
f 3720 3873 3718
f 3718 3873 3717
f 3719 3874 3720
f 3723 3874 3719
f 3720 3875 3873
f 3873 3875 3872
f 3720 3876 3875
f 3874 3876 3720
f 3721 3877 3722
f 3721 3878 3877
f 3725 3878 3724
f 3724 3878 3721
f 3722 3879 3723
f 3877 3879 3722
f 3723 3880 3874
f 3879 3880 3723
f 3725 3881 3878
f 3726 3881 3725
f 3726 3882 3881
f 3866 3882 3726
f 3727 3883 3797
f 3728 3883 3727
f 3728 3884 3883
f 3871 3884 3728
f 3729 3885 3870
f 3738 3885 3729
f 3730 3886 3734
f 3731 3886 3730
f 3731 3887 3886
f 3731 3888 3887
f 3732 3888 3731
f 3735 3888 3732
f 3733 3889 3736
f 3736 3889 3741
f 3733 3890 3889
f 3734 3890 3733
f 3734 3891 3890
f 3886 3891 3734
f 3735 3892 3888
f 3742 3892 3735
f 3740 3893 3737
f 3737 3894 3739
f 3893 3894 3737
f 3739 3895 3738
f 3738 3895 3885
f 3894 3895 3739
f 3740 3896 3893
f 3740 3897 3896
f 3889 3897 3741
f 3741 3897 3740
f 3743 3898 3742
f 3742 3898 3892
f 3743 3899 3898
f 3744 3899 3743
f 3744 3900 3899
f 3744 3901 3900
f 3768 3901 3744
f 3745 3902 3772
f 3746 3902 3745
f 3746 3903 3902
f 3746 3904 3903
f 3747 3904 3746
f 3748 3904 3747
f 3748 3905 3904
f 3748 3906 3905
f 3749 3906 3748
f 3750 3907 3749
f 3749 3907 3906
f 3750 3908 3907
f 3751 3908 3750
f 3751 3909 3908
f 3752 3909 3751
f 3752 3910 3909
f 3753 3910 3752
f 3753 3911 3910
f 3754 3911 3753
f 3754 3912 3911
f 3755 3912 3754
f 3755 3913 3912
f 3755 3914 3913
f 3756 3915 3763
f 3756 3916 3915
f 3757 3916 3756
f 3757 3917 3916
f 3759 3917 3758
f 3758 3917 3757
f 3759 3918 3917
f 3760 3918 3759
f 3769 3919 3760
f 3760 3919 3918
f 3761 3920 3766
f 3761 3921 3920
f 3762 3921 3761
f 3762 3922 3921
f 3763 3922 3762
f 3763 3923 3922
f 3915 3923 3763
f 3764 3924 3767
f 3764 3925 3924
f 3765 3925 3764
f 3765 3926 3925
f 3920 3926 3766
f 3766 3926 3765
f 3924 3927 3767
f 3768 3927 3901
f 3767 3927 3768
f 3770 3928 3769
f 3769 3928 3919
f 3770 3929 3928
f 3771 3929 3770
f 3771 3930 3929
f 3771 3931 3930
f 3902 3931 3772
f 3772 3931 3771
f 3773 3932 3774
f 3803 3932 3773
f 3774 3933 3775
f 3932 3933 3774
f 3775 3934 3776
f 3933 3934 3775
f 3776 3935 3779
f 3934 3935 3776
f 3779 3936 3791
f 3935 3936 3779
f 3780 3937 3784
f 3784 3937 3782
f 3780 3938 3937
f 3780 3939 3938
f 3781 3939 3780
f 3781 3940 3939
f 3785 3940 3781
f 3789 3940 3785
f 3782 3941 3783
f 3937 3941 3782
f 3786 3942 3790
f 3787 3942 3786
f 3787 3943 3942
f 3787 3944 3943
f 3791 3944 3788
f 3788 3944 3787
f 3789 3945 3940
f 3940 3945 3939
f 3789 3946 3945
f 3790 3946 3789
f 3790 3947 3946
f 3942 3947 3790
f 3791 3948 3944
f 3936 3948 3791
f 3792 3949 3794
f 3792 3950 3949
f 3793 3950 3792
f 3793 3951 3950
f 3795 3951 3793
f 3794 3952 3802
f 3931 3952 3930
f 3930 3952 3949
f 3949 3952 3794
f 3795 3953 3951
f 3798 3953 3796
f 3796 3953 3795
f 3797 3954 3798
f 3884 3954 3883
f 3883 3954 3797
f 3954 3955 3798
f 3798 3955 3953
f 3799 3956 3806
f 3800 3956 3799
f 3800 3957 3956
f 3800 3958 3957
f 3801 3958 3800
f 3802 3958 3801
f 3802 3959 3958
f 3931 3959 3952
f 3902 3959 3931
f 3952 3959 3802
f 3803 3960 3932
f 3804 3960 3803
f 3804 3961 3960
f 3806 3961 3805
f 3805 3961 3804
f 3806 3962 3961
f 3956 3962 3806
f 3809 3963 3807
f 3807 3963 3808
f 3808 3964 3851
f 3851 3964 3844
f 3963 3964 3808
f 3809 3965 3963
f 3810 3965 3809
f 3811 3966 3810
f 3810 3966 3965
f 3811 3967 3966
f 3812 3967 3811
f 3814 3968 3812
f 3812 3968 3967
f 3816 3969 3813
f 3813 3969 3814
f 3969 3970 3814
f 3814 3970 3968
f 3815 3971 3816
f 3817 3971 3815
f 3971 3972 3816
f 3816 3972 3969
f 3817 3973 3971
f 3818 3973 3817
f 3818 3974 3973
f 3818 3975 3974
f 3819 3975 3818
f 3819 3976 3975
f 3820 3976 3819
f 3820 3977 3976
f 3821 3978 3820
f 3820 3978 3977
f 3822 3978 3821
f 3822 3979 3978
f 3823 3979 3822
f 3823 3980 3979
f 3824 3980 3823
f 3824 3981 3980
f 3825 3982 3824
f 3824 3982 3981
f 3826 3983 3825
f 3825 3983 3982
f 3828 3983 3826
f 3827 3984 3828
f 3830 3984 3827
f 3828 3985 3983
f 3828 3986 3985
f 3984 3986 3828
f 3829 3987 3830
f 3831 3987 3829
f 3830 3988 3984
f 3987 3988 3830
f 3831 3989 3987
f 3832 3989 3831
f 3832 3990 3989
f 3834 3990 3832
f 3833 3991 3834
f 3839 3991 3833
f 3834 3992 3990
f 3991 3992 3834
f 3835 3993 3840
f 3835 3994 3993
f 3836 3994 3835
f 3836 3995 3994
f 3837 3995 3836
f 3837 3996 3995
f 3842 3996 3837
f 3839 3997 3991
f 3993 3997 3840
f 3840 3997 3839
f 3842 3998 3996
f 3848 3998 3847
f 3847 3998 3842
f 3843 3999 3850
f 3964 3999 3844
f 3844 3999 3843
f 3845 4000 3846
f 3845 4001 4000
f 3849 4001 3845
f 3846 4002 3848
f 4000 4002 3846
f 3848 4003 3998
f 3848 4004 4003
f 4002 4004 3848
f 3849 4005 4001
f 3850 4005 3849
f 3850 4006 4005
f 3999 4006 3850
f 3852 4007 3857
f 3853 4007 3852
f 3853 4008 4007
f 3853 4009 4008
f 3854 4009 3853
f 3854 4010 4009
f 3855 4010 3854
f 3855 4011 4010
f 3856 4011 3855
f 3856 4012 4011
f 3858 4012 3856
f 3857 4013 3862
f 4007 4013 3857
f 3859 4014 3858
f 3858 4014 4012
f 3859 4015 4014
f 3860 4015 3859
f 3860 4016 4015
f 3867 4016 3860
f 3861 4017 3863
f 3861 4018 4017
f 3862 4018 3861
f 3862 4019 4018
f 4013 4019 3862
f 3863 4020 3864
f 4017 4020 3863
f 3864 4021 3865
f 4020 4022 3864
f 3864 4022 4021
f 3865 4023 3866
f 4021 4023 3865
f 3866 4024 3882
f 4023 4024 3866
f 3867 4025 4016
f 3867 4026 4025
f 3868 4026 3867
f 3868 4027 4026
f 3870 4027 3869
f 3869 4027 3868
f 3870 4028 4027
f 3870 4029 4028
f 3885 4029 3870
f 3872 4030 3871
f 3871 4030 3884
f 3872 4031 4030
f 3875 4031 3872
f 3874 4032 3876
f 3880 4032 3874
f 3875 4033 4031
f 3876 4033 3875
f 3876 4034 4033
f 4032 4034 3876
f 3878 4035 3877
f 3881 4035 3878
f 4035 4036 3877
f 3877 4036 3879
f 4036 4037 3879
f 3879 4037 3880
f 4037 4038 3880
f 3880 4038 4032
f 3881 4039 4035
f 3882 4039 3881
f 4024 4040 3882
f 3882 4040 4039
f 3884 4041 3954
f 4030 4041 3884
f 3895 4042 3885
f 3885 4042 4029
f 3886 4043 3891
f 3887 4043 3886
f 3887 4044 4043
f 3887 4045 4044
f 3892 4045 3888
f 3888 4045 3887
f 3889 4046 3897
f 3890 4046 3889
f 3891 4047 3890
f 3890 4047 4046
f 3891 4048 4047
f 4043 4048 3891
f 3892 4049 4045
f 3898 4049 3892
f 3893 4050 3894
f 3896 4051 3893
f 3893 4051 4050
f 3894 4052 3895
f 3895 4052 4042
f 4050 4052 3894
f 3896 4053 4051
f 3896 4054 4053
f 4046 4054 3897
f 3897 4054 3896
f 3898 4055 4049
f 3898 4056 4055
f 3899 4056 3898
f 3900 4056 3899
f 3901 4057 3900
f 4057 4058 3900
f 3900 4058 4056
f 3901 4059 4057
f 3927 4059 3901
f 3902 4060 3959
f 3959 4060 3958
f 3958 4060 3957
f 3903 4060 3902
f 3903 4061 4060
f 4060 4061 3957
f 3957 4061 3956
f 3956 4061 3962
f 3903 4062 4061
f 4061 4062 3962
f 3905 4062 3904
f 3904 4062 3903
f 3905 4063 4062
f 4062 4063 3962
f 3905 4064 4063
f 3906 4064 3905
f 3906 4065 4064
f 3907 4065 3906
f 3907 4066 4065
f 3908 4066 3907
f 3908 4067 4066
f 3909 4067 3908
f 3909 4068 4067
f 3910 4068 3909
f 3911 4069 3910
f 3910 4069 4068
f 3911 4070 4069
f 3912 4070 3911
f 3912 4071 4070
f 3913 4071 3912
f 3913 4072 4071
f 3913 4073 4072
f 3914 4073 3913
f 3916 4074 3915
f 4074 4075 3915
f 3915 4075 3923
f 3916 4076 4074
f 3918 4076 3917
f 3917 4076 3916
f 3918 4077 4076
f 3919 4077 3918
f 3919 4078 4077
f 3928 4078 3919
f 3920 4079 3926
f 3921 4079 3920
f 3921 4080 4079
f 3921 4081 4080
f 3922 4081 3921
f 3922 4082 4081
f 3923 4082 3922
f 3923 4083 4082
f 4075 4083 3923
f 3924 4084 3927
f 3927 4084 4059
f 3924 4085 4084
f 3925 4085 3924
f 3925 4086 4085
f 3926 4086 3925
f 3926 4087 4086
f 4079 4087 3926
f 3928 4088 4078
f 3929 4088 3928
f 3929 4089 4088
f 3951 4089 3950
f 3929 4090 4089
f 4089 4090 3950
f 3930 4090 3929
f 3949 4090 3930
f 3950 4090 3949
f 3932 4091 3933
f 3960 4091 3932
f 3933 4092 3934
f 4091 4092 3933
f 4092 4093 3934
f 3934 4093 3935
f 3935 4094 3936
f 3936 4094 3948
f 3935 4095 4094
f 4093 4095 3935
f 3937 4096 3941
f 3937 4097 4096
f 3938 4097 3937
f 3938 4098 4097
f 3939 4098 3938
f 3939 4099 4098
f 3945 4099 3939
f 3942 4100 3947
f 3943 4100 3942
f 3943 4101 4100
f 3943 4102 4101
f 3948 4102 3944
f 3944 4102 3943
f 3946 4103 3945
f 3945 4103 4099
f 3946 4104 4103
f 4100 4104 3947
f 3947 4104 3946
f 3948 4105 4102
f 4094 4105 3948
f 3951 4106 4089
f 3953 4106 3951
f 3955 4106 3953
f 4089 4106 4088
f 3954 4107 3955
f 4041 4107 3954
f 3955 4108 4106
f 4088 4108 4078
f 4106 4108 4088
f 4107 4109 3955
f 3955 4109 4108
f 4108 4109 4078
f 4078 4109 4077
f 3960 4110 4091
f 4064 4110 4063
f 3960 4111 4110
f 4110 4111 4063
f 3962 4111 3961
f 3961 4111 3960
f 4063 4111 3962
f 3963 4112 3964
f 3964 4112 3999
f 3963 4113 4112
f 3966 4113 3965
f 3965 4113 3963
f 3966 4114 4113
f 3966 4115 4114
f 3967 4115 3966
f 3967 4116 4115
f 3968 4116 3967
f 3968 4117 4116
f 3970 4117 3968
f 3969 4118 3970
f 3972 4118 3969
f 3970 4119 4117
f 4118 4119 3970
f 3973 4120 3971
f 3971 4120 3972
f 3974 4120 3973
f 4120 4121 3972
f 3972 4121 4118
f 3974 4122 4120
f 3974 4123 4122
f 3976 4123 3975
f 3975 4123 3974
f 3977 4124 3976
f 4124 4125 3976
f 3976 4125 4123
f 3977 4126 4124
f 3979 4126 3978
f 3978 4126 3977
f 3979 4127 4126
f 3980 4127 3979
f 3980 4128 4127
f 3981 4128 3980
f 3981 4129 4128
f 3981 4130 4129
f 3982 4130 3981
f 3982 4131 4130
f 3985 4131 3983
f 3983 4131 3982
f 3988 4132 3984
f 3984 4132 3986
f 3985 4133 4131
f 3985 4134 4133
f 3986 4134 3985
f 3986 4135 4134
f 4132 4135 3986
f 3987 4136 3988
f 3988 4136 4132
f 3987 4137 4136
f 3989 4137 3987
f 3989 4138 4137
f 3990 4138 3989
f 3990 4139 4138
f 3992 4139 3990
f 3997 4140 3991
f 3991 4140 3992
f 3992 4141 4139
f 4140 4141 3992
f 3993 4142 3997
f 3994 4142 3993
f 3994 4143 4142
f 3994 4144 4143
f 3995 4144 3994
f 3995 4145 4144
f 3996 4145 3995
f 3996 4146 4145
f 4003 4146 3998
f 3998 4146 3996
f 3997 4147 4140
f 4142 4147 3997
f 3999 4148 4006
f 4112 4148 3999
f 4001 4149 4000
f 4000 4150 4002
f 4149 4150 4000
f 4001 4151 4149
f 4005 4151 4001
f 4002 4152 4004
f 4150 4152 4002
f 4003 4153 4146
f 4003 4154 4153
f 4152 4154 4004
f 4004 4154 4003
f 4005 4155 4151
f 4006 4155 4005
f 4006 4156 4155
f 4148 4156 4006
f 4007 4157 4013
f 4008 4157 4007
f 4008 4158 4157
f 4008 4159 4158
f 4009 4159 4008
f 4010 4159 4009
f 4010 4160 4159
f 4011 4160 4010
f 4011 4161 4160
f 4012 4161 4011
f 4012 4162 4161
f 4014 4162 4012
f 4013 4163 4019
f 4157 4163 4013
f 4014 4164 4162
f 4015 4164 4014
f 4015 4165 4164
f 4016 4165 4015
f 4025 4166 4016
f 4016 4166 4165
f 4017 4167 4020
f 4018 4167 4017
f 4018 4168 4167
f 4019 4168 4018
f 4019 4169 4168
f 4163 4169 4019
f 4167 4170 4020
f 4020 4170 4022
f 4021 4171 4023
f 4022 4171 4021
f 4022 4172 4171
f 4170 4172 4022
f 4023 4173 4024
f 4171 4173 4023
f 4024 4174 4040
f 4173 4174 4024
f 4025 4175 4166
f 4025 4176 4175
f 4026 4176 4025
f 4026 4177 4176
f 4028 4177 4027
f 4027 4177 4026
f 4028 4178 4177
f 4029 4178 4028
f 4029 4179 4178
f 4042 4179 4029
f 4030 4180 4041
f 4031 4180 4030
f 4031 4181 4180
f 4083 4181 4033
f 4075 4181 4083
f 4033 4181 4031
f 4032 4182 4034
f 4038 4182 4032
f 4033 4183 4083
f 4083 4183 4082
f 4034 4183 4033
f 4182 4183 4034
f 4035 4184 4036
f 4039 4184 4035
f 4036 4185 4037
f 4184 4185 4036
f 4037 4186 4038
f 4185 4186 4037
f 4038 4187 4182
f 4186 4187 4038
f 4039 4188 4184
f 4040 4188 4039
f 4040 4189 4188
f 4174 4189 4040
f 4041 4190 4107
f 4180 4190 4041
f 4042 4191 4179
f 4052 4191 4042
f 4043 4192 4048
f 4044 4192 4043
f 4044 4193 4192
f 4044 4194 4193
f 4049 4194 4045
f 4045 4194 4044
f 4046 4195 4054
f 4046 4196 4195
f 4047 4196 4046
f 4047 4197 4196
f 4048 4197 4047
f 4048 4198 4197
f 4192 4198 4048
f 4049 4199 4194
f 4055 4199 4049
f 4050 4200 4052
f 4052 4200 4191
f 4050 4201 4200
f 4051 4201 4050
f 4053 4202 4051
f 4051 4202 4201
f 4053 4203 4202
f 4053 4204 4203
f 4195 4204 4054
f 4054 4204 4053
f 4055 4205 4199
f 4058 4205 4056
f 4056 4205 4055
f 4059 4206 4057
f 4206 4207 4057
f 4057 4207 4058
f 4058 4207 4205
f 4059 4208 4206
f 4084 4208 4059
f 4064 4209 4110
f 4091 4209 4092
f 4110 4209 4091
f 4065 4209 4064
f 4065 4210 4209
f 4209 4210 4092
f 4093 4210 4095
f 4092 4210 4093
f 4066 4210 4065
f 4066 4211 4210
f 4210 4211 4095
f 4067 4211 4066
f 4067 4212 4211
f 4068 4212 4067
f 4068 4213 4212
f 4068 4214 4213
f 4069 4214 4068
f 4069 4215 4214
f 4070 4215 4069
f 4070 4216 4215
f 4071 4216 4070
f 4071 4217 4216
f 4072 4217 4071
f 4072 4218 4217
f 4072 4219 4218
f 4073 4219 4072
f 4073 4220 4219
f 4074 4221 4075
f 4180 4221 4190
f 4181 4221 4180
f 4075 4221 4181
f 4074 4222 4221
f 4221 4222 4190
f 4077 4222 4076
f 4076 4222 4074
f 4077 4223 4222
f 4222 4223 4190
f 4190 4223 4107
f 4107 4223 4109
f 4109 4223 4077
f 4079 4224 4087
f 4080 4224 4079
f 4080 4225 4224
f 4080 4226 4225
f 4081 4226 4080
f 4081 4227 4226
f 4182 4227 4183
f 4183 4227 4082
f 4187 4227 4182
f 4082 4227 4081
f 4226 4227 4187
f 4084 4228 4208
f 4085 4228 4084
f 4085 4229 4228
f 4085 4230 4229
f 4087 4230 4086
f 4086 4230 4085
f 4224 4231 4087
f 4087 4231 4230
f 4225 4231 4224
f 4094 4232 4105
f 4095 4232 4094
f 4213 4232 4212
f 4212 4232 4211
f 4211 4232 4095
f 4097 4233 4096
f 4098 4234 4097
f 4097 4234 4233
f 4099 4235 4098
f 4098 4235 4234
f 4103 4236 4099
f 4099 4236 4235
f 4101 4237 4100
f 4237 4238 4100
f 4100 4238 4104
f 4101 4239 4237
f 4102 4239 4101
f 4102 4240 4239
f 4232 4240 4105
f 4213 4240 4232
f 4105 4240 4102
f 4103 4241 4236
f 4103 4242 4241
f 4238 4242 4104
f 4104 4242 4103
f 4112 4243 4148
f 4148 4243 4156
f 4114 4243 4113
f 4113 4243 4112
f 4114 4244 4243
f 4243 4244 4156
f 4114 4245 4244
f 4116 4245 4115
f 4115 4245 4114
f 4116 4246 4245
f 4117 4246 4116
f 4117 4247 4246
f 4117 4248 4247
f 4119 4248 4117
f 4118 4249 4119
f 4119 4249 4248
f 4121 4249 4118
f 4120 4250 4121
f 4122 4250 4120
f 4250 4251 4121
f 4121 4251 4249
f 4125 4252 4123
f 4123 4252 4122
f 4252 4253 4122
f 4122 4253 4250
f 4124 4254 4125
f 4124 4255 4254
f 4126 4255 4124
f 4125 4256 4252
f 4254 4256 4125
f 4126 4257 4255
f 4127 4257 4126
f 4128 4258 4127
f 4127 4258 4257
f 4128 4259 4258
f 4129 4259 4128
f 4129 4260 4259
f 4129 4261 4260
f 4133 4261 4131
f 4131 4261 4130
f 4130 4261 4129
f 4132 4262 4135
f 4136 4262 4132
f 4133 4263 4261
f 4134 4264 4133
f 4133 4264 4263
f 4134 4265 4264
f 4135 4265 4134
f 4135 4266 4265
f 4262 4266 4135
f 4137 4267 4136
f 4136 4267 4262
f 4138 4268 4137
f 4137 4268 4267
f 4138 4269 4268
f 4139 4269 4138
f 4139 4270 4269
f 4141 4270 4139
f 4140 4271 4141
f 4147 4271 4140
f 4141 4272 4270
f 4271 4272 4141
f 4142 4273 4147
f 4143 4273 4142
f 4143 4274 4273
f 4143 4275 4274
f 4144 4275 4143
f 4144 4276 4275
f 4145 4276 4144
f 4145 4277 4276
f 4153 4277 4146
f 4146 4277 4145
f 4147 4278 4271
f 4273 4278 4147
f 4271 4278 4272
f 4149 4279 4150
f 4149 4280 4279
f 4151 4280 4149
f 4150 4281 4152
f 4279 4281 4150
f 4151 4282 4280
f 4155 4282 4151
f 4152 4283 4154
f 4281 4283 4152
f 4153 4284 4277
f 4277 4284 4276
f 4153 4285 4284
f 4283 4285 4154
f 4154 4285 4153
f 4155 4286 4282
f 4156 4286 4155
f 4156 4287 4286
f 4244 4287 4156
f 4157 4288 4163
f 4158 4288 4157
f 4158 4289 4288
f 4159 4290 4158
f 4290 4291 4158
f 4158 4291 4289
f 4160 4292 4159
f 4159 4292 4290
f 4161 4293 4160
f 4160 4293 4292
f 4162 4293 4161
f 4162 4294 4293
f 4162 4295 4294
f 4164 4295 4162
f 4163 4296 4169
f 4288 4296 4163
f 4164 4297 4295
f 4165 4297 4164
f 4165 4298 4297
f 4166 4298 4165
f 4166 4299 4298
f 4175 4299 4166
f 4167 4300 4170
f 4167 4301 4300
f 4169 4301 4168
f 4168 4301 4167
f 4169 4302 4301
f 4169 4303 4302
f 4296 4303 4169
f 4170 4304 4172
f 4300 4304 4170
f 4172 4305 4171
f 4304 4305 4172
f 4305 4306 4171
f 4171 4306 4173
f 4173 4307 4174
f 4306 4307 4173
f 4174 4308 4189
f 4307 4308 4174
f 4175 4309 4299
f 4175 4310 4309
f 4176 4310 4175
f 4176 4311 4310
f 4178 4311 4177
f 4177 4311 4176
f 4178 4312 4311
f 4179 4312 4178
f 4179 4313 4312
f 4191 4313 4179
f 4184 4314 4185
f 4188 4314 4184
f 4185 4315 4186
f 4314 4315 4185
f 4186 4316 4187
f 4187 4316 4226
f 4226 4316 4225
f 4315 4316 4186
f 4188 4317 4314
f 4189 4317 4188
f 4189 4318 4317
f 4308 4318 4189
f 4191 4319 4313
f 4200 4319 4191
f 4192 4320 4198
f 4193 4320 4192
f 4193 4321 4320
f 4193 4322 4321
f 4199 4322 4194
f 4194 4322 4193
f 4195 4323 4204
f 4196 4323 4195
f 4196 4324 4323
f 4197 4324 4196
f 4197 4325 4324
f 4198 4325 4197
f 4198 4326 4325
f 4320 4326 4198
f 4199 4327 4322
f 4205 4327 4199
f 4200 4328 4319
f 4201 4328 4200
f 4202 4329 4201
f 4203 4329 4202
f 4329 4330 4201
f 4201 4330 4328
f 4203 4331 4329
f 4203 4332 4331
f 4203 4333 4332
f 4323 4333 4204
f 4204 4333 4203
f 4205 4334 4327
f 4207 4334 4205
f 4206 4335 4207
f 4206 4336 4335
f 4208 4336 4206
f 4207 4337 4334
f 4335 4337 4207
f 4208 4338 4336
f 4229 4338 4228
f 4228 4338 4208
f 4213 4339 4240
f 4240 4339 4239
f 4214 4339 4213
f 4214 4340 4339
f 4215 4340 4214
f 4215 4341 4340
f 4216 4341 4215
f 4217 4342 4216
f 4216 4342 4341
f 4217 4343 4342
f 4218 4343 4217
f 4218 4344 4343
f 4218 4345 4344
f 4219 4345 4218
f 4220 4346 4219
f 4219 4347 4345
f 4346 4347 4219
f 4225 4348 4231
f 4315 4348 4316
f 4316 4348 4225
f 4229 4349 4338
f 4229 4350 4349
f 4231 4350 4230
f 4230 4350 4229
f 4348 4351 4231
f 4231 4351 4350
f 4233 4353 4352
f 4234 4353 4233
f 4234 4354 4353
f 4235 4354 4234
f 4235 4355 4354
f 4235 4356 4355
f 4236 4356 4235
f 4236 4357 4356
f 4241 4357 4236
f 4237 4358 4238
f 4237 4359 4358
f 4340 4359 4339
f 4339 4359 4239
f 4239 4359 4237
f 4238 4360 4242
f 4358 4360 4238
f 4241 4361 4357
f 4360 4361 4242
f 4242 4361 4241
f 4244 4362 4287
f 4246 4362 4245
f 4245 4362 4244
f 4247 4363 4246
f 4246 4363 4362
f 4247 4364 4363
f 4247 4365 4364
f 4248 4365 4247
f 4248 4366 4365
f 4249 4366 4248
f 4251 4366 4249
f 4250 4367 4251
f 4253 4367 4250
f 4251 4368 4366
f 4367 4368 4251
f 4252 4369 4253
f 4256 4369 4252
f 4253 4370 4367
f 4369 4370 4253
f 4254 4371 4256
f 4254 4372 4371
f 4255 4372 4254
f 4255 4373 4372
f 4257 4373 4255
f 4256 4374 4369
f 4371 4374 4256
f 4257 4375 4373
f 4258 4375 4257
f 4258 4376 4375
f 4259 4376 4258
f 4259 4377 4376
f 4260 4377 4259
f 4260 4378 4377
f 4261 4379 4260
f 4260 4379 4378
f 4263 4379 4261
f 4267 4380 4262
f 4262 4380 4266
f 4263 4381 4379
f 4264 4381 4263
f 4264 4382 4381
f 4265 4382 4264
f 4265 4383 4382
f 4266 4383 4265
f 4266 4384 4383
f 4380 4384 4266
f 4267 4385 4380
f 4268 4385 4267
f 4268 4386 4385
f 4269 4386 4268
f 4269 4387 4386
f 4270 4387 4269
f 4270 4388 4387
f 4272 4388 4270
f 4272 4389 4388
f 4278 4389 4272
f 4273 4390 4278
f 4274 4390 4273
f 4274 4391 4390
f 4274 4392 4391
f 4275 4392 4274
f 4275 4393 4392
f 4284 4393 4276
f 4276 4393 4275
f 4278 4394 4389
f 4391 4394 4390
f 4390 4394 4278
f 4279 4395 4281
f 4279 4396 4395
f 4280 4396 4279
f 4280 4397 4396
f 4282 4397 4280
f 4281 4398 4283
f 4395 4398 4281
f 4286 4399 4282
f 4282 4399 4397
f 4287 4399 4286
f 4283 4400 4285
f 4283 4401 4400
f 4398 4401 4283
f 4284 4402 4393
f 4285 4403 4284
f 4284 4403 4402
f 4400 4403 4285
f 4287 4404 4399
f 4363 4404 4362
f 4362 4404 4287
f 4288 4405 4296
f 4289 4405 4288
f 4296 4405 4303
f 4289 4406 4405
f 4289 4407 4406
f 4291 4407 4289
f 4290 4408 4291
f 4290 4409 4408
f 4292 4409 4290
f 4291 4410 4407
f 4408 4410 4291
f 4293 4411 4292
f 4292 4411 4409
f 4294 4411 4293
f 4294 4412 4411
f 4294 4413 4412
f 4295 4413 4294
f 4297 4414 4295
f 4295 4414 4413
f 4297 4415 4414
f 4298 4415 4297
f 4298 4416 4415
f 4299 4416 4298
f 4299 4417 4416
f 4309 4417 4299
f 4300 4418 4304
f 4300 4419 4418
f 4302 4419 4301
f 4301 4419 4300
f 4302 4420 4419
f 4302 4421 4420
f 4303 4421 4302
f 4303 4422 4421
f 4406 4422 4405
f 4405 4422 4303
f 4304 4423 4305
f 4418 4423 4304
f 4305 4424 4306
f 4306 4424 4307
f 4305 4425 4424
f 4423 4425 4305
f 4307 4426 4308
f 4424 4426 4307
f 4308 4427 4318
f 4426 4427 4308
f 4309 4428 4417
f 4309 4429 4428
f 4310 4429 4309
f 4311 4430 4310
f 4312 4430 4311
f 4310 4430 4429
f 4312 4431 4430
f 4313 4431 4312
f 4313 4432 4431
f 4313 4433 4432
f 4319 4433 4313
f 4315 4434 4348
f 4314 4434 4315
f 4348 4434 4351
f 4317 4434 4314
f 4317 4435 4434
f 4434 4435 4351
f 4318 4435 4317
f 4318 4436 4435
f 4427 4436 4318
f 4328 4437 4319
f 4319 4437 4433
f 4330 4437 4328
f 4320 4438 4326
f 4321 4438 4320
f 4322 4439 4321
f 4327 4439 4322
f 4439 4440 4321
f 4321 4440 4438
f 4323 4441 4333
f 4324 4441 4323
f 4324 4442 4441
f 4325 4442 4324
f 4325 4443 4442
f 4325 4444 4443
f 4326 4444 4325
f 4326 4445 4444
f 4438 4445 4326
f 4327 4446 4439
f 4334 4446 4327
f 4337 4446 4334
f 4331 4447 4329
f 4329 4447 4330
f 4330 4448 4437
f 4447 4448 4330
f 4331 4449 4447
f 4331 4450 4449
f 4332 4450 4331
f 4332 4451 4450
f 4332 4452 4451
f 4441 4452 4333
f 4333 4452 4332
f 4335 4453 4337
f 4336 4453 4335
f 4336 4454 4453
f 4336 4455 4454
f 4349 4455 4338
f 4338 4455 4336
f 4453 4456 4337
f 4456 4457 4337
f 4337 4457 4446
f 4340 4458 4359
f 4359 4458 4358
f 4342 4458 4341
f 4341 4458 4340
f 4360 4459 4361
f 4459 4460 4342
f 4342 4460 4458
f 4358 4460 4360
f 4360 4460 4459
f 4458 4460 4358
f 4342 4461 4459
f 4343 4461 4342
f 4459 4461 4343
f 4343 4462 4459
f 4344 4462 4343
f 4347 4463 4345
f 4345 4463 4344
f 4344 4464 4462
f 4463 4464 4344
f 4347 4465 4463
f 4349 4466 4455
f 4349 4467 4466
f 4436 4467 4435
f 4435 4467 4351
f 4351 4467 4350
f 4350 4467 4349
f 4466 4467 4436
f 4352 4469 4468
f 4355 4469 4354
f 4354 4469 4353
f 4353 4469 4352
f 4355 4470 4469
f 4357 4471 4356
f 4356 4471 4355
f 4471 4472 4355
f 4355 4472 4470
f 4357 4473 4471
f 4357 4474 4473
f 4462 4474 4459
f 4459 4474 4361
f 4361 4474 4357
f 4363 4475 4404
f 4364 4475 4363
f 4365 4476 4364
f 4476 4477 4364
f 4364 4477 4475
f 4365 4478 4476
f 4365 4479 4478
f 4368 4479 4366
f 4366 4479 4365
f 4367 4480 4368
f 4370 4480 4367
f 4480 4481 4368
f 4368 4481 4479
f 4479 4481 4478
f 4369 4482 4370
f 4374 4482 4369
f 4370 4483 4480
f 4482 4483 4370
f 4371 4484 4374
f 4371 4485 4484
f 4372 4485 4371
f 4372 4486 4485
f 4373 4486 4372
f 4375 4487 4373
f 4373 4487 4486
f 4376 4487 4375
f 4374 4488 4482
f 4484 4488 4374
f 4376 4489 4487
f 4377 4489 4376
f 4377 4490 4489
f 4378 4490 4377
f 4378 4491 4490
f 4379 4492 4378
f 4378 4492 4491
f 4381 4492 4379
f 4385 4493 4380
f 4380 4493 4384
f 4381 4494 4492
f 4382 4494 4381
f 4382 4495 4494
f 4383 4495 4382
f 4383 4496 4495
f 4384 4496 4383
f 4493 4497 4384
f 4384 4497 4496
f 4385 4498 4493
f 4386 4498 4385
f 4386 4499 4498
f 4387 4499 4386
f 4387 4500 4499
f 4388 4500 4387
f 4388 4501 4500
f 4388 4502 4501
f 4389 4502 4388
f 4389 4503 4502
f 4394 4503 4389
f 4392 4504 4391
f 4504 4505 4391
f 4391 4505 4394
f 4394 4505 4503
f 4392 4506 4504
f 4393 4506 4392
f 4402 4506 4393
f 4395 4507 4398
f 4395 4508 4507
f 4396 4508 4395
f 4396 4509 4508
f 4397 4509 4396
f 4397 4510 4509
f 4475 4510 4404
f 4404 4510 4399
f 4399 4510 4397
f 4398 4511 4401
f 4507 4511 4398
f 4400 4512 4403
f 4400 4513 4512
f 4401 4513 4400
f 4511 4513 4401
f 4402 4514 4506
f 4402 4515 4514
f 4512 4515 4403
f 4403 4515 4402
f 4406 4516 4422
f 4406 4517 4516
f 4407 4517 4406
f 4410 4518 4407
f 4407 4518 4517
f 4408 4519 4410
f 4410 4519 4518
f 4408 4520 4519
f 4409 4520 4408
f 4409 4521 4520
f 4412 4521 4411
f 4411 4521 4409
f 4413 4522 4412
f 4412 4523 4521
f 4522 4523 4412
f 4413 4524 4522
f 4415 4524 4414
f 4414 4524 4413
f 4416 4525 4415
f 4415 4526 4524
f 4525 4526 4415
f 4416 4527 4525
f 4417 4527 4416
f 4417 4528 4527
f 4428 4528 4417
f 4418 4529 4423
f 4418 4530 4529
f 4419 4530 4418
f 4420 4530 4419
f 4421 4531 4420
f 4531 4532 4420
f 4420 4532 4530
f 4422 4533 4421
f 4421 4533 4531
f 4516 4533 4422
f 4529 4534 4423
f 4423 4534 4425
f 4424 4535 4426
f 4425 4535 4424
f 4534 4536 4425
f 4425 4536 4535
f 4426 4537 4427
f 4535 4537 4426
f 4427 4538 4436
f 4436 4538 4466
f 4537 4538 4427
f 4428 4539 4528
f 4428 4540 4539
f 4429 4540 4428
f 4429 4541 4540
f 4431 4541 4430
f 4430 4541 4429
f 4431 4542 4541
f 4432 4542 4431
f 4432 4543 4542
f 4432 4544 4543
f 4433 4544 4432
f 4433 4545 4544
f 4437 4545 4433
f 4448 4545 4437
f 4440 4546 4438
f 4438 4546 4445
f 4439 4547 4440
f 4446 4547 4439
f 4440 4548 4546
f 4547 4548 4440
f 4441 4549 4452
f 4443 4549 4442
f 4442 4549 4441
f 4443 4550 4549
f 4444 4551 4443
f 4443 4551 4550
f 4445 4551 4444
f 4445 4552 4551
f 4546 4552 4445
f 4446 4553 4547
f 4547 4553 4548
f 4457 4553 4446
f 4447 4554 4448
f 4449 4554 4447
f 4448 4555 4545
f 4554 4555 4448
f 4449 4556 4554
f 4449 4557 4556
f 4450 4557 4449
f 4450 4558 4557
f 4451 4558 4450
f 4451 4559 4558
f 4451 4560 4559
f 4549 4560 4452
f 4452 4560 4451
f 4454 4561 4453
f 4453 4561 4456
f 4454 4562 4561
f 4454 4563 4562
f 4538 4563 4466
f 4466 4563 4455
f 4455 4563 4454
f 4561 4564 4456
f 4564 4565 4456
f 4456 4565 4457
f 4457 4565 4553
f 4462 4566 4474
f 4474 4566 4473
f 4464 4566 4462
f 4463 4567 4464
f 4465 4567 4463
f 4464 4568 4566
f 4566 4568 4473
f 4464 4569 4568
f 4567 4569 4464
f 4465 4570 4567
f 4567 4570 4569
f 4468 4572 4571
f 4469 4572 4468
f 4470 4572 4469
f 4470 4573 4572
f 4472 4573 4470
f 4473 4574 4471
f 4471 4574 4472
f 4568 4574 4473
f 4472 4575 4573
f 4574 4575 4472
f 4475 4576 4510
f 4477 4576 4475
f 4510 4576 4509
f 4476 4577 4477
f 4477 4577 4576
f 4476 4578 4577
f 4478 4578 4476
f 4478 4579 4578
f 4481 4579 4478
f 4480 4580 4481
f 4481 4580 4579
f 4483 4580 4480
f 4482 4581 4483
f 4488 4581 4482
f 4483 4582 4580
f 4581 4582 4483
f 4484 4583 4488
f 4484 4584 4583
f 4485 4584 4484
f 4486 4585 4485
f 4485 4585 4584
f 4486 4586 4585
f 4487 4586 4486
f 4487 4587 4586
f 4489 4587 4487
f 4583 4588 4488
f 4488 4588 4581
f 4489 4589 4587
f 4490 4589 4489
f 4490 4590 4589
f 4491 4590 4490
f 4491 4591 4590
f 4492 4591 4491
f 4492 4592 4591
f 4494 4592 4492
f 4493 4593 4497
f 4498 4593 4493
f 4494 4594 4592
f 4495 4594 4494
f 4495 4595 4594
f 4496 4595 4495
f 4496 4596 4595
f 4497 4596 4496
f 4497 4597 4596
f 4593 4597 4497
f 4499 4598 4498
f 4598 4599 4498
f 4498 4599 4593
f 4499 4600 4598
f 4501 4600 4500
f 4500 4600 4499
f 4502 4601 4501
f 4601 4602 4501
f 4501 4602 4600
f 4502 4603 4601
f 4503 4603 4502
f 4503 4604 4603
f 4505 4604 4503
f 4514 4605 4506
f 4506 4605 4504
f 4605 4606 4504
f 4606 4607 4504
f 4504 4607 4505
f 4505 4607 4604
f 4507 4608 4511
f 4507 4609 4608
f 4508 4609 4507
f 4508 4610 4609
f 4576 4610 4509
f 4509 4610 4508
f 4511 4611 4513
f 4608 4611 4511
f 4512 4612 4515
f 4512 4613 4612
f 4611 4613 4513
f 4513 4613 4512
f 4514 4614 4605
f 4605 4614 4606
f 4514 4615 4614
f 4612 4615 4515
f 4515 4615 4514
f 4516 4616 4533
f 4516 4617 4616
f 4517 4617 4516
f 4517 4618 4617
f 4518 4618 4517
f 4518 4619 4618
f 4518 4620 4619
f 4519 4620 4518
f 4519 4621 4620
f 4520 4621 4519
f 4521 4622 4520
f 4520 4622 4621
f 4523 4622 4521
f 4524 4623 4522
f 4526 4623 4524
f 4623 4624 4522
f 4522 4624 4523
f 4523 4625 4622
f 4624 4625 4523
f 4525 4626 4526
f 4527 4626 4525
f 4626 4627 4526
f 4526 4627 4623
f 4527 4628 4626
f 4528 4628 4527
f 4528 4629 4628
f 4539 4629 4528
f 4529 4630 4534
f 4529 4631 4630
f 4532 4631 4530
f 4530 4631 4529
f 4531 4632 4532
f 4533 4633 4531
f 4531 4633 4632
f 4616 4633 4533
f 4532 4634 4631
f 4632 4634 4532
f 4534 4635 4536
f 4630 4635 4534
f 4535 4636 4537
f 4536 4636 4535
f 4536 4637 4636
f 4635 4637 4536
f 4537 4638 4538
f 4538 4638 4563
f 4563 4638 4562
f 4636 4638 4537
f 4539 4639 4629
f 4539 4640 4639
f 4540 4640 4539
f 4540 4641 4640
f 4542 4641 4541
f 4541 4641 4540
f 4543 4642 4542
f 4542 4642 4641
f 4543 4643 4642
f 4543 4644 4643
f 4544 4644 4543
f 4545 4645 4544
f 4544 4645 4644
f 4555 4645 4545
f 4546 4646 4552
f 4548 4646 4546
f 4565 4647 4553
f 4553 4647 4548
f 4647 4648 4548
f 4548 4648 4646
f 4549 4649 4560
f 4550 4649 4549
f 4551 4650 4550
f 4550 4651 4649
f 4650 4651 4550
f 4551 4652 4650
f 4552 4652 4551
f 4552 4653 4652
f 4646 4653 4552
f 4554 4654 4555
f 4555 4654 4645
f 4556 4655 4554
f 4554 4655 4654
f 4556 4656 4655
f 4557 4656 4556
f 4557 4657 4656
f 4558 4657 4557
f 4558 4658 4657
f 4559 4658 4558
f 4559 4659 4658
f 4559 4660 4659
f 4651 4660 4649
f 4560 4660 4559
f 4649 4660 4560
f 4561 4661 4564
f 4562 4661 4561
f 4562 4662 4661
f 4636 4662 4638
f 4638 4662 4562
f 4637 4662 4636
f 4564 4663 4565
f 4565 4663 4647
f 4564 4664 4663
f 4661 4664 4564
f 4568 4665 4574
f 4574 4665 4575
f 4569 4665 4568
f 4570 4666 4569
f 4569 4666 4665
f 4570 4667 4666
f 4573 4668 4572
f 4572 4668 4571
f 4668 4669 4571
f 4573 4670 4668
f 4575 4670 4573
f 4665 4671 4575
f 4575 4671 4670
f 4666 4671 4665
f 4576 4672 4610
f 4577 4672 4576
f 4577 4673 4672
f 4578 4673 4577
f 4578 4674 4673
f 4579 4674 4578
f 4579 4675 4674
f 4582 4675 4580
f 4580 4675 4579
f 4581 4676 4582
f 4588 4676 4581
f 4676 4677 4582
f 4677 4678 4582
f 4582 4678 4675
f 4583 4679 4588
f 4583 4680 4679
f 4585 4680 4584
f 4584 4680 4583
f 4585 4681 4680
f 4585 4682 4681
f 4587 4682 4586
f 4586 4682 4585
f 4589 4683 4587
f 4587 4683 4682
f 4588 4684 4676
f 4676 4684 4677
f 4588 4685 4684
f 4679 4685 4588
f 4590 4686 4589
f 4589 4687 4683
f 4686 4687 4589
f 4590 4688 4686
f 4591 4688 4590
f 4591 4689 4688
f 4592 4689 4591
f 4594 4690 4592
f 4592 4690 4689
f 4593 4691 4597
f 4599 4691 4593
f 4594 4692 4690
f 4595 4692 4594
f 4595 4693 4692
f 4595 4694 4693
f 4597 4694 4596
f 4596 4694 4595
f 4691 4695 4597
f 4597 4695 4694
f 4600 4696 4598
f 4602 4696 4600
f 4696 4697 4598
f 4598 4697 4599
f 4599 4697 4691
f 4601 4698 4602
f 4601 4699 4698
f 4603 4699 4601
f 4602 4700 4696
f 4698 4700 4602
f 4603 4701 4699
f 4604 4701 4603
f 4604 4702 4701
f 4607 4702 4604
f 4606 4703 4607
f 4607 4703 4702
f 4606 4704 4703
f 4614 4704 4606
f 4608 4705 4611
f 4608 4706 4705
f 4609 4706 4608
f 4609 4707 4706
f 4672 4707 4610
f 4610 4707 4609
f 4611 4708 4613
f 4705 4708 4611
f 4612 4709 4615
f 4612 4710 4709
f 4613 4710 4612
f 4613 4711 4710
f 4708 4711 4613
f 4614 4712 4704
f 4709 4712 4615
f 4615 4712 4614
f 4616 4713 4633
f 4616 4714 4713
f 4617 4714 4616
f 4617 4715 4714
f 4618 4715 4617
f 4618 4716 4715
f 4619 4716 4618
f 4619 4717 4716
f 4619 4718 4717
f 4620 4718 4619
f 4620 4719 4718
f 4621 4719 4620
f 4621 4720 4719
f 4625 4720 4622
f 4622 4720 4621
f 4623 4721 4624
f 4627 4721 4623
f 4624 4722 4625
f 4721 4722 4624
f 4625 4723 4720
f 4722 4723 4625
f 4626 4724 4627
f 4626 4725 4724
f 4628 4725 4626
f 4627 4726 4721
f 4724 4726 4627
f 4629 4727 4628
f 4628 4727 4725
f 4629 4728 4727
f 4639 4728 4629
f 4631 4729 4630
f 4634 4729 4631
f 4729 4730 4630
f 4630 4730 4635
f 4632 4731 4634
f 4632 4732 4731
f 4713 4732 4633
f 4633 4732 4632
f 4634 4733 4729
f 4731 4733 4634
f 4730 4734 4635
f 4635 4734 4637
f 4637 4735 4662
f 4662 4735 4661
f 4661 4735 4664
f 4734 4735 4637
f 4639 4736 4728
f 4639 4737 4736
f 4640 4737 4639
f 4640 4738 4737
f 4642 4738 4641
f 4641 4738 4640
f 4642 4739 4738
f 4643 4739 4642
f 4643 4740 4739
f 4643 4741 4740
f 4644 4741 4643
f 4645 4742 4644
f 4644 4742 4741
f 4654 4742 4645
f 4646 4743 4653
f 4648 4743 4646
f 4663 4744 4647
f 4647 4744 4648
f 4744 4745 4648
f 4648 4745 4743
f 4650 4746 4651
f 4652 4746 4650
f 4651 4747 4660
f 4660 4747 4659
f 4651 4748 4747
f 4746 4748 4651
f 4653 4749 4652
f 4652 4749 4746
f 4653 4750 4749
f 4743 4750 4653
f 4654 4751 4742
f 4655 4751 4654
f 4655 4752 4751
f 4655 4753 4752
f 4656 4753 4655
f 4657 4754 4656
f 4656 4754 4753
f 4657 4755 4754
f 4658 4755 4657
f 4658 4756 4755
f 4659 4756 4658
f 4659 4757 4756
f 4747 4757 4659
f 4663 4758 4744
f 4664 4758 4663
f 4664 4759 4758
f 4734 4759 4735
f 4735 4759 4664
f 4666 4760 4671
f 4671 4760 4670
f 4667 4760 4666
f 4667 4761 4760
f 4668 4762 4669
f 4760 4762 4670
f 4670 4762 4668
f 4762 4763 4669
f 4672 4764 4707
f 4673 4764 4672
f 4673 4765 4764
f 4674 4765 4673
f 4674 4766 4765
f 4678 4766 4675
f 4675 4766 4674
f 4677 4767 4678
f 4677 4768 4767
f 4684 4768 4677
f 4678 4769 4766
f 4767 4769 4678
f 4679 4770 4685
f 4679 4771 4770
f 4681 4771 4680
f 4680 4771 4679
f 4681 4772 4771
f 4681 4773 4772
f 4687 4773 4683
f 4683 4773 4682
f 4682 4773 4681
f 4684 4774 4768
f 4685 4774 4684
f 4685 4775 4774
f 4770 4775 4685
f 4686 4776 4687
f 4686 4777 4776
f 4688 4777 4686
f 4687 4778 4773
f 4776 4778 4687
f 4688 4779 4777
f 4689 4779 4688
f 4689 4780 4779
f 4690 4780 4689
f 4690 4781 4780
f 4692 4781 4690
f 4691 4782 4695
f 4691 4783 4782
f 4697 4783 4691
f 4693 4784 4692
f 4692 4784 4781
f 4695 4785 4694
f 4694 4785 4693
f 4785 4786 4693
f 4693 4786 4784
f 4695 4787 4785
f 4782 4787 4695
f 4696 4788 4697
f 4697 4788 4783
f 4700 4788 4696
f 4698 4789 4700
f 4698 4790 4789
f 4699 4790 4698
f 4699 4791 4790
f 4701 4791 4699
f 4700 4792 4788
f 4789 4792 4700
f 4701 4793 4791
f 4702 4793 4701
f 4702 4794 4793
f 4703 4794 4702
f 4703 4795 4794
f 4704 4795 4703
f 4704 4796 4795
f 4712 4796 4704
f 4705 4797 4708
f 4705 4798 4797
f 4706 4798 4705
f 4707 4799 4706
f 4706 4799 4798
f 4764 4799 4707
f 4708 4800 4711
f 4797 4800 4708
f 4709 4801 4712
f 4709 4802 4801
f 4711 4802 4710
f 4710 4802 4709
f 4711 4803 4802
f 4800 4803 4711
f 4801 4804 4712
f 4712 4804 4796
f 4713 4805 4732
f 4713 4806 4805
f 4714 4806 4713
f 4714 4807 4806
f 4715 4807 4714
f 4715 4808 4807
f 4716 4808 4715
f 4716 4809 4808
f 4717 4809 4716
f 4717 4810 4809
f 4717 4811 4810
f 4719 4811 4718
f 4718 4811 4717
f 4719 4812 4811
f 4723 4812 4720
f 4720 4812 4719
f 4721 4813 4722
f 4726 4813 4721
f 4722 4814 4723
f 4722 4815 4814
f 4813 4815 4722
f 4723 4816 4812
f 4814 4816 4723
f 4724 4817 4726
f 4724 4818 4817
f 4725 4818 4724
f 4725 4819 4818
f 4727 4819 4725
f 4726 4820 4813
f 4817 4820 4726
f 4727 4821 4819
f 4728 4821 4727
f 4736 4822 4728
f 4728 4822 4821
f 4729 4823 4730
f 4733 4823 4729
f 4730 4824 4734
f 4734 4824 4759
f 4823 4824 4730
f 4732 4825 4731
f 4805 4825 4732
f 4825 4826 4731
f 4731 4826 4733
f 4826 4827 4733
f 4733 4827 4823
f 4736 4828 4822
f 4736 4829 4828
f 4737 4829 4736
f 4737 4830 4829
f 4739 4830 4738
f 4738 4830 4737
f 4739 4831 4830
f 4740 4831 4739
f 4740 4832 4831
f 4740 4833 4832
f 4741 4833 4740
f 4741 4834 4833
f 4751 4834 4742
f 4742 4834 4741
f 4743 4835 4750
f 4745 4835 4743
f 4758 4836 4744
f 4744 4836 4745
f 4745 4837 4835
f 4836 4837 4745
f 4746 4838 4748
f 4749 4838 4746
f 4748 4839 4747
f 4747 4839 4757
f 4748 4840 4839
f 4838 4840 4748
f 4750 4841 4749
f 4749 4841 4838
f 4750 4842 4841
f 4835 4842 4750
f 4751 4843 4834
f 4752 4843 4751
f 4752 4844 4843
f 4753 4844 4752
f 4753 4845 4844
f 4754 4845 4753
f 4754 4846 4845
f 4755 4846 4754
f 4755 4847 4846
f 4756 4847 4755
f 4839 4848 4757
f 4757 4848 4756
f 4848 4849 4756
f 4756 4849 4847
f 4758 4850 4836
f 4824 4850 4759
f 4759 4850 4758
f 4760 4851 4762
f 4762 4851 4763
f 4761 4851 4760
f 4764 4852 4799
f 4799 4852 4798
f 4765 4852 4764
f 4765 4853 4852
f 4765 4854 4853
f 4769 4854 4766
f 4766 4854 4765
f 4767 4855 4769
f 4768 4855 4767
f 4768 4856 4855
f 4774 4856 4768
f 4769 4857 4854
f 4854 4857 4853
f 4769 4858 4857
f 4855 4858 4769
f 4770 4859 4775
f 4770 4860 4859
f 4772 4860 4771
f 4771 4860 4770
f 4772 4861 4860
f 4860 4861 4859
f 4772 4862 4861
f 4778 4862 4773
f 4773 4862 4772
f 4774 4863 4856
f 4775 4863 4774
f 4775 4864 4863
f 4859 4864 4775
f 4776 4865 4778
f 4776 4866 4865
f 4777 4866 4776
f 4777 4867 4866
f 4779 4867 4777
f 4778 4868 4862
f 4865 4868 4778
f 4779 4869 4867
f 4780 4869 4779
f 4780 4870 4869
f 4784 4870 4781
f 4781 4870 4780
f 4783 4871 4782
f 4871 4872 4782
f 4782 4872 4787
f 4783 4873 4871
f 4792 4873 4788
f 4788 4873 4783
f 4784 4874 4870
f 4786 4874 4784
f 4785 4875 4786
f 4787 4875 4785
f 4786 4876 4874
f 4875 4876 4786
f 4787 4877 4875
f 4872 4877 4787
f 4789 4878 4792
f 4789 4879 4878
f 4790 4879 4789
f 4791 4880 4790
f 4880 4881 4790
f 4790 4881 4879
f 4791 4882 4880
f 4793 4882 4791
f 4878 4883 4792
f 4792 4883 4873
f 4793 4884 4882
f 4794 4884 4793
f 4794 4885 4884
f 4795 4885 4794
f 4795 4886 4885
f 4796 4886 4795
f 4804 4886 4796
f 4798 4887 4797
f 4797 4888 4800
f 4887 4888 4797
f 4798 4889 4887
f 4853 4889 4852
f 4852 4889 4798
f 4800 4890 4803
f 4888 4890 4800
f 4803 4891 4802
f 4802 4891 4801
f 4891 4892 4801
f 4801 4892 4804
f 4890 4893 4803
f 4893 4894 4803
f 4803 4894 4891
f 4804 4895 4886
f 4892 4895 4804
f 4805 4896 4825
f 4805 4897 4896
f 4806 4897 4805
f 4806 4898 4897
f 4807 4898 4806
f 4807 4899 4898
f 4808 4899 4807
f 4808 4900 4899
f 4809 4900 4808
f 4809 4901 4900
f 4810 4901 4809
f 4810 4902 4901
f 4810 4903 4902
f 4811 4903 4810
f 4811 4904 4903
f 4816 4904 4812
f 4812 4904 4811
f 4820 4905 4813
f 4813 4905 4815
f 4814 4906 4816
f 4814 4907 4906
f 4905 4907 4815
f 4815 4907 4814
f 4816 4908 4904
f 4906 4908 4816
f 4818 4909 4817
f 4909 4910 4817
f 4817 4910 4820
f 4818 4911 4909
f 4821 4911 4819
f 4819 4911 4818
f 4820 4912 4905
f 4910 4912 4820
f 4821 4913 4911
f 4821 4914 4913
f 4822 4914 4821
f 4822 4915 4914
f 4822 4916 4915
f 4828 4916 4822
f 4823 4917 4824
f 4824 4917 4850
f 4827 4917 4823
f 4825 4918 4826
f 4896 4918 4825
f 4826 4919 4827
f 4918 4919 4826
f 4827 4920 4917
f 4919 4920 4827
f 4828 4921 4916
f 4829 4921 4828
f 4829 4922 4921
f 4831 4922 4830
f 4830 4922 4829
f 4831 4923 4922
f 4832 4923 4831
f 4832 4924 4923
f 4833 4924 4832
f 4833 4925 4924
f 4843 4925 4834
f 4834 4925 4833
f 4835 4926 4842
f 4837 4926 4835
f 4836 4927 4837
f 4920 4927 4917
f 4917 4927 4850
f 4850 4927 4836
f 4837 4928 4926
f 4919 4928 4920
f 4920 4928 4927
f 4927 4928 4837
f 4838 4929 4840
f 4841 4929 4838
f 4839 4930 4848
f 4840 4930 4839
f 4840 4931 4930
f 4929 4931 4840
f 4926 4932 4842
f 4842 4932 4841
f 4932 4933 4841
f 4841 4933 4929
f 4844 4934 4843
f 4843 4934 4925
f 4844 4935 4934
f 4844 4936 4935
f 4845 4936 4844
f 4845 4937 4936
f 4846 4937 4845
f 4846 4938 4937
f 4847 4938 4846
f 4847 4939 4938
f 4849 4939 4847
f 4930 4940 4848
f 4848 4940 4849
f 4849 4941 4939
f 4940 4941 4849
f 4853 4942 4889
f 4857 4942 4853
f 4855 4943 4858
f 4856 4943 4855
f 4856 4944 4943
f 4863 4944 4856
f 4857 4945 4942
f 4858 4945 4857
f 4858 4946 4945
f 4943 4946 4858
f 4859 4947 4864
f 4859 4948 4947
f 4861 4948 4859
f 4861 4949 4948
f 4868 4949 4862
f 4862 4949 4861
f 4863 4950 4944
f 4864 4950 4863
f 4864 4951 4950
f 4947 4951 4864
f 4865 4952 4868
f 4865 4953 4952
f 4866 4953 4865
f 4866 4954 4953
f 4867 4954 4866
f 4867 4955 4954
f 4869 4955 4867
f 4868 4956 4949
f 4952 4956 4868
f 4869 4957 4955
f 4874 4957 4870
f 4870 4957 4869
f 4871 4958 4872
f 4871 4959 4958
f 4883 4959 4873
f 4873 4959 4871
f 4958 4960 4872
f 4872 4960 4877
f 4874 4961 4957
f 4876 4961 4874
f 4875 4962 4876
f 4877 4962 4875
f 4876 4963 4961
f 4962 4963 4876
f 4877 4964 4962
f 4960 4964 4877
f 4878 4965 4883
f 4878 4966 4965
f 4881 4966 4879
f 4879 4966 4878
f 4880 4967 4881
f 4880 4968 4967
f 4882 4968 4880
f 4881 4969 4966
f 4967 4969 4881
f 4882 4970 4968
f 4884 4970 4882
f 4883 4971 4959
f 4959 4971 4958
f 4883 4972 4971
f 4965 4972 4883
f 4885 4973 4884
f 4884 4973 4970
f 4885 4974 4973
f 4886 4974 4885
f 4895 4975 4886
f 4886 4975 4974
f 4887 4976 4888
f 4942 4976 4889
f 4889 4976 4887
f 4888 4977 4890
f 4976 4977 4888
f 4890 4978 4893
f 4977 4978 4890
f 4891 4979 4892
f 4894 4979 4891
f 4892 4980 4895
f 4979 4980 4892
f 4978 4981 4893
f 4893 4982 4894
f 4981 4982 4893
f 4894 4982 4979
f 4895 4983 4975
f 4980 4983 4895
f 4896 4984 4918
f 4896 4985 4984
f 4897 4985 4896
f 4897 4986 4985
f 4898 4986 4897
f 4898 4987 4986
f 4899 4987 4898
f 4899 4988 4987
f 4900 4988 4899
f 4900 4989 4988
f 4901 4989 4900
f 4901 4990 4989
f 4902 4990 4901
f 4902 4991 4990
f 4902 4992 4991
f 4908 4992 4904
f 4904 4992 4903
f 4903 4992 4902
f 4905 4993 4907
f 4912 4993 4905
f 4907 4994 4906
f 4993 4994 4907
f 4994 4995 4906
f 4906 4995 4908
f 4908 4996 4992
f 4992 4996 4991
f 4995 4996 4908
f 4909 4997 4910
f 4909 4998 4997
f 4913 4998 4911
f 4911 4998 4909
f 4910 4999 4912
f 4997 4999 4910
f 4912 5000 4993
f 4999 5000 4912
f 4913 5001 4998
f 4913 5002 5001
f 4914 5002 4913
f 4915 5002 4914
f 4916 5003 4915
f 5003 5004 4915
f 4915 5004 5002
f 4916 5005 5003
f 4921 5005 4916
f 4918 5006 4919
f 4984 5006 4918
f 5006 5007 4919
f 4919 5007 4928
f 4928 5007 4926
f 4921 5008 5005
f 4922 5008 4921
f 4922 5009 5008
f 4923 5009 4922
f 4923 5010 5009
f 4923 5011 5010
f 4924 5011 4923
f 4924 5012 5011
f 4925 5012 4924
f 4925 5013 5012
f 4934 5013 4925
f 4926 5014 4932
f 5007 5014 4926
f 4929 5015 4931
f 4933 5015 4929
f 4930 5016 4940
f 4931 5016 4930
f 4931 5017 5016
f 5015 5017 4931
f 4932 5018 4933
f 5014 5018 4932
f 4933 5019 5015
f 5018 5019 4933
f 4934 5020 5013
f 4935 5020 4934
f 4935 5021 5020
f 4936 5021 4935
f 4936 5022 5021
f 4937 5022 4936
f 4937 5023 5022
f 4938 5023 4937
f 4939 5024 4938
f 4938 5024 5023
f 4939 5025 5024
f 4941 5025 4939
f 4940 5026 4941
f 5016 5026 4940
f 4941 5027 5025
f 5026 5027 4941
f 4942 5028 4976
f 4976 5028 4977
f 4945 5028 4942
f 4943 5029 4946
f 4944 5029 4943
f 4944 5030 5029
f 4950 5030 4944
f 4945 5031 5028
f 4946 5031 4945
f 4946 5032 5031
f 5029 5032 4946
f 4947 5033 4951
f 4947 5034 5033
f 4948 5034 4947
f 4948 5035 5034
f 4956 5035 4949
f 4949 5035 4948
f 4950 5036 5030
f 4951 5036 4950
f 5033 5037 4951
f 4951 5037 5036
f 4952 5038 4956
f 4952 5039 5038
f 4953 5039 4952
f 4953 5040 5039
f 4954 5040 4953
f 4955 5041 4954
f 4954 5041 5040
f 4955 5042 5041
f 4955 5043 5042
f 4957 5043 4955
f 4961 5043 4957
f 4956 5044 5035
f 5038 5044 4956
f 4958 5045 4960
f 4971 5045 4958
f 4960 5046 4964
f 5045 5046 4960
f 4961 5047 5043
f 4963 5047 4961
f 4964 5048 4962
f 4962 5048 4963
f 5048 5049 4963
f 4963 5049 5047
f 4964 5050 5048
f 5046 5050 4964
f 4969 5051 4966
f 4966 5051 4965
f 5051 5052 4965
f 4965 5052 4972
f 4968 5053 4967
f 5053 5054 4967
f 4967 5054 4969
f 4970 5055 4968
f 4968 5055 5053
f 4969 5056 5051
f 5054 5056 4969
f 4970 5057 5055
f 4973 5057 4970
f 4971 5058 5045
f 4972 5058 4971
f 4972 5059 5058
f 5052 5059 4972
f 4973 5060 5057
f 4974 5060 4973
f 4975 5060 4974
f 4975 5061 5060
f 4983 5061 4975
f 5028 5062 4977
f 4977 5062 4978
f 4978 5063 4981
f 5062 5063 4978
f 4979 5064 4980
f 4982 5064 4979
f 4980 5065 4983
f 5064 5065 4980
f 5063 5066 4981
f 5066 5067 4981
f 4982 5067 5064
f 4981 5067 4982
f 4983 5068 5061
f 5065 5068 4983
f 4984 5069 5006
f 4984 5070 5069
f 4985 5070 4984
f 4985 5071 5070
f 4986 5071 4985
f 4986 5072 5071
f 4987 5072 4986
f 4987 5073 5072
f 4988 5073 4987
f 4989 5074 4988
f 4988 5074 5073
f 4989 5075 5074
f 4990 5075 4989
f 4990 5076 5075
f 4991 5076 4990
f 4991 5077 5076
f 4996 5077 4991
f 4993 5078 4994
f 5000 5078 4993
f 5078 5079 4994
f 4994 5080 4995
f 5079 5080 4994
f 4995 5080 4996
f 4996 5081 5077
f 5080 5081 4996
f 4997 5082 4999
f 4997 5083 5082
f 5001 5083 4998
f 4998 5083 4997
f 4999 5084 5000
f 5082 5084 4999
f 5000 5085 5078
f 5084 5085 5000
f 5001 5086 5083
f 5001 5087 5086
f 5004 5087 5002
f 5002 5087 5001
f 5003 5088 5004
f 5003 5089 5088
f 5005 5089 5003
f 5004 5090 5087
f 5088 5090 5004
f 5008 5091 5005
f 5005 5091 5089
f 5006 5092 5007
f 5069 5092 5006
f 5007 5092 5014
f 5008 5093 5091
f 5010 5093 5009
f 5009 5093 5008
f 5010 5094 5093
f 5011 5095 5010
f 5010 5095 5094
f 5011 5096 5095
f 5012 5096 5011
f 5012 5097 5096
f 5020 5097 5013
f 5013 5097 5012
f 5092 5098 5014
f 5014 5098 5018
f 5018 5098 5019
f 5015 5099 5017
f 5019 5099 5015
f 5016 5100 5026
f 5017 5100 5016
f 5017 5101 5100
f 5099 5101 5017
f 5019 5102 5099
f 5098 5102 5019
f 5021 5103 5020
f 5103 5104 5020
f 5020 5104 5097
f 5021 5105 5103
f 5022 5105 5021
f 5022 5106 5105
f 5024 5106 5023
f 5023 5106 5022
f 5024 5107 5106
f 5025 5108 5024
f 5024 5108 5107
f 5027 5108 5025
f 5026 5109 5027
f 5100 5109 5026
f 5027 5110 5108
f 5027 5111 5110
f 5109 5111 5027
f 5028 5112 5062
f 5032 5112 5031
f 5031 5112 5028
f 5029 5113 5032
f 5030 5113 5029
f 5030 5114 5113
f 5036 5114 5030
f 5032 5115 5112
f 5113 5115 5032
f 5034 5116 5033
f 5116 5117 5033
f 5033 5117 5037
f 5034 5118 5116
f 5044 5118 5035
f 5035 5118 5034
f 5037 5119 5036
f 5036 5119 5114
f 5037 5120 5119
f 5117 5120 5037
f 5038 5121 5044
f 5038 5122 5121
f 5039 5122 5038
f 5039 5123 5122
f 5040 5123 5039
f 5040 5124 5123
f 5042 5124 5041
f 5041 5124 5040
f 5042 5125 5124
f 5042 5126 5125
f 5047 5126 5043
f 5043 5126 5042
f 5044 5127 5118
f 5121 5127 5044
f 5045 5128 5046
f 5058 5128 5045
f 5046 5129 5050
f 5128 5129 5046
f 5047 5130 5126
f 5049 5130 5047
f 5048 5131 5049
f 5050 5131 5048
f 5049 5132 5130
f 5131 5132 5049
f 5050 5133 5131
f 5129 5133 5050
f 5051 5134 5052
f 5056 5134 5051
f 5052 5135 5059
f 5134 5135 5052
f 5055 5136 5053
f 5136 5137 5053
f 5053 5137 5054
f 5054 5138 5056
f 5137 5138 5054
f 5055 5139 5136
f 5060 5139 5057
f 5057 5139 5055
f 5138 5140 5056
f 5056 5140 5134
f 5059 5141 5058
f 5058 5141 5128
f 5135 5142 5059
f 5059 5142 5141
f 5060 5143 5139
f 5061 5143 5060
f 5061 5144 5143
f 5068 5144 5061
f 5062 5145 5063
f 5115 5145 5112
f 5112 5145 5062
f 5063 5146 5066
f 5145 5146 5063
f 5064 5147 5065
f 5067 5147 5064
f 5065 5148 5068
f 5147 5148 5065
f 5066 5149 5067
f 5067 5149 5147
f 5066 5150 5149
f 5146 5150 5066
f 5148 5151 5068
f 5068 5151 5144
f 5069 5152 5092
f 5092 5152 5098
f 5098 5152 5102
f 5069 5153 5152
f 5071 5153 5070
f 5070 5153 5069
f 5071 5154 5153
f 5071 5155 5154
f 5072 5155 5071
f 5072 5156 5155
f 5073 5156 5072
f 5073 5157 5156
f 5074 5157 5073
f 5074 5158 5157
f 5075 5158 5074
f 5075 5159 5158
f 5076 5159 5075
f 5077 5160 5076
f 5076 5160 5159
f 5077 5161 5160
f 5081 5161 5077
f 5078 5162 5079
f 5085 5162 5078
f 5079 5163 5080
f 5080 5163 5081
f 5079 5164 5163
f 5162 5164 5079
f 5081 5165 5161
f 5163 5165 5081
f 5082 5166 5084
f 5083 5167 5082
f 5082 5167 5166
f 5086 5167 5083
f 5084 5168 5085
f 5166 5168 5084
f 5085 5169 5162
f 5168 5169 5085
f 5086 5170 5167
f 5086 5171 5170
f 5087 5171 5086
f 5087 5172 5171
f 5090 5172 5087
f 5088 5173 5090
f 5088 5174 5173
f 5089 5174 5088
f 5089 5175 5174
f 5091 5175 5089
f 5090 5176 5172
f 5173 5176 5090
f 5091 5177 5175
f 5094 5177 5093
f 5093 5177 5091
f 5094 5178 5177
f 5094 5179 5178
f 5095 5179 5094
f 5096 5180 5095
f 5095 5180 5179
f 5096 5181 5180
f 5104 5181 5097
f 5097 5181 5096
f 5099 5182 5101
f 5102 5182 5099
f 5100 5183 5109
f 5101 5183 5100
f 5101 5184 5183
f 5182 5184 5101
f 5102 5185 5182
f 5153 5185 5152
f 5154 5185 5153
f 5152 5185 5102
f 5105 5186 5103
f 5186 5187 5103
f 5103 5187 5104
f 5104 5188 5181
f 5187 5188 5104
f 5105 5189 5186
f 5107 5189 5106
f 5106 5189 5105
f 5108 5190 5107
f 5110 5190 5108
f 5190 5191 5107
f 5107 5191 5189
f 5109 5192 5111
f 5183 5192 5109
f 5110 5193 5190
f 5110 5194 5193
f 5111 5194 5110
f 5111 5195 5194
f 5192 5195 5111
f 5113 5196 5115
f 5113 5197 5196
f 5114 5197 5113
f 5114 5198 5197
f 5119 5198 5114
f 5196 5199 5115
f 5115 5199 5145
f 5145 5199 5146
f 5116 5200 5117
f 5127 5200 5118
f 5118 5200 5116
f 5200 5201 5117
f 5117 5201 5120
f 5119 5202 5198
f 5120 5202 5119
f 5120 5203 5202
f 5201 5203 5120
f 5122 5204 5121
f 5204 5205 5121
f 5121 5205 5127
f 5122 5206 5204
f 5123 5206 5122
f 5123 5207 5206
f 5124 5207 5123
f 5125 5207 5124
f 5125 5208 5207
f 5125 5209 5208
f 5126 5209 5125
f 5126 5210 5209
f 5130 5210 5126
f 5127 5211 5200
f 5205 5211 5127
f 5141 5212 5128
f 5128 5212 5129
f 5129 5213 5133
f 5212 5213 5129
f 5130 5214 5210
f 5132 5214 5130
f 5131 5215 5132
f 5133 5215 5131
f 5132 5216 5214
f 5215 5216 5132
f 5133 5217 5215
f 5213 5217 5133
f 5134 5218 5135
f 5140 5218 5134
f 5135 5219 5142
f 5218 5219 5135
f 5136 5220 5137
f 5136 5221 5220
f 5139 5221 5136
f 5137 5222 5138
f 5220 5222 5137
f 5138 5223 5140
f 5222 5223 5138
f 5139 5224 5221
f 5143 5224 5139
f 5140 5225 5218
f 5223 5225 5140
f 5141 5226 5212
f 5142 5226 5141
f 5142 5227 5226
f 5142 5228 5227
f 5219 5228 5142
f 5143 5229 5224
f 5144 5229 5143
f 5144 5230 5229
f 5151 5230 5144
f 5146 5231 5150
f 5199 5231 5146
f 5147 5232 5148
f 5149 5232 5147
f 5148 5233 5151
f 5232 5233 5148
f 5149 5234 5232
f 5149 5235 5234
f 5231 5235 5150
f 5150 5235 5149
f 5151 5236 5230
f 5233 5236 5151
f 5155 5237 5154
f 5237 5238 5154
f 5154 5238 5185
f 5155 5239 5237
f 5156 5239 5155
f 5157 5240 5156
f 5156 5240 5239
f 5157 5241 5240
f 5158 5241 5157
f 5158 5242 5241
f 5159 5242 5158
f 5159 5243 5242
f 5160 5243 5159
f 5160 5244 5243
f 5161 5244 5160
f 5161 5245 5244
f 5165 5245 5161
f 5162 5246 5164
f 5169 5246 5162
f 5163 5247 5165
f 5164 5247 5163
f 5164 5248 5247
f 5246 5248 5164
f 5165 5249 5245
f 5248 5249 5247
f 5247 5249 5165
f 5170 5250 5167
f 5167 5250 5166
f 5250 5251 5166
f 5166 5251 5168
f 5168 5252 5169
f 5251 5252 5168
f 5169 5253 5246
f 5252 5253 5169
f 5170 5254 5250
f 5171 5255 5170
f 5170 5255 5254
f 5172 5256 5171
f 5171 5256 5255
f 5176 5256 5172
f 5174 5257 5173
f 5173 5258 5176
f 5257 5258 5173
f 5175 5259 5174
f 5174 5259 5257
f 5175 5260 5259
f 5178 5260 5177
f 5177 5260 5175
f 5176 5261 5256
f 5258 5261 5176
f 5179 5262 5178
f 5262 5263 5178
f 5178 5263 5260
f 5179 5264 5262
f 5180 5264 5179
f 5180 5265 5264
f 5181 5265 5180
f 5188 5265 5181
f 5182 5266 5184
f 5238 5266 5185
f 5185 5266 5182
f 5183 5267 5192
f 5184 5267 5183
f 5184 5268 5267
f 5184 5269 5268
f 5238 5269 5266
f 5266 5269 5184
f 5186 5270 5187
f 5186 5271 5270
f 5191 5271 5189
f 5189 5271 5186
f 5187 5272 5188
f 5270 5272 5187
f 5188 5273 5265
f 5272 5273 5188
f 5190 5274 5191
f 5193 5274 5190
f 5191 5275 5271
f 5274 5275 5191
f 5192 5276 5195
f 5268 5276 5267
f 5267 5276 5192
f 5193 5277 5274
f 5193 5278 5277
f 5194 5278 5193
f 5195 5278 5194
f 5195 5279 5278
f 5195 5280 5279
f 5276 5280 5195
f 5197 5281 5196
f 5198 5281 5197
f 5281 5282 5196
f 5196 5282 5199
f 5199 5282 5231
f 5198 5283 5281
f 5198 5284 5283
f 5202 5284 5198
f 5200 5285 5201
f 5211 5285 5200
f 5201 5286 5203
f 5285 5286 5201
f 5202 5287 5284
f 5203 5287 5202
f 5203 5288 5287
f 5286 5288 5203
f 5204 5289 5205
f 5204 5290 5289
f 5206 5290 5204
f 5205 5291 5211
f 5211 5291 5285
f 5289 5292 5205
f 5205 5292 5291
f 5207 5293 5206
f 5208 5293 5207
f 5206 5293 5290
f 5208 5294 5293
f 5208 5295 5294
f 5210 5295 5209
f 5209 5295 5208
f 5210 5296 5295
f 5214 5296 5210
f 5212 5297 5213
f 5226 5297 5212
f 5297 5298 5213
f 5213 5298 5217
f 5214 5299 5296
f 5216 5299 5214
f 5215 5300 5216
f 5217 5300 5215
f 5216 5301 5299
f 5216 5302 5301
f 5300 5302 5216
f 5217 5303 5300
f 5300 5303 5302
f 5298 5303 5217
f 5218 5304 5219
f 5219 5304 5228
f 5225 5304 5218
f 5220 5305 5222
f 5221 5306 5220
f 5220 5306 5305
f 5221 5307 5306
f 5229 5307 5224
f 5224 5307 5221
f 5222 5308 5223
f 5305 5308 5222
f 5308 5309 5223
f 5223 5309 5225
f 5225 5310 5304
f 5309 5310 5225
f 5226 5311 5297
f 5227 5311 5226
f 5228 5312 5227
f 5227 5313 5311
f 5312 5313 5227
f 5228 5314 5312
f 5310 5314 5304
f 5304 5314 5228
f 5229 5315 5307
f 5230 5315 5229
f 5230 5316 5315
f 5236 5316 5230
f 5282 5317 5231
f 5317 5318 5231
f 5231 5318 5235
f 5232 5319 5233
f 5234 5319 5232
f 5233 5320 5236
f 5319 5320 5233
f 5234 5321 5319
f 5235 5322 5234
f 5234 5322 5321
f 5318 5322 5235
f 5236 5323 5316
f 5320 5323 5236
f 5237 5324 5238
f 5238 5324 5269
f 5237 5325 5324
f 5240 5325 5239
f 5239 5325 5237
f 5241 5326 5240
f 5326 5327 5240
f 5240 5327 5325
f 5241 5328 5326
f 5242 5328 5241
f 5242 5329 5328
f 5243 5329 5242
f 5243 5330 5329
f 5244 5330 5243
f 5244 5331 5330
f 5245 5331 5244
f 5245 5332 5331
f 5249 5332 5245
f 5246 5333 5248
f 5253 5333 5246
f 5248 5334 5249
f 5249 5334 5332
f 5248 5335 5334
f 5333 5335 5248
f 5250 5336 5251
f 5254 5336 5250
f 5251 5337 5252
f 5336 5337 5251
f 5252 5338 5253
f 5337 5338 5252
f 5253 5339 5333
f 5338 5339 5253
f 5254 5340 5336
f 5254 5341 5340
f 5255 5341 5254
f 5255 5342 5341
f 5261 5342 5256
f 5256 5342 5255
f 5257 5343 5258
f 5257 5344 5343
f 5259 5344 5257
f 5258 5345 5261
f 5343 5345 5258
f 5259 5346 5344
f 5263 5346 5260
f 5260 5346 5259
f 5261 5347 5342
f 5261 5348 5347
f 5345 5348 5261
f 5262 5349 5263
f 5262 5350 5349
f 5264 5350 5262
f 5263 5351 5346
f 5263 5352 5351
f 5349 5352 5263
f 5264 5353 5350
f 5265 5353 5264
f 5273 5353 5265
f 5268 5354 5276
f 5276 5354 5280
f 5268 5355 5354
f 5324 5355 5269
f 5269 5355 5268
f 5270 5356 5272
f 5270 5357 5356
f 5275 5357 5271
f 5271 5357 5270
f 5356 5358 5272
f 5272 5358 5273
f 5273 5359 5353
f 5353 5359 5350
f 5273 5360 5359
f 5358 5360 5273
f 5274 5361 5275
f 5277 5361 5274
f 5275 5362 5357
f 5361 5362 5275
f 5277 5363 5361
f 5277 5364 5363
f 5278 5364 5277
f 5278 5365 5364
f 5279 5365 5278
f 5280 5366 5279
f 5279 5366 5365
f 5280 5367 5366
f 5354 5367 5280
f 5281 5368 5282
f 5282 5368 5317
f 5283 5368 5281
f 5283 5369 5368
f 5283 5370 5369
f 5287 5370 5284
f 5284 5370 5283
f 5285 5371 5286
f 5291 5371 5285
f 5286 5372 5288
f 5371 5372 5286
f 5288 5373 5287
f 5287 5373 5370
f 5288 5374 5373
f 5372 5374 5288
f 5290 5375 5289
f 5375 5376 5289
f 5289 5376 5292
f 5290 5377 5375
f 5294 5377 5293
f 5293 5377 5290
f 5291 5378 5371
f 5292 5378 5291
f 5376 5379 5292
f 5292 5379 5378
f 5294 5380 5377
f 5294 5381 5380
f 5296 5381 5295
f 5295 5381 5294
f 5296 5382 5381
f 5299 5382 5296
f 5297 5383 5298
f 5311 5383 5297
f 5298 5384 5303
f 5383 5384 5298
f 5299 5385 5382
f 5301 5385 5299
f 5301 5386 5385
f 5301 5387 5386
f 5302 5387 5301
f 5302 5388 5387
f 5384 5388 5303
f 5303 5388 5302
f 5306 5389 5305
f 5389 5390 5305
f 5305 5390 5308
f 5308 5390 5309
f 5307 5391 5306
f 5306 5391 5389
f 5307 5392 5391
f 5315 5392 5307
f 5309 5393 5310
f 5309 5394 5393
f 5390 5394 5309
f 5310 5395 5314
f 5393 5395 5310
f 5311 5396 5383
f 5313 5396 5311
f 5312 5397 5313
f 5312 5398 5397
f 5395 5398 5314
f 5314 5398 5312
f 5313 5399 5396
f 5397 5399 5313
f 5315 5400 5392
f 5316 5400 5315
f 5323 5401 5316
f 5316 5401 5400
f 5317 5402 5318
f 5369 5402 5368
f 5368 5402 5317
f 5318 5403 5322
f 5402 5403 5318
f 5319 5404 5320
f 5321 5404 5319
f 5320 5405 5323
f 5404 5405 5320
f 5403 5406 5322
f 5322 5406 5321
f 5406 5407 5321
f 5321 5407 5404
f 5323 5408 5401
f 5405 5408 5323
f 5324 5409 5355
f 5327 5409 5325
f 5325 5409 5324
f 5326 5410 5327
f 5326 5411 5410
f 5329 5411 5328
f 5328 5411 5326
f 5327 5412 5409
f 5410 5412 5327
f 5330 5413 5329
f 5413 5414 5329
f 5329 5414 5411
f 5331 5415 5330
f 5330 5415 5413
f 5331 5416 5415
f 5332 5416 5331
f 5334 5417 5332
f 5332 5417 5416
f 5339 5418 5333
f 5333 5418 5335
f 5334 5419 5417
f 5418 5419 5335
f 5335 5419 5334
f 5340 5420 5336
f 5336 5420 5337
f 5337 5421 5338
f 5420 5421 5337
f 5338 5422 5339
f 5421 5422 5338
f 5339 5423 5418
f 5422 5423 5339
f 5340 5424 5420
f 5340 5425 5424
f 5341 5425 5340
f 5341 5426 5425
f 5342 5426 5341
f 5347 5426 5342
f 5343 5427 5345
f 5343 5428 5427
f 5344 5428 5343
f 5344 5429 5428
f 5351 5429 5346
f 5346 5429 5344
f 5345 5430 5348
f 5427 5430 5345
f 5347 5431 5426
f 5347 5432 5431
f 5348 5432 5347
f 5348 5433 5432
f 5430 5433 5348
f 5349 5434 5352
f 5349 5435 5434
f 5359 5435 5350
f 5350 5435 5349
f 5351 5436 5429
f 5351 5437 5436
f 5434 5437 5352
f 5352 5437 5351
f 5354 5438 5367
f 5412 5438 5409
f 5409 5438 5355
f 5355 5438 5354
f 5356 5439 5358
f 5356 5440 5439
f 5356 5441 5440
f 5357 5441 5356
f 5362 5441 5357
f 5358 5442 5360
f 5439 5442 5358
f 5359 5443 5435
f 5360 5443 5359
f 5442 5444 5360
f 5360 5444 5443
f 5361 5445 5362
f 5363 5445 5361
f 5362 5446 5441
f 5441 5446 5440
f 5445 5446 5362
f 5363 5447 5445
f 5363 5448 5447
f 5364 5448 5363
f 5365 5449 5364
f 5364 5449 5448
f 5365 5450 5449
f 5366 5450 5365
f 5366 5451 5450
f 5367 5451 5366
f 5367 5452 5451
f 5412 5452 5438
f 5438 5452 5367
f 5369 5453 5402
f 5369 5454 5453
f 5373 5454 5370
f 5370 5454 5369
f 5371 5455 5372
f 5378 5456 5371
f 5371 5456 5455
f 5379 5456 5378
f 5372 5457 5374
f 5455 5457 5372
f 5373 5458 5454
f 5374 5458 5373
f 5457 5459 5374
f 5374 5459 5458
f 5377 5460 5375
f 5380 5460 5377
f 5460 5461 5375
f 5375 5461 5376
f 5376 5462 5379
f 5461 5462 5376
f 5379 5463 5456
f 5462 5463 5379
f 5380 5464 5460
f 5380 5465 5464
f 5380 5466 5465
f 5385 5466 5382
f 5382 5466 5381
f 5381 5466 5380
f 5383 5467 5384
f 5396 5467 5383
f 5384 5468 5388
f 5467 5468 5384
f 5385 5469 5466
f 5466 5469 5465
f 5385 5470 5469
f 5386 5470 5385
f 5386 5471 5470
f 5386 5472 5471
f 5388 5472 5387
f 5387 5472 5386
f 5388 5473 5472
f 5468 5473 5388
f 5389 5474 5390
f 5390 5474 5394
f 5389 5475 5474
f 5391 5475 5389
f 5392 5476 5391
f 5391 5476 5475
f 5392 5477 5476
f 5401 5477 5400
f 5400 5477 5392
f 5394 5478 5393
f 5393 5479 5395
f 5478 5479 5393
f 5394 5480 5478
f 5474 5480 5394
f 5395 5481 5398
f 5479 5481 5395
f 5399 5482 5396
f 5396 5482 5467
f 5397 5483 5399
f 5397 5484 5483
f 5481 5484 5398
f 5398 5484 5397
f 5399 5485 5482
f 5483 5485 5399
f 5401 5486 5477
f 5401 5487 5486
f 5408 5487 5401
f 5402 5488 5403
f 5453 5488 5402
f 5403 5489 5406
f 5488 5489 5403
f 5404 5490 5405
f 5407 5490 5404
f 5490 5491 5405
f 5405 5491 5408
f 5408 5491 5487
f 5406 5492 5407
f 5489 5492 5406
f 5407 5493 5490
f 5492 5493 5407
f 5414 5494 5411
f 5411 5494 5410
f 5494 5495 5410
f 5410 5495 5412
f 5412 5495 5452
f 5413 5496 5414
f 5415 5496 5413
f 5414 5497 5494
f 5496 5497 5414
f 5415 5498 5496
f 5415 5499 5498
f 5416 5499 5415
f 5416 5500 5499
f 5417 5500 5416
f 5417 5501 5500
f 5419 5501 5417
f 5418 5502 5419
f 5423 5502 5418
f 5419 5503 5501
f 5502 5503 5419
f 5420 5504 5421
f 5424 5504 5420
f 5421 5505 5422
f 5504 5505 5421
f 5422 5506 5423
f 5505 5506 5422
f 5506 5507 5423
f 5423 5507 5502
f 5424 5508 5504
f 5425 5508 5424
f 5425 5509 5508
f 5431 5509 5426
f 5426 5509 5425
f 5427 5510 5430
f 5430 5510 5433
f 5427 5511 5510
f 5428 5511 5427
f 5428 5512 5511
f 5436 5512 5429
f 5429 5512 5428
f 5431 5513 5509
f 5431 5514 5513
f 5432 5514 5431
f 5432 5515 5514
f 5433 5515 5432
f 5433 5516 5515
f 5510 5516 5433
f 5434 5517 5437
f 5434 5518 5517
f 5443 5518 5435
f 5435 5518 5434
f 5436 5519 5512
f 5436 5520 5519
f 5517 5520 5437
f 5437 5520 5436
f 5439 5521 5442
f 5439 5522 5521
f 5440 5522 5439
f 5440 5523 5522
f 5446 5523 5440
f 5442 5524 5444
f 5521 5524 5442
f 5443 5525 5518
f 5444 5525 5443
f 5524 5526 5444
f 5444 5526 5525
f 5445 5527 5446
f 5446 5527 5523
f 5447 5527 5445
f 5447 5528 5527
f 5447 5529 5528
f 5448 5529 5447
f 5449 5530 5448
f 5448 5530 5529
f 5449 5531 5530
f 5450 5531 5449
f 5450 5532 5531
f 5451 5532 5450
f 5451 5533 5532
f 5495 5533 5452
f 5452 5533 5451
f 5458 5534 5454
f 5454 5534 5453
f 5534 5535 5453
f 5453 5535 5488
f 5488 5535 5489
f 5455 5536 5457
f 5455 5537 5536
f 5463 5537 5456
f 5456 5537 5455
f 5457 5538 5459
f 5536 5538 5457
f 5458 5539 5534
f 5459 5539 5458
f 5459 5540 5539
f 5538 5540 5459
f 5460 5541 5461
f 5464 5541 5460
f 5461 5542 5462
f 5541 5542 5461
f 5462 5543 5463
f 5542 5543 5462
f 5463 5544 5537
f 5543 5544 5463
f 5464 5545 5541
f 5465 5545 5464
f 5469 5546 5465
f 5465 5546 5545
f 5467 5547 5468
f 5482 5547 5467
f 5468 5548 5473
f 5547 5548 5468
f 5469 5549 5546
f 5470 5549 5469
f 5471 5550 5470
f 5470 5550 5549
f 5471 5551 5550
f 5471 5552 5551
f 5473 5552 5472
f 5472 5552 5471
f 5473 5553 5552
f 5548 5553 5473
f 5474 5554 5480
f 5475 5554 5474
f 5476 5555 5475
f 5475 5555 5554
f 5476 5556 5555
f 5486 5556 5477
f 5477 5556 5476
f 5480 5557 5478
f 5557 5558 5478
f 5478 5558 5479
f 5479 5559 5481
f 5558 5559 5479
f 5480 5560 5557
f 5554 5560 5480
f 5559 5561 5481
f 5481 5561 5484
f 5482 5562 5547
f 5485 5562 5482
f 5561 5563 5484
f 5484 5563 5483
f 5563 5564 5483
f 5483 5564 5485
f 5485 5565 5562
f 5564 5565 5485
f 5486 5566 5556
f 5487 5566 5486
f 5487 5567 5566
f 5487 5568 5567
f 5491 5568 5487
f 5489 5569 5492
f 5535 5569 5489
f 5490 5570 5491
f 5491 5570 5568
f 5493 5570 5490
f 5492 5571 5493
f 5569 5571 5492
f 5493 5572 5570
f 5571 5572 5493
f 5494 5573 5495
f 5495 5573 5533
f 5497 5573 5494
f 5498 5574 5496
f 5496 5574 5497
f 5497 5575 5573
f 5574 5575 5497
f 5498 5576 5574
f 5498 5577 5576
f 5499 5577 5498
f 5500 5577 5499
f 5500 5578 5577
f 5501 5578 5500
f 5501 5579 5578
f 5503 5579 5501
f 5502 5580 5503
f 5507 5580 5502
f 5503 5581 5579
f 5580 5581 5503
f 5508 5582 5504
f 5582 5583 5504
f 5504 5583 5505
f 5505 5583 5506
f 5506 5584 5507
f 5506 5585 5584
f 5583 5585 5506
f 5507 5586 5580
f 5584 5586 5507
f 5508 5587 5582
f 5508 5588 5587
f 5513 5588 5509
f 5509 5588 5508
f 5510 5589 5516
f 5510 5590 5589
f 5511 5590 5510
f 5511 5591 5590
f 5519 5591 5512
f 5512 5591 5511
f 5513 5592 5588
f 5513 5593 5592
f 5514 5593 5513
f 5514 5594 5593
f 5515 5594 5514
f 5515 5595 5594
f 5516 5595 5515
f 5516 5596 5595
f 5589 5596 5516
f 5517 5597 5520
f 5517 5598 5597
f 5525 5598 5518
f 5518 5598 5517
f 5520 5599 5519
f 5597 5599 5520
f 5599 5600 5519
f 5600 5601 5519
f 5519 5601 5591
f 5591 5601 5590
f 5521 5602 5524
f 5521 5603 5602
f 5523 5603 5522
f 5522 5603 5521
f 5523 5604 5603
f 5523 5605 5604
f 5527 5605 5523
f 5528 5605 5527
f 5524 5606 5526
f 5602 5606 5524
f 5526 5607 5525
f 5525 5607 5598
f 5526 5608 5607
f 5606 5608 5526
f 5528 5609 5605
f 5528 5610 5609
f 5529 5610 5528
f 5529 5611 5610
f 5530 5611 5529
f 5530 5612 5611
f 5531 5612 5530
f 5531 5613 5612
f 5532 5613 5531
f 5532 5614 5613
f 5533 5614 5532
f 5573 5615 5533
f 5533 5615 5614
f 5575 5615 5573
f 5539 5616 5534
f 5534 5617 5535
f 5616 5617 5534
f 5535 5617 5569
f 5536 5618 5538
f 5536 5619 5618
f 5544 5619 5537
f 5537 5619 5536
f 5538 5620 5540
f 5618 5620 5538
f 5539 5621 5616
f 5540 5621 5539
f 5540 5622 5621
f 5620 5622 5540
f 5541 5623 5542
f 5545 5623 5541
f 5623 5624 5542
f 5624 5625 5542
f 5542 5625 5543
f 5543 5625 5544
f 5544 5626 5619
f 5625 5626 5544
f 5545 5627 5623
f 5546 5627 5545
f 5546 5628 5627
f 5549 5628 5546
f 5547 5629 5548
f 5562 5629 5547
f 5548 5630 5553
f 5629 5630 5548
f 5550 5631 5549
f 5549 5631 5628
f 5550 5632 5631
f 5551 5632 5550
f 5552 5633 5551
f 5553 5633 5552
f 5633 5634 5551
f 5551 5634 5632
f 5553 5635 5633
f 5630 5635 5553
f 5554 5636 5560
f 5555 5636 5554
f 5556 5637 5555
f 5555 5637 5636
f 5556 5638 5637
f 5566 5638 5556
f 5557 5639 5558
f 5557 5640 5639
f 5560 5640 5557
f 5639 5641 5558
f 5558 5641 5559
f 5559 5641 5561
f 5560 5642 5640
f 5560 5643 5642
f 5636 5643 5560
f 5561 5644 5563
f 5563 5644 5564
f 5561 5645 5644
f 5641 5645 5561
f 5562 5646 5629
f 5565 5646 5562
f 5564 5647 5565
f 5644 5647 5564
f 5565 5648 5646
f 5647 5648 5565
f 5566 5649 5638
f 5567 5649 5566
f 5567 5650 5649
f 5568 5650 5567
f 5568 5651 5650
f 5572 5651 5570
f 5570 5651 5568
f 5569 5652 5571
f 5617 5652 5569
f 5571 5653 5572
f 5652 5653 5571
f 5572 5654 5651
f 5653 5654 5572
f 5574 5655 5575
f 5576 5655 5574
f 5575 5656 5615
f 5655 5656 5575
f 5576 5657 5655
f 5576 5658 5657
f 5577 5658 5576
f 5578 5659 5577
f 5577 5659 5658
f 5578 5660 5659
f 5579 5660 5578
f 5579 5661 5660
f 5581 5661 5579
f 5580 5662 5581
f 5586 5662 5580
f 5581 5663 5661
f 5662 5663 5581
f 5582 5664 5583
f 5583 5664 5585
f 5582 5665 5664
f 5587 5665 5582
f 5585 5666 5584
f 5584 5666 5586
f 5664 5667 5585
f 5585 5667 5666
f 5586 5668 5662
f 5666 5668 5586
f 5587 5669 5665
f 5588 5669 5587
f 5592 5669 5588
f 5589 5670 5596
f 5589 5671 5670
f 5601 5671 5590
f 5590 5671 5589
f 5592 5672 5669
f 5592 5673 5672
f 5593 5673 5592
f 5593 5674 5673
f 5594 5674 5593
f 5594 5675 5674
f 5595 5675 5594
f 5595 5676 5675
f 5596 5676 5595
f 5596 5677 5676
f 5670 5677 5596
f 5607 5678 5598
f 5598 5678 5597
f 5597 5679 5599
f 5678 5679 5597
f 5599 5680 5600
f 5679 5680 5599
f 5600 5681 5601
f 5601 5681 5671
f 5680 5681 5600
f 5602 5682 5606
f 5602 5683 5682
f 5604 5683 5603
f 5603 5683 5602
f 5605 5684 5604
f 5604 5684 5683
f 5609 5685 5605
f 5605 5685 5684
f 5606 5686 5608
f 5682 5686 5606
f 5607 5687 5678
f 5608 5687 5607
f 5608 5688 5687
f 5686 5689 5608
f 5608 5689 5688
f 5609 5690 5685
f 5610 5690 5609
f 5611 5691 5610
f 5610 5691 5690
f 5611 5692 5691
f 5612 5692 5611
f 5612 5693 5692
f 5613 5693 5612
f 5614 5694 5613
f 5613 5694 5693
f 5656 5694 5615
f 5615 5694 5614
f 5616 5695 5617
f 5617 5695 5652
f 5621 5695 5616
f 5618 5696 5620
f 5618 5697 5696
f 5626 5697 5619
f 5619 5697 5618
f 5620 5698 5622
f 5696 5698 5620
f 5698 5699 5622
f 5622 5699 5621
f 5621 5700 5695
f 5699 5700 5621
f 5623 5701 5624
f 5623 5702 5701
f 5627 5702 5623
f 5624 5703 5625
f 5625 5703 5626
f 5624 5704 5703
f 5701 5704 5624
f 5626 5705 5697
f 5703 5705 5626
f 5627 5706 5702
f 5628 5706 5627
f 5628 5707 5706
f 5631 5707 5628
f 5629 5708 5630
f 5646 5708 5629
f 5630 5709 5635
f 5708 5709 5630
f 5631 5710 5707
f 5632 5710 5631
f 5632 5711 5710
f 5634 5711 5632
f 5635 5712 5633
f 5709 5712 5635
f 5633 5712 5634
f 5634 5713 5711
f 5712 5713 5634
f 5636 5714 5643
f 5637 5714 5636
f 5637 5715 5714
f 5638 5715 5637
f 5649 5716 5638
f 5638 5716 5715
f 5639 5717 5641
f 5639 5718 5717
f 5640 5718 5639
f 5640 5719 5718
f 5642 5719 5640
f 5641 5720 5645
f 5717 5720 5641
f 5642 5721 5719
f 5643 5721 5642
f 5643 5722 5721
f 5715 5722 5714
f 5714 5722 5643
f 5644 5723 5647
f 5645 5723 5644
f 5645 5724 5723
f 5720 5724 5645
f 5646 5725 5708
f 5648 5725 5646
f 5723 5726 5647
f 5726 5727 5647
f 5647 5727 5648
f 5648 5727 5725
f 5649 5728 5716
f 5650 5728 5649
f 5650 5729 5728
f 5651 5730 5650
f 5650 5730 5729
f 5654 5730 5651
f 5652 5731 5653
f 5700 5731 5695
f 5695 5731 5652
f 5731 5732 5653
f 5653 5732 5654
f 5732 5733 5654
f 5654 5733 5730
f 5655 5734 5656
f 5657 5734 5655
f 5656 5735 5694
f 5734 5735 5656
f 5657 5736 5734
f 5657 5737 5736
f 5659 5737 5658
f 5658 5737 5657
f 5659 5738 5737
f 5660 5738 5659
f 5660 5739 5738
f 5661 5739 5660
f 5661 5740 5739
f 5663 5740 5661
f 5662 5741 5663
f 5668 5741 5662
f 5663 5742 5740
f 5741 5742 5663
f 5664 5743 5667
f 5665 5743 5664
f 5665 5744 5743
f 5672 5744 5669
f 5669 5744 5665
f 5666 5745 5668
f 5667 5745 5666
f 5667 5746 5745
f 5743 5746 5667
f 5668 5747 5741
f 5668 5748 5747
f 5745 5748 5668
f 5670 5749 5677
f 5670 5750 5749
f 5681 5750 5671
f 5671 5750 5670
f 5672 5752 5744
f 5751 5752 5672
f 5672 5753 5751
f 5673 5753 5672
f 5673 5754 5753
f 5674 5754 5673
f 5675 5755 5674
f 5674 5755 5754
f 5676 5756 5675
f 5675 5756 5755
f 5677 5757 5676
f 5676 5757 5756
f 5677 5758 5757
f 5749 5758 5677
f 5678 5759 5679
f 5687 5759 5678
f 5679 5760 5680
f 5759 5760 5679
f 5760 5761 5680
f 5761 5762 5680
f 5680 5762 5681
f 5681 5763 5750
f 5762 5763 5681
f 5682 5764 5686
f 5682 5765 5764
f 5684 5765 5683
f 5683 5765 5682
f 5684 5766 5765
f 5685 5766 5684
f 5685 5767 5766
f 5690 5767 5685
f 5764 5768 5686
f 5686 5768 5689
f 5687 5769 5759
f 5688 5769 5687
f 5688 5770 5769
f 5689 5770 5688
f 5689 5771 5770
f 5768 5771 5689
f 5691 5772 5690
f 5772 5773 5690
f 5690 5773 5767
f 5691 5774 5772
f 5692 5774 5691
f 5692 5775 5774
f 5693 5775 5692
f 5693 5776 5775
f 5735 5776 5694
f 5694 5776 5693
f 5696 5777 5698
f 5697 5777 5696
f 5697 5778 5777
f 5705 5778 5697
f 5698 5779 5699
f 5698 5780 5779
f 5777 5780 5698
f 5699 5781 5700
f 5779 5781 5699
f 5781 5782 5700
f 5700 5782 5731
f 5731 5782 5732
f 5701 5783 5704
f 5702 5783 5701
f 5702 5784 5783
f 5706 5784 5702
f 5703 5785 5705
f 5704 5785 5703
f 5704 5786 5785
f 5783 5786 5704
f 5705 5787 5778
f 5785 5787 5705
f 5706 5788 5784
f 5707 5788 5706
f 5710 5789 5707
f 5707 5789 5788
f 5725 5790 5708
f 5708 5790 5709
f 5709 5791 5712
f 5790 5791 5709
f 5710 5792 5789
f 5711 5792 5710
f 5711 5793 5792
f 5713 5793 5711
f 5712 5794 5713
f 5791 5794 5712
f 5713 5795 5793
f 5794 5795 5713
f 5715 5796 5722
f 5716 5796 5715
f 5716 5797 5796
f 5716 5798 5797
f 5728 5798 5716
f 5717 5799 5720
f 5718 5799 5717
f 5718 5800 5799
f 5719 5800 5718
f 5719 5801 5800
f 5721 5801 5719
f 5720 5802 5724
f 5799 5802 5720
f 5721 5803 5801
f 5722 5804 5721
f 5721 5804 5803
f 5796 5804 5722
f 5723 5805 5726
f 5724 5805 5723
f 5724 5806 5805
f 5802 5806 5724
f 5725 5807 5790
f 5725 5808 5807
f 5727 5808 5725
f 5726 5809 5727
f 5727 5809 5808
f 5726 5810 5809
f 5805 5810 5726
f 5729 5811 5728
f 5728 5811 5798
f 5729 5812 5811
f 5733 5812 5730
f 5730 5812 5729
f 5732 5813 5733
f 5782 5813 5732
f 5733 5814 5812
f 5813 5814 5733
f 5734 5815 5735
f 5736 5815 5734
f 5735 5816 5776
f 5815 5816 5735
f 5737 5817 5736
f 5817 5818 5736
f 5736 5818 5815
f 5737 5819 5817
f 5738 5819 5737
f 5738 5820 5819
f 5739 5820 5738
f 5739 5821 5820
f 5742 5821 5740
f 5740 5821 5739
f 5741 5822 5742
f 5747 5822 5741
f 5742 5823 5821
f 5742 5824 5823
f 5822 5824 5742
f 5743 5825 5746
f 5752 5825 5744
f 5744 5825 5743
f 5745 5826 5748
f 5746 5826 5745
f 5825 5827 5746
f 5746 5827 5826
f 5747 5828 5822
f 5747 5829 5828
f 5826 5829 5748
f 5748 5829 5747
f 5749 5830 5758
f 5749 5831 5830
f 5763 5831 5750
f 5750 5831 5749
f 5751 5832 5752
f 5751 5833 5832
f 5751 5834 5833
f 5754 5834 5753
f 5753 5834 5751
f 5752 5835 5825
f 5825 5835 5827
f 5832 5835 5752
f 5754 5836 5834
f 5755 5836 5754
f 5756 5837 5755
f 5755 5837 5836
f 5756 5838 5837
f 5757 5838 5756
f 5757 5839 5838
f 5758 5839 5757
f 5758 5840 5839
f 5758 5841 5840
f 5830 5841 5758
f 5769 5842 5759
f 5759 5842 5760
f 5760 5843 5761
f 5842 5843 5760
f 5761 5844 5762
f 5843 5844 5761
f 5762 5845 5763
f 5763 5845 5831
f 5844 5845 5762
f 5766 5846 5765
f 5765 5846 5764
f 5846 5847 5764
f 5764 5847 5768
f 5766 5848 5846
f 5767 5848 5766
f 5767 5849 5848
f 5773 5849 5767
f 5768 5850 5771
f 5847 5850 5768
f 5769 5851 5842
f 5770 5851 5769
f 5771 5852 5770
f 5770 5852 5851
f 5771 5853 5852
f 5850 5853 5771
f 5772 5854 5773
f 5772 5855 5854
f 5775 5855 5774
f 5774 5855 5772
f 5773 5856 5849
f 5854 5856 5773
f 5775 5857 5855
f 5816 5857 5776
f 5776 5857 5775
f 5777 5858 5780
f 5778 5858 5777
f 5778 5859 5858
f 5787 5859 5778
f 5779 5860 5781
f 5779 5861 5860
f 5780 5861 5779
f 5780 5862 5861
f 5858 5862 5780
f 5781 5863 5782
f 5860 5863 5781
f 5782 5863 5813
f 5784 5864 5783
f 5864 5865 5783
f 5783 5865 5786
f 5784 5866 5864
f 5788 5866 5784
f 5785 5867 5787
f 5786 5867 5785
f 5786 5868 5867
f 5865 5868 5786
f 5867 5869 5787
f 5787 5869 5859
f 5868 5869 5867
f 5788 5870 5866
f 5789 5870 5788
f 5789 5871 5870
f 5792 5871 5789
f 5790 5872 5791
f 5807 5872 5790
f 5791 5873 5794
f 5794 5873 5795
f 5872 5873 5791
f 5792 5874 5871
f 5793 5874 5792
f 5793 5875 5874
f 5795 5875 5793
f 5795 5876 5875
f 5873 5876 5795
f 5796 5877 5804
f 5797 5877 5796
f 5797 5878 5877
f 5797 5879 5878
f 5798 5879 5797
f 5798 5880 5879
f 5811 5880 5798
f 5799 5881 5802
f 5800 5881 5799
f 5800 5882 5881
f 5801 5882 5800
f 5801 5883 5882
f 5803 5883 5801
f 5802 5884 5806
f 5802 5885 5884
f 5881 5885 5802
f 5803 5886 5883
f 5804 5886 5803
f 5877 5887 5804
f 5804 5887 5886
f 5878 5887 5877
f 5805 5888 5810
f 5806 5888 5805
f 5806 5889 5888
f 5884 5889 5806
f 5807 5890 5872
f 5807 5891 5890
f 5808 5891 5807
f 5808 5892 5891
f 5809 5892 5808
f 5810 5893 5809
f 5809 5893 5892
f 5810 5894 5893
f 5888 5894 5810
f 5811 5895 5880
f 5812 5895 5811
f 5812 5896 5895
f 5814 5896 5812
f 5813 5897 5814
f 5863 5897 5813
f 5814 5898 5896
f 5897 5898 5814
f 5815 5899 5816
f 5816 5899 5857
f 5818 5899 5815
f 5817 5900 5818
f 5819 5900 5817
f 5818 5901 5899
f 5818 5902 5901
f 5900 5902 5818
f 5820 5903 5819
f 5819 5903 5900
f 5820 5904 5903
f 5823 5904 5821
f 5821 5904 5820
f 5828 5905 5822
f 5822 5905 5824
f 5823 5906 5904
f 5823 5907 5906
f 5824 5907 5823
f 5824 5908 5907
f 5905 5908 5824
f 5826 5909 5829
f 5826 5910 5909
f 5835 5910 5827
f 5827 5910 5826
f 5828 5911 5905
f 5828 5912 5911
f 5909 5912 5829
f 5829 5912 5828
f 5830 5913 5841
f 5831 5913 5830
f 5831 5914 5913
f 5845 5914 5831
f 5833 5915 5832
f 5915 5916 5832
f 5832 5916 5835
f 5834 5917 5833
f 5836 5917 5834
f 5917 5918 5833
f 5833 5918 5915
f 5835 5919 5910
f 5916 5919 5835
f 5836 5920 5917
f 5837 5920 5836
f 5837 5921 5920
f 5838 5921 5837
f 5838 5922 5921
f 5839 5922 5838
f 5839 5923 5922
f 5840 5923 5839
f 5840 5924 5923
f 5841 5924 5840
f 5841 5925 5924
f 5913 5925 5841
f 5842 5926 5843
f 5851 5926 5842
f 5843 5927 5844
f 5926 5927 5843
f 5927 5928 5844
f 5844 5929 5845
f 5928 5929 5844
f 5845 5929 5914
f 5846 5930 5847
f 5848 5930 5846
f 5847 5931 5850
f 5930 5931 5847
f 5848 5932 5930
f 5849 5932 5848
f 5849 5933 5932
f 5856 5933 5849
f 5850 5934 5853
f 5931 5934 5850
f 5851 5935 5926
f 5852 5935 5851
f 5852 5936 5935
f 5852 5937 5936
f 5853 5937 5852
f 5934 5937 5853
f 5855 5938 5854
f 5938 5939 5854
f 5854 5939 5856
f 5855 5940 5938
f 5899 5940 5857
f 5857 5940 5855
f 5856 5941 5933
f 5939 5941 5856
f 5858 5942 5862
f 5859 5942 5858
f 5859 5943 5942
f 5869 5943 5859
f 5860 5944 5863
f 5863 5944 5897
f 5860 5945 5944
f 5861 5945 5860
f 5861 5946 5945
f 5862 5946 5861
f 5942 5947 5862
f 5862 5947 5946
f 5864 5948 5865
f 5864 5949 5948
f 5866 5949 5864
f 5865 5950 5868
f 5948 5950 5865
f 5870 5951 5866
f 5866 5951 5949
f 5871 5951 5870
f 5868 5952 5869
f 5950 5952 5868
f 5869 5953 5943
f 5952 5953 5869
f 5871 5954 5951
f 5871 5955 5954
f 5874 5955 5871
f 5872 5956 5873
f 5873 5956 5876
f 5890 5956 5872
f 5874 5957 5955
f 5875 5957 5874
f 5875 5958 5957
f 5876 5958 5875
f 5876 5959 5958
f 5876 5960 5959
f 5956 5960 5876
f 5878 5961 5887
f 5878 5962 5961
f 5879 5962 5878
f 5879 5963 5962
f 5880 5963 5879
f 5880 5964 5963
f 5895 5964 5880
f 5881 5965 5885
f 5882 5965 5881
f 5882 5966 5965
f 5883 5966 5882
f 5883 5967 5966
f 5883 5968 5967
f 5886 5968 5883
f 5884 5969 5889
f 5885 5969 5884
f 5885 5970 5969
f 5965 5970 5885
f 5886 5971 5968
f 5961 5971 5887
f 5887 5971 5886
f 5888 5972 5894
f 5889 5972 5888
f 5889 5973 5972
f 5969 5973 5889
f 5890 5974 5956
f 5956 5974 5960
f 5890 5975 5974
f 5891 5975 5890
f 5891 5976 5975
f 5892 5976 5891
f 5892 5977 5976
f 5893 5977 5892
f 5894 5978 5893
f 5893 5978 5977
f 5894 5979 5978
f 5972 5979 5894
f 5895 5980 5964
f 5898 5980 5896
f 5896 5980 5895
f 5897 5981 5898
f 5944 5981 5897
f 5898 5982 5980
f 5898 5983 5982
f 5981 5983 5898
f 5899 5984 5940
f 5901 5984 5899
f 5900 5985 5902
f 5903 5985 5900
f 5901 5986 5984
f 5901 5987 5986
f 5985 5987 5902
f 5902 5987 5901
f 5903 5988 5985
f 5906 5988 5904
f 5904 5988 5903
f 5905 5989 5908
f 5911 5989 5905
f 5906 5990 5988
f 5906 5991 5990
f 5907 5991 5906
f 5907 5992 5991
f 5908 5992 5907
f 5908 5993 5992
f 5989 5993 5908
f 5919 5994 5910
f 5910 5994 5909
f 5909 5995 5912
f 5994 5995 5909
f 5911 5996 5989
f 5912 5997 5911
f 5995 5997 5912
f 5911 5997 5996
f 5913 5998 5925
f 5914 5998 5913
f 5929 5999 5914
f 5914 5999 5998
f 5918 6000 5915
f 6000 6001 5915
f 5915 6001 5916
f 5916 6002 5919
f 5919 6002 5994
f 5916 6003 6002
f 6001 6003 5916
f 5917 6004 5918
f 5920 6004 5917
f 5918 6005 6000
f 6004 6005 5918
f 5920 6006 6004
f 5921 6006 5920
f 5921 6007 6006
f 5922 6007 5921
f 5922 6008 6007
f 5923 6008 5922
f 5923 6009 6008
f 5924 6009 5923
f 5924 6010 6009
f 5925 6010 5924
f 5925 6011 6010
f 5998 6011 5925
f 5935 6012 5926
f 5926 6012 5927
f 5927 6013 5928
f 6012 6013 5927
f 6013 6014 5928
f 5929 6014 5999
f 5928 6014 5929
f 5932 6015 5930
f 5930 6015 5931
f 5931 6016 5934
f 6015 6016 5931
f 5932 6017 6015
f 5933 6017 5932
f 5933 6018 6017
f 5941 6018 5933
f 5934 6019 5937
f 5934 6020 6019
f 6016 6020 5934
f 5936 6021 5935
f 5935 6021 6012
f 5937 6022 5936
f 6019 6022 5937
f 6022 6023 5936
f 5936 6023 6021
f 5938 6024 5939
f 5984 6024 5940
f 5940 6024 5938
f 5939 6025 5941
f 6024 6025 5939
f 6025 6026 5941
f 5941 6026 6018
f 5942 6027 5947
f 5953 6027 5943
f 5943 6027 5942
f 5944 6028 5981
f 5945 6028 5944
f 5945 6029 6028
f 5946 6029 5945
f 5947 6030 5946
f 5946 6030 6029
f 5947 6031 6030
f 6027 6031 5947
f 5948 6032 5950
f 5948 6033 6032
f 5949 6033 5948
f 5949 6034 6033
f 5954 6034 5951
f 5951 6034 5949
f 5950 6035 5952
f 6032 6035 5950
f 5952 6036 5953
f 6035 6036 5952
f 5953 6037 6027
f 6027 6037 6031
f 5953 6038 6037
f 6036 6038 5953
f 5954 6039 6034
f 5954 6040 6039
f 5957 6040 5955
f 5955 6040 5954
f 5957 6041 6040
f 5958 6041 5957
f 5958 6042 6041
f 5958 6043 6042
f 5959 6043 5958
f 5959 6044 6043
f 5960 6044 5959
f 5974 6045 5960
f 5960 6045 6044
f 5961 6046 5971
f 5961 6047 6046
f 5962 6047 5961
f 5962 6048 6047
f 5963 6048 5962
f 5963 6049 6048
f 5964 6049 5963
f 5964 6050 6049
f 5980 6050 5964
f 5982 6050 5980
f 5965 6051 5970
f 5966 6051 5965
f 5966 6052 6051
f 5967 6052 5966
f 5968 6053 5967
f 6046 6053 5971
f 5971 6053 5968
f 6053 6054 5967
f 5967 6054 6052
f 5969 6055 5973
f 5969 6056 6055
f 6051 6056 5970
f 5970 6056 5969
f 5972 6057 5979
f 5973 6057 5972
f 5973 6058 6057
f 6055 6058 5973
f 5974 6059 6045
f 5976 6059 5975
f 5975 6059 5974
f 5976 6060 6059
f 5977 6060 5976
f 5978 6061 5977
f 5977 6062 6060
f 6061 6062 5977
f 5978 6063 6061
f 5978 6064 6063
f 6057 6064 5979
f 5979 6064 5978
f 6028 6065 5981
f 5981 6065 5983
f 5982 6066 6050
f 5983 6066 5982
f 5983 6067 6066
f 6065 6067 5983
f 5986 6068 5984
f 5984 6068 6024
f 6024 6068 6025
f 5985 6069 5987
f 5990 6069 5988
f 5988 6069 5985
f 5986 6070 6068
f 5987 6071 5986
f 5986 6071 6070
f 6069 6071 5987
f 5989 6072 5993
f 5996 6072 5989
f 5990 6073 6069
f 6069 6073 6071
f 5990 6074 6073
f 5990 6075 6074
f 5991 6075 5990
f 5991 6076 6075
f 5993 6076 5992
f 5992 6076 5991
f 5993 6077 6076
f 6072 6077 5993
f 5994 6078 5995
f 6002 6078 5994
f 5995 6079 5997
f 6078 6079 5995
f 5996 6080 6072
f 5996 6081 6080
f 6079 6081 5997
f 5997 6081 5996
f 5998 6082 6011
f 5999 6082 5998
f 5999 6083 6082
f 6014 6083 5999
f 6000 6084 6001
f 6000 6085 6084
f 6005 6085 6000
f 6001 6086 6003
f 6084 6086 6001
f 6002 6087 6078
f 6086 6087 6003
f 6003 6087 6002
f 6004 6088 6005
f 6006 6088 6004
f 6005 6089 6085
f 6088 6089 6005
f 6006 6090 6088
f 6007 6090 6006
f 6008 6091 6007
f 6007 6091 6090
f 6008 6092 6091
f 6009 6092 6008
f 6009 6093 6092
f 6009 6094 6093
f 6010 6094 6009
f 6010 6095 6094
f 6011 6095 6010
f 6011 6096 6095
f 6082 6096 6011
f 6012 6097 6013
f 6021 6097 6012
f 6013 6098 6014
f 6014 6098 6083
f 6097 6098 6013
f 6017 6099 6015
f 6099 6100 6015
f 6015 6100 6016
f 6016 6100 6020
f 6017 6101 6099
f 6018 6101 6017
f 6026 6102 6018
f 6018 6102 6101
f 6019 6103 6022
f 6019 6104 6103
f 6020 6104 6019
f 6020 6105 6104
f 6100 6105 6020
f 6021 6106 6097
f 6023 6106 6021
f 6022 6107 6023
f 6103 6107 6022
f 6023 6108 6106
f 6107 6108 6023
f 6070 6109 6068
f 6068 6109 6025
f 6109 6110 6025
f 6025 6110 6026
f 6026 6111 6102
f 6110 6111 6026
f 6028 6112 6065
f 6028 6113 6112
f 6030 6113 6029
f 6029 6113 6028
f 6030 6114 6113
f 6113 6114 6112
f 6031 6115 6030
f 6030 6115 6114
f 6031 6116 6115
f 6037 6116 6031
f 6032 6117 6035
f 6035 6117 6036
f 6033 6118 6032
f 6118 6119 6032
f 6032 6119 6117
f 6034 6120 6033
f 6033 6120 6118
f 6039 6120 6034
f 6036 6121 6038
f 6036 6122 6121
f 6117 6122 6036
f 6037 6123 6116
f 6121 6123 6038
f 6038 6123 6037
f 6039 6124 6120
f 6040 6125 6039
f 6039 6125 6124
f 6041 6125 6040
f 6041 6126 6125
f 6042 6126 6041
f 6042 6127 6126
f 6042 6128 6127
f 6043 6128 6042
f 6043 6129 6128
f 6044 6129 6043
f 6044 6130 6129
f 6045 6130 6044
f 6045 6131 6130
f 6060 6131 6059
f 6059 6131 6045
f 6046 6132 6053
f 6053 6132 6054
f 6046 6133 6132
f 6047 6133 6046
f 6047 6134 6133
f 6048 6134 6047
f 6048 6135 6134
f 6049 6135 6048
f 6049 6136 6135
f 6050 6136 6049
f 6050 6137 6136
f 6066 6137 6050
f 6051 6138 6056
f 6052 6138 6051
f 6052 6139 6138
f 6052 6140 6139
f 6054 6140 6052
f 6054 6141 6140
f 6132 6141 6054
f 6055 6142 6058
f 6055 6143 6142
f 6138 6143 6056
f 6056 6143 6055
f 6057 6144 6064
f 6058 6144 6057
f 6142 6145 6058
f 6058 6145 6144
f 6060 6146 6131
f 6062 6146 6060
f 6063 6147 6061
f 6061 6147 6062
f 6062 6148 6146
f 6147 6148 6062
f 6063 6149 6147
f 6063 6150 6149
f 6144 6150 6064
f 6064 6150 6063
f 6065 6151 6067
f 6112 6151 6065
f 6067 6152 6066
f 6066 6152 6137
f 6067 6153 6152
f 6151 6153 6067
f 6070 6154 6109
f 6109 6154 6110
f 6070 6155 6154
f 6071 6155 6070
f 6073 6155 6071
f 6072 6156 6077
f 6080 6156 6072
f 6073 6157 6155
f 6074 6157 6073
f 6074 6158 6157
f 6074 6159 6158
f 6075 6159 6074
f 6076 6159 6075
f 6077 6160 6076
f 6076 6160 6159
f 6077 6161 6160
f 6156 6161 6077
f 6078 6162 6079
f 6087 6162 6078
f 6079 6163 6081
f 6162 6163 6079
f 6080 6164 6156
f 6080 6165 6164
f 6163 6165 6081
f 6081 6165 6080
f 6082 6166 6096
f 6083 6166 6082
f 6083 6167 6166
f 6083 6168 6167
f 6098 6168 6083
f 6084 6169 6086
f 6085 6169 6084
f 6089 6170 6085
f 6170 6171 6085
f 6085 6171 6169
f 6086 6172 6087
f 6087 6172 6162
f 6086 6173 6172
f 6169 6173 6086
f 6088 6174 6089
f 6090 6174 6088
f 6089 6175 6170
f 6174 6175 6089
f 6090 6176 6174
f 6091 6176 6090
f 6091 6177 6176
f 6092 6177 6091
f 6092 6178 6177
f 6093 6178 6092
f 6093 6179 6178
f 6093 6180 6179
f 6095 6180 6094
f 6094 6180 6093
f 6095 6181 6180
f 6095 6182 6181
f 6096 6182 6095
f 6096 6183 6182
f 6167 6183 6166
f 6166 6183 6096
f 6097 6184 6098
f 6098 6184 6168
f 6106 6184 6097
f 6099 6185 6100
f 6100 6185 6105
f 6099 6186 6185
f 6102 6186 6101
f 6101 6186 6099
f 6102 6187 6186
f 6111 6187 6102
f 6103 6188 6107
f 6104 6188 6103
f 6105 6189 6104
f 6104 6189 6188
f 6105 6190 6189
f 6185 6190 6105
f 6106 6191 6184
f 6108 6191 6106
f 6107 6192 6108
f 6188 6192 6107
f 6108 6193 6191
f 6192 6193 6108
f 6110 6194 6111
f 6154 6194 6110
f 6111 6195 6187
f 6194 6195 6111
f 6112 6196 6151
f 6114 6196 6112
f 6115 6197 6114
f 6114 6197 6196
f 6115 6198 6197
f 6116 6198 6115
f 6123 6199 6116
f 6116 6199 6198
f 6119 6200 6117
f 6117 6200 6122
f 6118 6201 6119
f 6119 6201 6200
f 6118 6202 6201
f 6124 6202 6120
f 6120 6202 6118
f 6121 6203 6123
f 6123 6203 6199
f 6121 6204 6203
f 6122 6204 6121
f 6122 6205 6204
f 6200 6205 6122
f 6124 6206 6202
f 6124 6207 6206
f 6126 6207 6125
f 6125 6207 6124
f 6127 6208 6126
f 6126 6208 6207
f 6127 6209 6208
f 6127 6210 6209
f 6128 6210 6127
f 6128 6211 6210
f 6129 6211 6128
f 6129 6212 6211
f 6130 6212 6129
f 6131 6213 6130
f 6130 6213 6212
f 6146 6213 6131
f 6132 6214 6141
f 6132 6215 6214
f 6133 6215 6132
f 6133 6216 6215
f 6134 6216 6133
f 6134 6217 6216
f 6135 6217 6134
f 6135 6218 6217
f 6136 6218 6135
f 6137 6219 6136
f 6136 6219 6218
f 6152 6219 6137
f 6138 6220 6143
f 6139 6220 6138
f 6139 6221 6220
f 6140 6221 6139
f 6140 6222 6221
f 6141 6222 6140
f 6141 6223 6222
f 6214 6223 6141
f 6142 6224 6145
f 6142 6225 6224
f 6142 6226 6225
f 6143 6226 6142
f 6220 6226 6143
f 6144 6227 6150
f 6145 6227 6144
f 6145 6228 6227
f 6224 6228 6145
f 6146 6229 6213
f 6148 6229 6146
f 6147 6230 6148
f 6149 6230 6147
f 6230 6231 6148
f 6148 6231 6229
f 6149 6232 6230
f 6149 6233 6232
f 6227 6233 6150
f 6150 6233 6149
f 6151 6234 6153
f 6196 6234 6151
f 6152 6235 6219
f 6152 6236 6235
f 6153 6236 6152
f 6153 6237 6236
f 6234 6237 6153
f 6154 6238 6194
f 6157 6238 6155
f 6155 6238 6154
f 6156 6239 6161
f 6164 6239 6156
f 6157 6240 6238
f 6158 6240 6157
f 6158 6241 6240
f 6159 6241 6158
f 6160 6242 6159
f 6159 6242 6241
f 6160 6243 6242
f 6161 6243 6160
f 6161 6244 6243
f 6239 6244 6161
f 6162 6245 6163
f 6172 6245 6162
f 6163 6246 6165
f 6245 6246 6163
f 6246 6247 6165
f 6165 6247 6164
f 6247 6248 6164
f 6164 6248 6239
f 6167 6249 6183
f 6167 6250 6249
f 6168 6250 6167
f 6168 6251 6250
f 6191 6251 6184
f 6184 6251 6168
f 6169 6252 6173
f 6171 6252 6169
f 6175 6253 6170
f 6253 6254 6170
f 6170 6254 6171
f 6171 6255 6252
f 6254 6255 6171
f 6172 6256 6245
f 6173 6256 6172
f 6173 6257 6256
f 6252 6257 6173
f 6176 6258 6174
f 6174 6258 6175
f 6175 6259 6253
f 6258 6259 6175
f 6176 6260 6258
f 6177 6260 6176
f 6178 6261 6177
f 6177 6261 6260
f 6179 6261 6178
f 6179 6262 6261
f 6179 6263 6262
f 6181 6263 6180
f 6180 6263 6179
f 6181 6264 6263
f 6181 6265 6264
f 6182 6265 6181
f 6182 6266 6265
f 6249 6266 6183
f 6183 6266 6182
f 6185 6267 6190
f 6186 6267 6185
f 6186 6268 6267
f 6187 6268 6186
f 6195 6269 6187
f 6187 6269 6268
f 6188 6270 6192
f 6188 6271 6270
f 6189 6271 6188
f 6189 6272 6271
f 6190 6272 6189
f 6190 6273 6272
f 6267 6273 6190
f 6191 6274 6251
f 6193 6274 6191
f 6192 6275 6193
f 6192 6276 6275
f 6270 6276 6192
f 6193 6277 6274
f 6275 6277 6193
f 6194 6278 6195
f 6194 6279 6278
f 6240 6279 6238
f 6238 6279 6194
f 6195 6280 6269
f 6278 6280 6195
f 6197 6281 6196
f 6196 6281 6234
f 6197 6282 6281
f 6198 6282 6197
f 6198 6283 6282
f 6199 6283 6198
f 6199 6284 6283
f 6203 6284 6199
f 6200 6285 6205
f 6201 6285 6200
f 6201 6286 6285
f 6206 6286 6202
f 6202 6286 6201
f 6203 6287 6284
f 6204 6287 6203
f 6204 6288 6287
f 6205 6288 6204
f 6205 6289 6288
f 6285 6289 6205
f 6206 6290 6286
f 6207 6291 6206
f 6208 6291 6207
f 6206 6291 6290
f 6208 6292 6291
f 6209 6292 6208
f 6209 6293 6292
f 6209 6294 6293
f 6210 6294 6209
f 6210 6295 6294
f 6211 6295 6210
f 6211 6296 6295
f 6212 6296 6211
f 6212 6297 6296
f 6229 6297 6213
f 6213 6297 6212
f 6214 6298 6223
f 6215 6298 6214
f 6215 6299 6298
f 6215 6300 6299
f 6216 6300 6215
f 6217 6300 6216
f 6217 6301 6300
f 6218 6301 6217
f 6218 6302 6301
f 6235 6302 6219
f 6219 6302 6218
f 6220 6303 6226
f 6221 6303 6220
f 6221 6304 6303
f 6221 6305 6304
f 6223 6305 6222
f 6222 6305 6221
f 6223 6306 6305
f 6298 6306 6223
f 6224 6307 6228
f 6225 6307 6224
f 6225 6308 6307
f 6225 6309 6308
f 6303 6309 6226
f 6226 6309 6225
f 6227 6310 6233
f 6228 6310 6227
f 6228 6311 6310
f 6307 6311 6228
f 6229 6312 6297
f 6231 6312 6229
f 6230 6313 6231
f 6232 6313 6230
f 6231 6314 6312
f 6313 6314 6231
f 6232 6315 6313
f 6232 6316 6315
f 6310 6316 6233
f 6233 6316 6232
f 6234 6317 6237
f 6281 6317 6234
f 6235 6318 6302
f 6235 6319 6318
f 6236 6319 6235
f 6237 6320 6236
f 6236 6320 6319
f 6317 6321 6237
f 6237 6321 6320
f 6239 6322 6244
f 6248 6322 6239
f 6240 6323 6279
f 6279 6323 6278
f 6240 6324 6323
f 6241 6324 6240
f 6241 6325 6324
f 6242 6325 6241
f 6242 6326 6325
f 6243 6326 6242
f 6244 6326 6243
f 6244 6327 6326
f 6322 6327 6244
f 6256 6328 6245
f 6245 6328 6246
f 6246 6329 6247
f 6328 6329 6246
f 6247 6330 6248
f 6329 6330 6247
f 6248 6331 6322
f 6330 6331 6248
f 6249 6332 6266
f 6249 6333 6332
f 6250 6333 6249
f 6250 6334 6333
f 6274 6334 6251
f 6251 6334 6250
f 6252 6335 6257
f 6255 6335 6252
f 6253 6336 6254
f 6253 6337 6336
f 6259 6337 6253
f 6254 6338 6255
f 6336 6338 6254
f 6255 6339 6335
f 6338 6339 6255
f 6256 6340 6328
f 6257 6340 6256
f 6257 6341 6340
f 6335 6341 6257
f 6258 6342 6259
f 6260 6342 6258
f 6259 6343 6337
f 6342 6343 6259
f 6260 6344 6342
f 6261 6344 6260
f 6262 6345 6261
f 6261 6345 6344
f 6262 6346 6345
f 6262 6347 6346
f 6264 6347 6263
f 6263 6347 6262
f 6264 6348 6347
f 6264 6349 6348
f 6265 6349 6264
f 6265 6350 6349
f 6332 6350 6266
f 6266 6350 6265
f 6267 6351 6273
f 6268 6351 6267
f 6269 6351 6268
f 6269 6352 6351
f 6280 6352 6269
f 6271 6353 6270
f 6270 6353 6276
f 6271 6354 6353
f 6272 6354 6271
f 6272 6355 6354
f 6273 6355 6272
f 6273 6356 6355
f 6351 6356 6273
f 6277 6357 6274
f 6274 6357 6334
f 6275 6358 6277
f 6275 6359 6358
f 6276 6359 6275
f 6353 6359 6276
f 6277 6360 6357
f 6358 6360 6277
f 6323 6361 6278
f 6278 6361 6280
f 6280 6362 6352
f 6361 6362 6280
f 6281 6363 6317
f 6282 6363 6281
f 6282 6364 6363
f 6283 6364 6282
f 6283 6365 6364
f 6284 6365 6283
f 6287 6366 6284
f 6284 6366 6365
f 6285 6367 6289
f 6286 6368 6285
f 6285 6368 6367
f 6290 6368 6286
f 6288 6369 6287
f 6287 6369 6366
f 6289 6370 6288
f 6288 6370 6369
f 6289 6371 6370
f 6367 6371 6289
f 6290 6372 6368
f 6290 6373 6372
f 6292 6373 6291
f 6291 6373 6290
f 6292 6374 6373
f 6293 6374 6292
f 6294 6375 6293
f 6293 6376 6374
f 6375 6376 6293
f 6294 6377 6375
f 6295 6377 6294
f 6295 6378 6377
f 6296 6378 6295
f 6297 6379 6296
f 6296 6379 6378
f 6312 6379 6297
f 6298 6380 6306
f 6299 6380 6298
f 6300 6381 6299
f 6301 6381 6300
f 6381 6382 6299
f 6299 6382 6380
f 6318 6383 6302
f 6302 6383 6301
f 6301 6384 6381
f 6383 6384 6301
f 6303 6385 6309
f 6304 6385 6303
f 6305 6386 6304
f 6306 6386 6305
f 6386 6387 6304
f 6304 6387 6385
f 6306 6388 6386
f 6380 6389 6306
f 6306 6389 6388
f 6308 6390 6307
f 6307 6390 6311
f 6308 6391 6390
f 6308 6392 6391
f 6385 6392 6309
f 6309 6392 6308
f 6311 6393 6310
f 6310 6393 6316
f 6390 6394 6311
f 6311 6395 6393
f 6394 6395 6311
f 6312 6396 6379
f 6314 6396 6312
f 6313 6397 6314
f 6315 6397 6313
f 6314 6398 6396
f 6397 6398 6314
f 6315 6399 6397
f 6315 6400 6399
f 6395 6400 6393
f 6393 6400 6316
f 6316 6400 6315
f 6363 6401 6317
f 6317 6401 6321
f 6318 6402 6383
f 6383 6402 6384
f 6318 6403 6402
f 6319 6403 6318
f 6319 6404 6403
f 6320 6404 6319
f 6320 6405 6404
f 6321 6405 6320
f 6401 6405 6321
f 6322 6406 6327
f 6331 6406 6322
f 6323 6407 6361
f 6324 6407 6323
f 6324 6408 6407
f 6325 6408 6324
f 6325 6409 6408
f 6326 6409 6325
f 6327 6410 6326
f 6326 6410 6409
f 6327 6411 6410
f 6406 6411 6327
f 6328 6412 6329
f 6340 6412 6328
f 6329 6413 6330
f 6412 6413 6329
f 6330 6414 6331
f 6413 6414 6330
f 6331 6415 6406
f 6414 6415 6331
f 6332 6416 6350
f 6332 6417 6416
f 6333 6417 6332
f 6333 6418 6417
f 6357 6418 6334
f 6334 6418 6333
f 6339 6419 6335
f 6335 6419 6341
f 6336 6420 6338
f 6336 6421 6420
f 6337 6421 6336
f 6337 6422 6421
f 6343 6422 6337
f 6338 6423 6339
f 6339 6423 6419
f 6420 6423 6338
f 6340 6424 6412
f 6341 6424 6340
f 6341 6425 6424
f 6419 6425 6341
f 6342 6426 6343
f 6344 6426 6342
f 6343 6427 6422
f 6426 6427 6343
f 6344 6428 6426
f 6345 6428 6344
f 6345 6429 6428
f 6346 6429 6345
f 6346 6430 6429
f 6348 6430 6347
f 6347 6430 6346
f 6348 6431 6430
f 6348 6432 6431
f 6349 6432 6348
f 6350 6433 6349
f 6349 6433 6432
f 6416 6433 6350
f 6351 6434 6356
f 6352 6434 6351
f 6352 6435 6434
f 6362 6435 6352
f 6353 6436 6359
f 6353 6437 6436
f 6354 6437 6353
f 6355 6438 6354
f 6354 6438 6437
f 6355 6439 6438
f 6356 6439 6355
f 6356 6440 6439
f 6435 6440 6434
f 6434 6440 6356
f 6357 6441 6418
f 6360 6441 6357
f 6358 6442 6360
f 6358 6443 6442
f 6436 6443 6359
f 6359 6443 6358
f 6360 6444 6441
f 6442 6444 6360
f 6361 6445 6362
f 6407 6445 6361
f 6445 6446 6362
f 6362 6446 6435
f 6363 6447 6401
f 6364 6447 6363
f 6364 6448 6447
f 6365 6448 6364
f 6365 6449 6448
f 6366 6449 6365
f 6366 6450 6449
f 6369 6450 6366
f 6367 6451 6371
f 6372 6451 6368
f 6368 6451 6367
f 6370 6452 6369
f 6369 6453 6450
f 6452 6453 6369
f 6371 6454 6370
f 6370 6454 6452
f 6371 6455 6454
f 6451 6455 6371
f 6372 6456 6451
f 6373 6457 6372
f 6372 6457 6456
f 6376 6457 6374
f 6374 6457 6373
f 6375 6458 6376
f 6375 6459 6458
f 6375 6460 6459
f 6377 6460 6375
f 6376 6461 6457
f 6458 6461 6376
f 6377 6462 6460
f 6378 6462 6377
f 6378 6463 6462
f 6379 6463 6378
f 6379 6464 6463
f 6396 6464 6379
f 6380 6465 6389
f 6382 6465 6380
f 6381 6466 6382
f 6384 6466 6381
f 6466 6467 6382
f 6382 6467 6465
f 6384 6468 6466
f 6402 6468 6384
f 6385 6469 6392
f 6387 6469 6385
f 6388 6470 6386
f 6386 6470 6387
f 6387 6471 6469
f 6470 6471 6387
f 6388 6472 6470
f 6388 6473 6472
f 6389 6473 6388
f 6389 6474 6473
f 6467 6474 6465
f 6465 6474 6389
f 6390 6475 6394
f 6391 6475 6390
f 6392 6476 6391
f 6469 6476 6392
f 6391 6477 6475
f 6476 6477 6391
f 6475 6478 6394
f 6478 6479 6394
f 6394 6479 6395
f 6395 6480 6400
f 6479 6480 6395
f 6400 6480 6399
f 6396 6481 6464
f 6398 6481 6396
f 6397 6482 6398
f 6399 6482 6397
f 6398 6483 6481
f 6482 6483 6398
f 6399 6484 6482
f 6480 6484 6399
f 6401 6485 6405
f 6447 6485 6401
f 6402 6486 6468
f 6403 6486 6402
f 6403 6487 6486
f 6404 6487 6403
f 6404 6488 6487
f 6405 6488 6404
f 6485 6489 6405
f 6405 6489 6488
f 6406 6490 6411
f 6415 6490 6406
f 6407 6491 6445
f 6408 6491 6407
f 6408 6492 6491
f 6409 6492 6408
f 6409 6493 6492
f 6410 6493 6409
f 6410 6494 6493
f 6411 6494 6410
f 6411 6495 6494
f 6490 6495 6411
f 6412 6496 6413
f 6424 6496 6412
f 6413 6497 6414
f 6496 6497 6413
f 6414 6498 6415
f 6497 6498 6414
f 6415 6499 6490
f 6498 6499 6415
f 6416 6500 6433
f 6417 6501 6416
f 6416 6501 6500
f 6418 6502 6417
f 6417 6502 6501
f 6441 6502 6418
f 6419 6503 6425
f 6423 6503 6419
f 6421 6504 6420
f 6504 6505 6420
f 6420 6505 6423
f 6421 6506 6504
f 6422 6506 6421
f 6427 6507 6422
f 6422 6507 6506
f 6423 6508 6503
f 6505 6508 6423
f 6424 6509 6496
f 6425 6509 6424
f 6425 6510 6509
f 6503 6510 6425
f 6426 6511 6427
f 6428 6511 6426
f 6427 6512 6507
f 6511 6512 6427
f 6428 6513 6511
f 6429 6513 6428
f 6430 6514 6429
f 6429 6514 6513
f 6431 6515 6430
f 6430 6515 6514
f 6431 6516 6515
f 6431 6517 6516
f 6432 6517 6431
f 6432 6518 6517
f 6500 6518 6433
f 6433 6518 6432
f 6435 6519 6440
f 6446 6519 6435
f 6436 6520 6443
f 6436 6521 6520
f 6437 6521 6436
f 6437 6522 6521
f 6438 6522 6437
f 6438 6523 6522
f 6439 6523 6438
f 6519 6524 6440
f 6439 6524 6523
f 6440 6524 6439
f 6441 6525 6502
f 6444 6525 6441
f 6442 6526 6444
f 6442 6527 6526
f 6520 6527 6443
f 6443 6527 6442
f 6444 6528 6525
f 6526 6528 6444
f 6491 6529 6445
f 6445 6529 6446
f 6446 6530 6519
f 6446 6531 6530
f 6529 6531 6446
f 6447 6532 6485
f 6447 6533 6532
f 6448 6533 6447
f 6449 6533 6448
f 6449 6534 6533
f 6450 6534 6449
f 6450 6535 6534
f 6453 6535 6450
f 6451 6536 6455
f 6456 6536 6451
f 6452 6537 6453
f 6454 6537 6452
f 6453 6538 6535
f 6537 6538 6453
f 6454 6539 6537
f 6455 6539 6454
f 6455 6540 6539
f 6536 6540 6455
f 6456 6541 6536
f 6461 6541 6457
f 6457 6541 6456
f 6459 6542 6458
f 6458 6543 6461
f 6542 6543 6458
f 6459 6544 6542
f 6460 6544 6459
f 6460 6545 6544
f 6463 6545 6462
f 6462 6545 6460
f 6461 6546 6541
f 6543 6546 6461
f 6464 6547 6463
f 6463 6547 6545
f 6464 6548 6547
f 6481 6548 6464
f 6466 6549 6467
f 6468 6549 6466
f 6467 6550 6474
f 6467 6551 6550
f 6549 6551 6467
f 6468 6552 6549
f 6486 6552 6468
f 6471 6553 6469
f 6553 6554 6469
f 6469 6554 6476
f 6476 6554 6477
f 6470 6555 6471
f 6472 6555 6470
f 6471 6555 6553
f 6474 6556 6473
f 6473 6556 6472
f 6472 6557 6555
f 6556 6557 6472
f 6550 6558 6474
f 6474 6558 6556
f 6475 6559 6478
f 6477 6559 6475
f 6477 6560 6559
f 6554 6560 6477
f 6559 6561 6478
f 6561 6562 6478
f 6478 6562 6479
f 6479 6563 6480
f 6480 6563 6484
f 6562 6563 6479
f 6483 6564 6481
f 6481 6564 6548
f 6482 6565 6483
f 6483 6565 6564
f 6484 6565 6482
f 6484 6566 6565
f 6563 6566 6484
f 6485 6567 6489
f 6532 6567 6485
f 6487 6568 6486
f 6486 6568 6552
f 6487 6569 6568
f 6488 6569 6487
f 6489 6570 6488
f 6488 6570 6569
f 6567 6570 6489
f 6490 6571 6495
f 6499 6571 6490
f 6491 6572 6529
f 6493 6572 6492
f 6492 6572 6491
f 6493 6573 6572
f 6494 6573 6493
f 6494 6574 6573
f 6494 6575 6574
f 6495 6575 6494
f 6495 6576 6575
f 6571 6576 6495
f 6496 6577 6497
f 6509 6577 6496
f 6497 6578 6498
f 6577 6578 6497
f 6578 6579 6498
f 6498 6579 6499
f 6499 6580 6571
f 6579 6580 6499
f 6501 6582 6500
f 6500 6582 6581
f 6500 6583 6518
f 6581 6583 6500
f 6501 6584 6582
f 6525 6584 6502
f 6502 6584 6501
f 6503 6585 6510
f 6508 6585 6503
f 6504 6586 6505
f 6504 6587 6586
f 6506 6587 6504
f 6505 6588 6508
f 6586 6588 6505
f 6506 6589 6587
f 6507 6589 6506
f 6507 6590 6589
f 6512 6590 6507
f 6588 6591 6508
f 6508 6591 6585
f 6510 6592 6509
f 6509 6592 6577
f 6510 6593 6592
f 6585 6593 6510
f 6511 6594 6512
f 6513 6594 6511
f 6512 6595 6590
f 6594 6595 6512
f 6513 6596 6594
f 6514 6596 6513
f 6515 6597 6514
f 6514 6597 6596
f 6516 6598 6515
f 6515 6598 6597
f 6516 6599 6598
f 6516 6600 6599
f 6517 6600 6516
f 6517 6601 6600
f 6583 6601 6518
f 6518 6601 6517
f 6519 6602 6524
f 6530 6602 6519
f 6520 6603 6527
f 6520 6604 6603
f 6521 6604 6520
f 6521 6605 6604
f 6522 6605 6521
f 6522 6606 6605
f 6523 6606 6522
f 6523 6607 6606
f 6602 6607 6524
f 6524 6607 6523
f 6525 6608 6584
f 6528 6608 6525
f 6526 6609 6528
f 6526 6610 6609
f 6527 6610 6526
f 6603 6610 6527
f 6528 6611 6608
f 6609 6611 6528
f 6529 6612 6531
f 6573 6612 6572
f 6572 6612 6529
f 6530 6613 6602
f 6602 6613 6607
f 6530 6614 6613
f 6531 6614 6530
f 6531 6615 6614
f 6612 6615 6531
f 6532 6616 6567
f 6532 6617 6616
f 6534 6617 6533
f 6533 6617 6532
f 6534 6618 6617
f 6535 6618 6534
f 6535 6619 6618
f 6538 6619 6535
f 6536 6620 6540
f 6546 6620 6541
f 6541 6620 6536
f 6539 6621 6537
f 6537 6621 6538
f 6538 6622 6619
f 6621 6622 6538
f 6539 6623 6621
f 6539 6624 6623
f 6540 6624 6539
f 6540 6625 6624
f 6620 6625 6540
f 6542 6626 6543
f 6542 6627 6626
f 6544 6627 6542
f 6543 6628 6546
f 6626 6628 6543
f 6544 6629 6627
f 6544 6630 6629
f 6547 6630 6545
f 6545 6630 6544
f 6628 6631 6546
f 6546 6631 6620
f 6620 6631 6625
f 6547 6632 6630
f 6548 6632 6547
f 6548 6633 6632
f 6564 6633 6548
f 6549 6634 6551
f 6552 6634 6549
f 6550 6635 6558
f 6551 6635 6550
f 6551 6636 6635
f 6634 6636 6551
f 6552 6637 6634
f 6568 6637 6552
f 6553 6638 6554
f 6554 6638 6560
f 6553 6639 6638
f 6555 6639 6553
f 6557 6640 6555
f 6555 6640 6639
f 6558 6641 6556
f 6556 6641 6557
f 6557 6642 6640
f 6641 6642 6557
f 6558 6643 6641
f 6635 6643 6558
f 6560 6644 6559
f 6559 6644 6561
f 6560 6645 6644
f 6638 6645 6560
f 6561 6646 6562
f 6561 6647 6646
f 6561 6648 6647
f 6644 6648 6561
f 6562 6649 6563
f 6563 6649 6566
f 6646 6649 6562
f 6564 6650 6633
f 6564 6651 6650
f 6565 6651 6564
f 6565 6652 6651
f 6566 6652 6565
f 6566 6653 6652
f 6649 6653 6566
f 6567 6654 6570
f 6616 6654 6567
f 6568 6655 6637
f 6569 6655 6568
f 6569 6656 6655
f 6570 6656 6569
f 6570 6657 6656
f 6654 6657 6570
f 6571 6658 6576
f 6580 6658 6571
f 6574 6659 6573
f 6612 6659 6615
f 6573 6659 6612
f 6574 6660 6659
f 6574 6661 6660
f 6576 6661 6575
f 6575 6661 6574
f 6576 6662 6661
f 6658 6662 6576
f 6592 6663 6577
f 6577 6663 6578
f 6578 6664 6579
f 6663 6664 6578
f 6579 6665 6580
f 6664 6665 6579
f 6580 6666 6658
f 6665 6666 6580
f 6581 6667 6583
f 6581 6668 6667
f 6582 6668 6581
f 6582 6669 6668
f 6608 6669 6584
f 6584 6669 6582
f 6583 6670 6601
f 6667 6670 6583
f 6585 6671 6593
f 6591 6671 6585
f 6586 6672 6588
f 6586 6673 6672
f 6587 6673 6586
f 6587 6674 6673
f 6589 6674 6587
f 6588 6675 6591
f 6672 6675 6588
f 6590 6676 6589
f 6589 6676 6674
f 6590 6677 6676
f 6595 6677 6590
f 6591 6678 6671
f 6675 6678 6591
f 6592 6679 6663
f 6593 6679 6592
f 6593 6680 6679
f 6678 6680 6671
f 6671 6680 6593
f 6594 6681 6595
f 6596 6681 6594
f 6595 6682 6677
f 6595 6683 6682
f 6681 6683 6595
f 6596 6684 6681
f 6681 6684 6683
f 6597 6684 6596
f 6597 6685 6684
f 6598 6685 6597
f 6598 6686 6685
f 6599 6686 6598
f 6599 6687 6686
f 6599 6688 6687
f 6600 6688 6599
f 6670 6688 6601
f 6601 6688 6600
f 6603 6689 6610
f 6603 6690 6689
f 6604 6690 6603
f 6604 6691 6690
f 6605 6691 6604
f 6605 6692 6691
f 6606 6692 6605
f 6606 6693 6692
f 6607 6693 6606
f 6607 6694 6693
f 6613 6694 6607
f 6611 6695 6608
f 6608 6695 6669
f 6609 6696 6611
f 6609 6697 6696
f 6689 6697 6610
f 6610 6697 6609
f 6611 6698 6695
f 6696 6698 6611
f 6613 6699 6694
f 6614 6699 6613
f 6614 6700 6699
f 6615 6700 6614
f 6659 6701 6615
f 6615 6701 6700
f 6660 6701 6659
f 6618 6702 6617
f 6617 6702 6616
f 6702 6703 6616
f 6616 6703 6654
f 6618 6704 6702
f 6619 6704 6618
f 6619 6705 6704
f 6622 6705 6619
f 6621 6706 6622
f 6623 6706 6621
f 6706 6707 6622
f 6622 6707 6705
f 6623 6708 6706
f 6624 6708 6623
f 6624 6709 6708
f 6625 6709 6624
f 6625 6710 6709
f 6631 6710 6625
f 6626 6711 6628
f 6626 6712 6711
f 6627 6712 6626
f 6627 6713 6712
f 6629 6713 6627
f 6628 6714 6631
f 6631 6714 6710
f 6711 6714 6628
f 6630 6715 6629
f 6632 6715 6630
f 6715 6716 6629
f 6629 6716 6713
f 6633 6717 6632
f 6632 6717 6715
f 6650 6717 6633
f 6634 6718 6636
f 6637 6718 6634
f 6636 6719 6635
f 6719 6720 6635
f 6635 6720 6643
f 6718 6721 6636
f 6636 6721 6719
f 6637 6722 6718
f 6655 6722 6637
f 6638 6723 6645
f 6639 6723 6638
f 6639 6724 6723
f 6640 6724 6639
f 6640 6725 6724
f 6642 6725 6640
f 6641 6726 6642
f 6720 6726 6643
f 6643 6726 6641
f 6642 6727 6725
f 6642 6728 6727
f 6726 6728 6642
f 6644 6729 6648
f 6645 6729 6644
f 6645 6730 6729
f 6724 6730 6723
f 6723 6730 6645
f 6646 6731 6649
f 6649 6731 6653
f 6647 6731 6646
f 6647 6732 6731
f 6647 6733 6732
f 6648 6733 6647
f 6648 6734 6733
f 6729 6734 6648
f 6650 6735 6717
f 6650 6736 6735
f 6651 6736 6650
f 6651 6737 6736
f 6653 6737 6652
f 6652 6737 6651
f 6653 6738 6737
f 6731 6738 6653
f 6703 6739 6654
f 6654 6739 6657
f 6656 6740 6655
f 6655 6740 6722
f 6739 6741 6657
f 6657 6741 6656
f 6741 6742 6656
f 6656 6742 6740
f 6658 6743 6662
f 6666 6743 6658
f 6660 6744 6701
f 6660 6745 6744
f 6661 6745 6660
f 6662 6745 6661
f 6662 6746 6745
f 6743 6746 6662
f 6663 6747 6664
f 6679 6747 6663
f 6747 6748 6664
f 6664 6748 6665
f 6665 6748 6666
f 6666 6749 6743
f 6666 6750 6749
f 6748 6750 6666
f 6667 6751 6670
f 6668 6752 6667
f 6667 6752 6751
f 6668 6753 6752
f 6695 6753 6669
f 6669 6753 6668
f 6751 6754 6670
f 6670 6754 6688
f 6672 6755 6675
f 6672 6756 6755
f 6673 6756 6672
f 6674 6757 6673
f 6673 6757 6756
f 6674 6758 6757
f 6676 6758 6674
f 6675 6759 6678
f 6755 6759 6675
f 6676 6760 6758
f 6677 6760 6676
f 6677 6761 6760
f 6682 6761 6677
f 6678 6762 6680
f 6759 6762 6678
f 6679 6763 6747
f 6680 6763 6679
f 6680 6764 6763
f 6762 6764 6680
f 6682 6765 6761
f 6682 6766 6765
f 6683 6766 6682
f 6683 6767 6766
f 6685 6767 6684
f 6684 6767 6683
f 6685 6768 6767
f 6686 6768 6685
f 6686 6769 6768
f 6687 6769 6686
f 6687 6770 6769
f 6754 6770 6688
f 6688 6770 6687
f 6689 6771 6697
f 6689 6772 6771
f 6690 6772 6689
f 6690 6773 6772
f 6691 6773 6690
f 6691 6774 6773
f 6692 6774 6691
f 6693 6775 6692
f 6692 6775 6774
f 6694 6775 6693
f 6699 6776 6694
f 6694 6776 6775
f 6695 6777 6753
f 6698 6777 6695
f 6696 6778 6698
f 6696 6779 6778
f 6771 6779 6697
f 6697 6779 6696
f 6698 6780 6777
f 6778 6780 6698
f 6700 6781 6699
f 6699 6781 6776
f 6700 6782 6781
f 6744 6782 6701
f 6701 6782 6700
f 6704 6783 6702
f 6702 6783 6703
f 6703 6784 6739
f 6783 6784 6703
f 6704 6785 6783
f 6705 6785 6704
f 6705 6786 6785
f 6705 6787 6786
f 6707 6787 6705
f 6706 6788 6707
f 6707 6788 6787
f 6706 6789 6788
f 6708 6789 6706
f 6708 6790 6789
f 6709 6790 6708
f 6710 6791 6709
f 6709 6791 6790
f 6710 6792 6791
f 6714 6792 6710
f 6712 6794 6711
f 6711 6794 6793
f 6711 6795 6714
f 6793 6795 6711
f 6714 6795 6792
f 6712 6796 6794
f 6713 6796 6712
f 6716 6797 6713
f 6713 6797 6796
f 6717 6798 6715
f 6715 6798 6716
f 6735 6798 6717
f 6716 6799 6797
f 6798 6799 6716
f 6718 6800 6721
f 6722 6800 6718
f 6719 6801 6720
f 6719 6802 6801
f 6721 6802 6719
f 6720 6803 6726
f 6726 6803 6728
f 6801 6803 6720
f 6800 6804 6721
f 6721 6804 6802
f 6722 6805 6800
f 6742 6805 6740
f 6740 6805 6722
f 6724 6806 6730
f 6724 6807 6806
f 6727 6807 6725
f 6725 6807 6724
f 6729 6808 6734
f 6806 6808 6730
f 6730 6808 6729
f 6731 6809 6738
f 6732 6809 6731
f 6735 6810 6798
f 6798 6810 6799
f 6735 6811 6810
f 6736 6811 6735
f 6736 6812 6811
f 6737 6812 6736
f 6738 6813 6737
f 6737 6813 6812
f 6809 6813 6738
f 6784 6814 6739
f 6814 6815 6739
f 6739 6815 6741
f 6741 6816 6742
f 6815 6816 6741
f 6816 6817 6742
f 6742 6817 6805
f 6743 6818 6746
f 6749 6818 6743
f 6744 6819 6782
f 6744 6820 6819
f 6746 6820 6745
f 6745 6820 6744
f 6746 6821 6820
f 6818 6821 6746
f 6747 6822 6748
f 6748 6822 6750
f 6747 6823 6822
f 6763 6823 6747
f 6749 6824 6818
f 6749 6825 6824
f 6750 6825 6749
f 6750 6826 6825
f 6823 6826 6822
f 6822 6826 6750
f 6751 6827 6754
f 6751 6828 6827
f 6752 6828 6751
f 6752 6829 6828
f 6777 6829 6753
f 6753 6829 6752
f 6827 6830 6754
f 6754 6830 6770
f 6755 6831 6759
f 6755 6832 6831
f 6756 6832 6755
f 6756 6833 6832
f 6757 6833 6756
f 6757 6834 6833
f 6760 6834 6758
f 6758 6834 6757
f 6759 6835 6762
f 6831 6835 6759
f 6760 6836 6834
f 6760 6837 6836
f 6761 6837 6760
f 6761 6838 6837
f 6765 6838 6761
f 6762 6839 6764
f 6835 6839 6762
f 6763 6840 6823
f 6839 6840 6764
f 6764 6840 6763
f 6765 6841 6838
f 6765 6842 6841
f 6766 6842 6765
f 6766 6843 6842
f 6768 6843 6767
f 6767 6843 6766
f 6769 6844 6768
f 6844 6845 6768
f 6768 6845 6843
f 6769 6846 6844
f 6830 6846 6770
f 6770 6846 6769
f 6771 6847 6779
f 6772 6847 6771
f 6773 6848 6772
f 6848 6849 6772
f 6772 6849 6847
f 6773 6850 6848
f 6774 6850 6773
f 6774 6851 6850
f 6775 6851 6774
f 6775 6852 6851
f 6776 6852 6775
f 6776 6853 6852
f 6781 6853 6776
f 6777 6854 6829
f 6780 6854 6777
f 6778 6855 6780
f 6778 6856 6855
f 6847 6856 6779
f 6779 6856 6778
f 6855 6857 6780
f 6780 6858 6854
f 6857 6858 6780
f 6781 6859 6853
f 6782 6859 6781
f 6819 6859 6782
f 6783 6860 6784
f 6784 6860 6814
f 6783 6861 6860
f 6786 6861 6785
f 6785 6861 6783
f 6800 6862 6804
f 6817 6862 6805
f 6805 6862 6800
f 6818 6863 6821
f 6824 6863 6818
f 6820 6864 6819
f 6821 6864 6820
f 6864 6865 6819
f 6819 6865 6859
f 6863 6866 6821
f 6821 6867 6864
f 6866 6867 6821
f 6823 6868 6826
f 6840 6868 6823
f 6824 6869 6863
f 6824 6870 6869
f 6825 6870 6824
f 6826 6871 6825
f 6825 6871 6870
f 6868 6871 6826
f 6827 6872 6830
f 6827 6873 6872
f 6828 6873 6827
f 6828 6874 6873
f 6854 6874 6829
f 6829 6874 6828
f 6830 6875 6846
f 6872 6875 6830
f 6831 6876 6835
f 6831 6877 6876
f 6832 6877 6831
f 6832 6878 6877
f 6833 6878 6832
f 6834 6879 6833
f 6836 6879 6834
f 6833 6879 6878
f 6835 6880 6839
f 6876 6880 6835
f 6836 6881 6879
f 6836 6882 6881
f 6837 6882 6836
f 6838 6883 6837
f 6837 6883 6882
f 6841 6884 6838
f 6838 6884 6883
f 6880 6885 6839
f 6885 6886 6839
f 6840 6886 6868
f 6839 6886 6840
f 6841 6887 6884
f 6842 6887 6841
f 6842 6888 6887
f 6842 6889 6888
f 6845 6889 6843
f 6843 6889 6842
f 6844 6890 6845
f 6845 6890 6889
f 6844 6891 6890
f 6875 6891 6846
f 6846 6891 6844
f 6847 6892 6856
f 6849 6892 6847
f 6848 6893 6849
f 6850 6893 6848
f 6849 6894 6892
f 6893 6894 6849
f 6850 6895 6893
f 6850 6896 6895
f 6852 6896 6851
f 6851 6896 6850
f 6852 6897 6896
f 6853 6897 6852
f 6853 6898 6897
f 6865 6898 6859
f 6859 6898 6853
f 6854 6899 6874
f 6858 6899 6854
f 6855 6900 6857
f 6855 6901 6900
f 6892 6901 6856
f 6856 6901 6855
f 6900 6902 6857
f 6857 6902 6858
f 6858 6903 6899
f 6902 6903 6858
f 6863 6904 6866
f 6869 6904 6863
f 6867 6905 6864
f 6864 6905 6865
f 6865 6906 6898
f 6905 6906 6865
f 6866 6907 6867
f 6904 6907 6866
f 6867 6908 6905
f 6905 6908 6906
f 6867 6909 6908
f 6907 6909 6867
f 6868 6910 6871
f 6868 6911 6910
f 6886 6911 6868
f 6869 6912 6904
f 6870 6912 6869
f 6871 6913 6870
f 6870 6913 6912
f 6910 6913 6871
f 6872 6914 6875
f 6872 6915 6914
f 6873 6915 6872
f 6873 6916 6915
f 6899 6916 6874
f 6874 6916 6873
f 6914 6917 6875
f 6875 6917 6891
f 6876 6918 6880
f 6876 6919 6918
f 6877 6919 6876
f 6877 6920 6919
f 6878 6920 6877
f 6878 6921 6920
f 6881 6921 6879
f 6879 6921 6878
f 6880 6922 6885
f 6918 6922 6880
f 6882 6923 6881
f 6923 6924 6881
f 6881 6924 6921
f 6882 6925 6923
f 6883 6925 6882
f 6883 6926 6925
f 6884 6926 6883
f 6887 6927 6884
f 6884 6927 6926
f 6885 6928 6886
f 6886 6928 6911
f 6885 6929 6928
f 6922 6929 6885
f 6887 6930 6927
f 6888 6930 6887
f 6890 6931 6889
f 6889 6931 6888
f 6888 6932 6930
f 6931 6932 6888
f 6890 6933 6931
f 6917 6933 6891
f 6891 6933 6890
f 6894 6934 6892
f 6934 6935 6892
f 6892 6935 6901
f 6893 6936 6894
f 6895 6936 6893
f 6894 6937 6934
f 6936 6937 6894
f 6895 6938 6936
f 6895 6939 6938
f 6896 6939 6895
f 6897 6939 6896
f 6897 6940 6939
f 6906 6940 6898
f 6898 6940 6897
f 6899 6941 6916
f 6903 6941 6899
f 6900 6942 6902
f 6900 6943 6942
f 6935 6943 6901
f 6901 6943 6900
f 6902 6944 6903
f 6942 6944 6902
f 6903 6945 6941
f 6944 6945 6903
f 6904 6946 6907
f 6912 6947 6904
f 6904 6947 6946
f 6906 6948 6940
f 6908 6948 6906
f 6907 6949 6909
f 6946 6949 6907
f 6908 6950 6948
f 6909 6950 6908
f 6909 6951 6950
f 6949 6951 6909
f 6911 6952 6910
f 6910 6953 6913
f 6952 6953 6910
f 6928 6954 6911
f 6911 6954 6952
f 6929 6954 6928
f 6912 6955 6947
f 6953 6955 6913
f 6913 6955 6912
f 6914 6956 6917
f 6914 6957 6956
f 6915 6957 6914
f 6915 6958 6957
f 6941 6958 6916
f 6916 6958 6915
f 6917 6959 6933
f 6956 6959 6917
f 6918 6960 6922
f 6918 6961 6960
f 6919 6961 6918
f 6919 6962 6961
f 6920 6962 6919
f 6920 6963 6962
f 6921 6964 6920
f 6920 6964 6963
f 6924 6964 6921
f 6922 6965 6929
f 6960 6965 6922
f 6923 6966 6924
f 6923 6967 6966
f 6925 6967 6923
f 6924 6968 6964
f 6966 6968 6924
f 6925 6969 6967
f 6926 6969 6925
f 6926 6970 6969
f 6927 6970 6926
f 6927 6971 6970
f 6930 6971 6927
f 6929 6972 6954
f 6965 6972 6929
f 6930 6973 6971
f 6932 6973 6930
f 6931 6974 6932
f 6959 6974 6933
f 6933 6974 6931
f 6974 6975 6932
f 6932 6975 6973
f 6934 6976 6935
f 6937 6976 6934
f 6935 6977 6943
f 6935 6978 6977
f 6976 6978 6935
f 6936 6979 6937
f 6938 6979 6936
f 6937 6980 6976
f 6979 6980 6937
f 6938 6981 6979
f 6938 6982 6981
f 6948 6982 6940
f 6940 6982 6939
f 6939 6982 6938
f 6941 6983 6958
f 6945 6983 6941
f 6942 6984 6944
f 6942 6985 6984
f 6943 6985 6942
f 6977 6985 6943
f 6944 6986 6945
f 6984 6986 6944
f 6945 6987 6983
f 6986 6987 6945
f 6946 6988 6949
f 6946 6989 6988
f 6947 6989 6946
f 6947 6990 6989
f 6955 6990 6947
f 6948 6991 6982
f 6982 6991 6981
f 6950 6991 6948
f 6949 6992 6951
f 6988 6992 6949
f 6950 6993 6991
f 6951 6993 6950
f 6951 6994 6993
f 6992 6994 6951
f 6952 6995 6953
f 6952 6996 6995
f 6972 6996 6954
f 6954 6996 6952
f 6953 6997 6955
f 6955 6997 6990
f 6995 6997 6953
f 6956 6998 6959
f 6956 6999 6998
f 6956 7000 6999
f 6958 7000 6957
f 6983 7000 6958
f 6957 7000 6956
f 6959 7001 6974
f 6998 7001 6959
f 6974 7001 6975
f 6961 7002 6960
f 6962 7002 6961
f 7002 7003 6960
f 6960 7003 6965
f 6962 7004 7002
f 6963 7004 6962
f 6963 7005 7004
f 6968 7005 6964
f 6964 7005 6963
f 6965 7006 6972
f 7003 7006 6965
f 6966 7007 6968
f 6966 7008 7007
f 6967 7008 6966
f 6967 7009 7008
f 6969 7009 6967
f 6968 7010 7005
f 7007 7010 6968
f 6969 7011 7009
f 6970 7011 6969
f 6970 7012 7011
f 6971 7012 6970
f 6971 7013 7012
f 6973 7013 6971
f 6972 7014 6996
f 7006 7014 6972
f 6973 7015 7013
f 6975 7015 6973
f 6975 7016 7015
f 6975 7017 7016
f 7001 7017 6975
f 6976 7018 6978
f 6980 7018 6976
f 6977 7019 6985
f 6977 7020 7019
f 6978 7020 6977
f 7018 7021 6978
f 6978 7021 7020
f 6979 7022 6980
f 6981 7022 6979
f 6980 7023 7018
f 7022 7023 6980
f 6981 7024 7022
f 6993 7024 6991
f 6991 7024 6981
f 6983 7025 7000
f 7000 7025 6999
f 6987 7025 6983
f 6984 7026 6986
f 6984 7027 7026
f 7019 7027 6985
f 6985 7027 6984
f 6986 7028 6987
f 7026 7028 6986
f 6987 7029 7025
f 7028 7029 6987
f 6988 7030 6992
f 6988 7031 7030
f 6989 7031 6988
f 6990 7032 6989
f 6989 7032 7031
f 6990 7033 7032
f 6997 7033 6990
f 6992 7034 6994
f 7030 7034 6992
f 6993 7035 7024
f 6994 7035 6993
f 6994 7036 7035
f 7034 7036 6994
f 6996 7037 6995
f 7014 7037 6996
f 7037 7038 6995
f 6997 7038 7033
f 6995 7038 6997
f 6999 7039 6998
f 6998 7040 7001
f 7001 7040 7017
f 7039 7040 6998
f 6999 7041 7039
f 7029 7041 7025
f 7025 7041 6999
f 7002 7042 7003
f 7002 7043 7042
f 7004 7043 7002
f 7003 7044 7006
f 7042 7044 7003
f 7004 7045 7043
f 7010 7045 7005
f 7005 7045 7004
f 7006 7046 7014
f 7044 7046 7006
f 7014 7047 7037
f 7046 7047 7014
f 7040 7048 7017
f 7017 7048 7016
f 7018 7049 7021
f 7023 7049 7018
f 7020 7050 7019
f 7050 7051 7019
f 7019 7051 7027
f 7020 7052 7050
f 7021 7052 7020
f 7049 7053 7021
f 7021 7053 7052
f 7022 7054 7023
f 7035 7054 7024
f 7024 7054 7022
f 7023 7055 7049
f 7054 7055 7023
f 7026 7056 7028
f 7026 7057 7056
f 7051 7057 7027
f 7027 7057 7026
f 7028 7058 7029
f 7056 7058 7028
f 7029 7059 7041
f 7058 7059 7029
f 7030 7060 7034
f 7031 7060 7030
f 7031 7061 7060
f 7032 7062 7031
f 7031 7062 7061
f 7033 7063 7032
f 7032 7063 7062
f 7033 7064 7063
f 7033 7065 7064
f 7038 7065 7033
f 7034 7066 7036
f 7060 7066 7034
f 7035 7067 7054
f 7036 7067 7035
f 7054 7067 7055
f 7036 7068 7067
f 7066 7068 7036
f 7037 7069 7038
f 7038 7069 7065
f 7047 7069 7037
f 7041 7070 7039
f 7059 7070 7041
f 7070 7071 7039
f 7039 7071 7040
f 7040 7071 7048
f 7049 7072 7053
f 7055 7072 7049
f 7052 7073 7050
f 7073 7074 7050
f 7050 7074 7051
f 7051 7075 7057
f 7074 7075 7051
f 7052 7076 7073
f 7053 7076 7052
f 7053 7077 7076
f 7072 7077 7053
f 7055 7078 7072
f 7068 7078 7067
f 7067 7078 7055
f 7056 7079 7058
f 7058 7079 7059
f 7056 7080 7079
f 7075 7080 7057
f 7057 7080 7056
f 7060 7081 7066
f 7061 7081 7060
f 7066 7082 7068
f 7081 7082 7066
f 7068 7083 7078
f 7082 7083 7068
f 7072 7084 7077
f 7083 7084 7078
f 7078 7084 7072
f 7086 7087 7085
f 7087 316 7085
f 7086 7088 7087
f 7086 7089 7088
f 7088 7090 7087
f 7090 7091 7087
f 7087 7091 316
f 7091 265 316
f 7089 7092 7088
f 7092 7093 7088
f 7088 7093 7090
f 7090 7094 7091
f 7090 650 7094
f 7093 650 7090
f 7094 7095 7091
f 7095 7096 7091
f 7091 7096 265
f 7094 7097 7095
f 7094 7098 7097
f 650 7098 7094
f 7097 7099 7095
f 7099 7100 7095
f 7095 7100 7096
f 7100 7101 7096
f 7098 7102 7097
f 7102 898 7097
f 7097 898 7099
f 898 7103 7099
f 7103 7104 7099
f 7099 7104 7100
f 7104 217 7100
f 7100 217 7101
f 898 7105 7103
f 7105 7106 7103
f 7106 7107 7103
f 7103 7107 7104
f 7107 7108 7104
f 7104 7108 217
f 7105 993 7106
f 993 1096 7106
f 7106 1096 7109
f 7109 7110 7106
f 7106 7110 7107
f 7110 7111 7107
f 7111 174 7107
f 7107 174 7108
f 1096 7112 7109
f 7112 7113 7109
f 7113 7114 7109
f 7109 7114 7110
f 7114 7115 7110
f 7110 7115 7111
f 7115 139 7111
f 7112 7116 7113
f 7116 7117 7113
f 7114 7118 7115
f 7113 7118 7114
f 7117 7119 7113
f 7113 7119 7118
f 7115 7120 139
f 7115 7121 7120
f 7118 7121 7115
f 7119 7121 7118
f 7116 7122 7117
f 7122 7123 7117
f 7123 7124 7117
f 7117 7124 7119
f 7124 7125 7119
f 7119 7125 7121
f 7121 7126 7120
f 7125 7126 7121
f 7123 7127 7124
f 7127 7128 7124
f 7128 7129 7124
f 7124 7129 7125
f 7125 140 7126
f 7129 140 7125
f 7131 7132 7130
f 7130 7133 7131
f 7130 7134 7133
f 7130 7135 7134
f 7132 7135 7130
f 7136 7137 7131
f 7131 7137 7132
f 7131 7138 7136
f 7131 7139 7138
f 7133 7139 7131
f 7134 7140 7133
f 7140 7141 7133
f 7133 7141 7139
f 7136 7142 7137
f 7136 665 7142
f 7138 665 7136
f 7138 744 665
f 7138 7143 744
f 7139 7143 7138
f 7139 7144 7143
f 7141 7144 7139
f 7140 7145 7141
f 7145 7146 7141
f 7141 7146 7144
f 7143 7147 744
f 7143 7148 7147
f 7144 7148 7143
f 7144 7149 7148
f 7146 7149 7144
f 7145 7150 7146
f 7150 7151 7146
f 7146 7151 7149
f 7148 828 7147
f 7149 828 7148
f 7149 913 828
f 7149 7152 913
f 7151 7152 7149
f 7150 7153 7151
f 7151 7154 7152
f 7153 7154 7151
f 7152 918 913
f 7152 7155 918
f 7154 7155 7152
f 7153 7156 7154
f 7154 7157 7155
f 7156 7157 7154
f 7155 1016 918
f 7155 7158 1016
f 7157 7158 7155
f 7156 7159 7157
f 7157 7160 7158
f 7159 7160 7157
f 7158 7161 1016
f 7158 7162 7161
f 7160 7162 7158
f 7159 7163 7160
f 7160 7164 7162
f 7160 7165 7164
f 7163 7165 7160
f 7162 7166 7161
f 7162 7167 7166
f 7164 7167 7162
f 7169 7170 7168
f 7170 7171 7168
f 7171 7172 7168
f 7173 7174 7169
f 7169 7174 7170
f 7170 7175 7171
f 7170 7176 7175
f 7174 7176 7170
f 7171 7177 7172
f 7171 7178 7177
f 7175 7178 7171
f 7177 7179 7172
f 7173 7180 7174
f 7173 7181 7180
f 7174 7182 7176
f 7180 7182 7174
f 7175 7183 7178
f 7175 7184 7183
f 7176 7184 7175
f 7176 7185 7184
f 7182 7185 7176
f 7178 7186 7177
f 7177 7187 7179
f 7186 7187 7177
f 7178 7188 7186
f 7183 7188 7178
f 7187 7189 7179
f 7180 7190 7182
f 7180 7191 7190
f 7181 7191 7180
f 7182 7192 7185
f 7190 7192 7182
f 7184 2896 7183
f 2896 7193 7183
f 7183 7193 7188
f 7184 3053 2896
f 7185 3053 7184
f 7185 3208 3053
f 7192 3208 7185
f 7188 7194 7186
f 7186 7195 7187
f 7194 7195 7186
f 7187 7195 7189
f 7193 7196 7188
f 7196 7197 7188
f 7188 7197 7194
f 7195 7198 7189
f 7190 7199 7192
f 7191 7199 7190
f 7199 7200 7192
f 7192 7201 3208
f 7200 7201 7192
f 7194 7202 7195
f 7197 2576 7194
f 7194 2576 7202
f 7195 7203 7198
f 7202 7203 7195
f 7203 7204 7198
f 7202 7205 7203
f 2576 2410 7202
f 2410 7206 7202
f 7202 7206 7205
f 7205 7207 7203
f 7203 7207 7204
f 7207 7208 7204
f 7206 7209 7205
f 7209 7210 7205
f 7205 7210 7207
f 2410 2255 7206
f 7206 2255 7209
f 7207 7211 7208
f 7210 7211 7207
f 7209 7212 7210
f 7209 7213 7212
f 2255 7213 7209