v 0.079812 -0.252121 0.132588
v 0.078380 -0.260014 0.132002
v 0.071638 -0.253016 0.136888
v 0.078789 -0.242975 0.131713
v 0.084884 -0.262033 0.131677
v 0.089408 -0.253186 0.124841
v 0.085340 -0.242894 0.128115
v 0.081273 -0.270276 0.133172
v 0.071500 -0.264929 0.139386
v 0.061861 -0.259681 0.142437
v 0.061550 -0.248199 0.143190
v 0.068117 -0.243224 0.135759
v 0.072621 -0.233572 0.133355
v 0.078518 -0.234418 0.130899
v 0.093841 -0.263540 0.124791
v 0.087071 -0.273083 0.130735
v 0.098176 -0.255091 0.117043
v 0.094880 -0.243521 0.119337
v 0.088126 -0.233954 0.122612
v 0.079975 -0.280942 0.136463
v 0.072872 -0.276325 0.138349
v 0.062583 -0.270834 0.144255
v 0.056280 -0.265590 0.144968
v 0.056325 -0.254278 0.145203
v 0.055942 -0.243705 0.142260
v 0.061033 -0.236103 0.140141
v 0.077079 -0.220908 0.128759
v 0.067881 -0.220049 0.135828
v 0.082187 -0.219847 0.125981
v 0.099917 -0.265830 0.122846
v 0.096802 -0.274040 0.122915
v 0.091691 -0.281361 0.127952
v 0.101368 -0.249041 0.116312
v 0.106051 -0.258198 0.116404
v 0.099438 -0.239546 0.117442
v 0.096634 -0.232271 0.114479
v 0.090937 -0.219359 0.117561
v 0.086632 -0.289232 0.131775
v 0.081283 -0.292178 0.131897
v 0.073763 -0.286187 0.138425
v 0.063750 -0.281944 0.143855
v 0.057134 -0.276462 0.146414
v 0.046988 -0.271393 0.150834
v 0.046268 -0.260387 0.149521
v 0.046377 -0.248985 0.149723
v 0.045770 -0.238153 0.146737
v 0.055721 -0.233248 0.142791
v 0.058938 -0.220578 0.141078
v 0.109077 -0.268478 0.115114
v 0.103271 -0.275531 0.121390
v 0.101150 -0.283664 0.120378
v 0.095359 -0.292226 0.124499
v 0.110310 -0.251195 0.107779
v 0.107759 -0.240837 0.108832
v 0.114710 -0.261364 0.108198
v 0.102968 -0.231699 0.111092
v 0.099485 -0.219868 0.108657
v 0.086245 -0.299317 0.127134
v 0.078654 -0.302463 0.128629
v 0.070909 -0.297548 0.135253
v 0.063401 -0.292038 0.141985
v 0.058303 -0.287419 0.145764
v 0.047445 -0.282793 0.150941
v 0.040750 -0.266452 0.152410
v 0.037279 -0.277724 0.154941
v 0.040480 -0.254981 0.152815
v 0.035668 -0.244909 0.150745
v 0.035821 -0.234234 0.150956
v 0.044875 -0.222417 0.146798
v 0.053794 -0.221052 0.142363
v 0.117235 -0.272852 0.107105
v 0.111544 -0.277858 0.113744
v 0.107615 -0.286018 0.118120
v 0.101995 -0.294391 0.122365
v 0.096515 -0.301613 0.118418
v 0.115888 -0.242262 0.100286
v 0.117907 -0.254181 0.099644
v 0.111375 -0.232616 0.101397
v 0.122130 -0.265058 0.100097
v 0.105901 -0.218872 0.105113
v 0.090156 -0.307592 0.120851
v 0.081567 -0.306725 0.127153
v 0.078086 -0.312077 0.127796
v 0.069585 -0.306886 0.132617
v 0.061523 -0.303777 0.138384
v 0.057135 -0.297364 0.140607
v 0.048644 -0.291734 0.146863
v 0.036599 -0.287944 0.152276
v 0.031479 -0.271937 0.157736
v 0.030880 -0.260889 0.156857
v 0.031246 -0.283262 0.156774
v 0.030757 -0.249100 0.156905
v 0.030902 -0.238175 0.152434
v 0.035609 -0.221739 0.151022
v 0.031984 -0.222349 0.152825
v 0.122489 -0.276464 0.106413
v 0.117605 -0.284619 0.108171
v 0.111493 -0.294996 0.114093
v 0.102214 -0.302161 0.115060
v 0.099266 -0.309990 0.113465
v 0.121170 -0.246610 0.099777
v 0.118865 -0.233261 0.099455
v 0.124778 -0.257597 0.099236
v 0.114273 -0.218553 0.095717
v 0.127648 -0.269438 0.098700
v 0.093215 -0.318404 0.119458
v 0.084090 -0.316723 0.126330
v 0.079808 -0.322994 0.126619
v 0.070408 -0.318983 0.133205
v 0.061523 -0.313726 0.137985
v 0.056868 -0.309650 0.139813
v 0.047966 -0.303657 0.143145
v 0.039976 -0.297304 0.146870
v 0.029380 -0.291815 0.151551
v 0.035537 -0.300138 0.146893
v 0.023654 -0.265861 0.159423
v 0.020984 -0.277178 0.160951
v 0.023991 -0.254372 0.159341
v 0.019679 -0.287725 0.158069
v 0.020627 -0.244149 0.155205
v 0.020672 -0.234136 0.155952
v 0.023031 -0.221514 0.155657
v 0.130476 -0.280247 0.098518
v 0.124224 -0.287037 0.106431
v 0.118252 -0.294037 0.105457
v 0.110478 -0.304052 0.107023
v 0.105585 -0.313259 0.111851
v 0.098174 -0.319185 0.117289
v 0.125949 -0.240127 0.093019
v 0.128205 -0.250791 0.091008
v 0.120167 -0.218315 0.093751
v 0.125950 -0.231622 0.088272
v 0.132463 -0.261103 0.091258
v 0.135368 -0.271651 0.090835
v 0.094256 -0.326335 0.116832
v 0.085194 -0.324147 0.123948
v 0.077294 -0.331889 0.128875
v 0.071818 -0.330177 0.131283
v 0.061590 -0.325990 0.137355
v 0.056339 -0.318866 0.138907
v 0.046932 -0.312733 0.142573
v 0.037850 -0.309081 0.146453
v 0.026146 -0.302998 0.148558
v 0.017968 -0.296087 0.151796
v 0.031098 -0.312660 0.147583
v 0.013100 -0.271093 0.162034
v 0.013254 -0.259401 0.160842
v 0.012142 -0.282182 0.161493
v 0.014154 -0.247980 0.157882
v 0.013640 -0.292102 0.156426
v 0.014772 -0.236912 0.154982
v 0.012368 -0.222091 0.157622
v 0.138320 -0.282363 0.090437
v 0.131693 -0.290430 0.097838
v 0.123611 -0.295824 0.104226
v 0.118379 -0.304733 0.099522
v 0.114534 -0.316075 0.104028
v 0.106929 -0.322057 0.109988
v 0.099799 -0.330386 0.115888
v 0.133271 -0.241973 0.084173
v 0.136520 -0.252401 0.083442
v 0.128100 -0.217947 0.084465
v 0.133433 -0.232796 0.078670
v 0.139551 -0.264519 0.083029
v 0.141199 -0.276314 0.088175
v 0.095577 -0.337180 0.115342
v 0.086749 -0.334680 0.122391
v 0.073885 -0.339022 0.127710
v 0.078778 -0.343054 0.126333
v 0.065365 -0.335649 0.133419
v 0.056610 -0.333157 0.137441
v 0.053888 -0.329531 0.139061
v 0.045288 -0.323864 0.143243
v 0.035905 -0.317633 0.145930
v 0.017555 -0.307845 0.149723
v 0.012713 -0.301026 0.150836
v 0.030413 -0.321992 0.146537
v 0.020535 -0.315602 0.148410
v 0.004544 -0.275352 0.162666
v 0.005200 -0.264075 0.161312
v 0.005766 -0.253133 0.157470
v 0.003894 -0.286262 0.160337
v 0.006540 -0.243849 0.155065
v 0.003042 -0.294977 0.153459
v 0.001695 -0.234841 0.155981
v 0.007780 -0.222515 0.157439
v 0.144664 -0.286428 0.087233
v 0.139520 -0.290507 0.089195
v 0.133586 -0.299972 0.090706
v 0.125263 -0.303330 0.097756
v 0.119899 -0.311735 0.100785
v 0.118061 -0.322360 0.104015
v 0.114191 -0.327346 0.103603
v 0.107570 -0.334678 0.109301
v 0.100557 -0.339588 0.113999
v 0.138500 -0.243781 0.079778
v 0.141895 -0.255936 0.081375
v 0.135127 -0.217771 0.075372
v 0.140069 -0.232206 0.075638
v 0.144754 -0.267948 0.080685
v 0.148606 -0.278241 0.079453
v 0.096123 -0.348095 0.113256
v 0.087592 -0.345306 0.119927
v 0.074710 -0.350610 0.124725
v 0.066106 -0.347623 0.130624
v 0.079893 -0.351427 0.123262
v 0.057123 -0.344308 0.135621
v 0.052395 -0.338804 0.137334
v 0.043984 -0.332684 0.141398
v 0.034894 -0.329446 0.145335
v 0.013432 -0.312665 0.149667
v 0.002591 -0.306837 0.150347
v 0.029584 -0.334099 0.145186
v 0.020322 -0.327701 0.147788
v 0.010416 -0.321468 0.149071
v -0.006176 -0.279472 0.161961
v -0.005898 -0.268417 0.162505
v -0.005167 -0.256655 0.161363
v -0.004268 -0.245515 0.156832
v -0.006339 -0.290865 0.157441
v -0.006873 -0.300734 0.151206
v -0.009414 -0.236868 0.155338
v -0.003761 -0.222257 0.157494
v 0.148944 -0.296285 0.080891
v 0.152350 -0.286978 0.077268
v 0.140870 -0.298604 0.088459
v 0.128475 -0.309052 0.091766
v 0.137314 -0.308384 0.084041
v 0.126574 -0.319183 0.095758
v 0.121133 -0.334161 0.097155
v 0.124544 -0.329348 0.098269
v 0.114168 -0.337856 0.102508
v 0.108010 -0.345190 0.107497
v 0.100583 -0.351574 0.112356
v 0.144674 -0.240460 0.069106
v 0.146567 -0.250153 0.072417
v 0.147895 -0.260778 0.073695
v 0.139761 -0.217617 0.072576
v 0.145374 -0.230789 0.063881
v 0.151709 -0.269599 0.070186
v 0.155722 -0.279067 0.070565
v 0.096756 -0.356489 0.110270
v 0.088598 -0.353208 0.117020
v 0.071845 -0.360229 0.125602
v 0.067157 -0.356763 0.127027
v 0.058081 -0.353158 0.132330
v 0.081224 -0.362292 0.119620
v 0.052563 -0.350278 0.134755
v 0.043226 -0.344788 0.139791
v 0.034035 -0.338639 0.143255
v 0.003803 -0.315215 0.149134
v -0.008215 -0.313205 0.150016
v 0.029346 -0.343828 0.142988
v 0.020076 -0.337539 0.145519
v 0.010653 -0.333751 0.147640
v 0.006400 -0.326700 0.148610
v -0.013783 -0.272721 0.161694
v -0.013513 -0.284514 0.160058
v -0.012908 -0.260203 0.160816
v -0.012830 -0.247754 0.157777
v -0.010492 -0.293888 0.153342
v -0.012109 -0.306280 0.150392
v -0.008866 -0.221664 0.157617
v -0.014107 -0.236149 0.155861
v 0.156884 -0.296638 0.071121
v 0.148900 -0.303963 0.073494
v 0.141824 -0.305854 0.081585
v 0.159285 -0.287468 0.067403
v 0.134282 -0.317691 0.087426
v 0.139542 -0.316810 0.085792
v 0.131935 -0.328724 0.090837
v 0.127700 -0.337421 0.095401
v 0.119154 -0.344526 0.102682
v 0.114973 -0.351060 0.100882
v 0.106756 -0.357990 0.106475
v 0.100337 -0.363366 0.111796
v 0.149923 -0.238916 0.058601
v 0.151855 -0.248219 0.061772
v 0.152328 -0.258856 0.064355
v 0.145320 -0.217076 0.063588
v 0.149899 -0.217615 0.054228
v 0.151707 -0.231426 0.057480
v 0.156299 -0.267423 0.065482
v 0.158133 -0.277937 0.066852
v 0.089911 -0.363678 0.113628
v 0.073858 -0.370638 0.120765
v 0.068030 -0.368117 0.122854
v 0.058658 -0.365033 0.128852
v 0.049049 -0.359753 0.133981
v 0.083453 -0.373277 0.114068
v 0.043233 -0.356463 0.136342
v 0.033689 -0.350693 0.140644
v -0.004619 -0.321881 0.149192
v -0.009833 -0.321398 0.149030
v -0.016354 -0.314248 0.148657
v 0.028626 -0.355509 0.139649
v 0.019238 -0.349611 0.142957
v 0.009964 -0.343186 0.145406
v 0.005874 -0.336419 0.146677
v -0.002616 -0.332608 0.148072
v -0.021686 -0.277601 0.160063
v -0.023370 -0.265820 0.158901
v -0.019833 -0.288494 0.156352
v -0.023155 -0.254199 0.159200
v -0.020558 -0.244872 0.154556
v -0.020223 -0.298271 0.150269
v -0.024117 -0.309002 0.149153
v -0.019060 -0.221453 0.155235
v -0.025580 -0.235114 0.152613
v 0.155949 -0.304779 0.064056
v 0.160765 -0.297222 0.065569
v 0.152542 -0.313677 0.069649
v 0.146845 -0.315596 0.077573
v 0.163213 -0.287542 0.064368
v 0.139497 -0.326762 0.082472
v 0.145292 -0.323969 0.080741
v 0.136328 -0.335228 0.086230
v 0.125784 -0.348667 0.096284
v 0.133780 -0.345594 0.088957
v 0.122151 -0.356137 0.101022
v 0.113666 -0.362936 0.099571
v 0.107455 -0.368496 0.105272
v 0.098575 -0.375741 0.109264
v 0.093736 -0.371127 0.108416
v 0.156300 -0.243246 0.055295
v 0.155935 -0.255361 0.059402
v 0.153016 -0.217921 0.050148
v 0.155848 -0.232700 0.047011
v 0.160762 -0.263052 0.054321
v 0.160766 -0.271880 0.058511
v 0.165650 -0.281092 0.055977
v 0.078537 -0.379458 0.117149
v 0.068698 -0.377040 0.123067
v 0.059187 -0.376554 0.123767
v 0.049146 -0.371037 0.129922
v 0.044343 -0.365385 0.133169
v 0.091450 -0.379542 0.108983
v 0.034276 -0.359968 0.137647
v -0.013055 -0.331397 0.147785
v -0.019728 -0.327799 0.148162
v -0.027323 -0.317944 0.147452
v 0.028775 -0.365162 0.137032
v 0.019029 -0.359263 0.140540
v 0.008600 -0.354433 0.142459
v 0.003707 -0.347441 0.144710
v -0.006114 -0.340188 0.146112
v -0.031622 -0.282356 0.155747
v -0.031179 -0.270468 0.157428
v -0.030141 -0.258850 0.156692
v -0.028613 -0.290406 0.151143
v -0.031343 -0.246774 0.151192
v -0.031436 -0.299863 0.147466
v -0.035238 -0.311063 0.146716
v -0.029454 -0.221126 0.151444
v -0.036262 -0.235094 0.148359
v 0.159462 -0.309988 0.061267
v 0.157706 -0.317880 0.062416
v 0.168949 -0.291590 0.056570
v 0.165038 -0.301780 0.055219
v 0.152986 -0.323411 0.071206
v 0.142618 -0.335503 0.084363
v 0.149430 -0.332988 0.076758
v 0.141790 -0.343830 0.080252
v 0.132100 -0.355012 0.092170
v 0.140015 -0.352942 0.084217
v 0.119612 -0.368464 0.100940
v 0.127929 -0.364523 0.094625
v 0.114465 -0.373857 0.098559
v 0.105955 -0.380610 0.102901
v 0.097223 -0.386836 0.108730
v 0.157556 -0.242718 0.042194
v 0.160467 -0.252683 0.048969
v 0.156707 -0.218135 0.039950
v 0.159328 -0.232198 0.035943
v 0.165538 -0.262045 0.043861
v 0.165892 -0.271794 0.049161
v 0.171221 -0.282686 0.046219
v 0.083902 -0.387670 0.112851
v 0.071902 -0.388970 0.116962
v 0.066983 -0.384243 0.118550
v 0.050138 -0.379976 0.127109
v 0.057590 -0.386667 0.121371
v 0.043276 -0.376066 0.128994
v 0.033807 -0.370945 0.133919
v 0.093184 -0.390630 0.107661
v -0.014483 -0.336980 0.146125
v -0.031449 -0.328848 0.145726
v -0.025363 -0.336197 0.145070
v -0.034164 -0.319744 0.146463
v 0.018133 -0.370301 0.136766
v 0.027738 -0.376043 0.132763
v 0.008332 -0.363791 0.139722
v 0.002829 -0.359025 0.141042
v -0.006088 -0.352983 0.142995
v -0.009434 -0.346737 0.144701
v -0.036265 -0.276888 0.154727
v -0.034560 -0.289345 0.150388
v -0.040009 -0.265395 0.151893
v -0.039478 -0.254155 0.151958
v -0.037579 -0.244236 0.148492
v -0.037075 -0.301630 0.146471
v -0.042039 -0.310128 0.144313
v -0.039192 -0.220809 0.147101
v -0.043137 -0.234333 0.145901
v 0.165457 -0.312790 0.052890
v 0.162109 -0.321018 0.060241
v 0.159286 -0.327713 0.062176
v 0.171311 -0.293769 0.047659
v 0.168764 -0.306607 0.045619
v 0.155224 -0.336076 0.069186
v 0.150941 -0.342722 0.077854
v 0.146259 -0.352818 0.082638
v 0.136362 -0.364127 0.086901
v 0.143826 -0.362762 0.079504
v 0.121530 -0.381934 0.099752
v 0.127666 -0.374532 0.095956
v 0.135621 -0.373934 0.089359
v 0.113612 -0.386056 0.096852
v 0.108348 -0.391696 0.104885
v 0.098736 -0.399108 0.109366
v 0.162632 -0.242590 0.037151
v 0.164276 -0.252047 0.037838
v 0.159823 -0.218273 0.029016
v 0.161293 -0.232128 0.030259
v 0.168508 -0.261734 0.038137
v 0.168226 -0.271897 0.045210
v 0.173131 -0.280464 0.040485
v 0.174156 -0.289528 0.044289
v 0.087414 -0.399255 0.105891
v 0.078179 -0.396614 0.110794
v 0.066126 -0.394566 0.114180
v 0.069741 -0.401731 0.113678
v 0.047619 -0.391084 0.122902
v 0.043676 -0.385440 0.126268
v 0.056326 -0.397802 0.117944
v 0.034156 -0.380483 0.130999
v -0.019983 -0.347422 0.144167
v -0.037987 -0.330834 0.144598
v -0.031382 -0.337591 0.144115
v -0.030312 -0.347250 0.142098
v -0.045273 -0.321838 0.143586
v 0.017730 -0.380185 0.134273
v 0.007365 -0.374733 0.135465
v 0.022871 -0.385700 0.130662
v 0.001873 -0.368227 0.138518
v -0.009098 -0.362749 0.140260
v -0.012257 -0.357002 0.141391
v -0.044173 -0.283650 0.151077
v -0.045877 -0.271870 0.150403
v -0.044297 -0.293137 0.145406
v -0.045715 -0.261434 0.148368
v -0.045404 -0.251532 0.148541
v -0.050104 -0.243677 0.143137
v -0.047952 -0.302827 0.143317
v -0.052516 -0.314225 0.140690
v -0.042785 -0.220667 0.145566
v -0.052107 -0.220592 0.141338
v -0.054973 -0.233662 0.140745
v 0.170746 -0.316450 0.043128
v 0.167798 -0.324590 0.051847
v 0.163602 -0.333146 0.059007
v 0.161371 -0.340132 0.066111
v 0.173489 -0.299961 0.038872
v 0.172207 -0.310241 0.039872
v 0.158155 -0.345764 0.068242
v 0.153868 -0.353804 0.074259
v 0.149335 -0.362559 0.079042
v 0.141555 -0.373890 0.081303
v 0.150662 -0.372996 0.080177
v 0.130318 -0.384684 0.092972
v 0.124039 -0.393757 0.097494
v 0.139401 -0.384044 0.086120
v 0.117774 -0.395661 0.098790
v 0.108233 -0.402544 0.104231
v 0.102792 -0.411977 0.105508
v 0.093106 -0.410220 0.110765
v 0.165272 -0.241985 0.025632
v 0.166221 -0.252006 0.032773
v 0.161424 -0.218770 0.023996
v 0.162994 -0.232569 0.018482
v 0.172251 -0.260376 0.026046
v 0.171621 -0.269723 0.034807
v 0.176860 -0.278586 0.029398
v 0.177713 -0.287170 0.033754
v 0.176518 -0.298244 0.036160
v 0.083738 -0.406952 0.110984
v 0.064239 -0.406322 0.120413
v 0.073116 -0.412111 0.117179
v 0.046023 -0.402142 0.120691
v 0.041402 -0.396223 0.122669
v 0.032314 -0.390924 0.126687
v 0.058097 -0.408639 0.119115
v -0.023453 -0.357697 0.140151
v -0.042547 -0.338522 0.141483
v -0.049354 -0.332245 0.140813
v -0.035930 -0.348342 0.141042
v -0.030145 -0.356076 0.139741
v -0.056942 -0.323650 0.138608
v 0.015971 -0.391004 0.129462
v 0.006961 -0.384809 0.132809
v 0.001080 -0.379250 0.133712
v 0.025263 -0.396488 0.125646
v -0.007705 -0.372730 0.136557
v -0.017245 -0.365398 0.138792
v -0.013555 -0.374690 0.135299
v -0.053399 -0.287456 0.145024
v -0.054720 -0.278061 0.147042
v -0.054964 -0.266399 0.143940
v -0.057080 -0.296123 0.139767
v -0.056022 -0.254287 0.143289
v -0.060947 -0.243513 0.138262
v -0.056161 -0.307988 0.140278
v -0.060172 -0.314740 0.138951
v -0.056667 -0.219537 0.140487
v -0.061211 -0.234302 0.138438
v 0.171852 -0.328279 0.042809
v 0.173922 -0.322859 0.038865
v 0.171154 -0.335540 0.050080
v 0.167353 -0.343895 0.057195
v 0.162553 -0.351935 0.064613
v 0.176572 -0.305510 0.029527
v 0.176605 -0.316368 0.031117
v 0.159956 -0.358027 0.065807
v 0.157919 -0.365588 0.072561
v 0.147985 -0.383210 0.079023
v 0.153785 -0.383144 0.078345
v 0.159090 -0.376496 0.071685
v 0.134716 -0.394096 0.089987
v 0.133466 -0.404736 0.093758
v 0.125111 -0.405984 0.100342
v 0.144857 -0.393531 0.082607
v 0.116934 -0.405912 0.099354
v 0.112564 -0.415301 0.100765
v 0.099213 -0.421579 0.111184
v 0.109101 -0.423928 0.106452
v 0.091605 -0.417008 0.110082
v 0.167854 -0.242961 0.013533
v 0.168673 -0.250799 0.021860
v 0.162743 -0.218687 0.012542
v 0.163584 -0.231191 0.007636
v 0.172400 -0.255452 0.013339
v 0.174737 -0.265142 0.015444
v 0.174691 -0.269335 0.024748
v 0.179005 -0.275649 0.016849
v 0.180002 -0.284327 0.022155
v 0.180708 -0.295121 0.026396
v 0.081648 -0.417170 0.113892
v 0.063582 -0.418716 0.117663
v 0.073113 -0.423711 0.113739
v 0.047379 -0.412012 0.119263
v 0.038170 -0.406317 0.122929
v 0.030525 -0.401597 0.122334
v 0.056511 -0.418101 0.114937
v -0.029043 -0.366094 0.136800
v -0.046562 -0.348657 0.137985
v -0.053468 -0.340067 0.137107
v -0.055732 -0.331988 0.138477
v -0.040860 -0.356348 0.137392
v -0.035666 -0.366349 0.135587
v -0.063087 -0.326161 0.137083
v 0.014131 -0.401402 0.124111
v 0.008085 -0.395340 0.127925
v -0.000920 -0.388969 0.131216
v -0.006900 -0.382207 0.134006
v 0.021257 -0.406370 0.123106
v -0.024379 -0.375787 0.133592
v -0.018571 -0.383773 0.132702
v -0.059881 -0.284647 0.145072
v -0.059931 -0.273307 0.144937
v -0.060578 -0.262936 0.141277
v -0.061068 -0.305196 0.138976
v -0.063565 -0.293385 0.139252
v -0.062355 -0.252311 0.140662
v -0.068604 -0.243722 0.137215
v -0.071053 -0.319141 0.133177
v -0.069663 -0.308990 0.133507
v -0.065359 -0.220306 0.134785
v -0.071047 -0.232537 0.132875
v 0.176012 -0.332494 0.039335
v 0.175498 -0.339698 0.040663
v 0.179871 -0.330146 0.030081
v 0.172713 -0.347697 0.047716
v 0.168633 -0.355655 0.055868
v 0.166829 -0.363142 0.062522
v 0.179885 -0.303752 0.019552
v 0.179108 -0.312828 0.019884
v 0.179570 -0.323226 0.024182
v 0.164137 -0.369315 0.064260
v 0.154227 -0.394546 0.080708
v 0.161958 -0.388742 0.072256
v 0.165984 -0.381248 0.063814
v 0.142621 -0.404381 0.086702
v 0.140208 -0.414625 0.090869
v 0.130456 -0.415844 0.097007
v 0.123421 -0.415971 0.096074
v 0.149473 -0.405283 0.085834
v 0.119492 -0.425569 0.100589
v 0.094623 -0.431603 0.113708
v 0.105409 -0.433604 0.109931
v 0.116650 -0.435144 0.105499
v 0.086434 -0.428099 0.111891
v 0.167747 -0.240521 0.008460
v 0.170566 -0.250149 0.009735
v 0.165394 -0.217526 0.005865
v 0.163938 -0.230330 0.002623
v 0.174219 -0.263230 0.011801
v 0.179825 -0.273884 0.011210
v 0.181523 -0.283457 0.015960
v 0.183443 -0.292317 0.015857
v 0.058290 -0.426970 0.109097
v 0.066755 -0.431653 0.111814
v 0.077604 -0.434939 0.108788
v 0.046421 -0.421367 0.113495
v 0.036682 -0.416235 0.117245
v 0.030667 -0.411589 0.119456
v -0.030657 -0.376135 0.132391
v -0.051017 -0.355856 0.134070
v -0.052594 -0.351386 0.135968
v -0.059501 -0.342662 0.135531
v -0.066232 -0.334488 0.133372
v -0.047058 -0.365449 0.132386
v -0.042074 -0.375347 0.130168
v -0.072470 -0.329817 0.131334
v 0.006238 -0.405245 0.125083
v 0.013586 -0.411724 0.121148
v -0.003172 -0.399287 0.125941
v -0.009058 -0.391964 0.129454
v 0.020225 -0.416962 0.117779
v -0.026471 -0.384752 0.130788
v -0.020340 -0.393287 0.127891
v -0.068203 -0.278616 0.141887
v -0.072172 -0.285944 0.138422
v -0.070686 -0.268199 0.138686
v -0.070862 -0.257526 0.135702
v -0.069571 -0.300870 0.134314
v -0.075668 -0.293210 0.132223
v -0.077994 -0.249259 0.131364
v -0.076677 -0.240344 0.129125
v -0.076042 -0.313690 0.132153
v -0.076737 -0.325137 0.131528
v -0.078587 -0.304460 0.128664
v -0.074903 -0.219703 0.128339
v -0.081271 -0.231525 0.125468
v 0.178326 -0.342116 0.035083
v 0.177518 -0.350850 0.036652
v 0.183100 -0.331354 0.018675
v 0.182268 -0.340933 0.024734
v 0.175976 -0.357862 0.046664
v 0.172970 -0.366715 0.053910
v 0.168708 -0.375396 0.061556
v 0.181718 -0.301522 0.015152
v 0.180740 -0.312494 0.013757
v 0.181594 -0.322193 0.013247
v 0.163672 -0.399491 0.072844
v 0.157759 -0.404563 0.079395
v 0.168529 -0.392903 0.064360
v 0.172100 -0.388139 0.060357
v 0.149413 -0.414085 0.083703
v 0.147924 -0.425131 0.088065
v 0.138271 -0.425479 0.094471
v 0.127586 -0.427749 0.100005
v 0.156823 -0.415546 0.082057
v 0.124065 -0.438191 0.105156
v 0.089027 -0.437603 0.106182
v 0.097592 -0.441811 0.108404
v 0.108836 -0.443711 0.105083
v 0.119853 -0.445760 0.101553
v 0.167275 -0.240949 -0.001773
v 0.174407 -0.257380 0.003309
v 0.170661 -0.249512 -0.003249
v 0.163718 -0.217445 -0.005947
v 0.163148 -0.231433 -0.007317
v 0.177054 -0.267008 0.001752
v 0.181670 -0.276188 -0.001399
v 0.182965 -0.283207 0.004959
v 0.185356 -0.293026 0.010657
v 0.060795 -0.438369 0.109244
v 0.049697 -0.430268 0.111198
v 0.069247 -0.442892 0.109058
v 0.080803 -0.445716 0.106279
v 0.038198 -0.426151 0.114413
v 0.029762 -0.422204 0.114280
v -0.038586 -0.384266 0.128690
v -0.054318 -0.361255 0.132094
v -0.062118 -0.352787 0.131611
v -0.070284 -0.343863 0.129632
v -0.074317 -0.335498 0.130837
v -0.049229 -0.372373 0.129655
v -0.046353 -0.381286 0.128185
v 0.005514 -0.415598 0.119921
v -0.005065 -0.409230 0.123017
v 0.013220 -0.422526 0.118511
v -0.011342 -0.401499 0.124228
v 0.019939 -0.428232 0.115868
v -0.027150 -0.394637 0.125977
v -0.021495 -0.402138 0.125319
v -0.078195 -0.277593 0.135915
v -0.080325 -0.285263 0.136709
v -0.080640 -0.268245 0.132540
v -0.080520 -0.258927 0.130167
v -0.080361 -0.295742 0.130254
v -0.084046 -0.252523 0.128444
v -0.082957 -0.241999 0.129211
v -0.084881 -0.317881 0.126381
v -0.084147 -0.305904 0.126104
v -0.083528 -0.327657 0.125607
v -0.080264 -0.218559 0.125919
v -0.085813 -0.233322 0.122997
v 0.182801 -0.350567 0.029539
v 0.181511 -0.360960 0.033313
v 0.179694 -0.361341 0.038074
v 0.184243 -0.332190 0.012415
v 0.184347 -0.341120 0.012823
v 0.185672 -0.349732 0.017987
v 0.177896 -0.370332 0.044509
v 0.175544 -0.378582 0.053420
v 0.182336 -0.302490 0.005278
v 0.184319 -0.321480 0.007124
v 0.182889 -0.313059 0.002197
v 0.169825 -0.405548 0.066173
v 0.165411 -0.412596 0.074306
v 0.172166 -0.400304 0.063669
v 0.177614 -0.398881 0.055948
v 0.179054 -0.389707 0.051110
v 0.153672 -0.426127 0.086302
v 0.154098 -0.435717 0.084078
v 0.145218 -0.435321 0.091326
v 0.135571 -0.435216 0.098043
v 0.162572 -0.424698 0.079696
v 0.132408 -0.444226 0.100279
v 0.126507 -0.451460 0.102519
v 0.094212 -0.449022 0.104763
v 0.101323 -0.452413 0.106071
v 0.112635 -0.454675 0.103385
v 0.124273 -0.458288 0.100540
v 0.166378 -0.240835 -0.013233
v 0.172719 -0.259280 -0.006581
v 0.170831 -0.251618 -0.014167
v 0.160797 -0.215621 -0.018593
v 0.161522 -0.228981 -0.016993
v 0.177929 -0.268569 -0.009676
v 0.180459 -0.277097 -0.013920
v 0.183874 -0.284911 -0.006676
v 0.186062 -0.293872 -0.000093
v 0.050090 -0.440249 0.111382
v 0.054207 -0.449519 0.110314
v 0.064295 -0.452511 0.111923
v 0.039588 -0.436528 0.112234
v 0.075624 -0.454906 0.109776
v 0.087101 -0.457510 0.107545
v 0.030398 -0.433086 0.113492
v -0.037098 -0.394512 0.124306
v -0.042930 -0.391313 0.124571
v -0.064397 -0.359921 0.128158
v -0.060379 -0.370084 0.126652
v -0.072333 -0.352487 0.125858
v -0.075612 -0.346770 0.128246
v -0.083757 -0.339135 0.124430
v -0.057912 -0.378751 0.125236
v -0.053945 -0.389112 0.122421
v 0.006179 -0.426474 0.117380
v -0.003275 -0.421409 0.117255
v -0.009677 -0.417267 0.118701
v -0.015875 -0.409812 0.121987
v 0.013018 -0.435240 0.114202
v 0.022333 -0.439788 0.113817
v -0.033591 -0.404175 0.122586
v -0.023666 -0.411426 0.120113
v -0.085586 -0.276005 0.132383
v -0.088892 -0.286782 0.129859
v -0.086184 -0.263792 0.130783
v -0.087874 -0.297480 0.124218
v -0.092555 -0.256594 0.122968
v -0.091972 -0.243991 0.122025
v -0.092443 -0.323413 0.120457
v -0.092801 -0.311342 0.120116
v -0.093780 -0.300465 0.117462
v -0.092013 -0.332377 0.119272
v -0.088856 -0.218101 0.118690
v -0.093912 -0.232533 0.115941
v 0.185118 -0.360070 0.022931
v 0.184284 -0.370987 0.027902
v 0.180313 -0.372586 0.038118
v 0.186128 -0.331585 0.001417
v 0.186937 -0.341210 0.005308
v 0.186004 -0.351049 0.010352
v 0.187264 -0.359339 0.011682
v 0.180227 -0.381134 0.044458
v 0.183171 -0.303362 -0.005159
v 0.185632 -0.321524 -0.004191
v 0.182884 -0.313755 -0.009563
v 0.173384 -0.416346 0.064324
v 0.175619 -0.411342 0.060892
v 0.169327 -0.422130 0.072076
v 0.183147 -0.400811 0.046464
v 0.181404 -0.408857 0.052042
v 0.183332 -0.391970 0.040681
v 0.159619 -0.436036 0.082248
v 0.158000 -0.448008 0.083880
v 0.150867 -0.445998 0.087112
v 0.142066 -0.445237 0.094504
v 0.167759 -0.432984 0.074141
v 0.137583 -0.454617 0.098233
v 0.130992 -0.462699 0.100942
v 0.095549 -0.461216 0.109461
v 0.107038 -0.463572 0.107027
v 0.117661 -0.466639 0.103625
v 0.128223 -0.469642 0.099360
v 0.163585 -0.238004 -0.019846
v 0.167189 -0.246785 -0.017288
v 0.173876 -0.261656 -0.012966
v 0.170853 -0.255280 -0.022034
v 0.160017 -0.213989 -0.026587
v 0.160075 -0.227256 -0.022395
v 0.178762 -0.271130 -0.016210
v 0.181201 -0.279998 -0.020777
v 0.183998 -0.286439 -0.018438
v 0.185981 -0.295081 -0.011316
v 0.041786 -0.447626 0.111993
v 0.059903 -0.460335 0.108453
v 0.047767 -0.458197 0.109529
v 0.068519 -0.463943 0.110245
v 0.030738 -0.443713 0.111998
v 0.079658 -0.466103 0.108585
v 0.091612 -0.468182 0.106606
v -0.041846 -0.401512 0.122664
v -0.050031 -0.399286 0.118771
v -0.071401 -0.365277 0.122582
v -0.067045 -0.376730 0.120606
v -0.076330 -0.355241 0.125148
v -0.084573 -0.347929 0.121462
v -0.092329 -0.344083 0.117541
v -0.064893 -0.385861 0.119094
v -0.061125 -0.396562 0.116671
v 0.004215 -0.436021 0.113897
v -0.005520 -0.431787 0.115169
v -0.011798 -0.427082 0.116587
v -0.020457 -0.419874 0.116721
v 0.014245 -0.447063 0.111491
v 0.005222 -0.444933 0.112288
v 0.025062 -0.451103 0.111026
v -0.032633 -0.414534 0.117354
v -0.039157 -0.411537 0.118120
v -0.027957 -0.423266 0.116328
v -0.095193 -0.279818 0.126160
v -0.093800 -0.268323 0.125274
v -0.096281 -0.290947 0.121596
v -0.101505 -0.261212 0.118516
v -0.100084 -0.250862 0.115409
v -0.098573 -0.241602 0.112533
v -0.096530 -0.326980 0.119315
v -0.100452 -0.316808 0.113798
v -0.098505 -0.306455 0.117945
v -0.100477 -0.296113 0.118803
v -0.100018 -0.337501 0.112395
v -0.096690 -0.218699 0.111380
v -0.099305 -0.232881 0.114342
v 0.186567 -0.369807 0.017083
v 0.188159 -0.380429 0.020545
v 0.185570 -0.382200 0.029990
v 0.183585 -0.382018 0.035380
v 0.185734 -0.331548 -0.009975
v 0.187876 -0.340329 -0.005482
v 0.188013 -0.351879 -0.001175
v 0.187661 -0.361332 0.004612
v 0.187294 -0.369778 0.010195
v 0.182303 -0.304039 -0.016014
v 0.184779 -0.322226 -0.015998
v 0.183326 -0.314177 -0.016705
v 0.177049 -0.423658 0.061915
v 0.174160 -0.428646 0.065324
v 0.182497 -0.418988 0.053374
v 0.186797 -0.403492 0.035362
v 0.186302 -0.412963 0.042786
v 0.185433 -0.393075 0.034595
v 0.167125 -0.443631 0.075869
v 0.166042 -0.453617 0.077238
v 0.155697 -0.456898 0.084395
v 0.160488 -0.461287 0.082135
v 0.147026 -0.456070 0.091822
v 0.173925 -0.440524 0.066804
v 0.141731 -0.465366 0.096292
v 0.134860 -0.473871 0.099473
v 0.099872 -0.472073 0.108847
v 0.110794 -0.475133 0.106176
v 0.121441 -0.478131 0.101974
v 0.128270 -0.482275 0.101843
v 0.159960 -0.236888 -0.030254
v 0.164984 -0.246836 -0.027928
v 0.173115 -0.263802 -0.024237
v 0.166032 -0.255960 -0.032526
v 0.153728 -0.213380 -0.036623
v 0.155769 -0.226238 -0.033370
v 0.176738 -0.272681 -0.027107
v 0.180142 -0.282990 -0.033046
v 0.184037 -0.289097 -0.025356
v 0.185339 -0.296008 -0.018642
v 0.033434 -0.455018 0.110234
v 0.065756 -0.470748 0.106267
v 0.053781 -0.468638 0.107124
v 0.041756 -0.466394 0.107945
v 0.074191 -0.475405 0.108341
v 0.085768 -0.476372 0.107251
v 0.097638 -0.479020 0.105559
v -0.049737 -0.409137 0.116991
v -0.060610 -0.406722 0.115633
v -0.076063 -0.365135 0.122273
v -0.074952 -0.373463 0.121369
v -0.070974 -0.383700 0.119506
v -0.084782 -0.359280 0.119027
v -0.092902 -0.353050 0.114634
v -0.097236 -0.348204 0.116327
v -0.067576 -0.394502 0.117252
v -0.067889 -0.404128 0.118170
v -0.005034 -0.442224 0.113016
v -0.013740 -0.438385 0.112187
v -0.019542 -0.429699 0.114773
v 0.017101 -0.458617 0.108618
v 0.007816 -0.455054 0.109093
v -0.001715 -0.452151 0.109906
v 0.028213 -0.462593 0.107419
v -0.035417 -0.422404 0.114138
v -0.046098 -0.419843 0.112971
v -0.031340 -0.432648 0.113074
v -0.103449 -0.283584 0.119673
v -0.101653 -0.272802 0.118854
v -0.105799 -0.266006 0.117137
v -0.104874 -0.255712 0.114313
v -0.105092 -0.243800 0.112447
v -0.104430 -0.332317 0.112756
v -0.104321 -0.320715 0.112742
v -0.106229 -0.312268 0.112127
v -0.106209 -0.300987 0.110410
v -0.107826 -0.287228 0.118315
v -0.111790 -0.293172 0.111703
v -0.104589 -0.341570 0.111334
v -0.101993 -0.217766 0.109700
v -0.106823 -0.232397 0.106814
v 0.189192 -0.379508 0.010210
v 0.190417 -0.389542 0.013673
v 0.188749 -0.392362 0.023897
v 0.184729 -0.333632 -0.016686
v 0.186779 -0.339986 -0.017359
v 0.187337 -0.349404 -0.011257
v 0.188192 -0.363304 -0.006660
v 0.188961 -0.371438 -0.000913
v 0.188722 -0.379902 0.005373
v 0.182047 -0.306119 -0.022006
v 0.184206 -0.323975 -0.022463
v 0.182119 -0.315999 -0.028130
v 0.182186 -0.430905 0.055038
v 0.179008 -0.435254 0.058680
v 0.186977 -0.425695 0.046290
v 0.188230 -0.402464 0.029649
v 0.188415 -0.414078 0.034981
v 0.189229 -0.421582 0.036903
v 0.173108 -0.452191 0.068392
v 0.168481 -0.463919 0.074473
v 0.150517 -0.467005 0.088765
v 0.155709 -0.470633 0.085846
v 0.163883 -0.472998 0.078409
v 0.179293 -0.446948 0.059250
v 0.144883 -0.476327 0.093758
v 0.139104 -0.484670 0.097425
v 0.103186 -0.483505 0.107462
v 0.115161 -0.485908 0.105031
v 0.125260 -0.489408 0.100939
v 0.132272 -0.493300 0.100130
v 0.152743 -0.234818 -0.039652
v 0.160579 -0.244547 -0.037252
v 0.172142 -0.266251 -0.034574
v 0.166200 -0.261998 -0.042570
v 0.162630 -0.252260 -0.043497
v 0.147912 -0.212482 -0.047799
v 0.150400 -0.225377 -0.044314
v 0.175423 -0.275247 -0.037105
v 0.175739 -0.282274 -0.045276
v 0.180723 -0.291029 -0.039700
v 0.183123 -0.297099 -0.030383
v 0.065535 -0.481943 0.107151
v 0.057746 -0.479142 0.104322
v 0.046157 -0.476920 0.105058
v 0.033970 -0.474380 0.105883
v 0.079826 -0.486102 0.105944
v 0.090753 -0.486404 0.105355
v 0.096579 -0.493058 0.108256
v -0.056691 -0.417182 0.111525
v -0.064105 -0.414943 0.113940
v -0.082851 -0.371010 0.116306
v -0.082006 -0.380386 0.115003
v -0.077562 -0.390572 0.113537
v -0.091757 -0.364725 0.112805
v -0.097264 -0.360182 0.113810
v -0.105148 -0.353568 0.109460
v -0.075249 -0.402914 0.112968
v -0.074495 -0.411574 0.113474
v -0.011217 -0.449491 0.110123
v -0.020273 -0.447649 0.109820
v -0.023073 -0.438290 0.111401
v 0.020154 -0.470653 0.105287
v 0.010622 -0.465025 0.107580
v 0.000856 -0.462506 0.108412
v -0.008470 -0.460020 0.108477
v -0.043121 -0.430704 0.111921
v -0.052660 -0.428253 0.108466
v -0.029287 -0.444602 0.109586
v -0.039782 -0.441533 0.109597
v -0.106717 -0.276768 0.118477
v -0.112190 -0.272101 0.111302
v -0.114024 -0.261580 0.108374
v -0.112561 -0.251783 0.106158
v -0.112842 -0.240812 0.104030
v -0.111924 -0.337584 0.106046
v -0.111849 -0.325956 0.106420
v -0.112811 -0.315368 0.104654
v -0.114176 -0.307319 0.104124
v -0.115577 -0.296948 0.102108
v -0.115761 -0.281169 0.111115
v -0.120577 -0.289281 0.105972
v -0.112527 -0.346067 0.104457
v -0.109731 -0.217333 0.101533
v -0.114506 -0.230786 0.098282
v 0.190473 -0.390628 0.006354
v 0.192412 -0.397996 0.008613
v 0.191797 -0.402366 0.018154
v 0.183795 -0.332822 -0.027618
v 0.185356 -0.341570 -0.024823
v 0.186026 -0.350415 -0.017417
v 0.187328 -0.358331 -0.015451
v 0.188581 -0.368213 -0.018065
v 0.189504 -0.375630 -0.010683
v 0.190388 -0.384091 -0.003610
v 0.180211 -0.307610 -0.031738
v 0.181803 -0.325311 -0.035689
v 0.178990 -0.314395 -0.038685
v 0.187243 -0.437615 0.047063
v 0.181987 -0.442568 0.055682
v 0.190117 -0.432985 0.037558
v 0.191062 -0.411160 0.024803
v 0.192392 -0.421501 0.025097
v 0.192384 -0.426958 0.028551
v 0.179480 -0.457967 0.059060
v 0.174331 -0.463522 0.066604
v 0.172078 -0.474604 0.069338
v 0.153631 -0.478254 0.086004
v 0.158196 -0.482029 0.083233
v 0.166736 -0.483953 0.075752
v 0.181970 -0.453750 0.055881
v 0.148166 -0.487504 0.090764
v 0.142156 -0.496421 0.095157
v 0.107745 -0.493166 0.107409
v 0.117246 -0.498026 0.104145
v 0.125292 -0.501348 0.102669
v 0.135550 -0.505414 0.098359
v 0.151213 -0.235234 -0.047767
v 0.156763 -0.243964 -0.043943
v 0.172231 -0.272166 -0.044949
v 0.162091 -0.259013 -0.047732
v 0.168358 -0.268953 -0.048838
v 0.157551 -0.250984 -0.051316
v 0.146718 -0.225175 -0.050541
v 0.144156 -0.211613 -0.053272
v 0.171706 -0.278166 -0.050950
v 0.174128 -0.287836 -0.054002
v 0.178434 -0.290738 -0.045800
v 0.178370 -0.300625 -0.045236
v 0.179173 -0.302466 -0.040182
v 0.070482 -0.490647 0.105652
v 0.063735 -0.489763 0.103616
v 0.052780 -0.487701 0.104187
v 0.040648 -0.484603 0.104873
v 0.028416 -0.482254 0.105470
v 0.079502 -0.497443 0.105714
v 0.090381 -0.495708 0.105389
v 0.105194 -0.502898 0.107485
v 0.094150 -0.505129 0.107880
v -0.060296 -0.425223 0.110340
v -0.072064 -0.422342 0.108292
v -0.091513 -0.374943 0.110881
v -0.088978 -0.387081 0.108196
v -0.083885 -0.397140 0.109209
v -0.096755 -0.369391 0.113384
v -0.107062 -0.363884 0.107435
v -0.112884 -0.357493 0.102371
v -0.088910 -0.407444 0.110773
v -0.082293 -0.415937 0.109327
v -0.017144 -0.457953 0.107761
v -0.028539 -0.455488 0.107752
v 0.020705 -0.482511 0.104410
v 0.011950 -0.474560 0.105301
v 0.003042 -0.472621 0.105970
v -0.006064 -0.470883 0.105873
v -0.016827 -0.469132 0.105930
v -0.050590 -0.439551 0.110382
v -0.061383 -0.436678 0.108876
v -0.036878 -0.453305 0.107978
v -0.047656 -0.450603 0.107921
v -0.119079 -0.271213 0.103776
v -0.119999 -0.260621 0.105483
v -0.119702 -0.249763 0.097524
v -0.117994 -0.239570 0.102430
v -0.117905 -0.340080 0.105025
v -0.118825 -0.331262 0.100171
v -0.118005 -0.322726 0.104931
v -0.118894 -0.311765 0.103101
v -0.119854 -0.303168 0.101928
v -0.124399 -0.291225 0.103673
v -0.122447 -0.280799 0.108594
v -0.120200 -0.349081 0.097281
v -0.117840 -0.217726 0.093151
v -0.120789 -0.230988 0.095866
v 0.191757 -0.394903 -0.004470
v 0.193246 -0.401669 -0.001448
v 0.193884 -0.408650 0.007170
v 0.194220 -0.414903 0.015571
v 0.182924 -0.335852 -0.036929
v 0.183965 -0.345980 -0.035250
v 0.185322 -0.353476 -0.027586
v 0.186046 -0.362023 -0.020620
v 0.186789 -0.372076 -0.023889
v 0.188266 -0.379133 -0.021498
v 0.190421 -0.387510 -0.013724
v 0.177352 -0.321920 -0.046309
v 0.178418 -0.333178 -0.045008
v 0.175540 -0.311274 -0.047366
v 0.191419 -0.444281 0.037966
v 0.187932 -0.448948 0.047392
v 0.193388 -0.438637 0.028182
v 0.195413 -0.426731 0.015304
v 0.193509 -0.433386 0.024771
v 0.178945 -0.469629 0.059595
v 0.181717 -0.465150 0.055969
v 0.178276 -0.480159 0.059982
v 0.173168 -0.486158 0.067795
v 0.156560 -0.489739 0.083110
v 0.161335 -0.493312 0.079826
v 0.169620 -0.495945 0.071406
v 0.187542 -0.460397 0.047482
v 0.150614 -0.499046 0.087827
v 0.144808 -0.508291 0.092596
v 0.122810 -0.507108 0.101302
v 0.113394 -0.510022 0.105097
v 0.127670 -0.513388 0.100952
v 0.137658 -0.517854 0.096685
v 0.143846 -0.235042 -0.057355
v 0.149882 -0.243255 -0.054420
v 0.155805 -0.258188 -0.058351
v 0.162419 -0.265384 -0.056212
v 0.165043 -0.273680 -0.059371
v 0.150613 -0.250881 -0.061912
v 0.139625 -0.225117 -0.060488
v 0.137137 -0.211230 -0.062643
v 0.168128 -0.283160 -0.062099
v 0.170159 -0.292942 -0.063644
v 0.174646 -0.297276 -0.055059
v 0.173443 -0.308096 -0.052954
v 0.067327 -0.500005 0.106027
v 0.059101 -0.500016 0.103047
v 0.046163 -0.495282 0.103625
v 0.033494 -0.492605 0.104077
v 0.025352 -0.492112 0.103124
v 0.087838 -0.506565 0.105177
v 0.076400 -0.508419 0.105415
v 0.102507 -0.513614 0.107617
v 0.091504 -0.516546 0.107851
v -0.068980 -0.434884 0.108904
v -0.079285 -0.433370 0.106445
v -0.086431 -0.426763 0.105621
v -0.094526 -0.381701 0.111002
v -0.097688 -0.391726 0.108929
v -0.091791 -0.400311 0.112107
v -0.102755 -0.374649 0.107851
v -0.110717 -0.374955 0.101923
v -0.116253 -0.365979 0.099393
v -0.121083 -0.359340 0.102165
v -0.097436 -0.412590 0.112288
v -0.090286 -0.420572 0.111466
v -0.025531 -0.466396 0.105218
v -0.038123 -0.465354 0.106356
v 0.013623 -0.491914 0.103152
v 0.005582 -0.483152 0.105216
v -0.003384 -0.481445 0.105385
v -0.017681 -0.480171 0.104500
v -0.024005 -0.477409 0.104396
v -0.058814 -0.448192 0.107863
v -0.066526 -0.446883 0.109554
v -0.046854 -0.462760 0.105279
v -0.057697 -0.459504 0.105118
v -0.124430 -0.271210 0.102519
v -0.128287 -0.263670 0.096424
v -0.126584 -0.252762 0.097373
v -0.124255 -0.241905 0.094682
v -0.125863 -0.341975 0.097948
v -0.124507 -0.332636 0.099443
v -0.125636 -0.319905 0.097736
v -0.128192 -0.309664 0.095055
v -0.127017 -0.298444 0.095619
v -0.134318 -0.288859 0.095452
v -0.130217 -0.282564 0.100823
v -0.125743 -0.352380 0.096827
v -0.123370 -0.216887 0.090339
v -0.127821 -0.233075 0.086907
v 0.192923 -0.406404 -0.005412
v 0.191978 -0.398364 -0.015684
v 0.193483 -0.414386 0.002239
v 0.195428 -0.420455 0.005856
v 0.180233 -0.343869 -0.045112
v 0.182968 -0.355961 -0.037932
v 0.184574 -0.365015 -0.031223
v 0.186879 -0.382812 -0.027773
v 0.185245 -0.374898 -0.035395
v 0.189539 -0.389054 -0.024063
v 0.175049 -0.317644 -0.051664
v 0.176394 -0.328859 -0.050259
v 0.177863 -0.338653 -0.049748
v 0.194080 -0.450160 0.028321
v 0.191739 -0.455564 0.038313
v 0.194659 -0.445004 0.024529
v 0.198147 -0.432065 0.006176
v 0.196631 -0.438807 0.015199
v 0.181142 -0.476190 0.056398
v 0.186972 -0.471473 0.047609
v 0.180220 -0.487389 0.056812
v 0.177507 -0.491484 0.059987
v 0.155130 -0.502488 0.084597
v 0.163021 -0.504850 0.077060
v 0.175488 -0.501471 0.062018
v 0.170376 -0.507018 0.069818
v 0.191894 -0.466616 0.038709
v 0.153170 -0.509990 0.084064
v 0.147793 -0.518489 0.088830
v 0.122106 -0.517568 0.101173
v 0.111974 -0.521263 0.105352
v 0.127551 -0.524816 0.100263
v 0.143097 -0.527017 0.092733
v 0.135197 -0.531764 0.096556
v 0.138951 -0.235800 -0.063431
v 0.144508 -0.244169 -0.061319
v 0.152477 -0.260682 -0.065066
v 0.158334 -0.268465 -0.065265
v 0.160082 -0.277555 -0.069504
v 0.144188 -0.252691 -0.067824
v 0.134480 -0.225518 -0.066192
v 0.133303 -0.210784 -0.070093
v 0.164751 -0.289468 -0.070449
v 0.164770 -0.299954 -0.071826
v 0.169056 -0.304425 -0.063094
v 0.169858 -0.313358 -0.061098
v 0.064610 -0.510398 0.105404
v 0.059402 -0.511863 0.102820
v 0.050676 -0.504827 0.103506
v 0.037775 -0.502410 0.103009
v 0.027466 -0.501619 0.103864
v 0.019261 -0.501007 0.102992
v 0.085859 -0.517523 0.104599
v 0.073987 -0.518172 0.105376
v 0.101149 -0.524673 0.107280
v 0.090000 -0.528374 0.106919
v -0.076772 -0.443580 0.107674
v -0.088881 -0.439186 0.104200
v -0.093802 -0.432371 0.107031
v -0.103348 -0.384818 0.104540
v -0.101153 -0.403014 0.107170
v -0.107293 -0.394435 0.102725
v -0.112296 -0.385845 0.098469
v -0.119080 -0.376736 0.095025
v -0.123070 -0.369598 0.098463
v -0.129657 -0.360116 0.094469
v -0.099949 -0.423343 0.107099
v -0.107669 -0.414958 0.107737
v -0.035368 -0.476150 0.104575
v -0.046054 -0.474867 0.104182
v 0.007818 -0.500148 0.103050
v -0.001932 -0.491962 0.103059
v -0.013180 -0.490228 0.103169
v -0.026101 -0.489508 0.103072
v -0.033266 -0.485543 0.104423
v -0.066325 -0.459257 0.107785
v -0.076467 -0.456050 0.107882
v -0.057103 -0.471475 0.103887
v -0.067200 -0.468218 0.103548
v -0.131635 -0.273977 0.094970
v -0.136157 -0.268505 0.087966
v -0.133501 -0.257214 0.088403
v -0.130190 -0.246612 0.087739
v -0.133547 -0.349823 0.089741
v -0.132730 -0.337667 0.091434
v -0.131512 -0.328550 0.092393
v -0.132580 -0.316127 0.090125
v -0.136894 -0.308965 0.085441
v -0.134123 -0.299352 0.088442
v -0.141745 -0.289890 0.087051
v -0.138813 -0.280310 0.089811
v -0.130155 -0.216611 0.081800
v -0.134442 -0.229342 0.077725
v -0.134825 -0.240172 0.080566
v 0.193374 -0.409549 -0.014222
v 0.194646 -0.419664 -0.008040
v 0.190114 -0.398659 -0.027094
v 0.191490 -0.408174 -0.024174
v 0.197932 -0.425637 -0.003302
v 0.178478 -0.349010 -0.048963
v 0.179606 -0.356219 -0.047481
v 0.183267 -0.365242 -0.041942
v 0.184950 -0.386305 -0.039431
v 0.187491 -0.393574 -0.030588
v 0.182095 -0.375540 -0.045777
v 0.172142 -0.325103 -0.059988
v 0.173298 -0.336001 -0.058826
v 0.174981 -0.347568 -0.058830
v 0.194287 -0.461578 0.028328
v 0.194916 -0.456594 0.024448
v 0.197290 -0.450639 0.014849
v 0.198440 -0.437835 -0.003465
v 0.198382 -0.444275 0.005486
v 0.186089 -0.482814 0.048012
v 0.191887 -0.478173 0.039094
v 0.184684 -0.494325 0.048630
v 0.181921 -0.498180 0.052156
v 0.158418 -0.513848 0.080780
v 0.166537 -0.516912 0.072763
v 0.180460 -0.508554 0.053085
v 0.175109 -0.512202 0.061809
v 0.194241 -0.472932 0.029043
v 0.155878 -0.521668 0.080678
v 0.150184 -0.530476 0.085212
v 0.121331 -0.528430 0.100753
v 0.110978 -0.532465 0.104932
v 0.125654 -0.536854 0.099864
v 0.143643 -0.538567 0.090691
v 0.135035 -0.543597 0.095298
v 0.131131 -0.235658 -0.071914
v 0.137400 -0.245158 -0.070648
v 0.146328 -0.262405 -0.074043
v 0.153357 -0.269560 -0.070652
v 0.154708 -0.278439 -0.076607
v 0.160503 -0.285758 -0.073503
v 0.137113 -0.254476 -0.076693
v 0.126352 -0.224336 -0.074033
v 0.123936 -0.210172 -0.075810
v 0.161720 -0.294692 -0.075177
v 0.162952 -0.312041 -0.071346
v 0.160625 -0.305909 -0.075750
v 0.166762 -0.320458 -0.067734
v 0.062964 -0.521200 0.105094
v 0.057466 -0.524877 0.101424
v 0.049912 -0.517766 0.102185
v 0.042325 -0.511128 0.102882
v 0.031974 -0.511661 0.102805
v 0.024395 -0.511053 0.101940
v 0.013334 -0.511037 0.101925
v 0.082263 -0.526310 0.104505
v 0.071420 -0.529664 0.104197
v 0.100168 -0.535987 0.106305
v 0.088584 -0.534231 0.103665
v 0.091159 -0.542410 0.105558
v -0.086605 -0.450519 0.107457
v -0.093123 -0.451649 0.108696
v -0.098193 -0.442968 0.106551
v -0.105009 -0.434611 0.104305
v -0.110696 -0.405139 0.102039
v -0.116755 -0.395823 0.097015
v -0.121954 -0.388432 0.099610
v -0.128281 -0.379796 0.095354
v -0.131453 -0.370117 0.091221
v -0.137373 -0.359559 0.087022
v -0.110153 -0.425064 0.103110
v -0.117995 -0.416895 0.102641
v -0.044527 -0.486574 0.104071
v -0.054880 -0.482271 0.103181
v 0.002899 -0.509483 0.102061
v -0.009464 -0.501129 0.102886
v -0.019387 -0.498385 0.102171
v -0.027083 -0.501808 0.103645
v -0.034643 -0.495688 0.103365
v -0.074053 -0.470406 0.106059
v -0.081757 -0.464567 0.105271
v -0.064061 -0.480424 0.106264
v -0.141980 -0.273085 0.086796
v -0.139917 -0.262067 0.085833
v -0.137613 -0.250897 0.086224
v -0.140019 -0.342243 0.083205
v -0.143421 -0.351081 0.081672
v -0.138987 -0.331552 0.084088
v -0.137702 -0.323663 0.085169
v -0.139291 -0.316482 0.087000
v -0.139809 -0.300820 0.085952
v -0.142779 -0.308232 0.081430
v -0.146901 -0.292332 0.083828
v -0.144300 -0.282242 0.087446
v -0.135959 -0.216267 0.077313
v -0.139034 -0.235432 0.077817
v -0.140817 -0.228184 0.071720
v -0.140480 -0.245555 0.076679
v 0.193309 -0.418630 -0.019480
v 0.198199 -0.428255 -0.015430
v 0.199710 -0.431940 -0.006614
v 0.189064 -0.406154 -0.030318
v 0.190993 -0.416871 -0.030835
v 0.177129 -0.358645 -0.053127
v 0.179370 -0.366180 -0.052256
v 0.180981 -0.384943 -0.050089
v 0.183363 -0.393956 -0.048931
v 0.186603 -0.398202 -0.039511
v 0.179243 -0.377269 -0.051856
v 0.167214 -0.331823 -0.068995
v 0.170825 -0.340740 -0.066016
v 0.169323 -0.350772 -0.069279
v 0.173104 -0.358857 -0.063105
v 0.196607 -0.467343 0.019066
v 0.196962 -0.462395 0.014579
v 0.199166 -0.456335 0.005044
v 0.197418 -0.443754 -0.008060
v 0.198687 -0.449947 -0.004374
v 0.190440 -0.489592 0.039677
v 0.193870 -0.484576 0.029566
v 0.183830 -0.505303 0.049596
v 0.188047 -0.501221 0.039957
v 0.160797 -0.525841 0.077221
v 0.172474 -0.521746 0.064171
v 0.168144 -0.529643 0.068980
v 0.181400 -0.516671 0.050401
v 0.177896 -0.520567 0.053920
v 0.196187 -0.478867 0.019361
v 0.154591 -0.534492 0.081868
v 0.150909 -0.542167 0.082204
v 0.119557 -0.539723 0.100183
v 0.109209 -0.543930 0.103879
v 0.124849 -0.546922 0.099171
v 0.144433 -0.549037 0.088420
v 0.133912 -0.553180 0.094985
v 0.122986 -0.235519 -0.078978
v 0.130180 -0.245596 -0.079226
v 0.139770 -0.265316 -0.082255
v 0.146681 -0.271659 -0.079621
v 0.148267 -0.282042 -0.085608
v 0.155276 -0.289624 -0.081971
v 0.133185 -0.258964 -0.082424
v 0.117457 -0.224444 -0.081123
v 0.114637 -0.210074 -0.083286
v 0.155312 -0.299408 -0.083562
v 0.159696 -0.315395 -0.076973
v 0.164637 -0.323225 -0.071635
v 0.153161 -0.311558 -0.083783
v 0.060911 -0.533069 0.103849
v 0.046775 -0.528147 0.102167
v 0.054704 -0.535503 0.101453
v 0.038473 -0.521260 0.101812
v 0.027000 -0.521785 0.101759
v 0.019179 -0.519994 0.102076
v 0.006781 -0.519489 0.102128
v 0.078788 -0.538474 0.103276
v 0.068848 -0.541696 0.103001
v 0.100120 -0.547939 0.105299
v 0.086763 -0.546198 0.102527
v 0.089834 -0.553806 0.104774
v -0.091043 -0.459239 0.105571
v -0.098595 -0.462602 0.108336
v -0.104709 -0.454133 0.106082
v -0.109415 -0.445347 0.104225
v -0.115931 -0.436164 0.101147
v -0.119661 -0.406747 0.096795
v -0.125321 -0.399586 0.097633
v -0.131364 -0.390903 0.092879
v -0.136875 -0.379532 0.088558
v -0.139411 -0.370845 0.083871
v -0.145148 -0.361609 0.078775
v -0.120582 -0.427027 0.099308
v -0.126287 -0.420425 0.102255
v -0.044772 -0.499617 0.102922
v -0.054263 -0.493155 0.103281
v -0.064226 -0.489359 0.103418
v -0.010273 -0.514532 0.101565
v -0.019584 -0.507998 0.102195
v -0.026977 -0.513289 0.102613
v -0.037725 -0.506861 0.103208
v -0.085034 -0.475608 0.105287
v -0.075799 -0.482472 0.105836
v -0.092999 -0.469208 0.103892
v -0.069471 -0.492259 0.105507
v -0.149935 -0.276099 0.078246
v -0.147185 -0.265956 0.078476
v -0.144146 -0.255598 0.077177
v -0.148096 -0.345067 0.081664
v -0.144817 -0.335906 0.082761
v -0.149723 -0.356308 0.079338
v -0.143287 -0.325231 0.083782
v -0.147191 -0.318238 0.078255
v -0.148210 -0.300988 0.076720
v -0.150458 -0.309283 0.072217
v -0.151674 -0.284359 0.079009
v -0.155369 -0.292228 0.074147
v -0.143303 -0.216218 0.066335
v -0.144761 -0.238196 0.068460
v -0.146720 -0.230019 0.061560
v -0.148079 -0.248482 0.068177
v 0.196573 -0.426806 -0.025501
v 0.196508 -0.438187 -0.017556
v 0.187315 -0.409364 -0.040006
v 0.189817 -0.418709 -0.036241
v 0.193643 -0.427869 -0.035249
v 0.176660 -0.367804 -0.058077
v 0.178553 -0.388953 -0.055513
v 0.180036 -0.399576 -0.057572
v 0.184267 -0.405268 -0.049006
v 0.175234 -0.378514 -0.061692
v 0.163631 -0.334036 -0.074623
v 0.165138 -0.341514 -0.074570
v 0.165650 -0.352482 -0.075115
v 0.166801 -0.360661 -0.073285
v 0.172067 -0.368153 -0.068009
v 0.197677 -0.473567 0.015360
v 0.199883 -0.467727 0.005367
v 0.200060 -0.461462 -0.004313
v 0.198119 -0.455380 -0.014580
v 0.197063 -0.449683 -0.018643
v 0.192298 -0.496003 0.030378
v 0.195014 -0.490446 0.019739
v 0.186964 -0.512580 0.041142
v 0.191627 -0.507345 0.031507
v 0.162071 -0.537840 0.073428
v 0.174163 -0.531474 0.057641
v 0.169582 -0.539836 0.064722
v 0.184435 -0.524533 0.041845
v 0.179036 -0.527750 0.051421
v 0.196882 -0.485176 0.015717
v 0.156032 -0.545448 0.078610
v 0.152967 -0.551935 0.078509
v 0.118832 -0.549800 0.099594
v 0.108988 -0.554736 0.102861
v 0.123564 -0.558309 0.098214
v 0.147273 -0.560084 0.082889
v 0.140285 -0.559913 0.090169
v 0.131832 -0.565259 0.093977
v 0.115981 -0.234617 -0.083953
v 0.122865 -0.242911 -0.084185
v 0.126012 -0.252334 -0.084312
v 0.134998 -0.268954 -0.087633
v 0.140141 -0.275062 -0.088004
v 0.143443 -0.285868 -0.090744
v 0.148563 -0.291588 -0.089133
v 0.124602 -0.262103 -0.090724
v 0.111203 -0.223653 -0.085543
v 0.107638 -0.210377 -0.090212
v 0.148006 -0.303871 -0.090438
v 0.158938 -0.325522 -0.080470
v 0.152563 -0.322021 -0.087387
v 0.146157 -0.313746 -0.091725
v 0.058252 -0.543792 0.102853
v 0.042218 -0.538799 0.101199
v 0.034847 -0.530384 0.101978
v 0.050125 -0.545747 0.100595
v 0.023468 -0.530928 0.101959
v 0.015413 -0.529785 0.101156
v 0.004702 -0.530083 0.101142
v -0.010463 -0.524827 0.101632
v 0.076726 -0.549763 0.103116
v 0.066289 -0.552440 0.102974
v 0.098868 -0.559952 0.103780
v 0.083939 -0.557437 0.102352
v 0.087811 -0.565478 0.103450
v -0.101098 -0.473207 0.107568
v -0.109806 -0.465154 0.106515
v -0.117756 -0.457338 0.103364
v -0.119138 -0.446415 0.100884
v -0.127044 -0.439451 0.097181
v -0.127236 -0.410051 0.097717
v -0.134223 -0.403558 0.092713
v -0.141779 -0.399624 0.087038
v -0.140005 -0.388580 0.086419
v -0.146253 -0.381442 0.080700
v -0.147893 -0.372748 0.083541
v -0.154377 -0.366837 0.076969
v -0.127643 -0.431079 0.101260
v -0.135724 -0.426494 0.097029
v -0.134633 -0.415698 0.094620
v -0.054920 -0.503971 0.102619
v -0.048611 -0.511997 0.102792
v -0.061810 -0.501902 0.105880
v -0.020788 -0.518316 0.102260
v -0.026731 -0.524503 0.102600
v -0.036980 -0.518120 0.102172
v -0.087865 -0.486441 0.105222
v -0.096875 -0.479388 0.104554
v -0.081029 -0.493378 0.105944
v -0.073387 -0.502786 0.105800
v -0.154712 -0.270907 0.069392
v -0.157015 -0.280667 0.069739
v -0.150271 -0.260435 0.069158
v -0.155008 -0.348133 0.073389
v -0.151961 -0.337787 0.074475
v -0.150731 -0.326932 0.075414
v -0.156998 -0.359340 0.070621
v -0.154220 -0.319510 0.068985
v -0.154005 -0.299874 0.067033
v -0.157029 -0.309454 0.062406
v -0.161528 -0.291567 0.065171
v -0.148970 -0.216329 0.055750
v -0.149661 -0.240369 0.058291
v -0.152068 -0.230198 0.057329
v -0.152850 -0.253738 0.060601
v 0.194640 -0.436777 -0.028113
v 0.194954 -0.446428 -0.028757
v 0.185940 -0.417730 -0.047162
v 0.189414 -0.428692 -0.044572
v 0.191287 -0.439368 -0.038873
v 0.173450 -0.388200 -0.066478
v 0.177194 -0.397505 -0.062949
v 0.179232 -0.408179 -0.059805
v 0.181366 -0.412634 -0.056212
v 0.170019 -0.378336 -0.071556
v 0.157292 -0.334734 -0.084376
v 0.161894 -0.342984 -0.079919
v 0.159605 -0.353380 -0.084659
v 0.162979 -0.363182 -0.079526
v 0.165653 -0.369183 -0.077854
v 0.199403 -0.479553 0.005599
v 0.200729 -0.473473 -0.004337
v 0.199276 -0.467260 -0.014056
v 0.196489 -0.461947 -0.018575
v 0.194271 -0.457446 -0.028176
v 0.194533 -0.501297 0.021534
v 0.195288 -0.496764 0.016037
v 0.190078 -0.518961 0.032424
v 0.192837 -0.513166 0.021871
v 0.163697 -0.548621 0.069784
v 0.178425 -0.536083 0.048099
v 0.174144 -0.543253 0.054886
v 0.169835 -0.551946 0.060707
v 0.187372 -0.530324 0.032884
v 0.181460 -0.536682 0.042979
v 0.197904 -0.491219 0.005755
v 0.157522 -0.556882 0.074427
v 0.151674 -0.564820 0.079050
v 0.117823 -0.561280 0.098335
v 0.107941 -0.566511 0.101049
v 0.121957 -0.570074 0.097008
v 0.148766 -0.570232 0.079129
v 0.140463 -0.571144 0.087350
v 0.130786 -0.576537 0.092394
v 0.106258 -0.234389 -0.090164
v 0.113253 -0.242700 -0.091235
v 0.119808 -0.251987 -0.091688
v 0.128245 -0.271790 -0.094439
v 0.135814 -0.277903 -0.092789
v 0.138637 -0.291312 -0.097442
v 0.132222 -0.286007 -0.099211
v 0.145443 -0.296813 -0.093243
v 0.114183 -0.261552 -0.096502
v 0.119212 -0.270659 -0.098959
v 0.100533 -0.224247 -0.090834
v 0.096815 -0.210275 -0.092691
v 0.142744 -0.307663 -0.094944
v 0.144623 -0.324770 -0.095391
v 0.150006 -0.333689 -0.091836
v 0.141583 -0.316838 -0.096811
v 0.054930 -0.551943 0.103087
v 0.030827 -0.540876 0.101068
v 0.038925 -0.550593 0.100303
v 0.046189 -0.557700 0.102751
v 0.018556 -0.540567 0.101143
v 0.010154 -0.538949 0.101809
v -0.009237 -0.537032 0.101972
v -0.020059 -0.529880 0.101179
v 0.071969 -0.562722 0.102072
v 0.059034 -0.561666 0.102341
v 0.097538 -0.571071 0.102029
v 0.082425 -0.568829 0.101197
v 0.087705 -0.575616 0.102796
v -0.112143 -0.476359 0.105794
v -0.103545 -0.483805 0.107596
v -0.120106 -0.469333 0.103004
v -0.124358 -0.464545 0.103789
v -0.124329 -0.453749 0.103153
v -0.133190 -0.448098 0.099543
v -0.134771 -0.437823 0.098064
v -0.142142 -0.410836 0.088507
v -0.149769 -0.405893 0.082135
v -0.147170 -0.395803 0.086530
v -0.152762 -0.380070 0.079149
v -0.154075 -0.391099 0.080259
v -0.158748 -0.375854 0.072116
v -0.162459 -0.368638 0.066904
v -0.143753 -0.433389 0.092682
v -0.144062 -0.422642 0.090620
v -0.061558 -0.511796 0.102846
v -0.057242 -0.521878 0.101776
v -0.046435 -0.523423 0.101632
v -0.067586 -0.512867 0.105210
v -0.026859 -0.537447 0.101418
v -0.035847 -0.528703 0.102188
v -0.092629 -0.496898 0.105430
v -0.095208 -0.490936 0.108435
v -0.084819 -0.504229 0.105474
v -0.078708 -0.513644 0.105048
v -0.156074 -0.264063 0.066468
v -0.158588 -0.273794 0.065408
v -0.161638 -0.283393 0.066293
v -0.161340 -0.351299 0.064135
v -0.157336 -0.341793 0.066565
v -0.157205 -0.328534 0.066204
v -0.164723 -0.362609 0.066175
v -0.158988 -0.319010 0.065330
v -0.159038 -0.300342 0.063332
v -0.161710 -0.309789 0.058243
v -0.166518 -0.291212 0.060845
v -0.152666 -0.216652 0.051039
v -0.154361 -0.247588 0.058282
v -0.153613 -0.239362 0.051622
v -0.156584 -0.230007 0.046138
v -0.158257 -0.256978 0.057015
v 0.192112 -0.451309 -0.037678
v 0.187053 -0.427634 -0.049231
v 0.183349 -0.422815 -0.057753
v 0.188500 -0.437754 -0.045467
v 0.188457 -0.447476 -0.047381
v 0.167551 -0.388365 -0.076429
v 0.172377 -0.397335 -0.072823
v 0.174839 -0.407817 -0.068986
v 0.178395 -0.418464 -0.067184
v 0.164053 -0.378648 -0.080831
v 0.155367 -0.343288 -0.088889
v 0.152442 -0.353536 -0.093124
v 0.156777 -0.363905 -0.088790
v 0.161698 -0.373174 -0.084508
v 0.200088 -0.485189 -0.004341
v 0.199198 -0.479081 -0.014181
v 0.197710 -0.473381 -0.023944
v 0.197427 -0.468469 -0.027240
v 0.194717 -0.463118 -0.036392
v 0.195363 -0.506793 0.012283
v 0.197255 -0.502623 0.006726
v 0.190697 -0.524513 0.022670
v 0.193047 -0.519987 0.012722
v 0.164658 -0.560675 0.065822
v 0.177208 -0.546311 0.050420
v 0.174088 -0.554428 0.050119
v 0.169863 -0.563632 0.055996
v 0.188888 -0.534912 0.021991
v 0.185813 -0.540256 0.033623
v 0.180997 -0.548284 0.040381
v 0.198659 -0.496649 -0.004175
v 0.158587 -0.569109 0.070570
v 0.153182 -0.576056 0.075435
v 0.116369 -0.573079 0.096819
v 0.107427 -0.577098 0.099984
v 0.121179 -0.580298 0.096224
v 0.146787 -0.578383 0.080466
v 0.138903 -0.581829 0.087002
v 0.129799 -0.586797 0.091748
v 0.098101 -0.235337 -0.092578
v 0.105078 -0.243773 -0.093966
v 0.109656 -0.252101 -0.096892
v 0.125564 -0.278323 -0.099538
v 0.136779 -0.301094 -0.101175
v 0.129966 -0.294162 -0.105079
v 0.122801 -0.287547 -0.105871
v 0.107273 -0.261317 -0.099490
v 0.113394 -0.270395 -0.101712
v 0.118886 -0.278562 -0.102434
v 0.092934 -0.224607 -0.093088
v 0.088235 -0.211005 -0.096921
v 0.133467 -0.311071 -0.102382
v 0.139969 -0.327311 -0.100553
v 0.145259 -0.335848 -0.096869
v 0.147640 -0.343354 -0.096588
v 0.133123 -0.319563 -0.104025
v 0.025966 -0.549221 0.101993
v 0.043407 -0.561859 0.101077
v 0.031755 -0.558582 0.101368
v 0.049357 -0.568587 0.101987
v 0.013279 -0.549137 0.102050
v 0.004064 -0.547758 0.101176
v -0.016260 -0.540982 0.101155
v -0.013909 -0.548540 0.101158
v 0.062389 -0.571605 0.101533
v 0.073313 -0.575407 0.100918
v 0.097573 -0.580593 0.101441
v 0.078767 -0.582222 0.102725
v 0.090096 -0.587754 0.101327
v -0.115036 -0.486739 0.105756
v -0.122550 -0.481479 0.102128
v -0.106160 -0.493998 0.108050
v -0.125964 -0.475510 0.103340
v -0.135447 -0.469197 0.099932
v -0.133827 -0.459380 0.100052
v -0.141744 -0.454336 0.096176
v -0.142758 -0.444072 0.094287
v -0.150293 -0.417316 0.083890
v -0.155927 -0.414528 0.082750
v -0.154898 -0.402594 0.081727
v -0.161193 -0.386794 0.072572
v -0.161846 -0.397740 0.075001
v -0.165833 -0.380527 0.064389
v -0.167528 -0.373457 0.063249
v -0.150909 -0.440960 0.087381
v -0.151756 -0.429552 0.085785
v -0.063862 -0.522889 0.104902
v -0.055030 -0.532096 0.101810
v -0.059788 -0.533681 0.103816
v -0.045133 -0.533185 0.101751
v -0.075138 -0.522861 0.104862
v -0.022273 -0.549213 0.102103
v -0.031919 -0.549611 0.100556
v -0.037509 -0.540222 0.101178
v -0.091609 -0.509817 0.107950
v -0.098726 -0.502066 0.107922
v -0.089624 -0.514483 0.104751
v -0.086843 -0.523029 0.104844
v -0.162116 -0.266874 0.057445
v -0.165788 -0.279253 0.056916
v -0.166473 -0.355860 0.059733
v -0.164155 -0.345846 0.062877
v -0.161649 -0.335607 0.059814
v -0.162395 -0.328329 0.061306
v -0.171391 -0.365182 0.056646
v -0.165399 -0.319439 0.055838
v -0.165816 -0.298487 0.053814
v -0.167320 -0.312945 0.049799
v -0.168331 -0.304056 0.045592
v -0.171204 -0.288039 0.051033
v -0.156698 -0.216985 0.039977
v -0.159060 -0.249563 0.047991
v -0.157463 -0.240307 0.040697
v -0.159753 -0.230946 0.034922
v -0.163971 -0.259655 0.046888
v 0.192015 -0.457473 -0.044366
v 0.184312 -0.435406 -0.056258
v 0.180045 -0.430481 -0.064848
v 0.185900 -0.446151 -0.053102
v 0.188298 -0.456274 -0.053657
v 0.163960 -0.386966 -0.082039
v 0.165890 -0.396573 -0.082259
v 0.169011 -0.406779 -0.078544
v 0.172307 -0.417208 -0.073861
v 0.176525 -0.427015 -0.070354
v 0.147771 -0.353657 -0.098238
v 0.148911 -0.363292 -0.097177
v 0.154624 -0.372465 -0.093755
v 0.158271 -0.383134 -0.089984
v 0.197317 -0.490657 -0.014075
v 0.195332 -0.484758 -0.023939
v 0.195516 -0.479755 -0.028229
v 0.193684 -0.473967 -0.037765
v 0.190952 -0.467487 -0.047792
v 0.194644 -0.513907 0.011427
v 0.198151 -0.507009 -0.004813
v 0.196077 -0.513532 0.002370
v 0.191136 -0.530860 0.011495
v 0.193292 -0.524734 0.007261
v 0.165069 -0.572549 0.061631
v 0.176474 -0.557819 0.046157
v 0.173653 -0.566131 0.045423
v 0.169417 -0.575275 0.051041
v 0.189690 -0.541935 0.012087
v 0.187889 -0.543983 0.023217
v 0.184537 -0.551603 0.030039
v 0.180312 -0.560174 0.035796
v 0.197688 -0.501657 -0.014004
v 0.159929 -0.580110 0.066368
v 0.149550 -0.585922 0.077933
v 0.155405 -0.589481 0.070421
v 0.115056 -0.583816 0.096627
v 0.103275 -0.589490 0.099016
v 0.119788 -0.591707 0.095646
v 0.145783 -0.589618 0.080110
v 0.137805 -0.593573 0.086086
v 0.128740 -0.598223 0.091229
v 0.093920 -0.244491 -0.098280
v 0.086888 -0.235963 -0.096523
v 0.101824 -0.252909 -0.099944
v 0.126595 -0.304692 -0.108060
v 0.123751 -0.296042 -0.108940
v 0.116088 -0.288291 -0.109187
v 0.096667 -0.262334 -0.103914
v 0.103777 -0.271006 -0.106324
v 0.109320 -0.279357 -0.107277
v 0.081592 -0.225390 -0.095937
v 0.076638 -0.211375 -0.099342
v 0.124000 -0.316166 -0.109083
v 0.130611 -0.328065 -0.107918
v 0.136442 -0.336935 -0.105213
v 0.142867 -0.344520 -0.102023
v 0.019364 -0.558510 0.101456
v 0.045569 -0.575143 0.100308
v 0.036274 -0.569012 0.100755
v 0.024963 -0.568233 0.100910
v 0.053639 -0.577745 0.102426
v 0.007037 -0.558412 0.101517
v -0.004945 -0.558800 0.101532
v -0.017176 -0.559493 0.101531
v 0.065435 -0.581930 0.101848
v 0.075044 -0.587115 0.101153
v 0.080957 -0.593847 0.101715
v 0.093109 -0.598464 0.099971
v -0.116033 -0.496821 0.105105
v -0.125603 -0.493421 0.101308
v -0.128729 -0.486997 0.102317
v -0.109159 -0.505339 0.107134
v -0.135643 -0.479822 0.099699
v -0.143461 -0.475562 0.095460
v -0.145279 -0.464021 0.094337
v -0.149943 -0.452628 0.089783
v -0.156315 -0.425993 0.084656
v -0.162865 -0.408796 0.076819
v -0.163910 -0.420525 0.077937
v -0.167252 -0.393257 0.066787
v -0.168438 -0.404432 0.068380
v -0.170230 -0.390989 0.064138
v -0.172494 -0.383176 0.059050
v -0.174725 -0.374851 0.053243
v -0.155127 -0.450381 0.087055
v -0.155885 -0.438147 0.085851
v -0.070463 -0.533226 0.103867
v -0.054866 -0.544301 0.103852
v -0.049673 -0.543035 0.100948
v -0.065007 -0.544172 0.103010
v -0.081806 -0.532773 0.103938
v -0.028693 -0.559637 0.101555
v -0.042480 -0.550216 0.100520
v -0.040324 -0.559226 0.101600
v -0.094248 -0.522523 0.107582
v -0.101629 -0.514101 0.107613
v -0.088762 -0.533560 0.106604
v -0.167643 -0.270813 0.050644
v -0.170408 -0.278198 0.045556
v -0.175033 -0.356888 0.049947
v -0.170247 -0.347408 0.053203
v -0.168037 -0.337055 0.056588
v -0.168500 -0.329441 0.051037
v -0.177364 -0.367239 0.046286
v -0.171022 -0.320937 0.044913
v -0.172849 -0.293753 0.043800
v -0.172009 -0.311698 0.039448
v -0.171887 -0.303467 0.041619
v -0.172858 -0.284968 0.044441
v -0.159656 -0.217379 0.028913
v -0.163010 -0.249897 0.037598
v -0.162415 -0.242065 0.035739
v -0.161671 -0.231781 0.029591
v -0.166488 -0.259201 0.041203
v -0.170317 -0.267994 0.040639
v 0.180700 -0.443927 -0.062867
v 0.176210 -0.438533 -0.070657
v 0.184861 -0.454435 -0.058653
v 0.185989 -0.466139 -0.057587
v 0.162388 -0.394405 -0.088001
v 0.165221 -0.405545 -0.084462
v 0.167751 -0.415157 -0.083969
v 0.170524 -0.425191 -0.080540
v 0.172362 -0.435204 -0.076847
v 0.139304 -0.354291 -0.106961
v 0.144278 -0.363256 -0.102652
v 0.146576 -0.371673 -0.102008
v 0.150862 -0.382218 -0.098291
v 0.156118 -0.392025 -0.096100
v 0.195643 -0.495849 -0.023567
v 0.194380 -0.490945 -0.028243
v 0.192318 -0.485733 -0.039030
v 0.190293 -0.477931 -0.047791
v 0.184673 -0.478170 -0.057224
v 0.196878 -0.513893 -0.013426
v 0.195805 -0.520525 -0.004315
v 0.192199 -0.535231 0.007227
v 0.193117 -0.531301 -0.002837
v 0.165705 -0.582988 0.056309
v 0.175942 -0.569371 0.041424
v 0.172817 -0.577185 0.046194
v 0.170371 -0.585720 0.045342
v 0.189762 -0.545832 0.006122
v 0.186641 -0.552593 0.017690
v 0.187592 -0.553606 0.006357
v 0.183799 -0.561517 0.024604
v 0.179711 -0.570992 0.030814
v 0.195337 -0.508014 -0.023226
v 0.161188 -0.592143 0.061725
v 0.149480 -0.597670 0.076566
v 0.155925 -0.601439 0.067957
v 0.113603 -0.594923 0.096032
v 0.103417 -0.600814 0.098053
v 0.119059 -0.603022 0.095141
v 0.145719 -0.600892 0.078969
v 0.137073 -0.604736 0.085591
v 0.128259 -0.608840 0.091003
v 0.090872 -0.253982 -0.103800
v 0.085874 -0.245786 -0.100914
v 0.077124 -0.238225 -0.097848
v 0.120207 -0.306929 -0.111530
v 0.113842 -0.297449 -0.114263
v 0.106401 -0.289199 -0.114044
v 0.089887 -0.264188 -0.106435
v 0.093850 -0.272050 -0.110659
v 0.099645 -0.280058 -0.111637
v 0.073348 -0.226447 -0.099724
v 0.068151 -0.212270 -0.100992
v 0.118016 -0.317446 -0.112534
v 0.125535 -0.326017 -0.110716
v 0.126812 -0.337234 -0.112020
v 0.133666 -0.345373 -0.109883
v 0.013190 -0.568145 0.101019
v 0.045863 -0.586720 0.102223
v 0.039288 -0.585580 0.102038
v 0.031831 -0.578029 0.100401
v 0.019656 -0.578031 0.100554
v 0.057218 -0.588257 0.101826
v 0.001324 -0.568423 0.101073
v -0.010831 -0.568443 0.101138
v -0.023712 -0.570120 0.101127
v 0.065576 -0.595621 0.101179
v 0.077279 -0.598192 0.100406
v 0.083800 -0.605025 0.100659
v 0.094287 -0.610642 0.099834
v -0.120232 -0.505569 0.102847
v -0.125924 -0.505897 0.102564
v -0.132842 -0.496729 0.100423
v -0.141314 -0.488306 0.097321
v -0.113118 -0.515121 0.104966
v -0.149503 -0.482597 0.090375
v -0.151574 -0.471346 0.088485
v -0.154748 -0.460899 0.086023
v -0.163933 -0.431487 0.079452
v -0.169864 -0.415997 0.069716
v -0.170411 -0.426986 0.071438
v -0.173577 -0.400252 0.059794
v -0.172991 -0.413043 0.065750
v -0.176461 -0.395356 0.056510
v -0.178499 -0.385246 0.050208
v -0.181016 -0.378061 0.042523
v -0.160267 -0.460891 0.083167
v -0.163061 -0.451492 0.080552
v -0.164330 -0.442018 0.079322
v -0.076192 -0.543104 0.103115
v -0.047374 -0.556137 0.103198
v -0.059149 -0.554494 0.103299
v -0.070875 -0.553011 0.103385
v -0.087774 -0.542221 0.103174
v -0.035322 -0.569441 0.101175
v -0.047979 -0.566955 0.101297
v -0.100106 -0.533090 0.106686
v -0.106214 -0.523561 0.106706
v -0.094334 -0.543423 0.105708
v -0.172317 -0.275834 0.039990
v -0.175185 -0.349138 0.043072
v -0.179646 -0.358640 0.039379
v -0.173349 -0.338464 0.046789
v -0.173612 -0.330865 0.040325
v -0.182087 -0.368917 0.035924
v -0.174348 -0.323217 0.039211
v -0.176076 -0.292789 0.038279
v -0.174513 -0.311180 0.035372
v -0.175917 -0.302404 0.031303
v -0.178019 -0.282898 0.032930
v -0.160843 -0.218034 0.024406
v -0.166190 -0.252405 0.032027
v -0.164802 -0.242194 0.024691
v -0.162984 -0.231771 0.018343
v -0.168920 -0.265082 0.035293
v 0.179040 -0.451821 -0.068772
v 0.175107 -0.444749 -0.075820
v 0.181011 -0.462250 -0.064147
v 0.180730 -0.471697 -0.064449
v 0.158646 -0.403367 -0.093357
v 0.161449 -0.414184 -0.090174
v 0.163596 -0.423874 -0.089812
v 0.165928 -0.434220 -0.086247
v 0.170523 -0.443910 -0.081911
v 0.129601 -0.355223 -0.114391
v 0.135269 -0.363851 -0.111188
v 0.142235 -0.371198 -0.107577
v 0.146757 -0.381478 -0.103434
v 0.148657 -0.390972 -0.103699
v 0.151349 -0.401694 -0.101436
v 0.194722 -0.502230 -0.028251
v 0.192441 -0.497166 -0.037514
v 0.187287 -0.487352 -0.051456
v 0.190223 -0.494351 -0.046482
v 0.177329 -0.481389 -0.066886
v 0.180500 -0.489303 -0.060663
v 0.193410 -0.519425 -0.022831
v 0.194291 -0.525760 -0.013387
v 0.191754 -0.541863 -0.003340
v 0.193456 -0.536473 -0.012937
v 0.166235 -0.594211 0.051730
v 0.176531 -0.579437 0.035540
v 0.172758 -0.588891 0.040673
v 0.170420 -0.596934 0.040492
v 0.188601 -0.554177 -0.001993
v 0.185012 -0.562408 0.012589
v 0.185942 -0.563150 0.004953
v 0.182471 -0.571318 0.019602
v 0.180018 -0.580052 0.025080
v 0.193486 -0.513609 -0.028623
v 0.161619 -0.603626 0.058426
v 0.150602 -0.608331 0.074047
v 0.157457 -0.611639 0.064397
v 0.114044 -0.606259 0.095319
v 0.105049 -0.610435 0.098105
v 0.119003 -0.614089 0.095042
v 0.145177 -0.610548 0.079109
v 0.136585 -0.615150 0.085543
v 0.127547 -0.620510 0.090655
v 0.081898 -0.255877 -0.104738
v 0.075328 -0.248267 -0.104997
v 0.067219 -0.234243 -0.100974
v 0.065951 -0.243150 -0.103483
v 0.109395 -0.308147 -0.117026
v 0.103346 -0.298132 -0.118745
v 0.099271 -0.290485 -0.116111
v 0.087266 -0.273945 -0.112860
v 0.079192 -0.266002 -0.110341
v 0.093048 -0.281691 -0.114067
v 0.061514 -0.224997 -0.099834
v 0.055286 -0.213036 -0.102655
v 0.109808 -0.317643 -0.117157
v 0.116437 -0.326969 -0.116531
v 0.121743 -0.336864 -0.115728
v 0.127959 -0.346259 -0.114646
v 0.008163 -0.577598 0.102713
v 0.052161 -0.597324 0.101693
v 0.040409 -0.597107 0.102071
v 0.033464 -0.596107 0.101927
v 0.026719 -0.587024 0.102229
v 0.014532 -0.587328 0.102409
v -0.004666 -0.577688 0.102809
v -0.016166 -0.577659 0.100868
v -0.030901 -0.580031 0.102852
v 0.069744 -0.607123 0.100559
v 0.058542 -0.606205 0.101205
v 0.075126 -0.610182 0.101960
v 0.083866 -0.616696 0.100946
v 0.102884 -0.620706 0.098158
v 0.092497 -0.623671 0.099750
v -0.123913 -0.515307 0.100518
v -0.130003 -0.516185 0.100130
v -0.135837 -0.508302 0.098425
v -0.142457 -0.499818 0.095765
v -0.149155 -0.493784 0.090207
v -0.117541 -0.524335 0.102945
v -0.156305 -0.489199 0.084131
v -0.154098 -0.480149 0.087750
v -0.157689 -0.470773 0.084997
v -0.170331 -0.437903 0.072490
v -0.175843 -0.423041 0.062671
v -0.175720 -0.434086 0.063810
v -0.177649 -0.407911 0.057475
v -0.179003 -0.420083 0.058731
v -0.182241 -0.403996 0.049148
v -0.181585 -0.393969 0.047110
v -0.183938 -0.388441 0.038565
v -0.183889 -0.379699 0.035972
v -0.168938 -0.459378 0.075370
v -0.166721 -0.469410 0.077198
v -0.170615 -0.448935 0.073003
v -0.082195 -0.551833 0.103402
v -0.053558 -0.565236 0.102801
v -0.065907 -0.563677 0.102871
v -0.076821 -0.563095 0.102825
v -0.088651 -0.552527 0.105377
v -0.042284 -0.577697 0.100890
v -0.051054 -0.576682 0.103404
v -0.105595 -0.543337 0.104882
v -0.111507 -0.533613 0.104473
v -0.100224 -0.552167 0.105144
v -0.174375 -0.271812 0.029079
v -0.180097 -0.351214 0.037059
v -0.175986 -0.341625 0.041419
v -0.182184 -0.361832 0.033210
v -0.178567 -0.332728 0.034952
v -0.185208 -0.372254 0.029592
v -0.178027 -0.319096 0.030083
v -0.181283 -0.326764 0.026732
v -0.179463 -0.292685 0.027801
v -0.178407 -0.309882 0.024495
v -0.178893 -0.301876 0.020101
v -0.180323 -0.284414 0.022518
v -0.178885 -0.276615 0.020764
v -0.162027 -0.218128 0.013453
v -0.171831 -0.260554 0.025486
v -0.168074 -0.250842 0.020129
v -0.166536 -0.241165 0.013028
v -0.163467 -0.231408 0.006616
v 0.174756 -0.462227 -0.073559
v 0.172044 -0.453796 -0.079371
v 0.176119 -0.472066 -0.068798
v 0.154231 -0.412423 -0.098744
v 0.158767 -0.422497 -0.096229
v 0.161219 -0.432915 -0.092511
v 0.163810 -0.443075 -0.090962
v 0.166294 -0.453194 -0.085827
v 0.123882 -0.356595 -0.119399
v 0.128709 -0.365465 -0.116606
v 0.132746 -0.371844 -0.115529
v 0.138877 -0.380307 -0.111268
v 0.143521 -0.391215 -0.107307
v 0.146532 -0.400460 -0.107180
v 0.149151 -0.410660 -0.104724
v 0.191257 -0.508285 -0.038611
v 0.187794 -0.504757 -0.048748
v 0.184277 -0.497199 -0.055817
v 0.173956 -0.481364 -0.072498
v 0.176993 -0.490737 -0.066134
v 0.177476 -0.499850 -0.064163
v 0.190973 -0.524865 -0.027081
v 0.190834 -0.531388 -0.022273
v 0.190674 -0.548141 -0.012394
v 0.189698 -0.542565 -0.021900
v 0.166224 -0.605075 0.048119
v 0.176311 -0.591169 0.029658
v 0.172525 -0.600527 0.035083
v 0.168407 -0.607381 0.041614
v 0.188463 -0.558846 -0.013022
v 0.186508 -0.565917 -0.006728
v 0.184599 -0.570110 0.006529
v 0.184270 -0.572340 -0.000201
v 0.182399 -0.578965 0.013893
v 0.179593 -0.589824 0.019103
v 0.189222 -0.519989 -0.037666
v 0.162666 -0.613695 0.054155
v 0.153994 -0.621426 0.067901
v 0.148005 -0.619074 0.075785
v 0.159504 -0.623569 0.058007
v 0.113902 -0.617411 0.095770
v 0.118243 -0.626019 0.094891
v 0.143840 -0.621539 0.079225
v 0.135450 -0.626767 0.085509
v 0.127016 -0.632504 0.090452
v 0.071225 -0.258846 -0.108570
v 0.064166 -0.252487 -0.108995
v 0.058682 -0.237123 -0.101303
v 0.059008 -0.245307 -0.106709
v 0.102179 -0.308318 -0.120155
v 0.103157 -0.318646 -0.119549
v 0.096033 -0.298688 -0.120949
v 0.088279 -0.292303 -0.119748
v 0.076404 -0.275303 -0.115597
v 0.083088 -0.282737 -0.117257
v 0.067593 -0.269122 -0.114190
v 0.052172 -0.228695 -0.102686
v 0.046882 -0.214399 -0.104761
v 0.106462 -0.327779 -0.121172
v 0.112218 -0.337160 -0.121183
v 0.118815 -0.346046 -0.120825
v 0.002636 -0.587474 0.102527
v 0.046647 -0.606412 0.102643
v 0.034837 -0.606508 0.103047
v 0.027538 -0.606251 0.102001
v 0.021206 -0.596720 0.102165
v 0.008903 -0.597142 0.102343
v -0.010025 -0.587503 0.102608
v -0.020886 -0.585783 0.102685
v -0.028182 -0.592028 0.102572
v -0.039506 -0.589796 0.102572
v 0.064460 -0.615732 0.101631
v 0.077037 -0.618473 0.100674
v 0.052894 -0.616144 0.102300
v 0.081275 -0.628332 0.101105
v 0.112307 -0.628586 0.095865
v 0.101640 -0.631906 0.098174
v 0.090652 -0.635398 0.099989
v -0.123547 -0.526468 0.102032
v -0.140747 -0.519264 0.095244
v -0.133363 -0.526210 0.098094
v -0.144579 -0.510936 0.093178
v -0.150474 -0.504570 0.088110
v -0.157658 -0.499181 0.081967
v -0.122642 -0.534288 0.099832
v -0.159798 -0.487950 0.082413
v -0.161274 -0.497772 0.080163
v -0.163424 -0.478726 0.079551
v -0.176138 -0.445415 0.064447
v -0.179086 -0.431057 0.059983
v -0.178359 -0.442441 0.061226
v -0.183403 -0.415116 0.051210
v -0.185049 -0.427756 0.050980
v -0.186489 -0.410729 0.041518
v -0.185413 -0.400245 0.039938
v -0.186597 -0.399031 0.034743
v -0.185785 -0.389043 0.032400
v -0.187378 -0.382865 0.024262
v -0.173665 -0.467512 0.068522
v -0.175220 -0.456646 0.066251
v -0.171834 -0.478588 0.071062
v -0.087885 -0.561163 0.102749
v -0.060684 -0.572971 0.102443
v -0.071980 -0.574750 0.102168
v -0.083023 -0.572565 0.101971
v -0.094345 -0.561871 0.104428
v -0.044829 -0.585960 0.103086
v -0.055257 -0.589031 0.102789
v -0.062704 -0.581822 0.102961
v -0.116309 -0.543525 0.101261
v -0.111179 -0.552247 0.102633
v -0.105757 -0.561881 0.103093
v -0.174992 -0.266968 0.018295
v -0.184204 -0.353091 0.026494
v -0.180604 -0.343508 0.031037
v -0.186826 -0.363270 0.022749
v -0.182756 -0.336418 0.023362
v -0.188876 -0.372891 0.018056
v -0.180677 -0.319516 0.019328
v -0.183789 -0.328114 0.015452
v -0.181975 -0.292713 0.015762
v -0.180577 -0.310104 0.013179
v -0.180625 -0.301839 0.013566
v -0.182234 -0.283990 0.017433
v -0.180142 -0.275527 0.015649
v -0.162384 -0.217840 0.002559
v -0.173120 -0.258432 0.013520
v -0.169303 -0.250051 0.013373
v -0.167095 -0.240912 0.006093
v -0.163249 -0.231261 0.000991
v 0.167095 -0.462870 -0.083044
v 0.169452 -0.472202 -0.077633
v 0.151120 -0.420652 -0.104378
v 0.153898 -0.431361 -0.101212
v 0.157814 -0.441422 -0.097712
v 0.158910 -0.452408 -0.094817
v 0.161138 -0.462446 -0.089159
v 0.114774 -0.355948 -0.125116
v 0.118323 -0.367422 -0.124266
v 0.127413 -0.374518 -0.120698
v 0.129535 -0.381595 -0.118398
v 0.136003 -0.389406 -0.114001
v 0.138697 -0.398341 -0.114753
v 0.140539 -0.409092 -0.113303
v 0.145535 -0.418699 -0.110598
v 0.186915 -0.515246 -0.047142
v 0.180940 -0.508832 -0.057504
v 0.166995 -0.481540 -0.081409
v 0.169776 -0.491459 -0.075168
v 0.172694 -0.500875 -0.068772
v 0.176522 -0.509561 -0.062963
v 0.187364 -0.530703 -0.035955
v 0.188533 -0.536279 -0.031255
v 0.187448 -0.554723 -0.022173
v 0.185847 -0.548495 -0.030791
v 0.166580 -0.614308 0.044204
v 0.176961 -0.600761 0.020773
v 0.173537 -0.607686 0.025352
v 0.169806 -0.613825 0.032968
v 0.166325 -0.620663 0.041237
v 0.185214 -0.566019 -0.020432
v 0.184759 -0.574550 -0.012189
v 0.183003 -0.580403 0.007204
v 0.183198 -0.583129 -0.003898
v 0.181768 -0.587970 0.008777
v 0.179619 -0.597995 0.009649
v 0.184241 -0.526841 -0.047215
v 0.164153 -0.625430 0.046803
v 0.154721 -0.632388 0.064573
v 0.148001 -0.630738 0.074275
v 0.159977 -0.634773 0.053851
v 0.116746 -0.637568 0.095060
v 0.143006 -0.631544 0.078801
v 0.135949 -0.638543 0.084193
v 0.125638 -0.643099 0.091107
v 0.064413 -0.262677 -0.111705
v 0.055947 -0.254977 -0.109740
v 0.046845 -0.239281 -0.104393
v 0.049012 -0.248774 -0.109687
v 0.091300 -0.307382 -0.123879
v 0.092509 -0.317873 -0.123085
v 0.100590 -0.327242 -0.123446
v 0.082770 -0.300265 -0.124984
v 0.077341 -0.292158 -0.122088
v 0.068007 -0.277258 -0.117079
v 0.072762 -0.282955 -0.118935
v 0.059285 -0.273310 -0.117093
v 0.040670 -0.229754 -0.104044
v 0.035111 -0.215137 -0.105578
v 0.105142 -0.337863 -0.124301
v 0.108423 -0.345330 -0.125606
v -0.004234 -0.597126 0.102464
v 0.040960 -0.616584 0.102829
v 0.028909 -0.616521 0.103229
v 0.021184 -0.615963 0.103749
v 0.015500 -0.606473 0.102229
v 0.003117 -0.606895 0.102389
v -0.017090 -0.596934 0.102517
v -0.032373 -0.600431 0.102445
v -0.022758 -0.606436 0.102461
v -0.038249 -0.603394 0.102737
v -0.046445 -0.596578 0.102731
v 0.058054 -0.626712 0.102028
v 0.068750 -0.625516 0.101315
v 0.076991 -0.631971 0.100709
v 0.047018 -0.626757 0.102641
v 0.080535 -0.641140 0.102248
v 0.111369 -0.640089 0.095840
v 0.100760 -0.642709 0.099334
v 0.089835 -0.646581 0.101164
v -0.129610 -0.536503 0.098798
v -0.146613 -0.526315 0.089560
v -0.140246 -0.532856 0.094447
v -0.150987 -0.516453 0.086650
v -0.153771 -0.510397 0.086023
v -0.161738 -0.508132 0.078666
v -0.122598 -0.544793 0.100645
v -0.167730 -0.488490 0.075283
v -0.168589 -0.499755 0.073079
v -0.181082 -0.452898 0.057509
v -0.183751 -0.438600 0.053009
v -0.183257 -0.450399 0.054370
v -0.187380 -0.420915 0.043980
v -0.189960 -0.429003 0.038627
v -0.188833 -0.436914 0.043651
v -0.189198 -0.409047 0.031397
v -0.189966 -0.419210 0.033970
v -0.189080 -0.395780 0.025022
v -0.189960 -0.407199 0.026452
v -0.190321 -0.391433 0.016098
v -0.188968 -0.382030 0.013586
v -0.180021 -0.463674 0.058974
v -0.178218 -0.473906 0.061289
v -0.173746 -0.491135 0.067157
v -0.177197 -0.483785 0.062228
v -0.088680 -0.571628 0.103635
v -0.072694 -0.585376 0.102401
v -0.081779 -0.583122 0.102097
v -0.086231 -0.581806 0.103234
v -0.100343 -0.571040 0.102347
v -0.066499 -0.593422 0.102274
v -0.057885 -0.600267 0.102342
v -0.121342 -0.552834 0.098501
v -0.115939 -0.562749 0.099321
v -0.110580 -0.572467 0.099695
v -0.175872 -0.266589 0.012517
v -0.186813 -0.355585 0.014887
v -0.183547 -0.346591 0.019461
v -0.190257 -0.365016 0.011376
v -0.184749 -0.338813 0.012026
v -0.189066 -0.374757 0.006238
v -0.183451 -0.320016 0.013104
v -0.184861 -0.331625 0.010040
v -0.183348 -0.292800 0.010201
v -0.182479 -0.311745 0.007037
v -0.181709 -0.300690 0.002511
v -0.183960 -0.282596 0.006508
v -0.181476 -0.274356 0.004402
v -0.162521 -0.217315 -0.001139
v -0.173850 -0.257907 0.007253
v -0.169671 -0.248696 0.001071
v -0.165768 -0.240310 -0.006712
v -0.162000 -0.230074 -0.010370
v 0.165169 -0.471771 -0.084981
v 0.148206 -0.429475 -0.107361
v 0.149987 -0.440005 -0.105787
v 0.152639 -0.450569 -0.101014
v 0.155770 -0.461604 -0.097027
v 0.157552 -0.471544 -0.093796
v 0.107884 -0.364207 -0.129035
v 0.104653 -0.353900 -0.129071
v 0.119268 -0.379104 -0.127141
v 0.111097 -0.373883 -0.130834
v 0.126043 -0.386422 -0.122427
v 0.128619 -0.392976 -0.119397
v 0.130801 -0.402125 -0.120541
v 0.131361 -0.412169 -0.119907
v 0.137447 -0.418620 -0.117467
v 0.140075 -0.428335 -0.114774
v 0.180926 -0.519218 -0.054607
v 0.174188 -0.519864 -0.062609
v 0.160614 -0.481613 -0.087463
v 0.162529 -0.491656 -0.083676
v 0.165209 -0.501855 -0.077480
v 0.168778 -0.510570 -0.072002
v 0.170398 -0.520151 -0.067334
v 0.185706 -0.541868 -0.034887
v 0.184362 -0.535690 -0.043445
v 0.183537 -0.560859 -0.030433
v 0.183502 -0.553476 -0.035410
v 0.175628 -0.611850 0.014794
v 0.178165 -0.607000 0.005672
v 0.171679 -0.619232 0.022355
v 0.167897 -0.625607 0.031006
v 0.164618 -0.631604 0.040727
v 0.181138 -0.570675 -0.031118
v 0.181632 -0.577873 -0.022670
v 0.182019 -0.586132 -0.013940
v 0.181745 -0.591545 0.004149
v 0.181472 -0.594996 -0.006349
v 0.178547 -0.600451 0.000931
v 0.179491 -0.537589 -0.051874
v 0.176781 -0.529360 -0.056678
v 0.163415 -0.637513 0.043728
v 0.156036 -0.642621 0.060068
v 0.150187 -0.641307 0.070045
v 0.145621 -0.640518 0.075360
v 0.160291 -0.646746 0.049761
v 0.116449 -0.649832 0.095142
v 0.133443 -0.648267 0.085848
v 0.141148 -0.649401 0.079352
v 0.126540 -0.654698 0.089859
v 0.053716 -0.264200 -0.113821
v 0.043690 -0.258916 -0.112520
v 0.038089 -0.240392 -0.106354
v 0.038887 -0.248195 -0.110445
v 0.081814 -0.312090 -0.126323
v 0.091320 -0.326855 -0.126457
v 0.082634 -0.321871 -0.126733
v 0.095163 -0.337100 -0.128227
v 0.075787 -0.306797 -0.128094
v 0.073979 -0.296802 -0.125425
v 0.069916 -0.288569 -0.121905
v 0.059760 -0.283259 -0.120963
v 0.046670 -0.270963 -0.117295
v 0.049299 -0.279068 -0.120127
v 0.032391 -0.230651 -0.106296
v 0.026498 -0.216349 -0.107557
v 0.100797 -0.346925 -0.130004
v -0.009973 -0.606308 0.102477
v 0.034741 -0.626287 0.103136
v 0.027042 -0.625960 0.103741
v 0.015541 -0.626130 0.104011
v 0.009359 -0.615820 0.103958
v -0.003113 -0.616304 0.104066
v -0.030956 -0.611456 0.103719
v -0.026075 -0.616935 0.104069
v -0.014433 -0.615213 0.104087
v -0.041722 -0.614747 0.103559
v -0.050216 -0.607205 0.103386
v 0.065509 -0.636232 0.101678
v 0.053808 -0.637765 0.102464
v 0.069774 -0.645686 0.103339
v 0.040588 -0.635609 0.103112
v 0.078425 -0.653913 0.102662
v 0.110051 -0.650959 0.097169
v 0.099453 -0.653883 0.099566
v 0.088860 -0.656854 0.101429
v -0.132357 -0.545789 0.096588
v -0.140211 -0.543019 0.092778
v -0.147903 -0.537797 0.086212
v -0.153819 -0.527235 0.082195
v -0.155968 -0.519518 0.082825
v -0.164139 -0.518740 0.075153
v -0.169753 -0.509537 0.070247
v -0.127264 -0.555377 0.097581
v -0.174645 -0.501173 0.063983
v -0.182815 -0.461087 0.054887
v -0.188389 -0.446475 0.046867
v -0.189081 -0.457097 0.045458
v -0.192293 -0.438669 0.033088
v -0.192649 -0.428470 0.027850
v -0.191922 -0.448658 0.037816
v -0.191044 -0.418184 0.028700
v -0.191854 -0.403381 0.017211
v -0.193581 -0.415442 0.018504
v -0.192372 -0.397381 0.007957
v -0.190971 -0.386256 0.004178
v -0.181167 -0.471838 0.057265
v -0.182844 -0.481868 0.053228
v -0.180198 -0.492868 0.056129
v -0.095708 -0.578554 0.102469
v -0.079015 -0.595856 0.101524
v -0.084703 -0.593101 0.102558
v -0.095795 -0.588763 0.101638
v -0.105241 -0.581101 0.100739
v -0.069866 -0.603830 0.101778
v -0.061569 -0.610583 0.102959
v -0.121739 -0.565198 0.098625
v -0.120951 -0.573514 0.096400
v -0.115189 -0.582049 0.098464
v -0.176286 -0.265830 0.000899
v -0.189875 -0.358877 0.007774
v -0.185895 -0.349314 0.011572
v -0.188999 -0.367800 0.003539
v -0.187193 -0.340832 0.004686
v -0.189079 -0.378669 0.000651
v -0.185756 -0.323391 0.003457
v -0.186799 -0.333739 -0.001173
v -0.184812 -0.291317 -0.001126
v -0.184354 -0.317441 -0.002043
v -0.182966 -0.308204 -0.005186
v -0.182745 -0.298431 -0.009325
v -0.183860 -0.281479 -0.004740
v -0.180673 -0.273739 -0.007269
v -0.161522 -0.216447 -0.011320
v -0.174197 -0.256952 -0.004016
v -0.168469 -0.248389 -0.011005
v -0.162738 -0.237871 -0.018514
v -0.160862 -0.228524 -0.016570
v 0.143235 -0.438496 -0.112768
v 0.146145 -0.448799 -0.108421
v 0.148570 -0.458826 -0.104821
v 0.149023 -0.471239 -0.102231
v 0.152768 -0.481221 -0.095550
v 0.101326 -0.359339 -0.132129
v 0.104764 -0.369299 -0.133649
v 0.110527 -0.385788 -0.131833
v 0.118277 -0.391892 -0.127967
v 0.105507 -0.380764 -0.134676
v 0.125659 -0.396667 -0.124790
v 0.126199 -0.407632 -0.124633
v 0.127403 -0.416552 -0.124965
v 0.130345 -0.425185 -0.122001
v 0.133856 -0.436124 -0.118256
v 0.172769 -0.529799 -0.061702
v 0.154866 -0.491608 -0.091661
v 0.157882 -0.501950 -0.085618
v 0.161193 -0.511745 -0.080726
v 0.163155 -0.521486 -0.075955
v 0.165671 -0.531090 -0.070433
v 0.181709 -0.546330 -0.044366
v 0.180358 -0.564224 -0.036015
v 0.178270 -0.556690 -0.045303
v 0.173240 -0.624414 0.011683
v 0.176467 -0.618005 0.004249
v 0.176885 -0.610976 -0.000495
v 0.169170 -0.630611 0.020263
v 0.166732 -0.636205 0.028371
v 0.164175 -0.642398 0.037096
v 0.177993 -0.573601 -0.036318
v 0.176151 -0.582336 -0.033003
v 0.178996 -0.589296 -0.023174
v 0.179527 -0.598709 -0.016396
v 0.176875 -0.604866 -0.010474
v 0.172610 -0.539200 -0.059970
v 0.175408 -0.548558 -0.053175
v 0.163050 -0.648364 0.040447
v 0.156490 -0.653445 0.056116
v 0.151468 -0.652308 0.065640
v 0.145494 -0.652059 0.074402
v 0.161206 -0.658983 0.041174
v 0.157860 -0.661908 0.049875
v 0.120617 -0.661782 0.092768
v 0.111887 -0.661674 0.096439
v 0.135482 -0.659218 0.083366
v 0.143190 -0.660882 0.075915
v 0.129086 -0.666941 0.087415
v 0.036279 -0.257449 -0.112980
v 0.040315 -0.267394 -0.117053
v 0.025733 -0.240333 -0.107363
v 0.030917 -0.248596 -0.111744
v 0.075317 -0.318447 -0.127276
v 0.084327 -0.333615 -0.130333
v 0.078132 -0.328834 -0.129942
v 0.089463 -0.343507 -0.133063
v 0.064762 -0.303151 -0.129596
v 0.065417 -0.314393 -0.129319
v 0.061927 -0.294319 -0.125894
v 0.051420 -0.289956 -0.124760
v 0.041964 -0.276299 -0.119920
v 0.045125 -0.286346 -0.124177
v 0.020164 -0.230886 -0.107208
v 0.014216 -0.217013 -0.107749
v 0.092060 -0.354125 -0.134980
v 0.028537 -0.636395 0.103593
v 0.021062 -0.636638 0.104168
v 0.004071 -0.625244 0.104164
v 0.010285 -0.636403 0.104382
v -0.008271 -0.626976 0.104304
v -0.033175 -0.622687 0.103802
v -0.018533 -0.624708 0.104246
v -0.028347 -0.628858 0.104278
v -0.043661 -0.626417 0.103661
v -0.052533 -0.618365 0.103285
v 0.063124 -0.646864 0.103523
v 0.045142 -0.644443 0.104571
v 0.053129 -0.650880 0.104295
v 0.067063 -0.657279 0.103873
v 0.033992 -0.645675 0.105119
v 0.074417 -0.666301 0.103394
v 0.084939 -0.666220 0.102112
v 0.106782 -0.662840 0.097742
v 0.096434 -0.665263 0.100135
v -0.137750 -0.554866 0.093300
v -0.144990 -0.549821 0.087677
v -0.151990 -0.546491 0.080931
v -0.156175 -0.537080 0.078027
v -0.158376 -0.529057 0.078967
v -0.166240 -0.528983 0.070897
v -0.171611 -0.519832 0.066404
v -0.176136 -0.511229 0.060470
v -0.132076 -0.565270 0.094604
v -0.179747 -0.503640 0.055044
v -0.187058 -0.468124 0.048149
v -0.192024 -0.464705 0.038576
v -0.193580 -0.457599 0.032017
v -0.194523 -0.447784 0.026845
v -0.193444 -0.438188 0.027958
v -0.194072 -0.427072 0.022667
v -0.193576 -0.408265 0.008280
v -0.196589 -0.427279 0.013609
v -0.195948 -0.418047 0.008723
v -0.191280 -0.395868 0.003556
v -0.193432 -0.405168 -0.001989
v -0.190709 -0.388595 -0.002985
v -0.185758 -0.478925 0.049403
v -0.183636 -0.489801 0.051544
v -0.181839 -0.500586 0.052489
v -0.075311 -0.609579 0.103402
v -0.084765 -0.604163 0.102148
v -0.095254 -0.598933 0.101303
v -0.106610 -0.592057 0.099971
v -0.072591 -0.614762 0.102507
v -0.063369 -0.621693 0.102957
v -0.127140 -0.575392 0.095614
v -0.121035 -0.584957 0.097807
v -0.119332 -0.591355 0.097001
v -0.175841 -0.265161 -0.010628
v -0.189129 -0.350601 0.000101
v -0.190429 -0.360053 -0.003599
v -0.189249 -0.370029 -0.007191
v -0.187955 -0.342787 -0.007170
v -0.189723 -0.380740 -0.010460
v -0.186261 -0.325507 -0.008049
v -0.185569 -0.335652 -0.012629
v -0.185070 -0.289834 -0.012712
v -0.183630 -0.317440 -0.012990
v -0.181992 -0.307622 -0.016829
v -0.182923 -0.298608 -0.016025
v -0.182359 -0.280294 -0.016310
v -0.178499 -0.272422 -0.014252
v -0.159942 -0.215019 -0.021507
v -0.173665 -0.256752 -0.014717
v -0.166166 -0.246541 -0.016677
v -0.171185 -0.255279 -0.019749
v -0.161600 -0.240489 -0.026414
v -0.158023 -0.230742 -0.026816
v -0.161335 -0.214780 -0.026118
v 0.136913 -0.447291 -0.115904
v 0.139768 -0.457025 -0.111280
v 0.142799 -0.465920 -0.107426
v 0.139563 -0.474941 -0.107298
v 0.144348 -0.481877 -0.103035
v 0.148407 -0.491250 -0.096994
v 0.093262 -0.365855 -0.136256
v 0.096488 -0.375607 -0.138365
v 0.109633 -0.396199 -0.134374
v 0.104975 -0.391117 -0.136788
v 0.118008 -0.402675 -0.130368
v 0.096380 -0.387120 -0.138841
v 0.118253 -0.414781 -0.129451
v 0.122532 -0.424613 -0.127862
v 0.127220 -0.434145 -0.123526
v 0.130786 -0.444107 -0.121165
v 0.169269 -0.539784 -0.064577
v 0.150501 -0.501885 -0.093793
v 0.154048 -0.511633 -0.089251
v 0.155842 -0.521867 -0.085305
v 0.158815 -0.531814 -0.079558
v 0.162724 -0.540791 -0.073716
v 0.175943 -0.565713 -0.046328
v 0.171378 -0.559644 -0.054494
v 0.173523 -0.629578 0.004123
v 0.171010 -0.635174 0.008878
v 0.175291 -0.621555 -0.000766
v 0.174464 -0.616672 -0.010517
v 0.167472 -0.641520 0.017303
v 0.164894 -0.647693 0.026461
v 0.162700 -0.654316 0.035589
v 0.173833 -0.583594 -0.039830
v 0.173117 -0.575022 -0.046609
v 0.174829 -0.592417 -0.038767
v 0.176295 -0.593908 -0.031575
v 0.176327 -0.601893 -0.027118
v 0.173367 -0.611013 -0.020144
v 0.168612 -0.550121 -0.061655
v 0.152982 -0.663085 0.060409
v 0.147232 -0.662817 0.070098
v 0.161290 -0.665343 0.035557
v 0.159430 -0.671414 0.041709
v 0.155295 -0.671906 0.053217
v 0.120613 -0.672096 0.093295
v 0.111189 -0.672893 0.097266
v 0.137713 -0.670975 0.080220
v 0.142852 -0.672534 0.074534
v 0.128768 -0.677239 0.088096
v 0.024345 -0.256636 -0.113302
v 0.029026 -0.266042 -0.117608
v 0.030672 -0.274078 -0.119938
v 0.013998 -0.240772 -0.108019
v 0.018269 -0.249225 -0.111936
v 0.067696 -0.324654 -0.129978
v 0.080337 -0.340564 -0.132797
v 0.069995 -0.335636 -0.133675
v 0.081108 -0.350789 -0.136587
v 0.053741 -0.299441 -0.129319
v 0.055108 -0.310591 -0.131164
v 0.056709 -0.321088 -0.130143
v 0.047413 -0.294971 -0.128200
v 0.033582 -0.284002 -0.123781
v 0.036460 -0.293905 -0.127741
v 0.011333 -0.231724 -0.106571
v 0.001628 -0.217543 -0.107861
v 0.083223 -0.361800 -0.138266
v 0.022264 -0.646728 0.105570
v 0.014067 -0.647640 0.106656
v -0.000306 -0.634388 0.104460
v 0.002234 -0.644821 0.106731
v -0.008989 -0.639927 0.104694
v -0.018352 -0.635156 0.104535
v -0.034874 -0.634408 0.104039
v -0.024240 -0.640939 0.105857
v -0.045167 -0.638093 0.103919
v -0.054216 -0.629520 0.103418
v 0.061076 -0.658876 0.104040
v 0.041544 -0.654696 0.105078
v 0.049794 -0.662244 0.104910
v 0.068416 -0.667413 0.103750
v 0.030138 -0.656112 0.105638
v 0.081816 -0.676746 0.103904
v 0.071102 -0.678280 0.105273
v 0.092973 -0.675530 0.101995
v 0.104217 -0.674076 0.098215
v -0.141071 -0.564180 0.089164
v -0.148209 -0.558857 0.082743
v -0.151704 -0.557602 0.080898
v -0.156206 -0.547309 0.078220
v -0.160840 -0.538659 0.074548
v -0.172503 -0.529764 0.061461
v -0.168127 -0.539253 0.066193
v -0.177007 -0.520558 0.055792
v -0.180052 -0.512377 0.054741
v -0.136938 -0.575279 0.090355
v -0.191133 -0.474776 0.039568
v -0.194536 -0.468774 0.028708
v -0.196128 -0.458034 0.021514
v -0.195496 -0.448200 0.022133
v -0.196001 -0.437717 0.017608
v -0.195874 -0.414957 -0.001483
v -0.198253 -0.436213 0.006802
v -0.198983 -0.425537 0.002555
v -0.192082 -0.399967 -0.005679
v -0.193900 -0.411184 -0.006617
v -0.190982 -0.392003 -0.013189
v -0.190073 -0.485648 0.041857
v -0.187431 -0.496399 0.043282
v -0.186037 -0.506917 0.045015
v -0.085942 -0.615791 0.102572
v -0.076974 -0.621639 0.103266
v -0.095104 -0.610110 0.101731
v -0.104443 -0.604387 0.099900
v -0.113567 -0.599572 0.098288
v -0.074239 -0.626290 0.102531
v -0.065117 -0.632565 0.103105
v -0.130786 -0.585531 0.093261
v -0.124671 -0.595808 0.095738
v -0.118383 -0.604715 0.098028
v -0.175072 -0.264073 -0.017633
v -0.191263 -0.352011 -0.011647
v -0.187766 -0.362603 -0.014720
v -0.188236 -0.372936 -0.018130
v -0.188113 -0.345190 -0.014380
v -0.188884 -0.384272 -0.020786
v -0.185500 -0.327151 -0.014120
v -0.184652 -0.337580 -0.018209
v -0.184519 -0.289396 -0.019193
v -0.184008 -0.317038 -0.019831
v -0.181718 -0.308251 -0.023404
v -0.181521 -0.297544 -0.027254
v -0.181715 -0.279538 -0.022715
v -0.177487 -0.271215 -0.025633
v -0.165940 -0.250495 -0.027495
v -0.170966 -0.261155 -0.028410
v -0.160455 -0.245274 -0.036244
v -0.155931 -0.236103 -0.038728
v -0.155867 -0.225784 -0.036101
v -0.157805 -0.213338 -0.033498
v 0.132192 -0.456792 -0.117182
v 0.136173 -0.465830 -0.113166
v 0.132610 -0.475806 -0.113226
v 0.138169 -0.483892 -0.109053
v 0.142544 -0.491350 -0.104971
v 0.146964 -0.500206 -0.099237
v 0.085754 -0.371606 -0.140984
v 0.087562 -0.381534 -0.141556
v 0.103932 -0.402712 -0.137385
v 0.109053 -0.407451 -0.134331
v 0.095362 -0.397046 -0.141327
v 0.086281 -0.390330 -0.143683
v 0.107964 -0.417349 -0.133843
v 0.112653 -0.424001 -0.133024
v 0.116818 -0.433488 -0.129764
v 0.121209 -0.441888 -0.127646
v 0.124915 -0.451723 -0.123537
v 0.165688 -0.550454 -0.066990
v 0.150110 -0.511766 -0.094095
v 0.148485 -0.523436 -0.094240
v 0.152416 -0.532902 -0.088182
v 0.156436 -0.542003 -0.082936
v 0.159820 -0.551697 -0.076665
v 0.168870 -0.570044 -0.056290
v 0.166395 -0.559959 -0.063846
v 0.174106 -0.629383 -0.008099
v 0.170079 -0.640307 0.003934
v 0.171420 -0.640076 -0.005899
v 0.167871 -0.647304 0.006474
v 0.171312 -0.624817 -0.016891
v 0.165247 -0.653008 0.015606
v 0.163474 -0.659087 0.025324
v 0.169136 -0.582651 -0.051489
v 0.171297 -0.593189 -0.047260
v 0.170329 -0.602393 -0.044253
v 0.174358 -0.602551 -0.033600
v 0.170541 -0.610964 -0.031553
v 0.169111 -0.621018 -0.026536
v 0.149727 -0.672519 0.064569
v 0.162386 -0.669122 0.024340
v 0.159803 -0.676306 0.034723
v 0.158733 -0.684179 0.036940
v 0.155983 -0.682044 0.047244
v 0.151644 -0.681511 0.058085
v 0.119809 -0.683693 0.093149
v 0.108563 -0.683628 0.097925
v 0.139589 -0.683637 0.076767
v 0.136172 -0.681039 0.081794
v 0.145652 -0.682325 0.068652
v 0.129473 -0.688525 0.086719
v 0.015777 -0.257606 -0.115018
v 0.017984 -0.264224 -0.117635
v 0.019575 -0.273516 -0.121460
v 0.021905 -0.281805 -0.123395
v 0.007757 -0.240200 -0.109054
v 0.009317 -0.249617 -0.111283
v 0.058996 -0.331347 -0.133350
v 0.074431 -0.346625 -0.137212
v 0.064192 -0.341858 -0.137534
v 0.076769 -0.358660 -0.139357
v 0.049083 -0.306015 -0.132485
v 0.049340 -0.318051 -0.131106
v 0.050542 -0.328410 -0.132639
v 0.039005 -0.301215 -0.132070
v 0.024898 -0.291427 -0.126965
v 0.027167 -0.298607 -0.131706
v -0.001698 -0.233638 -0.106986
v -0.004623 -0.217548 -0.107800
v 0.078843 -0.369169 -0.142256
v 0.018772 -0.657031 0.106073
v 0.012191 -0.659317 0.107183
v 0.002221 -0.655027 0.107169
v -0.008742 -0.650732 0.107066
v -0.019172 -0.646305 0.106867
v -0.034110 -0.645244 0.105854
v -0.024950 -0.652929 0.106299
v -0.043945 -0.648614 0.105753
v -0.055863 -0.640288 0.103655
v 0.057269 -0.670482 0.104765
v 0.038125 -0.665302 0.105666
v 0.045627 -0.673345 0.105623
v 0.060168 -0.681000 0.106422
v 0.027114 -0.666812 0.106218
v 0.089470 -0.686334 0.102877
v 0.078530 -0.687942 0.104673
v 0.067703 -0.689982 0.106045
v 0.100660 -0.684307 0.100382
v -0.146842 -0.569821 0.082552
v -0.154541 -0.566628 0.074583
v -0.158322 -0.557619 0.073666
v -0.163683 -0.547928 0.070424
v -0.173694 -0.539652 0.057211
v -0.177350 -0.531470 0.051584
v -0.169738 -0.549163 0.062043
v -0.179292 -0.523690 0.052207
v -0.184226 -0.517067 0.044693
v -0.143823 -0.579227 0.084515
v -0.138930 -0.587607 0.087921
v -0.193994 -0.480867 0.031523
v -0.196217 -0.477463 0.021207
v -0.197200 -0.466893 0.017023
v -0.197075 -0.457120 0.015924
v -0.198171 -0.446926 0.010971
v -0.198226 -0.422042 -0.003014
v -0.199530 -0.444516 -0.000280
v -0.197491 -0.433506 -0.004251
v -0.192181 -0.402973 -0.015778
v -0.197480 -0.419820 -0.013254
v -0.196132 -0.411629 -0.018229
v -0.190199 -0.395446 -0.022710
v -0.192274 -0.492445 0.033548
v -0.191295 -0.503029 0.035396
v -0.189668 -0.513477 0.035337
v -0.096622 -0.621678 0.101580
v -0.087602 -0.627587 0.102560
v -0.078523 -0.633364 0.103364
v -0.105620 -0.615795 0.100298
v -0.114559 -0.609888 0.097787
v -0.070223 -0.639513 0.104978
v -0.065788 -0.642481 0.104790
v -0.133611 -0.597400 0.090878
v -0.127928 -0.608030 0.093659
v -0.119371 -0.614881 0.097694
v -0.187748 -0.355474 -0.017977
v -0.185600 -0.366606 -0.020460
v -0.186582 -0.376889 -0.023102
v -0.186471 -0.347280 -0.026396
v -0.187553 -0.388026 -0.025432
v -0.184513 -0.326936 -0.025158
v -0.184950 -0.336806 -0.028469
v -0.182393 -0.288320 -0.030554
v -0.182474 -0.317015 -0.031358
v -0.179188 -0.307023 -0.034157
v -0.179480 -0.296220 -0.038591
v -0.179151 -0.278543 -0.033848
v -0.174400 -0.270656 -0.036003
v -0.166214 -0.255027 -0.037098
v -0.168021 -0.262942 -0.039573
v -0.162931 -0.252284 -0.042374
v -0.157416 -0.243258 -0.043478
v -0.152337 -0.235279 -0.047250
v -0.151513 -0.226215 -0.046000
v -0.153731 -0.212788 -0.043242
v 0.120865 -0.460708 -0.122773
v 0.126674 -0.467220 -0.119124
v 0.122933 -0.477587 -0.119133
v 0.129031 -0.485649 -0.115568
v 0.134198 -0.494288 -0.110529
v 0.138667 -0.501827 -0.106846
v 0.143425 -0.509601 -0.101489
v 0.077051 -0.381969 -0.143651
v 0.094229 -0.408897 -0.141320
v 0.102462 -0.414072 -0.137120
v 0.085230 -0.401702 -0.144145
v 0.076327 -0.393027 -0.145757
v 0.103727 -0.423253 -0.137176
v 0.105629 -0.432129 -0.134785
v 0.110214 -0.441823 -0.130656
v 0.115277 -0.450562 -0.128320
v 0.162937 -0.561098 -0.069748
v 0.145041 -0.519297 -0.100366
v 0.147147 -0.534296 -0.095987
v 0.144447 -0.529749 -0.100067
v 0.149901 -0.543588 -0.091986
v 0.153580 -0.552881 -0.086180
v 0.157098 -0.562218 -0.080017
v 0.166935 -0.569856 -0.063191
v 0.165049 -0.580427 -0.061321
v 0.172268 -0.636617 -0.016754
v 0.167562 -0.650918 -0.000988
v 0.169382 -0.647901 -0.013894
v 0.165704 -0.658336 0.004026
v 0.170574 -0.632686 -0.026632
v 0.164079 -0.663913 0.013355
v 0.167092 -0.592291 -0.057294
v 0.166128 -0.602319 -0.054292
v 0.164736 -0.612858 -0.048579
v 0.168569 -0.611694 -0.038331
v 0.167839 -0.619632 -0.034164
v 0.169167 -0.629373 -0.032309
v 0.162668 -0.675159 0.013382
v 0.161011 -0.679093 0.023976
v 0.158849 -0.687860 0.029942
v 0.156038 -0.696518 0.034676
v 0.155656 -0.694095 0.042253
v 0.152305 -0.691931 0.052871
v 0.147734 -0.690720 0.063117
v 0.123399 -0.696392 0.090298
v 0.114185 -0.693360 0.095334
v 0.103279 -0.693964 0.099622
v 0.141981 -0.695154 0.071474
v 0.138199 -0.691852 0.078425
v 0.132236 -0.699811 0.083305
v 0.004936 -0.260124 -0.116543
v 0.012377 -0.269191 -0.120407
v 0.015851 -0.279556 -0.123165
v 0.018027 -0.289738 -0.126697
v -0.000683 -0.244170 -0.110867
v -0.003020 -0.252590 -0.112986
v 0.051795 -0.338483 -0.135845
v 0.066946 -0.354054 -0.140376
v 0.057318 -0.349511 -0.140354
v 0.068778 -0.364486 -0.143553
v 0.039832 -0.313011 -0.132998
v 0.039911 -0.323428 -0.131944
v 0.043962 -0.337692 -0.136458
v 0.035377 -0.332734 -0.134514
v 0.030541 -0.307553 -0.133798
v 0.016587 -0.296356 -0.131203
v 0.019816 -0.308340 -0.134441
v -0.010376 -0.232472 -0.107788
v -0.010330 -0.242737 -0.110168
v -0.016310 -0.216995 -0.107664
v 0.069921 -0.376010 -0.145286
v 0.016715 -0.667983 0.106653
v 0.011905 -0.670968 0.107791
v 0.001970 -0.665927 0.107701
v -0.008781 -0.661475 0.107552
v -0.015312 -0.658363 0.106640
v -0.035142 -0.657065 0.106307
v -0.026429 -0.665404 0.106880
v -0.046449 -0.659342 0.106141
v -0.054207 -0.650034 0.105498
v 0.052694 -0.682168 0.107250
v 0.032861 -0.676831 0.108147
v 0.041396 -0.684882 0.108095
v 0.060526 -0.690876 0.107024
v 0.021032 -0.678096 0.108721
v 0.096620 -0.695483 0.101340
v 0.085794 -0.697550 0.103719
v 0.075006 -0.699389 0.105492
v 0.064076 -0.701359 0.106873
v -0.151254 -0.578291 0.076728
v -0.155685 -0.576492 0.073641
v -0.158625 -0.568144 0.070912
v -0.164713 -0.558952 0.065913
v -0.174056 -0.550367 0.052295
v -0.178210 -0.541195 0.047353
v -0.179663 -0.535253 0.047445
v -0.169891 -0.559768 0.057201
v -0.183298 -0.527635 0.042975
v -0.187821 -0.523924 0.035271
v -0.147106 -0.588887 0.080266
v -0.142289 -0.597465 0.084221
v -0.194677 -0.488923 0.023434
v -0.196190 -0.486525 0.019611
v -0.197747 -0.476146 0.016419
v -0.198722 -0.465776 0.012102
v -0.199331 -0.455569 0.003737
v -0.196407 -0.430521 -0.009182
v -0.198268 -0.452111 -0.007965
v -0.198720 -0.441104 -0.011499
v -0.194177 -0.406285 -0.027755
v -0.195171 -0.427527 -0.020047
v -0.193816 -0.417681 -0.025383
v -0.189984 -0.397671 -0.032380
v -0.192887 -0.500175 0.024709
v -0.192834 -0.510260 0.025042
v -0.191129 -0.520731 0.025387
v -0.098207 -0.633295 0.101490
v -0.107184 -0.627239 0.099914
v -0.089098 -0.639307 0.102624
v -0.080301 -0.644541 0.104479
v -0.116073 -0.620813 0.097862
v -0.070870 -0.651663 0.105324
v -0.064659 -0.652033 0.105159
v -0.136860 -0.607706 0.087803
v -0.134950 -0.617867 0.088969
v -0.127281 -0.619112 0.093805
v -0.121055 -0.627142 0.096594
v -0.185022 -0.358908 -0.028643
v -0.185677 -0.369511 -0.031150
v -0.185494 -0.381421 -0.033521
v -0.183141 -0.352028 -0.037122
v -0.182887 -0.340846 -0.037533
v -0.186611 -0.393271 -0.035773
v -0.182484 -0.331040 -0.034647
v -0.179218 -0.287003 -0.041877
v -0.180182 -0.323652 -0.040176
v -0.178180 -0.313738 -0.042448
v -0.175739 -0.304788 -0.045476
v -0.177768 -0.295050 -0.045623
v -0.174871 -0.277679 -0.044675
v -0.169795 -0.270114 -0.043508
v -0.164131 -0.260938 -0.045613
v -0.158481 -0.250780 -0.052124
v -0.151355 -0.242898 -0.054649
v -0.145487 -0.234583 -0.057314
v -0.147569 -0.225173 -0.051202
v -0.152196 -0.211559 -0.049243
v 0.110856 -0.459515 -0.127239
v 0.115438 -0.470023 -0.124304
v 0.113174 -0.480738 -0.123481
v 0.120027 -0.488413 -0.120768
v 0.125435 -0.496709 -0.116519
v 0.130492 -0.505488 -0.113166
v 0.136037 -0.513508 -0.107894
v 0.070008 -0.387462 -0.145778
v 0.084561 -0.413249 -0.143187
v 0.092875 -0.420262 -0.142007
v 0.078403 -0.404881 -0.145616
v 0.070044 -0.397773 -0.147678
v 0.097772 -0.431661 -0.138569
v 0.102474 -0.440009 -0.135861
v 0.107654 -0.449968 -0.131413
v 0.161848 -0.570523 -0.074119
v 0.137229 -0.523643 -0.107314
v 0.146430 -0.541913 -0.098677
v 0.137734 -0.535255 -0.105981
v 0.146516 -0.553384 -0.095327
v 0.152018 -0.562347 -0.090232
v 0.155676 -0.571573 -0.084388
v 0.164379 -0.579977 -0.068242
v 0.165801 -0.589703 -0.064972
v 0.169821 -0.645226 -0.024662
v 0.166984 -0.657454 -0.011360
v 0.164669 -0.663458 -0.002254
v 0.166839 -0.657879 -0.022845
v 0.164063 -0.670358 0.002784
v 0.169993 -0.640772 -0.030733
v 0.162181 -0.601046 -0.064189
v 0.161343 -0.611854 -0.059694
v 0.165521 -0.622988 -0.044455
v 0.162567 -0.621825 -0.056256
v 0.167546 -0.634805 -0.041357
v 0.161853 -0.684529 0.007770
v 0.160591 -0.687441 0.017993
v 0.158126 -0.696871 0.022370
v 0.155836 -0.706332 0.027966
v 0.155008 -0.705378 0.037324
v 0.151746 -0.702656 0.049346
v 0.147320 -0.700478 0.060573
v 0.116289 -0.706539 0.093964
v 0.125347 -0.709129 0.087967
v 0.107720 -0.703813 0.098089
v 0.098493 -0.706890 0.101251
v 0.142141 -0.707193 0.068073
v 0.136214 -0.704184 0.077209
v 0.133205 -0.712529 0.080646
v -0.007472 -0.261415 -0.117248
v 0.000096 -0.269597 -0.120672
v 0.006200 -0.276806 -0.122144
v 0.005517 -0.287833 -0.126070
v 0.010636 -0.295081 -0.130557
v -0.014814 -0.251920 -0.112698
v 0.051249 -0.345203 -0.140054
v 0.058180 -0.361144 -0.142189
v 0.048334 -0.356164 -0.141685
v 0.059148 -0.370883 -0.146085
v 0.028862 -0.317726 -0.132519
v 0.026825 -0.326552 -0.132644
v 0.041975 -0.348917 -0.141685
v 0.034183 -0.341911 -0.140392
v 0.024082 -0.336730 -0.136867
v 0.015996 -0.303613 -0.134800
v 0.018321 -0.318672 -0.132492
v 0.014101 -0.313597 -0.134271
v -0.021957 -0.231972 -0.107176
v -0.017208 -0.242578 -0.108968
v -0.024486 -0.215748 -0.106018
v 0.059743 -0.381584 -0.147170
v 0.009762 -0.682477 0.109346
v 0.002270 -0.677545 0.109826
v -0.007474 -0.672477 0.108145
v -0.014486 -0.668989 0.107186
v -0.038847 -0.667766 0.106754
v -0.022163 -0.677166 0.109298
v -0.033029 -0.677283 0.109115
v -0.057855 -0.660452 0.105811
v -0.051173 -0.669335 0.106487
v 0.049659 -0.693394 0.107976
v 0.030174 -0.687663 0.108845
v 0.038998 -0.696085 0.108819
v 0.056989 -0.702313 0.107847
v 0.019719 -0.688661 0.109351
v 0.093248 -0.707023 0.103410
v 0.082595 -0.708977 0.105670
v 0.071672 -0.710708 0.107437
v 0.060590 -0.712618 0.108870
v -0.151603 -0.588494 0.076899
v -0.157835 -0.585933 0.069206
v -0.162209 -0.577664 0.064638
v -0.165238 -0.569645 0.061736
v -0.173913 -0.560962 0.047547
v -0.176485 -0.552161 0.049031
v -0.180933 -0.543968 0.042859
v -0.184750 -0.536238 0.035786
v -0.170240 -0.569866 0.051998
v -0.188879 -0.530636 0.027184
v -0.150625 -0.599178 0.075104
v -0.144810 -0.606419 0.080769
v -0.195079 -0.497497 0.014896
v -0.196445 -0.494404 0.011789
v -0.198491 -0.484514 0.008693
v -0.200018 -0.475173 0.005385
v -0.200706 -0.465261 0.002004
v -0.200022 -0.462179 -0.007077
v -0.197496 -0.438359 -0.016948
v -0.197289 -0.449184 -0.013585
v -0.198842 -0.459264 -0.016842
v -0.191150 -0.414068 -0.030515
v -0.190713 -0.404093 -0.035046
v -0.195259 -0.435403 -0.027844
v -0.192763 -0.425008 -0.031576
v -0.195002 -0.507741 0.014442
v -0.192987 -0.518810 0.015300
v -0.190520 -0.530511 0.016423
v -0.100231 -0.644406 0.102189
v -0.108892 -0.638723 0.099588
v -0.112720 -0.634047 0.099629
v -0.091161 -0.650457 0.103650
v -0.082102 -0.655244 0.104666
v -0.065088 -0.662645 0.106087
v -0.075991 -0.662665 0.105423
v -0.142574 -0.615910 0.082601
v -0.131296 -0.629664 0.090803
v -0.140028 -0.627135 0.083977
v -0.122439 -0.638051 0.095342
v -0.182366 -0.363411 -0.039217
v -0.183327 -0.374356 -0.041102
v -0.183640 -0.386729 -0.043104
v -0.179336 -0.356665 -0.047835
v -0.179767 -0.345831 -0.046360
v -0.178664 -0.334405 -0.045030
v -0.186235 -0.399472 -0.044701
v -0.176544 -0.286508 -0.049300
v -0.178083 -0.323271 -0.045376
v -0.175603 -0.312793 -0.048530
v -0.173298 -0.304025 -0.052129
v -0.173355 -0.293803 -0.056694
v -0.171184 -0.277390 -0.051511
v -0.165623 -0.268608 -0.053279
v -0.158397 -0.259383 -0.056030
v -0.152064 -0.251666 -0.062072
v -0.144117 -0.243635 -0.063996
v -0.140082 -0.234409 -0.063561
v -0.140114 -0.224397 -0.060334
v -0.144161 -0.210703 -0.055158
v 0.108192 -0.466545 -0.127877
v 0.102547 -0.459052 -0.130287
v 0.106672 -0.475802 -0.126719
v 0.113568 -0.490350 -0.124111
v 0.105162 -0.485489 -0.127658
v 0.118014 -0.499344 -0.121091
v 0.121914 -0.506809 -0.118950
v 0.128631 -0.516696 -0.114652
v 0.060174 -0.391207 -0.148620
v 0.081480 -0.422766 -0.144215
v 0.076463 -0.413886 -0.145959
v 0.087313 -0.431787 -0.141397
v 0.066958 -0.409413 -0.147360
v 0.059985 -0.401376 -0.149403
v 0.091810 -0.440266 -0.139674
v 0.097330 -0.449764 -0.135595
v 0.158896 -0.580694 -0.078505
v 0.129725 -0.528429 -0.112931
v 0.143970 -0.553507 -0.100258
v 0.138088 -0.545496 -0.106173
v 0.131636 -0.538902 -0.111645
v 0.144778 -0.563550 -0.098768
v 0.148695 -0.572968 -0.093604
v 0.152537 -0.582134 -0.087944
v 0.161684 -0.590090 -0.072838
v 0.161757 -0.600012 -0.069767
v 0.167864 -0.652004 -0.029403
v 0.164713 -0.667539 -0.014175
v 0.162989 -0.674429 -0.005230
v 0.165587 -0.663380 -0.028410
v 0.163686 -0.671065 -0.024057
v 0.161543 -0.681097 0.002866
v 0.166375 -0.647124 -0.039404
v 0.161493 -0.610539 -0.067038
v 0.162299 -0.621096 -0.063114
v 0.164449 -0.632112 -0.052246
v 0.160604 -0.632501 -0.062712
v 0.164316 -0.642554 -0.048811
v 0.160187 -0.692366 0.002922
v 0.159660 -0.695692 0.009953
v 0.157750 -0.705626 0.014692
v 0.155709 -0.715734 0.019693
v 0.153943 -0.715605 0.030177
v 0.153268 -0.716051 0.037470
v 0.150807 -0.713314 0.047411
v 0.147064 -0.711047 0.057784
v 0.118415 -0.717099 0.092237
v 0.107111 -0.715007 0.098085
v 0.126756 -0.720952 0.085616
v 0.096495 -0.718336 0.101853
v 0.142300 -0.719152 0.064721
v 0.136863 -0.716090 0.074097
v 0.133967 -0.724581 0.077957
v -0.014286 -0.260823 -0.116714
v -0.011004 -0.269937 -0.119577
v -0.003877 -0.279331 -0.123208
v -0.006649 -0.289843 -0.127153
v -0.000545 -0.296047 -0.131213
v 0.005214 -0.304625 -0.135430
v -0.022500 -0.251849 -0.114036
v 0.048884 -0.366007 -0.144847
v 0.042190 -0.360584 -0.141836
v 0.048588 -0.376910 -0.148105
v 0.015505 -0.330005 -0.133525
v 0.031811 -0.353502 -0.142140
v 0.023071 -0.346252 -0.142688
v 0.017906 -0.339813 -0.139910
v 0.011653 -0.322600 -0.132524
v 0.002871 -0.315726 -0.133980
v -0.033491 -0.231077 -0.106472
v -0.028160 -0.241577 -0.107549
v -0.036187 -0.215070 -0.105872
v 0.049588 -0.387900 -0.146949
v 0.009877 -0.693857 0.109987
v -0.000079 -0.689572 0.109995
v -0.000247 -0.685304 0.109873
v -0.010893 -0.680408 0.109596
v -0.044524 -0.678717 0.108900
v -0.018803 -0.688149 0.109984
v -0.029366 -0.687514 0.109783
v -0.040025 -0.688440 0.109571
v -0.063288 -0.669719 0.106023
v -0.056237 -0.679584 0.108522
v 0.046071 -0.704934 0.108829
v 0.028878 -0.698928 0.109537
v 0.035295 -0.707996 0.109693
v 0.049313 -0.715146 0.110067
v 0.019225 -0.699577 0.109997
v 0.090609 -0.718322 0.104140
v 0.079492 -0.720089 0.106504
v 0.068472 -0.721667 0.108306
v 0.057006 -0.723205 0.109712
v -0.155592 -0.596501 0.070455
v -0.162212 -0.590598 0.061399
v -0.167417 -0.579235 0.055681
v -0.175958 -0.562024 0.045139
v -0.174391 -0.570569 0.045694
v -0.180315 -0.554567 0.038853
v -0.184797 -0.546686 0.032725
v -0.188421 -0.539461 0.025457
v -0.172392 -0.576769 0.046033
v -0.153331 -0.607346 0.071885
v -0.147960 -0.612077 0.078521
v -0.196573 -0.503865 0.010082
v -0.198449 -0.492863 0.001731
v -0.200436 -0.484121 -0.002756
v -0.200902 -0.473648 -0.005208
v -0.198910 -0.470677 -0.014948
v -0.195915 -0.446148 -0.024783
v -0.196209 -0.456732 -0.022215
v -0.196620 -0.467253 -0.024869
v -0.189103 -0.422160 -0.037699
v -0.186982 -0.411534 -0.041671
v -0.191545 -0.432963 -0.038627
v -0.193010 -0.443438 -0.035424
v -0.194788 -0.514779 0.011003
v -0.192472 -0.525628 0.012144
v -0.189302 -0.541872 0.015127
v -0.191599 -0.535345 0.012083
v -0.100605 -0.656332 0.102445
v -0.110379 -0.649735 0.100226
v -0.115076 -0.645166 0.099083
v -0.090443 -0.662910 0.104104
v -0.070716 -0.671969 0.107338
v -0.082196 -0.671173 0.105235
v -0.147138 -0.623314 0.076705
v -0.130895 -0.640646 0.090289
v -0.139128 -0.637530 0.083729
v -0.146826 -0.635175 0.075475
v -0.125246 -0.649655 0.094042
v -0.180474 -0.367571 -0.048885
v -0.180186 -0.379597 -0.050597
v -0.181972 -0.390949 -0.052170
v -0.177352 -0.350220 -0.052138
v -0.177543 -0.362702 -0.051628
v -0.178388 -0.339876 -0.048554
v -0.175979 -0.331453 -0.051990
v -0.183151 -0.410567 -0.051726
v -0.181509 -0.401208 -0.054352
v -0.170854 -0.285166 -0.059642
v -0.173878 -0.321304 -0.056413
v -0.170703 -0.311407 -0.059180
v -0.168177 -0.302693 -0.062687
v -0.167863 -0.292424 -0.066969
v -0.165109 -0.275975 -0.060519
v -0.159507 -0.267632 -0.063009
v -0.151470 -0.260445 -0.066694
v -0.144837 -0.252880 -0.068346
v -0.138613 -0.243459 -0.069729
v -0.131994 -0.233800 -0.071513
v -0.135333 -0.223309 -0.065837
v -0.136489 -0.209913 -0.063518
v 0.097749 -0.468315 -0.130405
v 0.092138 -0.459341 -0.133051
v 0.095854 -0.478659 -0.128813
v 0.106602 -0.497676 -0.126237
v 0.097134 -0.491228 -0.129116
v 0.112581 -0.508523 -0.122880
v 0.117452 -0.514744 -0.120827
v 0.120766 -0.523945 -0.119093
v 0.049259 -0.399040 -0.149786
v 0.073456 -0.425444 -0.145129
v 0.076300 -0.434004 -0.142731
v 0.066802 -0.417785 -0.147376
v 0.081470 -0.442676 -0.139190
v 0.056621 -0.417144 -0.148740
v 0.053941 -0.409686 -0.149621
v 0.086454 -0.450361 -0.137661
v 0.155033 -0.590545 -0.084000
v 0.121364 -0.534047 -0.117982
v 0.136189 -0.555822 -0.107057
v 0.140617 -0.564152 -0.104182
v 0.128875 -0.551604 -0.112778
v 0.123938 -0.543231 -0.116455
v 0.144601 -0.573370 -0.099798
v 0.145517 -0.583720 -0.096283
v 0.148540 -0.592552 -0.092537
v 0.157746 -0.599717 -0.078362
v 0.156663 -0.610636 -0.078388
v 0.164507 -0.657247 -0.039264
v 0.162361 -0.679576 -0.015626
v 0.161427 -0.686497 -0.007532
v 0.162771 -0.668736 -0.037902
v 0.162629 -0.675570 -0.029642
v 0.161402 -0.683940 -0.026379
v 0.161656 -0.652903 -0.051434
v 0.158186 -0.619479 -0.073445
v 0.159418 -0.631145 -0.068397
v 0.160507 -0.643170 -0.058704
v 0.158871 -0.643115 -0.065308
v 0.159001 -0.704012 0.001071
v 0.159587 -0.698613 -0.006573
v 0.157001 -0.714782 0.008092
v 0.155212 -0.724728 0.012487
v 0.153481 -0.725693 0.023977
v 0.151135 -0.725994 0.035307
v 0.149539 -0.725161 0.043932
v 0.146728 -0.722288 0.054539
v 0.120030 -0.729288 0.090180
v 0.111752 -0.724067 0.095523
v 0.102787 -0.727746 0.099399
v 0.128842 -0.732220 0.084082
v 0.094078 -0.729320 0.103459
v 0.136667 -0.728129 0.070904
v 0.141740 -0.731177 0.061432
v 0.131498 -0.736954 0.076758
v -0.024495 -0.263602 -0.117558
v -0.017493 -0.272155 -0.121004
v -0.014735 -0.280677 -0.123472
v -0.013141 -0.290256 -0.127164
v -0.011717 -0.298237 -0.132276
v -0.005648 -0.306975 -0.136028
v -0.031197 -0.256315 -0.114510
v -0.035301 -0.248505 -0.111332
v 0.041954 -0.370423 -0.147314
v 0.032575 -0.364495 -0.142348
v 0.040597 -0.381943 -0.148305
v 0.009174 -0.333407 -0.135436
v 0.021026 -0.358200 -0.141102
v 0.015246 -0.349130 -0.143116
v 0.006481 -0.341642 -0.142841
v 0.000395 -0.325155 -0.132606
v -0.008367 -0.316665 -0.133496
v -0.041603 -0.229146 -0.104273
v -0.036808 -0.238924 -0.106846
v -0.047962 -0.214480 -0.105404
v 0.044162 -0.390998 -0.147755
v 0.000374 -0.700919 0.110658
v 0.010587 -0.704720 0.110615
v 0.000717 -0.697032 0.110557
v -0.008710 -0.691872 0.110266
v -0.050895 -0.689332 0.109274
v -0.015298 -0.699724 0.110715
v -0.024727 -0.697613 0.110477
v -0.035380 -0.698372 0.110294
v -0.045747 -0.699816 0.110064
v -0.064119 -0.681108 0.108123
v -0.058787 -0.690687 0.108919
v 0.042620 -0.716624 0.111476
v 0.024626 -0.709977 0.112140
v 0.031598 -0.719390 0.112338
v 0.045282 -0.726700 0.110990
v 0.087040 -0.729273 0.105083
v 0.075931 -0.731033 0.107426
v 0.064771 -0.732041 0.109165
v 0.053857 -0.733632 0.111757
v -0.159606 -0.602944 0.062970
v -0.164843 -0.599836 0.054074
v -0.167324 -0.589424 0.052422
v -0.171668 -0.586392 0.043976
v -0.178761 -0.565983 0.036395
v -0.173787 -0.581620 0.042244
v -0.177897 -0.575062 0.034792
v -0.183337 -0.558307 0.029328
v -0.186657 -0.550345 0.022368
v -0.152379 -0.617818 0.071617
v -0.158149 -0.613440 0.063324
v -0.197217 -0.510717 0.000318
v -0.198933 -0.500700 -0.000852
v -0.198707 -0.493578 -0.010216
v -0.199740 -0.482097 -0.013046
v -0.197551 -0.478382 -0.023346
v -0.193628 -0.454059 -0.032810
v -0.196407 -0.463759 -0.028943
v -0.196920 -0.474900 -0.027664
v -0.189023 -0.430713 -0.044027
v -0.185171 -0.420817 -0.048422
v -0.189072 -0.441347 -0.045684
v -0.190419 -0.451861 -0.042963
v -0.194892 -0.521106 0.001402
v -0.192641 -0.531246 0.001567
v -0.187095 -0.553765 0.012161
v -0.189365 -0.546648 0.009901
v -0.191776 -0.539971 0.001928
v -0.101551 -0.667625 0.102385
v -0.110937 -0.661095 0.099932
v -0.115604 -0.656309 0.098577
v -0.093222 -0.674494 0.103977
v -0.075589 -0.681450 0.107341
v -0.085493 -0.681408 0.106367
v -0.150229 -0.628156 0.072940
v -0.136107 -0.647983 0.086217
v -0.144230 -0.645683 0.077886
v -0.148373 -0.644994 0.071760
v -0.152979 -0.635550 0.067455
v -0.123645 -0.661648 0.094302
v -0.132218 -0.657384 0.088556
v -0.178184 -0.373230 -0.053739
v -0.178298 -0.385549 -0.055462
v -0.179392 -0.396310 -0.058237
v -0.174587 -0.357116 -0.059879
v -0.172511 -0.348218 -0.064277
v -0.174753 -0.339518 -0.058492
v -0.174836 -0.366369 -0.061996
v -0.171228 -0.330312 -0.062614
v -0.182634 -0.419027 -0.058417
v -0.178068 -0.408378 -0.062491
v -0.163829 -0.284387 -0.068964
v -0.167619 -0.320084 -0.066796
v -0.164064 -0.311650 -0.068794
v -0.162260 -0.300594 -0.072780
v -0.163678 -0.290607 -0.072611
v -0.159016 -0.275797 -0.069147
v -0.154572 -0.269881 -0.070098
v -0.148106 -0.264354 -0.073797
v -0.140772 -0.258980 -0.077416
v -0.137005 -0.250599 -0.077287
v -0.129113 -0.242667 -0.077658
v -0.121900 -0.232530 -0.076919
v -0.126730 -0.223017 -0.073896
v -0.131977 -0.209314 -0.071047
v 0.087448 -0.468134 -0.131991
v 0.081146 -0.459964 -0.134486
v 0.088494 -0.485592 -0.130721
v 0.083455 -0.477241 -0.130322
v 0.094523 -0.501342 -0.129228
v 0.102938 -0.507035 -0.126681
v 0.085533 -0.495282 -0.130573
v 0.103917 -0.516639 -0.127208
v 0.113062 -0.519913 -0.123277
v 0.111802 -0.530650 -0.123315
v 0.039781 -0.400600 -0.150491
v 0.045521 -0.409256 -0.151072
v 0.067708 -0.435518 -0.143423
v 0.061597 -0.427200 -0.146412
v 0.072693 -0.442440 -0.141718
v 0.078402 -0.450934 -0.138060
v 0.045599 -0.417341 -0.149048
v 0.050244 -0.427071 -0.146117
v 0.152429 -0.602096 -0.086423
v 0.114954 -0.540155 -0.121517
v 0.131719 -0.563341 -0.111485
v 0.135446 -0.573972 -0.107918
v 0.118286 -0.551065 -0.119049
v 0.122102 -0.560664 -0.116254
v 0.141760 -0.583773 -0.101659
v 0.145077 -0.593237 -0.098253
v 0.145899 -0.603527 -0.094538
v 0.149822 -0.612873 -0.088530
v 0.151858 -0.620391 -0.084175
v 0.161086 -0.663806 -0.047178
v 0.160596 -0.691643 -0.017341
v 0.160481 -0.678741 -0.039754
v 0.158688 -0.674799 -0.049380
v 0.160272 -0.688033 -0.032726
v 0.159084 -0.696014 -0.028287
v 0.159495 -0.652996 -0.059200
v 0.158059 -0.663550 -0.056812
v 0.154642 -0.628112 -0.077989
v 0.154376 -0.637928 -0.075820
v 0.152757 -0.647351 -0.075648
v 0.154559 -0.654882 -0.069914
v 0.157620 -0.713659 -0.000030
v 0.158355 -0.708795 -0.009225
v 0.158466 -0.702992 -0.017997
v 0.156107 -0.723888 0.004058
v 0.154639 -0.734014 0.005894
v 0.152838 -0.735702 0.018168
v 0.150785 -0.736239 0.029665
v 0.149240 -0.735812 0.038948
v 0.145930 -0.733725 0.050660
v 0.121603 -0.740475 0.089382
v 0.112362 -0.733789 0.095824
v 0.102237 -0.739307 0.100357
v 0.130111 -0.743195 0.081186
v 0.091296 -0.740234 0.104246
v 0.136895 -0.740346 0.067970
v 0.141731 -0.742282 0.057552
v 0.131196 -0.749791 0.074760
v -0.029053 -0.273781 -0.121000
v -0.036436 -0.265552 -0.117522
v -0.020975 -0.281350 -0.122937
v -0.024960 -0.290940 -0.127246
v -0.016443 -0.298142 -0.131478
v -0.017082 -0.309494 -0.135964
v -0.042391 -0.256061 -0.113577
v -0.043318 -0.247265 -0.109473
v 0.031840 -0.374055 -0.149195
v 0.024463 -0.367457 -0.146179
v 0.027827 -0.383217 -0.148275
v 0.033576 -0.390874 -0.147438
v -0.001831 -0.335626 -0.137104
v 0.011292 -0.359629 -0.141416
v 0.015151 -0.365585 -0.145537
v 0.003251 -0.352808 -0.141627
v -0.004627 -0.343533 -0.143581
v -0.010573 -0.328387 -0.133088
v -0.019124 -0.320260 -0.132497
v -0.053198 -0.228579 -0.102566
v -0.047704 -0.238543 -0.103326
v -0.056056 -0.213278 -0.103404
v 0.003159 -0.712355 0.113065
v 0.002275 -0.709360 0.113040
v 0.014496 -0.713750 0.112791
v -0.006950 -0.705219 0.111107
v -0.057067 -0.698960 0.109576
v -0.018168 -0.710264 0.113111
v -0.028526 -0.706964 0.110995
v -0.039302 -0.710060 0.110935
v -0.049044 -0.710418 0.111718
v -0.070491 -0.690607 0.108169
v -0.064630 -0.700775 0.109129
v 0.038857 -0.728452 0.112416
v 0.020417 -0.721798 0.113053
v 0.027186 -0.730373 0.113263
v 0.042400 -0.739315 0.113165
v 0.084731 -0.740346 0.107103
v 0.073921 -0.741758 0.109347
v 0.062950 -0.742373 0.111068
v 0.052528 -0.743532 0.112359
v -0.163329 -0.610033 0.054554
v -0.167387 -0.607243 0.045807
v -0.169871 -0.597087 0.043807
v -0.172204 -0.592807 0.041309
v -0.181294 -0.569935 0.026797
v -0.176498 -0.586584 0.032215
v -0.180226 -0.579682 0.024348
v -0.184476 -0.561961 0.019401
v -0.156225 -0.624866 0.064207
v -0.161450 -0.621625 0.055169
v -0.198602 -0.505437 -0.009908
v -0.197195 -0.516801 -0.009185
v -0.196807 -0.499329 -0.018984
v -0.196691 -0.489059 -0.021147
v -0.196743 -0.484662 -0.026626
v -0.193722 -0.461329 -0.040246
v -0.194529 -0.471039 -0.036639
v -0.193614 -0.480675 -0.039102
v -0.186856 -0.439699 -0.050774
v -0.184969 -0.429476 -0.054692
v -0.188349 -0.450376 -0.047585
v -0.189803 -0.459891 -0.051274
v -0.194622 -0.527822 -0.008604
v -0.193295 -0.538659 -0.008700
v -0.185224 -0.564759 0.008847
v -0.187296 -0.557180 0.006167
v -0.189970 -0.549191 -0.001548
v -0.103339 -0.679557 0.103365
v -0.107924 -0.673749 0.102130
v -0.115405 -0.668332 0.098266
v -0.094302 -0.686422 0.105285
v -0.083162 -0.691978 0.107007
v -0.140698 -0.656322 0.080428
v -0.145091 -0.655738 0.074461
v -0.154720 -0.644009 0.060976
v -0.151206 -0.653848 0.064936
v -0.158849 -0.632618 0.057223
v -0.130133 -0.668214 0.089276
v -0.124799 -0.673286 0.094273
v -0.137294 -0.666886 0.082665
v -0.174704 -0.378662 -0.062679
v -0.173997 -0.390457 -0.065504
v -0.175050 -0.400810 -0.067601
v -0.169581 -0.358848 -0.069203
v -0.166232 -0.348372 -0.073830
v -0.169157 -0.338208 -0.068400
v -0.170783 -0.371610 -0.069740
v -0.164856 -0.329151 -0.072302
v -0.180111 -0.429478 -0.064739
v -0.177914 -0.419781 -0.068025
v -0.175564 -0.411032 -0.067683
v -0.157390 -0.281159 -0.074850
v -0.163109 -0.318792 -0.073085
v -0.160802 -0.309238 -0.073549
v -0.157473 -0.300083 -0.079133
v -0.157053 -0.290531 -0.080724
v -0.148980 -0.273419 -0.079546
v -0.140912 -0.268463 -0.083912
v -0.132195 -0.258437 -0.083748
v -0.129498 -0.250653 -0.082866
v -0.121781 -0.242993 -0.082923
v -0.115853 -0.233614 -0.083713
v -0.117564 -0.223057 -0.081069
v -0.122429 -0.208783 -0.076051
v 0.079440 -0.467611 -0.131841
v 0.072833 -0.459453 -0.136315
v 0.080700 -0.485282 -0.130246
v 0.075076 -0.477232 -0.129282
v 0.083583 -0.505771 -0.130512
v 0.093932 -0.511705 -0.130349
v 0.077649 -0.496079 -0.129997
v 0.103973 -0.527445 -0.126428
v 0.094313 -0.522745 -0.129589
v 0.107433 -0.537247 -0.125836
v 0.028504 -0.401119 -0.150908
v 0.033872 -0.410498 -0.151753
v 0.037935 -0.417209 -0.148824
v 0.061218 -0.444017 -0.143044
v 0.055840 -0.436725 -0.143941
v 0.066981 -0.452592 -0.139118
v 0.042383 -0.426512 -0.145000
v 0.047328 -0.434653 -0.144651
v 0.108500 -0.548108 -0.123839
v 0.125427 -0.571036 -0.114962
v 0.134234 -0.584837 -0.107880
v 0.126561 -0.581283 -0.113629
v 0.111527 -0.558790 -0.121751
v 0.115697 -0.568261 -0.120365
v 0.136801 -0.594602 -0.105854
v 0.142768 -0.603996 -0.099310
v 0.142837 -0.614734 -0.096596
v 0.144903 -0.624419 -0.092982
v 0.148823 -0.632139 -0.086126
v 0.157680 -0.686396 -0.045782
v 0.156791 -0.673933 -0.057438
v 0.154931 -0.684740 -0.056147
v 0.156781 -0.695788 -0.040031
v 0.156563 -0.701965 -0.033442
v 0.156797 -0.707939 -0.023897
v 0.156433 -0.664029 -0.062638
v 0.148604 -0.643340 -0.084048
v 0.147914 -0.653555 -0.082780
v 0.152008 -0.664687 -0.072519
v 0.147539 -0.663250 -0.081322
v 0.156633 -0.721786 -0.008383
v 0.156862 -0.714881 -0.018743
v 0.154546 -0.733831 -0.002820
v 0.153086 -0.744763 0.001581
v 0.152562 -0.743969 0.010449
v 0.150164 -0.746755 0.023735
v 0.147820 -0.745335 0.036041
v 0.145884 -0.744393 0.046036
v 0.125573 -0.751322 0.084813
v 0.117159 -0.752053 0.091561
v 0.112220 -0.743340 0.095420
v 0.107019 -0.751755 0.097774
v 0.097468 -0.750382 0.102053
v 0.088334 -0.750678 0.106153
v 0.137034 -0.751324 0.064623
v 0.143329 -0.752142 0.053910
v 0.127255 -0.759621 0.080268
v 0.133808 -0.760317 0.071070
v -0.040632 -0.273738 -0.118962
v -0.032529 -0.282419 -0.122752
v -0.043527 -0.265098 -0.116337
v -0.028686 -0.298297 -0.131338
v -0.036967 -0.291706 -0.127264
v -0.021804 -0.306395 -0.134342
v -0.022416 -0.316184 -0.133604
v -0.050230 -0.256109 -0.113714
v -0.054800 -0.246862 -0.107339
v 0.018244 -0.375568 -0.149876
v 0.022317 -0.392360 -0.147399
v 0.016877 -0.385366 -0.147912
v -0.013223 -0.338167 -0.139180
v 0.009628 -0.369859 -0.148579
v 0.000594 -0.364921 -0.143635
v -0.007305 -0.354645 -0.141657
v -0.016118 -0.347003 -0.143339
v -0.017059 -0.332241 -0.134283
v -0.026005 -0.325531 -0.132343
v -0.062134 -0.226043 -0.099187
v -0.059243 -0.238034 -0.101298
v -0.067720 -0.212276 -0.101831
v 0.004518 -0.721141 0.113792
v 0.007625 -0.722421 0.113578
v -0.006923 -0.716325 0.113568
v -0.060097 -0.710184 0.111139
v -0.017727 -0.721179 0.113856
v -0.028573 -0.716883 0.113404
v -0.043997 -0.719142 0.112495
v -0.037987 -0.722273 0.113545
v -0.054833 -0.721881 0.112133
v -0.075370 -0.699777 0.108227
v -0.073408 -0.710109 0.110151
v 0.034358 -0.739114 0.113391
v 0.014771 -0.731378 0.113923
v 0.021849 -0.740095 0.114205
v 0.036815 -0.750209 0.114246
v 0.047522 -0.751721 0.113323
v 0.080967 -0.751425 0.108102
v 0.070064 -0.752081 0.110300
v 0.059144 -0.752976 0.111990
v -0.165883 -0.617602 0.046133
v -0.168119 -0.612804 0.042213
v -0.170937 -0.602991 0.039280
v -0.174477 -0.597627 0.032392
v -0.183247 -0.571593 0.015889
v -0.178395 -0.591200 0.021536
v -0.180879 -0.582189 0.013457
v -0.163948 -0.629593 0.046494
v -0.196199 -0.510670 -0.019183
v -0.194833 -0.521717 -0.018633
v -0.194082 -0.504833 -0.028795
v -0.194607 -0.494277 -0.029532
v -0.193114 -0.490344 -0.034824
v -0.191560 -0.470297 -0.046721
v -0.190457 -0.490362 -0.044988
v -0.189345 -0.479698 -0.050408
v -0.182242 -0.439168 -0.060696
v -0.184293 -0.449265 -0.056440
v -0.186697 -0.468943 -0.056722
v -0.185651 -0.458589 -0.057517
v -0.191885 -0.532416 -0.018107
v -0.190562 -0.550349 -0.011760
v -0.190650 -0.542197 -0.018931
v -0.183745 -0.573917 0.005045
v -0.185489 -0.568129 0.002953
v -0.187899 -0.559722 -0.004662
v -0.103473 -0.691692 0.103504
v -0.108523 -0.686221 0.101826
v -0.116609 -0.679447 0.098406
v -0.093506 -0.697694 0.105656
v -0.084431 -0.704372 0.107350
v -0.144638 -0.665056 0.074356
v -0.148006 -0.664670 0.067910
v -0.156776 -0.652384 0.054259
v -0.159768 -0.641726 0.050902
v -0.153389 -0.662399 0.058247
v -0.133753 -0.677482 0.086925
v -0.125232 -0.684322 0.093194
v -0.142156 -0.674507 0.078274
v -0.170131 -0.383080 -0.071687
v -0.170153 -0.394658 -0.075849
v -0.170310 -0.407521 -0.076496
v -0.166890 -0.364602 -0.075870
v -0.165421 -0.357261 -0.075903
v -0.162247 -0.347512 -0.080333
v -0.164940 -0.339816 -0.073360
v -0.165263 -0.375018 -0.078702
v -0.161879 -0.329047 -0.077242
v -0.176433 -0.439010 -0.070507
v -0.176198 -0.428606 -0.070931
v -0.173991 -0.418367 -0.074566
v -0.150117 -0.283608 -0.084482
v -0.156608 -0.322889 -0.083683
v -0.155309 -0.313076 -0.081102
v -0.149683 -0.304582 -0.087066
v -0.150927 -0.293436 -0.087659
v -0.141884 -0.277590 -0.088855
v -0.135768 -0.273437 -0.090586
v -0.133645 -0.266299 -0.087263
v -0.124965 -0.259238 -0.088780
v -0.119780 -0.251620 -0.090757
v -0.111623 -0.242916 -0.088959
v -0.105679 -0.233720 -0.089407
v -0.110927 -0.222862 -0.085307
v -0.112750 -0.208836 -0.083040
v 0.067985 -0.468858 -0.132583
v 0.061106 -0.460727 -0.136882
v 0.069764 -0.486960 -0.130256
v 0.063963 -0.478788 -0.129243
v 0.075805 -0.507057 -0.130161
v 0.084180 -0.516033 -0.131832
v 0.066684 -0.497549 -0.130068
v 0.096376 -0.534082 -0.129749
v 0.084862 -0.527751 -0.131294
v 0.103902 -0.544587 -0.127117
v 0.017033 -0.401099 -0.151098
v 0.022634 -0.410844 -0.152547
v 0.026602 -0.417636 -0.148729
v 0.030813 -0.426749 -0.144398
v 0.049560 -0.445347 -0.144011
v 0.055328 -0.453644 -0.139605
v 0.035787 -0.434336 -0.144767
v 0.041505 -0.444541 -0.143770
v 0.101091 -0.555825 -0.126113
v 0.117246 -0.578864 -0.118892
v 0.127537 -0.592194 -0.113061
v 0.118420 -0.589184 -0.118668
v 0.105394 -0.565876 -0.124902
v 0.107455 -0.576244 -0.123463
v 0.135576 -0.605304 -0.105898
v 0.128432 -0.602542 -0.111692
v 0.138051 -0.614190 -0.103106
v 0.140992 -0.623611 -0.099178
v 0.142785 -0.633032 -0.095938
v 0.143194 -0.639251 -0.092529
v 0.153715 -0.696235 -0.050734
v 0.153025 -0.684326 -0.063110
v 0.152561 -0.674042 -0.068138
v 0.152703 -0.694653 -0.057806
v 0.152533 -0.706262 -0.045000
v 0.153710 -0.712794 -0.034492
v 0.154619 -0.719306 -0.029572
v 0.145076 -0.649056 -0.090444
v 0.142006 -0.660177 -0.090788
v 0.147543 -0.673421 -0.078766
v 0.142614 -0.671222 -0.087792
v 0.155408 -0.726455 -0.020097
v 0.155135 -0.733044 -0.012153
v 0.153505 -0.744411 -0.009967
v 0.152341 -0.755706 -0.005789
v 0.152075 -0.754165 0.002846
v 0.150777 -0.753430 0.014117
v 0.146974 -0.755897 0.032561
v 0.148530 -0.759379 0.022382
v 0.146997 -0.754138 0.042138
v 0.123163 -0.761236 0.087626
v 0.113687 -0.761389 0.094605
v 0.103727 -0.761245 0.100076
v 0.093773 -0.760814 0.104213
v 0.083465 -0.762071 0.107479
v 0.139026 -0.761250 0.060680
v 0.143276 -0.762432 0.049507
v 0.126524 -0.770530 0.083042
v 0.129081 -0.770773 0.075818
v 0.134764 -0.771207 0.066404
v -0.044083 -0.283177 -0.122461
v -0.048835 -0.274626 -0.119278
v -0.055302 -0.264989 -0.115180
v -0.040354 -0.299990 -0.131732
v -0.033099 -0.308401 -0.134085
v -0.046802 -0.291492 -0.126648
v -0.034836 -0.317648 -0.132024
v -0.060488 -0.254896 -0.109939
v -0.062541 -0.245980 -0.105823
v 0.010152 -0.380675 -0.149132
v 0.012441 -0.391114 -0.146757
v -0.020904 -0.340710 -0.141059
v 0.000223 -0.375480 -0.150156
v -0.010089 -0.364415 -0.142882
v -0.009806 -0.371942 -0.149771
v -0.018950 -0.358043 -0.141302
v -0.023534 -0.351729 -0.141977
v -0.028480 -0.335937 -0.136094
v -0.037387 -0.329156 -0.133115
v -0.072912 -0.227091 -0.099411
v -0.067859 -0.236804 -0.100876
v -0.076721 -0.210646 -0.097993
v -0.007554 -0.726789 0.114287
v 0.001702 -0.731836 0.114569
v 0.002813 -0.732037 0.114391
v -0.065626 -0.718336 0.111193
v -0.017444 -0.732570 0.114654
v -0.027664 -0.727738 0.114174
v -0.045106 -0.729640 0.113127
v -0.038444 -0.733408 0.114295
v -0.055299 -0.734502 0.114099
v -0.064746 -0.728847 0.111826
v -0.075336 -0.721922 0.110471
v -0.084346 -0.715323 0.108988
v 0.028794 -0.749643 0.115931
v 0.009066 -0.741655 0.116373
v 0.016828 -0.750390 0.116678
v 0.032126 -0.760336 0.117078
v 0.043077 -0.761042 0.116103
v 0.054128 -0.762063 0.114883
v 0.076677 -0.761886 0.111060
v 0.065780 -0.762278 0.113188
v -0.166280 -0.623943 0.042314
v -0.170220 -0.617595 0.033676
v -0.173308 -0.608483 0.029548
v -0.176139 -0.602036 0.024050
v -0.178061 -0.602281 0.014557
v -0.179652 -0.592447 0.010042
v -0.180678 -0.584354 0.007250
v -0.166217 -0.633195 0.039074
v -0.163585 -0.640725 0.041271
v -0.193475 -0.515892 -0.028629
v -0.190466 -0.526364 -0.028056
v -0.192849 -0.509751 -0.033767
v -0.193393 -0.499354 -0.034688
v -0.184712 -0.487501 -0.055717
v -0.187142 -0.496333 -0.052278
v -0.190591 -0.501911 -0.044177
v -0.182740 -0.477792 -0.060815
v -0.181780 -0.448327 -0.064704
v -0.181921 -0.468079 -0.062335
v -0.179457 -0.458350 -0.067929
v -0.189284 -0.535623 -0.028461
v -0.187436 -0.561269 -0.015140
v -0.188076 -0.553066 -0.022241
v -0.187126 -0.545015 -0.029217
v -0.183311 -0.577641 -0.000997
v -0.186218 -0.569020 -0.008263
v -0.103437 -0.703200 0.103456
v -0.108894 -0.697946 0.101499
v -0.117494 -0.691399 0.097514
v -0.094643 -0.709391 0.106977
v -0.144826 -0.675093 0.071015
v -0.150465 -0.673398 0.061150
v -0.158060 -0.661422 0.047730
v -0.161165 -0.651270 0.043575
v -0.154881 -0.670940 0.052116
v -0.131923 -0.689196 0.087336
v -0.139328 -0.684701 0.080005
v -0.125432 -0.696837 0.092046
v -0.141927 -0.685301 0.073280
v -0.165004 -0.385565 -0.079942
v -0.164456 -0.392684 -0.081883
v -0.165324 -0.402157 -0.083387
v -0.167942 -0.415937 -0.083664
v -0.162717 -0.368142 -0.080316
v -0.159261 -0.357863 -0.085539
v -0.155716 -0.343443 -0.088671
v -0.159079 -0.337306 -0.082367
v -0.162537 -0.379412 -0.083722
v -0.176103 -0.448475 -0.074286
v -0.172634 -0.438483 -0.076456
v -0.170434 -0.427464 -0.080592
v -0.143733 -0.288323 -0.093264
v -0.152545 -0.333838 -0.089805
v -0.149155 -0.324308 -0.091386
v -0.148850 -0.314140 -0.089100
v -0.143497 -0.311201 -0.092476
v -0.145278 -0.300058 -0.092086
v -0.138026 -0.282849 -0.094946
v -0.127949 -0.276979 -0.098464
v -0.125664 -0.268390 -0.095044
v -0.115498 -0.261487 -0.096108
v -0.109818 -0.250968 -0.096122
v -0.104327 -0.243097 -0.093494
v -0.097564 -0.234893 -0.092429
v -0.100050 -0.223494 -0.090198
v -0.106196 -0.209060 -0.087196
v 0.056672 -0.470074 -0.132302
v 0.049220 -0.461267 -0.136372
v 0.058376 -0.488750 -0.129930
v 0.052621 -0.479460 -0.130900
v 0.062417 -0.506801 -0.130259
v 0.068996 -0.514628 -0.130597
v 0.075454 -0.520932 -0.132731
v 0.054370 -0.498892 -0.129911
v 0.094854 -0.543622 -0.129751
v 0.087586 -0.537218 -0.131750
v 0.079193 -0.530928 -0.133205
v 0.095103 -0.554680 -0.128981
v 0.009041 -0.399917 -0.150703
v 0.014222 -0.409812 -0.152709
v 0.015418 -0.417348 -0.149044
v 0.019347 -0.426490 -0.144086
v 0.023655 -0.435084 -0.144711
v 0.046862 -0.453886 -0.138549
v 0.029990 -0.443871 -0.144287
v 0.035998 -0.453542 -0.139703
v 0.099742 -0.562344 -0.127493
v 0.109249 -0.586806 -0.122067
v 0.119738 -0.600030 -0.117171
v 0.110327 -0.597082 -0.121945
v 0.101315 -0.572659 -0.126252
v 0.102386 -0.582478 -0.126488
v 0.130509 -0.614114 -0.109147
v 0.122053 -0.611196 -0.115091
v 0.132827 -0.623879 -0.106856
v 0.135395 -0.634289 -0.103530
v 0.138178 -0.644196 -0.099591
v 0.151311 -0.705159 -0.053494
v 0.149019 -0.693992 -0.069341
v 0.148618 -0.683433 -0.073862
v 0.148938 -0.703374 -0.065082
v 0.151291 -0.718176 -0.043672
v 0.149423 -0.716266 -0.053187
v 0.152594 -0.724969 -0.035320
v 0.154261 -0.730836 -0.026775
v 0.138784 -0.655956 -0.097198
v 0.139757 -0.667459 -0.094449
v 0.143231 -0.681459 -0.084788
v 0.139987 -0.678244 -0.092285
v 0.153468 -0.740588 -0.021603
v 0.152589 -0.753039 -0.017613
v 0.152475 -0.766378 -0.007521
v 0.153045 -0.763679 -0.017401
v 0.151661 -0.765477 0.002438
v 0.149817 -0.763998 0.010332
v 0.145748 -0.768028 0.029580
v 0.146378 -0.765221 0.038048
v 0.149011 -0.770558 0.018739
v 0.118160 -0.771518 0.090541
v 0.108768 -0.771693 0.096823
v 0.098866 -0.771609 0.101859
v 0.088838 -0.771775 0.105776
v 0.077990 -0.772789 0.108904
v 0.139449 -0.771691 0.056104
v 0.143119 -0.772882 0.045217
v 0.128717 -0.781175 0.079098
v 0.121610 -0.781856 0.086710
v 0.130460 -0.781985 0.071567
v 0.137905 -0.782143 0.064061
v -0.049701 -0.283252 -0.121701
v -0.060956 -0.274649 -0.118322
v -0.066617 -0.264186 -0.113125
v -0.051752 -0.300784 -0.131207
v -0.044930 -0.311079 -0.132960
v -0.054133 -0.292792 -0.125956
v -0.044724 -0.321270 -0.131407
v -0.069150 -0.254772 -0.109202
v -0.074200 -0.245950 -0.103082
v 0.001616 -0.387996 -0.146213
v -0.001144 -0.397998 -0.149190
v -0.032869 -0.345020 -0.141782
v -0.009123 -0.382553 -0.147960
v -0.016589 -0.368245 -0.147144
v -0.016163 -0.379216 -0.148983
v -0.025249 -0.363453 -0.142342
v -0.034340 -0.356511 -0.141242
v -0.039706 -0.339108 -0.137157
v -0.049777 -0.331210 -0.133489
v -0.081289 -0.224878 -0.095947
v -0.079188 -0.236883 -0.098249
v -0.087176 -0.210510 -0.097298
v -0.006911 -0.738209 0.115108
v -0.003825 -0.742909 0.116837
v -0.018124 -0.743541 0.116984
v -0.028219 -0.738634 0.114936
v -0.045495 -0.741010 0.115096
v -0.035366 -0.746090 0.115888
v -0.055567 -0.746536 0.114847
v -0.065296 -0.740255 0.113649
v -0.075120 -0.732956 0.110911
v -0.085278 -0.727030 0.109176
v -0.094645 -0.720740 0.107188
v 0.023726 -0.759907 0.116967
v 0.004931 -0.751530 0.117274
v 0.012442 -0.760737 0.117690
v 0.037483 -0.770999 0.117263
v 0.026704 -0.770868 0.118193
v 0.048441 -0.771603 0.116058
v 0.059940 -0.771974 0.114468
v 0.071026 -0.772338 0.112442
v -0.169254 -0.627940 0.030705
v -0.172785 -0.620187 0.023586
v -0.175974 -0.611106 0.018472
v -0.178128 -0.611658 0.007735
v -0.178620 -0.602147 0.007658
v -0.179292 -0.594010 0.004197
v -0.180590 -0.588737 -0.004867
v -0.165389 -0.643923 0.036210
v -0.168540 -0.637718 0.028392
v -0.191054 -0.520622 -0.033311
v -0.187834 -0.531934 -0.033492
v -0.189607 -0.512819 -0.043041
v -0.181232 -0.496322 -0.060684
v -0.178100 -0.486936 -0.065092
v -0.185050 -0.506573 -0.053660
v -0.177237 -0.477243 -0.066436
v -0.174888 -0.467588 -0.072259
v -0.172564 -0.458131 -0.078146
v -0.186004 -0.542357 -0.034924
v -0.184986 -0.569976 -0.019111
v -0.184014 -0.562571 -0.026067
v -0.186004 -0.553515 -0.028974
v -0.183678 -0.579417 -0.011876
v -0.099503 -0.716361 0.105179
v -0.108642 -0.710015 0.101806
v -0.117376 -0.703806 0.097479
v -0.148008 -0.683508 0.063054
v -0.153414 -0.681507 0.051717
v -0.161406 -0.662314 0.037626
v -0.158155 -0.671958 0.042747
v -0.163357 -0.653180 0.037840
v -0.136764 -0.695380 0.081392
v -0.131754 -0.703276 0.085718
v -0.143025 -0.693629 0.073393
v -0.125256 -0.709644 0.091445
v -0.144727 -0.693873 0.066422
v -0.158538 -0.388883 -0.090219
v -0.161655 -0.399219 -0.089084
v -0.164023 -0.409633 -0.086389
v -0.163922 -0.425603 -0.089369
v -0.160418 -0.417555 -0.091422
v -0.158405 -0.368660 -0.089219
v -0.151972 -0.362226 -0.094284
v -0.153223 -0.351650 -0.092330
v -0.147223 -0.341036 -0.097057
v -0.156460 -0.378934 -0.092406
v -0.169661 -0.448106 -0.083789
v -0.166398 -0.437086 -0.085425
v -0.138339 -0.293545 -0.097687
v -0.146419 -0.332574 -0.094827
v -0.144258 -0.320545 -0.094197
v -0.135260 -0.316507 -0.100005
v -0.136426 -0.305255 -0.099262
v -0.130077 -0.287125 -0.102192
v -0.119731 -0.281107 -0.105151
v -0.117856 -0.271852 -0.102014
v -0.110595 -0.267485 -0.101962
v -0.107860 -0.258803 -0.097679
v -0.100958 -0.252192 -0.099773
v -0.093220 -0.244549 -0.098561
v -0.086754 -0.235751 -0.096331
v -0.092430 -0.224269 -0.092739
v -0.095391 -0.209546 -0.092466
v 0.045566 -0.470273 -0.132072
v 0.040043 -0.461248 -0.133935
v 0.046164 -0.490361 -0.129745
v 0.047353 -0.477124 -0.128967
v 0.053190 -0.509361 -0.132447
v 0.060814 -0.517253 -0.133059
v 0.069678 -0.524407 -0.133113
v 0.045250 -0.501461 -0.131824
v 0.085845 -0.549412 -0.131471
v 0.077605 -0.542736 -0.133137
v 0.069037 -0.536156 -0.134296
v 0.084823 -0.560444 -0.131303
v 0.091494 -0.567891 -0.129284
v 0.003498 -0.407846 -0.153379
v 0.007242 -0.416492 -0.148761
v 0.010575 -0.425012 -0.143147
v 0.012211 -0.434025 -0.144696
v 0.016627 -0.445290 -0.144469
v 0.024918 -0.451987 -0.141484
v 0.028183 -0.458464 -0.136308
v 0.104429 -0.593018 -0.125136
v 0.112778 -0.608319 -0.120183
v 0.107189 -0.604180 -0.123431
v 0.092213 -0.579176 -0.128349
v 0.093627 -0.589436 -0.128561
v 0.123789 -0.622070 -0.113765
v 0.114551 -0.619083 -0.119316
v 0.126725 -0.632711 -0.110758
v 0.129143 -0.643011 -0.108189
v 0.131364 -0.653414 -0.105173
v 0.148485 -0.714590 -0.060640
v 0.144493 -0.691749 -0.080084
v 0.144456 -0.702648 -0.077372
v 0.145860 -0.712084 -0.070654
v 0.150615 -0.728787 -0.048676
v 0.148963 -0.724977 -0.057600
v 0.152024 -0.735684 -0.039008
v 0.153212 -0.740900 -0.028264
v 0.132504 -0.664728 -0.102692
v 0.133078 -0.675702 -0.100930
v 0.141502 -0.688691 -0.088492
v 0.134504 -0.687079 -0.097631
v 0.151752 -0.751461 -0.028233
v 0.152405 -0.763068 -0.024716
v 0.151792 -0.775685 -0.013986
v 0.150704 -0.776859 -0.002695
v 0.152040 -0.773936 -0.024666
v 0.150239 -0.775985 0.005934
v 0.146300 -0.779583 0.025770
v 0.144267 -0.777982 0.036145
v 0.148166 -0.780467 0.015066
v 0.113196 -0.782109 0.093451
v 0.103815 -0.782200 0.099138
v 0.094008 -0.782349 0.103653
v 0.083750 -0.782379 0.107273
v 0.076700 -0.782374 0.111311
v 0.141851 -0.782370 0.054255
v 0.144975 -0.783123 0.044215
v 0.128257 -0.798043 0.076780
v 0.125189 -0.797390 0.084041
v 0.117768 -0.797551 0.091329
v 0.133451 -0.797629 0.068037
v 0.137684 -0.797107 0.058693
v -0.060112 -0.283473 -0.121162
v -0.067279 -0.274346 -0.116746
v -0.070644 -0.281907 -0.119662
v -0.072884 -0.264160 -0.110605
v -0.059268 -0.301014 -0.129334
v -0.052819 -0.310676 -0.131357
v -0.050654 -0.319887 -0.130639
v -0.065503 -0.292487 -0.124470
v -0.079075 -0.255662 -0.104809
v -0.086013 -0.246031 -0.100706
v -0.008671 -0.391141 -0.146875
v -0.007435 -0.407581 -0.153271
v -0.013630 -0.399578 -0.150506
v -0.044472 -0.349675 -0.141959
v -0.016876 -0.389293 -0.147265
v -0.026420 -0.373045 -0.149240
v -0.026572 -0.384071 -0.147116
v -0.035755 -0.367093 -0.146113
v -0.043993 -0.361891 -0.142003
v -0.049355 -0.341887 -0.137702
v -0.057642 -0.328604 -0.132329
v -0.055472 -0.338979 -0.135666
v -0.007135 -0.748416 0.117412
v 0.002659 -0.753072 0.117693
v -0.029178 -0.749743 0.117246
v -0.018679 -0.753718 0.117739
v -0.045187 -0.752572 0.115846
v -0.035687 -0.757924 0.116640
v -0.054372 -0.758093 0.115555
v -0.065757 -0.751949 0.114192
v -0.075668 -0.743782 0.112517
v -0.085778 -0.738365 0.110571
v -0.095342 -0.732292 0.106992
v -0.099652 -0.728027 0.104993
v 0.015743 -0.771452 0.119019
v 0.001521 -0.762237 0.118216
v 0.007501 -0.771446 0.118703
v 0.032531 -0.781360 0.118360
v 0.043245 -0.781654 0.117224
v 0.021697 -0.781456 0.119326
v 0.054257 -0.781586 0.115706
v 0.065480 -0.782218 0.113798
v -0.171652 -0.631387 0.019151
v -0.175244 -0.621643 0.012994
v -0.176014 -0.621676 0.006801
v -0.178360 -0.611660 0.001612
v -0.178940 -0.601200 -0.003205
v -0.181039 -0.589301 -0.015990
v -0.179011 -0.597932 -0.012604
v -0.166737 -0.650758 0.026652
v -0.169826 -0.642148 0.019925
v -0.187267 -0.524417 -0.042227
v -0.185130 -0.534280 -0.043824
v -0.185212 -0.517235 -0.050502
v -0.177744 -0.506051 -0.063192
v -0.177284 -0.496143 -0.065105
v -0.174839 -0.486445 -0.070632
v -0.179540 -0.515546 -0.058203
v -0.172189 -0.476485 -0.076704
v -0.167323 -0.467463 -0.082044
v -0.166311 -0.457882 -0.084556
v -0.182182 -0.553463 -0.039055
v -0.181921 -0.544503 -0.045463
v -0.182477 -0.579774 -0.022877
v -0.181982 -0.571072 -0.030212
v -0.181748 -0.563083 -0.032510
v -0.108637 -0.721590 0.101532
v -0.117378 -0.715277 0.096916
v -0.149955 -0.692012 0.056001
v -0.154219 -0.690758 0.045139
v -0.157580 -0.681426 0.039574
v -0.160915 -0.671289 0.036066
v -0.163803 -0.661589 0.030898
v -0.138401 -0.705485 0.078061
v -0.133256 -0.715446 0.083000
v -0.141779 -0.703359 0.070625
v -0.125531 -0.720677 0.090190
v -0.147412 -0.701229 0.060441
v -0.155221 -0.395585 -0.097256
v -0.150430 -0.384912 -0.099150
v -0.157091 -0.406804 -0.095569
v -0.162070 -0.435641 -0.091436
v -0.158740 -0.426105 -0.096199
v -0.153002 -0.415635 -0.100049
v -0.151053 -0.372156 -0.097813
v -0.147575 -0.366231 -0.099014
v -0.149147 -0.354147 -0.096657
v -0.142701 -0.346558 -0.102415
v -0.139866 -0.337656 -0.101675
v -0.164677 -0.446436 -0.089551
v -0.130360 -0.298197 -0.104496
v -0.138137 -0.326243 -0.101429
v -0.128957 -0.320616 -0.106558
v -0.126660 -0.310689 -0.105910
v -0.121753 -0.290947 -0.108653
v -0.113588 -0.287600 -0.109718
v -0.111678 -0.277331 -0.105765
v -0.102451 -0.272376 -0.108075
v -0.098647 -0.262174 -0.103196
v -0.090232 -0.255834 -0.104735
v 0.038547 -0.471941 -0.128996
v 0.028919 -0.467284 -0.130547
v 0.039297 -0.482372 -0.127995
v 0.039721 -0.493306 -0.127404
v 0.042927 -0.513607 -0.132665
v 0.050877 -0.521340 -0.133400
v 0.059518 -0.528640 -0.133745
v 0.037742 -0.505153 -0.127751
v 0.076390 -0.554857 -0.132841
v 0.067774 -0.547902 -0.134331
v 0.059000 -0.540757 -0.135214
v 0.074871 -0.566112 -0.132870
v 0.082655 -0.573627 -0.130926
v -0.002490 -0.414492 -0.150300
v -0.002401 -0.423611 -0.143609
v 0.003781 -0.433463 -0.142316
v 0.008637 -0.442679 -0.143468
v 0.009832 -0.452963 -0.140517
v 0.015973 -0.454635 -0.139919
v 0.018168 -0.462984 -0.133139
v 0.097075 -0.600871 -0.126945
v 0.108978 -0.615178 -0.123127
v 0.098819 -0.611931 -0.126835
v 0.082091 -0.585246 -0.131565
v 0.086889 -0.597415 -0.129731
v 0.117413 -0.630358 -0.117076
v 0.111883 -0.626383 -0.121181
v 0.120568 -0.641195 -0.114252
v 0.122212 -0.651363 -0.112521
v 0.124193 -0.662029 -0.110138
v 0.145342 -0.723525 -0.070214
v 0.142603 -0.697948 -0.085581
v 0.141713 -0.707451 -0.084602
v 0.141922 -0.715014 -0.079183
v 0.149191 -0.735523 -0.052999
v 0.149423 -0.743432 -0.047856
v 0.146198 -0.734150 -0.063660
v 0.151323 -0.747080 -0.036485
v 0.125033 -0.672642 -0.108754
v 0.126562 -0.683706 -0.106076
v 0.135963 -0.697851 -0.094725
v 0.128276 -0.694472 -0.103080
v 0.151484 -0.757941 -0.033949
v 0.151419 -0.773399 -0.032023
v 0.151106 -0.789920 -0.021172
v 0.150185 -0.791151 -0.010513
v 0.148942 -0.792146 0.000040
v 0.151021 -0.789517 -0.028204
v 0.148663 -0.793109 0.007775
v 0.144418 -0.794958 0.029306
v 0.146546 -0.794217 0.019137
v 0.145461 -0.795988 0.038732
v 0.109271 -0.797584 0.097529
v 0.099970 -0.797565 0.102832
v 0.090053 -0.797485 0.107173
v 0.079805 -0.797403 0.110684
v 0.068819 -0.797299 0.113633
v 0.141329 -0.796500 0.048731
v -0.077732 -0.272811 -0.114281
v -0.076643 -0.281638 -0.117971
v -0.076439 -0.291328 -0.122723
v -0.084550 -0.265173 -0.107807
v -0.071978 -0.300326 -0.127202
v -0.065443 -0.309316 -0.129959
v -0.061712 -0.317969 -0.129304
v -0.015460 -0.410270 -0.152871
v -0.012023 -0.416543 -0.148260
v -0.021439 -0.400722 -0.150747
v -0.053936 -0.348260 -0.140481
v -0.051045 -0.357991 -0.141689
v -0.027772 -0.392430 -0.147850
v -0.036554 -0.378911 -0.148635
v -0.038525 -0.389329 -0.147429
v -0.045788 -0.372356 -0.147976
v -0.050262 -0.367279 -0.145324
v -0.069395 -0.326089 -0.130506
v -0.066333 -0.336402 -0.134316
v -0.064929 -0.345907 -0.138708
v -0.008969 -0.758924 0.118215
v 0.000051 -0.763097 0.118511
v -0.025517 -0.761931 0.118994
v -0.018293 -0.764178 0.118519
v -0.045734 -0.765596 0.118297
v -0.035532 -0.769663 0.119085
v -0.063366 -0.763161 0.116686
v -0.055447 -0.771342 0.117872
v -0.076775 -0.753721 0.112609
v -0.073547 -0.762838 0.113525
v -0.086562 -0.749415 0.110647
v -0.092125 -0.744361 0.108308
v -0.101761 -0.739420 0.105027
v -0.109346 -0.732811 0.101721
v 0.010557 -0.781884 0.120106
v -0.003755 -0.772584 0.121107
v 0.002313 -0.781400 0.121613
v 0.038303 -0.795764 0.118344
v 0.027331 -0.795661 0.119548
v 0.049349 -0.795862 0.116845
v 0.016320 -0.795599 0.120518
v 0.060144 -0.795989 0.114949
v -0.172064 -0.640555 0.010184
v -0.174370 -0.631125 0.007232
v -0.176160 -0.620273 -0.004712
v -0.174708 -0.629898 -0.000699
v -0.178417 -0.609897 -0.009536
v -0.179605 -0.589173 -0.026963
v -0.178627 -0.599141 -0.020966
v -0.177098 -0.608066 -0.019666
v -0.166279 -0.661066 0.020011
v -0.169100 -0.651503 0.014875
v -0.181840 -0.526914 -0.051338
v -0.178955 -0.535476 -0.053672
v -0.175982 -0.515506 -0.062406
v -0.173952 -0.505596 -0.068075
v -0.170163 -0.496540 -0.074109
v -0.168106 -0.486777 -0.079317
v -0.175514 -0.525388 -0.059723
v -0.166214 -0.476438 -0.083091
v -0.162102 -0.467363 -0.090148
v -0.159641 -0.455739 -0.093233
v -0.177717 -0.563811 -0.043104
v -0.176728 -0.554935 -0.049006
v -0.175888 -0.545250 -0.054215
v -0.179263 -0.581019 -0.034098
v -0.180378 -0.572233 -0.036320
v -0.117155 -0.726208 0.096343
v -0.152019 -0.699759 0.049670
v -0.155679 -0.698619 0.038950
v -0.156854 -0.689641 0.036845
v -0.160360 -0.680668 0.031525
v -0.163634 -0.671020 0.024788
v -0.137701 -0.714385 0.074701
v -0.134459 -0.724628 0.077245
v -0.131098 -0.727761 0.083251
v -0.143687 -0.711745 0.064747
v -0.124775 -0.731852 0.090893
v -0.148822 -0.709906 0.053948
v -0.149179 -0.404493 -0.103795
v -0.148359 -0.393341 -0.104371
v -0.147847 -0.376904 -0.102119
v -0.145470 -0.387326 -0.105198
v -0.158900 -0.444382 -0.096380
v -0.154190 -0.435394 -0.100660
v -0.151313 -0.424492 -0.104154
v -0.148005 -0.414041 -0.105850
v -0.142454 -0.368530 -0.107364
v -0.142448 -0.357908 -0.104083
v -0.134840 -0.351626 -0.109912
v -0.133574 -0.341167 -0.109051
v -0.130808 -0.331901 -0.108099
v -0.122269 -0.301507 -0.110057
v -0.122172 -0.318062 -0.109545
v -0.125080 -0.327800 -0.111125
v -0.118663 -0.308261 -0.111041
v -0.116528 -0.296995 -0.112143
v -0.105259 -0.293615 -0.115594
v -0.103353 -0.283008 -0.111738
v -0.096751 -0.278552 -0.111342
v -0.091515 -0.267938 -0.108733
v 0.030050 -0.475808 -0.128837
v 0.019135 -0.470880 -0.129920
v 0.029777 -0.487136 -0.127395
v 0.029277 -0.498525 -0.127195
v 0.040845 -0.525644 -0.133803
v 0.036662 -0.514930 -0.131370
v 0.049461 -0.533041 -0.134384
v 0.028264 -0.507870 -0.130417
v 0.066582 -0.559725 -0.134147
v 0.057744 -0.552241 -0.135414
v 0.048130 -0.544386 -0.135165
v 0.064471 -0.570647 -0.134295
v 0.073018 -0.578343 -0.132485
v -0.015265 -0.425357 -0.143222
v -0.008095 -0.433934 -0.142489
v -0.002246 -0.441011 -0.143894
v -0.001017 -0.450924 -0.141512
v 0.010002 -0.459250 -0.134441
v -0.000329 -0.457411 -0.136353
v 0.012297 -0.467470 -0.128738
v 0.089284 -0.608712 -0.128514
v 0.101617 -0.623211 -0.125345
v 0.091115 -0.619711 -0.128625
v 0.077326 -0.594881 -0.131906
v 0.069515 -0.588656 -0.133740
v 0.078499 -0.605717 -0.131034
v 0.110659 -0.638358 -0.119996
v 0.104572 -0.634334 -0.123680
v 0.112597 -0.648869 -0.118905
v 0.114843 -0.659656 -0.116603
v 0.116956 -0.670652 -0.114423
v 0.142571 -0.725584 -0.078666
v 0.142141 -0.734723 -0.073934
v 0.135260 -0.709521 -0.093294
v 0.138622 -0.718031 -0.087334
v 0.147119 -0.745471 -0.055985
v 0.149526 -0.755153 -0.045046
v 0.147763 -0.755376 -0.052063
v 0.143561 -0.744841 -0.066669
v 0.118004 -0.681283 -0.113233
v 0.119884 -0.692534 -0.110660
v 0.129254 -0.703721 -0.101452
v 0.120963 -0.703416 -0.109465
v 0.149940 -0.765922 -0.039818
v 0.149103 -0.776224 -0.043233
v 0.150048 -0.790155 -0.038009
v -0.086401 -0.274629 -0.112440
v -0.088075 -0.284920 -0.116470
v -0.081163 -0.291606 -0.121615
v -0.081325 -0.300673 -0.125496
v -0.077936 -0.309608 -0.127647
v -0.071493 -0.318161 -0.127577
v -0.026363 -0.410809 -0.152096
v -0.020145 -0.417633 -0.147829
v -0.032862 -0.401203 -0.150849
v -0.062868 -0.356453 -0.141461
v -0.060565 -0.366022 -0.144729
v -0.047328 -0.382915 -0.147168
v -0.046483 -0.393168 -0.148379
v -0.043344 -0.400899 -0.150487
v -0.055184 -0.376989 -0.147272
v -0.077886 -0.322515 -0.127615
v -0.077065 -0.333012 -0.131297
v -0.075281 -0.343425 -0.136224
v -0.074475 -0.353879 -0.139105
v -0.007289 -0.770985 0.119118
v -0.025164 -0.772613 0.119718
v -0.014642 -0.774880 0.120146
v -0.043407 -0.778246 0.119226
v -0.032499 -0.781200 0.119999
v -0.068090 -0.772587 0.116535
v -0.052878 -0.781867 0.118678
v -0.063277 -0.781632 0.117556
v -0.081889 -0.762191 0.111878
v -0.076125 -0.772639 0.113356
v -0.092615 -0.755065 0.108973
v -0.101958 -0.750498 0.104617
v -0.111407 -0.745675 0.100003
v -0.116955 -0.736728 0.096825
v 0.005106 -0.796335 0.123715
v -0.000914 -0.781466 0.121824
v -0.003226 -0.794583 0.122548
v -0.170992 -0.650221 0.003774
v -0.171937 -0.640064 0.003889
v -0.173790 -0.628370 -0.012396
v -0.173295 -0.618294 -0.015570
v -0.172922 -0.638770 -0.007464
v -0.176989 -0.598287 -0.030876
v -0.177622 -0.591156 -0.033482
v -0.174464 -0.606595 -0.029932
v -0.170537 -0.616352 -0.026198
v -0.165790 -0.670606 0.013314
v -0.168149 -0.660636 0.008490
v -0.172163 -0.533647 -0.062240
v -0.171265 -0.525773 -0.064746
v -0.168941 -0.515801 -0.070470
v -0.166677 -0.505935 -0.076285
v -0.162238 -0.496970 -0.082989
v -0.161348 -0.486654 -0.087114
v -0.158616 -0.479238 -0.090909
v -0.155380 -0.463349 -0.098865
v -0.153244 -0.473987 -0.097891
v -0.153529 -0.452495 -0.100072
v -0.172035 -0.563500 -0.053608
v -0.175168 -0.572641 -0.045845
v -0.170122 -0.553829 -0.058071
v -0.169599 -0.543182 -0.062383
v -0.176553 -0.582644 -0.039580
v -0.152659 -0.709327 0.042910
v -0.153732 -0.708941 0.036302
v -0.156537 -0.699037 0.031008
v -0.159428 -0.689408 0.024979
v -0.162857 -0.680461 0.019384
v -0.140434 -0.722622 0.067859
v -0.137755 -0.733561 0.069645
v -0.132202 -0.736562 0.078130
v -0.129649 -0.739584 0.084898
v -0.145494 -0.719681 0.058167
v -0.121994 -0.743708 0.092143
v -0.149797 -0.718706 0.046849
v -0.144856 -0.398600 -0.108916
v -0.141694 -0.408241 -0.112095
v -0.139971 -0.378762 -0.110469
v -0.138357 -0.391025 -0.112352
v -0.150001 -0.443591 -0.105600
v -0.148316 -0.432880 -0.107270
v -0.146108 -0.422942 -0.109954
v -0.138715 -0.418947 -0.114191
v -0.133098 -0.369711 -0.115108
v -0.135666 -0.362318 -0.110550
v -0.127446 -0.359721 -0.116083
v -0.129547 -0.348852 -0.113721
v -0.126707 -0.339083 -0.112158
v -0.115391 -0.323110 -0.115489
v -0.110417 -0.314401 -0.115079
v -0.117316 -0.334702 -0.117423
v -0.108760 -0.303367 -0.116828
v -0.102000 -0.298698 -0.119175
v -0.098269 -0.289486 -0.115637
v 0.020421 -0.480582 -0.127726
v 0.007291 -0.475675 -0.128195
v 0.020323 -0.492053 -0.126742
v 0.019723 -0.501065 -0.129563
v 0.034565 -0.526576 -0.132872
v 0.039169 -0.537318 -0.135029
v 0.025996 -0.519288 -0.131752
v 0.017413 -0.512325 -0.130559
v 0.055773 -0.562745 -0.135836
v 0.052184 -0.553919 -0.137395
v 0.042748 -0.547082 -0.138023
v 0.053528 -0.573573 -0.135644
v 0.061944 -0.582076 -0.134027
v -0.024315 -0.427468 -0.144077
v -0.015310 -0.434519 -0.145100
v -0.012233 -0.444968 -0.143473
v -0.011022 -0.452485 -0.140247
v 0.001319 -0.467505 -0.128244
v -0.008597 -0.462676 -0.131701
v 0.080456 -0.615986 -0.131194
v 0.093913 -0.630923 -0.127313
v 0.083178 -0.627179 -0.130066
v 0.068252 -0.600734 -0.133191
v 0.063822 -0.592922 -0.135645
v 0.069847 -0.612884 -0.132174
v 0.106556 -0.645071 -0.122787
v 0.095848 -0.641692 -0.126768
v 0.109054 -0.656001 -0.121121
v 0.110466 -0.666616 -0.120343
v 0.112637 -0.677728 -0.118372
v 0.135925 -0.728379 -0.088764
v 0.139114 -0.736372 -0.081522
v 0.141036 -0.745651 -0.076067
v 0.127684 -0.713396 -0.101549
v 0.131718 -0.720670 -0.096247
v 0.144201 -0.755818 -0.062725
v 0.147346 -0.766049 -0.050132
v 0.144888 -0.766249 -0.057176
v 0.140074 -0.755793 -0.072847
v 0.114842 -0.688985 -0.116307
v 0.115878 -0.700184 -0.115196
v 0.120064 -0.714218 -0.108793
v 0.115899 -0.712214 -0.113966
v 0.146419 -0.776680 -0.052221
v 0.146976 -0.790673 -0.048716
v -0.091589 -0.294688 -0.120856
v -0.092481 -0.305429 -0.123296
v -0.084231 -0.313588 -0.125402
v -0.037091 -0.411334 -0.150973
v -0.031346 -0.418881 -0.146826
v -0.071184 -0.364740 -0.141643
v -0.067614 -0.374548 -0.145444
v -0.053985 -0.388276 -0.146926
v -0.051908 -0.402383 -0.150339
v -0.061089 -0.395809 -0.148876
v -0.047501 -0.411178 -0.150006
v -0.064326 -0.385322 -0.146622
v -0.089426 -0.323219 -0.125526
v -0.083685 -0.332344 -0.129631
v -0.080318 -0.341045 -0.133968
v -0.082316 -0.351745 -0.136565
v -0.078481 -0.362791 -0.139251
v -0.008836 -0.783003 0.120814
v -0.020995 -0.783110 0.120553
v -0.047358 -0.795516 0.119728
v -0.037795 -0.795422 0.120463
v -0.026978 -0.795559 0.121036
v -0.074603 -0.781801 0.115724
v -0.058353 -0.795687 0.118556
v -0.066862 -0.796905 0.118000
v -0.092095 -0.764943 0.109033
v -0.086735 -0.773425 0.110656
v -0.081563 -0.782987 0.112220
v -0.101797 -0.761839 0.105232
v -0.110621 -0.757635 0.100727
v -0.118743 -0.753531 0.094093
v -0.002854 -0.796341 0.124165
v -0.167810 -0.659593 0.000888
v -0.170106 -0.649220 -0.002730
v -0.172277 -0.637250 -0.018972
v -0.171426 -0.627030 -0.022724
v -0.169875 -0.647515 -0.013997
v -0.173911 -0.601781 -0.035808
v -0.171309 -0.593696 -0.044119
v -0.170383 -0.612667 -0.032228
v -0.169787 -0.623475 -0.030991
v -0.164480 -0.680165 0.007314
v -0.165536 -0.669882 0.006277
v -0.167887 -0.536132 -0.066943
v -0.164399 -0.526278 -0.072903
v -0.161910 -0.516477 -0.078448
v -0.159554 -0.506298 -0.084028
v -0.154868 -0.492852 -0.091699
v -0.152487 -0.503487 -0.091106
v -0.150888 -0.485702 -0.096370
v -0.147393 -0.469727 -0.103058
v -0.149389 -0.459655 -0.104583
v -0.144434 -0.480354 -0.103763
v -0.145572 -0.451934 -0.108841
v -0.168675 -0.574691 -0.053830
v -0.164673 -0.569743 -0.061389
v -0.167612 -0.559584 -0.059867
v -0.170865 -0.583426 -0.047929
v -0.167254 -0.549006 -0.063856
v -0.150385 -0.720704 0.038677
v -0.153305 -0.716809 0.029417
v -0.156218 -0.708255 0.024773
v -0.158523 -0.698856 0.019453
v -0.161296 -0.689297 0.012905
v -0.142581 -0.730605 0.060533
v -0.140786 -0.741304 0.060404
v -0.135851 -0.744828 0.069903
v -0.130000 -0.748244 0.078952
v -0.127331 -0.751205 0.085904
v -0.146538 -0.727194 0.051600
v -0.149322 -0.729277 0.041875
v -0.136020 -0.399801 -0.116900
v -0.132834 -0.410882 -0.119021
v -0.132216 -0.382278 -0.116757
v -0.128935 -0.392854 -0.119317
v -0.143323 -0.439882 -0.112666
v -0.138845 -0.429704 -0.116138
v -0.131150 -0.420964 -0.121818
v -0.129941 -0.375099 -0.118663
v -0.124594 -0.366923 -0.119507
v -0.122149 -0.356243 -0.120129
v -0.120668 -0.344517 -0.119128
v -0.107869 -0.329862 -0.120883
v -0.103816 -0.319233 -0.119393
v -0.103838 -0.309393 -0.118540
v -0.110919 -0.340886 -0.123420
v 0.011843 -0.484996 -0.126808
v -0.001230 -0.475614 -0.127443
v 0.004903 -0.484736 -0.126432
v 0.009964 -0.495578 -0.126356
v 0.009091 -0.504582 -0.129387
v 0.023607 -0.530611 -0.133674
v 0.032635 -0.537822 -0.134344
v 0.015037 -0.523669 -0.132551
v 0.006606 -0.515719 -0.130902
v 0.050247 -0.564800 -0.137475
v 0.041305 -0.557859 -0.138396
v 0.031634 -0.551171 -0.139010
v 0.047963 -0.575763 -0.137314
v 0.055600 -0.582622 -0.137413
v -0.036733 -0.429875 -0.144440
v -0.026526 -0.436083 -0.145355
v -0.019173 -0.444680 -0.144511
v -0.019904 -0.453994 -0.140260
v -0.014216 -0.459303 -0.135861
v -0.007019 -0.471130 -0.129236
v -0.016290 -0.467998 -0.130222
v 0.072451 -0.622993 -0.132337
v 0.085922 -0.638418 -0.128869
v 0.075364 -0.634597 -0.131211
v 0.060279 -0.607788 -0.133931
v 0.053150 -0.591980 -0.137136
v 0.055437 -0.601996 -0.136191
v 0.064653 -0.619265 -0.134971
v 0.098487 -0.652621 -0.125326
v 0.087510 -0.649103 -0.128680
v 0.100933 -0.663616 -0.123979
v 0.102541 -0.674333 -0.123344
v 0.104824 -0.685363 -0.121800
v 0.132296 -0.738321 -0.091452
v 0.128242 -0.730653 -0.098445
v 0.135146 -0.747020 -0.086030
v 0.136967 -0.756433 -0.080153
v 0.123320 -0.723236 -0.105357
v 0.140880 -0.766239 -0.067378
v 0.142280 -0.776740 -0.062719
v 0.137806 -0.766724 -0.076078
v 0.106161 -0.696112 -0.121267
v 0.108081 -0.707090 -0.119465
v 0.117312 -0.723809 -0.112361
v 0.107191 -0.719672 -0.119739
v 0.143089 -0.790965 -0.056620
v -0.095535 -0.316424 -0.121576
v -0.042343 -0.419470 -0.146719
v -0.079358 -0.372321 -0.142670
v -0.075639 -0.383079 -0.144386
v -0.062640 -0.407901 -0.148429
v -0.054103 -0.412694 -0.148430
v -0.072600 -0.392391 -0.146924
v -0.070474 -0.402803 -0.147443
v -0.050194 -0.420042 -0.147550
v -0.094280 -0.333673 -0.127431
v -0.100695 -0.326097 -0.122765
v -0.089770 -0.341628 -0.132281
v -0.089772 -0.361215 -0.136688
v -0.094410 -0.351330 -0.133766
v -0.087465 -0.370736 -0.140345
v -0.014807 -0.795592 0.121439
v -0.077602 -0.797033 0.115630
v -0.098194 -0.772963 0.106578
v -0.092452 -0.782774 0.108716
v -0.088307 -0.797133 0.112307
v -0.108118 -0.770513 0.101566
v -0.117285 -0.764190 0.095516
v -0.125380 -0.761602 0.087860
v -0.165777 -0.669016 -0.005498
v -0.167589 -0.657763 -0.010179
v -0.170600 -0.635278 -0.029950
v -0.168833 -0.645886 -0.025514
v -0.166579 -0.655798 -0.021328
v -0.168489 -0.606354 -0.042827
v -0.166286 -0.591344 -0.051336
v -0.164520 -0.600593 -0.051371
v -0.166401 -0.617274 -0.040500
v -0.167738 -0.626929 -0.042337
v -0.169631 -0.633772 -0.035425
v -0.161502 -0.689852 0.005074
v -0.164027 -0.678764 0.000251
v -0.162263 -0.544896 -0.072372
v -0.161120 -0.534362 -0.076474
v -0.157077 -0.526530 -0.082179
v -0.155424 -0.515647 -0.086383
v -0.150409 -0.495741 -0.096463
v -0.149824 -0.512961 -0.093585
v -0.147710 -0.506405 -0.097239
v -0.144298 -0.489932 -0.103592
v -0.141031 -0.463056 -0.110303
v -0.138535 -0.474329 -0.108645
v -0.138452 -0.484505 -0.108852
v -0.138136 -0.448277 -0.115373
v -0.134644 -0.457832 -0.115010
v -0.163447 -0.583156 -0.058504
v -0.163648 -0.577044 -0.063759
v -0.163754 -0.565254 -0.067217
v -0.161555 -0.556340 -0.070513
v -0.152114 -0.726635 0.026658
v -0.149176 -0.732809 0.034721
v -0.154887 -0.718428 0.018858
v -0.157464 -0.709458 0.013778
v -0.159600 -0.699342 0.008672
v -0.145130 -0.737382 0.050734
v -0.139568 -0.752176 0.061230
v -0.143299 -0.748225 0.050507
v -0.134037 -0.755960 0.071786
v -0.128602 -0.760391 0.080003
v -0.147782 -0.740277 0.040616
v -0.130210 -0.402675 -0.121775
v -0.127012 -0.413652 -0.123703
v -0.126804 -0.384916 -0.121586
v -0.124250 -0.393711 -0.126063
v -0.133376 -0.439720 -0.118302
v -0.130763 -0.431297 -0.121643
v -0.123968 -0.422786 -0.126832
v -0.121162 -0.374856 -0.125119
v -0.114866 -0.365629 -0.125807
v -0.113520 -0.352183 -0.124672
v -0.104700 -0.337100 -0.123987
v -0.106810 -0.349056 -0.127536
v -0.009576 -0.482007 -0.127112
v -0.005094 -0.487791 -0.126135
v 0.000972 -0.496287 -0.128561
v -0.001391 -0.507965 -0.129454
v 0.022188 -0.541729 -0.135333
v 0.012254 -0.535019 -0.134815
v 0.003932 -0.526207 -0.133226
v -0.000918 -0.519574 -0.131642
v 0.039221 -0.568903 -0.138487
v 0.030731 -0.562121 -0.139329
v 0.021392 -0.557363 -0.140052
v 0.043932 -0.585620 -0.138636
v 0.034637 -0.578735 -0.139952
v -0.045446 -0.430000 -0.145480
v -0.046100 -0.438260 -0.144833
v -0.036227 -0.439445 -0.145070
v -0.029648 -0.447632 -0.143006
v -0.031785 -0.454708 -0.138844
v -0.024845 -0.461371 -0.134096
v -0.018535 -0.475742 -0.128392
v -0.027815 -0.471196 -0.128929
v 0.065207 -0.630038 -0.133032
v 0.076393 -0.645565 -0.131171
v 0.070289 -0.640185 -0.133309
v 0.055046 -0.613443 -0.136603
v 0.044121 -0.596920 -0.137885
v 0.045818 -0.607710 -0.136959
v 0.054547 -0.625394 -0.135869
v 0.061281 -0.634005 -0.134476
v 0.090060 -0.659994 -0.127527
v 0.078781 -0.656338 -0.130246
v 0.091739 -0.670942 -0.127303
v 0.094166 -0.681827 -0.125951
v 0.096552 -0.692667 -0.124679
v 0.124778 -0.740870 -0.100691
v 0.128602 -0.748773 -0.095374
v 0.119890 -0.733054 -0.107217
v 0.131059 -0.757626 -0.089476
v 0.132262 -0.767418 -0.085747
v 0.139045 -0.776848 -0.070292
v 0.138298 -0.791174 -0.066702
v 0.133769 -0.777242 -0.080226
v 0.097874 -0.703180 -0.124596
v 0.100434 -0.713373 -0.122864
v 0.109144 -0.729632 -0.117643
v 0.114986 -0.736175 -0.112671
v 0.095930 -0.722651 -0.125195
v 0.100552 -0.731728 -0.122391
v -0.083746 -0.381909 -0.142309
v -0.080494 -0.390974 -0.144976
v -0.073383 -0.414119 -0.145588
v -0.062383 -0.417287 -0.148245
v -0.077025 -0.402281 -0.145822
v -0.057777 -0.428088 -0.146563
v -0.099602 -0.342597 -0.129175
v -0.100986 -0.359548 -0.132256
v -0.098486 -0.368982 -0.136460
v -0.094626 -0.379917 -0.139380
v -0.102707 -0.782091 0.104133
v -0.098436 -0.797185 0.108076
v -0.111187 -0.782899 0.098763
v -0.115666 -0.774226 0.095846
v -0.123084 -0.772405 0.088715
v -0.129687 -0.770765 0.080543
v -0.163227 -0.678200 -0.012671
v -0.164525 -0.666530 -0.016371
v -0.167873 -0.643926 -0.032445
v -0.165431 -0.653295 -0.028604
v -0.162327 -0.663239 -0.028012
v -0.163153 -0.611576 -0.050874
v -0.160759 -0.594533 -0.061013
v -0.160034 -0.605867 -0.060455
v -0.163741 -0.621375 -0.052037
v -0.165203 -0.632080 -0.050914
v -0.165698 -0.640211 -0.043719
v -0.159296 -0.700575 0.002772
v -0.160178 -0.697349 -0.006457
v -0.162451 -0.686683 -0.005596
v -0.156716 -0.552637 -0.079720
v -0.156701 -0.541654 -0.081428
v -0.152620 -0.534189 -0.088363
v -0.150439 -0.524309 -0.091088
v -0.141942 -0.500610 -0.103988
v -0.147826 -0.518027 -0.097127
v -0.140718 -0.512301 -0.103725
v -0.136012 -0.495122 -0.109083
v -0.134471 -0.467601 -0.114249
v -0.131711 -0.478927 -0.115080
v -0.128714 -0.489373 -0.115435
v -0.131009 -0.450069 -0.120145
v -0.126562 -0.461090 -0.121306
v -0.162306 -0.588573 -0.063702
v -0.159396 -0.582615 -0.072945
v -0.160073 -0.571995 -0.073190
v -0.157936 -0.563192 -0.079273
v -0.150931 -0.737058 0.023197
v -0.153697 -0.729131 0.015172
v -0.147884 -0.743577 0.031482
v -0.155901 -0.720114 0.008021
v -0.158147 -0.710217 0.003026
v -0.140488 -0.761386 0.054761
v -0.136479 -0.762506 0.064724
v -0.147445 -0.750280 0.038407
v -0.144066 -0.757418 0.045755
v -0.131693 -0.769657 0.072224
v -0.121093 -0.404522 -0.128589
v -0.117381 -0.415226 -0.129892
v -0.117983 -0.386028 -0.128114
v -0.114819 -0.395198 -0.132092
v -0.126381 -0.440958 -0.125096
v -0.120573 -0.433056 -0.128103
v -0.113819 -0.424318 -0.132586
v -0.112102 -0.376132 -0.130437
v -0.105620 -0.367771 -0.132168
v -0.106845 -0.359294 -0.128814
v -0.012746 -0.493312 -0.126516
v -0.021158 -0.486454 -0.127090
v -0.005622 -0.499261 -0.128843
v -0.008169 -0.510556 -0.130208
v 0.013402 -0.546386 -0.136464
v 0.000837 -0.535445 -0.135424
v 0.003197 -0.545065 -0.136874
v -0.005331 -0.530433 -0.134446
v -0.012046 -0.520924 -0.132296
v 0.026550 -0.571793 -0.139546
v 0.009407 -0.557893 -0.140866
v 0.015519 -0.567267 -0.140518
v 0.034262 -0.590492 -0.139327
v 0.025002 -0.584026 -0.140569
v -0.053999 -0.438727 -0.143915
v -0.049214 -0.448300 -0.142486
v -0.041424 -0.449054 -0.141596
v -0.042524 -0.456353 -0.137152
v -0.035926 -0.464273 -0.132211
v -0.029545 -0.479318 -0.128118
v -0.040511 -0.472417 -0.129791
v 0.071727 -0.651364 -0.132528
v 0.060693 -0.645634 -0.134238
v 0.045266 -0.618586 -0.137416
v 0.034894 -0.601997 -0.138508
v 0.035774 -0.612694 -0.137649
v 0.043348 -0.629828 -0.136811
v 0.051474 -0.637464 -0.135404
v 0.081934 -0.667544 -0.129067
v 0.075637 -0.663020 -0.131432
v 0.083240 -0.678453 -0.129200
v 0.085707 -0.689469 -0.128137
v 0.087350 -0.700426 -0.128210
v 0.121224 -0.751872 -0.103840
v 0.119062 -0.744333 -0.108504
v 0.124673 -0.759003 -0.098270
v 0.126028 -0.768281 -0.095326
v 0.127934 -0.777603 -0.090054
v 0.134390 -0.791372 -0.075018
v 0.129061 -0.791396 -0.084050
v 0.090060 -0.712020 -0.126878
v 0.104907 -0.741416 -0.120086
v 0.111018 -0.748112 -0.115120
v 0.089594 -0.723396 -0.128162
v 0.090942 -0.733800 -0.126530
v 0.095650 -0.743664 -0.124995
v -0.090779 -0.391234 -0.140937
v -0.087614 -0.400436 -0.143971
v -0.082062 -0.411911 -0.143913
v -0.069484 -0.424809 -0.146207
v -0.080320 -0.420997 -0.144576
v -0.065059 -0.436001 -0.143639
v -0.105032 -0.378518 -0.134653
v -0.101189 -0.389398 -0.136734
v -0.107630 -0.797248 0.102880
v -0.119451 -0.783151 0.091321
v -0.116071 -0.797221 0.096180
v -0.126376 -0.782052 0.083192
v -0.128328 -0.781235 0.075318
v -0.161301 -0.689661 -0.015456
v -0.161073 -0.684182 -0.024256
v -0.161683 -0.673716 -0.023904
v -0.163068 -0.650634 -0.040391
v -0.161123 -0.660734 -0.035439
v -0.160346 -0.670676 -0.031570
v -0.160893 -0.617258 -0.060817
v -0.160741 -0.599916 -0.066157
v -0.161111 -0.611702 -0.066304
v -0.161889 -0.627821 -0.061250
v -0.161240 -0.639207 -0.056651
v -0.160784 -0.647942 -0.050325
v -0.158200 -0.708812 -0.005363
v -0.159355 -0.700646 -0.016269
v -0.151317 -0.557810 -0.087992
v -0.151485 -0.546432 -0.088647
v -0.146171 -0.540146 -0.096344
v -0.148344 -0.529392 -0.095503
v -0.134163 -0.506182 -0.110398
v -0.141344 -0.523629 -0.103621
v -0.134506 -0.517193 -0.110474
v -0.127477 -0.500777 -0.115014
v -0.126398 -0.472553 -0.118241
v -0.120981 -0.482834 -0.121139
v -0.119632 -0.494657 -0.120494
v -0.121652 -0.451736 -0.125353
v -0.118598 -0.471230 -0.122695
v -0.116321 -0.461450 -0.124718
v -0.158036 -0.593056 -0.075081
v -0.155186 -0.586775 -0.082235
v -0.155885 -0.575246 -0.081939
v -0.152011 -0.567929 -0.089001
v -0.149625 -0.747474 0.019849
v -0.152413 -0.739927 0.011644
v -0.154750 -0.730877 0.003502
v -0.146501 -0.754494 0.028905
v -0.156478 -0.719945 0.000786
v -0.142775 -0.768019 0.043890
v -0.139519 -0.772079 0.052481
v -0.136004 -0.772432 0.062171
v -0.143296 -0.761254 0.037112
v -0.132979 -0.781801 0.066082
v -0.110938 -0.406054 -0.133909
v -0.106749 -0.416714 -0.134591
v -0.108073 -0.387424 -0.132769
v -0.104514 -0.396588 -0.136750
v -0.116148 -0.442676 -0.130086
v -0.109741 -0.434815 -0.132699
v -0.106233 -0.426226 -0.135870
v -0.023927 -0.497779 -0.127231
v -0.016047 -0.502242 -0.129701
v -0.031894 -0.491554 -0.127472
v -0.019240 -0.512871 -0.131170
v -0.004670 -0.541769 -0.136630
v 0.000228 -0.553264 -0.137856
v -0.016615 -0.529827 -0.134208
v -0.015980 -0.539988 -0.135878
v -0.024826 -0.521499 -0.132734
v 0.017427 -0.578500 -0.139998
v 0.002418 -0.566016 -0.141311
v 0.006604 -0.575508 -0.140830
v 0.025076 -0.596386 -0.139796
v 0.015953 -0.590826 -0.140865
v -0.059839 -0.446259 -0.142366
v -0.049935 -0.457875 -0.137304
v -0.060650 -0.457903 -0.136981
v -0.047262 -0.465157 -0.131732
v -0.038913 -0.483199 -0.128034
v -0.048491 -0.475909 -0.130064
v -0.044082 -0.485489 -0.130385
v 0.065282 -0.659615 -0.132998
v 0.048884 -0.647796 -0.135427
v 0.056080 -0.655438 -0.134257
v 0.035470 -0.623275 -0.138082
v 0.025242 -0.607876 -0.138966
v 0.025635 -0.619579 -0.139220
v 0.029337 -0.631626 -0.138006
v 0.039843 -0.639757 -0.136462
v 0.076812 -0.673965 -0.131110
v 0.065838 -0.670686 -0.132798
v 0.078910 -0.684798 -0.130317
v 0.080296 -0.695330 -0.130360
v 0.082675 -0.705818 -0.129524
v 0.117099 -0.756419 -0.108643
v 0.120778 -0.766247 -0.103519
v 0.123407 -0.777042 -0.098214
v 0.124897 -0.791343 -0.093480
v 0.084641 -0.715616 -0.128760
v 0.101222 -0.753554 -0.121358
v 0.108928 -0.758342 -0.115627
v 0.083898 -0.733129 -0.129397
v 0.077051 -0.724245 -0.131150
v 0.088329 -0.743523 -0.128942
v 0.090850 -0.754090 -0.126441
v -0.098165 -0.398570 -0.140342
v -0.093560 -0.409880 -0.141767
v -0.088430 -0.419398 -0.143408
v -0.076604 -0.432464 -0.142863
v -0.084163 -0.430135 -0.142333
v -0.071806 -0.441518 -0.142382
v -0.123443 -0.797008 0.087970
v -0.129492 -0.796596 0.079111
v -0.131186 -0.797135 0.070844
v -0.159598 -0.695425 -0.025790
v -0.159529 -0.689226 -0.031133
v -0.160176 -0.679415 -0.029637
v -0.158985 -0.658645 -0.046586
v -0.158523 -0.670069 -0.042267
v -0.158340 -0.681473 -0.040695
v -0.160610 -0.623543 -0.067191
v -0.157588 -0.604269 -0.075763
v -0.157280 -0.615164 -0.075571
v -0.160765 -0.636004 -0.063034
v -0.159134 -0.646842 -0.059740
v -0.156868 -0.655573 -0.057487
v -0.157897 -0.709923 -0.016124
v -0.156671 -0.719094 -0.010621
v -0.157334 -0.707312 -0.026097
v -0.146636 -0.561859 -0.096933
v -0.145702 -0.551474 -0.096286
v -0.144003 -0.544208 -0.101239
v -0.141696 -0.534563 -0.102635
v -0.125815 -0.512007 -0.116317
v -0.134050 -0.528658 -0.110095
v -0.126384 -0.523012 -0.116323
v -0.118601 -0.506365 -0.120116
v -0.113504 -0.489470 -0.124465
v -0.111569 -0.479996 -0.124493
v -0.112453 -0.500587 -0.123915
v -0.110951 -0.452887 -0.129613
v -0.112086 -0.469538 -0.126067
v -0.107419 -0.461602 -0.129552
v -0.153600 -0.597422 -0.084542
v -0.149553 -0.590642 -0.090996
v -0.150584 -0.579508 -0.090398
v -0.145387 -0.572860 -0.097699
v -0.148041 -0.758380 0.018191
v -0.150789 -0.751831 0.008671
v -0.152892 -0.744943 0.004524
v -0.154357 -0.737708 -0.002172
v -0.155414 -0.728751 -0.005315
v -0.144902 -0.766088 0.026560
v -0.142681 -0.780520 0.046242
v -0.144700 -0.771660 0.034070
v -0.139092 -0.782736 0.057210
v -0.135357 -0.796538 0.060805
v -0.104167 -0.407764 -0.137184
v -0.099461 -0.417247 -0.139835
v -0.108005 -0.444063 -0.132877
v -0.101937 -0.436821 -0.135531
v -0.095565 -0.428174 -0.140337
v -0.035748 -0.504036 -0.128176
v -0.026798 -0.505946 -0.130638
v -0.042454 -0.494174 -0.127904
v -0.033252 -0.513633 -0.131845
v -0.011780 -0.553107 -0.140750
v -0.007992 -0.564436 -0.141198
v -0.026898 -0.532375 -0.134458
v -0.028353 -0.542810 -0.135668
v -0.022665 -0.551908 -0.140045
v -0.036103 -0.524378 -0.133324
v 0.007520 -0.585333 -0.141679
v -0.003899 -0.575254 -0.141025
v -0.000397 -0.585952 -0.140419
v 0.015104 -0.602128 -0.140128
v 0.004687 -0.595801 -0.141119
v -0.068585 -0.451117 -0.139522
v -0.054954 -0.466134 -0.133742
v -0.072716 -0.458274 -0.136798
v -0.066107 -0.466638 -0.133538
v -0.060054 -0.475987 -0.130247
v -0.054567 -0.485413 -0.130623
v -0.048633 -0.496278 -0.130264
v 0.056026 -0.666739 -0.133677
v 0.039300 -0.651009 -0.136144
v 0.045964 -0.661010 -0.134938
v 0.016671 -0.614552 -0.139087
v 0.017443 -0.626387 -0.139290
v 0.018632 -0.637123 -0.138370
v 0.029478 -0.642279 -0.137197
v 0.067733 -0.681588 -0.132118
v 0.056487 -0.677719 -0.133523
v 0.070118 -0.692444 -0.131403
v 0.071496 -0.703042 -0.131642
v 0.073670 -0.714011 -0.130953
v 0.112917 -0.767577 -0.111527
v 0.116290 -0.776985 -0.106798
v 0.118183 -0.791239 -0.102669
v 0.094845 -0.764791 -0.124645
v 0.103680 -0.767216 -0.119120
v 0.072260 -0.733386 -0.131790
v 0.078987 -0.743191 -0.130233
v 0.066193 -0.722915 -0.131725
v 0.083241 -0.753676 -0.130118
v 0.087485 -0.764456 -0.129294
v -0.080047 -0.441122 -0.139909
v -0.091051 -0.438772 -0.138614
v -0.079224 -0.449754 -0.138298
v -0.157927 -0.699645 -0.031350
v -0.157047 -0.693570 -0.041361
v -0.156642 -0.666935 -0.052879
v -0.156488 -0.677831 -0.051294
v -0.155487 -0.689066 -0.050876
v -0.155739 -0.624598 -0.076714
v -0.156641 -0.634338 -0.072611
v -0.152729 -0.608928 -0.084645
v -0.150850 -0.619898 -0.085719
v -0.155714 -0.644769 -0.070045
v -0.155360 -0.655938 -0.066693
v -0.156845 -0.663375 -0.059094
v -0.156107 -0.718214 -0.022627
v -0.155206 -0.728178 -0.017297
v -0.154742 -0.718055 -0.028929
v -0.155740 -0.709068 -0.033106
v -0.143759 -0.555308 -0.100829
v -0.143118 -0.565877 -0.102582
v -0.136716 -0.549531 -0.107876
v -0.136168 -0.538772 -0.108855
v -0.118171 -0.517251 -0.121701
v -0.126239 -0.534630 -0.115638
v -0.117887 -0.529121 -0.121052
v -0.111933 -0.511292 -0.124949
v -0.103500 -0.494891 -0.127689
v -0.104401 -0.483373 -0.128401
v -0.102821 -0.473581 -0.128296
v -0.102002 -0.505893 -0.127343
v -0.102574 -0.454538 -0.132007
v -0.096972 -0.465269 -0.131481
v -0.147527 -0.600793 -0.093089
v -0.145564 -0.593869 -0.098245
v -0.143807 -0.583838 -0.098570
v -0.141214 -0.576018 -0.103700
v -0.147730 -0.770117 0.016307
v -0.149088 -0.762824 0.007757
v -0.151650 -0.756510 0.000123
v -0.153524 -0.747591 -0.006868
v -0.154586 -0.737798 -0.013284
v -0.144339 -0.778244 0.025690
v -0.145049 -0.781881 0.035769
v -0.142603 -0.795316 0.040342
v -0.138844 -0.795738 0.050197
v -0.097280 -0.446156 -0.136493
v -0.039694 -0.517974 -0.133715
v -0.043926 -0.506392 -0.132769
v -0.018994 -0.561950 -0.140573
v -0.015284 -0.573355 -0.140694
v -0.033573 -0.538927 -0.136099
v -0.038740 -0.550418 -0.138999
v -0.030948 -0.559332 -0.139790
v -0.042948 -0.529792 -0.134960
v -0.011814 -0.583757 -0.140263
v -0.005069 -0.594631 -0.141221
v 0.006994 -0.608855 -0.140028
v 0.001624 -0.603398 -0.140640
v -0.078166 -0.466999 -0.132438
v -0.081195 -0.459239 -0.134682
v -0.071841 -0.476143 -0.130175
v -0.065594 -0.485288 -0.130580
v -0.059888 -0.495790 -0.130491
v -0.053895 -0.506433 -0.130884
v 0.045520 -0.673165 -0.134761
v 0.029397 -0.652365 -0.136899
v 0.035015 -0.661992 -0.135836
v 0.036277 -0.672583 -0.135163
v 0.010716 -0.619886 -0.142440
v 0.011305 -0.631484 -0.141488
v 0.011707 -0.642675 -0.140507
v 0.022760 -0.646779 -0.139630
v 0.058841 -0.688932 -0.132858
v 0.047813 -0.685145 -0.134046
v 0.060026 -0.700004 -0.133188
v 0.062958 -0.711006 -0.132520
v 0.107910 -0.777052 -0.114980
v 0.110617 -0.791008 -0.111202
v 0.091940 -0.774784 -0.126984
v 0.098593 -0.776303 -0.121822
v 0.065439 -0.732893 -0.133029
v 0.070459 -0.742982 -0.133190
v 0.075843 -0.752833 -0.132084
v 0.057425 -0.717249 -0.134323
v 0.056454 -0.726775 -0.134176
v 0.076421 -0.764587 -0.132653
v 0.081231 -0.774701 -0.130872
v -0.086734 -0.448464 -0.138109
v -0.154872 -0.704402 -0.042616
v -0.153354 -0.700559 -0.051360
v -0.155937 -0.673584 -0.058051
v -0.155016 -0.684285 -0.057076
v -0.153331 -0.695346 -0.056876
v -0.151333 -0.632048 -0.082802
v -0.151972 -0.642633 -0.079285
v -0.146524 -0.610981 -0.093047
v -0.144794 -0.620039 -0.094300
v -0.145873 -0.629877 -0.091479
v -0.151545 -0.652641 -0.077207
v -0.153823 -0.668438 -0.067346
v -0.150907 -0.663201 -0.075826
v -0.153940 -0.727748 -0.028919
v -0.153682 -0.737320 -0.024843
v -0.152847 -0.716071 -0.040813
v -0.152021 -0.726361 -0.036552
v -0.136647 -0.560252 -0.107269
v -0.133325 -0.568555 -0.110915
v -0.128581 -0.545156 -0.114342
v -0.129189 -0.556617 -0.113143
v -0.111670 -0.523248 -0.124158
v -0.119995 -0.539922 -0.119866
v -0.110936 -0.534738 -0.124438
v -0.102810 -0.517242 -0.127965
v -0.092287 -0.498795 -0.130104
v -0.095382 -0.487775 -0.130076
v -0.092455 -0.477293 -0.129650
v -0.093236 -0.511388 -0.130936
v -0.092057 -0.457430 -0.133938
v -0.086316 -0.467812 -0.132534
v -0.144227 -0.604759 -0.098692
v -0.137644 -0.598966 -0.105746
v -0.139725 -0.587020 -0.104915
v -0.133435 -0.580035 -0.110012
v -0.146189 -0.780140 0.014999
v -0.148683 -0.776466 0.005227
v -0.150322 -0.767841 0.001528
v -0.152793 -0.756079 -0.013344
v -0.151959 -0.765397 -0.008749
v -0.153494 -0.746883 -0.019174
v -0.142023 -0.794221 0.028833
v -0.144324 -0.793332 0.018711
v -0.050055 -0.516065 -0.133750
v -0.025468 -0.570096 -0.140062
v -0.023171 -0.581206 -0.141174
v -0.042477 -0.543646 -0.136127
v -0.048969 -0.554131 -0.138329
v -0.041458 -0.562722 -0.138902
v -0.034773 -0.571985 -0.139208
v -0.054214 -0.525583 -0.134480
v -0.051557 -0.537140 -0.135326
v -0.017202 -0.591150 -0.140975
v -0.014321 -0.601063 -0.140414
v -0.007010 -0.608482 -0.140124
v 0.001054 -0.614269 -0.143128
v -0.080551 -0.477659 -0.130677
v -0.076787 -0.485255 -0.130534
v -0.071358 -0.495637 -0.130600
v -0.065397 -0.506093 -0.130985
v -0.061591 -0.515626 -0.133704
v 0.037127 -0.683258 -0.135028
v 0.026137 -0.658063 -0.138614
v 0.028745 -0.667926 -0.137714
v 0.030271 -0.679521 -0.137046
v 0.001013 -0.626239 -0.142136
v 0.001197 -0.638245 -0.141171
v 0.004908 -0.651453 -0.140100
v 0.015218 -0.654396 -0.139514
v 0.050062 -0.696702 -0.133415
v 0.041891 -0.693084 -0.135948
v 0.051238 -0.707867 -0.133786
v 0.102166 -0.790497 -0.117560
v 0.084910 -0.789336 -0.129045
v 0.094936 -0.789939 -0.124497
v 0.053899 -0.737164 -0.134232
v 0.060117 -0.743215 -0.134581
v 0.064397 -0.752822 -0.134010
v 0.069627 -0.762520 -0.133073
v 0.045904 -0.716870 -0.135360
v 0.045413 -0.728726 -0.135139
v 0.070061 -0.774264 -0.133831
v 0.074769 -0.788342 -0.131938
v -0.151379 -0.711678 -0.051041
v -0.150834 -0.706668 -0.058239
v -0.152283 -0.678804 -0.067254
v -0.150879 -0.689896 -0.066475
v -0.148920 -0.700881 -0.067145
v -0.146434 -0.640683 -0.089011
v -0.146333 -0.650343 -0.087411
v -0.142462 -0.614998 -0.099609
v -0.142937 -0.626255 -0.097678
v -0.144051 -0.637351 -0.094954
v -0.146563 -0.659762 -0.085086
v -0.148676 -0.673698 -0.077363
v -0.145011 -0.669555 -0.085488
v -0.152197 -0.736506 -0.032324
v -0.152466 -0.746464 -0.027229
v -0.149848 -0.723646 -0.048682
v -0.150100 -0.735274 -0.043578
v -0.124927 -0.573958 -0.116367
v -0.122876 -0.563846 -0.116782
v -0.120732 -0.551682 -0.118753
v -0.102419 -0.529305 -0.127226
v -0.111530 -0.546615 -0.123499
v -0.104454 -0.541077 -0.127345
v -0.093355 -0.522544 -0.130321
v -0.084296 -0.506525 -0.130978
v -0.085387 -0.487359 -0.131308
v -0.083074 -0.495012 -0.130374
v -0.081785 -0.517087 -0.132673
v -0.136590 -0.610241 -0.105724
v -0.129078 -0.604993 -0.112341
v -0.132209 -0.591500 -0.110859
v -0.125318 -0.584933 -0.115301
v -0.146715 -0.792294 0.007398
v -0.147470 -0.791317 -0.000754
v -0.149831 -0.776745 -0.004411
v -0.152597 -0.765317 -0.020583
v -0.152292 -0.755705 -0.025710
v -0.151504 -0.775120 -0.015225
v -0.034591 -0.582845 -0.140105
v -0.027667 -0.593160 -0.140057
v -0.053121 -0.549091 -0.136538
v -0.053990 -0.560464 -0.136276
v -0.052172 -0.566097 -0.137764
v -0.045031 -0.574689 -0.138111
v -0.061946 -0.533249 -0.134599
v -0.067516 -0.524864 -0.133984
v -0.062959 -0.544069 -0.135575
v -0.024199 -0.603804 -0.139576
v -0.017023 -0.612767 -0.139339
v -0.010476 -0.618761 -0.142668
v -0.076897 -0.505721 -0.130742
v -0.072122 -0.515832 -0.131204
v 0.031333 -0.689959 -0.136543
v 0.018109 -0.665327 -0.138625
v 0.020822 -0.675516 -0.137827
v 0.018872 -0.685890 -0.137544
v -0.010908 -0.630157 -0.141740
v -0.011946 -0.640804 -0.140749
v -0.004614 -0.648599 -0.140303
v -0.003765 -0.660532 -0.139537
v 0.007339 -0.662991 -0.139279
v 0.044385 -0.704698 -0.135343
v 0.033429 -0.700842 -0.136363
v 0.044627 -0.740773 -0.135149
v 0.052428 -0.750308 -0.135480
v 0.057774 -0.761375 -0.134969
v 0.063165 -0.771756 -0.134125
v 0.036108 -0.712576 -0.135771
v 0.035579 -0.724365 -0.136057
v 0.035035 -0.736403 -0.136083
v 0.066133 -0.786598 -0.135496
v -0.149695 -0.717204 -0.056405
v -0.146723 -0.712538 -0.068821
v -0.147773 -0.684382 -0.075999
v -0.146303 -0.695653 -0.075411
v -0.144589 -0.705447 -0.076463
v -0.143747 -0.648624 -0.093585
v -0.143937 -0.660335 -0.091509
v -0.136153 -0.621587 -0.105439
v -0.137282 -0.633189 -0.103152
v -0.137288 -0.644303 -0.101804
v -0.143115 -0.679918 -0.086053
v -0.141656 -0.671473 -0.092571
v -0.150370 -0.745647 -0.039326
v -0.151394 -0.755563 -0.034765
v -0.148258 -0.734089 -0.053224
v -0.148024 -0.727518 -0.057845
v -0.148009 -0.745195 -0.051554
v -0.116253 -0.580687 -0.120770
v -0.115290 -0.569646 -0.121753
v -0.113403 -0.558915 -0.121923
v -0.095035 -0.534844 -0.130537
v -0.103936 -0.553976 -0.126014
v -0.100476 -0.548161 -0.128580
v -0.084906 -0.527809 -0.131850
v -0.078332 -0.525277 -0.133044
v -0.128630 -0.616752 -0.112197
v -0.124832 -0.595523 -0.115890
v -0.118834 -0.603151 -0.119036
v -0.121292 -0.613627 -0.116918
v -0.116431 -0.591426 -0.121093
v -0.149317 -0.790314 -0.011612
v -0.151949 -0.774714 -0.026801
v -0.151843 -0.765238 -0.028895
v -0.150763 -0.789111 -0.022088
v -0.046540 -0.584755 -0.138758
v -0.038235 -0.593445 -0.139058
v -0.034018 -0.605740 -0.138620
v -0.062672 -0.555547 -0.135408
v -0.059740 -0.568549 -0.135620
v -0.055201 -0.575753 -0.138297
v -0.073398 -0.537322 -0.134494
v -0.072235 -0.549826 -0.134347
v -0.026645 -0.615364 -0.139708
v -0.016977 -0.623814 -0.139705
v 0.021543 -0.696831 -0.137351
v 0.010681 -0.674503 -0.138409
v 0.006216 -0.683842 -0.138231
v 0.010826 -0.694129 -0.137718
v -0.017952 -0.635297 -0.138747
v -0.022799 -0.645829 -0.139902
v -0.014299 -0.652389 -0.139851
v -0.014542 -0.662413 -0.139213
v -0.008665 -0.671596 -0.138870
v 0.000159 -0.672289 -0.138808
v 0.024915 -0.707875 -0.136808
v 0.035459 -0.747435 -0.138543
v 0.042027 -0.751291 -0.136588
v 0.046598 -0.760870 -0.136398
v 0.051617 -0.770967 -0.136013
v 0.054608 -0.785820 -0.137962
v 0.026804 -0.719376 -0.136389
v 0.025709 -0.731237 -0.137021
v 0.026269 -0.742561 -0.139491
v -0.146411 -0.722057 -0.065956
v -0.142446 -0.722770 -0.076416
v -0.141104 -0.713037 -0.081906
v -0.142907 -0.690584 -0.083826
v -0.143326 -0.701320 -0.084192
v -0.137661 -0.655884 -0.100017
v -0.136763 -0.667099 -0.099450
v -0.129621 -0.628576 -0.110463
v -0.130997 -0.639798 -0.108237
v -0.130760 -0.650919 -0.107528
v -0.140528 -0.682083 -0.092290
v -0.141116 -0.692169 -0.089513
v -0.134521 -0.678076 -0.100644
v -0.149172 -0.755231 -0.046470
v -0.149815 -0.765079 -0.040617
v -0.146766 -0.738603 -0.059166
v -0.144770 -0.732030 -0.068260
v -0.147262 -0.756355 -0.054053
v -0.145975 -0.748488 -0.061414
v -0.107787 -0.587982 -0.124071
v -0.106437 -0.576411 -0.125146
v -0.105544 -0.564961 -0.126027
v -0.092346 -0.542975 -0.131000
v -0.084725 -0.535440 -0.132900
v -0.099826 -0.559379 -0.128455
v -0.090893 -0.554757 -0.130660
v -0.121371 -0.624841 -0.116759
v -0.109271 -0.599306 -0.124023
v -0.111487 -0.610730 -0.122436
v -0.112637 -0.621364 -0.122017
v -0.150854 -0.774785 -0.034714
v -0.150899 -0.789009 -0.029311
v -0.050408 -0.594962 -0.137674
v -0.058004 -0.586756 -0.137299
v -0.043443 -0.602614 -0.137909
v -0.042044 -0.613496 -0.138449
v -0.069737 -0.561543 -0.134551
v -0.070552 -0.572944 -0.133793
v -0.062202 -0.580244 -0.134591
v -0.082158 -0.546074 -0.132924
v -0.080760 -0.557242 -0.132604
v -0.035260 -0.621164 -0.138499
v -0.026795 -0.627859 -0.138715
v 0.013226 -0.704618 -0.137711
v -0.003753 -0.682089 -0.138497
v 0.000438 -0.692495 -0.138138
v 0.001431 -0.702487 -0.138280
v -0.028429 -0.639444 -0.137759
v -0.029458 -0.650401 -0.137416
v -0.024992 -0.658147 -0.139022
v -0.020589 -0.670125 -0.138536
v -0.015618 -0.680580 -0.138338
v 0.016416 -0.715192 -0.137323
v 0.026623 -0.755502 -0.140205
v 0.037953 -0.758626 -0.138785
v 0.039916 -0.769877 -0.137672
v 0.046298 -0.783874 -0.139791
v 0.016241 -0.726820 -0.137943
v 0.016696 -0.737131 -0.140453
v 0.016515 -0.748367 -0.141151
v -0.140894 -0.734750 -0.077428
v -0.139898 -0.730577 -0.083244
v -0.139297 -0.720307 -0.086994
v -0.138544 -0.709730 -0.090136
v -0.136395 -0.699909 -0.095351
v -0.130182 -0.662024 -0.106932
v -0.128240 -0.673035 -0.107805
v -0.122513 -0.636199 -0.115074
v -0.123148 -0.645962 -0.114080
v -0.122474 -0.655770 -0.113776
v -0.134647 -0.689358 -0.098763
v -0.127311 -0.685417 -0.107216
v -0.146943 -0.765912 -0.051811
v -0.148010 -0.775428 -0.045850
v -0.142936 -0.743056 -0.069818
v -0.144099 -0.766631 -0.059964
v -0.143576 -0.757693 -0.064798
v -0.140672 -0.753164 -0.073801
v -0.103513 -0.594353 -0.126843
v -0.101487 -0.582390 -0.128045
v -0.100578 -0.570921 -0.127642
v -0.090147 -0.566174 -0.130526
v -0.114160 -0.633450 -0.120571
v -0.105730 -0.605968 -0.125647
v -0.106916 -0.617007 -0.125665
v -0.109514 -0.627998 -0.124174
v -0.149883 -0.789548 -0.039192
v -0.060815 -0.598477 -0.136233
v -0.052864 -0.606832 -0.136608
v -0.064070 -0.591368 -0.135029
v -0.045664 -0.625060 -0.137268
v -0.053608 -0.617545 -0.136963
v -0.079646 -0.566605 -0.132655
v -0.081784 -0.576622 -0.131678
v -0.072486 -0.583747 -0.134185
v -0.037216 -0.632611 -0.137519
v 0.004826 -0.712645 -0.138117
v -0.011340 -0.691052 -0.138114
v -0.006138 -0.701388 -0.138443
v -0.001998 -0.711825 -0.138432
v -0.038553 -0.643748 -0.137178
v -0.032314 -0.660546 -0.136683
v -0.041054 -0.654838 -0.136412
v -0.031358 -0.668417 -0.138083
v -0.027297 -0.679169 -0.137903
v -0.023102 -0.689523 -0.137790
v 0.010173 -0.721529 -0.140337
v 0.015608 -0.758305 -0.142250
v 0.021290 -0.767125 -0.142249
v 0.031800 -0.767400 -0.140307
v 0.034937 -0.783017 -0.141948
v 0.008632 -0.731664 -0.140776
v 0.006606 -0.743437 -0.141943
v 0.004897 -0.755139 -0.143327
v -0.139866 -0.744822 -0.080273
v -0.135788 -0.739682 -0.087959
v -0.134277 -0.728750 -0.092914
v -0.133506 -0.718190 -0.095767
v -0.131379 -0.707881 -0.100484
v -0.128924 -0.697032 -0.104879
v -0.121793 -0.666140 -0.113393
v -0.120274 -0.676612 -0.114164
v -0.114491 -0.645692 -0.120012
v -0.113845 -0.657792 -0.119574
v -0.121432 -0.696116 -0.111304
v -0.118767 -0.686841 -0.114446
v -0.145503 -0.775901 -0.055512
v -0.147290 -0.789833 -0.048705
v -0.141063 -0.775766 -0.067077
v -0.139668 -0.765220 -0.071779
v -0.138025 -0.756524 -0.080036
v -0.095603 -0.602204 -0.128815
v -0.093566 -0.590204 -0.129880
v -0.092158 -0.578399 -0.129498
v -0.109937 -0.639738 -0.123816
v -0.096838 -0.613616 -0.129110
v -0.098944 -0.625053 -0.128050
v -0.102099 -0.635032 -0.126613
v -0.062356 -0.609787 -0.136467
v -0.066872 -0.602862 -0.133999
v -0.074988 -0.595011 -0.133234
v -0.056350 -0.628992 -0.136048
v -0.047906 -0.636506 -0.136394
v -0.064578 -0.621138 -0.135570
v -0.083438 -0.587156 -0.132136
v 0.000390 -0.722267 -0.140886
v -0.018103 -0.699755 -0.138154
v -0.014114 -0.709749 -0.138279
v -0.011710 -0.718782 -0.140831
v -0.049624 -0.647764 -0.136137
v -0.041713 -0.666759 -0.135834
v -0.051354 -0.659247 -0.135518
v -0.038542 -0.676323 -0.137418
v -0.034722 -0.687558 -0.137316
v -0.029774 -0.698316 -0.137720
v 0.009370 -0.766705 -0.144269
v 0.023985 -0.782192 -0.144070
v 0.012865 -0.781381 -0.146154
v -0.000320 -0.735434 -0.141511
v 0.000127 -0.746392 -0.142874
v -0.002405 -0.757392 -0.143969
v 0.002477 -0.766314 -0.145074
v -0.133861 -0.752290 -0.088753
v -0.130058 -0.746778 -0.096232
v -0.129351 -0.736886 -0.098347
v -0.127619 -0.726827 -0.102553
v -0.126083 -0.716660 -0.105181
v -0.123515 -0.706239 -0.109156
v -0.116447 -0.668806 -0.119151
v -0.115329 -0.680679 -0.118998
v -0.109529 -0.650806 -0.123567
v -0.109140 -0.662202 -0.123145
v -0.118346 -0.703882 -0.115767
v -0.115413 -0.693194 -0.118095
v -0.144477 -0.790418 -0.054889
v -0.140768 -0.790223 -0.063500
v -0.137861 -0.776161 -0.074574
v -0.136497 -0.790448 -0.072649
v -0.136555 -0.766878 -0.080343
v -0.132084 -0.763859 -0.088695
v -0.087736 -0.610626 -0.130329
v -0.085524 -0.598706 -0.131266
v -0.099816 -0.644873 -0.127598
v -0.089178 -0.622571 -0.130610
v -0.092023 -0.635583 -0.129505
v -0.069305 -0.614517 -0.133022
v -0.077400 -0.606680 -0.132291
v -0.057711 -0.640258 -0.135810
v -0.066901 -0.632535 -0.134831
v -0.070969 -0.625749 -0.133523
v -0.008007 -0.728455 -0.141221
v -0.026131 -0.708679 -0.137809
v -0.021808 -0.718593 -0.138079
v -0.018878 -0.728014 -0.140798
v -0.060547 -0.651929 -0.135097
v -0.052951 -0.669823 -0.135459
v -0.045376 -0.676626 -0.135742
v -0.062674 -0.662615 -0.134541
v -0.042014 -0.686340 -0.135695
v -0.040992 -0.696235 -0.137190
v -0.037956 -0.707297 -0.137260
v 0.003558 -0.780079 -0.146228
v -0.010196 -0.738284 -0.142123
v -0.010072 -0.749609 -0.143003
v -0.013601 -0.759648 -0.143752
v -0.009482 -0.767907 -0.144988
v -0.003922 -0.779928 -0.146490
v -0.126876 -0.756963 -0.098618
v -0.123876 -0.746922 -0.104631
v -0.122213 -0.736138 -0.107197
v -0.119828 -0.725665 -0.111095
v -0.117746 -0.715142 -0.113342
v -0.107576 -0.673416 -0.123760
v -0.106586 -0.685076 -0.123589
v -0.099823 -0.655936 -0.127147
v -0.099553 -0.667313 -0.126736
v -0.108965 -0.703848 -0.121845
v -0.112389 -0.713957 -0.119040
v -0.105746 -0.695029 -0.123403
v -0.133272 -0.790498 -0.079385
v -0.132772 -0.775842 -0.084859
v -0.127612 -0.776554 -0.093703
v -0.126055 -0.767573 -0.098218
v -0.079013 -0.618258 -0.132688
v -0.090085 -0.648918 -0.130011
v -0.081683 -0.630362 -0.131806
v -0.082312 -0.641914 -0.131954
v -0.068023 -0.643989 -0.134694
v -0.072854 -0.637021 -0.132919
v -0.034238 -0.717474 -0.137420
v -0.027691 -0.727293 -0.138438
v -0.022356 -0.736820 -0.139038
v -0.072484 -0.655516 -0.133811
v -0.054725 -0.682346 -0.134998
v -0.063333 -0.674053 -0.134562
v -0.072069 -0.665812 -0.133896
v -0.049287 -0.693738 -0.135115
v -0.048811 -0.704523 -0.136704
v -0.045073 -0.716621 -0.137407
v -0.018798 -0.744559 -0.142037
v -0.021815 -0.754667 -0.142534
v -0.022730 -0.766762 -0.143474
v -0.014189 -0.781174 -0.146908
v -0.121793 -0.755643 -0.107195
v -0.122230 -0.765882 -0.105074
v -0.119085 -0.745417 -0.111565
v -0.117284 -0.734825 -0.114014
v -0.114463 -0.724353 -0.117327
v -0.098547 -0.678591 -0.127300
v -0.096144 -0.691394 -0.127674
v -0.089834 -0.660782 -0.129749
v -0.088646 -0.671756 -0.130449
v -0.097992 -0.702659 -0.127329
v -0.102219 -0.712814 -0.124738
v -0.104976 -0.723201 -0.123564
v -0.128345 -0.790578 -0.088600
v -0.124590 -0.790461 -0.097414
v -0.123500 -0.776502 -0.101464
v -0.080052 -0.655755 -0.131868
v -0.073710 -0.647479 -0.133192
v -0.039362 -0.727129 -0.137757
v -0.033736 -0.737252 -0.138268
v -0.029617 -0.746338 -0.141253
v -0.079252 -0.667176 -0.131735
v -0.060328 -0.691807 -0.134419
v -0.067272 -0.684557 -0.133892
v -0.074822 -0.676183 -0.133242
v -0.055953 -0.701228 -0.135510
v -0.053653 -0.711775 -0.135613
v -0.056731 -0.720305 -0.136664
v -0.050303 -0.728396 -0.137114
v -0.031389 -0.757618 -0.141781
v -0.034535 -0.768234 -0.142141
v -0.025713 -0.781922 -0.145378
v -0.115071 -0.765661 -0.113365
v -0.113718 -0.754921 -0.115353
v -0.117029 -0.775982 -0.109907
v -0.110637 -0.744601 -0.119007
v -0.108263 -0.733760 -0.120821
v -0.089904 -0.682856 -0.129800
v -0.087656 -0.700948 -0.130978
v -0.083980 -0.691228 -0.130979
v -0.080189 -0.679305 -0.132063
v -0.091468 -0.711911 -0.129279
v -0.094662 -0.722239 -0.128576
v -0.098533 -0.732726 -0.126442
v -0.118271 -0.790336 -0.106423
v -0.044637 -0.738323 -0.137567
v -0.036803 -0.748494 -0.139489
v -0.068861 -0.697261 -0.134378
v -0.077645 -0.688044 -0.132596
v -0.063882 -0.707840 -0.134786
v -0.065681 -0.718816 -0.134576
v -0.062570 -0.729050 -0.136191
v -0.055837 -0.738604 -0.136778
v -0.038185 -0.759328 -0.139859
v -0.042793 -0.770466 -0.139893
v -0.037618 -0.782775 -0.143640
v -0.109498 -0.775504 -0.117545
v -0.106849 -0.765021 -0.120684
v -0.104781 -0.754137 -0.122356
v -0.111640 -0.790025 -0.113367
v -0.101309 -0.743563 -0.125145
v -0.084946 -0.709774 -0.131697
v -0.080276 -0.699105 -0.132810
v -0.087461 -0.720588 -0.131764
v -0.091882 -0.731207 -0.130091
v -0.091308 -0.742731 -0.129997
v -0.047774 -0.749395 -0.138597
v -0.073978 -0.708804 -0.133658
v -0.077547 -0.719488 -0.132908
v -0.069741 -0.729300 -0.135157
v -0.065948 -0.738933 -0.136856
v -0.059665 -0.748218 -0.137520
v -0.047491 -0.761353 -0.138931
v -0.049798 -0.783502 -0.141767
v -0.055461 -0.769728 -0.138205
v -0.103619 -0.789653 -0.120446
v -0.100913 -0.775028 -0.124031
v -0.097716 -0.764461 -0.126588
v -0.095127 -0.753359 -0.127773
v -0.080955 -0.730179 -0.133112
v -0.085453 -0.740921 -0.131666
v -0.088121 -0.751955 -0.131760
v -0.055792 -0.757761 -0.137990
v -0.074628 -0.740043 -0.134232
v -0.070542 -0.749639 -0.136124
v -0.064819 -0.759950 -0.136842
v -0.057895 -0.785315 -0.140248
v -0.066993 -0.770661 -0.136510
v -0.097066 -0.789182 -0.127126
v -0.094416 -0.774209 -0.129315
v -0.090889 -0.763491 -0.131274
v -0.077607 -0.751127 -0.134796
v -0.081719 -0.762019 -0.133413
v -0.075007 -0.760478 -0.135190
v -0.069146 -0.786025 -0.137947
v -0.073483 -0.772970 -0.136357
v -0.087133 -0.788633 -0.131714
v -0.084188 -0.773582 -0.133319
v -0.077356 -0.787689 -0.134524
f 1 3 2
f 1 4 3
f 2 5 1
f 5 6 1
f 1 7 4
f 6 7 1
f 2 8 5
f 2 9 8
f 3 9 2
f 3 10 9
f 3 11 10
f 3 12 11
f 4 12 3
f 4 13 12
f 4 14 13
f 7 14 4
f 5 15 6
f 8 16 5
f 5 16 15
f 15 17 6
f 17 18 6
f 6 18 7
f 7 19 14
f 18 19 7
f 8 20 16
f 8 21 20
f 9 21 8
f 9 22 21
f 10 22 9
f 10 23 22
f 10 24 23
f 11 24 10
f 11 25 24
f 11 26 25
f 12 26 11
f 13 26 12
f 14 27 13
f 27 28 13
f 13 28 26
f 14 29 27
f 19 29 14
f 15 30 17
f 15 31 30
f 16 31 15
f 16 32 31
f 20 32 16
f 17 33 18
f 17 34 33
f 30 34 17
f 33 35 18
f 35 36 18
f 18 36 19
f 19 37 29
f 36 37 19
f 20 38 32
f 20 39 38
f 20 40 39
f 21 40 20
f 22 41 21
f 21 41 40
f 22 42 41
f 23 42 22
f 23 43 42
f 23 44 43
f 24 44 23
f 24 45 44
f 25 45 24
f 25 46 45
f 25 47 46
f 26 47 25
f 26 48 47
f 28 48 26
f 30 49 34
f 30 50 49
f 31 50 30
f 31 51 50
f 32 51 31
f 32 52 51
f 38 52 32
f 34 53 33
f 53 54 33
f 33 54 35
f 34 55 53
f 49 55 34
f 35 56 36
f 54 56 35
f 36 57 37
f 56 57 36
f 38 58 52
f 39 58 38
f 39 59 58
f 39 60 59
f 40 60 39
f 40 61 60
f 41 61 40
f 41 62 61
f 42 62 41
f 43 63 42
f 42 63 62
f 44 64 43
f 64 65 43
f 43 65 63
f 44 66 64
f 45 66 44
f 45 67 66
f 46 67 45
f 46 68 67
f 46 69 68
f 47 69 46
f 47 70 69
f 48 70 47
f 49 71 55
f 49 72 71
f 50 72 49
f 50 73 72
f 51 73 50
f 51 74 73
f 52 74 51
f 58 75 52
f 52 75 74
f 53 76 54
f 53 77 76
f 55 77 53
f 54 78 56
f 76 78 54
f 55 79 77
f 71 79 55
f 56 80 57
f 78 80 56
f 58 81 75
f 58 82 81
f 59 82 58
f 59 83 82
f 59 84 83
f 60 84 59
f 60 85 84
f 61 85 60
f 61 86 85
f 62 86 61
f 62 87 86
f 63 87 62
f 63 88 87
f 65 88 63
f 64 89 65
f 66 90 64
f 64 90 89
f 65 91 88
f 89 91 65
f 66 92 90
f 67 92 66
f 67 93 92
f 68 93 67
f 69 94 68
f 68 95 93
f 94 95 68
f 71 96 79
f 71 97 96
f 73 97 72
f 72 97 71
f 73 98 97
f 74 98 73
f 74 99 98
f 75 99 74
f 75 100 99
f 81 100 75
f 77 101 76
f 76 102 78
f 101 102 76
f 77 103 101
f 79 103 77
f 78 104 80
f 102 104 78
f 79 105 103
f 96 105 79
f 81 106 100
f 81 107 106
f 82 107 81
f 83 107 82
f 83 108 107
f 83 109 108
f 84 109 83
f 84 110 109
f 85 110 84
f 85 111 110
f 86 111 85
f 86 112 111
f 87 112 86
f 87 113 112
f 88 113 87
f 91 114 88
f 114 115 88
f 88 115 113
f 90 116 89
f 116 117 89
f 89 117 91
f 90 118 116
f 92 118 90
f 117 119 91
f 91 119 114
f 92 120 118
f 93 120 92
f 93 121 120
f 95 121 93
f 95 122 121
f 96 123 105
f 96 124 123
f 97 124 96
f 97 125 124
f 98 125 97
f 98 126 125
f 99 126 98
f 100 127 99
f 99 127 126
f 100 128 127
f 106 128 100
f 101 129 102
f 101 130 129
f 103 130 101
f 102 131 104
f 102 132 131
f 129 132 102
f 103 133 130
f 105 133 103
f 105 134 133
f 123 134 105
f 106 135 128
f 106 136 135
f 108 136 107
f 107 136 106
f 108 137 136
f 108 138 137
f 109 138 108
f 109 139 138
f 110 139 109
f 110 140 139
f 111 140 110
f 111 141 140
f 112 141 111
f 112 142 141
f 113 142 112
f 115 142 113
f 114 143 115
f 114 144 143
f 119 144 114
f 115 145 142
f 143 145 115
f 116 146 117
f 116 147 146
f 118 147 116
f 117 148 119
f 146 148 117
f 118 149 147
f 120 149 118
f 148 150 119
f 119 150 144
f 121 151 120
f 120 151 149
f 121 152 151
f 122 152 121
f 123 153 134
f 123 154 153
f 124 154 123
f 124 155 154
f 125 155 124
f 126 156 125
f 125 156 155
f 126 157 156
f 127 157 126
f 127 158 157
f 128 158 127
f 128 159 158
f 135 159 128
f 129 160 132
f 130 160 129
f 130 161 160
f 133 161 130
f 132 162 131
f 160 163 132
f 132 163 162
f 133 164 161
f 134 164 133
f 134 165 164
f 153 165 134
f 135 166 159
f 135 167 166
f 137 167 136
f 136 167 135
f 138 168 137
f 168 169 137
f 137 169 167
f 138 170 168
f 139 170 138
f 139 171 170
f 139 172 171
f 140 172 139
f 140 173 172
f 141 173 140
f 141 174 173
f 145 174 142
f 142 174 141
f 143 175 145
f 144 175 143
f 144 176 175
f 150 176 144
f 145 177 174
f 145 178 177
f 175 178 145
f 146 179 148
f 146 180 179
f 147 180 146
f 147 181 180
f 149 181 147
f 148 182 150
f 179 182 148
f 149 183 181
f 151 183 149
f 150 184 176
f 182 184 150
f 151 185 183
f 151 186 185
f 152 186 151
f 153 187 165
f 153 188 187
f 154 188 153
f 154 189 188
f 155 190 154
f 154 190 189
f 156 190 155
f 156 191 190
f 157 191 156
f 157 192 191
f 157 193 192
f 158 193 157
f 158 194 193
f 159 194 158
f 159 195 194
f 166 195 159
f 160 196 163
f 161 196 160
f 161 197 196
f 164 197 161
f 163 198 162
f 163 199 198
f 196 199 163
f 164 200 197
f 165 200 164
f 165 201 200
f 187 201 165
f 166 202 195
f 166 203 202
f 169 203 167
f 167 203 166
f 168 204 169
f 168 205 204
f 170 205 168
f 169 206 203
f 204 206 169
f 170 207 205
f 171 207 170
f 171 208 207
f 172 208 171
f 172 209 208
f 173 209 172
f 174 210 173
f 173 210 209
f 177 210 174
f 175 211 178
f 176 211 175
f 176 212 211
f 184 212 176
f 177 213 210
f 177 214 213
f 178 214 177
f 178 215 214
f 211 215 178
f 179 216 182
f 179 217 216
f 180 217 179
f 180 218 217
f 181 218 180
f 183 219 181
f 181 219 218
f 185 219 183
f 182 220 184
f 216 220 182
f 184 221 212
f 220 221 184
f 185 222 219
f 185 223 222
f 186 223 185
f 224 225 187
f 187 225 201
f 187 226 224
f 189 226 188
f 188 226 187
f 190 227 189
f 191 227 190
f 227 228 189
f 189 228 226
f 191 229 227
f 192 229 191
f 193 230 192
f 230 231 192
f 192 231 229
f 193 232 230
f 194 232 193
f 194 233 232
f 195 233 194
f 195 234 233
f 202 234 195
f 196 235 199
f 196 236 235
f 197 236 196
f 197 237 236
f 200 237 197
f 199 238 198
f 199 239 238
f 235 239 199
f 200 240 237
f 201 240 200
f 201 241 240
f 225 241 201
f 202 242 234
f 202 243 242
f 206 243 203
f 203 243 202
f 204 244 206
f 204 245 244
f 205 245 204
f 205 246 245
f 207 246 205
f 206 247 243
f 244 247 206
f 208 248 207
f 207 248 246
f 208 249 248
f 209 249 208
f 209 250 249
f 210 250 209
f 213 250 210
f 211 251 215
f 212 251 211
f 212 252 251
f 221 252 212
f 213 253 250
f 213 254 253
f 214 254 213
f 214 255 254
f 215 255 214
f 215 256 255
f 251 256 215
f 217 257 216
f 257 258 216
f 216 258 220
f 217 259 257
f 218 259 217
f 219 260 218
f 218 260 259
f 222 260 219
f 220 261 221
f 258 261 220
f 221 262 252
f 261 262 221
f 223 263 222
f 263 264 222
f 222 264 260
f 224 265 225
f 224 266 265
f 224 267 266
f 228 267 226
f 226 267 224
f 225 268 241
f 265 268 225
f 227 269 228
f 229 269 227
f 228 270 267
f 269 270 228
f 229 271 269
f 231 271 229
f 230 272 231
f 231 272 271
f 230 273 272
f 232 273 230
f 233 274 232
f 232 274 273
f 233 275 274
f 234 275 233
f 234 276 275
f 242 276 234
f 235 277 239
f 236 278 235
f 235 278 277
f 237 279 236
f 236 279 278
f 240 279 237
f 239 280 238
f 239 281 280
f 277 282 239
f 239 282 281
f 240 283 279
f 240 284 283
f 241 284 240
f 268 284 241
f 242 285 276
f 247 285 243
f 243 285 242
f 244 286 247
f 244 287 286
f 245 287 244
f 246 288 245
f 245 288 287
f 246 289 288
f 248 289 246
f 247 290 285
f 286 290 247
f 248 291 289
f 249 291 248
f 249 292 291
f 250 292 249
f 253 292 250
f 251 293 256
f 252 293 251
f 252 294 293
f 252 295 294
f 262 295 252
f 253 296 292
f 253 297 296
f 254 297 253
f 254 298 297
f 255 298 254
f 255 299 298
f 256 299 255
f 256 300 299
f 293 300 256
f 257 301 258
f 257 302 301
f 259 302 257
f 258 303 261
f 301 303 258
f 260 304 259
f 259 304 302
f 260 305 304
f 264 305 260
f 261 306 262
f 303 306 261
f 262 307 295
f 306 307 262
f 263 308 264
f 264 309 305
f 308 309 264
f 266 310 265
f 310 311 265
f 265 311 268
f 266 312 310
f 266 313 312
f 270 313 267
f 267 313 266
f 268 314 284
f 311 314 268
f 269 315 270
f 271 315 269
f 270 316 313
f 315 316 270
f 271 317 315
f 272 317 271
f 273 318 272
f 318 319 272
f 272 319 317
f 273 320 318
f 274 320 273
f 274 321 320
f 275 321 274
f 276 322 275
f 275 322 321
f 276 323 322
f 276 324 323
f 290 324 285
f 285 324 276
f 277 325 282
f 278 325 277
f 278 326 325
f 283 326 279
f 279 326 278
f 282 327 281
f 282 328 327
f 325 328 282
f 283 329 326
f 283 330 329
f 284 330 283
f 314 331 284
f 284 331 330
f 286 332 290
f 286 333 332
f 287 333 286
f 287 334 333
f 288 334 287
f 288 335 334
f 289 335 288
f 289 336 335
f 291 336 289
f 290 337 324
f 324 337 323
f 332 337 290
f 291 338 336
f 296 338 292
f 292 338 291
f 293 339 300
f 294 339 293
f 294 340 339
f 295 340 294
f 295 341 340
f 307 341 295
f 296 342 338
f 296 343 342
f 297 343 296
f 297 344 343
f 298 344 297
f 298 345 344
f 299 345 298
f 300 346 299
f 299 346 345
f 339 346 300
f 301 347 303
f 301 348 347
f 302 348 301
f 304 349 302
f 302 349 348
f 303 350 306
f 347 350 303
f 304 351 349
f 305 351 304
f 309 351 305
f 306 352 307
f 350 352 306
f 307 353 341
f 352 353 307
f 308 354 309
f 309 355 351
f 354 355 309
f 310 356 311
f 310 357 356
f 312 357 310
f 311 358 314
f 314 358 331
f 311 359 358
f 356 359 311
f 312 360 357
f 316 360 313
f 313 360 312
f 315 361 316
f 317 361 315
f 316 362 360
f 361 362 316
f 317 363 361
f 319 363 317
f 320 364 318
f 318 364 319
f 319 365 363
f 364 365 319
f 321 366 320
f 366 367 320
f 320 367 364
f 321 368 366
f 322 368 321
f 322 369 368
f 323 369 322
f 323 370 369
f 337 370 323
f 325 371 328
f 326 372 325
f 325 372 371
f 329 372 326
f 328 373 327
f 328 374 373
f 371 374 328
f 329 375 372
f 329 376 375
f 330 376 329
f 331 376 330
f 331 377 376
f 358 377 331
f 332 378 337
f 332 379 378
f 333 379 332
f 333 380 379
f 334 380 333
f 335 381 334
f 381 382 334
f 334 382 380
f 335 383 381
f 336 383 335
f 336 384 383
f 342 384 338
f 338 384 336
f 337 385 370
f 378 385 337
f 339 386 346
f 340 386 339
f 341 387 340
f 387 388 340
f 340 388 386
f 353 389 341
f 341 389 387
f 343 390 342
f 390 391 342
f 342 391 384
f 343 392 390
f 344 392 343
f 345 393 344
f 344 393 392
f 345 394 393
f 346 394 345
f 346 395 394
f 386 395 346
f 348 396 347
f 347 397 350
f 350 397 352
f 396 397 347
f 348 398 396
f 349 398 348
f 349 399 398
f 351 399 349
f 351 400 399
f 355 400 351
f 352 401 353
f 397 401 352
f 353 402 389
f 401 402 353
f 354 403 355
f 355 404 400
f 403 404 355
f 356 405 359
f 356 406 405
f 357 406 356
f 360 407 357
f 357 407 406
f 358 408 377
f 359 408 358
f 359 409 408
f 405 409 359
f 360 410 407
f 362 410 360
f 361 411 362
f 363 411 361
f 362 411 410
f 363 412 411
f 365 412 363
f 364 413 365
f 367 413 364
f 365 414 412
f 413 414 365
f 368 415 366
f 415 416 366
f 366 416 367
f 367 417 413
f 416 417 367
f 368 418 415
f 369 418 368
f 370 419 369
f 369 419 418
f 370 420 419
f 385 420 370
f 371 421 374
f 371 422 421
f 375 422 372
f 372 422 371
f 374 423 373
f 374 424 423
f 421 424 374
f 375 425 422
f 375 426 425
f 376 426 375
f 377 426 376
f 377 427 426
f 377 428 427
f 408 428 377
f 378 429 385
f 385 429 420
f 378 430 429
f 379 430 378
f 380 431 379
f 382 431 380
f 431 432 379
f 379 432 430
f 381 433 382
f 381 434 433
f 383 434 381
f 382 435 431
f 433 435 382
f 383 436 434
f 391 436 384
f 384 436 383
f 388 437 386
f 386 437 395
f 389 438 387
f 387 439 388
f 438 439 387
f 388 440 437
f 439 440 388
f 389 441 438
f 402 441 389
f 390 442 391
f 390 443 442
f 392 443 390
f 391 444 436
f 442 444 391
f 392 445 443
f 393 445 392
f 393 446 445
f 394 446 393
f 394 447 446
f 395 447 394
f 437 447 395
f 396 448 397
f 396 449 448
f 398 449 396
f 397 450 401
f 448 450 397
f 398 451 449
f 399 451 398
f 399 452 451
f 400 452 399
f 400 453 452
f 404 453 400
f 401 454 402
f 450 454 401
f 402 455 441
f 454 455 402
f 403 456 404
f 456 457 404
f 457 458 404
f 404 458 453
f 405 459 409
f 405 460 459
f 406 460 405
f 406 461 460
f 407 461 406
f 407 462 461
f 410 462 407
f 408 463 428
f 409 463 408
f 409 464 463
f 459 464 409
f 410 465 462
f 411 465 410
f 412 466 411
f 411 466 465
f 412 467 466
f 414 467 412
f 413 468 414
f 417 468 413
f 468 469 414
f 414 469 467
f 415 470 416
f 416 470 417
f 415 471 470
f 418 471 415
f 417 472 468
f 470 472 417
f 418 473 471
f 419 473 418
f 419 474 473
f 420 474 419
f 420 475 474
f 420 476 475
f 429 476 420
f 421 477 424
f 422 478 421
f 421 478 477
f 425 478 422
f 424 479 423
f 424 480 479
f 477 480 424
f 425 481 478
f 425 482 481
f 427 482 426
f 426 482 425
f 427 483 482
f 427 484 483
f 428 484 427
f 428 485 484
f 464 485 463
f 463 485 428
f 429 486 476
f 432 486 430
f 430 486 429
f 435 487 431
f 431 487 432
f 487 488 432
f 432 488 486
f 433 489 435
f 433 490 489
f 434 490 433
f 434 491 490
f 444 491 436
f 436 491 434
f 489 492 435
f 435 492 487
f 437 493 447
f 440 493 437
f 438 494 439
f 438 495 494
f 441 495 438
f 439 496 440
f 494 496 439
f 496 497 440
f 440 497 493
f 441 498 495
f 455 498 441
f 442 499 444
f 442 500 499
f 443 500 442
f 443 501 500
f 445 501 443
f 444 502 491
f 499 502 444
f 445 503 501
f 446 503 445
f 493 504 447
f 447 504 446
f 504 505 446
f 446 505 503
f 448 506 450
f 448 507 506
f 449 507 448
f 449 508 507
f 451 508 449
f 450 509 454
f 506 509 450
f 452 510 451
f 451 510 508
f 453 510 452
f 458 511 453
f 453 511 510
f 454 512 455
f 509 512 454
f 455 513 498
f 512 513 455
f 457 514 458
f 458 515 511
f 514 515 458
f 460 516 459
f 516 517 459
f 459 517 464
f 460 518 516
f 461 518 460
f 461 519 518
f 462 519 461
f 462 520 519
f 465 520 462
f 464 521 485
f 464 522 521
f 517 522 464
f 465 523 520
f 466 523 465
f 466 524 523
f 469 524 467
f 467 524 466
f 472 525 468
f 468 525 469
f 525 526 469
f 526 527 469
f 469 527 524
f 470 528 472
f 471 528 470
f 471 529 528
f 471 530 529
f 473 530 471
f 472 531 525
f 528 531 472
f 473 532 530
f 474 532 473
f 475 533 474
f 474 533 532
f 476 534 475
f 475 535 533
f 534 535 475
f 486 536 476
f 476 536 534
f 477 537 480
f 477 538 537
f 481 538 478
f 478 538 477
f 480 539 479
f 480 540 539
f 537 540 480
f 481 541 538
f 538 541 537
f 481 542 541
f 481 543 542
f 483 543 482
f 482 543 481
f 483 544 543
f 543 544 542
f 483 545 544
f 484 545 483
f 484 546 545
f 485 546 484
f 521 546 485
f 486 547 536
f 488 547 486
f 487 548 488
f 492 548 487
f 488 549 547
f 548 549 488
f 489 550 492
f 489 551 550
f 490 551 489
f 490 552 551
f 502 552 491
f 491 552 490
f 492 553 548
f 550 553 492
f 493 554 504
f 497 554 493
f 494 555 496
f 494 556 555
f 495 556 494
f 495 557 556
f 498 557 495
f 496 558 497
f 555 558 496
f 497 559 554
f 558 559 497
f 498 560 557
f 513 560 498
f 499 561 502
f 499 562 561
f 500 562 499
f 501 563 500
f 500 563 562
f 501 564 563
f 505 564 503
f 503 564 501
f 502 565 552
f 561 565 502
f 504 566 505
f 554 566 504
f 505 567 564
f 566 567 505
f 506 568 509
f 507 568 506
f 507 569 568
f 508 569 507
f 510 570 508
f 508 570 569
f 509 571 512
f 512 571 513
f 509 572 571
f 568 572 509
f 510 573 570
f 511 573 510
f 511 574 573
f 515 574 511
f 513 575 560
f 513 576 575
f 571 576 513
f 514 577 515
f 515 578 574
f 577 578 515
f 516 579 517
f 516 580 579
f 518 580 516
f 579 581 517
f 517 581 522
f 518 582 580
f 519 582 518
f 519 583 582
f 520 583 519
f 520 584 583
f 523 584 520
f 521 585 546
f 521 586 585
f 522 586 521
f 522 587 586
f 581 587 522
f 524 588 523
f 523 588 584
f 527 588 524
f 525 589 526
f 531 589 525
f 526 590 527
f 589 590 526
f 527 591 588
f 590 591 527
f 528 592 531
f 529 592 528
f 529 593 592
f 529 594 593
f 530 594 529
f 532 595 530
f 530 595 594
f 533 595 532
f 531 596 589
f 592 596 531
f 533 597 595
f 535 597 533
f 536 598 534
f 598 599 534
f 534 599 535
f 535 600 597
f 599 600 535
f 536 601 598
f 547 601 536
f 549 601 547
f 537 602 540
f 541 603 537
f 537 603 602
f 540 604 539
f 602 605 540
f 540 605 604
f 541 606 603
f 542 606 541
f 542 607 606
f 544 607 542
f 544 608 607
f 545 608 544
f 546 609 545
f 585 609 546
f 545 609 608
f 553 610 548
f 610 611 548
f 548 611 549
f 549 612 601
f 611 612 549
f 550 613 553
f 553 613 610
f 550 614 613
f 551 614 550
f 552 615 551
f 551 615 614
f 565 615 552
f 554 616 566
f 559 616 554
f 555 617 558
f 555 618 617
f 556 618 555
f 556 619 618
f 557 619 556
f 557 620 619
f 560 620 557
f 558 621 559
f 617 621 558
f 559 622 616
f 621 622 559
f 560 623 620
f 575 623 560
f 562 624 561
f 561 625 565
f 624 625 561
f 562 626 624
f 563 626 562
f 563 627 626
f 567 627 564
f 564 627 563
f 625 628 565
f 565 628 615
f 616 629 566
f 566 629 567
f 567 630 627
f 629 630 567
f 569 631 568
f 568 632 572
f 631 632 568
f 569 633 631
f 570 633 569
f 570 634 633
f 574 634 573
f 573 634 570
f 571 635 576
f 572 635 571
f 572 636 635
f 632 636 572
f 574 637 634
f 574 638 637
f 578 638 574
f 576 639 575
f 639 640 575
f 575 640 623
f 576 641 639
f 636 641 635
f 635 641 576
f 577 642 578
f 578 643 638
f 642 643 578
f 580 644 579
f 579 644 581
f 580 645 644
f 582 645 580
f 581 646 587
f 581 647 646
f 644 647 581
f 583 648 582
f 582 648 645
f 583 649 648
f 584 649 583
f 584 650 649
f 591 650 588
f 588 650 584
f 585 651 609
f 585 652 651
f 586 652 585
f 586 653 652
f 646 653 587
f 587 653 586
f 589 654 590
f 589 655 654
f 596 655 589
f 590 656 591
f 654 656 590
f 591 657 650
f 656 657 591
f 592 658 596
f 593 658 592
f 593 659 658
f 593 660 659
f 594 660 593
f 594 661 660
f 597 661 595
f 595 661 594
f 596 662 655
f 658 662 596
f 597 663 661
f 600 663 597
f 612 664 601
f 601 664 598
f 664 665 598
f 598 665 599
f 599 666 600
f 665 666 599
f 666 667 600
f 600 667 663
f 602 668 605
f 603 668 602
f 606 669 603
f 669 670 603
f 603 670 668
f 605 671 604
f 605 672 671
f 668 672 605
f 606 673 669
f 607 673 606
f 607 674 673
f 607 675 674
f 608 675 607
f 609 676 608
f 608 676 675
f 651 676 609
f 610 677 611
f 610 678 677
f 613 678 610
f 611 679 612
f 677 679 611
f 612 680 664
f 679 680 612
f 613 681 678
f 614 681 613
f 614 682 681
f 615 682 614
f 628 682 615
f 616 683 629
f 622 683 616
f 617 684 621
f 618 684 617
f 618 685 684
f 619 685 618
f 619 686 685
f 620 686 619
f 620 687 686
f 623 687 620
f 640 687 623
f 621 688 622
f 684 688 621
f 622 689 683
f 688 689 622
f 624 690 625
f 624 691 690
f 626 691 624
f 625 692 628
f 690 692 625
f 626 693 691
f 630 693 627
f 627 693 626
f 628 694 682
f 692 694 628
f 629 695 630
f 683 695 629
f 630 696 693
f 695 696 630
f 631 697 632
f 633 697 631
f 632 698 636
f 697 698 632
f 633 699 697
f 634 699 633
f 634 700 699
f 637 700 634
f 636 701 641
f 698 701 636
f 637 702 700
f 637 703 702
f 638 703 637
f 643 703 638
f 639 704 640
f 641 705 639
f 639 705 704
f 701 705 641
f 640 706 687
f 704 706 640
f 642 707 643
f 643 708 703
f 707 708 643
f 644 709 647
f 645 709 644
f 645 710 709
f 645 711 710
f 648 711 645
f 646 712 653
f 646 713 712
f 647 713 646
f 647 714 713
f 709 714 647
f 648 715 711
f 649 715 648
f 649 716 715
f 657 716 650
f 650 716 649
f 651 717 676
f 652 717 651
f 653 718 652
f 712 718 653
f 718 719 652
f 652 719 717
f 654 720 656
f 654 721 720
f 662 721 655
f 655 721 654
f 656 722 657
f 720 722 656
f 722 723 657
f 657 724 716
f 723 724 657
f 658 725 662
f 659 725 658
f 659 726 725
f 659 727 726
f 660 727 659
f 660 728 727
f 663 728 661
f 661 728 660
f 725 729 662
f 662 729 721
f 663 730 728
f 663 731 730
f 667 731 663
f 664 732 665
f 680 732 664
f 665 733 666
f 732 733 665
f 666 734 667
f 733 734 666
f 667 735 731
f 734 735 667
f 668 736 672
f 670 736 668
f 669 737 670
f 673 737 669
f 670 738 736
f 737 738 670
f 671 740 739
f 736 740 672
f 672 740 671
f 673 741 737
f 674 741 673
f 674 742 741
f 674 743 742
f 675 743 674
f 675 744 743
f 717 744 676
f 676 744 675
f 678 745 677
f 745 746 677
f 746 747 677
f 677 747 679
f 681 748 678
f 678 748 745
f 679 749 680
f 747 749 679
f 680 750 732
f 749 750 680
f 681 751 748
f 694 751 682
f 682 751 681
f 683 752 695
f 683 753 752
f 689 753 683
f 685 754 684
f 684 755 688
f 754 755 684
f 685 756 754
f 686 756 685
f 686 757 756
f 687 757 686
f 687 758 757
f 706 758 687
f 688 759 689
f 755 759 688
f 689 760 753
f 759 760 689
f 690 761 692
f 690 762 761
f 691 762 690
f 691 763 762
f 693 764 691
f 691 764 763
f 696 764 693
f 761 765 692
f 692 765 694
f 694 766 751
f 765 766 694
f 695 767 696
f 752 767 695
f 696 768 764
f 767 768 696
f 697 769 698
f 699 769 697
f 698 770 701
f 769 770 698
f 699 771 769
f 702 771 700
f 700 771 699
f 701 772 705
f 770 772 701
f 702 773 771
f 702 774 773
f 708 774 703
f 703 774 702
f 704 775 706
f 704 776 775
f 705 776 704
f 705 777 776
f 772 777 705
f 706 778 758
f 775 778 706
f 707 779 708
f 708 780 774
f 779 780 708
f 709 781 714
f 710 781 709
f 710 782 781
f 710 783 782
f 715 783 711
f 711 783 710
f 712 784 718
f 712 785 784
f 713 785 712
f 713 786 785
f 714 786 713
f 714 787 786
f 781 787 714
f 715 788 783
f 724 788 716
f 716 788 715
f 717 789 744
f 719 789 717
f 784 790 718
f 718 790 719
f 719 791 789
f 790 791 719
f 721 792 720
f 720 793 722
f 792 793 720
f 722 793 723
f 721 794 792
f 729 794 721
f 723 795 724
f 723 796 795
f 793 796 723
f 724 797 788
f 795 797 724
f 725 798 729
f 726 798 725
f 726 799 798
f 726 800 799
f 727 800 726
f 727 801 800
f 730 801 728
f 728 801 727
f 798 802 729
f 729 802 794
f 730 803 801
f 731 803 730
f 731 804 803
f 735 804 731
f 732 805 733
f 750 805 732
f 733 806 734
f 805 806 733
f 734 807 735
f 806 807 734
f 735 808 804
f 807 808 735
f 736 809 740
f 736 810 809
f 738 810 736
f 737 811 738
f 741 811 737
f 811 812 738
f 738 812 810
f 739 814 813
f 809 814 740
f 740 814 739
f 741 815 811
f 742 815 741
f 742 816 815
f 742 817 816
f 743 817 742
f 743 818 817
f 789 818 744
f 744 818 743
f 745 819 746
f 748 819 745
f 746 820 747
f 746 821 820
f 819 821 746
f 747 822 749
f 820 822 747
f 748 823 819
f 766 823 751
f 751 823 748
f 749 824 750
f 822 824 749
f 750 825 805
f 824 825 750
f 752 826 767
f 753 826 752
f 753 827 826
f 760 827 753
f 754 828 755
f 756 828 754
f 755 829 759
f 828 829 755
f 756 830 828
f 757 830 756
f 757 831 830
f 758 831 757
f 758 832 831
f 778 832 758
f 759 833 760
f 829 833 759
f 760 834 827
f 833 834 760
f 761 835 765
f 761 836 835
f 762 836 761
f 762 837 836
f 763 837 762
f 763 838 837
f 768 838 764
f 764 838 763
f 765 839 766
f 765 840 839
f 835 840 765
f 839 841 766
f 766 841 823
f 767 842 768
f 767 843 842
f 826 843 767
f 768 844 838
f 842 844 768
f 769 845 770
f 769 846 845
f 773 846 771
f 771 846 769
f 770 847 772
f 772 847 777
f 845 847 770
f 773 848 846
f 773 849 848
f 774 849 773
f 774 850 849
f 780 850 774
f 775 851 778
f 775 852 851
f 776 852 775
f 776 853 852
f 777 853 776
f 777 854 853
f 847 854 777
f 778 855 832
f 851 855 778
f 779 856 780
f 780 857 850
f 856 857 780
f 782 858 781
f 781 858 787
f 782 859 858
f 782 860 859
f 783 860 782
f 783 861 860
f 797 861 788
f 788 861 783
f 784 862 790
f 784 863 862
f 785 863 784
f 785 864 863
f 786 864 785
f 786 865 864
f 787 865 786
f 787 866 865
f 858 866 787
f 789 867 818
f 791 867 789
f 790 868 791
f 862 868 790
f 791 869 867
f 868 869 791
f 792 870 793
f 792 871 870
f 794 871 792
f 802 871 794
f 793 872 796
f 870 872 793
f 795 873 797
f 795 874 873
f 872 874 796
f 796 874 795
f 797 875 861
f 873 875 797
f 861 875 860
f 798 876 802
f 799 876 798
f 799 877 876
f 800 878 799
f 878 879 799
f 799 879 877
f 800 880 878
f 801 880 800
f 803 880 801
f 802 881 871
f 876 881 802
f 803 882 880
f 804 882 803
f 804 883 882
f 808 883 804
f 825 884 805
f 805 884 806
f 806 885 807
f 884 885 806
f 807 886 808
f 885 886 807
f 808 887 883
f 886 887 808
f 809 888 814
f 809 889 888
f 810 889 809
f 812 889 810
f 811 890 812
f 815 890 811
f 812 891 889
f 890 891 812
f 813 893 892
f 888 893 814
f 814 893 813
f 815 894 890
f 816 894 815
f 816 895 894
f 816 896 895
f 817 896 816
f 817 897 896
f 867 897 818
f 818 897 817
f 819 898 821
f 841 898 823
f 823 898 819
f 820 899 822
f 820 900 899
f 821 900 820
f 821 901 900
f 898 901 821
f 822 902 824
f 899 902 822
f 824 903 825
f 902 903 824
f 825 904 884
f 903 904 825
f 826 905 843
f 827 905 826
f 827 906 905
f 834 906 827
f 830 907 828
f 907 908 828
f 828 908 829
f 829 909 833
f 908 909 829
f 830 910 907
f 831 910 830
f 831 911 910
f 832 911 831
f 832 912 911
f 855 912 832
f 909 913 833
f 833 913 834
f 834 914 906
f 913 914 834
f 835 915 840
f 836 915 835
f 836 916 915
f 837 916 836
f 837 917 916
f 838 917 837
f 844 917 838
f 839 918 841
f 839 919 918
f 840 919 839
f 840 920 919
f 915 920 840
f 841 921 898
f 898 921 901
f 918 921 841
f 842 922 844
f 843 922 842
f 905 923 843
f 843 923 922
f 844 924 917
f 922 924 844
f 845 925 847
f 847 925 854
f 845 926 925
f 848 926 846
f 846 926 845
f 848 927 926
f 848 928 927
f 849 928 848
f 849 929 928
f 850 929 849
f 857 929 850
f 851 930 855
f 851 931 930
f 852 931 851
f 853 932 852
f 852 932 931
f 854 933 853
f 853 933 932
f 925 934 854
f 854 935 933
f 934 935 854
f 930 936 855
f 855 936 912
f 856 937 857
f 857 938 929
f 937 938 857
f 858 939 866
f 859 939 858
f 859 940 939
f 859 941 940
f 875 941 860
f 860 941 859
f 862 942 868
f 862 943 942
f 863 943 862
f 863 944 943
f 864 944 863
f 865 945 864
f 864 945 944
f 865 946 945
f 866 946 865
f 866 947 946
f 939 947 866
f 867 948 897
f 869 948 867
f 868 949 869
f 942 949 868
f 869 950 948
f 949 950 869
f 870 951 872
f 870 952 951
f 881 952 871
f 871 952 870
f 872 953 874
f 951 953 872
f 873 954 875
f 875 954 941
f 873 955 954
f 874 955 873
f 874 956 955
f 953 956 874
f 876 957 881
f 877 957 876
f 877 958 957
f 879 958 877
f 880 959 878
f 882 959 880
f 878 960 879
f 959 960 878
f 879 961 958
f 960 961 879
f 881 962 952
f 957 962 881
f 882 963 959
f 883 963 882
f 883 964 963
f 887 964 883
f 884 965 885
f 904 965 884
f 965 966 885
f 885 966 886
f 886 967 887
f 966 967 886
f 887 968 964
f 967 968 887
f 888 969 893
f 888 970 969
f 891 970 889
f 889 970 888
f 890 971 891
f 894 971 890
f 971 972 891
f 972 973 891
f 891 973 970
f 893 975 892
f 892 975 974
f 969 975 893
f 895 976 894
f 894 976 971
f 895 977 976
f 895 978 977
f 896 978 895
f 896 979 978
f 948 979 897
f 897 979 896
f 899 980 902
f 899 981 980
f 900 981 899
f 900 982 981
f 901 982 900
f 921 983 901
f 901 983 982
f 902 984 903
f 980 984 902
f 903 985 904
f 984 985 903
f 904 986 965
f 985 986 904
f 906 987 905
f 905 987 923
f 906 988 987
f 914 988 906
f 907 989 908
f 910 989 907
f 908 990 909
f 989 990 908
f 909 991 913
f 990 991 909
f 910 992 989
f 911 992 910
f 911 993 992
f 912 993 911
f 912 994 993
f 936 994 912
f 913 995 914
f 991 995 913
f 914 996 988
f 995 996 914
f 916 997 915
f 915 997 920
f 916 998 997
f 916 999 998
f 924 999 917
f 917 999 916
f 918 1000 921
f 921 1000 983
f 918 1001 1000
f 919 1001 918
f 920 1002 919
f 919 1002 1001
f 997 1003 920
f 920 1003 1002
f 922 1004 924
f 923 1004 922
f 923 1005 1004
f 987 1005 923
f 924 1006 999
f 999 1006 998
f 924 1007 1006
f 1004 1007 924
f 925 1008 934
f 927 1008 926
f 926 1008 925
f 927 1009 1008
f 927 1010 1009
f 928 1010 927
f 928 1011 1010
f 929 1011 928
f 929 1012 1011
f 938 1012 929
f 930 1013 936
f 930 1014 1013
f 931 1014 930
f 931 1015 1014
f 932 1015 931
f 932 1016 1015
f 933 1016 932
f 933 1017 1016
f 935 1017 933
f 934 1018 935
f 1009 1018 1008
f 1008 1018 934
f 935 1019 1017
f 1018 1019 935
f 936 1020 994
f 1013 1020 936
f 937 1021 938
f 938 1022 1012
f 1021 1022 938
f 939 1023 947
f 940 1023 939
f 940 1024 1023
f 940 1025 1024
f 941 1025 940
f 954 1025 941
f 942 1026 949
f 942 1027 1026
f 943 1027 942
f 944 1028 943
f 943 1028 1027
f 944 1029 1028
f 945 1029 944
f 945 1030 1029
f 945 1031 1030
f 946 1031 945
f 946 1032 1031
f 1023 1032 947
f 947 1032 946
f 948 1033 979
f 950 1033 948
f 949 1034 950
f 1026 1034 949
f 950 1035 1033
f 1034 1035 950
f 951 1036 953
f 951 1037 1036
f 962 1037 952
f 952 1037 951
f 953 1038 956
f 1036 1038 953
f 954 1039 1025
f 955 1039 954
f 955 1040 1039
f 955 1041 1040
f 956 1041 955
f 1038 1041 956
f 957 1042 962
f 957 1043 1042
f 958 1043 957
f 958 1044 1043
f 961 1044 958
f 963 1045 959
f 959 1045 960
f 960 1046 961
f 1045 1046 960
f 1046 1047 961
f 961 1047 1044
f 962 1048 1037
f 1042 1048 962
f 963 1049 1045
f 964 1049 963
f 964 1050 1049
f 968 1050 964
f 965 1051 966
f 986 1051 965
f 966 1052 967
f 1051 1052 966
f 967 1053 968
f 1052 1053 967
f 968 1054 1050
f 1053 1054 968
f 969 1055 975
f 969 1056 1055
f 973 1056 970
f 970 1056 969
f 971 1057 972
f 977 1057 976
f 976 1057 971
f 972 1058 973
f 972 1059 1058
f 1057 1059 972
f 973 1060 1056
f 1058 1060 973
f 975 1061 974
f 1055 1061 975
f 1061 1062 974
f 977 1063 1057
f 1057 1063 1059
f 977 1064 1063
f 977 1065 1064
f 978 1065 977
f 978 1066 1065
f 978 1067 1066
f 979 1067 978
f 1035 1067 1033
f 1033 1067 979
f 980 1068 984
f 980 1069 1068
f 981 1069 980
f 981 1070 1069
f 982 1070 981
f 982 1071 1070
f 983 1071 982
f 983 1072 1071
f 1000 1072 983
f 1068 1073 984
f 984 1074 985
f 1073 1074 984
f 985 1074 986
f 986 1075 1051
f 1051 1075 1052
f 1074 1076 986
f 986 1076 1075
f 987 1077 1005
f 988 1077 987
f 988 1078 1077
f 996 1078 988
f 989 1079 990
f 992 1079 989
f 990 1080 991
f 1079 1080 990
f 991 1081 995
f 1080 1081 991
f 992 1082 1079
f 993 1082 992
f 993 1083 1082
f 994 1083 993
f 994 1084 1083
f 1020 1084 994
f 995 1085 996
f 1081 1085 995
f 996 1086 1078
f 1085 1086 996
f 998 1087 997
f 997 1087 1003
f 998 1088 1087
f 1006 1088 998
f 1000 1089 1072
f 1000 1090 1089
f 1001 1090 1000
f 1001 1091 1090
f 1002 1091 1001
f 1002 1092 1091
f 1003 1092 1002
f 1003 1093 1092
f 1087 1093 1003
f 1004 1094 1007
f 1005 1094 1004
f 1005 1095 1094
f 1077 1095 1005
f 1006 1096 1088
f 1007 1096 1006
f 1007 1097 1096
f 1094 1097 1007
f 1009 1098 1018
f 1010 1098 1009
f 1011 1099 1010
f 1010 1099 1098
f 1011 1100 1099
f 1012 1100 1011
f 1012 1101 1100
f 1022 1101 1012
f 1013 1102 1020
f 1013 1103 1102
f 1014 1103 1013
f 1015 1104 1014
f 1014 1104 1103
f 1015 1105 1104
f 1016 1105 1015
f 1016 1106 1105
f 1017 1106 1016
f 1017 1107 1106
f 1019 1107 1017
f 1018 1108 1019
f 1098 1108 1018
f 1019 1108 1107
f 1020 1109 1084
f 1102 1109 1020
f 1021 1110 1022
f 1022 1111 1101
f 1110 1111 1022
f 1023 1112 1032
f 1023 1113 1112
f 1024 1113 1023
f 1024 1114 1113
f 1025 1114 1024
f 1025 1115 1114
f 1039 1115 1025
f 1040 1115 1039
f 1026 1116 1034
f 1027 1116 1026
f 1027 1117 1116
f 1027 1118 1117
f 1028 1118 1027
f 1028 1119 1118
f 1030 1119 1029
f 1029 1119 1028
f 1030 1120 1119
f 1030 1121 1120
f 1031 1121 1030
f 1031 1122 1121
f 1112 1122 1032
f 1032 1122 1031
f 1034 1123 1035
f 1034 1124 1123
f 1116 1124 1034
f 1035 1125 1067
f 1123 1125 1035
f 1067 1125 1066
f 1036 1126 1038
f 1036 1127 1126
f 1048 1127 1037
f 1037 1127 1036
f 1038 1128 1041
f 1126 1128 1038
f 1040 1129 1115
f 1040 1130 1129
f 1128 1130 1041
f 1041 1130 1040
f 1044 1131 1043
f 1043 1131 1042
f 1131 1132 1042
f 1042 1132 1048
f 1044 1133 1131
f 1044 1134 1133
f 1047 1134 1044
f 1045 1135 1046
f 1049 1135 1045
f 1046 1136 1047
f 1135 1136 1046
f 1136 1137 1047
f 1047 1137 1134
f 1048 1138 1127
f 1132 1138 1048
f 1049 1139 1135
f 1050 1139 1049
f 1050 1140 1139
f 1054 1140 1050
f 1052 1141 1053
f 1052 1142 1141
f 1075 1142 1052
f 1141 1143 1053
f 1053 1143 1054
f 1143 1144 1054
f 1054 1144 1140
f 1055 1145 1061
f 1055 1146 1145
f 1060 1146 1056
f 1056 1146 1055
f 1058 1147 1060
f 1058 1148 1147
f 1059 1148 1058
f 1059 1149 1148
f 1063 1149 1059
f 1060 1150 1146
f 1147 1150 1060
f 1061 1151 1062
f 1145 1151 1061
f 1151 1152 1062
f 1063 1153 1149
f 1064 1153 1063
f 1064 1154 1153
f 1064 1155 1154
f 1066 1155 1065
f 1065 1155 1064
f 1125 1156 1066
f 1066 1156 1155
f 1068 1157 1073
f 1069 1157 1068
f 1069 1158 1157
f 1070 1158 1069
f 1070 1159 1158
f 1071 1159 1070
f 1072 1160 1071
f 1071 1160 1159
f 1072 1161 1160
f 1089 1161 1072
f 1073 1162 1074
f 1074 1162 1076
f 1073 1163 1162
f 1157 1163 1073
f 1076 1164 1075
f 1075 1164 1142
f 1076 1165 1164
f 1162 1165 1076
f 1077 1166 1095
f 1078 1166 1077
f 1078 1167 1166
f 1078 1168 1167
f 1086 1168 1078
f 1079 1169 1080
f 1082 1169 1079
f 1169 1170 1080
f 1080 1171 1081
f 1170 1171 1080
f 1081 1171 1085
f 1082 1172 1169
f 1083 1172 1082
f 1083 1173 1172
f 1083 1174 1173
f 1084 1174 1083
f 1084 1175 1174
f 1109 1175 1084
f 1171 1176 1085
f 1176 1177 1085
f 1085 1177 1086
f 1086 1177 1168
f 1087 1178 1093
f 1088 1178 1087
f 1088 1179 1178
f 1096 1179 1088
f 1089 1180 1161
f 1089 1181 1180
f 1090 1181 1089
f 1091 1181 1090
f 1091 1182 1181
f 1092 1182 1091
f 1092 1183 1182
f 1093 1183 1092
f 1093 1184 1183
f 1178 1184 1093
f 1094 1185 1097
f 1095 1185 1094
f 1095 1186 1185
f 1166 1186 1095
f 1096 1187 1179
f 1097 1187 1096
f 1097 1188 1187
f 1185 1188 1097
f 1098 1189 1108
f 1099 1189 1098
f 1099 1190 1189
f 1100 1191 1099
f 1099 1191 1190
f 1100 1192 1191
f 1111 1192 1101
f 1101 1192 1100
f 1102 1193 1109
f 1102 1194 1193
f 1104 1194 1103
f 1103 1194 1102
f 1104 1195 1194
f 1105 1195 1104
f 1105 1196 1195
f 1106 1196 1105
f 1106 1197 1196
f 1107 1197 1106
f 1107 1198 1197
f 1107 1199 1198
f 1189 1199 1108
f 1108 1199 1107
f 1109 1200 1175
f 1193 1200 1109
f 1110 1201 1111
f 1111 1202 1192
f 1201 1202 1111
f 1113 1203 1112
f 1203 1204 1112
f 1112 1204 1122
f 1113 1205 1203
f 1114 1205 1113
f 1114 1206 1205
f 1129 1206 1115
f 1115 1206 1114
f 1116 1207 1124
f 1117 1207 1116
f 1117 1208 1207
f 1118 1208 1117
f 1118 1209 1208
f 1120 1209 1119
f 1119 1209 1118
f 1121 1210 1120
f 1120 1211 1209
f 1210 1211 1120
f 1121 1212 1210
f 1204 1212 1122
f 1122 1212 1121
f 1123 1213 1125
f 1125 1213 1156
f 1123 1214 1213
f 1124 1214 1123
f 1124 1215 1214
f 1207 1215 1124
f 1126 1216 1128
f 1126 1217 1216
f 1138 1217 1127
f 1127 1217 1126
f 1128 1218 1130
f 1216 1218 1128
f 1129 1219 1206
f 1129 1220 1219
f 1218 1220 1130
f 1130 1220 1129
f 1131 1221 1132
f 1133 1221 1131
f 1132 1222 1138
f 1221 1222 1132
f 1133 1223 1221
f 1134 1224 1133
f 1133 1224 1223
f 1137 1224 1134
f 1135 1225 1136
f 1139 1225 1135
f 1136 1226 1137
f 1225 1226 1136
f 1137 1227 1224
f 1137 1228 1227
f 1226 1228 1137
f 1138 1229 1217
f 1222 1229 1138
f 1139 1230 1225
f 1140 1230 1139
f 1140 1231 1230
f 1144 1231 1140
f 1141 1232 1143
f 1142 1232 1141
f 1142 1233 1232
f 1164 1233 1142
f 1143 1234 1144
f 1232 1234 1143
f 1144 1235 1231
f 1144 1236 1235
f 1234 1236 1144
f 1145 1237 1151
f 1145 1238 1237
f 1146 1238 1145
f 1150 1238 1146
f 1147 1239 1150
f 1147 1240 1239
f 1148 1240 1147
f 1149 1240 1148
f 1149 1241 1240
f 1153 1241 1149
f 1239 1242 1150
f 1150 1242 1238
f 1151 1243 1152
f 1237 1243 1151
f 1243 1244 1152
f 1153 1245 1241
f 1154 1245 1153
f 1154 1246 1245
f 1154 1247 1246
f 1156 1247 1155
f 1155 1247 1154
f 1156 1248 1247
f 1213 1248 1156
f 1157 1249 1163
f 1158 1249 1157
f 1158 1250 1249
f 1158 1251 1250
f 1159 1251 1158
f 1159 1252 1251
f 1160 1252 1159
f 1160 1253 1252
f 1161 1253 1160
f 1161 1254 1253
f 1180 1254 1161
f 1162 1255 1165
f 1163 1255 1162
f 1163 1256 1255
f 1249 1256 1163
f 1164 1257 1233
f 1165 1257 1164
f 1165 1258 1257
f 1255 1258 1165
f 1166 1259 1186
f 1167 1259 1166
f 1167 1260 1259
f 1168 1260 1167
f 1168 1261 1260
f 1177 1261 1168
f 1169 1262 1170
f 1173 1262 1172
f 1172 1262 1169
f 1170 1263 1171
f 1171 1263 1176
f 1170 1264 1263
f 1262 1264 1170
f 1173 1265 1262
f 1262 1265 1264
f 1173 1266 1265
f 1174 1266 1173
f 1174 1267 1266
f 1175 1267 1174
f 1175 1268 1267
f 1200 1268 1175
f 1176 1269 1177
f 1177 1269 1261
f 1176 1270 1269
f 1263 1270 1176
f 1178 1271 1184
f 1179 1271 1178
f 1179 1272 1271
f 1187 1272 1179
f 1180 1273 1254
f 1180 1274 1273
f 1182 1274 1181
f 1181 1274 1180
f 1183 1275 1182
f 1182 1275 1274
f 1183 1276 1275
f 1184 1276 1183
f 1184 1277 1276
f 1271 1277 1184
f 1185 1278 1188
f 1186 1278 1185
f 1186 1279 1278
f 1259 1279 1186
f 1187 1280 1272
f 1188 1280 1187
f 1188 1281 1280
f 1278 1281 1188
f 1189 1282 1199
f 1190 1282 1189
f 1190 1283 1282
f 1190 1284 1283
f 1191 1284 1190
f 1192 1285 1191
f 1191 1285 1284
f 1202 1285 1192
f 1193 1286 1200
f 1200 1286 1268
f 1193 1287 1286
f 1194 1287 1193
f 1194 1288 1287
f 1195 1288 1194
f 1195 1289 1288
f 1196 1289 1195
f 1196 1290 1289
f 1196 1291 1290
f 1198 1291 1197
f 1197 1291 1196
f 1198 1292 1291
f 1198 1293 1292
f 1283 1293 1282
f 1282 1293 1199
f 1199 1293 1198
f 1201 1294 1202
f 1294 1295 1202
f 1295 1296 1202
f 1202 1296 1285
f 1203 1297 1204
f 1203 1298 1297
f 1205 1298 1203
f 1204 1299 1212
f 1204 1300 1299
f 1297 1300 1204
f 1205 1301 1298
f 1219 1301 1206
f 1206 1301 1205
f 1207 1302 1215
f 1207 1303 1302
f 1208 1303 1207
f 1208 1304 1303
f 1209 1304 1208
f 1211 1304 1209
f 1210 1305 1211
f 1210 1306 1305
f 1299 1306 1212
f 1212 1306 1210
f 1211 1307 1304
f 1305 1307 1211
f 1213 1308 1248
f 1214 1308 1213
f 1214 1309 1308
f 1215 1309 1214
f 1215 1310 1309
f 1302 1310 1215
f 1217 1311 1216
f 1229 1311 1217
f 1311 1312 1216
f 1216 1312 1218
f 1218 1313 1220
f 1312 1313 1218
f 1219 1314 1301
f 1219 1315 1314
f 1313 1315 1220
f 1220 1315 1219
f 1223 1316 1221
f 1221 1316 1222
f 1222 1317 1229
f 1316 1317 1222
f 1223 1318 1316
f 1223 1319 1318
f 1227 1319 1224
f 1224 1319 1223
f 1225 1320 1226
f 1230 1320 1225
f 1226 1321 1228
f 1320 1321 1226
f 1227 1322 1319
f 1227 1323 1322
f 1321 1323 1228
f 1228 1323 1227
f 1317 1324 1229
f 1229 1324 1311
f 1230 1325 1320
f 1231 1325 1230
f 1231 1326 1325
f 1235 1326 1231
f 1232 1327 1234
f 1233 1327 1232
f 1233 1328 1327
f 1257 1328 1233
f 1234 1329 1236
f 1327 1329 1234
f 1235 1330 1326
f 1236 1330 1235
f 1236 1331 1330
f 1329 1331 1236
f 1237 1332 1243
f 1237 1333 1332
f 1242 1333 1238
f 1238 1333 1237
f 1239 1334 1242
f 1239 1335 1334
f 1241 1335 1240
f 1240 1335 1239
f 1241 1336 1335
f 1241 1337 1336
f 1245 1337 1241
f 1242 1338 1333
f 1334 1338 1242
f 1243 1339 1244
f 1332 1339 1243
f 1339 1340 1244
f 1245 1341 1337
f 1246 1341 1245
f 1247 1342 1246
f 1248 1342 1247
f 1342 1343 1246
f 1246 1343 1341
f 1248 1344 1342
f 1308 1344 1248
f 1249 1345 1256
f 1250 1345 1249
f 1250 1346 1345
f 1250 1347 1346
f 1251 1347 1250
f 1251 1348 1347
f 1252 1348 1251
f 1253 1349 1252
f 1252 1349 1348
f 1253 1350 1349
f 1254 1350 1253
f 1254 1351 1350
f 1273 1351 1254
f 1256 1352 1255
f 1255 1352 1258
f 1345 1353 1256
f 1256 1353 1352
f 1257 1354 1328
f 1258 1354 1257
f 1352 1355 1258
f 1258 1356 1354
f 1355 1356 1258
f 1259 1357 1279
f 1260 1357 1259
f 1260 1358 1357
f 1260 1359 1358
f 1261 1359 1260
f 1261 1360 1359
f 1269 1360 1261
f 1263 1361 1270
f 1264 1361 1263
f 1264 1362 1361
f 1265 1362 1264
f 1265 1363 1362
f 1266 1363 1265
f 1266 1364 1363
f 1267 1364 1266
f 1267 1365 1364
f 1268 1365 1267
f 1268 1366 1365
f 1286 1366 1268
f 1269 1367 1360
f 1270 1367 1269
f 1270 1368 1367
f 1361 1368 1270
f 1272 1369 1271
f 1271 1369 1277
f 1272 1370 1369
f 1280 1370 1272
f 1273 1371 1351
f 1273 1372 1371
f 1274 1372 1273
f 1275 1372 1274
f 1275 1373 1372
f 1276 1373 1275
f 1276 1374 1373
f 1276 1375 1374
f 1369 1375 1277
f 1277 1375 1276
f 1278 1376 1281
f 1279 1376 1278
f 1357 1377 1279
f 1279 1377 1376
f 1280 1378 1370
f 1281 1378 1280
f 1376 1378 1281
f 1283 1379 1293
f 1283 1380 1379
f 1284 1380 1283
f 1284 1381 1380
f 1296 1381 1285
f 1285 1381 1284
f 1287 1382 1286
f 1286 1383 1366
f 1382 1383 1286
f 1287 1384 1382
f 1288 1384 1287
f 1288 1385 1384
f 1289 1385 1288
f 1289 1386 1385
f 1290 1386 1289
f 1292 1387 1291
f 1291 1387 1290
f 1290 1388 1386
f 1387 1388 1290
f 1292 1389 1387
f 1292 1390 1389
f 1293 1390 1292
f 1379 1390 1293
f 1294 1391 1295
f 1295 1392 1296
f 1391 1393 1295
f 1295 1393 1392
f 1296 1394 1381
f 1392 1394 1296
f 1297 1395 1300
f 1298 1395 1297
f 1298 1396 1395
f 1298 1397 1396
f 1314 1397 1301
f 1301 1397 1298
f 1299 1398 1306
f 1300 1398 1299
f 1300 1399 1398
f 1395 1399 1300
f 1302 1400 1310
f 1303 1400 1302
f 1303 1401 1400
f 1307 1401 1304
f 1304 1401 1303
f 1305 1402 1307
f 1305 1403 1402
f 1305 1404 1403
f 1398 1404 1306
f 1306 1404 1305
f 1307 1405 1401
f 1402 1405 1307
f 1308 1406 1344
f 1309 1406 1308
f 1309 1407 1406
f 1310 1407 1309
f 1310 1408 1407
f 1310 1409 1408
f 1400 1409 1310
f 1311 1410 1312
f 1324 1410 1311
f 1312 1411 1313
f 1410 1411 1312
f 1313 1412 1315
f 1411 1412 1313
f 1314 1413 1397
f 1314 1414 1413
f 1412 1414 1315
f 1315 1414 1314
f 1316 1415 1317
f 1318 1415 1316
f 1317 1416 1324
f 1415 1416 1317
f 1322 1417 1319
f 1319 1417 1318
f 1417 1418 1318
f 1318 1418 1415
f 1320 1419 1321
f 1325 1419 1320
f 1321 1420 1323
f 1321 1421 1420
f 1419 1421 1321
f 1322 1422 1417
f 1322 1423 1422
f 1420 1423 1323
f 1323 1423 1322
f 1324 1424 1410
f 1416 1424 1324
f 1325 1425 1419
f 1326 1425 1325
f 1326 1426 1425
f 1330 1426 1326
f 1327 1427 1329
f 1328 1427 1327
f 1328 1428 1427
f 1354 1428 1328
f 1329 1429 1331
f 1427 1429 1329
f 1330 1430 1426
f 1331 1430 1330
f 1331 1431 1430
f 1429 1431 1331
f 1332 1432 1339
f 1333 1433 1332
f 1332 1433 1432
f 1338 1433 1333
f 1334 1434 1338
f 1334 1435 1434
f 1336 1435 1335
f 1335 1435 1334
f 1336 1436 1435
f 1336 1437 1436
f 1341 1437 1337
f 1337 1437 1336
f 1338 1438 1433
f 1434 1438 1338
f 1339 1439 1340
f 1432 1439 1339
f 1439 1440 1340
f 1341 1441 1437
f 1343 1441 1341
f 1342 1442 1343
f 1342 1443 1442
f 1406 1443 1344
f 1344 1443 1342
f 1343 1444 1441
f 1442 1444 1343
f 1345 1445 1353
f 1346 1445 1345
f 1347 1446 1346
f 1346 1447 1445
f 1446 1447 1346
f 1347 1448 1446
f 1349 1448 1348
f 1348 1448 1347
f 1349 1449 1448
f 1350 1449 1349
f 1350 1450 1449
f 1351 1450 1350
f 1351 1451 1450
f 1371 1451 1351
f 1352 1452 1355
f 1353 1452 1352
f 1353 1453 1452
f 1445 1453 1353
f 1354 1454 1428
f 1356 1454 1354
f 1355 1455 1356
f 1452 1455 1355
f 1356 1456 1454
f 1455 1456 1356
f 1357 1457 1377
f 1358 1457 1357
f 1358 1458 1457
f 1358 1459 1458
f 1359 1459 1358
f 1359 1460 1459
f 1360 1460 1359
f 1360 1461 1460
f 1367 1461 1360
f 1361 1462 1368
f 1362 1462 1361
f 1362 1463 1462
f 1363 1463 1362
f 1363 1464 1463
f 1364 1464 1363
f 1365 1465 1364
f 1364 1465 1464
f 1365 1466 1465
f 1366 1466 1365
f 1366 1467 1466
f 1383 1467 1366
f 1367 1468 1461
f 1368 1468 1367
f 1368 1469 1468
f 1462 1469 1368
f 1369 1470 1375
f 1369 1471 1470
f 1370 1471 1369
f 1370 1472 1471
f 1378 1472 1370
f 1371 1473 1451
f 1372 1473 1371
f 1372 1474 1473
f 1373 1474 1372
f 1374 1474 1373
f 1374 1475 1474
f 1374 1476 1475
f 1470 1476 1375
f 1375 1476 1374
f 1377 1477 1376
f 1477 1478 1376
f 1376 1478 1378
f 1377 1479 1477
f 1458 1479 1457
f 1457 1479 1377
f 1378 1480 1472
f 1478 1480 1378
f 1379 1481 1390
f 1379 1482 1481
f 1380 1482 1379
f 1380 1483 1482
f 1394 1483 1381
f 1381 1483 1380
f 1382 1484 1383
f 1382 1485 1484
f 1384 1485 1382
f 1383 1486 1467
f 1484 1486 1383
f 1384 1487 1485
f 1386 1487 1385
f 1385 1487 1384
f 1386 1488 1487
f 1388 1488 1386
f 1387 1489 1388
f 1389 1489 1387
f 1388 1490 1488
f 1489 1490 1388
f 1481 1491 1390
f 1390 1491 1389
f 1389 1492 1489
f 1491 1492 1389
f 1391 1493 1393
f 1392 1494 1394
f 1393 1494 1392
f 1393 1495 1494
f 1493 1495 1393
f 1394 1496 1483
f 1494 1496 1394
f 1395 1497 1399
f 1396 1497 1395
f 1396 1498 1497
f 1413 1498 1397
f 1397 1498 1396
f 1398 1499 1404
f 1398 1500 1499
f 1399 1500 1398
f 1497 1501 1399
f 1399 1501 1500
f 1400 1502 1409
f 1405 1502 1401
f 1401 1502 1400
f 1402 1503 1405
f 1403 1503 1402
f 1403 1504 1503
f 1403 1505 1504
f 1499 1505 1404
f 1404 1505 1403
f 1503 1506 1405
f 1405 1506 1502
f 1406 1507 1443
f 1406 1508 1507
f 1408 1508 1407
f 1407 1508 1406
f 1408 1509 1508
f 1408 1510 1509
f 1409 1510 1408
f 1409 1511 1510
f 1506 1511 1502
f 1502 1511 1409
f 1410 1512 1411
f 1424 1512 1410
f 1411 1513 1412
f 1512 1513 1411
f 1513 1514 1412
f 1412 1514 1414
f 1414 1515 1413
f 1514 1515 1414
f 1515 1516 1413
f 1413 1516 1498
f 1415 1517 1416
f 1418 1517 1415
f 1416 1518 1424
f 1517 1518 1416
f 1417 1519 1418
f 1422 1519 1417
f 1418 1520 1517
f 1519 1520 1418
f 1419 1521 1421
f 1425 1521 1419
f 1420 1522 1423
f 1421 1522 1420
f 1421 1523 1522
f 1521 1523 1421
f 1422 1524 1519
f 1422 1525 1524
f 1522 1525 1423
f 1423 1525 1422
f 1424 1526 1512
f 1518 1526 1424
f 1426 1527 1425
f 1425 1527 1521
f 1426 1528 1527
f 1430 1528 1426
f 1427 1529 1429
f 1428 1529 1427
f 1428 1530 1529
f 1454 1530 1428
f 1429 1531 1431
f 1529 1531 1429
f 1430 1532 1528
f 1430 1533 1532
f 1431 1533 1430
f 1531 1534 1431
f 1431 1534 1533
f 1432 1535 1439
f 1432 1536 1535
f 1433 1536 1432
f 1433 1537 1536
f 1438 1537 1433
f 1434 1538 1438
f 1434 1539 1538
f 1435 1539 1434
f 1436 1539 1435
f 1436 1540 1539
f 1436 1541 1540
f 1441 1541 1437
f 1437 1541 1436
f 1438 1542 1537
f 1538 1542 1438
f 1439 1543 1440
f 1535 1543 1439
f 1543 1544 1440
f 1441 1545 1541
f 1444 1545 1441
f 1507 1546 1443
f 1443 1546 1442
f 1546 1547 1442
f 1442 1547 1444
f 1444 1548 1545
f 1547 1548 1444
f 1445 1549 1453
f 1447 1549 1445
f 1446 1550 1447
f 1446 1551 1550
f 1448 1551 1446
f 1449 1551 1448
f 1447 1552 1549
f 1550 1552 1447
f 1449 1553 1551
f 1450 1553 1449
f 1450 1554 1553
f 1451 1554 1450
f 1451 1555 1554
f 1451 1556 1555
f 1473 1556 1451
f 1452 1557 1455
f 1453 1557 1452
f 1453 1558 1557
f 1549 1558 1453
f 1454 1559 1530
f 1456 1559 1454
f 1455 1560 1456
f 1557 1560 1455
f 1456 1561 1559
f 1560 1561 1456
f 1458 1562 1479
f 1459 1563 1458
f 1458 1563 1562
f 1459 1564 1563
f 1460 1564 1459
f 1460 1565 1564
f 1461 1565 1460
f 1461 1566 1565
f 1468 1566 1461
f 1462 1567 1469
f 1463 1567 1462
f 1463 1568 1567
f 1464 1568 1463
f 1464 1569 1568
f 1464 1570 1569
f 1465 1570 1464
f 1465 1571 1570
f 1466 1571 1465
f 1466 1572 1571
f 1467 1572 1466
f 1467 1573 1572
f 1486 1573 1467
f 1468 1574 1566
f 1469 1574 1468
f 1469 1575 1574
f 1469 1576 1575
f 1567 1576 1469
f 1568 1576 1567
f 1471 1577 1470
f 1577 1578 1470
f 1470 1578 1476
f 1471 1579 1577
f 1480 1579 1472
f 1472 1579 1471
f 1473 1580 1556
f 1475 1580 1474
f 1474 1580 1473
f 1475 1581 1580
f 1475 1582 1581
f 1578 1582 1476
f 1476 1582 1475
f 1477 1583 1478
f 1477 1584 1583
f 1562 1584 1479
f 1479 1584 1477
f 1478 1585 1480
f 1583 1585 1478
f 1585 1586 1480
f 1480 1586 1579
f 1482 1587 1481
f 1587 1588 1481
f 1481 1588 1491
f 1491 1588 1492
f 1482 1589 1587
f 1496 1589 1483
f 1483 1589 1482
f 1484 1590 1486
f 1484 1591 1590
f 1485 1591 1484
f 1485 1592 1591
f 1488 1592 1487
f 1487 1592 1485
f 1590 1593 1486
f 1486 1593 1573
f 1488 1594 1592
f 1490 1594 1488
f 1489 1595 1490
f 1492 1595 1489
f 1490 1596 1594
f 1595 1596 1490
f 1492 1597 1595
f 1588 1597 1492
f 1493 1598 1495
f 1494 1599 1496
f 1495 1599 1494
f 1495 1600 1599
f 1598 1600 1495
f 1496 1601 1589
f 1599 1601 1496
f 1497 1602 1501
f 1498 1602 1497
f 1498 1603 1602
f 1516 1603 1498
f 1500 1604 1499
f 1499 1604 1505
f 1500 1605 1604
f 1501 1605 1500
f 1501 1606 1605
f 1603 1606 1602
f 1602 1606 1501
f 1503 1607 1506
f 1503 1608 1607
f 1504 1608 1503
f 1504 1609 1608
f 1505 1610 1504
f 1504 1610 1609
f 1604 1610 1505
f 1506 1611 1511
f 1607 1611 1506
f 1507 1612 1546
f 1546 1612 1547
f 1507 1613 1612
f 1509 1613 1508
f 1508 1613 1507
f 1509 1614 1613
f 1509 1615 1614
f 1510 1615 1509
f 1511 1616 1510
f 1510 1616 1615
f 1611 1616 1511
f 1512 1617 1513
f 1526 1617 1512
f 1513 1618 1514
f 1617 1618 1513
f 1514 1619 1515
f 1618 1619 1514
f 1515 1620 1516
f 1619 1620 1515
f 1620 1621 1516
f 1516 1621 1603
f 1520 1622 1517
f 1517 1622 1518
f 1518 1623 1526
f 1622 1623 1518
f 1519 1624 1520
f 1524 1624 1519
f 1520 1625 1622
f 1624 1625 1520
f 1521 1626 1523
f 1527 1626 1521
f 1522 1627 1525
f 1522 1628 1627
f 1523 1628 1522
f 1523 1629 1628
f 1626 1629 1523
f 1524 1630 1624
f 1525 1631 1524
f 1524 1631 1630
f 1627 1631 1525
f 1526 1632 1617
f 1623 1632 1526
f 1527 1633 1626
f 1528 1633 1527
f 1528 1634 1633
f 1532 1634 1528
f 1529 1635 1531
f 1530 1635 1529
f 1530 1636 1635
f 1559 1636 1530
f 1531 1637 1534
f 1635 1637 1531
f 1532 1638 1634
f 1533 1639 1532
f 1532 1639 1638
f 1534 1639 1533
f 1534 1640 1639
f 1637 1640 1534
f 1535 1641 1543
f 1535 1642 1641
f 1536 1642 1535
f 1536 1643 1642
f 1542 1643 1537
f 1537 1643 1536
f 1538 1644 1542
f 1538 1645 1644
f 1539 1645 1538
f 1540 1645 1539
f 1540 1647 1645
f 1646 1647 1540
f 1541 1648 1540
f 1540 1648 1646
f 1545 1648 1541
f 1542 1649 1643
f 1542 1650 1649
f 1644 1650 1542
f 1543 1651 1544
f 1641 1651 1543
f 1651 1652 1544
f 1545 1653 1648
f 1548 1653 1545
f 1547 1654 1548
f 1547 1655 1654
f 1612 1655 1547
f 1548 1656 1653
f 1654 1656 1548
f 1552 1657 1549
f 1549 1657 1558
f 1553 1658 1551
f 1551 1658 1550
f 1550 1659 1552
f 1658 1659 1550
f 1552 1660 1657
f 1659 1660 1552
f 1553 1661 1658
f 1554 1661 1553
f 1554 1662 1661
f 1555 1662 1554
f 1555 1663 1662
f 1556 1663 1555
f 1556 1664 1663
f 1581 1664 1580
f 1580 1664 1556
f 1557 1665 1560
f 1558 1665 1557
f 1558 1666 1665
f 1660 1666 1657
f 1657 1666 1558
f 1561 1667 1559
f 1559 1667 1636
f 1560 1668 1561
f 1665 1668 1560
f 1668 1669 1561
f 1561 1669 1667
f 1563 1670 1562
f 1670 1671 1562
f 1562 1671 1584
f 1563 1672 1670
f 1564 1672 1563
f 1564 1673 1672
f 1564 1674 1673
f 1565 1674 1564
f 1566 1674 1565
f 1566 1675 1674
f 1566 1676 1675
f 1574 1676 1566
f 1575 1676 1574
f 1569 1677 1568
f 1568 1677 1576
f 1569 1678 1677
f 1569 1679 1678
f 1571 1679 1570
f 1570 1679 1569
f 1572 1680 1571
f 1573 1680 1572
f 1680 1681 1571
f 1571 1681 1679
f 1573 1682 1680
f 1573 1683 1682
f 1593 1683 1573
f 1575 1684 1676
f 1575 1685 1684
f 1677 1685 1576
f 1576 1685 1575
f 1577 1686 1578
f 1579 1686 1577
f 1686 1687 1578
f 1687 1688 1578
f 1578 1688 1582
f 1586 1689 1579
f 1579 1689 1686
f 1581 1690 1664
f 1581 1691 1690
f 1582 1691 1581
f 1688 1691 1582
f 1583 1692 1585
f 1583 1693 1692
f 1671 1693 1584
f 1584 1693 1583
f 1585 1694 1586
f 1692 1694 1585
f 1694 1695 1586
f 1586 1695 1689
f 1589 1696 1587
f 1601 1696 1589
f 1587 1697 1588
f 1696 1697 1587
f 1588 1698 1597
f 1697 1698 1588
f 1590 1699 1593
f 1590 1700 1699
f 1591 1700 1590
f 1591 1701 1700
f 1594 1701 1592
f 1592 1701 1591
f 1593 1702 1683
f 1699 1702 1593
f 1594 1703 1701
f 1596 1703 1594
f 1595 1704 1596
f 1597 1704 1595
f 1596 1705 1703
f 1704 1705 1596
f 1597 1706 1704
f 1698 1706 1597
f 1598 1707 1600
f 1599 1708 1601
f 1599 1709 1708
f 1600 1709 1599
f 1600 1710 1709
f 1707 1710 1600
f 1708 1711 1601
f 1601 1711 1696
f 1603 1712 1606
f 1621 1712 1603
f 1605 1713 1604
f 1713 1714 1604
f 1604 1714 1610
f 1605 1715 1713
f 1606 1715 1605
f 1606 1716 1715
f 1712 1716 1606
f 1607 1717 1611
f 1607 1718 1717
f 1608 1718 1607
f 1608 1719 1718
f 1609 1719 1608
f 1609 1720 1719
f 1714 1720 1610
f 1610 1720 1609
f 1611 1721 1616
f 1717 1721 1611
f 1612 1722 1655
f 1614 1722 1613
f 1613 1722 1612
f 1614 1723 1722
f 1614 1724 1723
f 1615 1724 1614
f 1615 1725 1724
f 1721 1725 1616
f 1616 1725 1615
f 1617 1726 1618
f 1632 1726 1617
f 1618 1727 1619
f 1726 1727 1618
f 1619 1728 1620
f 1727 1728 1619
f 1728 1729 1620
f 1620 1729 1621
f 1621 1730 1712
f 1729 1730 1621
f 1622 1731 1623
f 1625 1731 1622
f 1623 1732 1632
f 1731 1732 1623
f 1624 1733 1625
f 1630 1733 1624
f 1625 1734 1731
f 1733 1734 1625
f 1626 1735 1629
f 1633 1735 1626
f 1627 1736 1631
f 1628 1736 1627
f 1628 1737 1736
f 1629 1737 1628
f 1629 1738 1737
f 1735 1738 1629
f 1630 1739 1733
f 1630 1740 1739
f 1631 1740 1630
f 1631 1741 1740
f 1736 1741 1631
f 1632 1742 1726
f 1732 1742 1632
f 1633 1743 1735
f 1634 1743 1633
f 1638 1744 1634
f 1634 1744 1743
f 1635 1745 1637
f 1636 1745 1635
f 1636 1746 1745
f 1667 1746 1636
f 1637 1747 1640
f 1745 1747 1637
f 1638 1748 1744
f 1639 1748 1638
f 1639 1749 1748
f 1640 1749 1639
f 1640 1750 1749
f 1747 1750 1640
f 1641 1751 1651
f 1642 1752 1641
f 1641 1752 1751
f 1642 1753 1752
f 1649 1753 1643
f 1643 1753 1642
f 1644 1754 1650
f 1645 1754 1644
f 1647 1754 1645
f 1648 1755 1646
f 1653 1755 1648
f 1755 1756 1646
f 1646 1756 1647
f 1647 1757 1754
f 1756 1757 1647
f 1649 1758 1753
f 1650 1759 1649
f 1649 1759 1758
f 1650 1760 1759
f 1757 1760 1754
f 1754 1760 1650
f 1651 1761 1652
f 1751 1761 1651
f 1761 1762 1652
f 1653 1763 1755
f 1656 1763 1653
f 1654 1764 1656
f 1654 1765 1764
f 1655 1765 1654
f 1655 1766 1765
f 1722 1766 1655
f 1723 1766 1722
f 1656 1767 1763
f 1764 1767 1656
f 1658 1768 1659
f 1661 1768 1658
f 1659 1769 1660
f 1659 1770 1769
f 1768 1770 1659
f 1660 1771 1666
f 1769 1771 1660
f 1661 1772 1768
f 1662 1772 1661
f 1662 1773 1772
f 1663 1773 1662
f 1690 1774 1664
f 1664 1774 1663
f 1774 1775 1663
f 1663 1775 1773
f 1771 1776 1666
f 1666 1776 1665
f 1776 1777 1665
f 1665 1777 1668
f 1667 1778 1746
f 1669 1778 1667
f 1668 1779 1669
f 1777 1779 1668
f 1669 1780 1778
f 1779 1780 1669
f 1670 1781 1671
f 1670 1782 1781
f 1672 1782 1670
f 1671 1783 1693
f 1781 1783 1671
f 1672 1784 1782
f 1673 1784 1672
f 1673 1785 1784
f 1673 1786 1785
f 1675 1786 1674
f 1674 1786 1673
f 1675 1787 1786
f 1675 1788 1787
f 1684 1788 1676
f 1676 1788 1675
f 1678 1789 1677
f 1677 1789 1685
f 1678 1790 1789
f 1678 1791 1790
f 1681 1791 1679
f 1679 1791 1678
f 1680 1792 1681
f 1682 1792 1680
f 1681 1793 1791
f 1792 1793 1681
f 1682 1794 1792
f 1683 1794 1682
f 1683 1795 1794
f 1702 1795 1683
f 1684 1796 1788
f 1684 1797 1796
f 1789 1797 1685
f 1685 1797 1684
f 1686 1798 1687
f 1689 1798 1686
f 1687 1799 1688
f 1687 1800 1799
f 1798 1800 1687
f 1688 1801 1691
f 1799 1801 1688
f 1695 1802 1689
f 1689 1802 1798
f 1690 1803 1774
f 1774 1803 1775
f 1690 1804 1803
f 1690 1805 1804
f 1801 1805 1691
f 1691 1805 1690
f 1692 1806 1694
f 1692 1807 1806
f 1693 1807 1692
f 1783 1807 1693
f 1694 1808 1695
f 1806 1808 1694
f 1808 1809 1695
f 1695 1809 1802
f 1696 1810 1697
f 1711 1810 1696
f 1697 1811 1698
f 1698 1811 1706
f 1810 1811 1697
f 1699 1812 1702
f 1699 1813 1812
f 1700 1813 1699
f 1700 1814 1813
f 1701 1814 1700
f 1701 1815 1814
f 1703 1815 1701
f 1702 1816 1795
f 1812 1816 1702
f 1705 1817 1703
f 1703 1817 1815
f 1704 1818 1705
f 1706 1818 1704
f 1705 1819 1817
f 1705 1820 1819
f 1818 1820 1705
f 1706 1821 1818
f 1811 1821 1706
f 1707 1822 1710
f 1708 1823 1711
f 1709 1823 1708
f 1709 1824 1823
f 1710 1824 1709
f 1710 1825 1824
f 1822 1825 1710
f 1711 1826 1810
f 1823 1826 1711
f 1712 1827 1716
f 1730 1827 1712
f 1713 1828 1714
f 1715 1828 1713
f 1714 1829 1720
f 1828 1829 1714
f 1715 1830 1828
f 1716 1830 1715
f 1716 1831 1830
f 1827 1831 1716
f 1717 1832 1721
f 1721 1832 1725
f 1717 1833 1832
f 1718 1833 1717
f 1718 1834 1833
f 1719 1834 1718
f 1719 1835 1834
f 1720 1835 1719
f 1720 1836 1835
f 1829 1836 1720
f 1723 1837 1766
f 1723 1838 1837
f 1724 1838 1723
f 1725 1839 1724
f 1724 1839 1838
f 1725 1840 1839
f 1832 1840 1725
f 1726 1841 1727
f 1742 1841 1726
f 1727 1842 1728
f 1841 1842 1727
f 1728 1843 1729
f 1842 1843 1728
f 1729 1844 1730
f 1843 1844 1729
f 1844 1845 1730
f 1730 1845 1827
f 1827 1845 1831
f 1731 1846 1732
f 1734 1846 1731
f 1732 1847 1742
f 1732 1848 1847
f 1846 1848 1732
f 1733 1849 1734
f 1739 1849 1733
f 1849 1850 1734
f 1734 1850 1846
f 1846 1850 1848
f 1735 1851 1738
f 1743 1851 1735
f 1736 1852 1741
f 1737 1852 1736
f 1737 1853 1852
f 1738 1853 1737
f 1738 1854 1853
f 1851 1854 1738
f 1739 1855 1849
f 1739 1856 1855
f 1740 1856 1739
f 1741 1857 1740
f 1740 1857 1856
f 1741 1858 1857
f 1852 1858 1741
f 1847 1859 1742
f 1742 1859 1841
f 1743 1860 1851
f 1744 1860 1743
f 1748 1861 1744
f 1861 1862 1744
f 1744 1862 1860
f 1746 1863 1745
f 1745 1863 1747
f 1746 1864 1863
f 1780 1864 1778
f 1778 1864 1746
f 1747 1865 1750
f 1863 1865 1747
f 1748 1866 1861
f 1749 1866 1748
f 1749 1867 1866
f 1750 1867 1749
f 1865 1868 1750
f 1750 1868 1867
f 1752 1869 1751
f 1869 1870 1751
f 1751 1870 1761
f 1752 1871 1869
f 1758 1871 1753
f 1753 1871 1752
f 1755 1872 1756
f 1763 1872 1755
f 1756 1873 1757
f 1872 1873 1756
f 1757 1874 1760
f 1873 1874 1757
f 1758 1875 1871
f 1758 1876 1875
f 1759 1876 1758
f 1759 1877 1876
f 1874 1877 1760
f 1760 1877 1759
f 1761 1878 1762
f 1870 1878 1761
f 1878 1879 1762
f 1763 1880 1872
f 1767 1880 1763
f 1764 1881 1767
f 1767 1881 1880
f 1764 1882 1881
f 1765 1882 1764
f 1765 1883 1882
f 1837 1883 1766
f 1766 1883 1765
f 1768 1884 1770
f 1772 1884 1768
f 1769 1885 1771
f 1769 1886 1885
f 1770 1886 1769
f 1770 1887 1886
f 1884 1887 1770
f 1771 1888 1776
f 1885 1888 1771
f 1772 1889 1884
f 1773 1889 1772
f 1773 1890 1889
f 1775 1890 1773
f 1775 1891 1890
f 1803 1891 1775
f 1888 1892 1776
f 1776 1892 1777
f 1777 1893 1779
f 1892 1893 1777
f 1779 1894 1780
f 1893 1894 1779
f 1780 1895 1864
f 1894 1895 1780
f 1781 1896 1783
f 1781 1897 1896
f 1782 1897 1781
f 1782 1898 1897
f 1784 1898 1782
f 1896 1899 1783
f 1783 1899 1807
f 1784 1900 1898
f 1785 1900 1784
f 1785 1901 1900
f 1785 1902 1901
f 1786 1902 1785
f 1787 1902 1786
f 1787 1903 1902
f 1796 1903 1788
f 1788 1903 1787
f 1789 1904 1797
f 1790 1904 1789
f 1793 1905 1791
f 1791 1905 1790
f 1905 1906 1790
f 1790 1906 1904
f 1792 1907 1793
f 1794 1907 1792
f 1793 1908 1905
f 1907 1908 1793
f 1794 1909 1907
f 1794 1910 1909
f 1795 1910 1794
f 1795 1911 1910
f 1816 1911 1795
f 1796 1912 1903
f 1796 1913 1912
f 1904 1913 1797
f 1797 1913 1796
f 1802 1914 1798
f 1798 1914 1800
f 1800 1915 1799
f 1915 1916 1799
f 1799 1916 1801
f 1801 1916 1805
f 1914 1917 1800
f 1800 1917 1915
f 1802 1918 1914
f 1809 1918 1802
f 1803 1919 1891
f 1804 1919 1803
f 1916 1920 1805
f 1805 1920 1804
f 1920 1921 1804
f 1804 1921 1919
f 1806 1922 1808
f 1808 1922 1809
f 1806 1923 1922
f 1899 1923 1807
f 1807 1923 1806
f 1809 1924 1918
f 1922 1924 1809
f 1810 1925 1811
f 1826 1925 1810
f 1811 1926 1821
f 1925 1926 1811
f 1812 1927 1816
f 1812 1928 1927
f 1813 1928 1812
f 1813 1929 1928
f 1814 1929 1813
f 1815 1929 1814
f 1815 1930 1929
f 1817 1930 1815
f 1816 1931 1911
f 1927 1931 1816
f 1817 1932 1930
f 1819 1932 1817
f 1818 1933 1820
f 1821 1933 1818
f 1819 1934 1932
f 1820 1934 1819
f 1820 1935 1934
f 1933 1935 1820
f 1821 1936 1933
f 1926 1936 1821
f 1822 1937 1825
f 1823 1938 1826
f 1824 1938 1823
f 1824 1939 1938
f 1825 1939 1824
f 1825 1940 1939
f 1937 1940 1825
f 1938 1941 1826
f 1941 1942 1826
f 1826 1942 1925
f 1925 1942 1926
f 1830 1943 1828
f 1828 1943 1829
f 1829 1944 1836
f 1943 1944 1829
f 1830 1945 1943
f 1831 1945 1830
f 1831 1946 1945
f 1845 1946 1831
f 1832 1947 1840
f 1833 1947 1832
f 1833 1948 1947
f 1834 1948 1833
f 1834 1949 1948
f 1835 1949 1834
f 1835 1950 1949
f 1836 1950 1835
f 1944 1951 1836
f 1836 1951 1950
f 1837 1952 1883
f 1837 1953 1952
f 1838 1953 1837
f 1838 1954 1953
f 1839 1954 1838
f 1839 1955 1954
f 1840 1955 1839
f 1840 1956 1955
f 1947 1956 1840
f 1841 1957 1842
f 1859 1957 1841
f 1842 1958 1843
f 1957 1958 1842
f 1843 1959 1844
f 1958 1959 1843
f 1844 1960 1845
f 1959 1960 1844
f 1845 1961 1946
f 1960 1961 1845
f 1847 1962 1859
f 1847 1963 1962
f 1848 1963 1847
f 1850 1963 1848
f 1849 1964 1850
f 1855 1964 1849
f 1850 1965 1963
f 1964 1965 1850
f 1851 1966 1854
f 1860 1966 1851
f 1852 1967 1858
f 1853 1967 1852
f 1853 1968 1967
f 1854 1968 1853
f 1854 1969 1968
f 1966 1969 1854
f 1855 1970 1964
f 1857 1971 1856
f 1856 1971 1855
f 1971 1972 1855
f 1855 1972 1970
f 1857 1973 1971
f 1858 1973 1857
f 1858 1974 1973
f 1967 1974 1858
f 1859 1975 1957
f 1962 1975 1859
f 1860 1976 1966
f 1862 1976 1860
f 1861 1977 1862
f 1866 1977 1861
f 1862 1978 1976
f 1977 1978 1862
f 1863 1979 1865
f 1864 1979 1863
f 1895 1980 1864
f 1864 1980 1979
f 1865 1981 1868
f 1979 1981 1865
f 1866 1982 1977
f 1867 1982 1866
f 1867 1983 1982
f 1868 1983 1867
f 1868 1984 1983
f 1981 1984 1868
f 1875 1985 1871
f 1871 1985 1869
f 1869 1986 1870
f 1985 1986 1869
f 1986 1987 1870
f 1870 1987 1878
f 1872 1988 1873
f 1880 1988 1872
f 1988 1989 1873
f 1873 1989 1874
f 1874 1990 1877
f 1989 1990 1874
f 1875 1991 1985
f 1875 1992 1991
f 1876 1992 1875
f 1877 1993 1876
f 1876 1993 1992
f 1990 1993 1877
f 1878 1994 1879
f 1987 1994 1878
f 1994 1995 1879
f 1880 1996 1988
f 1880 1997 1996
f 1881 1997 1880
f 1881 1998 1997
f 1882 1998 1881
f 1882 1999 1998
f 1952 1999 1883
f 1883 1999 1882
f 1884 2000 1887
f 1889 2000 1884
f 1885 2001 1888
f 1885 2002 2001
f 1885 2003 2002
f 1886 2003 1885
f 1887 2003 1886
f 1887 2004 2003
f 2000 2004 1887
f 1888 2005 1892
f 2001 2005 1888
f 1889 2006 2000
f 1890 2006 1889
f 1891 2007 1890
f 1890 2007 2006
f 1891 2008 2007
f 1919 2008 1891
f 1892 2009 1893
f 2005 2009 1892
f 1893 2010 1894
f 2009 2010 1893
f 1894 2011 1895
f 2010 2011 1894
f 1895 2012 1980
f 2011 2012 1895
f 1897 2013 1896
f 1896 2013 1899
f 1897 2014 2013
f 1897 2015 2014
f 1898 2015 1897
f 1898 2016 2015
f 1901 2016 1900
f 1900 2016 1898
f 2013 2017 1899
f 1899 2017 1923
f 1901 2018 2016
f 1901 2019 2018
f 1902 2019 1901
f 1903 2020 1902
f 1902 2020 2019
f 1912 2020 1903
f 1906 2021 1904
f 1904 2021 1913
f 1905 2022 1906
f 1908 2022 1905
f 2022 2023 1906
f 1906 2023 2021
f 1907 2024 1908
f 1909 2024 1907
f 1908 2025 2022
f 2024 2025 1908
f 1909 2026 2024
f 1910 2026 1909
f 1910 2027 2026
f 1911 2027 1910
f 1911 2028 2027
f 1931 2028 1911
f 1912 2029 2020
f 1912 2030 2029
f 1913 2031 1912
f 1912 2031 2030
f 2021 2031 1913
f 1914 2032 1917
f 1918 2032 1914
f 1915 2033 1916
f 1916 2033 1920
f 1920 2033 1921
f 1915 2034 2033
f 1917 2034 1915
f 1917 2035 2034
f 2032 2035 1917
f 1918 2036 2032
f 1924 2036 1918
f 1919 2037 2008
f 1921 2037 1919
f 1921 2038 2037
f 2033 2038 1921
f 1922 2039 1924
f 1922 2040 2039
f 2017 2040 1923
f 1923 2040 1922
f 1924 2041 2036
f 2039 2041 1924
f 1926 2042 1936
f 1942 2042 1926
f 1928 2043 1927
f 2043 2044 1927
f 1927 2044 1931
f 1928 2045 2043
f 1929 2045 1928
f 1930 2045 1929
f 1930 2046 2045
f 1932 2046 1930
f 1931 2047 2028
f 2044 2047 1931
f 1932 2048 2046
f 1934 2048 1932
f 1933 2049 1935
f 1936 2049 1933
f 1934 2050 2048
f 1935 2050 1934
f 1935 2051 2050
f 2049 2051 1935
f 1936 2052 2049
f 2042 2052 1936
f 1937 2053 1940
f 1938 2054 1941
f 1939 2054 1938
f 1939 2055 2054
f 1940 2055 1939
f 1940 2056 2055
f 2053 2056 1940
f 1942 2057 2042
f 1941 2057 1942
f 2054 2057 1941
f 1943 2058 1944
f 1945 2058 1943
f 1944 2059 1951
f 2058 2059 1944
f 1945 2060 2058
f 1946 2060 1945
f 1946 2061 2060
f 1961 2061 1946
f 1947 2062 1956
f 1948 2062 1947
f 1948 2063 2062
f 1949 2063 1948
f 1950 2064 1949
f 1949 2064 2063
f 1950 2065 2064
f 1951 2065 1950
f 1951 2066 2065
f 2059 2066 1951
f 1952 2067 1999
f 1952 2068 2067
f 1953 2068 1952
f 1953 2069 2068
f 1954 2069 1953
f 1954 2070 2069
f 1955 2070 1954
f 1956 2071 1955
f 1955 2071 2070
f 1956 2072 2071
f 2062 2072 1956
f 1957 2073 1958
f 1975 2073 1957
f 1958 2074 1959
f 2073 2074 1958
f 1959 2075 1960
f 1960 2075 1961
f 2074 2076 1959
f 1959 2076 2075
f 1961 2077 2061
f 1961 2078 2077
f 2075 2078 1961
f 1962 2079 1975
f 1962 2080 2079
f 1965 2080 1963
f 1963 2080 1962
f 1964 2081 1965
f 1970 2081 1964
f 1965 2082 2080
f 2081 2082 1965
f 1966 2083 1969
f 1976 2083 1966
f 1967 2084 1974
f 1968 2084 1967
f 1968 2085 2084
f 1969 2085 1968
f 1969 2086 2085
f 2083 2086 1969
f 1970 2087 2081
f 1972 2087 1970
f 1971 2088 1972
f 1973 2088 1971
f 1972 2089 2087
f 2088 2089 1972
f 1973 2090 2088
f 1974 2090 1973
f 1974 2091 2090
f 2084 2091 1974
f 1975 2092 2073
f 2079 2092 1975
f 1978 2093 1976
f 1976 2093 2083
f 1977 2094 1978
f 1982 2094 1977
f 1978 2095 2093
f 2094 2095 1978
f 1979 2096 1981
f 1980 2096 1979
f 1980 2097 2096
f 2012 2097 1980
f 1981 2098 1984
f 2096 2098 1981
f 1983 2099 1982
f 1982 2099 2094
f 1983 2100 2099
f 1984 2100 1983
f 1984 2101 2100
f 2098 2101 1984
f 1985 2102 1986
f 1991 2102 1985
f 1986 2103 1987
f 2102 2103 1986
f 1987 2104 1994
f 1987 2105 2104
f 2103 2105 1987
f 1988 2106 1989
f 1996 2106 1988
f 1989 2107 1990
f 2106 2107 1989
f 1990 2108 1993
f 2107 2108 1990
f 1992 2109 1991
f 2109 2110 1991
f 1991 2110 2102
f 1992 2111 2109
f 2108 2111 1993
f 1993 2111 1992
f 1994 2112 1995
f 2104 2112 1994
f 2112 2113 1995
f 1996 2114 2106
f 1996 2115 2114
f 1997 2115 1996
f 1997 2116 2115
f 1998 2116 1997
f 1998 2117 2116
f 2067 2117 1999
f 1999 2117 1998
f 2006 2118 2000
f 2000 2118 2004
f 2001 2119 2005
f 2005 2119 2009
f 2001 2120 2119
f 2002 2120 2001
f 2002 2121 2120
f 2002 2122 2121
f 2004 2122 2003
f 2003 2122 2002
f 2004 2123 2122
f 2118 2123 2004
f 2006 2124 2118
f 2007 2124 2006
f 2007 2125 2124
f 2008 2125 2007
f 2008 2126 2125
f 2037 2126 2008
f 2009 2127 2010
f 2009 2128 2127
f 2119 2128 2009
f 2010 2129 2011
f 2127 2129 2010
f 2011 2130 2012
f 2129 2130 2011
f 2012 2131 2097
f 2012 2132 2131
f 2130 2132 2012
f 2013 2133 2017
f 2014 2133 2013
f 2014 2134 2133
f 2014 2135 2134
f 2015 2135 2014
f 2015 2136 2135
f 2016 2136 2015
f 2016 2137 2136
f 2018 2137 2016
f 2133 2138 2017
f 2017 2138 2040
f 2018 2139 2137
f 2018 2140 2139
f 2019 2140 2018
f 2019 2141 2140
f 2020 2141 2019
f 2029 2141 2020
f 2021 2142 2031
f 2023 2142 2021
f 2022 2143 2023
f 2025 2143 2022
f 2023 2144 2142
f 2143 2144 2023
f 2024 2145 2025
f 2026 2145 2024
f 2025 2146 2143
f 2145 2146 2025
f 2026 2147 2145
f 2026 2148 2147
f 2027 2148 2026
f 2028 2149 2027
f 2027 2149 2148
f 2028 2150 2149
f 2047 2150 2028
f 2030 2151 2029
f 2151 2152 2029
f 2029 2152 2141
f 2030 2153 2151
f 2142 2153 2031
f 2031 2153 2030
f 2036 2154 2032
f 2032 2154 2035
f 2034 2155 2033
f 2033 2155 2038
f 2034 2156 2155
f 2035 2156 2034
f 2035 2157 2156
f 2154 2157 2035
f 2036 2158 2154
f 2041 2158 2036
f 2038 2159 2037
f 2037 2159 2126
f 2038 2160 2159
f 2155 2160 2038
f 2039 2161 2041
f 2039 2162 2161
f 2138 2162 2040
f 2040 2162 2039
f 2041 2163 2158
f 2161 2163 2041
f 2057 2164 2042
f 2042 2164 2052
f 2043 2165 2044
f 2043 2166 2165
f 2045 2166 2043
f 2046 2166 2045
f 2044 2167 2047
f 2165 2167 2044
f 2048 2168 2046
f 2046 2168 2166
f 2167 2169 2047
f 2047 2169 2150
f 2050 2170 2048
f 2048 2171 2168
f 2170 2171 2048
f 2049 2172 2051
f 2052 2172 2049
f 2050 2173 2170
f 2051 2173 2050
f 2172 2174 2051
f 2051 2174 2173
f 2052 2175 2172
f 2052 2176 2175
f 2164 2176 2052
f 2053 2177 2056
f 2054 2178 2057
f 2057 2178 2164
f 2054 2179 2178
f 2055 2179 2054
f 2055 2180 2179
f 2056 2180 2055
f 2056 2181 2180
f 2177 2181 2056
f 2060 2182 2058
f 2182 2183 2058
f 2058 2183 2059
f 2059 2183 2066
f 2060 2184 2182
f 2077 2184 2061
f 2061 2184 2060
f 2062 2185 2072
f 2063 2185 2062
f 2063 2186 2185
f 2064 2186 2063
f 2064 2187 2186
f 2065 2187 2064
f 2065 2188 2187
f 2066 2188 2065
f 2066 2189 2188
f 2183 2189 2066
f 2067 2190 2117
f 2067 2191 2190
f 2068 2191 2067
f 2068 2192 2191
f 2069 2192 2068
f 2069 2193 2192
f 2070 2193 2069
f 2071 2194 2070
f 2070 2194 2193
f 2071 2195 2194
f 2072 2195 2071
f 2072 2196 2195
f 2185 2196 2072
f 2073 2197 2074
f 2092 2197 2073
f 2074 2198 2076
f 2197 2198 2074
f 2075 2199 2078
f 2198 2199 2076
f 2076 2199 2075
f 2077 2200 2184
f 2077 2201 2200
f 2078 2201 2077
f 2199 2202 2078
f 2078 2202 2201
f 2079 2203 2092
f 2079 2204 2203
f 2082 2204 2080
f 2080 2204 2079
f 2081 2205 2082
f 2087 2205 2081
f 2205 2206 2082
f 2082 2206 2204
f 2093 2207 2083
f 2083 2207 2086
f 2084 2208 2091
f 2085 2208 2084
f 2085 2209 2208
f 2086 2209 2085
f 2086 2210 2209
f 2207 2210 2086
f 2087 2211 2205
f 2087 2212 2211
f 2089 2212 2087
f 2088 2213 2089
f 2090 2213 2088
f 2089 2214 2212
f 2213 2214 2089
f 2090 2215 2213
f 2091 2215 2090
f 2091 2216 2215
f 2208 2216 2091
f 2092 2217 2197
f 2203 2217 2092
f 2093 2218 2207
f 2095 2218 2093
f 2094 2219 2095
f 2094 2220 2219
f 2099 2220 2094
f 2095 2221 2218
f 2219 2221 2095
f 2096 2222 2098
f 2131 2222 2097
f 2097 2222 2096
f 2098 2223 2101
f 2222 2223 2098
f 2099 2224 2220
f 2100 2224 2099
f 2100 2225 2224
f 2101 2225 2100
f 2223 2226 2101
f 2101 2226 2225
f 2110 2227 2102
f 2102 2227 2103
f 2103 2228 2105
f 2227 2228 2103
f 2104 2229 2112
f 2105 2229 2104
f 2105 2230 2229
f 2228 2230 2105
f 2106 2231 2107
f 2106 2232 2231
f 2114 2232 2106
f 2107 2233 2108
f 2231 2233 2107
f 2108 2234 2111
f 2233 2234 2108
f 2109 2235 2110
f 2109 2236 2235
f 2234 2236 2111
f 2111 2236 2109
f 2110 2237 2227
f 2235 2237 2110
f 2112 2238 2113
f 2229 2238 2112
f 2238 2239 2113
f 2114 2240 2232
f 2115 2240 2114
f 2115 2241 2240
f 2116 2241 2115
f 2116 2242 2241
f 2190 2242 2117
f 2117 2242 2116
f 2118 2243 2123
f 2124 2243 2118
f 2119 2244 2128
f 2120 2244 2119
f 2120 2245 2244
f 2121 2245 2120
f 2121 2246 2245
f 2121 2247 2246
f 2123 2247 2122
f 2122 2247 2121
f 2123 2248 2247
f 2243 2248 2123
f 2124 2249 2243
f 2125 2249 2124
f 2125 2250 2249
f 2126 2250 2125
f 2126 2251 2250
f 2159 2252 2126
f 2126 2252 2251
f 2128 2253 2127
f 2253 2254 2127
f 2127 2254 2129
f 2129 2254 2130
f 2128 2255 2253
f 2244 2255 2128
f 2254 2256 2130
f 2130 2256 2132
f 2131 2257 2222
f 2222 2257 2223
f 2131 2258 2257
f 2132 2258 2131
f 2132 2259 2258
f 2256 2259 2132
f 2133 2260 2138
f 2134 2260 2133
f 2135 2261 2134
f 2261 2262 2134
f 2134 2262 2260
f 2135 2263 2261
f 2136 2263 2135
f 2136 2264 2263
f 2137 2264 2136
f 2137 2265 2264
f 2139 2265 2137
f 2138 2266 2162
f 2260 2266 2138
f 2140 2267 2139
f 2139 2268 2265
f 2267 2268 2139
f 2140 2269 2267
f 2152 2269 2141
f 2141 2269 2140
f 2142 2270 2153
f 2144 2270 2142
f 2143 2271 2144
f 2146 2271 2143
f 2144 2272 2270
f 2271 2272 2144
f 2145 2273 2146
f 2147 2273 2145
f 2146 2274 2271
f 2273 2274 2146
f 2147 2275 2273
f 2148 2276 2147
f 2147 2276 2275
f 2149 2276 2148
f 2149 2277 2276
f 2149 2278 2277
f 2150 2278 2149
f 2150 2279 2278
f 2169 2279 2150
f 2151 2280 2152
f 2151 2281 2280
f 2270 2281 2153
f 2153 2281 2151
f 2152 2282 2269
f 2280 2282 2152
f 2154 2283 2157
f 2158 2283 2154
f 2155 2284 2160
f 2156 2284 2155
f 2156 2285 2284
f 2157 2285 2156
f 2157 2286 2285
f 2283 2286 2157
f 2158 2287 2283
f 2163 2287 2158
f 2159 2288 2252
f 2160 2288 2159
f 2160 2289 2288
f 2160 2290 2289
f 2284 2290 2160
f 2285 2290 2284
f 2162 2291 2161
f 2266 2291 2162
f 2291 2292 2161
f 2161 2292 2163
f 2163 2293 2287
f 2292 2293 2163
f 2164 2294 2176
f 2178 2294 2164
f 2165 2295 2167
f 2165 2296 2295
f 2168 2296 2166
f 2166 2296 2165
f 2167 2297 2169
f 2295 2297 2167
f 2168 2298 2296
f 2171 2298 2168
f 2169 2299 2279
f 2297 2299 2169
f 2170 2300 2171
f 2173 2300 2170
f 2300 2301 2171
f 2171 2301 2298
f 2172 2302 2174
f 2175 2302 2172
f 2173 2303 2300
f 2174 2303 2173
f 2174 2304 2303
f 2302 2304 2174
f 2175 2305 2302
f 2176 2305 2175
f 2176 2306 2305
f 2294 2306 2176
f 2177 2307 2181
f 2178 2308 2294
f 2179 2308 2178
f 2179 2309 2308
f 2180 2309 2179
f 2180 2310 2309
f 2181 2310 2180
f 2181 2311 2310
f 2307 2311 2181
f 2182 2312 2183
f 2183 2312 2189
f 2182 2313 2312
f 2200 2313 2184
f 2184 2313 2182
f 2185 2314 2196
f 2186 2314 2185
f 2186 2315 2314
f 2187 2315 2186
f 2187 2316 2315
f 2188 2316 2187
f 2188 2317 2316
f 2189 2317 2188
f 2312 2318 2189
f 2189 2318 2317
f 2190 2319 2242
f 2190 2320 2319
f 2191 2320 2190
f 2191 2321 2320
f 2192 2321 2191
f 2192 2322 2321
f 2193 2322 2192
f 2193 2323 2322
f 2194 2323 2193
f 2194 2324 2323
f 2195 2324 2194
f 2195 2325 2324
f 2196 2325 2195
f 2196 2326 2325
f 2314 2326 2196
f 2197 2327 2198
f 2217 2327 2197
f 2327 2328 2198
f 2198 2328 2199
f 2199 2328 2202
f 2200 2329 2313
f 2200 2330 2329
f 2201 2330 2200
f 2201 2331 2330
f 2202 2331 2201
f 2202 2332 2331
f 2328 2332 2202
f 2203 2333 2217
f 2203 2334 2333
f 2204 2334 2203
f 2206 2334 2204
f 2205 2335 2206
f 2211 2335 2205
f 2206 2336 2334
f 2335 2336 2206
f 2207 2337 2210
f 2218 2337 2207
f 2208 2338 2216
f 2209 2338 2208
f 2209 2339 2338
f 2209 2340 2339
f 2210 2340 2209
f 2210 2341 2340
f 2337 2341 2210
f 2211 2342 2335
f 2212 2342 2211
f 2212 2343 2342
f 2214 2343 2212
f 2213 2344 2214
f 2215 2344 2213
f 2214 2345 2343
f 2344 2345 2214
f 2215 2346 2344
f 2216 2346 2215
f 2216 2347 2346
f 2338 2347 2216
f 2217 2348 2327
f 2333 2348 2217
f 2218 2349 2337
f 2221 2349 2218
f 2337 2349 2341
f 2219 2350 2221
f 2219 2351 2350
f 2224 2351 2220
f 2220 2351 2219
f 2221 2352 2349
f 2350 2352 2221
f 2223 2353 2226
f 2257 2353 2223
f 2224 2354 2351
f 2225 2354 2224
f 2225 2355 2354
f 2226 2355 2225
f 2226 2356 2355
f 2353 2356 2226
f 2237 2357 2227
f 2227 2357 2228
f 2228 2358 2230
f 2357 2358 2228
f 2229 2359 2238
f 2230 2359 2229
f 2230 2360 2359
f 2358 2360 2230
f 2231 2361 2233
f 2231 2362 2361
f 2232 2362 2231
f 2232 2363 2362
f 2240 2363 2232
f 2233 2364 2234
f 2361 2364 2233
f 2234 2365 2236
f 2364 2365 2234
f 2235 2366 2237
f 2235 2367 2366
f 2236 2367 2235
f 2365 2367 2236
f 2237 2368 2357
f 2366 2368 2237
f 2238 2369 2239
f 2359 2369 2238
f 2369 2370 2239
f 2240 2371 2363
f 2241 2371 2240
f 2241 2372 2371
f 2242 2372 2241
f 2319 2372 2242
f 2243 2373 2248
f 2249 2373 2243
f 2244 2374 2255
f 2245 2374 2244
f 2245 2375 2374
f 2246 2375 2245
f 2246 2376 2375
f 2246 2377 2376
f 2248 2377 2247
f 2247 2377 2246
f 2248 2378 2377
f 2373 2378 2248
f 2249 2379 2373
f 2251 2379 2250
f 2250 2379 2249
f 2252 2380 2251
f 2380 2381 2251
f 2251 2381 2379
f 2252 2382 2380
f 2252 2383 2382
f 2289 2383 2288
f 2288 2383 2252
f 2255 2384 2253
f 2384 2385 2253
f 2253 2385 2254
f 2254 2386 2256
f 2385 2386 2254
f 2255 2387 2384
f 2374 2387 2255
f 2256 2388 2259
f 2386 2388 2256
f 2257 2389 2353
f 2258 2389 2257
f 2258 2390 2389
f 2259 2390 2258
f 2259 2391 2390
f 2388 2391 2259
f 2262 2392 2260
f 2260 2392 2266
f 2261 2394 2262
f 2393 2394 2261
f 2262 2394 2392
f 2261 2395 2393
f 2264 2395 2263
f 2263 2395 2261
f 2264 2396 2395
f 2265 2396 2264
f 2265 2397 2396
f 2268 2397 2265
f 2266 2398 2291
f 2392 2398 2266
f 2267 2399 2268
f 2282 2399 2269
f 2269 2399 2267
f 2399 2400 2268
f 2268 2400 2397
f 2270 2401 2281
f 2272 2401 2270
f 2271 2402 2272
f 2274 2402 2271
f 2272 2403 2401
f 2402 2403 2272
f 2273 2404 2274
f 2275 2404 2273
f 2404 2405 2274
f 2405 2406 2274
f 2274 2406 2402
f 2277 2407 2276
f 2276 2407 2275
f 2407 2408 2275
f 2275 2408 2404
f 2404 2408 2405
f 2279 2409 2278
f 2278 2409 2277
f 2409 2410 2277
f 2277 2410 2407
f 2279 2411 2409
f 2279 2412 2411
f 2299 2412 2279
f 2401 2413 2281
f 2281 2413 2280
f 2280 2414 2282
f 2413 2414 2280
f 2282 2415 2399
f 2399 2415 2400
f 2282 2416 2415
f 2414 2416 2282
f 2283 2417 2286
f 2287 2417 2283
f 2285 2418 2290
f 2285 2419 2418
f 2286 2419 2285
f 2286 2420 2419
f 2417 2420 2286
f 2287 2421 2417
f 2293 2421 2287
f 2418 2422 2290
f 2290 2422 2289
f 2289 2423 2383
f 2422 2423 2289
f 2398 2424 2291
f 2291 2424 2292
f 2292 2425 2293
f 2424 2425 2292
f 2293 2426 2421
f 2425 2426 2293
f 2294 2427 2306
f 2308 2427 2294
f 2295 2428 2297
f 2295 2429 2428
f 2298 2429 2296
f 2296 2429 2295
f 2428 2430 2297
f 2297 2430 2299
f 2298 2431 2429
f 2301 2431 2298
f 2299 2432 2412
f 2430 2432 2299
f 2303 2433 2300
f 2300 2433 2301
f 2433 2434 2301
f 2301 2434 2431
f 2305 2435 2302
f 2302 2435 2304
f 2303 2436 2433
f 2304 2436 2303
f 2435 2437 2304
f 2304 2437 2436
f 2305 2438 2435
f 2306 2438 2305
f 2306 2439 2438
f 2427 2439 2306
f 2307 2440 2311
f 2308 2441 2427
f 2309 2441 2308
f 2309 2442 2441
f 2310 2442 2309
f 2310 2443 2442
f 2311 2443 2310
f 2311 2444 2443
f 2440 2444 2311
f 2312 2445 2318
f 2329 2445 2313
f 2313 2445 2312
f 2315 2446 2314
f 2314 2446 2326
f 2315 2447 2446
f 2316 2447 2315
f 2316 2448 2447
f 2317 2448 2316
f 2317 2449 2448
f 2318 2449 2317
f 2318 2450 2449
f 2445 2450 2318
f 2320 2451 2319
f 2451 2452 2319
f 2319 2452 2372
f 2321 2453 2320
f 2453 2454 2320
f 2320 2454 2451
f 2321 2455 2453
f 2322 2455 2321
f 2322 2456 2455
f 2324 2456 2323
f 2323 2456 2322
f 2324 2457 2456
f 2325 2457 2324
f 2325 2458 2457
f 2325 2459 2458
f 2326 2459 2325
f 2326 2460 2459
f 2446 2460 2326
f 2327 2461 2328
f 2348 2461 2327
f 2328 2462 2332
f 2461 2462 2328
f 2329 2463 2445
f 2445 2463 2450
f 2329 2464 2463
f 2330 2464 2329
f 2330 2465 2464
f 2331 2465 2330
f 2331 2466 2465
f 2332 2466 2331
f 2332 2467 2466
f 2462 2467 2332
f 2334 2468 2333
f 2336 2468 2334
f 2468 2469 2333
f 2333 2469 2348
f 2335 2470 2336
f 2342 2470 2335
f 2336 2471 2468
f 2470 2471 2336
f 2339 2472 2338
f 2338 2473 2347
f 2472 2473 2338
f 2339 2474 2472
f 2340 2474 2339
f 2340 2475 2474
f 2341 2475 2340
f 2341 2476 2475
f 2349 2476 2341
f 2342 2477 2470
f 2342 2478 2477
f 2343 2478 2342
f 2343 2479 2478
f 2345 2479 2343
f 2344 2480 2345
f 2347 2480 2346
f 2346 2480 2344
f 2345 2481 2479
f 2480 2481 2345
f 2347 2482 2480
f 2480 2482 2481
f 2473 2482 2347
f 2469 2483 2348
f 2483 2484 2348
f 2348 2484 2461
f 2461 2484 2462
f 2349 2485 2476
f 2352 2485 2349
f 2350 2486 2352
f 2350 2487 2486
f 2351 2487 2350
f 2354 2488 2351
f 2355 2488 2354
f 2351 2488 2487
f 2352 2489 2485
f 2486 2489 2352
f 2353 2490 2356
f 2389 2490 2353
f 2356 2491 2355
f 2491 2492 2355
f 2355 2492 2488
f 2356 2493 2491
f 2490 2493 2356
f 2357 2494 2358
f 2368 2494 2357
f 2358 2495 2360
f 2494 2495 2358
f 2359 2496 2369
f 2359 2497 2496
f 2360 2497 2359
f 2495 2497 2360
f 2361 2498 2364
f 2362 2498 2361
f 2363 2499 2362
f 2499 2500 2362
f 2362 2500 2498
f 2363 2501 2499
f 2371 2501 2363
f 2498 2502 2364
f 2502 2503 2364
f 2364 2503 2365
f 2365 2504 2367
f 2503 2504 2365
f 2367 2504 2366
f 2366 2505 2368
f 2504 2505 2366
f 2368 2506 2494
f 2494 2506 2495
f 2368 2507 2506
f 2505 2507 2368
f 2369 2508 2370
f 2496 2508 2369
f 2508 2509 2370
f 2372 2510 2371
f 2452 2510 2372
f 2371 2510 2501
f 2373 2511 2378
f 2379 2511 2373
f 2381 2511 2379
f 2374 2512 2387
f 2375 2512 2374
f 2375 2513 2512
f 2376 2513 2375
f 2376 2514 2513
f 2376 2515 2514
f 2378 2515 2377
f 2377 2515 2376
f 2378 2516 2515
f 2511 2516 2378
f 2382 2517 2380
f 2380 2517 2381
f 2517 2518 2381
f 2518 2519 2381
f 2381 2519 2511
f 2511 2519 2516
f 2382 2520 2517
f 2382 2521 2520
f 2383 2521 2382
f 2423 2521 2383
f 2384 2522 2385
f 2385 2522 2386
f 2384 2523 2522
f 2387 2523 2384
f 2386 2524 2388
f 2522 2524 2386
f 2387 2525 2523
f 2512 2525 2387
f 2388 2526 2391
f 2524 2526 2388
f 2389 2527 2490
f 2390 2527 2389
f 2391 2528 2390
f 2390 2528 2527
f 2526 2529 2391
f 2391 2529 2528
f 2392 2530 2398
f 2392 2531 2530
f 2394 2531 2392
f 2394 2532 2531
f 2393 2532 2394
f 2393 2533 2532
f 2395 2533 2393
f 2395 2534 2533
f 2396 2534 2395
f 2397 2534 2396
f 2397 2535 2534
f 2397 2536 2535
f 2400 2536 2397
f 2398 2537 2424
f 2530 2537 2398
f 2400 2538 2536
f 2415 2538 2400
f 2401 2539 2413
f 2403 2539 2401
f 2402 2540 2403
f 2406 2540 2402
f 2403 2541 2539
f 2540 2541 2403
f 2405 2542 2406
f 2405 2543 2542
f 2408 2543 2405
f 2406 2544 2540
f 2540 2544 2541
f 2542 2544 2406
f 2407 2545 2408
f 2408 2545 2543
f 2410 2545 2407
f 2409 2546 2410
f 2411 2546 2409
f 2410 2547 2545
f 2546 2547 2410
f 2411 2548 2546
f 2411 2549 2548
f 2432 2549 2412
f 2412 2549 2411
f 2413 2550 2414
f 2539 2550 2413
f 2414 2551 2416
f 2550 2551 2414
f 2415 2552 2538
f 2551 2552 2416
f 2416 2552 2415
f 2417 2553 2420
f 2421 2553 2417
f 2418 2554 2422
f 2419 2554 2418
f 2419 2555 2554
f 2420 2555 2419
f 2420 2556 2555
f 2553 2556 2420
f 2421 2557 2553
f 2553 2557 2556
f 2426 2557 2421
f 2422 2558 2423
f 2554 2558 2422
f 2423 2559 2521
f 2558 2559 2423
f 2424 2560 2425
f 2537 2560 2424
f 2425 2561 2426
f 2560 2561 2425
f 2426 2562 2557
f 2561 2562 2426
f 2427 2563 2439
f 2441 2563 2427
f 2428 2564 2430
f 2428 2565 2564
f 2431 2565 2429
f 2429 2565 2428
f 2564 2566 2430
f 2430 2566 2432
f 2431 2567 2565
f 2434 2567 2431
f 2432 2568 2549
f 2566 2568 2432
f 2433 2569 2434
f 2436 2569 2433
f 2434 2570 2567
f 2569 2570 2434
f 2435 2571 2437
f 2438 2571 2435
f 2436 2572 2569
f 2437 2573 2436
f 2436 2573 2572
f 2437 2574 2573
f 2571 2574 2437
f 2438 2575 2571
f 2439 2575 2438
f 2439 2576 2575
f 2563 2576 2439
f 2440 2577 2444
f 2441 2578 2563
f 2442 2578 2441
f 2442 2579 2578
f 2443 2579 2442
f 2443 2580 2579
f 2444 2580 2443
f 2444 2581 2580
f 2577 2581 2444
f 2447 2582 2446
f 2446 2582 2460
f 2447 2583 2582
f 2448 2583 2447
f 2448 2584 2583
f 2449 2584 2448
f 2449 2585 2584
f 2450 2585 2449
f 2450 2586 2585
f 2463 2586 2450
f 2451 2587 2452
f 2452 2587 2510
f 2451 2588 2587
f 2454 2588 2451
f 2453 2589 2454
f 2453 2590 2589
f 2455 2590 2453
f 2454 2591 2588
f 2589 2591 2454
f 2455 2592 2590
f 2457 2592 2456
f 2456 2592 2455
f 2457 2593 2592
f 2458 2593 2457
f 2458 2594 2593
f 2458 2595 2594
f 2459 2595 2458
f 2460 2595 2459
f 2460 2596 2595
f 2582 2596 2460
f 2462 2597 2467
f 2484 2597 2462
f 2464 2598 2463
f 2463 2598 2586
f 2465 2599 2464
f 2464 2599 2598
f 2465 2600 2599
f 2466 2600 2465
f 2466 2601 2600
f 2467 2601 2466
f 2467 2602 2601
f 2597 2602 2467
f 2468 2603 2469
f 2469 2603 2483
f 2471 2603 2468
f 2470 2604 2471
f 2477 2604 2470
f 2471 2605 2603
f 2604 2605 2471
f 2474 2606 2472
f 2606 2607 2472
f 2472 2607 2473
f 2473 2608 2482
f 2607 2608 2473
f 2474 2609 2606
f 2475 2609 2474
f 2475 2610 2609
f 2476 2610 2475
f 2476 2611 2610
f 2485 2611 2476
f 2477 2612 2604
f 2477 2613 2612
f 2478 2613 2477
f 2479 2614 2478
f 2478 2614 2613
f 2479 2615 2614
f 2481 2615 2479
f 2481 2616 2615
f 2608 2616 2482
f 2482 2616 2481
f 2484 2617 2597
f 2483 2617 2484
f 2483 2618 2617
f 2605 2618 2603
f 2603 2618 2483
f 2485 2619 2611
f 2489 2619 2485
f 2486 2620 2489
f 2486 2621 2620
f 2487 2621 2486
f 2488 2622 2487
f 2487 2622 2621
f 2492 2622 2488
f 2489 2623 2619
f 2489 2624 2623
f 2620 2624 2489
f 2490 2625 2493
f 2490 2626 2625
f 2527 2626 2490
f 2491 2627 2492
f 2493 2627 2491
f 2492 2628 2622
f 2627 2628 2492
f 2493 2629 2627
f 2625 2629 2493
f 2495 2630 2497
f 2495 2631 2630
f 2506 2631 2495
f 2496 2632 2508
f 2496 2633 2632
f 2630 2633 2497
f 2497 2633 2496
f 2498 2634 2502
f 2500 2634 2498
f 2499 2635 2500
f 2501 2635 2499
f 2500 2636 2634
f 2635 2636 2500
f 2501 2637 2635
f 2510 2637 2501
f 2502 2638 2503
f 2502 2639 2638
f 2634 2639 2502
f 2503 2640 2504
f 2504 2640 2505
f 2638 2640 2503
f 2505 2641 2507
f 2640 2641 2505
f 2506 2642 2631
f 2507 2642 2506
f 2507 2643 2642
f 2641 2643 2507
f 2508 2644 2509
f 2632 2644 2508
f 2644 2645 2509
f 2510 2646 2637
f 2587 2646 2510
f 2512 2647 2525
f 2513 2647 2512
f 2514 2648 2513
f 2513 2648 2647
f 2516 2649 2515
f 2515 2649 2514
f 2649 2650 2514
f 2514 2650 2648
f 2516 2651 2649
f 2519 2651 2516
f 2517 2652 2518
f 2520 2652 2517
f 2518 2653 2519
f 2519 2653 2651
f 2652 2654 2518
f 2518 2654 2653
f 2520 2655 2652
f 2520 2656 2655
f 2559 2656 2521
f 2521 2656 2520
f 2522 2657 2524
f 2523 2657 2522
f 2525 2658 2523
f 2523 2659 2657
f 2658 2659 2523
f 2524 2660 2526
f 2657 2660 2524
f 2525 2661 2658
f 2647 2661 2525
f 2660 2662 2526
f 2662 2663 2526
f 2526 2663 2529
f 2527 2664 2626
f 2528 2664 2527
f 2528 2665 2664
f 2529 2665 2528
f 2663 2665 2529
f 2530 2666 2537
f 2531 2666 2530
f 2531 2667 2666
f 2532 2667 2531
f 2532 2668 2667
f 2532 2669 2668
f 2533 2669 2532
f 2533 2670 2669
f 2535 2670 2534
f 2534 2670 2533
f 2535 2671 2670
f 2535 2672 2671
f 2536 2672 2535
f 2536 2673 2672
f 2538 2673 2536
f 2537 2674 2560
f 2666 2674 2537
f 2538 2675 2673
f 2552 2675 2538
f 2541 2676 2539
f 2539 2676 2550
f 2541 2677 2676
f 2541 2678 2677
f 2544 2678 2541
f 2542 2679 2544
f 2544 2679 2678
f 2542 2680 2679
f 2543 2680 2542
f 2543 2681 2680
f 2547 2681 2545
f 2545 2681 2543
f 2546 2682 2547
f 2548 2682 2546
f 2547 2683 2681
f 2547 2684 2683
f 2682 2684 2547
f 2549 2685 2548
f 2548 2686 2682
f 2685 2686 2548
f 2549 2687 2685
f 2568 2687 2549
f 2550 2688 2551
f 2676 2688 2550
f 2551 2689 2552
f 2688 2689 2551
f 2552 2690 2675
f 2689 2690 2552
f 2554 2691 2558
f 2554 2692 2691
f 2555 2692 2554
f 2556 2693 2555
f 2555 2693 2692
f 2557 2694 2556
f 2556 2694 2693
f 2562 2694 2557
f 2558 2695 2559
f 2691 2695 2558
f 2559 2696 2656
f 2695 2696 2559
f 2560 2697 2561
f 2674 2697 2560
f 2561 2698 2562
f 2697 2698 2561
f 2562 2699 2694
f 2698 2699 2562
f 2563 2700 2576
f 2578 2700 2563
f 2567 2701 2565
f 2565 2701 2564
f 2701 2702 2564
f 2564 2702 2566
f 2566 2703 2568
f 2702 2703 2566
f 2567 2704 2701
f 2570 2704 2567
f 2568 2705 2687
f 2703 2705 2568
f 2569 2706 2570
f 2572 2706 2569
f 2570 2707 2704
f 2706 2707 2570
f 2571 2708 2574
f 2575 2708 2571
f 2572 2709 2706
f 2573 2709 2572
f 2573 2710 2709
f 2574 2710 2573
f 2574 2711 2710
f 2708 2711 2574
f 2575 2712 2708
f 2576 2712 2575
f 2576 2713 2712
f 2700 2713 2576
f 2577 2714 2581
f 2578 2715 2700
f 2579 2715 2578
f 2580 2716 2579
f 2579 2717 2715
f 2716 2717 2579
f 2580 2718 2716
f 2581 2718 2580
f 2581 2719 2718
f 2581 2720 2719
f 2714 2720 2581
f 2582 2721 2596
f 2583 2721 2582
f 2583 2722 2721
f 2584 2722 2583
f 2584 2723 2722
f 2585 2723 2584
f 2585 2724 2723
f 2585 2725 2724
f 2586 2725 2585
f 2586 2726 2725
f 2598 2726 2586
f 2587 2727 2646
f 2588 2727 2587
f 2588 2728 2727
f 2591 2728 2588
f 2590 2729 2589
f 2589 2730 2591
f 2729 2730 2589
f 2590 2731 2729
f 2593 2731 2592
f 2592 2731 2590
f 2591 2732 2728
f 2730 2732 2591
f 2593 2733 2731
f 2594 2733 2593
f 2595 2734 2594
f 2594 2734 2733
f 2595 2735 2734
f 2596 2735 2595
f 2596 2736 2735
f 2721 2736 2596
f 2617 2737 2597
f 2597 2737 2602
f 2598 2738 2726
f 2599 2738 2598
f 2599 2739 2738
f 2600 2739 2599
f 2600 2740 2739
f 2601 2740 2600
f 2601 2741 2740
f 2602 2741 2601
f 2602 2742 2741
f 2737 2742 2602
f 2604 2743 2605
f 2612 2743 2604
f 2605 2744 2618
f 2743 2744 2605
f 2606 2745 2607
f 2606 2746 2745
f 2609 2746 2606
f 2607 2747 2608
f 2745 2747 2607
f 2608 2748 2616
f 2747 2748 2608
f 2609 2749 2746
f 2610 2749 2609
f 2610 2750 2749
f 2611 2750 2610
f 2611 2751 2750
f 2623 2751 2619
f 2619 2751 2611
f 2613 2752 2612
f 2752 2753 2612
f 2612 2753 2743
f 2613 2754 2752
f 2613 2755 2754
f 2614 2755 2613
f 2614 2756 2755
f 2615 2756 2614
f 2615 2757 2756
f 2616 2757 2615
f 2748 2757 2616
f 2617 2758 2737
f 2744 2758 2618
f 2618 2758 2617
f 2620 2759 2624
f 2621 2759 2620
f 2621 2760 2759
f 2628 2760 2622
f 2622 2760 2621
f 2623 2761 2751
f 2623 2762 2761
f 2624 2762 2623
f 2624 2763 2762
f 2759 2763 2624
f 2625 2764 2629
f 2626 2764 2625
f 2626 2765 2764
f 2664 2765 2626
f 2629 2766 2627
f 2627 2766 2628
f 2766 2767 2628
f 2628 2767 2760
f 2629 2768 2766
f 2764 2768 2629
f 2630 2769 2633
f 2630 2770 2769
f 2631 2770 2630
f 2642 2771 2631
f 2631 2771 2770
f 2632 2772 2644
f 2633 2773 2632
f 2769 2773 2633
f 2632 2773 2772
f 2634 2774 2639
f 2636 2774 2634
f 2635 2775 2636
f 2637 2775 2635
f 2636 2776 2774
f 2775 2776 2636
f 2637 2777 2775
f 2646 2777 2637
f 2638 2778 2640
f 2640 2778 2641
f 2638 2779 2778
f 2639 2779 2638
f 2639 2780 2779
f 2774 2780 2639
f 2641 2781 2643
f 2778 2781 2641
f 2642 2782 2771
f 2643 2782 2642
f 2643 2783 2782
f 2781 2783 2643
f 2644 2784 2645
f 2772 2784 2644
f 2784 2785 2645
f 2646 2786 2777
f 2727 2786 2646
f 2647 2787 2661
f 2648 2787 2647
f 2648 2788 2787
f 2650 2788 2648
f 2649 2789 2650
f 2651 2789 2649
f 2650 2790 2788
f 2789 2790 2650
f 2651 2791 2789
f 2789 2791 2790
f 2651 2792 2791
f 2653 2792 2651
f 2654 2792 2653
f 2652 2793 2654
f 2655 2793 2652
f 2793 2794 2654
f 2654 2794 2792
f 2655 2795 2793
f 2655 2796 2795
f 2696 2796 2656
f 2656 2796 2655
f 2659 2797 2657
f 2657 2797 2660
f 2658 2798 2659
f 2661 2798 2658
f 2798 2799 2659
f 2659 2799 2797
f 2797 2800 2660
f 2660 2800 2662
f 2661 2801 2798
f 2787 2801 2661
f 2662 2802 2663
f 2662 2803 2802
f 2800 2803 2662
f 2802 2804 2663
f 2663 2804 2665
f 2664 2805 2765
f 2804 2805 2665
f 2665 2805 2664
f 2666 2806 2674
f 2667 2806 2666
f 2667 2807 2806
f 2668 2807 2667
f 2668 2808 2807
f 2668 2809 2808
f 2669 2809 2668
f 2670 2810 2669
f 2669 2810 2809
f 2671 2810 2670
f 2672 2811 2671
f 2811 2812 2671
f 2671 2812 2810
f 2673 2813 2672
f 2672 2813 2811
f 2673 2814 2813
f 2675 2814 2673
f 2690 2814 2675
f 2674 2815 2697
f 2806 2815 2674
f 2677 2816 2676
f 2676 2816 2688
f 2677 2817 2816
f 2678 2817 2677
f 2678 2818 2817
f 2679 2818 2678
f 2680 2819 2679
f 2679 2819 2818
f 2680 2820 2819
f 2683 2820 2681
f 2681 2820 2680
f 2682 2821 2684
f 2686 2821 2682
f 2683 2822 2820
f 2683 2823 2822
f 2684 2823 2683
f 2821 2823 2684
f 2685 2824 2686
f 2687 2824 2685
f 2686 2825 2821
f 2824 2825 2686
f 2687 2826 2824
f 2705 2826 2687
f 2688 2827 2689
f 2816 2827 2688
f 2689 2828 2690
f 2827 2828 2689
f 2828 2829 2690
f 2690 2829 2814
f 2692 2830 2691
f 2830 2831 2691
f 2691 2831 2695
f 2692 2832 2830
f 2693 2832 2692
f 2693 2833 2832
f 2694 2833 2693
f 2694 2834 2833
f 2699 2834 2694
f 2695 2835 2696
f 2831 2835 2695
f 2696 2836 2796
f 2835 2836 2696
f 2697 2837 2698
f 2815 2837 2697
f 2698 2838 2699
f 2837 2838 2698
f 2699 2839 2834
f 2838 2839 2699
f 2700 2840 2713
f 2715 2840 2700
f 2717 2840 2715
f 2701 2841 2702
f 2704 2841 2701
f 2702 2842 2703
f 2841 2842 2702
f 2703 2843 2705
f 2842 2843 2703
f 2704 2844 2841
f 2707 2844 2704
f 2705 2845 2826
f 2843 2845 2705
f 2706 2846 2707
f 2709 2846 2706
f 2707 2847 2844
f 2846 2847 2707
f 2708 2848 2711
f 2712 2848 2708
f 2709 2849 2846
f 2710 2849 2709
f 2711 2850 2710
f 2710 2850 2849
f 2711 2851 2850
f 2848 2851 2711
f 2712 2852 2848
f 2713 2852 2712
f 2713 2853 2852
f 2840 2853 2713
f 2716 2854 2717
f 2718 2854 2716
f 2717 2855 2840
f 2854 2855 2717
f 2840 2855 2853
f 2718 2856 2854
f 2718 2857 2856
f 2719 2857 2718
f 2720 2858 2719
f 2719 2858 2857
f 2720 2859 2858
f 2721 2860 2736
f 2722 2860 2721
f 2723 2861 2722
f 2722 2861 2860
f 2724 2861 2723
f 2724 2862 2861
f 2724 2863 2862
f 2725 2863 2724
f 2725 2864 2863
f 2726 2864 2725
f 2726 2865 2864
f 2738 2865 2726
f 2728 2866 2727
f 2727 2866 2786
f 2728 2867 2866
f 2732 2867 2728
f 2729 2868 2730
f 2729 2869 2868
f 2731 2869 2729
f 2733 2869 2731
f 2868 2870 2730
f 2730 2870 2732
f 2870 2871 2732
f 2732 2871 2867
f 2733 2872 2869
f 2733 2873 2872
f 2734 2873 2733
f 2734 2874 2873
f 2735 2874 2734
f 2735 2875 2874
f 2736 2875 2735
f 2736 2876 2875
f 2860 2876 2736
f 2737 2877 2742
f 2758 2877 2737
f 2739 2878 2738
f 2738 2878 2865
f 2740 2879 2739
f 2739 2879 2878
f 2740 2880 2879
f 2741 2880 2740
f 2742 2881 2741
f 2741 2881 2880
f 2877 2882 2742
f 2742 2882 2881
f 2743 2883 2744
f 2753 2883 2743
f 2744 2884 2758
f 2758 2884 2877
f 2883 2884 2744
f 2745 2885 2747
f 2747 2885 2748
f 2746 2886 2745
f 2886 2887 2745
f 2745 2887 2885
f 2746 2888 2886
f 2749 2888 2746
f 2748 2889 2757
f 2885 2889 2748
f 2749 2890 2888
f 2750 2890 2749
f 2751 2891 2750
f 2750 2891 2890
f 2761 2891 2751
f 2752 2892 2753
f 2753 2892 2883
f 2752 2893 2892
f 2754 2893 2752
f 2754 2894 2893
f 2754 2895 2894
f 2756 2895 2755
f 2755 2895 2754
f 2756 2896 2895
f 2757 2896 2756
f 2757 2897 2896
f 2889 2897 2757
f 2759 2898 2763
f 2767 2898 2760
f 2760 2898 2759
f 2761 2899 2891
f 2761 2900 2899
f 2762 2900 2761
f 2762 2901 2900
f 2762 2902 2901
f 2763 2902 2762
f 2898 2903 2763
f 2763 2903 2902
f 2764 2904 2768
f 2765 2904 2764
f 2765 2905 2904
f 2805 2905 2765
f 2766 2906 2767
f 2766 2907 2906
f 2768 2907 2766
f 2906 2908 2767
f 2767 2908 2898
f 2898 2908 2903
f 2768 2909 2907
f 2904 2909 2768
f 2769 2910 2773
f 2770 2911 2769
f 2769 2911 2910
f 2770 2912 2911
f 2771 2912 2770
f 2771 2913 2912
f 2782 2913 2771
f 2772 2914 2784
f 2773 2915 2772
f 2772 2915 2914
f 2910 2915 2773
f 2774 2916 2780
f 2776 2916 2774
f 2775 2917 2776
f 2777 2917 2775
f 2917 2918 2776
f 2776 2918 2916
f 2786 2919 2777
f 2777 2919 2917
f 2778 2920 2781
f 2779 2920 2778
f 2779 2921 2920
f 2780 2921 2779
f 2780 2922 2921
f 2916 2922 2780
f 2781 2923 2783
f 2920 2923 2781
f 2782 2924 2913
f 2783 2924 2782
f 2783 2925 2924
f 2923 2925 2783
f 2784 2926 2785
f 2914 2926 2784
f 2926 2927 2785
f 2786 2928 2919
f 2866 2928 2786
f 2787 2929 2801
f 2788 2929 2787
f 2788 2930 2929
f 2788 2931 2930
f 2790 2931 2788
f 2790 2932 2931
f 2791 2932 2790
f 2791 2933 2932
f 2794 2933 2792
f 2792 2933 2791
f 2793 2934 2794
f 2795 2934 2793
f 2794 2935 2933
f 2934 2935 2794
f 2795 2936 2934
f 2795 2937 2936
f 2836 2937 2796
f 2796 2937 2795
f 2797 2938 2800
f 2799 2938 2797
f 2801 2939 2798
f 2798 2939 2799
f 2799 2940 2938
f 2939 2940 2799
f 2800 2941 2803
f 2938 2941 2800
f 2801 2942 2939
f 2929 2942 2801
f 2802 2943 2804
f 2802 2944 2943
f 2803 2944 2802
f 2803 2945 2944
f 2941 2945 2803
f 2804 2946 2805
f 2943 2946 2804
f 2805 2946 2905
f 2806 2947 2815
f 2807 2947 2806
f 2807 2948 2947
f 2808 2948 2807
f 2808 2949 2948
f 2809 2949 2808
f 2809 2950 2949
f 2812 2950 2810
f 2810 2950 2809
f 2811 2951 2812
f 2811 2952 2951
f 2813 2952 2811
f 2812 2953 2950
f 2951 2953 2812
f 2813 2954 2952
f 2814 2954 2813
f 2814 2955 2954
f 2829 2955 2814
f 2947 2956 2815
f 2815 2957 2837
f 2956 2957 2815
f 2816 2958 2827
f 2817 2958 2816
f 2817 2959 2958
f 2817 2960 2959
f 2818 2960 2817
f 2818 2961 2960
f 2819 2961 2818
f 2819 2962 2961
f 2822 2962 2820
f 2820 2962 2819
f 2821 2963 2823
f 2825 2963 2821
f 2822 2964 2962
f 2822 2965 2964
f 2963 2965 2823
f 2823 2965 2822
f 2824 2966 2825
f 2826 2966 2824
f 2825 2967 2963
f 2825 2968 2967
f 2966 2968 2825
f 2826 2969 2966
f 2845 2969 2826
f 2827 2970 2828
f 2958 2970 2827
f 2828 2971 2829
f 2970 2971 2828
f 2829 2972 2955
f 2971 2972 2829
f 2832 2973 2830
f 2973 2974 2830
f 2830 2974 2831
f 2831 2975 2835
f 2974 2975 2831
f 2833 2976 2832
f 2832 2976 2973
f 2833 2977 2976
f 2839 2977 2834
f 2834 2977 2833
f 2835 2978 2836
f 2975 2978 2835
f 2836 2979 2937
f 2978 2979 2836
f 2837 2980 2838
f 2957 2980 2837
f 2838 2981 2839
f 2980 2981 2838
f 2981 2982 2839
f 2839 2982 2977
f 2841 2983 2842
f 2844 2983 2841
f 2842 2984 2843
f 2983 2984 2842
f 2843 2985 2845
f 2984 2985 2843
f 2844 2986 2983
f 2847 2986 2844
f 2845 2987 2969
f 2985 2987 2845
f 2846 2988 2847
f 2849 2988 2846
f 2847 2989 2986
f 2988 2989 2847
f 2852 2990 2848
f 2848 2990 2851
f 2849 2991 2988
f 2850 2991 2849
f 2850 2992 2991
f 2851 2992 2850
f 2851 2993 2992
f 2990 2993 2851
f 2852 2994 2990
f 2853 2994 2852
f 2853 2995 2994
f 2855 2995 2853
f 2856 2996 2854
f 2854 2996 2855
f 2855 2997 2995
f 2996 2997 2855
f 2856 2998 2996
f 2856 2999 2998
f 2857 2999 2856
f 2857 3000 2999
f 2857 3001 3000
f 2858 3001 2857
f 2858 3002 3001
f 2859 3002 2858
f 2860 3003 2876
f 2860 3004 3003
f 2862 3004 2861
f 2861 3004 2860
f 2862 3005 3004
f 2862 3006 3005
f 2863 3006 2862
f 2863 3007 3006
f 2864 3007 2863
f 2864 3008 3007
f 2865 3008 2864
f 2865 3009 3008
f 2878 3009 2865
f 2866 3010 2928
f 2871 3010 2867
f 2867 3010 2866
f 2868 3011 2870
f 2868 3012 3011
f 2872 3012 2869
f 2869 3012 2868
f 2870 3013 2871
f 3011 3013 2870
f 2871 3014 3010
f 3013 3014 2871
f 2872 3015 3012
f 2873 3015 2872
f 2873 3016 3015
f 2874 3016 2873
f 2874 3017 3016
f 2875 3017 2874
f 2875 3018 3017
f 3003 3018 2876
f 2876 3018 2875
f 2877 3019 2882
f 2884 3019 2877
f 2879 3020 2878
f 2878 3020 3009
f 2880 3021 2879
f 3021 3022 2879
f 2879 3022 3020
f 2880 3023 3021
f 2881 3023 2880
f 2881 3024 3023
f 2882 3024 2881
f 2882 3025 3024
f 3019 3025 2882
f 2883 3026 2884
f 2884 3026 3019
f 2883 3027 3026
f 2892 3027 2883
f 2887 3028 2885
f 2885 3028 2889
f 2886 3029 2887
f 2888 3029 2886
f 2887 3030 3028
f 3029 3030 2887
f 2888 3031 3029
f 2890 3031 2888
f 2889 3032 2897
f 3028 3032 2889
f 2890 3033 3031
f 2899 3033 2891
f 2891 3033 2890
f 2892 3034 3027
f 2893 3034 2892
f 2893 3035 3034
f 2894 3035 2893
f 2894 3036 3035
f 2894 3037 3036
f 2896 3037 2895
f 2895 3037 2894
f 2896 3038 3037
f 2897 3038 2896
f 2897 3039 3038
f 3032 3039 2897
f 2899 3040 3033
f 2899 3041 3040
f 2900 3041 2899
f 2900 3042 3041
f 2901 3042 2900
f 2901 3043 3042
f 2901 3044 3043
f 2902 3044 2901
f 2903 3045 2902
f 2902 3045 3044
f 2903 3046 3045
f 2908 3046 2903
f 2904 3047 2909
f 2904 3048 3047
f 2905 3048 2904
f 2905 3049 3048
f 2946 3049 2905
f 2906 3050 2908
f 2908 3050 3046
f 2906 3051 3050
f 2909 3051 2907
f 2907 3051 2906
f 2909 3052 3051
f 3047 3052 2909
f 2910 3053 2915
f 2910 3054 3053
f 2912 3054 2911
f 2911 3054 2910
f 2912 3055 3054
f 2913 3055 2912
f 2913 3056 3055
f 2924 3056 2913
f 2914 3057 2926
f 2915 3057 2914
f 2915 3058 3057
f 3053 3058 2915
f 2918 3059 2916
f 2916 3059 2922
f 2917 3060 2918
f 2919 3060 2917
f 2918 3061 3059
f 3060 3061 2918
f 2919 3062 3060
f 2928 3062 2919
f 2920 3063 2923
f 2921 3063 2920
f 2921 3064 3063
f 2922 3064 2921
f 3059 3065 2922
f 2922 3066 3064
f 3065 3066 2922
f 2923 3067 2925
f 3063 3067 2923
f 2924 3068 3056
f 2925 3068 2924
f 2925 3069 3068
f 3067 3069 2925
f 2926 3070 2927
f 2926 3071 3070
f 3058 3071 3057
f 3057 3071 2926
f 3070 3072 2927
f 2928 3073 3062
f 3010 3073 2928
f 2929 3074 2942
f 2930 3074 2929
f 2930 3075 3074
f 2930 3076 3075
f 2931 3076 2930
f 2932 3077 2931
f 2931 3077 3076
f 2932 3078 3077
f 2935 3078 2933
f 2933 3078 2932
f 2934 3079 2935
f 2936 3079 2934
f 2935 3080 3078
f 3079 3080 2935
f 2936 3081 3079
f 2936 3082 3081
f 2979 3082 2937
f 2937 3082 2936
f 2938 3083 2941
f 2940 3083 2938
f 2939 3084 2940
f 2942 3084 2939
f 2940 3085 3083
f 3084 3085 2940
f 2941 3086 2945
f 3083 3086 2941
f 3074 3087 2942
f 2942 3087 3084
f 2943 3088 2946
f 2946 3088 3049
f 2943 3089 3088
f 2944 3089 2943
f 2944 3090 3089
f 2945 3090 2944
f 2945 3091 3090
f 3086 3091 2945
f 2947 3092 2956
f 2948 3092 2947
f 2948 3093 3092
f 2948 3094 3093
f 2949 3094 2948
f 2949 3095 3094
f 2953 3095 2950
f 2950 3095 2949
f 2951 3096 2953
f 2951 3097 3096
f 2952 3097 2951
f 2952 3098 3097
f 2954 3098 2952
f 2953 3099 3095
f 3096 3099 2953
f 2954 3100 3098
f 2955 3100 2954
f 2955 3101 3100
f 2972 3101 2955
f 2956 3102 2957
f 3092 3102 2956
f 2957 3103 2980
f 3102 3103 2957
f 2958 3104 2970
f 2959 3104 2958
f 2959 3105 3104
f 2959 3106 3105
f 2960 3106 2959
f 2960 3107 3106
f 2961 3107 2960
f 2962 3108 2961
f 2961 3108 3107
f 2964 3108 2962
f 2963 3109 2965
f 2967 3109 2963
f 2964 3110 3108
f 2964 3111 3110
f 3109 3111 2965
f 2965 3111 2964
f 2966 3112 2968
f 2969 3112 2966
f 2967 3113 3109
f 2967 3114 3113
f 2968 3114 2967
f 3112 3114 2968
f 2969 3115 3112
f 2987 3115 2969
f 3104 3116 2970
f 2970 3116 2971
f 2971 3117 2972
f 3116 3117 2971
f 2972 3118 3101
f 3117 3118 2972
f 2973 3119 2974
f 2973 3120 3119
f 2976 3120 2973
f 2974 3121 2975
f 3119 3121 2974
f 2975 3122 2978
f 3121 3122 2975
f 2976 3123 3120
f 2982 3123 2977
f 2977 3123 2976
f 3122 3124 2978
f 2978 3124 2979
f 2979 3125 3082
f 3124 3125 2979
f 2980 3126 2981
f 3103 3126 2980
f 3126 3127 2981
f 3127 3128 2981
f 2981 3128 2982
f 2982 3129 3123
f 3128 3129 2982
f 2983 3130 2984
f 2986 3130 2983
f 2984 3131 2985
f 3130 3131 2984
f 2985 3132 2987
f 3131 3132 2985
f 2986 3133 3130
f 2986 3134 3133
f 2989 3134 2986
f 2987 3135 3115
f 3132 3135 2987
f 2988 3136 2989
f 2989 3136 3134
f 2991 3136 2988
f 2990 3137 2993
f 2994 3137 2990
f 2991 3138 3136
f 2991 3139 3138
f 2992 3139 2991
f 2992 3140 3139
f 2993 3140 2992
f 2993 3141 3140
f 3137 3141 2993
f 2994 3142 3137
f 2995 3142 2994
f 2995 3143 3142
f 2997 3143 2995
f 2996 3144 2997
f 2997 3144 3143
f 2998 3144 2996
f 2998 3145 3144
f 2999 3145 2998
f 2999 3146 3145
f 3000 3146 2999
f 3000 3147 3146
f 3000 3148 3147
f 3001 3148 3000
f 3001 3149 3148
f 3002 3149 3001
f 3003 3150 3018
f 3003 3151 3150
f 3005 3151 3004
f 3004 3151 3003
f 3005 3152 3151
f 3005 3153 3152
f 3006 3153 3005
f 3007 3154 3006
f 3006 3154 3153
f 3007 3155 3154
f 3008 3155 3007
f 3008 3156 3155
f 3020 3156 3009
f 3009 3156 3008
f 3010 3157 3073
f 3014 3157 3010
f 3011 3158 3013
f 3012 3159 3011
f 3011 3159 3158
f 3015 3159 3012
f 3158 3160 3013
f 3013 3160 3014
f 3014 3161 3157
f 3160 3161 3014
f 3015 3162 3159
f 3016 3162 3015
f 3016 3163 3162
f 3017 3163 3016
f 3017 3164 3163
f 3150 3164 3018
f 3018 3164 3017
f 3019 3165 3025
f 3026 3165 3019
f 3020 3166 3156
f 3022 3166 3020
f 3021 3167 3022
f 3023 3167 3021
f 3022 3168 3166
f 3167 3168 3022
f 3023 3169 3167
f 3024 3169 3023
f 3024 3170 3169
f 3025 3170 3024
f 3025 3171 3170
f 3165 3171 3025
f 3026 3172 3165
f 3027 3172 3026
f 3027 3173 3172
f 3034 3173 3027
f 3028 3174 3032
f 3030 3174 3028
f 3029 3175 3030
f 3029 3176 3175
f 3031 3176 3029
f 3030 3177 3174
f 3175 3177 3030
f 3031 3178 3176
f 3040 3178 3033
f 3033 3178 3031
f 3174 3179 3032
f 3032 3179 3039
f 3034 3180 3173
f 3035 3180 3034
f 3035 3181 3180
f 3036 3181 3035
f 3037 3182 3036
f 3039 3182 3038
f 3038 3182 3037
f 3182 3183 3036
f 3036 3183 3181
f 3039 3184 3182
f 3179 3184 3039
f 3040 3185 3178
f 3040 3186 3185
f 3042 3186 3041
f 3041 3186 3040
f 3042 3187 3186
f 3043 3187 3042
f 3043 3188 3187
f 3043 3189 3188
f 3044 3189 3043
f 3044 3190 3189
f 3045 3190 3044
f 3045 3191 3190
f 3050 3191 3046
f 3046 3191 3045
f 3048 3192 3047
f 3192 3193 3047
f 3047 3193 3052
f 3049 3194 3048
f 3048 3194 3192
f 3049 3195 3194
f 3088 3195 3049
f 3050 3196 3191
f 3050 3197 3196
f 3052 3197 3051
f 3051 3197 3050
f 3052 3198 3197
f 3193 3198 3052
f 3053 3199 3058
f 3053 3200 3199
f 3054 3200 3053
f 3054 3201 3200
f 3055 3201 3054
f 3055 3202 3201
f 3056 3202 3055
f 3056 3203 3202
f 3068 3203 3056
f 3058 3204 3071
f 3199 3204 3058
f 3059 3205 3065
f 3061 3205 3059
f 3060 3206 3061
f 3062 3206 3060
f 3061 3207 3205
f 3206 3207 3061
f 3062 3208 3206
f 3073 3208 3062
f 3063 3209 3067
f 3067 3209 3069
f 3064 3209 3063
f 3064 3210 3209
f 3066 3210 3064
f 3207 3211 3205
f 3205 3211 3065
f 3211 3212 3065
f 3065 3212 3066
f 3066 3213 3210
f 3212 3213 3066
f 3068 3214 3203
f 3069 3214 3068
f 3210 3215 3209
f 3209 3215 3069
f 3069 3216 3214
f 3215 3216 3069
f 3070 3217 3072
f 3070 3218 3217
f 3204 3218 3071
f 3071 3218 3070
f 3217 3219 3072
f 3073 3220 3208
f 3157 3220 3073
f 3074 3221 3087
f 3075 3221 3074
f 3075 3222 3221
f 3076 3222 3075
f 3076 3223 3222
f 3077 3223 3076
f 3077 3224 3223
f 3080 3224 3078
f 3078 3224 3077
f 3079 3225 3080
f 3081 3225 3079
f 3080 3226 3224
f 3080 3227 3226
f 3225 3227 3080
f 3082 3228 3081
f 3125 3228 3082
f 3228 3229 3081
f 3081 3229 3225
f 3083 3230 3086
f 3085 3230 3083
f 3084 3231 3085
f 3087 3231 3084
f 3231 3232 3085
f 3085 3232 3230
f 3086 3233 3091
f 3230 3233 3086
f 3087 3234 3231
f 3221 3234 3087
f 3088 3235 3195
f 3089 3235 3088
f 3089 3236 3235
f 3090 3236 3089
f 3090 3237 3236
f 3091 3237 3090
f 3233 3238 3091
f 3091 3238 3237
f 3092 3239 3102
f 3093 3239 3092
f 3093 3240 3239
f 3093 3241 3240
f 3094 3241 3093
f 3094 3242 3241
f 3099 3242 3095
f 3095 3242 3094
f 3096 3243 3099
f 3096 3244 3243
f 3097 3244 3096
f 3097 3245 3244
f 3098 3245 3097
f 3098 3246 3245
f 3101 3246 3100
f 3100 3246 3098
f 3099 3247 3242
f 3243 3247 3099
f 3101 3248 3246
f 3118 3248 3101
f 3102 3249 3103
f 3239 3249 3102
f 3103 3250 3126
f 3249 3250 3103
f 3104 3251 3116
f 3105 3251 3104
f 3105 3252 3251
f 3105 3253 3252
f 3106 3253 3105
f 3106 3254 3253
f 3107 3254 3106
f 3107 3255 3254
f 3108 3255 3107
f 3110 3256 3108
f 3108 3256 3255
f 3109 3257 3111
f 3113 3257 3109
f 3257 3258 3111
f 3111 3258 3110
f 3110 3259 3256
f 3258 3259 3110
f 3112 3260 3114
f 3112 3261 3260
f 3135 3261 3115
f 3115 3261 3112
f 3113 3262 3257
f 3113 3263 3262
f 3260 3263 3114
f 3114 3263 3113
f 3116 3264 3117
f 3251 3264 3116
f 3264 3265 3117
f 3117 3265 3118
f 3265 3266 3118
f 3118 3266 3248
f 3119 3267 3121
f 3119 3268 3267
f 3120 3268 3119
f 3120 3269 3268
f 3129 3269 3123
f 3123 3269 3120
f 3121 3270 3122
f 3267 3270 3121
f 3122 3271 3124
f 3270 3271 3122
f 3124 3272 3125
f 3125 3272 3228
f 3124 3273 3272
f 3271 3273 3124
f 3250 3274 3126
f 3126 3274 3127
f 3127 3275 3128
f 3128 3275 3129
f 3127 3276 3275
f 3274 3276 3127
f 3129 3277 3269
f 3275 3277 3129
f 3130 3278 3131
f 3133 3278 3130
f 3131 3279 3132
f 3278 3279 3131
f 3132 3280 3135
f 3279 3280 3132
f 3133 3281 3278
f 3134 3282 3133
f 3133 3282 3281
f 3136 3283 3134
f 3134 3283 3282
f 3138 3283 3136
f 3135 3284 3261
f 3280 3284 3135
f 3137 3285 3141
f 3142 3285 3137
f 3138 3286 3283
f 3139 3286 3138
f 3139 3287 3286
f 3140 3287 3139
f 3140 3288 3287
f 3141 3288 3140
f 3141 3289 3288
f 3285 3289 3141
f 3142 3290 3285
f 3143 3290 3142
f 3144 3291 3143
f 3143 3291 3290
f 3144 3292 3291
f 3145 3292 3144
f 3145 3293 3292
f 3146 3293 3145
f 3146 3294 3293
f 3147 3294 3146
f 3147 3295 3294
f 3147 3296 3295
f 3148 3296 3147
f 3148 3297 3296
f 3149 3297 3148
f 3151 3298 3150
f 3298 3299 3150
f 3150 3299 3164
f 3151 3300 3298
f 3152 3300 3151
f 3153 3301 3152
f 3301 3302 3152
f 3152 3302 3300
f 3153 3303 3301
f 3154 3303 3153
f 3154 3304 3303
f 3155 3304 3154
f 3155 3305 3304
f 3166 3305 3156
f 3156 3305 3155
f 3157 3306 3220
f 3161 3306 3157
f 3159 3307 3158
f 3307 3308 3158
f 3158 3308 3160
f 3159 3309 3307
f 3162 3309 3159
f 3160 3310 3161
f 3308 3310 3160
f 3161 3311 3306
f 3310 3311 3161
f 3162 3312 3309
f 3163 3312 3162
f 3163 3313 3312
f 3299 3313 3164
f 3164 3313 3163
f 3165 3314 3171
f 3172 3314 3165
f 3166 3315 3305
f 3168 3315 3166
f 3169 3316 3167
f 3316 3317 3167
f 3167 3317 3168
f 3168 3318 3315
f 3317 3318 3168
f 3169 3319 3316
f 3170 3319 3169
f 3170 3320 3319
f 3171 3320 3170
f 3171 3321 3320
f 3314 3321 3171
f 3172 3322 3314
f 3173 3322 3172
f 3180 3323 3173
f 3173 3323 3322
f 3174 3324 3179
f 3177 3324 3174
f 3175 3325 3177
f 3176 3325 3175
f 3176 3326 3325
f 3178 3326 3176
f 3177 3327 3324
f 3177 3328 3327
f 3325 3328 3177
f 3178 3329 3326
f 3185 3329 3178
f 3179 3330 3184
f 3324 3330 3179
f 3181 3331 3180
f 3180 3331 3323
f 3181 3332 3331
f 3183 3332 3181
f 3184 3333 3182
f 3182 3333 3183
f 3183 3334 3332
f 3333 3334 3183
f 3184 3335 3333
f 3330 3335 3184
f 3185 3336 3329
f 3185 3337 3336
f 3187 3337 3186
f 3186 3337 3185
f 3188 3338 3187
f 3187 3338 3337
f 3188 3339 3338
f 3188 3340 3339
f 3189 3340 3188
f 3189 3341 3340
f 3189 3342 3341
f 3190 3342 3189
f 3190 3343 3342
f 3196 3343 3191
f 3191 3343 3190
f 3192 3344 3193
f 3192 3345 3344
f 3195 3345 3194
f 3194 3345 3192
f 3193 3346 3198
f 3344 3346 3193
f 3235 3347 3195
f 3195 3347 3345
f 3196 3348 3343
f 3196 3349 3348
f 3198 3349 3197
f 3197 3349 3196
f 3198 3350 3349
f 3346 3350 3198
f 3199 3351 3204
f 3199 3352 3351
f 3200 3352 3199
f 3200 3353 3352
f 3201 3353 3200
f 3202 3353 3201
f 3202 3354 3353
f 3202 3355 3354
f 3203 3355 3202
f 3203 3356 3355
f 3216 3356 3214
f 3214 3356 3203
f 3204 3357 3218
f 3351 3357 3204
f 3206 3358 3207
f 3208 3358 3206
f 3207 3359 3211
f 3358 3359 3207
f 3208 3360 3358
f 3220 3360 3208
f 3210 3361 3215
f 3213 3361 3210
f 3211 3362 3212
f 3359 3362 3211
f 3212 3363 3213
f 3362 3363 3212
f 3363 3364 3213
f 3213 3364 3361
f 3215 3365 3216
f 3361 3365 3215
f 3216 3366 3356
f 3365 3366 3216
f 3217 3367 3219
f 3217 3368 3367
f 3357 3368 3218
f 3218 3368 3217
f 3367 3369 3219
f 3220 3370 3360
f 3306 3370 3220
f 3221 3371 3234
f 3221 3372 3371
f 3222 3372 3221
f 3222 3373 3372
f 3223 3373 3222
f 3223 3374 3373
f 3226 3374 3224
f 3224 3374 3223
f 3225 3375 3227
f 3229 3375 3225
f 3226 3376 3374
f 3226 3377 3376
f 3227 3377 3226
f 3375 3378 3227
f 3227 3378 3377
f 3228 3379 3229
f 3272 3379 3228
f 3229 3380 3375
f 3379 3380 3229
f 3230 3381 3233
f 3232 3381 3230
f 3231 3382 3232
f 3234 3382 3231
f 3232 3383 3381
f 3382 3383 3232
f 3233 3384 3238
f 3381 3384 3233
f 3234 3385 3382
f 3371 3385 3234
f 3235 3386 3347
f 3236 3386 3235
f 3236 3387 3386
f 3237 3387 3236
f 3237 3388 3387
f 3238 3388 3237
f 3238 3389 3388
f 3384 3389 3238
f 3240 3390 3239
f 3239 3390 3249
f 3240 3391 3390
f 3241 3391 3240
f 3241 3392 3391
f 3247 3392 3242
f 3242 3392 3241
f 3244 3393 3243
f 3243 3394 3247
f 3393 3394 3243
f 3244 3395 3393
f 3245 3395 3244
f 3245 3396 3395
f 3246 3396 3245
f 3246 3397 3396
f 3266 3397 3248
f 3248 3397 3246
f 3247 3398 3392
f 3394 3398 3247
f 3390 3399 3249
f 3249 3400 3250
f 3399 3400 3249
f 3250 3400 3274
f 3251 3401 3264
f 3252 3401 3251
f 3252 3402 3401
f 3253 3402 3252
f 3254 3403 3253
f 3253 3403 3402
f 3254 3404 3403
f 3256 3404 3255
f 3255 3404 3254
f 3256 3405 3404
f 3259 3405 3256
f 3257 3406 3258
f 3262 3406 3257
f 3258 3407 3259
f 3406 3407 3258
f 3259 3408 3405
f 3407 3408 3259
f 3260 3409 3263
f 3260 3410 3409
f 3284 3410 3261
f 3261 3410 3260
f 3409 3411 3263
f 3263 3411 3262
f 3411 3412 3262
f 3262 3412 3406
f 3264 3413 3265
f 3401 3413 3264
f 3265 3414 3266
f 3413 3414 3265
f 3266 3415 3397
f 3414 3416 3266
f 3266 3416 3415
f 3267 3417 3270
f 3267 3418 3417
f 3268 3418 3267
f 3268 3419 3418
f 3269 3419 3268
f 3277 3419 3269
f 3270 3420 3271
f 3271 3420 3273
f 3417 3420 3270
f 3272 3421 3379
f 3273 3421 3272
f 3273 3422 3421
f 3420 3422 3273
f 3274 3423 3276
f 3400 3423 3274
f 3275 3424 3277
f 3275 3425 3424
f 3276 3425 3275
f 3276 3426 3425
f 3423 3426 3276
f 3277 3427 3419
f 3424 3427 3277
f 3278 3428 3279
f 3281 3428 3278
f 3279 3429 3280
f 3428 3429 3279
f 3280 3430 3284
f 3429 3430 3280
f 3282 3431 3281
f 3431 3432 3281
f 3281 3432 3428
f 3282 3433 3431
f 3283 3433 3282
f 3283 3434 3433
f 3286 3434 3283
f 3284 3435 3410
f 3284 3436 3435
f 3430 3436 3284
f 3285 3437 3289
f 3290 3437 3285
f 3286 3438 3434
f 3287 3438 3286
f 3288 3439 3287
f 3287 3439 3438
f 3288 3440 3439
f 3289 3440 3288
f 3289 3441 3440
f 3437 3441 3289
f 3290 3442 3437
f 3291 3442 3290
f 3291 3443 3442
f 3292 3443 3291
f 3292 3444 3443
f 3293 3444 3292
f 3294 3445 3293
f 3293 3445 3444
f 3294 3446 3445
f 3295 3446 3294
f 3295 3447 3446
f 3295 3448 3447
f 3296 3448 3295
f 3297 3449 3296
f 3296 3449 3448
f 3298 3450 3299
f 3300 3450 3298
f 3299 3451 3313
f 3450 3451 3299
f 3300 3452 3450
f 3302 3452 3300
f 3301 3453 3302
f 3303 3453 3301
f 3302 3454 3452
f 3453 3454 3302
f 3303 3455 3453
f 3304 3455 3303
f 3304 3456 3455
f 3305 3456 3304
f 3305 3457 3456
f 3315 3457 3305
f 3306 3458 3370
f 3311 3458 3306
f 3307 3459 3308
f 3307 3460 3459
f 3309 3460 3307
f 3308 3461 3310
f 3459 3461 3308
f 3309 3462 3460
f 3312 3462 3309
f 3461 3463 3310
f 3463 3464 3310
f 3310 3464 3311
f 3311 3464 3458
f 3312 3465 3462
f 3451 3465 3313
f 3313 3465 3312
f 3314 3466 3321
f 3322 3466 3314
f 3315 3467 3457
f 3318 3467 3315
f 3316 3468 3317
f 3316 3469 3468
f 3319 3469 3316
f 3317 3470 3318
f 3468 3470 3317
f 3318 3471 3467
f 3470 3471 3318
f 3320 3472 3319
f 3319 3472 3469
f 3320 3473 3472
f 3321 3473 3320
f 3321 3474 3473
f 3466 3474 3321
f 3322 3475 3466
f 3323 3475 3322
f 3323 3476 3475
f 3331 3476 3323
f 3324 3477 3330
f 3327 3477 3324
f 3325 3478 3328
f 3326 3478 3325
f 3329 3479 3326
f 3326 3479 3478
f 3336 3479 3329
f 3327 3480 3477
f 3327 3481 3480
f 3328 3481 3327
f 3328 3482 3481
f 3478 3482 3328
f 3330 3483 3335
f 3477 3483 3330
f 3331 3484 3476
f 3332 3484 3331
f 3332 3485 3484
f 3334 3485 3332
f 3333 3486 3334
f 3335 3486 3333
f 3483 3486 3335
f 3334 3487 3485
f 3486 3487 3334
f 3338 3488 3337
f 3337 3488 3336
f 3336 3489 3479
f 3488 3489 3336
f 3339 3490 3338
f 3338 3490 3488
f 3339 3491 3490
f 3339 3492 3491
f 3340 3492 3339
f 3340 3493 3492
f 3341 3493 3340
f 3341 3494 3493
f 3342 3494 3341
f 3342 3495 3494
f 3348 3495 3343
f 3343 3495 3342
f 3344 3496 3346
f 3344 3497 3496
f 3345 3497 3344
f 3345 3498 3497
f 3347 3498 3345
f 3346 3499 3350
f 3496 3499 3346
f 3347 3500 3498
f 3386 3500 3347
f 3349 3501 3348
f 3350 3501 3349
f 3501 3502 3348
f 3348 3502 3495
f 3350 3503 3501
f 3499 3503 3350
f 3351 3504 3357
f 3351 3505 3504
f 3352 3505 3351
f 3352 3506 3505
f 3353 3506 3352
f 3354 3506 3353
f 3354 3507 3506
f 3354 3508 3507
f 3355 3508 3354
f 3355 3509 3508
f 3356 3509 3355
f 3366 3509 3356
f 3504 3510 3357
f 3510 3511 3357
f 3357 3511 3368
f 3358 3512 3359
f 3360 3512 3358
f 3359 3513 3362
f 3512 3513 3359
f 3360 3514 3512
f 3370 3514 3360
f 3361 3515 3365
f 3364 3515 3361
f 3362 3516 3363
f 3513 3516 3362
f 3363 3517 3364
f 3516 3517 3363
f 3364 3518 3515
f 3517 3518 3364
f 3365 3519 3366
f 3515 3519 3365
f 3366 3520 3509
f 3519 3520 3366
f 3367 3521 3369
f 3367 3522 3521
f 3511 3522 3368
f 3368 3522 3367
f 3521 3523 3369
f 3370 3524 3514
f 3458 3524 3370
f 3372 3525 3371
f 3371 3526 3385
f 3525 3526 3371
f 3372 3527 3525
f 3373 3527 3372
f 3373 3528 3527
f 3376 3528 3374
f 3374 3528 3373
f 3375 3529 3378
f 3380 3529 3375
f 3376 3530 3528
f 3376 3531 3530
f 3377 3531 3376
f 3377 3532 3531
f 3378 3532 3377
f 3529 3533 3378
f 3378 3533 3532
f 3379 3534 3380
f 3421 3534 3379
f 3534 3535 3380
f 3380 3535 3529
f 3381 3536 3384
f 3383 3536 3381
f 3382 3537 3383
f 3526 3537 3385
f 3385 3537 3382
f 3383 3538 3536
f 3537 3538 3383
f 3384 3539 3389
f 3536 3539 3384
f 3386 3540 3500
f 3387 3540 3386
f 3387 3541 3540
f 3388 3541 3387
f 3388 3542 3541
f 3389 3542 3388
f 3389 3543 3542
f 3539 3543 3389
f 3390 3544 3399
f 3391 3544 3390
f 3391 3545 3544
f 3391 3546 3545
f 3392 3546 3391
f 3392 3547 3546
f 3398 3547 3392
f 3393 3548 3394
f 3395 3548 3393
f 3394 3549 3398
f 3398 3549 3547
f 3394 3550 3549
f 3548 3550 3394
f 3395 3551 3548
f 3396 3551 3395
f 3397 3552 3396
f 3396 3552 3551
f 3415 3552 3397
f 3399 3553 3400
f 3400 3553 3423
f 3399 3554 3553
f 3544 3554 3399
f 3401 3555 3413
f 3401 3556 3555
f 3402 3556 3401
f 3402 3557 3556
f 3403 3557 3402
f 3403 3558 3557
f 3405 3558 3404
f 3404 3558 3403
f 3405 3559 3558
f 3408 3559 3405
f 3406 3560 3407
f 3412 3560 3406
f 3560 3561 3407
f 3407 3561 3408
f 3561 3562 3408
f 3408 3562 3559
f 3409 3563 3411
f 3409 3564 3563
f 3435 3564 3410
f 3410 3564 3409
f 3411 3565 3412
f 3563 3565 3411
f 3412 3566 3560
f 3565 3566 3412
f 3413 3567 3414
f 3555 3567 3413
f 3414 3568 3416
f 3567 3568 3414
f 3415 3569 3552
f 3415 3570 3569
f 3416 3570 3415
f 3416 3571 3570
f 3568 3571 3416
f 3417 3572 3420
f 3417 3573 3572
f 3418 3573 3417
f 3418 3574 3573
f 3427 3574 3419
f 3419 3574 3418
f 3420 3575 3422
f 3572 3575 3420
f 3421 3576 3534
f 3422 3576 3421
f 3422 3577 3576
f 3575 3577 3422
f 3423 3578 3426
f 3553 3578 3423
f 3424 3579 3427
f 3425 3579 3424
f 3425 3580 3579
f 3426 3580 3425
f 3426 3581 3580
f 3426 3582 3581
f 3578 3582 3426
f 3427 3583 3574
f 3427 3584 3583
f 3579 3584 3427
f 3432 3585 3428
f 3428 3585 3429
f 3429 3586 3430
f 3585 3586 3429
f 3430 3587 3436
f 3586 3587 3430
f 3431 3588 3432
f 3431 3589 3588
f 3431 3590 3589
f 3434 3590 3433
f 3433 3590 3431
f 3588 3591 3432
f 3432 3591 3585
f 3434 3592 3590
f 3438 3592 3434
f 3435 3593 3564
f 3435 3594 3593
f 3587 3594 3436
f 3436 3594 3435
f 3442 3595 3437
f 3437 3595 3441
f 3438 3596 3592
f 3439 3596 3438
f 3439 3597 3596
f 3440 3597 3439
f 3440 3598 3597
f 3441 3598 3440
f 3441 3599 3598
f 3595 3599 3441
f 3442 3600 3595
f 3443 3600 3442
f 3443 3601 3600
f 3444 3601 3443
f 3444 3602 3601
f 3445 3602 3444
f 3445 3603 3602
f 3445 3604 3603
f 3446 3604 3445
f 3446 3605 3604
f 3447 3605 3446
f 3447 3606 3605
f 3447 3607 3606
f 3448 3607 3447
f 3448 3608 3607
f 3449 3608 3448
f 3450 3609 3451
f 3452 3609 3450
f 3451 3610 3465
f 3609 3610 3451
f 3454 3611 3452
f 3611 3612 3452
f 3452 3612 3609
f 3453 3613 3454
f 3453 3614 3613
f 3455 3614 3453
f 3454 3615 3611
f 3613 3615 3454
f 3455 3616 3614
f 3455 3617 3616
f 3457 3617 3456
f 3456 3617 3455
f 3457 3618 3617
f 3467 3618 3457
f 3458 3619 3524
f 3458 3620 3619
f 3464 3620 3458
f 3460 3621 3459
f 3621 3622 3459
f 3459 3622 3461
f 3461 3622 3463
f 3460 3623 3621
f 3462 3623 3460
f 3462 3624 3623
f 3610 3624 3465
f 3465 3624 3462
f 3463 3625 3464
f 3464 3625 3620
f 3463 3626 3625
f 3622 3626 3463
f 3466 3627 3474
f 3476 3627 3475
f 3475 3627 3466
f 3467 3628 3618
f 3471 3628 3467
f 3468 3629 3470
f 3469 3629 3468
f 3469 3630 3629
f 3472 3630 3469
f 3470 3631 3471
f 3471 3631 3628
f 3470 3632 3631
f 3629 3632 3470
f 3472 3633 3630
f 3473 3633 3472
f 3473 3634 3633
f 3474 3634 3473
f 3474 3635 3634
f 3627 3635 3474
f 3476 3636 3627
f 3627 3636 3635
f 3476 3637 3636
f 3484 3637 3476
f 3477 3638 3483
f 3480 3638 3477
f 3478 3639 3482
f 3489 3639 3479
f 3479 3639 3478
f 3481 3640 3480
f 3480 3641 3638
f 3640 3641 3480
f 3481 3642 3640
f 3482 3642 3481
f 3482 3643 3642
f 3639 3643 3482
f 3483 3644 3486
f 3486 3644 3487
f 3483 3645 3644
f 3641 3645 3638
f 3638 3645 3483
f 3484 3646 3637
f 3485 3646 3484
f 3485 3647 3646
f 3487 3647 3485
f 3487 3648 3647
f 3487 3649 3648
f 3644 3649 3487
f 3490 3650 3488
f 3650 3651 3488
f 3488 3651 3489
f 3651 3652 3489
f 3639 3652 3643
f 3489 3652 3639
f 3490 3653 3650
f 3491 3653 3490
f 3491 3654 3653
f 3491 3655 3654
f 3492 3655 3491
f 3492 3656 3655
f 3493 3656 3492
f 3494 3657 3493
f 3493 3657 3656
f 3494 3658 3657
f 3502 3658 3495
f 3495 3658 3494
f 3496 3659 3499
f 3496 3660 3659
f 3498 3660 3497
f 3497 3660 3496
f 3498 3661 3660
f 3500 3661 3498
f 3499 3662 3503
f 3659 3662 3499
f 3500 3663 3661
f 3540 3663 3500
f 3503 3664 3501
f 3501 3664 3502
f 3664 3665 3502
f 3502 3665 3658
f 3503 3666 3664
f 3662 3666 3503
f 3505 3667 3504
f 3667 3668 3504
f 3504 3668 3510
f 3506 3669 3505
f 3505 3669 3667
f 3507 3669 3506
f 3507 3670 3669
f 3507 3671 3670
f 3508 3671 3507
f 3508 3672 3671
f 3520 3672 3509
f 3509 3672 3508
f 3510 3673 3511
f 3668 3673 3510
f 3511 3674 3522
f 3673 3674 3511
f 3512 3675 3513
f 3514 3675 3512
f 3513 3676 3516
f 3675 3676 3513
f 3514 3677 3675
f 3514 3678 3677
f 3619 3678 3524
f 3524 3678 3514
f 3515 3679 3519
f 3518 3679 3515
f 3516 3680 3517
f 3516 3681 3680
f 3676 3681 3516
f 3517 3682 3518
f 3680 3682 3517
f 3518 3683 3679
f 3682 3683 3518
f 3519 3684 3520
f 3679 3684 3519
f 3520 3685 3672
f 3684 3685 3520
f 3521 3686 3523
f 3521 3687 3686
f 3674 3687 3522
f 3522 3687 3521
f 3686 3688 3523
f 3525 3689 3526
f 3525 3690 3689
f 3527 3690 3525
f 3526 3691 3537
f 3689 3691 3526
f 3527 3692 3690
f 3528 3692 3527
f 3530 3692 3528
f 3529 3693 3533
f 3535 3693 3529
f 3530 3694 3692
f 3531 3694 3530
f 3531 3695 3694
f 3532 3695 3531
f 3532 3696 3695
f 3533 3696 3532
f 3533 3697 3696
f 3693 3697 3533
f 3534 3698 3535
f 3576 3698 3534
f 3535 3699 3693
f 3698 3699 3535
f 3536 3700 3539
f 3538 3700 3536
f 3691 3701 3537
f 3537 3701 3538
f 3538 3702 3700
f 3701 3702 3538
f 3539 3703 3543
f 3700 3703 3539
f 3541 3704 3540
f 3540 3704 3663
f 3541 3705 3704
f 3542 3705 3541
f 3542 3706 3705
f 3543 3706 3542
f 3543 3707 3706
f 3703 3707 3543
f 3544 3708 3554
f 3545 3708 3544
f 3545 3709 3708
f 3545 3710 3709
f 3547 3710 3546
f 3546 3710 3545
f 3547 3711 3710
f 3549 3711 3547
f 3551 3712 3548
f 3548 3712 3550
f 3549 3713 3711
f 3550 3713 3549
f 3550 3714 3713
f 3712 3714 3550
f 3551 3715 3712
f 3569 3715 3552
f 3552 3715 3551
f 3553 3716 3578
f 3578 3716 3582
f 3554 3716 3553
f 3554 3717 3716
f 3708 3717 3554
f 3557 3718 3556
f 3556 3718 3555
f 3555 3719 3567
f 3718 3719 3555
f 3557 3720 3718
f 3557 3721 3720
f 3559 3721 3558
f 3558 3721 3557
f 3559 3722 3721
f 3562 3722 3559
f 3566 3723 3560
f 3560 3723 3561
f 3561 3724 3562
f 3723 3724 3561
f 3562 3725 3722
f 3724 3725 3562
f 3563 3726 3565
f 3563 3727 3726
f 3593 3727 3564
f 3564 3727 3563
f 3565 3728 3566
f 3726 3728 3565
f 3728 3729 3566
f 3566 3729 3723
f 3719 3730 3567
f 3567 3730 3568
f 3730 3731 3568
f 3568 3731 3571
f 3569 3732 3715
f 3569 3733 3732
f 3570 3733 3569
f 3570 3734 3733
f 3731 3734 3571
f 3571 3734 3570
f 3572 3735 3575
f 3572 3736 3735
f 3573 3736 3572
f 3573 3737 3736
f 3583 3737 3574
f 3574 3737 3573
f 3735 3738 3575
f 3575 3738 3577
f 3576 3739 3698
f 3738 3739 3577
f 3577 3739 3576
f 3579 3740 3584
f 3580 3740 3579
f 3580 3741 3740
f 3581 3741 3580
f 3582 3742 3581
f 3742 3743 3581
f 3581 3743 3741
f 3582 3744 3742
f 3717 3744 3716
f 3716 3744 3582
f 3584 3745 3583
f 3745 3746 3583
f 3583 3746 3737
f 3584 3747 3745
f 3740 3747 3584
f 3585 3748 3586
f 3591 3748 3585
f 3586 3749 3587
f 3748 3749 3586
f 3587 3750 3594
f 3749 3750 3587
f 3588 3751 3591
f 3589 3751 3588
f 3589 3752 3751
f 3589 3753 3752
f 3590 3753 3589
f 3592 3753 3590
f 3591 3754 3748
f 3751 3754 3591
f 3592 3755 3753
f 3596 3755 3592
f 3593 3756 3727
f 3593 3757 3756
f 3594 3757 3593
f 3594 3758 3757
f 3750 3758 3594
f 3595 3759 3599
f 3601 3759 3600
f 3600 3759 3595
f 3596 3760 3755
f 3597 3760 3596
f 3597 3761 3760
f 3598 3761 3597
f 3598 3762 3761
f 3599 3762 3598
f 3599 3763 3762
f 3759 3763 3599
f 3601 3764 3759
f 3602 3764 3601
f 3602 3765 3764
f 3603 3765 3602
f 3604 3766 3603
f 3603 3766 3765
f 3604 3767 3766
f 3605 3767 3604
f 3605 3768 3767
f 3606 3768 3605
f 3606 3769 3768
f 3606 3770 3769
f 3607 3770 3606
f 3607 3771 3770
f 3608 3771 3607
f 3612 3772 3609
f 3609 3772 3610
f 3610 3773 3624
f 3772 3773 3610
f 3611 3774 3612
f 3615 3774 3611
f 3612 3775 3772
f 3774 3775 3612
f 3613 3776 3615
f 3613 3777 3776
f 3616 3777 3614
f 3614 3777 3613
f 3615 3778 3774
f 3776 3778 3615
f 3617 3779 3616
f 3618 3779 3617
f 3779 3780 3616
f 3616 3780 3777
f 3628 3781 3618
f 3618 3781 3779
f 3619 3782 3678
f 3619 3783 3782
f 3620 3783 3619
f 3620 3784 3783
f 3625 3784 3620
f 3623 3785 3621
f 3785 3786 3621
f 3621 3786 3622
f 3622 3786 3626
f 3623 3787 3785
f 3773 3787 3624
f 3624 3787 3623
f 3625 3788 3784
f 3626 3788 3625
f 3626 3789 3788
f 3786 3789 3626
f 3631 3790 3628
f 3628 3790 3781
f 3629 3791 3632
f 3630 3791 3629
f 3633 3792 3630
f 3792 3793 3630
f 3630 3793 3791
f 3631 3794 3790
f 3632 3794 3631
f 3632 3795 3794
f 3791 3795 3632
f 3633 3796 3792
f 3634 3796 3633
f 3634 3797 3796
f 3635 3797 3634
f 3635 3798 3797
f 3636 3798 3635
f 3636 3799 3798
f 3637 3799 3636
f 3637 3800 3799
f 3647 3800 3646
f 3646 3800 3637
f 3640 3801 3641
f 3642 3801 3640
f 3641 3802 3645
f 3801 3803 3641
f 3641 3803 3802
f 3642 3804 3801
f 3643 3805 3642
f 3642 3805 3804
f 3643 3806 3805
f 3652 3806 3643
f 3645 3807 3644
f 3644 3807 3649
f 3802 3807 3645
f 3647 3808 3800
f 3648 3808 3647
f 3648 3809 3808
f 3649 3809 3648
f 3807 3810 3649
f 3649 3811 3809
f 3810 3811 3649
f 3650 3812 3651
f 3653 3812 3650
f 3651 3813 3652
f 3812 3813 3651
f 3652 3813 3806
f 3653 3814 3812
f 3654 3814 3653
f 3654 3815 3814
f 3654 3816 3815
f 3655 3816 3654
f 3655 3817 3816
f 3656 3817 3655
f 3656 3818 3817
f 3657 3818 3656
f 3657 3819 3818
f 3665 3819 3658
f 3658 3819 3657
f 3659 3820 3662
f 3662 3820 3666
f 3659 3821 3820
f 3659 3822 3821
f 3661 3822 3660
f 3660 3822 3659
f 3661 3823 3822
f 3822 3823 3821
f 3661 3824 3823
f 3663 3824 3661
f 3663 3825 3824
f 3704 3825 3663
f 3664 3826 3665
f 3666 3826 3664
f 3665 3827 3819
f 3826 3827 3665
f 3820 3828 3666
f 3828 3829 3666
f 3666 3829 3826
f 3667 3830 3668
f 3669 3831 3667
f 3667 3831 3830
f 3670 3831 3669
f 3668 3832 3673
f 3830 3832 3668
f 3671 3833 3670
f 3833 3834 3670
f 3670 3834 3831
f 3671 3835 3833
f 3672 3835 3671
f 3672 3836 3835
f 3685 3836 3672
f 3673 3837 3674
f 3832 3837 3673
f 3674 3838 3687
f 3837 3838 3674
f 3675 3839 3676
f 3676 3839 3681
f 3677 3839 3675
f 3678 3840 3677
f 3782 3840 3678
f 3840 3841 3677
f 3677 3841 3839
f 3679 3842 3684
f 3683 3842 3679
f 3839 3843 3681
f 3681 3843 3680
f 3843 3844 3680
f 3680 3844 3682
f 3682 3845 3683
f 3844 3845 3682
f 3683 3846 3842
f 3845 3846 3683
f 3684 3847 3685
f 3842 3847 3684
f 3685 3848 3836
f 3847 3848 3685
f 3686 3849 3688
f 3686 3850 3849
f 3838 3850 3687
f 3687 3850 3686
f 3849 3851 3688
f 3690 3852 3689
f 3852 3853 3689
f 3689 3853 3691
f 3691 3853 3701
f 3690 3854 3852
f 3692 3854 3690
f 3694 3854 3692
f 3693 3855 3697
f 3699 3855 3693
f 3694 3856 3854
f 3695 3857 3694
f 3694 3857 3856
f 3696 3857 3695
f 3697 3858 3696
f 3858 3859 3696
f 3696 3859 3857
f 3855 3860 3697
f 3697 3860 3858
f 3698 3861 3699
f 3739 3861 3698
f 3699 3862 3855
f 3861 3862 3699
f 3702 3863 3700
f 3700 3863 3703
f 3701 3864 3702
f 3853 3864 3701
f 3702 3865 3863
f 3864 3865 3702
f 3863 3866 3703
f 3866 3867 3703
f 3703 3867 3707
f 3705 3868 3704
f 3704 3868 3825
f 3705 3869 3868
f 3706 3869 3705
f 3706 3870 3869
f 3867 3870 3707
f 3707 3870 3706
f 3708 3871 3717
f 3709 3871 3708
f 3709 3872 3871
f 3709 3873 3872
f 3710 3873 3709
f 3711 3873 3710
f 3711 3874 3873
f 3713 3874 3711
f 3712 3875 3714
f 3732 3875 3715
f 3715 3875 3712
f 3713 3876 3874
f 3714 3876 3713
f 3714 3877 3876
f 3875 3877 3714
f 3717 3878 3744
f 3871 3878 3717
f 3718 3879 3719
f 3720 3879 3718
f 3719 3880 3730
f 3879 3880 3719
f 3720 3881 3879
f 3720 3882 3881
f 3722 3882 3721
f 3721 3882 3720
f 3722 3883 3882
f 3725 3883 3722
f 3723 3884 3724
f 3724 3884 3725
f 3729 3884 3723
f 3725 3885 3883
f 3725 3886 3885
f 3884 3886 3725
f 3727 3887 3726
f 3756 3887 3727
f 3887 3888 3726
f 3728 3888 3729
f 3726 3888 3728
f 3729 3889 3884
f 3884 3889 3886
f 3729 3890 3889
f 3888 3890 3729
f 3730 3891 3731
f 3880 3891 3730
f 3731 3892 3734
f 3731 3893 3892
f 3891 3893 3731
f 3732 3894 3875
f 3875 3894 3877
f 3732 3895 3894
f 3733 3895 3732
f 3733 3896 3895
f 3892 3896 3734
f 3734 3896 3733
f 3735 3897 3738
f 3735 3898 3897
f 3736 3898 3735
f 3737 3899 3736
f 3736 3899 3898
f 3746 3899 3737
f 3738 3900 3739
f 3897 3900 3738
f 3739 3901 3861
f 3861 3901 3862
f 3900 3901 3739
f 3740 3902 3747
f 3741 3902 3740
f 3741 3903 3902
f 3743 3903 3741
f 3742 3904 3743
f 3742 3905 3904
f 3878 3905 3744
f 3744 3905 3742
f 3743 3906 3903
f 3904 3906 3743
f 3745 3907 3746
f 3747 3907 3745
f 3746 3908 3899
f 3907 3908 3746
f 3747 3909 3907
f 3902 3909 3747
f 3748 3910 3749
f 3754 3910 3748
f 3749 3911 3750
f 3910 3911 3749
f 3750 3912 3758
f 3911 3912 3750
f 3751 3913 3754
f 3752 3914 3751
f 3751 3914 3913
f 3752 3915 3914
f 3752 3916 3915
f 3753 3916 3752
f 3755 3916 3753
f 3754 3917 3910
f 3913 3917 3754
f 3755 3918 3916
f 3760 3918 3755
f 3756 3919 3887
f 3757 3920 3756
f 3756 3920 3919
f 3757 3921 3920
f 3912 3921 3758
f 3758 3921 3757
f 3759 3922 3763
f 3764 3922 3759
f 3760 3923 3918
f 3760 3924 3923
f 3762 3924 3761
f 3761 3924 3760
f 3762 3925 3924
f 3762 3926 3925
f 3922 3926 3763
f 3763 3926 3762
f 3764 3927 3922
f 3765 3927 3764
f 3765 3928 3927
f 3765 3929 3928
f 3766 3929 3765
f 3766 3930 3929
f 3767 3930 3766
f 3768 3931 3767
f 3767 3931 3930
f 3768 3932 3931
f 3769 3932 3768
f 3769 3933 3932
f 3769 3934 3933
f 3770 3934 3769
f 3770 3935 3934
f 3771 3935 3770
f 3772 3936 3773
f 3775 3936 3772
f 3936 3937 3773
f 3773 3937 3787
f 3774 3938 3775
f 3778 3938 3774
f 3775 3939 3936
f 3938 3939 3775
f 3776 3940 3778
f 3776 3941 3940
f 3780 3941 3777
f 3777 3941 3776
f 3778 3942 3938
f 3940 3942 3778
f 3779 3943 3780
f 3781 3943 3779
f 3780 3944 3941
f 3943 3944 3780
f 3781 3945 3943
f 3790 3945 3781
f 3782 3946 3840
f 3782 3947 3946
f 3783 3947 3782
f 3783 3948 3947
f 3784 3948 3783
f 3784 3949 3948
f 3788 3949 3784
f 3785 3950 3786
f 3786 3950 3789
f 3785 3951 3950
f 3937 3951 3787
f 3787 3951 3785
f 3788 3952 3949
f 3789 3952 3788
f 3789 3953 3952
f 3950 3953 3789
f 3790 3954 3945
f 3794 3954 3790
f 3793 3955 3791
f 3791 3955 3795
f 3792 3956 3793
f 3796 3956 3792
f 3793 3957 3955
f 3956 3957 3793
f 3794 3958 3954
f 3795 3958 3794
f 3955 3959 3795
f 3795 3959 3958
f 3797 3960 3796
f 3796 3961 3956
f 3960 3961 3796
f 3797 3962 3960
f 3798 3962 3797
f 3798 3963 3962
f 3799 3963 3798
f 3799 3964 3963
f 3800 3965 3799
f 3799 3965 3964
f 3808 3965 3800
f 3801 3966 3803
f 3804 3966 3801
f 3803 3967 3802
f 3802 3968 3807
f 3807 3968 3810
f 3967 3968 3802
f 3803 3969 3967
f 3966 3969 3803
f 3804 3970 3966
f 3805 3970 3804
f 3805 3971 3970
f 3806 3971 3805
f 3806 3972 3971
f 3813 3972 3806
f 3808 3973 3965
f 3809 3973 3808
f 3811 3974 3809
f 3809 3974 3973
f 3810 3975 3811
f 3968 3975 3810
f 3975 3976 3811
f 3811 3976 3974
f 3812 3977 3813
f 3813 3977 3972
f 3812 3978 3977
f 3814 3978 3812
f 3815 3979 3814
f 3814 3979 3978
f 3815 3980 3979
f 3815 3981 3980
f 3816 3981 3815
f 3816 3982 3981
f 3817 3982 3816
f 3818 3983 3817
f 3983 3984 3817
f 3817 3984 3982
f 3818 3985 3983
f 3827 3985 3819
f 3819 3985 3818
f 3820 3986 3828
f 3821 3986 3820
f 3821 3987 3986
f 3823 3987 3821
f 3823 3988 3987
f 3824 3988 3823
f 3824 3989 3988
f 3825 3989 3824
f 3868 3990 3825
f 3825 3990 3989
f 3826 3991 3827
f 3829 3991 3826
f 3827 3992 3985
f 3991 3992 3827
f 3986 3993 3828
f 3993 3994 3828
f 3828 3994 3829
f 3829 3995 3991
f 3994 3995 3829
f 3834 3996 3831
f 3831 3996 3830
f 3830 3997 3832
f 3996 3997 3830
f 3832 3998 3837
f 3997 3998 3832
f 3833 3999 3834
f 3833 4000 3999
f 3836 4000 3835
f 3835 4000 3833
f 3834 4001 3996
f 3999 4001 3834
f 3836 4002 4000
f 3848 4002 3836
f 3837 4003 3838
f 3998 4003 3837
f 3838 4004 3850
f 4003 4004 3838
f 3841 4005 3839
f 3839 4005 3843
f 3840 4006 3841
f 3841 4006 4005
f 3946 4006 3840
f 3842 4007 3847
f 3846 4007 3842
f 3843 4008 3844
f 4005 4008 3843
f 3844 4009 3845
f 3844 4010 4009
f 4008 4010 3844
f 3845 4011 3846
f 4009 4011 3845
f 3846 4012 4007
f 4011 4012 3846
f 3847 4013 3848
f 4007 4013 3847
f 3848 4014 4002
f 4013 4014 3848
f 3849 4015 3851
f 3849 4016 4015
f 3850 4016 3849
f 4004 4016 3850
f 4015 4017 3851
f 3854 4018 3852
f 3856 4018 3854
f 4018 4019 3852
f 4019 4020 3852
f 3852 4020 3853
f 3853 4020 3864
f 3855 4021 3860
f 3862 4021 3855
f 3856 4022 4018
f 3856 4023 4022
f 3859 4023 3857
f 3857 4023 3856
f 3858 4024 3859
f 3860 4024 3858
f 3859 4025 4023
f 4024 4025 3859
f 3860 4026 4024
f 3860 4027 4026
f 4021 4027 3860
f 3862 4028 4021
f 4021 4028 4027
f 3862 4029 4028
f 3901 4029 3862
f 3863 4030 3866
f 3865 4030 3863
f 4020 4031 3864
f 3864 4031 3865
f 3865 4032 4030
f 4031 4032 3865
f 4030 4033 3866
f 4033 4034 3866
f 3866 4034 3867
f 3867 4035 3870
f 4034 4035 3867
f 3868 4036 3990
f 3869 4036 3868
f 3869 4037 4036
f 4035 4037 3870
f 3870 4037 3869
f 3871 4038 3878
f 3872 4038 3871
f 3872 4039 4038
f 3872 4040 4039
f 3873 4040 3872
f 3874 4040 3873
f 3874 4041 4040
f 3876 4041 3874
f 3876 4042 4041
f 3876 4043 4042
f 3877 4043 3876
f 3877 4044 4043
f 3894 4044 3877
f 4038 4045 3878
f 4045 4046 3878
f 3878 4046 3905
f 3879 4047 3880
f 3881 4047 3879
f 3880 4048 3891
f 4047 4048 3880
f 3881 4049 4047
f 3881 4050 4049
f 3885 4050 3883
f 3883 4050 3882
f 3882 4050 3881
f 3886 4051 3885
f 4051 4052 3885
f 4052 4053 3885
f 3885 4053 4050
f 4050 4053 4049
f 3886 4054 4051
f 3889 4054 3886
f 3887 4055 3888
f 3888 4055 3890
f 3919 4055 3887
f 3889 4056 4054
f 3890 4056 3889
f 3890 4057 4056
f 4055 4057 3890
f 3891 4058 3893
f 4048 4058 3891
f 3892 4059 3896
f 3892 4060 4059
f 3893 4060 3892
f 3893 4061 4060
f 4058 4061 3893
f 3894 4062 4044
f 3895 4062 3894
f 3895 4063 4062
f 4059 4063 3896
f 3896 4063 3895
f 3897 4064 3900
f 3897 4065 4064
f 3898 4065 3897
f 3899 4066 3898
f 3898 4066 4065
f 3908 4066 3899
f 4064 4067 3900
f 3900 4067 3901
f 3901 4067 4029
f 3902 4068 3909
f 3903 4068 3902
f 3903 4069 4068
f 3906 4069 3903
f 3904 4070 3906
f 3904 4071 4070
f 4046 4071 3905
f 3905 4071 3904
f 3906 4072 4069
f 4070 4072 3906
f 3907 4073 3908
f 3907 4074 4073
f 3909 4074 3907
f 4073 4075 3908
f 3908 4075 4066
f 3909 4076 4074
f 4068 4076 3909
f 3910 4077 3911
f 3917 4077 3910
f 4077 4078 3911
f 4078 4079 3911
f 3911 4079 3912
f 3912 4080 3921
f 4079 4080 3912
f 3913 4081 3917
f 3914 4081 3913
f 3914 4082 4081
f 3915 4082 3914
f 3915 4083 4082
f 3915 4084 4083
f 3923 4084 3918
f 3918 4084 3916
f 3916 4084 3915
f 3917 4085 4077
f 4077 4085 4078
f 4081 4085 3917
f 3919 4086 4055
f 4055 4086 4057
f 3920 4087 3919
f 3919 4087 4086
f 3920 4088 4087
f 4080 4088 3921
f 3921 4088 3920
f 3927 4089 3922
f 3922 4089 3926
f 3923 4090 4084
f 4084 4090 4083
f 3923 4091 4090
f 3923 4092 4091
f 3925 4092 3924
f 3924 4092 3923
f 3925 4093 4092
f 3925 4094 4093
f 4089 4094 3926
f 3926 4094 3925
f 3927 4095 4089
f 3928 4095 3927
f 3928 4096 4095
f 3928 4097 4096
f 3930 4097 3929
f 3929 4097 3928
f 3930 4098 4097
f 3931 4098 3930
f 3931 4099 4098
f 3932 4099 3931
f 3933 4100 3932
f 3932 4100 4099
f 3933 4101 4100
f 3933 4102 4101
f 3934 4102 3933
f 3934 4103 4102
f 3935 4103 3934
f 3936 4104 3937
f 3939 4104 3936
f 3937 4105 3951
f 4104 4105 3937
f 3938 4106 3939
f 3942 4106 3938
f 3939 4107 4104
f 4106 4107 3939
f 3940 4108 3942
f 3940 4109 4108
f 3940 4110 4109
f 3944 4110 3941
f 3941 4110 3940
f 3942 4111 4106
f 4108 4111 3942
f 3945 4112 3943
f 3943 4113 3944
f 4112 4113 3943
f 4113 4114 3944
f 3944 4114 4110
f 3945 4115 4112
f 3954 4115 3945
f 3946 4116 4006
f 3946 4117 4116
f 3947 4117 3946
f 3947 4118 4117
f 3948 4118 3947
f 3948 4119 4118
f 3949 4119 3948
f 3949 4120 4119
f 3952 4120 3949
f 3951 4121 3950
f 3950 4121 3953
f 4105 4121 3951
f 3952 4122 4120
f 3953 4122 3952
f 3953 4123 4122
f 4121 4123 3953
f 3954 4124 4115
f 3958 4124 3954
f 3957 4125 3955
f 3955 4125 3959
f 3956 4126 3957
f 3961 4126 3956
f 4126 4127 3957
f 3957 4127 4125
f 3958 4128 4124
f 3959 4128 3958
f 3959 4129 4128
f 4125 4129 3959
f 3960 4130 3961
f 3962 4130 3960
f 3961 4131 4126
f 4130 4131 3961
f 3962 4132 4130
f 3963 4132 3962
f 3963 4133 4132
f 3964 4133 3963
f 3964 4134 4133
f 3973 4134 3965
f 3965 4134 3964
f 3970 4135 3966
f 3966 4135 3969
f 3969 4136 3967
f 4136 4137 3967
f 3967 4137 3968
f 3968 4137 3975
f 3969 4138 4136
f 4135 4138 3969
f 3971 4139 3970
f 4139 4140 3970
f 3970 4140 4135
f 3971 4141 4139
f 3972 4141 3971
f 3972 4142 4141
f 3977 4142 3972
f 3973 4143 4134
f 3974 4143 3973
f 3974 4144 4143
f 3976 4144 3974
f 3975 4145 3976
f 4137 4145 3975
f 3976 4146 4144
f 4145 4146 3976
f 3978 4147 3977
f 3977 4147 4142
f 3979 4147 3978
f 3979 4148 4147
f 3980 4148 3979
f 4149 4150 3980
f 3980 4150 4148
f 3980 4151 4149
f 3981 4151 3980
f 3981 4152 4151
f 3984 4152 3982
f 3982 4152 3981
f 3983 4153 3984
f 3983 4154 4153
f 3992 4154 3985
f 3985 4154 3983
f 3984 4155 4152
f 4153 4155 3984
f 3986 4156 3993
f 3987 4156 3986
f 3987 4157 4156
f 3988 4157 3987
f 3988 4158 4157
f 3989 4158 3988
f 3989 4159 4158
f 3990 4159 3989
f 3990 4160 4159
f 4036 4160 3990
f 3991 4161 3992
f 3995 4161 3991
f 3992 4162 4154
f 4161 4162 3992
f 3993 4163 3994
f 3993 4164 4163
f 4156 4164 3993
f 3994 4165 3995
f 4163 4165 3994
f 3995 4166 4161
f 4165 4166 3995
f 3996 4167 3997
f 4001 4167 3996
f 3997 4168 3998
f 4167 4168 3997
f 4168 4169 3998
f 3998 4169 4003
f 3999 4170 4001
f 3999 4171 4170
f 4002 4171 4000
f 4000 4171 3999
f 4001 4172 4167
f 4170 4172 4001
f 4002 4173 4171
f 4014 4173 4002
f 4003 4174 4004
f 4169 4174 4003
f 4004 4175 4016
f 4174 4175 4004
f 4005 4176 4008
f 4006 4176 4005
f 4006 4177 4176
f 4116 4177 4006
f 4007 4178 4013
f 4012 4178 4007
f 4008 4179 4010
f 4176 4179 4008
f 4009 4180 4011
f 4010 4180 4009
f 4010 4181 4180
f 4179 4181 4010
f 4180 4182 4011
f 4011 4182 4012
f 4012 4183 4178
f 4182 4183 4012
f 4013 4184 4014
f 4178 4184 4013
f 4014 4185 4173
f 4184 4185 4014
f 4015 4186 4017
f 4015 4187 4186
f 4175 4187 4016
f 4016 4187 4015
f 4186 4188 4017
f 4022 4189 4018
f 4018 4189 4019
f 4019 4190 4020
f 4020 4190 4031
f 4189 4190 4019
f 4022 4191 4189
f 4022 4192 4191
f 4025 4192 4023
f 4023 4192 4022
f 4026 4193 4024
f 4024 4193 4025
f 4025 4194 4192
f 4193 4194 4025
f 4026 4195 4193
f 4026 4196 4195
f 4027 4196 4026
f 4027 4197 4196
f 4028 4197 4027
f 4028 4198 4197
f 4029 4198 4028
f 4029 4199 4198
f 4067 4199 4029
f 4030 4200 4033
f 4032 4200 4030
f 4031 4201 4032
f 4190 4201 4031
f 4201 4202 4032
f 4032 4202 4200
f 4033 4203 4034
f 4033 4204 4203
f 4200 4204 4033
f 4034 4205 4035
f 4203 4205 4034
f 4035 4206 4037
f 4205 4206 4035
f 4036 4207 4160
f 4206 4207 4037
f 4037 4207 4036
f 4038 4208 4045
f 4039 4208 4038
f 4039 4209 4208
f 4040 4209 4039
f 4040 4210 4209
f 4042 4210 4041
f 4041 4210 4040
f 4042 4211 4210
f 4042 4212 4211
f 4043 4212 4042
f 4044 4213 4043
f 4043 4213 4212
f 4044 4214 4213
f 4062 4214 4044
f 4045 4215 4046
f 4046 4215 4071
f 4045 4216 4215
f 4208 4216 4045
f 4047 4217 4048
f 4049 4217 4047
f 4048 4218 4058
f 4217 4218 4048
f 4049 4219 4217
f 4053 4219 4049
f 4051 4220 4052
f 4051 4221 4220
f 4054 4221 4051
f 4052 4222 4053
f 4053 4222 4219
f 4220 4222 4052
f 4054 4223 4221
f 4056 4223 4054
f 4056 4224 4223
f 4057 4224 4056
f 4057 4225 4224
f 4086 4225 4057
f 4058 4226 4061
f 4218 4226 4058
f 4059 4227 4063
f 4060 4228 4059
f 4059 4228 4227
f 4060 4229 4228
f 4226 4229 4061
f 4061 4229 4060
f 4062 4230 4214
f 4227 4230 4063
f 4063 4230 4062
f 4064 4231 4067
f 4067 4231 4199
f 4064 4232 4231
f 4065 4232 4064
f 4065 4233 4232
f 4066 4233 4065
f 4075 4233 4066
f 4068 4234 4076
f 4069 4234 4068
f 4069 4235 4234
f 4072 4235 4069
f 4071 4236 4070
f 4236 4237 4070
f 4070 4237 4072
f 4072 4237 4235
f 4071 4238 4236
f 4215 4238 4071
f 4074 4239 4073
f 4073 4240 4075
f 4239 4240 4073
f 4074 4241 4239
f 4076 4241 4074
f 4240 4242 4075
f 4075 4242 4233
f 4076 4243 4241
f 4234 4243 4076
f 4085 4244 4078
f 4244 4245 4078
f 4078 4245 4079
f 4079 4246 4080
f 4245 4246 4079
f 4080 4247 4088
f 4080 4248 4247
f 4246 4248 4080
f 4081 4249 4085
f 4082 4249 4081
f 4082 4250 4249
f 4082 4251 4250
f 4083 4251 4082
f 4083 4252 4251
f 4090 4252 4083
f 4085 4253 4244
f 4249 4253 4085
f 4086 4254 4225
f 4087 4254 4086
f 4087 4255 4254
f 4088 4255 4087
f 4247 4255 4088
f 4089 4256 4094
f 4095 4256 4089
f 4090 4257 4252
f 4091 4257 4090
f 4092 4258 4091
f 4091 4258 4257
f 4093 4258 4092
f 4093 4259 4258
f 4094 4260 4093
f 4093 4260 4259
f 4256 4260 4094
f 4095 4261 4256
f 4096 4261 4095
f 4096 4262 4261
f 4096 4263 4262
f 4098 4263 4097
f 4097 4263 4096
f 4098 4264 4263
f 4098 4265 4264
f 4099 4265 4098
f 4099 4266 4265
f 4100 4266 4099
f 4100 4267 4266
f 4101 4267 4100
f 4101 4268 4267
f 4187 4268 4186
f 4102 4269 4101
f 4101 4269 4268
f 4268 4269 4186
f 4186 4269 4188
f 4102 4270 4269
f 4269 4270 4188
f 4103 4270 4102
f 4104 4271 4105
f 4107 4271 4104
f 4105 4272 4121
f 4121 4272 4123
f 4271 4272 4105
f 4106 4273 4107
f 4111 4273 4106
f 4107 4274 4271
f 4273 4274 4107
f 4108 4275 4111
f 4108 4276 4275
f 4109 4276 4108
f 4109 4277 4276
f 4114 4277 4110
f 4110 4277 4109
f 4111 4278 4273
f 4275 4278 4111
f 4112 4279 4113
f 4115 4279 4112
f 4113 4280 4114
f 4279 4280 4113
f 4114 4281 4277
f 4280 4281 4114
f 4115 4282 4279
f 4115 4283 4282
f 4124 4283 4115
f 4128 4283 4124
f 4116 4284 4177
f 4117 4284 4116
f 4117 4285 4284
f 4118 4285 4117
f 4118 4286 4285
f 4119 4286 4118
f 4120 4287 4119
f 4119 4287 4286
f 4120 4288 4287
f 4122 4288 4120
f 4122 4289 4288
f 4123 4289 4122
f 4272 4290 4123
f 4123 4290 4289
f 4127 4291 4125
f 4125 4291 4129
f 4126 4292 4127
f 4131 4292 4126
f 4127 4293 4291
f 4292 4293 4127
f 4128 4294 4283
f 4129 4294 4128
f 4129 4295 4294
f 4291 4295 4129
f 4130 4296 4131
f 4132 4296 4130
f 4131 4297 4292
f 4296 4297 4131
f 4132 4298 4296
f 4133 4298 4132
f 4133 4299 4298
f 4134 4299 4133
f 4134 4300 4299
f 4143 4300 4134
f 4135 4301 4138
f 4140 4301 4135
f 4136 4302 4137
f 4137 4302 4145
f 4136 4303 4302
f 4138 4303 4136
f 4301 4304 4138
f 4138 4304 4303
f 4141 4305 4139
f 4139 4305 4140
f 4140 4306 4301
f 4305 4306 4140
f 4141 4307 4305
f 4142 4307 4141
f 4142 4308 4307
f 4147 4308 4142
f 4143 4309 4300
f 4144 4309 4143
f 4144 4310 4309
f 4146 4310 4144
f 4145 4311 4146
f 4302 4311 4145
f 4311 4312 4146
f 4146 4312 4310
f 4147 4313 4308
f 4148 4313 4147
f 4148 4314 4313
f 4150 4314 4148
f 4149 4315 4150
f 4149 4316 4315
f 4151 4316 4149
f 4150 4317 4314
f 4315 4317 4150
f 4152 4318 4151
f 4155 4318 4152
f 4151 4318 4316
f 4153 4319 4155
f 4153 4320 4319
f 4162 4320 4154
f 4154 4320 4153
f 4155 4321 4318
f 4319 4321 4155
f 4156 4322 4164
f 4157 4322 4156
f 4157 4323 4322
f 4158 4323 4157
f 4159 4324 4158
f 4158 4324 4323
f 4159 4325 4324
f 4160 4325 4159
f 4160 4326 4325
f 4207 4326 4160
f 4161 4327 4162
f 4166 4327 4161
f 4162 4328 4320
f 4327 4328 4162
f 4163 4329 4165
f 4163 4330 4329
f 4164 4330 4163
f 4164 4331 4330
f 4322 4331 4164
f 4165 4332 4166
f 4329 4332 4165
f 4332 4333 4166
f 4166 4333 4327
f 4167 4334 4168
f 4172 4334 4167
f 4168 4335 4169
f 4168 4336 4335
f 4334 4336 4168
f 4169 4337 4174
f 4335 4337 4169
f 4170 4338 4172
f 4170 4339 4338
f 4171 4339 4170
f 4171 4340 4339
f 4185 4340 4173
f 4173 4340 4171
f 4172 4341 4334
f 4334 4341 4336
f 4338 4341 4172
f 4174 4342 4175
f 4337 4342 4174
f 4175 4343 4187
f 4342 4343 4175
f 4268 4343 4267
f 4187 4343 4268
f 4176 4344 4179
f 4177 4344 4176
f 4284 4345 4177
f 4345 4346 4177
f 4177 4346 4344
f 4178 4347 4184
f 4183 4347 4178
f 4179 4348 4181
f 4346 4348 4344
f 4344 4348 4179
f 4180 4349 4182
f 4181 4349 4180
f 4181 4350 4349
f 4348 4350 4181
f 4182 4351 4183
f 4349 4351 4182
f 4183 4352 4347
f 4351 4352 4183
f 4184 4353 4185
f 4347 4353 4184
f 4185 4354 4340
f 4353 4355 4185
f 4185 4355 4354
f 4189 4356 4190
f 4191 4356 4189
f 4190 4357 4201
f 4356 4357 4190
f 4192 4358 4191
f 4194 4358 4192
f 4358 4359 4191
f 4191 4359 4356
f 4193 4360 4194
f 4195 4360 4193
f 4194 4361 4358
f 4360 4361 4194
f 4195 4362 4360
f 4195 4363 4362
f 4196 4363 4195
f 4196 4364 4363
f 4197 4364 4196
f 4197 4365 4364
f 4198 4365 4197
f 4199 4366 4198
f 4198 4366 4365
f 4199 4367 4366
f 4231 4367 4199
f 4200 4368 4204
f 4202 4368 4200
f 4201 4369 4202
f 4357 4369 4201
f 4369 4370 4202
f 4202 4370 4368
f 4204 4371 4203
f 4203 4372 4205
f 4371 4372 4203
f 4204 4373 4371
f 4368 4373 4204
f 4205 4374 4206
f 4372 4374 4205
f 4374 4375 4206
f 4206 4375 4207
f 4207 4375 4326
f 4208 4376 4216
f 4209 4376 4208
f 4210 4377 4209
f 4209 4377 4376
f 4211 4377 4210
f 4211 4378 4377
f 4211 4379 4378
f 4212 4379 4211
f 4212 4380 4379
f 4214 4380 4213
f 4213 4380 4212
f 4230 4381 4214
f 4381 4382 4214
f 4214 4382 4380
f 4215 4383 4238
f 4216 4383 4215
f 4216 4384 4383
f 4376 4384 4216
f 4219 4385 4217
f 4217 4385 4218
f 4218 4386 4226
f 4385 4386 4218
f 4219 4387 4385
f 4222 4387 4219
f 4220 4388 4222
f 4220 4389 4388
f 4221 4389 4220
f 4221 4390 4389
f 4223 4390 4221
f 4222 4391 4387
f 4388 4391 4222
f 4223 4392 4390
f 4224 4392 4223
f 4224 4393 4392
f 4225 4393 4224
f 4225 4394 4393
f 4254 4394 4225
f 4226 4395 4229
f 4226 4396 4395
f 4386 4396 4226
f 4227 4397 4230
f 4230 4397 4381
f 4228 4398 4227
f 4227 4398 4397
f 4228 4399 4398
f 4395 4399 4229
f 4229 4399 4228
f 4231 4400 4367
f 4232 4400 4231
f 4232 4401 4400
f 4242 4401 4233
f 4233 4401 4232
f 4234 4402 4243
f 4235 4402 4234
f 4235 4403 4402
f 4235 4404 4403
f 4237 4404 4235
f 4236 4405 4237
f 4237 4405 4404
f 4238 4406 4236
f 4236 4406 4405
f 4383 4406 4238
f 4239 4407 4240
f 4241 4407 4239
f 4240 4408 4242
f 4407 4408 4240
f 4241 4409 4407
f 4243 4409 4241
f 4242 4410 4401
f 4408 4410 4242
f 4243 4411 4409
f 4402 4411 4243
f 4244 4412 4245
f 4244 4413 4412
f 4253 4413 4244
f 4245 4414 4246
f 4246 4414 4248
f 4412 4414 4245
f 4247 4415 4255
f 4247 4416 4415
f 4248 4416 4247
f 4248 4417 4416
f 4414 4417 4248
f 4249 4418 4253
f 4253 4418 4413
f 4250 4418 4249
f 4250 4419 4418
f 4250 4420 4419
f 4252 4420 4251
f 4251 4420 4250
f 4252 4421 4420
f 4252 4422 4421
f 4257 4422 4252
f 4254 4423 4394
f 4415 4423 4255
f 4255 4423 4254
f 4256 4424 4260
f 4261 4424 4256
f 4257 4425 4422
f 4259 4425 4258
f 4258 4425 4257
f 4259 4426 4425
f 4260 4427 4259
f 4259 4427 4426
f 4424 4427 4260
f 4261 4428 4424
f 4262 4428 4261
f 4262 4429 4428
f 4262 4430 4429
f 4264 4430 4263
f 4263 4430 4262
f 4264 4431 4430
f 4264 4432 4431
f 4266 4432 4265
f 4265 4432 4264
f 4266 4433 4432
f 4267 4433 4266
f 4342 4433 4343
f 4343 4433 4267
f 4271 4434 4272
f 4274 4434 4271
f 4272 4435 4290
f 4434 4435 4272
f 4273 4436 4274
f 4274 4436 4434
f 4278 4437 4273
f 4273 4437 4436
f 4275 4438 4278
f 4275 4439 4438
f 4276 4439 4275
f 4276 4440 4439
f 4281 4440 4277
f 4277 4440 4276
f 4278 4441 4437
f 4438 4441 4278
f 4279 4442 4280
f 4282 4442 4279
f 4280 4443 4281
f 4442 4443 4280
f 4281 4444 4440
f 4443 4444 4281
f 4282 4445 4442
f 4282 4446 4445
f 4294 4446 4283
f 4283 4446 4282
f 4284 4447 4345
f 4285 4447 4284
f 4285 4448 4447
f 4286 4448 4285
f 4286 4449 4448
f 4287 4449 4286
f 4287 4450 4449
f 4288 4450 4287
f 4288 4451 4450
f 4288 4452 4451
f 4290 4452 4289
f 4289 4452 4288
f 4435 4453 4290
f 4290 4453 4452
f 4291 4454 4295
f 4293 4454 4291
f 4292 4455 4293
f 4297 4455 4292
f 4455 4456 4293
f 4293 4456 4454
f 4294 4457 4446
f 4295 4457 4294
f 4295 4458 4457
f 4454 4458 4295
f 4296 4459 4297
f 4298 4459 4296
f 4459 4460 4297
f 4297 4460 4455
f 4299 4461 4298
f 4298 4461 4459
f 4299 4462 4461
f 4300 4462 4299
f 4300 4463 4462
f 4309 4463 4300
f 4301 4464 4304
f 4306 4464 4301
f 4302 4465 4311
f 4303 4465 4302
f 4303 4466 4465
f 4303 4467 4466
f 4464 4467 4304
f 4304 4467 4303
f 4305 4468 4306
f 4305 4469 4468
f 4307 4469 4305
f 4306 4470 4464
f 4468 4470 4306
f 4307 4471 4469
f 4313 4471 4308
f 4308 4471 4307
f 4309 4472 4463
f 4310 4472 4309
f 4310 4473 4472
f 4312 4473 4310
f 4311 4474 4312
f 4466 4474 4465
f 4465 4474 4311
f 4312 4475 4473
f 4474 4475 4312
f 4314 4476 4313
f 4313 4476 4471
f 4314 4477 4476
f 4317 4477 4314
f 4315 4478 4317
f 4315 4479 4478
f 4316 4479 4315
f 4316 4480 4479
f 4318 4480 4316
f 4317 4481 4477
f 4478 4481 4317
f 4321 4482 4318
f 4318 4482 4480
f 4320 4483 4319
f 4319 4484 4321
f 4483 4484 4319
f 4321 4484 4482
f 4328 4485 4320
f 4320 4485 4483
f 4322 4486 4331
f 4323 4486 4322
f 4323 4487 4486
f 4324 4487 4323
f 4325 4488 4324
f 4324 4488 4487
f 4325 4489 4488
f 4326 4489 4325
f 4375 4490 4326
f 4326 4490 4489
f 4333 4491 4327
f 4328 4491 4485
f 4327 4491 4328
f 4335 4492 4337
f 4335 4493 4492
f 4336 4493 4335
f 4336 4494 4493
f 4341 4494 4336
f 4337 4495 4342
f 4342 4495 4433
f 4492 4495 4337
f 4338 4496 4341
f 4341 4496 4494
f 4338 4497 4496
f 4339 4497 4338
f 4340 4498 4339
f 4339 4498 4497
f 4354 4498 4340
f 4345 4499 4346
f 4447 4500 4345
f 4345 4500 4499
f 4448 4500 4447
f 4346 4501 4348
f 4499 4501 4346
f 4347 4502 4353
f 4353 4502 4355
f 4347 4503 4502
f 4352 4503 4347
f 4348 4504 4350
f 4501 4504 4348
f 4349 4505 4351
f 4350 4505 4349
f 4350 4506 4505
f 4504 4506 4350
f 4351 4507 4352
f 4505 4507 4351
f 4352 4508 4503
f 4507 4508 4352
f 4354 4509 4498
f 4354 4510 4509
f 4355 4510 4354
f 4355 4511 4510
f 4502 4511 4355
f 4356 4512 4357
f 4359 4512 4356
f 4357 4513 4369
f 4512 4513 4357
f 4358 4514 4359
f 4361 4514 4358
f 4359 4515 4512
f 4514 4515 4359
f 4360 4516 4361
f 4362 4516 4360
f 4361 4517 4514
f 4516 4517 4361
f 4363 4518 4362
f 4362 4519 4516
f 4518 4519 4362
f 4364 4520 4363
f 4363 4521 4518
f 4520 4521 4363
f 4364 4522 4520
f 4365 4522 4364
f 4365 4523 4522
f 4366 4523 4365
f 4366 4524 4523
f 4367 4524 4366
f 4400 4525 4367
f 4367 4525 4524
f 4368 4526 4373
f 4370 4526 4368
f 4369 4527 4370
f 4513 4527 4369
f 4370 4528 4526
f 4527 4528 4370
f 4371 4529 4372
f 4371 4530 4529
f 4373 4530 4371
f 4372 4531 4374
f 4529 4531 4372
f 4526 4532 4373
f 4373 4532 4530
f 4374 4533 4375
f 4375 4533 4490
f 4531 4533 4374
f 4376 4534 4384
f 4376 4535 4534
f 4378 4535 4377
f 4377 4535 4376
f 4379 4536 4378
f 4378 4537 4535
f 4536 4537 4378
f 4379 4538 4536
f 4382 4538 4380
f 4380 4538 4379
f 4397 4539 4381
f 4539 4540 4381
f 4381 4540 4382
f 4382 4541 4538
f 4540 4541 4382
f 4383 4542 4406
f 4383 4543 4542
f 4534 4543 4384
f 4384 4543 4383
f 4385 4544 4386
f 4387 4544 4385
f 4391 4544 4387
f 4386 4545 4396
f 4544 4545 4386
f 4388 4546 4391
f 4388 4547 4546
f 4389 4547 4388
f 4389 4548 4547
f 4390 4548 4389
f 4390 4549 4548
f 4392 4549 4390
f 4391 4550 4544
f 4544 4550 4545
f 4546 4550 4391
f 4392 4551 4549
f 4393 4551 4392
f 4394 4552 4393
f 4393 4552 4551
f 4394 4553 4552
f 4423 4553 4394
f 4395 4554 4399
f 4395 4555 4554
f 4396 4555 4395
f 4396 4556 4555
f 4545 4556 4396
f 4398 4557 4397
f 4397 4557 4539
f 4398 4558 4557
f 4554 4558 4399
f 4399 4558 4398
f 4401 4559 4400
f 4410 4559 4401
f 4400 4559 4525
f 4402 4560 4411
f 4403 4560 4402
f 4403 4561 4560
f 4403 4562 4561
f 4404 4562 4403
f 4404 4563 4562
f 4405 4563 4404
f 4405 4564 4563
f 4542 4564 4406
f 4406 4564 4405
f 4407 4565 4408
f 4409 4565 4407
f 4565 4566 4408
f 4408 4567 4410
f 4566 4567 4408
f 4409 4568 4565
f 4411 4568 4409
f 4410 4569 4559
f 4567 4569 4410
f 4411 4570 4568
f 4560 4570 4411
f 4412 4571 4414
f 4414 4571 4417
f 4412 4572 4571
f 4413 4572 4412
f 4419 4573 4418
f 4418 4573 4413
f 4573 4574 4413
f 4413 4574 4572
f 4415 4575 4423
f 4423 4575 4553
f 4415 4576 4575
f 4416 4576 4415
f 4416 4577 4576
f 4417 4577 4416
f 4417 4578 4577
f 4571 4578 4417
f 4419 4579 4573
f 4419 4580 4579
f 4421 4580 4420
f 4420 4580 4419
f 4421 4581 4580
f 4421 4582 4581
f 4422 4582 4421
f 4422 4583 4582
f 4426 4583 4425
f 4425 4583 4422
f 4424 4584 4427
f 4428 4584 4424
f 4427 4585 4426
f 4585 4586 4426
f 4426 4586 4583
f 4427 4587 4585
f 4584 4587 4427
f 4428 4588 4584
f 4584 4588 4587
f 4429 4588 4428
f 4429 4589 4588
f 4429 4590 4589
f 4431 4590 4430
f 4430 4590 4429
f 4431 4591 4590
f 4431 4592 4591
f 4495 4592 4433
f 4433 4592 4432
f 4432 4592 4431
f 4434 4593 4435
f 4436 4593 4434
f 4435 4594 4453
f 4593 4594 4435
f 4436 4595 4593
f 4437 4595 4436
f 4441 4596 4437
f 4437 4596 4595
f 4439 4597 4438
f 4597 4598 4438
f 4438 4598 4441
f 4439 4599 4597
f 4444 4599 4440
f 4440 4599 4439
f 4441 4600 4596
f 4598 4600 4441
f 4442 4601 4443
f 4445 4601 4442
f 4443 4602 4444
f 4601 4602 4443
f 4444 4603 4599
f 4602 4603 4444
f 4445 4604 4601
f 4445 4605 4604
f 4457 4605 4446
f 4446 4605 4445
f 4448 4606 4500
f 4449 4607 4448
f 4448 4607 4606
f 4449 4608 4607
f 4450 4608 4449
f 4450 4609 4608
f 4451 4609 4450
f 4452 4610 4451
f 4453 4610 4452
f 4610 4611 4451
f 4451 4611 4609
f 4453 4612 4610
f 4594 4612 4453
f 4454 4613 4458
f 4456 4613 4454
f 4455 4614 4456
f 4460 4614 4455
f 4614 4615 4456
f 4456 4615 4613
f 4458 4616 4457
f 4616 4617 4457
f 4457 4617 4605
f 4458 4618 4616
f 4613 4618 4458
f 4459 4619 4460
f 4461 4619 4459
f 4460 4620 4614
f 4619 4620 4460
f 4461 4621 4619
f 4462 4621 4461
f 4462 4622 4621
f 4463 4622 4462
f 4463 4623 4622
f 4472 4623 4463
f 4464 4624 4467
f 4464 4625 4624
f 4470 4625 4464
f 4466 4626 4474
f 4466 4627 4626
f 4467 4627 4466
f 4624 4627 4467
f 4468 4628 4470
f 4469 4628 4468
f 4476 4629 4471
f 4471 4629 4469
f 4629 4630 4469
f 4469 4630 4628
f 4470 4631 4625
f 4628 4631 4470
f 4472 4632 4623
f 4473 4632 4472
f 4473 4633 4632
f 4475 4633 4473
f 4474 4634 4475
f 4626 4634 4474
f 4475 4635 4633
f 4634 4635 4475
f 4476 4636 4629
f 4477 4636 4476
f 4477 4637 4636
f 4477 4638 4637
f 4481 4638 4477
f 4492 4639 4495
f 4495 4639 4592
f 4592 4639 4591
f 4493 4639 4492
f 4493 4640 4639
f 4639 4640 4591
f 4494 4641 4493
f 4493 4641 4640
f 4496 4642 4494
f 4494 4642 4641
f 4496 4643 4642
f 4497 4643 4496
f 4497 4644 4643
f 4498 4644 4497
f 4509 4644 4498
f 4499 4645 4501
f 4500 4646 4499
f 4499 4646 4645
f 4606 4646 4500
f 4501 4647 4504
f 4504 4647 4506
f 4645 4647 4501
f 4502 4648 4511
f 4503 4648 4502
f 4503 4649 4648
f 4508 4649 4503
f 4505 4650 4507
f 4506 4650 4505
f 4506 4651 4650
f 4506 4652 4651
f 4647 4652 4506
f 4507 4653 4508
f 4508 4653 4649
f 4650 4653 4507
f 4509 4654 4644
f 4644 4654 4643
f 4509 4655 4654
f 4510 4655 4509
f 4510 4656 4655
f 4511 4656 4510
f 4511 4657 4656
f 4648 4657 4511
f 4512 4658 4513
f 4513 4658 4527
f 4515 4658 4512
f 4514 4659 4515
f 4517 4659 4514
f 4515 4660 4658
f 4659 4660 4515
f 4519 4661 4516
f 4516 4661 4517
f 4517 4662 4659
f 4661 4662 4517
f 4518 4663 4519
f 4521 4663 4518
f 4519 4664 4661
f 4519 4665 4664
f 4663 4665 4519
f 4520 4666 4521
f 4522 4666 4520
f 4521 4667 4663
f 4666 4667 4521
f 4522 4668 4666
f 4523 4668 4522
f 4523 4669 4668
f 4524 4669 4523
f 4524 4670 4669
f 4525 4670 4524
f 4525 4671 4670
f 4569 4671 4559
f 4559 4671 4525
f 4526 4672 4532
f 4528 4672 4526
f 4527 4673 4528
f 4658 4673 4527
f 4528 4674 4672
f 4673 4674 4528
f 4534 4675 4543
f 4534 4676 4675
f 4535 4676 4534
f 4537 4676 4535
f 4536 4677 4537
f 4536 4678 4677
f 4541 4678 4538
f 4538 4678 4536
f 4537 4679 4676
f 4677 4679 4537
f 4539 4680 4540
f 4539 4681 4680
f 4557 4681 4539
f 4680 4682 4540
f 4540 4682 4541
f 4682 4683 4541
f 4541 4683 4678
f 4542 4684 4564
f 4542 4685 4684
f 4675 4685 4543
f 4543 4685 4542
f 4545 4686 4556
f 4550 4686 4545
f 4546 4687 4550
f 4550 4687 4686
f 4546 4688 4687
f 4547 4688 4546
f 4547 4689 4688
f 4548 4689 4547
f 4548 4690 4689
f 4549 4690 4548
f 4549 4691 4690
f 4551 4691 4549
f 4551 4692 4691
f 4552 4692 4551
f 4553 4693 4552
f 4693 4694 4552
f 4552 4694 4692
f 4575 4695 4553
f 4553 4695 4693
f 4555 4696 4554
f 4696 4697 4554
f 4554 4697 4558
f 4555 4698 4696
f 4556 4698 4555
f 4556 4699 4698
f 4686 4699 4556
f 4557 4700 4681
f 4697 4700 4558
f 4558 4700 4557
f 4560 4701 4570
f 4561 4701 4560
f 4561 4702 4701
f 4561 4703 4702
f 4562 4703 4561
f 4562 4704 4703
f 4563 4704 4562
f 4563 4705 4704
f 4684 4705 4564
f 4564 4705 4563
f 4568 4706 4565
f 4565 4706 4566
f 4706 4707 4566
f 4707 4708 4566
f 4566 4708 4567
f 4567 4709 4569
f 4708 4709 4567
f 4568 4710 4706
f 4570 4710 4568
f 4569 4711 4671
f 4709 4711 4569
f 4671 4711 4670
f 4570 4712 4710
f 4701 4712 4570
f 4572 4713 4571
f 4574 4713 4572
f 4571 4714 4578
f 4713 4714 4571
f 4573 4715 4574
f 4579 4715 4573
f 4574 4716 4713
f 4715 4716 4574
f 4576 4717 4575
f 4575 4717 4695
f 4576 4718 4717
f 4577 4718 4576
f 4577 4719 4718
f 4578 4719 4577
f 4578 4720 4719
f 4714 4720 4578
f 4579 4721 4715
f 4579 4722 4721
f 4581 4722 4580
f 4580 4722 4579
f 4581 4723 4722
f 4722 4723 4721
f 4581 4724 4723
f 4582 4724 4581
f 4582 4725 4724
f 4586 4725 4583
f 4583 4725 4582
f 4585 4726 4586
f 4585 4727 4726
f 4587 4727 4585
f 4586 4728 4725
f 4726 4728 4586
f 4587 4729 4727
f 4589 4729 4588
f 4588 4729 4587
f 4589 4730 4729
f 4589 4731 4730
f 4590 4731 4589
f 4591 4731 4590
f 4640 4731 4591
f 4593 4732 4594
f 4595 4732 4593
f 4594 4733 4612
f 4732 4733 4594
f 4596 4734 4595
f 4595 4734 4732
f 4596 4735 4734
f 4600 4735 4596
f 4597 4736 4598
f 4597 4737 4736
f 4603 4737 4599
f 4599 4737 4597
f 4598 4738 4600
f 4736 4738 4598
f 4600 4739 4735
f 4738 4739 4600
f 4601 4740 4602
f 4604 4740 4601
f 4602 4741 4603
f 4740 4741 4602
f 4603 4742 4737
f 4741 4742 4603
f 4604 4743 4740
f 4604 4744 4743
f 4605 4744 4604
f 4617 4744 4605
f 4606 4745 4646
f 4606 4746 4745
f 4607 4746 4606
f 4608 4747 4607
f 4607 4747 4746
f 4609 4747 4608
f 4609 4748 4747
f 4611 4748 4609
f 4612 4749 4610
f 4610 4749 4611
f 4733 4749 4612
f 4611 4750 4748
f 4749 4750 4611
f 4613 4751 4618
f 4615 4751 4613
f 4614 4752 4615
f 4620 4752 4614
f 4615 4753 4751
f 4752 4753 4615
f 4616 4754 4617
f 4618 4754 4616
f 4617 4755 4744
f 4754 4755 4617
f 4618 4756 4754
f 4751 4756 4618
f 4619 4757 4620
f 4621 4757 4619
f 4620 4758 4752
f 4757 4758 4620
f 4621 4759 4757
f 4622 4759 4621
f 4622 4760 4759
f 4623 4760 4622
f 4623 4761 4760
f 4632 4761 4623
f 4624 4762 4627
f 4624 4763 4762
f 4625 4763 4624
f 4625 4764 4763
f 4631 4764 4625
f 4626 4765 4634
f 4634 4765 4635
f 4626 4766 4765
f 4762 4766 4627
f 4627 4766 4626
f 4628 4767 4631
f 4630 4767 4628
f 4629 4768 4630
f 4637 4768 4636
f 4636 4768 4629
f 4630 4769 4767
f 4768 4769 4630
f 4767 4770 4631
f 4631 4770 4764
f 4632 4771 4761
f 4633 4771 4632
f 4635 4772 4633
f 4633 4772 4771
f 4765 4773 4635
f 4635 4774 4772
f 4773 4774 4635
f 4637 4775 4768
f 4768 4775 4769
f 4637 4776 4775
f 4638 4776 4637
f 4640 4777 4731
f 4731 4777 4730
f 4642 4777 4641
f 4641 4777 4640
f 4642 4778 4777
f 4777 4778 4730
f 4643 4779 4642
f 4642 4779 4778
f 4654 4779 4643
f 4645 4780 4647
f 4647 4780 4652
f 4645 4781 4780
f 4745 4781 4646
f 4646 4781 4645
f 4649 4782 4648
f 4648 4782 4657
f 4649 4783 4782
f 4653 4783 4649
f 4650 4784 4653
f 4651 4784 4650
f 4652 4785 4651
f 4651 4786 4784
f 4785 4786 4651
f 4780 4787 4652
f 4652 4787 4785
f 4653 4788 4783
f 4786 4788 4784
f 4784 4788 4653
f 4654 4789 4779
f 4654 4790 4789
f 4655 4790 4654
f 4655 4791 4790
f 4656 4791 4655
f 4656 4792 4791
f 4657 4792 4656
f 4657 4793 4792
f 4782 4793 4657
f 4660 4794 4658
f 4658 4794 4673
f 4659 4795 4660
f 4660 4795 4794
f 4662 4795 4659
f 4664 4796 4661
f 4796 4797 4661
f 4661 4797 4662
f 4662 4798 4795
f 4797 4798 4662
f 4663 4799 4665
f 4667 4799 4663
f 4664 4800 4796
f 4665 4800 4664
f 4665 4801 4800
f 4799 4801 4665
f 4668 4802 4666
f 4802 4803 4666
f 4666 4803 4667
f 4667 4804 4799
f 4803 4804 4667
f 4668 4805 4802
f 4669 4805 4668
f 4669 4806 4805
f 4670 4806 4669
f 4711 4807 4670
f 4670 4807 4806
f 4673 4808 4674
f 4794 4808 4673
f 4675 4809 4685
f 4675 4810 4809
f 4679 4810 4676
f 4676 4810 4675
f 4677 4811 4679
f 4677 4812 4811
f 4683 4812 4678
f 4678 4812 4677
f 4679 4813 4810
f 4811 4813 4679
f 4680 4814 4682
f 4681 4814 4680
f 4681 4815 4814
f 4700 4815 4681
f 4682 4816 4683
f 4814 4816 4682
f 4683 4817 4812
f 4816 4817 4683
f 4684 4818 4705
f 4684 4819 4818
f 4809 4819 4685
f 4685 4819 4684
f 4686 4820 4699
f 4687 4820 4686
f 4687 4821 4820
f 4688 4821 4687
f 4688 4822 4821
f 4689 4822 4688
f 4689 4823 4822
f 4690 4823 4689
f 4692 4824 4691
f 4691 4824 4690
f 4690 4825 4823
f 4824 4825 4690
f 4692 4826 4824
f 4694 4826 4692
f 4693 4827 4694
f 4693 4828 4827
f 4695 4828 4693
f 4694 4829 4826
f 4827 4829 4694
f 4717 4830 4695
f 4695 4830 4828
f 4696 4831 4697
f 4696 4832 4831
f 4696 4833 4832
f 4698 4833 4696
f 4697 4834 4700
f 4831 4834 4697
f 4700 4834 4815
f 4698 4835 4833
f 4820 4835 4699
f 4699 4835 4698
f 4701 4836 4712
f 4702 4836 4701
f 4702 4837 4836
f 4702 4838 4837
f 4703 4838 4702
f 4703 4839 4838
f 4704 4839 4703
f 4705 4840 4704
f 4704 4840 4839
f 4818 4840 4705
f 4706 4841 4707
f 4710 4841 4706
f 4841 4842 4707
f 4842 4843 4707
f 4707 4843 4708
f 4708 4844 4709
f 4843 4844 4708
f 4844 4845 4709
f 4709 4845 4711
f 4711 4845 4807
f 4710 4846 4841
f 4712 4846 4710
f 4712 4847 4846
f 4836 4847 4712
f 4713 4848 4714
f 4716 4848 4713
f 4714 4849 4720
f 4848 4849 4714
f 4715 4850 4716
f 4721 4850 4715
f 4716 4851 4848
f 4850 4851 4716
f 4717 4852 4830
f 4718 4852 4717
f 4718 4853 4852
f 4720 4853 4719
f 4719 4853 4718
f 4720 4854 4853
f 4849 4854 4720
f 4721 4855 4850
f 4721 4856 4855
f 4723 4856 4721
f 4723 4857 4856
f 4724 4857 4723
f 4724 4858 4857
f 4728 4858 4725
f 4725 4858 4724
f 4726 4859 4728
f 4726 4860 4859
f 4727 4860 4726
f 4727 4861 4860
f 4729 4861 4727
f 4778 4861 4730
f 4730 4861 4729
f 4728 4862 4858
f 4859 4862 4728
f 4732 4863 4733
f 4734 4863 4732
f 4733 4864 4749
f 4733 4865 4864
f 4863 4865 4733
f 4734 4866 4863
f 4863 4866 4865
f 4735 4866 4734
f 4739 4867 4735
f 4735 4867 4866
f 4736 4868 4738
f 4736 4869 4868
f 4737 4869 4736
f 4742 4869 4737
f 4738 4870 4739
f 4868 4870 4738
f 4870 4871 4739
f 4739 4871 4867
f 4740 4872 4741
f 4743 4872 4740
f 4741 4873 4742
f 4872 4873 4741
f 4742 4874 4869
f 4873 4874 4742
f 4743 4875 4872
f 4743 4876 4875
f 4755 4876 4744
f 4744 4876 4743
f 4745 4877 4781
f 4745 4878 4877
f 4746 4878 4745
f 4746 4879 4878
f 4747 4879 4746
f 4747 4880 4879
f 4748 4880 4747
f 4748 4881 4880
f 4750 4881 4748
f 4749 4882 4750
f 4864 4882 4749
f 4882 4883 4750
f 4750 4883 4881
f 4753 4884 4751
f 4751 4884 4756
f 4752 4885 4753
f 4758 4885 4752
f 4753 4886 4884
f 4885 4886 4753
f 4754 4887 4755
f 4756 4887 4754
f 4755 4888 4876
f 4887 4889 4755
f 4755 4889 4888
f 4884 4890 4756
f 4756 4890 4887
f 4757 4891 4758
f 4759 4891 4757
f 4891 4892 4758
f 4758 4892 4885
f 4759 4893 4891
f 4760 4893 4759
f 4760 4894 4893
f 4761 4894 4760
f 4761 4895 4894
f 4771 4895 4761
f 4763 4896 4762
f 4896 4897 4762
f 4762 4897 4766
f 4763 4898 4896
f 4764 4898 4763
f 4764 4899 4898
f 4770 4899 4764
f 4765 4900 4773
f 4897 4900 4766
f 4766 4900 4765
f 4767 4901 4770
f 4769 4901 4767
f 4769 4902 4901
f 4775 4902 4769
f 4770 4903 4899
f 4901 4903 4770
f 4771 4904 4895
f 4772 4904 4771
f 4772 4905 4904
f 4774 4905 4772
f 4773 4906 4774
f 4900 4906 4773
f 4774 4907 4905
f 4906 4907 4774
f 4775 4908 4902
f 4776 4908 4775
f 4778 4909 4861
f 4861 4909 4860
f 4789 4909 4779
f 4779 4909 4778
f 4780 4910 4787
f 4877 4910 4781
f 4781 4910 4780
f 4782 4911 4793
f 4783 4911 4782
f 4783 4912 4911
f 4788 4912 4783
f 4785 4913 4786
f 4785 4914 4913
f 4787 4914 4785
f 4786 4915 4788
f 4788 4915 4912
f 4786 4916 4915
f 4913 4916 4786
f 4787 4917 4914
f 4910 4917 4787
f 4790 4918 4789
f 4918 4919 4789
f 4909 4919 4860
f 4789 4919 4909
f 4860 4919 4859
f 4790 4920 4918
f 4791 4920 4790
f 4792 4920 4791
f 4793 4921 4792
f 4921 4922 4792
f 4792 4922 4920
f 4911 4923 4793
f 4793 4923 4921
f 4795 4924 4794
f 4794 4924 4808
f 4798 4924 4795
f 4799 4925 4801
f 4804 4925 4799
f 4802 4926 4803
f 4805 4926 4802
f 4803 4927 4804
f 4926 4927 4803
f 4804 4928 4925
f 4927 4928 4804
f 4805 4929 4926
f 4806 4929 4805
f 4806 4930 4929
f 4807 4930 4806
f 4807 4931 4930
f 4845 4931 4807
f 4809 4932 4819
f 4809 4933 4932
f 4810 4933 4809
f 4813 4933 4810
f 4812 4934 4811
f 4817 4934 4812
f 4934 4935 4811
f 4811 4935 4813
f 4813 4936 4933
f 4935 4936 4813
f 4814 4937 4816
f 4815 4937 4814
f 4834 4938 4815
f 4938 4939 4815
f 4815 4939 4937
f 4816 4940 4817
f 4937 4940 4816
f 4940 4941 4817
f 4941 4942 4817
f 4817 4942 4934
f 4818 4943 4840
f 4818 4944 4943
f 4819 4944 4818
f 4932 4944 4819
f 4820 4945 4835
f 4820 4946 4945
f 4821 4946 4820
f 4821 4947 4946
f 4822 4947 4821
f 4822 4948 4947
f 4825 4948 4823
f 4823 4948 4822
f 4824 4949 4825
f 4826 4949 4824
f 4825 4950 4948
f 4825 4951 4950
f 4949 4951 4825
f 4826 4952 4949
f 4829 4952 4826
f 4830 4953 4828
f 4828 4953 4827
f 4953 4954 4827
f 4827 4954 4829
f 4829 4955 4952
f 4954 4955 4829
f 4852 4956 4830
f 4830 4957 4953
f 4956 4957 4830
f 4834 4958 4938
f 4831 4958 4834
f 4832 4958 4831
f 4832 4959 4958
f 4832 4960 4959
f 4833 4960 4832
f 4833 4961 4960
f 4945 4961 4835
f 4835 4961 4833
f 4837 4962 4836
f 4836 4963 4847
f 4962 4963 4836
f 4837 4964 4962
f 4838 4964 4837
f 4839 4965 4838
f 4838 4965 4964
f 4839 4966 4965
f 4943 4966 4840
f 4840 4966 4839
f 4841 4967 4842
f 4846 4967 4841
f 4847 4967 4846
f 4842 4968 4843
f 4842 4969 4968
f 4967 4969 4842
f 4843 4970 4844
f 4968 4970 4843
f 4844 4971 4845
f 4845 4971 4931
f 4970 4971 4844
f 4963 4972 4847
f 4847 4972 4967
f 4967 4972 4969
f 4848 4973 4849
f 4851 4973 4848
f 4973 4974 4849
f 4849 4974 4854
f 4850 4975 4851
f 4855 4975 4850
f 4851 4976 4973
f 4975 4976 4851
f 4852 4977 4956
f 4853 4977 4852
f 4853 4978 4977
f 4854 4978 4853
f 4854 4979 4978
f 4974 4979 4854
f 4855 4980 4975
f 4856 4980 4855
f 4856 4981 4980
f 4857 4981 4856
f 4857 4982 4981
f 4862 4982 4858
f 4858 4982 4857
f 4859 4983 4862
f 4918 4983 4919
f 4919 4983 4859
f 4862 4984 4982
f 4983 4984 4862
f 4864 4985 4882
f 4864 4986 4985
f 4865 4986 4864
f 4865 4987 4986
f 4866 4987 4865
f 4867 4987 4866
f 4871 4988 4867
f 4867 4988 4987
f 4869 4989 4868
f 4874 4989 4869
f 4989 4990 4868
f 4868 4990 4870
f 4870 4991 4871
f 4990 4991 4870
f 4871 4992 4988
f 4991 4992 4871
f 4872 4993 4873
f 4875 4993 4872
f 4873 4994 4874
f 4993 4994 4873
f 4994 4995 4874
f 4874 4995 4989
f 4876 4996 4875
f 4888 4996 4876
f 4996 4997 4875
f 4875 4997 4993
f 4877 4998 4910
f 4910 4998 4917
f 4877 4999 4998
f 4877 5000 4999
f 4878 5000 4877
f 4879 5001 4878
f 4878 5001 5000
f 4880 5001 4879
f 4880 5002 5001
f 4880 5003 5002
f 4881 5003 4880
f 4883 5003 4881
f 4882 5004 4883
f 4985 5004 4882
f 4883 5005 5003
f 5004 5005 4883
f 4884 5006 4890
f 4886 5006 4884
f 4892 5007 4885
f 4885 5007 4886
f 4886 5008 5006
f 5007 5008 4886
f 4887 5009 4889
f 4890 5009 4887
f 4888 5010 4996
f 4889 5010 4888
f 4889 5011 5010
f 5009 5011 4889
f 4890 5012 5009
f 4890 5013 5012
f 5006 5013 4890
f 5008 5013 5006
f 4893 5014 4891
f 4891 5014 4892
f 4892 5015 5007
f 5014 5015 4892
f 4893 5016 5014
f 4894 5016 4893
f 4894 5017 5016
f 4895 5017 4894
f 4904 5018 4895
f 4895 5018 5017
f 4896 5019 4897
f 4896 5020 5019
f 4898 5020 4896
f 4897 5021 4900
f 4900 5021 4906
f 5019 5021 4897
f 4899 5022 4898
f 4898 5022 5020
f 4899 5023 5022
f 4903 5023 4899
f 4902 5024 4901
f 4901 5024 4903
f 4902 5025 5024
f 4908 5025 4902
f 5024 5026 4903
f 4903 5026 5023
f 4904 5027 5018
f 4905 5027 4904
f 4905 5028 5027
f 4907 5028 4905
f 4906 5029 4907
f 4906 5030 5029
f 5021 5030 4906
f 4907 5031 5028
f 4907 5032 5031
f 5029 5032 4907
f 4911 5033 4923
f 4912 5033 4911
f 4912 5034 5033
f 4915 5034 4912
f 4913 5035 4916
f 4913 5036 5035
f 4917 5036 4914
f 4914 5036 4913
f 4915 5037 5034
f 5035 5037 4916
f 4916 5037 4915
f 4998 5038 4917
f 4917 5038 5036
f 4918 5039 4983
f 4983 5039 4984
f 4984 5039 4922
f 4922 5039 4920
f 4920 5039 4918
f 4921 5040 4922
f 4922 5040 4984
f 4921 5041 5040
f 4923 5041 4921
f 4923 5042 5041
f 5033 5042 4923
f 4926 5043 4927
f 4929 5043 4926
f 4927 5044 4928
f 5043 5044 4927
f 4929 5045 5043
f 4929 5046 5045
f 4930 5046 4929
f 4930 5047 5046
f 4931 5047 4930
f 4931 5048 5047
f 4971 5048 4931
f 4932 5049 4944
f 4932 5050 5049
f 4936 5050 4933
f 4933 5050 4932
f 4934 5051 4935
f 4942 5051 4934
f 4935 5052 4936
f 5051 5052 4935
f 4936 5053 5050
f 5052 5053 4936
f 4937 5054 4940
f 4939 5054 4937
f 4938 5055 4939
f 4958 5055 4938
f 4939 5056 5054
f 5055 5056 4939
f 4940 5057 4941
f 5054 5057 4940
f 5057 5058 4941
f 4941 5059 4942
f 5058 5059 4941
f 4942 5059 5051
f 4943 5060 4966
f 4943 5061 5060
f 4943 5062 5061
f 5049 5062 4944
f 4944 5062 4943
f 4945 5063 4961
f 4945 5064 5063
f 4946 5064 4945
f 4946 5065 5064
f 4947 5065 4946
f 4947 5066 5065
f 4950 5066 4948
f 4948 5066 4947
f 4949 5067 4951
f 4952 5067 4949
f 4950 5068 5066
f 4951 5068 4950
f 4951 5069 5068
f 5067 5069 4951
f 4952 5070 5067
f 4955 5070 4952
f 4953 5071 4954
f 4957 5071 4953
f 4954 5072 4955
f 5071 5072 4954
f 5072 5073 4955
f 4955 5073 5070
f 4956 5074 4957
f 4977 5074 4956
f 5074 5075 4957
f 4957 5075 5071
f 4958 5076 5055
f 4959 5076 4958
f 4959 5077 5076
f 4959 5078 5077
f 4960 5078 4959
f 4960 5079 5078
f 5063 5079 4961
f 4961 5079 4960
f 4962 5080 4963
f 4962 5081 5080
f 4964 5081 4962
f 5080 5082 4963
f 4963 5082 4972
f 4964 5083 5081
f 4965 5083 4964
f 5060 5084 4966
f 4965 5084 5083
f 4966 5084 4965
f 4969 5085 4968
f 5085 5086 4968
f 4968 5086 4970
f 4972 5087 4969
f 5082 5087 4972
f 5087 5088 4969
f 4969 5088 5085
f 5086 5089 4970
f 4970 5089 4971
f 4971 5089 5048
f 4976 5090 4973
f 4973 5090 4974
f 5090 5091 4974
f 4974 5091 4979
f 4980 5092 4975
f 4975 5092 4976
f 4976 5093 5090
f 5092 5093 4976
f 4977 5094 5074
f 4978 5094 4977
f 4978 5095 5094
f 4979 5095 4978
f 4979 5096 5095
f 5091 5096 4979
f 4980 5097 5092
f 4981 5097 4980
f 4981 5098 5097
f 5041 5098 5040
f 4981 5099 5098
f 5098 5099 5040
f 4982 5099 4981
f 4984 5099 4982
f 5040 5099 4984
f 4986 5100 4985
f 4985 5101 5004
f 5100 5101 4985
f 4986 5102 5100
f 4988 5102 4987
f 4987 5102 4986
f 4988 5103 5102
f 4992 5103 4988
f 4989 5104 4990
f 4995 5104 4989
f 4990 5105 4991
f 4990 5106 5105
f 5104 5106 4990
f 5105 5107 4991
f 4991 5107 4992
f 5107 5108 4992
f 4992 5108 5103
f 4993 5109 4994
f 4994 5109 4995
f 4997 5109 4993
f 4995 5110 5104
f 5104 5110 5106
f 4995 5111 5110
f 5109 5111 4995
f 4996 5112 4997
f 5010 5112 4996
f 4997 5113 5109
f 5112 5113 4997
f 4998 5114 5038
f 4999 5114 4998
f 4999 5115 5114
f 4999 5116 5115
f 5002 5116 5001
f 5001 5116 5000
f 5000 5116 4999
f 5002 5117 5116
f 5003 5118 5002
f 5002 5118 5117
f 5005 5118 5003
f 5004 5119 5005
f 5101 5119 5004
f 5119 5120 5005
f 5005 5120 5118
f 5007 5121 5008
f 5015 5121 5007
f 5008 5122 5013
f 5121 5122 5008
f 5009 5123 5011
f 5012 5123 5009
f 5010 5124 5112
f 5011 5124 5010
f 5011 5125 5124
f 5123 5125 5011
f 5012 5126 5123
f 5012 5127 5126
f 5013 5127 5012
f 5122 5127 5013
f 5014 5128 5015
f 5016 5128 5014
f 5015 5129 5121
f 5128 5129 5015
f 5016 5130 5128
f 5017 5130 5016
f 5017 5131 5130
f 5018 5131 5017
f 5018 5132 5131
f 5027 5132 5018
f 5020 5133 5019
f 5133 5134 5019
f 5021 5134 5030
f 5019 5134 5021
f 5020 5135 5133
f 5022 5135 5020
f 5022 5136 5135
f 5023 5136 5022
f 5023 5137 5136
f 5026 5137 5023
f 5024 5138 5026
f 5025 5138 5024
f 5026 5139 5137
f 5138 5139 5026
f 5027 5140 5132
f 5031 5140 5028
f 5028 5140 5027
f 5030 5141 5029
f 5029 5141 5032
f 5030 5142 5141
f 5134 5142 5030
f 5031 5143 5140
f 5031 5144 5143
f 5032 5144 5031
f 5032 5145 5144
f 5141 5145 5032
f 5033 5146 5042
f 5034 5146 5033
f 5034 5147 5146
f 5037 5147 5034
f 5035 5148 5037
f 5037 5148 5147
f 5038 5149 5036
f 5036 5149 5035
f 5149 5150 5035
f 5035 5150 5148
f 5038 5151 5149
f 5114 5151 5038
f 5041 5152 5098
f 5098 5152 5097
f 5042 5152 5041
f 5042 5153 5152
f 5146 5153 5042
f 5043 5154 5044
f 5045 5154 5043
f 5046 5155 5045
f 5047 5155 5046
f 5155 5156 5045
f 5045 5156 5154
f 5047 5157 5155
f 5048 5157 5047
f 5048 5158 5157
f 5089 5158 5048
f 5049 5159 5062
f 5062 5159 5061
f 5049 5160 5159
f 5049 5161 5160
f 5053 5161 5050
f 5050 5161 5049
f 5051 5162 5052
f 5059 5162 5051
f 5052 5163 5053
f 5162 5163 5052
f 5053 5164 5161
f 5163 5164 5053
f 5054 5165 5057
f 5056 5165 5054
f 5055 5166 5056
f 5076 5166 5055
f 5056 5167 5165
f 5166 5167 5056
f 5165 5168 5057
f 5057 5168 5058
f 5058 5169 5059
f 5168 5169 5058
f 5059 5170 5162
f 5169 5170 5059
f 5060 5171 5084
f 5061 5171 5060
f 5159 5172 5061
f 5061 5172 5171
f 5063 5173 5079
f 5063 5174 5173
f 5065 5174 5064
f 5064 5174 5063
f 5065 5175 5174
f 5065 5176 5175
f 5068 5176 5066
f 5066 5176 5065
f 5067 5177 5069
f 5070 5177 5067
f 5068 5178 5176
f 5069 5178 5068
f 5069 5179 5178
f 5177 5179 5069
f 5070 5180 5177
f 5073 5180 5070
f 5071 5181 5072
f 5075 5181 5071
f 5072 5182 5073
f 5181 5182 5072
f 5073 5183 5180
f 5182 5183 5073
f 5074 5184 5075
f 5094 5184 5074
f 5075 5185 5181
f 5181 5185 5182
f 5075 5186 5185
f 5184 5186 5075
f 5076 5187 5166
f 5077 5187 5076
f 5077 5188 5187
f 5078 5189 5077
f 5077 5189 5188
f 5079 5189 5078
f 5079 5190 5189
f 5173 5190 5079
f 5080 5191 5082
f 5080 5192 5191
f 5081 5192 5080
f 5081 5193 5192
f 5083 5193 5081
f 5082 5194 5087
f 5191 5194 5082
f 5083 5195 5193
f 5084 5195 5083
f 5171 5195 5084
f 5088 5196 5085
f 5196 5197 5085
f 5085 5198 5086
f 5197 5198 5085
f 5086 5198 5089
f 5087 5199 5088
f 5088 5199 5196
f 5194 5199 5087
f 5089 5200 5158
f 5198 5200 5089
f 5090 5201 5091
f 5093 5201 5090
f 5091 5202 5096
f 5201 5202 5091
f 5092 5203 5093
f 5097 5203 5092
f 5152 5203 5097
f 5153 5203 5152
f 5093 5204 5201
f 5153 5204 5203
f 5203 5204 5093
f 5094 5205 5184
f 5095 5205 5094
f 5096 5206 5095
f 5095 5206 5205
f 5096 5207 5206
f 5202 5207 5096
f 5100 5208 5101
f 5100 5209 5208
f 5103 5209 5102
f 5102 5209 5100
f 5101 5210 5119
f 5208 5210 5101
f 5108 5211 5103
f 5103 5211 5209
f 5105 5212 5107
f 5106 5212 5105
f 5106 5213 5212
f 5110 5213 5106
f 5107 5214 5108
f 5107 5215 5214
f 5212 5215 5107
f 5108 5216 5211
f 5214 5216 5108
f 5109 5217 5111
f 5113 5217 5109
f 5110 5218 5213
f 5111 5218 5110
f 5111 5219 5218
f 5217 5219 5111
f 5112 5220 5113
f 5124 5220 5112
f 5113 5221 5217
f 5220 5221 5113
f 5114 5222 5151
f 5115 5222 5114
f 5116 5223 5115
f 5117 5223 5116
f 5115 5224 5222
f 5223 5224 5115
f 5117 5225 5223
f 5120 5225 5118
f 5118 5225 5117
f 5119 5226 5120
f 5210 5226 5119
f 5120 5227 5225
f 5120 5228 5227
f 5226 5228 5120
f 5121 5229 5122
f 5129 5229 5121
f 5122 5230 5127
f 5122 5231 5230
f 5229 5231 5122
f 5123 5232 5125
f 5126 5232 5123
f 5124 5233 5220
f 5125 5233 5124
f 5232 5234 5125
f 5125 5234 5233
f 5126 5235 5232
f 5232 5235 5234
f 5126 5236 5235
f 5127 5236 5126
f 5230 5236 5127
f 5128 5237 5129
f 5130 5237 5128
f 5237 5238 5129
f 5129 5238 5229
f 5130 5239 5237
f 5131 5239 5130
f 5131 5240 5239
f 5132 5240 5131
f 5132 5241 5240
f 5140 5241 5132
f 5133 5242 5134
f 5134 5242 5142
f 5133 5243 5242
f 5135 5243 5133
f 5136 5243 5135
f 5137 5244 5136
f 5136 5244 5243
f 5137 5245 5244
f 5139 5245 5137
f 5140 5246 5241
f 5143 5246 5140
f 5141 5247 5145
f 5142 5247 5141
f 5242 5248 5142
f 5142 5248 5247
f 5144 5249 5143
f 5249 5250 5143
f 5143 5250 5246
f 5145 5251 5144
f 5144 5251 5249
f 5247 5252 5145
f 5145 5252 5251
f 5147 5253 5146
f 5153 5253 5204
f 5146 5253 5153
f 5147 5254 5253
f 5148 5254 5147
f 5148 5255 5254
f 5150 5255 5148
f 5149 5256 5150
f 5151 5256 5149
f 5150 5257 5255
f 5256 5257 5150
f 5151 5258 5256
f 5222 5258 5151
f 5155 5259 5156
f 5157 5259 5155
f 5158 5260 5157
f 5157 5260 5259
f 5158 5261 5260
f 5200 5261 5158
f 5159 5262 5172
f 5160 5262 5159
f 5160 5263 5262
f 5160 5264 5263
f 5161 5264 5160
f 5164 5264 5161
f 5162 5265 5163
f 5170 5265 5162
f 5163 5266 5164
f 5265 5266 5163
f 5164 5267 5264
f 5264 5267 5263
f 5266 5267 5164
f 5165 5268 5168
f 5167 5268 5165
f 5187 5269 5166
f 5166 5269 5167
f 5167 5270 5268
f 5269 5270 5167
f 5168 5271 5169
f 5268 5271 5168
f 5169 5272 5170
f 5271 5272 5169
f 5170 5273 5265
f 5272 5273 5170
f 5172 5274 5171
f 5274 5275 5171
f 5171 5275 5195
f 5172 5276 5274
f 5262 5276 5172
f 5173 5277 5190
f 5173 5278 5277
f 5175 5278 5174
f 5174 5278 5173
f 5175 5279 5278
f 5175 5280 5279
f 5178 5280 5176
f 5176 5280 5175
f 5177 5281 5179
f 5180 5281 5177
f 5178 5282 5280
f 5179 5282 5178
f 5179 5283 5282
f 5281 5283 5179
f 5180 5284 5281
f 5183 5284 5180
f 5182 5285 5183
f 5182 5286 5285
f 5185 5286 5182
f 5285 5287 5183
f 5183 5287 5284
f 5184 5288 5186
f 5205 5288 5184
f 5185 5289 5286
f 5186 5289 5185
f 5186 5290 5289
f 5288 5290 5186
f 5187 5291 5269
f 5188 5291 5187
f 5188 5292 5291
f 5188 5293 5292
f 5190 5293 5189
f 5189 5293 5188
f 5190 5294 5293
f 5277 5294 5190
f 5191 5295 5194
f 5191 5296 5295
f 5192 5296 5191
f 5192 5297 5296
f 5193 5297 5192
f 5193 5298 5297
f 5193 5299 5298
f 5275 5299 5195
f 5195 5299 5193
f 5194 5300 5199
f 5295 5300 5194
f 5196 5301 5197
f 5196 5302 5301
f 5300 5302 5199
f 5199 5302 5196
f 5197 5303 5198
f 5198 5303 5200
f 5301 5303 5197
f 5200 5304 5261
f 5303 5304 5200
f 5201 5305 5202
f 5254 5305 5253
f 5253 5305 5204
f 5204 5305 5201
f 5202 5306 5207
f 5255 5306 5254
f 5254 5306 5305
f 5305 5306 5202
f 5205 5307 5288
f 5206 5307 5205
f 5206 5308 5307
f 5207 5308 5206
f 5207 5309 5308
f 5257 5309 5255
f 5255 5309 5306
f 5306 5309 5207
f 5208 5310 5210
f 5208 5311 5310
f 5211 5311 5209
f 5209 5311 5208
f 5210 5312 5226
f 5226 5312 5228
f 5310 5312 5210
f 5211 5313 5311
f 5216 5313 5211
f 5311 5313 5310
f 5212 5314 5215
f 5213 5314 5212
f 5213 5315 5314
f 5218 5315 5213
f 5214 5316 5216
f 5215 5316 5214
f 5215 5317 5316
f 5215 5318 5317
f 5314 5318 5215
f 5316 5319 5216
f 5216 5319 5313
f 5217 5320 5219
f 5221 5320 5217
f 5219 5321 5218
f 5218 5321 5315
f 5219 5322 5321
f 5320 5322 5219
f 5233 5323 5220
f 5220 5323 5221
f 5221 5324 5320
f 5320 5324 5322
f 5323 5324 5221
f 5222 5325 5258
f 5224 5325 5222
f 5223 5326 5224
f 5227 5326 5225
f 5225 5326 5223
f 5224 5327 5325
f 5224 5328 5327
f 5326 5328 5224
f 5227 5329 5326
f 5326 5329 5328
f 5227 5330 5329
f 5228 5330 5227
f 5228 5331 5330
f 5312 5331 5228
f 5229 5332 5231
f 5238 5332 5229
f 5230 5333 5236
f 5230 5334 5333
f 5332 5334 5231
f 5231 5334 5230
f 5233 5335 5323
f 5234 5335 5233
f 5234 5336 5335
f 5235 5336 5234
f 5235 5337 5336
f 5235 5338 5337
f 5333 5338 5236
f 5236 5338 5235
f 5237 5339 5238
f 5239 5339 5237
f 5238 5340 5332
f 5339 5340 5238
f 5239 5341 5339
f 5240 5341 5239
f 5240 5342 5341
f 5241 5342 5240
f 5241 5343 5342
f 5246 5343 5241
f 5250 5343 5246
f 5242 5344 5248
f 5243 5344 5242
f 5243 5345 5344
f 5244 5345 5243
f 5244 5346 5345
f 5245 5346 5244
f 5247 5347 5252
f 5247 5348 5347
f 5248 5348 5247
f 5344 5348 5248
f 5249 5349 5250
f 5249 5350 5349
f 5251 5350 5249
f 5250 5351 5343
f 5349 5351 5250
f 5251 5352 5350
f 5252 5352 5251
f 5252 5353 5352
f 5347 5353 5252
f 5256 5354 5257
f 5258 5354 5256
f 5257 5355 5309
f 5309 5355 5308
f 5354 5355 5257
f 5258 5356 5354
f 5327 5356 5325
f 5325 5356 5258
f 5262 5357 5276
f 5263 5357 5262
f 5263 5358 5357
f 5267 5358 5263
f 5265 5359 5266
f 5273 5359 5265
f 5266 5360 5267
f 5359 5360 5266
f 5267 5361 5358
f 5360 5361 5267
f 5270 5362 5268
f 5362 5363 5268
f 5268 5363 5271
f 5269 5364 5270
f 5291 5364 5269
f 5270 5365 5362
f 5364 5365 5270
f 5271 5366 5272
f 5363 5366 5271
f 5272 5367 5273
f 5366 5367 5272
f 5273 5368 5359
f 5367 5368 5273
f 5274 5369 5275
f 5276 5369 5274
f 5275 5370 5299
f 5369 5370 5275
f 5276 5371 5369
f 5357 5372 5276
f 5276 5372 5371
f 5279 5373 5278
f 5278 5373 5277
f 5373 5374 5277
f 5277 5374 5294
f 5279 5375 5373
f 5279 5376 5375
f 5280 5376 5279
f 5282 5376 5280
f 5281 5377 5283
f 5284 5377 5281
f 5282 5378 5376
f 5283 5378 5282
f 5283 5379 5378
f 5377 5379 5283
f 5284 5380 5377
f 5287 5380 5284
f 5285 5381 5287
f 5285 5382 5381
f 5286 5382 5285
f 5286 5383 5382
f 5289 5383 5286
f 5290 5383 5289
f 5287 5384 5380
f 5381 5384 5287
f 5288 5385 5290
f 5307 5385 5288
f 5290 5386 5383
f 5385 5386 5290
f 5292 5387 5291
f 5291 5387 5364
f 5292 5388 5387
f 5292 5389 5388
f 5294 5389 5293
f 5293 5389 5292
f 5374 5390 5294
f 5294 5390 5389
f 5295 5391 5300
f 5295 5392 5391
f 5296 5392 5295
f 5296 5393 5392
f 5297 5393 5296
f 5297 5394 5393
f 5298 5394 5297
f 5298 5395 5394
f 5370 5395 5299
f 5299 5395 5298
f 5300 5396 5302
f 5391 5396 5300
f 5396 5397 5302
f 5302 5397 5301
f 5397 5398 5301
f 5398 5399 5301
f 5301 5399 5303
f 5303 5399 5304
f 5307 5400 5385
f 5355 5400 5308
f 5308 5400 5307
f 5319 5401 5313
f 5313 5401 5310
f 5310 5402 5312
f 5401 5402 5310
f 5312 5402 5331
f 5314 5403 5318
f 5315 5403 5314
f 5315 5404 5403
f 5321 5404 5315
f 5316 5405 5319
f 5317 5405 5316
f 5317 5406 5405
f 5317 5407 5406
f 5318 5407 5317
f 5403 5407 5318
f 5319 5408 5401
f 5405 5408 5319
f 5321 5409 5404
f 5322 5409 5321
f 5322 5410 5409
f 5324 5410 5322
f 5323 5411 5324
f 5335 5411 5323
f 5324 5412 5410
f 5411 5412 5324
f 5328 5413 5327
f 5413 5414 5327
f 5327 5414 5356
f 5328 5415 5413
f 5329 5415 5328
f 5329 5416 5415
f 5330 5416 5329
f 5330 5417 5416
f 5331 5417 5330
f 5331 5418 5417
f 5402 5418 5331
f 5332 5419 5334
f 5340 5419 5332
f 5333 5420 5338
f 5333 5421 5420
f 5334 5421 5333
f 5334 5422 5421
f 5419 5422 5334
f 5335 5423 5411
f 5336 5423 5335
f 5336 5424 5423
f 5337 5424 5336
f 5337 5425 5424
f 5337 5426 5425
f 5420 5426 5338
f 5338 5426 5337
f 5339 5427 5340
f 5341 5427 5339
f 5340 5428 5419
f 5427 5428 5340
f 5341 5429 5427
f 5342 5429 5341
f 5342 5430 5429
f 5351 5430 5343
f 5343 5430 5342
f 5344 5431 5348
f 5345 5431 5344
f 5346 5432 5345
f 5345 5432 5431
f 5347 5433 5353
f 5347 5434 5433
f 5431 5434 5348
f 5348 5434 5347
f 5349 5435 5351
f 5349 5436 5435
f 5350 5436 5349
f 5350 5437 5436
f 5352 5437 5350
f 5351 5438 5430
f 5351 5439 5438
f 5435 5439 5351
f 5352 5440 5437
f 5353 5440 5352
f 5353 5441 5440
f 5433 5441 5353
f 5354 5442 5355
f 5355 5442 5400
f 5414 5442 5356
f 5356 5442 5354
f 5357 5443 5372
f 5358 5443 5357
f 5358 5444 5443
f 5361 5444 5358
f 5359 5445 5360
f 5368 5445 5359
f 5360 5446 5361
f 5445 5446 5360
f 5446 5447 5361
f 5361 5447 5444
f 5365 5448 5362
f 5362 5448 5363
f 5363 5449 5366
f 5448 5449 5363
f 5364 5450 5365
f 5387 5450 5364
f 5450 5451 5365
f 5451 5452 5365
f 5365 5452 5448
f 5366 5453 5367
f 5449 5453 5366
f 5367 5454 5368
f 5368 5454 5445
f 5367 5455 5454
f 5453 5455 5367
f 5369 5456 5370
f 5371 5456 5369
f 5456 5457 5370
f 5370 5457 5395
f 5372 5458 5371
f 5443 5458 5372
f 5458 5459 5371
f 5371 5459 5456
f 5373 5460 5374
f 5375 5460 5373
f 5374 5461 5390
f 5460 5461 5374
f 5378 5462 5376
f 5376 5462 5375
f 5375 5463 5460
f 5460 5463 5461
f 5462 5463 5375
f 5377 5464 5379
f 5380 5464 5377
f 5379 5465 5378
f 5378 5465 5462
f 5379 5466 5465
f 5464 5466 5379
f 5380 5467 5464
f 5384 5467 5380
f 5381 5468 5384
f 5381 5469 5468
f 5382 5469 5381
f 5382 5470 5469
f 5383 5470 5382
f 5386 5470 5383
f 5384 5471 5467
f 5468 5471 5384
f 5400 5472 5385
f 5385 5472 5386
f 5414 5472 5442
f 5442 5472 5400
f 5386 5473 5470
f 5413 5473 5414
f 5414 5473 5472
f 5472 5473 5386
f 5387 5474 5450
f 5388 5474 5387
f 5388 5475 5474
f 5388 5476 5475
f 5390 5476 5389
f 5389 5476 5388
f 5390 5477 5476
f 5461 5477 5390
f 5391 5478 5396
f 5391 5479 5478
f 5392 5479 5391
f 5393 5480 5392
f 5392 5480 5479
f 5394 5481 5393
f 5481 5482 5393
f 5393 5482 5480
f 5394 5483 5481
f 5457 5483 5395
f 5395 5483 5394
f 5396 5484 5397
f 5397 5484 5398
f 5478 5485 5396
f 5396 5485 5484
f 5401 5486 5402
f 5402 5486 5418
f 5408 5486 5401
f 5403 5487 5407
f 5404 5487 5403
f 5404 5488 5487
f 5409 5488 5404
f 5405 5489 5408
f 5406 5489 5405
f 5406 5490 5489
f 5406 5491 5490
f 5407 5491 5406
f 5407 5492 5491
f 5488 5492 5487
f 5487 5492 5407
f 5408 5493 5486
f 5408 5494 5493
f 5489 5494 5408
f 5409 5495 5488
f 5410 5495 5409
f 5410 5496 5495
f 5410 5497 5496
f 5412 5497 5410
f 5423 5498 5411
f 5411 5498 5412
f 5412 5498 5497
f 5413 5499 5473
f 5473 5499 5470
f 5415 5499 5413
f 5416 5500 5415
f 5415 5500 5499
f 5416 5501 5500
f 5417 5501 5416
f 5417 5502 5501
f 5418 5502 5417
f 5418 5503 5502
f 5493 5503 5486
f 5486 5503 5418
f 5419 5504 5422
f 5428 5504 5419
f 5420 5505 5426
f 5421 5505 5420
f 5421 5506 5505
f 5422 5506 5421
f 5504 5507 5422
f 5422 5507 5506
f 5423 5508 5498
f 5424 5508 5423
f 5424 5509 5508
f 5425 5509 5424
f 5425 5510 5509
f 5425 5511 5510
f 5505 5511 5426
f 5426 5511 5425
f 5427 5512 5428
f 5429 5512 5427
f 5428 5513 5504
f 5512 5513 5428
f 5429 5514 5512
f 5438 5514 5430
f 5430 5514 5429
f 5431 5515 5434
f 5432 5515 5431
f 5433 5516 5441
f 5433 5517 5516
f 5434 5517 5433
f 5515 5517 5434
f 5435 5518 5439
f 5435 5519 5518
f 5436 5519 5435
f 5436 5520 5519
f 5437 5520 5436
f 5437 5521 5520
f 5440 5521 5437
f 5438 5522 5514
f 5439 5522 5438
f 5439 5523 5522
f 5518 5523 5439
f 5440 5524 5521
f 5441 5524 5440
f 5441 5525 5524
f 5516 5525 5441
f 5443 5526 5458
f 5444 5526 5443
f 5447 5527 5444
f 5444 5527 5526
f 5445 5528 5446
f 5454 5528 5445
f 5446 5529 5447
f 5528 5529 5446
f 5447 5530 5527
f 5529 5530 5447
f 5448 5531 5449
f 5452 5531 5448
f 5531 5532 5449
f 5449 5532 5453
f 5450 5533 5451
f 5474 5533 5450
f 5451 5534 5452
f 5533 5534 5451
f 5452 5535 5531
f 5534 5535 5452
f 5453 5536 5455
f 5532 5536 5453
f 5454 5537 5528
f 5455 5537 5454
f 5455 5538 5537
f 5536 5538 5455
f 5456 5539 5457
f 5459 5539 5456
f 5457 5540 5483
f 5539 5540 5457
f 5458 5541 5459
f 5526 5541 5458
f 5459 5542 5539
f 5541 5542 5459
f 5461 5543 5477
f 5461 5544 5543
f 5463 5544 5461
f 5462 5545 5463
f 5463 5545 5544
f 5465 5545 5462
f 5464 5546 5466
f 5467 5546 5464
f 5465 5547 5545
f 5466 5547 5465
f 5466 5548 5547
f 5546 5548 5466
f 5467 5549 5546
f 5471 5549 5467
f 5468 5550 5471
f 5469 5551 5468
f 5500 5551 5499
f 5499 5551 5470
f 5470 5551 5469
f 5468 5552 5550
f 5551 5552 5468
f 5501 5552 5500
f 5500 5552 5551
f 5471 5553 5549
f 5550 5553 5471
f 5474 5554 5533
f 5475 5554 5474
f 5475 5555 5554
f 5475 5556 5555
f 5477 5556 5476
f 5476 5556 5475
f 5477 5557 5556
f 5543 5557 5477
f 5478 5558 5485
f 5479 5558 5478
f 5479 5559 5558
f 5479 5560 5559
f 5482 5560 5480
f 5480 5560 5479
f 5481 5561 5482
f 5481 5562 5561
f 5483 5562 5481
f 5540 5562 5483
f 5482 5563 5560
f 5561 5563 5482
f 5488 5564 5492
f 5488 5565 5564
f 5495 5565 5488
f 5489 5566 5494
f 5490 5566 5489
f 5490 5567 5566
f 5490 5568 5567
f 5491 5568 5490
f 5491 5569 5568
f 5564 5569 5492
f 5492 5569 5491
f 5494 5570 5493
f 5570 5571 5493
f 5493 5571 5503
f 5566 5572 5494
f 5494 5572 5570
f 5495 5573 5565
f 5496 5573 5495
f 5496 5574 5573
f 5497 5574 5496
f 5497 5575 5574
f 5508 5575 5498
f 5498 5575 5497
f 5501 5576 5552
f 5552 5576 5550
f 5550 5576 5553
f 5502 5576 5501
f 5503 5577 5502
f 5576 5577 5553
f 5502 5577 5576
f 5571 5577 5503
f 5504 5578 5507
f 5513 5578 5504
f 5505 5579 5511
f 5506 5579 5505
f 5506 5580 5579
f 5507 5580 5506
f 5507 5581 5580
f 5578 5581 5507
f 5509 5582 5508
f 5508 5582 5575
f 5509 5583 5582
f 5509 5584 5583
f 5510 5584 5509
f 5510 5585 5584
f 5510 5586 5585
f 5511 5586 5510
f 5579 5586 5511
f 5512 5587 5513
f 5522 5587 5514
f 5514 5587 5512
f 5513 5588 5578
f 5587 5588 5513
f 5518 5589 5523
f 5518 5590 5589
f 5520 5590 5519
f 5519 5590 5518
f 5520 5591 5590
f 5521 5591 5520
f 5521 5592 5591
f 5524 5592 5521
f 5522 5593 5587
f 5587 5593 5588
f 5523 5594 5522
f 5522 5594 5593
f 5523 5595 5594
f 5589 5595 5523
f 5524 5596 5592
f 5525 5596 5524
f 5526 5597 5541
f 5527 5597 5526
f 5530 5598 5527
f 5527 5598 5597
f 5528 5599 5529
f 5537 5599 5528
f 5529 5600 5530
f 5599 5600 5529
f 5600 5601 5530
f 5530 5601 5598
f 5531 5602 5532
f 5535 5602 5531
f 5532 5603 5536
f 5536 5603 5538
f 5602 5603 5532
f 5533 5604 5534
f 5554 5604 5533
f 5534 5605 5535
f 5604 5605 5534
f 5535 5606 5602
f 5605 5606 5535
f 5537 5607 5599
f 5538 5607 5537
f 5538 5608 5607
f 5603 5608 5538
f 5542 5609 5539
f 5539 5609 5540
f 5540 5610 5562
f 5609 5610 5540
f 5541 5611 5542
f 5541 5612 5611
f 5597 5612 5541
f 5611 5613 5542
f 5542 5613 5609
f 5543 5614 5557
f 5543 5615 5614
f 5544 5615 5543
f 5544 5616 5615
f 5547 5616 5545
f 5545 5616 5544
f 5549 5617 5546
f 5546 5617 5548
f 5547 5618 5616
f 5548 5618 5547
f 5548 5619 5618
f 5617 5619 5548
f 5549 5620 5617
f 5553 5620 5549
f 5553 5621 5620
f 5577 5621 5553
f 5571 5621 5577
f 5554 5622 5604
f 5555 5622 5554
f 5557 5623 5556
f 5556 5623 5555
f 5623 5624 5555
f 5624 5625 5555
f 5555 5625 5622
f 5557 5626 5623
f 5623 5626 5624
f 5614 5626 5557
f 5563 5627 5560
f 5560 5627 5559
f 5561 5628 5563
f 5561 5629 5628
f 5610 5629 5562
f 5562 5629 5561
f 5628 5630 5563
f 5563 5630 5627
f 5564 5631 5569
f 5564 5632 5631
f 5565 5632 5564
f 5565 5633 5632
f 5573 5633 5565
f 5566 5634 5572
f 5567 5634 5566
f 5567 5635 5634
f 5568 5635 5567
f 5569 5636 5568
f 5568 5636 5635
f 5631 5636 5569
f 5570 5637 5571
f 5571 5637 5621
f 5572 5637 5570
f 5572 5638 5637
f 5634 5638 5572
f 5574 5639 5573
f 5573 5639 5633
f 5574 5640 5639
f 5582 5640 5575
f 5575 5640 5574
f 5578 5641 5581
f 5588 5641 5578
f 5579 5642 5586
f 5581 5642 5580
f 5580 5642 5579
f 5581 5643 5642
f 5581 5644 5643
f 5641 5644 5581
f 5582 5645 5640
f 5583 5645 5582
f 5583 5646 5645
f 5583 5647 5646
f 5584 5647 5583
f 5585 5647 5584
f 5585 5648 5647
f 5585 5649 5648
f 5585 5650 5649
f 5643 5650 5642
f 5642 5650 5586
f 5586 5650 5585
f 5588 5651 5641
f 5593 5651 5588
f 5589 5652 5595
f 5589 5653 5652
f 5590 5653 5589
f 5590 5654 5653
f 5591 5654 5590
f 5591 5655 5654
f 5592 5655 5591
f 5592 5656 5655
f 5596 5656 5592
f 5593 5657 5651
f 5594 5657 5593
f 5595 5658 5594
f 5594 5658 5657
f 5595 5659 5658
f 5652 5659 5595
f 5597 5660 5612
f 5598 5660 5597
f 5598 5661 5660
f 5601 5662 5598
f 5598 5662 5661
f 5599 5663 5600
f 5607 5663 5599
f 5600 5664 5601
f 5601 5664 5662
f 5663 5664 5600
f 5602 5665 5603
f 5606 5665 5602
f 5603 5666 5608
f 5665 5666 5603
f 5604 5667 5605
f 5622 5667 5604
f 5605 5668 5606
f 5667 5668 5605
f 5606 5669 5665
f 5668 5669 5606
f 5608 5670 5607
f 5607 5671 5663
f 5670 5671 5607
f 5663 5671 5664
f 5608 5672 5670
f 5666 5672 5608
f 5613 5673 5609
f 5609 5673 5610
f 5610 5674 5629
f 5673 5674 5610
f 5612 5675 5611
f 5611 5675 5613
f 5612 5676 5675
f 5661 5676 5660
f 5660 5676 5612
f 5613 5677 5673
f 5613 5678 5677
f 5675 5678 5613
f 5614 5679 5626
f 5614 5680 5679
f 5615 5680 5614
f 5615 5681 5680
f 5618 5681 5616
f 5616 5681 5615
f 5617 5682 5619
f 5617 5683 5682
f 5637 5683 5621
f 5621 5683 5620
f 5620 5683 5617
f 5618 5684 5681
f 5619 5684 5618
f 5619 5685 5684
f 5682 5685 5619
f 5622 5686 5667
f 5625 5686 5622
f 5626 5687 5624
f 5679 5687 5626
f 5687 5688 5624
f 5624 5688 5625
f 5625 5689 5686
f 5688 5689 5625
f 5629 5690 5628
f 5674 5690 5629
f 5690 5691 5628
f 5628 5691 5630
f 5632 5692 5631
f 5692 5693 5631
f 5631 5693 5636
f 5632 5694 5692
f 5633 5694 5632
f 5633 5695 5694
f 5639 5695 5633
f 5634 5696 5638
f 5635 5696 5634
f 5635 5697 5696
f 5635 5698 5697
f 5693 5698 5636
f 5636 5698 5635
f 5637 5699 5683
f 5682 5699 5685
f 5683 5699 5682
f 5638 5699 5637
f 5638 5700 5699
f 5699 5700 5685
f 5696 5700 5638
f 5639 5701 5695
f 5639 5702 5701
f 5645 5702 5640
f 5640 5702 5639
f 5641 5703 5644
f 5651 5703 5641
f 5643 5704 5650
f 5650 5704 5649
f 5643 5705 5704
f 5644 5705 5643
f 5644 5706 5705
f 5703 5706 5644
f 5645 5707 5702
f 5646 5707 5645
f 5646 5708 5707
f 5646 5709 5708
f 5648 5709 5647
f 5647 5709 5646
f 5648 5710 5709
f 5649 5710 5648
f 5649 5711 5710
f 5704 5711 5649
f 5651 5712 5703
f 5657 5712 5651
f 5652 5713 5659
f 5652 5714 5713
f 5653 5714 5652
f 5654 5714 5653
f 5654 5715 5714
f 5655 5715 5654
f 5655 5716 5715
f 5656 5716 5655
f 5657 5717 5712
f 5658 5717 5657
f 5658 5718 5717
f 5659 5718 5658
f 5659 5719 5718
f 5713 5719 5659
f 5661 5720 5676
f 5661 5721 5720
f 5661 5722 5721
f 5662 5722 5661
f 5662 5723 5722
f 5664 5723 5662
f 5664 5724 5723
f 5671 5724 5664
f 5665 5725 5666
f 5669 5725 5665
f 5666 5726 5672
f 5725 5726 5666
f 5667 5727 5668
f 5686 5727 5667
f 5668 5728 5669
f 5727 5728 5668
f 5728 5729 5669
f 5669 5729 5725
f 5670 5730 5671
f 5671 5730 5724
f 5672 5730 5670
f 5672 5731 5730
f 5726 5731 5672
f 5673 5732 5674
f 5677 5732 5673
f 5674 5733 5690
f 5732 5733 5674
f 5675 5734 5678
f 5676 5734 5675
f 5720 5734 5676
f 5677 5735 5732
f 5678 5736 5677
f 5677 5736 5735
f 5678 5737 5736
f 5734 5737 5678
f 5679 5738 5687
f 5679 5739 5738
f 5680 5739 5679
f 5680 5740 5739
f 5684 5740 5681
f 5681 5740 5680
f 5685 5741 5684
f 5684 5741 5740
f 5700 5741 5685
f 5689 5742 5686
f 5686 5742 5727
f 5738 5743 5687
f 5687 5743 5688
f 5688 5744 5689
f 5743 5744 5688
f 5689 5745 5742
f 5744 5745 5689
f 5690 5746 5691
f 5733 5746 5690
f 5692 5747 5693
f 5692 5748 5747
f 5695 5748 5694
f 5694 5748 5692
f 5693 5749 5698
f 5747 5749 5693
f 5701 5750 5695
f 5750 5751 5695
f 5695 5751 5748
f 5696 5752 5700
f 5700 5752 5741
f 5697 5752 5696
f 5697 5753 5752
f 5752 5753 5741
f 5697 5754 5753
f 5749 5754 5698
f 5698 5754 5697
f 5701 5755 5750
f 5707 5755 5702
f 5702 5755 5701
f 5703 5756 5706
f 5712 5756 5703
f 5704 5757 5711
f 5705 5757 5704
f 5705 5758 5757
f 5706 5758 5705
f 5706 5759 5758
f 5756 5759 5706
f 5707 5760 5755
f 5708 5760 5707
f 5709 5761 5708
f 5761 5762 5708
f 5708 5762 5760
f 5710 5763 5709
f 5709 5763 5761
f 5710 5764 5763
f 5711 5764 5710
f 5711 5765 5764
f 5757 5765 5711
f 5712 5766 5756
f 5717 5766 5712
f 5713 5767 5719
f 5713 5768 5767
f 5713 5769 5768
f 5715 5769 5714
f 5714 5769 5713
f 5715 5770 5769
f 5716 5770 5715
f 5717 5771 5766
f 5718 5771 5717
f 5718 5772 5771
f 5719 5772 5718
f 5719 5773 5772
f 5767 5773 5719
f 5720 5774 5734
f 5721 5774 5720
f 5734 5774 5737
f 5721 5775 5774
f 5721 5776 5775
f 5722 5776 5721
f 5722 5777 5776
f 5723 5777 5722
f 5723 5778 5777
f 5724 5778 5723
f 5724 5779 5778
f 5731 5779 5730
f 5730 5779 5724
f 5725 5780 5726
f 5729 5780 5725
f 5726 5781 5731
f 5780 5781 5726
f 5727 5782 5728
f 5728 5782 5729
f 5742 5782 5727
f 5729 5783 5780
f 5782 5783 5729
f 5731 5784 5779
f 5731 5785 5784
f 5781 5785 5731
f 5732 5786 5733
f 5735 5786 5732
f 5733 5787 5746
f 5786 5787 5733
f 5735 5788 5786
f 5735 5789 5788
f 5736 5789 5735
f 5737 5789 5736
f 5737 5790 5789
f 5774 5790 5737
f 5738 5791 5743
f 5738 5792 5791
f 5739 5792 5738
f 5740 5793 5739
f 5739 5793 5792
f 5753 5793 5741
f 5741 5793 5740
f 5742 5794 5782
f 5745 5794 5742
f 5743 5795 5744
f 5791 5795 5743
f 5744 5796 5745
f 5795 5796 5744
f 5745 5797 5794
f 5796 5797 5745
f 5751 5798 5748
f 5748 5798 5747
f 5798 5799 5747
f 5747 5799 5749
f 5749 5800 5754
f 5799 5800 5749
f 5750 5801 5751
f 5750 5802 5801
f 5760 5802 5755
f 5755 5802 5750
f 5751 5803 5798
f 5801 5803 5751
f 5754 5804 5753
f 5753 5804 5793
f 5800 5804 5754
f 5793 5804 5792
f 5756 5805 5759
f 5771 5805 5766
f 5766 5805 5756
f 5757 5806 5765
f 5758 5806 5757
f 5758 5807 5806
f 5759 5807 5758
f 5759 5808 5807
f 5805 5808 5759
f 5760 5809 5802
f 5762 5809 5760
f 5761 5810 5762
f 5763 5810 5761
f 5762 5811 5809
f 5810 5811 5762
f 5763 5812 5810
f 5764 5812 5763
f 5765 5813 5764
f 5764 5813 5812
f 5765 5814 5813
f 5806 5814 5765
f 5767 5815 5773
f 5768 5815 5767
f 5770 5816 5769
f 5769 5816 5768
f 5816 5817 5768
f 5768 5817 5815
f 5771 5818 5805
f 5772 5818 5771
f 5772 5819 5818
f 5773 5819 5772
f 5773 5820 5819
f 5773 5821 5820
f 5815 5821 5773
f 5774 5822 5790
f 5775 5822 5774
f 5775 5823 5822
f 5775 5824 5823
f 5776 5824 5775
f 5776 5825 5824
f 5777 5825 5776
f 5777 5826 5825
f 5778 5826 5777
f 5779 5827 5778
f 5778 5827 5826
f 5784 5827 5779
f 5780 5828 5781
f 5783 5828 5780
f 5828 5829 5781
f 5781 5829 5785
f 5782 5830 5783
f 5794 5830 5782
f 5783 5831 5828
f 5830 5831 5783
f 5784 5832 5827
f 5785 5833 5784
f 5784 5833 5832
f 5829 5833 5785
f 5786 5834 5787
f 5788 5835 5786
f 5786 5835 5834
f 5789 5836 5788
f 5788 5837 5835
f 5836 5837 5788
f 5789 5838 5836
f 5790 5838 5789
f 5790 5839 5838
f 5822 5839 5790
f 5791 5840 5795
f 5791 5841 5840
f 5800 5841 5804
f 5804 5841 5792
f 5792 5841 5791
f 5794 5842 5830
f 5797 5842 5794
f 5795 5843 5796
f 5840 5843 5795
f 5796 5844 5797
f 5797 5844 5842
f 5843 5844 5796
f 5798 5845 5799
f 5803 5845 5798
f 5845 5846 5799
f 5799 5846 5800
f 5800 5846 5841
f 5841 5846 5840
f 5802 5847 5801
f 5809 5847 5802
f 5847 5848 5801
f 5801 5848 5803
f 5803 5849 5845
f 5848 5849 5803
f 5805 5850 5808
f 5818 5850 5805
f 5806 5851 5814
f 5807 5851 5806
f 5807 5852 5851
f 5808 5852 5807
f 5808 5853 5852
f 5850 5853 5808
f 5809 5854 5847
f 5811 5854 5809
f 5810 5855 5811
f 5810 5856 5855
f 5812 5856 5810
f 5811 5857 5854
f 5855 5857 5811
f 5812 5858 5856
f 5813 5858 5812
f 5814 5859 5813
f 5813 5859 5858
f 5814 5860 5859
f 5851 5860 5814
f 5815 5861 5821
f 5817 5861 5815
f 5818 5862 5850
f 5850 5862 5853
f 5819 5862 5818
f 5819 5863 5862
f 5820 5863 5819
f 5820 5864 5863
f 5820 5865 5864
f 5821 5865 5820
f 5821 5866 5865
f 5861 5866 5821
f 5823 5867 5822
f 5822 5867 5839
f 5823 5868 5867
f 5824 5868 5823
f 5825 5869 5824
f 5824 5869 5868
f 5825 5870 5869
f 5826 5870 5825
f 5826 5871 5870
f 5832 5871 5827
f 5827 5871 5826
f 5828 5872 5829
f 5831 5872 5828
f 5829 5873 5833
f 5872 5873 5829
f 5830 5874 5831
f 5842 5874 5830
f 5831 5875 5872
f 5874 5875 5831
f 5833 5876 5832
f 5876 5877 5832
f 5832 5877 5871
f 5833 5878 5876
f 5873 5878 5833
f 5836 5879 5837
f 5836 5880 5879
f 5839 5880 5838
f 5838 5880 5836
f 5839 5881 5880
f 5839 5882 5881
f 5867 5882 5839
f 5840 5883 5843
f 5849 5883 5845
f 5845 5883 5846
f 5846 5883 5840
f 5842 5884 5874
f 5844 5884 5842
f 5843 5885 5844
f 5849 5885 5883
f 5883 5885 5843
f 5844 5886 5884
f 5885 5886 5844
f 5847 5887 5848
f 5854 5887 5847
f 5848 5888 5849
f 5849 5888 5885
f 5885 5888 5886
f 5887 5888 5848
f 5851 5889 5860
f 5852 5889 5851
f 5852 5890 5889
f 5853 5890 5852
f 5853 5891 5890
f 5862 5891 5853
f 5854 5892 5887
f 5857 5892 5854
f 5856 5893 5855
f 5858 5893 5856
f 5893 5894 5855
f 5855 5894 5857
f 5894 5895 5857
f 5857 5895 5892
f 5858 5896 5893
f 5859 5896 5858
f 5859 5897 5896
f 5860 5897 5859
f 5860 5898 5897
f 5889 5898 5860
f 5862 5899 5891
f 5863 5899 5862
f 5864 5900 5863
f 5863 5900 5899
f 5864 5901 5900
f 5865 5901 5864
f 5865 5902 5901
f 5866 5902 5865
f 5868 5903 5867
f 5867 5904 5882
f 5903 5904 5867
f 5868 5905 5903
f 5869 5905 5868
f 5869 5906 5905
f 5870 5906 5869
f 5870 5907 5906
f 5877 5907 5871
f 5871 5907 5870
f 5875 5908 5872
f 5872 5908 5873
f 5873 5909 5878
f 5908 5909 5873
f 5874 5910 5875
f 5884 5910 5874
f 5875 5911 5908
f 5910 5911 5875
f 5878 5912 5876
f 5909 5912 5878
f 5912 5913 5876
f 5876 5913 5877
f 5877 5914 5907
f 5913 5914 5877
f 5881 5915 5880
f 5880 5915 5879
f 5881 5916 5915
f 5881 5917 5916
f 5904 5917 5882
f 5882 5917 5881
f 5884 5918 5910
f 5886 5918 5884
f 5886 5919 5918
f 5918 5919 5892
f 5887 5919 5888
f 5888 5919 5886
f 5892 5919 5887
f 5889 5920 5898
f 5890 5920 5889
f 5891 5921 5890
f 5890 5921 5920
f 5891 5922 5921
f 5900 5922 5899
f 5899 5922 5891
f 5892 5923 5918
f 5895 5923 5892
f 5918 5923 5910
f 5910 5923 5911
f 5896 5924 5893
f 5924 5925 5893
f 5893 5925 5894
f 5894 5926 5895
f 5925 5926 5894
f 5895 5926 5923
f 5896 5927 5924
f 5897 5927 5896
f 5897 5928 5927
f 5898 5928 5897
f 5898 5929 5928
f 5898 5930 5929
f 5920 5930 5898
f 5900 5931 5922
f 5901 5931 5900
f 5901 5932 5931
f 5901 5933 5932
f 5902 5933 5901
f 5903 5934 5904
f 5903 5935 5934
f 5905 5935 5903
f 5904 5936 5917
f 5934 5936 5904
f 5905 5937 5935
f 5906 5937 5905
f 5906 5938 5937
f 5914 5938 5907
f 5907 5938 5906
f 5908 5939 5909
f 5911 5939 5908
f 5909 5940 5912
f 5909 5941 5940
f 5939 5941 5909
f 5911 5942 5939
f 5939 5942 5941
f 5926 5942 5923
f 5923 5942 5911
f 5912 5943 5913
f 5940 5943 5912
f 5943 5944 5913
f 5913 5944 5914
f 5944 5945 5914
f 5914 5945 5938
f 5936 5946 5917
f 5917 5946 5916
f 5920 5947 5930
f 5921 5947 5920
f 5921 5948 5947
f 5931 5948 5922
f 5922 5948 5921
f 5927 5949 5924
f 5924 5949 5925
f 5925 5950 5926
f 5926 5950 5942
f 5942 5950 5941
f 5949 5950 5925
f 5928 5951 5927
f 5927 5951 5949
f 5928 5952 5951
f 5929 5952 5928
f 5929 5953 5952
f 5930 5953 5929
f 5930 5954 5953
f 5947 5954 5930
f 5931 5955 5948
f 5932 5955 5931
f 5932 5956 5955
f 5932 5957 5956
f 5933 5957 5932
f 5934 5958 5936
f 5934 5959 5958
f 5935 5959 5934
f 5935 5960 5959
f 5937 5960 5935
f 5936 5961 5946
f 5958 5961 5936
f 5937 5962 5960
f 5945 5962 5938
f 5938 5962 5937
f 5940 5963 5943
f 5940 5964 5963
f 5941 5964 5940
f 5949 5964 5950
f 5950 5964 5941
f 5963 5965 5943
f 5943 5965 5944
f 5944 5966 5945
f 5965 5966 5944
f 5945 5967 5962
f 5966 5967 5945
f 5947 5968 5954
f 5955 5968 5948
f 5948 5968 5947
f 5964 5969 5963
f 5949 5969 5964
f 5952 5969 5951
f 5951 5969 5949
f 5952 5970 5969
f 5963 5970 5965
f 5969 5970 5963
f 5952 5971 5970
f 5953 5971 5952
f 5953 5972 5971
f 5954 5972 5953
f 5954 5973 5972
f 5968 5973 5954
f 5955 5974 5968
f 5956 5974 5955
f 5957 5975 5956
f 5975 5976 5956
f 5956 5976 5974
f 5958 5977 5961
f 5958 5978 5977
f 5959 5978 5958
f 5960 5979 5959
f 5959 5979 5978
f 5960 5980 5979
f 5967 5980 5962
f 5962 5980 5960
f 5965 5981 5966
f 5971 5981 5970
f 5970 5981 5965
f 5966 5982 5967
f 5981 5982 5966
f 5967 5983 5980
f 5982 5983 5967
f 5968 5984 5973
f 5976 5984 5974
f 5974 5984 5968
f 5971 5985 5981
f 5981 5985 5982
f 5972 5985 5971
f 5972 5986 5985
f 5973 5986 5972
f 5973 5987 5986
f 5984 5987 5973
f 5976 5987 5984
f 5975 5988 5976
f 5976 5989 5987
f 5988 5989 5976
f 5978 5990 5977
f 5978 5991 5990
f 5979 5991 5978
f 5979 5992 5991
f 5983 5992 5980
f 5980 5992 5979
f 5982 5993 5983
f 5985 5993 5982
f 5986 5993 5985
f 5983 5994 5992
f 5993 5994 5983
f 5986 5995 5993
f 5993 5995 5994
f 5989 5995 5987
f 5987 5995 5986
f 5988 5996 5989
f 5989 5997 5995
f 5995 5997 5994
f 5996 5997 5989
f 5991 5998 5990
f 5991 5999 5998
f 5994 5999 5992
f 5997 5999 5994
f 5992 5999 5991
f 5996 6000 5997
f 5997 6000 5999
f 5999 6000 5998